time_ms,scenario,drone_x,drone_y,drone_yaw_rad,rotation_error_deg,altitude_m,pixel_err_x,pixel_err_y,ground_err_m,forward_err_m,lateral_err_m,gimbal_norm,locked,state,last_cmd_pitch,last_cmd_roll,last_cmd_yaw_vel,last_cmd_thrust
64,DYNAMIC,0.0,0.0,0.0,0.0,0.0,0.0,0.0,0.0,0.0,0.0,0.0,0,IDLE,0.0,0.0,0.0,0.0
100,DYNAMIC,0.0,0.0,0.0,0.0,0.0,0.0,0.0,0.0,0.0,0.0,0.0,0,IDLE,0.0,0.0,0.0,0.0
150,DYNAMIC,0.0,0.0,0.0,0.0,0.0,0.0,0.0,0.0,0.0,0.0,0.0,0,IDLE,0.0,0.0,0.0,0.0
200,DYNAMIC,0.0,0.0,0.0,0.0,0.0,0.0,0.0,0.0,0.0,0.0,0.0,0,IDLE,0.0,0.0,0.0,0.0
250,DYNAMIC,0.0,0.0,0.0,0.0,0.0,0.0,0.0,0.0,0.0,0.0,0.0,0,IDLE,0.0,0.0,0.0,0.0
300,DYNAMIC,0.0,0.0,0.0,0.0,0.0,0.0,0.0,0.0,0.0,0.0,0.0,0,IDLE,0.0,0.0,0.0,0.0
350,DYNAMIC,0.0,0.0,0.0,0.0,0.0,0.0,0.0,0.0,0.0,0.0,0.0,0,IDLE,0.0,0.0,0.0,0.0
400,DYNAMIC,0.0,0.0,0.0,0.0,0.0,0.0,0.0,0.0,0.0,0.0,0.0,0,IDLE,0.0,0.0,0.0,0.0
461,DYNAMIC,0.0,0.0,0.0,0.0,0.0,0.0,0.0,0.0,0.0,0.0,0.0,0,IDLE,0.0,0.0,0.0,0.0
500,DYNAMIC,0.0,0.0,0.0,0.0,0.0,0.0,0.0,0.0,0.0,0.0,0.0,0,IDLE,0.0,0.0,0.0,0.0
550,DYNAMIC,0.0,0.0,0.0,0.0,0.0,0.0,0.0,0.0,0.0,0.0,0.0,0,IDLE,0.0,0.0,0.0,0.0
600,DYNAMIC,0.0,0.0,0.0,0.0,0.0,0.0,0.0,0.0,0.0,0.0,0.0,0,IDLE,0.0,0.0,0.0,0.0
650,DYNAMIC,0.0,0.0,0.0,0.0,0.0,0.0,0.0,0.0,0.0,0.0,0.0,0,IDLE,0.0,0.0,0.0,0.0
700,DYNAMIC,0.0,0.0,0.0,0.0,0.0,0.0,0.0,0.0,0.0,0.0,0.0,0,IDLE,0.0,0.0,0.0,0.0
750,DYNAMIC,0.0,0.0,0.0,0.0,0.0,0.0,0.0,0.0,0.0,0.0,0.0,0,IDLE,0.0,0.0,0.0,0.0
800,DYNAMIC,0.0,0.0,0.0,0.0,0.0,0.0,0.0,0.0,0.0,0.0,0.0,0,IDLE,0.0,0.0,0.0,0.0
850,DYNAMIC,0.003994941711425781,-0.0001304149627685547,3.2599284648895264,0.0,0.0,0.0,0.0,0.0,-0.0,0.0,0.0,0,IDLE,0.0,0.0,0.0,0.0
901,DYNAMIC,0.003912448883056641,-0.00014737248420715332,3.259951591491699,0.0,0.0,0.0,0.0,0.0,-0.0,0.0,0.0,0,IDLE,0.0,0.0,0.0,0.0
950,DYNAMIC,0.003833770751953125,-9.682774543762207e-05,3.2599575519561768,0.0,0.0,0.0,0.0,0.0,-0.0,0.0,0.0,0,IDLE,0.0,0.0,0.0,0.0
1000,DYNAMIC,0.0037441253662109375,-2.2113323211669922e-05,3.2599785327911377,0.0,0.0,0.0,0.0,0.0,-0.0,0.0,0.0,0,IDLE,0.0,0.0,0.0,0.0
1054,DYNAMIC,0.0036993026733398438,3.3229589462280273e-05,3.2599940299987793,0.0,0.0,0.0,0.0,0.0,-0.0,0.0,0.0,0,IDLE,0.0,0.0,0.0,0.0
1101,DYNAMIC,0.003631591796875,7.036328315734863e-05,3.2600080966949463,0.0,0.0,0.0,0.0,0.0,-0.0,0.0,0.0,0,IDLE,0.0,0.0,0.0,0.0
1150,DYNAMIC,0.0035920143127441406,6.553530693054199e-05,3.2600131034851074,0.0,0.0,0.0,0.0,0.0,-0.0,0.0,0.0,0,IDLE,0.0,0.0,0.0,0.0
1200,DYNAMIC,0.003543376922607422,7.510185241699219e-05,3.260000467300415,0.0,0.0,0.0,0.0,0.0,-0.0,0.0,0.0,0,IDLE,0.0,0.0,0.0,0.0
1250,DYNAMIC,0.0035190582275390625,9.065866470336914e-05,3.2600204944610596,0.0,0.0,0.0,0.0,0.0,-0.0,0.0,0.0,0,IDLE,0.0,0.0,0.0,0.0
1300,DYNAMIC,0.003505706787109375,0.00021409988403320312,3.260038375854492,0.0,0.0,0.0,0.0,0.0,-0.0,0.0,0.0,0,IDLE,0.0,0.0,0.0,0.0
1350,DYNAMIC,0.0035119056701660156,0.00036662817001342773,3.260042428970337,0.0,0.0,0.0,0.0,0.0,-0.0,0.0,0.0,0,IDLE,0.0,0.0,0.0,0.0
1400,DYNAMIC,0.0035142898559570312,0.0005811154842376709,3.2600862979888916,0.0,0.0,0.0,0.0,0.0,-0.0,0.0,0.0,0,IDLE,0.0,0.0,0.0,0.0
1450,DYNAMIC,0.003516674041748047,0.0007231533527374268,3.2601051330566406,0.0,0.0,0.0,0.0,0.0,-0.0,0.0,0.0,0,IDLE,0.0,0.0,0.0,0.0
1500,DYNAMIC,0.0033721923828125,0.0009154677391052246,3.2601540088653564,0.0,0.0,0.0,0.0,0.0,-0.0,0.0,0.0,0,IDLE,0.0,0.0,0.0,0.0
1550,DYNAMIC,0.0032052993774414062,0.0010277330875396729,3.260167121887207,0.0,0.0,0.0,0.0,0.0,-0.0,0.0,0.0,0,IDLE,0.0,0.0,0.0,0.0
1600,DYNAMIC,0.0029807090759277344,0.0011872649192810059,3.2601821422576904,0.0,0.0,0.0,0.0,0.0,-0.0,0.0,0.0,0,IDLE,0.0,0.0,0.0,0.0
1652,DYNAMIC,0.002846240997314453,0.0012966692447662354,3.260190486907959,0.0,0.0,0.0,0.0,0.0,-0.0,0.0,0.0,0,IDLE,0.0,0.0,0.0,0.0
1701,DYNAMIC,0.0024976730346679688,0.0013401806354522705,3.2602121829986572,0.0,0.0,0.0,0.0,0.0,-0.0,0.0,0.0,0,IDLE,0.0,0.0,0.0,0.0
1750,DYNAMIC,0.0021800994873046875,0.001302480697631836,3.260232925415039,0.0,0.0,0.0,0.0,0.0,-0.0,0.0,0.0,0,IDLE,0.0,0.0,0.0,0.0
1800,DYNAMIC,0.00176239013671875,0.0012764930725097656,3.260249614715576,0.0,0.0,0.0,0.0,0.0,-0.0,0.0,0.0,0,IDLE,0.0,0.0,0.0,0.0
1850,DYNAMIC,0.0015010833740234375,0.0012698173522949219,3.2602791786193848,0.0,0.0,0.0,0.0,0.0,-0.0,0.0,0.0,0,IDLE,0.0,0.0,0.0,0.0
1900,DYNAMIC,0.0009622573852539062,0.0011057555675506592,3.2602968215942383,0.0,0.0,0.0,0.0,0.0,-0.0,0.0,0.0,0,IDLE,0.0,0.0,0.0,0.0
1951,DYNAMIC,0.0005712509155273438,0.0009667575359344482,3.260307550430298,0.0,0.0,0.0,0.0,0.0,-0.0,0.0,0.0,0,IDLE,0.0,0.0,0.0,0.0
2000,DYNAMIC,1.52587890625e-05,0.0007856786251068115,3.260317802429199,0.0,0.0,0.0,0.0,0.0,-0.0,0.0,0.0,0,IDLE,0.0,0.0,0.0,0.0
2050,DYNAMIC,-0.0003275871276855469,0.0006768107414245605,3.260331153869629,0.0,0.0,0.0,0.0,0.0,-0.0,0.0,0.0,0,ARMING,0.0,0.0,0.0,0.0
2100,DYNAMIC,-0.000484466552734375,0.00048741698265075684,3.260343551635742,0.0,0.030797117333333332,0.0,0.0,0.0,-0.0,0.0,0.0,0,TAKEOFF,0.0,0.0,0.0,-0.5907608648
2151,DYNAMIC,-0.0004849433898925781,0.0003599822521209717,3.260371685028076,0.0,0.06410710266666667,0.0,0.0,0.0,-0.0,0.0,0.0,0,TAKEOFF,0.0,0.0,0.0,-0.5807678692
2201,DYNAMIC,-0.0004839897155761719,0.00019675493240356445,3.2604117393493652,0.0,0.09787219933333334,0.0,0.0,0.0,-0.0,0.0,0.0,0,TAKEOFF,0.0,0.0,0.0,-0.5706383401999999
2250,DYNAMIC,-0.0004901885986328125,0.00010061264038085938,3.2604265213012695,0.0,0.13067136933333331,0.0,0.0,0.0,-0.0,0.0,0.0,0,TAKEOFF,0.0,0.0,0.0,-0.5607985892
2301,DYNAMIC,-0.0008802413940429688,2.5600194931030273e-05,3.2604479789733887,0.0,0.16435241666666667,0.0,0.0,0.0,-0.0,0.0,0.0,0,TAKEOFF,0.0,0.0,0.0,-0.550694275
2350,DYNAMIC,-0.0013699531555175781,2.1249055862426758e-05,3.2604446411132812,0.0,0.19734790733333332,0.0,0.0,0.0,-0.0,0.0,0.0,0,TAKEOFF,0.0,0.0,0.0,-0.5407956278
2400,DYNAMIC,-0.0020456314086914062,2.491474151611328e-05,3.2604286670684814,0.0,0.23084310266666666,0.0,0.0,0.0,-0.0,0.0,0.0,0,TAKEOFF,0.0,0.0,0.0,-0.5307470692
2450,DYNAMIC,-0.0024652481079101562,2.6434659957885742e-05,3.2604169845581055,0.0,0.264018224,0.0,0.0,0.0,-0.0,0.0,0.0,0,TAKEOFF,0.0,0.0,0.0,-0.5207945328
2500,DYNAMIC,-0.0026459693908691406,7.155537605285645e-05,3.2603859901428223,0.0,0.2976300613333333,0.0,0.0,0.0,-0.0,0.0,0.0,0,TAKEOFF,0.0,0.0,0.0,-0.5107109816
2550,DYNAMIC,-0.0025038719177246094,0.00013503432273864746,3.260368824005127,0.0,0.33071109466666665,0.0,0.0,0.0,-0.0,0.0,0.0,0,TAKEOFF,0.0,0.0,0.0,-0.5007866716
2602,DYNAMIC,-0.002318859100341797,0.0002492368221282959,3.2603445053100586,0.0,0.36501661133333335,0.0,0.0,0.0,-0.0,0.0,0.0,0,TAKEOFF,0.0,0.0,0.0,-0.4904950166
2650,DYNAMIC,-0.0022153854370117188,0.00033289194107055664,3.2603490352630615,0.0,0.397343508,0.0,0.0,0.0,-0.0,0.0,0.0,0,TAKEOFF,0.0,0.0,0.0,-0.48079694759999997
2700,DYNAMIC,-0.0020351409912109375,0.0003667771816253662,3.260347604751587,0.0,0.43086011,0.0,0.0,0.0,-0.0,0.0,0.0,0,TAKEOFF,0.0,0.0,0.0,-0.470741967
2750,DYNAMIC,-0.0018949508666992188,0.0003285408020019531,3.2603487968444824,0.0,0.46403335399999995,0.0,0.0,0.0,-0.0,0.0,0.0,0,TAKEOFF,0.0,0.0,0.0,-0.4607899938
2803,DYNAMIC,-0.0017085075378417969,0.0002848505973815918,3.2603342533111572,0.0,0.498450142,0.0,0.0,0.0,-0.0,0.0,0.0,0,TAKEOFF,0.0,0.0,0.0,-0.4504649574
2850,DYNAMIC,-0.0015935897827148438,0.0002620220184326172,3.2603209018707275,0.0,0.53071152,0.0,0.0,0.0,-0.0,0.0,0.0,0,TAKEOFF,0.0,0.0,0.0,-0.44078654399999995
2900,DYNAMIC,-0.0015492439270019531,0.0002898871898651123,3.2603092193603516,0.0,0.5641409613333334,0.0,0.0,0.0,-0.0,0.0,0.0,0,TAKEOFF,0.0,0.0,0.0,-0.4307577115999999
2950,DYNAMIC,-0.00160980224609375,0.00034105777740478516,3.2602901458740234,0.0,0.5973292546666666,0.0,0.0,0.0,-0.0,0.0,0.0,0,TAKEOFF,0.0,0.0,0.0,-0.4208012236
3000,DYNAMIC,-0.0017123222351074219,0.0004248619079589844,3.260287046432495,0.0,0.6308420666666666,0.0,0.0,0.0,-0.0,0.0,0.0,0,TAKEOFF,0.0,0.0,0.0,-0.41074737999999994
3050,DYNAMIC,-0.0017838478088378906,0.0004856586456298828,3.2603020668029785,0.0,0.664081088,0.0,0.0,0.0,-0.0,0.0,0.0,0,TAKEOFF,0.0,0.0,0.0,-0.40077567359999994
3100,DYNAMIC,-0.001953125,0.000542759895324707,3.2603297233581543,0.0,0.6975298626666667,0.0,0.0,0.0,-0.0,0.0,0.0,0,TAKEOFF,0.0,0.0,0.0,-0.3907410411999999
3150,DYNAMIC,-0.0021119117736816406,0.0005691349506378174,3.260345697402954,0.0,0.7306641926666666,0.0,0.0,0.0,-0.0,0.0,0.0,0,TAKEOFF,0.0,0.0,0.0,-0.3808007422
3200,DYNAMIC,-0.0023326873779296875,0.0006135702133178711,3.260347604751587,0.0,0.7641245473333332,0.0,0.0,0.0,-0.0,0.0,0.0,0,TAKEOFF,0.0,0.0,0.0,-0.3707626358000001
3250,DYNAMIC,-0.0024695396423339844,0.0006421208381652832,3.260340452194214,0.0,0.7973990253333333,0.0,0.0,0.0,-0.0,0.0,0.0,0,TAKEOFF,0.0,0.0,0.0,-0.36078029240000004
3300,DYNAMIC,-0.0027666091918945312,0.0007068216800689697,3.2603724002838135,0.0,0.830825158,0.0,0.0,0.0,-0.0,0.0,0.0,0,TAKEOFF,0.0,0.0,0.0,-0.35075245259999993
3350,DYNAMIC,-0.002986907958984375,0.0007557570934295654,3.2603888511657715,0.0,0.864056834,0.0,0.0,0.0,-0.0,0.0,0.0,0,TAKEOFF,0.0,0.0,0.0,-0.3407829498
3400,DYNAMIC,-0.0033049583435058594,0.0008253753185272217,3.2604105472564697,0.0,0.8974536460000001,0.0,0.0,0.0,-0.0,0.0,0.0,0,TAKEOFF,0.0,0.0,0.0,-0.3307639061999999
3450,DYNAMIC,-0.0035119056701660156,0.0008684992790222168,3.260408401489258,0.0,0.9307723586666666,0.0,0.0,0.0,-0.0,0.0,0.0,0,TAKEOFF,0.0,0.0,0.0,-0.3207682924
3500,DYNAMIC,-0.004004478454589844,0.0010234415531158447,3.260380744934082,0.0,0.9641726886666667,0.0,0.0,0.0,-0.0,0.0,0.0,0,TAKEOFF,0.0,0.0,0.0,-0.31074819339999993
3550,DYNAMIC,-0.004436492919921875,0.0011847615242004395,3.2603845596313477,0.0,0.9973504379999999,0.0,0.0,0.0,-0.0,0.0,0.0,0,TAKEOFF,0.0,0.0,0.0,-0.30079486860000004
3600,DYNAMIC,-0.005053043365478516,0.0014026761054992676,3.2603566646575928,0.0,1.0307830513333334,0.0,0.0,0.0,-0.0,0.0,0.0,0,TAKEOFF,0.0,0.0,0.0,-0.2907650846
3650,DYNAMIC,-0.005450248718261719,0.001542121171951294,3.260333776473999,0.0,1.0640161953333334,0.0,0.0,0.0,-0.0,0.0,0.0,0,TAKEOFF,0.0,0.0,0.0,-0.2807951414
3700,DYNAMIC,-0.005841255187988281,0.0016343891620635986,3.2603108882904053,0.0,1.097503414,0.0,0.0,0.0,-0.0,0.0,0.0,0,TAKEOFF,0.0,0.0,0.0,-0.2707489758
3750,DYNAMIC,-0.005870819091796875,0.0015574395656585693,3.26027774810791,0.0,1.1306752493333334,0.0,0.0,0.0,-0.0,0.0,0.0,0,TAKEOFF,0.0,0.0,0.0,-0.2607974252
3800,DYNAMIC,-0.005969524383544922,0.0014812946319580078,3.2602579593658447,0.0,1.1642588999999999,0.0,0.0,0.0,-0.0,0.0,0.0,0,TAKEOFF,0.0,0.0,0.0,-0.25072233000000005
3850,DYNAMIC,-0.006064414978027344,0.0014492571353912354,3.260258913040161,0.0,1.1973963773333334,0.0,0.0,0.0,-0.0,0.0,0.0,0,TAKEOFF,0.0,0.0,0.0,-0.2407810868
3900,DYNAMIC,-0.005854129791259766,0.0015681684017181396,3.2602808475494385,0.0,1.23082925,0.0,0.0,0.0,-0.0,0.0,0.0,0,TAKEOFF,0.0,0.0,0.0,-0.230751225
3950,DYNAMIC,-0.005629062652587891,0.0016969144344329834,3.260301351547241,0.0,1.2640610486666668,0.0,0.0,0.0,-0.0,0.0,0.0,0,TAKEOFF,0.0,0.0,0.0,-0.22078168539999996
4000,DYNAMIC,-0.0053730010986328125,0.0018899738788604736,3.2603108882904053,0.0,1.2975175633333333,0.0,0.0,0.0,-0.0,0.0,0.0,0,TAKEOFF,0.0,0.0,0.0,-0.210744731
4052,DYNAMIC,-0.005214214324951172,0.002062588930130005,3.2603278160095215,0.0,1.3317563873333333,0.0,0.0,0.0,-0.0,0.0,0.0,0,TAKEOFF,0.0,0.0,0.0,-0.20047308379999998
4100,DYNAMIC,-0.004757404327392578,0.00215989351272583,3.260352373123169,0.0,1.3642794813333332,0.0,0.0,0.0,-0.0,0.0,0.0,0,TAKEOFF,0.0,0.0,0.0,-0.19071615560000002
4150,DYNAMIC,-0.004484653472900391,0.0021901726722717285,3.2604074478149414,0.0,1.3973968353333335,0.0,0.0,0.0,-0.0,0.0,0.0,0,TAKEOFF,0.0,0.0,0.0,-0.18078094939999995
4200,DYNAMIC,-0.004022121429443359,0.002283841371536255,3.2604451179504395,0.0,1.43090693,0.0,0.0,0.0,-0.0,0.0,0.0,0,TAKEOFF,0.0,0.0,0.0,-0.17072792100000003
4250,DYNAMIC,-0.003753185272216797,0.0023596584796905518,3.2604830265045166,0.0,1.4640857653333335,0.0,0.0,0.0,-0.0,0.0,0.0,0,TAKEOFF,0.0,0.0,0.0,-0.16077427039999995
4300,DYNAMIC,-0.0034856796264648438,0.0024067461490631104,3.2605271339416504,0.0,1.49747286,0.0,0.0,0.0,-0.0,0.0,0.0,0,TAKEOFF,0.0,0.0,0.0,-0.15075814199999998
4350,DYNAMIC,-0.003380298614501953,0.0024133026599884033,3.2605340480804443,0.0,1.5306846213333334,0.0,0.0,0.0,-0.0,0.0,0.0,0,TAKEOFF,0.0,0.0,0.0,-0.14079461359999998
4400,DYNAMIC,-0.0032563209533691406,0.0024443864822387695,3.260547399520874,0.0,1.5643224206666666,0.0,0.0,0.0,-0.0,0.0,0.0,0,TAKEOFF,0.0,0.0,0.0,-0.13070327380000002
4450,DYNAMIC,-0.0031952857971191406,0.002477109432220459,3.2605574131011963,0.0,1.5973820459999999,0.0,0.0,0.0,-0.0,0.0,0.0,0,TAKEOFF,0.0,0.0,0.0,-0.12078538620000003
4501,DYNAMIC,-0.0030603408813476562,0.0025024712085723877,3.2605433464050293,0.0,1.6311067953333334,0.0,0.0,0.0,-0.0,0.0,0.0,0,TAKEOFF,0.0,0.0,0.0,-0.11066796139999999
4550,DYNAMIC,-0.0028591156005859375,0.0024761855602264404,3.260528564453125,0.0,1.6640336299999998,0.0,0.0,0.0,-0.0,0.0,0.0,0,TAKEOFF,0.0,0.0,0.0,-0.10078991100000005
4600,DYNAMIC,-0.0027022361755371094,0.002468615770339966,3.2604846954345703,0.0,1.6975136626666665,0.0,0.0,0.0,-0.0,0.0,0.0,0,TAKEOFF,0.0,0.0,0.0,-0.09074590120000005
4655,DYNAMIC,-0.002593517303466797,0.0024920403957366943,3.260465383529663,0.0,1.7328025493333332,0.0,0.0,0.0,-0.0,0.0,0.0,0,TAKEOFF,0.0,0.0,0.0,-0.08015923520000003
4701,DYNAMIC,-0.0026311874389648438,0.002634793519973755,3.2604291439056396,0.0,1.764379036,0.0,0.0,0.0,-0.0,0.0,0.0,0,TAKEOFF,0.0,0.0,0.0,-0.07068628919999999
4750,DYNAMIC,-0.0027761459350585938,0.0027949512004852295,3.2604095935821533,0.0,1.7974027346666668,0.0,0.0,0.0,-0.0,0.0,0.0,0,TAKEOFF,0.0,0.0,0.0,-0.06077917959999996
4800,DYNAMIC,-0.00299835205078125,0.0030532777309417725,3.260399341583252,0.0,1.83079752,0.0,0.0,0.0,-0.0,0.0,0.0,0,TAKEOFF,0.0,0.0,0.0,-0.05076074400000001
4850,DYNAMIC,-0.003142833709716797,0.003217369318008423,3.2603812217712402,0.0,1.8640359473333332,0.0,0.0,0.0,-0.0,0.0,0.0,0,TAKEOFF,0.0,0.0,0.0,-0.040789215800000035
4900,DYNAMIC,-0.0026645660400390625,0.0037254393100738525,3.2603864669799805,0.0,1.89756477,0.0,0.0,0.0,-0.0,0.0,0.0,0,TAKEOFF,0.0,0.0,0.0,-0.030730568999999996
4950,DYNAMIC,-0.0019516944885253906,0.0042122602462768555,3.2604238986968994,0.0,1.9307189506666667,0.0,0.0,0.0,-0.0,0.0,0.0,0,TAKEOFF,0.0,0.0,0.0,-0.020784314800000002
5000,DYNAMIC,-0.0009899139404296875,0.004898428916931152,3.2604668140411377,0.0,1.9641688593333333,0.0,0.0,0.0,-0.0,0.0,0.0,0,TAKEOFF,0.0,0.0,0.0,-0.010749342200000012
5050,DYNAMIC,-0.0004115104675292969,0.00533902645111084,3.2604825496673584,0.0,1.9973669286666667,0.0,0.0,0.0,-0.0,0.0,0.0,0,TAKEOFF,0.0,0.0,0.0,-0.0007899214000000043
5101,DYNAMIC,0.0005636215209960938,0.0057257115840911865,3.260521650314331,0.0,2.0,0.0,0.0,0.0,-0.0,0.0,0.0,0,TAKEOFF,0.0,0.0,0.0,-0.0
5150,DYNAMIC,0.0012679100036621094,0.005816727876663208,3.2605109214782715,0.0,2.0,0.0,0.0,0.0,-0.0,0.0,0.0,0,SEARCH,0.0,0.0,0.0,-0.0
5201,DYNAMIC,0.002223491668701172,0.005990952253341675,3.2605373859405518,0.0,2.0,0.0,0.0,0.0,-0.0,0.0,0.0,0,SEARCH,0.0,0.0,0.0,-0.0
5253,DYNAMIC,0.0027952194213867188,0.00612911581993103,3.2605385780334473,0.0,2.0,0.0,0.0,0.0,-0.0,0.0,0.0,0,SEARCH,0.0,0.0,0.0,-0.0
5301,DYNAMIC,0.0029077529907226562,0.005980253219604492,3.260528802871704,0.0,2.0,0.0,0.0,0.0,-0.0,0.0,0.0,0,SEARCH,0.0,0.0,0.0,-0.0
5350,DYNAMIC,0.0025568008422851562,0.005670994520187378,3.2605137825012207,0.0,2.0,0.0,0.0,0.0,-0.0,0.0,0.0,0,SEARCH,0.0,0.0,0.0,-0.0
5401,DYNAMIC,0.002086639404296875,0.005308330059051514,3.260502338409424,0.0,2.0,0.0,0.0,0.0,-0.0,0.0,0.0,0,SEARCH,0.0,0.0,0.0,-0.0
5450,DYNAMIC,0.0018067359924316406,0.005092531442642212,3.260483741760254,0.0,2.0,0.0,0.0,0.0,-0.0,0.0,0.0,0,SEARCH,0.0,0.0,0.0,-0.0
5501,DYNAMIC,0.0008392333984375,0.004740118980407715,3.2604644298553467,0.0,2.0,0.0,0.0,0.0,-0.0,0.0,0.0,0,SEARCH,0.0,0.0,0.0,-0.0
5550,DYNAMIC,-0.0004911422729492188,0.004363834857940674,3.2604191303253174,0.0,2.0,0.0,0.0,0.0,-0.0,0.0,0.0,0,SEARCH,0.0,0.0,0.0,-0.0
5600,DYNAMIC,-0.002311229705810547,0.0038918256759643555,3.2603628635406494,0.0,2.0,0.0,0.0,0.0,-0.0,0.0,0.0,0,SEARCH,0.0,0.0,0.0,-0.0
5650,DYNAMIC,-0.0034236907958984375,0.003625422716140747,3.260347366333008,0.0,2.0,0.0,0.0,0.0,-0.0,0.0,0.0,0,SEARCH,0.0,0.0,0.0,-0.0
5700,DYNAMIC,-0.007840633392333984,0.003018289804458618,3.260277271270752,0.0,2.0,0.0,0.0,0.0,-0.0,0.0,0.0,0,SEARCH,0.0,0.0,0.0,-0.0
5750,DYNAMIC,-0.012337684631347656,0.002496689558029175,3.260223627090454,0.0,2.0,0.0,0.0,0.0,-0.0,0.0,0.0,0,SEARCH,0.0,0.0,0.0,-0.0
5801,DYNAMIC,-0.01844167709350586,0.00187721848487854,3.2599267959594727,0.0,2.0,0.0,0.0,0.0,-0.0,0.0,0.0,0,SEARCH,0.0,0.0,0.0,-0.0
5850,DYNAMIC,-0.02224111557006836,0.0014147758483886719,3.259892225265503,0.0,2.0,0.0,0.0,0.0,-0.0,0.0,0.0,0,SEARCH,0.0,0.0,0.0,-0.0
5901,DYNAMIC,-0.023964405059814453,0.0018060803413391113,3.259997606277466,0.0,2.0,0.0,0.0,0.0,-0.0,0.0,0.0,0,SEARCH,0.0,0.0,0.0,-0.0
5956,DYNAMIC,-0.023815155029296875,0.0023502707481384277,3.25992488861084,0.0,2.0,0.0,0.0,0.0,-0.0,0.0,0.0,0,SEARCH,0.0,0.0,0.0,-0.0
6001,DYNAMIC,-0.023908138275146484,0.003098011016845703,3.2599544525146484,0.0,2.0,0.0,0.0,0.0,-0.0,0.0,0.0,0,SEARCH,0.0,0.0,0.0,-0.0
6050,DYNAMIC,-0.024512767791748047,0.003631681203842163,3.2615890502929688,0.0,2.0,0.0,0.0,0.0,-0.0,0.0,0.0,0,SEARCH,0.0,0.0,0.0,-0.0
6101,DYNAMIC,-0.022732257843017578,0.002642214298248291,3.2552709579467773,0.0,2.0,0.0,0.0,0.0,-0.0,0.0,0.0,0,SEARCH,0.0,0.0,0.0,-0.0
6150,DYNAMIC,-0.018620967864990234,-0.0010670721530914307,3.2328734397888184,0.0,2.0,0.0,0.0,0.0,-0.0,0.0,0.0,0,SEARCH,0.0,0.0,0.0,-0.0
6202,DYNAMIC,-0.004168987274169922,-0.019775420427322388,3.132704496383667,0.0,2.0,0.0,0.0,0.0,0.0,-0.0,0.0,0,SEARCH,0.0,0.0,0.0,-0.0
6250,DYNAMIC,0.012495040893554688,-0.03788715600967407,3.036625862121582,0.0,2.0,0.0,0.0,0.0,0.0,-0.0,0.0,0,SEARCH,0.0,0.0,0.0,-0.0
6300,DYNAMIC,0.05062603950500488,-0.05917656421661377,2.8878862857818604,0.0,2.0,0.0,0.0,0.0,0.0,-0.0,0.0,0,SEARCH,0.0,0.0,0.0,-0.0
6350,DYNAMIC,0.08531451225280762,-0.06497374176979065,2.7980427742004395,0.0,2.0,0.0,0.0,0.0,0.0,-0.0,0.0,0,SEARCH,0.0,0.0,0.0,-0.0
6402,DYNAMIC,0.14947819709777832,-0.06260883808135986,2.700762987136841,0.0,2.0,0.0,0.0,0.0,0.0,-0.0,0.0,0,SEARCH,0.0,0.0,0.0,-0.0
6450,DYNAMIC,0.19837284088134766,-0.05472767353057861,2.6681487560272217,0.0,2.0,0.0,0.0,0.0,0.0,-0.0,0.0,0,SEARCH,0.0,0.0,0.0,-0.0
6501,DYNAMIC,0.24823856353759766,-0.044001370668411255,2.669057607650757,0.0,2.0,0.0,0.0,0.0,0.0,-0.0,0.0,0,SEARCH,0.0,0.0,0.0,-0.0
6550,DYNAMIC,0.31564903259277344,-0.03290262818336487,2.7274105548858643,0.0,2.0,0.0,0.0,0.0,0.0,-0.0,0.0,0,SEARCH,0.0,0.0,0.0,-0.0
6602,DYNAMIC,0.3816189765930176,-0.01704585552215576,2.8301141262054443,0.0,2.0,0.0,0.0,0.0,0.0,-0.0,0.0,0,SEARCH,0.0,0.0,0.0,-0.0
6650,DYNAMIC,0.4229085445404053,-0.004982441663742065,2.9108383655548096,0.0,2.0,0.0,0.0,0.0,0.0,-0.0,0.0,0,SEARCH,0.0,0.0,0.0,-0.0
6700,DYNAMIC,0.47553229331970215,0.011389464139938354,3.0274250507354736,0.0,2.0,0.0,0.0,0.0,0.0,-0.0,0.0,0,SEARCH,0.0,0.0,0.0,-0.0
6750,DYNAMIC,0.5035672187805176,0.017108619213104248,3.0868735313415527,0.0,2.0,0.0,0.0,0.0,0.0,-0.0,0.0,0,SEARCH,0.0,0.0,0.0,-0.0
6802,DYNAMIC,0.5434105396270752,0.025425374507904053,3.1556880474090576,0.0,2.0,0.0,0.0,0.0,-0.0,0.0,0.0,0,SEARCH,0.0,0.0,0.0,-0.0
6850,DYNAMIC,0.5717439651489258,0.03122478723526001,3.193037748336792,0.0,2.0,0.0,0.0,0.0,-0.0,0.0,0.0,0,SEARCH,0.0,0.0,0.0,-0.0
6901,DYNAMIC,0.624748945236206,0.04415056109428406,3.233771800994873,0.0,2.0,0.0,0.0,0.0,-0.0,0.0,0.0,0,SEARCH,0.0,0.0,0.0,-0.0
6950,DYNAMIC,0.6657779216766357,0.05599862337112427,3.2534167766571045,0.0,2.0,0.0,0.0,0.0,-0.0,0.0,0.0,0,SEARCH,0.0,0.0,0.0,-0.0
7000,DYNAMIC,0.7287085056304932,0.0748511254787445,3.279432773590088,0.0,2.0,0.0,0.0,0.0,-0.0,0.0,0.0,0,SEARCH,0.0,0.0,0.0,-0.0
7050,DYNAMIC,0.7709033489227295,0.0870940089225769,3.295982837677002,0.0,2.0,0.0,0.0,0.0,-0.0,0.0,0.0,0,SEARCH,0.0,0.0,0.0,-0.0
7102,DYNAMIC,0.8325357437133789,0.10729947686195374,3.324542999267578,0.0,2.0,0.0,0.0,0.0,-0.0,0.0,0.0,0,SEARCH,0.0,0.0,0.0,-0.0
7155,DYNAMIC,0.8711445331573486,0.1216178834438324,3.3478879928588867,0.0,2.0,0.0,0.0,0.0,-0.0,0.0,0.0,0,SEARCH,0.0,0.0,0.0,-0.0
7202,DYNAMIC,0.9244265556335449,0.1422623097896576,3.3814661502838135,0.0,2.0,0.0,0.0,0.0,-0.0,0.0,0.0,0,SEARCH,0.0,0.0,0.0,-0.0
7250,DYNAMIC,0.9565608501434326,0.15549001097679138,3.4035284519195557,0.0,2.0,0.0,0.0,0.0,-0.0,0.0,0.0,0,SEARCH,0.0,0.0,0.0,-0.0
7302,DYNAMIC,1.001065731048584,0.17647871375083923,3.4301998615264893,0.0,2.0,0.0,0.0,0.0,-0.0,0.0,0.0,0,SEARCH,0.0,0.0,0.0,-0.0
7350,DYNAMIC,1.0284461975097656,0.19008120894432068,3.4420793056488037,0.0,2.0,0.0,0.0,0.0,-0.0,0.0,0.0,0,SEARCH,0.0,0.0,0.0,-0.0
7401,DYNAMIC,1.0633790493011475,0.20661959052085876,3.4532809257507324,0.0,2.0,0.0,0.0,0.0,-0.0,0.0,0.0,0,SEARCH,0.0,0.0,0.0,-0.0
7450,DYNAMIC,1.0820252895355225,0.21482089161872864,3.456477403640747,0.0,2.0,0.0,0.0,0.0,-0.0,0.0,0.0,0,SEARCH,0.0,0.0,0.0,-0.0
7500,DYNAMIC,1.10825777053833,0.22405043244361877,3.456458330154419,0.0,2.0,0.0,0.0,0.0,-0.0,0.0,0.0,0,SEARCH,0.0,0.0,0.0,-0.0
7550,DYNAMIC,1.1222224235534668,0.22753259539604187,3.453674793243408,0.0,2.0,0.0,0.0,0.0,-0.0,0.0,0.0,0,SEARCH,0.0,0.0,0.0,-0.0
7601,DYNAMIC,1.1354281902313232,0.22817853093147278,3.447265386581421,0.0,2.0,0.0,0.0,0.0,-0.0,0.0,0.0,0,SEARCH,0.0,0.0,0.0,-0.0
7650,DYNAMIC,1.1397254467010498,0.2255885899066925,3.4384686946868896,0.0,2.0,0.0,0.0,0.0,-0.0,0.0,0.0,0,SEARCH,0.0,0.0,0.0,-0.0
7703,DYNAMIC,1.1411762237548828,0.22095540165901184,3.426234245300293,0.0,2.0,0.0,0.0,0.0,-0.0,0.0,0.0,0,SEARCH,0.0,0.0,0.0,-0.0
7753,DYNAMIC,1.1511900424957275,0.21376541256904602,3.406035900115967,0.0,2.0,0.0,0.0,0.0,-0.0,0.0,0.0,0,SEARCH,0.0,0.0,0.0,-0.0
7800,DYNAMIC,1.1570136547088623,0.20456650853157043,3.3930535316467285,13.1,2.0,0.8300779936269861,-0.32421200389208654,0.8911469570006538,-0.7233018505762603,0.5205548308530836,0.0,1,SEARCH,0.0,0.0,0.0,-0.0
7850,DYNAMIC,1.159160852432251,0.19845834374427795,3.388519048690796,13.1,2.0,0.8300779936269861,-0.32421200389208654,0.8911469570006538,-0.7256548534096693,0.5172696904850665,0.0,1,SEARCH,0.0,0.0,0.0,-0.0
7900,DYNAMIC,1.1615231037139893,0.1902485191822052,3.387148857116699,13.1,2.0,0.8300779936269861,-0.32421200389208654,0.8911469570006538,-0.7263629305781772,0.516274919062903,0.0,1,SEARCH,0.0,0.0,0.0,-0.0
7950,DYNAMIC,1.1626355648040771,0.18505749106407166,3.3860888481140137,13.1,2.0,0.8300779936269861,-0.32421200389208654,0.8911469570006538,-0.7269097784601724,0.5155046779133127,0.0,1,SEARCH,0.0,0.0,0.0,-0.0
8002,DYNAMIC,1.1597764492034912,0.1810375154018402,3.392228841781616,13.1,2.0,0.8300779936269861,-0.32421200389208654,0.8911469570006538,-0.7237309008572214,0.5199581541969699,0.0,1,SEARCH,0.0,0.0,0.0,-0.0
8050,DYNAMIC,1.1561789512634277,0.18010815978050232,3.3971073627471924,13.1,2.0,0.8300779936269861,-0.32421200389208654,0.8911469570006538,-0.7211856717940467,0.5234826890838843,0.0,1,SEARCH,0.0,0.0,0.0,-0.0
8101,DYNAMIC,1.1525812149047852,0.18210247159004211,3.384186029434204,13.1,2.0,0.8300779936269861,-0.32421200389208654,0.8911469570006538,-0.7278893738313007,0.5141205679945142,0.0,1,SEARCH,0.0,0.0,0.0,-0.0
8150,DYNAMIC,1.15120530128479,0.18141958117485046,3.3702518939971924,13.1,2.0,0.8300779936269861,-0.32421200389208654,0.8911469570006538,-0.7349823052328553,0.5039284770343138,0.0,1,SEARCH,0.0,0.0,0.0,-0.0
8200,DYNAMIC,1.1541073322296143,0.17875847220420837,3.354891300201416,13.1,2.0,0.8300779936269861,-0.32421200389208654,0.8911469570006538,-0.7426359344369424,0.4925797071078898,0.0,1,SEARCH,0.0,0.0,0.0,-0.0
8250,DYNAMIC,1.1591730117797852,0.17594382166862488,3.348388671875,13.1,2.0,0.8300779936269861,-0.32421200389208654,0.8911469570006538,-0.7458232738016652,0.4877402415500401,0.0,1,SEARCH,0.0,0.0,0.0,-0.0
8304,DYNAMIC,1.170438528060913,0.17080804705619812,3.335749387741089,13.1,2.0,0.8300779936269861,-0.32421200389208654,0.8911469570006538,-0.751928224761555,0.4782748621644898,0.0,1,SEARCH,0.0,0.0,0.0,-0.0
8353,DYNAMIC,1.1808485984802246,0.16792938113212585,3.323112726211548,13.1,2.0,0.8300779936269861,-0.32421200389208654,0.8911469570006538,-0.7579118263521758,0.4687350663722891,0.0,1,SEARCH,0.0,0.0,0.0,-0.0
8401,DYNAMIC,1.2001659870147705,0.16519734263420105,3.326786756515503,7.29,2.0,0.7980447516102498,-0.5512999570651662,0.9699520958442841,-0.6828837102828433,0.6888228411304732,0.0,1,SEARCH,0.0,0.0,0.0,-0.0
8450,DYNAMIC,1.2083110809326172,0.16118040680885315,3.3429758548736572,7.29,2.0,0.7980447516102498,-0.5512999570651662,0.9699520958442841,-0.6716432911721142,0.6997873660307179,0.0,1,SEARCH,0.0,0.0,0.0,-0.0
8501,DYNAMIC,1.2075278759002686,0.15383830666542053,3.3313379287719727,7.29,2.0,0.7980447516102498,-0.5512999570651662,0.9699520958442841,-0.679741697370509,0.6919236179583542,0.0,1,SEARCH,0.0,0.0,0.0,-0.0
8550,DYNAMIC,1.2001194953918457,0.14849111437797546,3.3218235969543457,7.29,2.0,0.7980447516102498,-0.5512999570651662,0.9699520958442841,-0.6862940232133135,0.6854251103763295,0.0,1,SEARCH,0.0,0.0,0.0,-0.0
8601,DYNAMIC,1.1928668022155762,0.14515075087547302,3.3124077320098877,7.29,2.0,0.7980447516102498,-0.5512999570651662,0.9699520958442841,-0.6927173754385901,0.6789327698662002,0.0,1,SEARCH,0.0,0.0,0.0,-0.0
8650,DYNAMIC,1.1934056282043457,0.14323315024375916,3.3095483779907227,7.29,2.0,0.7980447516102498,-0.5512999570651662,0.9699520958442841,-0.694655850143586,0.6769492729104679,0.0,1,SEARCH,0.0,0.0,0.0,-0.0
8701,DYNAMIC,1.2028238773345947,0.13995566964149475,3.303637981414795,7.29,2.0,0.7980447516102498,-0.5512999570651662,0.9699520958442841,-0.6986447324163979,0.6728317814279726,0.0,1,SEARCH,0.0,0.0,0.0,-0.0
8750,DYNAMIC,1.2100553512573242,0.13909313082695007,3.273242473602295,7.29,2.0,0.7980447516102498,-0.5512999570651662,0.9699520958442841,-0.718769937642876,0.6512886034421111,0.0,1,SEARCH,0.0,0.0,0.0,-0.0
8802,DYNAMIC,1.2186334133148193,0.13739225268363953,3.2416179180145264,7.29,2.0,0.7980447516102498,-0.5512999570651662,0.9699520958442841,-0.7390038218351643,0.6282359584946886,0.0,1,SEARCH,0.0,0.0,0.0,-0.0
8850,DYNAMIC,1.2236218452453613,0.13623175024986267,3.2517178058624268,7.29,2.0,0.7980447516102498,-0.5512999570651662,0.9699520958442841,-0.7326211252544599,0.6356676451288112,0.0,1,SEARCH,0.0,0.0,0.0,-0.0
8903,DYNAMIC,1.222707748413086,0.13507786393165588,3.2568459510803223,7.29,2.0,0.7980447516102498,-0.5512999570651662,0.9699520958442841,-0.7293517103798387,0.6394162578467357,0.0,1,SEARCH,0.0,0.0,0.0,-0.0
8951,DYNAMIC,1.2204399108886719,0.13404580950737,3.2607297897338867,7.29,2.0,0.7980447516102498,-0.5512999570651662,0.9699520958442841,-0.7268628262076166,0.6422441125539382,0.0,1,SEARCH,0.0,0.0,0.0,-0.0
9002,DYNAMIC,1.2221016883850098,0.1320214569568634,3.2608776092529297,28.1,2.0,0.6759062213861319,-1.0176792822321128,1.2216874975184722,-0.5499970699734172,1.0908820122330385,0.0,1,SEARCH,0.0,0.0,0.0,-0.0
9050,DYNAMIC,1.2222518920898438,0.1302795112133026,3.261183261871338,28.1,2.0,0.6759062213861319,-1.0176792822321128,1.2216874975184722,-0.5496636133438636,1.091050069317955,0.0,1,SEARCH,0.0,0.0,0.0,-0.0
9102,DYNAMIC,1.2206966876983643,0.12779679894447327,3.262773036956787,28.1,2.0,0.6759062213861319,-1.0176792822321128,1.2216874975184722,-0.5479283952517287,1.091922531716336,0.0,1,SEARCH,0.0,0.0,0.0,-0.0
9150,DYNAMIC,1.2214992046356201,0.12569448351860046,3.262460231781006,28.1,2.0,0.6759062213861319,-1.0176792822321128,1.2216874975184722,-0.5482699274590356,1.0917510834604245,0.0,1,SEARCH,0.0,0.0,0.0,-0.0
9202,DYNAMIC,1.223280906677246,0.12275758385658264,3.2633559703826904,28.1,2.0,0.6759062213861319,-1.0176792822321128,1.2216874975184722,-0.5472917840493945,1.0922417519509946,0.0,1,SEARCH,0.0,0.0,0.0,-0.0
9250,DYNAMIC,1.2231636047363281,0.12071779370307922,3.264050245285034,28.1,2.0,0.6759062213861319,-1.0176792822321128,1.2216874975184722,-0.5465333361725013,1.0926214596305084,0.0,1,SEARCH,0.0,0.0,0.0,-0.0
9301,DYNAMIC,1.2242388725280762,0.11833301186561584,3.2650411128997803,28.1,2.0,0.6759062213861319,-1.0176792822321128,1.2216874975184722,-0.545450424831853,1.0931624653470764,0.0,1,SEARCH,0.0,0.0,0.0,-0.0
9350,DYNAMIC,1.2261254787445068,0.11684247851371765,3.2655041217803955,28.1,2.0,0.6759062213861319,-1.0176792822321128,1.2216874975184722,-0.5449442224544536,1.0934148965541206,0.0,1,SEARCH,0.0,0.0,0.0,-0.0
9400,DYNAMIC,1.2278926372528076,0.11453351378440857,3.265820026397705,28.1,2.0,0.6759062213861319,-1.0176792822321128,1.2216874975184722,-0.54459878045419,1.09358699238824,0.0,1,SEARCH,0.0,0.0,0.0,-0.0
9450,DYNAMIC,1.2286584377288818,0.11287656426429749,3.2667887210845947,28.1,2.0,0.6759062213861319,-1.0176792822321128,1.2216874975184722,-0.5435391731932946,1.0941140291566034,0.0,1,SEARCH,0.0,0.0,0.0,-0.0
9501,DYNAMIC,1.2295708656311035,0.11140194535255432,3.2672622203826904,28.1,2.0,0.6759062213861319,-1.0176792822321128,1.2216874975184722,-0.5430210500566397,1.0943712719129333,0.0,1,SEARCH,0.0,0.0,0.0,-0.0
9553,DYNAMIC,1.2298519611358643,0.11090639233589172,3.267244338989258,28.1,2.0,0.6759062213861319,-1.0176792822321128,1.2216874975184722,-0.5430406188530991,1.0943615617649363,0.0,1,SEARCH,0.0,0.0,0.0,-0.0
9604,DYNAMIC,1.2300362586975098,0.11027094721794128,3.2675304412841797,28.1,2.0,0.6759062213861319,-1.0176792822321128,1.2216874975184722,-0.54272749727791,1.0945168821408846,0.0,1,SEARCH,0.0,0.0,0.0,-0.0
9650,DYNAMIC,1.2299954891204834,0.1097094714641571,3.267831802368164,27.19,2.0,0.5526667964661761,-1.1019362701888986,1.2327628042222911,-0.40953058938293363,1.1627505441123966,0.0,1,SEARCH,0.0,0.0,0.0,-0.0
9702,DYNAMIC,1.229616641998291,0.10882636904716492,3.2685048580169678,27.19,2.0,0.5526667964661761,-1.1019362701888986,1.2327628042222911,-0.4087479008606807,1.1630259176028686,0.0,1,SEARCH,0.0,0.0,0.0,-0.0
9750,DYNAMIC,1.2290563583374023,0.10833773016929626,3.2690651416778564,27.19,2.0,0.5526667964661761,-1.1019362701888986,1.2327628042222911,-0.40809621231933524,1.1632547498139085,0.0,1,SEARCH,0.0,0.0,0.0,-0.0
9803,DYNAMIC,1.2283849716186523,0.10781213641166687,3.2694616317749023,27.19,2.0,0.5526667964661761,-1.1019362701888986,1.2327628042222911,-0.4076349612655177,1.163416464482116,0.0,1,SEARCH,0.0,0.0,0.0,-0.0
9850,DYNAMIC,1.2279586791992188,0.10738620162010193,3.2698676586151123,27.19,2.0,0.5526667964661761,-1.1019362701888986,1.2327628042222911,-0.4071625493666749,1.1635818793137152,0.0,1,SEARCH,0.0,0.0,0.0,-0.0
9903,DYNAMIC,1.2270584106445312,0.10681608319282532,3.2711594104766846,27.19,2.0,0.5526667964661761,-1.1019362701888986,1.2327628042222911,-0.40565915102566213,1.1641068613590189,0.0,1,SEARCH,0.0,0.0,0.0,-0.0
9950,DYNAMIC,1.2268648147583008,0.1063409149646759,3.271421194076538,27.19,2.0,0.5526667964661761,-1.1019362701888986,1.2327628042222911,-0.405354393044319,1.1642130163821736,0.0,1,SEARCH,0.0,0.0,0.0,-0.0
10002,DYNAMIC,1.2265591621398926,0.1054467260837555,3.271763801574707,27.19,2.0,0.5526667964661761,-1.1019362701888986,1.2327628042222911,-0.40495550115301526,1.1643518255063274,0.0,1,SEARCH,0.0,0.0,0.0,-0.0
10050,DYNAMIC,1.2262489795684814,0.10465642809867859,3.2718236446380615,27.19,2.0,0.5526667964661761,-1.1019362701888986,1.2327628042222911,-0.40488582204788437,1.1643760571991406,0.0,1,SEARCH,0.0,0.0,0.0,-0.0
10101,DYNAMIC,1.2255785465240479,0.10448560118675232,3.2725024223327637,27.19,2.0,0.5526667964661761,-1.1019362701888986,1.2327628042222911,-0.40409537633933046,1.1646506164061314,0.0,1,SEARCH,0.0,0.0,0.0,-0.0
10151,DYNAMIC,1.224776029586792,0.10445353388786316,3.272758722305298,27.19,2.0,0.5526667964661761,-1.1019362701888986,1.2327628042222911,-0.40379686314915475,1.1647541477860939,0.0,1,SEARCH,0.0,0.0,0.0,-0.0
10204,DYNAMIC,1.2238938808441162,0.10426494479179382,3.2732839584350586,27.19,2.0,0.5526667964661761,-1.1019362701888986,1.2327628042222911,-0.4031850365182541,1.1649660758158502,0.0,1,SEARCH,0.0,0.0,0.0,-0.0
10250,DYNAMIC,1.2231760025024414,0.10420611500740051,3.273893117904663,32.55,2.0,0.5996788783700894,-1.2370070137138136,1.3747003706773253,-0.43125872046414937,1.3053034226431801,0.0,1,SEARCH,0.0,0.0,0.0,-0.0
10303,DYNAMIC,1.2218332290649414,0.1046164333820343,3.275099277496338,32.55,2.0,0.5996788783700894,-1.2370070137138136,1.3747003706773253,-0.4296840029005534,1.3058226398679618,0.0,1,SEARCH,0.0,0.0,0.0,-0.0
10350,DYNAMIC,1.2211294174194336,0.10486111044883728,3.276465654373169,32.55,2.0,0.5996788783700894,-1.2370070137138136,1.3747003706773253,-0.4278993564884919,1.306408530995228,0.0,1,SEARCH,0.0,0.0,0.0,-0.0
10402,DYNAMIC,1.2201147079467773,0.1050022542476654,3.2782866954803467,32.55,2.0,0.5996788783700894,-1.2370070137138136,1.3747003706773253,-0.42551962466792415,1.3071855867331326,0.0,1,SEARCH,0.0,0.0,0.0,-0.0
10450,DYNAMIC,1.2193219661712646,0.10529318451881409,3.2812983989715576,32.55,2.0,0.5996788783700894,-1.2370070137138136,1.3747003706773253,-0.4215808454179546,1.3084611954189005,0.0,1,SEARCH,0.0,0.0,0.0,-0.0
10502,DYNAMIC,1.217418909072876,0.10585722327232361,3.2837791442871094,32.55,2.0,0.5996788783700894,-1.2370070137138136,1.3747003706773253,-0.4183335925420511,1.3095030028568995,0.0,1,SEARCH,0.0,0.0,0.0,-0.0
10550,DYNAMIC,1.2158591747283936,0.10664412379264832,3.2891883850097656,32.55,2.0,0.5996788783700894,-1.2370070137138136,1.3747003706773253,-0.4112440899343116,1.3117467010190935,0.0,1,SEARCH,0.0,0.0,0.0,-0.0
10604,DYNAMIC,1.213226556777954,0.10770121216773987,3.308011531829834,32.55,2.0,0.5996788783700894,-1.2370070137138136,1.3747003706773253,-0.3864814952527888,1.3192547756091482,0.0,1,SEARCH,0.0,0.0,0.0,-0.0
10650,DYNAMIC,1.211134910583496,0.10802581906318665,3.3194546699523926,32.55,2.0,0.5996788783700894,-1.2370070137138136,1.3747003706773253,-0.37136010638936623,1.3235908659864855,0.0,1,SEARCH,0.0,0.0,0.0,-0.0
10701,DYNAMIC,1.207427740097046,0.10939070582389832,3.3354761600494385,32.55,2.0,0.5996788783700894,-1.2370070137138136,1.3747003706773253,-0.35010745479398686,1.3293704823103498,0.0,1,SEARCH,0.0,0.0,0.0,-0.0
10750,DYNAMIC,1.2047443389892578,0.11012807488441467,3.3490896224975586,32.55,2.0,0.5996788783700894,-1.2370070137138136,1.3747003706773253,-0.33197823706473184,1.3340133279903048,0.0,1,SEARCH,0.0,0.0,0.0,-0.0
10800,DYNAMIC,1.2003471851348877,0.11035618185997009,3.36732816696167,32.55,2.0,0.5996788783700894,-1.2370070137138136,1.3747003706773253,-0.30759391070561526,1.3398459222004602,0.0,1,SEARCH,0.0,0.0,0.0,-0.0
10851,DYNAMIC,1.1974098682403564,0.10948392748832703,3.3728866577148438,32.55,2.0,0.5996788783700894,-1.2370070137138136,1.3747003706773253,-0.300141676062586,1.341534972869033,0.0,1,SEARCH,0.0,0.0,0.0,-0.0
10911,DYNAMIC,1.1935091018676758,0.10876289010047913,3.372776508331299,32.55,2.0,0.5996788783700894,-1.2370070137138136,1.3747003706773253,-0.30028944349176023,1.3415019043101595,0.0,1,SEARCH,0.0,0.0,0.0,-0.0
10950,DYNAMIC,1.1914873123168945,0.10936400294303894,3.36865496635437,31.73,2.0,0.6505504288819624,-1.20003403465934,1.3650265729498747,-0.3637049263380127,1.3156809155022124,0.0,1,SEARCH,0.0,0.0,0.0,-0.0
11003,DYNAMIC,1.1882836818695068,0.1101403534412384,3.350762367248535,31.73,2.0,0.6505504288819624,-1.20003403465934,1.3650265729498747,-0.3871864038213827,1.3089630375053165,0.0,1,SEARCH,0.0,0.0,0.0,-0.0
11050,DYNAMIC,1.1856200695037842,0.11094042658805847,3.3341774940490723,31.73,2.0,0.6505504288819624,-1.20003403465934,1.3650265729498747,-0.4088411464876913,1.302361878203562,0.0,1,SEARCH,0.0,0.0,0.0,-0.0
11103,DYNAMIC,1.1798686981201172,0.1140240728855133,3.3085265159606934,31.73,2.0,0.6505504288819624,-1.20003403465934,1.3650265729498747,-0.44210984336574005,1.2914474171480619,0.0,1,SEARCH,0.0,0.0,0.0,-0.0
11150,DYNAMIC,1.1748006343841553,0.11611923575401306,3.2954342365264893,31.73,2.0,0.6505504288819624,-1.20003403465934,1.3650265729498747,-0.4589794608105773,1.2855486764075919,0.0,1,SEARCH,0.0,0.0,0.0,-0.0
11201,DYNAMIC,1.1657967567443848,0.1182718575000763,3.2848243713378906,31.73,2.0,0.6505504288819624,-1.20003403465934,1.3650265729498747,-0.4725928698220485,1.280606701627256,0.0,1,SEARCH,0.0,0.0,0.0,-0.0
11250,DYNAMIC,1.158994197845459,0.11944136023521423,3.281798839569092,31.73,2.0,0.6505504288819624,-1.20003403465934,1.3650265729498747,-0.4764652171513479,1.2791709978357853,0.0,1,SEARCH,0.0,0.0,0.0,-0.0
11302,DYNAMIC,1.1488099098205566,0.12122008204460144,3.2801060676574707,31.73,2.0,0.6505504288819624,-1.20003403465934,1.3650265729498747,-0.47862987820268377,1.2783626185675812,0.0,1,SEARCH,0.0,0.0,0.0,-0.0
11350,DYNAMIC,1.1421220302581787,0.1222619116306305,3.280825614929199,31.73,2.0,0.6505504288819624,-1.20003403465934,1.3650265729498747,-0.4777099120426964,1.2787066844258845,0.0,1,SEARCH,0.0,0.0,0.0,-0.0
11401,DYNAMIC,1.1311936378479004,0.12326964735984802,3.282640218734741,31.73,2.0,0.6505504288819624,-1.20003403465934,1.3650265729498747,-0.4753887808020945,1.2795714329207173,0.0,1,SEARCH,0.0,0.0,0.0,-0.0
11450,DYNAMIC,1.123563289642334,0.12397542595863342,3.285393714904785,31.73,2.0,0.6505504288819624,-1.20003403465934,1.3650265729498747,-0.4718636880781623,1.2808755617672445,0.0,1,SEARCH,0.0,0.0,0.0,-0.0
11510,DYNAMIC,1.1117548942565918,0.12491604685783386,3.291004180908203,31.73,2.0,0.6505504288819624,-1.20003403465934,1.3650265729498747,-0.46466999050042346,1.2835027638410506,0.0,1,SEARCH,0.0,0.0,0.0,-0.0
11551,DYNAMIC,1.1035428047180176,0.1252201497554779,3.294048309326172,31.73,2.0,0.6505504288819624,-1.20003403465934,1.3650265729498747,-0.4607606963156966,1.2849113298550816,0.0,1,SEARCH,0.0,0.0,0.0,-0.0
11601,DYNAMIC,1.090470314025879,0.12477639317512512,3.293473720550537,29.01,2.0,0.6163979869906957,-1.1238269786916042,1.2817696970990073,-0.43926958995244136,1.2041494025843702,0.0,1,SEARCH,0.0,0.0,0.0,-0.0
11650,DYNAMIC,1.0814173221588135,0.1243613064289093,3.2902324199676514,29.01,2.0,0.6163979869906957,-1.1238269786916042,1.2817696970990073,-0.44317028579112505,1.202719274890485,0.0,1,SEARCH,0.0,0.0,0.0,-0.0
11707,DYNAMIC,1.0672731399536133,0.12489190697669983,3.2850756645202637,29.01,2.0,0.6163979869906957,-1.1238269786916042,1.2817696970990073,-0.4493664950685169,1.2004179728374271,0.0,1,SEARCH,0.0,0.0,0.0,-0.0
11750,DYNAMIC,1.0576789379119873,0.12592211365699768,3.2840986251831055,29.01,2.0,0.6163979869906957,-1.1238269786916042,1.2817696970990073,-0.4505391359784793,1.1999783512018234,0.0,1,SEARCH,0.0,0.0,0.0,-0.0
11802,DYNAMIC,1.0434539318084717,0.1267237365245819,3.2846789360046387,29.01,2.0,0.6163979869906957,-1.1238269786916042,1.2817696970990073,-0.44984269973283175,1.2002396018705426,0.0,1,SEARCH,0.0,0.0,0.0,-0.0
11850,DYNAMIC,1.0340533256530762,0.12734338641166687,3.2871832847595215,29.01,2.0,0.6163979869906957,-1.1238269786916042,1.2817696970990073,-0.4468354736696966,1.201362399890915,0.0,1,SEARCH,0.0,0.0,0.0,-0.0
11901,DYNAMIC,1.019784688949585,0.12929752469062805,3.2923941612243652,29.01,2.0,0.6163979869906957,-1.1238269786916042,1.2817696970990073,-0.4405692844446192,1.2036744834070536,0.0,1,SEARCH,0.0,0.0,0.0,-0.0
11950,DYNAMIC,1.0102229118347168,0.13063940405845642,3.2950150966644287,29.01,2.0,0.6163979869906957,-1.1238269786916042,1.2817696970990073,-0.43741302174358687,1.2048250515367058,0.0,1,SEARCH,0.0,0.0,0.0,-0.0
12001,DYNAMIC,0.9959032535552979,0.13124534487724304,3.2973928451538086,29.01,2.0,0.6163979869906957,-1.1238269786916042,1.2817696970990073,-0.43454701699898085,1.2058617028575744,0.0,1,SEARCH,0.0,0.0,0.0,-0.0
12050,DYNAMIC,0.9864377975463867,0.13083478808403015,3.2967846393585205,29.01,2.0,0.6163979869906957,-1.1238269786916042,1.2817696970990073,-0.4352803486571851,1.205597185827074,0.0,1,SEARCH,0.0,0.0,0.0,-0.0
12104,DYNAMIC,0.9727227687835693,0.13010767102241516,3.2926807403564453,29.01,2.0,0.6163979869906957,-1.1238269786916042,1.2817696970990073,-0.44022431836913056,1.2038006919410353,0.0,1,SEARCH,0.0,0.0,0.0,-0.0
12150,DYNAMIC,0.9639785289764404,0.13012072443962097,3.2870030403137207,29.01,2.0,0.6163979869906957,-1.1238269786916042,1.2817696970990073,-0.4470520053100895,1.2012818407640686,0.0,1,SEARCH,0.0,0.0,0.0,-0.0
12201,DYNAMIC,0.9518640041351318,0.1309172809123993,3.2776098251342773,29.01,2.0,0.6163979869906957,-1.1238269786916042,1.2817696970990073,-0.45831601608676154,1.1970296511781322,0.0,1,SEARCH,0.0,0.0,0.0,-0.0
12253,DYNAMIC,0.9444859027862549,0.13158228993415833,3.2720987796783447,29.01,2.0,0.6163979869906957,-1.1238269786916042,1.2817696970990073,-0.46490590763075146,1.194485685745672,0.0,1,SEARCH,0.0,0.0,0.0,-0.0
12309,DYNAMIC,0.9343914985656738,0.13344284892082214,3.2680187225341797,29.01,2.0,0.6163979869906957,-1.1238269786916042,1.2817696970990073,-0.4697755943570062,1.1925789061306604,0.0,1,SEARCH,0.0,0.0,0.0,-0.0
12352,DYNAMIC,0.9280593395233154,0.1347183883190155,3.2680556774139404,29.01,2.0,0.6163979869906957,-1.1238269786916042,1.2817696970990073,-0.46973152242615746,1.19259626581693,0.0,1,SEARCH,0.0,0.0,0.0,-0.0
12403,DYNAMIC,0.9192378520965576,0.13569268584251404,3.2718398571014404,29.16,2.0,0.6791426396684135,-1.2362482807800772,1.410512154058758,-0.5128271702672097,1.3139835730263918,0.0,1,SEARCH,0.0,0.0,0.0,-0.0
12450,DYNAMIC,0.9137349128723145,0.13577285408973694,3.275264263153076,29.16,2.0,0.6791426396684135,-1.2362482807800772,1.410512154058758,-0.5083245589166112,1.3157319938154997,0.0,1,SEARCH,0.0,0.0,0.0,-0.0
12503,DYNAMIC,0.904787540435791,0.13556495308876038,3.278884172439575,29.16,2.0,0.6791426396684135,-1.2362482807800772,1.410512154058758,-0.5035584083818505,1.3175634580905067,0.0,1,SEARCH,0.0,0.0,0.0,-0.0
12550,DYNAMIC,0.8981523513793945,0.13530287146568298,3.2819783687591553,29.16,2.0,0.6791426396684135,-1.2362482807800772,1.410512154058758,-0.49947920433927473,1.3191152569734315,0.0,1,SEARCH,0.0,0.0,0.0,-0.0
12601,DYNAMIC,0.8878257274627686,0.1350097358226776,3.2880122661590576,29.16,2.0,0.6791426396684135,-1.2362482807800772,1.410512154058758,-0.491510754046202,1.3221050319110095,0.0,1,SEARCH,0.0,0.0,0.0,-0.0
12650,DYNAMIC,0.8806946277618408,0.13497444987297058,3.292799711227417,29.16,2.0,0.6791426396684135,-1.2362482807800772,1.410512154058758,-0.48517564039799543,1.3244429526075752,0.0,1,SEARCH,0.0,0.0,0.0,-0.0
12703,DYNAMIC,0.8701992034912109,0.1352715790271759,3.2974674701690674,29.16,2.0,0.6791426396684135,-1.2362482807800772,1.410512154058758,-0.47898819692535155,1.32669319887971,0.0,1,SEARCH,0.0,0.0,0.0,-0.0
12750,DYNAMIC,0.8636608123779297,0.13580891489982605,3.298185348510742,29.16,2.0,0.6791426396684135,-1.2362482807800772,1.410512154058758,-0.4780356692705181,1.3270367122474664,0.0,1,SEARCH,0.0,0.0,0.0,-0.0
12800,DYNAMIC,0.8544857501983643,0.13686850666999817,3.2949841022491455,29.16,2.0,0.6791426396684135,-1.2362482807800772,1.410512154058758,-0.4822813838814147,1.3254996052466046,0.0,1,SEARCH,0.0,0.0,0.0,-0.0
12850,DYNAMIC,0.848818302154541,0.13739529252052307,3.290801763534546,29.16,2.0,0.6791426396684135,-1.2362482807800772,1.410512154058758,-0.48782083801848275,1.3234709542496286,0.0,1,SEARCH,0.0,0.0,0.0,-0.0
12901,DYNAMIC,0.8404483795166016,0.13801643252372742,3.284754753112793,29.16,2.0,0.6791426396684135,-1.2362482807800772,1.410512154058758,-0.4958149130152264,1.3204969173682992,0.0,1,SEARCH,0.0,0.0,0.0,-0.0
12953,DYNAMIC,0.8349907398223877,0.1382782757282257,3.282576560974121,29.16,2.0,0.6791426396684135,-1.2362482807800772,1.410512154058758,-0.4986900305436711,1.3194138055150966,0.0,1,SEARCH,0.0,0.0,0.0,-0.0
13003,DYNAMIC,0.8270995616912842,0.13893339037895203,3.2804746627807617,29.16,2.0,0.6791426396684135,-1.2362482807800772,1.410512154058758,-0.5014622003958433,1.3183626960444672,0.0,1,SEARCH,0.0,0.0,0.0,-0.0
13050,DYNAMIC,0.8219044208526611,0.1395815908908844,3.280550241470337,33.9,2.0,0.9591197257184818,-0.8263217050561791,1.2659850743627457,-0.8354201917987751,0.9512051890334411,0.0,1,SEARCH,0.0,0.0,0.0,-0.0
13102,DYNAMIC,0.8133270740509033,0.14048603177070618,3.282531976699829,33.9,2.0,0.9591197257184818,-0.8263217050561791,1.2659850743627457,-0.833533515737355,0.9528589017539645,0.0,1,SEARCH,0.0,0.0,0.0,-0.0
13150,DYNAMIC,0.807091236114502,0.1410520374774933,3.2859742641448975,33.9,2.0,0.9591197257184818,-0.8263217050561791,1.2659850743627457,-0.8302485695732628,0.9557225126734212,0.0,1,SEARCH,0.0,0.0,0.0,-0.0
13200,DYNAMIC,0.7975139617919922,0.14192989468574524,3.2923903465270996,33.9,2.0,0.9591197257184818,-0.8263217050561791,1.2659850743627457,-0.8240995282744187,0.9610297477222687,0.0,1,SEARCH,0.0,0.0,0.0,-0.0
13250,DYNAMIC,0.7910909652709961,0.14256885647773743,3.2956480979919434,33.9,2.0,0.9591197257184818,-0.8263217050561791,1.2659850743627457,-0.8209643646863882,0.9637093547456731,0.0,1,SEARCH,0.0,0.0,0.0,-0.0
13302,DYNAMIC,0.7823076248168945,0.1433309018611908,3.2985057830810547,33.9,2.0,0.9591197257184818,-0.8263217050561791,1.2659850743627457,-0.8182070384367606,0.966051474178158,0.0,1,SEARCH,0.0,0.0,0.0,-0.0
13350,DYNAMIC,0.7771451473236084,0.14380940794944763,3.2974860668182373,33.9,2.0,0.9591197257184818,-0.8263217050561791,1.2659850743627457,-0.819191711270479,0.9652166330389209,0.0,1,SEARCH,0.0,0.0,0.0,-0.0
13401,DYNAMIC,0.7703251838684082,0.1448465883731842,3.294513463973999,33.9,2.0,0.9591197257184818,-0.8263217050561791,1.2659850743627457,-0.8220572934166879,0.9627772405129217,0.0,1,SEARCH,0.0,0.0,0.0,-0.0
13450,DYNAMIC,0.7664089202880859,0.1457289159297943,3.2926716804504395,33.9,2.0,0.9591197257184818,-0.8263217050561791,1.2659850743627457,-0.8238291253953778,0.9612615568405581,0.0,1,SEARCH,0.0,0.0,0.0,-0.0
13509,DYNAMIC,0.7609822750091553,0.14699521660804749,3.2911596298217773,33.9,2.0,0.9591197257184818,-0.8263217050561791,1.2659850743627457,-0.8252816592239687,0.960014787103709,0.0,1,SEARCH,0.0,0.0,0.0,-0.0
13552,DYNAMIC,0.7576532363891602,0.14726492762565613,3.291851758956909,33.9,2.0,0.9591197257184818,-0.8263217050561791,1.2659850743627457,-0.8246170074001217,0.9605857585950952,0.0,1,SEARCH,0.0,0.0,0.0,-0.0
13604,DYNAMIC,0.7533576488494873,0.1468752920627594,3.2954208850860596,33.9,2.0,0.9591197257184818,-0.8263217050561791,1.2659850743627457,-0.8211833106959916,0.9635227961722634,0.0,1,SEARCH,0.0,0.0,0.0,-0.0
13650,DYNAMIC,0.7508387565612793,0.1461603343486786,3.2996859550476074,33.07,2.0,0.9387848644026907,-0.7933426681420293,1.2291092753397854,-0.8021771650595695,0.9312472317184544,0.0,1,SEARCH,0.0,0.0,0.0,-0.0
13704,DYNAMIC,0.747272253036499,0.14401236176490784,3.308166265487671,33.07,2.0,0.9387848644026907,-0.7933426681420293,1.2291092753397854,-0.7942511497146556,0.9380163761380931,0.0,1,SEARCH,0.0,0.0,0.0,-0.0
13750,DYNAMIC,0.7448501586914062,0.14179274439811707,3.3140480518341064,33.07,2.0,0.9387848644026907,-0.7933426681420293,1.2291092753397854,-0.7887202309296765,0.9426717392860201,0.0,1,SEARCH,0.0,0.0,0.0,-0.0
13803,DYNAMIC,0.7417926788330078,0.138057142496109,3.3231513500213623,33.07,2.0,0.9387848644026907,-0.7933426681420293,1.2291092753397854,-0.7801062471055362,0.9498125362160726,0.0,1,SEARCH,0.0,0.0,0.0,-0.0
13850,DYNAMIC,0.7401208877563477,0.135483056306839,3.3287293910980225,33.07,2.0,0.9387848644026907,-0.7933426681420293,1.2291092753397854,-0.7747960449450527,0.9541492018881513,0.0,1,SEARCH,0.0,0.0,0.0,-0.0
13902,DYNAMIC,0.7374293804168701,0.13171681761741638,3.3358657360076904,33.07,2.0,0.9387848644026907,-0.7933426681420293,1.2291092753397854,-0.7679672358426964,0.9596540706934038,0.0,1,SEARCH,0.0,0.0,0.0,-0.0
13950,DYNAMIC,0.735440731048584,0.12938842177391052,3.338590145111084,33.07,2.0,0.9387848644026907,-0.7933426681420293,1.2291092753397854,-0.765349898710542,0.961742763565214,0.0,1,SEARCH,0.0,0.0,0.0,-0.0
14002,DYNAMIC,0.732750654220581,0.12621358036994934,3.337735652923584,33.07,2.0,0.9387848644026907,-0.7933426681420293,1.2291092753397854,-0.7661714208756487,0.961088427024112,0.0,1,SEARCH,0.0,0.0,0.0,-0.0
14050,DYNAMIC,0.731109619140625,0.12439891695976257,3.334291934967041,33.07,2.0,0.9387848644026907,-0.7933426681420293,1.2291092753397854,-0.7694765887248325,0.9584442550981707,0.0,1,SEARCH,0.0,0.0,0.0,-0.0
14106,DYNAMIC,0.7281768321990967,0.12221494317054749,3.3248627185821533,33.07,2.0,0.9387848644026907,-0.7933426681420293,1.2291092753397854,-0.7784796262054314,0.9511461939730108,0.0,1,SEARCH,0.0,0.0,0.0,-0.0
14153,DYNAMIC,0.7260162830352783,0.12120899558067322,3.3153798580169678,33.07,2.0,0.9387848644026907,-0.7933426681420293,1.2291092753397854,-0.7874640757705487,0.9437213254436545,0.0,1,SEARCH,0.0,0.0,0.0,-0.0
14201,DYNAMIC,0.7233989238739014,0.12088784575462341,3.29777455329895,34.85,2.0,1.0073039194636684,-0.6661989142696317,1.2076763554615553,-0.8914176745393845,0.8147740233093472,0.0,1,SEARCH,0.0,0.0,0.0,-0.0
14250,DYNAMIC,0.7220754623413086,0.12160107493400574,3.285757303237915,34.85,2.0,1.0073039194636684,-0.6661989142696317,1.2076763554615553,-0.901144416099417,0.8040030602390426,0.0,1,SEARCH,0.0,0.0,0.0,-0.0
14301,DYNAMIC,0.7206165790557861,0.12266752123832703,3.2700817584991455,34.85,2.0,1.0073039194636684,-0.6661989142696317,1.2076763554615553,-0.9136363723447939,0.7897789302517192,0.0,1,SEARCH,0.0,0.0,0.0,-0.0
14350,DYNAMIC,0.7200126647949219,0.12293335795402527,3.262564182281494,34.85,2.0,1.0073039194636684,-0.6661989142696317,1.2076763554615553,-0.9195477232460062,0.7828883472207202,0.0,1,SEARCH,0.0,0.0,0.0,-0.0
14403,DYNAMIC,0.7196559906005859,0.12348958849906921,3.2555880546569824,34.85,2.0,1.0073039194636684,-0.6661989142696317,1.2076763554615553,-0.9249868325453062,0.776454466893395,0.0,1,SEARCH,0.0,0.0,0.0,-0.0
14450,DYNAMIC,0.719773530960083,0.12386909127235413,3.2538063526153564,34.85,2.0,1.0073039194636684,-0.6661989142696317,1.2076763554615553,-0.9263687741548061,0.7748051844249797,0.0,1,SEARCH,0.0,0.0,0.0,-0.0
14504,DYNAMIC,0.7199404239654541,0.12272617220878601,3.2539966106414795,34.85,2.0,1.0073039194636684,-0.6661989142696317,1.2076763554615553,-0.9262213444842744,0.7749814194951049,0.0,1,SEARCH,0.0,0.0,0.0,-0.0
14550,DYNAMIC,0.720106840133667,0.12098458409309387,3.25467586517334,34.85,2.0,1.0073039194636684,-0.6661989142696317,1.2076763554615553,-0.9256947212103491,0.7756103807094118,0.0,1,SEARCH,0.0,0.0,0.0,-0.0
14603,DYNAMIC,0.7211730480194092,0.11795422434806824,3.2551987171173096,34.85,2.0,1.0073039194636684,-0.6661989142696317,1.2076763554615553,-0.9252890653030057,0.7760942759559529,0.0,1,SEARCH,0.0,0.0,0.0,-0.0
14650,DYNAMIC,0.721735954284668,0.11679485440254211,3.254359722137451,34.85,2.0,1.0073039194636684,-0.6661989142696317,1.2076763554615553,-0.9259398787667528,0.7753176900150774,0.0,1,SEARCH,0.0,0.0,0.0,-0.0
14701,DYNAMIC,0.722470760345459,0.11423483490943909,3.2524187564849854,34.85,2.0,1.0073039194636684,-0.6661989142696317,1.2076763554615553,-0.9274429986597579,0.7735190131974141,0.0,1,SEARCH,0.0,0.0,0.0,-0.0
14752,DYNAMIC,0.7225723266601562,0.113382488489151,3.2500524520874023,34.85,2.0,1.0073039194636684,-0.6661989142696317,1.2076763554615553,-0.9292707818347998,0.7713222371804437,0.0,1,SEARCH,0.0,0.0,0.0,-0.0
14811,DYNAMIC,0.7225031852722168,0.1122373640537262,3.2443978786468506,34.85,2.0,1.0073039194636684,-0.6661989142696317,1.2076763554615553,-0.9336174005230338,0.7660553041272657,0.0,1,SEARCH,0.0,0.0,0.0,-0.0
14850,DYNAMIC,0.7222893238067627,0.11145070195198059,3.2399680614471436,29.84,2.0,0.9344714791532779,-0.6002136290364042,1.110627455914883,-0.8710022798557091,0.6890924279936056,0.0,1,SEARCH,0.0,0.0,0.0,-0.0
14902,DYNAMIC,0.7208991050720215,0.10969200730323792,3.231954574584961,29.84,2.0,0.9344714791532779,-0.6002136290364042,1.110627455914883,-0.8764962878947843,0.6820906121173556,0.0,1,SEARCH,0.0,0.0,0.0,-0.0
14950,DYNAMIC,0.7192831039428711,0.10827705264091492,3.226280689239502,29.84,2.0,0.9344714791532779,-0.6002136290364042,1.110627455914883,-0.8803522625845047,0.6771065201239083,0.0,1,SEARCH,0.0,0.0,0.0,-0.0
15002,DYNAMIC,0.7167346477508545,0.1066487729549408,3.2170510292053223,29.84,2.0,0.9344714791532779,-0.6002136290364042,1.110627455914883,-0.8865641399915543,0.6689524433866737,0.0,1,SEARCH,0.0,0.0,0.0,-0.0
15050,DYNAMIC,0.7149991989135742,0.105589359998703,3.211232900619507,29.84,2.0,0.9344714791532779,-0.6002136290364042,1.110627455914883,-0.8904411640362693,0.6637830061260225,0.0,1,SEARCH,0.0,0.0,0.0,-0.0
15102,DYNAMIC,0.7120397090911865,0.10362926125526428,3.2023444175720215,29.84,2.0,0.9344714791532779,-0.6002136290364042,1.110627455914883,-0.8963059358662675,0.6558422181918908,0.0,1,SEARCH,0.0,0.0,0.0,-0.0
15150,DYNAMIC,0.7098462581634521,0.10225853323936462,3.1966867446899414,29.84,2.0,0.9344714791532779,-0.6002136290364042,1.110627455914883,-0.9000021117961085,0.6507607429728,0.0,1,SEARCH,0.0,0.0,0.0,-0.0
15203,DYNAMIC,0.706740140914917,0.10038819909095764,3.189453363418579,29.84,2.0,0.9344714791532779,-0.6002136290364042,1.110627455914883,-0.9046857265537033,0.6442337169086725,0.0,1,SEARCH,0.0,0.0,0.0,-0.0
15250,DYNAMIC,0.7047054767608643,0.09948232769966125,3.1863698959350586,29.84,2.0,0.9344714791532779,-0.6002136290364042,1.110627455914883,-0.9066678963544804,0.6414410896973363,0.0,1,SEARCH,0.0,0.0,0.0,-0.0
15301,DYNAMIC,0.7010631561279297,0.09839007258415222,3.184154748916626,29.84,2.0,0.9344714791532779,-0.6002136290364042,1.110627455914883,-0.9080865570571024,0.6394311149171138,0.0,1,SEARCH,0.0,0.0,0.0,-0.0
15358,DYNAMIC,0.6981990337371826,0.09796831011772156,3.1851046085357666,29.84,2.0,0.9344714791532779,-0.6002136290364042,1.110627455914883,-0.9074787777002191,0.640293381080643,0.0,1,SEARCH,0.0,0.0,0.0,-0.0
15402,DYNAMIC,0.6936099529266357,0.09864410758018494,3.1878130435943604,29.84,2.0,0.9344714791532779,-0.6002136290364042,1.110627455914883,-0.9057412583214316,0.6427488769389449,0.0,1,SEARCH,0.0,0.0,0.0,-0.0
15450,DYNAMIC,0.6903719902038574,0.09972164034843445,3.1904094219207764,33.41,2.0,0.7360354230670995,-0.7855807687041471,1.0765153450682265,-0.6968242981573463,0.8205615063265425,0.0,1,SEARCH,0.0,0.0,0.0,-0.0
15503,DYNAMIC,0.6848948001861572,0.10140028595924377,3.194979429244995,33.41,2.0,0.7360354230670995,-0.7855807687041471,1.0765153450682265,-0.6930670625529037,0.8237374187031037,0.0,1,SEARCH,0.0,0.0,0.0,-0.0
15550,DYNAMIC,0.6808557510375977,0.10257866978645325,3.1983489990234375,33.41,2.0,0.7360354230670995,-0.7855807687041471,1.0765153450682265,-0.6902874925557424,0.8260680757591765,0.0,1,SEARCH,0.0,0.0,0.0,-0.0
15602,DYNAMIC,0.6745109558105469,0.1048724353313446,3.203977346420288,33.41,2.0,0.7360354230670995,-0.7855807687041471,1.0765153450682265,-0.6856271854630347,0.8299401488790623,0.0,1,SEARCH,0.0,0.0,0.0,-0.0
15650,DYNAMIC,0.6700470447540283,0.10681256651878357,3.207852840423584,33.41,2.0,0.7360354230670995,-0.7855807687041471,1.0765153450682265,-0.6824056165779889,0.8325910536573027,0.0,1,SEARCH,0.0,0.0,0.0,-0.0
15705,DYNAMIC,0.6632459163665771,0.10970589518547058,3.21260929107666,33.41,2.0,0.7360354230670995,-0.7855807687041471,1.0765153450682265,-0.6784377339521281,0.8358274518806283,0.0,1,SEARCH,0.0,0.0,0.0,-0.0
15750,DYNAMIC,0.6587944030761719,0.11148467659950256,3.2151408195495605,33.41,2.0,0.7360354230670995,-0.7855807687041471,1.0765153450682265,-0.6763196412900673,0.8375422562310735,0.0,1,SEARCH,0.0,0.0,0.0,-0.0
15801,DYNAMIC,0.6513197422027588,0.11521056294441223,3.2169601917266846,33.41,2.0,0.7360354230670995,-0.7855807687041471,1.0765153450682265,-0.674794721704948,0.8387713465101823,0.0,1,SEARCH,0.0,0.0,0.0,-0.0
15850,DYNAMIC,0.6458327770233154,0.11821624636650085,3.217656135559082,33.41,2.0,0.7360354230670995,-0.7855807687041471,1.0765153450682265,-0.6742108205923787,0.8392407625726445,0.0,1,SEARCH,0.0,0.0,0.0,-0.0
15903,DYNAMIC,0.6366517543792725,0.12272652983665466,3.2176363468170166,33.41,2.0,0.7360354230670995,-0.7855807687041471,1.0765153450682265,-0.6742274279793504,0.8392274206242981,0.0,1,SEARCH,0.0,0.0,0.0,-0.0
15950,DYNAMIC,0.6303665637969971,0.12580636143684387,3.216623306274414,33.41,2.0,0.7360354230670995,-0.7855807687041471,1.0765153450682265,-0.6750772532721877,0.8385439703926332,0.0,1,SEARCH,0.0,0.0,0.0,-0.0
16004,DYNAMIC,0.6212220191955566,0.13026335835456848,3.215778112411499,33.41,2.0,0.7360354230670995,-0.7855807687041471,1.0765153450682265,-0.6757857442837637,0.8379730998010629,0.0,1,SEARCH,0.0,0.0,0.0,-0.0
16050,DYNAMIC,0.6155092716217041,0.13297399878501892,3.2160186767578125,33.41,2.0,0.7360354230670995,-0.7855807687041471,1.0765153450682265,-0.6755841382804586,0.8381356455080602,0.0,1,SEARCH,0.0,0.0,0.0,-0.0
16101,DYNAMIC,0.6071228981018066,0.1367304027080536,3.2176342010498047,33.41,2.0,0.7360354230670995,-0.7855807687041471,1.0765153450682265,-0.6742292287644808,0.8392259738872577,0.0,1,SEARCH,0.0,0.0,0.0,-0.0
16152,DYNAMIC,0.6014857292175293,0.13910773396492004,3.220120668411255,33.41,2.0,0.7360354230670995,-0.7855807687041471,1.0765153450682265,-0.6721404387049622,0.8408998268669483,0.0,1,SEARCH,0.0,0.0,0.0,-0.0
16207,DYNAMIC,0.5935072898864746,0.14254185557365417,3.2273478507995605,33.41,2.0,0.7360354230670995,-0.7855807687041471,1.0765153450682265,-0.6660456015923333,0.8457355052064857,0.0,1,SEARCH,0.0,0.0,0.0,-0.0
16250,DYNAMIC,0.5886139869689941,0.1449892222881317,3.234281063079834,37.41,2.0,0.5640915074552302,-0.8564913955362545,1.02556167021333,-0.4823969433700852,0.9050248220010066,0.0,1,SEARCH,0.0,0.0,0.0,-0.0
16302,DYNAMIC,0.5819714069366455,0.14882054924964905,3.2471868991851807,37.41,2.0,0.5640915074552302,-0.8564913955362545,1.02556167021333,-0.4706769919782883,0.9111750153691798,0.0,1,SEARCH,0.0,0.0,0.0,-0.0
16350,DYNAMIC,0.5780003070831299,0.15103760361671448,3.2565205097198486,37.41,2.0,0.5640915074552302,-0.8564913955362545,1.02556167021333,-0.4621520610694193,0.9155283785115799,0.0,1,SEARCH,0.0,0.0,0.0,-0.0
16402,DYNAMIC,0.572904109954834,0.1536891758441925,3.2687602043151855,37.41,2.0,0.5640915074552302,-0.8564913955362545,1.02556167021333,-0.4509119360144831,0.9211162605070141,0.0,1,SEARCH,0.0,0.0,0.0,-0.0
16450,DYNAMIC,0.5702407360076904,0.15519514679908752,3.2751126289367676,37.41,2.0,0.5640915074552302,-0.8564913955362545,1.02556167021333,-0.4450515558937762,0.9239620403497558,0.0,1,SEARCH,0.0,0.0,0.0,-0.0
16502,DYNAMIC,0.567680835723877,0.15724614262580872,3.282409191131592,37.41,2.0,0.5640915074552302,-0.8564913955362545,1.02556167021333,-0.43829802204233903,0.9271847622154541,0.0,1,SEARCH,0.0,0.0,0.0,-0.0
16550,DYNAMIC,0.5667362213134766,0.1585780680179596,3.286508798599243,37.41,2.0,0.5640915074552302,-0.8564913955362545,1.02556167021333,-0.43449325593025584,0.9289738155415792,0.0,1,SEARCH,0.0,0.0,0.0,-0.0
16603,DYNAMIC,0.5664198398590088,0.16026315093040466,3.2922163009643555,37.41,2.0,0.5640915074552302,-0.8564913955362545,1.02556167021333,-0.4291840875510846,0.9314385424727161,0.0,1,SEARCH,0.0,0.0,0.0,-0.0
16650,DYNAMIC,0.5670537948608398,0.1613856852054596,3.29524564743042,37.41,2.0,0.5640915074552302,-0.8564913955362545,1.02556167021333,-0.4263604725129656,0.9327344139085227,0.0,1,SEARCH,0.0,0.0,0.0,-0.0
16707,DYNAMIC,0.5689005851745605,0.16286912560462952,3.2990713119506836,37.41,2.0,0.5640915074552302,-0.8564913955362545,1.02556167021333,-0.4227890322229095,0.9343586964559009,0.0,1,SEARCH,0.0,0.0,0.0,-0.0
16750,DYNAMIC,0.5705013275146484,0.16320660710334778,3.3002846240997314,37.41,2.0,0.5640915074552302,-0.8564913955362545,1.02556167021333,-0.42165505254367797,0.9348709836523663,0.0,1,SEARCH,0.0,0.0,0.0,-0.0
16803,DYNAMIC,0.5744380950927734,0.16242089867591858,3.301146984100342,37.41,2.0,0.5640915074552302,-0.8564913955362545,1.02556167021333,-0.4208487005165738,0.9352342544433806,0.0,1,SEARCH,0.0,0.0,0.0,-0.0
16854,DYNAMIC,0.5780320167541504,0.16125938296318054,3.30195689201355,37.41,2.0,0.5640915074552302,-0.8564913955362545,1.02556167021333,-0.4200911089479864,0.935574796365104,0.0,1,SEARCH,0.0,0.0,0.0,-0.0
16904,DYNAMIC,0.582129716873169,0.1596912443637848,3.302776336669922,37.41,2.0,0.5640915074552302,-0.8564913955362545,1.02556167021333,-0.4193243162228826,0.9359187236266656,0.0,1,SEARCH,0.0,0.0,0.0,-0.0
16950,DYNAMIC,0.5889902114868164,0.15609142184257507,3.303112506866455,38.39,2.0,0.6779946802618202,-0.6831826098058873,0.962504683003938,-0.5593015264831911,0.7833243691333006,0.0,1,SEARCH,0.0,0.0,0.0,-0.0
17001,DYNAMIC,0.5965652465820312,0.15278562903404236,3.301938772201538,38.39,2.0,0.6779946802618202,-0.6831826098058873,0.962504683003938,-0.5602205559763247,0.7826673581197114,0.0,1,SEARCH,0.0,0.0,0.0,-0.0
17050,DYNAMIC,0.6017227172851562,0.1512313187122345,3.299516201019287,38.39,2.0,0.6779946802618202,-0.6831826098058873,0.962504683003938,-0.5621149775840533,0.7813078885946246,0.0,1,SEARCH,0.0,0.0,0.0,-0.0
17102,DYNAMIC,0.6088347434997559,0.1485671103000641,3.2946672439575195,38.39,2.0,0.6779946802618202,-0.6831826098058873,0.962504683003938,-0.5658968828228443,0.7785730426979214,0.0,1,SEARCH,0.0,0.0,0.0,-0.0
17150,DYNAMIC,0.6129827499389648,0.14655336737632751,3.291253089904785,38.39,2.0,0.6779946802618202,-0.6831826098058873,0.962504683003938,-0.56855174779723,0.7766364496218459,0.0,1,SEARCH,0.0,0.0,0.0,-0.0
17201,DYNAMIC,0.6186797618865967,0.14373114705085754,3.2872729301452637,38.39,2.0,0.6779946802618202,-0.6831826098058873,0.962504683003938,-0.5716383733812109,0.7743673772070944,0.0,1,SEARCH,0.0,0.0,0.0,-0.0
17250,DYNAMIC,0.6221191883087158,0.14207223057746887,3.2846767902374268,38.39,2.0,0.6779946802618202,-0.6831826098058873,0.962504683003938,-0.573646810770435,0.772880716085878,0.0,1,SEARCH,0.0,0.0,0.0,-0.0
17301,DYNAMIC,0.6266005039215088,0.13918235898017883,3.2783873081207275,38.39,2.0,0.6779946802618202,-0.6831826098058873,0.962504683003938,-0.5784964521603753,0.7692575119180636,0.0,1,SEARCH,0.0,0.0,0.0,-0.0
17350,DYNAMIC,0.629159688949585,0.13678720593452454,3.2730493545532227,38.39,2.0,0.6779946802618202,-0.6831826098058873,0.962504683003938,-0.5825944517934384,0.766158579893232,0.0,1,SEARCH,0.0,0.0,0.0,-0.0
17403,DYNAMIC,0.6324846744537354,0.13383105397224426,3.2630255222320557,38.39,2.0,0.6779946802618202,-0.6831826098058873,0.962504683003938,-0.5902448998333644,0.7602803581740176,0.0,1,SEARCH,0.0,0.0,0.0,-0.0
17450,DYNAMIC,0.6344394683837891,0.1326855719089508,3.2559828758239746,38.39,2.0,0.6779946802618202,-0.6831826098058873,0.962504683003938,-0.595584603626128,0.7561046519682437,0.0,1,SEARCH,0.0,0.0,0.0,-0.0
17501,DYNAMIC,0.6366455554962158,0.1315164864063263,3.247159004211426,38.39,2.0,0.6779946802618202,-0.6831826098058873,0.962504683003938,-0.6022331012532737,0.7508199228572555,0.0,1,SEARCH,0.0,0.0,0.0,-0.0
17550,DYNAMIC,0.6376214027404785,0.13085541129112244,3.2431867122650146,38.39,2.0,0.6779946802618202,-0.6831826098058873,0.962504683003938,-0.6052108179996725,0.7484217598257538,0.0,1,SEARCH,0.0,0.0,0.0,-0.0
17604,DYNAMIC,0.6383893489837646,0.13036063313484192,3.240812301635742,38.39,2.0,0.6779946802618202,-0.6831826098058873,0.962504683003938,-0.6069861708757975,0.7469826324420455,0.0,1,SEARCH,0.0,0.0,0.0,-0.0
17651,DYNAMIC,0.6382691860198975,0.13010069727897644,3.2415218353271484,38.39,2.0,0.6779946802618202,-0.6831826098058873,0.962504683003938,-0.6064560087856922,0.7474131215146276,0.0,1,SEARCH,0.0,0.0,0.0,-0.0
17702,DYNAMIC,0.637380838394165,0.128316730260849,3.245638608932495,31.65,2.0,0.7602006830509871,-0.505434793318626,0.9128906883128064,-0.7035959803872953,0.5816546270692518,0.0,1,SEARCH,0.0,0.0,0.0,-0.0
17750,DYNAMIC,0.6363992691040039,0.12651732563972473,3.247915744781494,31.65,2.0,0.7602006830509871,-0.505434793318626,0.9128906883128064,-0.7022696507348284,0.5832553012746747,0.0,1,SEARCH,0.0,0.0,0.0,-0.0
17803,DYNAMIC,0.6345164775848389,0.124429851770401,3.249178886413574,31.65,2.0,0.7602006830509871,-0.505434793318626,0.9128906883128064,-0.7015323566326264,0.5841419017719093,0.0,1,SEARCH,0.0,0.0,0.0,-0.0
17850,DYNAMIC,0.6331465244293213,0.1237693727016449,3.247748374938965,31.65,2.0,0.7602006830509871,-0.505434793318626,0.9128906883128064,-0.7023672602460794,0.5831377543450995,0.0,1,SEARCH,0.0,0.0,0.0,-0.0
17903,DYNAMIC,0.6312673091888428,0.12283501029014587,3.2437124252319336,31.65,2.0,0.7602006830509871,-0.505434793318626,0.9128906883128064,-0.7047150481217666,0.5802982937756803,0.0,1,SEARCH,0.0,0.0,0.0,-0.0
17950,DYNAMIC,0.6298344135284424,0.12223425507545471,3.240227699279785,31.65,2.0,0.7602006830509871,-0.505434793318626,0.9128906883128064,-0.7067329457693501,0.5778390365598418,0.0,1,SEARCH,0.0,0.0,0.0,-0.0
18005,DYNAMIC,0.6273291110992432,0.12201681733131409,3.234893798828125,31.65,2.0,0.7602006830509871,-0.505434793318626,0.9128906883128064,-0.7098050136258585,0.5740611913723347,0.0,1,SEARCH,0.0,0.0,0.0,-0.0
18050,DYNAMIC,0.6254227161407471,0.12217548489570618,3.231381416320801,31.65,2.0,0.7602006830509871,-0.505434793318626,0.9128906883128064,-0.7118169535990293,0.5715645487407585,0.0,1,SEARCH,0.0,0.0,0.0,-0.0
18103,DYNAMIC,0.6221601963043213,0.12211564183235168,3.2279064655303955,31.65,2.0,0.7602006830509871,-0.505434793318626,0.9128906883128064,-0.7137988105909547,0.5690875739349506,0.0,1,SEARCH,0.0,0.0,0.0,-0.0
18150,DYNAMIC,0.619727611541748,0.12225112318992615,3.227065086364746,31.65,2.0,0.7602006830509871,-0.505434793318626,0.9128906883128064,-0.7142773763067798,0.5684867971242009,0.0,1,SEARCH,0.0,0.0,0.0,-0.0
18202,DYNAMIC,0.6158859729766846,0.12344679236412048,3.227999448776245,31.65,2.0,0.7602006830509871,-0.505434793318626,0.9128906883128064,-0.713745891895523,0.5691539428050147,0.0,1,SEARCH,0.0,0.0,0.0,-0.0
18250,DYNAMIC,0.6131603717803955,0.12486180663108826,3.2294235229492188,31.65,2.0,0.7602006830509871,-0.505434793318626,0.9128906883128064,-0.7129346510054194,0.5701697924338068,0.0,1,SEARCH,0.0,0.0,0.0,-0.0
18302,DYNAMIC,0.6090559959411621,0.12710651755332947,3.2311558723449707,31.65,2.0,0.7602006830509871,-0.505434793318626,0.9128906883128064,-0.7119458484336084,0.5714039881785732,0.0,1,SEARCH,0.0,0.0,0.0,-0.0
18350,DYNAMIC,0.6063013076782227,0.1287202537059784,3.2324392795562744,31.65,2.0,0.7602006830509871,-0.505434793318626,0.9128906883128064,-0.7112119183008806,0.5723172337742513,0.0,1,SEARCH,0.0,0.0,0.0,-0.0
18406,DYNAMIC,0.6019566059112549,0.13209614157676697,3.2319159507751465,31.65,2.0,0.7602006830509871,-0.505434793318626,0.9128906883128064,-0.7115113309767057,0.5719449577537915,0.0,1,SEARCH,0.0,0.0,0.0,-0.0
18451,DYNAMIC,0.5988583564758301,0.1349014937877655,3.230624198913574,31.65,2.0,0.7602006830509871,-0.505434793318626,0.9128906883128064,-0.7122495481131772,0.5710253847429241,0.0,1,SEARCH,0.0,0.0,0.0,-0.0
18504,DYNAMIC,0.5941684246063232,0.1393853724002838,3.2288010120391846,33.3,2.0,0.6304018377985386,-0.6753322062534749,0.9238398486225635,-0.5691861701939763,0.7276724328727006,0.0,1,SEARCH,0.0,0.0,0.0,-0.0
18550,DYNAMIC,0.5909650325775146,0.1426577866077423,3.227996349334717,33.3,2.0,0.6304018377985386,-0.6753322062534749,0.9238398486225635,-0.5697715167296822,0.7272141944616581,0.0,1,SEARCH,0.0,0.0,0.0,-0.0
18605,DYNAMIC,0.5861051082611084,0.14794650673866272,3.2273406982421875,33.3,2.0,0.6304018377985386,-0.6753322062534749,0.9238398486225635,-0.5702481930104061,0.7268404668641721,0.0,1,SEARCH,0.0,0.0,0.0,-0.0
18650,DYNAMIC,0.5827476978302002,0.15178540349006653,3.227682590484619,33.3,2.0,0.6304018377985386,-0.6753322062534749,0.9238398486225635,-0.5699996585698986,0.7270353878135231,0.0,1,SEARCH,0.0,0.0,0.0,-0.0
18703,DYNAMIC,0.5769870281219482,0.15729227662086487,3.2300662994384766,33.3,2.0,0.6304018377985386,-0.6753322062534749,0.9238398486225635,-0.5682650000596546,0.7283920342852204,0.0,1,SEARCH,0.0,0.0,0.0,-0.0
18750,DYNAMIC,0.5729408264160156,0.16047963500022888,3.23368501663208,33.3,2.0,0.6304018377985386,-0.6753322062534749,0.9238398486225635,-0.5656254402908256,0.7304436509401465,0.0,1,SEARCH,0.0,0.0,0.0,-0.0
18801,DYNAMIC,0.5675697326660156,0.1646757423877716,3.240124464035034,33.3,2.0,0.6304018377985386,-0.6753322062534749,0.9238398486225635,-0.5609100921187478,0.7340707966281582,0.0,1,SEARCH,0.0,0.0,0.0,-0.0
18850,DYNAMIC,0.5642614364624023,0.1679305136203766,3.2426750659942627,33.3,2.0,0.6304018377985386,-0.6753322062534749,0.9238398486225635,-0.5590359472176981,0.735499065683548,0.0,1,SEARCH,0.0,0.0,0.0,-0.0
18903,DYNAMIC,0.5589666366577148,0.17389234900474548,3.2450296878814697,33.3,2.0,0.6304018377985386,-0.6753322062534749,0.9238398486225635,-0.5573025769046962,0.7368133438519868,0.0,1,SEARCH,0.0,0.0,0.0,-0.0
18950,DYNAMIC,0.5553202629089355,0.1784323751926422,3.246187448501587,33.3,2.0,0.6304018377985386,-0.6753322062534749,0.9238398486225635,-0.5564491501145458,0.7374580728690687,0.0,1,SEARCH,0.0,0.0,0.0,-0.0
19002,DYNAMIC,0.5501034259796143,0.18512281775474548,3.2497427463531494,33.3,2.0,0.6304018377985386,-0.6753322062534749,0.9238398486225635,-0.5538237557412911,0.7394317503864517,0.0,1,SEARCH,0.0,0.0,0.0,-0.0
19055,DYNAMIC,0.5469393730163574,0.18932780623435974,3.2530834674835205,33.3,2.0,0.6304018377985386,-0.6753322062534749,0.9238398486225635,-0.551350434613774,0.7412777914885644,0.0,1,SEARCH,0.0,0.0,0.0,-0.0
19102,DYNAMIC,0.5422430038452148,0.1947280466556549,3.258263349533081,33.3,2.0,0.6304018377985386,-0.6753322062534749,0.9238398486225635,-0.5475033235843345,0.7441237642805587,0.0,1,SEARCH,0.0,0.0,0.0,-0.0
19150,DYNAMIC,0.5392255783081055,0.19806459546089172,3.2622015476226807,34.01,2.0,0.5705195937426061,-0.7276706787522779,0.9246605991173351,-0.478824153269309,0.7910275935806275,0.0,1,SEARCH,0.0,0.0,0.0,-0.0
19202,DYNAMIC,0.5348052978515625,0.20317867398262024,3.27054500579834,34.01,2.0,0.5705195937426061,-0.7276706787522779,0.9246605991173351,-0.4722076580330651,0.7949950636670375,0.0,1,SEARCH,0.0,0.0,0.0,-0.0
19250,DYNAMIC,0.531688928604126,0.2067323625087738,3.2760090827941895,34.01,2.0,0.5705195937426061,-0.7276706787522779,0.9246605991173351,-0.4678567162784272,0.7975633621181433,0.0,1,SEARCH,0.0,0.0,0.0,-0.0
19302,DYNAMIC,0.5264885425567627,0.2127992808818817,3.281881332397461,34.01,2.0,0.5705195937426061,-0.7276706787522779,0.9246605991173351,-0.4631651854564738,0.8002969664700094,0.0,1,SEARCH,0.0,0.0,0.0,-0.0
19351,DYNAMIC,0.5228643417358398,0.2172662317752838,3.283613681793213,34.01,2.0,0.5705195937426061,-0.7276706787522779,0.9246605991173351,-0.4617780971964631,0.8010981291387734,0.0,1,SEARCH,0.0,0.0,0.0,-0.0
19406,DYNAMIC,0.517735481262207,0.22374871373176575,3.2825090885162354,34.01,2.0,0.5705195937426061,-0.7276706787522779,0.9246605991173351,-0.4626627029103897,0.8005875635404797,0.0,1,SEARCH,0.0,0.0,0.0,-0.0
19450,DYNAMIC,0.514578104019165,0.2277248203754425,3.2797505855560303,34.01,2.0,0.5705195937426061,-0.7276706787522779,0.9246605991173351,-0.4648693629960857,0.799308262754516,0.0,1,SEARCH,0.0,0.0,0.0,-0.0
19503,DYNAMIC,0.5102019309997559,0.2335871160030365,3.273861885070801,34.01,2.0,0.5705195937426061,-0.7276706787522779,0.9246605991173351,-0.46956816268143337,0.796556943448497,0.0,1,SEARCH,0.0,0.0,0.0,-0.0
19550,DYNAMIC,0.5074994564056396,0.2377469837665558,3.2697582244873047,34.01,2.0,0.5705195937426061,-0.7276706787522779,0.9246605991173351,-0.472832999072866,0.7946232934842699,0.0,1,SEARCH,0.0,0.0,0.0,-0.0
19604,DYNAMIC,0.5033917427062988,0.24381080269813538,3.2668755054473877,34.01,2.0,0.5705195937426061,-0.7276706787522779,0.9246605991173351,-0.4751217069618655,0.7932569489980357,0.0,1,SEARCH,0.0,0.0,0.0,-0.0
19650,DYNAMIC,0.5006120204925537,0.24750229716300964,3.268416166305542,34.01,2.0,0.5705195937426061,-0.7276706787522779,0.9246605991173351,-0.47389900363071735,0.7939880086738355,0.0,1,SEARCH,0.0,0.0,0.0,-0.0
19705,DYNAMIC,0.4976632595062256,0.25108322501182556,3.271348237991333,34.01,2.0,0.5705195937426061,-0.7276706787522779,0.9246605991173351,-0.47156894014340023,0.7953740995607409,0.0,1,SEARCH,0.0,0.0,0.0,-0.0
19754,DYNAMIC,0.4926435947418213,0.25561580061912537,3.276573419570923,34.01,2.0,0.5705195937426061,-0.7276706787522779,0.9246605991173351,-0.46740654746473415,0.7978272638529761,0.0,1,SEARCH,0.0,0.0,0.0,-0.0
19802,DYNAMIC,0.4881560802459717,0.2593977153301239,3.2830262184143066,35.64,2.0,0.6289090508931949,-0.7324427273225257,0.9654009235043434,-0.5193823879649141,0.8137818369654748,0.0,1,SEARCH,0.0,0.0,0.0,-0.0
19850,DYNAMIC,0.4853377342224121,0.2614922821521759,3.287001848220825,35.64,2.0,0.6289090508931949,-0.7324427273225257,0.9654009235043434,-0.5161429965823796,0.8158402724688214,0.0,1,SEARCH,0.0,0.0,0.0,-0.0
19903,DYNAMIC,0.4809916019439697,0.26416680216789246,3.2916219234466553,35.64,2.0,0.6289090508931949,-0.7324427273225257,0.9654009235043434,-0.5123682580095675,0.8182161763783946,0.0,1,SEARCH,0.0,0.0,0.0,-0.0
19950,DYNAMIC,0.4781312942504883,0.26595965027809143,3.2935051918029785,35.64,2.0,0.6289090508931949,-0.7324427273225257,0.9654009235043434,-0.5108264296789206,0.8191796517519986,0.0,1,SEARCH,0.0,0.0,0.0,-0.0
20002,DYNAMIC,0.4741551876068115,0.26871463656425476,3.2937796115875244,35.64,2.0,0.6289090508931949,-0.7324427273225257,0.9654009235043434,-0.5106016113440006,0.8193198017843515,0.0,1,SEARCH,0.0,0.0,0.0,-0.0
20050,DYNAMIC,0.4718024730682373,0.2703861892223358,3.2927169799804688,35.64,2.0,0.6289090508931949,-0.7324427273225257,0.9654009235043434,-0.5114719580157607,0.8187767578934828,0.0,1,SEARCH,0.0,0.0,0.0,-0.0
20105,DYNAMIC,0.46861982345581055,0.2729472815990448,3.2887046337127686,35.64,2.0,0.6289090508931949,-0.7324427273225257,0.9654009235043434,-0.5147530480014405,0.816717970095103,0.0,1,SEARCH,0.0,0.0,0.0,-0.0
20150,DYNAMIC,0.46682310104370117,0.27383652329444885,3.284637928009033,35.64,2.0,0.6289090508931949,-0.7324427273225257,0.9654009235043434,-0.5180701339623612,0.8146178732382809,0.0,1,SEARCH,0.0,0.0,0.0,-0.0
20209,DYNAMIC,0.46462154388427734,0.2739080488681793,3.2764790058135986,35.64,2.0,0.6289090508931949,-0.7324427273225257,0.9654009235043434,-0.5246992207160859,0.8103639126238108,0.0,1,SEARCH,0.0,0.0,0.0,-0.0
20250,DYNAMIC,0.4635443687438965,0.27361926436424255,3.269881010055542,35.64,2.0,0.6289090508931949,-0.7324427273225257,0.9654009235043434,-0.5300345386121824,0.8068843355656435,0.0,1,SEARCH,0.0,0.0,0.0,-0.0
20301,DYNAMIC,0.4622058868408203,0.2729906141757965,3.2590949535369873,35.64,2.0,0.6289090508931949,-0.7324427273225257,0.9654009235043434,-0.5387066383596134,0.8011205283166347,0.0,1,SEARCH,0.0,0.0,0.0,-0.0
20355,DYNAMIC,0.4617278575897217,0.2726915180683136,3.2515578269958496,35.64,2.0,0.6289090508931949,-0.7324427273225257,0.9654009235043434,-0.5447294265615553,0.7970375116272497,0.0,1,SEARCH,0.0,0.0,0.0,-0.0
20402,DYNAMIC,0.46175265312194824,0.27265408635139465,3.243901491165161,35.64,2.0,0.6289090508931949,-0.7324427273225257,0.9654009235043434,-0.5508157880011938,0.7928435600997608,0.0,1,SEARCH,0.0,0.0,0.0,-0.0
20450,DYNAMIC,0.4626798629760742,0.27221545577049255,3.2335782051086426,33.46,2.0,0.7098633990836987,-0.7770562632722747,1.0524839579059309,-0.6354851260080897,0.8389762429722402,0.0,1,SEARCH,0.0,0.0,0.0,-0.0
20502,DYNAMIC,0.4645121097564697,0.2701278626918793,3.224700927734375,33.46,2.0,0.7098633990836987,-0.7770562632722747,1.0524839579059309,-0.6429078131324775,0.8333018813506594,0.0,1,SEARCH,0.0,0.0,0.0,-0.0
20550,DYNAMIC,0.4660375118255615,0.2682713568210602,3.220935583114624,33.46,2.0,0.7098633990836987,-0.7770562632722747,1.0524839579059309,-0.6460409169635628,0.8308752104005824,0.0,1,SEARCH,0.0,0.0,0.0,-0.0
20602,DYNAMIC,0.4685060977935791,0.2655983865261078,3.218170642852783,33.46,2.0,0.7098633990836987,-0.7770562632722747,1.0524839579059309,-0.6483357649024352,0.8290857721597372,0.0,1,SEARCH,0.0,0.0,0.0,-0.0
20650,DYNAMIC,0.47022104263305664,0.2638411223888397,3.217477321624756,33.46,2.0,0.7098633990836987,-0.7770562632722747,1.0524839579059309,-0.6489104317964213,0.8286360679786484,0.0,1,SEARCH,0.0,0.0,0.0,-0.0
20704,DYNAMIC,0.4729762077331543,0.260648638010025,3.2174127101898193,33.46,2.0,0.7098633990836987,-0.7770562632722747,1.0524839579059309,-0.6489639698072933,0.8285941392149063,0.0,1,SEARCH,0.0,0.0,0.0,-0.0
20750,DYNAMIC,0.4749023914337158,0.258480042219162,3.217123508453369,33.46,2.0,0.7098633990836987,-0.7770562632722747,1.0524839579059309,-0.6492035735289178,0.82840642305973,0.0,1,SEARCH,0.0,0.0,0.0,-0.0
20803,DYNAMIC,0.4779531955718994,0.25544342398643494,3.215409755706787,33.46,2.0,0.7098633990836987,-0.7770562632722747,1.0524839579059309,-0.6506223032783099,0.8272926327039062,0.0,1,SEARCH,0.0,0.0,0.0,-0.0
20850,DYNAMIC,0.4800989627838135,0.25336953997612,3.2142138481140137,33.46,2.0,0.7098633990836987,-0.7770562632722747,1.0524839579059309,-0.6516112033250576,0.8265139571420458,0.0,1,SEARCH,0.0,0.0,0.0,-0.0
20902,DYNAMIC,0.4833083152770996,0.2502569854259491,3.212418794631958,33.46,2.0,0.7098633990836987,-0.7770562632722747,1.0524839579059309,-0.653093789468959,0.8253429492074238,0.0,1,SEARCH,0.0,0.0,0.0,-0.0
20950,DYNAMIC,0.48552370071411133,0.24829688668251038,3.211242198944092,33.46,2.0,0.7098633990836987,-0.7770562632722747,1.0524839579059309,-0.6540644321358539,0.824573950755259,0.0,1,SEARCH,0.0,0.0,0.0,-0.0
21001,DYNAMIC,0.48890042304992676,0.24513539671897888,3.2102162837982178,33.46,2.0,0.7098633990836987,-0.7770562632722747,1.0524839579059309,-0.6549100306904398,0.8239025023328794,0.0,1,SEARCH,0.0,0.0,0.0,-0.0
21056,DYNAMIC,0.4911320209503174,0.24288561940193176,3.2101213932037354,33.46,2.0,0.7098633990836987,-0.7770562632722747,1.0524839579059309,-0.6549882083400859,0.8238403538215262,0.0,1,SEARCH,0.0,0.0,0.0,-0.0
21102,DYNAMIC,0.49414849281311035,0.23909232020378113,3.2098140716552734,33.46,2.0,0.7098633990836987,-0.7770562632722747,1.0524839579059309,-0.6552413612986396,0.8236390229298506,0.0,1,SEARCH,0.0,0.0,0.0,-0.0
21150,DYNAMIC,0.49641919136047363,0.2352941334247589,3.2096259593963623,35.3,2.0,0.722724773299191,-0.8681522131186168,1.1296102704398183,-0.6620351285749373,0.9152752873403092,0.0,1,SEARCH,0.0,0.0,0.0,-0.0
21201,DYNAMIC,0.4986748695373535,0.23129525780677795,3.208045482635498,35.3,2.0,0.722724773299191,-0.8681522131186168,1.1296102704398183,-0.6634808724432889,0.9142278135043868,0.0,1,SEARCH,0.0,0.0,0.0,-0.0
21250,DYNAMIC,0.5005180835723877,0.22821387648582458,3.2066714763641357,35.3,2.0,0.722724773299191,-0.8681522131186168,1.1296102704398183,-0.6647364005068237,0.9133153239294473,0.0,1,SEARCH,0.0,0.0,0.0,-0.0
21304,DYNAMIC,0.503166675567627,0.22374150156974792,3.2041614055633545,35.3,2.0,0.722724773299191,-0.8681522131186168,1.1296102704398183,-0.6670267901561105,0.9116439131026739,0.0,1,SEARCH,0.0,0.0,0.0,-0.0
21350,DYNAMIC,0.5048704147338867,0.22082027792930603,3.2022018432617188,35.3,2.0,0.722724773299191,-0.8681522131186168,1.1296102704398183,-0.6688119314049883,0.9103350830839425,0.0,1,SEARCH,0.0,0.0,0.0,-0.0
21402,DYNAMIC,0.5073392391204834,0.21653464436531067,3.1991078853607178,35.3,2.0,0.722724773299191,-0.8681522131186168,1.1296102704398183,-0.6716252642104702,0.9082614533036926,0.0,1,SEARCH,0.0,0.0,0.0,-0.0
21450,DYNAMIC,0.508843183517456,0.21363499760627747,3.1975913047790527,35.3,2.0,0.722724773299191,-0.8681522131186168,1.1296102704398183,-0.6730019429910978,0.9072418353522541,0.0,1,SEARCH,0.0,0.0,0.0,-0.0
21502,DYNAMIC,0.5108504295349121,0.2090739905834198,3.19722056388855,35.3,2.0,0.722724773299191,-0.8681522131186168,1.1296102704398183,-0.6733382483776758,0.9069922636686616,0.0,1,SEARCH,0.0,0.0,0.0,-0.0
21550,DYNAMIC,0.5119376182556152,0.20600804686546326,3.197326183319092,35.3,2.0,0.722724773299191,-0.8681522131186168,1.1296102704398183,-0.6732424486157589,0.9070633762119252,0.0,1,SEARCH,0.0,0.0,0.0,-0.0
21602,DYNAMIC,0.5128655433654785,0.20156046748161316,3.1964235305786133,35.3,2.0,0.722724773299191,-0.8681522131186168,1.1296102704398183,-0.674060937474013,0.9064553026237829,0.0,1,SEARCH,0.0,0.0,0.0,-0.0
21650,DYNAMIC,0.5131373405456543,0.19892659783363342,3.1945130825042725,35.3,2.0,0.722724773299191,-0.8681522131186168,1.1296102704398183,-0.6757914421105459,0.9051658907919963,0.0,1,SEARCH,0.0,0.0,0.0,-0.0
21707,DYNAMIC,0.5133888721466064,0.1955106556415558,3.18900203704834,35.3,2.0,0.722724773299191,-0.8681522131186168,1.1296102704398183,-0.6807695648137323,0.9014278466446667,0.0,1,SEARCH,0.0,0.0,0.0,-0.0
21756,DYNAMIC,0.5136063098907471,0.19392922520637512,3.1850905418395996,35.3,2.0,0.722724773299191,-0.8681522131186168,1.1296102704398183,-0.684290278715239,0.89875813072202,0.0,1,SEARCH,0.0,0.0,0.0,-0.0
21801,DYNAMIC,0.5140247344970703,0.19100406765937805,3.173344135284424,36.22,2.0,0.7388493464780861,-0.9953026588147396,1.2395667547311782,-0.7068799154451889,1.018256610376278,0.0,1,SEARCH,0.0,0.0,0.0,-0.0
21850,DYNAMIC,0.5142083168029785,0.18960967659950256,3.165177822113037,36.22,2.0,0.7388493464780861,-0.9953026588147396,1.2395667547311782,-0.7151716550808063,1.01245011887192,0.0,1,SEARCH,0.0,0.0,0.0,-0.0
21900,DYNAMIC,0.5150492191314697,0.18694111704826355,3.1520156860351562,36.22,2.0,0.7388493464780861,-0.9953026588147396,1.2395667547311782,-0.7284353286230986,1.002949505931651,0.0,1,SEARCH,0.0,0.0,0.0,-0.0
21950,DYNAMIC,0.5157580375671387,0.18509170413017273,3.143958330154419,36.22,2.0,0.7388493464780861,-0.9953026588147396,1.2395667547311782,-0.7364927170428709,0.9970477507008351,0.0,1,SEARCH,0.0,0.0,0.0,-0.0
22001,DYNAMIC,0.5168299674987793,0.18273314833641052,3.134719133377075,36.22,2.0,0.7388493464780861,-0.9953026588147396,1.2395667547311782,-0.7456730720485687,0.9902006913027455,0.0,1,SEARCH,0.0,0.0,0.0,-0.0
22050,DYNAMIC,0.5176329612731934,0.18128368258476257,3.131213426589966,36.22,2.0,0.7388493464780861,-0.9953026588147396,1.2395667547311782,-0.7491398360732895,0.9875805007405066,0.0,1,SEARCH,0.0,0.0,0.0,-0.0
22101,DYNAMIC,0.5196382999420166,0.1789933741092682,3.129240036010742,36.22,2.0,0.7388493464780861,-0.9953026588147396,1.2395667547311782,-0.7510872581887008,0.9861002332528701,0.0,1,SEARCH,0.0,0.0,0.0,-0.0
22150,DYNAMIC,0.5211787223815918,0.17778810858726501,3.1290197372436523,36.22,2.0,0.7388493464780861,-0.9953026588147396,1.2395667547311782,-0.7513044766268432,0.9859347457287679,0.0,1,SEARCH,0.0,0.0,0.0,-0.0
22201,DYNAMIC,0.5236272811889648,0.1765201985836029,3.130762815475464,36.22,2.0,0.7388493464780861,-0.9953026588147396,1.2395667547311782,-0.7495847747517669,0.9872428297511852,0.0,1,SEARCH,0.0,0.0,0.0,-0.0
22250,DYNAMIC,0.5253098011016846,0.17593291401863098,3.1325318813323975,36.22,2.0,0.7388493464780861,-0.9953026588147396,1.2395667547311782,-0.7478371051324196,0.9885673490571835,0.0,1,SEARCH,0.0,0.0,0.0,-0.0
22301,DYNAMIC,0.5280606746673584,0.17467787861824036,3.135524034500122,36.22,2.0,0.7388493464780861,-0.9953026588147396,1.2395667547311782,-0.7448758169381227,0.9908005635724826,0.0,1,SEARCH,0.0,0.0,0.0,-0.0
22350,DYNAMIC,0.5301046371459961,0.1734401285648346,3.1374120712280273,36.22,2.0,0.7388493464780861,-0.9953026588147396,1.2395667547311782,-0.7430038225728884,0.9922051496927742,0.0,1,SEARCH,0.0,0.0,0.0,-0.0
22403,DYNAMIC,0.5323882102966309,0.1721222698688507,3.1385180950164795,36.22,2.0,0.7388493464780861,-0.9953026588147396,1.2395667547311782,-0.7419059658440291,0.9930263225513324,0.0,1,SEARCH,0.0,0.0,0.0,-0.0
22451,DYNAMIC,0.536348819732666,0.17025449872016907,3.1386308670043945,36.22,2.0,0.7388493464780861,-0.9953026588147396,1.2395667547311782,-0.7417939755742181,0.9931099824473527,0.0,1,SEARCH,0.0,0.0,0.0,-0.0
22501,DYNAMIC,0.5410807132720947,0.16910597681999207,3.1383986473083496,37.8,2.0,0.6467065659750622,-1.0913208913065127,1.2685466764283049,-0.6501889470876664,1.0892497433381982,0.0,1,SEARCH,0.0,0.0,0.0,-0.0
22550,DYNAMIC,0.5446679592132568,0.16900977492332458,3.1391427516937256,37.8,2.0,0.6467065659750622,-1.0913208913065127,1.2685466764283049,-0.6493782516496895,1.089733250186343,0.0,1,SEARCH,0.0,0.0,0.0,-0.0
22601,DYNAMIC,0.55031418800354,0.1693417727947235,3.142120599746704,37.8,2.0,0.6467065659750622,-1.0913208913065127,1.2685466764283049,-0.6461303172039704,1.0916621654464331,0.0,1,SEARCH,0.0,0.0,0.0,-0.0
22650,DYNAMIC,0.5541152954101562,0.16962847113609314,3.1459741592407227,37.8,2.0,0.6467065659750622,-1.0913208913065127,1.2685466764283049,-0.6419187450277101,1.0941439553638947,0.0,1,SEARCH,0.0,0.0,0.0,-0.0
22701,DYNAMIC,0.5596094131469727,0.16984900832176208,3.1551992893218994,37.8,2.0,0.6467065659750622,-1.0913208913065127,1.2685466764283049,-0.6317979534578108,1.100019098145037,0.0,1,SEARCH,0.0,0.0,0.0,-0.0
22750,DYNAMIC,0.5630674362182617,0.16961327195167542,3.1633784770965576,37.8,2.0,0.6467065659750622,-1.0913208913065127,1.2685466764283049,-0.6227796577727714,1.105149839678642,0.0,1,SEARCH,0.0,0.0,0.0,-0.0
22801,DYNAMIC,0.5678508281707764,0.1687518060207367,3.1779820919036865,37.8,2.0,0.6467065659750622,-1.0913208913065127,1.2685466764283049,-0.606574641311431,1.1141265075363782,0.0,1,SEARCH,0.0,0.0,0.0,-0.0
22850,DYNAMIC,0.5707607269287109,0.1682436764240265,3.1884214878082275,37.8,2.0,0.6467065659750622,-1.0913208913065127,1.2685466764283049,-0.5949109926151834,1.1203979565952964,0.0,1,SEARCH,0.0,0.0,0.0,-0.0
22900,DYNAMIC,0.575798749923706,0.16783979535102844,3.204359292984009,37.8,2.0,0.6467065659750622,-1.0913208913065127,1.2685466764283049,-0.5769795080754305,1.129736835523359,0.0,1,SEARCH,0.0,0.0,0.0,-0.0
22950,DYNAMIC,0.5792202949523926,0.1679183542728424,3.2143843173980713,37.8,2.0,0.6467065659750622,-1.0913208913065127,1.2685466764283049,-0.5656250651244723,1.1354642028616468,0.0,1,SEARCH,0.0,0.0,0.0,-0.0
23000,DYNAMIC,0.5839831829071045,0.16852328181266785,3.228316307067871,37.8,2.0,0.6467065659750622,-1.0913208913065127,1.2685466764283049,-0.5497514082095258,1.1432340352915242,0.0,1,SEARCH,0.0,0.0,0.0,-0.0
23052,DYNAMIC,0.5869359970092773,0.1690365970134735,3.237349510192871,37.8,2.0,0.6467065659750622,-1.0913208913065127,1.2685466764283049,-0.5394020540309691,1.148153340971697,0.0,1,SEARCH,0.0,0.0,0.0,-0.0
23107,DYNAMIC,0.5904922485351562,0.16995516419410706,3.2496397495269775,37.8,2.0,0.6467065659750622,-1.0913208913065127,1.2685466764283049,-0.5252505920991475,1.1546958412399317,0.0,1,SEARCH,0.0,0.0,0.0,-0.0
23152,DYNAMIC,0.592308521270752,0.17039266228675842,3.2569549083709717,37.8,2.0,0.6467065659750622,-1.0913208913065127,1.2685466764283049,-0.516789830513481,1.158507203842577,0.0,1,SEARCH,0.0,0.0,0.0,-0.0
23201,DYNAMIC,0.5942184925079346,0.17048630118370056,3.266057014465332,34.38,2.0,0.675088818070034,-0.9210209839550755,1.1419389498431038,-0.5555279937937752,0.9977039707649931,0.0,1,SEARCH,0.0,0.0,0.0,-0.0
23250,DYNAMIC,0.5948612689971924,0.1700543463230133,3.270678997039795,34.38,2.0,0.675088818070034,-0.9210209839550755,1.1419389498431038,-0.5509107060602416,1.0002609455122082,0.0,1,SEARCH,0.0,0.0,0.0,-0.0
23300,DYNAMIC,0.5951979160308838,0.16947534680366516,3.2762670516967773,34.38,2.0,0.675088818070034,-0.9210209839550755,1.1419389498431038,-0.5453126208712314,1.0033238314160187,0.0,1,SEARCH,0.0,0.0,0.0,-0.0
23350,DYNAMIC,0.5950839519500732,0.16923335194587708,3.278517723083496,34.38,2.0,0.675088818070034,-0.9210209839550755,1.1419389498431038,-0.5430530893928314,1.0045486087142186,0.0,1,SEARCH,0.0,0.0,0.0,-0.0
23400,DYNAMIC,0.5945889949798584,0.1681007444858551,3.278822660446167,34.38,2.0,0.675088818070034,-0.9210209839550755,1.1419389498431038,-0.5427467397457798,1.0047141591836444,0.0,1,SEARCH,0.0,0.0,0.0,-0.0
23450,DYNAMIC,0.5941946506500244,0.16693386435508728,3.2768020629882812,34.38,2.0,0.675088818070034,-0.9210209839550755,1.1419389498431038,-0.5447757532736524,1.0036154362174268,0.0,1,SEARCH,0.0,0.0,0.0,-0.0
23500,DYNAMIC,0.5937690734863281,0.16594788432121277,3.270350933074951,34.38,2.0,0.675088818070034,-0.9210209839550755,1.1419389498431038,-0.5512388259798706,1.0000801577379208,0.0,1,SEARCH,0.0,0.0,0.0,-0.0
23550,DYNAMIC,0.5936369895935059,0.16592666506767273,3.264852523803711,34.38,2.0,0.675088818070034,-0.9210209839550755,1.1419389498431038,-0.5567293156397132,0.9970341189127419,0.0,1,SEARCH,0.0,0.0,0.0,-0.0
23600,DYNAMIC,0.5932228565216064,0.1663523018360138,3.2555058002471924,34.38,2.0,0.675088818070034,-0.9210209839550755,1.1419389498431038,-0.5660238641346133,0.9917870489166976,0.0,1,SEARCH,0.0,0.0,0.0,-0.0
23650,DYNAMIC,0.5927824974060059,0.16652294993400574,3.2489242553710938,34.38,2.0,0.675088818070034,-0.9210209839550755,1.1419389498431038,-0.5725390488717307,0.9880402839387799,0.0,1,SEARCH,0.0,0.0,0.0,-0.0
23700,DYNAMIC,0.5915477275848389,0.1657433807849884,3.2389979362487793,34.38,2.0,0.675088818070034,-0.9210209839550755,1.1419389498431038,-0.5823182845532878,0.9823084956589182,0.0,1,SEARCH,0.0,0.0,0.0,-0.0
23751,DYNAMIC,0.5901575088500977,0.16469398140907288,3.2329623699188232,34.38,2.0,0.675088818070034,-0.9210209839550755,1.1419389498431038,-0.5882364303088974,0.9787760046232317,0.0,1,SEARCH,0.0,0.0,0.0,-0.0
23802,DYNAMIC,0.5870852470397949,0.1629866063594818,3.2257049083709717,34.38,2.0,0.675088818070034,-0.9210209839550755,1.1419389498431038,-0.595324305810987,0.974481162506201,0.0,1,SEARCH,0.0,0.0,0.0,-0.0
23850,DYNAMIC,0.5843148231506348,0.16211631894111633,3.221379518508911,33.95,2.0,0.6729987962038955,-1.0082803947546881,1.2122527517554094,-0.5904955913514173,1.0587122794853672,0.0,1,SEARCH,0.0,0.0,0.0,-0.0
23900,DYNAMIC,0.580364465713501,0.16142091155052185,3.2152347564697266,33.95,2.0,0.6729987962038955,-1.0082803947546881,1.2122527517554094,-0.5969899374765842,1.0550638600057658,0.0,1,SEARCH,0.0,0.0,0.0,-0.0
23950,DYNAMIC,0.5780239105224609,0.1613732874393463,3.2109241485595703,33.95,2.0,0.6729987962038955,-1.0082803947546881,1.2122527517554094,-0.6015323435846256,1.052480676193226,0.0,1,SEARCH,0.0,0.0,0.0,-0.0
24000,DYNAMIC,0.5740749835968018,0.16149422526359558,3.2029926776885986,33.95,2.0,0.6729987962038955,-1.0082803947546881,1.2122527517554094,-0.609861055318632,1.047676585280117,0.0,1,SEARCH,0.0,0.0,0.0,-0.0
24050,DYNAMIC,0.5712213516235352,0.16161921620368958,3.1966755390167236,33.95,2.0,0.6729987962038955,-1.0082803947546881,1.2122527517554094,-0.6164671609818522,1.0438031296990526,0.0,1,SEARCH,0.0,0.0,0.0,-0.0
24100,DYNAMIC,0.5667965412139893,0.16120830178260803,3.1868484020233154,33.95,2.0,0.6729987962038955,-1.0082803947546881,1.2122527517554094,-0.626694825546512,1.0376947189668977,0.0,1,SEARCH,0.0,0.0,0.0,-0.0
24150,DYNAMIC,0.5637753009796143,0.16079214215278625,3.1808505058288574,33.95,2.0,0.6729987962038955,-1.0082803947546881,1.2122527517554094,-0.6329075008709637,1.0339172256422817,0.0,1,SEARCH,0.0,0.0,0.0,-0.0
24200,DYNAMIC,0.5590794086456299,0.1608077585697174,3.1739718914031982,33.95,2.0,0.6729987962038955,-1.0082803947546881,1.2122527517554094,-0.6400043896739144,1.0295392733337967,0.0,1,SEARCH,0.0,0.0,0.0,-0.0
24250,DYNAMIC,0.5558750629425049,0.16101911664009094,3.171043872833252,33.95,2.0,0.6729987962038955,-1.0082803947546881,1.2122527517554094,-0.6430161520068115,1.0276609180059906,0.0,1,SEARCH,0.0,0.0,0.0,-0.0
24300,DYNAMIC,0.5521626472473145,0.1619739830493927,3.168450117111206,33.95,2.0,0.6729987962038955,-1.0082803947546881,1.2122527517554094,-0.6456794874380184,1.0259896362246257,0.0,1,SEARCH,0.0,0.0,0.0,-0.0
24353,DYNAMIC,0.5504226684570312,0.16305753588676453,3.167527198791504,33.95,2.0,0.6729987962038955,-1.0082803947546881,1.2122527517554094,-0.646626116946845,1.0253932899238258,0.0,1,SEARCH,0.0,0.0,0.0,-0.0
24413,DYNAMIC,0.5487768650054932,0.16450557112693787,3.167372703552246,33.95,2.0,0.6729987962038955,-1.0082803947546881,1.2122527517554094,-0.646784527610787,1.0252933770301325,0.0,1,SEARCH,0.0,0.0,0.0,-0.0
24451,DYNAMIC,0.5459597110748291,0.1675986349582672,3.168567657470703,33.95,2.0,0.6729987962038955,-1.0082803947546881,1.2122527517554094,-0.6455588877873453,1.0260655225361233,0.0,1,SEARCH,0.0,0.0,0.0,-0.0
24501,DYNAMIC,0.5443515777587891,0.16971299052238464,3.1708641052246094,35.21,2.0,0.35010194930079047,-1.18192366835419,1.2326860641380022,-0.3153602919993591,1.1916638867357345,0.0,1,SEARCH,0.0,0.0,0.0,-0.0
24550,DYNAMIC,0.5432848930358887,0.17146363854408264,3.1731252670288086,35.21,2.0,0.35010194930079047,-1.18192366835419,1.2326860641380022,-0.3126649432363458,1.1923739203752535,0.0,1,SEARCH,0.0,0.0,0.0,-0.0
24601,DYNAMIC,0.5417630672454834,0.17449161410331726,3.1778550148010254,35.21,2.0,0.35010194930079047,-1.18192366835419,1.2326860641380022,-0.30702183913845016,1.193839404196428,0.0,1,SEARCH,0.0,0.0,0.0,-0.0
24650,DYNAMIC,0.5409409999847412,0.17674019932746887,3.1816539764404297,35.21,2.0,0.35010194930079047,-1.18192366835419,1.2326860641380022,-0.3024842844636604,1.1949971507800954,0.0,1,SEARCH,0.0,0.0,0.0,-0.0
24701,DYNAMIC,0.5405347347259521,0.18023130297660828,3.1873583793640137,35.21,2.0,0.35010194930079047,-1.18192366835419,1.2326860641380022,-0.2956626547546049,1.1967031909807453,0.0,1,SEARCH,0.0,0.0,0.0,-0.0
24750,DYNAMIC,0.5407159328460693,0.18260458111763,3.191572427749634,35.21,2.0,0.35010194930079047,-1.18192366835419,1.2326860641380022,-0.2906170793152858,1.1979384983922554,0.0,1,SEARCH,0.0,0.0,0.0,-0.0
24801,DYNAMIC,0.5407772064208984,0.18578383326530457,3.197605848312378,35.21,2.0,0.35010194930079047,-1.18192366835419,1.2326860641380022,-0.2833841668673549,1.1996700991059723,0.0,1,SEARCH,0.0,0.0,0.0,-0.0
24850,DYNAMIC,0.5405476093292236,0.18781021237373352,3.2011301517486572,35.21,2.0,0.35010194930079047,-1.18192366835419,1.2326860641380022,-0.27915441425201193,1.200661378459245,0.0,1,SEARCH,0.0,0.0,0.0,-0.0
24901,DYNAMIC,0.5404617786407471,0.19089451432228088,3.2060887813568115,35.21,2.0,0.35010194930079047,-1.18192366835419,1.2326860641380022,-0.2731973716709942,1.2020308352251614,0.0,1,SEARCH,0.0,0.0,0.0,-0.0
24950,DYNAMIC,0.540431022644043,0.19328859448432922,3.208707571029663,35.21,2.0,0.35010194930079047,-1.18192366835419,1.2326860641380022,-0.27004857252993886,1.2027421590659326,0.0,1,SEARCH,0.0,0.0,0.0,-0.0
25007,DYNAMIC,0.5400762557983398,0.1972619593143463,3.2125632762908936,35.21,2.0,0.35010194930079047,-1.18192366835419,1.2326860641380022,-0.26540915741857585,1.2037744439380662,0.0,1,SEARCH,0.0,0.0,0.0,-0.0
25050,DYNAMIC,0.5395512580871582,0.19988486170768738,3.215336322784424,35.21,2.0,0.35010194930079047,-1.18192366835419,1.2326860641380022,-0.26207001872678104,1.2045058065466447,0.0,1,SEARCH,0.0,0.0,0.0,-0.0
25102,DYNAMIC,0.5386528968811035,0.20459535717964172,3.219407558441162,35.21,2.0,0.35010194930079047,-1.18192366835419,1.2326860641380022,-0.2571640333881889,1.2055627701001541,0.0,1,SEARCH,0.0,0.0,0.0,-0.0
25150,DYNAMIC,0.5377860069274902,0.20784911513328552,3.2225329875946045,33.5,2.0,0.14583181829662006,-1.218343661151638,1.2270404214597317,-0.046848878828308946,1.2261457411126158,0.0,1,SEARCH,0.0,0.0,0.0,-0.0
25201,DYNAMIC,0.535818338394165,0.21227732300758362,3.2278659343719482,33.5,2.0,0.14583181829662006,-1.218343661151638,1.2270404214597317,-0.04030927364770749,1.2263781465576067,0.0,1,SEARCH,0.0,0.0,0.0,-0.0
25250,DYNAMIC,0.5341949462890625,0.21487197279930115,3.231337308883667,33.5,2.0,0.14583181829662006,-1.218343661151638,1.2270404214597317,-0.03605182148622074,1.22651068567037,0.0,1,SEARCH,0.0,0.0,0.0,-0.0
25301,DYNAMIC,0.5315661430358887,0.21839609742164612,3.2351233959198,33.5,2.0,0.14583181829662006,-1.218343661151638,1.2270404214597317,-0.03140789798231393,1.2266383900075883,0.0,1,SEARCH,0.0,0.0,0.0,-0.0
25350,DYNAMIC,0.5297567844390869,0.22051605582237244,3.2357919216156006,33.5,2.0,0.14583181829662006,-1.218343661151638,1.2270404214597317,-0.030587851741708694,1.2266591128842208,0.0,1,SEARCH,0.0,0.0,0.0,-0.0
25401,DYNAMIC,0.5269126892089844,0.22345289587974548,3.2333266735076904,33.5,2.0,0.14583181829662006,-1.218343661151638,1.2270404214597317,-0.033611774787749266,1.2265799788402276,0.0,1,SEARCH,0.0,0.0,0.0,-0.0
25450,DYNAMIC,0.5248594284057617,0.22519513964653015,3.2302935123443604,33.5,2.0,0.14583181829662006,-1.218343661151638,1.2270404214597317,-0.037332029223445556,1.2264723867621872,0.0,1,SEARCH,0.0,0.0,0.0,-0.0
25500,DYNAMIC,0.5226700305938721,0.22842618823051453,3.225034713745117,33.5,2.0,0.14583181829662006,-1.218343661151638,1.2270404214597317,-0.04378125455822307,1.2262591070591011,0.0,1,SEARCH,0.0,0.0,0.0,-0.0
25550,DYNAMIC,0.52152419090271,0.23089829087257385,3.22164249420166,33.5,2.0,0.14583181829662006,-1.218343661151638,1.2270404214597317,-0.04794073479017587,1.2261035363475035,0.0,1,SEARCH,0.0,0.0,0.0,-0.0
25601,DYNAMIC,0.5195610523223877,0.23422721028327942,3.2171146869659424,33.5,2.0,0.14583181829662006,-1.218343661151638,1.2270404214597317,-0.05349178486843431,1.2258739025069687,0.0,1,SEARCH,0.0,0.0,0.0,-0.0
25652,DYNAMIC,0.5179376602172852,0.23612913489341736,3.2147011756896973,33.5,2.0,0.14583181829662006,-1.218343661151638,1.2270404214597317,-0.056450286687277154,1.2257412292278498,0.0,1,SEARCH,0.0,0.0,0.0,-0.0
25701,DYNAMIC,0.5151610374450684,0.23870959877967834,3.211681604385376,33.5,2.0,0.14583181829662006,-1.218343661151638,1.2270404214597317,-0.060151236753763215,1.2255651857869774,0.0,1,SEARCH,0.0,0.0,0.0,-0.0
25751,DYNAMIC,0.5136539936065674,0.24013152718544006,3.2098705768585205,35.51,2.0,0.5327098277394878,-1.0751302780788012,1.1998686909041485,-0.45811795709308784,1.1089692569232437,0.0,1,SEARCH,0.0,0.0,0.0,-0.0
25800,DYNAMIC,0.5112195014953613,0.24234089255332947,3.2066564559936523,35.51,2.0,0.5327098277394878,-1.0751302780788012,1.1998686909041485,-0.4616799458748362,1.1074910848350172,0.0,1,SEARCH,0.0,0.0,0.0,-0.0
25850,DYNAMIC,0.5096354484558105,0.2437436878681183,3.204158306121826,35.51,2.0,0.5327098277394878,-1.0751302780788012,1.1998686909041485,-0.4644451810943192,1.106334284549792,0.0,1,SEARCH,0.0,0.0,0.0,-0.0
25900,DYNAMIC,0.5078706741333008,0.24557021260261536,3.199063539505005,35.51,2.0,0.5327098277394878,-1.0751302780788012,1.1998686909041485,-0.47007564398340645,1.1039536966492849,0.0,1,SEARCH,0.0,0.0,0.0,-0.0
25950,DYNAMIC,0.5070106983184814,0.24674376845359802,3.194737672805786,35.51,2.0,0.5327098277394878,-1.0751302780788012,1.1998686909041485,-0.47484678733822927,1.101909889222616,0.0,1,SEARCH,0.0,0.0,0.0,-0.0
26000,DYNAMIC,0.5059051513671875,0.24860528111457825,3.1878483295440674,35.51,2.0,0.5327098277394878,-1.0751302780788012,1.1998686909041485,-0.4824268939626236,1.0986123826871839,0.0,1,SEARCH,0.0,0.0,0.0,-0.0
26050,DYNAMIC,0.5053768157958984,0.24994519352912903,3.183696746826172,35.51,2.0,0.5327098277394878,-1.0751302780788012,1.1998686909041485,-0.48698370358042553,1.096600085655262,0.0,1,SEARCH,0.0,0.0,0.0,-0.0
26100,DYNAMIC,0.5053377151489258,0.25190505385398865,3.1789560317993164,35.51,2.0,0.5327098277394878,-1.0751302780788012,1.1998686909041485,-0.4921768802942533,1.0942791206615667,0.0,1,SEARCH,0.0,0.0,0.0,-0.0
26150,DYNAMIC,0.5056579113006592,0.25335708260536194,3.176783561706543,35.51,2.0,0.5327098277394878,-1.0751302780788012,1.1998686909041485,-0.4945530056420333,1.0932072996565958,0.0,1,SEARCH,0.0,0.0,0.0,-0.0
26200,DYNAMIC,0.5064876079559326,0.25598403811454773,3.175506114959717,35.51,2.0,0.5327098277394878,-1.0751302780788012,1.1998686909041485,-0.4959491158476656,1.0925746427141507,0.0,1,SEARCH,0.0,0.0,0.0,-0.0
26250,DYNAMIC,0.507159948348999,0.2580536901950836,3.175989866256714,35.51,2.0,0.5327098277394878,-1.0751302780788012,1.1998686909041485,-0.49542052343795706,1.0928144308932308,0.0,1,SEARCH,0.0,0.0,0.0,-0.0
26303,DYNAMIC,0.5079469680786133,0.25955507159233093,3.177488088607788,35.51,2.0,0.5327098277394878,-1.0751302780788012,1.1998686909041485,-0.49378268901679945,1.0935554542131707,0.0,1,SEARCH,0.0,0.0,0.0,-0.0
26352,DYNAMIC,0.5094976425170898,0.26065322756767273,3.1815128326416016,35.51,2.0,0.5327098277394878,-1.0751302780788012,1.1998686909041485,-0.4893774208292271,1.0955339407770845,0.0,1,SEARCH,0.0,0.0,0.0,-0.0
26400,DYNAMIC,0.5110893249511719,0.2617879807949066,3.187148332595825,36.21,2.0,0.4269646947316792,-1.147368827177447,1.2242361194336107,-0.37427063852461706,1.1656223939442143,0.0,1,SEARCH,0.0,0.0,0.0,-0.0
26450,DYNAMIC,0.512274980545044,0.2623519003391266,3.191185474395752,36.21,2.0,0.4269646947316792,-1.147368827177447,1.2242361194336107,-0.36956181839449975,1.1671238745355252,0.0,1,SEARCH,0.0,0.0,0.0,-0.0
26500,DYNAMIC,0.5149621963500977,0.26296791434288025,3.19730281829834,36.21,2.0,0.4269646947316792,-1.147368827177447,1.2242361194336107,-0.36241524997665475,1.1693627592454896,0.0,1,SEARCH,0.0,0.0,0.0,-0.0
26550,DYNAMIC,0.5173251628875732,0.2633359134197235,3.2013778686523438,36.21,2.0,0.4269646947316792,-1.147368827177447,1.2242361194336107,-0.35764704190309937,1.1708299063244962,0.0,1,SEARCH,0.0,0.0,0.0,-0.0
26600,DYNAMIC,0.5210597515106201,0.263720840215683,3.2068705558776855,36.21,2.0,0.4269646947316792,-1.147368827177447,1.2242361194336107,-0.3512106767474926,1.1727766780868532,0.0,1,SEARCH,0.0,0.0,0.0,-0.0
26651,DYNAMIC,0.5237021446228027,0.2637524902820587,3.209685802459717,36.21,2.0,0.4269646947316792,-1.147368827177447,1.2242361194336107,-0.34790763379520584,1.1737607739539122,0.0,1,SEARCH,0.0,0.0,0.0,-0.0
26700,DYNAMIC,0.5279357433319092,0.26357385516166687,3.213735818862915,36.21,2.0,0.4269646947316792,-1.147368827177447,1.2242361194336107,-0.34315104310622746,1.1751601753552467,0.0,1,SEARCH,0.0,0.0,0.0,-0.0
26750,DYNAMIC,0.5308644771575928,0.26330646872520447,3.217270612716675,36.21,2.0,0.4269646947316792,-1.147368827177447,1.2242361194336107,-0.33899495899759735,1.1763657993583814,0.0,1,SEARCH,0.0,0.0,0.0,-0.0
26800,DYNAMIC,0.5351839065551758,0.26246020197868347,3.2243294715881348,36.21,2.0,0.4269646947316792,-1.147368827177447,1.2242361194336107,-0.33068278219947395,1.178729389504937,0.0,1,SEARCH,0.0,0.0,0.0,-0.0
26850,DYNAMIC,0.5377993583679199,0.2615757882595062,3.230172634124756,36.21,2.0,0.4269646947316792,-1.147368827177447,1.2242361194336107,-0.32378966882228877,1.1806414893988009,0.0,1,SEARCH,0.0,0.0,0.0,-0.0
26900,DYNAMIC,0.5418174266815186,0.25974640250205994,3.2399909496307373,36.21,2.0,0.4269646947316792,-1.147368827177447,1.2242361194336107,-0.31218233799459494,1.1837636013875803,0.0,1,SEARCH,0.0,0.0,0.0,-0.0
26960,DYNAMIC,0.5446038246154785,0.2582021653652191,3.245694637298584,36.21,2.0,0.4269646947316792,-1.147368827177447,1.2242361194336107,-0.3054254787956532,1.1855249272066413,0.0,1,SEARCH,0.0,0.0,0.0,-0.0
27000,DYNAMIC,0.548529863357544,0.25526127219200134,3.250389337539673,36.21,2.0,0.4269646947316792,-1.147368827177447,1.2242361194336107,-0.29985644926414695,1.1869457384230182,0.0,1,SEARCH,0.0,0.0,0.0,-0.0
27050,DYNAMIC,0.5510480403900146,0.2533288896083832,3.2505393028259277,38.63,2.0,0.560364050877907,-1.071019370848774,1.2087557082593658,-0.44058847308038446,1.1255985783743228,0.0,1,SEARCH,0.0,0.0,0.0,-0.0
27100,DYNAMIC,0.5544400215148926,0.25149860978126526,3.2467150688171387,38.63,2.0,0.560364050877907,-1.071019370848774,1.2087557082593658,-0.4448897932041975,1.1239054382608562,0.0,1,SEARCH,0.0,0.0,0.0,-0.0
27150,DYNAMIC,0.5563535690307617,0.2508825957775116,3.242492198944092,38.63,2.0,0.560364050877907,-1.071019370848774,1.2087557082593658,-0.4496319187420351,1.1220167110600257,0.0,1,SEARCH,0.0,0.0,0.0,-0.0
27200,DYNAMIC,0.5587122440338135,0.2503671944141388,3.2350847721099854,38.63,2.0,0.560364050877907,-1.071019370848774,1.2087557082593658,-0.4579307638406021,1.1186553436058686,0.0,1,SEARCH,0.0,0.0,0.0,-0.0
27252,DYNAMIC,0.559894323348999,0.25005629658699036,3.2303500175476074,38.63,2.0,0.560364050877907,-1.071019370848774,1.2087557082593658,-0.46322216962924856,1.1164746230047387,0.0,1,SEARCH,0.0,0.0,0.0,-0.0
27300,DYNAMIC,0.56130051612854,0.24864926934242249,3.2241897583007812,38.63,2.0,0.560364050877907,-1.071019370848774,1.2087557082593658,-0.47009110991546266,1.113599888033422,0.0,1,SEARCH,0.0,0.0,0.0,-0.0
27350,DYNAMIC,0.5619263648986816,0.24705424904823303,3.2205288410186768,38.63,2.0,0.560364050877907,-1.071019370848774,1.2087557082593658,-0.47416474773337,1.1118714648090178,0.0,1,SEARCH,0.0,0.0,0.0,-0.0
27400,DYNAMIC,0.5626709461212158,0.24380120635032654,3.214884042739868,38.63,2.0,0.560364050877907,-1.071019370848774,1.2087557082593658,-0.48043345022034845,1.1091772005225193,0.0,1,SEARCH,0.0,0.0,0.0,-0.0
27451,DYNAMIC,0.5633771419525146,0.24113407731056213,3.2101690769195557,38.63,2.0,0.560364050877907,-1.071019370848774,1.2087557082593658,-0.48565782320781103,1.106899652636431,0.0,1,SEARCH,0.0,0.0,0.0,-0.0
27500,DYNAMIC,0.5656988620758057,0.23689326643943787,3.199995279312134,38.63,2.0,0.560364050877907,-1.071019370848774,1.2087557082593658,-0.4968938679053857,1.1019014685023458,0.0,1,SEARCH,0.0,0.0,0.0,-0.0
27551,DYNAMIC,0.5686483383178711,0.2338722050189972,3.190875768661499,38.63,2.0,0.560364050877907,-1.071019370848774,1.2087557082593658,-0.5069218687344014,1.0973242826295349,0.0,1,SEARCH,0.0,0.0,0.0,-0.0
27609,DYNAMIC,0.5724730491638184,0.23074796795845032,3.18023681640625,38.63,2.0,0.560364050877907,-1.071019370848774,1.2087557082593658,-0.5185673408656122,1.09186916580567,0.0,1,SEARCH,0.0,0.0,0.0,-0.0
27651,DYNAMIC,0.579338550567627,0.22657445073127747,3.162834405899048,38.63,2.0,0.560364050877907,-1.071019370848774,1.2087557082593658,-0.5374890167655697,1.0826799707697479,0.0,1,SEARCH,0.0,0.0,0.0,-0.0
27700,DYNAMIC,0.5862002372741699,0.2237360179424286,3.1484391689300537,32.59,2.0,0.5453496606667876,-1.0040048574503762,1.1425550341989354,-0.538462998190128,1.0077150419406413,0.0,1,SEARCH,0.0,0.0,0.0,-0.0
27750,DYNAMIC,0.590216875076294,0.2221452295780182,3.1428589820861816,32.59,2.0,0.5453496606667876,-1.0040048574503762,1.1425550341989354,-0.5440778237870967,1.0046946440767104,0.0,1,SEARCH,0.0,0.0,0.0,-0.0
27800,DYNAMIC,0.5963852405548096,0.21985593438148499,3.140024423599243,32.59,2.0,0.5453496606667876,-1.0040048574503762,1.1425550341989354,-0.546923499948096,1.0031483895106725,0.0,1,SEARCH,0.0,0.0,0.0,-0.0
27850,DYNAMIC,0.6006150245666504,0.2181778848171234,3.1412975788116455,32.59,2.0,0.5453496606667876,-1.0040048574503762,1.1425550341989354,-0.5456458934315013,1.0038438948136654,0.0,1,SEARCH,0.0,0.0,0.0,-0.0
27900,DYNAMIC,0.6076841354370117,0.21401074528694153,3.1463727951049805,32.59,2.0,0.5453496606667876,-1.0040048574503762,1.1425550341989354,-0.5405441631026664,1.0066002254663808,0.0,1,SEARCH,0.0,0.0,0.0,-0.0
27951,DYNAMIC,0.612445592880249,0.21096929907798767,3.149937629699707,32.59,2.0,0.5453496606667876,-1.0040048574503762,1.1425550341989354,-0.5369523727697171,1.0085207759636396,0.0,1,SEARCH,0.0,0.0,0.0,-0.0
28000,DYNAMIC,0.619159460067749,0.20636305212974548,3.153003692626953,32.59,2.0,0.5453496606667876,-1.0040048574503762,1.1425550341989354,-0.5338576655786353,1.0101623627300023,0.0,1,SEARCH,0.0,0.0,0.0,-0.0
28050,DYNAMIC,0.623344898223877,0.20327839255332947,3.1548409461975098,32.59,2.0,0.5453496606667876,-1.0040048574503762,1.1425550341989354,-0.532000841196776,1.011141489179063,0.0,1,SEARCH,0.0,0.0,0.0,-0.0
28100,DYNAMIC,0.6297791004180908,0.19952329993247986,3.1577630043029785,32.59,2.0,0.5453496606667876,-1.0040048574503762,1.1425550341989354,-0.5290439599945221,1.0126917075628914,0.0,1,SEARCH,0.0,0.0,0.0,-0.0
28150,DYNAMIC,0.6341152191162109,0.1975971758365631,3.160641670227051,32.59,2.0,0.5453496606667876,-1.0040048574503762,1.1425550341989354,-0.5261265708932023,1.0142104503373501,0.0,1,SEARCH,0.0,0.0,0.0,-0.0
28201,DYNAMIC,0.6396994590759277,0.1952095329761505,3.16656494140625,32.59,2.0,0.5453496606667876,-1.0040048574503762,1.1425550341989354,-0.5201099329060842,1.0173090306616563,0.0,1,SEARCH,0.0,0.0,0.0,-0.0
28252,DYNAMIC,0.6425268650054932,0.19383683800697327,3.171956777572632,32.59,2.0,0.5453496606667876,-1.0040048574503762,1.1425550341989354,-0.5146172355865425,1.0200985771044853,0.0,1,SEARCH,0.0,0.0,0.0,-0.0
28301,DYNAMIC,0.6448941230773926,0.1922827661037445,3.1815052032470703,31.88,2.0,0.41570696574070587,-1.0994363343940678,1.1754031371198603,-0.3715062390330579,1.1151482632864214,0.0,1,SEARCH,0.0,0.0,0.0,-0.0
28351,DYNAMIC,0.6454355716705322,0.19134333729743958,3.1874523162841797,31.88,2.0,0.41570696574070587,-1.0994363343940678,1.1754031371198603,-0.36486779562569654,1.1173379195509539,0.0,1,SEARCH,0.0,0.0,0.0,-0.0
28400,DYNAMIC,0.644658088684082,0.18955132365226746,3.1950814723968506,31.88,2.0,0.41570696574070587,-1.0994363343940678,1.1754031371198603,-0.35633291456318084,1.1200890092979745,0.0,1,SEARCH,0.0,0.0,0.0,-0.0
28450,DYNAMIC,0.6434121131896973,0.1881093680858612,3.197662830352783,31.88,2.0,0.41570696574070587,-1.0994363343940678,1.1754031371198603,-0.3534403799034204,1.1210050992769545,0.0,1,SEARCH,0.0,0.0,0.0,-0.0
28500,DYNAMIC,0.6418237686157227,0.18516650795936584,3.1977689266204834,31.88,2.0,0.41570696574070587,-1.0994363343940678,1.1754031371198603,-0.35332144345730104,1.1210425916727955,0.0,1,SEARCH,0.0,0.0,0.0,-0.0
28550,DYNAMIC,0.6424119472503662,0.18300828337669373,3.1944737434387207,31.88,2.0,0.41570696574070587,-1.0994363343940678,1.1754031371198603,-0.3570135592448976,1.1198722486366464,0.0,1,SEARCH,0.0,0.0,0.0,-0.0
28600,DYNAMIC,0.644425630569458,0.17867955565452576,3.1842129230499268,31.88,2.0,0.41570696574070587,-1.0994363343940678,1.1754031371198603,-0.3684853717931899,1.1161501088678185,0.0,1,SEARCH,0.0,0.0,0.0,-0.0
28651,DYNAMIC,0.646526575088501,0.1751823127269745,3.1750600337982178,31.88,2.0,0.41570696574070587,-1.0994363343940678,1.1754031371198603,-0.37868579259343876,1.1127306975360607,0.0,1,SEARCH,0.0,0.0,0.0,-0.0
28700,DYNAMIC,0.650609016418457,0.16985324025154114,3.161292552947998,31.88,2.0,0.41570696574070587,-1.0994363343940678,1.1754031371198603,-0.3939689190619559,1.1074118590499034,0.0,1,SEARCH,0.0,0.0,0.0,-0.0
28751,DYNAMIC,0.6538910865783691,0.16672036051750183,3.1535208225250244,31.88,2.0,0.41570696574070587,-1.0994363343940678,1.1754031371198603,-0.4025634410985762,1.1043166260824302,0.0,1,SEARCH,0.0,0.0,0.0,-0.0
28801,DYNAMIC,0.6592056751251221,0.16247126460075378,3.144728422164917,31.88,2.0,0.41570696574070587,-1.0994363343940678,1.1754031371198603,-0.4122573496521086,1.1007344876985676,0.0,1,SEARCH,0.0,0.0,0.0,-0.0
28852,DYNAMIC,0.6630797386169434,0.1596914827823639,3.141770839691162,31.88,2.0,0.41570696574070587,-1.0994363343940678,1.1754031371198603,-0.41551105486820594,1.0995103901435037,0.0,1,SEARCH,0.0,0.0,0.0,-0.0
28900,DYNAMIC,0.6681790351867676,0.1553155481815338,3.141552448272705,34.65,2.0,0.3272348680503644,-1.2296217398987763,1.2724198529179092,-0.3272843051178199,1.2296085823233256,0.0,1,SEARCH,0.0,0.0,0.0,-0.0
28951,DYNAMIC,0.6715843677520752,0.1524713933467865,3.1432344913482666,34.65,2.0,0.3272348680503644,-1.2296217398987763,1.2724198529179092,-0.32521558850400145,1.2301573489166453,0.0,1,SEARCH,0.0,0.0,0.0,-0.0
29000,DYNAMIC,0.6780605316162109,0.1486448347568512,3.148190498352051,34.65,2.0,0.3272348680503644,-1.2296217398987763,1.2724198529179092,-0.31911495105936816,1.2317540055181515,0.0,1,SEARCH,0.0,0.0,0.0,-0.0
29052,DYNAMIC,0.6830406188964844,0.14640358090400696,3.153687000274658,34.65,2.0,0.3272348680503644,-1.2296217398987763,1.2724198529179092,-0.31233982642632746,1.2334894060864914,0.0,1,SEARCH,0.0,0.0,0.0,-0.0
29100,DYNAMIC,0.6916847229003906,0.14337041974067688,3.165693998336792,34.65,2.0,0.3272348680503644,-1.2296217398987763,1.2724198529179092,-0.29750716294809465,1.2371506658827813,0.0,1,SEARCH,0.0,0.0,0.0,-0.0
29150,DYNAMIC,0.6979625225067139,0.14166972041130066,3.175300359725952,34.65,2.0,0.3272348680503644,-1.2296217398987763,1.2724198529179092,-0.2856091021470315,1.2399515002089396,0.0,1,SEARCH,0.0,0.0,0.0,-0.0
29200,DYNAMIC,0.7072691917419434,0.13921907544136047,3.1892342567443848,34.65,2.0,0.3272348680503644,-1.2296217398987763,1.2724198529179092,-0.26830457915350536,1.2438106507442737,0.0,1,SEARCH,0.0,0.0,0.0,-0.0
29252,DYNAMIC,0.7131264209747314,0.1373904049396515,3.197176933288574,34.65,2.0,0.3272348680503644,-1.2296217398987763,1.2724198529179092,-0.25841703424363494,1.245902451443273,0.0,1,SEARCH,0.0,0.0,0.0,-0.0
29300,DYNAMIC,0.7209186553955078,0.1344604194164276,3.2042903900146484,34.65,2.0,0.3272348680503644,-1.2296217398987763,1.2724198529179092,-0.24954789772689095,1.2477091523426933,0.0,1,SEARCH,0.0,0.0,0.0,-0.0
29352,DYNAMIC,0.7252848148345947,0.13261470198631287,3.2043397426605225,34.65,2.0,0.3272348680503644,-1.2296217398987763,1.2724198529179092,-0.24948631967505672,1.2477214666722012,0.0,1,SEARCH,0.0,0.0,0.0,-0.0
29403,DYNAMIC,0.7287106513977051,0.13130947947502136,3.2007758617401123,34.65,2.0,0.3272348680503644,-1.2296217398987763,1.2724198529179092,-0.25393145659891636,1.2468244052187887,0.0,1,SEARCH,0.0,0.0,0.0,-0.0
29450,DYNAMIC,0.7322690486907959,0.13035830855369568,3.1913745403289795,34.65,2.0,0.3272348680503644,-1.2296217398987763,1.2724198529179092,-0.26564185914138155,1.244382049360864,0.0,1,SEARCH,0.0,0.0,0.0,-0.0
29503,DYNAMIC,0.7354288101196289,0.13016709685325623,3.181121826171875,34.65,2.0,0.3272348680503644,-1.2296217398987763,1.2724198529179092,-0.27838596730774906,1.241593144031394,0.0,1,SEARCH,0.0,0.0,0.0,-0.0
29550,DYNAMIC,0.7379260063171387,0.13005945086479187,3.1737663745880127,38.17,2.0,0.5864493732426179,-1.2264368899988605,1.3594374985731181,-0.5466936373689093,1.2446671761507522,0.0,1,SEARCH,0.0,0.0,0.0,-0.0
29600,DYNAMIC,0.7422113418579102,0.1294977366924286,3.164747476577759,38.17,2.0,0.5864493732426179,-1.2264368899988605,1.3594374985731181,-0.5578967774842272,1.2396860482394125,0.0,1,SEARCH,0.0,0.0,0.0,-0.0
29650,DYNAMIC,0.7450673580169678,0.12960347533226013,3.161118745803833,38.17,2.0,0.5864493732426179,-1.2264368899988605,1.3594374985731181,-0.562391581423992,1.2376534335871887,0.0,1,SEARCH,0.0,0.0,0.0,-0.0
29700,DYNAMIC,0.7489254474639893,0.13075056672096252,3.1585962772369385,38.17,2.0,0.5864493732426179,-1.2264368899988605,1.3594374985731181,-0.5655117307911525,1.2362308825071195,0.0,1,SEARCH,0.0,0.0,0.0,-0.0
29750,DYNAMIC,0.750901460647583,0.13137736916542053,3.1593806743621826,38.17,2.0,0.5864493732426179,-1.2264368899988605,1.3594374985731181,-0.5645418609665199,1.2366740879242175,0.0,1,SEARCH,0.0,0.0,0.0,-0.0
29800,DYNAMIC,0.7533280849456787,0.1321296989917755,3.164421558380127,38.17,2.0,0.5864493732426179,-1.2264368899988605,1.3594374985731181,-0.5583007840889029,1.239504153689068,0.0,1,SEARCH,0.0,0.0,0.0,-0.0
29850,DYNAMIC,0.7544713020324707,0.13249388337135315,3.1704013347625732,38.17,2.0,0.5864493732426179,-1.2264368899988605,1.3594374985731181,-0.5508788888437364,1.242820486777164,0.0,1,SEARCH,0.0,0.0,0.0,-0.0
29900,DYNAMIC,0.7563719749450684,0.13258400559425354,3.1826789379119873,38.17,2.0,0.5864493732426179,-1.2264368899988605,1.3594374985731181,-0.5355788963770578,1.249490119321585,0.0,1,SEARCH,0.0,0.0,0.0,-0.0
29950,DYNAMIC,0.7570383548736572,0.13293680548667908,3.1920294761657715,38.17,2.0,0.5864493732426179,-1.2264368899988605,1.3594374985731181,-0.5238722481216392,1.2544433746386148,0.0,1,SEARCH,0.0,0.0,0.0,-0.0
30000,DYNAMIC,0.7566101551055908,0.1348131000995636,3.2058475017547607,38.17,2.0,0.5864493732426179,-1.2264368899988605,1.3594374985731181,-0.5064888563632151,1.26156226596495,0.0,1,SEARCH,0.0,0.0,0.0,-0.0
30051,DYNAMIC,0.7556614875793457,0.1366577446460724,3.2144060134887695,38.17,2.0,0.5864493732426179,-1.2264368899988605,1.3594374985731181,-0.49567334315162836,1.2658508006142053,0.0,1,SEARCH,0.0,0.0,0.0,-0.0
30101,DYNAMIC,0.7537245750427246,0.14014878869056702,3.2229137420654297,38.17,2.0,0.5864493732426179,-1.2264368899988605,1.3594374985731181,-0.48488601937148645,1.2700219922288003,0.0,1,SEARCH,0.0,0.0,0.0,-0.0
30150,DYNAMIC,0.7522459030151367,0.14272692799568176,3.225111961364746,38.17,2.0,0.5864493732426179,-1.2264368899988605,1.3594374985731181,-0.48209306324110673,1.271084808697493,0.0,1,SEARCH,0.0,0.0,0.0,-0.0
30200,DYNAMIC,0.7498574256896973,0.14670410752296448,3.224017381668091,35.38,2.0,0.5857449714050367,-1.1126024801816918,1.257370848410579,-0.4921542171086316,1.1570504211204147,0.0,1,SEARCH,0.0,0.0,0.0,-0.0
30250,DYNAMIC,0.7482035160064697,0.1492994725704193,3.221151113510132,35.38,2.0,0.5857449714050367,-1.1126024801816918,1.257370848410579,-0.4954686077034276,1.1556350242239832,0.0,1,SEARCH,0.0,0.0,0.0,-0.0
30300,DYNAMIC,0.7452783584594727,0.15365609526634216,3.2153420448303223,35.38,2.0,0.5857449714050367,-1.1126024801816918,1.257370848410579,-0.5021733733320666,1.1527373306825073,0.0,1,SEARCH,0.0,0.0,0.0,-0.0
30350,DYNAMIC,0.7430615425109863,0.1567760407924652,3.2109668254852295,35.38,2.0,0.5857449714050367,-1.1126024801816918,1.257370848410579,-0.5072120294798992,1.1505291858895283,0.0,1,SEARCH,0.0,0.0,0.0,-0.0
30400,DYNAMIC,0.7396669387817383,0.16035005450248718,3.204172372817993,35.38,2.0,0.5857449714050367,-1.1126024801816918,1.257370848410579,-0.5150174778575094,1.1470564275283188,0.0,1,SEARCH,0.0,0.0,0.0,-0.0
30451,DYNAMIC,0.7372932434082031,0.16236314177513123,3.200129985809326,35.38,2.0,0.5857449714050367,-1.1126024801816918,1.257370848410579,-0.5196501033130517,1.1449651612863483,0.0,1,SEARCH,0.0,0.0,0.0,-0.0
30500,DYNAMIC,0.7339053153991699,0.16602209210395813,3.195465087890625,35.38,2.0,0.5857449714050367,-1.1126024801816918,1.257370848410579,-0.5249855754257333,1.1425285974660113,0.0,1,SEARCH,0.0,0.0,0.0,-0.0
30550,DYNAMIC,0.7318034172058105,0.16890427470207214,3.1929831504821777,35.38,2.0,0.5857449714050367,-1.1126024801816918,1.257370848410579,-0.5278196400224636,1.1412220984713257,0.0,1,SEARCH,0.0,0.0,0.0,-0.0
30600,DYNAMIC,0.728874921798706,0.1730046570301056,3.1905574798583984,35.38,2.0,0.5857449714050367,-1.1126024801816918,1.257370848410579,-0.5305863134148647,1.139938425727268,0.0,1,SEARCH,0.0,0.0,0.0,-0.0
30650,DYNAMIC,0.7271931171417236,0.17564675211906433,3.189331293106079,35.38,2.0,0.5857449714050367,-1.1126024801816918,1.257370848410579,-0.5319836915834654,1.139286971013874,0.0,1,SEARCH,0.0,0.0,0.0,-0.0
30700,DYNAMIC,0.7250609397888184,0.1794775426387787,3.187427043914795,35.38,2.0,0.5857449714050367,-1.1126024801816918,1.257370848410579,-0.5341522120354815,1.1382718764909996,0.0,1,SEARCH,0.0,0.0,0.0,-0.0
30754,DYNAMIC,0.7239236831665039,0.1819547712802887,3.1857001781463623,35.38,2.0,0.5857449714050367,-1.1126024801816918,1.257370848410579,-0.5361170573590054,1.1373477705791928,0.0,1,SEARCH,0.0,0.0,0.0,-0.0
30800,DYNAMIC,0.7228183746337891,0.18575695157051086,3.1827590465545654,35.38,2.0,0.5857449714050367,-1.1126024801816918,1.257370848410579,-0.5394598232223041,1.1357660628675694,0.0,1,SEARCH,0.0,0.0,0.0,-0.0
30851,DYNAMIC,0.722257137298584,0.18860897421836853,3.181720495223999,32.4,2.0,0.5284015357812967,-1.1901758878824698,1.3022007629827508,-0.48022979199428945,1.2104157029690168,0.0,1,SEARCH,0.0,0.0,0.0,-0.0
30900,DYNAMIC,0.7216312885284424,0.1942310631275177,3.182875633239746,32.4,2.0,0.5284015357812967,-1.1901758878824698,1.3022007629827508,-0.47883127471608306,1.2109696269794008,0.0,1,SEARCH,0.0,0.0,0.0,-0.0
30952,DYNAMIC,0.7212071418762207,0.19847926497459412,3.186418056488037,32.4,2.0,0.5284015357812967,-1.1901758878824698,1.3022007629827508,-0.4745385123615461,1.2126582483942245,0.0,1,SEARCH,0.0,0.0,0.0,-0.0
31000,DYNAMIC,0.7206261157989502,0.2048390805721283,3.1954777240753174,32.4,2.0,0.5284015357812967,-1.1901758878824698,1.3022007629827508,-0.46353290766899263,1.2169075850781714,0.0,1,SEARCH,0.0,0.0,0.0,-0.0
31051,DYNAMIC,0.7203989028930664,0.20890727639198303,3.2036759853363037,32.4,2.0,0.5284015357812967,-1.1901758878824698,1.3022007629827508,-0.45354091583095224,1.2206668115337942,0.0,1,SEARCH,0.0,0.0,0.0,-0.0
31100,DYNAMIC,0.7203588485717773,0.21468868851661682,3.217949390411377,32.4,2.0,0.5284015357812967,-1.1901758878824698,1.3022007629827508,-0.43607223638088133,1.2270158237653803,0.0,1,SEARCH,0.0,0.0,0.0,-0.0
31151,DYNAMIC,0.7206153869628906,0.218085378408432,3.2281644344329834,32.4,2.0,0.5284015357812967,-1.1901758878824698,1.3022007629827508,-0.42351568246217103,1.2314062261583136,0.0,1,SEARCH,0.0,0.0,0.0,-0.0
31200,DYNAMIC,0.7215766906738281,0.22247764468193054,3.2436811923980713,32.4,2.0,0.5284015357812967,-1.1901758878824698,1.3022007629827508,-0.4043580329682379,1.2378293130665936,0.0,1,SEARCH,0.0,0.0,0.0,-0.0
31251,DYNAMIC,0.722510814666748,0.22501519322395325,3.253948926925659,32.4,2.0,0.5284015357812967,-1.1901758878824698,1.3022007629827508,-0.3916272386999966,1.2419158316975727,0.0,1,SEARCH,0.0,0.0,0.0,-0.0
31300,DYNAMIC,0.7224164009094238,0.2295953929424286,3.268162727355957,32.4,2.0,0.5284015357812967,-1.1901758878824698,1.3022007629827508,-0.37393592932597,1.2473567043440226,0.0,1,SEARCH,0.0,0.0,0.0,-0.0
31358,DYNAMIC,0.7219693660736084,0.23240944743156433,3.2766518592834473,32.4,2.0,0.5284015357812967,-1.1901758878824698,1.3022007629827508,-0.3633336070518238,1.2504861123177533,0.0,1,SEARCH,0.0,0.0,0.0,-0.0
31402,DYNAMIC,0.7212560176849365,0.23538395762443542,3.2876009941101074,32.4,2.0,0.5284015357812967,-1.1901758878824698,1.3022007629827508,-0.3496203609322711,1.2543892658718212,0.0,1,SEARCH,0.0,0.0,0.0,-0.0
31452,DYNAMIC,0.7205438613891602,0.236507385969162,3.2931180000305176,32.4,2.0,0.5284015357812967,-1.1901758878824698,1.3022007629827508,-0.3426946022868119,1.2562990235912554,0.0,1,SEARCH,0.0,0.0,0.0,-0.0
31500,DYNAMIC,0.7197682857513428,0.23782995343208313,3.2994821071624756,35.06,2.0,0.5527888345386154,-1.3037123329199223,1.4160654443203065,-0.34092462867733475,1.3744132348603488,0.0,1,SEARCH,0.0,0.0,0.0,-0.0
31551,DYNAMIC,0.7194480895996094,0.2387552559375763,3.302096128463745,35.06,2.0,0.5527888345386154,-1.3037123329199223,1.4160654443203065,-0.33733072250963225,1.375299722332989,0.0,1,SEARCH,0.0,0.0,0.0,-0.0
31600,DYNAMIC,0.7188394069671631,0.23888739943504333,3.3028106689453125,35.06,2.0,0.5527888345386154,-1.3037123329199223,1.4160654443203065,-0.3363479291522108,1.3755404076773194,0.0,1,SEARCH,0.0,0.0,0.0,-0.0
31650,DYNAMIC,0.7186064720153809,0.238052099943161,3.3003082275390625,35.06,2.0,0.5527888345386154,-1.3037123329199223,1.4160654443203065,-0.33978908169107613,1.3746944106097188,0.0,1,SEARCH,0.0,0.0,0.0,-0.0
31700,DYNAMIC,0.7187216281890869,0.23614981770515442,3.292997121810913,35.06,2.0,0.5527888345386154,-1.3037123329199223,1.4160654443203065,-0.3498304471259526,1.372173458736804,0.0,1,SEARCH,0.0,0.0,0.0,-0.0
31751,DYNAMIC,0.7191128730773926,0.2354489266872406,3.2862024307250977,35.06,2.0,0.5527888345386154,-1.3037123329199223,1.4160654443203065,-0.3591457947287703,1.3697648121946728,0.0,1,SEARCH,0.0,0.0,0.0,-0.0
31800,DYNAMIC,0.7205393314361572,0.23315367102622986,3.2740108966827393,35.06,2.0,0.5527888345386154,-1.3037123329199223,1.4160654443203065,-0.3758182251666311,1.3652845872676767,0.0,1,SEARCH,0.0,0.0,0.0,-0.0
31851,DYNAMIC,0.7219076156616211,0.23083528876304626,3.265817642211914,35.06,2.0,0.5527888345386154,-1.3037123329199223,1.4160654443203065,-0.38699160990367565,1.3621596222404435,0.0,1,SEARCH,0.0,0.0,0.0,-0.0
31900,DYNAMIC,0.7237091064453125,0.22706303000450134,3.2538697719573975,35.06,2.0,0.5527888345386154,-1.3037123329199223,1.4160654443203065,-0.4032385076195475,1.3574387826236687,0.0,1,SEARCH,0.0,0.0,0.0,-0.0
31952,DYNAMIC,0.7245287895202637,0.2239769995212555,3.2457098960876465,35.06,2.0,0.5527888345386154,-1.3037123329199223,1.4160654443203065,-0.41430149221170975,1.3541032516574272,0.0,1,SEARCH,0.0,0.0,0.0,-0.0
32002,DYNAMIC,0.7251372337341309,0.2195030152797699,3.236321449279785,35.06,2.0,0.5527888345386154,-1.3037123329199223,1.4160654443203065,-0.42699597306365156,1.350153984397888,0.0,1,SEARCH,0.0,0.0,0.0,-0.0
32051,DYNAMIC,0.7253854274749756,0.21133610606193542,3.2183191776275635,35.06,2.0,0.5527888345386154,-1.3037123329199223,1.4160654443203065,-0.45123131009789336,1.342248727838997,0.0,1,SEARCH,0.0,0.0,0.0,-0.0
32100,DYNAMIC,0.7249941825866699,0.2036045491695404,3.1973822116851807,34.36,2.0,0.49719177501792694,-1.4377973685570073,1.5213352471348751,-0.4162457516723622,1.4632841174528077,0.0,1,SEARCH,0.0,0.0,0.0,-0.0
32150,DYNAMIC,0.7244224548339844,0.19887229800224304,3.182321548461914,34.36,2.0,0.49719177501792694,-1.4377973685570073,1.5213352471348751,-0.43823574156782386,1.4568494668247063,0.0,1,SEARCH,0.0,0.0,0.0,-0.0
32200,DYNAMIC,0.7232065200805664,0.19204583764076233,3.1590187549591064,34.36,2.0,0.49719177501792694,-1.4377973685570073,1.5213352471348751,-0.47206235143064434,1.4462427426046787,0.0,1,SEARCH,0.0,0.0,0.0,-0.0
32250,DYNAMIC,0.7222414016723633,0.18767639994621277,3.144794225692749,34.36,2.0,0.49719177501792694,-1.4377973685570073,1.5213352471348751,-0.49258602281535374,1.439381792403212,0.0,1,SEARCH,0.0,0.0,0.0,-0.0
32300,DYNAMIC,0.7205677032470703,0.1785915195941925,3.12648344039917,34.36,2.0,0.49719177501792694,-1.4377973685570073,1.5213352471348751,-0.5188581849796909,1.4301213647989852,0.0,1,SEARCH,0.0,0.0,0.0,-0.0
32350,DYNAMIC,0.7199602127075195,0.17396238446235657,3.1163744926452637,34.36,2.0,0.49719177501792694,-1.4377973685570073,1.5213352471348751,-0.5332884498631338,1.424803271830012,0.0,1,SEARCH,0.0,0.0,0.0,-0.0
32400,DYNAMIC,0.7188096046447754,0.1635977327823639,3.103868246078491,34.36,2.0,0.49719177501792694,-1.4377973685570073,1.5213352471348751,-0.5510652221273458,1.4180225862575924,0.0,1,SEARCH,0.0,0.0,0.0,-0.0
32451,DYNAMIC,0.7178788185119629,0.15630599856376648,3.0982565879821777,34.36,2.0,0.49719177501792694,-1.4377973685570073,1.5213352471348751,-0.5590139615961692,1.4149078856644657,0.0,1,SEARCH,0.0,0.0,0.0,-0.0
32500,DYNAMIC,0.7157058715820312,0.14477363228797913,3.0949535369873047,34.36,2.0,0.49719177501792694,-1.4377973685570073,1.5213352471348751,-0.5636844165382927,1.4130537189812766,0.0,1,SEARCH,0.0,0.0,0.0,-0.0
32550,DYNAMIC,0.7136359214782715,0.1368347704410553,3.095388650894165,34.36,2.0,0.49719177501792694,-1.4377973685570073,1.5213352471348751,-0.5630695238738989,1.4132988521396854,0.0,1,SEARCH,0.0,0.0,0.0,-0.0
32607,DYNAMIC,0.7100381851196289,0.12529101967811584,3.0974714756011963,34.36,2.0,0.49719177501792694,-1.4377973685570073,1.5213352471348751,-0.5601246508925303,1.414468560851549,0.0,1,SEARCH,0.0,0.0,0.0,-0.0
32651,DYNAMIC,0.7076334953308105,0.1174871027469635,3.0976226329803467,34.36,2.0,0.49719177501792694,-1.4377973685570073,1.5213352471348751,-0.5599108371337765,1.414553211666173,0.0,1,SEARCH,0.0,0.0,0.0,-0.0
32700,DYNAMIC,0.704094409942627,0.10447600483894348,3.094210147857666,40.24,2.0,0.6092026114156848,-1.2748758674732321,1.4129530421147463,-0.6689030907903036,1.244590275694172,0.0,1,SEARCH,0.0,0.0,0.0,-0.0
32750,DYNAMIC,0.7020595073699951,0.09501439332962036,3.089799642562866,40.24,2.0,0.6092026114156848,-1.2748758674732321,1.4129530421147463,-0.6743858390672078,1.2416279794233593,0.0,1,SEARCH,0.0,0.0,0.0,-0.0
32800,DYNAMIC,0.6996867656707764,0.08035001158714294,3.0795061588287354,40.24,2.0,0.6092026114156848,-1.2748758674732321,1.4129530421147463,-0.6871305635480344,1.2346205440780083,0.0,1,SEARCH,0.0,0.0,0.0,-0.0
32850,DYNAMIC,0.6986312866210938,0.07078492641448975,3.072572708129883,40.24,2.0,0.6092026114156848,-1.2748758674732321,1.4129530421147463,-0.6956741595793172,1.2298267206866693,0.0,1,SEARCH,0.0,0.0,0.0,-0.0
32900,DYNAMIC,0.6967117786407471,0.05719664692878723,3.061823606491089,40.24,2.0,0.6092026114156848,-1.2748758674732321,1.4129530421147463,-0.7088532476109564,1.2222779440752074,0.0,1,SEARCH,0.0,0.0,0.0,-0.0
32951,DYNAMIC,0.6956355571746826,0.047987401485443115,3.0551834106445312,40.24,2.0,0.6092026114156848,-1.2748758674732321,1.4129530421147463,-0.716953725502939,1.2175441079109914,0.0,1,SEARCH,0.0,0.0,0.0,-0.0
33000,DYNAMIC,0.6946244239807129,0.03380283713340759,3.050678014755249,40.24,2.0,0.6092026114156848,-1.2748758674732321,1.4129530421147463,-0.7224319486003978,1.214301601276531,0.0,1,SEARCH,0.0,0.0,0.0,-0.0
33051,DYNAMIC,0.6941568851470947,0.02496337890625,3.051240921020508,40.24,2.0,0.6092026114156848,-1.2748758674732321,1.4129530421147463,-0.7217482962010819,1.2147080703412452,0.0,1,SEARCH,0.0,0.0,0.0,-0.0
33100,DYNAMIC,0.6925578117370605,0.012341052293777466,3.055509328842163,40.24,2.0,0.6092026114156848,-1.2748758674732321,1.4129530421147463,-0.7165568676504069,1.2177777115074628,0.0,1,SEARCH,0.0,0.0,0.0,-0.0
33150,DYNAMIC,0.691356897354126,0.004206150770187378,3.0600807666778564,40.24,2.0,0.6092026114156848,-1.2748758674732321,1.4129530421147463,-0.7109824046290278,1.2210406707105383,0.0,1,SEARCH,0.0,0.0,0.0,-0.0
33200,DYNAMIC,0.6897857189178467,-0.007331520318984985,3.067138910293579,40.24,2.0,0.6092026114156848,-1.2748758674732321,1.4129530421147463,-0.7023464862002353,1.2260284305608489,0.0,1,SEARCH,0.0,0.0,0.0,-0.0
33252,DYNAMIC,0.6888277530670166,-0.014313548803329468,3.0703840255737305,40.24,2.0,0.6092026114156848,-1.2748758674732321,1.4129530421147463,-0.6983641914667555,1.2283011663669057,0.0,1,SEARCH,0.0,0.0,0.0,-0.0
33301,DYNAMIC,0.6862516403198242,-0.024375736713409424,3.076042413711548,40.24,2.0,0.6092026114156848,-1.2748758674732321,1.4129530421147463,-0.6914028439473722,1.2322330975115063,0.0,1,SEARCH,0.0,0.0,0.0,-0.0
33351,DYNAMIC,0.6844227313995361,-0.03087151050567627,3.077796697616577,41.83,2.0,0.5743018766096666,-1.2971414194324198,1.4185903240486795,-0.6558298460910149,1.2578893911869886,0.0,1,SEARCH,0.0,0.0,0.0,-0.0
33400,DYNAMIC,0.682377815246582,-0.04126444458961487,3.0769217014312744,41.83,2.0,0.5743018766096666,-1.2971414194324198,1.4185903240486795,-0.6569302433117323,1.257315061115123,0.0,1,SEARCH,0.0,0.0,0.0,-0.0
33450,DYNAMIC,0.6814279556274414,-0.049274176359176636,3.0734527111053467,41.83,2.0,0.5743018766096666,-1.2971414194324198,1.4185903240486795,-0.6612878956370692,1.2550286158364814,0.0,1,SEARCH,0.0,0.0,0.0,-0.0
33500,DYNAMIC,0.6810588836669922,-0.06170123815536499,3.0628371238708496,41.83,2.0,0.5743018766096666,-1.2971414194324198,1.4185903240486795,-0.6745732510190329,1.2479380739820989,0.0,1,SEARCH,0.0,0.0,0.0,-0.0
33553,DYNAMIC,0.6814780235290527,-0.0698811411857605,3.052149534225464,41.83,2.0,0.5743018766096666,-1.2971414194324198,1.4185903240486795,-0.6878719210934382,1.2406573772221565,0.0,1,SEARCH,0.0,0.0,0.0,-0.0
33600,DYNAMIC,0.6830801963806152,-0.08205351233482361,3.0326735973358154,41.83,2.0,0.5743018766096666,-1.2971414194324198,1.4185903240486795,-0.7119029033980893,1.2270259832692656,0.0,1,SEARCH,0.0,0.0,0.0,-0.0
33651,DYNAMIC,0.6847708225250244,-0.09010118246078491,3.0192770957946777,41.83,2.0,0.5743018766096666,-1.2971414194324198,1.4185903240486795,-0.728276386886887,1.2173791569546109,0.0,1,SEARCH,0.0,0.0,0.0,-0.0
33700,DYNAMIC,0.6878242492675781,-0.10091474652290344,3.0028278827667236,41.83,2.0,0.5743018766096666,-1.2971414194324198,1.4185903240486795,-0.7482018878853078,1.2052354302995736,0.0,1,SEARCH,0.0,0.0,0.0,-0.0
33751,DYNAMIC,0.6897563934326172,-0.10645866394042969,2.994657516479492,41.83,2.0,0.5743018766096666,-1.2971414194324198,1.4185903240486795,-0.7580240203286175,1.1990821873789042,0.0,1,SEARCH,0.0,0.0,0.0,-0.0
33800,DYNAMIC,0.6927947998046875,-0.11215195059776306,2.987443447113037,41.83,2.0,0.5743018766096666,-1.2971414194324198,1.4185903240486795,-0.7666544826145119,1.1935825952868164,0.0,1,SEARCH,0.0,0.0,0.0,-0.0
33860,DYNAMIC,0.6946213245391846,-0.1144723892211914,2.9870896339416504,41.83,2.0,0.5743018766096666,-1.2971414194324198,1.4185903240486795,-0.7670767398627063,1.1933112681300464,0.0,1,SEARCH,0.0,0.0,0.0,-0.0
33910,DYNAMIC,0.6960005760192871,-0.11717644333839417,2.9934794902801514,41.83,2.0,0.5743018766096666,-1.2971414194324198,1.4185903240486795,-0.7594360442615662,1.1981883834192693,0.0,1,SEARCH,0.0,0.0,0.0,-0.0
33951,DYNAMIC,0.696054220199585,-0.11867424845695496,3.0015981197357178,41.83,2.0,0.5743018766096666,-1.2971414194324198,1.4185903240486795,-0.7496834757283796,1.2043144081610722,0.0,1,SEARCH,0.0,0.0,0.0,-0.0
34000,DYNAMIC,0.6949841976165771,-0.1204872727394104,3.0170342922210693,42.18,2.0,0.53679846635331,-1.2391728086713312,1.3504450537617816,-0.6865902187651776,1.1628825025451397,0.0,1,SEARCH,0.0,0.0,0.0,-0.0
34051,DYNAMIC,0.693702220916748,-0.1214093565940857,3.027357339859009,42.18,2.0,0.53679846635331,-1.2391728086713312,1.3504450537617816,-0.6745493574775914,1.1699081192795568,0.0,1,SEARCH,0.0,0.0,0.0,-0.0
34100,DYNAMIC,0.6917693614959717,-0.12179312109947205,3.0407814979553223,42.18,2.0,0.53679846635331,-1.2391728086713312,1.3504450537617816,-0.6587840189279031,1.1788576926986825,0.0,1,SEARCH,0.0,0.0,0.0,-0.0
34150,DYNAMIC,0.6906073093414307,-0.12140166759490967,3.0467493534088135,42.18,2.0,0.53679846635331,-1.2391728086713312,1.3504450537617816,-0.6517370770180093,1.182768204539538,0.0,1,SEARCH,0.0,0.0,0.0,-0.0
34200,DYNAMIC,0.689183235168457,-0.12042215466499329,3.0495715141296387,42.18,2.0,0.53679846635331,-1.2391728086713312,1.3504450537617816,-0.6483965240722821,1.1846027987475987,0.0,1,SEARCH,0.0,0.0,0.0,-0.0
34252,DYNAMIC,0.6885974407196045,-0.11931014060974121,3.0482964515686035,42.18,2.0,0.53679846635331,-1.2391728086713312,1.3504450537617816,-0.6499064392649379,1.1837750898847428,0.0,1,SEARCH,0.0,0.0,0.0,-0.0
34300,DYNAMIC,0.6887989044189453,-0.117535799741745,3.0439493656158447,42.18,2.0,0.53679846635331,-1.2391728086713312,1.3504450537617816,-0.6550462544399387,1.180938714656213,0.0,1,SEARCH,0.0,0.0,0.0,-0.0
34350,DYNAMIC,0.6893007755279541,-0.11684882640838623,3.0406692028045654,42.18,2.0,0.53679846635331,-1.2391728086713312,1.3504450537617816,-0.658916394776248,1.1787837070153002,0.0,1,SEARCH,0.0,0.0,0.0,-0.0
34400,DYNAMIC,0.689744234085083,-0.11634483933448792,3.0372984409332275,42.18,2.0,0.53679846635331,-1.2391728086713312,1.3504450537617816,-0.6628860431138757,1.1765559642764514,0.0,1,SEARCH,0.0,0.0,0.0,-0.0
34450,DYNAMIC,0.6900193691253662,-0.11571857333183289,3.0356433391571045,42.18,2.0,0.53679846635331,-1.2391728086713312,1.3504450537617816,-0.6648324541488144,1.1754572094041218,0.0,1,SEARCH,0.0,0.0,0.0,-0.0
34500,DYNAMIC,0.6911580562591553,-0.11437278985977173,3.035484552383423,42.18,2.0,0.53679846635331,-1.2391728086713312,1.3504450537617816,-0.6650190928246223,1.1753516279855905,0.0,1,SEARCH,0.0,0.0,0.0,-0.0
34551,DYNAMIC,0.6922168731689453,-0.11269611120223999,3.0385425090789795,42.18,2.0,0.53679846635331,-1.2391728086713312,1.3504450537617816,-0.6614218147184534,1.1773797289932457,0.0,1,SEARCH,0.0,0.0,0.0,-0.0
34602,DYNAMIC,0.6937141418457031,-0.10813331604003906,3.0456135272979736,42.18,2.0,0.53679846635331,-1.2391728086713312,1.3504450537617816,-0.6530800753356716,1.1820271817641141,0.0,1,SEARCH,0.0,0.0,0.0,-0.0
34652,DYNAMIC,0.6946089267730713,-0.10436519980430603,3.0528924465179443,42.18,2.0,0.53679846635331,-1.2391728086713312,1.3504450537617816,-0.6444589700546441,1.186749543562486,0.0,1,SEARCH,0.0,0.0,0.0,-0.0
34700,DYNAMIC,0.6958320140838623,-0.09853920340538025,3.0674808025360107,42.18,2.0,0.53679846635331,-1.2391728086713312,1.3504450537617816,-0.6270782835799599,1.1960245271281325,0.0,1,SEARCH,0.0,0.0,0.0,-0.0
34752,DYNAMIC,0.6966860294342041,-0.09536492824554443,3.079226016998291,0.0,2.0,0.0,0.0,0.0,0.0,-0.0,0.0,0,SEARCH,0.0,0.0,0.0,-0.0
34800,DYNAMIC,0.697711706161499,-0.08968779444694519,3.099496364593506,0.0,2.0,0.0,0.0,0.0,0.0,-0.0,0.0,0,SEARCH,0.0,0.0,0.0,-0.0
34851,DYNAMIC,0.6982259750366211,-0.08667036890983582,3.1139845848083496,0.0,2.0,0.0,0.0,0.0,0.0,-0.0,0.0,0,SEARCH,0.0,0.0,0.0,-0.0
34900,DYNAMIC,0.7007153034210205,-0.0787922739982605,3.1358351707458496,0.0,2.0,0.0,0.0,0.0,0.0,-0.0,0.0,0,SEARCH,0.0,0.0,0.0,-0.0
34951,DYNAMIC,0.7028706073760986,-0.07253354787826538,3.1500489711761475,0.0,2.0,0.0,0.0,0.0,-0.0,0.0,0.0,0,SEARCH,0.0,0.0,0.0,-0.0
35000,DYNAMIC,0.7051024436950684,-0.06317511200904846,3.170510768890381,0.0,2.0,0.0,0.0,0.0,-0.0,0.0,0.0,0,SEARCH,0.0,0.0,0.0,-0.0
35052,DYNAMIC,0.705869197845459,-0.056919366121292114,3.183359384536743,0.0,2.0,0.0,0.0,0.0,-0.0,0.0,0.0,0,SEARCH,0.0,0.0,0.0,-0.0
35100,DYNAMIC,0.7059280872344971,-0.046903908252716064,3.19964861869812,0.0,2.0,0.0,0.0,0.0,-0.0,0.0,0.0,0,SEARCH,0.0,0.0,0.0,-0.0
35151,DYNAMIC,0.7056863307952881,-0.04038408398628235,3.20810866355896,0.0,2.0,0.0,0.0,0.0,-0.0,0.0,0.0,0,SEARCH,0.0,0.0,0.0,-0.0
35200,DYNAMIC,0.7056272029876709,-0.030783116817474365,3.215243101119995,0.0,2.0,0.0,0.0,0.0,-0.0,0.0,0.0,0,SEARCH,0.0,0.0,0.0,-0.0
35262,DYNAMIC,0.7060232162475586,-0.02436235547065735,3.216567277908325,0.0,2.0,0.0,0.0,0.0,-0.0,0.0,0.0,0,SEARCH,0.0,0.0,0.0,-0.0
35305,DYNAMIC,0.7076337337493896,-0.016897737979888916,3.215311050415039,0.0,2.0,0.0,0.0,0.0,-0.0,0.0,0.0,0,SEARCH,0.0,0.0,0.0,-0.0
35352,DYNAMIC,0.7113518714904785,-0.0041258931159973145,3.210536003112793,0.0,2.0,0.0,0.0,0.0,-0.0,0.0,0.0,0,SEARCH,0.0,0.0,0.0,-0.0
35400,DYNAMIC,0.7143754959106445,0.009158164262771606,3.2051033973693848,0.0,2.0,0.0,0.0,0.0,-0.0,0.0,0.0,0,SEARCH,0.0,0.0,0.0,-0.0
35451,DYNAMIC,0.7158365249633789,0.017947375774383545,3.2016780376434326,0.0,2.0,0.0,0.0,0.0,-0.0,0.0,0.0,0,SEARCH,0.0,0.0,0.0,-0.0
35500,DYNAMIC,0.7159571647644043,0.03154817223548889,3.198298692703247,0.0,2.0,0.0,0.0,0.0,-0.0,0.0,0.0,0,SEARCH,0.0,0.0,0.0,-0.0
35551,DYNAMIC,0.7151041030883789,0.04089924693107605,3.1976163387298584,0.0,2.0,0.0,0.0,0.0,-0.0,0.0,0.0,0,SEARCH,0.0,0.0,0.0,-0.0
35600,DYNAMIC,0.7133388519287109,0.05496913194656372,3.198676586151123,0.0,2.0,0.0,0.0,0.0,-0.0,0.0,0.0,0,SEARCH,0.0,0.0,0.0,-0.0
35651,DYNAMIC,0.7119772434234619,0.06447720527648926,3.2006752490997314,0.0,2.0,0.0,0.0,0.0,-0.0,0.0,0.0,0,SEARCH,0.0,0.0,0.0,-0.0
35700,DYNAMIC,0.7102806568145752,0.07902064919471741,3.2050797939300537,0.0,2.0,0.0,0.0,0.0,-0.0,0.0,0.0,0,SEARCH,0.0,0.0,0.0,-0.0
35751,DYNAMIC,0.7092809677124023,0.08904534578323364,3.2089314460754395,0.0,2.0,0.0,0.0,0.0,-0.0,0.0,0.0,0,SEARCH,0.0,0.0,0.0,-0.0
35800,DYNAMIC,0.706911563873291,0.1046968400478363,3.215763807296753,0.0,2.0,0.0,0.0,0.0,-0.0,0.0,0.0,0,SEARCH,0.0,0.0,0.0,-0.0
35850,DYNAMIC,0.7045643329620361,0.11536708474159241,3.220838785171509,0.0,2.0,0.0,0.0,0.0,-0.0,0.0,0.0,0,SEARCH,0.0,0.0,0.0,-0.0
35900,DYNAMIC,0.6991903781890869,0.1324402391910553,3.227787494659424,0.0,2.0,0.0,0.0,0.0,-0.0,0.0,0.0,0,SEARCH,0.0,0.0,0.0,-0.0
35951,DYNAMIC,0.6945922374725342,0.14433029294013977,3.232257604598999,0.0,2.0,0.0,0.0,0.0,-0.0,0.0,0.0,0,SEARCH,0.0,0.0,0.0,-0.0
36000,DYNAMIC,0.6865322589874268,0.16259315609931946,3.2373483180999756,0.0,2.0,0.0,0.0,0.0,-0.0,0.0,0.0,0,SEARCH,0.0,0.0,0.0,-0.0
36051,DYNAMIC,0.68072509765625,0.17443713545799255,3.239257574081421,0.0,2.0,0.0,0.0,0.0,-0.0,0.0,0.0,0,SEARCH,0.0,0.0,0.0,-0.0
36100,DYNAMIC,0.6721296310424805,0.1912231743335724,3.2402477264404297,0.0,2.0,0.0,0.0,0.0,-0.0,0.0,0.0,0,SEARCH,0.0,0.0,0.0,-0.0
36153,DYNAMIC,0.6667861938476562,0.20155009627342224,3.240307331085205,0.0,2.0,0.0,0.0,0.0,-0.0,0.0,0.0,0,SEARCH,0.0,0.0,0.0,-0.0
36200,DYNAMIC,0.6596050262451172,0.2148984968662262,3.2395124435424805,0.0,2.0,0.0,0.0,0.0,-0.0,0.0,0.0,0,SEARCH,0.0,0.0,0.0,-0.0
36252,DYNAMIC,0.6554522514343262,0.22231045365333557,3.238480567932129,0.0,2.0,0.0,0.0,0.0,-0.0,0.0,0.0,0,SEARCH,0.0,0.0,0.0,-0.0
36300,DYNAMIC,0.649151086807251,0.23297753930091858,3.237018346786499,0.0,2.0,0.0,0.0,0.0,-0.0,0.0,0.0,0,SEARCH,0.0,0.0,0.0,-0.0
36351,DYNAMIC,0.6448819637298584,0.2393377721309662,3.2361342906951904,0.0,2.0,0.0,0.0,0.0,-0.0,0.0,0.0,0,SEARCH,0.0,0.0,0.0,-0.0
36400,DYNAMIC,0.6380817890167236,0.24673953652381897,3.236274480819702,0.0,2.0,0.0,0.0,0.0,-0.0,0.0,0.0,0,SEARCH,0.0,0.0,0.0,-0.0
36452,DYNAMIC,0.6329846382141113,0.25035324692726135,3.2370378971099854,0.0,2.0,0.0,0.0,0.0,-0.0,0.0,0.0,0,SEARCH,0.0,0.0,0.0,-0.0
36500,DYNAMIC,0.622614860534668,0.25544747710227966,3.2383594512939453,0.0,2.0,0.0,0.0,0.0,-0.0,0.0,0.0,0,SEARCH,0.0,0.0,0.0,-0.0
36550,DYNAMIC,0.6142294406890869,0.25876060128211975,3.238034725189209,0.0,2.0,0.0,0.0,0.0,-0.0,0.0,0.0,0,SEARCH,0.0,0.0,0.0,-0.0
36602,DYNAMIC,0.6018974781036377,0.2624950706958771,3.235351800918579,0.0,2.0,0.0,0.0,0.0,-0.0,0.0,0.0,0,SEARCH,0.0,0.0,0.0,-0.0
36653,DYNAMIC,0.5937297344207764,0.264189749956131,3.234246015548706,0.0,2.0,0.0,0.0,0.0,-0.0,0.0,0.0,0,SEARCH,0.0,0.0,0.0,-0.0
36700,DYNAMIC,0.5805611610412598,0.2670721709728241,3.2319295406341553,0.0,2.0,0.0,0.0,0.0,-0.0,0.0,0.0,0,SEARCH,0.0,0.0,0.0,-0.0
36752,DYNAMIC,0.5710561275482178,0.26936182379722595,3.2292211055755615,35.74,2.0,0.7108145492737326,-0.8735729094894946,1.1262268650912037,-0.6316353015401394,0.9324289771888568,0.0,1,SEARCH,0.0,0.0,0.0,-0.0
36800,DYNAMIC,0.5561158657073975,0.27299633622169495,3.2232625484466553,35.74,2.0,0.7108145492737326,-0.8735729094894946,1.1262268650912037,-0.637179987108764,0.9286488118127518,0.0,1,SEARCH,0.0,0.0,0.0,-0.0
36850,DYNAMIC,0.5432953834533691,0.2758404314517975,3.218400239944458,35.74,2.0,0.7108145492737326,-0.8735729094894946,1.1262268650912037,-0.6416878142260972,0.9255396807954233,0.0,1,SEARCH,0.0,0.0,0.0,-0.0
36900,DYNAMIC,0.5294091701507568,0.27825871109962463,3.211250066757202,35.74,2.0,0.7108145492737326,-0.8735729094894946,1.1262268650912037,-0.6482891237793633,0.920927881890078,0.0,1,SEARCH,0.0,0.0,0.0,-0.0
36950,DYNAMIC,0.5184412002563477,0.27951857447624207,3.2064759731292725,35.74,2.0,0.7108145492737326,-0.8735729094894946,1.1262268650912037,-0.6526783151318283,0.9178224058116244,0.0,1,SEARCH,0.0,0.0,0.0,-0.0
37000,DYNAMIC,0.503000020980835,0.2805829346179962,3.1972241401672363,35.74,2.0,0.7108145492737326,-0.8735729094894946,1.1262268650912037,-0.6611418003167309,0.9117447403342189,0.0,1,SEARCH,0.0,0.0,0.0,-0.0
37051,DYNAMIC,0.4935626983642578,0.2811117470264435,3.190521478652954,35.74,2.0,0.7108145492737326,-0.8735729094894946,1.1262268650912037,-0.6672380198770262,0.9072928835187375,0.0,1,SEARCH,0.0,0.0,0.0,-0.0
37100,DYNAMIC,0.478771448135376,0.28150174021720886,3.1815919876098633,35.74,2.0,0.7108145492737326,-0.8735729094894946,1.1262268650912037,-0.6753129746835144,0.9012986951489851,0.0,1,SEARCH,0.0,0.0,0.0,-0.0
37151,DYNAMIC,0.4691290855407715,0.28139200806617737,3.175858974456787,35.74,2.0,0.7108145492737326,-0.8735729094894946,1.1262268650912037,-0.6804690057786168,0.8974123265410507,0.0,1,SEARCH,0.0,0.0,0.0,-0.0
37200,DYNAMIC,0.4554738998413086,0.2802174389362335,3.16947865486145,35.74,2.0,0.7108145492737326,-0.8735729094894946,1.1262268650912037,-0.6861808940010378,0.8930524801830501,0.0,1,SEARCH,0.0,0.0,0.0,-0.0
37251,DYNAMIC,0.4468400478363037,0.279447466135025,3.1676015853881836,35.74,2.0,0.7108145492737326,-0.8735729094894946,1.1262268650912037,-0.6878560057241964,0.8917628984446004,0.0,1,SEARCH,0.0,0.0,0.0,-0.0
37313,DYNAMIC,0.4383678436279297,0.2791832387447357,3.167257308959961,35.74,2.0,0.7108145492737326,-0.8735729094894946,1.1262268650912037,-0.6881629778991303,0.8915260329918366,0.0,1,SEARCH,0.0,0.0,0.0,-0.0
37353,DYNAMIC,0.4253973960876465,0.28010293841362,3.168666124343872,37.19,2.0,0.7050179802538136,-0.9969748761098906,1.2210688989878902,-0.6777713436035457,1.0156944726960675,0.0,1,SEARCH,0.0,0.0,0.0,-0.0
37400,DYNAMIC,0.4133262634277344,0.28138110041618347,3.167949914932251,37.19,2.0,0.7050179802538136,-0.9969748761098906,1.2210688989878902,-0.6784986196486261,1.0152087860191161,0.0,1,SEARCH,0.0,0.0,0.0,-0.0
37454,DYNAMIC,0.4059457778930664,0.2829490602016449,3.1654915809631348,37.19,2.0,0.7050179802538136,-0.9969748761098906,1.2210688989878902,-0.6809922891590164,1.0135377438366373,0.0,1,SEARCH,0.0,0.0,0.0,-0.0
37500,DYNAMIC,0.39514756202697754,0.2857660949230194,3.162184238433838,37.19,2.0,0.7050179802538136,-0.9969748761098906,1.2210688989878902,-0.6843406750144067,1.0112799298890118,0.0,1,SEARCH,0.0,0.0,0.0,-0.0
37551,DYNAMIC,0.38801002502441406,0.2874484360218048,3.160034656524658,37.19,2.0,0.7050179802538136,-0.9969748761098906,1.2210688989878902,-0.6865129213160247,1.0098065482762706,0.0,1,SEARCH,0.0,0.0,0.0,-0.0
37600,DYNAMIC,0.3780977725982666,0.2902194559574127,3.1560909748077393,37.19,2.0,0.7050179802538136,-0.9969748761098906,1.2210688989878902,-0.6904899280831552,1.0070913142765245,0.0,1,SEARCH,0.0,0.0,0.0,-0.0
37652,DYNAMIC,0.3719956874847412,0.2920639216899872,3.153775691986084,37.19,2.0,0.7050179802538136,-0.9969748761098906,1.2210688989878902,-0.692819776523015,1.0054899369631194,0.0,1,SEARCH,0.0,0.0,0.0,-0.0
37700,DYNAMIC,0.3636054992675781,0.2960265576839447,3.1524856090545654,37.19,2.0,0.7050179802538136,-0.9969748761098906,1.2210688989878902,-0.6941163650339532,1.004595305517376,0.0,1,SEARCH,0.0,0.0,0.0,-0.0
37752,DYNAMIC,0.35802721977233887,0.29930874705314636,3.1539461612701416,37.19,2.0,0.7050179802538136,-0.9969748761098906,1.2210688989878902,-0.6926483613075699,1.0056080268441758,0.0,1,SEARCH,0.0,0.0,0.0,-0.0
37800,DYNAMIC,0.349933385848999,0.30461475253105164,3.159025192260742,37.19,2.0,0.7050179802538136,-0.9969748761098906,1.2210688989878902,-0.6875319349823362,1.0091130236276524,0.0,1,SEARCH,0.0,0.0,0.0,-0.0
37854,DYNAMIC,0.34458112716674805,0.3080863058567047,3.1648690700531006,37.19,2.0,0.7050179802538136,-0.9969748761098906,1.2210688989878902,-0.6816230954725312,1.0131136223513841,0.0,1,SEARCH,0.0,0.0,0.0,-0.0
37906,DYNAMIC,0.3354508876800537,0.31307080388069153,3.180162191390991,37.19,2.0,0.7050179802538136,-0.9969748761098906,1.2210688989878902,-0.6660503225504788,1.0234188897542889,0.0,1,SEARCH,0.0,0.0,0.0,-0.0
37951,DYNAMIC,0.3289515972137451,0.3161051571369171,3.1930713653564453,37.12,2.0,0.7546324027388082,-0.9263333694734036,1.1948069194071886,-0.7059673244644769,0.9639365702429616,0.0,1,SEARCH,0.0,0.0,0.0,-0.0
38000,DYNAMIC,0.3189728260040283,0.3195818364620209,3.2144269943237305,37.12,2.0,0.7546324027388082,-0.9263333694734036,1.1948069194071886,-0.6852224407677814,0.9787920010561694,0.0,1,SEARCH,0.0,0.0,0.0,-0.0
38052,DYNAMIC,0.31232333183288574,0.32203438878059387,3.2293291091918945,37.12,2.0,0.7546324027388082,-0.9263333694734036,1.1948069194071886,-0.6705608264891979,0.9888942070016489,0.0,1,SEARCH,0.0,0.0,0.0,-0.0
38100,DYNAMIC,0.3012688159942627,0.3286193311214447,3.2505757808685303,37.12,2.0,0.7546324027388082,-0.9263333694734036,1.1948069194071886,-0.6494003497488664,1.0029171253943898,0.0,1,SEARCH,0.0,0.0,0.0,-0.0
38152,DYNAMIC,0.29677605628967285,0.3319065272808075,3.2617123126983643,37.12,2.0,0.7546324027388082,-0.9263333694734036,1.1948069194071886,-0.6381912924660872,1.0100868521487452,0.0,1,SEARCH,0.0,0.0,0.0,-0.0
38200,DYNAMIC,0.28847670555114746,0.3377266228199005,3.2729740142822266,37.12,2.0,0.7546324027388082,-0.9263333694734036,1.1948069194071886,-0.6267757670369584,1.0172097681985406,0.0,1,SEARCH,0.0,0.0,0.0,-0.0
38255,DYNAMIC,0.2836482524871826,0.34082743525505066,3.277085781097412,37.12,2.0,0.7546324027388082,-0.9263333694734036,1.1948069194071886,-0.6225879511290151,1.01977831795556,0.0,1,SEARCH,0.0,0.0,0.0,-0.0
38300,DYNAMIC,0.2769968509674072,0.3453036844730377,3.2783987522125244,37.12,2.0,0.7546324027388082,-0.9263333694734036,1.1948069194071886,-0.621248475400945,1.0205948787228445,0.0,1,SEARCH,0.0,0.0,0.0,-0.0
38353,DYNAMIC,0.27297043800354004,0.34863612055778503,3.276280641555786,37.12,2.0,0.7546324027388082,-0.9263333694734036,1.1948069194071886,-0.6234088130915753,1.019276717296657,0.0,1,SEARCH,0.0,0.0,0.0,-0.0
38400,DYNAMIC,0.26813364028930664,0.3527061641216278,3.2725369930267334,37.12,2.0,0.7546324027388082,-0.9263333694734036,1.1948069194071886,-0.6272202494596142,1.016935756737423,0.0,1,SEARCH,0.0,0.0,0.0,-0.0
38451,DYNAMIC,0.2654438018798828,0.35521337389945984,3.2706522941589355,37.12,2.0,0.7546324027388082,-0.9263333694734036,1.1948069194071886,-0.6291357520232917,1.0157518300201989,0.0,1,SEARCH,0.0,0.0,0.0,-0.0
38513,DYNAMIC,0.2613546848297119,0.35884180665016174,3.2704648971557617,37.12,2.0,0.7546324027388082,-0.9263333694734036,1.1948069194071886,-0.6293260898242113,1.0156339140309685,0.0,1,SEARCH,0.0,0.0,0.0,-0.0
38552,DYNAMIC,0.25829100608825684,0.3607146441936493,3.27227520942688,37.12,2.0,0.7546324027388082,-0.9263333694734036,1.1948069194071886,-0.6274864450678855,1.0167715259188583,0.0,1,SEARCH,0.0,0.0,0.0,-0.0
38600,DYNAMIC,0.25345849990844727,0.36111077666282654,3.277468681335449,39.55,2.0,0.9201804303580178,-0.9760530815844702,1.341421500679189,-0.7794846627371781,1.09170293717747,0.0,1,SEARCH,0.0,0.0,0.0,-0.0
38652,DYNAMIC,0.2501988410949707,0.36002060770988464,3.2816264629364014,39.55,2.0,0.9201804303580178,-0.9760530815844702,1.341421500679189,-0.7749388759055758,1.0949344186272574,0.0,1,SEARCH,0.0,0.0,0.0,-0.0
38700,DYNAMIC,0.24547719955444336,0.3575088083744049,3.286607503890991,39.55,2.0,0.9201804303580178,-0.9760530815844702,1.341421500679189,-0.7694753718815655,1.0987808218894857,0.0,1,SEARCH,0.0,0.0,0.0,-0.0
38751,DYNAMIC,0.24195528030395508,0.3549616038799286,3.2884902954101562,39.55,2.0,0.9201804303580178,-0.9760530815844702,1.341421500679189,-0.7674052340332365,1.1002276352022797,0.0,1,SEARCH,0.0,0.0,0.0,-0.0
38800,DYNAMIC,0.2392885684967041,0.35180845856666565,3.286189556121826,39.55,2.0,0.9201804303580178,-0.9760530815844702,1.341421500679189,-0.7699345376553977,1.0984591254160423,0.0,1,SEARCH,0.0,0.0,0.0,-0.0
38852,DYNAMIC,0.23784136772155762,0.34892401099205017,3.280667304992676,39.55,2.0,0.9201804303580178,-0.9760530815844702,1.341421500679189,-0.7759887343243895,1.0941906263014867,0.0,1,SEARCH,0.0,0.0,0.0,-0.0
38900,DYNAMIC,0.23699951171875,0.3442089855670929,3.267970323562622,39.55,2.0,0.9201804303580178,-0.9760530815844702,1.341421500679189,-0.7898187300766879,1.0842499786047752,0.0,1,SEARCH,0.0,0.0,0.0,-0.0
38952,DYNAMIC,0.2373502254486084,0.3408658802509308,3.2570581436157227,39.55,2.0,0.9201804303580178,-0.9760530815844702,1.341421500679189,-0.8016030025130442,1.075566952284459,0.0,1,SEARCH,0.0,0.0,0.0,-0.0
39000,DYNAMIC,0.23897290229797363,0.33539023995399475,3.2373156547546387,39.55,2.0,0.9201804303580178,-0.9760530815844702,1.341421500679189,-0.8226797780389994,1.0595327391308444,0.0,1,SEARCH,0.0,0.0,0.0,-0.0
39052,DYNAMIC,0.24082446098327637,0.33146968483924866,3.2236392498016357,39.55,2.0,0.9201804303580178,-0.9760530815844702,1.341421500679189,-0.8370929876339523,1.0481826999805286,0.0,1,SEARCH,0.0,0.0,0.0,-0.0
39100,DYNAMIC,0.24408602714538574,0.32544347643852234,3.2039520740509033,39.55,2.0,0.9201804303580178,-0.9760530815844702,1.341421500679189,-0.8575651946183896,1.0315006444319514,0.0,1,SEARCH,0.0,0.0,0.0,-0.0
39153,DYNAMIC,0.2464895248413086,0.3211173117160797,3.1929001808166504,39.55,2.0,0.9201804303580178,-0.9760530815844702,1.341421500679189,-0.868912624702163,1.021960123056475,0.0,1,SEARCH,0.0,0.0,0.0,-0.0
39201,DYNAMIC,0.25060606002807617,0.3142096698284149,3.1801631450653076,39.55,2.0,0.9201804303580178,-0.9760530815844702,1.341421500679189,-0.8818585335750672,1.0108101548981587,0.0,1,SEARCH,0.0,0.0,0.0,-0.0
39253,DYNAMIC,0.25348997116088867,0.30932900309562683,3.174673318862915,0.0,2.0,0.0,0.0,0.0,-0.0,0.0,0.0,0,SEARCH,0.0,0.0,0.0,-0.0
39300,DYNAMIC,0.2574172019958496,0.2985440790653229,3.170375347137451,0.0,2.0,0.0,0.0,0.0,-0.0,0.0,0.0,0,SEARCH,0.0,0.0,0.0,-0.0
39351,DYNAMIC,0.2587606906890869,0.2933741509914398,3.1694467067718506,0.0,2.0,0.0,0.0,0.0,-0.0,0.0,0.0,0,SEARCH,0.0,0.0,0.0,-0.0
39400,DYNAMIC,0.2614748477935791,0.28293874859809875,3.169973850250244,0.0,2.0,0.0,0.0,0.0,-0.0,0.0,0.0,0,SEARCH,0.0,0.0,0.0,-0.0
39452,DYNAMIC,0.26330018043518066,0.2761382758617401,3.1706507205963135,0.0,2.0,0.0,0.0,0.0,-0.0,0.0,0.0,0,SEARCH,0.0,0.0,0.0,-0.0
39500,DYNAMIC,0.266021728515625,0.2657453119754791,3.1707651615142822,0.0,2.0,0.0,0.0,0.0,-0.0,0.0,0.0,0,SEARCH,0.0,0.0,0.0,-0.0
39553,DYNAMIC,0.26812291145324707,0.25899097323417664,3.169271945953369,0.0,2.0,0.0,0.0,0.0,-0.0,0.0,0.0,0,SEARCH,0.0,0.0,0.0,-0.0
39600,DYNAMIC,0.27215051651000977,0.2497740089893341,3.163215160369873,0.0,2.0,0.0,0.0,0.0,-0.0,0.0,0.0,0,SEARCH,0.0,0.0,0.0,-0.0
39651,DYNAMIC,0.27555060386657715,0.24418988823890686,3.156994104385376,0.0,2.0,0.0,0.0,0.0,-0.0,0.0,0.0,0,SEARCH,0.0,0.0,0.0,-0.0
39701,DYNAMIC,0.28154587745666504,0.23578211665153503,3.1451144218444824,0.0,2.0,0.0,0.0,0.0,-0.0,0.0,0.0,0,SEARCH,0.0,0.0,0.0,-0.0
39754,DYNAMIC,0.28578758239746094,0.22980675101280212,3.1370840072631836,0.0,2.0,0.0,0.0,0.0,0.0,-0.0,0.0,0,SEARCH,0.0,0.0,0.0,-0.0
39806,DYNAMIC,0.29241013526916504,0.2213934361934662,3.1279494762420654,0.0,2.0,0.0,0.0,0.0,0.0,-0.0,0.0,0,SEARCH,0.0,0.0,0.0,-0.0
39852,DYNAMIC,0.2967679500579834,0.21657851338386536,3.1235547065734863,0.0,2.0,0.0,0.0,0.0,0.0,-0.0,0.0,0,SEARCH,0.0,0.0,0.0,-0.0
39902,DYNAMIC,0.30371546745300293,0.20954743027687073,3.119218111038208,0.0,2.0,0.0,0.0,0.0,0.0,-0.0,0.0,0,SEARCH,0.0,0.0,0.0,-0.0
39953,DYNAMIC,0.3083004951477051,0.2053547203540802,3.116894245147705,0.0,2.0,0.0,0.0,0.0,0.0,-0.0,0.0,0,SEARCH,0.0,0.0,0.0,-0.0
40000,DYNAMIC,0.3148512840270996,0.20001742243766785,3.1156885623931885,0.0,2.0,0.0,0.0,0.0,0.0,-0.0,0.0,0,SEARCH,0.0,0.0,0.0,-0.0
40053,DYNAMIC,0.3189830780029297,0.19688567519187927,3.11696457862854,0.0,2.0,0.0,0.0,0.0,0.0,-0.0,0.0,0,SEARCH,0.0,0.0,0.0,-0.0
40100,DYNAMIC,0.32505154609680176,0.1921311318874359,3.1205060482025146,0.0,2.0,0.0,0.0,0.0,0.0,-0.0,0.0,0,SEARCH,0.0,0.0,0.0,-0.0
40153,DYNAMIC,0.3291594982147217,0.18862351775169373,3.1236119270324707,0.0,2.0,0.0,0.0,0.0,0.0,-0.0,0.0,0,SEARCH,0.0,0.0,0.0,-0.0
40200,DYNAMIC,0.33491945266723633,0.18460217118263245,3.1273131370544434,0.0,2.0,0.0,0.0,0.0,0.0,-0.0,0.0,0,SEARCH,0.0,0.0,0.0,-0.0
40252,DYNAMIC,0.33849668502807617,0.18277177214622498,3.128948450088501,0.0,2.0,0.0,0.0,0.0,0.0,-0.0,0.0,0,SEARCH,0.0,0.0,0.0,-0.0
40300,DYNAMIC,0.34299182891845703,0.18053790926933289,3.1298911571502686,0.0,2.0,0.0,0.0,0.0,0.0,-0.0,0.0,0,SEARCH,0.0,0.0,0.0,-0.0
40352,DYNAMIC,0.34546804428100586,0.17931023240089417,3.1301345825195312,0.0,2.0,0.0,0.0,0.0,0.0,-0.0,0.0,0,SEARCH,0.0,0.0,0.0,-0.0
40400,DYNAMIC,0.34879422187805176,0.17817655205726624,3.129514217376709,0.0,2.0,0.0,0.0,0.0,0.0,-0.0,0.0,0,SEARCH,0.0,0.0,0.0,-0.0
40456,DYNAMIC,0.3507065773010254,0.17783614993095398,3.128774642944336,0.0,2.0,0.0,0.0,0.0,0.0,-0.0,0.0,0,SEARCH,0.0,0.0,0.0,-0.0
40505,DYNAMIC,0.35434865951538086,0.17770084738731384,3.129060983657837,0.0,2.0,0.0,0.0,0.0,0.0,-0.0,0.0,0,SEARCH,0.0,0.0,0.0,-0.0
40551,DYNAMIC,0.35713768005371094,0.1777518093585968,3.1307108402252197,0.0,2.0,0.0,0.0,0.0,0.0,-0.0,0.0,0,SEARCH,0.0,0.0,0.0,-0.0
40600,DYNAMIC,0.36034417152404785,0.17802521586418152,3.1359472274780273,0.0,2.0,0.0,0.0,0.0,0.0,-0.0,0.0,0,SEARCH,0.0,0.0,0.0,-0.0
40653,DYNAMIC,0.3623046875,0.17823651432991028,3.1407406330108643,0.0,2.0,0.0,0.0,0.0,0.0,-0.0,0.0,0,SEARCH,0.0,0.0,0.0,-0.0
40700,DYNAMIC,0.3638625144958496,0.17862501740455627,3.148826837539673,0.0,2.0,0.0,0.0,0.0,-0.0,0.0,0.0,0,SEARCH,0.0,0.0,0.0,-0.0
40751,DYNAMIC,0.3652470111846924,0.1789800226688385,3.1539711952209473,0.0,2.0,0.0,0.0,0.0,-0.0,0.0,0.0,0,SEARCH,0.0,0.0,0.0,-0.0
40800,DYNAMIC,0.36629438400268555,0.17989149689674377,3.1607580184936523,0.0,2.0,0.0,0.0,0.0,-0.0,0.0,0.0,0,SEARCH,0.0,0.0,0.0,-0.0
40854,DYNAMIC,0.3663012981414795,0.1807660162448883,3.1642985343933105,0.0,2.0,0.0,0.0,0.0,-0.0,0.0,0.0,0,SEARCH,0.0,0.0,0.0,-0.0
40900,DYNAMIC,0.3656585216522217,0.1829327642917633,3.1672544479370117,0.0,2.0,0.0,0.0,0.0,-0.0,0.0,0.0,0,SEARCH,0.0,0.0,0.0,-0.0
40951,DYNAMIC,0.364764928817749,0.18488505482673645,3.1670799255371094,0.0,2.0,0.0,0.0,0.0,-0.0,0.0,0.0,0,SEARCH,0.0,0.0,0.0,-0.0
41000,DYNAMIC,0.36267709732055664,0.18811073899269104,3.164937973022461,0.0,2.0,0.0,0.0,0.0,-0.0,0.0,0.0,0,SEARCH,0.0,0.0,0.0,-0.0
41052,DYNAMIC,0.36089563369750977,0.1904679238796234,3.162777900695801,0.0,2.0,0.0,0.0,0.0,-0.0,0.0,0.0,0,SEARCH,0.0,0.0,0.0,-0.0
41100,DYNAMIC,0.3589301109313965,0.19440719485282898,3.157715082168579,0.0,2.0,0.0,0.0,0.0,-0.0,0.0,0.0,0,SEARCH,0.0,0.0,0.0,-0.0
41151,DYNAMIC,0.35814571380615234,0.19710949063301086,3.1536362171173096,0.0,2.0,0.0,0.0,0.0,-0.0,0.0,0.0,0,SEARCH,0.0,0.0,0.0,-0.0
41202,DYNAMIC,0.3568084239959717,0.2010347545146942,3.148560047149658,0.0,2.0,0.0,0.0,0.0,-0.0,0.0,0.0,0,SEARCH,0.0,0.0,0.0,-0.0
41251,DYNAMIC,0.3558323383331299,0.20358070731163025,3.1465835571289062,39.06,2.0,0.7796310864710753,-0.9992606074435686,1.2674172133045056,-0.7746341839321149,1.0031392095140061,0.0,1,SEARCH,0.0,0.0,0.0,-0.0
41300,DYNAMIC,0.3543224334716797,0.207474023103714,3.145738124847412,39.06,2.0,0.7796310864710753,-0.9992606074435686,1.2674172133045056,-0.7754819932645423,1.0024839503468428,0.0,1,SEARCH,0.0,0.0,0.0,-0.0
41351,DYNAMIC,0.35320591926574707,0.2099778950214386,3.146456003189087,39.06,2.0,0.7796310864710753,-0.9992606074435686,1.2674172133045056,-0.7747621319884767,1.0030403937116537,0.0,1,SEARCH,0.0,0.0,0.0,-0.0
41400,DYNAMIC,0.3512094020843506,0.2132193148136139,3.1492159366607666,39.06,2.0,0.7796310864710753,-0.9992606074435686,1.2674172133045056,-0.7719908599770429,1.0051748627440227,0.0,1,SEARCH,0.0,0.0,0.0,-0.0
41453,DYNAMIC,0.34957289695739746,0.21491757035255432,3.1520655155181885,39.06,2.0,0.7796310864710753,-0.9992606074435686,1.2674172133045056,-0.7691234044973474,1.0073706275423007,0.0,1,SEARCH,0.0,0.0,0.0,-0.0
41500,DYNAMIC,0.34734010696411133,0.21677449345588684,3.1570310592651367,39.06,2.0,0.7796310864710753,-0.9992606074435686,1.2674172133045056,-0.764111800158779,1.0111773086055031,0.0,1,SEARCH,0.0,0.0,0.0,-0.0
41552,DYNAMIC,0.34606289863586426,0.21768537163734436,3.1600728034973145,39.06,2.0,0.7796310864710753,-0.9992606074435686,1.2674172133045056,-0.7610325272975991,1.0134968598745573,0.0,1,SEARCH,0.0,0.0,0.0,-0.0
41600,DYNAMIC,0.34423065185546875,0.21891042590141296,3.162705898284912,39.06,2.0,0.7796310864710753,-0.9992606074435686,1.2674172133045056,-0.7583612588929755,1.0154972149596573,0.0,1,SEARCH,0.0,0.0,0.0,-0.0
41651,DYNAMIC,0.3432145118713379,0.21980121731758118,3.162727117538452,39.06,2.0,0.7796310864710753,-0.9992606074435686,1.2674172133045056,-0.758339710629375,1.0155133065908664,0.0,1,SEARCH,0.0,0.0,0.0,-0.0
41700,DYNAMIC,0.3430674076080322,0.22140273451805115,3.1605770587921143,39.06,2.0,0.7796310864710753,-0.9992606074435686,1.2674172133045056,-0.7605213694062396,1.0138804856870542,0.0,1,SEARCH,0.0,0.0,0.0,-0.0
41756,DYNAMIC,0.3438105583190918,0.22260317206382751,3.1579408645629883,39.06,2.0,0.7796310864710753,-0.9992606074435686,1.2674172133045056,-0.7631915095681608,1.0118720829747359,0.0,1,SEARCH,0.0,0.0,0.0,-0.0
41804,DYNAMIC,0.34513139724731445,0.2243039309978485,3.1528799533843994,39.06,2.0,0.7796310864710753,-0.9992606074435686,1.2674172133045056,-0.7683027087204307,1.0079966965984601,0.0,1,SEARCH,0.0,0.0,0.0,-0.0
41852,DYNAMIC,0.34624671936035156,0.22555413842201233,3.149839162826538,38.32,2.0,0.7553759913696863,-0.973068930673082,1.2318506533581868,-0.7473259759002809,0.9792649886132375,0.0,1,SEARCH,0.0,0.0,0.0,-0.0
41900,DYNAMIC,0.3460574150085449,0.22722622752189636,3.146436929702759,38.32,2.0,0.7553759913696863,-0.973068930673082,1.2318506533581868,-0.7506533320380205,0.9767167487451052,0.0,1,SEARCH,0.0,0.0,0.0,-0.0
41952,DYNAMIC,0.3452024459838867,0.2286733090877533,3.1451098918914795,38.32,2.0,0.7553759913696863,-0.973068930673082,1.2318506533581868,-0.751948810752913,0.9757197436693957,0.0,1,SEARCH,0.0,0.0,0.0,-0.0
42000,DYNAMIC,0.3437533378601074,0.230001300573349,3.14548397064209,38.32,2.0,0.7553759913696863,-0.973068930673082,1.2318506533581868,-0.7515837621268233,0.9760009634658575,0.0,1,SEARCH,0.0,0.0,0.0,-0.0
42052,DYNAMIC,0.34264183044433594,0.23031309247016907,3.1467971801757812,38.32,2.0,0.7553759913696863,-0.973068930673082,1.2318506533581868,-0.7503014206648414,0.9769871085778524,0.0,1,SEARCH,0.0,0.0,0.0,-0.0
42100,DYNAMIC,0.3418858051300049,0.23065146803855896,3.150122880935669,38.32,2.0,0.7553759913696863,-0.973068930673082,1.2318506533581868,-0.7470481106147382,0.9794769791097397,0.0,1,SEARCH,0.0,0.0,0.0,-0.0
42153,DYNAMIC,0.34186315536499023,0.23086532950401306,3.152343988418579,38.32,2.0,0.7553759913696863,-0.973068930673082,1.2318506533581868,-0.744870746043501,0.9811338358590991,0.0,1,SEARCH,0.0,0.0,0.0,-0.0
42200,DYNAMIC,0.3423454761505127,0.2314220368862152,3.1544742584228516,38.32,2.0,0.7553759913696863,-0.973068930673082,1.2318506533581868,-0.7427789775137942,0.9827183842498084,0.0,1,SEARCH,0.0,0.0,0.0,-0.0
42251,DYNAMIC,0.343090295791626,0.2319922149181366,3.1560709476470947,38.32,2.0,0.7553759913696863,-0.973068930673082,1.2318506533581868,-0.7412089354996285,0.9839031182563146,0.0,1,SEARCH,0.0,0.0,0.0,-0.0
42300,DYNAMIC,0.34459614753723145,0.23285415768623352,3.1595957279205322,38.32,2.0,0.7553759913696863,-0.973068930673082,1.2318506533581868,-0.7377362959653267,0.9865095994435895,0.0,1,SEARCH,0.0,0.0,0.0,-0.0
42351,DYNAMIC,0.3457479476928711,0.2327263057231903,3.1623239517211914,38.32,2.0,0.7553759913696863,-0.973068930673082,1.2318506533581868,-0.7350421347757622,0.9885186352736511,0.0,1,SEARCH,0.0,0.0,0.0,-0.0
42407,DYNAMIC,0.34702181816101074,0.23197057843208313,3.165336847305298,38.32,2.0,0.7553759913696863,-0.973068930673082,1.2318506533581868,-0.7320604996660889,0.9907287504698893,0.0,1,SEARCH,0.0,0.0,0.0,-0.0
42456,DYNAMIC,0.34908461570739746,0.23077866435050964,3.168856382369995,39.23,2.0,0.8178036826867078,-0.992071188608439,1.2856936286234377,-0.7904555511642107,1.0139961184918738,0.0,1,SEARCH,0.0,0.0,0.0,-0.0
42500,DYNAMIC,0.3512239456176758,0.22962871193885803,3.171759605407715,39.23,2.0,0.8178036826867078,-0.992071188608439,1.2856936286234377,-0.7875083671527322,1.016286710700942,0.0,1,SEARCH,0.0,0.0,0.0,-0.0
42551,DYNAMIC,0.3527393341064453,0.22864297032356262,3.173708915710449,39.23,2.0,0.8178036826867078,-0.992071188608439,1.2856936286234377,-0.7855258140607694,1.0178198770544167,0.0,1,SEARCH,0.0,0.0,0.0,-0.0
42600,DYNAMIC,0.3545420169830322,0.22674259543418884,3.1745340824127197,39.23,2.0,0.8178036826867078,-0.992071188608439,1.2856936286234377,-0.7846856756523442,1.0184677202095933,0.0,1,SEARCH,0.0,0.0,0.0,-0.0
42653,DYNAMIC,0.3557426929473877,0.22541078925132751,3.1743593215942383,39.23,2.0,0.8178036826867078,-0.992071188608439,1.2856936286234377,-0.7848636519211415,1.0183305723466773,0.0,1,SEARCH,0.0,0.0,0.0,-0.0
42700,DYNAMIC,0.35800838470458984,0.22371557354927063,3.1729226112365723,39.23,2.0,0.8178036826867078,-0.992071188608439,1.2856936286234377,-0.7863258874658628,1.017201900009986,0.0,1,SEARCH,0.0,0.0,0.0,-0.0
42751,DYNAMIC,0.3598520755767822,0.22270706295967102,3.1701738834381104,39.23,2.0,0.8178036826867078,-0.992071188608439,1.2856936286234377,-0.7891189245416665,1.0150366641718445,0.0,1,SEARCH,0.0,0.0,0.0,-0.0
42800,DYNAMIC,0.36276769638061523,0.22041991353034973,3.16440749168396,39.23,2.0,0.8178036826867078,-0.992071188608439,1.2856936286234377,-0.7949588715866134,1.010469444945586,0.0,1,SEARCH,0.0,0.0,0.0,-0.0
42851,DYNAMIC,0.36475634574890137,0.21842417120933533,3.1604361534118652,39.23,2.0,0.8178036826867078,-0.992071188608439,1.2856936286234377,-0.7989655081681326,1.0073044343397581,0.0,1,SEARCH,0.0,0.0,0.0,-0.0
42900,DYNAMIC,0.3670654296875,0.2159789502620697,3.1549232006073,39.23,2.0,0.8178036826867078,-0.992071188608439,1.2856936286234377,-0.8045065605367738,1.002884490226164,0.0,1,SEARCH,0.0,0.0,0.0,-0.0
42951,DYNAMIC,0.36846280097961426,0.21484306454658508,3.1528072357177734,39.23,2.0,0.8178036826867078,-0.992071188608439,1.2856936286234377,-0.8066268263118959,1.0011799387507228,0.0,1,SEARCH,0.0,0.0,0.0,-0.0
43006,DYNAMIC,0.3698244094848633,0.2137567102909088,3.152261257171631,39.23,2.0,0.8178036826867078,-0.992071188608439,1.2856936286234377,-0.8071733288273948,1.0007393886085452,0.0,1,SEARCH,0.0,0.0,0.0,-0.0
43052,DYNAMIC,0.3714792728424072,0.21233931183815002,3.1521170139312744,39.23,2.0,0.8178036826867078,-0.992071188608439,1.2856936286234377,-0.80731767032199,1.0006229489017215,0.0,1,SEARCH,0.0,0.0,0.0,-0.0
43100,DYNAMIC,0.3727743625640869,0.2104187309741974,3.1531689167022705,40.51,2.0,0.8793126144693398,-1.0261374079071452,1.351350677607889,-0.8673751255320501,1.0362475792394215,0.0,1,SEARCH,0.0,0.0,0.0,-0.0
43151,DYNAMIC,0.37325501441955566,0.20876112580299377,3.154542922973633,40.51,2.0,0.8793126144693398,-1.0261374079071452,1.351350677607889,-0.8659504965518052,1.0374383795642914,0.0,1,SEARCH,0.0,0.0,0.0,-0.0
43200,DYNAMIC,0.3733103275299072,0.20605197548866272,3.1581132411956787,40.51,2.0,0.8793126144693398,-1.0261374079071452,1.351350677607889,-0.8622410000660264,1.0405234796372638,0.0,1,SEARCH,0.0,0.0,0.0,-0.0
43251,DYNAMIC,0.37323546409606934,0.20413318276405334,3.160834550857544,40.51,2.0,0.8793126144693398,-1.0261374079071452,1.351350677607889,-0.8594062242901681,1.0428660486959092,0.0,1,SEARCH,0.0,0.0,0.0,-0.0
43300,DYNAMIC,0.3736286163330078,0.20211288332939148,3.1624553203582764,40.51,2.0,0.8793126144693398,-1.0261374079071452,1.351350677607889,-0.8577148507609252,1.0442575777342795,0.0,1,SEARCH,0.0,0.0,0.0,-0.0
43351,DYNAMIC,0.37436866760253906,0.20108798146247864,3.161613941192627,40.51,2.0,0.8793126144693398,-1.0261374079071452,1.351350677607889,-0.8585931636304784,1.0435355447891113,0.0,1,SEARCH,0.0,0.0,0.0,-0.0
43400,DYNAMIC,0.3758511543273926,0.19948861002922058,3.157081127166748,40.51,2.0,0.8793126144693398,-1.0261374079071452,1.351350677607889,-0.8633144795010104,1.0396329945491343,0.0,1,SEARCH,0.0,0.0,0.0,-0.0
43451,DYNAMIC,0.3769214153289795,0.19861438870429993,3.152949333190918,40.51,2.0,0.8793126144693398,-1.0261374079071452,1.351350677607889,-0.8676026475012238,1.0360570929828956,0.0,1,SEARCH,0.0,0.0,0.0,-0.0
43500,DYNAMIC,0.37794971466064453,0.19757822155952454,3.1476809978485107,40.51,2.0,0.8793126144693398,-1.0261374079071452,1.351350677607889,-0.8730488781685981,1.0314719144018674,0.0,1,SEARCH,0.0,0.0,0.0,-0.0
43551,DYNAMIC,0.3782463073730469,0.1968541443347931,3.1452524662017822,40.51,2.0,0.8793126144693398,-1.0261374079071452,1.351350677607889,-0.8755512633754435,1.0293486479677163,0.0,1,SEARCH,0.0,0.0,0.0,-0.0
43605,DYNAMIC,0.37813878059387207,0.19563987851142883,3.1435928344726562,40.51,2.0,0.8793126144693398,-1.0261374079071452,1.351350677607889,-0.8772583964686455,1.0278941383705626,0.0,1,SEARCH,0.0,0.0,0.0,-0.0
43653,DYNAMIC,0.37764644622802734,0.19475218653678894,3.143397569656372,40.51,2.0,0.8793126144693398,-1.0261374079071452,1.351350677607889,-0.8774590913032516,1.0277228210760783,0.0,1,SEARCH,0.0,0.0,0.0,-0.0
43700,DYNAMIC,0.376816987991333,0.1931845247745514,3.14451265335083,40.04,2.0,0.8718591899246405,-1.0582394201886403,1.3711342448853212,-0.8687654185548978,1.0607807337147357,0.0,1,SEARCH,0.0,0.0,0.0,-0.0
43752,DYNAMIC,0.37625980377197266,0.19211342930793762,3.1454615592956543,40.04,2.0,0.8718591899246405,-1.0582394201886403,1.3711342448853212,-0.8677584464336466,1.0616046326859656,0.0,1,SEARCH,0.0,0.0,0.0,-0.0
43800,DYNAMIC,0.37536144256591797,0.1905914843082428,3.1458232402801514,40.04,2.0,0.8718591899246405,-1.0582394201886403,1.3711342448853212,-0.8673744274762207,1.0619184149724206,0.0,1,SEARCH,0.0,0.0,0.0,-0.0
43851,DYNAMIC,0.3748486042022705,0.1896420419216156,3.145317316055298,40.04,2.0,0.8718591899246405,-1.0582394201886403,1.3711342448853212,-0.8679115666979718,1.0614794533523066,0.0,1,SEARCH,0.0,0.0,0.0,-0.0
43900,DYNAMIC,0.3740234375,0.18868771195411682,3.1421406269073486,40.04,2.0,0.8718591899246405,-1.0582394201886403,1.3711342448853212,-0.871279172089163,1.0587170168561864,0.0,1,SEARCH,0.0,0.0,0.0,-0.0
43951,DYNAMIC,0.37355995178222656,0.18803945183753967,3.1382529735565186,40.04,2.0,0.8718591899246405,-1.0582394201886403,1.3711342448853212,-0.8753885022969774,1.0553217933613874,0.0,1,SEARCH,0.0,0.0,0.0,-0.0
44000,DYNAMIC,0.37310791015625,0.18675926327705383,3.131117343902588,40.04,2.0,0.8718591899246405,-1.0582394201886403,1.3711342448853212,-0.8828965378001349,1.0490485313071911,0.0,1,SEARCH,0.0,0.0,0.0,-0.0
44051,DYNAMIC,0.3727755546569824,0.1857198178768158,3.1259188652038574,40.04,2.0,0.8718591899246405,-1.0582394201886403,1.3711342448853212,-0.8883380399306126,1.0444446583278013,0.0,1,SEARCH,0.0,0.0,0.0,-0.0
44100,DYNAMIC,0.37250351905822754,0.18381854891777039,3.1183905601501465,40.04,2.0,0.8718591899246405,-1.0582394201886403,1.3711342448853212,-0.8961756903305581,1.0377274447357492,0.0,1,SEARCH,0.0,0.0,0.0,-0.0
44151,DYNAMIC,0.3723926544189453,0.18234875798225403,3.1138293743133545,40.04,2.0,0.8718591899246405,-1.0582394201886403,1.3711342448853212,-0.900899619451929,1.0336290404050235,0.0,1,SEARCH,0.0,0.0,0.0,-0.0
44200,DYNAMIC,0.3724243640899658,0.17980799078941345,3.1076672077178955,40.04,2.0,0.8718591899246405,-1.0582394201886403,1.3711342448853212,-0.9072518689268954,1.028057957425502,0.0,1,SEARCH,0.0,0.0,0.0,-0.0
44251,DYNAMIC,0.37281346321105957,0.17800834774971008,3.1044082641601562,40.04,2.0,0.8718591899246405,-1.0582394201886403,1.3711342448853212,-0.9105974280270107,1.0250958206762102,0.0,1,SEARCH,0.0,0.0,0.0,-0.0
44306,DYNAMIC,0.3735823631286621,0.176498681306839,3.1014370918273926,40.04,2.0,0.8718591899246405,-1.0582394201886403,1.3711342448853212,-0.9136391405739734,1.022385758072016,0.0,1,SEARCH,0.0,0.0,0.0,-0.0
44352,DYNAMIC,0.375840425491333,0.17497709393501282,3.09820556640625,40.04,2.0,0.8718591899246405,-1.0582394201886403,1.3711342448853212,-0.916938229939749,1.0194279768439747,0.0,1,SEARCH,0.0,0.0,0.0,-0.0
44400,DYNAMIC,0.37899065017700195,0.17444804310798645,3.096181869506836,0.0,2.0,0.0,0.0,0.0,0.0,-0.0,0.0,0,SEARCH,0.0,0.0,0.0,-0.0
44451,DYNAMIC,0.3816206455230713,0.1748434603214264,3.0954911708831787,0.0,2.0,0.0,0.0,0.0,0.0,-0.0,0.0,0,SEARCH,0.0,0.0,0.0,-0.0
44500,DYNAMIC,0.3857920169830322,0.17589649558067322,3.098113536834717,0.0,2.0,0.0,0.0,0.0,0.0,-0.0,0.0,0,SEARCH,0.0,0.0,0.0,-0.0
44551,DYNAMIC,0.389143705368042,0.17719992995262146,3.100975513458252,0.0,2.0,0.0,0.0,0.0,0.0,-0.0,0.0,0,SEARCH,0.0,0.0,0.0,-0.0
44600,DYNAMIC,0.396472692489624,0.1817757785320282,3.1002676486968994,0.0,2.0,0.0,0.0,0.0,0.0,-0.0,0.0,0,SEARCH,0.0,0.0,0.0,-0.0
44650,DYNAMIC,0.4033539295196533,0.187196284532547,3.0963053703308105,0.0,2.0,0.0,0.0,0.0,0.0,-0.0,0.0,0,SEARCH,0.0,0.0,0.0,-0.0
44700,DYNAMIC,0.41710948944091797,0.1972046196460724,3.087352991104126,0.0,2.0,0.0,0.0,0.0,0.0,-0.0,0.0,0,SEARCH,0.0,0.0,0.0,-0.0
44751,DYNAMIC,0.4288609027862549,0.2040901482105255,3.0818710327148438,0.0,2.0,0.0,0.0,0.0,0.0,-0.0,0.0,0,SEARCH,0.0,0.0,0.0,-0.0
44800,DYNAMIC,0.45119333267211914,0.21305468678474426,3.0737595558166504,0.0,2.0,0.0,0.0,0.0,0.0,-0.0,0.0,0,SEARCH,0.0,0.0,0.0,-0.0
44850,DYNAMIC,0.4695706367492676,0.21803948283195496,3.065363883972168,0.0,2.0,0.0,0.0,0.0,0.0,-0.0,0.0,0,SEARCH,0.0,0.0,0.0,-0.0
44908,DYNAMIC,0.5019984245300293,0.22561487555503845,3.044517993927002,0.0,2.0,0.0,0.0,0.0,0.0,-0.0,0.0,0,SEARCH,0.0,0.0,0.0,-0.0
44955,DYNAMIC,0.5261595249176025,0.23185047507286072,3.030035972595215,0.0,2.0,0.0,0.0,0.0,0.0,-0.0,0.0,0,SEARCH,0.0,0.0,0.0,-0.0
45003,DYNAMIC,0.5655531883239746,0.24160346388816833,3.0132555961608887,0.0,2.0,0.0,0.0,0.0,0.0,-0.0,0.0,0,SEARCH,0.0,0.0,0.0,-0.0
45050,DYNAMIC,0.5935568809509277,0.24940243363380432,3.0061352252960205,39.64,2.0,0.8142590985341542,-1.0440848855886828,1.3240585817328425,-0.9477971533210621,0.9245602652163232,0.0,1,SEARCH,0.0,0.0,0.0,-0.0
45100,DYNAMIC,0.6357712745666504,0.26188161969184875,3.007821798324585,39.64,2.0,0.8142590985341542,-1.0440848855886828,1.3240585817328425,-0.9462364676360034,0.9261574786050834,0.0,1,SEARCH,0.0,0.0,0.0,-0.0
45150,DYNAMIC,0.6638989448547363,0.2700047194957733,3.014721155166626,39.64,2.0,0.8142590985341542,-1.0440848855886828,1.3240585817328425,-0.93982410652262,0.9326638068775617,0.0,1,SEARCH,0.0,0.0,0.0,-0.0
45200,DYNAMIC,0.707451343536377,0.28290584683418274,3.0266950130462646,39.64,2.0,0.8142590985341542,-1.0440848855886828,1.3240585817328425,-0.9285894174792578,0.9438499995263651,0.0,1,SEARCH,0.0,0.0,0.0,-0.0
45250,DYNAMIC,0.7371265888214111,0.29032018780708313,3.0408236980438232,39.64,2.0,0.8142590985341542,-1.0440848855886828,1.3240585817328425,-0.9151618209662308,0.9568751064303842,0.0,1,SEARCH,0.0,0.0,0.0,-0.0
45300,DYNAMIC,0.7823278903961182,0.2960505783557892,3.0679216384887695,39.64,2.0,0.8142590985341542,-1.0440848855886828,1.3240585817328425,-0.8888996691553226,0.9813197776647246,0.0,1,SEARCH,0.0,0.0,0.0,-0.0
45350,DYNAMIC,0.813201904296875,0.29671695828437805,3.087372064590454,39.64,2.0,0.8142590985341542,-1.0440848855886828,1.3240585817328425,-0.8696456462669331,0.9984225447120846,0.0,1,SEARCH,0.0,0.0,0.0,-0.0
45400,DYNAMIC,0.8599157333374023,0.29303255677223206,3.128352165222168,39.64,2.0,0.8142590985341542,-1.0440848855886828,1.3240585817328425,-0.8280115153437684,1.0332124942713878,0.0,1,SEARCH,0.0,0.0,0.0,-0.0
45451,DYNAMIC,0.8901746273040771,0.2885185182094574,3.1620287895202637,39.64,2.0,0.8142590985341542,-1.0440848855886828,1.3240585817328425,-0.7927534971473736,1.0605060210206236,0.0,1,SEARCH,0.0,0.0,0.0,-0.0
45504,DYNAMIC,0.9197213649749756,0.2846275269985199,3.2005813121795654,39.64,2.0,0.8142590985341542,-1.0440848855886828,1.3240585817328425,-0.7512893813014234,1.0902730820322544,0.0,1,SEARCH,0.0,0.0,0.0,-0.0
45554,DYNAMIC,0.9640457630157471,0.280532568693161,3.2611663341522217,39.64,2.0,0.8142590985341542,-1.0440848855886828,1.3240585817328425,-0.6838971654187675,1.1337617893510794,0.0,1,SEARCH,0.0,0.0,0.0,-0.0
45601,DYNAMIC,1.0050616264343262,0.2740919291973114,3.3196747303009033,40.49,2.0,0.9584712207655565,-1.3323492734758349,1.6412865891024033,-0.7072978100381815,1.481064304978887,0.0,1,SEARCH,0.0,0.0,0.0,-0.0
45650,DYNAMIC,1.0297517776489258,0.26738688349723816,3.3563973903656006,40.49,2.0,0.9584712207655565,-1.3323492734758349,1.6412865891024033,-0.6524445515697965,1.5060337893600821,0.0,1,SEARCH,0.0,0.0,0.0,-0.0
45700,DYNAMIC,1.0633561611175537,0.25499388575553894,3.3981881141662598,40.49,2.0,0.9584712207655565,-1.3323492734758349,1.6412865891024033,-0.5889549750051897,1.5319770575906277,0.0,1,SEARCH,0.0,0.0,0.0,-0.0
45750,DYNAMIC,1.0838162899017334,0.24767759442329407,3.415675640106201,40.49,2.0,0.9584712207655565,-1.3323492734758349,1.6412865891024033,-0.562075799017922,1.542041654341985,0.0,1,SEARCH,0.0,0.0,0.0,-0.0
45800,DYNAMIC,1.1095876693725586,0.2377282679080963,3.4285075664520264,40.49,2.0,0.9584712207655565,-1.3323492734758349,1.6412865891024033,-0.5422427025112082,1.5491270184012487,0.0,1,SEARCH,0.0,0.0,0.0,-0.0
45850,DYNAMIC,1.1239323616027832,0.23211196064949036,3.4238078594207764,40.49,2.0,0.9584712207655565,-1.3323492734758349,1.6412865891024033,-0.5495171305380866,1.5465615379973048,0.0,1,SEARCH,0.0,0.0,0.0,-0.0
45900,DYNAMIC,1.1447293758392334,0.22846892476081848,3.400280714035034,40.49,2.0,0.9584712207655565,-1.3323492734758349,1.6412865891024033,-0.5857478728463537,1.5332061495517728,0.0,1,SEARCH,0.0,0.0,0.0,-0.0
45950,DYNAMIC,1.1582636833190918,0.22915849089622498,3.3752405643463135,40.49,2.0,0.9584712207655565,-1.3323492734758349,1.6412865891024033,-0.6239519474411199,1.518059825847399,0.0,1,SEARCH,0.0,0.0,0.0,-0.0
46000,DYNAMIC,1.1758079528808594,0.23187211155891418,3.3299527168273926,40.49,2.0,0.9584712207655565,-1.3323492734758349,1.6412865891024033,-0.6920383609897349,1.4882555474400363,0.0,1,SEARCH,0.0,0.0,0.0,-0.0
46050,DYNAMIC,1.184910774230957,0.2342742383480072,3.2980246543884277,40.49,2.0,0.9584712207655565,-1.3323492734758349,1.6412865891024033,-0.739194701883534,1.4654053569830823,0.0,1,SEARCH,0.0,0.0,0.0,-0.0
46103,DYNAMIC,1.1962823867797852,0.23495736718177795,3.248643398284912,40.49,2.0,0.9584712207655565,-1.3323492734758349,1.6412865891024033,-0.8106277697056824,1.4271314888787903,0.0,1,SEARCH,0.0,0.0,0.0,-0.0
46152,DYNAMIC,1.2019171714782715,0.23416021466255188,3.2211451530456543,40.49,2.0,0.9584712207655565,-1.3323492734758349,1.6412865891024033,-0.8495599756660887,1.4043039255494645,0.0,1,SEARCH,0.0,0.0,0.0,-0.0
46200,DYNAMIC,1.1970787048339844,0.2360765039920807,3.239593267440796,41.24,2.0,1.0227715944274445,-1.3642325467351148,1.7050490244972532,-0.8843823883164247,1.457758542137473,0.0,1,SEARCH,0.0,0.0,0.0,-0.0
46250,DYNAMIC,1.1883149147033691,0.23110929131507874,3.2530882358551025,41.24,2.0,1.0227715944274445,-1.3642325467351148,1.7050490244972532,-0.8646300518718384,1.469560155059716,0.0,1,SEARCH,0.0,0.0,0.0,-0.0
46300,DYNAMIC,1.181318759918213,0.22137334942817688,3.218154191970825,41.24,2.0,1.0227715944274445,-1.3642325467351148,1.7050490244972532,-0.9154297513134579,1.4384646489744592,0.0,1,SEARCH,0.0,0.0,0.0,-0.0
46350,DYNAMIC,1.1892132759094238,0.21731796860694885,3.216437578201294,41.24,2.0,1.0227715944274445,-1.3642325467351148,1.7050490244972532,-0.9178976895472843,1.4368910910235304,0.0,1,SEARCH,0.0,0.0,0.0,-0.0
46400,DYNAMIC,1.2066559791564941,0.2143740952014923,3.234867572784424,41.24,2.0,1.0227715944274445,-1.3642325467351148,1.7050490244972532,-0.8912614093491481,1.4535629591262995,0.0,1,SEARCH,0.0,0.0,0.0,-0.0
46450,DYNAMIC,1.210296869277954,0.21223512291908264,3.234534978866577,41.24,2.0,1.0227715944274445,-1.3642325467351148,1.7050490244972532,-0.8917448062445528,1.4532664506121717,0.0,1,SEARCH,0.0,0.0,0.0,-0.0
46500,DYNAMIC,1.2044789791107178,0.20771953463554382,3.2260243892669678,41.24,2.0,1.0227715944274445,-1.3642325467351148,1.7050490244972532,-0.9040805168770445,1.4456246383284874,0.0,1,SEARCH,0.0,0.0,0.0,-0.0
46550,DYNAMIC,1.202652931213379,0.20776686072349548,3.2352397441864014,41.24,2.0,1.0227715944274445,-1.3642325467351148,1.7050490244972532,-0.8907203730722761,1.4538945604592581,0.0,1,SEARCH,0.0,0.0,0.0,-0.0
46600,DYNAMIC,1.2037453651428223,0.21083316206932068,3.2425589561462402,41.24,2.0,1.0227715944274445,-1.3642325467351148,1.7050490244972532,-0.8800552474045794,1.4603749304389946,0.0,1,SEARCH,0.0,0.0,0.0,-0.0
46650,DYNAMIC,1.2004363536834717,0.2105853259563446,3.243191719055176,41.24,2.0,1.0227715944274445,-1.3642325467351148,1.7050490244972532,-0.879131000194953,1.4609315043612605,0.0,1,SEARCH,0.0,0.0,0.0,-0.0
46706,DYNAMIC,1.2051606178283691,0.2056507170200348,3.2400622367858887,41.24,2.0,1.0227715944274445,-1.3642325467351148,1.7050490244972532,-0.8836986470205734,1.458173130047678,0.0,1,SEARCH,0.0,0.0,0.0,-0.0
46751,DYNAMIC,1.2126905918121338,0.20205065608024597,3.2475709915161133,41.24,2.0,1.0227715944274445,-1.3642325467351148,1.7050490244972532,-0.8727247735544706,1.464767437364489,0.0,1,SEARCH,0.0,0.0,0.0,-0.0
46800,DYNAMIC,1.2181189060211182,0.195710688829422,3.2719132900238037,36.26,2.0,0.39376306191120664,-1.5635245506304378,1.612345611012044,-0.18724081346443278,1.6014366197645722,0.0,1,SEARCH,0.0,0.0,0.0,-0.0
46850,DYNAMIC,1.2188117504119873,0.19245728850364685,3.278524398803711,36.26,2.0,0.39376306191120664,-1.5635245506304378,1.612345611012044,-0.17664952705975048,1.602639483458263,0.0,1,SEARCH,0.0,0.0,0.0,-0.0
46901,DYNAMIC,1.2217199802398682,0.19461873173713684,3.28076171875,36.26,2.0,0.39376306191120664,-1.5635245506304378,1.612345611012044,-0.17306347064975974,1.603030693554076,0.0,1,SEARCH,0.0,0.0,0.0,-0.0
46950,DYNAMIC,1.224750280380249,0.19543007016181946,3.277714729309082,36.26,2.0,0.39376306191120664,-1.5635245506304378,1.612345611012044,-0.17794707731602372,1.6024959304236894,0.0,1,SEARCH,0.0,0.0,0.0,-0.0
47000,DYNAMIC,1.2244737148284912,0.19619354605674744,3.2791168689727783,36.26,2.0,0.39376306191120664,-1.5635245506304378,1.612345611012044,-0.17569998002574477,1.602743861747333,0.0,1,SEARCH,0.0,0.0,0.0,-0.0
47050,DYNAMIC,1.224790334701538,0.19600555300712585,3.2788500785827637,36.26,2.0,0.39376306191120664,-1.5635245506304378,1.612345611012044,-0.1761275704277328,1.602696929642353,0.0,1,SEARCH,0.0,0.0,0.0,-0.0
47100,DYNAMIC,1.2251152992248535,0.1951635181903839,3.2792928218841553,36.26,2.0,0.39376306191120664,-1.5635245506304378,1.612345611012044,-0.17541796985874858,1.602774751860172,0.0,1,SEARCH,0.0,0.0,0.0,-0.0
47150,DYNAMIC,1.2236213684082031,0.19341471791267395,3.279700994491577,36.26,2.0,0.39376306191120664,-1.5635245506304378,1.612345611012044,-0.17476374651459312,1.6028462191532862,0.0,1,SEARCH,0.0,0.0,0.0,-0.0
47200,DYNAMIC,1.221930742263794,0.1911109983921051,3.280609607696533,36.26,2.0,0.39376306191120664,-1.5635245506304378,1.612345611012044,-0.17330730733420394,1.6030043501420603,0.0,1,SEARCH,0.0,0.0,0.0,-0.0
47250,DYNAMIC,1.221358299255371,0.18969783186912537,3.2809228897094727,36.26,2.0,0.39376306191120664,-1.5635245506304378,1.612345611012044,-0.17280510640817887,1.603058565539344,0.0,1,SEARCH,0.0,0.0,0.0,-0.0
47306,DYNAMIC,1.2200267314910889,0.18786349892616272,3.2817294597625732,36.26,2.0,0.39376306191120664,-1.5635245506304378,1.612345611012044,-0.1715120713064093,1.6031974235090285,0.0,1,SEARCH,0.0,0.0,0.0,-0.0
47351,DYNAMIC,1.2192151546478271,0.1863708794116974,3.282555103302002,36.26,2.0,0.39376306191120664,-1.5635245506304378,1.612345611012044,-0.17018834340285524,1.603338484886954,0.0,1,SEARCH,0.0,0.0,0.0,-0.0
47400,DYNAMIC,1.2183332443237305,0.18449178338050842,3.283327102661133,32.79,2.0,0.5617619381134829,-1.3278028898719416,1.441747893865393,-0.3685629121507785,1.3938430217396196,0.0,1,SEARCH,0.0,0.0,0.0,-0.0
47450,DYNAMIC,1.2175650596618652,0.183129221200943,3.283891201019287,32.79,2.0,0.5617619381134829,-1.3278028898719416,1.441747893865393,-0.36777658899274956,1.3940507056969464,0.0,1,SEARCH,0.0,0.0,0.0,-0.0
47500,DYNAMIC,1.216810703277588,0.18193313479423523,3.284780502319336,32.79,2.0,0.5617619381134829,-1.3278028898719416,1.441747893865393,-0.3665367126219486,1.3943772186053498,0.0,1,SEARCH,0.0,0.0,0.0,-0.0
47550,DYNAMIC,1.2162361145019531,0.18156233429908752,3.2852702140808105,32.79,2.0,0.5617619381134829,-1.3278028898719416,1.441747893865393,-0.3658538257743801,1.3945565487392562,0.0,1,SEARCH,0.0,0.0,0.0,-0.0
47600,DYNAMIC,1.2154340744018555,0.18079712986946106,3.286068916320801,32.79,2.0,0.5617619381134829,-1.3278028898719416,1.441747893865393,-0.3647398737598391,1.3948483121669368,0.0,1,SEARCH,0.0,0.0,0.0,-0.0
47650,DYNAMIC,1.2149393558502197,0.1801513135433197,3.2866368293762207,32.79,2.0,0.5617619381134829,-1.3278028898719416,1.441747893865393,-0.36394766241670484,1.3950552277550565,0.0,1,SEARCH,0.0,0.0,0.0,-0.0
47700,DYNAMIC,1.2146317958831787,0.17967090010643005,3.2873830795288086,32.79,2.0,0.5617619381134829,-1.3278028898719416,1.441747893865393,-0.36290650099747696,1.395326435282821,0.0,1,SEARCH,0.0,0.0,0.0,-0.0
47750,DYNAMIC,1.214784860610962,0.1796453893184662,3.287858009338379,32.79,2.0,0.5617619381134829,-1.3278028898719416,1.441747893865393,-0.36224377797590157,1.395498633028009,0.0,1,SEARCH,0.0,0.0,0.0,-0.0
47800,DYNAMIC,1.2148940563201904,0.17933163046836853,3.288609027862549,32.79,2.0,0.5617619381134829,-1.3278028898719416,1.441747893865393,-0.36119563059260384,1.3957702912392524,0.0,1,SEARCH,0.0,0.0,0.0,-0.0
47851,DYNAMIC,1.214956521987915,0.17899790406227112,3.289048671722412,32.79,2.0,0.5617619381134829,-1.3278028898719416,1.441747893865393,-0.3605819538668896,1.3959289537834052,0.0,1,SEARCH,0.0,0.0,0.0,-0.0
47906,DYNAMIC,1.2146775722503662,0.17878416180610657,3.289527416229248,32.79,2.0,0.5617619381134829,-1.3278028898719416,1.441747893865393,-0.3599136192518365,1.3961014204356144,0.0,1,SEARCH,0.0,0.0,0.0,-0.0
47952,DYNAMIC,1.2137641906738281,0.17855766415596008,3.2902684211730957,32.79,2.0,0.5617619381134829,-1.3278028898719416,1.441747893865393,-0.35887900247967564,1.3963677348909522,0.0,1,SEARCH,0.0,0.0,0.0,-0.0
48000,DYNAMIC,1.2129533290863037,0.17808577418327332,3.2909858226776123,32.7,2.0,0.5673176161303625,-1.3356542832253084,1.4511449417166948,-0.36220236406383544,1.4052156736019275,0.0,1,SEARCH,0.0,0.0,0.0,-0.0
48050,DYNAMIC,1.2124314308166504,0.17763283848762512,3.2914798259735107,32.7,2.0,0.5673176161303625,-1.3356542832253084,1.4511449417166948,-0.36150813872206555,1.405394431292389,0.0,1,SEARCH,0.0,0.0,0.0,-0.0
48100,DYNAMIC,1.211423635482788,0.1776076853275299,3.2922189235687256,32.7,2.0,0.5673176161303625,-1.3356542832253084,1.4511449417166948,-0.3604693164324755,1.4056612372049866,0.0,1,SEARCH,0.0,0.0,0.0,-0.0
48150,DYNAMIC,1.2105135917663574,0.17780867218971252,3.292877197265625,32.7,2.0,0.5673176161303625,-1.3356542832253084,1.4511449417166948,-0.35954392858005185,1.4058982201038497,0.0,1,SEARCH,0.0,0.0,0.0,-0.0
48200,DYNAMIC,1.2095248699188232,0.17770609259605408,3.293532371520996,32.7,2.0,0.5673176161303625,-1.3356542832253084,1.4511449417166948,-0.35862274315875886,1.4061334822694596,0.0,1,SEARCH,0.0,0.0,0.0,-0.0
48251,DYNAMIC,1.208658218383789,0.17755761742591858,3.294429063796997,32.7,2.0,0.5673176161303625,-1.3356542832253084,1.4511449417166948,-0.3573617301185892,1.406454491164431,0.0,1,SEARCH,0.0,0.0,0.0,-0.0
48300,DYNAMIC,1.2073993682861328,0.17766371369361877,3.2954328060150146,32.7,2.0,0.5673176161303625,-1.3356542832253084,1.4511449417166948,-0.3559498325844599,1.4068124816595295,0.0,1,SEARCH,0.0,0.0,0.0,-0.0
48350,DYNAMIC,1.2068145275115967,0.1777074635028839,3.2957701683044434,32.7,2.0,0.5673176161303625,-1.3356542832253084,1.4511449417166948,-0.35547520685793815,1.4069324856506995,0.0,1,SEARCH,0.0,0.0,0.0,-0.0
48400,DYNAMIC,1.2062122821807861,0.17753997445106506,3.2966091632843018,32.7,2.0,0.5673176161303625,-1.3356542832253084,1.4511449417166948,-0.3542946725922348,1.4072302323510217,0.0,1,SEARCH,0.0,0.0,0.0,-0.0
48450,DYNAMIC,1.2057368755340576,0.17729434370994568,3.296978235244751,32.7,2.0,0.5673176161303625,-1.3356542832253084,1.4511449417166948,-0.3537752792534016,1.4073608967351363,0.0,1,SEARCH,0.0,0.0,0.0,-0.0
48509,DYNAMIC,1.204803705215454,0.1774221956729889,3.2980918884277344,32.7,2.0,0.5673176161303625,-1.3356542832253084,1.4511449417166948,-0.3522077482549464,1.4077540068986236,0.0,1,SEARCH,0.0,0.0,0.0,-0.0
48553,DYNAMIC,1.2041316032409668,0.1776907742023468,3.2989470958709717,32.7,2.0,0.5673176161303625,-1.3356542832253084,1.4511449417166948,-0.3510036978979503,1.4080547027484105,0.0,1,SEARCH,0.0,0.0,0.0,-0.0
48600,DYNAMIC,1.2035307884216309,0.1776551902294159,3.299619674682617,32.27,2.0,0.582905643200118,-1.337890817783748,1.4593597326172218,-0.3650984225798063,1.4129522182346956,0.0,1,SEARCH,0.0,0.0,0.0,-0.0
48650,DYNAMIC,1.2033302783966064,0.17762234807014465,3.3003344535827637,32.27,2.0,0.582905643200118,-1.337890817783748,1.4593597326172218,-0.36408838096728713,1.4132128219165114,0.0,1,SEARCH,0.0,0.0,0.0,-0.0
48700,DYNAMIC,1.2028558254241943,0.17768773436546326,3.3011622428894043,32.27,2.0,0.582905643200118,-1.337890817783748,1.4593597326172218,-0.36291841389583157,1.4135137261590152,0.0,1,SEARCH,0.0,0.0,0.0,-0.0
48750,DYNAMIC,1.2027013301849365,0.17792925238609314,3.3017170429229736,32.27,2.0,0.582905643200118,-1.337890817783748,1.4593597326172218,-0.3621341406196378,1.4137148557549666,0.0,1,SEARCH,0.0,0.0,0.0,-0.0
48800,DYNAMIC,1.2027559280395508,0.17781272530555725,3.3021953105926514,32.27,2.0,0.582905643200118,-1.337890817783748,1.4593597326172218,-0.36145796511848916,1.413887891113369,0.0,1,SEARCH,0.0,0.0,0.0,-0.0
48850,DYNAMIC,1.2035388946533203,0.1773185431957245,3.3014512062072754,32.27,2.0,0.582905643200118,-1.337890817783748,1.4593597326172218,-0.36250994513354134,1.4136185372524959,0.0,1,SEARCH,0.0,0.0,0.0,-0.0
48901,DYNAMIC,1.2053351402282715,0.17766407132148743,3.302536725997925,32.27,2.0,0.582905643200118,-1.337890817783748,1.4593597326172218,-0.3609752209539321,1.41401121602407,0.0,1,SEARCH,0.0,0.0,0.0,-0.0
48950,DYNAMIC,1.2052068710327148,0.17717424035072327,3.302706241607666,32.27,2.0,0.582905643200118,-1.337890817783748,1.4593597326172218,-0.3607355187952055,1.414072386642269,0.0,1,SEARCH,0.0,0.0,0.0,-0.0
49000,DYNAMIC,1.205732822418213,0.17773005366325378,3.3035471439361572,32.27,2.0,0.582905643200118,-1.337890817783748,1.4593597326172218,-0.3595462946317094,1.414375229987155,0.0,1,SEARCH,0.0,0.0,0.0,-0.0
49050,DYNAMIC,1.2063827514648438,0.17722240090370178,3.303896903991699,32.27,2.0,0.582905643200118,-1.337890817783748,1.4593597326172218,-0.3590515806907721,1.4145008984048286,0.0,1,SEARCH,0.0,0.0,0.0,-0.0
49105,DYNAMIC,1.2071292400360107,0.17682728171348572,3.3038718700408936,32.27,2.0,0.582905643200118,-1.337890817783748,1.4593597326172218,-0.35908699112416514,1.414491909481989,0.0,1,SEARCH,0.0,0.0,0.0,-0.0
49160,DYNAMIC,1.208078384399414,0.17616215348243713,3.3049025535583496,32.27,2.0,0.582905643200118,-1.337890817783748,1.4593597326172218,-0.35762890715504214,1.4148612631462136,0.0,1,SEARCH,0.0,0.0,0.0,-0.0
49201,DYNAMIC,1.2089531421661377,0.17536935210227966,3.306227445602417,32.27,2.0,0.582905643200118,-1.337890817783748,1.4593597326172218,-0.3557540553925236,1.4153338409210678,0.0,1,SEARCH,0.0,0.0,0.0,-0.0
49250,DYNAMIC,1.2094786167144775,0.17465588450431824,3.3061418533325195,32.73,2.0,0.5892772451253939,-1.35095399566494,1.4738807177060294,-0.36002088366789353,1.4292338273874676,0.0,1,SEARCH,0.0,0.0,0.0,-0.0
49301,DYNAMIC,1.2097947597503662,0.17381182312965393,3.3071906566619873,32.73,2.0,0.5892772451253939,-1.35095399566494,1.4738807177060294,-0.35852170073656864,1.4296106323494515,0.0,1,SEARCH,0.0,0.0,0.0,-0.0
49351,DYNAMIC,1.2100286483764648,0.1734153926372528,3.308086395263672,32.73,2.0,0.5892772451253939,-1.35095399566494,1.4738807177060294,-0.3572409996495255,1.4299312005110763,0.0,1,SEARCH,0.0,0.0,0.0,-0.0
49400,DYNAMIC,1.2103049755096436,0.17269131541252136,3.308685064315796,32.73,2.0,0.5892772451253939,-1.35095399566494,1.4738807177060294,-0.35638488012583575,1.4301448133819645,0.0,1,SEARCH,0.0,0.0,0.0,-0.0
49450,DYNAMIC,1.2103474140167236,0.17207643389701843,3.3092939853668213,32.73,2.0,0.5892772451253939,-1.35095399566494,1.4738807177060294,-0.35551396882571423,1.4303615584863252,0.0,1,SEARCH,0.0,0.0,0.0,-0.0
49500,DYNAMIC,1.2093017101287842,0.17201277613639832,3.3102564811706543,32.73,2.0,0.5892772451253939,-1.35095399566494,1.4738807177060294,-0.3541370873665389,1.4307030765945759,0.0,1,SEARCH,0.0,0.0,0.0,-0.0
49550,DYNAMIC,1.2082085609436035,0.17218348383903503,3.310529947280884,32.73,2.0,0.5892772451253939,-1.35095399566494,1.4738807177060294,-0.35374582532432264,1.4307998675884948,0.0,1,SEARCH,0.0,0.0,0.0,-0.0
49601,DYNAMIC,1.2068836688995361,0.17213669419288635,3.3113293647766113,32.73,2.0,0.5892772451253939,-1.35095399566494,1.4738807177060294,-0.3526019059652449,1.4310822009707607,0.0,1,SEARCH,0.0,0.0,0.0,-0.0
49650,DYNAMIC,1.2058422565460205,0.17223277688026428,3.3119640350341797,32.73,2.0,0.5892772451253939,-1.35095399566494,1.4738807177060294,-0.3516935697019905,1.4313056986737358,0.0,1,SEARCH,0.0,0.0,0.0,-0.0
49700,DYNAMIC,1.2029693126678467,0.17198589444160461,3.312551736831665,32.73,2.0,0.5892772451253939,-1.35095399566494,1.4738807177060294,-0.35085232808223443,1.4315121424231498,0.0,1,SEARCH,0.0,0.0,0.0,-0.0
49752,DYNAMIC,1.2002770900726318,0.17184051871299744,3.313556432723999,32.73,2.0,0.5892772451253939,-1.35095399566494,1.4738807177060294,-0.3494139168772956,1.431863919762666,0.0,1,SEARCH,0.0,0.0,0.0,-0.0
49803,DYNAMIC,1.1965041160583496,0.1714191734790802,3.314347743988037,32.73,2.0,0.5892772451253939,-1.35095399566494,1.4738807177060294,-0.34828075755040044,1.4321399666044374,0.0,1,SEARCH,0.0,0.0,0.0,-0.0
49850,DYNAMIC,1.1942062377929688,0.1710711419582367,3.3146419525146484,33.02,2.0,0.5832074019498228,-1.3827644981735279,1.5007226696155924,-0.3364028570583883,1.4625326146315862,0.0,1,SEARCH,0.0,0.0,0.0,-0.0
49900,DYNAMIC,1.1942012310028076,0.17120835185050964,3.3156635761260986,33.02,2.0,0.5832074019498228,-1.3827644981735279,1.5007226696155924,-0.33490852391237136,1.4628755284401291,0.0,1,SEARCH,0.0,0.0,0.0,-0.0
49950,DYNAMIC,1.1951630115509033,0.17139706015586853,3.316110372543335,33.02,2.0,0.5832074019498228,-1.3827644981735279,1.5007226696155924,-0.33425488296075007,1.4630250183489841,0.0,1,SEARCH,0.0,0.0,0.0,-0.0
50001,DYNAMIC,1.1964097023010254,0.17157158255577087,3.3168561458587646,33.02,2.0,0.5832074019498228,-1.3827644981735279,1.5007226696155924,-0.3331637050908242,1.4632738898471143,0.0,1,SEARCH,0.0,0.0,0.0,-0.0
50050,DYNAMIC,1.1970789432525635,0.17156603932380676,3.31762433052063,33.02,2.0,0.5832074019498228,-1.3827644981735279,1.5007226696155924,-0.3320395423418641,1.463529389325529,0.0,1,SEARCH,0.0,0.0,0.0,-0.0
50100,DYNAMIC,1.1985952854156494,0.17166545987129211,3.3184256553649902,33.02,2.0,0.5832074019498228,-1.3827644981735279,1.5007226696155924,-0.3308666734023956,1.4637949909498198,0.0,1,SEARCH,0.0,0.0,0.0,-0.0
50150,DYNAMIC,1.1997056007385254,0.17190459370613098,3.31892728805542,33.02,2.0,0.5832074019498228,-1.3827644981735279,1.5007226696155924,-0.3301323443847677,1.4639607803111283,0.0,1,SEARCH,0.0,0.0,0.0,-0.0
50200,DYNAMIC,1.2012834548950195,0.1720525324344635,3.3197262287139893,33.02,2.0,0.5832074019498228,-1.3827644981735279,1.5007226696155924,-0.3289626213565037,1.4642240692081279,0.0,1,SEARCH,0.0,0.0,0.0,-0.0
50250,DYNAMIC,1.2021675109863281,0.17206957936286926,3.32033634185791,33.02,2.0,0.5832074019498228,-1.3827644981735279,1.5007226696155924,-0.3280692178354569,1.464424501094878,0.0,1,SEARCH,0.0,0.0,0.0,-0.0
50305,DYNAMIC,1.203200340270996,0.17269298434257507,3.321141004562378,33.02,2.0,0.5832074019498228,-1.3827644981735279,1.5007226696155924,-0.326890743973617,1.4646880120361898,0.0,1,SEARCH,0.0,0.0,0.0,-0.0
50352,DYNAMIC,1.2037410736083984,0.17318788170814514,3.3216476440429688,33.02,2.0,0.5832074019498228,-1.3827644981735279,1.5007226696155924,-0.32614863327797794,1.4648534398051765,0.0,1,SEARCH,0.0,0.0,0.0,-0.0
50407,DYNAMIC,1.2044742107391357,0.1738012135028839,3.3225247859954834,33.02,2.0,0.5832074019498228,-1.3827644981735279,1.5007226696155924,-0.32486362357061543,1.4651389549045237,0.0,1,SEARCH,0.0,0.0,0.0,-0.0
50450,DYNAMIC,1.2049376964569092,0.17414811253547668,3.3230767250061035,32.83,2.0,0.6338664679908016,-1.3653918506840952,1.5053509906854523,-0.37701757470543174,1.4573741295634783,0.0,1,SEARCH,0.0,0.0,0.0,-0.0
50500,DYNAMIC,1.2045745849609375,0.1750917136669159,3.323904514312744,32.83,2.0,0.6338664679908016,-1.3653918506840952,1.5053509906854523,-0.375811046950145,1.457685721322641,0.0,1,SEARCH,0.0,0.0,0.0,-0.0
50550,DYNAMIC,1.2040605545043945,0.17580458521842957,3.3245043754577637,32.83,2.0,0.6338664679908016,-1.3653918506840952,1.5053509906854523,-0.37493657036203387,1.4579108934920637,0.0,1,SEARCH,0.0,0.0,0.0,-0.0
50600,DYNAMIC,1.2033367156982422,0.17669686675071716,3.325331449508667,32.83,2.0,0.6338664679908016,-1.3653918506840952,1.5053509906854523,-0.37373064199301725,1.458220495121763,0.0,1,SEARCH,0.0,0.0,0.0,-0.0
50650,DYNAMIC,1.202892541885376,0.17718365788459778,3.325794219970703,32.83,2.0,0.6338664679908016,-1.3653918506840952,1.5053509906854523,-0.37305578062640293,1.4583932904737658,0.0,1,SEARCH,0.0,0.0,0.0,-0.0
50700,DYNAMIC,1.2020633220672607,0.17795798182487488,3.3266327381134033,32.83,2.0,0.6338664679908016,-1.3653918506840952,1.5053509906854523,-0.3718327603863369,1.4587055917700287,0.0,1,SEARCH,0.0,0.0,0.0,-0.0
50750,DYNAMIC,1.2014873027801514,0.17848864197731018,3.3272933959960938,32.83,2.0,0.6338664679908016,-1.3653918506840952,1.5053509906854523,-0.3708689739620104,1.4589509276565946,0.0,1,SEARCH,0.0,0.0,0.0,-0.0
50801,DYNAMIC,1.200681447982788,0.17912593483924866,3.3280882835388184,32.83,2.0,0.6338664679908016,-1.3653918506840952,1.5053509906854523,-0.3697091550002245,1.4592452658366557,0.0,1,SEARCH,0.0,0.0,0.0,-0.0
50850,DYNAMIC,1.2001550197601318,0.17947956919670105,3.3286521434783936,32.83,2.0,0.6338664679908016,-1.3653918506840952,1.5053509906854523,-0.368886286324106,1.4594534980326308,0.0,1,SEARCH,0.0,0.0,0.0,-0.0
50903,DYNAMIC,1.1999757289886475,0.17986050248146057,3.3295106887817383,32.83,2.0,0.6338664679908016,-1.3653918506840952,1.5053509906854523,-0.3676331435788125,1.459769665700734,0.0,1,SEARCH,0.0,0.0,0.0,-0.0
50952,DYNAMIC,1.2001771926879883,0.1799844205379486,3.329895257949829,32.83,2.0,0.6338664679908016,-1.3653918506840952,1.5053509906854523,-0.36707173400144133,1.4599109381242568,0.0,1,SEARCH,0.0,0.0,0.0,-0.0
51002,DYNAMIC,1.2003867626190186,0.18014118075370789,3.3309006690979004,33.18,2.0,0.6527393854092841,-1.3637899262982884,1.5119496249337083,-0.3844409338769501,1.4622574454236845,0.0,1,SEARCH,0.0,0.0,0.0,-0.0
51050,DYNAMIC,1.2004990577697754,0.18022438883781433,3.3315093517303467,33.18,2.0,0.6527393854092841,-1.3637899262982884,1.5119496249337083,-0.38355081200408264,1.462491177049691,0.0,1,SEARCH,0.0,0.0,0.0,-0.0
51102,DYNAMIC,1.2005064487457275,0.18058380484580994,3.332383394241333,33.18,2.0,0.6527393854092841,-1.3637899262982884,1.5119496249337083,-0.38227238619928405,1.462825858086562,0.0,1,SEARCH,0.0,0.0,0.0,-0.0
51150,DYNAMIC,1.2004199028015137,0.18100306391716003,3.3329825401306152,33.18,2.0,0.6527393854092841,-1.3637899262982884,1.5119496249337083,-0.38139587153884774,1.4630546324421052,0.0,1,SEARCH,0.0,0.0,0.0,-0.0
51201,DYNAMIC,1.200237512588501,0.18152126669883728,3.3338820934295654,33.18,2.0,0.6527393854092841,-1.3637899262982884,1.5119496249337083,-0.380079621783164,1.4633971263612446,0.0,1,SEARCH,0.0,0.0,0.0,-0.0
51250,DYNAMIC,1.2001075744628906,0.18179652094841003,3.334428071975708,33.18,2.0,0.6527393854092841,-1.3637899262982884,1.5119496249337083,-0.37928058173792445,1.4636044235563523,0.0,1,SEARCH,0.0,0.0,0.0,-0.0
51300,DYNAMIC,1.2003276348114014,0.1822461187839508,3.335331439971924,33.18,2.0,0.6527393854092841,-1.3637899262982884,1.5119496249337083,-0.3779582537619453,1.4639464562443538,0.0,1,SEARCH,0.0,0.0,0.0,-0.0
51350,DYNAMIC,1.2005798816680908,0.18254032731056213,3.3359296321868896,33.18,2.0,0.6527393854092841,-1.3637899262982884,1.5119496249337083,-0.3770824648177793,1.4641722859910062,0.0,1,SEARCH,0.0,0.0,0.0,-0.0
51401,DYNAMIC,1.2008881568908691,0.1829017698764801,3.336770534515381,33.18,2.0,0.6527393854092841,-1.3637899262982884,1.5119496249337083,-0.37585110575762953,1.4644888578060087,0.0,1,SEARCH,0.0,0.0,0.0,-0.0
51450,DYNAMIC,1.2010505199432373,0.18311110138893127,3.337353467941284,33.18,2.0,0.6527393854092841,-1.3637899262982884,1.5119496249337083,-0.3749973424396614,1.4647077051413269,0.0,1,SEARCH,0.0,0.0,0.0,-0.0
51502,DYNAMIC,1.2012789249420166,0.18350043892860413,3.338226079940796,33.18,2.0,0.6527393854092841,-1.3637899262982884,1.5119496249337083,-0.3737190783114092,1.465034374628545,0.0,1,SEARCH,0.0,0.0,0.0,-0.0
51550,DYNAMIC,1.201390027999878,0.18376991152763367,3.3388020992279053,33.18,2.0,0.6527393854092841,-1.3637899262982884,1.5119496249337083,-0.3728751283023511,1.465249400965817,0.0,1,SEARCH,0.0,0.0,0.0,-0.0
51602,DYNAMIC,1.2015249729156494,0.18413910269737244,3.3396918773651123,32.88,2.0,0.660725539825997,-1.3541854068936119,1.5067768100226298,-0.3812914265254199,1.4577356424537964,0.0,1,SEARCH,0.0,0.0,0.0,-0.0
51650,DYNAMIC,1.2015736103057861,0.18439289927482605,3.340290069580078,32.88,2.0,0.660725539825997,-1.3541854068936119,1.5067768100226298,-0.3804193522451294,1.457963467189548,0.0,1,SEARCH,0.0,0.0,0.0,-0.0
51700,DYNAMIC,1.2011597156524658,0.18494448065757751,3.3411495685577393,32.88,2.0,0.660725539825997,-1.3541854068936119,1.5067768100226298,-0.3791660937746998,1.458289898666794,0.0,1,SEARCH,0.0,0.0,0.0,-0.0
51750,DYNAMIC,1.2006044387817383,0.1854521930217743,3.3417797088623047,32.88,2.0,0.660725539825997,-1.3541854068936119,1.5067768100226298,-0.37824709131559553,1.4585285369622578,0.0,1,SEARCH,0.0,0.0,0.0,-0.0
51800,DYNAMIC,1.1998276710510254,0.18615451455116272,3.3426730632781982,32.88,2.0,0.660725539825997,-1.3541854068936119,1.5067768100226298,-0.37694395764359934,1.4588658636139076,0.0,1,SEARCH,0.0,0.0,0.0,-0.0
51850,DYNAMIC,1.1993181705474854,0.18656691908836365,3.343252182006836,32.88,2.0,0.660725539825997,-1.3541854068936119,1.5067768100226298,-0.37609903793718663,1.459083914271107,0.0,1,SEARCH,0.0,0.0,0.0,-0.0
51900,DYNAMIC,1.1987295150756836,0.18713298439979553,3.3441531658172607,32.88,2.0,0.660725539825997,-1.3541854068936119,1.5067768100226298,-0.37478427447694657,1.4594221811479915,0.0,1,SEARCH,0.0,0.0,0.0,-0.0
51950,DYNAMIC,1.1983931064605713,0.18748316168785095,3.3447234630584717,32.88,2.0,0.660725539825997,-1.3541854068936119,1.5067768100226298,-0.3739519091311731,1.4596356822437315,0.0,1,SEARCH,0.0,0.0,0.0,-0.0
52000,DYNAMIC,1.1978721618652344,0.18798968195915222,3.3455936908721924,32.88,2.0,0.660725539825997,-1.3541854068936119,1.5067768100226298,-0.3726815521266897,1.459960552866554,0.0,1,SEARCH,0.0,0.0,0.0,-0.0
52050,DYNAMIC,1.197535514831543,0.1883297860622406,3.3462023735046387,32.88,2.0,0.660725539825997,-1.3541854068936119,1.5067768100226298,-0.3717928305107374,1.4601871271870557,0.0,1,SEARCH,0.0,0.0,0.0,-0.0
52101,DYNAMIC,1.1967322826385498,0.18876132369041443,3.347064256668091,32.88,2.0,0.660725539825997,-1.3541854068936119,1.5067768100226298,-0.3705341818743723,1.460507026783734,0.0,1,SEARCH,0.0,0.0,0.0,-0.0
52150,DYNAMIC,1.1960170269012451,0.18900808691978455,3.347655773162842,32.88,2.0,0.660725539825997,-1.3541854068936119,1.5067768100226298,-0.3696702031042821,1.4607259483417179,0.0,1,SEARCH,0.0,0.0,0.0,-0.0
52220,DYNAMIC,1.1950068473815918,0.1893879473209381,3.348527193069458,32.88,2.0,0.660725539825997,-1.3541854068936119,1.5067768100226298,-0.3683971572371752,1.4610475316571807,0.0,1,SEARCH,0.0,0.0,0.0,-0.0
52253,DYNAMIC,1.1943714618682861,0.1896493136882782,3.349113702774048,32.88,2.0,0.660725539825997,-1.3541854068936119,1.5067768100226298,-0.36754017536698386,1.4612633488571385,0.0,1,SEARCH,0.0,0.0,0.0,-0.0
52301,DYNAMIC,1.1938982009887695,0.18995842337608337,3.350013017654419,32.57,2.0,0.6693958918457094,-1.3409892398401841,1.4987805047394591,-0.37743908889347755,1.4504767269978274,0.0,1,SEARCH,0.0,0.0,0.0,-0.0
52350,DYNAMIC,1.1938612461090088,0.19012299180030823,3.350590229034424,32.57,2.0,0.6693958918457094,-1.3409892398401841,1.4987805047394591,-0.37660179439046193,1.4506943474932794,0.0,1,SEARCH,0.0,0.0,0.0,-0.0
52401,DYNAMIC,1.1937832832336426,0.19038501381874084,3.351469039916992,32.57,2.0,0.6693958918457094,-1.3409892398401841,1.4987805047394591,-0.3753267631483185,1.4510247490141834,0.0,1,SEARCH,0.0,0.0,0.0,-0.0
52450,DYNAMIC,1.1937007904052734,0.19056567549705505,3.352066993713379,32.57,2.0,0.6693958918457094,-1.3409892398401841,1.4987805047394591,-0.3744590503438946,1.45124891765769,0.0,1,SEARCH,0.0,0.0,0.0,-0.0
52502,DYNAMIC,1.193687915802002,0.19090238213539124,3.352989435195923,32.57,2.0,0.6693958918457094,-1.3409892398401841,1.4987805047394591,-0.37312019901732735,1.4515937167376887,0.0,1,SEARCH,0.0,0.0,0.0,-0.0
52550,DYNAMIC,1.1937122344970703,0.19115081429481506,3.353595733642578,32.57,2.0,0.6693958918457094,-1.3409892398401841,1.4987805047394591,-0.37224003147653384,1.451819672119584,0.0,1,SEARCH,0.0,0.0,0.0,-0.0
52602,DYNAMIC,1.1936917304992676,0.19153884053230286,3.354506492614746,32.57,2.0,0.6693958918457094,-1.3409892398401841,1.4987805047394591,-0.37091761948380453,1.4521580908921505,0.0,1,SEARCH,0.0,0.0,0.0,-0.0
52650,DYNAMIC,1.1936495304107666,0.19181588292121887,3.355100154876709,32.57,2.0,0.6693958918457094,-1.3409892398401841,1.4987805047394591,-0.3700554627153246,1.452378034776626,0.0,1,SEARCH,0.0,0.0,0.0,-0.0
52701,DYNAMIC,1.1935169696807861,0.192259281873703,3.3559768199920654,32.57,2.0,0.6693958918457094,-1.3409892398401841,1.4987805047394591,-0.3687820715194942,1.4527018913434575,0.0,1,SEARCH,0.0,0.0,0.0,-0.0
52750,DYNAMIC,1.1933362483978271,0.1925809681415558,3.356628894805908,32.57,2.0,0.6693958918457094,-1.3409892398401841,1.4987805047394591,-0.3678347228679037,1.452942055981504,0.0,1,SEARCH,0.0,0.0,0.0,-0.0
52805,DYNAMIC,1.1930499076843262,0.19307175278663635,3.357510805130005,32.57,2.0,0.6693958918457094,-1.3409892398401841,1.4987805047394591,-0.36655321538989155,1.4532658881548137,0.0,1,SEARCH,0.0,0.0,0.0,-0.0
52850,DYNAMIC,1.1928441524505615,0.19341817498207092,3.358085870742798,32.57,2.0,0.6693958918457094,-1.3409892398401841,1.4987805047394591,-0.36571743158777437,1.4534764399947833,0.0,1,SEARCH,0.0,0.0,0.0,-0.0
52902,DYNAMIC,1.192723035812378,0.19399580359458923,3.3589651584625244,32.53,2.0,0.6791394591484138,-1.3200182771778453,1.484479254505083,-0.3784762394917889,1.4354213295043796,0.0,1,SEARCH,0.0,0.0,0.0,-0.0
52950,DYNAMIC,1.192753553390503,0.19440951943397522,3.3595376014709473,32.53,2.0,0.6791394591484138,-1.3200182771778453,1.484479254505083,-0.3776544806208237,1.4356377503823807,0.0,1,SEARCH,0.0,0.0,0.0,-0.0
53002,DYNAMIC,1.1927626132965088,0.19506266713142395,3.3604013919830322,32.53,2.0,0.6791394591484138,-1.3200182771778453,1.484479254505083,-0.37641424961704006,1.4359634291099503,0.0,1,SEARCH,0.0,0.0,0.0,-0.0
53050,DYNAMIC,1.1927366256713867,0.19549903273582458,3.3610188961029053,32.53,2.0,0.6791394591484138,-1.3200182771778453,1.484479254505083,-0.3755274645744216,1.4361955926705363,0.0,1,SEARCH,0.0,0.0,0.0,-0.0
53101,DYNAMIC,1.1927142143249512,0.1960112750530243,3.3619024753570557,32.53,2.0,0.6791394591484138,-1.3200182771778453,1.484479254505083,-0.3742583255195099,1.4365268402766789,0.0,1,SEARCH,0.0,0.0,0.0,-0.0
53150,DYNAMIC,1.1927132606506348,0.1962887942790985,3.362522840499878,32.53,2.0,0.6791394591484138,-1.3200182771778453,1.484479254505083,-0.3733670823810347,1.4367587406555913,0.0,1,SEARCH,0.0,0.0,0.0,-0.0
53200,DYNAMIC,1.1926753520965576,0.19675341248512268,3.3634369373321533,32.53,2.0,0.6791394591484138,-1.3200182771778453,1.484479254505083,-0.3720535899626364,1.4370994340169652,0.0,1,SEARCH,0.0,0.0,0.0,-0.0
53250,DYNAMIC,1.192631721496582,0.19708570837974548,3.3640263080596924,32.53,2.0,0.6791394591484138,-1.3200182771778453,1.484479254505083,-0.3712065410548318,1.4373184619053894,0.0,1,SEARCH,0.0,0.0,0.0,-0.0
53302,DYNAMIC,1.1928622722625732,0.19758149981498718,3.364922046661377,32.53,2.0,0.6791394591484138,-1.3200182771778453,1.484479254505083,-0.3699189306794179,1.437650389274445,0.0,1,SEARCH,0.0,0.0,0.0,-0.0
53350,DYNAMIC,1.1931641101837158,0.1978963315486908,3.3655362129211426,32.53,2.0,0.6791394591484138,-1.3200182771778453,1.484479254505083,-0.36903590460575103,1.4378773098452393,0.0,1,SEARCH,0.0,0.0,0.0,-0.0
53406,DYNAMIC,1.1934504508972168,0.19822868704795837,3.3661444187164307,32.53,2.0,0.6791394591484138,-1.3200182771778453,1.484479254505083,-0.3681613110910814,1.4381014936615784,0.0,1,SEARCH,0.0,0.0,0.0,-0.0
53450,DYNAMIC,1.1937568187713623,0.1986950933933258,3.3669495582580566,32.53,2.0,0.6791394591484138,-1.3200182771778453,1.484479254505083,-0.36700331950854165,1.4383974487344164,0.0,1,SEARCH,0.0,0.0,0.0,-0.0
53502,DYNAMIC,1.1941325664520264,0.19922670722007751,3.368030309677124,32.89,2.0,0.684771030908202,-1.3097210925213696,1.4779312247078522,-0.37324816205432526,1.4300232566254019,0.0,1,SEARCH,0.0,0.0,0.0,-0.0
53550,DYNAMIC,1.194335699081421,0.19943246245384216,3.368608236312866,32.89,2.0,0.684771030908202,-1.3097210925213696,1.4779312247078522,-0.37242165123830484,1.4302387278546844,0.0,1,SEARCH,0.0,0.0,0.0,-0.0
53601,DYNAMIC,1.1945979595184326,0.19981548190116882,3.3694846630096436,32.89,2.0,0.684771030908202,-1.3097210925213696,1.4779312247078522,-0.37116800896197255,1.430564578790366,0.0,1,SEARCH,0.0,0.0,0.0,-0.0
53650,DYNAMIC,1.1947286128997803,0.20010140538215637,3.370173454284668,32.89,2.0,0.684771030908202,-1.3097210925213696,1.4779312247078522,-0.37018256059240673,1.4308198967024819,0.0,1,SEARCH,0.0,0.0,0.0,-0.0
53702,DYNAMIC,1.1945033073425293,0.20051631331443787,3.3710758686065674,32.89,2.0,0.684771030908202,-1.3097210925213696,1.4779312247078522,-0.3688912176714398,1.4311533721063352,0.0,1,SEARCH,0.0,0.0,0.0,-0.0
53750,DYNAMIC,1.19411301612854,0.20079216361045837,3.3716979026794434,32.89,2.0,0.684771030908202,-1.3097210925213696,1.4779312247078522,-0.36800092020101594,1.4313825581226205,0.0,1,SEARCH,0.0,0.0,0.0,-0.0
53800,DYNAMIC,1.1935899257659912,0.2012670934200287,3.3726119995117188,32.89,2.0,0.684771030908202,-1.3097210925213696,1.4779312247078522,-0.3666923443752663,1.4317183485389235,0.0,1,SEARCH,0.0,0.0,0.0,-0.0
53850,DYNAMIC,1.1932713985443115,0.20163264870643616,3.373225450515747,32.89,2.0,0.684771030908202,-1.3097210925213696,1.4779312247078522,-0.3658139863747353,1.4319430269179974,0.0,1,SEARCH,0.0,0.0,0.0,-0.0
53902,DYNAMIC,1.193436622619629,0.20206007361412048,3.3741133213043213,32.89,2.0,0.684771030908202,-1.3097210925213696,1.4779312247078522,-0.36454246196904133,1.432267258017163,0.0,1,SEARCH,0.0,0.0,0.0,-0.0
53950,DYNAMIC,1.1937122344970703,0.20232412219047546,3.3747363090515137,32.89,2.0,0.684771030908202,-1.3097210925213696,1.4779312247078522,-0.3636501063323441,1.432494085548323,0.0,1,SEARCH,0.0,0.0,0.0,-0.0
54002,DYNAMIC,1.193962812423706,0.2026406228542328,3.3753297328948975,32.89,2.0,0.684771030908202,-1.3097210925213696,1.4779312247078522,-0.3627999662063378,1.4327096319516848,0.0,1,SEARCH,0.0,0.0,0.0,-0.0
54051,DYNAMIC,1.1943094730377197,0.20318225026130676,3.3762526512145996,32.89,2.0,0.684771030908202,-1.3097210925213696,1.4779312247078522,-0.36147753791536524,1.4330438564639596,0.0,1,SEARCH,0.0,0.0,0.0,-0.0
54102,DYNAMIC,1.194697618484497,0.20339718461036682,3.377150535583496,32.57,2.0,0.6970234272250386,-1.2970796710995784,1.4725003671579608,-0.37505504683289037,1.4239350557962633,0.0,1,SEARCH,0.0,0.0,0.0,-0.0
54150,DYNAMIC,1.1949667930603027,0.2034749686717987,3.3777527809143066,32.57,2.0,0.6970234272250386,-1.2970796710995784,1.4725003671579608,-0.37419742062987355,1.4241606727031466,0.0,1,SEARCH,0.0,0.0,0.0,-0.0
54204,DYNAMIC,1.1953372955322266,0.20369920134544373,3.3786323070526123,32.57,2.0,0.6970234272250386,-1.2970796710995784,1.4725003671579608,-0.37294468952134296,1.4244892382317804,0.0,1,SEARCH,0.0,0.0,0.0,-0.0
54250,DYNAMIC,1.1955537796020508,0.20389845967292786,3.3792548179626465,32.57,2.0,0.6970234272250386,-1.2970796710995784,1.4725003671579608,-0.3720578572248607,1.4247211243459454,0.0,1,SEARCH,0.0,0.0,0.0,-0.0
54300,DYNAMIC,1.1959590911865234,0.20416048169136047,3.3801536560058594,32.57,2.0,0.6970234272250386,-1.2970796710995784,1.4725003671579608,-0.37077711355517395,1.4250549685342047,0.0,1,SEARCH,0.0,0.0,0.0,-0.0
54350,DYNAMIC,1.1962432861328125,0.20436707139015198,3.380748748779297,32.57,2.0,0.6970234272250386,-1.2970796710995784,1.4725003671579608,-0.36992900803905104,1.4252753629708095,0.0,1,SEARCH,0.0,0.0,0.0,-0.0
54402,DYNAMIC,1.1966259479522705,0.20476803183555603,3.3816535472869873,32.57,2.0,0.6970234272250386,-1.2970796710995784,1.4725003671579608,-0.3686392697704494,1.4256094907313992,0.0,1,SEARCH,0.0,0.0,0.0,-0.0
54450,DYNAMIC,1.1969130039215088,0.2051844298839569,3.382260799407959,32.57,2.0,0.6970234272250386,-1.2970796710995784,1.4725003671579608,-0.36777349746792054,1.4258330848456782,0.0,1,SEARCH,0.0,0.0,0.0,-0.0
54501,DYNAMIC,1.1969516277313232,0.2054339349269867,3.3831675052642822,32.57,2.0,0.6970234272250386,-1.2970796710995784,1.4725003671579608,-0.3664805352607537,1.4261659610842354,0.0,1,SEARCH,0.0,0.0,0.0,-0.0
54551,DYNAMIC,1.1968631744384766,0.20553478598594666,3.383760452270508,32.57,2.0,0.6970234272250386,-1.2970796710995784,1.4725003671579608,-0.36563483004856184,1.4263830138976306,0.0,1,SEARCH,0.0,0.0,0.0,-0.0
54609,DYNAMIC,1.196730375289917,0.205817312002182,3.384676218032837,32.57,2.0,0.6970234272250386,-1.2970796710995784,1.4725003671579608,-0.3643284441874432,1.4267172516081406,0.0,1,SEARCH,0.0,0.0,0.0,-0.0
54651,DYNAMIC,1.1966536045074463,0.2060960829257965,3.385312080383301,32.85,2.0,0.7046653883152296,-1.2834006201945394,1.4641278842386622,-0.37413823777649274,1.4155179406982739,0.0,1,SEARCH,0.0,0.0,0.0,-0.0
54701,DYNAMIC,1.196831226348877,0.20637556910514832,3.386209726333618,32.85,2.0,0.7046653883152296,-1.2834006201945394,1.4641278842386622,-0.3728674532657159,1.4158532140375006,0.0,1,SEARCH,0.0,0.0,0.0,-0.0
54750,DYNAMIC,1.197328805923462,0.20636728405952454,3.3867993354797363,32.85,2.0,0.7046653883152296,-1.2834006201945394,1.4641278842386622,-0.3720325884979045,1.4160728139826464,0.0,1,SEARCH,0.0,0.0,0.0,-0.0
54802,DYNAMIC,1.1980175971984863,0.2064843475818634,3.3877182006835938,32.85,2.0,0.7046653883152296,-1.2834006201945394,1.4641278842386622,-0.3707312515900948,1.4164140639303267,0.0,1,SEARCH,0.0,0.0,0.0,-0.0
54850,DYNAMIC,1.1984214782714844,0.20663878321647644,3.3883368968963623,32.85,2.0,0.7046653883152296,-1.2834006201945394,1.4641278842386622,-0.3698548506737571,1.4166431628459846,0.0,1,SEARCH,0.0,0.0,0.0,-0.0
54901,DYNAMIC,1.1986329555511475,0.20677027106285095,3.3892290592193604,32.85,2.0,0.7046653883152296,-1.2834006201945394,1.4641278842386622,-0.3685908279927554,1.4169725695738773,0.0,1,SEARCH,0.0,0.0,0.0,-0.0
54950,DYNAMIC,1.1986608505249023,0.20686444640159607,3.389810085296631,32.85,2.0,0.7046653883152296,-1.2834006201945394,1.4641278842386622,-0.367767467808852,1.417186491265933,0.0,1,SEARCH,0.0,0.0,0.0,-0.0
55001,DYNAMIC,1.198697566986084,0.20710447430610657,3.3907241821289062,32.85,2.0,0.7046653883152296,-1.2834006201945394,1.4641278842386622,-0.36647186865857284,1.4175220742150985,0.0,1,SEARCH,0.0,0.0,0.0,-0.0
55050,DYNAMIC,1.198720932006836,0.20733818411827087,3.39132022857666,32.85,2.0,0.7046653883152296,-1.2834006201945394,1.4641278842386622,-0.36562689461317377,1.4177402566551847,0.0,1,SEARCH,0.0,0.0,0.0,-0.0
55107,DYNAMIC,1.1983797550201416,0.2074563205242157,3.392228841781616,32.85,2.0,0.7046653883152296,-1.2834006201945394,1.4641278842386622,-0.3643385663452858,1.4180718848064944,0.0,1,SEARCH,0.0,0.0,0.0,-0.0
55151,DYNAMIC,1.1980504989624023,0.20750579237937927,3.392860174179077,32.85,2.0,0.7046653883152296,-1.2834006201945394,1.4641278842386622,-0.363443219072813,1.4183016209238333,0.0,1,SEARCH,0.0,0.0,0.0,-0.0
55202,DYNAMIC,1.1975984573364258,0.20770511031150818,3.393758535385132,32.88,2.0,0.7088926205331647,-1.2739209597282024,1.4578763181700982,-0.36862766203268926,1.4105023948457214,0.0,1,SEARCH,0.0,0.0,0.0,-0.0
55250,DYNAMIC,1.1973249912261963,0.20791485905647278,3.3943381309509277,32.88,2.0,0.7088926205331647,-1.2739209597282024,1.4578763181700982,-0.3678100792281325,1.4107158128763555,0.0,1,SEARCH,0.0,0.0,0.0,-0.0
55301,DYNAMIC,1.1972627639770508,0.20790573954582214,3.3952362537384033,32.88,2.0,0.7088926205331647,-1.2739209597282024,1.4578763181700982,-0.36654293503795954,1.4110455824866042,0.0,1,SEARCH,0.0,0.0,0.0,-0.0
55350,DYNAMIC,1.1974284648895264,0.20772328972816467,3.3958442211151123,32.88,2.0,0.7088926205331647,-1.2739209597282024,1.4578763181700982,-0.36568499766801504,1.4112681678411603,0.0,1,SEARCH,0.0,0.0,0.0,-0.0
55402,DYNAMIC,1.1976451873779297,0.20761552453041077,3.3967347145080566,32.88,2.0,0.7088926205331647,-1.2739209597282024,1.4578763181700982,-0.36442812786481477,1.4115932483198368,0.0,1,SEARCH,0.0,0.0,0.0,-0.0
55450,DYNAMIC,1.197767972946167,0.2076355516910553,3.3973546028137207,32.88,2.0,0.7088926205331647,-1.2739209597282024,1.4578763181700982,-0.3635530277560176,1.4118188818296185,0.0,1,SEARCH,0.0,0.0,0.0,-0.0
55501,DYNAMIC,1.1983122825622559,0.2073376476764679,3.3982656002044678,32.88,2.0,0.7088926205331647,-1.2739209597282024,1.4578763181700982,-0.36226671375709313,1.412149491797819,0.0,1,SEARCH,0.0,0.0,0.0,-0.0
55550,DYNAMIC,1.1987571716308594,0.20709839463233948,3.3988640308380127,32.88,2.0,0.7088926205331647,-1.2739209597282024,1.4578763181700982,-0.3614215754251608,1.4123660304249732,0.0,1,SEARCH,0.0,0.0,0.0,-0.0
55603,DYNAMIC,1.1993672847747803,0.2068895399570465,3.3997862339019775,32.88,2.0,0.7088926205331647,-1.2739209597282024,1.4578763181700982,-0.3601189336420687,1.4126987338826706,0.0,1,SEARCH,0.0,0.0,0.0,-0.0
55650,DYNAMIC,1.1997437477111816,0.20685842633247375,3.400378704071045,32.88,2.0,0.7088926205331647,-1.2739209597282024,1.4578763181700982,-0.3592818886286959,1.4129118456523035,0.0,1,SEARCH,0.0,0.0,0.0,-0.0
55703,DYNAMIC,1.2001476287841797,0.20679816603660583,3.401282548904419,32.88,2.0,0.7088926205331647,-1.2739209597282024,1.4578763181700982,-0.3580046889758169,1.4132360035579798,0.0,1,SEARCH,0.0,0.0,0.0,-0.0
55760,DYNAMIC,1.2002289295196533,0.2066485583782196,3.4018962383270264,32.88,2.0,0.7088926205331647,-1.2739209597282024,1.4578763181700982,-0.3571373336283107,1.4134554411123337,0.0,1,SEARCH,0.0,0.0,0.0,-0.0
55804,DYNAMIC,1.2003238201141357,0.20659121870994568,3.402470350265503,32.88,2.0,0.7088926205331647,-1.2739209597282024,1.4578763181700982,-0.3563257931726038,1.4136602449673388,0.0,1,SEARCH,0.0,0.0,0.0,-0.0
55850,DYNAMIC,1.2004764080047607,0.20663562417030334,3.4033682346343994,32.88,2.0,0.7156437961857073,-1.257886362230462,1.4472125425466968,-0.36572721327634256,1.4002384613963421,0.0,1,SEARCH,0.0,0.0,0.0,-0.0
55901,DYNAMIC,1.200692892074585,0.20653924345970154,3.4042885303497314,32.88,2.0,0.7156437961857073,-1.257886362230462,1.4472125425466968,-0.3644384251265158,1.400574445574308,0.0,1,SEARCH,0.0,0.0,0.0,-0.0
55950,DYNAMIC,1.200871467590332,0.20638611912727356,3.404859781265259,32.88,2.0,0.7156437961857073,-1.257886362230462,1.4472125425466968,-0.3636382862725736,1.4007824028239435,0.0,1,SEARCH,0.0,0.0,0.0,-0.0
56002,DYNAMIC,1.2011299133300781,0.20630207657814026,3.4057505130767822,32.88,2.0,0.7156437961857073,-1.257886362230462,1.4472125425466968,-0.362390420734474,1.4011057512780276,0.0,1,SEARCH,0.0,0.0,0.0,-0.0
56050,DYNAMIC,1.2013003826141357,0.2063230574131012,3.4063591957092285,32.88,2.0,0.7156437961857073,-1.257886362230462,1.4472125425466968,-0.36153752491827645,1.4013260724686605,0.0,1,SEARCH,0.0,0.0,0.0,-0.0
56101,DYNAMIC,1.2018468379974365,0.2059696614742279,3.4072535037994385,32.88,2.0,0.7156437961857073,-1.257886362230462,1.4472125425466968,-0.3602841632652074,1.4016488379778884,0.0,1,SEARCH,0.0,0.0,0.0,-0.0
56150,DYNAMIC,1.202279806137085,0.20568695664405823,3.4078190326690674,32.88,2.0,0.7156437961857073,-1.257886362230462,1.4472125425466968,-0.35949143281093976,1.4018523649229304,0.0,1,SEARCH,0.0,0.0,0.0,-0.0
56201,DYNAMIC,1.2026872634887695,0.20548102259635925,3.4084384441375732,32.88,2.0,0.7156437961857073,-1.257886362230462,1.4472125425466968,-0.3586230404713406,1.4020747691002666,0.0,1,SEARCH,0.0,0.0,0.0,-0.0
56250,DYNAMIC,1.2032830715179443,0.20531532168388367,3.4093029499053955,32.88,2.0,0.7156437961857073,-1.257886362230462,1.4472125425466968,-0.35741080488543436,1.4023842768141765,0.0,1,SEARCH,0.0,0.0,0.0,-0.0
56303,DYNAMIC,1.2036569118499756,0.20528551936149597,3.409888744354248,32.88,2.0,0.7156437961857073,-1.257886362230462,1.4472125425466968,-0.35658923468422776,1.4025934054499871,0.0,1,SEARCH,0.0,0.0,0.0,-0.0
56354,DYNAMIC,1.203862190246582,0.20507046580314636,3.4107868671417236,32.88,2.0,0.7156437961857073,-1.257886362230462,1.4472125425466968,-0.35532938993777685,1.4029131006412772,0.0,1,SEARCH,0.0,0.0,0.0,-0.0
56401,DYNAMIC,1.203923225402832,0.20487669110298157,3.4116673469543457,32.88,2.0,0.7214512717320587,-1.2416624860494982,1.436042362448415,-0.36401956159761245,1.3891390950947669,0.0,1,SEARCH,0.0,0.0,0.0,-0.0
56450,DYNAMIC,1.203977108001709,0.20482930541038513,3.4122560024261475,32.88,2.0,0.7214512717320587,-1.2416624860494982,1.436042362448415,-0.3632017742462513,1.389353136510225,0.0,1,SEARCH,0.0,0.0,0.0,-0.0
56502,DYNAMIC,1.2040746212005615,0.20485547184944153,3.4131526947021484,32.88,2.0,0.7214512717320587,-1.2416624860494982,1.436042362448415,-0.36195580616959533,1.389678258132631,0.0,1,SEARCH,0.0,0.0,0.0,-0.0
56550,DYNAMIC,1.2040972709655762,0.20483729243278503,3.4137277603149414,32.88,2.0,0.7214512717320587,-1.2416624860494982,1.436042362448415,-0.3611565901850702,1.389886176675025,0.0,1,SEARCH,0.0,0.0,0.0,-0.0
56602,DYNAMIC,1.2041213512420654,0.20486578345298767,3.414614677429199,32.88,2.0,0.7214512717320587,-1.2416624860494982,1.436042362448415,-0.3599237344628755,1.3902059459363287,0.0,1,SEARCH,0.0,0.0,0.0,-0.0
56650,DYNAMIC,1.2041504383087158,0.20495125651359558,3.415231704711914,32.88,2.0,0.7214512717320587,-1.2416624860494982,1.436042362448415,-0.35906587100451065,1.3904277640446474,0.0,1,SEARCH,0.0,0.0,0.0,-0.0
56703,DYNAMIC,1.2042267322540283,0.20517215132713318,3.4161179065704346,32.88,2.0,0.7214512717320587,-1.2416624860494982,1.436042362448415,-0.3578335305003092,1.3907454228564298,0.0,1,SEARCH,0.0,0.0,0.0,-0.0
56750,DYNAMIC,1.204005241394043,0.20511582493782043,3.4166810512542725,32.88,2.0,0.7214512717320587,-1.2416624860494982,1.436042362448415,-0.35705028291003305,1.3909467143712912,0.0,1,SEARCH,0.0,0.0,0.0,-0.0
56802,DYNAMIC,1.2035892009735107,0.2050323784351349,3.4175710678100586,32.88,2.0,0.7214512717320587,-1.2416624860494982,1.436042362448415,-0.3558121760544482,1.3912639440874703,0.0,1,SEARCH,0.0,0.0,0.0,-0.0
56851,DYNAMIC,1.2033631801605225,0.2050556242465973,3.4181346893310547,32.88,2.0,0.7214512717320587,-1.2416624860494982,1.436042362448415,-0.35502797328040464,1.3914642664958499,0.0,1,SEARCH,0.0,0.0,0.0,-0.0
56908,DYNAMIC,1.203092336654663,0.20518305897712708,3.4189863204956055,32.88,2.0,0.7214512717320587,-1.2416624860494982,1.436042362448415,-0.35384283034337904,1.3917661147480964,0.0,1,SEARCH,0.0,0.0,0.0,-0.0
56950,DYNAMIC,1.2030887603759766,0.20487931370735168,3.41945743560791,32.88,2.0,0.7214512717320587,-1.2416624860494982,1.436042362448415,-0.3531871090505725,1.3919326609958271,0.0,1,SEARCH,0.0,0.0,0.0,-0.0
57006,DYNAMIC,1.2031173706054688,0.20458415150642395,3.4204447269439697,32.87,2.0,0.7277455411349476,-1.2287465697965887,1.4280867289589525,-0.36141896365878945,1.3815961921402675,0.0,1,SEARCH,0.0,0.0,0.0,-0.0
57050,DYNAMIC,1.203145980834961,0.20448216795921326,3.4209985733032227,32.87,2.0,0.7277455411349476,-1.2287465697965887,1.4280867289589525,-0.36065371624506354,1.3817961508078194,0.0,1,SEARCH,0.0,0.0,0.0,-0.0
57103,DYNAMIC,1.2031896114349365,0.20416495203971863,3.421874761581421,32.87,2.0,0.7277455411349476,-1.2287465697965887,1.4280867289589525,-0.3594428643717944,1.3821116209195554,0.0,1,SEARCH,0.0,0.0,0.0,-0.0
57150,DYNAMIC,1.203228235244751,0.20387020707130432,3.422438383102417,32.87,2.0,0.7277455411349476,-1.2287465697965887,1.4280867289589525,-0.3586638194671032,1.3823139911156037,0.0,1,SEARCH,0.0,0.0,0.0,-0.0
57202,DYNAMIC,1.203277587890625,0.20364513993263245,3.4230096340179443,32.87,2.0,0.7277455411349476,-1.2287465697965887,1.4280867289589525,-0.35787411285612786,1.3825186525960942,0.0,1,SEARCH,0.0,0.0,0.0,-0.0
57250,DYNAMIC,1.2033722400665283,0.203423410654068,3.4238762855529785,32.87,2.0,0.7277455411349476,-1.2287465697965887,1.4280867289589525,-0.3566758166967193,1.382828285512127,0.0,1,SEARCH,0.0,0.0,0.0,-0.0
57303,DYNAMIC,1.2035279273986816,0.20315346121788025,3.424715518951416,32.87,2.0,0.7277455411349476,-1.2287465697965887,1.4280867289589525,-0.3555151755457953,1.3831271327630454,0.0,1,SEARCH,0.0,0.0,0.0,-0.0
57350,DYNAMIC,1.203667402267456,0.20293369889259338,3.4252524375915527,32.87,2.0,0.7277455411349476,-1.2287465697965887,1.4280867289589525,-0.3547724975979715,1.3833178161134114,0.0,1,SEARCH,0.0,0.0,0.0,-0.0
57404,DYNAMIC,1.2038767337799072,0.2027149498462677,3.4261062145233154,32.87,2.0,0.7277455411349476,-1.2287465697965887,1.4280867289589525,-0.35359132359771567,1.3836202084766962,0.0,1,SEARCH,0.0,0.0,0.0,-0.0
57450,DYNAMIC,1.2040197849273682,0.20265212655067444,3.42668080329895,32.87,2.0,0.7277455411349476,-1.2287465697965887,1.4280867289589525,-0.35279625263044345,1.383823149668554,0.0,1,SEARCH,0.0,0.0,0.0,-0.0
57501,DYNAMIC,1.2040042877197266,0.20246729254722595,3.4275054931640625,32.87,2.0,0.7277455411349476,-1.2287465697965887,1.4280867289589525,-0.35165490786244646,1.3841136265512797,0.0,1,SEARCH,0.0,0.0,0.0,-0.0
57558,DYNAMIC,1.2038726806640625,0.20228901505470276,3.428086757659912,32.87,2.0,0.7277455411349476,-1.2287465697965887,1.4280867289589525,-0.35085031239187375,1.3843177972283698,0.0,1,SEARCH,0.0,0.0,0.0,-0.0
57607,DYNAMIC,1.2037510871887207,0.20214560627937317,3.428905487060547,32.87,2.0,0.7277455411349476,-1.2287465697965887,1.4280867289589525,-0.3497168132474781,1.384604584695829,0.0,1,SEARCH,0.0,0.0,0.0,-0.0
57650,DYNAMIC,1.203702688217163,0.20211437344551086,3.429431915283203,32.87,2.0,0.7334861976441573,-1.2103612312301721,1.4152654564425369,-0.35971160208122305,1.36878920054465,0.0,1,SEARCH,0.0,0.0,0.0,-0.0
57701,DYNAMIC,1.2035303115844727,0.2020396888256073,3.4302806854248047,32.87,2.0,0.7334861976441573,-1.2103612312301721,1.4152654564425369,-0.3585496852471027,1.369094019930226,0.0,1,SEARCH,0.0,0.0,0.0,-0.0
57750,DYNAMIC,1.203298568725586,0.20191559195518494,3.4308083057403564,32.87,2.0,0.7334861976441573,-1.2103612312301721,1.4152654564425369,-0.3578272735547,1.3692830074531388,0.0,1,SEARCH,0.0,0.0,0.0,-0.0
57802,DYNAMIC,1.2030293941497803,0.20182272791862488,3.431626796722412,32.87,2.0,0.7334861976441573,-1.2103612312301721,1.4152654564425369,-0.3567064080271974,1.3695754271568383,0.0,1,SEARCH,0.0,0.0,0.0,-0.0
57850,DYNAMIC,1.2028865814208984,0.2018202841281891,3.4322140216827393,32.87,2.0,0.7334861976441573,-1.2103612312301721,1.4152654564425369,-0.3559020976954461,1.3697846579136017,0.0,1,SEARCH,0.0,0.0,0.0,-0.0
57901,DYNAMIC,1.2026288509368896,0.20188012719154358,3.4330546855926514,32.87,2.0,0.7334861976441573,-1.2103612312301721,1.4152654564425369,-0.35475044354400853,1.3700833679031477,0.0,1,SEARCH,0.0,0.0,0.0,-0.0
57950,DYNAMIC,1.2024719715118408,0.20196405053138733,3.433603048324585,32.87,2.0,0.7334861976441573,-1.2103612312301721,1.4152654564425369,-0.35399908758603454,1.3702776938225905,0.0,1,SEARCH,0.0,0.0,0.0,-0.0
58003,DYNAMIC,1.202284574508667,0.20214971899986267,3.434499502182007,32.87,2.0,0.7334861976441573,-1.2103612312301721,1.4152654564425369,-0.3527705547841479,1.3705944870299116,0.0,1,SEARCH,0.0,0.0,0.0,-0.0
58050,DYNAMIC,1.2021942138671875,0.20230665802955627,3.435068368911743,32.87,2.0,0.7334861976441573,-1.2103612312301721,1.4152654564425369,-0.3519908121426443,1.3707949446823415,0.0,1,SEARCH,0.0,0.0,0.0,-0.0
58100,DYNAMIC,1.2020301818847656,0.20256659388542175,3.435927391052246,32.87,2.0,0.7334861976441573,-1.2103612312301721,1.4152654564425369,-0.35081313920954194,1.3710968067782263,0.0,1,SEARCH,0.0,0.0,0.0,-0.0
58153,DYNAMIC,1.2019307613372803,0.20276591181755066,3.436530113220215,32.87,2.0,0.7334861976441573,-1.2103612312301721,1.4152654564425369,-0.3499866850990536,1.3713080005793292,0.0,1,SEARCH,0.0,0.0,0.0,-0.0
58201,DYNAMIC,1.2018351554870605,0.20310565829277039,3.437394380569458,32.87,2.0,0.7334861976441573,-1.2103612312301721,1.4152654564425369,-0.34880137780326526,1.3716099704515297,0.0,1,SEARCH,0.0,0.0,0.0,-0.0
58250,DYNAMIC,1.2018043994903564,0.2033551037311554,3.4379470348358154,32.48,2.0,0.7379851040284932,-1.191434294438626,1.4014769679635881,-0.3578734228997831,1.355014503580831,0.0,1,SEARCH,0.0,0.0,0.0,-0.0
58301,DYNAMIC,1.2021968364715576,0.2034207284450531,3.4388203620910645,32.48,2.0,0.7379851040284932,-1.191434294438626,1.4014769679635881,-0.35668991547786477,1.355326527420166,0.0,1,SEARCH,0.0,0.0,0.0,-0.0
58350,DYNAMIC,1.2027108669281006,0.20330384373664856,3.4393656253814697,32.48,2.0,0.7379851040284932,-1.191434294438626,1.4014769679635881,-0.3559508526884649,1.3555208158500434,0.0,1,SEARCH,0.0,0.0,0.0,-0.0
58402,DYNAMIC,1.2034499645233154,0.20321199297904968,3.440201759338379,32.48,2.0,0.7379851040284932,-1.191434294438626,1.4014769679635881,-0.35481733141092703,1.3558179645744635,0.0,1,SEARCH,0.0,0.0,0.0,-0.0
58450,DYNAMIC,1.2039289474487305,0.20319488644599915,3.4407925605773926,32.48,2.0,0.7379851040284932,-1.191434294438626,1.4014769679635881,-0.3540162506003765,1.3560273544598074,0.0,1,SEARCH,0.0,0.0,0.0,-0.0
58500,DYNAMIC,1.204127550125122,0.20311066508293152,3.4416263103485107,32.48,2.0,0.7379851040284932,-1.191434294438626,1.4014769679635881,-0.3528855401897638,1.3563220440800154,0.0,1,SEARCH,0.0,0.0,0.0,-0.0
58550,DYNAMIC,1.2039587497711182,0.203029066324234,3.4421584606170654,32.48,2.0,0.7379851040284932,-1.191434294438626,1.4014769679635881,-0.3521637231180735,1.356509640161849,0.0,1,SEARCH,0.0,0.0,0.0,-0.0
58602,DYNAMIC,1.2037792205810547,0.20297053456306458,3.4429829120635986,32.48,2.0,0.7379851040284932,-1.191434294438626,1.4014769679635881,-0.35104522722331377,1.356799520996431,0.0,1,SEARCH,0.0,0.0,0.0,-0.0
58650,DYNAMIC,1.2037005424499512,0.20298030972480774,3.4434990882873535,32.48,2.0,0.7379851040284932,-1.191434294438626,1.4014769679635881,-0.3503448328353988,1.3569805414367404,0.0,1,SEARCH,0.0,0.0,0.0,-0.0
58701,DYNAMIC,1.2038319110870361,0.2028597891330719,3.4443087577819824,32.48,2.0,0.7379851040284932,-1.191434294438626,1.4014769679635881,-0.3492460123693931,1.3572637601352546,0.0,1,SEARCH,0.0,0.0,0.0,-0.0
58754,DYNAMIC,1.204075574874878,0.20270344614982605,3.4448742866516113,32.48,2.0,0.7379851040284932,-1.191434294438626,1.4014769679635881,-0.34847838472181497,1.3574610517853125,0.0,1,SEARCH,0.0,0.0,0.0,-0.0
58801,DYNAMIC,1.2044529914855957,0.20256158709526062,3.445676565170288,32.48,2.0,0.7379851040284932,-1.191434294438626,1.4014769679635881,-0.3473892108476633,1.3577401916121694,0.0,1,SEARCH,0.0,0.0,0.0,-0.0
58850,DYNAMIC,1.204714059829712,0.20252171158790588,3.4462029933929443,32.51,2.0,0.7470817165706762,-1.1813832808914058,1.397783083172754,-0.35836676471889783,1.3510628444113324,0.0,1,SEARCH,0.0,0.0,0.0,-0.0
58904,DYNAMIC,1.2050495147705078,0.2023908793926239,3.4470317363739014,32.51,2.0,0.7470817165706762,-1.1813832808914058,1.397783083172754,-0.35724695793211453,1.3513593743531662,0.0,1,SEARCH,0.0,0.0,0.0,-0.0
58950,DYNAMIC,1.205275058746338,0.20230814814567566,3.4475595951080322,32.51,2.0,0.7470817165706762,-1.1813832808914058,1.397783083172754,-0.3565335813458149,1.3515477620034955,0.0,1,SEARCH,0.0,0.0,0.0,-0.0
59001,DYNAMIC,1.2056427001953125,0.20226183533668518,3.448354721069336,32.51,2.0,0.7470817165706762,-1.1813832808914058,1.397783083172754,-0.3554588180407727,1.3518308238389105,0.0,1,SEARCH,0.0,0.0,0.0,-0.0
59050,DYNAMIC,1.205899953842163,0.20227137207984924,3.448917865753174,32.51,2.0,0.7470817165706762,-1.1813832808914058,1.397783083172754,-0.3546974853754472,1.3520307842176764,0.0,1,SEARCH,0.0,0.0,0.0,-0.0
59100,DYNAMIC,1.206286907196045,0.20204469561576843,3.449737071990967,32.51,2.0,0.7470817165706762,-1.1813832808914058,1.397783083172754,-0.3535897744286795,1.3523209009045916,0.0,1,SEARCH,0.0,0.0,0.0,-0.0
59150,DYNAMIC,1.2065565586090088,0.20185402035713196,3.4502651691436768,32.51,2.0,0.7470817165706762,-1.1813832808914058,1.397783083172754,-0.35287556833883216,1.3525074420769287,0.0,1,SEARCH,0.0,0.0,0.0,-0.0
59201,DYNAMIC,1.206979513168335,0.20163926482200623,3.4510905742645264,32.51,2.0,0.7470817165706762,-1.1813832808914058,1.397783083172754,-0.35175908169098813,1.3527982466176705,0.0,1,SEARCH,0.0,0.0,0.0,-0.0
59250,DYNAMIC,1.2072649002075195,0.20155373215675354,3.451627492904663,32.51,2.0,0.7470817165706762,-1.1813832808914058,1.397783083172754,-0.3510326884280946,1.3529869176229588,0.0,1,SEARCH,0.0,0.0,0.0,-0.0
59301,DYNAMIC,1.206942081451416,0.20143398642539978,3.452423334121704,32.51,2.0,0.7470817165706762,-1.1813832808914058,1.397783083172754,-0.3499558146210014,1.3532658554093802,0.0,1,SEARCH,0.0,0.0,0.0,-0.0
59351,DYNAMIC,1.206540822982788,0.20136675238609314,3.452981948852539,32.51,2.0,0.7470817165706762,-1.1813832808914058,1.397783083172754,-0.3491998058168222,1.3534611347288197,0.0,1,SEARCH,0.0,0.0,0.0,-0.0
59404,DYNAMIC,1.2060422897338867,0.20132693648338318,3.453742027282715,32.51,2.0,0.7470817165706762,-1.1813832808914058,1.397783083172754,-0.3481709684315722,1.3537261629832495,0.0,1,SEARCH,0.0,0.0,0.0,-0.0
59453,DYNAMIC,1.205772876739502,0.20133504271507263,3.454235792160034,32.51,2.0,0.7470817165706762,-1.1813832808914058,1.397783083172754,-0.34750250358324974,1.3538979125500208,0.0,1,SEARCH,0.0,0.0,0.0,-0.0
59504,DYNAMIC,1.2056434154510498,0.20120325684547424,3.455037832260132,32.5,2.0,0.7528541698003677,-1.1687743892985667,1.3902600382899735,-0.3557955107783871,1.3439615056153897,0.0,1,SEARCH,0.0,0.0,0.0,-0.0
59550,DYNAMIC,1.2056524753570557,0.20110264420509338,3.455538511276245,32.5,2.0,0.7528541698003677,-1.1687743892985667,1.3902600382899735,-0.35512257288685956,1.3441394765024408,0.0,1,SEARCH,0.0,0.0,0.0,-0.0
59600,DYNAMIC,1.2057204246520996,0.20100900530815125,3.4563186168670654,32.5,2.0,0.7528541698003677,-1.1687743892985667,1.3902600382899735,-0.35407389421522023,1.3444161005809576,0.0,1,SEARCH,0.0,0.0,0.0,-0.0
59650,DYNAMIC,1.205798625946045,0.20098409056663513,3.4568638801574707,32.5,2.0,0.7528541698003677,-1.1687743892985667,1.3902600382899735,-0.3533407808696509,1.344608964212445,0.0,1,SEARCH,0.0,0.0,0.0,-0.0
59700,DYNAMIC,1.2058329582214355,0.20071807503700256,3.457632303237915,32.5,2.0,0.7528541698003677,-1.1687743892985667,1.3902600382899735,-0.3523074480897876,1.344880082418689,0.0,1,SEARCH,0.0,0.0,0.0,-0.0
59750,DYNAMIC,1.2058382034301758,0.2005005180835724,3.458136558532715,32.5,2.0,0.7528541698003677,-1.1687743892985667,1.3902600382899735,-0.35162924042489113,1.3450575643236435,0.0,1,SEARCH,0.0,0.0,0.0,-0.0
59801,DYNAMIC,1.2058866024017334,0.20024076104164124,3.4589149951934814,32.5,2.0,0.7528541698003677,-1.1687743892985667,1.3902600382899735,-0.35058209187446426,1.3453308778597788,0.0,1,SEARCH,0.0,0.0,0.0,-0.0
59850,DYNAMIC,1.2059412002563477,0.20012012124061584,3.459420919418335,32.5,2.0,0.7528541698003677,-1.1687743892985667,1.3902600382899735,-0.3499014115545712,1.345508073650306,0.0,1,SEARCH,0.0,0.0,0.0,-0.0
59901,DYNAMIC,1.2061011791229248,0.19991329312324524,3.46020770072937,32.5,2.0,0.7528541698003677,-1.1687743892985667,1.3902600382899735,-0.3488426827587694,1.3457829530617866,0.0,1,SEARCH,0.0,0.0,0.0,-0.0
59953,DYNAMIC,1.2062451839447021,0.19978520274162292,3.4607293605804443,32.5,2.0,0.7528541698003677,-1.1687743892985667,1.3902600382899735,-0.34814059439063366,1.3459647471621887,0.0,1,SEARCH,0.0,0.0,0.0,-0.0
60001,DYNAMIC,1.2063908576965332,0.19970104098320007,3.461239814758301,32.5,2.0,0.7528541698003677,-1.1687743892985667,1.3902600382899735,-0.3474534957356748,1.3461422816207422,0.0,1,SEARCH,0.0,0.0,0.0,-0.0
60050,DYNAMIC,1.2066290378570557,0.1996115744113922,3.462019681930542,32.82,2.0,0.7586974113700725,-1.1588966047561025,1.3851581507304034,-0.35506062883174216,1.338878281393973,0.0,1,SEARCH,0.0,0.0,0.0,-0.0
60101,DYNAMIC,1.206589937210083,0.19937458634376526,3.462784767150879,32.82,2.0,0.7586974113700725,-1.1588966047561025,1.3851581507304034,-0.35403616902843077,1.3391495411471204,0.0,1,SEARCH,0.0,0.0,0.0,-0.0
60150,DYNAMIC,1.2064976692199707,0.19919857382774353,3.4632647037506104,32.82,2.0,0.7586974113700725,-1.1588966047561025,1.3851581507304034,-0.35339342140160157,1.3393193018264693,0.0,1,SEARCH,0.0,0.0,0.0,-0.0
60202,DYNAMIC,1.2064087390899658,0.19900503754615784,3.464003086090088,32.82,2.0,0.7586974113700725,-1.1588966047561025,1.3851581507304034,-0.3524043954355331,1.3395798761599054,0.0,1,SEARCH,0.0,0.0,0.0,-0.0
60250,DYNAMIC,1.2063732147216797,0.19891169667243958,3.46452260017395,32.82,2.0,0.7586974113700725,-1.1588966047561025,1.3851581507304034,-0.3517084172986437,1.3397627744254406,0.0,1,SEARCH,0.0,0.0,0.0,-0.0
60302,DYNAMIC,1.2059600353240967,0.19883957505226135,3.4652767181396484,32.82,2.0,0.7586974113700725,-1.1588966047561025,1.3851581507304034,-0.35069797820922594,1.3400276230790291,0.0,1,SEARCH,0.0,0.0,0.0,-0.0
60350,DYNAMIC,1.2056047916412354,0.19882610440254211,3.4657695293426514,32.82,2.0,0.7586974113700725,-1.1588966047561025,1.3851581507304034,-0.3500375550252096,1.3402002882430837,0.0,1,SEARCH,0.0,0.0,0.0,-0.0
60405,DYNAMIC,1.2051451206207275,0.1988389790058136,3.466517448425293,32.82,2.0,0.7586974113700725,-1.1588966047561025,1.3851581507304034,-0.3490350958460052,1.3404617131431398,0.0,1,SEARCH,0.0,0.0,0.0,-0.0
60450,DYNAMIC,1.2048726081848145,0.1988668143749237,3.4670183658599854,32.82,2.0,0.7586974113700725,-1.1588966047561025,1.3851581507304034,-0.348363591441793,1.340636382727489,0.0,1,SEARCH,0.0,0.0,0.0,-0.0
60503,DYNAMIC,1.2047843933105469,0.1986851990222931,3.4677681922912598,32.82,2.0,0.7586974113700725,-1.1588966047561025,1.3851581507304034,-0.347358249009582,1.3408972180521026,0.0,1,SEARCH,0.0,0.0,0.0,-0.0
60550,DYNAMIC,1.2048351764678955,0.19851985573768616,3.468289852142334,32.82,2.0,0.7586974113700725,-1.1588966047561025,1.3851581507304034,-0.346658709535107,1.3410782384478264,0.0,1,SEARCH,0.0,0.0,0.0,-0.0
60604,DYNAMIC,1.2049260139465332,0.1983366310596466,3.4690215587615967,32.82,2.0,0.7586974113700725,-1.1588966047561025,1.3851581507304034,-0.3456773409990548,1.3413315318945924,0.0,1,SEARCH,0.0,0.0,0.0,-0.0
60650,DYNAMIC,1.2049949169158936,0.19825997948646545,3.4695212841033936,32.82,2.0,0.7586974113700725,-1.1588966047561025,1.3851581507304034,-0.345007000506506,1.3415041081325003,0.0,1,SEARCH,0.0,0.0,0.0,-0.0
60702,DYNAMIC,1.2051291465759277,0.1979665458202362,3.4702842235565186,32.85,2.0,0.7643956836597914,-1.152702855000261,1.3831213370935582,-0.35137600493931215,1.337744196876354,0.0,1,SEARCH,0.0,0.0,0.0,-0.0
60750,DYNAMIC,1.2052297592163086,0.1976892650127411,3.4707653522491455,32.85,2.0,0.7643956836597914,-1.152702855000261,1.3831213370935582,-0.3507323371785268,1.3379130991139747,0.0,1,SEARCH,0.0,0.0,0.0,-0.0
60803,DYNAMIC,1.2053940296173096,0.19735953211784363,3.4715003967285156,32.85,2.0,0.7643956836597914,-1.152702855000261,1.3831213370935582,-0.3497488168810512,1.338170541528163,0.0,1,SEARCH,0.0,0.0,0.0,-0.0
60850,DYNAMIC,1.2055187225341797,0.19718316197395325,3.4720067977905273,32.85,2.0,0.7643956836597914,-1.152702855000261,1.3831213370935582,-0.3490711210814832,1.338347483111314,0.0,1,SEARCH,0.0,0.0,0.0,-0.0
60902,DYNAMIC,1.2057254314422607,0.19709345698356628,3.4727752208709717,32.85,2.0,0.7643956836597914,-1.152702855000261,1.3831213370935582,-0.348042601028304,1.338615322261375,0.0,1,SEARCH,0.0,0.0,0.0,-0.0
60950,DYNAMIC,1.20587158203125,0.19710120558738708,3.4732565879821777,32.85,2.0,0.7643956836597914,-1.152702855000261,1.3831213370935582,-0.34739819533927335,1.3387827034281883,0.0,1,SEARCH,0.0,0.0,0.0,-0.0
61004,DYNAMIC,1.206099033355713,0.19714275002479553,3.4740116596221924,32.85,2.0,0.7643956836597914,-1.152702855000261,1.3831213370935582,-0.34638721955221374,1.3390446322861531,0.0,1,SEARCH,0.0,0.0,0.0,-0.0
61050,DYNAMIC,1.2062468528747559,0.19719651341438293,3.474494695663452,32.85,2.0,0.7643956836597914,-1.152702855000261,1.3831213370935582,-0.34574037234892346,1.3392117935754226,0.0,1,SEARCH,0.0,0.0,0.0,-0.0
61102,DYNAMIC,1.206193447113037,0.1972275674343109,3.475198268890381,32.85,2.0,0.7643956836597914,-1.152702855000261,1.3831213370935582,-0.3447980532901322,1.339454715759666,0.0,1,SEARCH,0.0,0.0,0.0,-0.0
61150,DYNAMIC,1.2060964107513428,0.1972501575946808,3.4756953716278076,32.85,2.0,0.7643956836597914,-1.152702855000261,1.3831213370935582,-0.34413216410997416,1.339625950311675,0.0,1,SEARCH,0.0,0.0,0.0,-0.0
61208,DYNAMIC,1.2060225009918213,0.1972973644733429,3.4761905670166016,32.85,2.0,0.7643956836597914,-1.152702855000261,1.3831213370935582,-0.34346874535000216,1.3397961987150016,0.0,1,SEARCH,0.0,0.0,0.0,-0.0
61250,DYNAMIC,1.2059478759765625,0.19739660620689392,3.476900339126587,32.85,2.0,0.7643956836597914,-1.152702855000261,1.3831213370935582,-0.3425177089392055,1.340039645751763,0.0,1,SEARCH,0.0,0.0,0.0,-0.0
61303,DYNAMIC,1.2060649394989014,0.19734147191047668,3.477630615234375,32.81,2.0,0.773347785487604,-1.1435888065227386,1.3805296649194767,-0.35299576724789317,1.3346370832656174,0.0,1,SEARCH,0.0,0.0,0.0,-0.0
61350,DYNAMIC,1.20619797706604,0.1972806751728058,3.4780876636505127,32.81,2.0,0.773347785487604,-1.1435888065227386,1.3805296649194767,-0.3523857366348886,1.3347982800179845,0.0,1,SEARCH,0.0,0.0,0.0,-0.0
61402,DYNAMIC,1.2064058780670166,0.1972300112247467,3.478794574737549,32.81,2.0,0.773347785487604,-1.1435888065227386,1.3805296649194767,-0.3514420649627003,1.335047051866501,0.0,1,SEARCH,0.0,0.0,0.0,-0.0
61450,DYNAMIC,1.2065529823303223,0.19721117615699768,3.479287624359131,32.81,2.0,0.773347785487604,-1.1435888065227386,1.3805296649194767,-0.3507837778282347,1.3352201679630347,0.0,1,SEARCH,0.0,0.0,0.0,-0.0
61501,DYNAMIC,1.206251621246338,0.1972176730632782,3.479994773864746,32.81,2.0,0.773347785487604,-1.1435888065227386,1.3805296649194767,-0.34983948991872643,1.3354678906720625,0.0,1,SEARCH,0.0,0.0,0.0,-0.0
61550,DYNAMIC,1.2060210704803467,0.19725444912910461,3.4804327487945557,32.81,2.0,0.773347785487604,-1.1435888065227386,1.3805296649194767,-0.3492545549282843,1.3356209835071209,0.0,1,SEARCH,0.0,0.0,0.0,-0.0
61602,DYNAMIC,1.2057387828826904,0.19732525944709778,3.4811460971832275,32.81,2.0,0.773347785487604,-1.1435888065227386,1.3805296649194767,-0.3483017030707608,1.3358697838339972,0.0,1,SEARCH,0.0,0.0,0.0,-0.0
61650,DYNAMIC,1.2056052684783936,0.1973903477191925,3.481628179550171,32.81,2.0,0.773347785487604,-1.1435888065227386,1.3805296649194767,-0.347657663355136,1.3360375387065775,0.0,1,SEARCH,0.0,0.0,0.0,-0.0
61703,DYNAMIC,1.2052490711212158,0.19756457209587097,3.482299566268921,32.81,2.0,0.773347785487604,-1.1435888065227386,1.3805296649194767,-0.3467605872081822,1.3362706503106772,0.0,1,SEARCH,0.0,0.0,0.0,-0.0
61750,DYNAMIC,1.20491361618042,0.19772139191627502,3.482761859893799,32.81,2.0,0.773347785487604,-1.1435888065227386,1.3805296649194767,-0.3461428007733985,1.3364308127229894,0.0,1,SEARCH,0.0,0.0,0.0,-0.0
61801,DYNAMIC,1.2044668197631836,0.1979571282863617,3.483424663543701,32.81,2.0,0.773347785487604,-1.1435888065227386,1.3805296649194767,-0.34525693358597437,1.336659943865115,0.0,1,SEARCH,0.0,0.0,0.0,-0.0
61851,DYNAMIC,1.2041966915130615,0.19812312722206116,3.483869791030884,32.81,2.0,0.773347785487604,-1.1435888065227386,1.3805296649194767,-0.3446619153192507,1.3368134947894372,0.0,1,SEARCH,0.0,0.0,0.0,-0.0
61901,DYNAMIC,1.2041707038879395,0.19825628399848938,3.4843151569366455,32.81,2.0,0.773347785487604,-1.1435888065227386,1.3805296649194767,-0.3440665100040104,1.3369668628714562,0.0,1,SEARCH,0.0,0.0,0.0,-0.0
61950,DYNAMIC,1.2044188976287842,0.19843187928199768,3.4850025177001953,32.52,2.0,0.7855301148677759,-1.1425993273106383,1.3865751995960782,-0.35495163573342126,1.3403731273138362,0.0,1,SEARCH,0.0,0.0,0.0,-0.0
62008,DYNAMIC,1.2046465873718262,0.19862046837806702,3.485692262649536,32.52,2.0,0.7855301148677759,-1.1425993273106383,1.3865751995960782,-0.3540270357781515,1.3406176345524625,0.0,1,SEARCH,0.0,0.0,0.0,-0.0
62050,DYNAMIC,1.204801082611084,0.1987534463405609,3.486168384552002,32.52,2.0,0.7855301148677759,-1.1425993273106383,1.3865751995960782,-0.35338869825606606,1.3407860426182052,0.0,1,SEARCH,0.0,0.0,0.0,-0.0
62104,DYNAMIC,1.2050526142120361,0.19890400767326355,3.486870050430298,32.52,2.0,0.7855301148677759,-1.1425993273106383,1.3865751995960782,-0.3524478275242525,1.3410336733312624,0.0,1,SEARCH,0.0,0.0,0.0,-0.0
62150,DYNAMIC,1.205216407775879,0.19900569319725037,3.487323760986328,32.52,2.0,0.7855301148677759,-1.1425993273106383,1.3865751995960782,-0.35183935013527695,1.3411934445974936,0.0,1,SEARCH,0.0,0.0,0.0,-0.0
62201,DYNAMIC,1.2054533958435059,0.19917091727256775,3.4880409240722656,32.52,2.0,0.7855301148677759,-1.1425993273106383,1.3865751995960782,-0.3508774053086488,1.3414454258667305,0.0,1,SEARCH,0.0,0.0,0.0,-0.0
62250,DYNAMIC,1.2056090831756592,0.19929221272468567,3.4885141849517822,32.52,2.0,0.7855301148677759,-1.1425993273106383,1.3865751995960782,-0.3502425123962447,1.341611332184277,0.0,1,SEARCH,0.0,0.0,0.0,-0.0
62301,DYNAMIC,1.2057855129241943,0.1992926299571991,3.489197254180908,32.52,2.0,0.7855301148677759,-1.1425993273106383,1.3865751995960782,-0.3493260173403488,1.3418502590617312,0.0,1,SEARCH,0.0,0.0,0.0,-0.0
62350,DYNAMIC,1.2058897018432617,0.1992546021938324,3.4896864891052246,32.52,2.0,0.7855301148677759,-1.1425993273106383,1.3865751995960782,-0.3486694955508689,1.342021000956098,0.0,1,SEARCH,0.0,0.0,0.0,-0.0
62404,DYNAMIC,1.2060656547546387,0.19923308491706848,3.490387201309204,32.52,2.0,0.7855301148677759,-1.1425993273106383,1.3865751995960782,-0.34772903953651746,1.3422649884422655,0.0,1,SEARCH,0.0,0.0,0.0,-0.0
62450,DYNAMIC,1.2061893939971924,0.19924470782279968,3.4908313751220703,32.52,2.0,0.7855301148677759,-1.1425993273106383,1.3865751995960782,-0.3471328062965323,1.3424193081625422,0.0,1,SEARCH,0.0,0.0,0.0,-0.0
62511,DYNAMIC,1.2062387466430664,0.1993977129459381,3.4913017749786377,32.52,2.0,0.7855301148677759,-1.1425993273106383,1.3865751995960782,-0.34650129406372476,1.3425824508562103,0.0,1,SEARCH,0.0,0.0,0.0,-0.0
62552,DYNAMIC,1.2062151432037354,0.19983819127082825,3.4919755458831787,32.52,2.0,0.7855301148677759,-1.1425993273106383,1.3865751995960782,-0.3455966224897193,1.3428156085846645,0.0,1,SEARCH,0.0,0.0,0.0,-0.0
62605,DYNAMIC,1.2062256336212158,0.2002744972705841,3.492638111114502,32.87,2.0,0.7954776740622832,-1.1406926349915403,1.3906704920488835,-0.35470341104389747,1.3446746475074585,0.0,1,SEARCH,0.0,0.0,0.0,-0.0
62650,DYNAMIC,1.2062320709228516,0.2005625069141388,3.493096113204956,32.87,2.0,0.7954776740622832,-1.1406926349915403,1.3906704920488835,-0.3540875100635474,1.3448369613720768,0.0,1,SEARCH,0.0,0.0,0.0,-0.0
62704,DYNAMIC,1.206042766571045,0.2007978856563568,3.4937596321105957,32.87,2.0,0.7954776740622832,-1.1406926349915403,1.3906704920488835,-0.35319510743534005,1.3450716090748558,0.0,1,SEARCH,0.0,0.0,0.0,-0.0
62750,DYNAMIC,1.205808162689209,0.20084545016288757,3.494175910949707,32.87,2.0,0.7954776740622832,-1.1406926349915403,1.3906704920488835,-0.3526351520013149,1.3452185201774813,0.0,1,SEARCH,0.0,0.0,0.0,-0.0
62802,DYNAMIC,1.2055015563964844,0.20092329382896423,3.4948277473449707,32.87,2.0,0.7954776740622832,-1.1406926349915403,1.3906704920488835,-0.35175821475668256,1.3454480948021277,0.0,1,SEARCH,0.0,0.0,0.0,-0.0
62850,DYNAMIC,1.2053248882293701,0.20099565386772156,3.495248556137085,32.87,2.0,0.7954776740622832,-1.1406926349915403,1.3906704920488835,-0.35119200724108723,1.3455959986212278,0.0,1,SEARCH,0.0,0.0,0.0,-0.0
62901,DYNAMIC,1.2053751945495605,0.20086464285850525,3.495871067047119,32.87,2.0,0.7954776740622832,-1.1406926349915403,1.3906704920488835,-0.3503542910586164,1.3458143587405724,0.0,1,SEARCH,0.0,0.0,0.0,-0.0
62950,DYNAMIC,1.2055108547210693,0.2007189691066742,3.4963016510009766,32.87,2.0,0.7954776740622832,-1.1406926349915403,1.3906704920488835,-0.34977477253049066,1.3459650909131065,0.0,1,SEARCH,0.0,0.0,0.0,-0.0
63003,DYNAMIC,1.2057082653045654,0.20054522156715393,3.4969515800476074,32.87,2.0,0.7954776740622832,-1.1406926349915403,1.3906704920488835,-0.34889991690995337,1.3461921354085051,0.0,1,SEARCH,0.0,0.0,0.0,-0.0
63050,DYNAMIC,1.2058329582214355,0.20045813918113708,3.497389793395996,32.87,2.0,0.7954776740622832,-1.1406926349915403,1.3906704920488835,-0.3483099640658132,1.3463448987491857,0.0,1,SEARCH,0.0,0.0,0.0,-0.0
63102,DYNAMIC,1.20603346824646,0.2003566324710846,3.498029947280884,32.87,2.0,0.7954776740622832,-1.1406926349915403,1.3906704920488835,-0.34744802483915926,1.3465675948465605,0.0,1,SEARCH,0.0,0.0,0.0,-0.0
63155,DYNAMIC,1.2061781883239746,0.20031067728996277,3.498469829559326,32.87,2.0,0.7954776740622832,-1.1406926349915403,1.3906704920488835,-0.34685566002159,1.3467203007924367,0.0,1,SEARCH,0.0,0.0,0.0,-0.0
63203,DYNAMIC,1.2063870429992676,0.2002723515033722,3.499109983444214,32.87,2.0,0.7954776740622832,-1.1406926349915403,1.3906704920488835,-0.3459934807778608,1.3469420658345717,0.0,1,SEARCH,0.0,0.0,0.0,-0.0
63250,DYNAMIC,1.2065272331237793,0.20025262236595154,3.4995667934417725,32.52,2.0,0.8093769046700662,-1.1395000824601997,1.3976950353135333,-0.3588141300691526,1.3508530015522848,0.0,1,SEARCH,0.0,0.0,0.0,-0.0
63303,DYNAMIC,1.2067596912384033,0.20016703009605408,3.50022554397583,32.52,2.0,0.8093769046700662,-1.1395000824601997,1.3976950353135333,-0.3579241771432076,1.3510890774321498,0.0,1,SEARCH,0.0,0.0,0.0,-0.0
63350,DYNAMIC,1.2069108486175537,0.2001122534275055,3.5006535053253174,32.52,2.0,0.8093769046700662,-1.1395000824601997,1.3976950353135333,-0.35734593047893226,1.3512421314147387,0.0,1,SEARCH,0.0,0.0,0.0,-0.0
63403,DYNAMIC,1.2071399688720703,0.20005235075950623,3.5013203620910645,32.52,2.0,0.8093769046700662,-1.1395000824601997,1.3976950353135333,-0.3564447661327232,1.3514801295012397,0.0,1,SEARCH,0.0,0.0,0.0,-0.0
63450,DYNAMIC,1.2072992324829102,0.20003727078437805,3.5017709732055664,32.52,2.0,0.8093769046700662,-1.1395000824601997,1.3976950353135333,-0.3558357379978293,1.3516406102598573,0.0,1,SEARCH,0.0,0.0,0.0,-0.0
63502,DYNAMIC,1.2072992324829102,0.20010140538215637,3.5024540424346924,32.52,2.0,0.8093769046700662,-1.1395000824601997,1.3976950353135333,-0.3549123909463689,1.351883355357566,0.0,1,SEARCH,0.0,0.0,0.0,-0.0
63550,DYNAMIC,1.2072415351867676,0.2001749575138092,3.5029144287109375,32.52,2.0,0.8093769046700662,-1.1395000824601997,1.3976950353135333,-0.3542899648116444,1.3520466088762855,0.0,1,SEARCH,0.0,0.0,0.0,-0.0
63603,DYNAMIC,1.2071709632873535,0.2003081738948822,3.503570795059204,32.52,2.0,0.8093769046700662,-1.1395000824601997,1.3976950353135333,-0.3534024506629817,1.3522788616278443,0.0,1,SEARCH,0.0,0.0,0.0,-0.0
63650,DYNAMIC,1.2071270942687988,0.20041659474372864,3.5040056705474854,32.52,2.0,0.8093769046700662,-1.1395000824601997,1.3976950353135333,-0.3528143443341244,1.3524324198170425,0.0,1,SEARCH,0.0,0.0,0.0,-0.0
63702,DYNAMIC,1.207190752029419,0.20052054524421692,3.5046815872192383,32.52,2.0,0.8093769046700662,-1.1395000824601997,1.3976950353135333,-0.3519001321897883,1.352670583957864,0.0,1,SEARCH,0.0,0.0,0.0,-0.0
63753,DYNAMIC,1.2073137760162354,0.20055744051933289,3.505122184753418,32.52,2.0,0.8093769046700662,-1.1395000824601997,1.3976950353135333,-0.35130411472870676,1.3528254989889787,0.0,1,SEARCH,0.0,0.0,0.0,-0.0
63812,DYNAMIC,1.2074944972991943,0.2006354033946991,3.505753517150879,32.52,2.0,0.8093769046700662,-1.1395000824601997,1.3976950353135333,-0.35044996220832114,1.3530470190382466,0.0,1,SEARCH,0.0,0.0,0.0,-0.0
63850,DYNAMIC,1.2076177597045898,0.2006937563419342,3.5061910152435303,32.49,2.0,0.8212553672755352,-1.1397610189909633,1.4048186924618398,-0.3608625862143498,1.3576795470805634,0.0,1,SEARCH,0.0,0.0,0.0,-0.0
63901,DYNAMIC,1.2075283527374268,0.20074352622032166,3.506850242614746,32.49,2.0,0.8212553672755352,-1.1397610189909633,1.4048186924618398,-0.35996748834844106,1.3579171425467418,0.0,1,SEARCH,0.0,0.0,0.0,-0.0
63950,DYNAMIC,1.2073965072631836,0.2007782757282257,3.507265090942383,32.49,2.0,0.8212553672755352,-1.1397610189909633,1.4048186924618398,-0.3594041277338982,1.3580663576048222,0.0,1,SEARCH,0.0,0.0,0.0,-0.0
64002,DYNAMIC,1.207245111465454,0.20084747672080994,3.50791597366333,32.49,2.0,0.8212553672755352,-1.1397610189909633,1.4048186924618398,-0.3585201097397727,1.3582999998536311,0.0,1,SEARCH,0.0,0.0,0.0,-0.0
64050,DYNAMIC,1.207170009613037,0.20089200139045715,3.508350372314453,32.49,2.0,0.8212553672755352,-1.1397610189909633,1.4048186924618398,-0.35793003224380887,1.3584556123437155,0.0,1,SEARCH,0.0,0.0,0.0,-0.0
64102,DYNAMIC,1.2074823379516602,0.20099976658821106,3.5089807510375977,32.49,2.0,0.8212553672755352,-1.1397610189909633,1.4048186924618398,-0.3570736196695275,1.3586809738957468,0.0,1,SEARCH,0.0,0.0,0.0,-0.0
64150,DYNAMIC,1.207817792892456,0.2010829746723175,3.5094194412231445,32.49,2.0,0.8212553672755352,-1.1397610189909633,1.4048186924618398,-0.35647754532086406,1.3588374878447402,0.0,1,SEARCH,0.0,0.0,0.0,-0.0
64203,DYNAMIC,1.2083122730255127,0.20122972130775452,3.5100364685058594,32.49,2.0,0.8212553672755352,-1.1397610189909633,1.4048186924618398,-0.3556390377117514,1.359057185531813,0.0,1,SEARCH,0.0,0.0,0.0,-0.0
64250,DYNAMIC,1.2086236476898193,0.201350599527359,3.5104172229766846,32.49,2.0,0.8212553672755352,-1.1397610189909633,1.4048186924618398,-0.35512154484555547,1.3591924981681953,0.0,1,SEARCH,0.0,0.0,0.0,-0.0
64304,DYNAMIC,1.2083137035369873,0.20129498839378357,3.5110247135162354,32.49,2.0,0.8212553672755352,-1.1397610189909633,1.4048186924618398,-0.35429578278440654,1.3594079803323862,0.0,1,SEARCH,0.0,0.0,0.0,-0.0
64350,DYNAMIC,1.2078907489776611,0.20120462775230408,3.5114288330078125,32.49,2.0,0.8212553672755352,-1.1397610189909633,1.4048186924618398,-0.35374639060702584,1.3595510471558965,0.0,1,SEARCH,0.0,0.0,0.0,-0.0
64401,DYNAMIC,1.2073206901550293,0.20111986994743347,3.5120277404785156,32.49,2.0,0.8212553672755352,-1.1397610189909633,1.4048186924618398,-0.3529320819340863,1.3597626646705168,0.0,1,SEARCH,0.0,0.0,0.0,-0.0
64450,DYNAMIC,1.206984281539917,0.20108500123023987,3.5124318599700928,32.49,2.0,0.8212553672755352,-1.1397610189909633,1.4048186924618398,-0.35238254653320983,1.3599051803669853,0.0,1,SEARCH,0.0,0.0,0.0,-0.0
64503,DYNAMIC,1.2066779136657715,0.2010461390018463,3.5130295753479004,32.48,2.0,0.8359444861586096,-1.14223648915845,1.4154530656662565,-0.3643585841895338,1.3677537070801167,0.0,1,SEARCH,0.0,0.0,0.0,-0.0
64550,DYNAMIC,1.2065353393554688,0.20103874802589417,3.5134077072143555,32.48,2.0,0.8359444861586096,-1.14223648915845,1.4154530656662565,-0.3638413668910793,1.3678913848850847,0.0,1,SEARCH,0.0,0.0,0.0,-0.0
64601,DYNAMIC,1.2063477039337158,0.201048344373703,3.5140178203582764,32.48,2.0,0.8359444861586096,-1.14223648915845,1.4154530656662565,-0.3630067307116831,1.3681131146809533,0.0,1,SEARCH,0.0,0.0,0.0,-0.0
64650,DYNAMIC,1.2062304019927979,0.20107153058052063,3.514427423477173,32.48,2.0,0.8359444861586096,-1.14223648915845,1.4154530656662565,-0.3624463168769013,1.368261688598483,0.0,1,SEARCH,0.0,0.0,0.0,-0.0
64701,DYNAMIC,1.2061576843261719,0.20087185502052307,3.5149943828582764,32.48,2.0,0.8359444861586096,-1.14223648915845,1.4154530656662565,-0.36167050986540245,1.3684669610179498,0.0,1,SEARCH,0.0,0.0,0.0,-0.0
64750,DYNAMIC,1.2061772346496582,0.20060262084007263,3.5154054164886475,32.48,2.0,0.8359444861586096,-1.14223648915845,1.4154530656662565,-0.36110799338634,1.368615504156114,0.0,1,SEARCH,0.0,0.0,0.0,-0.0
64803,DYNAMIC,1.206230878829956,0.20022544264793396,3.5159664154052734,32.48,2.0,0.8359444861586096,-1.14223648915845,1.4154530656662565,-0.36034014478759063,1.3688178699733802,0.0,1,SEARCH,0.0,0.0,0.0,-0.0
64850,DYNAMIC,1.2062506675720215,0.20009282231330872,3.516324758529663,32.48,2.0,0.8359444861586096,-1.14223648915845,1.4154530656662565,-0.35984961519023995,1.368946907499133,0.0,1,SEARCH,0.0,0.0,0.0,-0.0
64902,DYNAMIC,1.2061078548431396,0.20006433129310608,3.516881227493286,32.48,2.0,0.8359444861586096,-1.14223648915845,1.4154530656662565,-0.35908778304758193,1.3691469406787486,0.0,1,SEARCH,0.0,0.0,0.0,-0.0
64950,DYNAMIC,1.20597505569458,0.20011982321739197,3.5172712802886963,32.48,2.0,0.8359444861586096,-1.14223648915845,1.4154530656662565,-0.35855371615356463,1.3692868997169558,0.0,1,SEARCH,0.0,0.0,0.0,-0.0
65001,DYNAMIC,1.2058045864105225,0.20021161437034607,3.5178334712982178,32.48,2.0,0.8359444861586096,-1.14223648915845,1.4154530656662565,-0.3577838587476238,1.369488258994455,0.0,1,SEARCH,0.0,0.0,0.0,-0.0
65060,DYNAMIC,1.2056975364685059,0.20027443766593933,3.518237590789795,32.48,2.0,0.8359444861586096,-1.14223648915845,1.4154530656662565,-0.35723039264844286,1.3696327345942936,0.0,1,SEARCH,0.0,0.0,0.0,-0.0
65105,DYNAMIC,1.205500602722168,0.2003856599330902,3.518812656402588,32.48,2.0,0.8359444861586096,-1.14223648915845,1.4154530656662565,-0.35644270493590774,1.369837939028547,0.0,1,SEARCH,0.0,0.0,0.0,-0.0
65150,DYNAMIC,1.2053632736206055,0.20047929883003235,3.519176959991455,32.48,2.0,0.8518744808563877,-1.148851786186773,1.4302274496592768,-0.3683125963349271,1.3819900105065537,0.0,1,SEARCH,0.0,0.0,0.0,-0.0
65204,DYNAMIC,1.2051842212677002,0.20062407851219177,3.519739866256714,32.48,2.0,0.8518744808563877,-1.148851786186773,1.4302274496592768,-0.36753460718816994,1.3821971170125904,0.0,1,SEARCH,0.0,0.0,0.0,-0.0
65250,DYNAMIC,1.2050845623016357,0.20072904229164124,3.5201098918914795,32.48,2.0,0.8518744808563877,-1.148851786186773,1.4302274496592768,-0.3670231336730176,1.3823330196113082,0.0,1,SEARCH,0.0,0.0,0.0,-0.0
65302,DYNAMIC,1.2050254344940186,0.20070454478263855,3.5206499099731445,32.48,2.0,0.8518744808563877,-1.148851786186773,1.4302274496592768,-0.3662765953682712,1.382531017172601,0.0,1,SEARCH,0.0,0.0,0.0,-0.0
65350,DYNAMIC,1.205040693283081,0.20064207911491394,3.5210230350494385,32.48,2.0,0.8518744808563877,-1.148851786186773,1.4302274496592768,-0.36576071289204093,1.3826675879124328,0.0,1,SEARCH,0.0,0.0,0.0,-0.0
65401,DYNAMIC,1.2050800323486328,0.20058754086494446,3.5215952396392822,32.48,2.0,0.8518744808563877,-1.148851786186773,1.4302274496592768,-0.3649694843168471,1.3828766515045272,0.0,1,SEARCH,0.0,0.0,0.0,-0.0
65450,DYNAMIC,1.205108642578125,0.20057907700538635,3.521942377090454,32.48,2.0,0.8518744808563877,-1.148851786186773,1.4302274496592768,-0.3644894140601841,1.3830032627571573,0.0,1,SEARCH,0.0,0.0,0.0,-0.0
65501,DYNAMIC,1.2051963806152344,0.20051822066307068,3.522490978240967,32.48,2.0,0.8518744808563877,-1.148851786186773,1.4302274496592768,-0.3637306420681774,1.3832030139424762,0.0,1,SEARCH,0.0,0.0,0.0,-0.0
65550,DYNAMIC,1.2052645683288574,0.20047727227210999,3.522860527038574,32.48,2.0,0.8518744808563877,-1.148851786186773,1.4302274496592768,-0.3632194562324863,1.3833373357113787,0.0,1,SEARCH,0.0,0.0,0.0,-0.0
65603,DYNAMIC,1.2053492069244385,0.20045164227485657,3.523383855819702,32.48,2.0,0.8518744808563877,-1.148851786186773,1.4302274496592768,-0.3624954662857421,1.3835272294686365,0.0,1,SEARCH,0.0,0.0,0.0,-0.0
65654,DYNAMIC,1.2054142951965332,0.20045295357704163,3.523754119873047,32.48,2.0,0.8518744808563877,-1.148851786186773,1.4302274496592768,-0.36198317104930855,1.3836613536685796,0.0,1,SEARCH,0.0,0.0,0.0,-0.0
65705,DYNAMIC,1.2055037021636963,0.20037546753883362,3.52428936958313,32.48,2.0,0.8518744808563877,-1.148851786186773,1.4302274496592768,-0.36124251489358156,1.3838549068425632,0.0,1,SEARCH,0.0,0.0,0.0,-0.0
65750,DYNAMIC,1.20554518699646,0.20028194785118103,3.5246520042419434,32.48,2.0,0.8518744808563877,-1.148851786186773,1.4302274496592768,-0.36074065740019146,1.3839858149046749,0.0,1,SEARCH,0.0,0.0,0.0,-0.0
65802,DYNAMIC,1.2056255340576172,0.20016953349113464,3.525179386138916,32.52,2.0,0.8656552994214475,-1.1552505549659684,1.4435937593954935,-0.37039532839110223,1.3952670865721952,0.0,1,SEARCH,0.0,0.0,0.0,-0.0
65850,DYNAMIC,1.2056758403778076,0.20011159777641296,3.52555251121521,32.52,2.0,0.8656552994214475,-1.1552505549659684,1.4435937593954935,-0.369874693481406,1.395405193227992,0.0,1,SEARCH,0.0,0.0,0.0,-0.0
65901,DYNAMIC,1.205782175064087,0.20001152157783508,3.526085615158081,32.52,2.0,0.8656552994214475,-1.1552505549659684,1.4435937593954935,-0.3691307449470709,1.395602176589172,0.0,1,SEARCH,0.0,0.0,0.0,-0.0
65950,DYNAMIC,1.2058770656585693,0.19996210932731628,3.5264480113983154,32.52,2.0,0.8656552994214475,-1.1552505549659684,1.4435937593954935,-0.36862495973732134,1.3957358565374296,0.0,1,SEARCH,0.0,0.0,0.0,-0.0
66002,DYNAMIC,1.2060096263885498,0.19993194937705994,3.526998996734619,32.52,2.0,0.8656552994214475,-1.1552505549659684,1.4435937593954935,-0.36785587383145335,1.395938751612445,0.0,1,SEARCH,0.0,0.0,0.0,-0.0
66050,DYNAMIC,1.2060956954956055,0.19993993639945984,3.527332067489624,32.52,2.0,0.8656552994214475,-1.1552505549659684,1.4435937593954935,-0.3673909070618569,1.3960611962137905,0.0,1,SEARCH,0.0,0.0,0.0,-0.0
66104,DYNAMIC,1.205993890762329,0.19994041323661804,3.5278499126434326,32.52,2.0,0.8656552994214475,-1.1552505549659684,1.4435937593954935,-0.366667914308855,1.3962512606196666,0.0,1,SEARCH,0.0,0.0,0.0,-0.0
66150,DYNAMIC,1.2058656215667725,0.19995251297950745,3.528207540512085,32.52,2.0,0.8656552994214475,-1.1552505549659684,1.4435937593954935,-0.36616855250907054,1.3963823019929127,0.0,1,SEARCH,0.0,0.0,0.0,-0.0
66203,DYNAMIC,1.205690860748291,0.200010746717453,3.5287208557128906,32.52,2.0,0.8656552994214475,-1.1552505549659684,1.4435937593954935,-0.3654517200374677,1.3965700779005936,0.0,1,SEARCH,0.0,0.0,0.0,-0.0
66250,DYNAMIC,1.205592155456543,0.20006689429283142,3.529059886932373,32.52,2.0,0.8656552994214475,-1.1552505549659684,1.4435937593954935,-0.36497821818702864,1.396693897178131,0.0,1,SEARCH,0.0,0.0,0.0,-0.0
66304,DYNAMIC,1.2055656909942627,0.2000662386417389,3.5293891429901123,32.52,2.0,0.8656552994214475,-1.1552505549659684,1.4435937593954935,-0.36451832848532195,1.3968139927577616,0.0,1,SEARCH,0.0,0.0,0.0,-0.0
66360,DYNAMIC,1.2056047916412354,0.2000086009502411,3.5299034118652344,32.52,2.0,0.8656552994214475,-1.1552505549659684,1.4435937593954935,-0.3637999423536438,1.3970012684708268,0.0,1,SEARCH,0.0,0.0,0.0,-0.0
66404,DYNAMIC,1.2056505680084229,0.19999626278877258,3.5304336547851562,32.52,2.0,0.8656552994214475,-1.1552505549659684,1.4435937593954935,-0.36305914121407673,1.3971939744167632,0.0,1,SEARCH,0.0,0.0,0.0,-0.0
66450,DYNAMIC,1.2056870460510254,0.20001283288002014,3.530773878097534,32.52,2.0,0.8796109665599012,-1.1599679561412826,1.4557613512410021,-0.3737058969182185,1.4069772614991254,0.0,1,SEARCH,0.0,0.0,0.0,-0.0
66506,DYNAMIC,1.2055881023406982,0.19985529780387878,3.531264543533325,32.52,2.0,0.8796109665599012,-1.1599679561412826,1.4557613512410021,-0.37301549684943114,1.4071604566918445,0.0,1,SEARCH,0.0,0.0,0.0,-0.0
66550,DYNAMIC,1.205493450164795,0.1997135579586029,3.5316073894500732,32.52,2.0,0.8796109665599012,-1.1599679561412826,1.4557613512410021,-0.37253303571935614,1.4072882608281607,0.0,1,SEARCH,0.0,0.0,0.0,-0.0
66603,DYNAMIC,1.205366611480713,0.19955649971961975,3.5320985317230225,32.52,2.0,0.8796109665599012,-1.1599679561412826,1.4557613512410021,-0.37184181206068095,1.4074710578091678,0.0,1,SEARCH,0.0,0.0,0.0,-0.0
66650,DYNAMIC,1.2052981853485107,0.19948390126228333,3.5324020385742188,32.52,2.0,0.8796109665599012,-1.1599679561412826,1.4557613512410021,-0.3714146178319677,1.4075838495193675,0.0,1,SEARCH,0.0,0.0,0.0,-0.0
66701,DYNAMIC,1.205430507659912,0.19939646124839783,3.5329203605651855,32.52,2.0,0.8796109665599012,-1.1599679561412826,1.4557613512410021,-0.3706849863096054,1.4077761727958307,0.0,1,SEARCH,0.0,0.0,0.0,-0.0
66750,DYNAMIC,1.2056548595428467,0.19936057925224304,3.5332562923431396,32.52,2.0,0.8796109665599012,-1.1599679561412826,1.4557613512410021,-0.37021204864988166,1.4079006182261184,0.0,1,SEARCH,0.0,0.0,0.0,-0.0
66801,DYNAMIC,1.205958604812622,0.19935324788093567,3.533728837966919,32.52,2.0,0.8796109665599012,-1.1599679561412826,1.4557613512410021,-0.3695467100647256,1.408075403111412,0.0,1,SEARCH,0.0,0.0,0.0,-0.0
66850,DYNAMIC,1.2061450481414795,0.1993723213672638,3.5340607166290283,32.52,2.0,0.8796109665599012,-1.1599679561412826,1.4557613512410021,-0.3690793795407965,1.4081979702317458,0.0,1,SEARCH,0.0,0.0,0.0,-0.0
66902,DYNAMIC,1.2057976722717285,0.1992357075214386,3.5345616340637207,32.52,2.0,0.8796109665599012,-1.1599679561412826,1.4557613512410021,-0.3683739423511282,1.4083826718487116,0.0,1,SEARCH,0.0,0.0,0.0,-0.0
66952,DYNAMIC,1.2055177688598633,0.1991530954837799,3.534860610961914,32.52,2.0,0.8796109665599012,-1.1599679561412826,1.4557613512410021,-0.3679528520107479,1.408492744200049,0.0,1,SEARCH,0.0,0.0,0.0,-0.0
67001,DYNAMIC,1.2052693367004395,0.19909176230430603,3.5352096557617188,32.52,2.0,0.8796109665599012,-1.1599679561412826,1.4557613512410021,-0.3674612025385391,1.408621090427074,0.0,1,SEARCH,0.0,0.0,0.0,-0.0
67050,DYNAMIC,1.2049038410186768,0.19905057549476624,3.5356993675231934,32.52,2.0,0.8927645822824832,-1.1642260506137605,1.4671233405224426,-0.37728156076930125,1.4177833121493606,0.0,1,SEARCH,0.0,0.0,0.0,-0.0
67101,DYNAMIC,1.2053985595703125,0.19884702563285828,3.536229372024536,32.52,2.0,0.8927645822824832,-1.1642260506137605,1.4671233405224426,-0.3765300762770196,1.4179830739344363,0.0,1,SEARCH,0.0,0.0,0.0,-0.0
67150,DYNAMIC,1.2059614658355713,0.19867804646492004,3.536586046218872,32.52,2.0,0.8927645822824832,-1.1642260506137605,1.4671233405224426,-0.37602429436685003,1.4181172822977808,0.0,1,SEARCH,0.0,0.0,0.0,-0.0
67201,DYNAMIC,1.2067327499389648,0.19847258925437927,3.5370991230010986,32.52,2.0,0.8927645822824832,-1.1642260506137605,1.4671233405224426,-0.37529664185297196,1.4183100249661966,0.0,1,SEARCH,0.0,0.0,0.0,-0.0
67250,DYNAMIC,1.2072131633758545,0.1983645260334015,3.5374367237091064,32.52,2.0,0.8927645822824832,-1.1642260506137605,1.4671233405224426,-0.37481779800639026,1.4184366445503909,0.0,1,SEARCH,0.0,0.0,0.0,-0.0
67301,DYNAMIC,1.207320213317871,0.1983063519001007,3.537954568862915,32.52,2.0,0.8927645822824832,-1.1642260506137605,1.4671233405224426,-0.3740832172406099,1.418630551935438,0.0,1,SEARCH,0.0,0.0,0.0,-0.0
67350,DYNAMIC,1.2072100639343262,0.19830670952796936,3.538276195526123,32.52,2.0,0.8927645822824832,-1.1642260506137605,1.4671233405224426,-0.37362692848945445,1.4187507936960837,0.0,1,SEARCH,0.0,0.0,0.0,-0.0
67402,DYNAMIC,1.2070794105529785,0.19833794236183167,3.5387821197509766,32.52,2.0,0.8927645822824832,-1.1642260506137605,1.4671233405224426,-0.3729091003078675,1.418939639030959,0.0,1,SEARCH,0.0,0.0,0.0,-0.0
67450,DYNAMIC,1.2069945335388184,0.19837549328804016,3.5391294956207275,32.52,2.0,0.8927645822824832,-1.1642260506137605,1.4671233405224426,-0.3724161724270787,1.4190690930396928,0.0,1,SEARCH,0.0,0.0,0.0,-0.0
67501,DYNAMIC,1.2066211700439453,0.19834432005882263,3.5396289825439453,32.52,2.0,0.8927645822824832,-1.1642260506137605,1.4671233405224426,-0.3717073195449052,1.419254933020306,0.0,1,SEARCH,0.0,0.0,0.0,-0.0
67550,DYNAMIC,1.206315517425537,0.19831332564353943,3.5399363040924072,32.52,2.0,0.8927645822824832,-1.1642260506137605,1.4671233405224426,-0.37127113437485904,1.4193690996656707,0.0,1,SEARCH,0.0,0.0,0.0,-0.0
67605,DYNAMIC,1.2059063911437988,0.19830885529518127,3.540424108505249,32.52,2.0,0.8927645822824832,-1.1642260506137605,1.4671233405224426,-0.3705787157194834,1.4195500384845297,0.0,1,SEARCH,0.0,0.0,0.0,-0.0
67651,DYNAMIC,1.2056598663330078,0.19832977652549744,3.5407543182373047,32.52,2.0,0.8927645822824832,-1.1642260506137605,1.4671233405224426,-0.37010994628648713,1.4196723297879497,0.0,1,SEARCH,0.0,0.0,0.0,-0.0
67701,DYNAMIC,1.2054791450500488,0.19826719164848328,3.541210651397705,32.52,2.0,0.8987014556725446,-1.1589264481676902,1.4665520170421942,-0.3769930670784012,1.4172688686573724,0.0,1,SEARCH,0.0,0.0,0.0,-0.0
67750,DYNAMIC,1.2055718898773193,0.19808921217918396,3.5415093898773193,32.52,2.0,0.8987014556725446,-1.1589264481676902,1.4665520170421942,-0.376569657515359,1.4173814277495291,0.0,1,SEARCH,0.0,0.0,0.0,-0.0
67802,DYNAMIC,1.2056825160980225,0.19787678122520447,3.5419554710388184,32.52,2.0,0.8987014556725446,-1.1589264481676902,1.4665520170421942,-0.3759373529162535,1.417549267352937,0.0,1,SEARCH,0.0,0.0,0.0,-0.0
67850,DYNAMIC,1.2057526111602783,0.19776055216789246,3.5422403812408447,32.52,2.0,0.8987014556725446,-1.1589264481676902,1.4665520170421942,-0.37553346341543775,1.4176563182047102,0.0,1,SEARCH,0.0,0.0,0.0,-0.0
67900,DYNAMIC,1.2057852745056152,0.1975758969783783,3.5427064895629883,32.52,2.0,0.8987014556725446,-1.1589264481676902,1.4665520170421942,-0.3748726412378795,1.4178312034730596,0.0,1,SEARCH,0.0,0.0,0.0,-0.0
67950,DYNAMIC,1.2058005332946777,0.19746753573417664,3.542999267578125,32.52,2.0,0.8987014556725446,-1.1589264481676902,1.4665520170421942,-0.3744575153714108,1.4179408971718104,0.0,1,SEARCH,0.0,0.0,0.0,-0.0
68001,DYNAMIC,1.2058331966400146,0.1973535120487213,3.543454647064209,32.52,2.0,0.8987014556725446,-1.1589264481676902,1.4665520170421942,-0.3738117753709598,1.4181112704172898,0.0,1,SEARCH,0.0,0.0,0.0,-0.0
68050,DYNAMIC,1.2058568000793457,0.19730642437934875,3.543757438659668,32.52,2.0,0.8987014556725446,-1.1589264481676902,1.4665520170421942,-0.37338236606736736,1.4182243924712559,0.0,1,SEARCH,0.0,0.0,0.0,-0.0
68101,DYNAMIC,1.2058665752410889,0.19730064272880554,3.544239044189453,32.52,2.0,0.8987014556725446,-1.1589264481676902,1.4665520170421942,-0.3726992980820032,1.4184040510022915,0.0,1,SEARCH,0.0,0.0,0.0,-0.0
68150,DYNAMIC,1.2058720588684082,0.19732478260993958,3.5445451736450195,32.52,2.0,0.8987014556725446,-1.1589264481676902,1.4665520170421942,-0.3722650653650761,1.418518078770681,0.0,1,SEARCH,0.0,0.0,0.0,-0.0
68203,DYNAMIC,1.2058722972869873,0.1973871886730194,3.5450124740600586,32.52,2.0,0.8987014556725446,-1.1589264481676902,1.4665520170421942,-0.37160215065655106,1.4186918835032343,0.0,1,SEARCH,0.0,0.0,0.0,-0.0
68253,DYNAMIC,1.2058696746826172,0.19744303822517395,3.54532790184021,32.52,2.0,0.8987014556725446,-1.1589264481676902,1.4665520170421942,-0.3711546373462202,1.4188090265666216,0.0,1,SEARCH,0.0,0.0,0.0,-0.0
68301,DYNAMIC,1.2056739330291748,0.19749489426612854,3.545781135559082,32.48,2.0,0.9010005663918563,-1.1488126140866657,1.4599905626143903,-0.37660289525013985,1.4105823982356707,0.0,1,SEARCH,0.0,0.0,0.0,-0.0
68350,DYNAMIC,1.2054393291473389,0.1975075900554657,3.54607892036438,32.48,2.0,0.9010005663918563,-1.1488126140866657,1.4599905626143903,-0.37618282855375323,1.4106944823115959,0.0,1,SEARCH,0.0,0.0,0.0,-0.0
68401,DYNAMIC,1.2051265239715576,0.19755086302757263,3.546544313430786,32.48,2.0,0.9010005663918563,-1.1488126140866657,1.4599905626143903,-0.37552626040771586,1.4108694024137318,0.0,1,SEARCH,0.0,0.0,0.0,-0.0
68450,DYNAMIC,1.2049357891082764,0.19759103655815125,3.5468456745147705,32.48,2.0,0.9010005663918563,-1.1488126140866657,1.4599905626143903,-0.37510106222931366,1.4109825073463969,0.0,1,SEARCH,0.0,0.0,0.0,-0.0
68501,DYNAMIC,1.2053217887878418,0.19777151942253113,3.5472965240478516,32.48,2.0,0.9010005663918563,-1.1488126140866657,1.4599905626143903,-0.3744648833237273,1.411151478077542,0.0,1,SEARCH,0.0,0.0,0.0,-0.0
68550,DYNAMIC,1.205754280090332,0.19793596863746643,3.5475893020629883,32.48,2.0,0.9010005663918563,-1.1488126140866657,1.4599905626143903,-0.3740517131514497,1.411261052680031,0.0,1,SEARCH,0.0,0.0,0.0,-0.0
68601,DYNAMIC,1.2063367366790771,0.19818821549415588,3.5480549335479736,32.48,2.0,0.9010005663918563,-1.1488126140866657,1.4599905626143903,-0.3733945450459576,1.4114350699387508,0.0,1,SEARCH,0.0,0.0,0.0,-0.0
68650,DYNAMIC,1.2066950798034668,0.1983567774295807,3.5483527183532715,32.48,2.0,0.9010005663918563,-1.1488126140866657,1.4599905626143903,-0.3729742245791489,1.4115461985789437,0.0,1,SEARCH,0.0,0.0,0.0,-0.0
68700,DYNAMIC,1.2066304683685303,0.1985931694507599,3.5487875938415527,32.48,2.0,0.9010005663918563,-1.1488126140866657,1.4599905626143903,-0.3723603424883336,1.411708262448391,0.0,1,SEARCH,0.0,0.0,0.0,-0.0
68750,DYNAMIC,1.2064259052276611,0.19874295592308044,3.5490870475769043,32.48,2.0,0.9010005663918563,-1.1488126140866657,1.4599905626143903,-0.37193758448698616,1.4118197038464473,0.0,1,SEARCH,0.0,0.0,0.0,-0.0
68802,DYNAMIC,1.2061083316802979,0.1990102231502533,3.5495500564575195,32.48,2.0,0.9010005663918563,-1.1488126140866657,1.4599905626143903,-0.3712838595821609,1.4119917629139551,0.0,1,SEARCH,0.0,0.0,0.0,-0.0
68854,DYNAMIC,1.205984354019165,0.19912204146385193,3.549849033355713,32.48,2.0,0.9010005663918563,-1.1488126140866657,1.4599905626143903,-0.37086169007689007,1.4121027051020039,0.0,1,SEARCH,0.0,0.0,0.0,-0.0
68902,DYNAMIC,1.2058818340301514,0.19923511147499084,3.5502843856811523,32.48,2.0,0.9010005663918563,-1.1488126140866657,1.4599905626143903,-0.370246892754871,1.4122640267770215,0.0,1,SEARCH,0.0,0.0,0.0,-0.0
68950,DYNAMIC,1.2058653831481934,0.19928672909736633,3.5505599975585938,32.52,2.0,0.9041267934695025,-1.1428486157207036,1.457239931213859,-0.375097711003979,1.4081370403209157,0.0,1,SEARCH,0.0,0.0,0.0,-0.0
69001,DYNAMIC,1.2058281898498535,0.1994011104106903,3.550961494445801,32.52,2.0,0.9041267934695025,-1.1428486157207036,1.457239931213859,-0.37453231814789023,1.408287527384568,0.0,1,SEARCH,0.0,0.0,0.0,-0.0
69050,DYNAMIC,1.205794334411621,0.19948908686637878,3.551236391067505,32.52,2.0,0.9041267934695025,-1.1428486157207036,1.457239931213859,-0.3741451705177425,1.408390431841406,0.0,1,SEARCH,0.0,0.0,0.0,-0.0
69100,DYNAMIC,1.2056725025177002,0.19945499300956726,3.551661729812622,32.52,2.0,0.9041267934695025,-1.1428486157207036,1.457239931213859,-0.37354609367301944,1.4085494428758265,0.0,1,SEARCH,0.0,0.0,0.0,-0.0
69150,DYNAMIC,1.2055788040161133,0.19939538836479187,3.551909923553467,32.52,2.0,0.9041267934695025,-1.1428486157207036,1.457239931213859,-0.37319648901597197,1.4086421112938248,0.0,1,SEARCH,0.0,0.0,0.0,-0.0
69200,DYNAMIC,1.2054643630981445,0.1993376910686493,3.552295207977295,32.52,2.0,0.9041267934695025,-1.1428486157207036,1.457239931213859,-0.3726537334657638,1.4087857935322177,0.0,1,SEARCH,0.0,0.0,0.0,-0.0
69250,DYNAMIC,1.205413818359375,0.19933554530143738,3.5525691509246826,32.52,2.0,0.9041267934695025,-1.1428486157207036,1.457239931213859,-0.3722677925552218,1.408887826532061,0.0,1,SEARCH,0.0,0.0,0.0,-0.0
69300,DYNAMIC,1.2055518627166748,0.19914725422859192,3.552971839904785,32.52,2.0,0.9041267934695025,-1.1428486157207036,1.457239931213859,-0.3717004187854328,1.409037620434212,0.0,1,SEARCH,0.0,0.0,0.0,-0.0
69350,DYNAMIC,1.2057158946990967,0.19898048043251038,3.553236246109009,32.52,2.0,0.9041267934695025,-1.1428486157207036,1.457239931213859,-0.3713278475080392,1.4091358510765453,0.0,1,SEARCH,0.0,0.0,0.0,-0.0
69401,DYNAMIC,1.205970048904419,0.19876667857170105,3.5536293983459473,32.52,2.0,0.9041267934695025,-1.1428486157207036,1.457239931213859,-0.3707738139124828,1.4092817305425358,0.0,1,SEARCH,0.0,0.0,0.0,-0.0
69450,DYNAMIC,1.206130027770996,0.19864043593406677,3.5539026260375977,32.52,2.0,0.9041267934695025,-1.1428486157207036,1.457239931213859,-0.37038874528339505,1.4093829836107592,0.0,1,SEARCH,0.0,0.0,0.0,-0.0
69513,DYNAMIC,1.2061152458190918,0.1985110342502594,3.5543007850646973,32.52,2.0,0.9041267934695025,-1.1428486157207036,1.457239931213859,-0.36982755738168005,1.4095303455141621,0.0,1,SEARCH,0.0,0.0,0.0,-0.0
69552,DYNAMIC,1.2060351371765137,0.1984480917453766,3.5545806884765625,32.52,2.0,0.9041267934695025,-1.1428486157207036,1.457239931213859,-0.3694330105467546,1.4096338062924478,0.0,1,SEARCH,0.0,0.0,0.0,-0.0
69600,DYNAMIC,1.2059636116027832,0.1983812153339386,3.5549745559692383,32.2,2.0,0.908645388016831,-1.1366184157448769,1.4551762313117442,-0.3755184803652012,1.4058889483450894,0.0,1,SEARCH,0.0,0.0,0.0,-0.0
69650,DYNAMIC,1.2059390544891357,0.19835630059242249,3.5552401542663574,32.2,2.0,0.908645388016831,-1.1366184157448769,1.4551762313117442,-0.3751450654139745,1.4059886358254094,0.0,1,SEARCH,0.0,0.0,0.0,-0.0
69700,DYNAMIC,1.206106424331665,0.1982509195804596,3.5556554794311523,32.2,2.0,0.908645388016831,-1.1366184157448769,1.4551762313117442,-0.37456109061356624,1.4061443217440472,0.0,1,SEARCH,0.0,0.0,0.0,-0.0
69750,DYNAMIC,1.2063419818878174,0.19813761115074158,3.5559234619140625,32.2,2.0,0.908645388016831,-1.1366184157448769,1.4551762313117442,-0.374184255121926,1.4062446470630565,0.0,1,SEARCH,0.0,0.0,0.0,-0.0
69801,DYNAMIC,1.206678867340088,0.19800487160682678,3.5563087463378906,32.2,2.0,0.908645388016831,-1.1366184157448769,1.4551762313117442,-0.37364242320400576,1.4063887100502797,0.0,1,SEARCH,0.0,0.0,0.0,-0.0
69850,DYNAMIC,1.2069001197814941,0.1979341208934784,3.5565874576568604,32.2,2.0,0.908645388016831,-1.1366184157448769,1.4551762313117442,-0.3732504322444467,1.406492793797389,0.0,1,SEARCH,0.0,0.0,0.0,-0.0
69900,DYNAMIC,1.2070610523223877,0.19788876175880432,3.5569772720336914,32.2,2.0,0.908645388016831,-1.1366184157448769,1.4551762313117442,-0.3727021327877201,1.4066381853163719,0.0,1,SEARCH,0.0,0.0,0.0,-0.0
69950,DYNAMIC,1.2071115970611572,0.19788256287574768,3.5572261810302734,32.2,2.0,0.908645388016831,-1.1366184157448769,1.4551762313117442,-0.37235199634656574,1.4067309106546917,0.0,1,SEARCH,0.0,0.0,0.0,-0.0
70000,DYNAMIC,1.2072041034698486,0.1978897750377655,3.557626247406006,32.2,2.0,0.908645388016831,-1.1366184157448769,1.4551762313117442,-0.3717891808264758,1.4068797635885695,0.0,1,SEARCH,0.0,0.0,0.0,-0.0
70050,DYNAMIC,1.207275390625,0.19791701436042786,3.5578925609588623,32.2,2.0,0.908645388016831,-1.1366184157448769,1.4551762313117442,-0.3714144964984366,1.4069787261950566,0.0,1,SEARCH,0.0,0.0,0.0,-0.0
70106,DYNAMIC,1.2073688507080078,0.1981600821018219,3.558269500732422,32.2,2.0,0.908645388016831,-1.1366184157448769,1.4551762313117442,-0.37088412388258757,1.407118627133653,0.0,1,SEARCH,0.0,0.0,0.0,-0.0
70151,DYNAMIC,1.2074241638183594,0.19837859272956848,3.558525562286377,32.2,2.0,0.908645388016831,-1.1366184157448769,1.4551762313117442,-0.3705238027452862,1.407213550167075,0.0,1,SEARCH,0.0,0.0,0.0,-0.0
70200,DYNAMIC,1.2075319290161133,0.19871166348457336,3.5589091777801514,32.52,2.0,0.9103611580518696,-1.1292958813606666,1.4505401151804476,-0.37452035615016266,1.401356888368149,0.0,1,SEARCH,0.0,0.0,0.0,-0.0
70250,DYNAMIC,1.2076189517974854,0.19894155859947205,3.5591607093811035,32.52,2.0,0.9103611580518696,-1.1292958813606666,1.4505401151804476,-0.37416785876463876,1.4014510477413014,0.0,1,SEARCH,0.0,0.0,0.0,-0.0
70300,DYNAMIC,1.20819091796875,0.19909939169883728,3.5595321655273438,32.52,2.0,0.9103611580518696,-1.1292958813606666,1.4505401151804476,-0.3736472553574936,1.4015899380030945,0.0,1,SEARCH,0.0,0.0,0.0,-0.0
70350,DYNAMIC,1.208686351776123,0.19915679097175598,3.55979061126709,32.52,2.0,0.9103611580518696,-1.1292958813606666,1.4505401151804476,-0.37328500793444347,1.401686458734295,0.0,1,SEARCH,0.0,0.0,0.0,-0.0
70401,DYNAMIC,1.2093873023986816,0.19925031065940857,3.5601789951324463,32.52,2.0,0.9103611580518696,-1.1292958813606666,1.4505401151804476,-0.3727405873897354,1.4018313308882995,0.0,1,SEARCH,0.0,0.0,0.0,-0.0
70450,DYNAMIC,1.2098388671875,0.19932392239570618,3.560443639755249,32.52,2.0,0.9103611580518696,-1.1292958813606666,1.4505401151804476,-0.37236958721749536,1.4019299255894273,0.0,1,SEARCH,0.0,0.0,0.0,-0.0
70500,DYNAMIC,1.2104861736297607,0.19938459992408752,3.5608112812042236,32.52,2.0,0.9103611580518696,-1.1292958813606666,1.4505401151804476,-0.3718541545151211,1.4020667293383542,0.0,1,SEARCH,0.0,0.0,0.0,-0.0
70550,DYNAMIC,1.2108962535858154,0.19943150877952576,3.5610358715057373,32.52,2.0,0.9103611580518696,-1.1292958813606666,1.4505401151804476,-0.3715392545499727,1.402150208813648,0.0,1,SEARCH,0.0,0.0,0.0,-0.0
70601,DYNAMIC,1.2114965915679932,0.19951793551445007,3.5614168643951416,32.52,2.0,0.9103611580518696,-1.1292958813606666,1.4505401151804476,-0.3710050183379639,1.402291660859378,0.0,1,SEARCH,0.0,0.0,0.0,-0.0
70650,DYNAMIC,1.2118940353393555,0.19958028197288513,3.561659336090088,32.52,2.0,0.9103611580518696,-1.1292958813606666,1.4505401151804476,-0.3706649913993176,1.4023815778519946,0.0,1,SEARCH,0.0,0.0,0.0,-0.0
70707,DYNAMIC,1.2121787071228027,0.19966891407966614,3.5619020462036133,32.52,2.0,0.9103611580518696,-1.1292958813606666,1.4505401151804476,-0.3703246082930895,1.4024715006873674,0.0,1,SEARCH,0.0,0.0,0.0,-0.0
70753,DYNAMIC,1.2122161388397217,0.19986900687217712,3.5622589588165283,32.52,2.0,0.9103611580518696,-1.1292958813606666,1.4505401151804476,-0.3698240249486691,1.402603584880087,0.0,1,SEARCH,0.0,0.0,0.0,-0.0
70802,DYNAMIC,1.2123103141784668,0.2001088559627533,3.562621831893921,32.52,2.0,0.9103611580518696,-1.1292958813606666,1.4505401151804476,-0.36931503353199696,1.402737691713945,0.0,1,SEARCH,0.0,0.0,0.0,-0.0
70850,DYNAMIC,1.2123727798461914,0.20022079348564148,3.5628435611724854,32.82,2.0,0.9109135917767611,-1.1203771861494385,1.4439558895367175,-0.3731550105848061,1.3949064301963865,0.0,1,SEARCH,0.0,0.0,0.0,-0.0
70901,DYNAMIC,1.2126119136810303,0.2003059685230255,3.5632076263427734,32.82,2.0,0.9109135917767611,-1.1203771861494385,1.4439558895367175,-0.3726471490193535,1.3950421904930048,0.0,1,SEARCH,0.0,0.0,0.0,-0.0
70950,DYNAMIC,1.212813138961792,0.20033499598503113,3.56345534324646,32.82,2.0,0.9109135917767611,-1.1203771861494385,1.4439558895367175,-0.37230156205744946,1.3951344586875332,0.0,1,SEARCH,0.0,0.0,0.0,-0.0
71001,DYNAMIC,1.2131311893463135,0.2004125416278839,3.5638070106506348,32.82,2.0,0.9109135917767611,-1.1203771861494385,1.4439558895367175,-0.37181091573274067,1.3952652987406209,0.0,1,SEARCH,0.0,0.0,0.0,-0.0
71050,DYNAMIC,1.2133619785308838,0.2004816234111786,3.564058780670166,32.82,2.0,0.9109135917767611,-1.1203771861494385,1.4439558895367175,-0.371459617980735,1.3953588653595101,0.0,1,SEARCH,0.0,0.0,0.0,-0.0
71101,DYNAMIC,1.213587760925293,0.2006005346775055,3.564419984817505,32.82,2.0,0.9109135917767611,-1.1203771861494385,1.4439558895367175,-0.37095558435062315,1.3954929470860329,0.0,1,SEARCH,0.0,0.0,0.0,-0.0
71150,DYNAMIC,1.2137062549591064,0.20069321990013123,3.5646603107452393,32.82,2.0,0.9109135917767611,-1.1203771861494385,1.4439558895367175,-0.3706202005041387,1.3955820570307018,0.0,1,SEARCH,0.0,0.0,0.0,-0.0
71201,DYNAMIC,1.2139461040496826,0.20086905360221863,3.5650148391723633,32.82,2.0,0.9109135917767611,-1.1203771861494385,1.4439558895367175,-0.3701254037112004,1.395713364719058,0.0,1,SEARCH,0.0,0.0,0.0,-0.0
71250,DYNAMIC,1.2141458988189697,0.2009989321231842,3.565284013748169,32.82,2.0,0.9109135917767611,-1.1203771861494385,1.4439558895367175,-0.3697496997541334,1.3958129425032215,0.0,1,SEARCH,0.0,0.0,0.0,-0.0
71301,DYNAMIC,1.2142300605773926,0.20106741786003113,3.565645456314087,32.82,2.0,0.9109135917767611,-1.1203771861494385,1.4439558895367175,-0.3692451694014536,1.3959464946055293,0.0,1,SEARCH,0.0,0.0,0.0,-0.0
71350,DYNAMIC,1.214156150817871,0.20103719830513,3.5658810138702393,32.82,2.0,0.9109135917767611,-1.1203771861494385,1.4439558895367175,-0.3689163334154857,1.3960334343657559,0.0,1,SEARCH,0.0,0.0,0.0,-0.0
71402,DYNAMIC,1.214125394821167,0.20102640986442566,3.5662403106689453,32.82,2.0,0.9109135917767611,-1.1203771861494385,1.4439558895367175,-0.3684147192699462,1.396165894710589,0.0,1,SEARCH,0.0,0.0,0.0,-0.0
71454,DYNAMIC,1.214141607284546,0.20103654265403748,3.566460371017456,32.82,2.0,0.9109135917767611,-1.1203771861494385,1.4439558895367175,-0.3681074695985289,1.3962469343757002,0.0,1,SEARCH,0.0,0.0,0.0,-0.0
71502,DYNAMIC,1.2142467498779297,0.20107880234718323,3.5668132305145264,32.82,2.0,0.9109135917767611,-1.1203771861494385,1.4439558895367175,-0.36761476770120516,1.3963767376663658,0.0,1,SEARCH,0.0,0.0,0.0,-0.0
71550,DYNAMIC,1.2143676280975342,0.2011319100856781,3.567042827606201,32.84,2.0,0.9166064308170161,-1.1193816285518645,1.4467835288509936,-0.3728903909841706,1.3979039078800108,0.0,1,SEARCH,0.0,0.0,0.0,-0.0
71601,DYNAMIC,1.2145872116088867,0.20122888684272766,3.5673859119415283,32.84,2.0,0.9166064308170161,-1.1193816285518645,1.4467835288509936,-0.37241077011461443,1.3980317584580022,0.0,1,SEARCH,0.0,0.0,0.0,-0.0
71650,DYNAMIC,1.2147674560546875,0.20131346583366394,3.5676095485687256,32.84,2.0,0.9166064308170161,-1.1193816285518645,1.4467835288509936,-0.372098109697291,1.398115008185749,0.0,1,SEARCH,0.0,0.0,0.0,-0.0
71701,DYNAMIC,1.214874029159546,0.2014642059803009,3.5679450035095215,32.84,2.0,0.9166064308170161,-1.1193816285518645,1.4467835288509936,-0.3716290841826873,1.3982397516678144,0.0,1,SEARCH,0.0,0.0,0.0,-0.0
71750,DYNAMIC,1.2148375511169434,0.20159444212913513,3.568146228790283,32.84,2.0,0.9166064308170161,-1.1193816285518645,1.4467835288509936,-0.3713477154740538,1.3983145045256218,0.0,1,SEARCH,0.0,0.0,0.0,-0.0
71800,DYNAMIC,1.2148525714874268,0.2018122375011444,3.568485975265503,32.84,2.0,0.9166064308170161,-1.1193816285518645,1.4467835288509936,-0.370872621627132,1.3984405878985178,0.0,1,SEARCH,0.0,0.0,0.0,-0.0
71850,DYNAMIC,1.2148950099945068,0.20196464657783508,3.5687096118927,32.84,2.0,0.9166064308170161,-1.1193816285518645,1.4467835288509936,-0.3705598698190361,1.3985234936297042,0.0,1,SEARCH,0.0,0.0,0.0,-0.0
71900,DYNAMIC,1.215040683746338,0.20223137736320496,3.5690481662750244,32.84,2.0,0.9166064308170161,-1.1193816285518645,1.4467835288509936,-0.3700863723339158,1.398648868146418,0.0,1,SEARCH,0.0,0.0,0.0,-0.0
71950,DYNAMIC,1.215186357498169,0.2024279534816742,3.5692636966705322,32.84,2.0,0.9166064308170161,-1.1193816285518645,1.4467835288509936,-0.36978491239664524,1.398728600522038,0.0,1,SEARCH,0.0,0.0,0.0,-0.0
72000,DYNAMIC,1.2154669761657715,0.2027319371700287,3.5696210861206055,32.84,2.0,0.9166064308170161,-1.1193816285518645,1.4467835288509936,-0.3692849979461456,1.3988606684178553,0.0,1,SEARCH,0.0,0.0,0.0,-0.0
72051,DYNAMIC,1.2156760692596436,0.20294234156608582,3.5698301792144775,32.84,2.0,0.9166064308170161,-1.1193816285518645,1.4467835288509936,-0.3689924977706658,1.3989378527809941,0.0,1,SEARCH,0.0,0.0,0.0,-0.0
72102,DYNAMIC,1.2156128883361816,0.2031134068965912,3.570077657699585,32.84,2.0,0.9166064308170161,-1.1193816285518645,1.4467835288509936,-0.36864627945405054,1.3990291276450322,0.0,1,SEARCH,0.0,0.0,0.0,-0.0
72151,DYNAMIC,1.2151508331298828,0.2033306062221527,3.570405960083008,32.84,2.0,0.9166064308170161,-1.1193816285518645,1.4467835288509936,-0.36818695499841725,1.3991500796996466,0.0,1,SEARCH,0.0,0.0,0.0,-0.0
72200,DYNAMIC,1.2148113250732422,0.20356717705726624,3.5707366466522217,32.52,2.0,0.9220379259870494,-1.1169301046853497,1.4483393234014348,-0.3736832950671307,1.3993025372301364,0.0,1,SEARCH,0.0,0.0,0.0,-0.0
72250,DYNAMIC,1.2146453857421875,0.2037406861782074,3.570964813232422,32.52,2.0,0.9220379259870494,-1.1169301046853497,1.4483393234014348,-0.3733640112683418,1.3993877628450733,0.0,1,SEARCH,0.0,0.0,0.0,-0.0
72300,DYNAMIC,1.2143712043762207,0.2038085162639618,3.5713109970092773,32.52,2.0,0.9220379259870494,-1.1169301046853497,1.4483393234014348,-0.3728795435644209,1.3995169315524965,0.0,1,SEARCH,0.0,0.0,0.0,-0.0
72350,DYNAMIC,1.214205026626587,0.20381030440330505,3.5715250968933105,32.52,2.0,0.9220379259870494,-1.1169301046853497,1.4483393234014348,-0.37257989860779417,1.3995967329428614,0.0,1,SEARCH,0.0,0.0,0.0,-0.0
72400,DYNAMIC,1.2140381336212158,0.20384863018989563,3.5718295574188232,32.52,2.0,0.9220379259870494,-1.1169301046853497,1.4483393234014348,-0.3721537593891875,1.3997101039441777,0.0,1,SEARCH,0.0,0.0,0.0,-0.0
72450,DYNAMIC,1.2139983177185059,0.2038973867893219,3.5720481872558594,32.52,2.0,0.9220379259870494,-1.1169301046853497,1.4483393234014348,-0.3718477321054124,1.3997914344069216,0.0,1,SEARCH,0.0,0.0,0.0,-0.0
72500,DYNAMIC,1.2139744758605957,0.20400992035865784,3.5723700523376465,32.52,2.0,0.9220379259870494,-1.1169301046853497,1.4483393234014348,-0.37139716886749236,1.399911046698374,0.0,1,SEARCH,0.0,0.0,0.0,-0.0
72550,DYNAMIC,1.2139978408813477,0.20410659909248352,3.572575330734253,32.52,2.0,0.9220379259870494,-1.1169301046853497,1.4483393234014348,-0.37110978954925933,1.399987257017588,0.0,1,SEARCH,0.0,0.0,0.0,-0.0
72600,DYNAMIC,1.2140791416168213,0.2042713463306427,3.572887897491455,32.52,2.0,0.9220379259870494,-1.1169301046853497,1.4483393234014348,-0.3706721819509964,1.4001031852112233,0.0,1,SEARCH,0.0,0.0,0.0,-0.0
72650,DYNAMIC,1.21415376663208,0.2043965756893158,3.573092460632324,32.52,2.0,0.9220379259870494,-1.1169301046853497,1.4483393234014348,-0.3703857646922976,1.4001789817820534,0.0,1,SEARCH,0.0,0.0,0.0,-0.0
72700,DYNAMIC,1.2140560150146484,0.20447507500648499,3.5734057426452637,32.52,2.0,0.9220379259870494,-1.1169301046853497,1.4483393234014348,-0.36994709563371464,1.400294948267366,0.0,1,SEARCH,0.0,0.0,0.0,-0.0
72752,DYNAMIC,1.2138924598693848,0.20447394251823425,3.5736427307128906,32.52,2.0,0.9220379259870494,-1.1169301046853497,1.4483393234014348,-0.3696152320541904,1.4003825819912403,0.0,1,SEARCH,0.0,0.0,0.0,-0.0
72801,DYNAMIC,1.2137141227722168,0.20451679825782776,3.5739567279815674,32.52,2.0,0.9220379259870494,-1.1169301046853497,1.4483393234014348,-0.36917549753459356,1.4004985711278006,0.0,1,SEARCH,0.0,0.0,0.0,-0.0
72850,DYNAMIC,1.2136502265930176,0.2045682966709137,3.57417368888855,32.56,2.0,0.9296014541904636,-1.122014709384135,1.4570778536877806,-0.3736069175405868,1.4083656282632044,0.0,1,SEARCH,0.0,0.0,0.0,-0.0
72900,DYNAMIC,1.2134149074554443,0.20471766591072083,3.5745036602020264,32.56,2.0,0.9296014541904636,-1.122014709384135,1.4570778536877806,-0.37314217695344687,1.4084888311540962,0.0,1,SEARCH,0.0,0.0,0.0,-0.0
72950,DYNAMIC,1.2132441997528076,0.20484355092048645,3.574716091156006,32.56,2.0,0.9296014541904636,-1.122014709384135,1.4570778536877806,-0.3728429619102491,1.408568066321746,0.0,1,SEARCH,0.0,0.0,0.0,-0.0
73000,DYNAMIC,1.213071584701538,0.20504549145698547,3.575059652328491,32.56,2.0,0.9296014541904636,-1.122014709384135,1.4570778536877806,-0.3723590106192533,1.4086960775547153,0.0,1,SEARCH,0.0,0.0,0.0,-0.0
73050,DYNAMIC,1.2130119800567627,0.2052002251148224,3.5752878189086914,32.56,2.0,0.9296014541904636,-1.122014709384135,1.4570778536877806,-0.3720375835629821,1.4087810007676873,0.0,1,SEARCH,0.0,0.0,0.0,-0.0
73100,DYNAMIC,1.2129380702972412,0.20530375838279724,3.575610876083374,32.56,2.0,0.9296014541904636,-1.122014709384135,1.4570778536877806,-0.3715824473470184,1.4089011166618437,0.0,1,SEARCH,0.0,0.0,0.0,-0.0
73150,DYNAMIC,1.2129263877868652,0.205354243516922,3.575836181640625,32.56,2.0,0.9296014541904636,-1.122014709384135,1.4570778536877806,-0.3712650046672586,1.408984800491762,0.0,1,SEARCH,0.0,0.0,0.0,-0.0
73200,DYNAMIC,1.2129676342010498,0.2054750621318817,3.5761706829071045,32.56,2.0,0.9296014541904636,-1.122014709384135,1.4570778536877806,-0.3707936767052088,1.4091089102772798,0.0,1,SEARCH,0.0,0.0,0.0,-0.0
73250,DYNAMIC,1.2130255699157715,0.20558306574821472,3.576387405395508,32.56,2.0,0.9296014541904636,-1.122014709384135,1.4570778536877806,-0.370488282410296,1.409189236512988,0.0,1,SEARCH,0.0,0.0,0.0,-0.0
73300,DYNAMIC,1.2130861282348633,0.2056700885295868,3.576700448989868,32.56,2.0,0.9296014541904636,-1.122014709384135,1.4570778536877806,-0.3700471266005303,1.4093051464470285,0.0,1,SEARCH,0.0,0.0,0.0,-0.0
73358,DYNAMIC,1.2131423950195312,0.20572271943092346,3.5769224166870117,32.56,2.0,0.9296014541904636,-1.122014709384135,1.4570778536877806,-0.36973429726912177,1.4093872502368887,0.0,1,SEARCH,0.0,0.0,0.0,-0.0
73406,DYNAMIC,1.2132673263549805,0.20585283637046814,3.5772180557250977,32.56,2.0,0.9296014541904636,-1.122014709384135,1.4570778536877806,-0.369317611226401,1.409496496535346,0.0,1,SEARCH,0.0,0.0,0.0,-0.0
73451,DYNAMIC,1.2133796215057373,0.20596233010292053,3.5774359703063965,32.56,2.0,0.9296014541904636,-1.122014709384135,1.4570778536877806,-0.369010452621098,1.4095769427611113,0.0,1,SEARCH,0.0,0.0,0.0,-0.0
73500,DYNAMIC,1.2131061553955078,0.20608332753181458,3.5777392387390137,32.84,2.0,0.9344781062202696,-1.1195655902466848,1.4583128751641155,-0.37403771608235453,1.4095290805149516,0.0,1,SEARCH,0.0,0.0,0.0,-0.0
73550,DYNAMIC,1.2128264904022217,0.20616909861564636,3.5779266357421875,32.84,2.0,0.9344781062202696,-1.1195655902466848,1.4583128751641155,-0.3737735679906654,1.4095991493119442,0.0,1,SEARCH,0.0,0.0,0.0,-0.0
73600,DYNAMIC,1.2125053405761719,0.20634809136390686,3.578239917755127,32.84,2.0,0.9344781062202696,-1.1195655902466848,1.4583128751641155,-0.37333194759683574,1.4097161766728021,0.0,1,SEARCH,0.0,0.0,0.0,-0.0
73650,DYNAMIC,1.212348461151123,0.20649078488349915,3.5784482955932617,32.84,2.0,0.9344781062202696,-1.1195655902466848,1.4583128751641155,-0.37303818588439935,1.4097939401705148,0.0,1,SEARCH,0.0,0.0,0.0,-0.0
73700,DYNAMIC,1.212311029434204,0.20665982365608215,3.5787248611450195,32.84,2.0,0.9344781062202696,-1.1195655902466848,1.4583128751641155,-0.3726482711838752,1.4098970557643908,0.0,1,SEARCH,0.0,0.0,0.0,-0.0
73750,DYNAMIC,1.2125024795532227,0.206691712141037,3.5789220333099365,32.84,2.0,0.9344781062202696,-1.1195655902466848,1.4583128751641155,-0.3723702714871836,1.4099705042241097,0.0,1,SEARCH,0.0,0.0,0.0,-0.0
73800,DYNAMIC,1.2128198146820068,0.2067779004573822,3.579207181930542,32.84,2.0,0.9344781062202696,-1.1195655902466848,1.4583128751641155,-0.37196820520959406,1.4100766277697756,0.0,1,SEARCH,0.0,0.0,0.0,-0.0
73850,DYNAMIC,1.213024616241455,0.2068609893321991,3.579364776611328,32.84,2.0,0.9344781062202696,-1.1195655902466848,1.4583128751641155,-0.37174598001535986,1.4101352304697052,0.0,1,SEARCH,0.0,0.0,0.0,-0.0
73900,DYNAMIC,1.2129218578338623,0.20675262808799744,3.5796313285827637,32.84,2.0,0.9344781062202696,-1.1195655902466848,1.4583128751641155,-0.3713700924878713,1.4102342699973573,0.0,1,SEARCH,0.0,0.0,0.0,-0.0
73951,DYNAMIC,1.212766170501709,0.206633061170578,3.579828977584839,32.84,2.0,0.9344781062202696,-1.1195655902466848,1.4583128751641155,-0.3710913538397186,1.410307643379569,0.0,1,SEARCH,0.0,0.0,0.0,-0.0
74007,DYNAMIC,1.2125861644744873,0.20652714371681213,3.5801002979278564,32.84,2.0,0.9344781062202696,-1.1195655902466848,1.4583128751641155,-0.37070869503195686,1.4104082761020418,0.0,1,SEARCH,0.0,0.0,0.0,-0.0
74051,DYNAMIC,1.2125020027160645,0.206505686044693,3.580284357070923,32.84,2.0,0.9344781062202696,-1.1195655902466848,1.4583128751641155,-0.37044909021535777,1.410476484535649,0.0,1,SEARCH,0.0,0.0,0.0,-0.0
74100,DYNAMIC,1.2128372192382812,0.20652177929878235,3.580559492111206,32.84,2.0,0.9407558990197447,-1.119783053537725,1.462510084932996,-0.3756511848977946,1.4134432906259813,0.0,1,SEARCH,0.0,0.0,0.0,-0.0
74150,DYNAMIC,1.2131059169769287,0.20656374096870422,3.5807321071624756,32.84,2.0,0.9407558990197447,-1.119783053537725,1.462510084932996,-0.3754071977164851,1.4135081126167528,0.0,1,SEARCH,0.0,0.0,0.0,-0.0
74200,DYNAMIC,1.2135090827941895,0.20666983723640442,3.581007480621338,32.84,2.0,0.9407558990197447,-1.119783053537725,1.462510084932996,-0.3750179408696378,1.4136114362004206,0.0,1,SEARCH,0.0,0.0,0.0,-0.0
74250,DYNAMIC,1.213794231414795,0.20675405859947205,3.5811991691589355,32.84,2.0,0.9407558990197447,-1.119783053537725,1.462510084932996,-0.37474696087243825,1.413683296869419,0.0,1,SEARCH,0.0,0.0,0.0,-0.0
74300,DYNAMIC,1.2137069702148438,0.20654132962226868,3.581477165222168,32.84,2.0,0.9407558990197447,-1.119783053537725,1.462510084932996,-0.3743539480057512,1.4137874204219056,0.0,1,SEARCH,0.0,0.0,0.0,-0.0
74353,DYNAMIC,1.2135224342346191,0.20633623003959656,3.5816612243652344,32.84,2.0,0.9407558990197447,-1.119783053537725,1.462510084932996,-0.3740937211650015,1.413856299740409,0.0,1,SEARCH,0.0,0.0,0.0,-0.0
74401,DYNAMIC,1.2133219242095947,0.20610079169273376,3.5819218158721924,32.84,2.0,0.9407558990197447,-1.119783053537725,1.462510084932996,-0.3737252695234344,1.4139537373798183,0.0,1,SEARCH,0.0,0.0,0.0,-0.0
74450,DYNAMIC,1.2132232189178467,0.20599117875099182,3.5820982456207275,32.84,2.0,0.9407558990197447,-1.119783053537725,1.462510084932996,-0.37347580020584376,1.4140196516284078,0.0,1,SEARCH,0.0,0.0,0.0,-0.0
74500,DYNAMIC,1.2131907939910889,0.20597168803215027,3.5823683738708496,32.84,2.0,0.9407558990197447,-1.119783053537725,1.462510084932996,-0.3730938199302281,1.4141204864015617,0.0,1,SEARCH,0.0,0.0,0.0,-0.0
74551,DYNAMIC,1.2132303714752197,0.2060181200504303,3.58255934715271,32.84,2.0,0.9407558990197447,-1.119783053537725,1.462510084932996,-0.37282375389812156,1.414191711565314,0.0,1,SEARCH,0.0,0.0,0.0,-0.0
74610,DYNAMIC,1.2132954597473145,0.20612183213233948,3.582860231399536,32.84,2.0,0.9407558990197447,-1.119783053537725,1.462510084932996,-0.3723982290204247,1.414303824343684,0.0,1,SEARCH,0.0,0.0,0.0,-0.0
74652,DYNAMIC,1.2133591175079346,0.20620933175086975,3.583055019378662,32.84,2.0,0.9407558990197447,-1.119783053537725,1.462510084932996,-0.37212273257351947,1.4143763362106765,0.0,1,SEARCH,0.0,0.0,0.0,-0.0
74700,DYNAMIC,1.2133641242980957,0.20609185099601746,3.583334445953369,32.83,2.0,0.9440099293096325,-1.1170609939834195,1.4625252171892293,-0.3758328949041433,1.413410643097884,0.0,1,SEARCH,0.0,0.0,0.0,-0.0
74750,DYNAMIC,1.2133092880249023,0.20587143301963806,3.583508253097534,32.83,2.0,0.9440099293096325,-1.1170609939834195,1.4625252171892293,-0.37558722836121733,1.4134759441908946,0.0,1,SEARCH,0.0,0.0,0.0,-0.0
74800,DYNAMIC,1.2132928371429443,0.2056080400943756,3.58377742767334,32.83,2.0,0.9440099293096325,-1.1170609939834195,1.4625252171892293,-0.37520674297154555,1.4135769915158805,0.0,1,SEARCH,0.0,0.0,0.0,-0.0
74851,DYNAMIC,1.213315725326538,0.2054854929447174,3.583946943283081,32.83,2.0,0.9440099293096325,-1.1170609939834195,1.4625252171892293,-0.37496711421617557,1.413640574605439,0.0,1,SEARCH,0.0,0.0,0.0,-0.0
74901,DYNAMIC,1.2133893966674805,0.20523914694786072,3.5841808319091797,32.83,2.0,0.9440099293096325,-1.1170609939834195,1.4625252171892293,-0.3746364695113187,1.413728236481997,0.0,1,SEARCH,0.0,0.0,0.0,-0.0
74951,DYNAMIC,1.2134768962860107,0.20503225922584534,3.584343433380127,32.83,2.0,0.9440099293096325,-1.1170609939834195,1.4625252171892293,-0.37440659026900847,1.4137891342337927,0.0,1,SEARCH,0.0,0.0,0.0,-0.0
75000,DYNAMIC,1.2136523723602295,0.20476993918418884,3.584585666656494,32.83,2.0,0.9440099293096325,-1.1170609939834195,1.4625252171892293,-0.37406411251375965,1.4138797864895358,0.0,1,SEARCH,0.0,0.0,0.0,-0.0
75051,DYNAMIC,1.2137882709503174,0.2046293318271637,3.5847229957580566,32.83,2.0,0.9440099293096325,-1.1170609939834195,1.4625252171892293,-0.3738699421462837,1.413931143045494,0.0,1,SEARCH,0.0,0.0,0.0,-0.0
75100,DYNAMIC,1.2140471935272217,0.2043294608592987,3.584965229034424,32.83,2.0,0.9440099293096325,-1.1170609939834195,1.4625252171892293,-0.37352743000751976,1.414021665303039,0.0,1,SEARCH,0.0,0.0,0.0,-0.0
75150,DYNAMIC,1.2142612934112549,0.20412591099739075,3.5851399898529053,32.83,2.0,0.9440099293096325,-1.1170609939834195,1.4625252171892293,-0.373280308721184,1.4140869216690395,0.0,1,SEARCH,0.0,0.0,0.0,-0.0
75200,DYNAMIC,1.2145826816558838,0.203886479139328,3.5853912830352783,32.83,2.0,0.9440099293096325,-1.1170609939834195,1.4625252171892293,-0.37292494653622404,1.4141806798161811,0.0,1,SEARCH,0.0,0.0,0.0,-0.0
75251,DYNAMIC,1.2148067951202393,0.20376047492027283,3.5855581760406494,32.83,2.0,0.9440099293096325,-1.1170609939834195,1.4625252171892293,-0.3726889244799369,1.4142428986862159,0.0,1,SEARCH,0.0,0.0,0.0,-0.0
75303,DYNAMIC,1.2147901058197021,0.20357248187065125,3.5858144760131836,32.83,2.0,0.9440099293096325,-1.1170609939834195,1.4625252171892293,-0.37232644182690816,1.4143383723956995,0.0,1,SEARCH,0.0,0.0,0.0,-0.0
75351,DYNAMIC,1.2146806716918945,0.20346835255622864,3.5859780311584473,32.83,2.0,0.9471610994890058,-1.1146327321521987,1.4627099083448836,-0.3759841446365726,1.413561529949157,0.0,1,SEARCH,0.0,0.0,0.0,-0.0
75400,DYNAMIC,1.2145922183990479,0.20334622263908386,3.586242437362671,32.83,2.0,0.9471610994890058,-1.1146327321521987,1.4627099083448836,-0.37561037705971106,1.413660893077035,0.0,1,SEARCH,0.0,0.0,0.0,-0.0
75451,DYNAMIC,1.214583396911621,0.20328298211097717,3.5864129066467285,32.83,2.0,0.9471610994890058,-1.1146327321521987,1.4627099083448836,-0.37536938584295815,1.4137249025684515,0.0,1,SEARCH,0.0,0.0,0.0,-0.0
75500,DYNAMIC,1.2146720886230469,0.2029050886631012,3.5866334438323975,32.83,2.0,0.9471610994890058,-1.1146327321521987,1.4627099083448836,-0.3750575978058083,1.413807651096299,0.0,1,SEARCH,0.0,0.0,0.0,-0.0
75551,DYNAMIC,1.214780330657959,0.2026088535785675,3.586796998977661,32.83,2.0,0.9471610994890058,-1.1146327321521987,1.4627099083448836,-0.37482635727464036,1.4138689747860376,0.0,1,SEARCH,0.0,0.0,0.0,-0.0
75600,DYNAMIC,1.2149744033813477,0.2022450864315033,3.5870559215545654,32.83,2.0,0.9471610994890058,-1.1146327321521987,1.4627099083448836,-0.3744602621160259,1.4139659783977458,0.0,1,SEARCH,0.0,0.0,0.0,-0.0
75650,DYNAMIC,1.2151153087615967,0.2020392119884491,3.5872087478637695,32.83,2.0,0.9471610994890058,-1.1146327321521987,1.4627099083448836,-0.3742441665421238,1.4140231892651154,0.0,1,SEARCH,0.0,0.0,0.0,-0.0
75700,DYNAMIC,1.2152862548828125,0.2017281949520111,3.5874361991882324,32.83,2.0,0.9471610994890058,-1.1146327321521987,1.4627099083448836,-0.3739225354170839,1.4141082750191223,0.0,1,SEARCH,0.0,0.0,0.0,-0.0
75751,DYNAMIC,1.2153630256652832,0.20150116086006165,3.587602376937866,32.83,2.0,0.9471610994890058,-1.1146327321521987,1.4627099083448836,-0.3736875369243405,1.4141703930989777,0.0,1,SEARCH,0.0,0.0,0.0,-0.0
75800,DYNAMIC,1.2154927253723145,0.20122137665748596,3.5878403186798096,32.83,2.0,0.9471610994890058,-1.1146327321521987,1.4627099083448836,-0.3733510361823793,1.4142592689290892,0.0,1,SEARCH,0.0,0.0,0.0,-0.0
75852,DYNAMIC,1.215592384338379,0.20106372237205505,3.5880014896392822,32.83,2.0,0.9471610994890058,-1.1146327321521987,1.4627099083448836,-0.37312309381095177,1.4143194239050956,0.0,1,SEARCH,0.0,0.0,0.0,-0.0
75901,DYNAMIC,1.2154228687286377,0.200893372297287,3.5882625579833984,32.83,2.0,0.9471610994890058,-1.1146327321521987,1.4627099083448836,-0.37275384706968023,1.4144167863345836,0.0,1,SEARCH,0.0,0.0,0.0,-0.0
75951,DYNAMIC,1.215294599533081,0.20080819725990295,3.588414192199707,32.53,2.0,0.949459527088889,-1.1129460669562306,1.4629156987103527,-0.3753409586747079,1.4139453689143546,0.0,1,SEARCH,0.0,0.0,0.0,-0.0
76000,DYNAMIC,1.2151648998260498,0.20072844624519348,3.588676691055298,32.53,2.0,0.949459527088889,-1.1129460669562306,1.4629156987103527,-0.3749697867062062,1.41404384677092,0.0,1,SEARCH,0.0,0.0,0.0,-0.0
76050,DYNAMIC,1.2151226997375488,0.20069041848182678,3.5888679027557373,32.53,2.0,0.949459527088889,-1.1129460669562306,1.4629156987103527,-0.3746993981246103,1.4141155195309378,0.0,1,SEARCH,0.0,0.0,0.0,-0.0
76100,DYNAMIC,1.2148194313049316,0.20055052638053894,3.5891103744506836,32.53,2.0,0.949459527088889,-1.1129460669562306,1.4629156987103527,-0.3743565041263382,1.4142063319584968,0.0,1,SEARCH,0.0,0.0,0.0,-0.0
76150,DYNAMIC,1.2145814895629883,0.20044490694999695,3.589259624481201,32.53,2.0,0.949459527088889,-1.1129460669562306,1.4629156987103527,-0.3741454296194162,1.4142621889268276,0.0,1,SEARCH,0.0,0.0,0.0,-0.0
76200,DYNAMIC,1.2142815589904785,0.20031031966209412,3.589529275894165,32.53,2.0,0.949459527088889,-1.1129460669562306,1.4629156987103527,-0.37376405822408265,1.4143630263525215,0.0,1,SEARCH,0.0,0.0,0.0,-0.0
76250,DYNAMIC,1.214123010635376,0.2002377212047577,3.5896852016448975,32.53,2.0,0.949459527088889,-1.1129460669562306,1.4629156987103527,-0.37354351806465147,1.4144212886000702,0.0,1,SEARCH,0.0,0.0,0.0,-0.0
76300,DYNAMIC,1.214773416519165,0.2001565396785736,3.5899391174316406,32.53,2.0,0.949459527088889,-1.1129460669562306,1.4629156987103527,-0.37318436213245154,1.414516091599171,0.0,1,SEARCH,0.0,0.0,0.0,-0.0
76350,DYNAMIC,1.2154550552368164,0.20012691617012024,3.590134382247925,32.53,2.0,0.949459527088889,-1.1129460669562306,1.4629156987103527,-0.37290814979499787,1.4145889344080387,0.0,1,SEARCH,0.0,0.0,0.0,-0.0
76400,DYNAMIC,1.2164108753204346,0.20011135935783386,3.5903921127319336,32.53,2.0,0.949459527088889,-1.1129460669562306,1.4629156987103527,-0.37254355472308337,1.4146849972228759,0.0,1,SEARCH,0.0,0.0,0.0,-0.0
76451,DYNAMIC,1.2170157432556152,0.20010486245155334,3.590559244155884,32.53,2.0,0.949459527088889,-1.1129460669562306,1.4629156987103527,-0.37230711120304405,1.414747241199234,0.0,1,SEARCH,0.0,0.0,0.0,-0.0
76500,DYNAMIC,1.2172191143035889,0.20006296038627625,3.590797185897827,32.53,2.0,0.949459527088889,-1.1129460669562306,1.4629156987103527,-0.3719704732439195,1.414835788552118,0.0,1,SEARCH,0.0,0.0,0.0,-0.0
76551,DYNAMIC,1.2171592712402344,0.20004436373710632,3.5909624099731445,32.53,2.0,0.949459527088889,-1.1129460669562306,1.4629156987103527,-0.3717367032328836,1.414897227717528,0.0,1,SEARCH,0.0,0.0,0.0,-0.0
76602,DYNAMIC,1.217132568359375,0.20003679394721985,3.5912256240844727,32.53,2.0,0.949459527088889,-1.1129460669562306,1.4629156987103527,-0.3713642694435002,1.4149950250491679,0.0,1,SEARCH,0.0,0.0,0.0,-0.0
76653,DYNAMIC,1.217156171798706,0.2000407874584198,3.591404676437378,32.53,2.0,0.949459527088889,-1.1129460669562306,1.4629156987103527,-0.3711109053033478,1.4150614960128514,0.0,1,SEARCH,0.0,0.0,0.0,-0.0
76700,DYNAMIC,1.2169749736785889,0.20004191994667053,3.5916450023651123,32.54,2.0,0.9578704615744811,-1.1145591201343088,1.4696114634254436,-0.3776425301105858,1.4202619381237918,0.0,1,SEARCH,0.0,0.0,0.0,-0.0
76751,DYNAMIC,1.2167482376098633,0.20003202557563782,3.5917861461639404,32.54,2.0,0.9578704615744811,-1.1145591201343088,1.4696114634254436,-0.37744206518435724,1.4203152258779885,0.0,1,SEARCH,0.0,0.0,0.0,-0.0
76800,DYNAMIC,1.2165145874023438,0.20002898573875427,3.592022657394409,32.54,2.0,0.9578704615744811,-1.1145591201343088,1.4696114634254436,-0.37710613412916866,1.4204044554399382,0.0,1,SEARCH,0.0,0.0,0.0,-0.0
76850,DYNAMIC,1.2163972854614258,0.20003071427345276,3.592160940170288,32.54,2.0,0.9578704615744811,-1.1145591201343088,1.4696114634254436,-0.3769097130532901,1.4204565891422238,0.0,1,SEARCH,0.0,0.0,0.0,-0.0
76900,DYNAMIC,1.2164616584777832,0.2000456154346466,3.592409133911133,32.54,2.0,0.9578704615744811,-1.1145591201343088,1.4696114634254436,-0.37655715301349874,1.4205500920227498,0.0,1,SEARCH,0.0,0.0,0.0,-0.0
76950,DYNAMIC,1.2165944576263428,0.20006081461906433,3.5925650596618652,32.54,2.0,0.9578704615744811,-1.1145591201343088,1.4696114634254436,-0.3763356480972578,1.4206087897104858,0.0,1,SEARCH,0.0,0.0,0.0,-0.0
77000,DYNAMIC,1.2167997360229492,0.20008394122123718,3.5927846431732178,32.54,2.0,0.9578704615744811,-1.1145591201343088,1.4696114634254436,-0.376023696760589,1.4206913925641889,0.0,1,SEARCH,0.0,0.0,0.0,-0.0
77051,DYNAMIC,1.216951608657837,0.20010122656822205,3.592921257019043,32.54,2.0,0.9578704615744811,-1.1145591201343088,1.4696114634254436,-0.3758296071373942,1.4207427493499396,0.0,1,SEARCH,0.0,0.0,0.0,-0.0
77100,DYNAMIC,1.2164983749389648,0.19998690485954285,3.5931410789489746,32.54,2.0,0.9578704615744811,-1.1145591201343088,1.4696114634254436,-0.3755172876464518,1.420825330612502,0.0,1,SEARCH,0.0,0.0,0.0,-0.0
77153,DYNAMIC,1.2160518169403076,0.1998811662197113,3.593291759490967,32.54,2.0,0.9578704615744811,-1.1145591201343088,1.4696114634254436,-0.37530319265337936,1.4208818976310642,0.0,1,SEARCH,0.0,0.0,0.0,-0.0
77200,DYNAMIC,1.2154650688171387,0.19972959160804749,3.593480348587036,32.54,2.0,0.9578704615744811,-1.1145591201343088,1.4696114634254436,-0.3750352231482842,1.420952650453065,0.0,1,SEARCH,0.0,0.0,0.0,-0.0
77260,DYNAMIC,1.2151405811309814,0.1996317207813263,3.5936450958251953,32.54,2.0,0.9578704615744811,-1.1145591201343088,1.4696114634254436,-0.37480112003508825,1.4210144171865102,0.0,1,SEARCH,0.0,0.0,0.0,-0.0
77301,DYNAMIC,1.2150766849517822,0.19946834444999695,3.59387469291687,32.54,2.0,0.9578704615744811,-1.1145591201343088,1.4696114634254436,-0.3744748493817531,1.421100432978608,0.0,1,SEARCH,0.0,0.0,0.0,-0.0
77351,DYNAMIC,1.2151648998260498,0.19935324788093567,3.594001531600952,32.83,2.0,0.9605735047385411,-1.1113874243324184,1.4689736093510772,-0.3781121579657239,1.4194768969477574,0.0,1,SEARCH,0.0,0.0,0.0,-0.0
77400,DYNAMIC,1.2153472900390625,0.1992022693157196,3.594231605529785,32.83,2.0,0.9605735047385411,-1.1113874243324184,1.4689736093510772,-0.37778556333453983,1.4195638531274088,0.0,1,SEARCH,0.0,0.0,0.0,-0.0
77451,DYNAMIC,1.2154819965362549,0.19910284876823425,3.5943901538848877,32.83,2.0,0.9605735047385411,-1.1113874243324184,1.4689736093510772,-0.37756048907329887,1.4196237325646055,0.0,1,SEARCH,0.0,0.0,0.0,-0.0
77500,DYNAMIC,1.2151994705200195,0.19936439394950867,3.5946097373962402,32.83,2.0,0.9605735047385411,-1.1113874243324184,1.4689736093510772,-0.37724875400940633,1.419706604396937,0.0,1,SEARCH,0.0,0.0,0.0,-0.0
77550,DYNAMIC,1.2149126529693604,0.1996535360813141,3.594747543334961,32.83,2.0,0.9605735047385411,-1.1113874243324184,1.4689736093510772,-0.3770531064266318,1.4197585780349975,0.0,1,SEARCH,0.0,0.0,0.0,-0.0
77600,DYNAMIC,1.2145590782165527,0.20004203915596008,3.5949573516845703,32.83,2.0,0.9605735047385411,-1.1113874243324184,1.4689736093510772,-0.3767552209258631,1.4198376556758294,0.0,1,SEARCH,0.0,0.0,0.0,-0.0
77650,DYNAMIC,1.214367151260376,0.20028981566429138,3.595088481903076,32.83,2.0,0.9605735047385411,-1.1113874243324184,1.4689736093510772,-0.3765690340651868,1.4198870474629814,0.0,1,SEARCH,0.0,0.0,0.0,-0.0
77700,DYNAMIC,1.2138450145721436,0.20048078894615173,3.595301866531372,32.83,2.0,0.9605735047385411,-1.1113874243324184,1.4689736093510772,-0.37626604342448233,1.4199673691798755,0.0,1,SEARCH,0.0,0.0,0.0,-0.0
77751,DYNAMIC,1.2133662700653076,0.20056506991386414,3.5954489707946777,32.83,2.0,0.9605735047385411,-1.1113874243324184,1.4689736093510772,-0.3760571561003389,1.4200227041549922,0.0,1,SEARCH,0.0,0.0,0.0,-0.0
77800,DYNAMIC,1.212961196899414,0.2006499469280243,3.595686197280884,32.83,2.0,0.9605735047385411,-1.1113874243324184,1.4689736093510772,-0.37572027852548656,1.420111874915023,0.0,1,SEARCH,0.0,0.0,0.0,-0.0
77850,DYNAMIC,1.2127175331115723,0.2007138431072235,3.595811367034912,32.83,2.0,0.9605735047385411,-1.1113874243324184,1.4689736093510772,-0.3755425205285823,1.4201588926049684,0.0,1,SEARCH,0.0,0.0,0.0,-0.0
77907,DYNAMIC,1.2125935554504395,0.2007211148738861,3.5959672927856445,32.83,2.0,0.9605735047385411,-1.1113874243324184,1.4689736093510772,-0.3753210766227383,1.4202174320901289,0.0,1,SEARCH,0.0,0.0,0.0,-0.0
77956,DYNAMIC,1.2126049995422363,0.20065727829933167,3.5961670875549316,32.83,2.0,0.9605735047385411,-1.1113874243324184,1.4689736093510772,-0.3750373171194202,1.4202923909314582,0.0,1,SEARCH,0.0,0.0,0.0,-0.0
78000,DYNAMIC,1.2126648426055908,0.20061561465263367,3.5963754653930664,32.54,2.0,0.9612827365932818,-1.1076208974900237,1.4665907923578663,-0.3770330062787442,1.417298368165746,0.0,1,SEARCH,0.0,0.0,0.0,-0.0
78051,DYNAMIC,1.212735891342163,0.20059457421302795,3.5965020656585693,32.54,2.0,0.9612827365932818,-1.1076208974900237,1.4665907923578663,-0.37685357290804467,1.4173460892863519,0.0,1,SEARCH,0.0,0.0,0.0,-0.0
78100,DYNAMIC,1.2124366760253906,0.20058295130729675,3.596691370010376,32.54,2.0,0.9612827365932818,-1.1076208974900237,1.4665907923578663,-0.3765852563744409,1.4174174039111667,0.0,1,SEARCH,0.0,0.0,0.0,-0.0
78150,DYNAMIC,1.2121479511260986,0.20057716965675354,3.5968496799468994,32.54,2.0,0.9612827365932818,-1.1076208974900237,1.4665907923578663,-0.3763608603971412,1.4174770033372668,0.0,1,SEARCH,0.0,0.0,0.0,-0.0
78200,DYNAMIC,1.2118017673492432,0.20057693123817444,3.5970616340637207,32.54,2.0,0.9612827365932818,-1.1076208974900237,1.4665907923578663,-0.37606041185911315,1.4175567427306845,0.0,1,SEARCH,0.0,0.0,0.0,-0.0
78252,DYNAMIC,1.2116191387176514,0.20058134198188782,3.5972108840942383,32.54,2.0,0.9612827365932818,-1.1076208974900237,1.4665907923578663,-0.37584883728430535,1.4176128539699793,0.0,1,SEARCH,0.0,0.0,0.0,-0.0
78300,DYNAMIC,1.2112977504730225,0.20050129294395447,3.5974059104919434,32.54,2.0,0.9612827365932818,-1.1076208974900237,1.4665907923578663,-0.37557235821004703,1.4176861274546697,0.0,1,SEARCH,0.0,0.0,0.0,-0.0
78351,DYNAMIC,1.211090326309204,0.2004290521144867,3.5975520610809326,32.54,2.0,0.9612827365932818,-1.1076208974900237,1.4665907923578663,-0.37536515853714353,1.417741002434951,0.0,1,SEARCH,0.0,0.0,0.0,-0.0
78400,DYNAMIC,1.210829496383667,0.20033463835716248,3.5977773666381836,32.54,2.0,0.9612827365932818,-1.1076208974900237,1.4665907923578663,-0.3750457240860002,1.4178255383063467,0.0,1,SEARCH,0.0,0.0,0.0,-0.0
78450,DYNAMIC,1.2106781005859375,0.20028045773506165,3.5979175567626953,32.54,2.0,0.9612827365932818,-1.1076208974900237,1.4665907923578663,-0.3748469552624626,1.417878102080477,0.0,1,SEARCH,0.0,0.0,0.0,-0.0
78500,DYNAMIC,1.2104260921478271,0.20027509331703186,3.5981218814849854,32.54,2.0,0.9612827365932818,-1.1076208974900237,1.4665907923578663,-0.37455723989036327,1.4179546629827722,0.0,1,SEARCH,0.0,0.0,0.0,-0.0
78556,DYNAMIC,1.2101881504058838,0.20028862357139587,3.5982391834259033,32.54,2.0,0.9612827365932818,-1.1076208974900237,1.4665907923578663,-0.37439090847973716,1.4179985895185478,0.0,1,SEARCH,0.0,0.0,0.0,-0.0
78603,DYNAMIC,1.2099344730377197,0.2003147304058075,3.598414421081543,32.54,2.0,0.9612827365932818,-1.1076208974900237,1.4665907923578663,-0.37414241598403924,1.4180641751311893,0.0,1,SEARCH,0.0,0.0,0.0,-0.0
78651,DYNAMIC,1.2097978591918945,0.20033350586891174,3.59854793548584,32.54,2.0,0.9612827365932818,-1.1076208974900237,1.4665907923578663,-0.37395308065625493,1.418114115893559,0.0,1,SEARCH,0.0,0.0,0.0,-0.0
78701,DYNAMIC,1.2093799114227295,0.20032551884651184,3.5987300872802734,32.83,2.0,0.9582129423123372,-1.0984534900989433,1.4576598069252702,-0.3749864977022008,1.408601164015724,0.0,1,SEARCH,0.0,0.0,0.0,-0.0
78752,DYNAMIC,1.2090167999267578,0.2002970278263092,3.5988526344299316,32.83,2.0,0.9582129423123372,-1.0984534900989433,1.4576598069252702,-0.37481387482924067,1.4086471069650148,0.0,1,SEARCH,0.0,0.0,0.0,-0.0
78800,DYNAMIC,1.2085468769073486,0.20026978850364685,3.5990240573883057,32.83,2.0,0.9582129423123372,-1.0984534900989433,1.4576598069252702,-0.3745723948689339,1.4087113379708305,0.0,1,SEARCH,0.0,0.0,0.0,-0.0
78852,DYNAMIC,1.2082710266113281,0.20025357604026794,3.5991370677948,32.83,2.0,0.9582129423123372,-1.0984534900989433,1.4576598069252702,-0.37441319343643775,1.408753659553772,0.0,1,SEARCH,0.0,0.0,0.0,-0.0
78900,DYNAMIC,1.20786452293396,0.20031306147575378,3.59932279586792,32.83,2.0,0.9582129423123372,-1.0984534900989433,1.4576598069252702,-0.3741515418775762,1.4088231742969195,0.0,1,SEARCH,0.0,0.0,0.0,-0.0
78951,DYNAMIC,1.2076101303100586,0.20038965344429016,3.5994491577148438,32.83,2.0,0.9582129423123372,-1.0984534900989433,1.4576598069252702,-0.3739735173926586,1.408870441529092,0.0,1,SEARCH,0.0,0.0,0.0,-0.0
79000,DYNAMIC,1.2072904109954834,0.20050665736198425,3.599668502807617,32.83,2.0,0.9582129423123372,-1.0984534900989433,1.4576598069252702,-0.3736644795810764,1.4089524368923243,0.0,1,SEARCH,0.0,0.0,0.0,-0.0
79053,DYNAMIC,1.2071304321289062,0.200577050447464,3.5998024940490723,32.83,2.0,0.9582129423123372,-1.0984534900989433,1.4576598069252702,-0.37347568894114974,1.4090024920117599,0.0,1,SEARCH,0.0,0.0,0.0,-0.0
79100,DYNAMIC,1.207108736038208,0.2006424367427826,3.5999903678894043,32.83,2.0,0.9582129423123372,-1.0984534900989433,1.4576598069252702,-0.3732109676422881,1.4090726334568147,0.0,1,SEARCH,0.0,0.0,0.0,-0.0
79152,DYNAMIC,1.2071614265441895,0.20066741108894348,3.6001317501068115,32.83,2.0,0.9582129423123372,-1.0984534900989433,1.4576598069252702,-0.3730117460995016,1.4091253847678769,0.0,1,SEARCH,0.0,0.0,0.0,-0.0
79200,DYNAMIC,1.2072737216949463,0.20070520043373108,3.600337505340576,32.83,2.0,0.9582129423123372,-1.0984534900989433,1.4576598069252702,-0.37272180328283433,1.409202104058537,0.0,1,SEARCH,0.0,0.0,0.0,-0.0
79262,DYNAMIC,1.20737624168396,0.2007305920124054,3.600464105606079,32.83,2.0,0.9582129423123372,-1.0984534900989433,1.4576598069252702,-0.37254339493586675,1.4092492794445823,0.0,1,SEARCH,0.0,0.0,0.0,-0.0
79302,DYNAMIC,1.2079756259918213,0.20051530003547668,3.600656270980835,32.83,2.0,0.9582129423123372,-1.0984534900989433,1.4576598069252702,-0.37227257914307066,1.409320843365194,0.0,1,SEARCH,0.0,0.0,0.0,-0.0
79353,DYNAMIC,1.2085354328155518,0.20031258463859558,3.6007895469665527,32.83,2.0,0.9543564113015767,-1.0891582330107061,1.4481235500907468,-0.37274764043697556,1.399328772260506,0.0,1,SEARCH,0.0,0.0,0.0,-0.0
79400,DYNAMIC,1.2093055248260498,0.20002922415733337,3.6009724140167236,32.83,2.0,0.9543564113015767,-1.0891582330107061,1.4481235500907468,-0.372491743081192,1.3993969121245633,0.0,1,SEARCH,0.0,0.0,0.0,-0.0
79451,DYNAMIC,1.20979642868042,0.19986233115196228,3.6010782718658447,32.83,2.0,0.9543564113015767,-1.0891582330107061,1.4481235500907468,-0.37234360384723475,1.3994363354584878,0.0,1,SEARCH,0.0,0.0,0.0,-0.0
79500,DYNAMIC,1.2097537517547607,0.19993361830711365,3.6012678146362305,32.83,2.0,0.9543564113015767,-1.0891582330107061,1.4481235500907468,-0.37207834412032764,1.399506885357876,0.0,1,SEARCH,0.0,0.0,0.0,-0.0
79550,DYNAMIC,1.2095139026641846,0.20007386803627014,3.60139536857605,32.83,2.0,0.9543564113015767,-1.0891582330107061,1.4481235500907468,-0.37189982847692127,1.3995543340314673,0.0,1,SEARCH,0.0,0.0,0.0,-0.0
79600,DYNAMIC,1.2092258930206299,0.20027795433998108,3.601574659347534,32.83,2.0,0.9543564113015767,-1.0891582330107061,1.4481235500907468,-0.3716488953245893,1.3996209897438092,0.0,1,SEARCH,0.0,0.0,0.0,-0.0
79650,DYNAMIC,1.2090744972229004,0.20041850209236145,3.601686477661133,32.83,2.0,0.9543564113015767,-1.0891582330107061,1.4481235500907468,-0.3714923897427396,1.3996625381464833,0.0,1,SEARCH,0.0,0.0,0.0,-0.0
79700,DYNAMIC,1.208756446838379,0.20036688446998596,3.6018946170806885,32.83,2.0,0.9543564113015767,-1.0891582330107061,1.4481235500907468,-0.37120105674967957,1.3997398300381927,0.0,1,SEARCH,0.0,0.0,0.0,-0.0
79751,DYNAMIC,1.2084298133850098,0.20013770461082458,3.601994514465332,32.83,2.0,0.9543564113015767,-1.0891582330107061,1.4481235500907468,-0.3710612245495118,1.3997769050685345,0.0,1,SEARCH,0.0,0.0,0.0,-0.0
79800,DYNAMIC,1.2081575393676758,0.1999257504940033,3.602174997329712,32.83,2.0,0.9543564113015767,-1.0891582330107061,1.4481235500907468,-0.3708085827620776,1.3998438524626264,0.0,1,SEARCH,0.0,0.0,0.0,-0.0
79851,DYNAMIC,1.2079682350158691,0.19977346062660217,3.602318525314331,32.83,2.0,0.9543564113015767,-1.0891582330107061,1.4481235500907468,-0.3706076621764612,1.3998970594524176,0.0,1,SEARCH,0.0,0.0,0.0,-0.0
79900,DYNAMIC,1.2077689170837402,0.1994543969631195,3.6024951934814453,32.83,2.0,0.9543564113015767,-1.0891582330107061,1.4481235500907468,-0.37036033914646893,1.39996251218193,0.0,1,SEARCH,0.0,0.0,0.0,-0.0
79951,DYNAMIC,1.2076973915100098,0.19923874735832214,3.602627754211426,32.83,2.0,0.9543564113015767,-1.0891582330107061,1.4481235500907468,-0.37017475584040227,1.4000115951183858,0.0,1,SEARCH,0.0,0.0,0.0,-0.0
80003,DYNAMIC,1.2076342105865479,0.19895204901695251,3.602804660797119,32.83,2.0,0.9543564113015767,-1.0891582330107061,1.4481235500907468,-0.369927078777987,1.4000770595628702,0.0,1,SEARCH,0.0,0.0,0.0,-0.0
80054,DYNAMIC,1.207613468170166,0.19878169894218445,3.6029000282287598,32.83,2.0,0.9543564113015767,-1.0891582330107061,1.4481235500907468,-0.3697935553426864,1.4001123321914009,0.0,1,SEARCH,0.0,0.0,0.0,-0.0
80100,DYNAMIC,1.2078275680541992,0.19846460223197937,3.603090286254883,32.48,2.0,0.9442394862957938,-1.0703268192495448,1.4273008468732133,-0.3688540388022259,1.3788163059466183,0.0,1,SEARCH,0.0,0.0,0.0,-0.0
80151,DYNAMIC,1.2080349922180176,0.1982431709766388,3.6032462120056152,32.48,2.0,0.9442394862957938,-1.0703268192495448,1.4273008468732133,-0.3686390413515256,1.3788738030278263,0.0,1,SEARCH,0.0,0.0,0.0,-0.0
80200,DYNAMIC,1.2083525657653809,0.1979406177997589,3.6033899784088135,32.48,2.0,0.9442394862957938,-1.0703268192495448,1.4273008468732133,-0.36844080181542355,1.3789267866868784,0.0,1,SEARCH,0.0,0.0,0.0,-0.0
80250,DYNAMIC,1.2085812091827393,0.19775423407554626,3.603515386581421,32.48,2.0,0.9442394862957938,-1.0703268192495448,1.4273008468732133,-0.3682678702301261,1.3789729813310916,0.0,1,SEARCH,0.0,0.0,0.0,-0.0
80300,DYNAMIC,1.2086398601531982,0.19759079813957214,3.60367751121521,32.48,2.0,0.9442394862957938,-1.0703268192495448,1.4273008468732133,-0.3680442999016528,1.379032668501691,0.0,1,SEARCH,0.0,0.0,0.0,-0.0
80353,DYNAMIC,1.2086069583892822,0.19752606749534607,3.603787899017334,32.48,2.0,0.9442394862957938,-1.0703268192495448,1.4273008468732133,-0.367892069274233,1.3790732877008804,0.0,1,SEARCH,0.0,0.0,0.0,-0.0
80400,DYNAMIC,1.20859956741333,0.19745901226997375,3.603945732116699,32.48,2.0,0.9442394862957938,-1.0703268192495448,1.4273008468732133,-0.36767440128155454,1.3791313360689195,0.0,1,SEARCH,0.0,0.0,0.0,-0.0
80452,DYNAMIC,1.2086217403411865,0.19742223620414734,3.6040515899658203,32.48,2.0,0.9442394862957938,-1.0703268192495448,1.4273008468732133,-0.3675284073448771,1.37917024956295,0.0,1,SEARCH,0.0,0.0,0.0,-0.0
80500,DYNAMIC,1.2083942890167236,0.19722405076026917,3.6042280197143555,32.48,2.0,0.9442394862957938,-1.0703268192495448,1.4273008468732133,-0.3672850749657098,1.3792350710420707,0.0,1,SEARCH,0.0,0.0,0.0,-0.0
80552,DYNAMIC,1.208204746246338,0.1970737874507904,3.6043589115142822,32.48,2.0,0.9442394862957938,-1.0703268192495448,1.4273008468732133,-0.3671045412589687,1.3792831338314968,0.0,1,SEARCH,0.0,0.0,0.0,-0.0
80601,DYNAMIC,1.2080495357513428,0.19694307446479797,3.60445499420166,32.48,2.0,0.9442394862957938,-1.0703268192495448,1.4273008468732133,-0.36697201433448595,1.379318399855625,0.0,1,SEARCH,0.0,0.0,0.0,-0.0
80650,DYNAMIC,1.2078917026519775,0.19677510857582092,3.604628324508667,32.48,2.0,0.9442394862957938,-1.0703268192495448,1.4273008468732133,-0.36673293114143324,1.37938198650751,0.0,1,SEARCH,0.0,0.0,0.0,-0.0
80700,DYNAMIC,1.207770586013794,0.19655218720436096,3.604818820953369,33.15,2.0,0.9412635962594496,-1.0652792877050763,1.4215474379902722,-0.36606330138455667,1.3736064858015726,0.0,1,SEARCH,0.0,0.0,0.0,-0.0
80751,DYNAMIC,1.2076950073242188,0.196370929479599,3.604915142059326,33.15,2.0,0.9412635962594496,-1.0652792877050763,1.4215474379902722,-0.36593099239077614,1.3736417390515652,0.0,1,SEARCH,0.0,0.0,0.0,-0.0
80800,DYNAMIC,1.2076106071472168,0.19612160325050354,3.6050922870635986,33.15,2.0,0.9412635962594496,-1.0652792877050763,1.4215474379902722,-0.365687652878794,1.3737065403457558,0.0,1,SEARCH,0.0,0.0,0.0,-0.0
80852,DYNAMIC,1.2075755596160889,0.19595655798912048,3.605226516723633,33.15,2.0,0.9412635962594496,-1.0652792877050763,1.4215474379902722,-0.3655032574230431,1.3737556140994842,0.0,1,SEARCH,0.0,0.0,0.0,-0.0
80900,DYNAMIC,1.207604169845581,0.19585862755775452,3.605400323867798,33.15,2.0,0.9412635962594496,-1.0652792877050763,1.4215474379902722,-0.3652644833634481,1.3738191204266812,0.0,1,SEARCH,0.0,0.0,0.0,-0.0
80951,DYNAMIC,1.2076396942138672,0.1958247721195221,3.6055240631103516,33.15,2.0,0.9412635962594496,-1.0652792877050763,1.4215474379902722,-0.3650944852301591,1.373864307459522,0.0,1,SEARCH,0.0,0.0,0.0,-0.0
81000,DYNAMIC,1.207742691040039,0.19578436017036438,3.605705499649048,33.15,2.0,0.9412635962594496,-1.0652792877050763,1.4215474379902722,-0.3648452100376306,1.3739305263255868,0.0,1,SEARCH,0.0,0.0,0.0,-0.0
81051,DYNAMIC,1.2078320980072021,0.1957550346851349,3.6058313846588135,33.15,2.0,0.9412635962594496,-1.0652792877050763,1.4215474379902722,-0.36467224988950603,1.373976443981931,0.0,1,SEARCH,0.0,0.0,0.0,-0.0
81100,DYNAMIC,1.2079839706420898,0.1957564651966095,3.6060292720794678,33.15,2.0,0.9412635962594496,-1.0652792877050763,1.4215474379902722,-0.3644003500965623,1.374048581130307,0.0,1,SEARCH,0.0,0.0,0.0,-0.0
81152,DYNAMIC,1.2081191539764404,0.19578054547309875,3.606163263320923,33.15,2.0,0.9412635962594496,-1.0652792877050763,1.4215474379902722,-0.36421623635074923,1.3740973952508613,0.0,1,SEARCH,0.0,0.0,0.0,-0.0
81200,DYNAMIC,1.2083361148834229,0.19581463932991028,3.60636568069458,33.15,2.0,0.9412635962594496,-1.0652792877050763,1.4215474379902722,-0.36393808770527447,1.3741710907940594,0.0,1,SEARCH,0.0,0.0,0.0,-0.0
81253,DYNAMIC,1.2084994316101074,0.19583329558372498,3.6064610481262207,33.15,2.0,0.9412635962594496,-1.0652792877050763,1.4215474379902722,-0.3638070348829105,1.3742057923857005,0.0,1,SEARCH,0.0,0.0,0.0,-0.0
81305,DYNAMIC,1.2082619667053223,0.19596418738365173,3.60665225982666,33.15,2.0,0.9412635962594496,-1.0652792877050763,1.4215474379902722,-0.36354426400745515,1.3742753314252514,0.0,1,SEARCH,0.0,0.0,0.0,-0.0
81351,DYNAMIC,1.2080824375152588,0.19605067372322083,3.6067841053009033,32.15,2.0,0.9402511748216171,-1.0567290493814459,1.4144781919704685,-0.3662938165850365,1.3662274318324945,0.0,1,SEARCH,0.0,0.0,0.0,-0.0
81400,DYNAMIC,1.207869529724121,0.19616535305976868,3.606938123703003,32.15,2.0,0.9402511748216171,-1.0567290493814459,1.4144781919704685,-0.3660833880753627,1.366283831616004,0.0,1,SEARCH,0.0,0.0,0.0,-0.0
81452,DYNAMIC,1.2077751159667969,0.19623175263404846,3.607067823410034,32.15,2.0,0.9402511748216171,-1.0567290493814459,1.4144781919704685,-0.3659061783840475,1.3663313010322304,0.0,1,SEARCH,0.0,0.0,0.0,-0.0
81500,DYNAMIC,1.2075822353363037,0.19639864563941956,3.6072397232055664,32.15,2.0,0.9402511748216171,-1.0567290493814459,1.4144781919704685,-0.3656713009077479,1.3663941800419384,0.0,1,SEARCH,0.0,0.0,0.0,-0.0
81550,DYNAMIC,1.207435131072998,0.1965545117855072,3.607330799102783,32.15,2.0,0.9402511748216171,-1.0567290493814459,1.4144781919704685,-0.3655468538154322,1.3664274782167125,0.0,1,SEARCH,0.0,0.0,0.0,-0.0
81600,DYNAMIC,1.2072734832763672,0.19675764441490173,3.60750150680542,32.15,2.0,0.9402511748216171,-1.0567290493814459,1.4144781919704685,-0.36531358879471676,1.3664898599704172,0.0,1,SEARCH,0.0,0.0,0.0,-0.0
81651,DYNAMIC,1.207207202911377,0.1968824565410614,3.607583999633789,32.15,2.0,0.9402511748216171,-1.0567290493814459,1.4144781919704685,-0.3652008619383661,1.366519991072037,0.0,1,SEARCH,0.0,0.0,0.0,-0.0
81700,DYNAMIC,1.2069025039672852,0.19701680541038513,3.6077537536621094,32.15,2.0,0.9402511748216171,-1.0567290493814459,1.4144781919704685,-0.364968884404323,1.3665819657000853,0.0,1,SEARCH,0.0,0.0,0.0,-0.0
81750,DYNAMIC,1.2065927982330322,0.19707801938056946,3.60789155960083,32.15,2.0,0.9402511748216171,-1.0567290493814459,1.4144781919704685,-0.3647805578288305,1.366632247603624,0.0,1,SEARCH,0.0,0.0,0.0,-0.0
81800,DYNAMIC,1.206200122833252,0.19715431332588196,3.6080379486083984,32.15,2.0,0.9402511748216171,-1.0567290493814459,1.4144781919704685,-0.3645804939825309,1.366685632823986,0.0,1,SEARCH,0.0,0.0,0.0,-0.0
81851,DYNAMIC,1.2059204578399658,0.19720450043678284,3.608152389526367,32.15,2.0,0.9402511748216171,-1.0567290493814459,1.4144781919704685,-0.3644240868370723,1.3667273468007477,0.0,1,SEARCH,0.0,0.0,0.0,-0.0
81900,DYNAMIC,1.2054691314697266,0.1972118318080902,3.608323097229004,32.15,2.0,0.9402511748216171,-1.0567290493814459,1.4144781919704685,-0.3641907706428392,1.3667895368851124,0.0,1,SEARCH,0.0,0.0,0.0,-0.0
81957,DYNAMIC,1.205108404159546,0.19721850752830505,3.608407497406006,32.15,2.0,0.9402511748216171,-1.0567290493814459,1.4144781919704685,-0.3640754120670022,1.3668202697824934,0.0,1,SEARCH,0.0,0.0,0.0,-0.0
82006,DYNAMIC,1.2047970294952393,0.19722029566764832,3.608527660369873,32.15,2.0,0.9402511748216171,-1.0567290493814459,1.4144781919704685,-0.36391116826423914,1.36686400829512,0.0,1,SEARCH,0.0,0.0,0.0,-0.0
82051,DYNAMIC,1.204401969909668,0.19720962643623352,3.608699321746826,32.51,2.0,0.939322557149039,-1.05029374435351,1.4090577758903735,-0.36574523441167495,1.360762374296951,0.0,1,SEARCH,0.0,0.0,0.0,-0.0
82100,DYNAMIC,1.2042243480682373,0.19712135195732117,3.6088693141937256,32.51,2.0,0.939322557149039,-1.05029374435351,1.4090577758903735,-0.3655139098025846,1.3608245285627218,0.0,1,SEARCH,0.0,0.0,0.0,-0.0
82151,DYNAMIC,1.204176664352417,0.19703784584999084,3.6089494228363037,32.51,2.0,0.939322557149039,-1.05029374435351,1.4090577758903735,-0.36540489482410754,1.3608538050193741,0.0,1,SEARCH,0.0,0.0,0.0,-0.0
82200,DYNAMIC,1.2041599750518799,0.19691172242164612,3.609097480773926,32.51,2.0,0.939322557149039,-1.05029374435351,1.4090577758903735,-0.3652034056120191,1.360907891198559,0.0,1,SEARCH,0.0,0.0,0.0,-0.0
82251,DYNAMIC,1.2041740417480469,0.19683286547660828,3.609196662902832,32.51,2.0,0.939322557149039,-1.05029374435351,1.4090577758903735,-0.3650684260740758,1.360944106156062,0.0,1,SEARCH,0.0,0.0,0.0,-0.0
82300,DYNAMIC,1.2042441368103027,0.19662711024284363,3.6093504428863525,32.51,2.0,0.939322557149039,-1.05029374435351,1.4090577758903735,-0.3648591357960629,1.3610002302803905,0.0,1,SEARCH,0.0,0.0,0.0,-0.0
82350,DYNAMIC,1.2043204307556152,0.19647058844566345,3.609442949295044,32.51,2.0,0.939322557149039,-1.05029374435351,1.4090577758903735,-0.36473323299158167,1.3610339762653372,0.0,1,SEARCH,0.0,0.0,0.0,-0.0
82400,DYNAMIC,1.2044477462768555,0.19624653458595276,3.6095874309539795,32.51,2.0,0.939322557149039,-1.05029374435351,1.4090577758903735,-0.3645365847386135,1.3610866593219675,0.0,1,SEARCH,0.0,0.0,0.0,-0.0
82452,DYNAMIC,1.2045485973358154,0.1961018145084381,3.6096978187561035,32.51,2.0,0.939322557149039,-1.05029374435351,1.4090577758903735,-0.3643863351530714,1.3611268914215306,0.0,1,SEARCH,0.0,0.0,0.0,-0.0
82500,DYNAMIC,1.204399585723877,0.19599726796150208,3.6098616123199463,32.51,2.0,0.939322557149039,-1.05029374435351,1.4090577758903735,-0.3641633864417415,1.3611865572993325,0.0,1,SEARCH,0.0,0.0,0.0,-0.0
82550,DYNAMIC,1.204226016998291,0.19595405459403992,3.609968423843384,32.51,2.0,0.939322557149039,-1.05029374435351,1.4090577758903735,-0.3640179939548344,1.3612254463806588,0.0,1,SEARCH,0.0,0.0,0.0,-0.0
82606,DYNAMIC,1.2040820121765137,0.19590839743614197,3.6100594997406006,32.51,2.0,0.939322557149039,-1.05029374435351,1.4090577758903735,-0.36389401761643064,1.3612585940004562,0.0,1,SEARCH,0.0,0.0,0.0,-0.0
82660,DYNAMIC,1.203873872756958,0.19584009051322937,3.6102182865142822,32.51,2.0,0.939322557149039,-1.05029374435351,1.4090577758903735,-0.3636778631695777,1.3613163583963632,0.0,1,SEARCH,0.0,0.0,0.0,-0.0
82701,DYNAMIC,1.2037036418914795,0.1958015263080597,3.610361337661743,32.47,2.0,0.9385568532099855,-1.04495740512141,1.4045728693184634,-0.3652109125342661,1.356261750028876,0.0,1,SEARCH,0.0,0.0,0.0,-0.0
82752,DYNAMIC,1.20359206199646,0.19579985737800598,3.610485792160034,32.47,2.0,0.9385568532099855,-1.04495740512141,1.4045728693184634,-0.36504211683068893,1.3563071916661325,0.0,1,SEARCH,0.0,0.0,0.0,-0.0
82800,DYNAMIC,1.203476905822754,0.19578084349632263,3.6106128692626953,32.47,2.0,0.9385568532099855,-1.04495740512141,1.4045728693184634,-0.3648697582954597,1.3563535692093391,0.0,1,SEARCH,0.0,0.0,0.0,-0.0
82851,DYNAMIC,1.2034289836883545,0.195757657289505,3.610711097717285,32.47,2.0,0.9385568532099855,-1.04495740512141,1.4045728693184634,-0.3647365240204101,1.3563894032581534,0.0,1,SEARCH,0.0,0.0,0.0,-0.0
82900,DYNAMIC,1.2035887241363525,0.19574347138404846,3.6108627319335938,32.47,2.0,0.9385568532099855,-1.04495740512141,1.4045728693184634,-0.36453084478384423,1.3564446942012334,0.0,1,SEARCH,0.0,0.0,0.0,-0.0
82951,DYNAMIC,1.2037608623504639,0.1957394778728485,3.610962152481079,32.47,2.0,0.9385568532099855,-1.04495740512141,1.4045728693184634,-0.36439598450834276,1.3564809293534859,0.0,1,SEARCH,0.0,0.0,0.0,-0.0
83000,DYNAMIC,1.2040085792541504,0.19572386145591736,3.6111152172088623,32.47,2.0,0.9385568532099855,-1.04495740512141,1.4045728693184634,-0.36418835085627654,1.3565366896350746,0.0,1,SEARCH,0.0,0.0,0.0,-0.0
83051,DYNAMIC,1.2042083740234375,0.19570401310920715,3.6112234592437744,32.47,2.0,0.9385568532099855,-1.04495740512141,1.4045728693184634,-0.36404151443136734,1.3565761021763643,0.0,1,SEARCH,0.0,0.0,0.0,-0.0
83100,DYNAMIC,1.204265832901001,0.19573178887367249,3.6113781929016113,32.47,2.0,0.9385568532099855,-1.04495740512141,1.4045728693184634,-0.3638316020917483,1.3566324154113572,0.0,1,SEARCH,0.0,0.0,0.0,-0.0
83152,DYNAMIC,1.2042829990386963,0.19577136635780334,3.611453056335449,32.47,2.0,0.9385568532099855,-1.04495740512141,1.4045728693184634,-0.3637300389112165,1.356659649292757,0.0,1,SEARCH,0.0,0.0,0.0,-0.0
83210,DYNAMIC,1.2043218612670898,0.19578680396080017,3.6115667819976807,32.47,2.0,0.9385568532099855,-1.04495740512141,1.4045728693184634,-0.36357574954235444,1.3567010059590197,0.0,1,SEARCH,0.0,0.0,0.0,-0.0
83252,DYNAMIC,1.2043650150299072,0.19582536816596985,3.611696243286133,32.47,2.0,0.9385568532099855,-1.04495740512141,1.4045728693184634,-0.3634001062357637,1.3567480635745668,0.0,1,SEARCH,0.0,0.0,0.0,-0.0
83300,DYNAMIC,1.204366683959961,0.1958276331424713,3.611844539642334,32.53,2.0,0.9358403298249878,-1.0452056607871016,1.4029440460219158,-0.36066475797414854,1.355792361913797,0.0,1,SEARCH,0.0,0.0,0.0,-0.0
83352,DYNAMIC,1.2043063640594482,0.19581684470176697,3.611902952194214,32.53,2.0,0.9358403298249878,-1.0452056607871016,1.4029440460219158,-0.36058556206721615,1.355813426949672,0.0,1,SEARCH,0.0,0.0,0.0,-0.0
83400,DYNAMIC,1.204246997833252,0.19579824805259705,3.6120591163635254,32.53,2.0,0.9358403298249878,-1.0452056607871016,1.4029440460219158,-0.36037382819367103,1.3558697209619301,0.0,1,SEARCH,0.0,0.0,0.0,-0.0
83452,DYNAMIC,1.204226016998291,0.1957879364490509,3.612165927886963,32.53,2.0,0.9358403298249878,-1.0452056607871016,1.4029440460219158,-0.360229003627769,1.3559082053050968,0.0,1,SEARCH,0.0,0.0,0.0,-0.0
83500,DYNAMIC,1.204559564590454,0.19581249356269836,3.6122844219207764,32.53,2.0,0.9358403298249878,-1.0452056607871016,1.4029440460219158,-0.36006833406645933,1.3559508807736909,0.0,1,SEARCH,0.0,0.0,0.0,-0.0
83550,DYNAMIC,1.2048847675323486,0.1958427131175995,3.6124086380004883,32.53,2.0,0.9358403298249878,-1.0452056607871016,1.4029440460219158,-0.3598999003863395,1.355995596589549,0.0,1,SEARCH,0.0,0.0,0.0,-0.0
83600,DYNAMIC,1.2053427696228027,0.1958681046962738,3.612544536590576,32.53,2.0,0.9358403298249878,-1.0452056607871016,1.4029440460219158,-0.35971561917377237,1.356044493956881,0.0,1,SEARCH,0.0,0.0,0.0,-0.0
83652,DYNAMIC,1.2056119441986084,0.19587448239326477,3.6126205921173096,32.53,2.0,0.9358403298249878,-1.0452056607871016,1.4029440460219158,-0.35961248345523267,1.356071848395764,0.0,1,SEARCH,0.0,0.0,0.0,-0.0
83700,DYNAMIC,1.2057018280029297,0.19600769877433777,3.6127822399139404,32.53,2.0,0.9358403298249878,-1.0452056607871016,1.4029440460219158,-0.3593932727314821,1.3561299612440167,0.0,1,SEARCH,0.0,0.0,0.0,-0.0
83750,DYNAMIC,1.2055637836456299,0.1961638629436493,3.612867593765259,32.53,2.0,0.9358403298249878,-1.0452056607871016,1.4029440460219158,-0.35927752050740186,1.3561606319040518,0.0,1,SEARCH,0.0,0.0,0.0,-0.0
83802,DYNAMIC,1.2053704261779785,0.19638243317604065,3.6129894256591797,32.53,2.0,0.9358403298249878,-1.0452056607871016,1.4029440460219158,-0.35911229422318486,1.356204393299957,0.0,1,SEARCH,0.0,0.0,0.0,-0.0
83856,DYNAMIC,1.2052626609802246,0.19651684165000916,3.613112211227417,32.53,2.0,0.9358403298249878,-1.0452056607871016,1.4029440460219158,-0.3589457691894844,1.356248476883684,0.0,1,SEARCH,0.0,0.0,0.0,-0.0
83901,DYNAMIC,1.205287218093872,0.19645604491233826,3.613234043121338,32.53,2.0,0.9358403298249878,-1.0452056607871016,1.4029440460219158,-0.3587805322054093,1.356292197861046,0.0,1,SEARCH,0.0,0.0,0.0,-0.0
83951,DYNAMIC,1.2053496837615967,0.19633719325065613,3.613321304321289,32.82,2.0,0.9416314645677375,-1.0472719393241798,1.4083495056127975,-0.3628818573747581,1.3607957552652994,0.0,1,SEARCH,0.0,0.0,0.0,-0.0
84000,DYNAMIC,1.2054691314697266,0.19616088271141052,3.613476037979126,32.82,2.0,0.9416314645677375,-1.0472719393241798,1.4083495056127975,-0.36267129212666677,1.3608518890118,0.0,1,SEARCH,0.0,0.0,0.0,-0.0
84051,DYNAMIC,1.205552577972412,0.19604972004890442,3.613560676574707,32.82,2.0,0.9416314645677375,-1.0472719393241798,1.4083495056127975,-0.3625561102350919,1.360882580126225,0.0,1,SEARCH,0.0,0.0,0.0,-0.0
84100,DYNAMIC,1.2056162357330322,0.19600555300712585,3.613699197769165,32.82,2.0,0.9416314645677375,-1.0472719393241798,1.4083495056127975,-0.3623675956767932,1.3609327887751221,0.0,1,SEARCH,0.0,0.0,0.0,-0.0
84150,DYNAMIC,1.205646276473999,0.19601956009864807,3.613818645477295,32.82,2.0,0.9416314645677375,-1.0472719393241798,1.4083495056127975,-0.3622050327895558,1.3609760630450956,0.0,1,SEARCH,0.0,0.0,0.0,-0.0
84200,DYNAMIC,1.205695390701294,0.1960112750530243,3.613945722579956,32.82,2.0,0.9416314645677375,-1.0472719393241798,1.4083495056127975,-0.362032080970588,1.3610220800221857,0.0,1,SEARCH,0.0,0.0,0.0,-0.0
84251,DYNAMIC,1.2057254314422607,0.19599506258964539,3.614041328430176,32.82,2.0,0.9416314645677375,-1.0472719393241798,1.4083495056127975,-0.36190195764308464,1.3610566861868443,0.0,1,SEARCH,0.0,0.0,0.0,-0.0
84300,DYNAMIC,1.2060539722442627,0.19595596194267273,3.614201307296753,32.82,2.0,0.9416314645677375,-1.0472719393241798,1.4083495056127975,-0.3616842127068886,1.3611145654346695,0.0,1,SEARCH,0.0,0.0,0.0,-0.0
84352,DYNAMIC,1.2063369750976562,0.1959289014339447,3.6142868995666504,32.82,2.0,0.9416314645677375,-1.0472719393241798,1.4083495056127975,-0.3615677104969289,1.3611455178215957,0.0,1,SEARCH,0.0,0.0,0.0,-0.0
84400,DYNAMIC,1.2067325115203857,0.19587525725364685,3.6144423484802246,32.82,2.0,0.9416314645677375,-1.0472719393241798,1.4083495056127975,-0.3613561175372923,1.3612017066835413,0.0,1,SEARCH,0.0,0.0,0.0,-0.0
84458,DYNAMIC,1.2069876194000244,0.19583061337471008,3.614556312561035,32.82,2.0,0.9416314645677375,-1.0472719393241798,1.4083495056127975,-0.3612009870897155,1.3612428794617168,0.0,1,SEARCH,0.0,0.0,0.0,-0.0
84506,DYNAMIC,1.207435131072998,0.19593510031700134,3.6147048473358154,32.82,2.0,0.9416314645677375,-1.0472719393241798,1.4083495056127975,-0.3609987912014242,1.3612965153525227,0.0,1,SEARCH,0.0,0.0,0.0,-0.0
84552,DYNAMIC,1.2077796459197998,0.19609937071800232,3.614800453186035,32.82,2.0,0.9490085763314863,-1.0522308107154548,1.4169710501522668,-0.3651751139912679,1.369107042232667,0.0,1,SEARCH,0.0,0.0,0.0,-0.0
84600,DYNAMIC,1.2082889080047607,0.19633010029792786,3.614914655685425,32.82,2.0,0.9490085763314863,-1.0522308107154548,1.4169710501522668,-0.36501875616410745,1.3691487372152178,0.0,1,SEARCH,0.0,0.0,0.0,-0.0
84653,DYNAMIC,1.2086124420166016,0.19646403193473816,3.614990711212158,32.82,2.0,0.9490085763314863,-1.0522308107154548,1.4169710501522668,-0.36491462378010747,1.3691764949490772,0.0,1,SEARCH,0.0,0.0,0.0,-0.0
84700,DYNAMIC,1.2090160846710205,0.1965751349925995,3.6151034832000732,32.82,2.0,0.9490085763314863,-1.0522308107154548,1.4169710501522668,-0.364760216704888,1.3692176383902672,0.0,1,SEARCH,0.0,0.0,0.0,-0.0
84751,DYNAMIC,1.209244728088379,0.19659778475761414,3.6151747703552246,32.82,2.0,0.9490085763314863,-1.0522308107154548,1.4169710501522668,-0.3646626081479168,1.3692436376293213,0.0,1,SEARCH,0.0,0.0,0.0,-0.0
84800,DYNAMIC,1.2095613479614258,0.19662538170814514,3.615262269973755,32.82,2.0,0.9490085763314863,-1.0522308107154548,1.4169710501522668,-0.3645427984561403,1.3692755402267958,0.0,1,SEARCH,0.0,0.0,0.0,-0.0
84854,DYNAMIC,1.209756851196289,0.19663408398628235,3.615363121032715,32.82,2.0,0.9490085763314863,-1.0522308107154548,1.4169710501522668,-0.3644047037142639,1.3693122977905872,0.0,1,SEARCH,0.0,0.0,0.0,-0.0
84900,DYNAMIC,1.210106611251831,0.19668254256248474,3.6154775619506836,32.82,2.0,0.9490085763314863,-1.0522308107154548,1.4169710501522668,-0.36424799597200697,1.3693539916325488,0.0,1,SEARCH,0.0,0.0,0.0,-0.0
84951,DYNAMIC,1.2103304862976074,0.19671282172203064,3.6155645847320557,32.82,2.0,0.9490085763314863,-1.0522308107154548,1.4169710501522668,-0.36412882959990395,1.369385684321193,0.0,1,SEARCH,0.0,0.0,0.0,-0.0
85000,DYNAMIC,1.210641622543335,0.19673237204551697,3.6156959533691406,32.82,2.0,0.9490085763314863,-1.0522308107154548,1.4169710501522668,-0.3639489321274119,1.3694335076128865,0.0,1,SEARCH,0.0,0.0,0.0,-0.0
85056,DYNAMIC,1.2108523845672607,0.1967434585094452,3.6157684326171875,32.82,2.0,0.9490085763314863,-1.0522308107154548,1.4169710501522668,-0.36384967566066123,1.3694598827608093,0.0,1,SEARCH,0.0,0.0,0.0,-0.0
85103,DYNAMIC,1.2109472751617432,0.19670960307121277,3.6158552169799805,32.82,2.0,0.9490085763314863,-1.0522308107154548,1.4169710501522668,-0.36373082658734285,1.369491454065963,0.0,1,SEARCH,0.0,0.0,0.0,-0.0
85151,DYNAMIC,1.2109477519989014,0.19660130143165588,3.615973949432373,32.53,2.0,0.9565970830103704,-1.0590647146536927,1.4271286028415437,-0.3671971242922063,1.3790802445688182,0.0,1,SEARCH,0.0,0.0,0.0,-0.0
85200,DYNAMIC,1.210982084274292,0.1964922845363617,3.6160848140716553,32.53,2.0,0.9565970830103704,-1.0590647146536927,1.4271286028415437,-0.36704423080206,1.379120945270349,0.0,1,SEARCH,0.0,0.0,0.0,-0.0
85252,DYNAMIC,1.2110176086425781,0.1964057981967926,3.6161649227142334,32.53,2.0,0.9565970830103704,-1.0590647146536927,1.4271286028415437,-0.36693375011756757,1.3791503442602315,0.0,1,SEARCH,0.0,0.0,0.0,-0.0
85300,DYNAMIC,1.2110674381256104,0.19644436240196228,3.616288661956787,32.53,2.0,0.9565970830103704,-1.0590647146536927,1.4271286028415437,-0.366763092289902,1.3791957378060613,0.0,1,SEARCH,0.0,0.0,0.0,-0.0
85351,DYNAMIC,1.2111246585845947,0.19648990035057068,3.616365432739258,32.53,2.0,0.9565970830103704,-1.0590647146536927,1.4271286028415437,-0.3666572092732288,1.3792238904312906,0.0,1,SEARCH,0.0,0.0,0.0,-0.0
85400,DYNAMIC,1.2112078666687012,0.19654712080955505,3.616506814956665,32.53,2.0,0.9565970830103704,-1.0590647146536927,1.4271286028415437,-0.3664622078774053,1.3792757154557875,0.0,1,SEARCH,0.0,0.0,0.0,-0.0
85452,DYNAMIC,1.2112607955932617,0.1965843141078949,3.6165928840637207,32.53,2.0,0.9565970830103704,-1.0590647146536927,1.4271286028415437,-0.36634349349098294,1.379307251421988,0.0,1,SEARCH,0.0,0.0,0.0,-0.0
85500,DYNAMIC,1.2114346027374268,0.1965811550617218,3.616703510284424,32.53,2.0,0.9565970830103704,-1.0590647146536927,1.4271286028415437,-0.36619090370119567,1.3793477701779775,0.0,1,SEARCH,0.0,0.0,0.0,-0.0
85552,DYNAMIC,1.211554765701294,0.19656279683113098,3.6167922019958496,32.53,2.0,0.9565970830103704,-1.0590647146536927,1.4271286028415437,-0.3660685655466986,1.3793802428507664,0.0,1,SEARCH,0.0,0.0,0.0,-0.0
85600,DYNAMIC,1.2117459774017334,0.19653835892677307,3.6169185638427734,32.53,2.0,0.9565970830103704,-1.0590647146536927,1.4271286028415437,-0.3658942615894994,1.3794264889381862,0.0,1,SEARCH,0.0,0.0,0.0,-0.0
85652,DYNAMIC,1.2118926048278809,0.19651928544044495,3.616981267929077,32.53,2.0,0.9565970830103704,-1.0590647146536927,1.4271286028415437,-0.36580776519263203,1.3794494292917117,0.0,1,SEARCH,0.0,0.0,0.0,-0.0
85706,DYNAMIC,1.2120177745819092,0.19650480151176453,3.6170780658721924,32.53,2.0,0.9565970830103704,-1.0590647146536927,1.4271286028415437,-0.3656742356116732,1.3794848322682913,0.0,1,SEARCH,0.0,0.0,0.0,-0.0
85752,DYNAMIC,1.2121288776397705,0.19650337100028992,3.6171514987945557,32.53,2.0,0.9565970830103704,-1.0590647146536927,1.4271286028415437,-0.36557293502324517,1.3795116810766581,0.0,1,SEARCH,0.0,0.0,0.0,-0.0
85800,DYNAMIC,1.212278127670288,0.19649860262870789,3.6172995567321777,32.82,2.0,0.9635952253556057,-1.0627266904799326,1.434539569683092,-0.3699127524052737,1.3860260937639328,0.0,1,SEARCH,0.0,0.0,0.0,-0.0
85853,DYNAMIC,1.212367057800293,0.19649586081504822,3.617401361465454,32.82,2.0,0.9635952253556057,-1.0627266904799326,1.434539569683092,-0.3697716464718021,1.3860637454504334,0.0,1,SEARCH,0.0,0.0,0.0,-0.0
85900,DYNAMIC,1.2121660709381104,0.1964752972126007,3.617520332336426,32.82,2.0,0.9635952253556057,-1.0627266904799326,1.434539569683092,-0.36960674264428606,1.3861077276959506,0.0,1,SEARCH,0.0,0.0,0.0,-0.0
85952,DYNAMIC,1.2119519710540771,0.19645974040031433,3.6176047325134277,32.82,2.0,0.9635952253556057,-1.0627266904799326,1.434539569683092,-0.3694897535904372,1.386138917633521,0.0,1,SEARCH,0.0,0.0,0.0,-0.0
86000,DYNAMIC,1.2116615772247314,0.19643530249595642,3.6177151203155518,32.82,2.0,0.9635952253556057,-1.0627266904799326,1.434539569683092,-0.3693367385109892,1.3861796963498694,0.0,1,SEARCH,0.0,0.0,0.0,-0.0
86053,DYNAMIC,1.2114803791046143,0.19641926884651184,3.6177899837493896,32.82,2.0,0.9635952253556057,-1.0627266904799326,1.434539569683092,-0.369232963304121,1.3862073422818857,0.0,1,SEARCH,0.0,0.0,0.0,-0.0
86100,DYNAMIC,1.210982322692871,0.19648638367652893,3.617901086807251,32.82,2.0,0.9635952253556057,-1.0627266904799326,1.434539569683092,-0.369078949150995,1.3862483566374924,0.0,1,SEARCH,0.0,0.0,0.0,-0.0
86153,DYNAMIC,1.2105929851531982,0.19653603434562683,3.6180007457733154,32.82,2.0,0.9635952253556057,-1.0627266904799326,1.434539569683092,-0.3689407952404633,1.3862851317798535,0.0,1,SEARCH,0.0,0.0,0.0,-0.0
86200,DYNAMIC,1.2100787162780762,0.19660410284996033,3.61814546585083,32.82,2.0,0.9635952253556057,-1.0627266904799326,1.434539569683092,-0.3687401680859053,1.3863385104030435,0.0,1,SEARCH,0.0,0.0,0.0,-0.0
86252,DYNAMIC,1.2097926139831543,0.1966351568698883,3.6182048320770264,32.82,2.0,0.9635952253556057,-1.0627266904799326,1.434539569683092,-0.36865786575057596,1.3863603986722866,0.0,1,SEARCH,0.0,0.0,0.0,-0.0
86305,DYNAMIC,1.2095093727111816,0.19664457440376282,3.6183063983917236,32.82,2.0,0.9635952253556057,-1.0627266904799326,1.434539569683092,-0.3685170563327977,1.3863978347423804,0.0,1,SEARCH,0.0,0.0,0.0,-0.0
86355,DYNAMIC,1.209106683731079,0.19662949442863464,3.6184260845184326,32.82,2.0,0.9635952253556057,-1.0627266904799326,1.434539569683092,-0.3683511211068149,1.3864419311914595,0.0,1,SEARCH,0.0,0.0,0.0,-0.0
86400,DYNAMIC,1.2087881565093994,0.19659671187400818,3.618548631668091,32.82,2.0,0.9669443931280504,-1.0637561056571936,1.4375529596243515,-0.3706840218447791,1.3889391158987898,0.0,1,SEARCH,0.0,0.0,0.0,-0.0
86452,DYNAMIC,1.208608627319336,0.19656714797019958,3.618626117706299,32.82,2.0,0.9669443931280504,-1.0637561056571936,1.4375529596243515,-0.3705763973426742,1.3889678345653858,0.0,1,SEARCH,0.0,0.0,0.0,-0.0
86500,DYNAMIC,1.2083358764648438,0.19676753878593445,3.618745803833008,32.82,2.0,0.9669443931280504,-1.0637561056571936,1.4375529596243515,-0.3704101545086179,1.389012177470606,0.0,1,SEARCH,0.0,0.0,0.0,-0.0
86551,DYNAMIC,1.2081661224365234,0.19695797562599182,3.6188242435455322,32.82,2.0,0.9669443931280504,-1.0637561056571936,1.4375529596243515,-0.3703011996533084,1.3890412280634628,0.0,1,SEARCH,0.0,0.0,0.0,-0.0
86600,DYNAMIC,1.2079412937164307,0.19721689820289612,3.6189396381378174,32.82,2.0,0.9669443931280504,-1.0637561056571936,1.4375529596243515,-0.37014090934203525,1.3890839495711493,0.0,1,SEARCH,0.0,0.0,0.0,-0.0
86651,DYNAMIC,1.2078146934509277,0.197369784116745,3.619027853012085,32.82,2.0,0.9669443931280504,-1.0637561056571936,1.4375529596243515,-0.3700183700360426,1.3891165961000547,0.0,1,SEARCH,0.0,0.0,0.0,-0.0
86700,DYNAMIC,1.2077889442443848,0.19735082983970642,3.619140386581421,32.82,2.0,0.9669443931280504,-1.0637561056571936,1.4375529596243515,-0.3698620454446695,1.3891582267921163,0.0,1,SEARCH,0.0,0.0,0.0,-0.0
86751,DYNAMIC,1.2078065872192383,0.197267085313797,3.6192259788513184,32.82,2.0,0.9669443931280504,-1.0637561056571936,1.4375529596243515,-0.36974314288412524,1.3891898790355843,0.0,1,SEARCH,0.0,0.0,0.0,-0.0
86801,DYNAMIC,1.2078323364257812,0.19714364409446716,3.6193904876708984,32.82,2.0,0.9669443931280504,-1.0637561056571936,1.4375529596243515,-0.3695146038947761,1.3892506862453653,0.0,1,SEARCH,0.0,0.0,0.0,-0.0
86851,DYNAMIC,1.2078685760498047,0.19705906510353088,3.619450807571411,32.82,2.0,0.9669443931280504,-1.0637561056571936,1.4375529596243515,-0.36943080375940773,1.3892729728021092,0.0,1,SEARCH,0.0,0.0,0.0,-0.0
86915,DYNAMIC,1.207843542098999,0.196956604719162,3.6195600032806396,32.82,2.0,0.9669443931280504,-1.0637561056571936,1.4375529596243515,-0.3692790989096405,1.389313304778017,0.0,1,SEARCH,0.0,0.0,0.0,-0.0
86951,DYNAMIC,1.2078101634979248,0.1968865692615509,3.6196484565734863,32.82,2.0,0.9669443931280504,-1.0637561056571936,1.4375529596243515,-0.36915620812858035,1.3893459632952694,0.0,1,SEARCH,0.0,0.0,0.0,-0.0
87000,DYNAMIC,1.207780361175537,0.1967742145061493,3.6197621822357178,32.81,2.0,0.9696717992384055,-1.0641643071317408,1.4396906163517995,-0.37123186231287114,1.3910053828850346,0.0,1,SEARCH,0.0,0.0,0.0,-0.0
87052,DYNAMIC,1.207766056060791,0.19666489958763123,3.6198439598083496,32.81,2.0,0.9696717992384055,-1.0641643071317408,1.4396906163517995,-0.37111810802794803,1.3910357366743606,0.0,1,SEARCH,0.0,0.0,0.0,-0.0
87100,DYNAMIC,1.20731520652771,0.19660452008247375,3.619978666305542,32.81,2.0,0.9696717992384055,-1.0641643071317408,1.4396906163517995,-0.3709307231098328,1.3910857160738304,0.0,1,SEARCH,0.0,0.0,0.0,-0.0
87151,DYNAMIC,1.2069172859191895,0.1965591013431549,3.620063066482544,32.81,2.0,0.9696717992384055,-1.0641643071317408,1.4396906163517995,-0.37081331390816863,1.391117017737856,0.0,1,SEARCH,0.0,0.0,0.0,-0.0
87200,DYNAMIC,1.2063734531402588,0.1964692771434784,3.6201696395874023,32.81,2.0,0.9696717992384055,-1.0641643071317408,1.4396906163517995,-0.370665056142831,1.3911565285639345,0.0,1,SEARCH,0.0,0.0,0.0,-0.0
87253,DYNAMIC,1.2060418128967285,0.19640889763832092,3.620227575302124,32.81,2.0,0.9696717992384055,-1.0641643071317408,1.4396906163517995,-0.37058445787302663,1.3911780009741312,0.0,1,SEARCH,0.0,0.0,0.0,-0.0
87300,DYNAMIC,1.205796241760254,0.19644460082054138,3.620333671569824,32.81,2.0,0.9696717992384055,-1.0641643071317408,1.4396906163517995,-0.3704368569939667,1.391217310772065,0.0,1,SEARCH,0.0,0.0,0.0,-0.0
87354,DYNAMIC,1.205698013305664,0.19649776816368103,3.6204302310943604,32.81,2.0,0.9696717992384055,-1.0641643071317408,1.4396906163517995,-0.3703025199851921,1.3912530734931159,0.0,1,SEARCH,0.0,0.0,0.0,-0.0
87400,DYNAMIC,1.2055816650390625,0.19654324650764465,3.620537042617798,32.81,2.0,0.9696717992384055,-1.0641643071317408,1.4396906163517995,-0.37015391601287234,1.3912926181331373,0.0,1,SEARCH,0.0,0.0,0.0,-0.0
87451,DYNAMIC,1.2055175304412842,0.1965642273426056,3.620607614517212,32.81,2.0,0.9696717992384055,-1.0641643071317408,1.4396906163517995,-0.37005572892849553,1.3913187371334523,0.0,1,SEARCH,0.0,0.0,0.0,-0.0
87505,DYNAMIC,1.206427812576294,0.1968311369419098,3.620727062225342,32.81,2.0,0.9696717992384055,-1.0641643071317408,1.4396906163517995,-0.36988953645452965,1.3913629295165506,0.0,1,SEARCH,0.0,0.0,0.0,-0.0
87554,DYNAMIC,1.2073006629943848,0.19705644249916077,3.6207938194274902,32.81,2.0,0.9696717992384055,-1.0641643071317408,1.4396906163517995,-0.3697966521340402,1.391387619206769,0.0,1,SEARCH,0.0,0.0,0.0,-0.0
87600,DYNAMIC,1.2085256576538086,0.19734904170036316,3.6209137439727783,32.81,2.0,0.9686010889201696,-1.0602233638590375,1.4360576766724626,-0.3704972097980052,1.3874413386741091,0.0,1,SEARCH,0.0,0.0,0.0,-0.0
87652,DYNAMIC,1.2092781066894531,0.1975170075893402,3.62099289894104,32.81,2.0,0.9686010889201696,-1.0602233638590375,1.4360576766724626,-0.3703873857623153,1.387470661022448,0.0,1,SEARCH,0.0,0.0,0.0,-0.0
87700,DYNAMIC,1.2100975513458252,0.1977590024471283,3.6211066246032715,32.81,2.0,0.9686010889201696,-1.0602233638590375,1.4360576766724626,-0.3702295923476965,1.3875127746006413,0.0,1,SEARCH,0.0,0.0,0.0,-0.0
87752,DYNAMIC,1.2104699611663818,0.19792500138282776,3.6211814880371094,32.81,2.0,0.9686010889201696,-1.0602233638590375,1.4360576766724626,-0.3701257173395107,1.3875404873710258,0.0,1,SEARCH,0.0,0.0,0.0,-0.0
87800,DYNAMIC,1.2110011577606201,0.19814369082450867,3.6212668418884277,32.81,2.0,0.9686010889201696,-1.0602233638590375,1.4360576766724626,-0.3700072840669626,1.387572073972124,0.0,1,SEARCH,0.0,0.0,0.0,-0.0
87852,DYNAMIC,1.2113351821899414,0.19826731085777283,3.621333360671997,32.81,2.0,0.9686010889201696,-1.0602233638590375,1.4360576766724626,-0.3699149836419607,1.3875966833367248,0.0,1,SEARCH,0.0,0.0,0.0,-0.0
87900,DYNAMIC,1.211254358291626,0.1984749138355255,3.6214473247528076,32.81,2.0,0.9686010889201696,-1.0602233638590375,1.4360576766724626,-0.3697568450595576,1.3876388313468002,0.0,1,SEARCH,0.0,0.0,0.0,-0.0
87952,DYNAMIC,1.2110371589660645,0.1986011564731598,3.621518135070801,32.81,2.0,0.9686010889201696,-1.0602233638590375,1.4360576766724626,-0.36965858498573323,1.3876650104676764,0.0,1,SEARCH,0.0,0.0,0.0,-0.0
88000,DYNAMIC,1.210763692855835,0.19876477122306824,3.6216368675231934,32.81,2.0,0.9686010889201696,-1.0602233638590375,1.4360576766724626,-0.3694938215107167,1.3877088911566857,0.0,1,SEARCH,0.0,0.0,0.0,-0.0
88052,DYNAMIC,1.2106165885925293,0.19884154200553894,3.621718168258667,32.81,2.0,0.9686010889201696,-1.0602233638590375,1.4360576766724626,-0.3693809985362247,1.3877389266898486,0.0,1,SEARCH,0.0,0.0,0.0,-0.0
88105,DYNAMIC,1.2103912830352783,0.19896134734153748,3.621788501739502,32.81,2.0,0.9686010889201696,-1.0602233638590375,1.4360576766724626,-0.36928339311347413,1.387764903108776,0.0,1,SEARCH,0.0,0.0,0.0,-0.0
88161,DYNAMIC,1.2099976539611816,0.19917377829551697,3.621893882751465,32.81,2.0,0.9686010889201696,-1.0602233638590375,1.4360576766724626,-0.3691371469934136,1.3878038108606974,0.0,1,SEARCH,0.0,0.0,0.0,-0.0
88202,DYNAMIC,1.209679126739502,0.19934937357902527,3.6220016479492188,32.52,2.0,0.9679821669434266,-1.0582270712618083,1.4341666604240373,-0.3693612946652675,1.3857872289334439,0.0,1,SEARCH,0.0,0.0,0.0,-0.0
88252,DYNAMIC,1.2094955444335938,0.19943639636039734,3.6220808029174805,32.52,2.0,0.9679821669434266,-1.0582270712618083,1.4341666604240373,-0.3692516015641403,1.3858164613736386,0.0,1,SEARCH,0.0,0.0,0.0,-0.0
88300,DYNAMIC,1.2089431285858154,0.19952669739723206,3.622166156768799,32.52,2.0,0.9679821669434266,-1.0582270712618083,1.4341666604240373,-0.3691333154470345,1.3858479733718687,0.0,1,SEARCH,0.0,0.0,0.0,-0.0
88352,DYNAMIC,1.2084152698516846,0.1995733082294464,3.6222407817840576,32.52,2.0,0.9679821669434266,-1.0582270712618083,1.4341666604240373,-0.36902989549313936,1.3858755160923215,0.0,1,SEARCH,0.0,0.0,0.0,-0.0
88400,DYNAMIC,1.2077205181121826,0.19961395859718323,3.6223196983337402,32.52,2.0,0.9679821669434266,-1.0582270712618083,1.4341666604240373,-0.3689205258301071,1.3859046343428805,0.0,1,SEARCH,0.0,0.0,0.0,-0.0
88451,DYNAMIC,1.207308292388916,0.19962206482887268,3.622373580932617,32.52,2.0,0.9679821669434266,-1.0582270712618083,1.4341666604240373,-0.36884584915109936,1.3859245107277094,0.0,1,SEARCH,0.0,0.0,0.0,-0.0
88500,DYNAMIC,1.2077102661132812,0.19947519898414612,3.6224770545959473,32.52,2.0,0.9679821669434266,-1.0582270712618083,1.4341666604240373,-0.368702440490552,1.3859626691394493,0.0,1,SEARCH,0.0,0.0,0.0,-0.0
88551,DYNAMIC,1.2080841064453125,0.1993524134159088,3.622547149658203,32.52,2.0,0.9679821669434266,-1.0582270712618083,1.4341666604240373,-0.3686052904452779,1.3859885099551108,0.0,1,SEARCH,0.0,0.0,0.0,-0.0
88600,DYNAMIC,1.2085919380187988,0.19915536046028137,3.6226251125335693,32.52,2.0,0.9679821669434266,-1.0582270712618083,1.4341666604240373,-0.3684972336756966,1.3860172432712354,0.0,1,SEARCH,0.0,0.0,0.0,-0.0
88651,DYNAMIC,1.208916187286377,0.19903692603111267,3.62272047996521,32.52,2.0,0.9679821669434266,-1.0582270712618083,1.4341666604240373,-0.3683650510954652,1.386052379603048,0.0,1,SEARCH,0.0,0.0,0.0,-0.0
88709,DYNAMIC,1.2090935707092285,0.19896212220191956,3.6227641105651855,32.52,2.0,0.9679821669434266,-1.0582270712618083,1.4341666604240373,-0.36830457644794945,1.3860684502719671,0.0,1,SEARCH,0.0,0.0,0.0,-0.0
88753,DYNAMIC,1.2086639404296875,0.19912180304527283,3.62290620803833,32.52,2.0,0.9679821669434266,-1.0582270712618083,1.4341666604240373,-0.36810761590587693,1.3861207714279182,0.0,1,SEARCH,0.0,0.0,0.0,-0.0
88801,DYNAMIC,1.208360195159912,0.19924232363700867,3.6230337619781494,32.81,2.0,0.9693067185897872,-1.0563619702533742,1.4336862023821293,-0.36996844364451037,1.3851279643441434,0.0,1,SEARCH,0.0,0.0,0.0,-0.0
88851,DYNAMIC,1.2081818580627441,0.1992846429347992,3.6230709552764893,32.81,2.0,0.9693067185897872,-1.0563619702533742,1.4336862023821293,-0.3699169259110092,1.3851417237327885,0.0,1,SEARCH,0.0,0.0,0.0,-0.0
88900,DYNAMIC,1.2076122760772705,0.1990770399570465,3.6231954097747803,32.81,2.0,0.9693067185897872,-1.0563619702533742,1.4336862023821293,-0.3697445359283579,1.3851877508309172,0.0,1,SEARCH,0.0,0.0,0.0,-0.0
88951,DYNAMIC,1.2071735858917236,0.19885662198066711,3.6232826709747314,32.81,2.0,0.9693067185897872,-1.0563619702533742,1.4336862023821293,-0.36962366137550307,1.3852200099089889,0.0,1,SEARCH,0.0,0.0,0.0,-0.0
89000,DYNAMIC,1.2065796852111816,0.19852527976036072,3.623356342315674,32.81,2.0,0.9693067185897872,-1.0563619702533742,1.4336862023821293,-0.3695216093569051,1.3852472368206241,0.0,1,SEARCH,0.0,0.0,0.0,-0.0
89051,DYNAMIC,1.206239938735962,0.1983090341091156,3.6234238147735596,32.81,2.0,0.9693067185897872,-1.0563619702533742,1.4336862023821293,-0.36942814247999867,1.385272166198639,0.0,1,SEARCH,0.0,0.0,0.0,-0.0
89100,DYNAMIC,1.2058923244476318,0.19813469052314758,3.6235148906707764,32.81,2.0,0.9693067185897872,-1.0563619702533742,1.4336862023821293,-0.36930197604257736,1.385305806452835,0.0,1,SEARCH,0.0,0.0,0.0,-0.0
89151,DYNAMIC,1.2057163715362549,0.1980508267879486,3.623570203781128,32.81,2.0,0.9693067185897872,-1.0563619702533742,1.4336862023821293,-0.36922534990472633,1.385326231574579,0.0,1,SEARCH,0.0,0.0,0.0,-0.0
89200,DYNAMIC,1.2054996490478516,0.19790390133857727,3.62369441986084,32.81,2.0,0.9693067185897872,-1.0563619702533742,1.4336862023821293,-0.3690532672630545,1.3853720846124178,0.0,1,SEARCH,0.0,0.0,0.0,-0.0
89251,DYNAMIC,1.2053914070129395,0.19778671860694885,3.6237215995788574,32.81,2.0,0.9693067185897872,-1.0563619702533742,1.4336862023821293,-0.3690156131041334,1.3853821148644414,0.0,1,SEARCH,0.0,0.0,0.0,-0.0
89300,DYNAMIC,1.2050001621246338,0.19767919182777405,3.623845100402832,32.81,2.0,0.9693067185897872,-1.0563619702533742,1.4336862023821293,-0.36884451445766603,1.3854276780313652,0.0,1,SEARCH,0.0,0.0,0.0,-0.0
89354,DYNAMIC,1.204695701599121,0.19761666655540466,3.623948097229004,32.81,2.0,0.9693067185897872,-1.0563619702533742,1.4336862023821293,-0.36870181784777534,1.3854656604970899,0.0,1,SEARCH,0.0,0.0,0.0,-0.0
89402,DYNAMIC,1.204458236694336,0.19753113389015198,3.623969793319702,32.81,2.0,0.9693067185897872,-1.0563619702533742,1.4336862023821293,-0.3686717585723705,1.3854736595590864,0.0,1,SEARCH,0.0,0.0,0.0,-0.0
89453,DYNAMIC,1.20414137840271,0.19737598299980164,3.624105215072632,32.81,2.0,0.9693067185897872,-1.0563619702533742,1.4336862023821293,-0.36848413192078333,1.385523573030599,0.0,1,SEARCH,0.0,0.0,0.0,-0.0
89500,DYNAMIC,1.2041244506835938,0.19734010100364685,3.6242189407348633,32.81,2.0,0.9694309986818995,-1.0538303406405671,1.4319060192833881,-0.369611591897136,1.3833806848424854,0.0,1,SEARCH,0.0,0.0,0.0,-0.0
89551,DYNAMIC,1.2042129039764404,0.19734016060829163,3.6242587566375732,32.81,2.0,0.9694309986818995,-1.0538303406405671,1.4319060192833881,-0.3695565110534182,1.383395400165124,0.0,1,SEARCH,0.0,0.0,0.0,-0.0
89600,DYNAMIC,1.2043304443359375,0.19730255007743835,3.6243648529052734,32.81,2.0,0.9694309986818995,-1.0538303406405671,1.4319060192833881,-0.36940973588504106,1.383434600945539,0.0,1,SEARCH,0.0,0.0,0.0,-0.0
89651,DYNAMIC,1.2044086456298828,0.1972457468509674,3.6244263648986816,32.81,2.0,0.9694309986818995,-1.0538303406405671,1.4319060192833881,-0.36932463736616816,1.3834573214574952,0.0,1,SEARCH,0.0,0.0,0.0,-0.0
89700,DYNAMIC,1.2041900157928467,0.19717702269554138,3.624539852142334,32.81,2.0,0.9694309986818995,-1.0538303406405671,1.4319060192833881,-0.369167630230051,1.3834992261834942,0.0,1,SEARCH,0.0,0.0,0.0,-0.0
89751,DYNAMIC,1.2038335800170898,0.1971597969532013,3.6246678829193115,32.81,2.0,0.9694309986818995,-1.0538303406405671,1.4319060192833881,-0.3689904967239831,1.3835464796628218,0.0,1,SEARCH,0.0,0.0,0.0,-0.0
89800,DYNAMIC,1.203392505645752,0.19707843661308289,3.624734878540039,32.81,2.0,0.9694309986818995,-1.0538303406405671,1.4319060192833881,-0.36889780434075103,1.3835711973052098,0.0,1,SEARCH,0.0,0.0,0.0,-0.0
89851,DYNAMIC,1.2031378746032715,0.19699087738990784,3.6248021125793457,32.81,2.0,0.9694309986818995,-1.0538303406405671,1.4319060192833881,-0.3688047804267722,1.3835959966675095,0.0,1,SEARCH,0.0,0.0,0.0,-0.0
89900,DYNAMIC,1.203326940536499,0.19698503613471985,3.6249337196350098,32.81,2.0,0.9694309986818995,-1.0538303406405671,1.4319060192833881,-0.36862268623802164,1.3836445219964064,0.0,1,SEARCH,0.0,0.0,0.0,-0.0
89951,DYNAMIC,1.2036173343658447,0.19699010252952576,3.624967575073242,32.81,2.0,0.9694309986818995,-1.0538303406405671,1.4319060192833881,-0.36857584213512457,1.3836570010860287,0.0,1,SEARCH,0.0,0.0,0.0,-0.0
90001,DYNAMIC,1.203979253768921,0.19699165225028992,3.6250810623168945,32.81,2.0,0.9694309986818995,-1.0538303406405671,1.4319060192833881,-0.36841881234273866,1.383698820832035,0.0,1,SEARCH,0.0,0.0,0.0,-0.0
90055,DYNAMIC,1.204322338104248,0.19695821404457092,3.6251282691955566,32.81,2.0,0.9707464142767533,-1.0529510228074548,1.432150291436775,-0.36992690957668495,1.3835492542130483,0.0,1,SEARCH,0.0,0.0,0.0,-0.0
90100,DYNAMIC,1.2047045230865479,0.19694581627845764,3.6251606941223145,32.81,2.0,0.9707464142767533,-1.0529510228074548,1.432150291436775,-0.36988204789899287,1.3835612483386799,0.0,1,SEARCH,0.0,0.0,0.0,-0.0
90151,DYNAMIC,1.2049543857574463,0.19689247012138367,3.6252830028533936,32.81,2.0,0.9707464142767533,-1.0529510228074548,1.432150291436775,-0.36971282351214885,1.3836064777938537,0.0,1,SEARCH,0.0,0.0,0.0,-0.0
90200,DYNAMIC,1.2052738666534424,0.19679412245750427,3.62540864944458,32.81,2.0,0.9707464142767533,-1.0529510228074548,1.432150291436775,-0.36953897515678763,1.3836529200281804,0.0,1,SEARCH,0.0,0.0,0.0,-0.0
90251,DYNAMIC,1.2054922580718994,0.19668254256248474,3.6253316402435303,32.81,2.0,0.9707464142767533,-1.0529510228074548,1.432150291436775,-0.3696455280668236,1.3836244580241555,0.0,1,SEARCH,0.0,0.0,0.0,-0.0
90300,DYNAMIC,1.2054877281188965,0.1962980329990387,3.6254770755767822,32.81,2.0,0.9707464142767533,-1.0529510228074548,1.432150291436775,-0.3694442962741179,1.3836782029117034,0.0,1,SEARCH,0.0,0.0,0.0,-0.0
90351,DYNAMIC,1.205460786819458,0.19602134823799133,3.6256113052368164,32.81,2.0,0.9707464142767533,-1.0529510228074548,1.432150291436775,-0.36925856229165194,1.3837277808285635,0.0,1,SEARCH,0.0,0.0,0.0,-0.0
90400,DYNAMIC,1.2054328918457031,0.19559070467948914,3.625641107559204,32.81,2.0,0.9707464142767533,-1.0529510228074548,1.432150291436775,-0.3692173238262534,1.3837387849767813,0.0,1,SEARCH,0.0,0.0,0.0,-0.0
90451,DYNAMIC,1.2054190635681152,0.1953112781047821,3.625739574432373,32.81,2.0,0.9707464142767533,-1.0529510228074548,1.432150291436775,-0.3690810696051193,1.3837751339439441,0.0,1,SEARCH,0.0,0.0,0.0,-0.0
90500,DYNAMIC,1.2056069374084473,0.19524672627449036,3.625828266143799,32.81,2.0,0.9707464142767533,-1.0529510228074548,1.432150291436775,-0.368958338768786,1.3838078629330797,0.0,1,SEARCH,0.0,0.0,0.0,-0.0
90551,DYNAMIC,1.2057726383209229,0.19528254866600037,3.62581729888916,32.81,2.0,0.9707464142767533,-1.0529510228074548,1.432150291436775,-0.3689735153198002,1.3838038163898048,0.0,1,SEARCH,0.0,0.0,0.0,-0.0
90603,DYNAMIC,1.2059142589569092,0.19538363814353943,3.6258702278137207,32.81,2.0,0.9707464142767533,-1.0529510228074548,1.432150291436775,-0.3689002715551957,1.3838233438228096,0.0,1,SEARCH,0.0,0.0,0.0,-0.0
90654,DYNAMIC,1.2061703205108643,0.19566842913627625,3.626112461090088,32.81,2.0,0.9707464142767533,-1.0529510228074548,1.432150291436775,-0.36856505267301315,1.383912663144094,0.0,1,SEARCH,0.0,0.0,0.0,-0.0
90701,DYNAMIC,1.2063028812408447,0.19603708386421204,3.6260128021240234,32.82,2.0,0.9700161989831655,-1.0502956678673665,1.429703611323237,-0.369293355996471,1.381186024200784,0.0,1,SEARCH,0.0,0.0,0.0,-0.0
90751,DYNAMIC,1.2066810131072998,0.19642087817192078,3.6261000633239746,32.82,2.0,0.9700161989831655,-1.0502956678673665,1.429703611323237,-0.3691728306408012,1.3812182439235894,0.0,1,SEARCH,0.0,0.0,0.0,-0.0
90800,DYNAMIC,1.206956148147583,0.19710662961006165,3.6265947818756104,32.82,2.0,0.9700161989831655,-1.0502956678673665,1.429703611323237,-0.36848947120267944,1.381400711540093,0.0,1,SEARCH,0.0,0.0,0.0,-0.0
90851,DYNAMIC,1.2071938514709473,0.1973240077495575,3.625964879989624,32.82,2.0,0.9700161989831655,-1.0502956678673665,1.429703611323237,-0.3693595449546813,1.381168325288984,0.0,1,SEARCH,0.0,0.0,0.0,-0.0
90900,DYNAMIC,1.2090604305267334,0.19763526320457458,3.626235008239746,32.82,2.0,0.9700161989831655,-1.0502956678673665,1.429703611323237,-0.36898643890043575,1.381268049343892,0.0,1,SEARCH,0.0,0.0,0.0,-0.0
90950,DYNAMIC,1.2105517387390137,0.19773945212364197,3.626650333404541,32.82,2.0,0.9700161989831655,-1.0502956678673665,1.429703611323237,-0.3684127317125528,1.3814211795621203,0.0,1,SEARCH,0.0,0.0,0.0,-0.0
91000,DYNAMIC,1.2127621173858643,0.19786563515663147,3.626378297805786,32.82,2.0,0.9700161989831655,-1.0502956678673665,1.429703611323237,-0.36878851381374145,1.3813209070703873,0.0,1,SEARCH,0.0,0.0,0.0,-0.0
91050,DYNAMIC,1.2141008377075195,0.19792351126670837,3.6266796588897705,32.82,2.0,0.9700161989831655,-1.0502956678673665,1.429703611323237,-0.368372220707747,1.381431982850241,0.0,1,SEARCH,0.0,0.0,0.0,-0.0
91100,DYNAMIC,1.21641206741333,0.19810399413108826,3.626826524734497,32.82,2.0,0.9700161989831655,-1.0502956678673665,1.429703611323237,-0.3681693315605664,1.3814860692489632,0.0,1,SEARCH,0.0,0.0,0.0,-0.0
91151,DYNAMIC,1.2181439399719238,0.19805917143821716,3.626783609390259,32.82,2.0,0.9700161989831655,-1.0502956678673665,1.429703611323237,-0.36822861817173685,1.381470267863206,0.0,1,SEARCH,0.0,0.0,0.0,-0.0
91201,DYNAMIC,1.2195067405700684,0.19793608784675598,3.6271519660949707,32.82,2.0,0.9700161989831655,-1.0502956678673665,1.429703611323237,-0.3677197193658615,1.3816058136169658,0.0,1,SEARCH,0.0,0.0,0.0,-0.0
91255,DYNAMIC,1.2216856479644775,0.19820168614387512,3.6271796226501465,32.82,2.0,0.9700161989831655,-1.0502956678673665,1.429703611323237,-0.36768150876781913,1.3816159829492873,0.0,1,SEARCH,0.0,0.0,0.0,-0.0
91301,DYNAMIC,1.2230901718139648,0.19800350069999695,3.6271092891693115,32.82,2.0,0.9700161989831655,-1.0502956678673665,1.429703611323237,-0.3677786817195739,1.3815901192116704,0.0,1,SEARCH,0.0,0.0,0.0,-0.0
91351,DYNAMIC,1.2238101959228516,0.19780126214027405,3.6272945404052734,32.87,2.0,0.9716965596108132,-1.0522918613820345,1.4323101498943438,-0.3680768754688765,1.3842079970999397,0.0,1,SEARCH,0.0,0.0,0.0,-0.0
91400,DYNAMIC,1.2246575355529785,0.19773563742637634,3.6277718544006348,32.87,2.0,0.9716965596108132,-1.0522918613820345,1.4323101498943438,-0.36741613171522935,1.384383527656182,0.0,1,SEARCH,0.0,0.0,0.0,-0.0
91450,DYNAMIC,1.2248644828796387,0.1974068582057953,3.627711534500122,32.87,2.0,0.9716965596108132,-1.0522918613820345,1.4323101498943438,-0.36749963692341836,1.3843613626331506,0.0,1,SEARCH,0.0,0.0,0.0,-0.0
91500,DYNAMIC,1.226621389389038,0.19820168614387512,3.627880811691284,32.87,2.0,0.9716965596108132,-1.0522918613820345,1.4323101498943438,-0.3672652908562091,1.3844235521048684,0.0,1,SEARCH,0.0,0.0,0.0,-0.0
91550,DYNAMIC,1.2277333736419678,0.1989971101284027,3.628192663192749,32.87,2.0,0.9716965596108132,-1.0522918613820345,1.4323101498943438,-0.36683353844129574,1.3845380170168662,0.0,1,SEARCH,0.0,0.0,0.0,-0.0
91600,DYNAMIC,1.2293531894683838,0.20005473494529724,3.628373861312866,32.87,2.0,0.9716965596108132,-1.0522918613820345,1.4323101498943438,-0.36658265673467577,1.3846044638349626,0.0,1,SEARCH,0.0,0.0,0.0,-0.0
91650,DYNAMIC,1.230609655380249,0.20085439085960388,3.628458023071289,32.87,2.0,0.9716965596108132,-1.0522918613820345,1.4323101498943438,-0.3664661246901274,1.384635311172208,0.0,1,SEARCH,0.0,0.0,0.0,-0.0
91700,DYNAMIC,1.2324697971343994,0.20167973637580872,3.628490447998047,32.87,2.0,0.9716965596108132,-1.0522918613820345,1.4323101498943438,-0.36642122779893743,1.3846471930815722,0.0,1,SEARCH,0.0,0.0,0.0,-0.0
91750,DYNAMIC,1.2332253456115723,0.2012430727481842,3.6284608840942383,32.87,2.0,0.9716965596108132,-1.0522918613820345,1.4323101498943438,-0.36646216321522607,1.3846363596345341,0.0,1,SEARCH,0.0,0.0,0.0,-0.0
91801,DYNAMIC,1.2344098091125488,0.20058920979499817,3.628514528274536,32.87,2.0,0.9716965596108132,-1.0522918613820345,1.4323101498943438,-0.36638788500545466,1.3846560162045978,0.0,1,SEARCH,0.0,0.0,0.0,-0.0
91855,DYNAMIC,1.2352080345153809,0.20029941201210022,3.628361701965332,32.87,2.0,0.9716965596108132,-1.0522918613820345,1.4323101498943438,-0.36659949259444885,1.3846000063266828,0.0,1,SEARCH,0.0,0.0,0.0,-0.0
91903,DYNAMIC,1.2338216304779053,0.2003275454044342,3.6283929347991943,32.87,2.0,0.9716965596108132,-1.0522918613820345,1.4323101498943438,-0.3665562474336856,1.3846114555923954,0.0,1,SEARCH,0.0,0.0,0.0,-0.0
91950,DYNAMIC,1.2328007221221924,0.20039984583854675,3.628716468811035,32.75,2.0,0.9620794711359328,-1.050178293629958,1.424244135389971,-0.3585991354317815,1.3783606267085204,0.0,1,SEARCH,0.0,0.0,0.0,-0.0
92000,DYNAMIC,1.2316131591796875,0.20051607489585876,3.6286869049072266,32.75,2.0,0.9620794711359328,-1.050178293629958,1.424244135389971,-0.35863988499604493,1.378350024515816,0.0,1,SEARCH,0.0,0.0,0.0,-0.0
92050,DYNAMIC,1.2309849262237549,0.20051690936088562,3.6285927295684814,32.75,2.0,0.9620794711359328,-1.050178293629958,1.424244135389971,-0.35876968998593367,1.3783162433709193,0.0,1,SEARCH,0.0,0.0,0.0,-0.0
92100,DYNAMIC,1.2277987003326416,0.2012111246585846,3.628737211227417,32.75,2.0,0.9620794711359328,-1.050178293629958,1.424244135389971,-0.3585705448245969,1.3783680646245828,0.0,1,SEARCH,0.0,0.0,0.0,-0.0
92150,DYNAMIC,1.225647211074829,0.20173552632331848,3.628730297088623,32.75,2.0,0.9620794711359328,-1.050178293629958,1.424244135389971,-0.3585800750441338,1.3783655853851218,0.0,1,SEARCH,0.0,0.0,0.0,-0.0
92200,DYNAMIC,1.2230267524719238,0.20238938927650452,3.6285791397094727,32.75,2.0,0.9620794711359328,-1.050178293629958,1.424244135389971,-0.3587884210762203,1.3783113676141394,0.0,1,SEARCH,0.0,0.0,0.0,-0.0
92250,DYNAMIC,1.2215337753295898,0.20275399088859558,3.6287732124328613,32.75,2.0,0.9620794711359328,-1.050178293629958,1.424244135389971,-0.3585209216803658,1.3783809727031882,0.0,1,SEARCH,0.0,0.0,0.0,-0.0
92300,DYNAMIC,1.218928575515747,0.2029673159122467,3.6289584636688232,32.75,2.0,0.9620794711359328,-1.050178293629958,1.424244135389971,-0.3582655687511424,1.3784473654950147,0.0,1,SEARCH,0.0,0.0,0.0,-0.0
92350,DYNAMIC,1.2171876430511475,0.20290419459342957,3.6287946701049805,32.75,2.0,0.9620794711359328,-1.050178293629958,1.424244135389971,-0.3584913447508633,1.3783886654102477,0.0,1,SEARCH,0.0,0.0,0.0,-0.0
92400,DYNAMIC,1.2149896621704102,0.20282724499702454,3.628945827484131,32.75,2.0,0.9620794711359328,-1.050178293629958,1.424244135389971,-0.35828298703803846,1.3784428382750686,0.0,1,SEARCH,0.0,0.0,0.0,-0.0
92453,DYNAMIC,1.2137541770935059,0.20272937417030334,3.6290221214294434,32.75,2.0,0.9620794711359328,-1.050178293629958,1.424244135389971,-0.3581778191528799,1.378470169085865,0.0,1,SEARCH,0.0,0.0,0.0,-0.0
92506,DYNAMIC,1.2131450176239014,0.20289650559425354,3.628981828689575,32.75,2.0,0.9620794711359328,-1.050178293629958,1.424244135389971,-0.3582333612020523,1.3784557360011986,0.0,1,SEARCH,0.0,0.0,0.0,-0.0
92550,DYNAMIC,1.2129395008087158,0.20323166251182556,3.62908935546875,32.44,2.0,0.9658865213326405,-1.0492535381438226,1.4261380576225429,-0.3618818682934898,1.379460500630523,0.0,1,SEARCH,0.0,0.0,0.0,-0.0
92601,DYNAMIC,1.2131004333496094,0.20359155535697937,3.6291279792785645,32.44,2.0,0.9658865213326405,-1.0492535381438226,1.4261380576225429,-0.3618285880035527,1.3794744768580371,0.0,1,SEARCH,0.0,0.0,0.0,-0.0
92650,DYNAMIC,1.213184118270874,0.20378276705741882,3.6291415691375732,32.44,2.0,0.9658865213326405,-1.0492535381438226,1.4261380576225429,-0.3618098411064945,1.3794793939301495,0.0,1,SEARCH,0.0,0.0,0.0,-0.0
92700,DYNAMIC,1.2118403911590576,0.20403710007667542,3.6292409896850586,32.44,2.0,0.9658865213326405,-1.0492535381438226,1.4261380576225429,-0.36167269072198627,1.3795153584448845,0.0,1,SEARCH,0.0,0.0,0.0,-0.0
92750,DYNAMIC,1.210728645324707,0.20426753163337708,3.6293442249298096,32.44,2.0,0.9658865213326405,-1.0492535381438226,1.4261380576225429,-0.36153027418930617,1.3795526884624612,0.0,1,SEARCH,0.0,0.0,0.0,-0.0
92800,DYNAMIC,1.2092194557189941,0.2045174539089203,3.629399538040161,32.44,2.0,0.9658865213326405,-1.0492535381438226,1.4261380576225429,-0.36145396628619425,1.3795726837160043,0.0,1,SEARCH,0.0,0.0,0.0,-0.0
92850,DYNAMIC,1.2083709239959717,0.204677015542984,3.6294150352478027,32.44,2.0,0.9658865213326405,-1.0492535381438226,1.4261380576225429,-0.3614325867184549,1.3795782850775111,0.0,1,SEARCH,0.0,0.0,0.0,-0.0
92900,DYNAMIC,1.207517385482788,0.20495149493217468,3.62980580329895,32.44,2.0,0.9658865213326405,-1.0492535381438226,1.4261380576225429,-0.36089346401899175,1.3797194160508768,0.0,1,SEARCH,0.0,0.0,0.0,-0.0
92950,DYNAMIC,1.2068521976470947,0.20522382855415344,3.629849672317505,32.44,2.0,0.9658865213326405,-1.0492535381438226,1.4261380576225429,-0.36083293673508016,1.3797352467653123,0.0,1,SEARCH,0.0,0.0,0.0,-0.0
93000,DYNAMIC,1.2066714763641357,0.2058682143688202,3.62930965423584,32.44,2.0,0.9658865213326405,-1.0492535381438226,1.4261380576225429,-0.3615779660670665,1.3795401892856196,0.0,1,SEARCH,0.0,0.0,0.0,-0.0
93053,DYNAMIC,1.2066617012023926,0.20631691813468933,3.629906177520752,32.44,2.0,0.9658865213326405,-1.0492535381438226,1.4261380576225429,-0.3607549739385354,1.3797556335010943,0.0,1,SEARCH,0.0,0.0,0.0,-0.0
93106,DYNAMIC,1.205181360244751,0.2063787281513214,3.6305313110351562,32.44,2.0,0.9658865213326405,-1.0492535381438226,1.4261380576225429,-0.3598923720164637,1.3799808839124414,0.0,1,SEARCH,0.0,0.0,0.0,-0.0
93150,DYNAMIC,1.2045068740844727,0.20680561661720276,3.6296610832214355,32.69,2.0,0.9553076598099652,-1.044862331138849,1.4157506898901735,-0.3538085849125714,1.3708280348631137,0.0,1,SEARCH,0.0,0.0,0.0,-0.0
93200,DYNAMIC,1.2040059566497803,0.20750859379768372,3.6299099922180176,32.69,2.0,0.9553076598099652,-1.044862331138849,1.4157506898901735,-0.35346736252522326,1.3709160585367597,0.0,1,SEARCH,0.0,0.0,0.0,-0.0
93251,DYNAMIC,1.2031726837158203,0.20755276083946228,3.6298017501831055,32.69,2.0,0.9553076598099652,-1.044862331138849,1.4157506898901735,-0.35361575119813177,1.3708777904791816,0.0,1,SEARCH,0.0,0.0,0.0,-0.0
93300,DYNAMIC,1.2025973796844482,0.20798596739768982,3.6297707557678223,32.69,2.0,0.9553076598099652,-1.044862331138849,1.4157506898901735,-0.35365824058381434,1.3708668297072706,0.0,1,SEARCH,0.0,0.0,0.0,-0.0
93350,DYNAMIC,1.2017576694488525,0.2079152762889862,3.6307766437530518,32.69,2.0,0.9553076598099652,-1.044862331138849,1.4157506898901735,-0.3522791234254295,1.371221876693598,0.0,1,SEARCH,0.0,0.0,0.0,-0.0
93400,DYNAMIC,1.1964926719665527,0.20843610167503357,3.6481282711029053,32.69,2.0,0.9553076598099652,-1.044862331138849,1.4157506898901735,-0.32843435572674184,1.3771277681837883,0.0,1,SEARCH,0.0,0.0,0.0,-0.0
93450,DYNAMIC,1.1903386116027832,0.20733115077018738,3.6658427715301514,32.69,2.0,0.9553076598099652,-1.044862331138849,1.4157506898901735,-0.30398897056673313,1.3827294463119963,0.0,1,SEARCH,0.0,0.0,0.0,-0.0
93500,DYNAMIC,1.1755256652832031,0.2028777301311493,3.6904149055480957,32.69,2.0,0.9553076598099652,-1.044862331138849,1.4157506898901735,-0.2699240082222816,1.3897809344316534,0.0,1,SEARCH,0.0,0.0,0.0,-0.0
93550,DYNAMIC,1.1619760990142822,0.19790497422218323,3.708103656768799,32.69,2.0,0.9553076598099652,-1.044862331138849,1.4157506898901735,-0.24529957357815213,1.3943378841324217,0.0,1,SEARCH,0.0,0.0,0.0,-0.0
93600,DYNAMIC,1.1366631984710693,0.1887272298336029,3.733335256576538,32.69,2.0,0.9553076598099652,-1.044862331138849,1.4157506898901735,-0.210043852074844,1.4000827104603724,0.0,1,SEARCH,0.0,0.0,0.0,-0.0
93653,DYNAMIC,1.1182961463928223,0.18050864338874817,3.75228214263916,32.69,2.0,0.9553076598099652,-1.044862331138849,1.4157506898901735,-0.183480531480826,1.4038108528188602,0.0,1,SEARCH,0.0,0.0,0.0,-0.0
93702,DYNAMIC,1.0927302837371826,0.1678454577922821,3.7760326862335205,32.69,2.0,0.9553076598099652,-1.044862331138849,1.4157506898901735,-0.15009064792465265,1.4077722874563414,0.0,1,SEARCH,0.0,0.0,0.0,-0.0
93751,DYNAMIC,1.0772733688354492,0.159647136926651,3.786360740661621,32.65,2.0,1.00315671780309,-1.0287148818867444,1.4368638448679565,-0.18349102268036266,1.425099559078046,0.0,1,SEARCH,0.0,0.0,0.0,-0.0
93800,DYNAMIC,1.0535554885864258,0.14637407660484314,3.7832603454589844,32.65,2.0,1.00315671780309,-1.0287148818867444,1.4368638448679565,-0.18790850553957605,1.424523815959077,0.0,1,SEARCH,0.0,0.0,0.0,-0.0
93850,DYNAMIC,1.0367803573608398,0.13760706782341003,3.769092321395874,32.65,2.0,1.00315671780309,-1.0287148818867444,1.4368638448679565,-0.20807165863304566,1.421718640787417,0.0,1,SEARCH,0.0,0.0,0.0,-0.0
93900,DYNAMIC,1.0066702365875244,0.13239529728889465,3.739055633544922,32.65,2.0,1.00315671780309,-1.0287148818867444,1.4368638448679565,-0.25067510237254764,1.4148285061233534,0.0,1,SEARCH,0.0,0.0,0.0,-0.0
93950,DYNAMIC,0.9847745895385742,0.13219287991523743,3.7172350883483887,32.65,2.0,1.00315671780309,-1.0287148818867444,1.4368638448679565,-0.28148530651195514,1.4090222606142877,0.0,1,SEARCH,0.0,0.0,0.0,-0.0
94000,DYNAMIC,0.9517662525177002,0.1317019760608673,3.6888749599456787,32.65,2.0,1.00315671780309,-1.0287148818867444,1.4368638448679565,-0.32132681104602223,1.4004737731181263,0.0,1,SEARCH,0.0,0.0,0.0,-0.0
94050,DYNAMIC,0.929807186126709,0.13015159964561462,3.676941156387329,32.65,2.0,1.00315671780309,-1.0287148818867444,1.4368638448679565,-0.3380165125329493,1.396539489575497,0.0,1,SEARCH,0.0,0.0,0.0,-0.0
94100,DYNAMIC,0.8954124450683594,0.12862852215766907,3.6701619625091553,32.65,2.0,1.00315671780309,-1.0287148818867444,1.4368638448679565,-0.34747608481303194,1.3942159370670433,0.0,1,SEARCH,0.0,0.0,0.0,-0.0
94151,DYNAMIC,0.8729627132415771,0.12517812848091125,3.6721811294555664,32.65,2.0,1.00315671780309,-1.0287148818867444,1.4368638448679565,-0.3446602236537938,1.394914706682686,0.0,1,SEARCH,0.0,0.0,0.0,-0.0
94200,DYNAMIC,0.8456270694732666,0.11218932271003723,3.660269260406494,32.65,2.0,1.00315671780309,-1.0287148818867444,1.4368638448679565,-0.3612514199455894,1.3907102934385802,0.0,1,SEARCH,0.0,0.0,0.0,-0.0
94251,DYNAMIC,0.8304874897003174,0.09851112961769104,3.645007848739624,32.65,2.0,1.00315671780309,-1.0287148818867444,1.4368638448679565,-0.3824327295206198,1.3850353483143076,0.0,1,SEARCH,0.0,0.0,0.0,-0.0
94302,DYNAMIC,0.8073098659515381,0.08750888705253601,3.6029491424560547,32.65,2.0,1.00315671780309,-1.0287148818867444,1.4368638448679565,-0.44033015229601125,1.3677306261350217,0.0,1,SEARCH,0.0,0.0,0.0,-0.0
94351,DYNAMIC,0.7934374809265137,0.08293500542640686,3.5841009616851807,37.73,2.0,1.1218944952227439,-1.498170660847025,1.8716737395801404,-0.3723061594624886,1.8342711661747833,0.0,1,SEARCH,0.0,0.0,0.0,-0.0
94400,DYNAMIC,0.7754044532775879,0.0773400366306305,3.5807507038116455,37.73,2.0,1.1218944952227439,-1.498170660847025,1.8716737395801404,-0.3784493399605423,1.8330135527369502,0.0,1,SEARCH,0.0,0.0,0.0,-0.0
94450,DYNAMIC,0.7640297412872314,0.073557049036026,3.593324899673462,37.73,2.0,1.1218944952227439,-1.498170660847025,1.8716737395801404,-0.3553713579043526,1.8376272161173288,0.0,1,SEARCH,0.0,0.0,0.0,-0.0
94500,DYNAMIC,0.7442376613616943,0.06545624136924744,3.6333775520324707,37.73,2.0,1.1218944952227439,-1.498170660847025,1.8716737395801404,-0.28150418321627835,1.8503831987633381,0.0,1,SEARCH,0.0,0.0,0.0,-0.0
94550,DYNAMIC,0.7297179698944092,0.05863744020462036,3.667332410812378,37.73,2.0,1.1218944952227439,-1.498170660847025,1.8716737395801404,-0.21852449328470236,1.8588732160286163,0.0,1,SEARCH,0.0,0.0,0.0,-0.0
94600,DYNAMIC,0.7112345695495605,0.0449487566947937,3.7195897102355957,37.73,2.0,1.1218944952227439,-1.498170660847025,1.8716737395801404,-0.12113069671441778,1.8677499676743103,0.0,1,SEARCH,0.0,0.0,0.0,-0.0
94651,DYNAMIC,0.70229172706604,0.033087849617004395,3.7458336353302,37.73,2.0,1.1218944952227439,-1.498170660847025,1.8716737395801404,-0.07207752137259893,1.8702853841985427,0.0,1,SEARCH,0.0,0.0,0.0,-0.0
94700,DYNAMIC,0.689272403717041,0.01873287558555603,3.7553653717041016,37.73,2.0,1.1218944952227439,-1.498170660847025,1.8716737395801404,-0.05424744984790841,1.870887436918348,0.0,1,SEARCH,0.0,0.0,0.0,-0.0
94750,DYNAMIC,0.679201602935791,0.016353994607925415,3.737109422683716,37.73,2.0,1.1218944952227439,-1.498170660847025,1.8716737395801404,-0.08839133883076422,1.869585397528985,0.0,1,SEARCH,0.0,0.0,0.0,-0.0
94800,DYNAMIC,0.6660466194152832,0.016767114400863647,3.6857924461364746,37.73,2.0,1.1218944952227439,-1.498170660847025,1.8716737395801404,-0.18417434439420466,1.862590238968537,0.0,1,SEARCH,0.0,0.0,0.0,-0.0
94850,DYNAMIC,0.6582088470458984,0.01765194535255432,3.648452043533325,37.73,2.0,1.1218944952227439,-1.498170660847025,1.8716737395801404,-0.25357966988463065,1.854416333635764,0.0,1,SEARCH,0.0,0.0,0.0,-0.0
94901,DYNAMIC,0.6411268711090088,0.019163399934768677,3.5941338539123535,37.73,2.0,1.1218944952227439,-1.498170660847025,1.8716737395801404,-0.35388468546176854,1.8379140939743437,0.0,1,SEARCH,0.0,0.0,0.0,-0.0
94954,DYNAMIC,0.6287133693695068,0.021005868911743164,3.5664844512939453,37.73,2.0,1.1218944952227439,-1.498170660847025,1.8716737395801404,-0.4045601756597538,1.8274281522686622,0.0,1,SEARCH,0.0,0.0,0.0,-0.0
95000,DYNAMIC,0.6100199222564697,0.027670979499816895,3.5408167839050293,30.9,2.0,0.7476046495280594,-0.5784783863567606,0.945277713414367,-0.4639585216458182,0.8235851174408878,0.0,1,SEARCH,0.0,0.0,0.0,-0.0
95050,DYNAMIC,0.5974588394165039,0.03408977389335632,3.537527322769165,30.9,2.0,0.7476046495280594,-0.5784783863567606,0.945277713414367,-0.46666515785397966,0.8220544908477869,0.0,1,SEARCH,0.0,0.0,0.0,-0.0
95101,DYNAMIC,0.5780165195465088,0.04095947742462158,3.5499231815338135,30.9,2.0,0.7476046495280594,-0.5784783863567606,0.945277713414367,-0.4564394946513716,0.8277759015580815,0.0,1,SEARCH,0.0,0.0,0.0,-0.0
95150,DYNAMIC,0.5653693675994873,0.04381665587425232,3.567836046218872,30.9,2.0,0.7476046495280594,-0.5784783863567606,0.945277713414367,-0.44153922281746216,0.8358188022482179,0.0,1,SEARCH,0.0,0.0,0.0,-0.0
95201,DYNAMIC,0.5474650859832764,0.04572063684463501,3.6046040058135986,30.9,2.0,0.7476046495280594,-0.5784783863567606,0.945277713414367,-0.41051637356721216,0.8514847400342059,0.0,1,SEARCH,0.0,0.0,0.0,-0.0
95250,DYNAMIC,0.5362918376922607,0.04738724231719971,3.6314826011657715,30.9,2.0,0.7476046495280594,-0.5784783863567606,0.945277713414367,-0.3874841338029104,0.8622099521165958,0.0,1,SEARCH,0.0,0.0,0.0,-0.0
95300,DYNAMIC,0.5208454132080078,0.05041763186454773,3.658825159072876,30.9,2.0,0.7476046495280594,-0.5784783863567606,0.945277713414367,-0.36376721011506535,0.8724811587209182,0.0,1,SEARCH,0.0,0.0,0.0,-0.0
95350,DYNAMIC,0.5105199813842773,0.053502440452575684,3.673062801361084,30.9,2.0,0.7476046495280594,-0.5784783863567606,0.945277713414367,-0.35130868606442983,0.8775717421234448,0.0,1,SEARCH,0.0,0.0,0.0,-0.0
95400,DYNAMIC,0.49327588081359863,0.061640143394470215,3.684027671813965,30.9,2.0,0.7476046495280594,-0.5784783863567606,0.945277713414367,-0.34166529998703055,0.8813709651801938,0.0,1,SEARCH,0.0,0.0,0.0,-0.0
95450,DYNAMIC,0.48075008392333984,0.06893345713615417,3.6862499713897705,30.9,2.0,0.7476046495280594,-0.5784783863567606,0.945277713414367,-0.3397057876007597,0.882128070831238,0.0,1,SEARCH,0.0,0.0,0.0,-0.0
95500,DYNAMIC,0.4613211154937744,0.0805368721485138,3.6799678802490234,30.9,2.0,0.7476046495280594,-0.5784783863567606,0.945277713414367,-0.34524065692377304,0.8799766157601779,0.0,1,SEARCH,0.0,0.0,0.0,-0.0
95550,DYNAMIC,0.4487733840942383,0.08890402317047119,3.6661579608917236,30.9,2.0,0.7476046495280594,-0.5784783863567606,0.945277713414367,-0.3573597561872082,0.8751251111330958,0.0,1,SEARCH,0.0,0.0,0.0,-0.0
95600,DYNAMIC,0.43206214904785156,0.10259154438972473,3.632903814315796,30.9,2.0,0.7476046495280594,-0.5784783863567606,0.945277713414367,-0.38625835876416365,0.8627597787117274,0.0,1,SEARCH,0.0,0.0,0.0,-0.0
95650,DYNAMIC,0.42307472229003906,0.11284056305885315,3.6055686473846436,30.9,2.0,0.7476046495280594,-0.5784783863567606,0.945277713414367,-0.4096948051176758,0.8518803449648804,0.0,1,SEARCH,0.0,0.0,0.0,-0.0
95700,DYNAMIC,0.4144737720489502,0.12977895140647888,3.5671439170837402,30.9,2.0,0.7476046495280594,-0.5784783863567606,0.945277713414367,-0.4421176115579267,0.8355129999157455,0.0,1,SEARCH,0.0,0.0,0.0,-0.0
95750,DYNAMIC,0.4106407165527344,0.14063957333564758,3.5461676120758057,30.9,2.0,0.7476046495280594,-0.5784783863567606,0.945277713414367,-0.4595450383610602,0.826055877768342,0.0,1,SEARCH,0.0,0.0,0.0,-0.0
95800,DYNAMIC,0.4054274559020996,0.15309086441993713,3.5274951457977295,30.9,2.0,0.7476046495280594,-0.5784783863567606,0.945277713414367,-0.4748885321898891,0.8173315346127462,0.0,1,SEARCH,0.0,0.0,0.0,-0.0
95850,DYNAMIC,0.40183186531066895,0.15758171677589417,3.5262482166290283,30.9,2.0,0.7476046495280594,-0.5784783863567606,0.945277713414367,-0.4759073172708157,0.8167387469968529,0.0,1,SEARCH,0.0,0.0,0.0,-0.0
95900,DYNAMIC,0.3973352909088135,0.1577812135219574,3.5333430767059326,30.9,2.0,0.7476046495280594,-0.5784783863567606,0.945277713414367,-0.47010074092312254,0.8200946584763404,0.0,1,SEARCH,0.0,0.0,0.0,-0.0
95951,DYNAMIC,0.39511632919311523,0.15703532099723816,3.539243459701538,30.9,2.0,0.7476046495280594,-0.5784783863567606,0.945277713414367,-0.46525371328061993,0.8228541412404078,0.0,1,SEARCH,0.0,0.0,0.0,-0.0
96000,DYNAMIC,0.393526554107666,0.15774217247962952,3.54150652885437,30.9,2.0,0.7476046495280594,-0.5784783863567606,0.945277713414367,-0.4633903476520666,0.8239049345530047,0.0,1,SEARCH,0.0,0.0,0.0,-0.0
96050,DYNAMIC,0.39324307441711426,0.1616896092891693,3.53665828704834,23.71,2.0,0.37315879675629543,-0.18446505942299948,0.4162629526447639,-0.27342002196328663,0.3138731229878289,0.0,1,SEARCH,0.0,0.0,0.0,-0.0
96100,DYNAMIC,0.39591455459594727,0.16785839200019836,3.5302414894104004,23.71,2.0,0.37315879675629543,-0.18446505942299948,0.4162629526447639,-0.27542843940063266,0.3121121921903548,0.0,1,SEARCH,0.0,0.0,0.0,-0.0
96150,DYNAMIC,0.39826393127441406,0.17092838883399963,3.527956247329712,23.71,2.0,0.37315879675629543,-0.18446505942299948,0.4162629526447639,-0.27614097150633954,0.31148195710196747,0.0,1,SEARCH,0.0,0.0,0.0,-0.0
96200,DYNAMIC,0.40144991874694824,0.17402604222297668,3.525710344314575,23.71,2.0,0.37315879675629543,-0.18446505942299948,0.4162629526447639,-0.2768398327465192,0.3108609862131564,0.0,1,SEARCH,0.0,0.0,0.0,-0.0
96250,DYNAMIC,0.4033336639404297,0.17546841502189636,3.5251989364624023,23.71,2.0,0.37315879675629543,-0.18446505942299948,0.4162629526447639,-0.276998773286807,0.3107193675040889,0.0,1,SEARCH,0.0,0.0,0.0,-0.0
96302,DYNAMIC,0.40444159507751465,0.1752627193927765,3.524271249771118,23.71,2.0,0.37315879675629543,-0.18446505942299948,0.4162629526447639,-0.2772869042744966,0.3104622657625289,0.0,1,SEARCH,0.0,0.0,0.0,-0.0
96350,DYNAMIC,0.4047420024871826,0.17497172951698303,3.523531675338745,23.71,2.0,0.37315879675629543,-0.18446505942299948,0.4162629526447639,-0.27751643837368667,0.3102571065695687,0.0,1,SEARCH,0.0,0.0,0.0,-0.0
96401,DYNAMIC,0.405487060546875,0.17588064074516296,3.523587226867676,23.71,2.0,0.37315879675629543,-0.18446505942299948,0.4162629526447639,-0.27749920268885997,0.31027252255329335,0.0,1,SEARCH,0.0,0.0,0.0,-0.0
96450,DYNAMIC,0.4062318801879883,0.1773931086063385,3.5252091884613037,23.71,2.0,0.37315879675629543,-0.18446505942299948,0.4162629526447639,-0.27699558777763594,0.31072220727887945,0.0,1,SEARCH,0.0,0.0,0.0,-0.0
96500,DYNAMIC,0.408672571182251,0.177944153547287,3.528559446334839,23.71,2.0,0.37315879675629543,-0.18446505942299948,0.4162629526447639,-0.2759530356742822,0.3116484683849502,0.0,1,SEARCH,0.0,0.0,0.0,-0.0
96550,DYNAMIC,0.4104619026184082,0.17851045727729797,3.529893398284912,23.71,2.0,0.37315879675629543,-0.18446505942299948,0.4162629526447639,-0.27553706619621865,0.3120162990879123,0.0,1,SEARCH,0.0,0.0,0.0,-0.0
96606,DYNAMIC,0.41292238235473633,0.1804198920726776,3.5309512615203857,23.71,2.0,0.37315879675629543,-0.18446505942299948,0.4162629526447639,-0.27520684151285213,0.31230760498114163,0.0,1,SEARCH,0.0,0.0,0.0,-0.0
96650,DYNAMIC,0.4146149158477783,0.18195798993110657,3.531895875930786,23.71,2.0,0.37315879675629543,-0.18446505942299948,0.4162629526447639,-0.2749117085095564,0.3125674299553516,0.0,1,SEARCH,0.0,0.0,0.0,-0.0
96700,DYNAMIC,0.4161520004272461,0.18250808119773865,3.5353846549987793,41.92,2.0,0.4125631483017831,-0.326807129601845,0.5263185834599384,-0.25559228460663785,0.46009111635070243,0.0,1,SEARCH,0.0,0.0,0.0,-0.0
96750,DYNAMIC,0.41681957244873047,0.1827106773853302,3.5386176109313965,41.92,2.0,0.4125631483017831,-0.326807129601845,0.5263185834599384,-0.2541034971689974,0.4609150290690916,0.0,1,SEARCH,0.0,0.0,0.0,-0.0
96801,DYNAMIC,0.4175426959991455,0.18398651480674744,3.5451645851135254,41.92,2.0,0.4125631483017831,-0.326807129601845,0.5263185834599384,-0.25108047414738793,0.4625687481847417,0.0,1,SEARCH,0.0,0.0,0.0,-0.0
96850,DYNAMIC,0.41774415969848633,0.1852501928806305,3.550394058227539,41.92,2.0,0.4125631483017831,-0.326807129601845,0.5263185834599384,-0.24865806115099112,0.46387543577980733,0.0,1,SEARCH,0.0,0.0,0.0,-0.0
96900,DYNAMIC,0.4187777042388916,0.1851191222667694,3.5586631298065186,41.92,2.0,0.4125631483017831,-0.326807129601845,0.5263185834599384,-0.24481378441721713,0.46591572441225515,0.0,1,SEARCH,0.0,0.0,0.0,-0.0
96950,DYNAMIC,0.4193720817565918,0.18514761328697205,3.5631418228149414,41.92,2.0,0.4125631483017831,-0.326807129601845,0.5263185834599384,-0.24272464257789672,0.4670074937093712,0.0,1,SEARCH,0.0,0.0,0.0,-0.0
97001,DYNAMIC,0.42047572135925293,0.18576017022132874,3.566840648651123,41.92,2.0,0.4125631483017831,-0.326807129601845,0.5263185834599384,-0.240995606739316,0.46790209320714216,0.0,1,SEARCH,0.0,0.0,0.0,-0.0
97050,DYNAMIC,0.4215691089630127,0.18611964583396912,3.5679264068603516,41.92,2.0,0.4125631483017831,-0.326807129601845,0.5263185834599384,-0.24048743624897911,0.46816348031608507,0.0,1,SEARCH,0.0,0.0,0.0,-0.0
97102,DYNAMIC,0.42464470863342285,0.18484458327293396,3.5671699047088623,41.92,2.0,0.4125631483017831,-0.326807129601845,0.5263185834599384,-0.24084153408036948,0.4679814171065881,0.0,1,SEARCH,0.0,0.0,0.0,-0.0
97150,DYNAMIC,0.42714571952819824,0.18376192450523376,3.5644898414611816,41.92,2.0,0.4125631483017831,-0.326807129601845,0.5263185834599384,-0.2420948874250759,0.4673342666421071,0.0,1,SEARCH,0.0,0.0,0.0,-0.0
97200,DYNAMIC,0.43082213401794434,0.18294087052345276,3.559785842895508,41.92,2.0,0.4125631483017831,-0.326807129601845,0.5263185834599384,-0.2442905405529485,0.46619028635485793,0.0,1,SEARCH,0.0,0.0,0.0,-0.0
97256,DYNAMIC,0.43320369720458984,0.182735413312912,3.556675672531128,41.92,2.0,0.4125631483017831,-0.326807129601845,0.5263185834599384,-0.24573928789840993,0.4654282476155251,0.0,1,SEARCH,0.0,0.0,0.0,-0.0
97304,DYNAMIC,0.43610429763793945,0.18205055594444275,3.5518174171447754,41.92,2.0,0.4125631483017831,-0.326807129601845,0.5263185834599384,-0.2479975482514973,0.4642288954347009,0.0,1,SEARCH,0.0,0.0,0.0,-0.0
97350,DYNAMIC,0.4377734661102295,0.18193820118904114,3.549799919128418,41.4,2.0,0.404602061021434,-0.36474525195998997,0.5447402377373538,-0.22656657852942563,0.495388243808448,0.0,1,SEARCH,0.0,0.0,0.0,-0.0
97402,DYNAMIC,0.44019198417663574,0.18237921595573425,3.5489444732666016,41.4,2.0,0.404602061021434,-0.36474525195998997,0.5447402377373538,-0.22699027340159436,0.49519424713057625,0.0,1,SEARCH,0.0,0.0,0.0,-0.0
97450,DYNAMIC,0.4417397975921631,0.18308261036872864,3.5496575832366943,41.4,2.0,0.404602061021434,-0.36474525195998997,0.5447402377373538,-0.226637087761556,0.4953559902344066,0.0,1,SEARCH,0.0,0.0,0.0,-0.0
97502,DYNAMIC,0.44452881813049316,0.18168792128562927,3.5526978969573975,41.4,2.0,0.404602061021434,-0.36474525195998997,0.5447402377373538,-0.2251300050079854,0.49604274760876527,0.0,1,SEARCH,0.0,0.0,0.0,-0.0
97550,DYNAMIC,0.4465169906616211,0.18071696162223816,3.555352210998535,41.4,2.0,0.404602061021434,-0.36474525195998997,0.5447402377373538,-0.2238125602609641,0.4966385652359078,0.0,1,SEARCH,0.0,0.0,0.0,-0.0
97600,DYNAMIC,0.44964146614074707,0.18004706501960754,3.558298110961914,41.4,2.0,0.404602061021434,-0.36474525195998997,0.5447402377373538,-0.22234854368741164,0.49729573870106303,0.0,1,SEARCH,0.0,0.0,0.0,-0.0
97650,DYNAMIC,0.45172691345214844,0.1800278127193451,3.559553861618042,41.4,2.0,0.404602061021434,-0.36474525195998997,0.5447402377373538,-0.22172388908960697,0.4975745608621168,0.0,1,SEARCH,0.0,0.0,0.0,-0.0
97702,DYNAMIC,0.45537710189819336,0.17854014039039612,3.561450958251953,41.4,2.0,0.404602061021434,-0.36474525195998997,0.5447402377373538,-0.2207795436419646,0.4979942968743664,0.0,1,SEARCH,0.0,0.0,0.0,-0.0
97750,DYNAMIC,0.45800256729125977,0.177272766828537,3.5628833770751953,41.4,2.0,0.404602061021434,-0.36474525195998997,0.5447402377373538,-0.22006598098088487,0.49831003464215884,0.0,1,SEARCH,0.0,0.0,0.0,-0.0
97800,DYNAMIC,0.4619159698486328,0.1760387122631073,3.5635080337524414,41.4,2.0,0.404602061021434,-0.36474525195998997,0.5447402377373538,-0.21975466537622237,0.4984474030983944,0.0,1,SEARCH,0.0,0.0,0.0,-0.0
97853,DYNAMIC,0.46448588371276855,0.17571291327476501,3.562678098678589,41.4,2.0,0.404602061021434,-0.36474525195998997,0.5447402377373538,-0.22016826862838634,0.4982648493515547,0.0,1,SEARCH,0.0,0.0,0.0,-0.0
97904,DYNAMIC,0.4675638675689697,0.17368409037590027,3.561365842819214,41.4,2.0,0.404602061021434,-0.36474525195998997,0.5447402377373538,-0.22082192984225976,0.4979755033240981,0.0,1,SEARCH,0.0,0.0,0.0,-0.0
97950,DYNAMIC,0.4693470001220703,0.17212441563606262,3.5601258277893066,39.53,2.0,0.39437578614103713,-0.3798536085523423,0.5475591517129424,-0.20595530365452072,0.5073494234954558,0.0,1,SEARCH,0.0,0.0,0.0,-0.0
98002,DYNAMIC,0.47171568870544434,0.17083343863487244,3.558025598526001,39.53,2.0,0.39437578614103713,-0.3798536085523423,0.5475591517129424,-0.20702039874667616,0.5069157515084378,0.0,1,SEARCH,0.0,0.0,0.0,-0.0
98050,DYNAMIC,0.47306084632873535,0.17041561007499695,3.556779146194458,39.53,2.0,0.39437578614103713,-0.3798536085523423,0.5475591517129424,-0.2076520840855103,0.5066573167334518,0.0,1,SEARCH,0.0,0.0,0.0,-0.0
98101,DYNAMIC,0.4740755558013916,0.16822609305381775,3.5556745529174805,39.53,2.0,0.39437578614103713,-0.3798536085523423,0.5475591517129424,-0.20821160755662577,0.5064276365911351,0.0,1,SEARCH,0.0,0.0,0.0,-0.0
98150,DYNAMIC,0.4743044376373291,0.16658130288124084,3.555098295211792,39.53,2.0,0.39437578614103713,-0.3798536085523423,0.5475591517129424,-0.20850340579771368,0.5063075689690518,0.0,1,SEARCH,0.0,0.0,0.0,-0.0
98201,DYNAMIC,0.47431397438049316,0.16473481059074402,3.554988145828247,39.53,2.0,0.39437578614103713,-0.3798536085523423,0.5475591517129424,-0.2085591739993329,0.5062845993759963,0.0,1,SEARCH,0.0,0.0,0.0,-0.0
98250,DYNAMIC,0.47422146797180176,0.1638428270816803,3.55458402633667,39.53,2.0,0.39437578614103713,-0.3798536085523423,0.5475591517129424,-0.20876375643849063,0.5062002752096127,0.0,1,SEARCH,0.0,0.0,0.0,-0.0
98300,DYNAMIC,0.4745452404022217,0.16136673092842102,3.5533392429351807,39.53,2.0,0.39437578614103713,-0.3798536085523423,0.5475591517129424,-0.2093937042379681,0.5059400174428778,0.0,1,SEARCH,0.0,0.0,0.0,-0.0
98350,DYNAMIC,0.4748053550720215,0.15937986969947815,3.5520339012145996,39.53,2.0,0.39437578614103713,-0.3798536085523423,0.5475591517129424,-0.21005395026857468,0.5056662561424919,0.0,1,SEARCH,0.0,0.0,0.0,-0.0
98401,DYNAMIC,0.47510242462158203,0.1571480929851532,3.547973394393921,39.53,2.0,0.39437578614103713,-0.3798536085523423,0.5475591517129424,-0.21210547425584692,0.5048091643535202,0.0,1,SEARCH,0.0,0.0,0.0,-0.0
98450,DYNAMIC,0.4752347469329834,0.15609785914421082,3.5457911491394043,39.53,2.0,0.39437578614103713,-0.3798536085523423,0.5475591517129424,-0.21320658574129617,0.5043450965570464,0.0,1,SEARCH,0.0,0.0,0.0,-0.0
98502,DYNAMIC,0.47591614723205566,0.15360882878303528,3.5424108505249023,39.53,2.0,0.39437578614103713,-0.3798536085523423,0.5475591517129424,-0.214910201433022,0.5036215145767852,0.0,1,SEARCH,0.0,0.0,0.0,-0.0
98551,DYNAMIC,0.47646594047546387,0.15204593539237976,3.53936767578125,39.53,2.0,0.39437578614103713,-0.3798536085523423,0.5475591517129424,-0.21644181220946496,0.5029651742934891,0.0,1,SEARCH,0.0,0.0,0.0,-0.0
98606,DYNAMIC,0.4772012233734131,0.14994612336158752,3.5352299213409424,39.53,2.0,0.39437578614103713,-0.3798536085523423,0.5475591517129424,-0.21852109980539997,0.502065288149296,0.0,1,SEARCH,0.0,0.0,0.0,-0.0
98650,DYNAMIC,0.4777359962463379,0.1485571563243866,3.5321903228759766,39.93,2.0,0.41046489875233205,-0.38929624518275757,0.5657145920171724,-0.23132827213546084,0.5162559734588822,0.0,1,SEARCH,0.0,0.0,0.0,-0.0
98700,DYNAMIC,0.4788374900817871,0.14597424864768982,3.5269272327423096,39.93,2.0,0.41046489875233205,-0.38929624518275757,0.5657145920171724,-0.23404215740903664,0.5150313273738595,0.0,1,SEARCH,0.0,0.0,0.0,-0.0
98750,DYNAMIC,0.4798696041107178,0.14419159293174744,3.523552417755127,39.93,2.0,0.41046489875233205,-0.38929624518275757,0.5657145920171724,-0.2357789567563252,0.5142385469527297,0.0,1,SEARCH,0.0,0.0,0.0,-0.0
98802,DYNAMIC,0.4817638397216797,0.1419585645198822,3.5185978412628174,39.93,2.0,0.41046489875233205,-0.38929624518275757,0.5657145920171724,-0.23832388662379933,0.5130640551487528,0.0,1,SEARCH,0.0,0.0,0.0,-0.0
98850,DYNAMIC,0.48314738273620605,0.14083167910575867,3.516005277633667,39.93,2.0,0.41046489875233205,-0.38929624518275757,0.5657145920171724,-0.23965323540953698,0.512444461750634,0.0,1,SEARCH,0.0,0.0,0.0,-0.0
98902,DYNAMIC,0.48509836196899414,0.13781645894050598,3.5142440795898438,39.93,2.0,0.41046489875233205,-0.38929624518275757,0.5657145920171724,-0.24055537944623726,0.5120215904047726,0.0,1,SEARCH,0.0,0.0,0.0,-0.0
98950,DYNAMIC,0.4863569736480713,0.13585421442985535,3.5140480995178223,39.93,2.0,0.41046489875233205,-0.38929624518275757,0.5657145920171724,-0.2406557208541108,0.5119744365115745,0.0,1,SEARCH,0.0,0.0,0.0,-0.0
99000,DYNAMIC,0.4881772994995117,0.1334594190120697,3.5152926445007324,39.93,2.0,0.41046489875233205,-0.38929624518275757,0.5657145920171724,-0.24001835942739588,0.5122735468076965,0.0,1,SEARCH,0.0,0.0,0.0,-0.0
99050,DYNAMIC,0.48927855491638184,0.13176336884498596,3.5179572105407715,39.93,2.0,0.41046489875233205,-0.38929624518275757,0.5657145920171724,-0.23865252229244255,0.512911272272906,0.0,1,SEARCH,0.0,0.0,0.0,-0.0
99101,DYNAMIC,0.4897310733795166,0.12797018885612488,3.5224125385284424,39.93,2.0,0.41046489875233205,-0.38929624518275757,0.5657145920171724,-0.23636497328993075,0.5139694533946606,0.0,1,SEARCH,0.0,0.0,0.0,-0.0
99155,DYNAMIC,0.4896111488342285,0.12555810809135437,3.524205207824707,39.93,2.0,0.41046489875233205,-0.38929624518275757,0.5657145920171724,-0.23544321672650434,0.5143923515358992,0.0,1,SEARCH,0.0,0.0,0.0,-0.0
99205,DYNAMIC,0.4893362522125244,0.1224459707736969,3.5257604122161865,39.93,2.0,0.41046489875233205,-0.38929624518275757,0.5657145920171724,-0.23464294707636416,0.5147578916427358,0.0,1,SEARCH,0.0,0.0,0.0,-0.0
99250,DYNAMIC,0.48909711837768555,0.12052443623542786,3.5259995460510254,39.5,2.0,0.40100003028125936,-0.40096597562873115,0.5670756015713171,-0.22136945397332622,0.5220826589200436,0.0,1,SEARCH,0.0,0.0,0.0,-0.0
99302,DYNAMIC,0.4870622158050537,0.11749467253684998,3.5240588188171387,39.5,2.0,0.40100003028125936,-0.40096597562873115,0.5670756015713171,-0.22238225648651505,0.521652058270105,0.0,1,SEARCH,0.0,0.0,0.0,-0.0
99350,DYNAMIC,0.4856128692626953,0.11570540070533752,3.5215981006622314,39.5,2.0,0.40100003028125936,-0.40096597562873115,0.5670756015713171,-0.22366522060458802,0.5211032594307697,0.0,1,SEARCH,0.0,0.0,0.0,-0.0
99400,DYNAMIC,0.48375964164733887,0.11354413628578186,3.516923427581787,39.5,2.0,0.40100003028125936,-0.40096597562873115,0.5670756015713171,-0.22609875528617707,0.5200520077410649,0.0,1,SEARCH,0.0,0.0,0.0,-0.0
99450,DYNAMIC,0.48270297050476074,0.11254087090492249,3.513195037841797,39.5,2.0,0.40100003028125936,-0.40096597562873115,0.5670756015713171,-0.2280361358787508,0.5192054108259649,0.0,1,SEARCH,0.0,0.0,0.0,-0.0
99503,DYNAMIC,0.48139190673828125,0.11051282286643982,3.5072083473205566,39.5,2.0,0.40100003028125936,-0.40096597562873115,0.5670756015713171,-0.23114035297488283,0.517830932954104,0.0,1,SEARCH,0.0,0.0,0.0,-0.0
99550,DYNAMIC,0.4806089401245117,0.10890355706214905,3.5035245418548584,39.5,2.0,0.40100003028125936,-0.40096597562873115,0.5670756015713171,-0.23304636874717224,0.5169759451959328,0.0,1,SEARCH,0.0,0.0,0.0,-0.0
99602,DYNAMIC,0.47953104972839355,0.10680195689201355,3.498363971710205,39.5,2.0,0.40100003028125936,-0.40096597562873115,0.5670756015713171,-0.23571114435536344,0.5157664144980324,0.0,1,SEARCH,0.0,0.0,0.0,-0.0
99650,DYNAMIC,0.4789299964904785,0.10558077692985535,3.495614528656006,39.5,2.0,0.40100003028125936,-0.40096597562873115,0.5670756015713171,-0.2371283220334348,0.5151163914952414,0.0,1,SEARCH,0.0,0.0,0.0,-0.0
99700,DYNAMIC,0.4777641296386719,0.1035090982913971,3.4930920600891113,39.5,2.0,0.40100003028125936,-0.40096597562873115,0.5670756015713171,-0.23842693115603486,0.514516604588216,0.0,1,SEARCH,0.0,0.0,0.0,-0.0
99754,DYNAMIC,0.477048397064209,0.10204032063484192,3.492473602294922,39.5,2.0,0.40100003028125936,-0.40096597562873115,0.5670756015713171,-0.238745092342135,0.514369049204962,0.0,1,SEARCH,0.0,0.0,0.0,-0.0
99805,DYNAMIC,0.47695183753967285,0.10030946135520935,3.4919819831848145,39.5,2.0,0.40100003028125936,-0.40096597562873115,0.5670756015713171,-0.23899793713511336,0.514251615401091,0.0,1,SEARCH,0.0,0.0,0.0,-0.0
99850,DYNAMIC,0.47746872901916504,0.09929957985877991,3.4917054176330566,39.06,2.0,0.40490906783236935,-0.38846571419929654,0.5611211672368526,-0.24709968064197832,0.5037843905361501,0.0,1,SEARCH,0.0,0.0,0.0,-0.0
99901,DYNAMIC,0.4782450199127197,0.09706142544746399,3.4917726516723633,39.06,2.0,0.40490906783236935,-0.38846571419929654,0.5611211672368526,-0.24706580862399175,0.5038010029071209,0.0,1,SEARCH,0.0,0.0,0.0,-0.0
99950,DYNAMIC,0.47893190383911133,0.09508395195007324,3.492664337158203,39.06,2.0,0.40490906783236935,-0.38846571419929654,0.5611211672368526,-0.24661647842010184,0.5040211075866915,0.0,1,SEARCH,0.0,0.0,0.0,-0.0
100002,DYNAMIC,0.48012256622314453,0.09160089492797852,3.494539260864258,39.06,2.0,0.40490906783236935,-0.38846571419929654,0.5611211672368526,-0.24567104438067863,0.5044826084952329,0.0,1,SEARCH,0.0,0.0,0.0,-0.0
100050,DYNAMIC,0.4809379577636719,0.08923724293708801,3.4953556060791016,39.06,2.0,0.40490906783236935,-0.38846571419929654,0.5611211672368526,-0.24525913060301988,0.5046829927559464,0.0,1,SEARCH,0.0,0.0,0.0,-0.0
100103,DYNAMIC,0.4818892478942871,0.08552321791648865,3.4951529502868652,39.06,2.0,0.40490906783236935,-0.38846571419929654,0.5611211672368526,-0.24536140249772592,0.5046332792093648,0.0,1,SEARCH,0.0,0.0,0.0,-0.0
100150,DYNAMIC,0.4825005531311035,0.08309435844421387,3.494162082672119,39.06,2.0,0.40490906783236935,-0.38846571419929654,0.5611211672368526,-0.24586130673940718,0.5043899108523474,0.0,1,SEARCH,0.0,0.0,0.0,-0.0
100201,DYNAMIC,0.483567476272583,0.07949844002723694,3.491180181503296,39.06,2.0,0.40490906783236935,-0.38846571419929654,0.5611211672368526,-0.24736425230926778,0.5036545353719399,0.0,1,SEARCH,0.0,0.0,0.0,-0.0
100250,DYNAMIC,0.48439550399780273,0.0770203173160553,3.4882185459136963,39.06,2.0,0.40490906783236935,-0.38846571419929654,0.5611211672368526,-0.24885480647505753,0.5029197248224705,0.0,1,SEARCH,0.0,0.0,0.0,-0.0
100300,DYNAMIC,0.4847128391265869,0.07260289788246155,3.483083963394165,39.06,2.0,0.40490906783236935,-0.38846571419929654,0.5611211672368526,-0.2514337975672557,0.5016353354401544,0.0,1,SEARCH,0.0,0.0,0.0,-0.0
100350,DYNAMIC,0.4846968650817871,0.06943908333778381,3.481955051422119,39.06,2.0,0.40490906783236935,-0.38846571419929654,0.5611211672368526,-0.25199993936383963,0.5013511692235981,0.0,1,SEARCH,0.0,0.0,0.0,-0.0
100404,DYNAMIC,0.4848766326904297,0.06494632363319397,3.482388734817505,39.06,2.0,0.40490906783236935,-0.38846571419929654,0.5611211672368526,-0.25178248799506964,0.5014604102621267,0.0,1,SEARCH,0.0,0.0,0.0,-0.0
100452,DYNAMIC,0.48505377769470215,0.06209734082221985,3.4824562072753906,39.06,2.0,0.40490906783236935,-0.38846571419929654,0.5611211672368526,-0.25174865265555857,0.501477397503974,0.0,1,SEARCH,0.0,0.0,0.0,-0.0
100505,DYNAMIC,0.4852726459503174,0.05918508768081665,3.4804532527923584,39.54,2.0,0.4582630734527995,-0.3952277964982077,0.6051529191991348,-0.3008247596429869,0.5250852498413698,0.0,1,SEARCH,0.0,0.0,0.0,-0.0
100550,DYNAMIC,0.4856760501861572,0.05538126826286316,3.4747512340545654,39.54,2.0,0.4582630734527995,-0.3952277964982077,0.6051529191991348,-0.30381389900518735,0.523361414690174,0.0,1,SEARCH,0.0,0.0,0.0,-0.0
100602,DYNAMIC,0.48742198944091797,0.051171064376831055,3.4704437255859375,39.54,2.0,0.4582630734527995,-0.3952277964982077,0.6051529191991348,-0.30606545718681855,0.5220478824133457,0.0,1,SEARCH,0.0,0.0,0.0,-0.0
100650,DYNAMIC,0.48964548110961914,0.04858466982841492,3.4657857418060303,39.54,2.0,0.4582630734527995,-0.3952277964982077,0.6051529191991348,-0.3084938186456463,0.5206165762561366,0.0,1,SEARCH,0.0,0.0,0.0,-0.0
100702,DYNAMIC,0.4937744140625,0.045708805322647095,3.458012342453003,39.54,2.0,0.4582630734527995,-0.3952277964982077,0.6051529191991348,-0.3125314180097313,0.51820282551532,0.0,1,SEARCH,0.0,0.0,0.0,-0.0
100750,DYNAMIC,0.4966468811035156,0.044274717569351196,3.4554147720336914,39.54,2.0,0.4582630734527995,-0.3952277964982077,0.6051529191991348,-0.3138764304444671,0.5173892558090806,0.0,1,SEARCH,0.0,0.0,0.0,-0.0
100801,DYNAMIC,0.5013787746429443,0.042302072048187256,3.456538677215576,39.54,2.0,0.4582630734527995,-0.3952277964982077,0.6051529191991348,-0.313294735862729,0.5177416963080504,0.0,1,SEARCH,0.0,0.0,0.0,-0.0
100850,DYNAMIC,0.5044209957122803,0.041169047355651855,3.460578203201294,39.54,2.0,0.4582630734527995,-0.3952277964982077,0.6051529191991348,-0.3112007543822387,0.5190030309036355,0.0,1,SEARCH,0.0,0.0,0.0,-0.0
100901,DYNAMIC,0.5068902969360352,0.03853142261505127,3.471010446548462,39.54,2.0,0.4582630734527995,-0.3952277964982077,0.6051529191991348,-0.30576955257432464,0.5222212522808047,0.0,1,SEARCH,0.0,0.0,0.0,-0.0
100950,DYNAMIC,0.5076673030853271,0.03672301769256592,3.4786875247955322,39.54,2.0,0.4582630734527995,-0.3952277964982077,0.6051529191991348,-0.30175144793267317,0.5245532568631806,0.0,1,SEARCH,0.0,0.0,0.0,-0.0
101002,DYNAMIC,0.5083744525909424,0.0347350537776947,3.488629102706909,39.54,2.0,0.4582630734527995,-0.3952277964982077,0.6051529191991348,-0.2965217350876377,0.5275271710877567,0.0,1,SEARCH,0.0,0.0,0.0,-0.0
101050,DYNAMIC,0.5085737705230713,0.03390580415725708,3.4935483932495117,39.54,2.0,0.4582630734527995,-0.3952277964982077,0.6051529191991348,-0.29392309831073044,0.5289794588589006,0.0,1,SEARCH,0.0,0.0,0.0,-0.0
101106,DYNAMIC,0.5091679096221924,0.03300130367279053,3.4955384731292725,39.54,2.0,0.4582630734527995,-0.3952277964982077,0.6051529191991348,-0.2928698055987493,0.5295633414274306,0.0,1,SEARCH,0.0,0.0,0.0,-0.0
101150,DYNAMIC,0.5094461441040039,0.033206045627593994,3.4953577518463135,39.54,2.0,0.4582630734527995,-0.3952277964982077,0.6051529191991348,-0.29296550418210865,0.5295104049728933,0.0,1,SEARCH,0.0,0.0,0.0,-0.0
101201,DYNAMIC,0.5095198154449463,0.03430330753326416,3.497798442840576,38.89,2.0,0.5283514435031085,-0.41010829107591806,0.6688378415288928,-0.35217181569522216,0.5686115286300119,0.0,1,SEARCH,0.0,0.0,0.0,-0.0
101250,DYNAMIC,0.5095500946044922,0.034928470849990845,3.5018811225891113,38.89,2.0,0.5283514435031085,-0.41010829107591806,0.6688378415288928,-0.3498474283275437,0.570044590495895,0.0,1,SEARCH,0.0,0.0,0.0,-0.0
101301,DYNAMIC,0.508636474609375,0.03562077879905701,3.508944511413574,38.89,2.0,0.5283514435031085,-0.41010829107591806,0.6688378415288928,-0.3458122880548914,0.5725014582437927,0.0,1,SEARCH,0.0,0.0,0.0,-0.0
101350,DYNAMIC,0.5072126388549805,0.036441922187805176,3.5112950801849365,38.89,2.0,0.5283514435031085,-0.41010829107591806,0.6688378415288928,-0.3444656299087784,0.5733127314760914,0.0,1,SEARCH,0.0,0.0,0.0,-0.0
101404,DYNAMIC,0.5040957927703857,0.03833681344985962,3.5131142139434814,38.89,2.0,0.5283514435031085,-0.41010829107591806,0.6688378415288928,-0.34342212797908905,0.5739384115698675,0.0,1,SEARCH,0.0,0.0,0.0,-0.0
101450,DYNAMIC,0.5015974044799805,0.03980347514152527,3.5150084495544434,38.89,2.0,0.5283514435031085,-0.41010829107591806,0.6688378415288928,-0.3423343379303613,0.5745879039231592,0.0,1,SEARCH,0.0,0.0,0.0,-0.0
101502,DYNAMIC,0.498354434967041,0.04243698716163635,3.5178542137145996,38.89,2.0,0.5283514435031085,-0.41010829107591806,0.6688378415288928,-0.3406978122987583,0.5755597787857213,0.0,1,SEARCH,0.0,0.0,0.0,-0.0
101550,DYNAMIC,0.49613118171691895,0.044158935546875,3.519200563430786,38.89,2.0,0.5283514435031085,-0.41010829107591806,0.6688378415288928,-0.33992259900386235,0.576017955403725,0.0,1,SEARCH,0.0,0.0,0.0,-0.0
101601,DYNAMIC,0.4920768737792969,0.04629811644554138,3.52070951461792,38.89,2.0,0.5283514435031085,-0.41010829107591806,0.6688378415288928,-0.33905302936555615,0.5765302260411571,0.0,1,SEARCH,0.0,0.0,0.0,-0.0
101650,DYNAMIC,0.48867297172546387,0.04787471890449524,3.5232913494110107,38.89,2.0,0.5283514435031085,-0.41010829107591806,0.6688378415288928,-0.33756339518115885,0.5774036824395885,0.0,1,SEARCH,0.0,0.0,0.0,-0.0
101701,DYNAMIC,0.4832954406738281,0.05094680190086365,3.5324976444244385,38.89,2.0,0.5283514435031085,-0.41010829107591806,0.6688378415288928,-0.3322334164903874,0.5804868777398445,0.0,1,SEARCH,0.0,0.0,0.0,-0.0
101753,DYNAMIC,0.4797947406768799,0.05339333415031433,3.538616418838501,38.89,2.0,0.5283514435031085,-0.41010829107591806,0.6688378415288928,-0.3286753511078976,0.5825088598769366,0.0,1,SEARCH,0.0,0.0,0.0,-0.0
101803,DYNAMIC,0.47476720809936523,0.057330429553985596,3.542025566101074,38.89,2.0,0.5283514435031085,-0.41010829107591806,0.6688378415288928,-0.3266875864920623,0.5836259753412452,0.0,1,SEARCH,0.0,0.0,0.0,-0.0
101850,DYNAMIC,0.47184324264526367,0.060246795415878296,3.5384135246276855,44.53,2.0,0.6256819846284505,-0.52107796232953,0.814248235315307,-0.37567247068935455,0.7224059686078512,0.0,1,SEARCH,0.0,0.0,0.0,-0.0
101902,DYNAMIC,0.46927309036254883,0.06643244624137878,3.5275492668151855,44.53,2.0,0.6256819846284505,-0.52107796232953,0.814248235315307,-0.3834985504977319,0.7182820131955346,0.0,1,SEARCH,0.0,0.0,0.0,-0.0
101950,DYNAMIC,0.4685657024383545,0.07046562433242798,3.5205960273742676,44.53,2.0,0.6256819846284505,-0.52107796232953,0.814248235315307,-0.38848362650913804,0.715598113921774,0.0,1,SEARCH,0.0,0.0,0.0,-0.0
102001,DYNAMIC,0.4685840606689453,0.07573214173316956,3.5090205669403076,44.53,2.0,0.6256819846284505,-0.52107796232953,0.814248235315307,-0.3967407927618903,0.7110533960770867,0.0,1,SEARCH,0.0,0.0,0.0,-0.0
102050,DYNAMIC,0.4693174362182617,0.07907664775848389,3.5007970333099365,44.53,2.0,0.6256819846284505,-0.52107796232953,0.814248235315307,-0.4025746833504508,0.7077667787056523,0.0,1,SEARCH,0.0,0.0,0.0,-0.0
102101,DYNAMIC,0.47086048126220703,0.0840567946434021,3.491443634033203,44.53,2.0,0.6256819846284505,-0.52107796232953,0.814248235315307,-0.4091770023885439,0.703970432213184,0.0,1,SEARCH,0.0,0.0,0.0,-0.0
102150,DYNAMIC,0.47182512283325195,0.08637875318527222,3.4872426986694336,44.53,2.0,0.6256819846284505,-0.52107796232953,0.814248235315307,-0.41213071743035473,0.7022452993537462,0.0,1,SEARCH,0.0,0.0,0.0,-0.0
102205,DYNAMIC,0.4729182720184326,0.08806595206260681,3.4820938110351562,44.53,2.0,0.6256819846284505,-0.52107796232953,0.814248235315307,-0.41574102059639206,0.7001139853677842,0.0,1,SEARCH,0.0,0.0,0.0,-0.0
102250,DYNAMIC,0.4733412265777588,0.08838450908660889,3.4767143726348877,44.53,2.0,0.6256819846284505,-0.52107796232953,0.814248235315307,-0.41950120707253225,0.6978674128935811,0.0,1,SEARCH,0.0,0.0,0.0,-0.0
102302,DYNAMIC,0.47408151626586914,0.08901187777519226,3.461599826812744,44.53,2.0,0.6256819846284505,-0.52107796232953,0.814248235315307,-0.4300008379474889,0.691447371879125,0.0,1,SEARCH,0.0,0.0,0.0,-0.0
102350,DYNAMIC,0.47464776039123535,0.08915859460830688,3.448359489440918,44.53,2.0,0.6256819846284505,-0.52107796232953,0.814248235315307,-0.439117876512347,0.6856935753245605,0.0,1,SEARCH,0.0,0.0,0.0,-0.0
102400,DYNAMIC,0.47562384605407715,0.08867442607879639,3.425642490386963,44.53,2.0,0.6256819846284505,-0.52107796232953,0.814248235315307,-0.454580135912125,0.675542070302217,0.0,1,SEARCH,0.0,0.0,0.0,-0.0
102453,DYNAMIC,0.47625041007995605,0.08869826793670654,3.4127259254455566,44.53,2.0,0.6256819846284505,-0.52107796232953,0.814248235315307,-0.4632676562935495,0.6696142675797562,0.0,1,SEARCH,0.0,0.0,0.0,-0.0
102506,DYNAMIC,0.4778175354003906,0.08929583430290222,3.3869669437408447,45.04,2.0,0.6261485607414629,-0.46328257175102805,0.7789048474665258,-0.49485286748342494,0.6015092692139363,0.0,1,SEARCH,0.0,0.0,0.0,-0.0
102550,DYNAMIC,0.47882771492004395,0.08937299251556396,3.379946708679199,45.04,2.0,0.6261485607414629,-0.46328257175102805,0.7789048474665258,-0.49906337521967326,0.5980204920579223,0.0,1,SEARCH,0.0,0.0,0.0,-0.0
102602,DYNAMIC,0.4807851314544678,0.08946183323860168,3.380147695541382,45.04,2.0,0.6261485607414629,-0.46328257175102805,0.7789048474665258,-0.49894317087825096,0.5981207851603288,0.0,1,SEARCH,0.0,0.0,0.0,-0.0
102650,DYNAMIC,0.48226308822631836,0.08988896012306213,3.3854756355285645,45.04,2.0,0.6261485607414629,-0.46328257175102805,0.7789048474665258,-0.49574935258753294,0.600770622464093,0.0,1,SEARCH,0.0,0.0,0.0,-0.0
102700,DYNAMIC,0.48316359519958496,0.08989167213439941,3.398557662963867,45.04,2.0,0.6261485607414629,-0.46328257175102805,0.7789048474665258,-0.4878478584641032,0.6072044370711072,0.0,1,SEARCH,0.0,0.0,0.0,-0.0
102750,DYNAMIC,0.4831814765930176,0.08972132205963135,3.4093575477600098,45.04,2.0,0.6261485607414629,-0.46328257175102805,0.7789048474665258,-0.4812617975713975,0.6124376242567067,0.0,1,SEARCH,0.0,0.0,0.0,-0.0
102802,DYNAMIC,0.48258113861083984,0.08978495001792908,3.422978639602661,45.04,2.0,0.6261485607414629,-0.46328257175102805,0.7789048474665258,-0.4728753418402315,0.6189359195315263,0.0,1,SEARCH,0.0,0.0,0.0,-0.0
102850,DYNAMIC,0.48173069953918457,0.09031721949577332,3.427180528640747,45.04,2.0,0.6261485607414629,-0.46328257175102805,0.7789048474665258,-0.4702704749306146,0.6209174194813559,0.0,1,SEARCH,0.0,0.0,0.0,-0.0
102901,DYNAMIC,0.4807004928588867,0.09184229373931885,3.430866241455078,45.04,2.0,0.6261485607414629,-0.46328257175102805,0.7789048474665258,-0.46797876263631893,0.6226464800576903,0.0,1,SEARCH,0.0,0.0,0.0,-0.0
102950,DYNAMIC,0.4802207946777344,0.09251788258552551,3.432626485824585,45.04,2.0,0.6261485607414629,-0.46328257175102805,0.7789048474665258,-0.46688202823498703,0.6234692719918413,0.0,1,SEARCH,0.0,0.0,0.0,-0.0
103001,DYNAMIC,0.4792144298553467,0.09403887391090393,3.4341089725494385,45.04,2.0,0.6261485607414629,-0.46328257175102805,0.7789048474665258,-0.4659572306056281,0.6241607330273072,0.0,1,SEARCH,0.0,0.0,0.0,-0.0
103050,DYNAMIC,0.4782097339630127,0.09528946876525879,3.437562942504883,45.04,2.0,0.6261485607414629,-0.46328257175102805,0.7789048474665258,-0.46379862306207265,0.6257664090158381,0.0,1,SEARCH,0.0,0.0,0.0,-0.0
103103,DYNAMIC,0.47727227210998535,0.09697338938713074,3.444744348526001,45.04,2.0,0.6261485607414629,-0.46328257175102805,0.7789048474665258,-0.4592928194340347,0.6290809704824865,0.0,1,SEARCH,0.0,0.0,0.0,-0.0
103152,DYNAMIC,0.4761688709259033,0.0999666154384613,3.4607133865356445,45.04,2.0,0.6261485607414629,-0.46328257175102805,0.7789048474665258,-0.4491888675374762,0.6363349139307471,0.0,1,SEARCH,0.0,0.0,0.0,-0.0
103202,DYNAMIC,0.4753255844116211,0.10269895195960999,3.476179361343384,39.28,2.0,0.508319518343065,-0.3852789242571357,0.6378311549346436,-0.3536137818270818,0.5308350737349692,0.0,1,SEARCH,0.0,0.0,0.0,-0.0
103250,DYNAMIC,0.4750242233276367,0.10411950945854187,3.4854679107666016,39.28,2.0,0.508319518343065,-0.3852789242571357,0.6378311549346436,-0.3486679106247186,0.5340966862899026,0.0,1,SEARCH,0.0,0.0,0.0,-0.0
103301,DYNAMIC,0.47548794746398926,0.1062975823879242,3.4958598613739014,39.28,2.0,0.508319518343065,-0.3852789242571357,0.6378311549346436,-0.34309887752523816,0.5376911217847872,0.0,1,SEARCH,0.0,0.0,0.0,-0.0
103350,DYNAMIC,0.4760899543762207,0.1075069010257721,3.4967329502105713,39.28,2.0,0.508319518343065,-0.3852789242571357,0.6378311549346436,-0.34262929469946996,0.5379904726098829,0.0,1,SEARCH,0.0,0.0,0.0,-0.0
103401,DYNAMIC,0.47697973251342773,0.1089499294757843,3.4911136627197266,39.28,2.0,0.508319518343065,-0.3852789242571357,0.6378311549346436,-0.3456469924383293,0.5360566563560225,0.0,1,SEARCH,0.0,0.0,0.0,-0.0
103450,DYNAMIC,0.47759008407592773,0.10940447449684143,3.485891342163086,39.28,2.0,0.508319518343065,-0.3852789242571357,0.6378311549346436,-0.3484417260686858,0.5342442753455916,0.0,1,SEARCH,0.0,0.0,0.0,-0.0
103501,DYNAMIC,0.47908496856689453,0.11173895001411438,3.4766933917999268,39.28,2.0,0.508319518343065,-0.3852789242571357,0.6378311549346436,-0.35334086972658907,0.5310167718501168,0.0,1,SEARCH,0.0,0.0,0.0,-0.0
103550,DYNAMIC,0.4802079200744629,0.11383870244026184,3.470862865447998,39.28,2.0,0.508319518343065,-0.3852789242571357,0.6378311549346436,-0.3564309535651087,0.52894759432852,0.0,1,SEARCH,0.0,0.0,0.0,-0.0
103600,DYNAMIC,0.48151350021362305,0.11627903580665588,3.4678080081939697,39.28,2.0,0.508319518343065,-0.3852789242571357,0.6378311549346436,-0.35804514731462916,0.5278562822300278,0.0,1,SEARCH,0.0,0.0,0.0,-0.0
103650,DYNAMIC,0.48219847679138184,0.117241770029068,3.4691951274871826,39.28,2.0,0.508319518343065,-0.3852789242571357,0.6378311549346436,-0.3573126034590416,0.528352425578404,0.0,1,SEARCH,0.0,0.0,0.0,-0.0
103701,DYNAMIC,0.48272252082824707,0.1182805597782135,3.4725852012634277,39.28,2.0,0.508319518343065,-0.3852789242571357,0.6378311549346436,-0.3555193999638223,0.529560703276428,0.0,1,SEARCH,0.0,0.0,0.0,-0.0
103751,DYNAMIC,0.48284006118774414,0.11881199479103088,3.4748895168304443,39.28,2.0,0.508319518343065,-0.3852789242571357,0.6378311549346436,-0.35429818219097703,0.5303785254904563,0.0,1,SEARCH,0.0,0.0,0.0,-0.0
103804,DYNAMIC,0.4830148220062256,0.11922821402549744,3.476231813430786,39.28,2.0,0.508319518343065,-0.3852789242571357,0.6378311549346436,-0.35358593793297594,0.5308536207857294,0.0,1,SEARCH,0.0,0.0,0.0,-0.0
103850,DYNAMIC,0.4835169315338135,0.11993321776390076,3.4752297401428223,45.08,2.0,0.6072694938331141,-0.39576171859258547,0.724847277737651,-0.4441784191565602,0.5728080900260248,0.0,1,SEARCH,0.0,0.0,0.0,-0.0
103905,DYNAMIC,0.4841492176055908,0.1214156448841095,3.470884323120117,45.08,2.0,0.6072694938331141,-0.39576171859258547,0.724847277737651,-0.44666330772225954,0.5708725475780855,0.0,1,SEARCH,0.0,0.0,0.0,-0.0
103950,DYNAMIC,0.4846651554107666,0.12243595719337463,3.465996265411377,45.08,2.0,0.6072694938331141,-0.39576171859258547,0.724847277737651,-0.4494484184903136,0.5686824203017351,0.0,1,SEARCH,0.0,0.0,0.0,-0.0
104001,DYNAMIC,0.4857156276702881,0.12362387776374817,3.457040309906006,45.08,2.0,0.6072694938331141,-0.39576171859258547,0.724847277737651,-0.45452342004318314,0.5646344274625235,0.0,1,SEARCH,0.0,0.0,0.0,-0.0
104050,DYNAMIC,0.4864945411682129,0.1238737404346466,3.452388048171997,45.08,2.0,0.6072694938331141,-0.39576171859258547,0.724847277737651,-0.45714531896927435,0.5625137628433314,0.0,1,SEARCH,0.0,0.0,0.0,-0.0
104101,DYNAMIC,0.48737597465515137,0.12410065531730652,3.447925090789795,45.08,2.0,0.6072694938331141,-0.39576171859258547,0.724847277737651,-0.4596512328857514,0.5604679474780803,0.0,1,SEARCH,0.0,0.0,0.0,-0.0
104150,DYNAMIC,0.48789286613464355,0.1240781843662262,3.4474339485168457,45.08,2.0,0.6072694938331141,-0.39576171859258547,0.724847277737651,-0.45992644693762175,0.56024212573763,0.0,1,SEARCH,0.0,0.0,0.0,-0.0
104202,DYNAMIC,0.48858070373535156,0.12343248724937439,3.450770378112793,45.08,2.0,0.6072694938331141,-0.39576171859258547,0.724847277737651,-0.45805468210274203,0.5617735168619462,0.0,1,SEARCH,0.0,0.0,0.0,-0.0
104250,DYNAMIC,0.4889793395996094,0.1228589117527008,3.452847719192505,45.08,2.0,0.6072694938331141,-0.39576171859258547,0.724847277737651,-0.4568866994061458,0.5627238398623622,0.0,1,SEARCH,0.0,0.0,0.0,-0.0
104301,DYNAMIC,0.4898855686187744,0.12216183543205261,3.453023910522461,45.08,2.0,0.6072694938331141,-0.39576171859258547,0.724847277737651,-0.4567875452532607,0.562804330602727,0.0,1,SEARCH,0.0,0.0,0.0,-0.0
104350,DYNAMIC,0.49037623405456543,0.12165042757987976,3.4519238471984863,45.08,2.0,0.6072694938331141,-0.39576171859258547,0.724847277737651,-0.4574063891428045,0.562301494942904,0.0,1,SEARCH,0.0,0.0,0.0,-0.0
104402,DYNAMIC,0.4907515048980713,0.12036165595054626,3.4492857456207275,45.08,2.0,0.6072694938331141,-0.39576171859258547,0.724847277737651,-0.45888820420589926,0.5610928551357326,0.0,1,SEARCH,0.0,0.0,0.0,-0.0
104456,DYNAMIC,0.4907712936401367,0.11938855051994324,3.445772647857666,45.08,2.0,0.6072694938331141,-0.39576171859258547,0.724847277737651,-0.4608565424423601,0.5594772768681107,0.0,1,SEARCH,0.0,0.0,0.0,-0.0
104507,DYNAMIC,0.4901103973388672,0.11836323142051697,3.4422504901885986,44.2,2.0,0.5980895528987731,-0.35468807489700294,0.6953522443774782,-0.46622000291917626,0.5159008166681261,0.0,1,SEARCH,0.0,0.0,0.0,-0.0
104550,DYNAMIC,0.4881417751312256,0.11630949378013611,3.4392240047454834,44.2,2.0,0.5980895528987731,-0.35468807489700294,0.6953522443774782,-0.4677792316512941,0.514487448045646,0.0,1,SEARCH,0.0,0.0,0.0,-0.0
104601,DYNAMIC,0.485790491104126,0.11425605416297913,3.436156749725342,44.2,2.0,0.5980895528987731,-0.35468807489700294,0.6953522443774782,-0.46935509294043387,0.5130502319380364,0.0,1,SEARCH,0.0,0.0,0.0,-0.0
104650,DYNAMIC,0.48414134979248047,0.1131836473941803,3.433438539505005,44.2,2.0,0.5980895528987731,-0.35468807489700294,0.6953522443774782,-0.47074793565395967,0.5117725323210809,0.0,1,SEARCH,0.0,0.0,0.0,-0.0
104704,DYNAMIC,0.4824256896972656,0.11222139000892639,3.4281013011932373,44.2,2.0,0.5980895528987731,-0.35468807489700294,0.6953522443774782,-0.4734726697788372,0.5092527611444992,0.0,1,SEARCH,0.0,0.0,0.0,-0.0
104750,DYNAMIC,0.4816100597381592,0.11197254061698914,3.423734664916992,44.2,2.0,0.5980895528987731,-0.35468807489700294,0.6953522443774782,-0.47569187032680776,0.5071804296951724,0.0,1,SEARCH,0.0,0.0,0.0,-0.0
104801,DYNAMIC,0.4805178642272949,0.11178889870643616,3.418055295944214,44.2,2.0,0.5980895528987731,-0.35468807489700294,0.6953522443774782,-0.4785646478826531,0.5044706349806186,0.0,1,SEARCH,0.0,0.0,0.0,-0.0
104850,DYNAMIC,0.479846715927124,0.11135074496269226,3.4157204627990723,44.2,2.0,0.5980895528987731,-0.35468807489700294,0.6953522443774782,-0.4797411971377571,0.5033518923473198,0.0,1,SEARCH,0.0,0.0,0.0,-0.0
104903,DYNAMIC,0.4789299964904785,0.1103808581829071,3.4126477241516113,44.2,2.0,0.5980895528987731,-0.35468807489700294,0.6953522443774782,-0.4812855987268603,0.5018753990971503,0.0,1,SEARCH,0.0,0.0,0.0,-0.0
104950,DYNAMIC,0.4786646366119385,0.10926428437232971,3.4100401401519775,44.2,2.0,0.5980895528987731,-0.35468807489700294,0.6953522443774782,-0.48259264325587425,0.5006187016443799,0.0,1,SEARCH,0.0,0.0,0.0,-0.0
105002,DYNAMIC,0.47881293296813965,0.10694101452827454,3.4044435024261475,44.2,2.0,0.5980895528987731,-0.35468807489700294,0.6953522443774782,-0.4853868521923404,0.49790997929305186,0.0,1,SEARCH,0.0,0.0,0.0,-0.0
105050,DYNAMIC,0.4791395664215088,0.10507228970527649,3.3994901180267334,44.2,2.0,0.5980895528987731,-0.35468807489700294,0.6953522443774782,-0.487847226912549,0.49549957311236115,0.0,1,SEARCH,0.0,0.0,0.0,-0.0
105104,DYNAMIC,0.47893357276916504,0.1022137701511383,3.3909687995910645,44.2,2.0,0.5980895528987731,-0.35468807489700294,0.6953522443774782,-0.4920517735750201,0.49132453213988153,0.0,1,SEARCH,0.0,0.0,0.0,-0.0
105155,DYNAMIC,0.47896862030029297,0.10032662749290466,3.3843250274658203,44.2,2.0,0.5980895528987731,-0.35468807489700294,0.6953522443774782,-0.49530513832145373,0.4880446329109273,0.0,1,SEARCH,0.0,0.0,0.0,-0.0
105202,DYNAMIC,0.4797947406768799,0.09707966446876526,3.3735227584838867,44.99,2.0,0.5709306282304841,-0.4142143755596722,0.7053618441423838,-0.4604338948496031,0.534355649025599,0.0,1,SEARCH,0.0,0.0,0.0,-0.0
105250,DYNAMIC,0.48055315017700195,0.09484514594078064,3.3659331798553467,44.99,2.0,0.5709306282304841,-0.4142143755596722,0.7053618441423838,-0.4644761293045676,0.5308457935014564,0.0,1,SEARCH,0.0,0.0,0.0,-0.0
105301,DYNAMIC,0.481342077255249,0.09147140383720398,3.356261968612671,44.99,2.0,0.5709306282304841,-0.4142143755596722,0.7053618441423838,-0.46958824948262995,0.5263289913350621,0.0,1,SEARCH,0.0,0.0,0.0,-0.0
105350,DYNAMIC,0.48173975944519043,0.08906635642051697,3.351017951965332,44.99,2.0,0.5709306282304841,-0.4142143755596722,0.7053618441423838,-0.4723418580692773,0.5238592370929496,0.0,1,SEARCH,0.0,0.0,0.0,-0.0
105405,DYNAMIC,0.4824240207672119,0.08570978045463562,3.345062255859375,44.99,2.0,0.5709306282304841,-0.4142143755596722,0.7053618441423838,-0.47545340901073985,0.5210368384596338,0.0,1,SEARCH,0.0,0.0,0.0,-0.0
105450,DYNAMIC,0.4831070899963379,0.08317306637763977,3.3442039489746094,44.99,2.0,0.5709306282304841,-0.4142143755596722,0.7053618441423838,-0.4759004433304535,0.520628561653913,0.0,1,SEARCH,0.0,0.0,0.0,-0.0
105500,DYNAMIC,0.48410511016845703,0.07901591062545776,3.344752073287964,44.99,2.0,0.5709306282304841,-0.4142143755596722,0.7053618441423838,-0.4756150026820483,0.5208893360356879,0.0,1,SEARCH,0.0,0.0,0.0,-0.0
105550,DYNAMIC,0.4850161075592041,0.07676354050636292,3.3461802005767822,44.99,2.0,0.5709306282304841,-0.4142143755596722,0.7053618441423838,-0.4748706216400448,0.5215680433799045,0.0,1,SEARCH,0.0,0.0,0.0,-0.0
105602,DYNAMIC,0.4867079257965088,0.07407405972480774,3.3534319400787354,44.99,2.0,0.5709306282304841,-0.4142143755596722,0.7053618441423838,-0.47107589307873166,0.5249979372645381,0.0,1,SEARCH,0.0,0.0,0.0,-0.0
105650,DYNAMIC,0.48791074752807617,0.07243621349334717,3.3615520000457764,44.99,2.0,0.5709306282304841,-0.4142143755596722,0.7053618441423838,-0.4667973949954288,0.5288057518573583,0.0,1,SEARCH,0.0,0.0,0.0,-0.0
105703,DYNAMIC,0.4888632297515869,0.07005688548088074,3.3763926029205322,44.99,2.0,0.5709306282304841,-0.4142143755596722,0.7053618441423838,-0.4588984833009563,0.5356748203864229,0.0,1,SEARCH,0.0,0.0,0.0,-0.0
105750,DYNAMIC,0.4889185428619385,0.06864401698112488,3.3861353397369385,44.99,2.0,0.5709306282304841,-0.4142143755596722,0.7053618441423838,-0.45365784770978823,0.5401202536317881,0.0,1,SEARCH,0.0,0.0,0.0,-0.0
105803,DYNAMIC,0.48882269859313965,0.06683316826820374,3.399397850036621,44.99,2.0,0.5709306282304841,-0.4142143755596722,0.7053618441423838,-0.4464548099770671,0.5460892178209393,0.0,1,SEARCH,0.0,0.0,0.0,-0.0
105856,DYNAMIC,0.48863959312438965,0.06559345126152039,3.4052631855010986,44.99,2.0,0.5709306282304841,-0.4142143755596722,0.7053618441423838,-0.4432441524030694,0.5486984167394955,0.0,1,SEARCH,0.0,0.0,0.0,-0.0
105902,DYNAMIC,0.48878002166748047,0.06462445855140686,3.406545639038086,44.65,2.0,0.549873109566084,-0.43015146060560383,0.6981337376785404,-0.418044048094686,0.5591331590396127,0.0,1,SEARCH,0.0,0.0,0.0,-0.0
105950,DYNAMIC,0.4891812801361084,0.06493362784385681,3.402367115020752,44.65,2.0,0.549873109566084,-0.43015146060560383,0.6981337376785404,-0.4203767430974293,0.5573814757845895,0.0,1,SEARCH,0.0,0.0,0.0,-0.0
106002,DYNAMIC,0.49079179763793945,0.0677851140499115,3.3930537700653076,44.65,2.0,0.549873109566084,-0.43015146060560383,0.6981337376785404,-0.425549522739041,0.5534422457507047,0.0,1,SEARCH,0.0,0.0,0.0,-0.0
106050,DYNAMIC,0.4925811290740967,0.0714026689529419,3.389019250869751,44.65,2.0,0.549873109566084,-0.43015146060560383,0.6981337376785404,-0.42777892664208755,0.5517208584111647,0.0,1,SEARCH,0.0,0.0,0.0,-0.0
106103,DYNAMIC,0.4963676929473877,0.08011731505393982,3.3935468196868896,44.65,2.0,0.549873109566084,-0.43015146060560383,0.6981337376785404,-0.4252765965351591,0.5536519955030239,0.0,1,SEARCH,0.0,0.0,0.0,-0.0
106150,DYNAMIC,0.49983954429626465,0.08721369504928589,3.404803514480591,44.65,2.0,0.549873109566084,-0.43015146060560383,0.6981337376785404,-0.4190174928279781,0.558404026121915,0.0,1,SEARCH,0.0,0.0,0.0,-0.0
106201,DYNAMIC,0.5062072277069092,0.09814676642417908,3.4351463317871094,44.65,2.0,0.549873109566084,-0.43015146060560383,0.6981337376785404,-0.4018836642219536,0.5708592086640497,0.0,1,SEARCH,0.0,0.0,0.0,-0.0
106250,DYNAMIC,0.5107901096343994,0.10553780198097229,3.4605226516723633,44.65,2.0,0.549873109566084,-0.43015146060560383,0.6981337376785404,-0.38726952196616227,0.5808726478679377,0.0,1,SEARCH,0.0,0.0,0.0,-0.0
106301,DYNAMIC,0.5145893096923828,0.11213377118110657,3.4885988235473633,44.65,2.0,0.549873109566084,-0.43015146060560383,0.6981337376785404,-0.37081035747075375,0.5915153374828254,0.0,1,SEARCH,0.0,0.0,0.0,-0.0
106350,DYNAMIC,0.5189933776855469,0.11956378817558289,3.532552480697632,44.65,2.0,0.549873109566084,-0.43015146060560383,0.6981337376785404,-0.3444613347045095,0.6072372720597747,0.0,1,SEARCH,0.0,0.0,0.0,-0.0
106401,DYNAMIC,0.5229766368865967,0.12611016631126404,3.5747687816619873,44.65,2.0,0.549873109566084,-0.43015146060560383,0.6981337376785404,-0.3185267305252234,0.6212338027070974,0.0,1,SEARCH,0.0,0.0,0.0,-0.0
106450,DYNAMIC,0.5255987644195557,0.13115355372428894,3.5987672805786133,44.65,2.0,0.549873109566084,-0.43015146060560383,0.6981337376785404,-0.3035277629755301,0.6286983480080724,0.0,1,SEARCH,0.0,0.0,0.0,-0.0
106504,DYNAMIC,0.5322885513305664,0.14129027724266052,3.627631425857544,44.65,2.0,0.549873109566084,-0.43015146060560383,0.6981337376785404,-0.28525701061106823,0.637196322637102,0.0,1,SEARCH,0.0,0.0,0.0,-0.0
106551,DYNAMIC,0.5375843048095703,0.14768549799919128,3.6407546997070312,44.65,2.0,0.549873109566084,-0.43015146060560383,0.6981337376785404,-0.27687058561798256,0.6408848527657401,0.0,1,SEARCH,0.0,0.0,0.0,-0.0
106604,DYNAMIC,0.5454621315002441,0.15594592690467834,3.6498093605041504,44.65,2.0,0.549873109566084,-0.43015146060560383,0.6981337376785404,-0.2710563201602704,0.6433655158509679,0.0,1,SEARCH,0.0,0.0,0.0,-0.0
106650,DYNAMIC,0.5508956909179688,0.16095343232154846,3.649686336517334,50.37,2.0,0.6511695180392645,-0.5847955788237078,0.8752186071120994,-0.28439914232395835,0.8277226214624319,0.0,1,SEARCH,0.0,0.0,0.0,-0.0
106702,DYNAMIC,0.5585846900939941,0.1696048080921173,3.6437597274780273,50.37,2.0,0.6511695180392645,-0.5847955788237078,0.8752186071120994,-0.2892997072746199,0.8260225720923506,0.0,1,SEARCH,0.0,0.0,0.0,-0.0
106750,DYNAMIC,0.5628106594085693,0.17504402995109558,3.6390702724456787,50.37,2.0,0.6511695180392645,-0.5847955788237078,0.8752186071120994,-0.2931701077973627,0.8246568365867866,0.0,1,SEARCH,0.0,0.0,0.0,-0.0
106801,DYNAMIC,0.5680563449859619,0.18015143275260925,3.6325736045837402,50.37,2.0,0.6511695180392645,-0.5847955788237078,0.8752186071120994,-0.2985214048289589,0.8227348182094814,0.0,1,SEARCH,0.0,0.0,0.0,-0.0
106850,DYNAMIC,0.571150541305542,0.18227270245552063,3.6273112297058105,50.37,2.0,0.6511695180392645,-0.5847955788237078,0.8752186071120994,-0.3028467904790389,0.8211525021162565,0.0,1,SEARCH,0.0,0.0,0.0,-0.0
106901,DYNAMIC,0.5774152278900146,0.1856130063533783,3.6154496669769287,50.37,2.0,0.6511695180392645,-0.5847955788237078,0.8752186071120994,-0.31256540947558353,0.8175025841149399,0.0,1,SEARCH,0.0,0.0,0.0,-0.0
106950,DYNAMIC,0.5816540718078613,0.18833515048027039,3.604990243911743,50.37,2.0,0.6511695180392645,-0.5847955788237078,0.8752186071120994,-0.3210987618564968,0.8141886730785857,0.0,1,SEARCH,0.0,0.0,0.0,-0.0
107002,DYNAMIC,0.5868456363677979,0.1924552619457245,3.5883443355560303,50.37,2.0,0.6511695180392645,-0.5847955788237078,0.8752186071120994,-0.33460656101284536,0.808731141704337,0.0,1,SEARCH,0.0,0.0,0.0,-0.0
107050,DYNAMIC,0.5895721912384033,0.19478175044059753,3.5782864093780518,50.37,2.0,0.6511695180392645,-0.5847955788237078,0.8752186071120994,-0.34272365741863864,0.8053248443211193,0.0,1,SEARCH,0.0,0.0,0.0,-0.0
107105,DYNAMIC,0.5933396816253662,0.19735947251319885,3.565180540084839,50.37,2.0,0.6511695180392645,-0.5847955788237078,0.8752186071120994,-0.35324840408386515,0.8007641196054215,0.0,1,SEARCH,0.0,0.0,0.0,-0.0
107150,DYNAMIC,0.5956931114196777,0.19825884699821472,3.5580594539642334,50.37,2.0,0.6511695180392645,-0.5847955788237078,0.8752186071120994,-0.3589417095960482,0.7982283253227171,0.0,1,SEARCH,0.0,0.0,0.0,-0.0
107202,DYNAMIC,0.5993800163269043,0.1977761685848236,3.5482232570648193,50.37,2.0,0.6511695180392645,-0.5847955788237078,0.8752186071120994,-0.36677575016498354,0.7946591466321626,0.0,1,SEARCH,0.0,0.0,0.0,-0.0
107255,DYNAMIC,0.6021034717559814,0.19632694125175476,3.5415170192718506,50.37,2.0,0.6511695180392645,-0.5847955788237078,0.8752186071120994,-0.37209663583469843,0.7921816103872541,0.0,1,SEARCH,0.0,0.0,0.0,-0.0
107307,DYNAMIC,0.6056215763092041,0.194792240858078,3.5348145961761475,50.37,2.0,0.6511695180392645,-0.5847955788237078,0.8752186071120994,-0.3773977746836307,0.7896698866609305,0.0,1,SEARCH,0.0,0.0,0.0,-0.0
107350,DYNAMIC,0.6115882396697998,0.1930508315563202,3.5248794555664062,48.21,2.0,0.7327315304685854,-0.9245126227422078,1.1796690575549191,-0.333824159419468,1.1314506246144358,0.0,1,SEARCH,0.0,0.0,0.0,-0.0
107403,DYNAMIC,0.6171300411224365,0.19120070338249207,3.515803813934326,48.21,2.0,0.7327315304685854,-0.9245126227422078,1.1796690575549191,-0.3440789108486523,1.1283744008358736,0.0,1,SEARCH,0.0,0.0,0.0,-0.0
107450,DYNAMIC,0.6205012798309326,0.18984737992286682,3.510514497756958,48.21,2.0,0.7327315304685854,-0.9245126227422078,1.1796690575549191,-0.3500423988784656,1.126538683019771,0.0,1,SEARCH,0.0,0.0,0.0,-0.0
107503,DYNAMIC,0.6230645179748535,0.18725702166557312,3.502883195877075,48.21,2.0,0.7327315304685854,-0.9245126227422078,1.1796690575549191,-0.3586290795854467,1.1238346269038906,0.0,1,SEARCH,0.0,0.0,0.0,-0.0
107550,DYNAMIC,0.6239311695098877,0.18518856167793274,3.4984359741210938,48.21,2.0,0.7327315304685854,-0.9245126227422078,1.1796690575549191,-0.36362345847574,1.1222286156566554,0.0,1,SEARCH,0.0,0.0,0.0,-0.0
107601,DYNAMIC,0.624697208404541,0.1818327009677887,3.492459297180176,48.21,2.0,0.7327315304685854,-0.9245126227422078,1.1796690575549191,-0.37032412201756276,1.120035325337747,0.0,1,SEARCH,0.0,0.0,0.0,-0.0
107650,DYNAMIC,0.624732255935669,0.1794760525226593,3.489095449447632,48.21,2.0,0.7327315304685854,-0.9245126227422078,1.1796690575549191,-0.374089648007597,1.1187832768709334,0.0,1,SEARCH,0.0,0.0,0.0,-0.0
107702,DYNAMIC,0.6239879131317139,0.17568138241767883,3.4857654571533203,48.21,2.0,0.7327315304685854,-0.9245126227422078,1.1796690575549191,-0.3778131067034281,1.1175313605244441,0.0,1,SEARCH,0.0,0.0,0.0,-0.0
107750,DYNAMIC,0.6231405735015869,0.17329344153404236,3.4840238094329834,48.21,2.0,0.7327315304685854,-0.9245126227422078,1.1796690575549191,-0.3797588786488518,1.1168716485970436,0.0,1,SEARCH,0.0,0.0,0.0,-0.0
107802,DYNAMIC,0.6214430332183838,0.17029407620429993,3.4804458618164062,48.21,2.0,0.7327315304685854,-0.9245126227422078,1.1796690575549191,-0.38375254759704647,1.115505745196002,0.0,1,SEARCH,0.0,0.0,0.0,-0.0
107850,DYNAMIC,0.620164155960083,0.16853466629981995,3.477041721343994,48.21,2.0,0.7327315304685854,-0.9245126227422078,1.1796690575549191,-0.387547655024261,1.1141929368101862,0.0,1,SEARCH,0.0,0.0,0.0,-0.0
107913,DYNAMIC,0.6194267272949219,0.16728881001472473,3.473947763442993,48.21,2.0,0.7327315304685854,-0.9245126227422078,1.1796690575549191,-0.39099306065136524,1.1129885497501713,0.0,1,SEARCH,0.0,0.0,0.0,-0.0
107951,DYNAMIC,0.6187748908996582,0.16443082690238953,3.4654221534729004,48.21,2.0,0.7327315304685854,-0.9245126227422078,1.1796690575549191,-0.4004676421966283,1.1096146866845196,0.0,1,SEARCH,0.0,0.0,0.0,-0.0
108001,DYNAMIC,0.6184666156768799,0.16142407059669495,3.459073543548584,35.92,2.0,0.2072030961665955,-0.929245139872966,0.9520659919556792,0.09323839818468976,0.9474894480375519,0.0,1,SEARCH,0.0,0.0,0.0,-0.0
108050,DYNAMIC,0.618504524230957,0.15924009680747986,3.4555301666259766,35.92,2.0,0.2072030961665955,-0.929245139872966,0.9520659919556792,0.08988050763788702,0.9478138780294934,0.0,1,STABILIZE_HIGH,0.10086365681698942,0.49898328239088807,1.0,-0.0
108101,DYNAMIC,0.6184029579162598,0.1565810739994049,3.451507568359375,35.92,2.0,0.2072030961665955,-0.929245139872966,0.9520659919556792,0.0860671162667872,0.9481677618101507,0.0,1,STABILIZE_HIGH,0.09895696113143951,0.49916022428121676,1.0,-0.0
108150,DYNAMIC,0.6184451580047607,0.1549118459224701,3.4501285552978516,35.92,2.0,0.2072030961665955,-0.929245139872966,0.9520659919556792,0.08475949911723815,0.9482855478957519,0.0,1,STABILIZE_HIGH,0.098303152556665,0.49921911732401736,1.0,-0.0
108201,DYNAMIC,0.618647575378418,0.15207460522651672,3.4502971172332764,35.92,2.0,0.2072030961665955,-0.929245139872966,0.9520659919556792,0.0849193427596287,0.9482712471987245,0.0,1,STABILIZE_HIGH,0.09838307437786026,0.49921196697550363,1.0,-0.0
108250,DYNAMIC,0.6185226440429688,0.15067318081855774,3.4527740478515625,35.92,2.0,0.2072030961665955,-0.929245139872966,0.9520659919556792,0.0872678819467157,0.9480579991852216,0.0,1,STABILIZE_HIGH,0.09955734397140376,0.4991053429687522,1.0,-0.0
108301,DYNAMIC,0.6175880432128906,0.14744582772254944,3.4609062671661377,35.92,2.0,0.2072030961665955,-0.929245139872966,0.9520659919556792,0.09497472691332576,0.9473169766695257,0.0,1,STABILIZE_HIGH,0.10341076645470879,0.49873483171090427,1.0,-0.0
108350,DYNAMIC,0.6166877746582031,0.14504817128181458,3.4678151607513428,35.92,2.0,0.2072030961665955,-0.929245139872966,0.9520659919556792,0.10151732033256769,0.9466382026471604,0.0,1,STABILIZE_HIGH,0.10668206316432977,0.4983954446997216,1.0,-0.0
108401,DYNAMIC,0.6153972148895264,0.14140954613685608,3.476686954498291,35.92,2.0,0.2072030961665955,-0.929245139872966,0.9520659919556792,0.10991159392573666,0.9457003196358007,0.0,1,STABILIZE_HIGH,0.11087919996091425,0.49792650319404175,1.0,-0.0
108450,DYNAMIC,0.6145081520080566,0.13911107182502747,3.480189800262451,35.92,2.0,0.2072030961665955,-0.929245139872966,0.9520659919556792,0.11322355520722088,0.9453095152302176,0.0,1,STABILIZE_HIGH,0.11253518060165635,0.4977311009912502,1.0,-0.0
108502,DYNAMIC,0.6129796504974365,0.13654890656471252,3.482009172439575,35.92,2.0,0.2072030961665955,-0.929245139872966,0.9520659919556792,0.11494323669772433,0.9451019550164957,0.0,1,STABILIZE_HIGH,0.11339502134690807,0.49762732088438927,1.0,-0.0
108555,DYNAMIC,0.6116485595703125,0.13474705815315247,3.4822404384613037,35.92,2.0,0.2072030961665955,-0.929245139872966,0.9520659919556792,0.11516180359123007,0.9450753472777536,0.0,1,STABILIZE_HIGH,0.11350430479366094,0.4976140170150182,1.0,-0.0
108606,DYNAMIC,0.6092636585235596,0.13103172183036804,3.4817707538604736,35.92,1.9894250084,0.2072030961665955,-0.929245139872966,0.9520659919556792,0.11471790356775471,0.9451293327579939,0.0,1,DESCEND_TO_LOW,0.1140310797508277,0.5009301031913734,1.0,0.3
108650,DYNAMIC,0.6074752807617188,0.12810954451560974,3.4804141521453857,35.96,1.9758503915,0.21441613177978353,-0.8301973328036122,0.8574391459232761,0.07371158484144463,0.8542648835237228,0.0,1,DESCEND_TO_LOW,0.09416177403919966,0.459073825812016,1.0,0.3
108703,DYNAMIC,0.6037154197692871,0.12430271506309509,3.477254867553711,35.96,1.9599491765,0.21441613177978353,-0.8301973328036122,0.8574391459232761,0.07101235558704139,0.8544934957713937,0.0,1,DESCEND_TO_LOW,0.09370026576444558,0.4636855493659703,1.0,0.3
108750,DYNAMIC,0.6007390022277832,0.12196984887123108,3.4753317832946777,35.96,1.9458545819,0.21441613177978353,-0.8301973328036122,0.8574391459232761,0.06936896229795358,0.8546284783643371,0.0,1,DESCEND_TO_LOW,0.09365602213676333,0.4677402376234439,1.0,0.3
108802,DYNAMIC,0.5959138870239258,0.1183495819568634,3.473466396331787,35.96,1.9303543943,0.21441613177978353,-0.8301973328036122,0.8574391459232761,0.06777462971039061,0.8547563913357166,0.0,1,DESCEND_TO_LOW,0.09370176115941511,0.47218994301433526,1.0,0.3
108850,DYNAMIC,0.5923724174499512,0.11584314703941345,3.4734385013580322,35.96,1.9158436058,0.21441613177978353,-0.8301973328036122,0.8574391459232761,0.06775078627692188,0.8547582815746777,0.0,1,DESCEND_TO_LOW,0.09450356869952128,0.47629471194620293,1.0,0.3
108902,DYNAMIC,0.5867471694946289,0.11287298798561096,3.47359037399292,35.96,1.9001951294,0.21441613177978353,-0.8301973328036122,0.8574391459232761,0.06788059988749165,0.8547479822266627,0.0,1,DESCEND_TO_LOW,0.09545061187523769,0.48071477218095543,1.0,0.3
108950,DYNAMIC,0.5828769207000732,0.1112494170665741,3.4729390144348145,35.96,1.885850852,0.21441613177978353,-0.8301973328036122,0.8574391459232761,0.06732383725903957,0.8547920155794364,0.0,1,DESCEND_TO_LOW,0.09595785654757237,0.4847950052527414,1.0,0.3
109002,DYNAMIC,0.5772583484649658,0.10895511507987976,3.4690308570861816,35.96,1.8701847644,0.21441613177978353,-0.8301973328036122,0.8574391459232761,0.06398266992464882,0.8550485991515047,0.0,1,DESCEND_TO_LOW,0.09502871651205855,0.489364382824038,1.0,0.3
109050,DYNAMIC,0.5738124847412109,0.10766991972923279,3.464094400405884,35.96,1.8558626981,0.21441613177978353,-0.8301973328036122,0.8574391459232761,0.05976099711570865,0.8553540273976462,0.0,1,DESCEND_TO_LOW,0.09351451730509669,0.49358256400370937,1.0,0.3
109102,DYNAMIC,0.569655179977417,0.10704341530799866,3.454239845275879,35.96,1.8402184496,0.21441613177978353,-0.8301973328036122,0.8574391459232761,0.0513290983859126,0.8559014035626571,0.0,1,DESCEND_TO_LOW,0.08971633827872982,0.49831083147307753,1.0,0.3
109150,DYNAMIC,0.5673444271087646,0.10692110657691956,3.4471821784973145,35.96,1.8258256442,0.21441613177978353,-0.8301973328036122,0.8574391459232761,0.04528720326956803,0.8562423478091107,0.0,1,DESCEND_TO_LOW,0.08710030056989829,0.5025754184766853,1.0,0.3
109203,DYNAMIC,0.5644485950469971,0.10664966702461243,3.437469482421875,35.96,1.8099743291000001,0.21441613177978353,-0.8301973328036122,0.8574391459232761,0.03696877623418984,0.8566418146141265,0.0,1,DESCEND_TO_LOW,0.0832253091080231,0.5072891205612656,1.0,0.3
109250,DYNAMIC,0.5630087852478027,0.10607567429542542,3.4318675994873047,35.96,1.7958582182,0.21441613177978353,-0.8301973328036122,0.8574391459232761,0.03216941411168461,0.8568354671448587,0.0,1,DESCEND_TO_LOW,0.08117576938819741,0.5113987738217723,1.0,0.3
109308,DYNAMIC,0.5615015029907227,0.10496172308921814,3.4246268272399902,35.96,1.7806986302,0.21441613177978353,-0.8301973328036122,0.8574391459232761,0.025964474555274286,0.8570459351882521,0.0,1,DESCEND_TO_LOW,0.07833015699104248,0.5158155410300479,1.0,0.3
109354,DYNAMIC,0.5611579418182373,0.104268878698349,3.4189352989196777,35.96,1.7647530485,0.21441613177978353,-0.8301973328036122,0.8574391459232761,0.021086179139778588,0.8571798306136946,0.0,1,DESCEND_TO_LOW,0.07621892121082517,0.5204132865963865,1.0,0.3
109402,DYNAMIC,0.5612690448760986,0.10323432087898254,3.411386251449585,38.23,1.7502187043,0.17683017699347964,-0.8978638128130145,0.9151111068360329,0.06887638289092018,0.9125154145188632,0.0,1,DESCEND_TO_LOW,0.10324718239300958,0.5590590911276616,1.0,0.3
109450,DYNAMIC,0.5613090991973877,0.10264137387275696,3.408266305923462,38.23,1.7358561269,0.17683017699347964,-0.8978638128130145,0.9151111068360329,0.0660290539015275,0.9127258634965586,0.0,1,DESCEND_TO_LOW,0.10239014522625099,0.5635224864806386,1.0,0.3
109505,DYNAMIC,0.5604848861694336,0.10300841927528381,3.4043450355529785,38.23,1.7195031344,0.17683017699347964,-0.8978638128130145,0.9151111068360329,0.06244951054608744,0.9129777634133394,0.0,1,DESCEND_TO_LOW,0.10118481374246062,0.5686139544377751,1.0,0.3
109550,DYNAMIC,0.5593914985656738,0.10441508889198303,3.397676944732666,38.23,1.7058571178,0.17683017699347964,-0.8978638128130145,0.9151111068360329,0.05636034866210474,0.9133738823468489,0.0,1,DESCEND_TO_LOW,0.09831477705036594,0.572974629961058,1.0,0.3
109601,DYNAMIC,0.557121753692627,0.10869565606117249,3.377980947494507,38.23,1.6905936578,0.17683017699347964,-0.8978638128130145,0.9151111068360329,0.03836077066683838,0.9143067259560741,0.0,1,DESCEND_TO_LOW,0.08836686235726753,0.5781484156365433,1.0,0.3
109650,DYNAMIC,0.5557620525360107,0.11302807927131653,3.3598227500915527,38.23,1.67585777,0.17683017699347964,-0.8978638128130145,0.9151111068360329,0.021753196994113017,0.9148525215985387,0.0,1,DESCEND_TO_LOW,0.07906279384472821,0.5829384733531132,1.0,0.3
109703,DYNAMIC,0.5557577610015869,0.12149056792259216,3.332381010055542,38.23,1.6598949941,0.17683017699347964,-0.8978638128130145,0.9151111068360329,-0.0033569873910724024,0.9151049494404045,0.0,1,DESCEND_TO_LOW,0.06449482930334643,0.5879276014506296,1.0,0.3
109750,DYNAMIC,0.5587787628173828,0.12767645716667175,3.3164126873016357,38.23,1.6458329609,0.17683017699347964,-0.8978638128130145,0.9151111068360329,-0.017968629591295054,0.9149346786548644,0.0,1,DESCEND_TO_LOW,0.056039296140839724,0.592084966316901,1.0,0.3
109803,DYNAMIC,0.5679864883422852,0.13995584845542908,3.2955539226531982,38.23,1.6300674683,0.17683017699347964,-0.8978638128130145,0.9151111068360329,-0.03704774402614333,0.914360871055429,0.0,1,DESCEND_TO_LOW,0.044746222769120936,0.5965084493274473,1.0,0.3
109850,DYNAMIC,0.5773558616638184,0.15039309859275818,3.2822346687316895,38.23,1.6158561299,0.17683017699347964,-0.8978638128130145,0.9151111068360329,-0.04922270242786084,0.9137863335705823,0.0,1,DESCEND_TO_LOW,0.037520005999929905,0.6004554964322494,1.0,0.3
109903,DYNAMIC,0.5950911045074463,0.16678407788276672,3.2711985111236572,38.23,1.5999684707,0.17683017699347964,-0.8978638128130145,0.9151111068360329,-0.05930419015989685,0.9131874675465865,0.0,1,DESCEND_TO_LOW,0.03151941123312629,0.6048892338229666,1.0,0.3
109954,DYNAMIC,0.608475923538208,0.1787712275981903,3.2721924781799316,38.23,1.5852095381,0.17683017699347964,-0.8978638128130145,0.9151111068360329,-0.05839648275501967,0.9132459628470919,0.0,1,DESCEND_TO_LOW,0.032323516568605486,0.609389753099922,1.0,0.3
110004,DYNAMIC,0.631619930267334,0.19815120100975037,3.286231517791748,38.23,1.5697646396,0.17683017699347964,-0.8978638128130145,0.9151111068360329,-0.045570052942515926,0.9139757699903678,0.0,1,DESCEND_TO_LOW,0.04070901066062975,0.6145242132841934,1.0,0.3
110050,DYNAMIC,0.6492302417755127,0.2107032835483551,3.3041775226593018,41.12,1.5558394844,0.6123667579619545,-1.0390010511405525,1.2060332626126065,-0.43610836225452,1.124422397010878,0.0,1,DESCEND_TO_LOW,-0.21033603018516667,0.7566623936282708,1.0,0.3
110104,DYNAMIC,0.6794581413269043,0.225198894739151,3.3466546535491943,41.12,1.5398515139,0.6123667579619545,-1.0390010511405525,1.2060332626126065,-0.38796710912355026,1.1419272099246622,0.0,1,DESCEND_TO_LOW,-0.18098796355089106,0.7738500045819484,1.0,0.3
110150,DYNAMIC,0.7026791572570801,0.2329290211200714,3.3825340270996094,41.12,1.5258547142,0.6123667579619545,-1.0390010511405525,1.2060332626126065,-0.34675457233675344,1.1551093009285152,0.0,1,DESCEND_TO_LOW,-0.1555048625020179,0.7876518394126095,1.0,0.3
110204,DYNAMIC,0.7417569160461426,0.24610647559165955,3.4401535987854004,41.12,1.5101371493,0.6123667579619545,-1.0390010511405525,1.2060332626126065,-0.27965903541261605,1.1731611374572946,0.0,1,DESCEND_TO_LOW,-0.11286435835722003,0.8054098801069905,1.0,0.3
110250,DYNAMIC,0.7695505619049072,0.2569420039653778,3.4730207920074463,41.12,1.4958566222,0.6123667579619545,-1.0390010511405525,1.2060332626126065,-0.2409564258332616,1.181717492202628,0.0,1,DESCEND_TO_LOW,-0.08818688731906217,0.8165396229101498,1.0,0.3
110301,DYNAMIC,0.8104586601257324,0.2746415436267853,3.509342670440674,41.12,1.48065599,0.6123667579619545,-1.0390010511405525,1.2060332626126065,-0.197884736956481,1.1896881361969078,0.0,1,DESCEND_TO_LOW,-0.06029779766551723,0.827717339424243,1.0,0.3
110350,DYNAMIC,0.8368492126464844,0.2868245542049408,3.5270588397979736,41.12,1.4658564077,0.6123667579619545,-1.0390010511405525,1.2060332626126065,-0.17677806946591051,1.193007017868677,0.0,1,DESCEND_TO_LOW,-0.04664240697073533,0.8357107970600338,1.0,0.3
110403,DYNAMIC,0.875732421875,0.3041382133960724,3.544734001159668,41.12,1.4499127985000002,0.6123667579619545,-1.0390010511405525,1.2060332626126065,-0.15566496283371806,1.195945086479302,0.0,1,DESCEND_TO_LOW,-0.03280491590949899,0.8439282611621741,1.0,0.3
110450,DYNAMIC,0.9004228115081787,0.3145485818386078,3.5545156002044678,41.12,1.4358546155,0.6123667579619545,-1.0390010511405525,1.2060332626126065,-0.14395944713731185,1.1974105010847065,0.0,1,DESCEND_TO_LOW,-0.02510302157554755,0.8504372756503797,1.0,0.3
110506,DYNAMIC,0.9361522197723389,0.323373407125473,3.574368476867676,41.12,1.4196294176,0.6123667579619545,-1.0390010511405525,1.2060332626126065,-0.12016059676597385,1.2000323585274077,0.0,1,DESCEND_TO_LOW,-0.009075502998513132,0.8585996836795889,1.0,0.3
110555,DYNAMIC,0.9596099853515625,0.3247121274471283,3.593820333480835,41.12,1.4044122467000002,0.6123667579619545,-1.0390010511405525,1.2060332626126065,-0.09679647927713947,1.2021425340314509,0.0,1,DESCEND_TO_LOW,0.006891773243797032,0.8660398305404206,1.0,0.3
110607,DYNAMIC,0.9909772872924805,0.3241395056247711,3.6289517879486084,41.12,1.3897395758000002,0.6123667579619545,-1.0390010511405525,1.2060332626126065,-0.05451242262072242,1.204800658328185,0.0,1,DESCEND_TO_LOW,0.03614369739003092,0.873663383778571,1.0,0.3
110650,DYNAMIC,1.0093410015106201,0.32127079367637634,3.6619696617126465,42.63,1.3758402427999998,1.076624921139281,-1.3490384950207353,1.725985539298048,-0.26336225043698114,1.7057744302546987,0.0,1,DESCEND_TO_LOW,-0.10991631337128355,1.0,1.0,0.3
110704,DYNAMIC,1.0359666347503662,0.31573960185050964,3.6831793785095215,42.63,1.3600126727,1.076624921139281,-1.3490384950207353,1.725985539298048,-0.22712673551514728,1.7109761915001056,0.0,1,DESCEND_TO_LOW,-0.08533378311499275,1.0,1.0,0.3
110750,DYNAMIC,1.0536727905273438,0.31055280566215515,3.680992841720581,42.63,1.3458378455,1.076624921139281,-1.3490384950207353,1.725985539298048,-0.23086730198206995,1.7104754808945648,0.0,1,DESCEND_TO_LOW,-0.08850873348531277,1.0,1.0,0.3
110802,DYNAMIC,1.0767245292663574,0.3001740276813507,3.657198667526245,42.63,1.3304531639000001,1.076624921139281,-1.3490384950207353,1.725985539298048,-0.27149746208192815,1.7044985215449868,0.0,1,DESCEND_TO_LOW,-0.11792907260163465,1.0,1.0,0.3
110850,DYNAMIC,1.088282585144043,0.2918849289417267,3.6309316158294678,42.63,1.3158221429,1.076624921139281,-1.3490384950207353,1.725985539298048,-0.31617080901949157,1.696779921318594,0.0,1,DESCEND_TO_LOW,-0.1505774068306131,1.0,1.0,0.3
110904,DYNAMIC,1.1052522659301758,0.27873650193214417,3.603670597076416,42.63,1.2998172227,1.076624921139281,-1.3490384950207353,1.725985539298048,-0.36230355323057495,1.6875313973916082,0.0,1,DESCEND_TO_LOW,-0.18479302692531838,1.0,1.0,0.3
110950,DYNAMIC,1.1144201755523682,0.2696203291416168,3.5966994762420654,42.63,1.2858601289,1.076624921139281,-1.3490384950207353,1.725985539298048,-0.3740586399210004,1.6849647520842759,0.0,1,DESCEND_TO_LOW,-0.1944152285232966,1.0,1.0,0.3
111001,DYNAMIC,1.1241068840026855,0.2557806670665741,3.6060564517974854,42.63,1.2705922694,1.076624921139281,-1.3490384950207353,1.725985539298048,-0.35827632112861674,1.6883909972469404,0.0,1,DESCEND_TO_LOW,-0.18420933020708033,1.0,1.0,0.3
111050,DYNAMIC,1.1309411525726318,0.2454211413860321,3.613297939300537,42.63,1.2558417428,1.076624921139281,-1.3490384950207353,1.725985539298048,-0.34604057186878245,1.6909411593803907,0.0,1,DESCEND_TO_LOW,-0.1764125089179686,1.0,1.0,0.3
111101,DYNAMIC,1.1484313011169434,0.23181238770484924,3.5990450382232666,42.63,1.2405802277000002,1.076624921139281,-1.3490384950207353,1.725985539298048,-0.3701054253113356,1.6858374939539957,0.0,1,DESCEND_TO_LOW,-0.1953044989289974,1.0,1.0,0.3
111150,DYNAMIC,1.162327527999878,0.2228194773197174,3.5897293090820312,42.63,1.225858229,1.076624921139281,-1.3490384950207353,1.725985539298048,-0.3857939443527878,1.6823165915982317,0.0,1,DESCEND_TO_LOW,-0.20816274949963062,1.0,1.0,0.3
111201,DYNAMIC,1.1804513931274414,0.2093609869480133,3.598308801651001,42.63,1.2104558972000001,1.076624921139281,-1.3490384950207353,1.725985539298048,-0.3713465001103907,1.6855645519296307,0.0,1,DESCEND_TO_LOW,-0.19872483634855287,1.0,1.0,0.3
111250,DYNAMIC,1.188384771347046,0.19824287295341492,3.6038479804992676,42.63,1.1958492149,1.076624921139281,-1.3490384950207353,1.725985539298048,-0.3620042074367873,1.6875956374866692,0.0,1,DESCEND_TO_LOW,-0.1929207537249002,1.0,1.0,0.3
111303,DYNAMIC,1.190999984741211,0.18718978762626648,3.598021984100342,40.57,1.1802276059,0.7849274957103273,-2.021467932945816,2.1685118808644597,0.1863774361152889,2.160487729369785,0.0,1,DESCEND_TO_LOW,0.22215800606411348,1.0,1.0,0.3
111350,DYNAMIC,1.1942780017852783,0.1840461790561676,3.5970256328582764,40.57,1.1658357623,0.7849274957103273,-2.021467932945816,2.1685118808644597,0.18422473932891348,2.160672354353966,0.0,1,DESCEND_TO_LOW,0.22184180802963105,1.0,1.0,0.3
111402,DYNAMIC,1.2023811340332031,0.18172410130500793,3.5939950942993164,40.57,1.1504365028,0.7849274957103273,-2.021467932945816,2.1685118808644597,0.17767590249428789,2.1612207316984438,0.0,1,DESCEND_TO_LOW,0.21823218653887907,1.0,1.0,0.3
111450,DYNAMIC,1.2048447132110596,0.17810329794883728,3.594067096710205,40.57,1.1358498094999998,0.7849274957103273,-2.021467932945816,2.1685118808644597,0.17783151513673146,2.161207933002859,0.0,1,DESCEND_TO_LOW,0.219651547504741,1.0,1.0,0.3
111504,DYNAMIC,1.2078499794006348,0.17137464880943298,3.5949461460113525,40.57,1.1197101950000001,0.7849274957103273,-2.021467932945816,2.1685118808644597,0.17973125450753746,2.161050775341353,0.0,1,DESCEND_TO_LOW,0.22256268445928704,1.0,1.0,0.3
111550,DYNAMIC,1.2119770050048828,0.1685256063938141,3.5960991382598877,40.57,1.105856879,0.7849274957103273,-2.021467932945816,2.1685118808644597,0.18222280928157442,2.160842110203299,0.0,1,DESCEND_TO_LOW,0.2257477445190537,1.0,1.0,0.3
111602,DYNAMIC,1.2182025909423828,0.16361424326896667,3.5959060192108154,40.57,1.0904285699,0.7849274957103273,-2.021467932945816,2.1685118808644597,0.18180550611265378,2.1608772606044604,0.0,1,DESCEND_TO_LOW,0.2268169121247071,1.0,1.0,0.3
111650,DYNAMIC,1.221060037612915,0.15958735346794128,3.5965139865875244,40.57,1.0758593768,0.7849274957103273,-2.021467932945816,2.1685118808644597,0.18311921531137343,2.1607663294382533,0.0,1,DESCEND_TO_LOW,0.22916993237664007,1.0,1.0,0.3
111702,DYNAMIC,1.226508378982544,0.1553170382976532,3.59799861907959,40.57,1.060357601,0.7849274957103273,-2.021467932945816,2.1685118808644597,0.18632695622378848,2.1604920834927155,0.0,1,DESCEND_TO_LOW,0.23312314416911833,1.0,1.0,0.3
111801,DYNAMIC,1.236814260482788,0.1472400724887848,3.6026172637939453,40.57,1.0,0.7849274957103273,-2.021467932945816,2.1685118808644597,0.19630347874029386,2.159608464903945,0.0,1,STABILIZE_LOW,0.24676951555982532,1.0,1.0,-0.0
111850,DYNAMIC,1.2416374683380127,0.14334675669670105,3.602980375289917,40.57,1.0,0.7849274957103273,-2.021467932945816,2.1685118808644597,0.1970876444421633,2.15953704248354,0.0,1,STABILIZE_LOW,0.24740665019259425,1.0,1.0,-0.0
111906,DYNAMIC,1.2433526515960693,0.14255443215370178,3.6039879322052,40.57,1.0,0.7849274957103273,-2.021467932945816,2.1685118808644597,0.19926340051616753,2.1593373693485343,0.0,1,STABILIZE_LOW,0.24917445200272267,1.0,1.0,-0.0
111950,DYNAMIC,1.2438304424285889,0.14191851019859314,3.6044108867645264,40.57,1.0,0.7849274957103273,-2.021467932945816,2.1685118808644597,0.20017668425125645,2.15925289684476,0.0,1,STABILIZE_LOW,0.24991649503748242,1.0,1.0,-0.0
112001,DYNAMIC,1.2456815242767334,0.14037612080574036,3.604893684387207,30.84,1.0,0.9610935726310286,-1.0322118796075261,1.4103766233724864,-0.3984779530453662,1.3529144617056732,0.0,1,STABILIZE_LOW,-0.2296365720613152,1.0,1.0,-0.0
112050,DYNAMIC,1.2469241619110107,0.13870415091514587,3.6050150394439697,30.84,1.0,0.9610935726310286,-1.0322118796075261,1.4103766233724864,-0.3983137671002714,1.3529628090579457,0.0,1,STABILIZE_LOW,-0.22950317098092565,1.0,1.0,-0.0
112103,DYNAMIC,1.2481276988983154,0.13680967688560486,3.605705738067627,30.84,1.0,0.9610935726310286,-1.0322118796075261,1.4103766233724864,-0.3973791826138046,1.3532376010814806,0.0,1,STABILIZE_LOW,-0.2287438210856714,1.0,1.0,-0.0
112150,DYNAMIC,1.2490568161010742,0.13552913069725037,3.6058409214019775,30.84,1.0,0.9610935726310286,-1.0322118796075261,1.4103766233724864,-0.39719624381231944,1.3532913077593312,0.0,1,STABILIZE_LOW,-0.22859518330946468,1.0,1.0,-0.0
112202,DYNAMIC,1.2505831718444824,0.1329135000705719,3.60628604888916,30.84,1.0,0.9610935726310286,-1.0322118796075261,1.4103766233724864,-0.3965938173230337,1.35346797664988,0.0,1,STABILIZE_LOW,-0.22810571178692005,1.0,1.0,-0.0
112250,DYNAMIC,1.25187087059021,0.13075628876686096,3.60662579536438,30.84,1.0,0.9610935726310286,-1.0322118796075261,1.4103766233724864,-0.39613395846854105,1.3536026398849923,0.0,1,STABILIZE_LOW,-0.22773207646764476,1.0,1.0,-0.0
112302,DYNAMIC,1.2526860237121582,0.1292468011379242,3.60695743560791,30.84,1.0,0.9610935726310286,-1.0322118796075261,1.4103766233724864,-0.3956850275831891,1.3537339394068788,0.0,1,STABILIZE_LOW,-0.22736732012329627,1.0,1.0,-0.0
112350,DYNAMIC,1.252509593963623,0.12914571166038513,3.6072309017181396,30.84,1.0,0.9610935726310286,-1.0322118796075261,1.4103766233724864,-0.39531481243771016,1.3538420952322743,0.0,1,STABILIZE_LOW,-0.22706652031759467,1.0,1.0,-0.0
112402,DYNAMIC,1.2528927326202393,0.12814047932624817,3.6076173782348633,30.84,1.0,0.9610935726310286,-1.0322118796075261,1.4103766233724864,-0.3947915547506564,1.3539947740124907,0.0,1,STABILIZE_LOW,-0.2266413734468635,1.0,1.0,-0.0
112450,DYNAMIC,1.2534172534942627,0.12700346112251282,3.607863187789917,30.84,1.0,0.9610935726310286,-1.0322118796075261,1.4103766233724864,-0.3944587179739488,1.3540917766421612,0.0,1,STABILIZE_LOW,-0.22637094356578857,1.0,1.0,-0.0
112506,DYNAMIC,1.2528049945831299,0.12709882855415344,3.6082265377044678,30.84,1.0,0.9610935726310286,-1.0322118796075261,1.4103766233724864,-0.3939666828145951,1.35423501379474,0.0,1,STABILIZE_LOW,-0.2259711649988137,1.0,1.0,-0.0
112551,DYNAMIC,1.252234935760498,0.1273880898952484,3.6084725856781006,30.84,1.0,0.9610935726310286,-1.0322118796075261,1.4103766233724864,-0.39363346411169664,1.3543319075053213,0.0,1,STABILIZE_LOW,-0.22570042480270866,1.0,1.0,-0.0
112602,DYNAMIC,1.2518887519836426,0.12698867917060852,3.6088571548461914,28.65,1.0,0.9285917190504959,-1.0585276604916167,1.408106313001618,-0.3522409910587462,1.363337695852705,0.0,1,STABILIZE_LOW,-0.19089423933620903,1.0,1.0,-0.0
112650,DYNAMIC,1.251967430114746,0.12624022364616394,3.609113931655884,28.65,1.0,0.9285917190504959,-1.0585276604916167,1.408106313001618,-0.3518909059461319,1.3634280982242595,0.0,1,STABILIZE_LOW,-0.19060979518220994,1.0,1.0,-0.0
112703,DYNAMIC,1.2514302730560303,0.12617984414100647,3.6095006465911865,28.65,1.0,0.9285917190504959,-1.0585276604916167,1.408106313001618,-0.35136362163811113,1.3635640777405222,0.0,1,STABILIZE_LOW,-0.19018137668194304,1.0,1.0,-0.0
112750,DYNAMIC,1.2506260871887207,0.12676361203193665,3.6097536087036133,28.65,1.0,0.9285917190504959,-1.0585276604916167,1.408106313001618,-0.35101868035040606,1.363652915796417,0.0,1,STABILIZE_LOW,-0.18990111188568268,1.0,1.0,-0.0
112801,DYNAMIC,1.250016450881958,0.12677082419395447,3.610112428665161,28.65,1.0,0.9285917190504959,-1.0585276604916167,1.408106313001618,-0.35052935187695816,1.3637787805167414,0.0,1,STABILIZE_LOW,-0.18950353250100627,1.0,1.0,-0.0
112850,DYNAMIC,1.2499704360961914,0.12624743580818176,3.610391855239868,28.65,1.0,0.9285917190504959,-1.0585276604916167,1.408106313001618,-0.3501482621640917,1.3638766744902109,-0.008319841,1,TERMINAL_LAND,-0.18919389710930223,1.0,1.0,0.0
112906,DYNAMIC,1.2488806247711182,0.1272161304950714,3.6107845306396484,28.65,1.0,0.9285917190504959,-1.0585276604916167,1.408106313001618,-0.34961267436407384,1.3640140639447274,-0.0187850244,1,TERMINAL_LAND,-0.18875873202178775,1.0,1.0,0.0
112950,DYNAMIC,1.2480483055114746,0.12807640433311462,3.6110293865203857,28.65,1.0,0.9285917190504959,-1.0585276604916167,1.408106313001618,-0.3492786770220364,1.3640996277738464,-0.0283014458,1,TERMINAL_LAND,-0.18848735918138235,1.0,1.0,0.0
113002,DYNAMIC,1.2474184036254883,0.12845507264137268,3.6114182472229004,28.65,1.0,0.9285917190504959,-1.0585276604916167,1.408106313001618,-0.3487482058881725,1.364235345387588,-0.0385301036,1,TERMINAL_LAND,-0.18805635138511792,1.0,1.0,0.0
113050,DYNAMIC,1.2473230361938477,0.1282046139240265,3.6116750240325928,28.65,1.0,0.9285917190504959,-1.0585276604916167,1.408106313001618,-0.34839789039512425,1.364324850863326,-0.0483123322,1,TERMINAL_LAND,-0.1877717200470162,1.0,1.0,0.0
113102,DYNAMIC,1.2464487552642822,0.1293281614780426,3.61206316947937,28.65,1.0,0.9285917190504959,-1.0585276604916167,1.408106313001618,-0.34786830768536275,1.3644599771422876,-0.0586386342,1,TERMINAL_LAND,-0.187341434095335,1.0,1.0,0.0
113157,DYNAMIC,1.2458605766296387,0.13020697236061096,3.6123361587524414,28.65,1.0,0.9285917190504959,-1.0585276604916167,1.408106313001618,-0.3474958117905744,1.3645548906156248,-0.0695724248,1,TERMINAL_LAND,-0.18703878118081949,1.0,1.0,0.0
113202,DYNAMIC,1.2454633712768555,0.1307278573513031,3.6127359867095947,32.45,1.0,0.973981004221197,-1.1306364334753112,1.4923061821508021,-0.35466375735993727,1.4495486747608148,-0.0786234428,1,TERMINAL_LAND,-0.19498900799104962,1.0,1.0,0.0
113250,DYNAMIC,1.245478630065918,0.13061276078224182,3.6129913330078125,32.45,1.0,0.973981004221197,-1.1306364334753112,1.4923061821508021,-0.3542936089134274,1.449639189580843,-0.088310927,1,TERMINAL_LAND,-0.19468826237826037,1.0,1.0,0.0
113302,DYNAMIC,1.2444722652435303,0.13161131739616394,3.6134026050567627,32.45,1.0,0.973981004221197,-1.1306364334753112,1.4923061821508021,-0.35369738288705477,1.449784778035813,-0.0985385884,1,TERMINAL_LAND,-0.19420382873183256,1.0,1.0,0.0
113350,DYNAMIC,1.2436480522155762,0.13238224387168884,3.6136586666107178,32.45,1.0,0.973981004221197,-1.1306364334753112,1.4923061821508021,-0.35332613715241745,1.4498752988069197,-0.10830821319999999,1,TERMINAL_LAND,-0.19390219157243976,1.0,1.0,0.0
113404,DYNAMIC,1.2429420948028564,0.1327744424343109,3.6140589714050293,32.45,1.0,0.973981004221197,-1.1306364334753112,1.4923061821508021,-0.35274571682546807,1.4500166207829446,-0.1186747784,1,TERMINAL_LAND,-0.19343060005679338,1.0,1.0,0.0
113450,DYNAMIC,1.242811679840088,0.13256749510765076,3.614297866821289,32.45,1.0,0.973981004221197,-1.1306364334753112,1.4923061821508021,-0.35239930443877876,1.4501008487400344,-0.1283057958,1,TERMINAL_LAND,-0.19314913999260833,1.0,1.0,0.0
113503,DYNAMIC,1.2417705059051514,0.1339455544948578,3.61470627784729,32.45,1.0,0.973981004221197,-1.1306364334753112,1.4923061821508021,-0.35180703788977896,1.4502446515594267,-0.1386901424,1,TERMINAL_LAND,-0.19266792342154598,1.0,1.0,0.0
113550,DYNAMIC,1.241011142730713,0.13508281111717224,3.614959955215454,32.45,1.0,0.973981004221197,-1.1306364334753112,1.4923061821508021,-0.3514391323275434,1.450333850378721,-0.148320008,1,TERMINAL_LAND,-0.1923690001522296,1.0,1.0,0.0
113604,DYNAMIC,1.2404425144195557,0.1359761655330658,3.615373373031616,32.45,1.0,0.973981004221197,-1.1306364334753112,1.4923061821508021,-0.3508395084585092,1.450479017631794,-0.15865088759999998,1,TERMINAL_LAND,-0.1918818057586393,1.0,1.0,0.0
113650,DYNAMIC,1.2403502464294434,0.13613244891166687,3.615624189376831,32.45,1.0,0.973981004221197,-1.1306364334753112,1.4923061821508021,-0.3504756935808574,1.450566968290165,-0.1683196346,1,TERMINAL_LAND,-0.19158620617054722,1.0,1.0,0.0
113706,DYNAMIC,1.2401337623596191,0.13647755980491638,3.6158745288848877,32.45,1.0,0.973981004221197,-1.1306364334753112,1.4923061821508021,-0.35011254838127237,1.4506546607485444,-0.1795441284,1,TERMINAL_LAND,-0.19129115069588437,1.0,1.0,0.0
113755,DYNAMIC,1.2388489246368408,0.13844093680381775,3.6162590980529785,32.45,1.0,0.973981004221197,-1.1306364334753112,1.4923061821508021,-0.34955464544927717,1.4507891959655383,-0.189200831,1,TERMINAL_LAND,-0.19083785456363828,1.0,1.0,0.0
113801,DYNAMIC,1.2381296157836914,0.1395096480846405,3.6166393756866455,27.89,1.0,0.9256195790387285,-1.0382575852287586,1.3909530611724055,-0.34824872477734503,1.346652607050474,-0.1984096672,1,TERMINAL_LAND,-0.1872752874358903,1.0,1.0,0.0
113850,DYNAMIC,1.2379138469696045,0.13979777693748474,3.616899013519287,27.89,1.0,0.9256195790387285,-1.0382575852287586,1.3909530611724055,-0.34789907107902035,1.3467429802034392,-0.20831149180000003,1,TERMINAL_LAND,-0.1869911938060015,1.0,1.0,0.0
113901,DYNAMIC,1.2367489337921143,0.14153489470481873,3.6173036098480225,27.89,1.0,0.9256195790387285,-1.0382575852287586,1.3909530611724055,-0.3473541553531226,1.3468836286568355,-0.21839256420000003,1,TERMINAL_LAND,-0.18654844977870957,1.0,1.0,0.0
113950,DYNAMIC,1.2358503341674805,0.14284536242485046,3.617558002471924,27.89,1.0,0.9256195790387285,-1.0382575852287586,1.3909530611724055,-0.34701150685681703,1.3469719494086903,-0.228309548,1,TERMINAL_LAND,-0.1862700478754613,1.0,1.0,0.0
114002,DYNAMIC,1.2349860668182373,0.14410123229026794,3.6179370880126953,27.89,1.0,0.9256195790387285,-1.0382575852287586,1.3909530611724055,-0.3465008643454101,1.3471033996663988,-0.2386431314,1,TERMINAL_LAND,-0.18585515083494317,1.0,1.0,0.0
114050,DYNAMIC,1.2347204685211182,0.14450088143348694,3.6182057857513428,27.89,1.0,0.9256195790387285,-1.0382575852287586,1.3909530611724055,-0.346138888204134,1.3471964550345623,-0.2483076266,1,TERMINAL_LAND,-0.18556104522015635,1.0,1.0,0.0
114101,DYNAMIC,1.233513355255127,0.14620140194892883,3.618600368499756,27.89,1.0,0.9256195790387285,-1.0382575852287586,1.3909530611724055,-0.3456072807919072,1.3473329305886166,-0.2584960398,1,TERMINAL_LAND,-0.18512911419772207,1.0,1.0,0.0
114150,DYNAMIC,1.2326152324676514,0.1474262773990631,3.618851661682129,27.89,1.0,0.9256195790387285,-1.0382575852287586,1.3909530611724055,-0.3452686943033772,1.3474197368002767,-0.2683140828,1,TERMINAL_LAND,-0.18485401267579143,1.0,1.0,0.0
114202,DYNAMIC,1.231778860092163,0.14856800436973572,3.6192288398742676,27.89,1.0,0.9256195790387285,-1.0382575852287586,1.3909530611724055,-0.34476045241550207,1.3475498687748606,-0.2784994552,1,TERMINAL_LAND,-0.1844410661418929,1.0,1.0,0.0
114250,DYNAMIC,1.2314698696136475,0.14896276593208313,3.6194815635681152,27.89,1.0,0.9256195790387285,-1.0382575852287586,1.3909530611724055,-0.3444198836288483,1.3476369548754503,-0.2883047244,1,TERMINAL_LAND,-0.1841643540027367,1.0,1.0,0.0
114306,DYNAMIC,1.2303998470306396,0.15075340867042542,3.619849681854248,27.89,1.0,0.9256195790387285,-1.0382575852287586,1.3909530611724055,-0.34392377049754075,1.3477636508199946,-0.2987458892,1,TERMINAL_LAND,-0.18376126208354931,1.0,1.0,0.0
114358,DYNAMIC,1.2296772003173828,0.1520530879497528,3.6201064586639404,27.89,1.0,0.9256195790387285,-1.0382575852287586,1.3909530611724055,-0.34357768471267536,1.3478519180356434,-0.3098539534,1,TERMINAL_LAND,-0.18348006738334618,1.0,1.0,0.0
114401,DYNAMIC,1.2289865016937256,0.1533764898777008,3.620462656021118,23.84,1.0,0.8862901013411215,-1.0126788947222987,1.3457446591204558,-0.319978075892489,1.3071506104880846,-0.3184255384,1,TERMINAL_LAND,-0.162591122547886,1.0,0.9536,0.0
114450,DYNAMIC,1.2287511825561523,0.15391412377357483,3.6207125186920166,23.84,1.0,0.8862901013411215,-1.0126788947222987,1.3457446591204558,-0.31965145776475207,1.3072305202603332,-0.32831312960000003,1,TERMINAL_LAND,-0.1623257453190997,1.0,0.9536,0.0
114501,DYNAMIC,1.2278199195861816,0.1552865207195282,3.6211071014404297,23.84,1.0,0.8862901013411215,-1.0126788947222987,1.3457446591204558,-0.3191356222824895,1.307356547442816,-0.3383852206,1,TERMINAL_LAND,-0.16190662898976138,1.0,0.9536,0.0
114550,DYNAMIC,1.2271203994750977,0.15620550513267517,3.6213619709014893,23.84,1.0,0.8862901013411215,-1.0126788947222987,1.3457446591204558,-0.31880240666216114,1.3074378429040694,-0.3483167894,1,TERMINAL_LAND,-0.1616358912982446,1.0,0.9536,0.0
114601,DYNAMIC,1.226454257965088,0.15706899762153625,3.621729612350464,23.84,1.0,0.8862901013411215,-1.0126788947222987,1.3457446591204558,-0.31832171678527554,1.3075549595233489,-0.3583936582,1,TERMINAL_LAND,-0.16124533077327505,1.0,0.9536,0.0
114650,DYNAMIC,1.2262494564056396,0.15732011198997498,3.6219711303710938,23.84,1.0,0.8862901013411215,-1.0126788947222987,1.3457446591204558,-0.3180059094186521,1.3076318018180988,-0.3683118788,1,TERMINAL_LAND,-0.16098873728789348,1.0,0.9536,0.0
114702,DYNAMIC,1.225620985031128,0.1584310233592987,3.6223366260528564,23.84,1.0,0.8862901013411215,-1.0126788947222987,1.3457446591204558,-0.3175279544116506,1.3077479442608138,-0.3784751696,1,TERMINAL_LAND,-0.16060039884470478,1.0,0.9536,0.0
114750,DYNAMIC,1.2249836921691895,0.15961453318595886,3.6225714683532715,23.84,1.0,0.8862901013411215,-1.0126788947222987,1.3457446591204558,-0.3172208311229032,1.3078224771936466,-0.3883187346,1,TERMINAL_LAND,-0.16035086117259753,1.0,0.9536,0.0
114801,DYNAMIC,1.2244539260864258,0.16082653403282166,3.622936964035034,23.84,1.0,0.8862901013411215,-1.0126788947222987,1.3457446591204558,-0.3167428064773151,1.307938332680905,-0.3984155626,1,TERMINAL_LAND,-0.1599624661480572,1.0,0.9536,0.0
114850,DYNAMIC,1.224330186843872,0.16132494807243347,3.6231908798217773,23.84,1.0,0.8862901013411215,-1.0126788947222987,1.3457446591204558,-0.3164106900794142,1.3080187165154409,-0.4083093166,1,TERMINAL_LAND,-0.1596926215747627,1.0,0.9536,0.0
114904,DYNAMIC,1.2238364219665527,0.16279783844947815,3.6235597133636475,23.84,1.0,0.8862901013411215,-1.0126788947222987,1.3457446591204558,-0.31592822739234067,1.3081353304180594,-0.418774159,1,TERMINAL_LAND,-0.15930062064151546,1.0,0.9536,0.0
114952,DYNAMIC,1.2235589027404785,0.16379138827323914,3.6238136291503906,23.84,1.0,0.8862901013411215,-1.0126788947222987,1.3457446591204558,-0.3155960609998642,1.3082155074117574,-0.42861205739999997,1,TERMINAL_LAND,-0.15903073544762833,1.0,0.9536,0.0
115002,DYNAMIC,1.2234268188476562,0.16482964158058167,3.6241977214813232,0.0,0.985,0.0,0.0,0.0,-0.0,0.0,-0.42861205739999997,0,TERMINAL_LAND,-0.15897771714492184,0.999666616,0.9532820850175999,0.3
115050,DYNAMIC,1.2234539985656738,0.1652863323688507,3.624444007873535,0.0,0.97,0.0,0.0,0.0,-0.0,0.0,-0.42861205739999997,0,TERMINAL_LAND,-0.15705506306567726,0.987576789,0.9417532259904,0.3
115101,DYNAMIC,1.2228310108184814,0.16674461960792542,3.6248161792755127,0.0,0.955,0.0,0.0,0.0,-0.0,0.0,-0.42861205739999997,0,TERMINAL_LAND,-0.15502420705828354,0.9748065782499999,0.9295755530191999,0.3
115150,DYNAMIC,1.2223162651062012,0.16779270768165588,3.6250760555267334,0.0,0.94,0.0,0.0,0.0,-0.0,0.0,-0.42861205739999997,0,TERMINAL_LAND,-0.15307914880854448,0.96257587175,0.9179123513008001,0.3
115200,DYNAMIC,1.2217953205108643,0.16896381974220276,3.6254231929779053,0.0,0.9249999999999999,0.0,0.0,0.0,-0.0,0.0,-0.42861205739999997,0,TERMINAL_LAND,-0.15107556804331432,0.94997717025,0.9058982295504,0.3
115250,DYNAMIC,1.2216601371765137,0.1694904863834381,3.625656843185425,0.0,0.9099999999999999,0.0,0.0,0.0,-0.0,0.0,-0.42861205739999997,0,TERMINAL_LAND,-0.1491041585597423,0.93758076475,0.8940770172656,0.3
115301,DYNAMIC,1.2212131023406982,0.17071804404258728,3.626004457473755,0.0,0.8949999999999999,0.0,0.0,0.0,-0.0,0.0,-0.42861205739999997,0,TERMINAL_LAND,-0.1470601052674944,0.92472756825,0.8818202090832,0.3
115350,DYNAMIC,1.2208812236785889,0.1715603768825531,3.626220226287842,0.0,0.8799999999999999,0.0,0.0,0.0,-0.0,0.0,-0.42861205739999997,0,TERMINAL_LAND,-0.14512605766975478,0.91256609775,0.8702230308144,0.3
115400,DYNAMIC,1.220698356628418,0.17243847250938416,3.626577377319336,0.0,0.8649999999999999,0.0,0.0,0.0,-0.0,0.0,-0.42861205739999997,0,TERMINAL_LAND,-0.14312683697068304,0.89999481275,0.8582350534384,0.3
115450,DYNAMIC,1.2207162380218506,0.17281410098075867,3.626824140548706,0.0,0.8499999999999999,0.0,0.0,0.0,-0.0,0.0,-0.42861205739999997,0,TERMINAL_LAND,-0.14115229768272206,0.88757872675,0.8463950738288001,0.3
115502,DYNAMIC,1.219905138015747,0.1743468940258026,3.627178907394409,0.0,0.8349999999999999,0.0,0.0,0.0,-0.0,0.0,-0.42861205739999997,0,TERMINAL_LAND,-0.1390936805545103,0.8746339515,0.8340509361504,0.3
115553,DYNAMIC,1.2194321155548096,0.17526021599769592,3.6274302005767822,0.0,0.8199999999999998,0.0,0.0,0.0,-0.0,0.0,-0.42861205739999997,0,TERMINAL_LAND,-0.13704804212340682,0.8617707875,0.82178462296,0.3
115600,DYNAMIC,1.2189531326293945,0.17629006505012512,3.627774715423584,0.0,0.8049999999999998,0.0,0.0,0.0,-0.0,0.0,-0.42861205739999997,0,TERMINAL_LAND,-0.13516715273566318,0.84994358075,0.8105061986032,0.3
115650,DYNAMIC,1.2187256813049316,0.17681381106376648,3.6280057430267334,0.0,0.7899999999999998,0.0,0.0,0.0,-0.0,0.0,-0.42861205739999997,0,TERMINAL_LAND,-0.13320057826354098,0.83757757825,0.7987139786192,0.3
115700,DYNAMIC,1.2183611392974854,0.1777852475643158,3.628350257873535,0.0,0.7749999999999998,0.0,0.0,0.0,-0.0,0.0,-0.42861205739999997,0,TERMINAL_LAND,-0.1311985304353275,0.824988516,0.7867090488576,0.3
115750,DYNAMIC,1.2180798053741455,0.17856183648109436,3.6285791397094727,0.0,0.7599999999999998,0.0,0.0,0.0,-0.0,0.0,-0.42861205739999997,0,TERMINAL_LAND,-0.12922478188794081,0.81257740225,0.7748738107856,0.3
115800,DYNAMIC,1.217808485031128,0.17947658896446228,3.6289377212524414,0.0,0.7449999999999998,0.0,0.0,0.0,-0.0,0.0,-0.42861205739999997,0,TERMINAL_LAND,-0.12722416533634637,0.79999734,0.762877463424,0.3
115850,DYNAMIC,1.2177796363830566,0.1799144446849823,3.6291801929473877,0.0,0.7299999999999998,0.0,0.0,0.0,-0.0,0.0,-0.42861205739999997,0,TERMINAL_LAND,-0.12524887216318398,0.7875765135,0.7510329632736,0.3
115900,DYNAMIC,1.2170755863189697,0.1811715066432953,3.629534959793091,0.0,0.7149999999999997,0.0,0.0,0.0,-0.0,0.0,-0.42861205739999997,0,TERMINAL_LAND,-0.12324622129042169,0.77498365925,0.7390244174608,0.3
115950,DYNAMIC,1.2164597511291504,0.18211105465888977,3.629777193069458,0.0,0.6999999999999997,0.0,0.0,0.0,-0.0,0.0,-0.42861205739999997,0,TERMINAL_LAND,-0.12127262445835663,0.7625734995,0.7271900891231999,0.3
116000,DYNAMIC,1.2158339023590088,0.18321534991264343,3.6301419734954834,0.0,0.6849999999999997,0.0,0.0,0.0,-0.0,0.0,-0.42861205739999997,0,TERMINAL_LAND,-0.11927075331329023,0.74998554825,0.7151862188111999,0.3
116050,DYNAMIC,1.21555757522583,0.18378838896751404,3.6303870677948,0.0,0.6699999999999997,0.0,0.0,0.0,-0.0,0.0,-0.42861205739999997,0,TERMINAL_LAND,-0.11729572373357186,0.73756637925,0.7033432992528,0.3
116111,DYNAMIC,1.2148301601409912,0.1845451295375824,3.63061785697937,0.0,0.6549999999999997,0.0,0.0,0.0,-0.0,0.0,-0.42861205739999997,0,TERMINAL_LAND,-0.11488959164831784,0.72243639775,0.6889153488944,0.3
116150,DYNAMIC,1.2132997512817383,0.18581506609916687,3.630969524383545,0.0,0.6399999999999997,0.0,0.0,0.0,-0.0,0.0,-0.42861205739999997,0,TERMINAL_LAND,-0.1133199185317659,0.71256614775,0.6795030784944001,0.3
116200,DYNAMIC,1.212110996246338,0.18681594729423523,3.6313087940216064,0.0,0.6249999999999997,0.0,0.0,0.0,-0.0,0.0,-0.42861205739999997,0,TERMINAL_LAND,-0.11131999034470982,0.699990414,0.6675108587904,0.3
116250,DYNAMIC,1.211426019668579,0.18739518523216248,3.6315252780914307,0.0,0.6099999999999997,0.0,0.0,0.0,-0.0,0.0,-0.42861205739999997,0,TERMINAL_LAND,-0.10934414203500768,0.68756609675,0.6556630298608,0.3
116300,DYNAMIC,1.2103326320648193,0.1883452832698822,3.6318554878234863,0.0,0.5949999999999996,0.0,0.0,0.0,-0.0,0.0,-0.42861205739999997,0,TERMINAL_LAND,-0.1073414359388225,0.67497289525,0.6436541529104001,0.3
116350,DYNAMIC,1.2096507549285889,0.18894687294960022,3.6320950984954834,0.0,0.5799999999999996,0.0,0.0,0.0,-0.0,0.0,-0.42861205739999997,0,TERMINAL_LAND,-0.10537082975925291,0.662581541,0.6318377574976,0.3
116401,DYNAMIC,1.2087829113006592,0.18972429633140564,3.632415533065796,0.0,0.5649999999999996,0.0,0.0,0.0,-0.0,0.0,-0.42861205739999997,0,TERMINAL_LAND,-0.10334922115057937,0.64986947875,0.619715534936,0.3
116450,DYNAMIC,1.2083415985107422,0.19013729691505432,3.6326403617858887,0.0,0.5499999999999996,0.0,0.0,0.0,-0.0,0.0,-0.42861205739999997,0,TERMINAL_LAND,-0.10139237478733293,0.6375646475000001,0.6079816478560001,0.3
116500,DYNAMIC,1.2079572677612305,0.19112452864646912,3.6329550743103027,0.0,0.5349999999999996,0.0,0.0,0.0,-0.0,0.0,-0.42861205739999997,0,TERMINAL_LAND,-0.09939349652119228,0.62499551575,0.5959957238192,0.3
116550,DYNAMIC,1.207796335220337,0.1918523609638214,3.633159637451172,0.0,0.5199999999999996,0.0,0.0,0.0,-0.0,0.0,-0.42861205739999997,0,TERMINAL_LAND,-0.09741822986640501,0.612574856,0.5841513826815999,0.3
116600,DYNAMIC,1.2077362537384033,0.19274470210075378,3.633493661880493,0.0,0.5049999999999996,0.0,0.0,0.0,-0.0,0.0,-0.42861205739999997,0,TERMINAL_LAND,-0.09541768623040278,0.59999525225,0.5721554725456001,0.3
116650,DYNAMIC,1.2077856063842773,0.19324037432670593,3.633726119995117,0.0,0.48999999999999955,0.0,0.0,0.0,-0.0,0.0,-0.42861205739999997,0,TERMINAL_LAND,-0.09344095665188014,0.5875653935,0.5603023592416,0.3
116707,DYNAMIC,1.2075166702270508,0.1940646469593048,3.6340630054473877,0.0,0.47499999999999953,0.0,0.0,0.0,-0.0,0.0,-0.42861205739999997,0,TERMINAL_LAND,-0.09117852199589642,0.57333899475,0.5467360653936001,0.3
116752,DYNAMIC,1.2071952819824219,0.19461432099342346,3.6342694759368896,0.0,0.4599999999999995,0.0,0.0,0.0,-0.0,0.0,-0.42861205739999997,0,TERMINAL_LAND,-0.08937624973052509,0.56200613975,0.5359290548656,0.3
116801,DYNAMIC,1.2068455219268799,0.19533410668373108,3.634587049484253,0.0,0.4449999999999995,0.0,0.0,0.0,-0.0,0.0,-0.42861205739999997,0,TERMINAL_LAND,-0.08744939759768385,0.5498899150000001,0.5243750229440001,0.3
116851,DYNAMIC,1.2066452503204346,0.1957920491695404,3.6348071098327637,0.0,0.4299999999999995,0.0,0.0,0.0,-0.0,0.0,-0.42861205739999997,0,TERMINAL_LAND,-0.08546928790039462,0.53743880175,0.5125016413488,0.3
116900,DYNAMIC,1.2057194709777832,0.1964605152606964,3.6351406574249268,0.0,0.4149999999999995,0.0,0.0,0.0,-0.0,0.0,-0.42861205739999997,0,TERMINAL_LAND,-0.08349108732732678,0.5249996932500001,0.5006397074832001,0.3
116950,DYNAMIC,1.204979419708252,0.1968766152858734,3.635373115539551,0.0,0.39999999999999947,0.0,0.0,0.0,-0.0,0.0,-0.42861205739999997,0,TERMINAL_LAND,-0.08151552618737515,0.51257718175,0.4887936005168,0.3
117050,DYNAMIC,1.2034838199615479,0.1978268325328827,3.635906457901001,0.0,0.39999999999999947,0.0,0.0,0.0,-0.0,0.0,-0.42861205739999997,0,DONE,0.0,0.0,0.0,0.0
117101,DYNAMIC,1.2022387981414795,0.19873103499412537,3.6362245082855225,0.0,0.39999999999999947,0.0,0.0,0.0,-0.0,0.0,-0.42861205739999997,0,DONE,0.0,0.0,0.0,0.0
117150,DYNAMIC,1.2013046741485596,0.1994381844997406,3.6364505290985107,0.0,0.39999999999999947,0.0,0.0,0.0,-0.0,0.0,-0.42861205739999997,0,DONE,0.0,0.0,0.0,0.0
117201,DYNAMIC,1.2001419067382812,0.20038703083992004,3.636760711669922,0.0,0.39999999999999947,0.0,0.0,0.0,-0.0,0.0,-0.42861205739999997,0,DONE,0.0,0.0,0.0,0.0
117250,DYNAMIC,1.1994824409484863,0.20096519589424133,3.636983871459961,0.0,0.39999999999999947,0.0,0.0,0.0,-0.0,0.0,-0.42861205739999997,0,DONE,0.0,0.0,0.0,0.0
117307,DYNAMIC,1.1981868743896484,0.20202472805976868,3.6373093128204346,0.0,0.39999999999999947,0.0,0.0,0.0,-0.0,0.0,-0.42861205739999997,0,DONE,0.0,0.0,0.0,0.0
117355,DYNAMIC,1.19740629196167,0.20271524786949158,3.637515068054199,0.0,0.39999999999999947,0.0,0.0,0.0,-0.0,0.0,-0.42861205739999997,0,DONE,0.0,0.0,0.0,0.0
117403,DYNAMIC,1.196396827697754,0.20369651913642883,3.6378607749938965,0.0,0.39999999999999947,0.0,0.0,0.0,-0.0,0.0,-0.42861205739999997,0,DONE,0.0,0.0,0.0,0.0
117450,DYNAMIC,1.1957688331604004,0.2043459117412567,3.638063907623291,0.0,0.39999999999999947,0.0,0.0,0.0,-0.0,0.0,-0.42861205739999997,0,DONE,0.0,0.0,0.0,0.0
117501,DYNAMIC,1.194638967514038,0.2050548493862152,3.638350486755371,0.0,0.39999999999999947,0.0,0.0,0.0,-0.0,0.0,-0.42861205739999997,0,DONE,0.0,0.0,0.0,0.0
117550,DYNAMIC,1.1938655376434326,0.2054620087146759,3.638563394546509,0.0,0.39999999999999947,0.0,0.0,0.0,-0.0,0.0,-0.42861205739999997,0,DONE,0.0,0.0,0.0,0.0
117601,DYNAMIC,1.1927902698516846,0.20609065890312195,3.638855457305908,0.0,0.39999999999999947,0.0,0.0,0.0,-0.0,0.0,-0.42861205739999997,0,DONE,0.0,0.0,0.0,0.0
117650,DYNAMIC,1.1921710968017578,0.20650097727775574,3.639051914215088,0.0,0.39999999999999947,0.0,0.0,0.0,-0.0,0.0,-0.42861205739999997,0,DONE,0.0,0.0,0.0,0.0
117700,DYNAMIC,1.1911041736602783,0.207163006067276,3.6393587589263916,0.0,0.39999999999999947,0.0,0.0,0.0,-0.0,0.0,-0.42861205739999997,0,DONE,0.0,0.0,0.0,0.0
117750,DYNAMIC,1.1902811527252197,0.20764890313148499,3.639554023742676,0.0,0.39999999999999947,0.0,0.0,0.0,-0.0,0.0,-0.42861205739999997,0,DONE,0.0,0.0,0.0,0.0
117800,DYNAMIC,1.1892340183258057,0.2083512246608734,3.639857053756714,0.0,0.39999999999999947,0.0,0.0,0.0,-0.0,0.0,-0.42861205739999997,0,DONE,0.0,0.0,0.0,0.0
117850,DYNAMIC,1.1886169910430908,0.20882245898246765,3.6400516033172607,0.0,0.39999999999999947,0.0,0.0,0.0,-0.0,0.0,-0.42861205739999997,0,DONE,0.0,0.0,0.0,0.0
117906,DYNAMIC,1.1878597736358643,0.2095331847667694,3.6403424739837646,0.0,0.39999999999999947,0.0,0.0,0.0,-0.0,0.0,-0.42861205739999997,0,DONE,0.0,0.0,0.0,0.0
117953,DYNAMIC,1.187469244003296,0.21000203490257263,3.640531063079834,0.0,0.39999999999999947,0.0,0.0,0.0,-0.0,0.0,-0.42861205739999997,0,DONE,0.0,0.0,0.0,0.0
118000,DYNAMIC,1.1869235038757324,0.21072599291801453,3.640794277191162,0.0,0.39999999999999947,0.0,0.0,0.0,-0.0,0.0,-0.42861205739999997,0,DONE,0.0,0.0,0.0,0.0
118050,DYNAMIC,1.18654203414917,0.21125641465187073,3.6409552097320557,0.0,0.39999999999999947,0.0,0.0,0.0,-0.0,0.0,-0.42861205739999997,0,DONE,0.0,0.0,0.0,0.0
118100,DYNAMIC,1.1861474514007568,0.21182134747505188,3.641240358352661,0.0,0.39999999999999947,0.0,0.0,0.0,-0.0,0.0,-0.42861205739999997,0,DONE,0.0,0.0,0.0,0.0
118150,DYNAMIC,1.1859288215637207,0.2121584713459015,3.6414318084716797,0.0,0.39999999999999947,0.0,0.0,0.0,-0.0,0.0,-0.42861205739999997,0,DONE,0.0,0.0,0.0,0.0
118200,DYNAMIC,1.1855695247650146,0.21273502707481384,3.6417157649993896,0.0,0.39999999999999947,0.0,0.0,0.0,-0.0,0.0,-0.42861205739999997,0,DONE,0.0,0.0,0.0,0.0
118250,DYNAMIC,1.1853668689727783,0.21313950419425964,3.6419050693511963,0.0,0.39999999999999947,0.0,0.0,0.0,-0.0,0.0,-0.42861205739999997,0,DONE,0.0,0.0,0.0,0.0
118300,DYNAMIC,1.1845355033874512,0.21363690495491028,3.6422057151794434,0.0,0.39999999999999947,0.0,0.0,0.0,-0.0,0.0,-0.42861205739999997,0,DONE,0.0,0.0,0.0,0.0
118350,DYNAMIC,1.1838116645812988,0.21397951245307922,3.64237904548645,0.0,0.39999999999999947,0.0,0.0,0.0,-0.0,0.0,-0.42861205739999997,0,DONE,0.0,0.0,0.0,0.0
118400,DYNAMIC,1.1828618049621582,0.21453574299812317,3.642667531967163,0.0,0.39999999999999947,0.0,0.0,0.0,-0.0,0.0,-0.42861205739999997,0,DONE,0.0,0.0,0.0,0.0
118450,DYNAMIC,1.1822655200958252,0.21494266390800476,3.642847776412964,0.0,0.39999999999999947,0.0,0.0,0.0,-0.0,0.0,-0.42861205739999997,0,DONE,0.0,0.0,0.0,0.0
118504,DYNAMIC,1.1817920207977295,0.21518924832344055,3.6430301666259766,0.0,0.39999999999999947,0.0,0.0,0.0,-0.0,0.0,-0.42861205739999997,0,DONE,0.0,0.0,0.0,0.0
118554,DYNAMIC,1.1813361644744873,0.21532407402992249,3.643324851989746,0.0,0.39999999999999947,0.0,0.0,0.0,-0.0,0.0,-0.42861205739999997,0,DONE,0.0,0.0,0.0,0.0
118600,DYNAMIC,1.1808931827545166,0.2155735194683075,3.643550395965576,0.0,0.39999999999999947,0.0,0.0,0.0,-0.0,0.0,-0.42861205739999997,0,DONE,0.0,0.0,0.0,0.0
118650,DYNAMIC,1.1809027194976807,0.21540603041648865,3.643355131149292,0.0,0.39999999999999947,0.0,0.0,0.0,-0.0,0.0,-0.42861205739999997,0,DONE,0.0,0.0,0.0,0.0
118700,DYNAMIC,1.1796722412109375,0.2155783474445343,3.6446621417999268,0.0,0.39999999999999947,0.0,0.0,0.0,-0.0,0.0,-0.42861205739999997,0,DONE,0.0,0.0,0.0,0.0
118750,DYNAMIC,1.1785600185394287,0.21661916375160217,3.6452627182006836,0.0,0.39999999999999947,0.0,0.0,0.0,-0.0,0.0,-0.42861205739999997,0,DONE,0.0,0.0,0.0,0.0
118800,DYNAMIC,1.1723968982696533,0.21730157732963562,3.6880719661712646,0.0,0.39999999999999947,0.0,0.0,0.0,-0.0,0.0,-0.42861205739999997,0,DONE,0.0,0.0,0.0,0.0
118850,DYNAMIC,1.1584563255310059,0.21490564942359924,3.751053810119629,0.0,0.39999999999999947,0.0,0.0,0.0,-0.0,0.0,-0.42861205739999997,0,DONE,0.0,0.0,0.0,0.0
118900,DYNAMIC,1.1265208721160889,0.2008533775806427,3.8330576419830322,0.0,0.39999999999999947,0.0,0.0,0.0,-0.0,0.0,-0.42861205739999997,0,DONE,0.0,0.0,0.0,0.0
118950,DYNAMIC,1.1002535820007324,0.18866905570030212,3.866849422454834,0.0,0.39999999999999947,0.0,0.0,0.0,-0.0,0.0,-0.42861205739999997,0,DONE,0.0,0.0,0.0,0.0
119000,DYNAMIC,1.0531280040740967,0.1774233877658844,3.891446113586426,0.0,0.39999999999999947,0.0,0.0,0.0,-0.0,0.0,-0.42861205739999997,0,DONE,0.0,0.0,0.0,0.0
119050,DYNAMIC,1.0210063457489014,0.16896787285804749,3.896576404571533,0.0,0.39999999999999947,0.0,0.0,0.0,-0.0,0.0,-0.42861205739999997,0,DONE,0.0,0.0,0.0,0.0
