time_ms,scenario,drone_x,drone_y,drone_yaw_rad,rotation_error_deg,altitude_m,pixel_err_x,pixel_err_y,ground_err_m,forward_err_m,lateral_err_m,gimbal_norm,locked,state,last_cmd_pitch,last_cmd_roll,last_cmd_yaw_vel,last_cmd_thrust
58,DYNAMIC,0.0,0.0,0.0,0.0,0.0,0.0,0.0,0.0,0.0,0.0,0.0,0,IDLE,0.0,0.0,0.0,0.0
100,DYNAMIC,1.222996473312378,0.23524346947669983,3.6050987243652344,0.0,0.0,0.0,0.0,0.0,-0.0,0.0,0.0,0,IDLE,0.0,0.0,0.0,0.0
150,DYNAMIC,1.223097324371338,0.2353425920009613,3.6051015853881836,0.0,0.0,0.0,0.0,0.0,-0.0,0.0,0.0,0,IDLE,0.0,0.0,0.0,0.0
200,DYNAMIC,1.2232089042663574,0.23536577820777893,3.605093240737915,0.0,0.0,0.0,0.0,0.0,-0.0,0.0,0.0,0,IDLE,0.0,0.0,0.0,0.0
250,DYNAMIC,1.223412036895752,0.23552468419075012,3.605095863342285,0.0,0.0,0.0,0.0,0.0,-0.0,0.0,0.0,0,IDLE,0.0,0.0,0.0,0.0
300,DYNAMIC,1.2235448360443115,0.23564717173576355,3.605099678039551,0.0,0.0,0.0,0.0,0.0,-0.0,0.0,0.0,0,IDLE,0.0,0.0,0.0,0.0
357,DYNAMIC,1.2238202095031738,0.2357737123966217,3.605095386505127,0.0,0.0,0.0,0.0,0.0,-0.0,0.0,0.0,0,IDLE,0.0,0.0,0.0,0.0
402,DYNAMIC,1.2240536212921143,0.2358134686946869,3.605114698410034,0.0,0.0,0.0,0.0,0.0,-0.0,0.0,0.0,0,IDLE,0.0,0.0,0.0,0.0
451,DYNAMIC,1.2243657112121582,0.23588743805885315,3.605093002319336,0.0,0.0,0.0,0.0,0.0,-0.0,0.0,0.0,0,IDLE,0.0,0.0,0.0,0.0
500,DYNAMIC,1.2245707511901855,0.2359178364276886,3.605100393295288,0.0,0.0,0.0,0.0,0.0,-0.0,0.0,0.0,0,IDLE,0.0,0.0,0.0,0.0
552,DYNAMIC,1.2249877452850342,0.23591932654380798,3.605111598968506,0.0,0.0,0.0,0.0,0.0,-0.0,0.0,0.0,0,IDLE,0.0,0.0,0.0,0.0
600,DYNAMIC,1.225296974182129,0.23589816689491272,3.605097770690918,0.0,0.0,0.0,0.0,0.0,-0.0,0.0,0.0,0,IDLE,0.0,0.0,0.0,0.0
651,DYNAMIC,1.225381851196289,0.23602333664894104,3.605090379714966,0.0,0.0,0.0,0.0,0.0,-0.0,0.0,0.0,0,IDLE,0.0,0.0,0.0,0.0
700,DYNAMIC,1.2253727912902832,0.23613569140434265,3.6050972938537598,0.0,0.0,0.0,0.0,0.0,-0.0,0.0,0.0,0,IDLE,0.0,0.0,0.0,0.0
753,DYNAMIC,1.2254586219787598,0.2362460196018219,3.6050920486450195,0.0,0.0,0.0,0.0,0.0,-0.0,0.0,0.0,0,IDLE,0.0,0.0,0.0,0.0
800,DYNAMIC,1.2255594730377197,0.2362857162952423,3.6051013469696045,0.0,0.0,0.0,0.0,0.0,-0.0,0.0,0.0,0,IDLE,0.0,0.0,0.0,0.0
851,DYNAMIC,1.226001501083374,0.23640230298042297,3.605100631713867,0.0,0.0,0.0,0.0,0.0,-0.0,0.0,0.0,0,IDLE,0.0,0.0,0.0,0.0
900,DYNAMIC,1.2263774871826172,0.2364867627620697,3.6050963401794434,0.0,0.0,0.0,0.0,0.0,-0.0,0.0,0.0,0,IDLE,0.0,0.0,0.0,0.0
956,DYNAMIC,1.2269766330718994,0.23658159375190735,3.6050846576690674,0.0,0.0,0.0,0.0,0.0,-0.0,0.0,0.0,0,IDLE,0.0,0.0,0.0,0.0
1002,DYNAMIC,1.2274370193481445,0.23660418391227722,3.605113983154297,0.0,0.0,0.0,0.0,0.0,-0.0,0.0,0.0,0,IDLE,0.0,0.0,0.0,0.0
1052,DYNAMIC,1.2276816368103027,0.23674276471138,3.6051011085510254,0.0,0.0,0.0,0.0,0.0,-0.0,0.0,0.0,0,IDLE,0.0,0.0,0.0,0.0
1100,DYNAMIC,1.227607250213623,0.23687651753425598,3.605078935623169,0.0,0.0,0.0,0.0,0.0,-0.0,0.0,0.0,0,IDLE,0.0,0.0,0.0,0.0
1153,DYNAMIC,1.2276136875152588,0.2370181381702423,3.6050751209259033,0.0,0.0,0.0,0.0,0.0,-0.0,0.0,0.0,0,IDLE,0.0,0.0,0.0,0.0
1200,DYNAMIC,1.2276690006256104,0.23707923293113708,3.605107069015503,0.0,0.0,0.0,0.0,0.0,-0.0,0.0,0.0,0,IDLE,0.0,0.0,0.0,0.0
1252,DYNAMIC,1.227677345275879,0.23705604672431946,3.6051011085510254,0.0,0.0,0.0,0.0,0.0,-0.0,0.0,0.0,0,IDLE,0.0,0.0,0.0,0.0
1300,DYNAMIC,1.227691411972046,0.23700568079948425,3.60509991645813,0.0,0.0,0.0,0.0,0.0,-0.0,0.0,0.0,0,IDLE,0.0,0.0,0.0,0.0
1351,DYNAMIC,1.2278108596801758,0.23690536618232727,3.6051058769226074,0.0,0.0,0.0,0.0,0.0,-0.0,0.0,0.0,0,IDLE,0.0,0.0,0.0,0.0
1400,DYNAMIC,1.2279319763183594,0.2368042767047882,3.605095148086548,0.0,0.0,0.0,0.0,0.0,-0.0,0.0,0.0,0,IDLE,0.0,0.0,0.0,0.0
1453,DYNAMIC,1.2282679080963135,0.23680654168128967,3.605102062225342,0.0,0.0,0.0,0.0,0.0,-0.0,0.0,0.0,0,IDLE,0.0,0.0,0.0,0.0
1500,DYNAMIC,1.228553056716919,0.23684874176979065,3.605123281478882,0.0,0.0,0.0,0.0,0.0,-0.0,0.0,0.0,0,IDLE,0.0,0.0,0.0,0.0
1550,DYNAMIC,1.2290284633636475,0.23685702681541443,3.6050984859466553,0.0,0.0,0.0,0.0,0.0,-0.0,0.0,0.0,0,IDLE,0.0,0.0,0.0,0.0
1606,DYNAMIC,1.229405403137207,0.23684129118919373,3.6050899028778076,0.0,0.0,0.0,0.0,0.0,-0.0,0.0,0.0,0,IDLE,0.0,0.0,0.0,0.0
1654,DYNAMIC,1.229410171508789,0.23678311705589294,3.605095386505127,0.0,0.0,0.0,0.0,0.0,-0.0,0.0,0.0,0,IDLE,0.0,0.0,0.0,0.0
1700,DYNAMIC,1.2292745113372803,0.2367088496685028,3.60506534576416,0.0,0.0,0.0,0.0,0.0,-0.0,0.0,0.0,0,IDLE,0.0,0.0,0.0,0.0
1752,DYNAMIC,1.229236125946045,0.2365710437297821,3.6050660610198975,0.0,0.0,0.0,0.0,0.0,-0.0,0.0,0.0,0,IDLE,0.0,0.0,0.0,0.0
1800,DYNAMIC,1.2292957305908203,0.23647019267082214,3.605091094970703,0.0,0.0,0.0,0.0,0.0,-0.0,0.0,0.0,0,IDLE,0.0,0.0,0.0,0.0
1850,DYNAMIC,1.229670524597168,0.23643627762794495,3.6050641536712646,0.0,0.0,0.0,0.0,0.0,-0.0,0.0,0.0,0,IDLE,0.0,0.0,0.0,0.0
1900,DYNAMIC,1.2300035953521729,0.23640671372413635,3.6050710678100586,0.0,0.0,0.0,0.0,0.0,-0.0,0.0,0.0,0,IDLE,0.0,0.0,0.0,0.0
1952,DYNAMIC,1.2305631637573242,0.23634448647499084,3.6050870418548584,0.0,0.0,0.0,0.0,0.0,-0.0,0.0,0.0,0,IDLE,0.0,0.0,0.0,0.0
2000,DYNAMIC,1.2309463024139404,0.23628374934196472,3.605083465576172,0.0,0.0,0.0,0.0,0.0,-0.0,0.0,0.0,0,IDLE,0.0,0.0,0.0,0.0
2052,DYNAMIC,1.230916976928711,0.236262708902359,3.6050729751586914,0.0,0.0,0.0,0.0,0.0,-0.0,0.0,0.0,0,ARMING,0.0,0.0,0.0,0.0
2100,DYNAMIC,1.230539083480835,0.23627230525016785,3.6050782203674316,0.0,0.028832600666666666,0.0,0.0,0.0,-0.0,0.0,0.0,0,TAKEOFF,0.0,0.0,0.0,-0.5913502198
2152,DYNAMIC,1.230114459991455,0.23624750971794128,3.605051040649414,0.0,0.063330126,0.0,0.0,0.0,-0.0,0.0,0.0,0,TAKEOFF,0.0,0.0,0.0,-0.5810009622
2202,DYNAMIC,1.2299394607543945,0.23622509837150574,3.6050467491149902,0.0,0.096212668,0.0,0.0,0.0,-0.0,0.0,0.0,0,TAKEOFF,0.0,0.0,0.0,-0.5711361996
2265,DYNAMIC,1.230060338973999,0.23626640439033508,3.605032205581665,0.0,0.13397586533333333,0.0,0.0,0.0,-0.0,0.0,0.0,0,TAKEOFF,0.0,0.0,0.0,-0.5598072404
2300,DYNAMIC,1.2302532196044922,0.2362985908985138,3.6050360202789307,0.0,0.16235873866666667,0.0,0.0,0.0,-0.0,0.0,0.0,0,TAKEOFF,0.0,0.0,0.0,-0.5512923784
2351,DYNAMIC,1.2306597232818604,0.23629745841026306,3.6050496101379395,0.0,0.19568113133333334,0.0,0.0,0.0,-0.0,0.0,0.0,0,TAKEOFF,0.0,0.0,0.0,-0.5412956606
2400,DYNAMIC,1.2309796810150146,0.23626765608787537,3.6050472259521484,0.0,0.2288684626666667,0.0,0.0,0.0,-0.0,0.0,0.0,0,TAKEOFF,0.0,0.0,0.0,-0.5313394612
2451,DYNAMIC,1.231276035308838,0.23622265458106995,3.605041980743408,0.0,0.2623547193333333,0.0,0.0,0.0,-0.0,0.0,0.0,0,TAKEOFF,0.0,0.0,0.0,-0.5212935841999999
2500,DYNAMIC,1.2314648628234863,0.2361837923526764,3.6050381660461426,0.0,0.29551905066666667,0.0,0.0,0.0,-0.0,0.0,0.0,0,TAKEOFF,0.0,0.0,0.0,-0.5113442847999999
2551,DYNAMIC,1.2318353652954102,0.23609235882759094,3.6050398349761963,0.0,0.3293128126666667,0.0,0.0,0.0,-0.0,0.0,0.0,0,TAKEOFF,0.0,0.0,0.0,-0.5012061562
2600,DYNAMIC,1.2320945262908936,0.2360130250453949,3.6050267219543457,0.0,0.3621628606666667,0.0,0.0,0.0,-0.0,0.0,0.0,0,TAKEOFF,0.0,0.0,0.0,-0.49135114179999995
2652,DYNAMIC,1.2323079109191895,0.2359541356563568,3.6050353050231934,0.0,0.39627670800000003,0.0,0.0,0.0,-0.0,0.0,0.0,0,TAKEOFF,0.0,0.0,0.0,-0.4811169876
2700,DYNAMIC,1.2324285507202148,0.23592010140419006,3.605034351348877,0.0,0.42887595466666667,0.0,0.0,0.0,-0.0,0.0,0.0,0,TAKEOFF,0.0,0.0,0.0,-0.47133721359999997
2753,DYNAMIC,1.2326631546020508,0.23581638932228088,3.605043649673462,0.0,0.46380873866666666,0.0,0.0,0.0,-0.0,0.0,0.0,0,TAKEOFF,0.0,0.0,0.0,-0.46085737839999996
2801,DYNAMIC,1.2329044342041016,0.2357223927974701,3.6050474643707275,0.0,0.4959438626666666,0.0,0.0,0.0,-0.0,0.0,0.0,0,TAKEOFF,0.0,0.0,0.0,-0.4512168412
2857,DYNAMIC,1.2330584526062012,0.2356186807155609,3.6050658226013184,0.0,0.5307692766666666,0.0,0.0,0.0,-0.0,0.0,0.0,0,TAKEOFF,0.0,0.0,0.0,-0.440769217
2900,DYNAMIC,1.23313570022583,0.23551735281944275,3.6050565242767334,28.76,0.5621540066666667,1.3824203814339002,-0.4581800358946494,1.4563705079052762,-1.0317589113094168,1.0278563154594516,0.0,1,TAKEOFF,0.0,0.0,0.0,-0.43135379799999995
2952,DYNAMIC,1.2333543300628662,0.23536989092826843,3.6050643920898438,28.76,0.5967713586666666,1.3824203814339002,-0.4581800358946494,1.4563705079052762,-1.0317508242960882,1.027864433113927,0.0,1,TAKEOFF,0.0,0.0,0.0,-0.4209685924
3000,DYNAMIC,1.2335660457611084,0.23525068163871765,3.605048179626465,28.76,0.6288150873333334,1.3824203814339002,-0.4581800358946494,1.4563705079052762,-1.0317674883749732,1.0278477057563888,0.0,1,TAKEOFF,0.0,0.0,0.0,-0.4113554738
3051,DYNAMIC,1.2335572242736816,0.23523083329200745,3.605046510696411,28.76,0.6624945646666667,1.3824203814339002,-0.4581800358946494,1.4563705079052762,-1.031769203779463,1.0278459838071876,0.0,1,TAKEOFF,0.0,0.0,0.0,-0.40125163059999996
3100,DYNAMIC,1.2333872318267822,0.2353052794933319,3.6050543785095215,28.76,0.6955189453333334,1.3824203814339002,-0.4581800358946494,1.4563705079052762,-1.0317611168474217,1.0278541015426428,0.0,1,TAKEOFF,0.0,0.0,0.0,-0.3913443164
3151,DYNAMIC,1.2332544326782227,0.2353561818599701,3.605048656463623,28.76,0.7290672260000001,1.3824203814339002,-0.4581800358946494,1.4563705079052762,-1.0317669982588769,1.0278481977413492,0.0,1,TAKEOFF,0.0,0.0,0.0,-0.38127983219999995
3200,DYNAMIC,1.2332110404968262,0.23535600304603577,3.6050662994384766,28.76,0.7621451619999999,1.3824203814339002,-0.4581800358946494,1.4563705079052762,-1.0317488637983905,1.0278664010205816,0.0,1,TAKEOFF,0.0,0.0,0.0,-0.3713564514
3250,DYNAMIC,1.233048915863037,0.2354920208454132,3.6050524711608887,28.76,0.7956242326666666,1.3824203814339002,-0.4581800358946494,1.4563705079052762,-1.0317630773216602,1.0278521336126174,0.0,1,TAKEOFF,0.0,0.0,0.0,-0.36131273020000004
3300,DYNAMIC,1.23295259475708,0.23560312390327454,3.6050453186035156,28.76,0.8288866373333333,1.3824203814339002,-0.4581800358946494,1.4563705079052762,-1.0317704290666248,1.0278447538417197,0.0,1,TAKEOFF,0.0,0.0,0.0,-0.35133400879999993
3351,DYNAMIC,1.2328910827636719,0.23570755124092102,3.6050424575805664,28.76,0.8624930540000001,1.3824203814339002,-0.4581800358946494,1.4563705079052762,-1.031773369749831,1.027841801918637,0.0,1,TAKEOFF,0.0,0.0,0.0,-0.34125208379999994
3401,DYNAMIC,1.2329423427581787,0.23574456572532654,3.6050353050231934,28.76,0.8961112233333334,1.3824203814339002,-0.4581800358946494,1.4563705079052762,-1.0317807214208974,1.0278344220741222,0.0,1,TAKEOFF,0.0,0.0,0.0,-0.33116663299999993
3456,DYNAMIC,1.2328095436096191,0.23586341738700867,3.6050174236297607,28.76,0.9323630406666666,1.3824203814339002,-0.4581800358946494,1.4563705079052762,-1.0317991003676281,1.0278159722327853,0.0,1,TAKEOFF,0.0,0.0,0.0,-0.32029108780000004
3500,DYNAMIC,1.232680320739746,0.23594489693641663,3.6050145626068115,0.0,0.962148836,0.0,0.0,0.0,-0.0,0.0,0.0,0,TAKEOFF,0.0,0.0,0.0,-0.3113553492
3550,DYNAMIC,1.232640266418457,0.23602059483528137,3.605017900466919,0.0,0.9956252773333333,0.0,0.0,0.0,-0.0,0.0,0.0,0,TAKEOFF,0.0,0.0,0.0,-0.30131241680000004
3600,DYNAMIC,1.2326984405517578,0.23603561520576477,3.6050236225128174,0.0,1.0288594353333333,0.0,0.0,0.0,-0.0,0.0,0.0,0,TAKEOFF,0.0,0.0,0.0,-0.29134216939999996
3650,DYNAMIC,1.2327756881713867,0.236240416765213,3.605053663253784,0.0,1.06220579,0.0,0.0,0.0,-0.0,0.0,0.0,0,TAKEOFF,0.0,0.0,0.0,-0.28133826300000003
3700,DYNAMIC,1.2328808307647705,0.2363547384738922,3.605046272277832,0.0,1.0955104906666666,0.0,0.0,0.0,-0.0,0.0,0.0,0,TAKEOFF,0.0,0.0,0.0,-0.2713468528
3751,DYNAMIC,1.2331287860870361,0.23648729920387268,3.60506272315979,0.0,1.129212302,0.0,0.0,0.0,-0.0,0.0,0.0,0,TAKEOFF,0.0,0.0,0.0,-0.2612363094
3800,DYNAMIC,1.23331618309021,0.23653748631477356,3.6050729751586914,0.0,1.1622025346666667,0.0,0.0,0.0,-0.0,0.0,0.0,0,TAKEOFF,0.0,0.0,0.0,-0.2513392396
3851,DYNAMIC,1.2334587574005127,0.23655417561531067,3.605081796646118,0.0,1.1960550486666668,0.0,0.0,0.0,-0.0,0.0,0.0,0,TAKEOFF,0.0,0.0,0.0,-0.24118348539999995
3900,DYNAMIC,1.233529806137085,0.23653194308280945,3.6050851345062256,0.0,1.2288506026666666,0.0,0.0,0.0,-0.0,0.0,0.0,0,TAKEOFF,0.0,0.0,0.0,-0.23134481920000002
3959,DYNAMIC,1.233628273010254,0.23650065064430237,3.6050803661346436,0.0,1.2653552213333332,0.0,0.0,0.0,-0.0,0.0,0.0,0,TAKEOFF,0.0,0.0,0.0,-0.22039343360000002
4006,DYNAMIC,1.233863115310669,0.23644515872001648,3.6050755977630615,0.0,1.2990937106666667,0.0,0.0,0.0,-0.0,0.0,0.0,0,TAKEOFF,0.0,0.0,0.0,-0.2102718868
4056,DYNAMIC,1.2338755130767822,0.23653051257133484,3.605062484741211,0.0,1.332657102,0.0,0.0,0.0,-0.0,0.0,0.0,0,TAKEOFF,0.0,0.0,0.0,-0.2002028694
4100,DYNAMIC,1.2337312698364258,0.23666313290596008,3.605067014694214,0.0,1.3621728973333334,0.0,0.0,0.0,-0.0,0.0,0.0,0,TAKEOFF,0.0,0.0,0.0,-0.1913481308
4152,DYNAMIC,1.2336914539337158,0.23682424426078796,3.6050631999969482,0.0,1.3967706073333332,0.0,0.0,0.0,-0.0,0.0,0.0,0,TAKEOFF,0.0,0.0,0.0,-0.18096881780000001
4200,DYNAMIC,1.2337408065795898,0.23689886927604675,3.605060577392578,0.0,1.4288955446666665,0.0,0.0,0.0,-0.0,0.0,0.0,0,TAKEOFF,0.0,0.0,0.0,-0.17133133660000005
4253,DYNAMIC,1.2338919639587402,0.236911803483963,3.6050617694854736,0.0,1.4639995,0.0,0.0,0.0,-0.0,0.0,0.0,0,TAKEOFF,0.0,0.0,0.0,-0.16080015000000003
4300,DYNAMIC,1.234062910079956,0.236878901720047,3.605076789855957,0.0,1.495533612,0.0,0.0,0.0,-0.0,0.0,0.0,0,TAKEOFF,0.0,0.0,0.0,-0.1513399164
4354,DYNAMIC,1.2343895435333252,0.2368052899837494,3.6050662994384766,0.0,1.5297293473333333,0.0,0.0,0.0,-0.0,0.0,0.0,0,TAKEOFF,0.0,0.0,0.0,-0.1410811958
4400,DYNAMIC,1.2346265316009521,0.23673781752586365,3.605069875717163,0.0,1.5621818766666669,0.0,0.0,0.0,-0.0,0.0,0.0,0,TAKEOFF,0.0,0.0,0.0,-0.13134543699999993
4453,DYNAMIC,1.234149694442749,0.23670294880867004,3.6050689220428467,0.0,1.5966859446666666,0.0,0.0,0.0,-0.0,0.0,0.0,0,TAKEOFF,0.0,0.0,0.0,-0.12099421660000002
4500,DYNAMIC,1.2336430549621582,0.2366938292980194,3.605048656463623,0.0,1.6288055246666666,0.0,0.0,0.0,-0.0,0.0,0.0,0,TAKEOFF,0.0,0.0,0.0,-0.11135834260000001
4552,DYNAMIC,1.2330303192138672,0.2366446554660797,3.605039358139038,0.0,1.6632813826666668,0.0,0.0,0.0,-0.0,0.0,0.0,0,TAKEOFF,0.0,0.0,0.0,-0.10101558519999995
4605,DYNAMIC,1.232738733291626,0.23660317063331604,3.6050355434417725,0.0,1.6975311053333335,0.0,0.0,0.0,-0.0,0.0,0.0,0,TAKEOFF,0.0,0.0,0.0,-0.09074066839999995
4654,DYNAMIC,1.2325780391693115,0.2366650402545929,3.605030059814453,0.0,1.7306878553333334,0.0,0.0,0.0,-0.0,0.0,0.0,0,TAKEOFF,0.0,0.0,0.0,-0.08079364339999999
4700,DYNAMIC,1.2325553894042969,0.23672309517860413,3.6050195693969727,0.0,1.7621984613333332,0.0,0.0,0.0,-0.0,0.0,0.0,0,TAKEOFF,0.0,0.0,0.0,-0.07134046160000003
4753,DYNAMIC,1.232628345489502,0.23679068684577942,3.60501766204834,0.0,1.7969545660000001,0.0,0.0,0.0,-0.0,0.0,0.0,0,TAKEOFF,0.0,0.0,0.0,-0.06091363019999996
4800,DYNAMIC,1.2327420711517334,0.23682352900505066,3.605011224746704,0.0,1.8288379606666665,0.0,0.0,0.0,-0.0,0.0,0.0,0,TAKEOFF,0.0,0.0,0.0,-0.051348611800000055
4850,DYNAMIC,1.2321224212646484,0.23682823777198792,3.605008363723755,0.0,1.8622439573333331,0.0,0.0,0.0,-0.0,0.0,0.0,0,TAKEOFF,0.0,0.0,0.0,-0.04132681280000006
4900,DYNAMIC,1.231558084487915,0.23681500554084778,3.60502028465271,0.0,1.895470114,0.0,0.0,0.0,-0.0,0.0,0.0,0,TAKEOFF,0.0,0.0,0.0,-0.03135896579999997
4951,DYNAMIC,1.2308883666992188,0.2367798388004303,3.605015993118286,0.0,1.929145418,0.0,0.0,0.0,-0.0,0.0,0.0,0,TAKEOFF,0.0,0.0,0.0,-0.021256374599999982
5000,DYNAMIC,1.2305068969726562,0.23673340678215027,3.6050219535827637,0.0,1.962169032,0.0,0.0,0.0,-0.0,0.0,0.0,0,TAKEOFF,0.0,0.0,0.0,-0.01134929039999999
5051,DYNAMIC,1.2299647331237793,0.2367788851261139,3.605029582977295,0.0,1.9960614466666666,0.0,0.0,0.0,-0.0,0.0,0.0,0,TAKEOFF,0.0,0.0,0.0,-0.0011815660000000117
5100,DYNAMIC,1.2296116352081299,0.23687419295310974,3.6050312519073486,0.0,2.0,0.0,0.0,0.0,-0.0,0.0,0.0,0,TAKEOFF,0.0,0.0,0.0,-0.0
5153,DYNAMIC,1.2291765213012695,0.2369765341281891,3.6050474643707275,0.0,2.0,0.0,0.0,0.0,-0.0,0.0,0.0,0,SEARCH,0.0,0.0,0.0,-0.0
5201,DYNAMIC,1.22898530960083,0.23702457547187805,3.6050431728363037,0.0,2.0,0.0,0.0,0.0,-0.0,0.0,0.0,0,SEARCH,0.0,0.0,0.0,-0.0
5252,DYNAMIC,1.228994369506836,0.2369137704372406,3.6050479412078857,0.0,2.0,0.0,0.0,0.0,-0.0,0.0,0.0,0,SEARCH,0.0,0.0,0.0,-0.0
5301,DYNAMIC,1.2290878295898438,0.23677608370780945,3.6050450801849365,0.0,2.0,0.0,0.0,0.0,-0.0,0.0,0.0,0,SEARCH,0.0,0.0,0.0,-0.0
5352,DYNAMIC,1.2293455600738525,0.23655471205711365,3.6050713062286377,0.0,2.0,0.0,0.0,0.0,-0.0,0.0,0.0,0,SEARCH,0.0,0.0,0.0,-0.0
5400,DYNAMIC,1.2295706272125244,0.2363974153995514,3.6050710678100586,0.0,2.0,0.0,0.0,0.0,-0.0,0.0,0.0,0,SEARCH,0.0,0.0,0.0,-0.0
5452,DYNAMIC,1.229715347290039,0.2363118827342987,3.605072498321533,0.0,2.0,0.0,0.0,0.0,-0.0,0.0,0.0,0,SEARCH,0.0,0.0,0.0,-0.0
5500,DYNAMIC,1.2298438549041748,0.23626449704170227,3.605069160461426,0.0,2.0,0.0,0.0,0.0,-0.0,0.0,0.0,0,SEARCH,0.0,0.0,0.0,-0.0
5551,DYNAMIC,1.2301104068756104,0.23616734147071838,3.605072259902954,0.0,2.0,0.0,0.0,0.0,-0.0,0.0,0.0,0,SEARCH,0.0,0.0,0.0,-0.0
5600,DYNAMIC,1.2303030490875244,0.23608633875846863,3.605070114135742,0.0,2.0,0.0,0.0,0.0,-0.0,0.0,0.0,0,SEARCH,0.0,0.0,0.0,-0.0
5651,DYNAMIC,1.230116844177246,0.2361578643321991,3.6050705909729004,0.0,2.0,0.0,0.0,0.0,-0.0,0.0,0.0,0,SEARCH,0.0,0.0,0.0,-0.0
5700,DYNAMIC,1.2298834323883057,0.23624226450920105,3.6050846576690674,0.0,2.0,0.0,0.0,0.0,-0.0,0.0,0.0,0,SEARCH,0.0,0.0,0.0,-0.0
5752,DYNAMIC,1.2296326160430908,0.23633220791816711,3.6050851345062256,0.0,2.0,0.0,0.0,0.0,-0.0,0.0,0.0,0,SEARCH,0.0,0.0,0.0,-0.0
5807,DYNAMIC,1.2295560836791992,0.23637822270393372,3.6050896644592285,0.0,2.0,0.0,0.0,0.0,-0.0,0.0,0.0,0,SEARCH,0.0,0.0,0.0,-0.0
5851,DYNAMIC,1.229583501815796,0.23635795712471008,3.6050922870635986,0.0,2.0,0.0,0.0,0.0,-0.0,0.0,0.0,0,SEARCH,0.0,0.0,0.0,-0.0
5900,DYNAMIC,1.229656457901001,0.23630651831626892,3.6050984859466553,0.0,2.0,0.0,0.0,0.0,-0.0,0.0,0.0,0,SEARCH,0.0,0.0,0.0,-0.0
5952,DYNAMIC,1.229853868484497,0.2362193763256073,3.6051018238067627,0.0,2.0,0.0,0.0,0.0,-0.0,0.0,0.0,0,SEARCH,0.0,0.0,0.0,-0.0
6000,DYNAMIC,1.2300386428833008,0.23614409565925598,3.605095386505127,0.0,2.0,0.0,0.0,0.0,-0.0,0.0,0.0,0,SEARCH,0.0,0.0,0.0,-0.0
6051,DYNAMIC,1.2302467823028564,0.23612836003303528,3.605092763900757,0.0,2.0,0.0,0.0,0.0,-0.0,0.0,0.0,0,SEARCH,0.0,0.0,0.0,-0.0
6100,DYNAMIC,1.2303714752197266,0.23617318272590637,3.6050853729248047,0.0,2.0,0.0,0.0,0.0,-0.0,0.0,0.0,0,SEARCH,0.0,0.0,0.0,-0.0
6151,DYNAMIC,1.2306339740753174,0.23620375990867615,3.6050844192504883,0.0,2.0,0.0,0.0,0.0,-0.0,0.0,0.0,0,SEARCH,0.0,0.0,0.0,-0.0
6200,DYNAMIC,1.2308309078216553,0.23620274662971497,3.6050868034362793,0.0,2.0,0.0,0.0,0.0,-0.0,0.0,0.0,0,SEARCH,0.0,0.0,0.0,-0.0
6251,DYNAMIC,1.2308638095855713,0.23623070120811462,3.6050872802734375,0.0,2.0,0.0,0.0,0.0,-0.0,0.0,0.0,0,SEARCH,0.0,0.0,0.0,-0.0
6300,DYNAMIC,1.2308380603790283,0.2362411916255951,3.605104684829712,0.0,2.0,0.0,0.0,0.0,-0.0,0.0,0.0,0,SEARCH,0.0,0.0,0.0,-0.0
6352,DYNAMIC,1.2308824062347412,0.23622587323188782,3.6050970554351807,0.0,2.0,0.0,0.0,0.0,-0.0,0.0,0.0,0,SEARCH,0.0,0.0,0.0,-0.0
6405,DYNAMIC,1.2309784889221191,0.2361949384212494,3.6050913333892822,0.0,2.0,0.0,0.0,0.0,-0.0,0.0,0.0,0,SEARCH,0.0,0.0,0.0,-0.0
6451,DYNAMIC,1.2310190200805664,0.23605605959892273,3.6050944328308105,0.0,2.0,0.0,0.0,0.0,-0.0,0.0,0.0,0,SEARCH,0.0,0.0,0.0,-0.0
6500,DYNAMIC,1.231027603149414,0.23592105507850647,3.605102300643921,30.8,2.0,1.2305790395060958,-0.7432212790624841,1.4376030892158727,-0.76845232187861,1.2149829921123971,0.0,1,SEARCH,0.0,0.0,0.0,-0.0
6552,DYNAMIC,1.2311766147613525,0.23569074273109436,3.6051278114318848,30.8,2.0,1.2305790395060958,-0.7432212790624841,1.4376030892158727,-0.7684213264550674,1.215002595541283,0.0,1,SEARCH,0.0,0.0,0.0,-0.0
6600,DYNAMIC,1.2313454151153564,0.23553314805030823,3.605142116546631,30.8,2.0,1.2305790395060958,-0.7432212790624841,1.4376030892158727,-0.7684039456248986,1.2150135877722144,0.0,1,SEARCH,0.0,0.0,0.0,-0.0
6652,DYNAMIC,1.2312004566192627,0.23542341589927673,3.6051528453826904,30.8,2.0,1.2305790395060958,-0.7432212790624841,1.4376030892158727,-0.7683909098990809,1.2150218317822454,0.0,1,SEARCH,0.0,0.0,0.0,-0.0
6700,DYNAMIC,1.231034278869629,0.23537704348564148,3.6051580905914307,30.8,2.0,1.2305790395060958,-0.7432212790624841,1.4376030892158727,-0.7683845368453791,1.215025862136248,0.0,1,SEARCH,0.0,0.0,0.0,-0.0
6752,DYNAMIC,1.2309045791625977,0.23529139161109924,3.605170249938965,30.8,2.0,1.2305790395060958,-0.7432212790624841,1.4376030892158727,-0.768369762866856,1.2150352051010502,0.0,1,SEARCH,0.0,0.0,0.0,-0.0
6800,DYNAMIC,1.230867624282837,0.23522725701332092,3.605163812637329,30.8,2.0,1.2305790395060958,-0.7432212790624841,1.4376030892158727,-0.7683775843990492,1.2150302588479445,0.0,1,SEARCH,0.0,0.0,0.0,-0.0
6851,DYNAMIC,1.23036789894104,0.2351762354373932,3.6051440238952637,30.8,2.0,1.2305790395060958,-0.7432212790624841,1.4376030892158727,-0.7684016281689954,1.2150150533842194,0.0,1,SEARCH,0.0,0.0,0.0,-0.0
6900,DYNAMIC,1.2299458980560303,0.23514887690544128,3.6051371097564697,30.8,2.0,1.2305790395060958,-0.7432212790624841,1.4376030892158727,-0.7684100289333442,1.2150097405196707,0.0,1,SEARCH,0.0,0.0,0.0,-0.0
6955,DYNAMIC,1.229463815689087,0.23508933186531067,3.605133056640625,30.8,2.0,1.2305790395060958,-0.7432212790624841,1.4376030892158727,-0.7684149535022635,1.2150066260548273,0.0,1,SEARCH,0.0,0.0,0.0,-0.0
7002,DYNAMIC,1.2292325496673584,0.23502835631370544,3.605116844177246,30.8,2.0,1.2305790395060958,-0.7432212790624841,1.4376030892158727,-0.768434651651706,1.2149941679958556,0.0,1,SEARCH,0.0,0.0,0.0,-0.0
7051,DYNAMIC,1.2291042804718018,0.23489555716514587,3.6051244735717773,0.0,2.0,0.0,0.0,0.0,-0.0,0.0,0.0,0,SEARCH,0.0,0.0,0.0,-0.0
7100,DYNAMIC,1.22914457321167,0.23478952050209045,3.6051275730133057,0.0,2.0,0.0,0.0,0.0,-0.0,0.0,0.0,0,SEARCH,0.0,0.0,0.0,-0.0
7151,DYNAMIC,1.2293026447296143,0.23461517691612244,3.6051337718963623,0.0,2.0,0.0,0.0,0.0,-0.0,0.0,0.0,0,SEARCH,0.0,0.0,0.0,-0.0
7200,DYNAMIC,1.2294719219207764,0.2344960868358612,3.6051254272460938,0.0,2.0,0.0,0.0,0.0,-0.0,0.0,0.0,0,SEARCH,0.0,0.0,0.0,-0.0
7252,DYNAMIC,1.229386568069458,0.23437222838401794,3.6051318645477295,0.0,2.0,0.0,0.0,0.0,-0.0,0.0,0.0,0,SEARCH,0.0,0.0,0.0,-0.0
7301,DYNAMIC,1.2293457984924316,0.23428669571876526,3.6051321029663086,0.0,2.0,0.0,0.0,0.0,-0.0,0.0,0.0,0,SEARCH,0.0,0.0,0.0,-0.0
7351,DYNAMIC,1.2293908596038818,0.23413440585136414,3.6051459312438965,0.0,2.0,0.0,0.0,0.0,-0.0,0.0,0.0,0,SEARCH,0.0,0.0,0.0,-0.0
7400,DYNAMIC,1.2294797897338867,0.23401471972465515,3.6051414012908936,0.0,2.0,0.0,0.0,0.0,-0.0,0.0,0.0,0,SEARCH,0.0,0.0,0.0,-0.0
7450,DYNAMIC,1.2296195030212402,0.2339089810848236,3.6051502227783203,0.0,2.0,0.0,0.0,0.0,-0.0,0.0,0.0,0,SEARCH,0.0,0.0,0.0,-0.0
7509,DYNAMIC,1.229752540588379,0.23384305834770203,3.6051526069641113,0.0,2.0,0.0,0.0,0.0,-0.0,0.0,0.0,0,SEARCH,0.0,0.0,0.0,-0.0
7551,DYNAMIC,1.2300293445587158,0.23373636603355408,3.60514760017395,0.0,2.0,0.0,0.0,0.0,-0.0,0.0,0.0,0,SEARCH,0.0,0.0,0.0,-0.0
7600,DYNAMIC,1.2302701473236084,0.23366019129753113,3.605161190032959,0.0,2.0,0.0,0.0,0.0,-0.0,0.0,0.0,0,SEARCH,0.0,0.0,0.0,-0.0
7652,DYNAMIC,1.2308156490325928,0.2335757315158844,3.605149745941162,0.0,2.0,0.0,0.0,0.0,-0.0,0.0,0.0,0,SEARCH,0.0,0.0,0.0,-0.0
7700,DYNAMIC,1.231255292892456,0.23352262377738953,3.6051602363586426,0.0,2.0,0.0,0.0,0.0,-0.0,0.0,0.0,0,SEARCH,0.0,0.0,0.0,-0.0
7752,DYNAMIC,1.2319684028625488,0.23341777920722961,3.605152130126953,0.0,2.0,0.0,0.0,0.0,-0.0,0.0,0.0,0,SEARCH,0.0,0.0,0.0,-0.0
7800,DYNAMIC,1.2324941158294678,0.23333260416984558,3.60516095161438,0.0,2.0,0.0,0.0,0.0,-0.0,0.0,0.0,0,SEARCH,0.0,0.0,0.0,-0.0
7853,DYNAMIC,1.232842206954956,0.23326900601387024,3.605175256729126,0.0,2.0,0.0,0.0,0.0,-0.0,0.0,0.0,0,SEARCH,0.0,0.0,0.0,-0.0
7900,DYNAMIC,1.232980489730835,0.23323526978492737,3.60516357421875,0.0,2.0,0.0,0.0,0.0,-0.0,0.0,0.0,0,SEARCH,0.0,0.0,0.0,-0.0
7951,DYNAMIC,1.2332937717437744,0.23315927386283875,3.6051688194274902,0.0,2.0,0.0,0.0,0.0,-0.0,0.0,0.0,0,SEARCH,0.0,0.0,0.0,-0.0
8000,DYNAMIC,1.2335569858551025,0.23309728503227234,3.605168342590332,0.0,2.0,0.0,0.0,0.0,-0.0,0.0,0.0,0,SEARCH,0.0,0.0,0.0,-0.0
8052,DYNAMIC,1.2338969707489014,0.23315104842185974,3.6051812171936035,0.0,2.0,0.0,0.0,0.0,-0.0,0.0,0.0,0,SEARCH,0.0,0.0,0.0,-0.0
8100,DYNAMIC,1.2340805530548096,0.2332739531993866,3.6051952838897705,0.0,2.0,0.0,0.0,0.0,-0.0,0.0,0.0,0,SEARCH,0.0,0.0,0.0,-0.0
8151,DYNAMIC,1.2344510555267334,0.23341026902198792,3.6051979064941406,0.0,2.0,0.0,0.0,0.0,-0.0,0.0,0.0,0,SEARCH,0.0,0.0,0.0,-0.0
8202,DYNAMIC,1.2347502708435059,0.23347893357276917,3.6052041053771973,0.0,2.0,0.0,0.0,0.0,-0.0,0.0,0.0,0,SEARCH,0.0,0.0,0.0,-0.0
8252,DYNAMIC,1.2345266342163086,0.23356279730796814,3.605210304260254,0.0,2.0,0.0,0.0,0.0,-0.0,0.0,0.0,0,SEARCH,0.0,0.0,0.0,-0.0
8301,DYNAMIC,1.234226942062378,0.23359844088554382,3.6051876544952393,0.0,2.0,0.0,0.0,0.0,-0.0,0.0,0.0,0,SEARCH,0.0,0.0,0.0,-0.0
8352,DYNAMIC,1.2339262962341309,0.23361602425575256,3.60518217086792,0.0,2.0,0.0,0.0,0.0,-0.0,0.0,0.0,0,SEARCH,0.0,0.0,0.0,-0.0
8400,DYNAMIC,1.233834981918335,0.23360702395439148,3.6051907539367676,0.0,2.0,0.0,0.0,0.0,-0.0,0.0,0.0,0,SEARCH,0.0,0.0,0.0,-0.0
8452,DYNAMIC,1.2335758209228516,0.23377469182014465,3.605177402496338,0.0,2.0,0.0,0.0,0.0,-0.0,0.0,0.0,0,SEARCH,0.0,0.0,0.0,-0.0
8500,DYNAMIC,1.233415126800537,0.2339228093624115,3.605156421661377,0.0,2.0,0.0,0.0,0.0,-0.0,0.0,0.0,0,SEARCH,0.0,0.0,0.0,-0.0
8553,DYNAMIC,1.233316421508789,0.23409166932106018,3.605149984359741,0.0,2.0,0.0,0.0,0.0,-0.0,0.0,0.0,0,SEARCH,0.0,0.0,0.0,-0.0
8600,DYNAMIC,1.2333142757415771,0.2341671884059906,3.6051528453826904,0.0,2.0,0.0,0.0,0.0,-0.0,0.0,0.0,0,SEARCH,0.0,0.0,0.0,-0.0
8652,DYNAMIC,1.2330243587493896,0.2342863380908966,3.6051509380340576,0.0,2.0,0.0,0.0,0.0,-0.0,0.0,0.0,0,SEARCH,0.0,0.0,0.0,-0.0
8700,DYNAMIC,1.2328050136566162,0.23435291647911072,3.6051504611968994,0.0,2.0,0.0,0.0,0.0,-0.0,0.0,0.0,0,SEARCH,0.0,0.0,0.0,-0.0
8755,DYNAMIC,1.2326064109802246,0.2344241440296173,3.6051535606384277,0.0,2.0,0.0,0.0,0.0,-0.0,0.0,0.0,0,SEARCH,0.0,0.0,0.0,-0.0
8804,DYNAMIC,1.232560634613037,0.23446431756019592,3.6051464080810547,0.0,2.0,0.0,0.0,0.0,-0.0,0.0,0.0,0,SEARCH,0.0,0.0,0.0,-0.0
8851,DYNAMIC,1.2323803901672363,0.23465463519096375,3.6051383018493652,0.0,2.0,0.0,0.0,0.0,-0.0,0.0,0.0,0,SEARCH,0.0,0.0,0.0,-0.0
8900,DYNAMIC,1.2322633266448975,0.23478981852531433,3.6051414012908936,0.0,2.0,0.0,0.0,0.0,-0.0,0.0,0.0,0,SEARCH,0.0,0.0,0.0,-0.0
8951,DYNAMIC,1.2322008609771729,0.2349458634853363,3.6051433086395264,0.0,2.0,0.0,0.0,0.0,-0.0,0.0,0.0,0,SEARCH,0.0,0.0,0.0,-0.0
9000,DYNAMIC,1.2322475910186768,0.2350257933139801,3.605149030685425,0.0,2.0,0.0,0.0,0.0,-0.0,0.0,0.0,0,SEARCH,0.0,0.0,0.0,-0.0
9051,DYNAMIC,1.2323899269104004,0.23507633805274963,3.6051526069641113,0.0,2.0,0.0,0.0,0.0,-0.0,0.0,0.0,0,SEARCH,0.0,0.0,0.0,-0.0
9100,DYNAMIC,1.232530117034912,0.2350805699825287,3.6051580905914307,0.0,2.0,0.0,0.0,0.0,-0.0,0.0,0.0,0,SEARCH,0.0,0.0,0.0,-0.0
9153,DYNAMIC,1.232818841934204,0.23506197333335876,3.605168104171753,0.0,2.0,0.0,0.0,0.0,-0.0,0.0,0.0,0,SEARCH,0.0,0.0,0.0,-0.0
9200,DYNAMIC,1.2330522537231445,0.2350349724292755,3.6051828861236572,0.0,2.0,0.0,0.0,0.0,-0.0,0.0,0.0,0,SEARCH,0.0,0.0,0.0,-0.0
9253,DYNAMIC,1.2330849170684814,0.23521944880485535,3.60518741607666,0.0,2.0,0.0,0.0,0.0,-0.0,0.0,0.0,0,SEARCH,0.0,0.0,0.0,-0.0
9301,DYNAMIC,1.2330513000488281,0.2353910505771637,3.6051957607269287,0.0,2.0,0.0,0.0,0.0,-0.0,0.0,0.0,0,SEARCH,0.0,0.0,0.0,-0.0
9359,DYNAMIC,1.2331006526947021,0.23560687899589539,3.6051933765411377,0.0,2.0,0.0,0.0,0.0,-0.0,0.0,0.0,0,SEARCH,0.0,0.0,0.0,-0.0
9405,DYNAMIC,1.2332007884979248,0.2357315719127655,3.605194091796875,0.0,2.0,0.0,0.0,0.0,-0.0,0.0,0.0,0,SEARCH,0.0,0.0,0.0,-0.0
9452,DYNAMIC,1.2327098846435547,0.23591914772987366,3.6052193641662598,0.0,2.0,0.0,0.0,0.0,-0.0,0.0,0.0,0,SEARCH,0.0,0.0,0.0,-0.0
9500,DYNAMIC,1.2322463989257812,0.23603519797325134,3.6052093505859375,0.0,2.0,0.0,0.0,0.0,-0.0,0.0,0.0,0,SEARCH,0.0,0.0,0.0,-0.0
9551,DYNAMIC,1.2317237854003906,0.23617568612098694,3.6052322387695312,0.0,2.0,0.0,0.0,0.0,-0.0,0.0,0.0,0,SEARCH,0.0,0.0,0.0,-0.0
9600,DYNAMIC,1.2314717769622803,0.23623839020729065,3.6052465438842773,0.0,2.0,0.0,0.0,0.0,-0.0,0.0,0.0,0,SEARCH,0.0,0.0,0.0,-0.0
9652,DYNAMIC,1.2311956882476807,0.23645690083503723,3.6052634716033936,0.0,2.0,0.0,0.0,0.0,-0.0,0.0,0.0,0,SEARCH,0.0,0.0,0.0,-0.0
9700,DYNAMIC,1.231076717376709,0.2366260588169098,3.605262279510498,0.0,2.0,0.0,0.0,0.0,-0.0,0.0,0.0,0,SEARCH,0.0,0.0,0.0,-0.0
9754,DYNAMIC,1.2310101985931396,0.23683050274848938,3.605264902114868,0.0,2.0,0.0,0.0,0.0,-0.0,0.0,0.0,0,SEARCH,0.0,0.0,0.0,-0.0
9800,DYNAMIC,1.2310197353363037,0.23694267868995667,3.605276107788086,0.0,2.0,0.0,0.0,0.0,-0.0,0.0,0.0,0,SEARCH,0.0,0.0,0.0,-0.0
9851,DYNAMIC,1.2318270206451416,0.23707470297813416,3.6052656173706055,0.0,2.0,0.0,0.0,0.0,-0.0,0.0,0.0,0,SEARCH,0.0,0.0,0.0,-0.0
9900,DYNAMIC,1.232607364654541,0.2371428906917572,3.60526967048645,0.0,2.0,0.0,0.0,0.0,-0.0,0.0,0.0,0,SEARCH,0.0,0.0,0.0,-0.0
9952,DYNAMIC,1.233762264251709,0.23722168803215027,3.6052775382995605,0.0,2.0,0.0,0.0,0.0,-0.0,0.0,0.0,0,SEARCH,0.0,0.0,0.0,-0.0
10002,DYNAMIC,1.2345364093780518,0.2372676432132721,3.6052894592285156,0.0,2.0,0.0,0.0,0.0,-0.0,0.0,0.0,0,SEARCH,0.0,0.0,0.0,-0.0
10059,DYNAMIC,1.2348926067352295,0.2372322976589203,3.605297088623047,0.0,2.0,0.0,0.0,0.0,-0.0,0.0,0.0,0,SEARCH,0.0,0.0,0.0,-0.0
10100,DYNAMIC,1.2346651554107666,0.2371397316455841,3.605288028717041,0.0,2.0,0.0,0.0,0.0,-0.0,0.0,0.0,0,SEARCH,0.0,0.0,0.0,-0.0
10151,DYNAMIC,1.234478235244751,0.23698577284812927,3.6052846908569336,0.0,2.0,0.0,0.0,0.0,-0.0,0.0,0.0,0,SEARCH,0.0,0.0,0.0,-0.0
10200,DYNAMIC,1.2344391345977783,0.2368895709514618,3.6052746772766113,0.0,2.0,0.0,0.0,0.0,-0.0,0.0,0.0,0,SEARCH,0.0,0.0,0.0,-0.0
10250,DYNAMIC,1.2345035076141357,0.2367095649242401,3.6052803993225098,0.0,2.0,0.0,0.0,0.0,-0.0,0.0,0.0,0,SEARCH,0.0,0.0,0.0,-0.0
10301,DYNAMIC,1.234612226486206,0.23657765984535217,3.6052777767181396,0.0,2.0,0.0,0.0,0.0,-0.0,0.0,0.0,0,SEARCH,0.0,0.0,0.0,-0.0
10351,DYNAMIC,1.2348523139953613,0.23637071251869202,3.60528826713562,0.0,2.0,0.0,0.0,0.0,-0.0,0.0,0.0,0,SEARCH,0.0,0.0,0.0,-0.0
10400,DYNAMIC,1.2350549697875977,0.2362365424633026,3.605287551879883,0.0,2.0,0.0,0.0,0.0,-0.0,0.0,0.0,0,SEARCH,0.0,0.0,0.0,-0.0
10453,DYNAMIC,1.2351341247558594,0.23616686463356018,3.6052706241607666,0.0,2.0,0.0,0.0,0.0,-0.0,0.0,0.0,0,SEARCH,0.0,0.0,0.0,-0.0
10500,DYNAMIC,1.2351593971252441,0.23615536093711853,3.6052677631378174,0.0,2.0,0.0,0.0,0.0,-0.0,0.0,0.0,0,SEARCH,0.0,0.0,0.0,-0.0
10553,DYNAMIC,1.2353007793426514,0.23613443970680237,3.605292320251465,0.0,2.0,0.0,0.0,0.0,-0.0,0.0,0.0,0,SEARCH,0.0,0.0,0.0,-0.0
10600,DYNAMIC,1.235459327697754,0.23610934615135193,3.6052918434143066,0.0,2.0,0.0,0.0,0.0,-0.0,0.0,0.0,0,SEARCH,0.0,0.0,0.0,-0.0
10652,DYNAMIC,1.235081434249878,0.23623934388160706,3.6053075790405273,0.0,2.0,0.0,0.0,0.0,-0.0,0.0,0.0,0,SEARCH,0.0,0.0,0.0,-0.0
10700,DYNAMIC,1.2346909046173096,0.23636505007743835,3.6053102016448975,0.0,2.0,0.0,0.0,0.0,-0.0,0.0,0.0,0,SEARCH,0.0,0.0,0.0,-0.0
10751,DYNAMIC,1.234269618988037,0.23654159903526306,3.6053109169006348,0.0,2.0,0.0,0.0,0.0,-0.0,0.0,0.0,0,SEARCH,0.0,0.0,0.0,-0.0
10800,DYNAMIC,1.234086513519287,0.23664984107017517,3.605297327041626,0.0,2.0,0.0,0.0,0.0,-0.0,0.0,0.0,0,SEARCH,0.0,0.0,0.0,-0.0
10854,DYNAMIC,1.2337098121643066,0.23697814345359802,3.605301856994629,0.0,2.0,0.0,0.0,0.0,-0.0,0.0,0.0,0,SEARCH,0.0,0.0,0.0,-0.0
10900,DYNAMIC,1.2335190773010254,0.23719140887260437,3.6052825450897217,0.0,2.0,0.0,0.0,0.0,-0.0,0.0,0.0,0,SEARCH,0.0,0.0,0.0,-0.0
10951,DYNAMIC,1.2333579063415527,0.23746636509895325,3.6052768230438232,0.0,2.0,0.0,0.0,0.0,-0.0,0.0,0.0,0,SEARCH,0.0,0.0,0.0,-0.0
11000,DYNAMIC,1.2333223819732666,0.23762062191963196,3.6052608489990234,0.0,2.0,0.0,0.0,0.0,-0.0,0.0,0.0,0,SEARCH,0.0,0.0,0.0,-0.0
11051,DYNAMIC,1.2331361770629883,0.23769542574882507,3.605245590209961,0.0,2.0,0.0,0.0,0.0,-0.0,0.0,0.0,0,SEARCH,0.0,0.0,0.0,-0.0
11109,DYNAMIC,1.2329437732696533,0.23765280842781067,3.6052439212799072,0.0,2.0,0.0,0.0,0.0,-0.0,0.0,0.0,0,SEARCH,0.0,0.0,0.0,-0.0
11151,DYNAMIC,1.2327635288238525,0.2375774085521698,3.605238437652588,0.0,2.0,0.0,0.0,0.0,-0.0,0.0,0.0,0,SEARCH,0.0,0.0,0.0,-0.0
11200,DYNAMIC,1.2327086925506592,0.23752382397651672,3.6052303314208984,0.0,2.0,0.0,0.0,0.0,-0.0,0.0,0.0,0,SEARCH,0.0,0.0,0.0,-0.0
11251,DYNAMIC,1.2322726249694824,0.23746028542518616,3.6052093505859375,0.0,2.0,0.0,0.0,0.0,-0.0,0.0,0.0,0,SEARCH,0.0,0.0,0.0,-0.0
11300,DYNAMIC,1.231928825378418,0.23741188645362854,3.6052074432373047,0.0,2.0,0.0,0.0,0.0,-0.0,0.0,0.0,0,SEARCH,0.0,0.0,0.0,-0.0
11352,DYNAMIC,1.2315492630004883,0.2373373806476593,3.605205535888672,0.0,2.0,0.0,0.0,0.0,-0.0,0.0,0.0,0,SEARCH,0.0,0.0,0.0,-0.0
11400,DYNAMIC,1.231384515762329,0.2372884452342987,3.6052095890045166,0.0,2.0,0.0,0.0,0.0,-0.0,0.0,0.0,0,SEARCH,0.0,0.0,0.0,-0.0
11451,DYNAMIC,1.2310829162597656,0.23717889189720154,3.6051785945892334,0.0,2.0,0.0,0.0,0.0,-0.0,0.0,0.0,0,SEARCH,0.0,0.0,0.0,-0.0
11500,DYNAMIC,1.2309095859527588,0.23709329962730408,3.6051783561706543,0.0,2.0,0.0,0.0,0.0,-0.0,0.0,0.0,0,SEARCH,0.0,0.0,0.0,-0.0
11552,DYNAMIC,1.2307684421539307,0.23695239424705505,3.6051952838897705,0.0,2.0,0.0,0.0,0.0,-0.0,0.0,0.0,0,SEARCH,0.0,0.0,0.0,-0.0
11600,DYNAMIC,1.2307343482971191,0.23686131834983826,3.6052005290985107,0.0,2.0,0.0,0.0,0.0,-0.0,0.0,0.0,0,SEARCH,0.0,0.0,0.0,-0.0
11653,DYNAMIC,1.2307369709014893,0.23679378628730774,3.6052205562591553,0.0,2.0,0.0,0.0,0.0,-0.0,0.0,0.0,0,SEARCH,0.0,0.0,0.0,-0.0
11708,DYNAMIC,1.2307806015014648,0.2367675006389618,3.6052303314208984,0.0,2.0,0.0,0.0,0.0,-0.0,0.0,0.0,0,SEARCH,0.0,0.0,0.0,-0.0
11752,DYNAMIC,1.2309000492095947,0.23671802878379822,3.6052451133728027,0.0,2.0,0.0,0.0,0.0,-0.0,0.0,0.0,0,SEARCH,0.0,0.0,0.0,-0.0
11800,DYNAMIC,1.2310330867767334,0.23667940497398376,3.605257272720337,30.8,2.0,1.2340375516172721,-0.7453340493541976,1.4416558271405409,-0.7704124934344352,1.2185385155539457,0.0,1,SEARCH,0.0,0.0,0.0,-0.0
11853,DYNAMIC,1.230943202972412,0.23649051785469055,3.6052823066711426,30.8,2.0,1.2340375516172721,-0.7453340493541976,1.4416558271405409,-0.770381988359777,1.2185578016405763,0.0,1,SEARCH,0.0,0.0,0.0,-0.0
11900,DYNAMIC,1.2308237552642822,0.2363329827785492,3.6053028106689453,30.8,2.0,1.2340375516172721,-0.7453340493541976,1.4416558271405409,-0.7703570028913516,1.2185735972950222,0.0,1,SEARCH,0.0,0.0,0.0,-0.0
11952,DYNAMIC,1.2307415008544922,0.2361082136631012,3.605316162109375,30.8,2.0,1.2340375516172721,-0.7453340493541976,1.4416558271405409,-0.7703407331098964,1.2185838825620436,0.0,1,SEARCH,0.0,0.0,0.0,-0.0
12000,DYNAMIC,1.2307491302490234,0.23596623539924622,3.605309247970581,30.8,2.0,1.2340375516172721,-0.7453340493541976,1.4416558271405409,-0.7703491585495791,1.2185785562901688,0.0,1,SEARCH,0.0,0.0,0.0,-0.0
12053,DYNAMIC,1.2303640842437744,0.23589816689491272,3.6053099632263184,30.8,2.0,1.2340375516172721,-0.7453340493541976,1.4416558271405409,-0.7703482869540784,1.2185791072865126,0.0,1,SEARCH,0.0,0.0,0.0,-0.0
12100,DYNAMIC,1.2298836708068848,0.23593738675117493,3.605293035507202,30.8,2.0,1.2340375516172721,-0.7453340493541976,1.4416558271405409,-0.7703689146085557,1.2185660668724996,0.0,1,SEARCH,0.0,0.0,0.0,-0.0
12151,DYNAMIC,1.229325294494629,0.23598578572273254,3.605290651321411,30.8,2.0,1.2340375516172721,-0.7453340493541976,1.4416558271405409,-0.7703718198942684,1.218564230166416,0.0,1,SEARCH,0.0,0.0,0.0,-0.0
12200,DYNAMIC,1.229022741317749,0.23600319027900696,3.6052987575531006,30.8,2.0,1.2340375516172721,-0.7453340493541976,1.4416558271405409,-0.7703619419049791,1.2185704749388386,0.0,1,SEARCH,0.0,0.0,0.0,-0.0
12251,DYNAMIC,1.2290434837341309,0.23605939745903015,3.6052846908569336,30.8,2.0,1.2340375516172721,-0.7453340493541976,1.4416558271405409,-0.7703790830893913,1.2185596383709032,0.0,1,SEARCH,0.0,0.0,0.0,-0.0
12301,DYNAMIC,1.229231357574463,0.23609444499015808,3.6052777767181396,30.8,2.0,1.2340375516172721,-0.7453340493541976,1.4416558271405409,-0.7703875083614453,1.2185543118338718,0.0,1,SEARCH,0.0,0.0,0.0,-0.0
12352,DYNAMIC,1.2294034957885742,0.23611119389533997,3.6052985191345215,30.8,2.0,1.2340375516172721,-0.7453340493541976,1.4416558271405409,-0.7703622324347983,1.2185702912702043,0.0,1,SEARCH,0.0,0.0,0.0,-0.0
12400,DYNAMIC,1.2297542095184326,0.236129492521286,3.6052839756011963,30.8,2.0,1.2286337372110958,-0.7418738765685301,1.4352413417081193,-0.7670943133722863,1.2130474118269339,0.0,1,SEARCH,0.0,0.0,0.0,-0.0
12452,DYNAMIC,1.2297470569610596,0.23610642552375793,3.6052799224853516,30.8,2.0,1.2286337372110958,-0.7418738765685301,1.4352413417081193,-0.7670992299876709,1.213044302694854,0.0,1,SEARCH,0.0,0.0,0.0,-0.0
12500,DYNAMIC,1.2296459674835205,0.23606941103935242,3.605269193649292,30.8,2.0,1.2286337372110958,-0.7418738765685301,1.4352413417081193,-0.7671122444969776,1.2130360725431588,0.0,1,SEARCH,0.0,0.0,0.0,-0.0
12551,DYNAMIC,1.2295966148376465,0.23599526286125183,3.6052610874176025,30.8,2.0,1.2286337372110958,-0.7418738765685301,1.4352413417081193,-0.7671220776232255,1.2130298541137186,0.0,1,SEARCH,0.0,0.0,0.0,-0.0
12600,DYNAMIC,1.2296411991119385,0.23593398928642273,3.605269193649292,30.8,2.0,1.2286337372110958,-0.7418738765685301,1.4352413417081193,-0.7671122444969776,1.2130360725431588,0.0,1,SEARCH,0.0,0.0,0.0,-0.0
12653,DYNAMIC,1.2293522357940674,0.23572620749473572,3.6052637100219727,30.8,2.0,1.2286337372110958,-0.7418738765685301,1.4352413417081193,-0.7671188963231907,1.2130318659672599,0.0,1,SEARCH,0.0,0.0,0.0,-0.0
12700,DYNAMIC,1.2291879653930664,0.23557505011558533,3.6052520275115967,30.8,2.0,1.2286337372110958,-0.7418738765685301,1.4352413417081193,-0.7671330675282024,1.2130229040100162,0.0,1,SEARCH,0.0,0.0,0.0,-0.0
12751,DYNAMIC,1.2290465831756592,0.2353571355342865,3.605252265930176,30.8,2.0,1.2286337372110958,-0.7418738765685301,1.4352413417081193,-0.7671327783209834,1.2130230869087577,0.0,1,SEARCH,0.0,0.0,0.0,-0.0
12800,DYNAMIC,1.2289881706237793,0.23520472645759583,3.6052350997924805,30.8,2.0,1.2286337372110958,-0.7418738765685301,1.4352413417081193,-0.7671536011292919,1.2130099180231306,0.0,1,SEARCH,0.0,0.0,0.0,-0.0
12855,DYNAMIC,1.2286899089813232,0.23538431525230408,3.605229139328003,30.8,2.0,1.2286337372110958,-0.7418738765685301,1.4352413417081193,-0.7671608312181918,1.2130053454097949,0.0,1,SEARCH,0.0,0.0,0.0,-0.0
12902,DYNAMIC,1.2284903526306152,0.23561230301856995,3.6052279472351074,30.8,2.0,1.2286337372110958,-0.7418738765685301,1.4352413417081193,-0.7671622772327011,1.2130044308819565,0.0,1,SEARCH,0.0,0.0,0.0,-0.0
12952,DYNAMIC,1.2282440662384033,0.23589566349983215,3.605226993560791,30.79,2.0,1.2254428652815936,-0.7398897653172197,1.4314842230673492,-0.7651967104708075,1.209802080993163,0.0,1,SEARCH,0.0,0.0,0.0,-0.0
13000,DYNAMIC,1.2281341552734375,0.23606786131858826,3.6052346229553223,30.79,2.0,1.2254428652815936,-0.7398897653172197,1.4314842230673492,-0.7651874803911569,1.2098079189455513,0.0,1,SEARCH,0.0,0.0,0.0,-0.0
13051,DYNAMIC,1.2281415462493896,0.23608949780464172,3.605229377746582,30.79,2.0,1.2254428652815936,-0.7398897653172197,1.4314842230673492,-0.7651938260757014,1.209803905360849,0.0,1,SEARCH,0.0,0.0,0.0,-0.0
13100,DYNAMIC,1.228219985961914,0.23596510291099548,3.605213165283203,30.79,2.0,1.2254428652815936,-0.7398897653172197,1.4314842230673492,-0.7652134398766485,1.2097914995249717,0.0,1,SEARCH,0.0,0.0,0.0,-0.0
13152,DYNAMIC,1.228393316268921,0.23578163981437683,3.6052119731903076,30.79,2.0,1.2254428652815936,-0.7398897653172197,1.4314842230673492,-0.7652148820599565,1.2097905873186068,0.0,1,SEARCH,0.0,0.0,0.0,-0.0
13200,DYNAMIC,1.2285711765289307,0.23565682768821716,3.605229616165161,30.79,2.0,1.2254428652815936,-0.7398897653172197,1.4314842230673492,-0.7651935376359515,1.2098040877972394,0.0,1,SEARCH,0.0,0.0,0.0,-0.0
13251,DYNAMIC,1.2285184860229492,0.23566755652427673,3.6052253246307373,30.79,2.0,1.2254428652815936,-0.7398897653172197,1.4314842230673492,-0.7651987295447941,1.209800803931691,0.0,1,SEARCH,0.0,0.0,0.0,-0.0
13301,DYNAMIC,1.2284212112426758,0.23572441935539246,3.605224847793579,30.79,2.0,1.2254428652815936,-0.7398897653172197,1.4314842230673492,-0.7651993064226843,1.209800439056366,0.0,1,SEARCH,0.0,0.0,0.0,-0.0
13350,DYNAMIC,1.2283718585968018,0.23577871918678284,3.605253219604492,30.79,2.0,1.2254428652815936,-0.7398897653172197,1.4314842230673492,-0.7651649818854123,1.2098221486594753,0.0,1,SEARCH,0.0,0.0,0.0,-0.0
13400,DYNAMIC,1.2283761501312256,0.23579135537147522,3.605252981185913,30.79,2.0,1.2254428652815936,-0.7398897653172197,1.4314842230673492,-0.765165270329468,1.2098219662298932,0.0,1,SEARCH,0.0,0.0,0.0,-0.0
13456,DYNAMIC,1.2281851768493652,0.23573711514472961,3.6052443981170654,30.79,2.0,1.2254428652815936,-0.7398897653172197,1.4314842230673492,-0.7651756542865131,1.209815398719135,0.0,1,SEARCH,0.0,0.0,0.0,-0.0
13501,DYNAMIC,1.2276411056518555,0.23555347323417664,3.6052398681640625,30.79,2.0,1.2254428652815936,-0.7398897653172197,1.4314842230673492,-0.7651811346855606,1.209811932496969,0.0,1,SEARCH,0.0,0.0,0.0,-0.0
13550,DYNAMIC,1.2272229194641113,0.235355406999588,3.6052513122558594,30.79,2.0,1.2245703017330896,-0.7394566544706086,1.4305133930612237,-0.7645805465242955,1.2090430743377776,0.0,1,SEARCH,0.0,0.0,0.0,-0.0
13600,DYNAMIC,1.2270026206970215,0.2352268397808075,3.6052746772766113,30.79,2.0,1.2245703017330896,-0.7394566544706086,1.4305133930612237,-0.7645522969990746,1.209060938448089,0.0,1,SEARCH,0.0,0.0,0.0,-0.0
13652,DYNAMIC,1.2273166179656982,0.2350342571735382,3.6052796840667725,30.79,2.0,1.2245703017330896,-0.7394566544706086,1.4305133930612237,-0.7645462434750809,1.2090647663858531,0.0,1,SEARCH,0.0,0.0,0.0,-0.0
13700,DYNAMIC,1.2276954650878906,0.23490747809410095,3.6052699089050293,30.79,2.0,1.2245703017330896,-0.7394566544706086,1.4305133930612237,-0.7645580622422025,1.2090572927648977,0.0,1,SEARCH,0.0,0.0,0.0,-0.0
13751,DYNAMIC,1.2282755374908447,0.23473086953163147,3.605280637741089,30.79,2.0,1.2245703017330896,-0.7394566544706086,1.4305133930612237,-0.7645450904207187,1.2090654955134192,0.0,1,SEARCH,0.0,0.0,0.0,-0.0
13800,DYNAMIC,1.2286982536315918,0.23461291193962097,3.6052730083465576,30.79,2.0,1.2245703017330896,-0.7394566544706086,1.4305133930612237,-0.7645543148361469,1.2090596624620993,0.0,1,SEARCH,0.0,0.0,0.0,-0.0
13852,DYNAMIC,1.228950023651123,0.23447182774543762,3.605280876159668,30.79,2.0,1.2245703017330896,-0.7394566544706086,1.4305133930612237,-0.7645448021570196,1.209065677795139,0.0,1,SEARCH,0.0,0.0,0.0,-0.0
13900,DYNAMIC,1.2290337085723877,0.23437830805778503,3.6052932739257812,30.79,2.0,1.2245703017330896,-0.7394566544706086,1.4305133930612237,-0.7645298123847739,1.2090751563498596,0.0,1,SEARCH,0.0,0.0,0.0,-0.0
13951,DYNAMIC,1.2292366027832031,0.2342364490032196,3.6052956581115723,30.79,2.0,1.2245703017330896,-0.7394566544706086,1.4305133930612237,-0.7645269297227929,1.2090769791275386,0.0,1,SEARCH,0.0,0.0,0.0,-0.0
14000,DYNAMIC,1.2293846607208252,0.2341313660144806,3.6053125858306885,30.79,2.0,1.2245703017330896,-0.7394566544706086,1.4305133930612237,-0.7645064626977647,1.209089920651432,0.0,1,SEARCH,0.0,0.0,0.0,-0.0
14056,DYNAMIC,1.229529857635498,0.23405101895332336,3.6053218841552734,30.79,2.0,1.2245703017330896,-0.7394566544706086,1.4305133930612237,-0.764495220154181,1.2090970292284011,0.0,1,SEARCH,0.0,0.0,0.0,-0.0
14103,DYNAMIC,1.229579210281372,0.2339598834514618,3.605341911315918,30.79,2.0,1.2245703017330896,-0.7394566544706086,1.4305133930612237,-0.7644710052204289,1.2091123396545096,0.0,1,SEARCH,0.0,0.0,0.0,-0.0
14153,DYNAMIC,1.2297260761260986,0.2338067591190338,3.6053597927093506,0.0,2.0,0.0,0.0,0.0,-0.0,0.0,0.0,0,SEARCH,0.0,0.0,0.0,-0.0
14200,DYNAMIC,1.2298431396484375,0.2336932122707367,3.605321168899536,0.0,2.0,0.0,0.0,0.0,-0.0,0.0,0.0,0,SEARCH,0.0,0.0,0.0,-0.0
14251,DYNAMIC,1.229736328125,0.23349443078041077,3.6053473949432373,0.0,2.0,0.0,0.0,0.0,-0.0,0.0,0.0,0,SEARCH,0.0,0.0,0.0,-0.0
14301,DYNAMIC,1.2295851707458496,0.23334994912147522,3.605362892150879,0.0,2.0,0.0,0.0,0.0,-0.0,0.0,0.0,0,SEARCH,0.0,0.0,0.0,-0.0
14352,DYNAMIC,1.2294459342956543,0.2331145703792572,3.6053595542907715,0.0,2.0,0.0,0.0,0.0,-0.0,0.0,0.0,0,SEARCH,0.0,0.0,0.0,-0.0
14400,DYNAMIC,1.2294270992279053,0.23295077681541443,3.6053895950317383,0.0,2.0,0.0,0.0,0.0,-0.0,0.0,0.0,0,SEARCH,0.0,0.0,0.0,-0.0
14451,DYNAMIC,1.2293846607208252,0.23289480805397034,3.6053736209869385,0.0,2.0,0.0,0.0,0.0,-0.0,0.0,0.0,0,SEARCH,0.0,0.0,0.0,-0.0
14500,DYNAMIC,1.2293834686279297,0.2328694760799408,3.605358123779297,0.0,2.0,0.0,0.0,0.0,-0.0,0.0,0.0,0,SEARCH,0.0,0.0,0.0,-0.0
14551,DYNAMIC,1.229430913925171,0.23279675841331482,3.605361223220825,0.0,2.0,0.0,0.0,0.0,-0.0,0.0,0.0,0,SEARCH,0.0,0.0,0.0,-0.0
14600,DYNAMIC,1.2294960021972656,0.2327093780040741,3.605360984802246,0.0,2.0,0.0,0.0,0.0,-0.0,0.0,0.0,0,SEARCH,0.0,0.0,0.0,-0.0
14656,DYNAMIC,1.2297616004943848,0.23258265852928162,3.6053645610809326,0.0,2.0,0.0,0.0,0.0,-0.0,0.0,0.0,0,SEARCH,0.0,0.0,0.0,-0.0
14704,DYNAMIC,1.2300167083740234,0.23249128460884094,3.6053524017333984,0.0,2.0,0.0,0.0,0.0,-0.0,0.0,0.0,0,SEARCH,0.0,0.0,0.0,-0.0
14750,DYNAMIC,1.2304141521453857,0.23231622576713562,3.605348587036133,0.0,2.0,0.0,0.0,0.0,-0.0,0.0,0.0,0,SEARCH,0.0,0.0,0.0,-0.0
14800,DYNAMIC,1.2306950092315674,0.23219576478004456,3.6053690910339355,0.0,2.0,0.0,0.0,0.0,-0.0,0.0,0.0,0,SEARCH,0.0,0.0,0.0,-0.0
14851,DYNAMIC,1.230659008026123,0.23205283284187317,3.6053683757781982,0.0,2.0,0.0,0.0,0.0,-0.0,0.0,0.0,0,SEARCH,0.0,0.0,0.0,-0.0
14900,DYNAMIC,1.2305121421813965,0.2319560945034027,3.605363607406616,0.0,2.0,0.0,0.0,0.0,-0.0,0.0,0.0,0,SEARCH,0.0,0.0,0.0,-0.0
14950,DYNAMIC,1.2303740978240967,0.23179277777671814,3.605353832244873,0.0,2.0,0.0,0.0,0.0,-0.0,0.0,0.0,0,SEARCH,0.0,0.0,0.0,-0.0
15000,DYNAMIC,1.2303647994995117,0.23165079951286316,3.6053407192230225,0.0,2.0,0.0,0.0,0.0,-0.0,0.0,0.0,0,SEARCH,0.0,0.0,0.0,-0.0
15052,DYNAMIC,1.2299270629882812,0.23156335949897766,3.6053531169891357,0.0,2.0,0.0,0.0,0.0,-0.0,0.0,0.0,0,SEARCH,0.0,0.0,0.0,-0.0
15100,DYNAMIC,1.2294495105743408,0.2315201461315155,3.605287790298462,0.0,2.0,0.0,0.0,0.0,-0.0,0.0,0.0,0,SEARCH,0.0,0.0,0.0,-0.0
15151,DYNAMIC,1.2288923263549805,0.23142948746681213,3.605278491973877,0.0,2.0,0.0,0.0,0.0,-0.0,0.0,0.0,0,SEARCH,0.0,0.0,0.0,-0.0
15205,DYNAMIC,1.2285737991333008,0.231355220079422,3.6053006649017334,0.0,2.0,0.0,0.0,0.0,-0.0,0.0,0.0,0,SEARCH,0.0,0.0,0.0,-0.0
15252,DYNAMIC,1.2281413078308105,0.2315225899219513,3.605302333831787,0.0,2.0,0.0,0.0,0.0,-0.0,0.0,0.0,0,SEARCH,0.0,0.0,0.0,-0.0
15301,DYNAMIC,1.2279078960418701,0.23171022534370422,3.605327606201172,0.0,2.0,0.0,0.0,0.0,-0.0,0.0,0.0,0,SEARCH,0.0,0.0,0.0,-0.0
15350,DYNAMIC,1.227630853652954,0.23191967606544495,3.60534405708313,0.0,2.0,0.0,0.0,0.0,-0.0,0.0,0.0,0,SEARCH,0.0,0.0,0.0,-0.0
15400,DYNAMIC,1.227522611618042,0.23201927542686462,3.605308771133423,0.0,2.0,0.0,0.0,0.0,-0.0,0.0,0.0,0,SEARCH,0.0,0.0,0.0,-0.0
15451,DYNAMIC,1.2272653579711914,0.2322576940059662,3.6053590774536133,0.0,2.0,0.0,0.0,0.0,-0.0,0.0,0.0,0,SEARCH,0.0,0.0,0.0,-0.0
15500,DYNAMIC,1.2270798683166504,0.2324017584323883,3.605393171310425,0.0,2.0,0.0,0.0,0.0,-0.0,0.0,0.0,0,SEARCH,0.0,0.0,0.0,-0.0
15550,DYNAMIC,1.2268986701965332,0.23254528641700745,3.6053836345672607,0.0,2.0,0.0,0.0,0.0,-0.0,0.0,0.0,0,SEARCH,0.0,0.0,0.0,-0.0
15600,DYNAMIC,1.226855754852295,0.23259857296943665,3.605386734008789,0.0,2.0,0.0,0.0,0.0,-0.0,0.0,0.0,0,SEARCH,0.0,0.0,0.0,-0.0
15653,DYNAMIC,1.2264957427978516,0.23274526000022888,3.605389356613159,0.0,2.0,0.0,0.0,0.0,-0.0,0.0,0.0,0,SEARCH,0.0,0.0,0.0,-0.0
15700,DYNAMIC,1.2262072563171387,0.23285219073295593,3.605393648147583,0.0,2.0,0.0,0.0,0.0,-0.0,0.0,0.0,0,SEARCH,0.0,0.0,0.0,-0.0
15751,DYNAMIC,1.22590970993042,0.2329348623752594,3.605379819869995,0.0,2.0,0.0,0.0,0.0,-0.0,0.0,0.0,0,SEARCH,0.0,0.0,0.0,-0.0
15800,DYNAMIC,1.225757122039795,0.23295333981513977,3.605388879776001,0.0,2.0,0.0,0.0,0.0,-0.0,0.0,0.0,0,SEARCH,0.0,0.0,0.0,-0.0
15851,DYNAMIC,1.2254412174224854,0.23299095034599304,3.6053757667541504,0.0,2.0,0.0,0.0,0.0,-0.0,0.0,0.0,0,SEARCH,0.0,0.0,0.0,-0.0
15902,DYNAMIC,1.2251172065734863,0.23303833603858948,3.605381727218628,0.0,2.0,0.0,0.0,0.0,-0.0,0.0,0.0,0,SEARCH,0.0,0.0,0.0,-0.0
15951,DYNAMIC,1.2248458862304688,0.23314455151557922,3.605391502380371,0.0,2.0,0.0,0.0,0.0,-0.0,0.0,0.0,0,SEARCH,0.0,0.0,0.0,-0.0
16000,DYNAMIC,1.2247016429901123,0.23306110501289368,3.6053431034088135,0.0,2.0,0.0,0.0,0.0,-0.0,0.0,0.0,0,SEARCH,0.0,0.0,0.0,-0.0
16051,DYNAMIC,1.2248008251190186,0.23302695155143738,3.6053593158721924,0.0,2.0,0.0,0.0,0.0,-0.0,0.0,0.0,0,SEARCH,0.0,0.0,0.0,-0.0
16100,DYNAMIC,1.2249701023101807,0.23302337527275085,3.6053850650787354,0.0,2.0,0.0,0.0,0.0,-0.0,0.0,0.0,0,SEARCH,0.0,0.0,0.0,-0.0
16151,DYNAMIC,1.225327968597412,0.23296836018562317,3.605316638946533,0.0,2.0,0.0,0.0,0.0,-0.0,0.0,0.0,0,SEARCH,0.0,0.0,0.0,-0.0
16200,DYNAMIC,1.2256324291229248,0.23293575644493103,3.6053555011749268,0.0,2.0,0.0,0.0,0.0,-0.0,0.0,0.0,0,SEARCH,0.0,0.0,0.0,-0.0
16251,DYNAMIC,1.2262375354766846,0.23276850581169128,3.6053524017333984,0.0,2.0,0.0,0.0,0.0,-0.0,0.0,0.0,0,SEARCH,0.0,0.0,0.0,-0.0
16301,DYNAMIC,1.2267086505889893,0.2326318323612213,3.6052920818328857,0.0,2.0,0.0,0.0,0.0,-0.0,0.0,0.0,0,SEARCH,0.0,0.0,0.0,-0.0
16351,DYNAMIC,1.2274153232574463,0.23237422108650208,3.6052987575531006,0.0,2.0,0.0,0.0,0.0,-0.0,0.0,0.0,0,SEARCH,0.0,0.0,0.0,-0.0
16407,DYNAMIC,1.2278473377227783,0.23223891854286194,3.605224847793579,0.0,2.0,0.0,0.0,0.0,-0.0,0.0,0.0,0,SEARCH,0.0,0.0,0.0,-0.0
16451,DYNAMIC,1.2280750274658203,0.23273023962974548,3.60530161857605,0.0,2.0,0.0,0.0,0.0,-0.0,0.0,0.0,0,SEARCH,0.0,0.0,0.0,-0.0
16500,DYNAMIC,1.2282764911651611,0.23280933499336243,3.6049349308013916,0.0,2.0,0.0,0.0,0.0,-0.0,0.0,0.0,0,SEARCH,0.0,0.0,0.0,-0.0
16551,DYNAMIC,1.228586196899414,0.2331204116344452,3.605257749557495,0.0,2.0,0.0,0.0,0.0,-0.0,0.0,0.0,0,SEARCH,0.0,0.0,0.0,-0.0
16600,DYNAMIC,1.2287585735321045,0.2333027422428131,3.6051557064056396,0.0,2.0,0.0,0.0,0.0,-0.0,0.0,0.0,0,SEARCH,0.0,0.0,0.0,-0.0
16651,DYNAMIC,1.2288267612457275,0.23362448811531067,3.6049394607543945,0.0,2.0,0.0,0.0,0.0,-0.0,0.0,0.0,0,SEARCH,0.0,0.0,0.0,-0.0
16700,DYNAMIC,1.2288362979888916,0.23395416140556335,3.605586051940918,0.0,2.0,0.0,0.0,0.0,-0.0,0.0,0.0,0,SEARCH,0.0,0.0,0.0,-0.0
16751,DYNAMIC,1.2288670539855957,0.23426052927970886,3.6055350303649902,0.0,2.0,0.0,0.0,0.0,-0.0,0.0,0.0,0,SEARCH,0.0,0.0,0.0,-0.0
16800,DYNAMIC,1.2290198802947998,0.2344399392604828,3.6052098274230957,0.0,2.0,0.0,0.0,0.0,-0.0,0.0,0.0,0,SEARCH,0.0,0.0,0.0,-0.0
16850,DYNAMIC,1.2266476154327393,0.23451247811317444,3.605513095855713,0.0,2.0,0.0,0.0,0.0,-0.0,0.0,0.0,0,SEARCH,0.0,0.0,0.0,-0.0
16900,DYNAMIC,1.2243409156799316,0.23446306586265564,3.6056158542633057,0.0,2.0,0.0,0.0,0.0,-0.0,0.0,0.0,0,SEARCH,0.0,0.0,0.0,-0.0
16952,DYNAMIC,1.2217531204223633,0.23459568619728088,3.605569362640381,0.0,2.0,0.0,0.0,0.0,-0.0,0.0,0.0,0,SEARCH,0.0,0.0,0.0,-0.0
17003,DYNAMIC,1.2195782661437988,0.23472335934638977,3.605576276779175,0.0,2.0,0.0,0.0,0.0,-0.0,0.0,0.0,0,SEARCH,0.0,0.0,0.0,-0.0
17050,DYNAMIC,1.2173149585723877,0.23411843180656433,3.605595588684082,0.0,2.0,0.0,0.0,0.0,-0.0,0.0,0.0,0,SEARCH,0.0,0.0,0.0,-0.0
17100,DYNAMIC,1.2160537242889404,0.23320534825325012,3.6058990955352783,0.0,2.0,0.0,0.0,0.0,-0.0,0.0,0.0,0,SEARCH,0.0,0.0,0.0,-0.0
17151,DYNAMIC,1.2139832973480225,0.23144951462745667,3.6060376167297363,0.0,2.0,0.0,0.0,0.0,-0.0,0.0,0.0,0,SEARCH,0.0,0.0,0.0,-0.0
17200,DYNAMIC,1.2131357192993164,0.23076286911964417,3.6061580181121826,0.0,2.0,0.0,0.0,0.0,-0.0,0.0,0.0,0,SEARCH,0.0,0.0,0.0,-0.0
17250,DYNAMIC,1.2107760906219482,0.23096522688865662,3.6060597896575928,0.0,2.0,0.0,0.0,0.0,-0.0,0.0,0.0,0,SEARCH,0.0,0.0,0.0,-0.0
17301,DYNAMIC,1.2087934017181396,0.2314256727695465,3.6063711643218994,0.0,2.0,0.0,0.0,0.0,-0.0,0.0,0.0,0,SEARCH,0.0,0.0,0.0,-0.0
17350,DYNAMIC,1.2066199779510498,0.23217597603797913,3.6062686443328857,0.0,2.0,0.0,0.0,0.0,-0.0,0.0,0.0,0,SEARCH,0.0,0.0,0.0,-0.0
17401,DYNAMIC,1.2053589820861816,0.2324390709400177,3.6059601306915283,0.0,2.0,0.0,0.0,0.0,-0.0,0.0,0.0,0,SEARCH,0.0,0.0,0.0,-0.0
17450,DYNAMIC,1.2037153244018555,0.2331390082836151,3.6059679985046387,0.0,2.0,0.0,0.0,0.0,-0.0,0.0,0.0,0,SEARCH,0.0,0.0,0.0,-0.0
17500,DYNAMIC,1.2027058601379395,0.2335784137248993,3.605828046798706,0.0,2.0,0.0,0.0,0.0,-0.0,0.0,0.0,0,SEARCH,0.0,0.0,0.0,-0.0
17551,DYNAMIC,1.2010633945465088,0.23427483439445496,3.6059000492095947,0.0,2.0,0.0,0.0,0.0,-0.0,0.0,0.0,0,SEARCH,0.0,0.0,0.0,-0.0
17604,DYNAMIC,1.2001686096191406,0.23460790514945984,3.605933904647827,0.0,2.0,0.0,0.0,0.0,-0.0,0.0,0.0,0,SEARCH,0.0,0.0,0.0,-0.0
17650,DYNAMIC,1.1983511447906494,0.23541471362113953,3.605926752090454,0.0,2.0,0.0,0.0,0.0,-0.0,0.0,0.0,0,SEARCH,0.0,0.0,0.0,-0.0
17701,DYNAMIC,1.1968252658843994,0.2360294759273529,3.605855941772461,0.0,2.0,0.0,0.0,0.0,-0.0,0.0,0.0,0,SEARCH,0.0,0.0,0.0,-0.0
17750,DYNAMIC,1.1948750019073486,0.23689314723014832,3.605800151824951,0.0,2.0,0.0,0.0,0.0,-0.0,0.0,0.0,0,SEARCH,0.0,0.0,0.0,-0.0
17800,DYNAMIC,1.1937472820281982,0.23737826943397522,3.605769634246826,0.0,2.0,0.0,0.0,0.0,-0.0,0.0,0.0,0,SEARCH,0.0,0.0,0.0,-0.0
17851,DYNAMIC,1.1924943923950195,0.238249272108078,3.6055972576141357,0.0,2.0,0.0,0.0,0.0,-0.0,0.0,0.0,0,SEARCH,0.0,0.0,0.0,-0.0
17900,DYNAMIC,1.1917243003845215,0.2388407289981842,3.6055409908294678,0.0,2.0,0.0,0.0,0.0,-0.0,0.0,0.0,0,SEARCH,0.0,0.0,0.0,-0.0
17950,DYNAMIC,1.1903932094573975,0.23948213458061218,3.6055614948272705,0.0,2.0,0.0,0.0,0.0,-0.0,0.0,0.0,0,SEARCH,0.0,0.0,0.0,-0.0
18000,DYNAMIC,1.1897108554840088,0.2398730218410492,3.6055426597595215,0.0,2.0,0.0,0.0,0.0,-0.0,0.0,0.0,0,SEARCH,0.0,0.0,0.0,-0.0
18050,DYNAMIC,1.1899917125701904,0.23982587456703186,3.605583429336548,0.0,2.0,0.0,0.0,0.0,-0.0,0.0,0.0,0,SEARCH,0.0,0.0,0.0,-0.0
18108,DYNAMIC,1.1905014514923096,0.2395663559436798,3.605578660964966,0.0,2.0,0.0,0.0,0.0,-0.0,0.0,0.0,0,SEARCH,0.0,0.0,0.0,-0.0
18151,DYNAMIC,1.1910476684570312,0.239320307970047,3.6055800914764404,0.0,2.0,0.0,0.0,0.0,-0.0,0.0,0.0,0,SEARCH,0.0,0.0,0.0,-0.0
18202,DYNAMIC,1.1916866302490234,0.23892685770988464,3.6056346893310547,0.0,2.0,0.0,0.0,0.0,-0.0,0.0,0.0,0,SEARCH,0.0,0.0,0.0,-0.0
18250,DYNAMIC,1.1927521228790283,0.2389639914035797,3.6056413650512695,0.0,2.0,0.0,0.0,0.0,-0.0,0.0,0.0,0,SEARCH,0.0,0.0,0.0,-0.0
18301,DYNAMIC,1.193544864654541,0.23907896876335144,3.6055638790130615,0.0,2.0,0.0,0.0,0.0,-0.0,0.0,0.0,0,SEARCH,0.0,0.0,0.0,-0.0
18350,DYNAMIC,1.1945984363555908,0.23920127749443054,3.6056082248687744,0.0,2.0,0.0,0.0,0.0,-0.0,0.0,0.0,0,SEARCH,0.0,0.0,0.0,-0.0
18401,DYNAMIC,1.1952385902404785,0.2392497956752777,3.605614423751831,0.0,2.0,0.0,0.0,0.0,-0.0,0.0,0.0,0,SEARCH,0.0,0.0,0.0,-0.0
18450,DYNAMIC,1.196167230606079,0.23943713307380676,3.605623245239258,0.0,2.0,0.0,0.0,0.0,-0.0,0.0,0.0,0,SEARCH,0.0,0.0,0.0,-0.0
18500,DYNAMIC,1.1967577934265137,0.23959681391716003,3.6056509017944336,0.0,2.0,0.0,0.0,0.0,-0.0,0.0,0.0,0,SEARCH,0.0,0.0,0.0,-0.0
18551,DYNAMIC,1.197533130645752,0.23977509140968323,3.6056652069091797,0.0,2.0,0.0,0.0,0.0,-0.0,0.0,0.0,0,SEARCH,0.0,0.0,0.0,-0.0
18600,DYNAMIC,1.1980295181274414,0.23987403512001038,3.605668306350708,0.0,2.0,0.0,0.0,0.0,-0.0,0.0,0.0,0,SEARCH,0.0,0.0,0.0,-0.0
18650,DYNAMIC,1.198789358139038,0.23991438746452332,3.6056954860687256,0.0,2.0,0.0,0.0,0.0,-0.0,0.0,0.0,0,SEARCH,0.0,0.0,0.0,-0.0
18702,DYNAMIC,1.1992576122283936,0.23988863825798035,3.6056854724884033,0.0,2.0,0.0,0.0,0.0,-0.0,0.0,0.0,0,SEARCH,0.0,0.0,0.0,-0.0
18756,DYNAMIC,1.1999118328094482,0.23983213305473328,3.6056902408599854,0.0,2.0,0.0,0.0,0.0,-0.0,0.0,0.0,0,SEARCH,0.0,0.0,0.0,-0.0
18804,DYNAMIC,1.2003042697906494,0.23977848887443542,3.6056957244873047,0.0,2.0,0.0,0.0,0.0,-0.0,0.0,0.0,0,SEARCH,0.0,0.0,0.0,-0.0
18850,DYNAMIC,1.2017629146575928,0.23972871899604797,3.6056835651397705,0.0,2.0,0.0,0.0,0.0,-0.0,0.0,0.0,0,SEARCH,0.0,0.0,0.0,-0.0
18900,DYNAMIC,1.2029519081115723,0.23970094323158264,3.6056952476501465,0.0,2.0,0.0,0.0,0.0,-0.0,0.0,0.0,0,SEARCH,0.0,0.0,0.0,-0.0
18950,DYNAMIC,1.2045657634735107,0.23963454365730286,3.6057119369506836,0.0,2.0,0.0,0.0,0.0,-0.0,0.0,0.0,0,SEARCH,0.0,0.0,0.0,-0.0
19000,DYNAMIC,1.2055394649505615,0.23957028985023499,3.6057076454162598,0.0,2.0,0.0,0.0,0.0,-0.0,0.0,0.0,0,SEARCH,0.0,0.0,0.0,-0.0
19050,DYNAMIC,1.206791877746582,0.23934021592140198,3.6057064533233643,0.0,2.0,0.0,0.0,0.0,-0.0,0.0,0.0,0,SEARCH,0.0,0.0,0.0,-0.0
19100,DYNAMIC,1.2074971199035645,0.23910775780677795,3.6057229042053223,0.0,2.0,0.0,0.0,0.0,-0.0,0.0,0.0,0,SEARCH,0.0,0.0,0.0,-0.0
19150,DYNAMIC,1.2084510326385498,0.23875805735588074,3.605736017227173,0.0,2.0,0.0,0.0,0.0,-0.0,0.0,0.0,0,SEARCH,0.0,0.0,0.0,-0.0
19200,DYNAMIC,1.2090709209442139,0.23853173851966858,3.605748414993286,0.0,2.0,0.0,0.0,0.0,-0.0,0.0,0.0,0,SEARCH,0.0,0.0,0.0,-0.0
19252,DYNAMIC,1.209502935409546,0.2383078634738922,3.6057631969451904,0.0,2.0,0.0,0.0,0.0,-0.0,0.0,0.0,0,SEARCH,0.0,0.0,0.0,-0.0
19308,DYNAMIC,1.2099416255950928,0.23798802495002747,3.605755090713501,0.0,2.0,0.0,0.0,0.0,-0.0,0.0,0.0,0,SEARCH,0.0,0.0,0.0,-0.0
19351,DYNAMIC,1.2103662490844727,0.2376689612865448,3.6057770252227783,0.0,2.0,0.0,0.0,0.0,-0.0,0.0,0.0,0,SEARCH,0.0,0.0,0.0,-0.0
19400,DYNAMIC,1.210630178451538,0.23745205998420715,3.6057913303375244,0.0,2.0,0.0,0.0,0.0,-0.0,0.0,0.0,0,SEARCH,0.0,0.0,0.0,-0.0
19451,DYNAMIC,1.2111148834228516,0.2372693121433258,3.6058027744293213,0.0,2.0,0.0,0.0,0.0,-0.0,0.0,0.0,0,SEARCH,0.0,0.0,0.0,-0.0
19500,DYNAMIC,1.2114787101745605,0.23719236254692078,3.6058120727539062,0.0,2.0,0.0,0.0,0.0,-0.0,0.0,0.0,0,SEARCH,0.0,0.0,0.0,-0.0
19550,DYNAMIC,1.2120063304901123,0.23705092072486877,3.6058349609375,0.0,2.0,0.0,0.0,0.0,-0.0,0.0,0.0,0,SEARCH,0.0,0.0,0.0,-0.0
19600,DYNAMIC,1.2123382091522217,0.23693910241127014,3.605839967727661,0.0,2.0,0.0,0.0,0.0,-0.0,0.0,0.0,0,SEARCH,0.0,0.0,0.0,-0.0
19651,DYNAMIC,1.2127931118011475,0.23708155751228333,3.6058475971221924,0.0,2.0,0.0,0.0,0.0,-0.0,0.0,0.0,0,SEARCH,0.0,0.0,0.0,-0.0
19700,DYNAMIC,1.2130746841430664,0.2372545301914215,3.6058573722839355,0.0,2.0,0.0,0.0,0.0,-0.0,0.0,0.0,0,SEARCH,0.0,0.0,0.0,-0.0
19751,DYNAMIC,1.213484287261963,0.23745355010032654,3.605870246887207,0.0,2.0,0.0,0.0,0.0,-0.0,0.0,0.0,0,SEARCH,0.0,0.0,0.0,-0.0
19814,DYNAMIC,1.2137959003448486,0.23755374550819397,3.6058809757232666,0.0,2.0,0.0,0.0,0.0,-0.0,0.0,0.0,0,SEARCH,0.0,0.0,0.0,-0.0
19852,DYNAMIC,1.214296817779541,0.23752734065055847,3.6058952808380127,0.0,2.0,0.0,0.0,0.0,-0.0,0.0,0.0,0,SEARCH,0.0,0.0,0.0,-0.0
19906,DYNAMIC,1.2146141529083252,0.23746559023857117,3.605912923812866,0.0,2.0,0.0,0.0,0.0,-0.0,0.0,0.0,0,SEARCH,0.0,0.0,0.0,-0.0
19951,DYNAMIC,1.2151167392730713,0.23734548687934875,3.6059231758117676,0.0,2.0,0.0,0.0,0.0,-0.0,0.0,0.0,0,SEARCH,0.0,0.0,0.0,-0.0
20003,DYNAMIC,1.2154722213745117,0.23725834488868713,3.6059370040893555,0.0,2.0,0.0,0.0,0.0,-0.0,0.0,0.0,0,SEARCH,0.0,0.0,0.0,-0.0
20050,DYNAMIC,1.2161571979522705,0.23712578415870667,3.6059398651123047,0.0,2.0,0.0,0.0,0.0,-0.0,0.0,0.0,0,SEARCH,0.0,0.0,0.0,-0.0
20100,DYNAMIC,1.2167329788208008,0.2370380461215973,3.6059579849243164,0.0,2.0,0.0,0.0,0.0,-0.0,0.0,0.0,0,SEARCH,0.0,0.0,0.0,-0.0
20150,DYNAMIC,1.2175581455230713,0.23688361048698425,3.605971574783325,0.0,2.0,0.0,0.0,0.0,-0.0,0.0,0.0,0,SEARCH,0.0,0.0,0.0,-0.0
20201,DYNAMIC,1.2180891036987305,0.23676243424415588,3.6059892177581787,0.0,2.0,0.0,0.0,0.0,-0.0,0.0,0.0,0,SEARCH,0.0,0.0,0.0,-0.0
20250,DYNAMIC,1.218369722366333,0.2367759644985199,3.60599684715271,0.0,2.0,0.0,0.0,0.0,-0.0,0.0,0.0,0,SEARCH,0.0,0.0,0.0,-0.0
20301,DYNAMIC,1.2184221744537354,0.23683014512062073,3.605990409851074,0.0,2.0,0.0,0.0,0.0,-0.0,0.0,0.0,0,SEARCH,0.0,0.0,0.0,-0.0
20351,DYNAMIC,1.218541145324707,0.23687264323234558,3.605992078781128,0.0,2.0,0.0,0.0,0.0,-0.0,0.0,0.0,0,SEARCH,0.0,0.0,0.0,-0.0
20402,DYNAMIC,1.2186760902404785,0.23688486218452454,3.6059863567352295,0.0,2.0,0.0,0.0,0.0,-0.0,0.0,0.0,0,SEARCH,0.0,0.0,0.0,-0.0
20456,DYNAMIC,1.2187268733978271,0.23707512021064758,3.605963945388794,0.0,2.0,0.0,0.0,0.0,-0.0,0.0,0.0,0,SEARCH,0.0,0.0,0.0,-0.0
20504,DYNAMIC,1.2187256813049316,0.23722603917121887,3.605971336364746,0.0,2.0,0.0,0.0,0.0,-0.0,0.0,0.0,0,SEARCH,0.0,0.0,0.0,-0.0
20551,DYNAMIC,1.2187941074371338,0.23739317059516907,3.6059818267822266,0.0,2.0,0.0,0.0,0.0,-0.0,0.0,0.0,0,SEARCH,0.0,0.0,0.0,-0.0
20603,DYNAMIC,1.2188653945922852,0.237472802400589,3.605985641479492,0.0,2.0,0.0,0.0,0.0,-0.0,0.0,0.0,0,SEARCH,0.0,0.0,0.0,-0.0
20650,DYNAMIC,1.2191569805145264,0.23743852972984314,3.6059978008270264,0.0,2.0,0.0,0.0,0.0,-0.0,0.0,0.0,0,SEARCH,0.0,0.0,0.0,-0.0
20700,DYNAMIC,1.2194902896881104,0.2373354732990265,3.606010913848877,0.0,2.0,0.0,0.0,0.0,-0.0,0.0,0.0,0,SEARCH,0.0,0.0,0.0,-0.0
20751,DYNAMIC,1.219985008239746,0.23717036843299866,3.6060330867767334,0.0,2.0,0.0,0.0,0.0,-0.0,0.0,0.0,0,SEARCH,0.0,0.0,0.0,-0.0
20800,DYNAMIC,1.220313310623169,0.23705533146858215,3.606055736541748,0.0,2.0,0.0,0.0,0.0,-0.0,0.0,0.0,0,SEARCH,0.0,0.0,0.0,-0.0
20851,DYNAMIC,1.2202973365783691,0.2370242178440094,3.6060614585876465,0.0,2.0,0.0,0.0,0.0,-0.0,0.0,0.0,0,SEARCH,0.0,0.0,0.0,-0.0
20900,DYNAMIC,1.2199757099151611,0.23707541823387146,3.606060743331909,0.0,2.0,0.0,0.0,0.0,-0.0,0.0,0.0,0,SEARCH,0.0,0.0,0.0,-0.0
20950,DYNAMIC,1.2195754051208496,0.23710986971855164,3.6060595512390137,0.0,2.0,0.0,0.0,0.0,-0.0,0.0,0.0,0,SEARCH,0.0,0.0,0.0,-0.0
21000,DYNAMIC,1.2194032669067383,0.2371092140674591,3.6060609817504883,0.0,2.0,0.0,0.0,0.0,-0.0,0.0,0.0,0,SEARCH,0.0,0.0,0.0,-0.0
21050,DYNAMIC,1.2193005084991455,0.23709693551063538,3.606083631515503,0.0,2.0,0.0,0.0,0.0,-0.0,0.0,0.0,0,SEARCH,0.0,0.0,0.0,-0.0
21108,DYNAMIC,1.2193200588226318,0.23708048462867737,3.6061019897460938,0.0,2.0,0.0,0.0,0.0,-0.0,0.0,0.0,0,SEARCH,0.0,0.0,0.0,-0.0
21151,DYNAMIC,1.2194263935089111,0.23702427744865417,3.6061081886291504,0.0,2.0,0.0,0.0,0.0,-0.0,0.0,0.0,0,SEARCH,0.0,0.0,0.0,-0.0
21200,DYNAMIC,1.219531536102295,0.23696711659431458,3.6061387062072754,0.0,2.0,0.0,0.0,0.0,-0.0,0.0,0.0,0,SEARCH,0.0,0.0,0.0,-0.0
21251,DYNAMIC,1.2196435928344727,0.23704424500465393,3.606166124343872,0.0,2.0,0.0,0.0,0.0,-0.0,0.0,0.0,0,SEARCH,0.0,0.0,0.0,-0.0
21301,DYNAMIC,1.2197372913360596,0.23713919520378113,3.606172800064087,0.0,2.0,0.0,0.0,0.0,-0.0,0.0,0.0,0,SEARCH,0.0,0.0,0.0,-0.0
21350,DYNAMIC,1.219914197921753,0.23724815249443054,3.606182336807251,0.0,2.0,0.0,0.0,0.0,-0.0,0.0,0.0,0,SEARCH,0.0,0.0,0.0,-0.0
21400,DYNAMIC,1.220057725906372,0.2372974455356598,3.6061806678771973,0.0,2.0,0.0,0.0,0.0,-0.0,0.0,0.0,0,SEARCH,0.0,0.0,0.0,-0.0
21451,DYNAMIC,1.2213013172149658,0.23705270886421204,3.6061811447143555,0.0,2.0,0.0,0.0,0.0,-0.0,0.0,0.0,0,SEARCH,0.0,0.0,0.0,-0.0
21500,DYNAMIC,1.22239351272583,0.2368033230304718,3.6061878204345703,0.0,2.0,0.0,0.0,0.0,-0.0,0.0,0.0,0,SEARCH,0.0,0.0,0.0,-0.0
21550,DYNAMIC,1.2239272594451904,0.2364494502544403,3.6061956882476807,0.0,2.0,0.0,0.0,0.0,-0.0,0.0,0.0,0,SEARCH,0.0,0.0,0.0,-0.0
21600,DYNAMIC,1.2249276638031006,0.2362305223941803,3.606203317642212,0.0,2.0,0.0,0.0,0.0,-0.0,0.0,0.0,0,SEARCH,0.0,0.0,0.0,-0.0
21650,DYNAMIC,1.2253365516662598,0.23651739954948425,3.606196880340576,0.0,2.0,0.0,0.0,0.0,-0.0,0.0,0.0,0,SEARCH,0.0,0.0,0.0,-0.0
21701,DYNAMIC,1.2255027294158936,0.23675236105918884,3.6062028408050537,0.0,2.0,0.0,0.0,0.0,-0.0,0.0,0.0,0,SEARCH,0.0,0.0,0.0,-0.0
21750,DYNAMIC,1.2258238792419434,0.2370513379573822,3.606206178665161,0.0,2.0,0.0,0.0,0.0,-0.0,0.0,0.0,0,SEARCH,0.0,0.0,0.0,-0.0
21806,DYNAMIC,1.226064920425415,0.23722347617149353,3.6062111854553223,0.0,2.0,0.0,0.0,0.0,-0.0,0.0,0.0,0,SEARCH,0.0,0.0,0.0,-0.0
21851,DYNAMIC,1.2262518405914307,0.23738232254981995,3.606200933456421,0.0,2.0,0.0,0.0,0.0,-0.0,0.0,0.0,0,SEARCH,0.0,0.0,0.0,-0.0
21901,DYNAMIC,1.2263579368591309,0.23744609951972961,3.6062028408050537,0.0,2.0,0.0,0.0,0.0,-0.0,0.0,0.0,0,SEARCH,0.0,0.0,0.0,-0.0
21950,DYNAMIC,1.2265543937683105,0.23752012848854065,3.6062095165252686,0.0,2.0,0.0,0.0,0.0,-0.0,0.0,0.0,0,SEARCH,0.0,0.0,0.0,-0.0
22003,DYNAMIC,1.226707935333252,0.23755940794944763,3.6062326431274414,0.0,2.0,0.0,0.0,0.0,-0.0,0.0,0.0,0,SEARCH,0.0,0.0,0.0,-0.0
22051,DYNAMIC,1.2266261577606201,0.23754480481147766,3.6062562465667725,0.0,2.0,0.0,0.0,0.0,-0.0,0.0,0.0,0,SEARCH,0.0,0.0,0.0,-0.0
22101,DYNAMIC,1.2263896465301514,0.23749569058418274,3.6062705516815186,0.0,2.0,0.0,0.0,0.0,-0.0,0.0,0.0,0,SEARCH,0.0,0.0,0.0,-0.0
22150,DYNAMIC,1.2261278629302979,0.2374047338962555,3.6063005924224854,0.0,2.0,0.0,0.0,0.0,-0.0,0.0,0.0,0,SEARCH,0.0,0.0,0.0,-0.0
22202,DYNAMIC,1.2260451316833496,0.2373494803905487,3.6063015460968018,0.0,2.0,0.0,0.0,0.0,-0.0,0.0,0.0,0,SEARCH,0.0,0.0,0.0,-0.0
22251,DYNAMIC,1.226025104522705,0.23723497986793518,3.606318235397339,0.0,2.0,0.0,0.0,0.0,-0.0,0.0,0.0,0,SEARCH,0.0,0.0,0.0,-0.0
22301,DYNAMIC,1.2260632514953613,0.23714891076087952,3.6063191890716553,0.0,2.0,0.0,0.0,0.0,-0.0,0.0,0.0,0,SEARCH,0.0,0.0,0.0,-0.0
22351,DYNAMIC,1.2262022495269775,0.2370251715183258,3.6063358783721924,0.0,2.0,0.0,0.0,0.0,-0.0,0.0,0.0,0,SEARCH,0.0,0.0,0.0,-0.0
22404,DYNAMIC,1.2263283729553223,0.2369462549686432,3.6063339710235596,0.0,2.0,0.0,0.0,0.0,-0.0,0.0,0.0,0,SEARCH,0.0,0.0,0.0,-0.0
22452,DYNAMIC,1.2262506484985352,0.23700925707817078,3.6063125133514404,0.0,2.0,0.0,0.0,0.0,-0.0,0.0,0.0,0,SEARCH,0.0,0.0,0.0,-0.0
22505,DYNAMIC,1.2261600494384766,0.23709824681282043,3.6063027381896973,0.0,2.0,0.0,0.0,0.0,-0.0,0.0,0.0,0,SEARCH,0.0,0.0,0.0,-0.0
22551,DYNAMIC,1.2260963916778564,0.23722007870674133,3.6062982082366943,0.0,2.0,0.0,0.0,0.0,-0.0,0.0,0.0,0,SEARCH,0.0,0.0,0.0,-0.0
22602,DYNAMIC,1.2260808944702148,0.23729965090751648,3.6063010692596436,0.0,2.0,0.0,0.0,0.0,-0.0,0.0,0.0,0,SEARCH,0.0,0.0,0.0,-0.0
22651,DYNAMIC,1.2259407043457031,0.2373487651348114,3.606308937072754,0.0,2.0,0.0,0.0,0.0,-0.0,0.0,0.0,0,SEARCH,0.0,0.0,0.0,-0.0
22703,DYNAMIC,1.2258317470550537,0.2373434603214264,3.6063075065612793,0.0,2.0,0.0,0.0,0.0,-0.0,0.0,0.0,0,SEARCH,0.0,0.0,0.0,-0.0
22751,DYNAMIC,1.2257447242736816,0.2373184859752655,3.60632061958313,0.0,2.0,0.0,0.0,0.0,-0.0,0.0,0.0,0,SEARCH,0.0,0.0,0.0,-0.0
22803,DYNAMIC,1.225757360458374,0.23729833960533142,3.6063334941864014,0.0,2.0,0.0,0.0,0.0,-0.0,0.0,0.0,0,SEARCH,0.0,0.0,0.0,-0.0
22851,DYNAMIC,1.2266955375671387,0.2370857298374176,3.6063411235809326,0.0,2.0,0.0,0.0,0.0,-0.0,0.0,0.0,0,SEARCH,0.0,0.0,0.0,-0.0
22902,DYNAMIC,1.2275655269622803,0.236892431974411,3.60636305809021,0.0,2.0,0.0,0.0,0.0,-0.0,0.0,0.0,0,SEARCH,0.0,0.0,0.0,-0.0
22951,DYNAMIC,1.2288472652435303,0.23661360144615173,3.606365442276001,0.0,2.0,0.0,0.0,0.0,-0.0,0.0,0.0,0,SEARCH,0.0,0.0,0.0,-0.0
23000,DYNAMIC,1.2296621799468994,0.2364228069782257,3.606363534927368,0.0,2.0,0.0,0.0,0.0,-0.0,0.0,0.0,0,SEARCH,0.0,0.0,0.0,-0.0
23055,DYNAMIC,1.2300312519073486,0.23625114560127258,3.6063709259033203,0.0,2.0,0.0,0.0,0.0,-0.0,0.0,0.0,0,SEARCH,0.0,0.0,0.0,-0.0
23108,DYNAMIC,1.2295870780944824,0.23617640137672424,3.6063826084136963,0.0,2.0,0.0,0.0,0.0,-0.0,0.0,0.0,0,SEARCH,0.0,0.0,0.0,-0.0
23151,DYNAMIC,1.229184627532959,0.2360704243183136,3.606384038925171,0.0,2.0,0.0,0.0,0.0,-0.0,0.0,0.0,0,SEARCH,0.0,0.0,0.0,-0.0
23201,DYNAMIC,1.2289793491363525,0.23599067330360413,3.6063804626464844,0.0,2.0,0.0,0.0,0.0,-0.0,0.0,0.0,0,SEARCH,0.0,0.0,0.0,-0.0
23251,DYNAMIC,1.2286396026611328,0.2359524667263031,3.606398105621338,0.0,2.0,0.0,0.0,0.0,-0.0,0.0,0.0,0,SEARCH,0.0,0.0,0.0,-0.0
23302,DYNAMIC,1.2284204959869385,0.23594513535499573,3.606410264968872,0.0,2.0,0.0,0.0,0.0,-0.0,0.0,0.0,0,SEARCH,0.0,0.0,0.0,-0.0
23350,DYNAMIC,1.2281920909881592,0.2359236776828766,3.606410264968872,0.0,2.0,0.0,0.0,0.0,-0.0,0.0,0.0,0,SEARCH,0.0,0.0,0.0,-0.0
23404,DYNAMIC,1.2281007766723633,0.23590603470802307,3.606419324874878,0.0,2.0,0.0,0.0,0.0,-0.0,0.0,0.0,0,SEARCH,0.0,0.0,0.0,-0.0
23451,DYNAMIC,1.2282345294952393,0.2358483374118805,3.6064248085021973,0.0,2.0,0.0,0.0,0.0,-0.0,0.0,0.0,0,SEARCH,0.0,0.0,0.0,-0.0
23502,DYNAMIC,1.2283835411071777,0.23580053448677063,3.606412410736084,0.0,2.0,0.0,0.0,0.0,-0.0,0.0,0.0,0,SEARCH,0.0,0.0,0.0,-0.0
23551,DYNAMIC,1.22867751121521,0.23573163151741028,3.6064300537109375,0.0,2.0,0.0,0.0,0.0,-0.0,0.0,0.0,0,SEARCH,0.0,0.0,0.0,-0.0
23604,DYNAMIC,1.2288758754730225,0.23568108677864075,3.606443166732788,0.0,2.0,0.0,0.0,0.0,-0.0,0.0,0.0,0,SEARCH,0.0,0.0,0.0,-0.0
23653,DYNAMIC,1.2288658618927002,0.23576703667640686,3.6064469814300537,0.0,2.0,0.0,0.0,0.0,-0.0,0.0,0.0,0,SEARCH,0.0,0.0,0.0,-0.0
23702,DYNAMIC,1.228630542755127,0.23606207966804504,3.6064486503601074,0.0,2.0,0.0,0.0,0.0,-0.0,0.0,0.0,0,SEARCH,0.0,0.0,0.0,-0.0
23750,DYNAMIC,1.22849440574646,0.2362959086894989,3.6064465045928955,0.0,2.0,0.0,0.0,0.0,-0.0,0.0,0.0,0,SEARCH,0.0,0.0,0.0,-0.0
23804,DYNAMIC,1.2284479141235352,0.23642680048942566,3.606454610824585,0.0,2.0,0.0,0.0,0.0,-0.0,0.0,0.0,0,SEARCH,0.0,0.0,0.0,-0.0
23851,DYNAMIC,1.2279775142669678,0.23667147755622864,3.6064605712890625,0.0,2.0,0.0,0.0,0.0,-0.0,0.0,0.0,0,SEARCH,0.0,0.0,0.0,-0.0
23901,DYNAMIC,1.2275612354278564,0.2368393838405609,3.6064465045928955,0.0,2.0,0.0,0.0,0.0,-0.0,0.0,0.0,0,SEARCH,0.0,0.0,0.0,-0.0
23951,DYNAMIC,1.2270538806915283,0.2370627224445343,3.606449842453003,0.0,2.0,0.0,0.0,0.0,-0.0,0.0,0.0,0,SEARCH,0.0,0.0,0.0,-0.0
24001,DYNAMIC,1.226806879043579,0.23719385266304016,3.606458902359009,0.0,2.0,0.0,0.0,0.0,-0.0,0.0,0.0,0,SEARCH,0.0,0.0,0.0,-0.0
24050,DYNAMIC,1.2267487049102783,0.23723450303077698,3.606445789337158,0.0,2.0,0.0,0.0,0.0,-0.0,0.0,0.0,0,SEARCH,0.0,0.0,0.0,-0.0
24103,DYNAMIC,1.2268133163452148,0.2372153103351593,3.606452465057373,0.0,2.0,0.0,0.0,0.0,-0.0,0.0,0.0,0,SEARCH,0.0,0.0,0.0,-0.0
24151,DYNAMIC,1.2269902229309082,0.23720064759254456,3.606454849243164,0.0,2.0,0.0,0.0,0.0,-0.0,0.0,0.0,0,SEARCH,0.0,0.0,0.0,-0.0
24200,DYNAMIC,1.227135181427002,0.2371891438961029,3.6064507961273193,0.0,2.0,0.0,0.0,0.0,-0.0,0.0,0.0,0,SEARCH,0.0,0.0,0.0,-0.0
24259,DYNAMIC,1.2268929481506348,0.23742493987083435,3.6064698696136475,0.0,2.0,0.0,0.0,0.0,-0.0,0.0,0.0,0,SEARCH,0.0,0.0,0.0,-0.0
24304,DYNAMIC,1.2266359329223633,0.2376401126384735,3.6064674854278564,0.0,2.0,0.0,0.0,0.0,-0.0,0.0,0.0,0,SEARCH,0.0,0.0,0.0,-0.0
24352,DYNAMIC,1.22633695602417,0.23791435360908508,3.6064810752868652,0.0,2.0,0.0,0.0,0.0,-0.0,0.0,0.0,0,SEARCH,0.0,0.0,0.0,-0.0
24402,DYNAMIC,1.2261865139007568,0.23808172345161438,3.606487274169922,0.0,2.0,0.0,0.0,0.0,-0.0,0.0,0.0,0,SEARCH,0.0,0.0,0.0,-0.0
24451,DYNAMIC,1.2264423370361328,0.23784300684928894,3.606499671936035,0.0,2.0,0.0,0.0,0.0,-0.0,0.0,0.0,0,SEARCH,0.0,0.0,0.0,-0.0
24501,DYNAMIC,1.2267487049102783,0.23754408955574036,3.606494903564453,0.0,2.0,0.0,0.0,0.0,-0.0,0.0,0.0,0,SEARCH,0.0,0.0,0.0,-0.0
24551,DYNAMIC,1.2272281646728516,0.2371269166469574,3.606511354446411,0.0,2.0,0.0,0.0,0.0,-0.0,0.0,0.0,0,SEARCH,0.0,0.0,0.0,-0.0
24601,DYNAMIC,1.2275683879852295,0.23688295483589172,3.6065142154693604,0.0,2.0,0.0,0.0,0.0,-0.0,0.0,0.0,0,SEARCH,0.0,0.0,0.0,-0.0
24651,DYNAMIC,1.2279388904571533,0.23675420880317688,3.606525421142578,0.0,2.0,0.0,0.0,0.0,-0.0,0.0,0.0,0,SEARCH,0.0,0.0,0.0,-0.0
24702,DYNAMIC,1.2281630039215088,0.2367381751537323,3.606524705886841,0.0,2.0,0.0,0.0,0.0,-0.0,0.0,0.0,0,SEARCH,0.0,0.0,0.0,-0.0
24750,DYNAMIC,1.2285668849945068,0.23670318722724915,3.606534719467163,0.0,2.0,0.0,0.0,0.0,-0.0,0.0,0.0,0,SEARCH,0.0,0.0,0.0,-0.0
24802,DYNAMIC,1.2288506031036377,0.23667630553245544,3.6065170764923096,0.0,2.0,0.0,0.0,0.0,-0.0,0.0,0.0,0,SEARCH,0.0,0.0,0.0,-0.0
24850,DYNAMIC,1.2291934490203857,0.2368282973766327,3.606522798538208,0.0,2.0,0.0,0.0,0.0,-0.0,0.0,0.0,0,SEARCH,0.0,0.0,0.0,-0.0
24905,DYNAMIC,1.229423999786377,0.23697558045387268,3.6065335273742676,0.0,2.0,0.0,0.0,0.0,-0.0,0.0,0.0,0,SEARCH,0.0,0.0,0.0,-0.0
24950,DYNAMIC,1.2297914028167725,0.23716989159584045,3.6065595149993896,0.0,2.0,0.0,0.0,0.0,-0.0,0.0,0.0,0,SEARCH,0.0,0.0,0.0,-0.0
25005,DYNAMIC,1.2300474643707275,0.23727598786354065,3.6065683364868164,0.0,2.0,0.0,0.0,0.0,-0.0,0.0,0.0,0,SEARCH,0.0,0.0,0.0,-0.0
25051,DYNAMIC,1.230055570602417,0.23742100596427917,3.606579542160034,0.0,2.0,0.0,0.0,0.0,-0.0,0.0,0.0,0,SEARCH,0.0,0.0,0.0,-0.0
25102,DYNAMIC,1.2298047542572021,0.2375105321407318,3.606581211090088,0.0,2.0,0.0,0.0,0.0,-0.0,0.0,0.0,0,SEARCH,0.0,0.0,0.0,-0.0
25151,DYNAMIC,1.229525089263916,0.2376270592212677,3.6066009998321533,0.0,2.0,0.0,0.0,0.0,-0.0,0.0,0.0,0,SEARCH,0.0,0.0,0.0,-0.0
25203,DYNAMIC,1.2294204235076904,0.23769637942314148,3.6066083908081055,0.0,2.0,0.0,0.0,0.0,-0.0,0.0,0.0,0,SEARCH,0.0,0.0,0.0,-0.0
25250,DYNAMIC,1.22880220413208,0.2377147376537323,3.606614112854004,0.0,2.0,0.0,0.0,0.0,-0.0,0.0,0.0,0,SEARCH,0.0,0.0,0.0,-0.0
25303,DYNAMIC,1.2283909320831299,0.23771986365318298,3.6066343784332275,0.0,2.0,0.0,0.0,0.0,-0.0,0.0,0.0,0,SEARCH,0.0,0.0,0.0,-0.0
25350,DYNAMIC,1.227914810180664,0.23772642016410828,3.6066389083862305,0.0,2.0,0.0,0.0,0.0,-0.0,0.0,0.0,0,SEARCH,0.0,0.0,0.0,-0.0
25400,DYNAMIC,1.227658748626709,0.2377270758152008,3.6066360473632812,0.0,2.0,0.0,0.0,0.0,-0.0,0.0,0.0,0,SEARCH,0.0,0.0,0.0,-0.0
25453,DYNAMIC,1.2273197174072266,0.23789629340171814,3.606642723083496,0.0,2.0,0.0,0.0,0.0,-0.0,0.0,0.0,0,SEARCH,0.0,0.0,0.0,-0.0
25507,DYNAMIC,1.2271449565887451,0.23805823922157288,3.6066527366638184,0.0,2.0,0.0,0.0,0.0,-0.0,0.0,0.0,0,SEARCH,0.0,0.0,0.0,-0.0
25550,DYNAMIC,1.2269654273986816,0.23826900124549866,3.6066508293151855,0.0,2.0,0.0,0.0,0.0,-0.0,0.0,0.0,0,SEARCH,0.0,0.0,0.0,-0.0
25601,DYNAMIC,1.2268989086151123,0.23839017748832703,3.606647491455078,0.0,2.0,0.0,0.0,0.0,-0.0,0.0,0.0,0,SEARCH,0.0,0.0,0.0,-0.0
25650,DYNAMIC,1.2265827655792236,0.23853066563606262,3.606658697128296,0.0,2.0,0.0,0.0,0.0,-0.0,0.0,0.0,0,SEARCH,0.0,0.0,0.0,-0.0
25703,DYNAMIC,1.2263133525848389,0.2386045753955841,3.6066653728485107,0.0,2.0,0.0,0.0,0.0,-0.0,0.0,0.0,0,SEARCH,0.0,0.0,0.0,-0.0
25751,DYNAMIC,1.2260246276855469,0.2387121617794037,3.606667995452881,0.0,2.0,0.0,0.0,0.0,-0.0,0.0,0.0,0,SEARCH,0.0,0.0,0.0,-0.0
25801,DYNAMIC,1.2259044647216797,0.238785058259964,3.606680154800415,0.0,2.0,0.0,0.0,0.0,-0.0,0.0,0.0,0,SEARCH,0.0,0.0,0.0,-0.0
25851,DYNAMIC,1.225691795349121,0.23873552680015564,3.606675386428833,0.0,2.0,0.0,0.0,0.0,-0.0,0.0,0.0,0,SEARCH,0.0,0.0,0.0,-0.0
25903,DYNAMIC,1.225571870803833,0.23866286873817444,3.6066718101501465,0.0,2.0,0.0,0.0,0.0,-0.0,0.0,0.0,0,SEARCH,0.0,0.0,0.0,-0.0
25951,DYNAMIC,1.2254860401153564,0.23855945467948914,3.6066887378692627,0.0,2.0,0.0,0.0,0.0,-0.0,0.0,0.0,0,SEARCH,0.0,0.0,0.0,-0.0
26004,DYNAMIC,1.2254455089569092,0.23849639296531677,3.606696844100952,0.0,2.0,0.0,0.0,0.0,-0.0,0.0,0.0,0,SEARCH,0.0,0.0,0.0,-0.0
26050,DYNAMIC,1.2252895832061768,0.23858538269996643,3.6067090034484863,0.0,2.0,0.0,0.0,0.0,-0.0,0.0,0.0,0,SEARCH,0.0,0.0,0.0,-0.0
26104,DYNAMIC,1.2251510620117188,0.23875263333320618,3.6067070960998535,0.0,2.0,0.0,0.0,0.0,-0.0,0.0,0.0,0,SEARCH,0.0,0.0,0.0,-0.0
26151,DYNAMIC,1.2249996662139893,0.23898020386695862,3.606706142425537,0.0,2.0,0.0,0.0,0.0,-0.0,0.0,0.0,0,SEARCH,0.0,0.0,0.0,-0.0
26202,DYNAMIC,1.2249298095703125,0.23912343382835388,3.6067142486572266,0.0,2.0,0.0,0.0,0.0,-0.0,0.0,0.0,0,SEARCH,0.0,0.0,0.0,-0.0
26250,DYNAMIC,1.225426435470581,0.2389434278011322,3.606729745864868,0.0,2.0,0.0,0.0,0.0,-0.0,0.0,0.0,0,SEARCH,0.0,0.0,0.0,-0.0
26302,DYNAMIC,1.2258963584899902,0.23872444033622742,3.6067311763763428,0.0,2.0,0.0,0.0,0.0,-0.0,0.0,0.0,0,SEARCH,0.0,0.0,0.0,-0.0
26351,DYNAMIC,1.2265808582305908,0.23842647671699524,3.606733560562134,0.0,2.0,0.0,0.0,0.0,-0.0,0.0,0.0,0,SEARCH,0.0,0.0,0.0,-0.0
26401,DYNAMIC,1.227048397064209,0.23824504017829895,3.6067380905151367,0.0,2.0,0.0,0.0,0.0,-0.0,0.0,0.0,0,SEARCH,0.0,0.0,0.0,-0.0
26450,DYNAMIC,1.227114200592041,0.23805609345436096,3.6067445278167725,0.0,2.0,0.0,0.0,0.0,-0.0,0.0,0.0,0,SEARCH,0.0,0.0,0.0,-0.0
26504,DYNAMIC,1.2269871234893799,0.23796144127845764,3.6067638397216797,0.0,2.0,0.0,0.0,0.0,-0.0,0.0,0.0,0,SEARCH,0.0,0.0,0.0,-0.0
26551,DYNAMIC,1.22690749168396,0.2378334105014801,3.6067731380462646,0.0,2.0,0.0,0.0,0.0,-0.0,0.0,0.0,0,SEARCH,0.0,0.0,0.0,-0.0
26602,DYNAMIC,1.2268955707550049,0.23775216937065125,3.606768846511841,0.0,2.0,0.0,0.0,0.0,-0.0,0.0,0.0,0,SEARCH,0.0,0.0,0.0,-0.0
26650,DYNAMIC,1.2268030643463135,0.23765811324119568,3.60679292678833,0.0,2.0,0.0,0.0,0.0,-0.0,0.0,0.0,0,SEARCH,0.0,0.0,0.0,-0.0
26705,DYNAMIC,1.2267451286315918,0.23760190606117249,3.606815814971924,0.0,2.0,0.0,0.0,0.0,-0.0,0.0,0.0,0,SEARCH,0.0,0.0,0.0,-0.0
26752,DYNAMIC,1.2267122268676758,0.23751690983772278,3.6068274974823,0.0,2.0,0.0,0.0,0.0,-0.0,0.0,0.0,0,SEARCH,0.0,0.0,0.0,-0.0
26802,DYNAMIC,1.2267208099365234,0.23746243119239807,3.6068413257598877,0.0,2.0,0.0,0.0,0.0,-0.0,0.0,0.0,0,SEARCH,0.0,0.0,0.0,-0.0
26850,DYNAMIC,1.2262482643127441,0.23765906691551208,3.6068429946899414,0.0,2.0,0.0,0.0,0.0,-0.0,0.0,0.0,0,SEARCH,0.0,0.0,0.0,-0.0
26903,DYNAMIC,1.225822925567627,0.23787423968315125,3.6068410873413086,0.0,2.0,0.0,0.0,0.0,-0.0,0.0,0.0,0,SEARCH,0.0,0.0,0.0,-0.0
26951,DYNAMIC,1.2252728939056396,0.2381821572780609,3.6068644523620605,0.0,2.0,0.0,0.0,0.0,-0.0,0.0,0.0,0,SEARCH,0.0,0.0,0.0,-0.0
27002,DYNAMIC,1.2249846458435059,0.23837271332740784,3.606865167617798,0.0,2.0,0.0,0.0,0.0,-0.0,0.0,0.0,0,SEARCH,0.0,0.0,0.0,-0.0
27051,DYNAMIC,1.2246582508087158,0.23855599761009216,3.606870412826538,0.0,2.0,0.0,0.0,0.0,-0.0,0.0,0.0,0,SEARCH,0.0,0.0,0.0,-0.0
27101,DYNAMIC,1.2244746685028076,0.23864582180976868,3.606891393661499,0.0,2.0,0.0,0.0,0.0,-0.0,0.0,0.0,0,SEARCH,0.0,0.0,0.0,-0.0
27150,DYNAMIC,1.2243192195892334,0.2387811243534088,3.606888771057129,0.0,2.0,0.0,0.0,0.0,-0.0,0.0,0.0,0,SEARCH,0.0,0.0,0.0,-0.0
27203,DYNAMIC,1.2242646217346191,0.23887082934379578,3.60689115524292,0.0,2.0,0.0,0.0,0.0,-0.0,0.0,0.0,0,SEARCH,0.0,0.0,0.0,-0.0
27250,DYNAMIC,1.2244069576263428,0.23887285590171814,3.606886148452759,0.0,2.0,0.0,0.0,0.0,-0.0,0.0,0.0,0,SEARCH,0.0,0.0,0.0,-0.0
27309,DYNAMIC,1.2246012687683105,0.23883721232414246,3.6068756580352783,0.0,2.0,0.0,0.0,0.0,-0.0,0.0,0.0,0,SEARCH,0.0,0.0,0.0,-0.0
27351,DYNAMIC,1.224926233291626,0.23879805207252502,3.606896162033081,0.0,2.0,0.0,0.0,0.0,-0.0,0.0,0.0,0,SEARCH,0.0,0.0,0.0,-0.0
27402,DYNAMIC,1.2251393795013428,0.2387785017490387,3.6069090366363525,0.0,2.0,0.0,0.0,0.0,-0.0,0.0,0.0,0,SEARCH,0.0,0.0,0.0,-0.0
27450,DYNAMIC,1.2256064414978027,0.23864808678627014,3.606900215148926,0.0,2.0,0.0,0.0,0.0,-0.0,0.0,0.0,0,SEARCH,0.0,0.0,0.0,-0.0
27501,DYNAMIC,1.225959300994873,0.23854604363441467,3.6069107055664062,0.0,2.0,0.0,0.0,0.0,-0.0,0.0,0.0,0,SEARCH,0.0,0.0,0.0,-0.0
27551,DYNAMIC,1.2264885902404785,0.23839232325553894,3.6069273948669434,0.0,2.0,0.0,0.0,0.0,-0.0,0.0,0.0,0,SEARCH,0.0,0.0,0.0,-0.0
27602,DYNAMIC,1.2268636226654053,0.23828980326652527,3.606926202774048,0.0,2.0,0.0,0.0,0.0,-0.0,0.0,0.0,0,SEARCH,0.0,0.0,0.0,-0.0
27651,DYNAMIC,1.2265105247497559,0.2381705939769745,3.606926918029785,0.0,2.0,0.0,0.0,0.0,-0.0,0.0,0.0,0,SEARCH,0.0,0.0,0.0,-0.0
27704,DYNAMIC,1.2260310649871826,0.2381085455417633,3.606921434402466,0.0,2.0,0.0,0.0,0.0,-0.0,0.0,0.0,0,SEARCH,0.0,0.0,0.0,-0.0
27750,DYNAMIC,1.2254834175109863,0.2380276620388031,3.606921672821045,0.0,2.0,0.0,0.0,0.0,-0.0,0.0,0.0,0,SEARCH,0.0,0.0,0.0,-0.0
27802,DYNAMIC,1.2251794338226318,0.23798081278800964,3.606919050216675,0.0,2.0,0.0,0.0,0.0,-0.0,0.0,0.0,0,SEARCH,0.0,0.0,0.0,-0.0
27850,DYNAMIC,1.2248010635375977,0.23797282576560974,3.6069345474243164,0.0,2.0,0.0,0.0,0.0,-0.0,0.0,0.0,0,SEARCH,0.0,0.0,0.0,-0.0
27901,DYNAMIC,1.2246122360229492,0.23799088597297668,3.606947898864746,0.0,2.0,0.0,0.0,0.0,-0.0,0.0,0.0,0,SEARCH,0.0,0.0,0.0,-0.0
27951,DYNAMIC,1.224412441253662,0.23802396655082703,3.6069600582122803,0.0,2.0,0.0,0.0,0.0,-0.0,0.0,0.0,0,SEARCH,0.0,0.0,0.0,-0.0
28011,DYNAMIC,1.224308729171753,0.23805567622184753,3.6069672107696533,0.0,2.0,0.0,0.0,0.0,-0.0,0.0,0.0,0,SEARCH,0.0,0.0,0.0,-0.0
28050,DYNAMIC,1.2243132591247559,0.23813042044639587,3.6069719791412354,0.0,2.0,0.0,0.0,0.0,-0.0,0.0,0.0,0,SEARCH,0.0,0.0,0.0,-0.0
28104,DYNAMIC,1.2243900299072266,0.23819276690483093,3.606969118118286,0.0,2.0,0.0,0.0,0.0,-0.0,0.0,0.0,0,SEARCH,0.0,0.0,0.0,-0.0
28151,DYNAMIC,1.2245550155639648,0.23826530575752258,3.606966018676758,0.0,2.0,0.0,0.0,0.0,-0.0,0.0,0.0,0,SEARCH,0.0,0.0,0.0,-0.0
28203,DYNAMIC,1.2247145175933838,0.2383197844028473,3.6069653034210205,0.0,2.0,0.0,0.0,0.0,-0.0,0.0,0.0,0,SEARCH,0.0,0.0,0.0,-0.0
28250,DYNAMIC,1.2249433994293213,0.23852238059043884,3.6069512367248535,0.0,2.0,0.0,0.0,0.0,-0.0,0.0,0.0,0,SEARCH,0.0,0.0,0.0,-0.0
28301,DYNAMIC,1.2250840663909912,0.2386944591999054,3.606959581375122,0.0,2.0,0.0,0.0,0.0,-0.0,0.0,0.0,0,SEARCH,0.0,0.0,0.0,-0.0
28350,DYNAMIC,1.2253713607788086,0.23893395066261292,3.606933355331421,0.0,2.0,0.0,0.0,0.0,-0.0,0.0,0.0,0,SEARCH,0.0,0.0,0.0,-0.0
28402,DYNAMIC,1.2256031036376953,0.23908457159996033,3.606933832168579,0.0,2.0,0.0,0.0,0.0,-0.0,0.0,0.0,0,SEARCH,0.0,0.0,0.0,-0.0
28451,DYNAMIC,1.2258071899414062,0.2390582263469696,3.606937885284424,0.0,2.0,0.0,0.0,0.0,-0.0,0.0,0.0,0,SEARCH,0.0,0.0,0.0,-0.0
28503,DYNAMIC,1.2259390354156494,0.23897263407707214,3.60695219039917,0.0,2.0,0.0,0.0,0.0,-0.0,0.0,0.0,0,SEARCH,0.0,0.0,0.0,-0.0
28551,DYNAMIC,1.2261962890625,0.2388727366924286,3.606945037841797,0.0,2.0,0.0,0.0,0.0,-0.0,0.0,0.0,0,SEARCH,0.0,0.0,0.0,-0.0
28608,DYNAMIC,1.2263720035552979,0.23881575465202332,3.6069490909576416,0.0,2.0,0.0,0.0,0.0,-0.0,0.0,0.0,0,SEARCH,0.0,0.0,0.0,-0.0
28650,DYNAMIC,1.2263374328613281,0.23882928490638733,3.606956958770752,0.0,2.0,0.0,0.0,0.0,-0.0,0.0,0.0,0,SEARCH,0.0,0.0,0.0,-0.0
28701,DYNAMIC,1.2262568473815918,0.23886212706565857,3.606938362121582,0.0,2.0,0.0,0.0,0.0,-0.0,0.0,0.0,0,SEARCH,0.0,0.0,0.0,-0.0
28750,DYNAMIC,1.226212978363037,0.23890843987464905,3.606921672821045,0.0,2.0,0.0,0.0,0.0,-0.0,0.0,0.0,0,SEARCH,0.0,0.0,0.0,-0.0
28801,DYNAMIC,1.2262485027313232,0.23894229531288147,3.6069283485412598,0.0,2.0,0.0,0.0,0.0,-0.0,0.0,0.0,0,SEARCH,0.0,0.0,0.0,-0.0
28851,DYNAMIC,1.226600170135498,0.23885908722877502,3.6069223880767822,0.0,2.0,0.0,0.0,0.0,-0.0,0.0,0.0,0,SEARCH,0.0,0.0,0.0,-0.0
28906,DYNAMIC,1.2268691062927246,0.2387973964214325,3.606926202774048,0.0,2.0,0.0,0.0,0.0,-0.0,0.0,0.0,0,SEARCH,0.0,0.0,0.0,-0.0
28951,DYNAMIC,1.2273550033569336,0.23870250582695007,3.6069254875183105,0.0,2.0,0.0,0.0,0.0,-0.0,0.0,0.0,0,SEARCH,0.0,0.0,0.0,-0.0
29002,DYNAMIC,1.2277147769927979,0.2386477291584015,3.606929063796997,0.0,2.0,0.0,0.0,0.0,-0.0,0.0,0.0,0,SEARCH,0.0,0.0,0.0,-0.0
29051,DYNAMIC,1.2278506755828857,0.23852470517158508,3.6069228649139404,0.0,2.0,0.0,0.0,0.0,-0.0,0.0,0.0,0,SEARCH,0.0,0.0,0.0,-0.0
29101,DYNAMIC,1.2277417182922363,0.2384113371372223,3.606919288635254,0.0,2.0,0.0,0.0,0.0,-0.0,0.0,0.0,0,SEARCH,0.0,0.0,0.0,-0.0
29151,DYNAMIC,1.2276966571807861,0.2382592260837555,3.606938362121582,0.0,2.0,0.0,0.0,0.0,-0.0,0.0,0.0,0,SEARCH,0.0,0.0,0.0,-0.0
29202,DYNAMIC,1.2277140617370605,0.23817357420921326,3.6069507598876953,0.0,2.0,0.0,0.0,0.0,-0.0,0.0,0.0,0,SEARCH,0.0,0.0,0.0,-0.0
29255,DYNAMIC,1.227618932723999,0.23806670308113098,3.606947660446167,0.0,2.0,0.0,0.0,0.0,-0.0,0.0,0.0,0,SEARCH,0.0,0.0,0.0,-0.0
29307,DYNAMIC,1.2275452613830566,0.23800858855247498,3.6069674491882324,0.0,2.0,0.0,0.0,0.0,-0.0,0.0,0.0,0,SEARCH,0.0,0.0,0.0,-0.0
29351,DYNAMIC,1.2275192737579346,0.23793253302574158,3.6069648265838623,0.0,2.0,0.0,0.0,0.0,-0.0,0.0,0.0,0,SEARCH,0.0,0.0,0.0,-0.0
29402,DYNAMIC,1.2275631427764893,0.23788723349571228,3.606971502304077,0.0,2.0,0.0,0.0,0.0,-0.0,0.0,0.0,0,SEARCH,0.0,0.0,0.0,-0.0
29450,DYNAMIC,1.2274906635284424,0.23773738741874695,3.6069676876068115,0.0,2.0,0.0,0.0,0.0,-0.0,0.0,0.0,0,SEARCH,0.0,0.0,0.0,-0.0
29502,DYNAMIC,1.2274296283721924,0.23761066794395447,3.6069588661193848,0.0,2.0,0.0,0.0,0.0,-0.0,0.0,0.0,0,SEARCH,0.0,0.0,0.0,-0.0
29550,DYNAMIC,1.2274739742279053,0.237431138753891,3.6069674491882324,0.0,2.0,0.0,0.0,0.0,-0.0,0.0,0.0,0,SEARCH,0.0,0.0,0.0,-0.0
29601,DYNAMIC,1.2275710105895996,0.2373218834400177,3.606991767883301,0.0,2.0,0.0,0.0,0.0,-0.0,0.0,0.0,0,SEARCH,0.0,0.0,0.0,-0.0
29650,DYNAMIC,1.2274494171142578,0.23731812834739685,3.607003927230835,0.0,2.0,0.0,0.0,0.0,-0.0,0.0,0.0,0,SEARCH,0.0,0.0,0.0,-0.0
29705,DYNAMIC,1.2272374629974365,0.23741039633750916,3.6070291996002197,0.0,2.0,0.0,0.0,0.0,-0.0,0.0,0.0,0,SEARCH,0.0,0.0,0.0,-0.0
29750,DYNAMIC,1.2270443439483643,0.23752447962760925,3.6070427894592285,0.0,2.0,0.0,0.0,0.0,-0.0,0.0,0.0,0,SEARCH,0.0,0.0,0.0,-0.0
29803,DYNAMIC,1.2269632816314697,0.23758533596992493,3.607056140899658,0.0,2.0,0.0,0.0,0.0,-0.0,0.0,0.0,0,SEARCH,0.0,0.0,0.0,-0.0
29851,DYNAMIC,1.2262141704559326,0.23758670687675476,3.6070783138275146,0.0,2.0,0.0,0.0,0.0,-0.0,0.0,0.0,0,SEARCH,0.0,0.0,0.0,-0.0
29918,DYNAMIC,1.2257311344146729,0.23756763339042664,3.6070871353149414,0.0,2.0,0.0,0.0,0.0,-0.0,0.0,0.0,0,SEARCH,0.0,0.0,0.0,-0.0
29951,DYNAMIC,1.2247974872589111,0.2375212013721466,3.6070973873138428,0.0,2.0,0.0,0.0,0.0,-0.0,0.0,0.0,0,SEARCH,0.0,0.0,0.0,-0.0
30002,DYNAMIC,1.2243766784667969,0.23749420046806335,3.6071016788482666,0.0,2.0,0.0,0.0,0.0,-0.0,0.0,0.0,0,SEARCH,0.0,0.0,0.0,-0.0
30050,DYNAMIC,1.2243635654449463,0.23739978671073914,3.607102155685425,0.0,2.0,0.0,0.0,0.0,-0.0,0.0,0.0,0,SEARCH,0.0,0.0,0.0,-0.0
30102,DYNAMIC,1.2246947288513184,0.23731377720832825,3.6071224212646484,0.0,2.0,0.0,0.0,0.0,-0.0,0.0,0.0,0,SEARCH,0.0,0.0,0.0,-0.0
30151,DYNAMIC,1.225243091583252,0.23719462752342224,3.607156991958618,0.0,2.0,0.0,0.0,0.0,-0.0,0.0,0.0,0,SEARCH,0.0,0.0,0.0,-0.0
30202,DYNAMIC,1.2256429195404053,0.237117201089859,3.6071622371673584,0.0,2.0,0.0,0.0,0.0,-0.0,0.0,0.0,0,SEARCH,0.0,0.0,0.0,-0.0
30251,DYNAMIC,1.2256495952606201,0.2371777594089508,3.6071743965148926,0.0,2.0,0.0,0.0,0.0,-0.0,0.0,0.0,0,SEARCH,0.0,0.0,0.0,-0.0
30304,DYNAMIC,1.2255260944366455,0.23726823925971985,3.6071832180023193,0.0,2.0,0.0,0.0,0.0,-0.0,0.0,0.0,0,SEARCH,0.0,0.0,0.0,-0.0
30350,DYNAMIC,1.2254302501678467,0.23739293217658997,3.6072137355804443,0.0,2.0,0.0,0.0,0.0,-0.0,0.0,0.0,0,SEARCH,0.0,0.0,0.0,-0.0
30402,DYNAMIC,1.2253954410552979,0.2374618947505951,3.607233762741089,0.0,2.0,0.0,0.0,0.0,-0.0,0.0,0.0,0,SEARCH,0.0,0.0,0.0,-0.0
30450,DYNAMIC,1.22530198097229,0.23758891224861145,3.6072449684143066,0.0,2.0,0.0,0.0,0.0,-0.0,0.0,0.0,0,SEARCH,0.0,0.0,0.0,-0.0
30505,DYNAMIC,1.2252557277679443,0.2376793920993805,3.60725998878479,0.0,2.0,0.0,0.0,0.0,-0.0,0.0,0.0,0,SEARCH,0.0,0.0,0.0,-0.0
30553,DYNAMIC,1.225254774093628,0.2377949059009552,3.6072640419006348,0.0,2.0,0.0,0.0,0.0,-0.0,0.0,0.0,0,SEARCH,0.0,0.0,0.0,-0.0
30602,DYNAMIC,1.2253174781799316,0.23785963654518127,3.6072685718536377,0.0,2.0,0.0,0.0,0.0,-0.0,0.0,0.0,0,SEARCH,0.0,0.0,0.0,-0.0
30651,DYNAMIC,1.2257208824157715,0.2377210557460785,3.6072607040405273,0.0,2.0,0.0,0.0,0.0,-0.0,0.0,0.0,0,SEARCH,0.0,0.0,0.0,-0.0
30703,DYNAMIC,1.2260289192199707,0.2376067340373993,3.607252359390259,0.0,2.0,0.0,0.0,0.0,-0.0,0.0,0.0,0,SEARCH,0.0,0.0,0.0,-0.0
30750,DYNAMIC,1.2265470027923584,0.23743614554405212,3.6072492599487305,0.0,2.0,0.0,0.0,0.0,-0.0,0.0,0.0,0,SEARCH,0.0,0.0,0.0,-0.0
30802,DYNAMIC,1.2269155979156494,0.23733022809028625,3.607266664505005,0.0,2.0,0.0,0.0,0.0,-0.0,0.0,0.0,0,SEARCH,0.0,0.0,0.0,-0.0
30850,DYNAMIC,1.2271308898925781,0.2370799481868744,3.6072804927825928,0.0,2.0,0.0,0.0,0.0,-0.0,0.0,0.0,0,SEARCH,0.0,0.0,0.0,-0.0
30902,DYNAMIC,1.2271103858947754,0.23685631155967712,3.607302665710449,0.0,2.0,0.0,0.0,0.0,-0.0,0.0,0.0,0,SEARCH,0.0,0.0,0.0,-0.0
30950,DYNAMIC,1.2271754741668701,0.23654833436012268,3.607288360595703,0.0,2.0,0.0,0.0,0.0,-0.0,0.0,0.0,0,SEARCH,0.0,0.0,0.0,-0.0
31002,DYNAMIC,1.2272422313690186,0.23635795712471008,3.607287645339966,0.0,2.0,0.0,0.0,0.0,-0.0,0.0,0.0,0,SEARCH,0.0,0.0,0.0,-0.0
31050,DYNAMIC,1.2275004386901855,0.23616859316825867,3.6073036193847656,0.0,2.0,0.0,0.0,0.0,-0.0,0.0,0.0,0,SEARCH,0.0,0.0,0.0,-0.0
31102,DYNAMIC,1.2277560234069824,0.236098974943161,3.6073036193847656,0.0,2.0,0.0,0.0,0.0,-0.0,0.0,0.0,0,SEARCH,0.0,0.0,0.0,-0.0
31157,DYNAMIC,1.2280211448669434,0.2360229790210724,3.607306957244873,0.0,2.0,0.0,0.0,0.0,-0.0,0.0,0.0,0,SEARCH,0.0,0.0,0.0,-0.0
31207,DYNAMIC,1.2284932136535645,0.2359127700328827,3.6072893142700195,0.0,2.0,0.0,0.0,0.0,-0.0,0.0,0.0,0,SEARCH,0.0,0.0,0.0,-0.0
31251,DYNAMIC,1.2287139892578125,0.23584052920341492,3.6072912216186523,0.0,2.0,0.0,0.0,0.0,-0.0,0.0,0.0,0,SEARCH,0.0,0.0,0.0,-0.0
31303,DYNAMIC,1.2287914752960205,0.2358005940914154,3.607306480407715,0.0,2.0,0.0,0.0,0.0,-0.0,0.0,0.0,0,SEARCH,0.0,0.0,0.0,-0.0
31350,DYNAMIC,1.2290258407592773,0.23573896288871765,3.6073086261749268,0.0,2.0,0.0,0.0,0.0,-0.0,0.0,0.0,0,SEARCH,0.0,0.0,0.0,-0.0
31401,DYNAMIC,1.2292239665985107,0.23568621277809143,3.607318639755249,0.0,2.0,0.0,0.0,0.0,-0.0,0.0,0.0,0,SEARCH,0.0,0.0,0.0,-0.0
31450,DYNAMIC,1.229013204574585,0.23564985394477844,3.607314348220825,0.0,2.0,0.0,0.0,0.0,-0.0,0.0,0.0,0,SEARCH,0.0,0.0,0.0,-0.0
31502,DYNAMIC,1.2287797927856445,0.23563680052757263,3.607306480407715,0.0,2.0,0.0,0.0,0.0,-0.0,0.0,0.0,0,SEARCH,0.0,0.0,0.0,-0.0
31550,DYNAMIC,1.228559970855713,0.2355974018573761,3.607337236404419,0.0,2.0,0.0,0.0,0.0,-0.0,0.0,0.0,0,SEARCH,0.0,0.0,0.0,-0.0
31601,DYNAMIC,1.2284660339355469,0.23555877804756165,3.6073551177978516,0.0,2.0,0.0,0.0,0.0,-0.0,0.0,0.0,0,SEARCH,0.0,0.0,0.0,-0.0
31650,DYNAMIC,1.2280197143554688,0.23563173413276672,3.607370615005493,0.0,2.0,0.0,0.0,0.0,-0.0,0.0,0.0,0,SEARCH,0.0,0.0,0.0,-0.0
31701,DYNAMIC,1.2276883125305176,0.23570850491523743,3.607387065887451,0.0,2.0,0.0,0.0,0.0,-0.0,0.0,0.0,0,SEARCH,0.0,0.0,0.0,-0.0
31754,DYNAMIC,1.227414608001709,0.23576584458351135,3.607393503189087,0.0,2.0,0.0,0.0,0.0,-0.0,0.0,0.0,0,SEARCH,0.0,0.0,0.0,-0.0
31807,DYNAMIC,1.227151870727539,0.23583361506462097,3.6073901653289795,0.0,2.0,0.0,0.0,0.0,-0.0,0.0,0.0,0,SEARCH,0.0,0.0,0.0,-0.0
31850,DYNAMIC,1.2269420623779297,0.23582664132118225,3.6073966026306152,0.0,2.0,0.0,0.0,0.0,-0.0,0.0,0.0,0,SEARCH,0.0,0.0,0.0,-0.0
31902,DYNAMIC,1.2268335819244385,0.23579701781272888,3.6074092388153076,0.0,2.0,0.0,0.0,0.0,-0.0,0.0,0.0,0,SEARCH,0.0,0.0,0.0,-0.0
31950,DYNAMIC,1.2268009185791016,0.2357417643070221,3.6074135303497314,0.0,2.0,0.0,0.0,0.0,-0.0,0.0,0.0,0,SEARCH,0.0,0.0,0.0,-0.0
32003,DYNAMIC,1.226855993270874,0.23568663001060486,3.6074230670928955,0.0,2.0,0.0,0.0,0.0,-0.0,0.0,0.0,0,SEARCH,0.0,0.0,0.0,-0.0
32050,DYNAMIC,1.2269892692565918,0.2356565296649933,3.6074163913726807,0.0,2.0,0.0,0.0,0.0,-0.0,0.0,0.0,0,SEARCH,0.0,0.0,0.0,-0.0
32105,DYNAMIC,1.2271289825439453,0.2356661856174469,3.607435941696167,0.0,2.0,0.0,0.0,0.0,-0.0,0.0,0.0,0,SEARCH,0.0,0.0,0.0,-0.0
32150,DYNAMIC,1.2274060249328613,0.23565658926963806,3.6074581146240234,0.0,2.0,0.0,0.0,0.0,-0.0,0.0,0.0,0,SEARCH,0.0,0.0,0.0,-0.0
32202,DYNAMIC,1.2276036739349365,0.23563846945762634,3.6074655055999756,0.0,2.0,0.0,0.0,0.0,-0.0,0.0,0.0,0,SEARCH,0.0,0.0,0.0,-0.0
32250,DYNAMIC,1.2275950908660889,0.23557105660438538,3.6074843406677246,0.0,2.0,0.0,0.0,0.0,-0.0,0.0,0.0,0,SEARCH,0.0,0.0,0.0,-0.0
32302,DYNAMIC,1.2275283336639404,0.2355111539363861,3.6075026988983154,0.0,2.0,0.0,0.0,0.0,-0.0,0.0,0.0,0,SEARCH,0.0,0.0,0.0,-0.0
32351,DYNAMIC,1.2275376319885254,0.23541370034217834,3.6075096130371094,0.0,2.0,0.0,0.0,0.0,-0.0,0.0,0.0,0,SEARCH,0.0,0.0,0.0,-0.0
32401,DYNAMIC,1.2276029586791992,0.23535338044166565,3.607527732849121,0.0,2.0,0.0,0.0,0.0,-0.0,0.0,0.0,0,SEARCH,0.0,0.0,0.0,-0.0
32451,DYNAMIC,1.2274892330169678,0.2353825867176056,3.607530355453491,0.0,2.0,0.0,0.0,0.0,-0.0,0.0,0.0,0,SEARCH,0.0,0.0,0.0,-0.0
32503,DYNAMIC,1.2273821830749512,0.23541519045829773,3.607541561126709,0.0,2.0,0.0,0.0,0.0,-0.0,0.0,0.0,0,SEARCH,0.0,0.0,0.0,-0.0
32551,DYNAMIC,1.2273869514465332,0.2354227602481842,3.607538938522339,0.0,2.0,0.0,0.0,0.0,-0.0,0.0,0.0,0,SEARCH,0.0,0.0,0.0,-0.0
32607,DYNAMIC,1.2274467945098877,0.23539987206459045,3.60754656791687,0.0,2.0,0.0,0.0,0.0,-0.0,0.0,0.0,0,SEARCH,0.0,0.0,0.0,-0.0
32651,DYNAMIC,1.2273435592651367,0.2353757917881012,3.6075310707092285,0.0,2.0,0.0,0.0,0.0,-0.0,0.0,0.0,0,SEARCH,0.0,0.0,0.0,-0.0
32706,DYNAMIC,1.2272694110870361,0.23535552620887756,3.607538938522339,0.0,2.0,0.0,0.0,0.0,-0.0,0.0,0.0,0,SEARCH,0.0,0.0,0.0,-0.0
32751,DYNAMIC,1.2272593975067139,0.23530003428459167,3.6075305938720703,0.0,2.0,0.0,0.0,0.0,-0.0,0.0,0.0,0,SEARCH,0.0,0.0,0.0,-0.0
32803,DYNAMIC,1.2272932529449463,0.2352524697780609,3.607551336288452,0.0,2.0,0.0,0.0,0.0,-0.0,0.0,0.0,0,SEARCH,0.0,0.0,0.0,-0.0
32851,DYNAMIC,1.2271556854248047,0.23523905873298645,3.607569932937622,0.0,2.0,0.0,0.0,0.0,-0.0,0.0,0.0,0,SEARCH,0.0,0.0,0.0,-0.0
32902,DYNAMIC,1.2270307540893555,0.2352316677570343,3.6075689792633057,0.0,2.0,0.0,0.0,0.0,-0.0,0.0,0.0,0,SEARCH,0.0,0.0,0.0,-0.0
32950,DYNAMIC,1.2269306182861328,0.23520377278327942,3.607577085494995,0.0,2.0,0.0,0.0,0.0,-0.0,0.0,0.0,0,SEARCH,0.0,0.0,0.0,-0.0
33003,DYNAMIC,1.2269210815429688,0.23517128825187683,3.607583522796631,0.0,2.0,0.0,0.0,0.0,-0.0,0.0,0.0,0,SEARCH,0.0,0.0,0.0,-0.0
33051,DYNAMIC,1.2268471717834473,0.2350994050502777,3.607590913772583,0.0,2.0,0.0,0.0,0.0,-0.0,0.0,0.0,0,SEARCH,0.0,0.0,0.0,-0.0
33111,DYNAMIC,1.2268073558807373,0.23504683375358582,3.607602596282959,0.0,2.0,0.0,0.0,0.0,-0.0,0.0,0.0,0,SEARCH,0.0,0.0,0.0,-0.0
33156,DYNAMIC,1.2268579006195068,0.23488900065422058,3.6076223850250244,0.0,2.0,0.0,0.0,0.0,-0.0,0.0,0.0,0,SEARCH,0.0,0.0,0.0,-0.0
33203,DYNAMIC,1.2269539833068848,0.2348012626171112,3.6075966358184814,0.0,2.0,0.0,0.0,0.0,-0.0,0.0,0.0,0,SEARCH,0.0,0.0,0.0,-0.0
33251,DYNAMIC,1.2269172668457031,0.23468002676963806,3.6075961589813232,0.0,2.0,0.0,0.0,0.0,-0.0,0.0,0.0,0,SEARCH,0.0,0.0,0.0,-0.0
33302,DYNAMIC,1.2268774509429932,0.2346009910106659,3.6075963973999023,0.0,2.0,0.0,0.0,0.0,-0.0,0.0,0.0,0,SEARCH,0.0,0.0,0.0,-0.0
33351,DYNAMIC,1.2269132137298584,0.23446956276893616,3.607578754425049,0.0,2.0,0.0,0.0,0.0,-0.0,0.0,0.0,0,SEARCH,0.0,0.0,0.0,-0.0
33402,DYNAMIC,1.2269957065582275,0.23437544703483582,3.607576847076416,0.0,2.0,0.0,0.0,0.0,-0.0,0.0,0.0,0,SEARCH,0.0,0.0,0.0,-0.0
33450,DYNAMIC,1.2265310287475586,0.23444977402687073,3.6075778007507324,0.0,2.0,0.0,0.0,0.0,-0.0,0.0,0.0,0,SEARCH,0.0,0.0,0.0,-0.0
33501,DYNAMIC,1.226090908050537,0.23454174399375916,3.6075732707977295,0.0,2.0,0.0,0.0,0.0,-0.0,0.0,0.0,0,SEARCH,0.0,0.0,0.0,-0.0
33550,DYNAMIC,1.2255737781524658,0.23464062809944153,3.6075851917266846,0.0,2.0,0.0,0.0,0.0,-0.0,0.0,0.0,0,SEARCH,0.0,0.0,0.0,-0.0
33603,DYNAMIC,1.225313663482666,0.2346762716770172,3.607581853866577,0.0,2.0,0.0,0.0,0.0,-0.0,0.0,0.0,0,SEARCH,0.0,0.0,0.0,-0.0
33650,DYNAMIC,1.2249038219451904,0.23470661044120789,3.6075901985168457,0.0,2.0,0.0,0.0,0.0,-0.0,0.0,0.0,0,SEARCH,0.0,0.0,0.0,-0.0
33705,DYNAMIC,1.224663257598877,0.2347048819065094,3.607612133026123,0.0,2.0,0.0,0.0,0.0,-0.0,0.0,0.0,0,SEARCH,0.0,0.0,0.0,-0.0
33753,DYNAMIC,1.2244341373443604,0.23468580842018127,3.6076202392578125,0.0,2.0,0.0,0.0,0.0,-0.0,0.0,0.0,0,SEARCH,0.0,0.0,0.0,-0.0
33802,DYNAMIC,1.2243623733520508,0.23465195298194885,3.607630968093872,0.0,2.0,0.0,0.0,0.0,-0.0,0.0,0.0,0,SEARCH,0.0,0.0,0.0,-0.0
33851,DYNAMIC,1.2243545055389404,0.23451951146125793,3.6076550483703613,0.0,2.0,0.0,0.0,0.0,-0.0,0.0,0.0,0,SEARCH,0.0,0.0,0.0,-0.0
33902,DYNAMIC,1.2244038581848145,0.23440107703208923,3.607651472091675,0.0,2.0,0.0,0.0,0.0,-0.0,0.0,0.0,0,SEARCH,0.0,0.0,0.0,-0.0
33951,DYNAMIC,1.2245478630065918,0.23420509696006775,3.6076505184173584,0.0,2.0,0.0,0.0,0.0,-0.0,0.0,0.0,0,SEARCH,0.0,0.0,0.0,-0.0
34003,DYNAMIC,1.224689245223999,0.23407414555549622,3.6076555252075195,0.0,2.0,0.0,0.0,0.0,-0.0,0.0,0.0,0,SEARCH,0.0,0.0,0.0,-0.0
34051,DYNAMIC,1.2246646881103516,0.2339300811290741,3.60764479637146,0.0,2.0,0.0,0.0,0.0,-0.0,0.0,0.0,0,SEARCH,0.0,0.0,0.0,-0.0
34104,DYNAMIC,1.2245259284973145,0.23386934399604797,3.6076533794403076,0.0,2.0,0.0,0.0,0.0,-0.0,0.0,0.0,0,SEARCH,0.0,0.0,0.0,-0.0
34151,DYNAMIC,1.2244205474853516,0.2337452471256256,3.607665777206421,0.0,2.0,0.0,0.0,0.0,-0.0,0.0,0.0,0,SEARCH,0.0,0.0,0.0,-0.0
34202,DYNAMIC,1.2244207859039307,0.23364898562431335,3.6076712608337402,0.0,2.0,0.0,0.0,0.0,-0.0,0.0,0.0,0,SEARCH,0.0,0.0,0.0,-0.0
34250,DYNAMIC,1.2244086265563965,0.23384997248649597,3.6076712608337402,0.0,2.0,0.0,0.0,0.0,-0.0,0.0,0.0,0,SEARCH,0.0,0.0,0.0,-0.0
34301,DYNAMIC,1.2244453430175781,0.23400148749351501,3.6076745986938477,0.0,2.0,0.0,0.0,0.0,-0.0,0.0,0.0,0,SEARCH,0.0,0.0,0.0,-0.0
34357,DYNAMIC,1.2245800495147705,0.23418447375297546,3.607691764831543,0.0,2.0,0.0,0.0,0.0,-0.0,0.0,0.0,0,SEARCH,0.0,0.0,0.0,-0.0
34400,DYNAMIC,1.224717140197754,0.23427817225456238,3.6076927185058594,0.0,2.0,0.0,0.0,0.0,-0.0,0.0,0.0,0,SEARCH,0.0,0.0,0.0,-0.0
34450,DYNAMIC,1.224463701248169,0.2345786988735199,3.6076929569244385,0.0,2.0,0.0,0.0,0.0,-0.0,0.0,0.0,0,SEARCH,0.0,0.0,0.0,-0.0
34503,DYNAMIC,1.2241954803466797,0.23480960726737976,3.607677936553955,0.0,2.0,0.0,0.0,0.0,-0.0,0.0,0.0,0,SEARCH,0.0,0.0,0.0,-0.0
34550,DYNAMIC,1.2239136695861816,0.23510459065437317,3.607692003250122,0.0,2.0,0.0,0.0,0.0,-0.0,0.0,0.0,0,SEARCH,0.0,0.0,0.0,-0.0
34603,DYNAMIC,1.2237951755523682,0.23526564240455627,3.6077163219451904,0.0,2.0,0.0,0.0,0.0,-0.0,0.0,0.0,0,SEARCH,0.0,0.0,0.0,-0.0
34650,DYNAMIC,1.223311424255371,0.23547926545143127,3.6077234745025635,0.0,2.0,0.0,0.0,0.0,-0.0,0.0,0.0,0,SEARCH,0.0,0.0,0.0,-0.0
34702,DYNAMIC,1.2229442596435547,0.23559901118278503,3.6077327728271484,0.0,2.0,0.0,0.0,0.0,-0.0,0.0,0.0,0,SEARCH,0.0,0.0,0.0,-0.0
34750,DYNAMIC,1.222517490386963,0.23574158549308777,3.6077377796173096,0.0,2.0,0.0,0.0,0.0,-0.0,0.0,0.0,0,SEARCH,0.0,0.0,0.0,-0.0
34802,DYNAMIC,1.2223045825958252,0.23581412434577942,3.6077449321746826,0.0,2.0,0.0,0.0,0.0,-0.0,0.0,0.0,0,SEARCH,0.0,0.0,0.0,-0.0
34851,DYNAMIC,1.2219467163085938,0.23595812916755676,3.607752799987793,0.0,2.0,0.0,0.0,0.0,-0.0,0.0,0.0,0,SEARCH,0.0,0.0,0.0,-0.0
34904,DYNAMIC,1.2217254638671875,0.2360459268093109,3.60776424407959,0.0,2.0,0.0,0.0,0.0,-0.0,0.0,0.0,0,SEARCH,0.0,0.0,0.0,-0.0
34952,DYNAMIC,1.2215337753295898,0.23612865805625916,3.6077558994293213,0.0,2.0,0.0,0.0,0.0,-0.0,0.0,0.0,0,SEARCH,0.0,0.0,0.0,-0.0
35009,DYNAMIC,1.2214176654815674,0.23619845509529114,3.607774019241333,0.0,2.0,0.0,0.0,0.0,-0.0,0.0,0.0,0,SEARCH,0.0,0.0,0.0,-0.0
35050,DYNAMIC,1.2210328578948975,0.23625341057777405,3.607781410217285,0.0,2.0,0.0,0.0,0.0,-0.0,0.0,0.0,0,SEARCH,0.0,0.0,0.0,-0.0
35102,DYNAMIC,1.2206337451934814,0.23626312613487244,3.6077771186828613,0.0,2.0,0.0,0.0,0.0,-0.0,0.0,0.0,0,SEARCH,0.0,0.0,0.0,-0.0
35151,DYNAMIC,1.220179796218872,0.23626378178596497,3.607781171798706,0.0,2.0,0.0,0.0,0.0,-0.0,0.0,0.0,0,SEARCH,0.0,0.0,0.0,-0.0
35201,DYNAMIC,1.2199592590332031,0.23625341057777405,3.607781410217285,0.0,2.0,0.0,0.0,0.0,-0.0,0.0,0.0,0,SEARCH,0.0,0.0,0.0,-0.0
35250,DYNAMIC,1.2198607921600342,0.236235111951828,3.607783317565918,0.0,2.0,0.0,0.0,0.0,-0.0,0.0,0.0,0,SEARCH,0.0,0.0,0.0,-0.0
35302,DYNAMIC,1.2198970317840576,0.23621866106987,3.6077988147735596,0.0,2.0,0.0,0.0,0.0,-0.0,0.0,0.0,0,SEARCH,0.0,0.0,0.0,-0.0
35350,DYNAMIC,1.2200124263763428,0.23616912961006165,3.6078031063079834,0.0,2.0,0.0,0.0,0.0,-0.0,0.0,0.0,0,SEARCH,0.0,0.0,0.0,-0.0
35402,DYNAMIC,1.2201342582702637,0.23612496256828308,3.607807159423828,0.0,2.0,0.0,0.0,0.0,-0.0,0.0,0.0,0,SEARCH,0.0,0.0,0.0,-0.0
35450,DYNAMIC,1.219902515411377,0.2363303005695343,3.6078102588653564,0.0,2.0,0.0,0.0,0.0,-0.0,0.0,0.0,0,SEARCH,0.0,0.0,0.0,-0.0
35503,DYNAMIC,1.2196571826934814,0.23652878403663635,3.607807159423828,0.0,2.0,0.0,0.0,0.0,-0.0,0.0,0.0,0,SEARCH,0.0,0.0,0.0,-0.0
35554,DYNAMIC,1.2194023132324219,0.23679742217063904,3.6078193187713623,0.0,2.0,0.0,0.0,0.0,-0.0,0.0,0.0,0,SEARCH,0.0,0.0,0.0,-0.0
35602,DYNAMIC,1.2193002700805664,0.23695066571235657,3.607816457748413,0.0,2.0,0.0,0.0,0.0,-0.0,0.0,0.0,0,SEARCH,0.0,0.0,0.0,-0.0
35651,DYNAMIC,1.2189228534698486,0.23718568682670593,3.6078100204467773,0.0,2.0,0.0,0.0,0.0,-0.0,0.0,0.0,0,SEARCH,0.0,0.0,0.0,-0.0
35701,DYNAMIC,1.218641996383667,0.23733094334602356,3.607819080352783,0.0,2.0,0.0,0.0,0.0,-0.0,0.0,0.0,0,SEARCH,0.0,0.0,0.0,-0.0
35750,DYNAMIC,1.218336820602417,0.23751357197761536,3.607828378677368,0.0,2.0,0.0,0.0,0.0,-0.0,0.0,0.0,0,SEARCH,0.0,0.0,0.0,-0.0
35801,DYNAMIC,1.2182002067565918,0.23763051629066467,3.607825994491577,0.0,2.0,0.0,0.0,0.0,-0.0,0.0,0.0,0,SEARCH,0.0,0.0,0.0,-0.0
35851,DYNAMIC,1.2179274559020996,0.237839013338089,3.607832670211792,0.0,2.0,0.0,0.0,0.0,-0.0,0.0,0.0,0,SEARCH,0.0,0.0,0.0,-0.0
35901,DYNAMIC,1.21775484085083,0.23798546195030212,3.6078438758850098,0.0,2.0,0.0,0.0,0.0,-0.0,0.0,0.0,0,SEARCH,0.0,0.0,0.0,-0.0
35951,DYNAMIC,1.2175788879394531,0.23817339539527893,3.6078524589538574,0.0,2.0,0.0,0.0,0.0,-0.0,0.0,0.0,0,SEARCH,0.0,0.0,0.0,-0.0
36002,DYNAMIC,1.217515468597412,0.23827484250068665,3.607856273651123,0.0,2.0,0.0,0.0,0.0,-0.0,0.0,0.0,0,SEARCH,0.0,0.0,0.0,-0.0
36050,DYNAMIC,1.217538833618164,0.23831555247306824,3.6078736782073975,0.0,2.0,0.0,0.0,0.0,-0.0,0.0,0.0,0,SEARCH,0.0,0.0,0.0,-0.0
36101,DYNAMIC,1.2175981998443604,0.2383071482181549,3.6078832149505615,0.0,2.0,0.0,0.0,0.0,-0.0,0.0,0.0,0,SEARCH,0.0,0.0,0.0,-0.0
36150,DYNAMIC,1.21775484085083,0.23829182982444763,3.607889175415039,0.0,2.0,0.0,0.0,0.0,-0.0,0.0,0.0,0,SEARCH,0.0,0.0,0.0,-0.0
36203,DYNAMIC,1.2179014682769775,0.23827913403511047,3.6079020500183105,0.0,2.0,0.0,0.0,0.0,-0.0,0.0,0.0,0,SEARCH,0.0,0.0,0.0,-0.0
36258,DYNAMIC,1.2177855968475342,0.23848912119865417,3.6079061031341553,0.0,2.0,0.0,0.0,0.0,-0.0,0.0,0.0,0,SEARCH,0.0,0.0,0.0,-0.0
36301,DYNAMIC,1.2175252437591553,0.23882463574409485,3.607912063598633,0.0,2.0,0.0,0.0,0.0,-0.0,0.0,0.0,0,SEARCH,0.0,0.0,0.0,-0.0
36351,DYNAMIC,1.2172858715057373,0.23919269442558289,3.6079185009002686,0.0,2.0,0.0,0.0,0.0,-0.0,0.0,0.0,0,SEARCH,0.0,0.0,0.0,-0.0
36401,DYNAMIC,1.2171673774719238,0.23941460251808167,3.6079347133636475,0.0,2.0,0.0,0.0,0.0,-0.0,0.0,0.0,0,SEARCH,0.0,0.0,0.0,-0.0
36450,DYNAMIC,1.2172322273254395,0.23979154229164124,3.607923746109009,0.0,2.0,0.0,0.0,0.0,-0.0,0.0,0.0,0,SEARCH,0.0,0.0,0.0,-0.0
36501,DYNAMIC,1.2173681259155273,0.24005773663520813,3.607933282852173,0.0,2.0,0.0,0.0,0.0,-0.0,0.0,0.0,0,SEARCH,0.0,0.0,0.0,-0.0
36550,DYNAMIC,1.2175943851470947,0.24043670296669006,3.607919692993164,0.0,2.0,0.0,0.0,0.0,-0.0,0.0,0.0,0,SEARCH,0.0,0.0,0.0,-0.0
36601,DYNAMIC,1.217766284942627,0.2406751811504364,3.6079258918762207,0.0,2.0,0.0,0.0,0.0,-0.0,0.0,0.0,0,SEARCH,0.0,0.0,0.0,-0.0
36650,DYNAMIC,1.2180612087249756,0.24087569117546082,3.607919454574585,0.0,2.0,0.0,0.0,0.0,-0.0,0.0,0.0,0,SEARCH,0.0,0.0,0.0,-0.0
36701,DYNAMIC,1.2182765007019043,0.2409527599811554,3.607926607131958,0.0,2.0,0.0,0.0,0.0,-0.0,0.0,0.0,0,SEARCH,0.0,0.0,0.0,-0.0
36750,DYNAMIC,1.2186214923858643,0.24106964468955994,3.6079344749450684,0.0,2.0,0.0,0.0,0.0,-0.0,0.0,0.0,0,SEARCH,0.0,0.0,0.0,-0.0
36801,DYNAMIC,1.218865156173706,0.24115201830863953,3.607935905456543,0.0,2.0,0.0,0.0,0.0,-0.0,0.0,0.0,0,SEARCH,0.0,0.0,0.0,-0.0
36855,DYNAMIC,1.2191579341888428,0.24126723408699036,3.6079559326171875,0.0,2.0,0.0,0.0,0.0,-0.0,0.0,0.0,0,SEARCH,0.0,0.0,0.0,-0.0
36904,DYNAMIC,1.2197251319885254,0.2414807379245758,3.6079564094543457,0.0,2.0,0.0,0.0,0.0,-0.0,0.0,0.0,0,SEARCH,0.0,0.0,0.0,-0.0
36950,DYNAMIC,1.2202844619750977,0.24167469143867493,3.607961893081665,0.0,2.0,0.0,0.0,0.0,-0.0,0.0,0.0,0,SEARCH,0.0,0.0,0.0,-0.0
37000,DYNAMIC,1.2206315994262695,0.24182477593421936,3.607893943786621,0.0,2.0,0.0,0.0,0.0,-0.0,0.0,0.0,0,SEARCH,0.0,0.0,0.0,-0.0
37050,DYNAMIC,1.2208259105682373,0.24323031306266785,3.6078784465789795,0.0,2.0,0.0,0.0,0.0,-0.0,0.0,0.0,0,SEARCH,0.0,0.0,0.0,-0.0
37103,DYNAMIC,1.220956802368164,0.24376317858695984,3.608275890350342,0.0,2.0,0.0,0.0,0.0,-0.0,0.0,0.0,0,SEARCH,0.0,0.0,0.0,-0.0
37150,DYNAMIC,1.2212491035461426,0.24191918969154358,3.6078948974609375,0.0,2.0,0.0,0.0,0.0,-0.0,0.0,0.0,0,SEARCH,0.0,0.0,0.0,-0.0
37201,DYNAMIC,1.221458911895752,0.24242445826530457,3.608527660369873,0.0,2.0,0.0,0.0,0.0,-0.0,0.0,0.0,0,SEARCH,0.0,0.0,0.0,-0.0
37250,DYNAMIC,1.221709966659546,0.2420876920223236,3.607720375061035,0.0,2.0,0.0,0.0,0.0,-0.0,0.0,0.0,0,SEARCH,0.0,0.0,0.0,-0.0
37301,DYNAMIC,1.2207694053649902,0.24136218428611755,3.6071674823760986,0.0,2.0,0.0,0.0,0.0,-0.0,0.0,0.0,0,SEARCH,0.0,0.0,0.0,-0.0
37350,DYNAMIC,1.2216267585754395,0.2404707968235016,3.607318162918091,0.0,2.0,0.0,0.0,0.0,-0.0,0.0,0.0,0,SEARCH,0.0,0.0,0.0,-0.0
37401,DYNAMIC,1.2222654819488525,0.2381804883480072,3.6051318645477295,0.0,2.0,0.0,0.0,0.0,-0.0,0.0,0.0,0,SEARCH,0.0,0.0,0.0,-0.0
37450,DYNAMIC,1.2217767238616943,0.23200854659080505,3.5933632850646973,0.0,2.0,0.0,0.0,0.0,-0.0,0.0,0.0,0,SEARCH,0.0,0.0,0.0,-0.0
37500,DYNAMIC,1.220933437347412,0.22815224528312683,3.5850112438201904,0.0,2.0,0.0,0.0,0.0,-0.0,0.0,0.0,0,SEARCH,0.0,0.0,0.0,-0.0
37550,DYNAMIC,1.2194428443908691,0.22302642464637756,3.596843957901001,0.0,2.0,0.0,0.0,0.0,-0.0,0.0,0.0,0,SEARCH,0.0,0.0,0.0,-0.0
37616,DYNAMIC,1.2182793617248535,0.2190459668636322,3.6158230304718018,0.0,2.0,0.0,0.0,0.0,-0.0,0.0,0.0,0,SEARCH,0.0,0.0,0.0,-0.0
37651,DYNAMIC,1.2147529125213623,0.2142833173274994,3.6507511138916016,0.0,2.0,0.0,0.0,0.0,-0.0,0.0,0.0,0,SEARCH,0.0,0.0,0.0,-0.0
37701,DYNAMIC,1.208174467086792,0.20805606245994568,3.683577299118042,0.0,2.0,0.0,0.0,0.0,-0.0,0.0,0.0,0,SEARCH,0.0,0.0,0.0,-0.0
37750,DYNAMIC,1.196894884109497,0.19737884402275085,3.7082459926605225,0.0,2.0,0.0,0.0,0.0,-0.0,0.0,0.0,0,SEARCH,0.0,0.0,0.0,-0.0
37800,DYNAMIC,1.187896728515625,0.18896284699440002,3.7141923904418945,0.0,2.0,0.0,0.0,0.0,-0.0,0.0,0.0,0,SEARCH,0.0,0.0,0.0,-0.0
37850,DYNAMIC,1.1731443405151367,0.1764722764492035,3.7137486934661865,0.0,2.0,0.0,0.0,0.0,-0.0,0.0,0.0,0,SEARCH,0.0,0.0,0.0,-0.0
37900,DYNAMIC,1.16275954246521,0.1681053340435028,3.7086615562438965,0.0,2.0,0.0,0.0,0.0,-0.0,0.0,0.0,0,SEARCH,0.0,0.0,0.0,-0.0
37950,DYNAMIC,1.1469457149505615,0.15512344241142273,3.7002673149108887,0.0,2.0,0.0,0.0,0.0,-0.0,0.0,0.0,0,SEARCH,0.0,0.0,0.0,-0.0
38000,DYNAMIC,1.1365020275115967,0.14665624499320984,3.692625045776367,0.0,2.0,0.0,0.0,0.0,-0.0,0.0,0.0,0,SEARCH,0.0,0.0,0.0,-0.0
38051,DYNAMIC,1.121180772781372,0.13571861386299133,3.6791999340057373,0.0,2.0,0.0,0.0,0.0,-0.0,0.0,0.0,0,SEARCH,0.0,0.0,0.0,-0.0
38101,DYNAMIC,1.111212968826294,0.1305880844593048,3.6728055477142334,0.0,2.0,0.0,0.0,0.0,-0.0,0.0,0.0,0,SEARCH,0.0,0.0,0.0,-0.0
38150,DYNAMIC,1.0973610877990723,0.12180808186531067,3.6662707328796387,0.0,2.0,0.0,0.0,0.0,-0.0,0.0,0.0,0,SEARCH,0.0,0.0,0.0,-0.0
38201,DYNAMIC,1.088712453842163,0.11540892720222473,3.6644949913024902,0.0,2.0,0.0,0.0,0.0,-0.0,0.0,0.0,0,SEARCH,0.0,0.0,0.0,-0.0
38251,DYNAMIC,1.0738191604614258,0.10815122723579407,3.6607375144958496,0.0,2.0,0.0,0.0,0.0,-0.0,0.0,0.0,0,SEARCH,0.0,0.0,0.0,-0.0
38310,DYNAMIC,1.062809705734253,0.10453465580940247,3.657147169113159,0.0,2.0,0.0,0.0,0.0,-0.0,0.0,0.0,0,SEARCH,0.0,0.0,0.0,-0.0
38350,DYNAMIC,1.0469715595245361,0.09838059544563293,3.650315046310425,0.0,2.0,0.0,0.0,0.0,-0.0,0.0,0.0,0,SEARCH,0.0,0.0,0.0,-0.0
38401,DYNAMIC,1.0348083972930908,0.09369039535522461,3.6473801136016846,0.0,2.0,0.0,0.0,0.0,-0.0,0.0,0.0,0,SEARCH,0.0,0.0,0.0,-0.0
38450,DYNAMIC,1.0144026279449463,0.08546879887580872,3.6420865058898926,0.0,2.0,0.0,0.0,0.0,-0.0,0.0,0.0,0,SEARCH,0.0,0.0,0.0,-0.0
38500,DYNAMIC,1.0009562969207764,0.08026257157325745,3.641232490539551,0.0,2.0,0.0,0.0,0.0,-0.0,0.0,0.0,0,SEARCH,0.0,0.0,0.0,-0.0
38550,DYNAMIC,0.981245756149292,0.07468342781066895,3.6457643508911133,0.0,2.0,0.0,0.0,0.0,-0.0,0.0,0.0,0,SEARCH,0.0,0.0,0.0,-0.0
38600,DYNAMIC,0.969066858291626,0.0718446671962738,3.6523711681365967,0.0,2.0,0.0,0.0,0.0,-0.0,0.0,0.0,0,SEARCH,0.0,0.0,0.0,-0.0
38650,DYNAMIC,0.950749397277832,0.07005897164344788,3.6675214767456055,0.0,2.0,0.0,0.0,0.0,-0.0,0.0,0.0,0,SEARCH,0.0,0.0,0.0,-0.0
38700,DYNAMIC,0.9396350383758545,0.0696445107460022,3.6787829399108887,0.0,2.0,0.0,0.0,0.0,-0.0,0.0,0.0,0,SEARCH,0.0,0.0,0.0,-0.0
38750,DYNAMIC,0.9256863594055176,0.06851568818092346,3.6962273120880127,0.0,2.0,0.0,0.0,0.0,-0.0,0.0,0.0,0,SEARCH,0.0,0.0,0.0,-0.0
38801,DYNAMIC,0.9177248477935791,0.06735432147979736,3.7067151069641113,0.0,2.0,0.0,0.0,0.0,-0.0,0.0,0.0,0,SEARCH,0.0,0.0,0.0,-0.0
38850,DYNAMIC,0.9055571556091309,0.06720918416976929,3.718567132949829,0.0,2.0,0.0,0.0,0.0,-0.0,0.0,0.0,0,SEARCH,0.0,0.0,0.0,-0.0
38901,DYNAMIC,0.8972194194793701,0.06793487071990967,3.7248218059539795,0.0,2.0,0.0,0.0,0.0,-0.0,0.0,0.0,0,SEARCH,0.0,0.0,0.0,-0.0
38951,DYNAMIC,0.8859343528747559,0.06763681769371033,3.7285361289978027,0.0,2.0,0.0,0.0,0.0,-0.0,0.0,0.0,0,SEARCH,0.0,0.0,0.0,-0.0
39001,DYNAMIC,0.8792858123779297,0.06634074449539185,3.725799560546875,0.0,2.0,0.0,0.0,0.0,-0.0,0.0,0.0,0,SEARCH,0.0,0.0,0.0,-0.0
39050,DYNAMIC,0.869971513748169,0.06392508745193481,3.715296506881714,0.0,2.0,0.0,0.0,0.0,-0.0,0.0,0.0,0,SEARCH,0.0,0.0,0.0,-0.0
39101,DYNAMIC,0.8637065887451172,0.06261646747589111,3.703666925430298,0.0,2.0,0.0,0.0,0.0,-0.0,0.0,0.0,0,SEARCH,0.0,0.0,0.0,-0.0
39151,DYNAMIC,0.8555867671966553,0.06093776226043701,3.681226968765259,0.0,2.0,0.0,0.0,0.0,-0.0,0.0,0.0,0,SEARCH,0.0,0.0,0.0,-0.0
39202,DYNAMIC,0.8509719371795654,0.06046956777572632,3.664454460144043,0.0,2.0,0.0,0.0,0.0,-0.0,0.0,0.0,0,SEARCH,0.0,0.0,0.0,-0.0
39253,DYNAMIC,0.8461503982543945,0.06060469150543213,3.646751642227173,0.0,2.0,0.0,0.0,0.0,-0.0,0.0,0.0,0,SEARCH,0.0,0.0,0.0,-0.0
39301,DYNAMIC,0.837475061416626,0.062200456857681274,3.6204168796539307,0.0,2.0,0.0,0.0,0.0,-0.0,0.0,0.0,0,SEARCH,0.0,0.0,0.0,-0.0
39351,DYNAMIC,0.8297901153564453,0.06461811065673828,3.59837007522583,0.0,2.0,0.0,0.0,0.0,-0.0,0.0,0.0,0,SEARCH,0.0,0.0,0.0,-0.0
39401,DYNAMIC,0.8248820304870605,0.06665408611297607,3.585268020629883,0.0,2.0,0.0,0.0,0.0,-0.0,0.0,0.0,0,SEARCH,0.0,0.0,0.0,-0.0
39450,DYNAMIC,0.8171086311340332,0.06712231040000916,3.5689163208007812,0.0,2.0,0.0,0.0,0.0,-0.0,0.0,0.0,0,SEARCH,0.0,0.0,0.0,-0.0
39501,DYNAMIC,0.8120467662811279,0.06542274355888367,3.560086727142334,0.0,2.0,0.0,0.0,0.0,-0.0,0.0,0.0,0,SEARCH,0.0,0.0,0.0,-0.0
39550,DYNAMIC,0.8055188655853271,0.06197115778923035,3.5490493774414062,0.0,2.0,0.0,0.0,0.0,-0.0,0.0,0.0,0,SEARCH,0.0,0.0,0.0,-0.0
39601,DYNAMIC,0.8018317222595215,0.05916529893875122,3.5425329208374023,0.0,2.0,0.0,0.0,0.0,-0.0,0.0,0.0,0,SEARCH,0.0,0.0,0.0,-0.0
39651,DYNAMIC,0.7960436344146729,0.05271059274673462,3.5334692001342773,0.0,2.0,0.0,0.0,0.0,-0.0,0.0,0.0,0,SEARCH,0.0,0.0,0.0,-0.0
39701,DYNAMIC,0.791959285736084,0.048064619302749634,3.5277953147888184,0.0,2.0,0.0,0.0,0.0,-0.0,0.0,0.0,0,SEARCH,0.0,0.0,0.0,-0.0
39750,DYNAMIC,0.7852845191955566,0.04268193244934082,3.5205929279327393,0.0,2.0,0.0,0.0,0.0,-0.0,0.0,0.0,0,SEARCH,0.0,0.0,0.0,-0.0
39801,DYNAMIC,0.7802824974060059,0.04028052091598511,3.5158531665802,0.0,2.0,0.0,0.0,0.0,-0.0,0.0,0.0,0,SEARCH,0.0,0.0,0.0,-0.0
39856,DYNAMIC,0.774094820022583,0.03817957639694214,3.5106914043426514,0.0,2.0,0.0,0.0,0.0,-0.0,0.0,0.0,0,SEARCH,0.0,0.0,0.0,-0.0
39906,DYNAMIC,0.7632248401641846,0.035969316959381104,3.5034101009368896,0.0,2.0,0.0,0.0,0.0,-0.0,0.0,0.0,0,SEARCH,0.0,0.0,0.0,-0.0
39951,DYNAMIC,0.7515761852264404,0.0352972149848938,3.4977591037750244,0.0,2.0,0.0,0.0,0.0,-0.0,0.0,0.0,0,SEARCH,0.0,0.0,0.0,-0.0
40001,DYNAMIC,0.7433655261993408,0.0356115996837616,3.4950625896453857,0.0,2.0,0.0,0.0,0.0,-0.0,0.0,0.0,0,SEARCH,0.0,0.0,0.0,-0.0
40050,DYNAMIC,0.7301774024963379,0.035736680030822754,3.4955086708068848,0.0,2.0,0.0,0.0,0.0,-0.0,0.0,0.0,0,SEARCH,0.0,0.0,0.0,-0.0
40100,DYNAMIC,0.720893144607544,0.035405486822128296,3.4978318214416504,0.0,2.0,0.0,0.0,0.0,-0.0,0.0,0.0,0,SEARCH,0.0,0.0,0.0,-0.0
40150,DYNAMIC,0.7063493728637695,0.03543683886528015,3.504371166229248,0.0,2.0,0.0,0.0,0.0,-0.0,0.0,0.0,0,SEARCH,0.0,0.0,0.0,-0.0
40200,DYNAMIC,0.6965203285217285,0.03559151291847229,3.511667013168335,0.0,2.0,0.0,0.0,0.0,-0.0,0.0,0.0,0,SEARCH,0.0,0.0,0.0,-0.0
40250,DYNAMIC,0.682387113571167,0.03439125418663025,3.5246050357818604,0.0,2.0,0.0,0.0,0.0,-0.0,0.0,0.0,0,SEARCH,0.0,0.0,0.0,-0.0
40300,DYNAMIC,0.6731722354888916,0.0333712100982666,3.532578468322754,0.0,2.0,0.0,0.0,0.0,-0.0,0.0,0.0,0,SEARCH,0.0,0.0,0.0,-0.0
40351,DYNAMIC,0.659245491027832,0.032752782106399536,3.54422664642334,0.0,2.0,0.0,0.0,0.0,-0.0,0.0,0.0,0,SEARCH,0.0,0.0,0.0,-0.0
40400,DYNAMIC,0.6499664783477783,0.0328410267829895,3.5530285835266113,0.0,2.0,0.0,0.0,0.0,-0.0,0.0,0.0,0,SEARCH,0.0,0.0,0.0,-0.0
40455,DYNAMIC,0.6408765316009521,0.03352758288383484,3.5627899169921875,0.0,2.0,0.0,0.0,0.0,-0.0,0.0,0.0,0,SEARCH,0.0,0.0,0.0,-0.0
40500,DYNAMIC,0.6276869773864746,0.03515079617500305,3.5778591632843018,0.0,2.0,0.0,0.0,0.0,-0.0,0.0,0.0,0,SEARCH,0.0,0.0,0.0,-0.0
40550,DYNAMIC,0.6148483753204346,0.035871535539627075,3.5908520221710205,0.0,2.0,0.0,0.0,0.0,-0.0,0.0,0.0,0,SEARCH,0.0,0.0,0.0,-0.0
40600,DYNAMIC,0.6066775321960449,0.0355435311794281,3.598151683807373,0.0,2.0,0.0,0.0,0.0,-0.0,0.0,0.0,0,SEARCH,0.0,0.0,0.0,-0.0
40650,DYNAMIC,0.5955369472503662,0.03464213013648987,3.607011318206787,0.0,2.0,0.0,0.0,0.0,-0.0,0.0,0.0,0,SEARCH,0.0,0.0,0.0,-0.0
40700,DYNAMIC,0.5888345241546631,0.03442314267158508,3.612363815307617,0.0,2.0,0.0,0.0,0.0,-0.0,0.0,0.0,0,SEARCH,0.0,0.0,0.0,-0.0
40750,DYNAMIC,0.5798275470733643,0.03443750739097595,3.620293378829956,0.0,2.0,0.0,0.0,0.0,-0.0,0.0,0.0,0,SEARCH,0.0,0.0,0.0,-0.0
40800,DYNAMIC,0.5745670795440674,0.034666746854782104,3.624783992767334,0.0,2.0,0.0,0.0,0.0,-0.0,0.0,0.0,0,SEARCH,0.0,0.0,0.0,-0.0
40851,DYNAMIC,0.5665664672851562,0.03659406304359436,3.628607749938965,0.0,2.0,0.0,0.0,0.0,-0.0,0.0,0.0,0,SEARCH,0.0,0.0,0.0,-0.0
40900,DYNAMIC,0.560927152633667,0.03873071074485779,3.627495288848877,0.0,2.0,0.0,0.0,0.0,-0.0,0.0,0.0,0,SEARCH,0.0,0.0,0.0,-0.0
40950,DYNAMIC,0.5529775619506836,0.04137319326400757,3.6223461627960205,0.0,2.0,0.0,0.0,0.0,-0.0,0.0,0.0,0,SEARCH,0.0,0.0,0.0,-0.0
41000,DYNAMIC,0.5480389595031738,0.04277685284614563,3.619007110595703,0.0,2.0,0.0,0.0,0.0,-0.0,0.0,0.0,0,SEARCH,0.0,0.0,0.0,-0.0
41051,DYNAMIC,0.5409183502197266,0.044671088457107544,3.6156630516052246,0.0,2.0,0.0,0.0,0.0,-0.0,0.0,0.0,0,SEARCH,0.0,0.0,0.0,-0.0
41104,DYNAMIC,0.5364072322845459,0.04611128568649292,3.6134345531463623,0.0,2.0,0.0,0.0,0.0,-0.0,0.0,0.0,0,SEARCH,0.0,0.0,0.0,-0.0
41150,DYNAMIC,0.5298075675964355,0.049018800258636475,3.60951828956604,0.0,2.0,0.0,0.0,0.0,-0.0,0.0,0.0,0,SEARCH,0.0,0.0,0.0,-0.0
41200,DYNAMIC,0.52561354637146,0.051367491483688354,3.6076290607452393,0.0,2.0,0.0,0.0,0.0,-0.0,0.0,0.0,0,SEARCH,0.0,0.0,0.0,-0.0
41250,DYNAMIC,0.5189924240112305,0.054591238498687744,3.6063973903656006,0.0,2.0,0.0,0.0,0.0,-0.0,0.0,0.0,0,SEARCH,0.0,0.0,0.0,-0.0
41300,DYNAMIC,0.5146772861480713,0.05676963925361633,3.6063730716705322,0.0,2.0,0.0,0.0,0.0,-0.0,0.0,0.0,0,SEARCH,0.0,0.0,0.0,-0.0
41350,DYNAMIC,0.5085930824279785,0.060313880443573,3.6080119609832764,0.0,2.0,0.0,0.0,0.0,-0.0,0.0,0.0,0,SEARCH,0.0,0.0,0.0,-0.0
41400,DYNAMIC,0.5048458576202393,0.06274193525314331,3.6088101863861084,0.0,2.0,0.0,0.0,0.0,-0.0,0.0,0.0,0,SEARCH,0.0,0.0,0.0,-0.0
41450,DYNAMIC,0.4999382495880127,0.06492966413497925,3.608398675918579,0.0,2.0,0.0,0.0,0.0,-0.0,0.0,0.0,0,SEARCH,0.0,0.0,0.0,-0.0
41500,DYNAMIC,0.49685144424438477,0.06603622436523438,3.6075055599212646,0.0,2.0,0.0,0.0,0.0,-0.0,0.0,0.0,0,SEARCH,0.0,0.0,0.0,-0.0
41550,DYNAMIC,0.4923667907714844,0.06744763255119324,3.605381727218628,0.0,2.0,0.0,0.0,0.0,-0.0,0.0,0.0,0,SEARCH,0.0,0.0,0.0,-0.0
41600,DYNAMIC,0.489473819732666,0.06841930747032166,3.602722406387329,0.0,2.0,0.0,0.0,0.0,-0.0,0.0,0.0,0,SEARCH,0.0,0.0,0.0,-0.0
41650,DYNAMIC,0.48564600944519043,0.06885892152786255,3.5973174571990967,0.0,2.0,0.0,0.0,0.0,-0.0,0.0,0.0,0,SEARCH,0.0,0.0,0.0,-0.0
41700,DYNAMIC,0.48328065872192383,0.06911823153495789,3.593891143798828,0.0,2.0,0.0,0.0,0.0,-0.0,0.0,0.0,0,SEARCH,0.0,0.0,0.0,-0.0
41751,DYNAMIC,0.47978901863098145,0.07012733817100525,3.5887794494628906,0.0,2.0,0.0,0.0,0.0,-0.0,0.0,0.0,0,SEARCH,0.0,0.0,0.0,-0.0
41801,DYNAMIC,0.4772977828979492,0.07111558318138123,3.585702419281006,0.0,2.0,0.0,0.0,0.0,-0.0,0.0,0.0,0,SEARCH,0.0,0.0,0.0,-0.0
41850,DYNAMIC,0.47354650497436523,0.07161667943000793,3.5831029415130615,0.0,2.0,0.0,0.0,0.0,-0.0,0.0,0.0,0,SEARCH,0.0,0.0,0.0,-0.0
41900,DYNAMIC,0.4710204601287842,0.07199034094810486,3.582552671432495,0.0,2.0,0.0,0.0,0.0,-0.0,0.0,0.0,0,SEARCH,0.0,0.0,0.0,-0.0
41950,DYNAMIC,0.46700382232666016,0.07301267981529236,3.5831356048583984,0.0,2.0,0.0,0.0,0.0,-0.0,0.0,0.0,0,SEARCH,0.0,0.0,0.0,-0.0
42000,DYNAMIC,0.4642369747161865,0.07380980253219604,3.5847108364105225,0.0,2.0,0.0,0.0,0.0,-0.0,0.0,0.0,0,SEARCH,0.0,0.0,0.0,-0.0
42050,DYNAMIC,0.46092867851257324,0.07386261224746704,3.5882256031036377,0.0,2.0,0.0,0.0,0.0,-0.0,0.0,0.0,0,SEARCH,0.0,0.0,0.0,-0.0
42100,DYNAMIC,0.45936012268066406,0.07323586940765381,3.5912156105041504,0.0,2.0,0.0,0.0,0.0,-0.0,0.0,0.0,0,SEARCH,0.0,0.0,0.0,-0.0
42150,DYNAMIC,0.4572570323944092,0.07291117310523987,3.596599817276001,0.0,2.0,0.0,0.0,0.0,-0.0,0.0,0.0,0,SEARCH,0.0,0.0,0.0,-0.0
42200,DYNAMIC,0.45569872856140137,0.0738188624382019,3.60072660446167,0.0,2.0,0.0,0.0,0.0,-0.0,0.0,0.0,0,SEARCH,0.0,0.0,0.0,-0.0
42252,DYNAMIC,0.45349884033203125,0.07559150457382202,3.6067497730255127,0.0,2.0,0.0,0.0,0.0,-0.0,0.0,0.0,0,SEARCH,0.0,0.0,0.0,-0.0
42301,DYNAMIC,0.45238375663757324,0.07690325379371643,3.6103875637054443,0.0,2.0,0.0,0.0,0.0,-0.0,0.0,0.0,0,SEARCH,0.0,0.0,0.0,-0.0
42350,DYNAMIC,0.45131993293762207,0.07918006181716919,3.614959239959717,0.0,2.0,0.0,0.0,0.0,-0.0,0.0,0.0,0,SEARCH,0.0,0.0,0.0,-0.0
42400,DYNAMIC,0.45079755783081055,0.08109208941459656,3.6170291900634766,0.0,2.0,0.0,0.0,0.0,-0.0,0.0,0.0,0,SEARCH,0.0,0.0,0.0,-0.0
42452,DYNAMIC,0.450838565826416,0.08280476927757263,3.6197450160980225,0.0,2.0,0.0,0.0,0.0,-0.0,0.0,0.0,0,SEARCH,0.0,0.0,0.0,-0.0
42506,DYNAMIC,0.4510061740875244,0.08366429805755615,3.6210315227508545,0.0,2.0,0.0,0.0,0.0,-0.0,0.0,0.0,0,SEARCH,0.0,0.0,0.0,-0.0
42553,DYNAMIC,0.45093464851379395,0.08690223097801208,3.6232376098632812,0.0,2.0,0.0,0.0,0.0,-0.0,0.0,0.0,0,SEARCH,0.0,0.0,0.0,-0.0
42601,DYNAMIC,0.45073986053466797,0.08911839127540588,3.624406337738037,0.0,2.0,0.0,0.0,0.0,-0.0,0.0,0.0,0,SEARCH,0.0,0.0,0.0,-0.0
42650,DYNAMIC,0.45134639739990234,0.09077203273773193,3.6270155906677246,0.0,2.0,0.0,0.0,0.0,-0.0,0.0,0.0,0,SEARCH,0.0,0.0,0.0,-0.0
42700,DYNAMIC,0.4520869255065918,0.09141048789024353,3.628945827484131,0.0,2.0,0.0,0.0,0.0,-0.0,0.0,0.0,0,SEARCH,0.0,0.0,0.0,-0.0
42750,DYNAMIC,0.4538145065307617,0.09240266680717468,3.63200044631958,0.0,2.0,0.0,0.0,0.0,-0.0,0.0,0.0,0,SEARCH,0.0,0.0,0.0,-0.0
42800,DYNAMIC,0.45548105239868164,0.0932449996471405,3.63421893119812,0.0,2.0,0.0,0.0,0.0,-0.0,0.0,0.0,0,SEARCH,0.0,0.0,0.0,-0.0
42850,DYNAMIC,0.45893430709838867,0.0939849317073822,3.637289047241211,0.0,2.0,0.0,0.0,0.0,-0.0,0.0,0.0,0,SEARCH,0.0,0.0,0.0,-0.0
42900,DYNAMIC,0.4614241123199463,0.09470948576927185,3.6390206813812256,0.0,2.0,0.0,0.0,0.0,-0.0,0.0,0.0,0,SEARCH,0.0,0.0,0.0,-0.0
42950,DYNAMIC,0.464916467666626,0.09660002589225769,3.6415388584136963,0.0,2.0,0.0,0.0,0.0,-0.0,0.0,0.0,0,SEARCH,0.0,0.0,0.0,-0.0
43000,DYNAMIC,0.467116117477417,0.09819021821022034,3.643817901611328,0.0,2.0,0.0,0.0,0.0,-0.0,0.0,0.0,0,SEARCH,0.0,0.0,0.0,-0.0
43050,DYNAMIC,0.4708750247955322,0.09959396719932556,3.6462018489837646,0.0,2.0,0.0,0.0,0.0,-0.0,0.0,0.0,0,SEARCH,0.0,0.0,0.0,-0.0
43100,DYNAMIC,0.4736344814300537,0.09972664713859558,3.6464879512786865,0.0,2.0,0.0,0.0,0.0,-0.0,0.0,0.0,0,SEARCH,0.0,0.0,0.0,-0.0
43151,DYNAMIC,0.47742724418640137,0.10019984841346741,3.6448044776916504,0.0,2.0,0.0,0.0,0.0,-0.0,0.0,0.0,0,SEARCH,0.0,0.0,0.0,-0.0
43201,DYNAMIC,0.4795820713043213,0.10130587220191956,3.6427290439605713,0.0,2.0,0.0,0.0,0.0,-0.0,0.0,0.0,0,SEARCH,0.0,0.0,0.0,-0.0
43257,DYNAMIC,0.48337888717651367,0.1028604805469513,3.638753890991211,0.0,2.0,0.0,0.0,0.0,-0.0,0.0,0.0,0,SEARCH,0.0,0.0,0.0,-0.0
43300,DYNAMIC,0.4856400489807129,0.10507819056510925,3.636608600616455,0.0,2.0,0.0,0.0,0.0,-0.0,0.0,0.0,0,SEARCH,0.0,0.0,0.0,-0.0
43351,DYNAMIC,0.4892561435699463,0.10904797911643982,3.6336405277252197,0.0,2.0,0.0,0.0,0.0,-0.0,0.0,0.0,0,SEARCH,0.0,0.0,0.0,-0.0
43400,DYNAMIC,0.49225449562072754,0.1112348735332489,3.6318018436431885,0.0,2.0,0.0,0.0,0.0,-0.0,0.0,0.0,0,SEARCH,0.0,0.0,0.0,-0.0
43450,DYNAMIC,0.498309850692749,0.11052194237709045,3.630006790161133,0.0,2.0,0.0,0.0,0.0,-0.0,0.0,0.0,0,SEARCH,0.0,0.0,0.0,-0.0
43500,DYNAMIC,0.5027241706848145,0.10907480120658875,3.628248691558838,0.0,2.0,0.0,0.0,0.0,-0.0,0.0,0.0,0,SEARCH,0.0,0.0,0.0,-0.0
43552,DYNAMIC,0.5089859962463379,0.1077207624912262,3.6246118545532227,0.0,2.0,0.0,0.0,0.0,-0.0,0.0,0.0,0,SEARCH,0.0,0.0,0.0,-0.0
43600,DYNAMIC,0.51259446144104,0.10769817233085632,3.621582508087158,0.0,2.0,0.0,0.0,0.0,-0.0,0.0,0.0,0,SEARCH,0.0,0.0,0.0,-0.0
43651,DYNAMIC,0.5173282623291016,0.10868468880653381,3.6166348457336426,0.0,2.0,0.0,0.0,0.0,-0.0,0.0,0.0,0,SEARCH,0.0,0.0,0.0,-0.0
43700,DYNAMIC,0.5202152729034424,0.10983118414878845,3.6133623123168945,0.0,2.0,0.0,0.0,0.0,-0.0,0.0,0.0,0,SEARCH,0.0,0.0,0.0,-0.0
43750,DYNAMIC,0.5242524147033691,0.11212864518165588,3.6088099479675293,0.0,2.0,0.0,0.0,0.0,-0.0,0.0,0.0,0,SEARCH,0.0,0.0,0.0,-0.0
43800,DYNAMIC,0.5270709991455078,0.11372897028923035,3.607067584991455,0.0,2.0,0.0,0.0,0.0,-0.0,0.0,0.0,0,SEARCH,0.0,0.0,0.0,-0.0
43861,DYNAMIC,0.529350757598877,0.11487063765525818,3.606712579727173,0.0,2.0,0.0,0.0,0.0,-0.0,0.0,0.0,0,SEARCH,0.0,0.0,0.0,-0.0
43903,DYNAMIC,0.5353398323059082,0.1126047670841217,3.6073524951934814,0.0,2.0,0.0,0.0,0.0,-0.0,0.0,0.0,0,SEARCH,0.0,0.0,0.0,-0.0
43950,DYNAMIC,0.5418863296508789,0.11105743050575256,3.609313488006592,0.0,2.0,0.0,0.0,0.0,-0.0,0.0,0.0,0,SEARCH,0.0,0.0,0.0,-0.0
44000,DYNAMIC,0.545311450958252,0.11058953404426575,3.6103951930999756,0.0,2.0,0.0,0.0,0.0,-0.0,0.0,0.0,0,SEARCH,0.0,0.0,0.0,-0.0
44053,DYNAMIC,0.5506994724273682,0.1091051995754242,3.6116318702697754,0.0,2.0,0.0,0.0,0.0,-0.0,0.0,0.0,0,SEARCH,0.0,0.0,0.0,-0.0
44100,DYNAMIC,0.5541305541992188,0.10782310366630554,3.6114604473114014,0.0,2.0,0.0,0.0,0.0,-0.0,0.0,0.0,0,SEARCH,0.0,0.0,0.0,-0.0
44151,DYNAMIC,0.5588090419769287,0.1057005226612091,3.609506368637085,0.0,2.0,0.0,0.0,0.0,-0.0,0.0,0.0,0,SEARCH,0.0,0.0,0.0,-0.0
44200,DYNAMIC,0.5616395473480225,0.10410860180854797,3.607560634613037,0.0,2.0,0.0,0.0,0.0,-0.0,0.0,0.0,0,SEARCH,0.0,0.0,0.0,-0.0
44253,DYNAMIC,0.5657455921173096,0.10058256983757019,3.604313850402832,0.0,2.0,0.0,0.0,0.0,-0.0,0.0,0.0,0,SEARCH,0.0,0.0,0.0,-0.0
44301,DYNAMIC,0.5682840347290039,0.09807410836219788,3.6029746532440186,0.0,2.0,0.0,0.0,0.0,-0.0,0.0,0.0,0,SEARCH,0.0,0.0,0.0,-0.0
44350,DYNAMIC,0.571422815322876,0.09482386708259583,3.6024653911590576,0.0,2.0,0.0,0.0,0.0,-0.0,0.0,0.0,0,SEARCH,0.0,0.0,0.0,-0.0
44400,DYNAMIC,0.5731987953186035,0.09290367364883423,3.602780818939209,0.0,2.0,0.0,0.0,0.0,-0.0,0.0,0.0,0,SEARCH,0.0,0.0,0.0,-0.0
44451,DYNAMIC,0.5754468441009521,0.08914080262184143,3.603898525238037,0.0,2.0,0.0,0.0,0.0,-0.0,0.0,0.0,0,SEARCH,0.0,0.0,0.0,-0.0
44500,DYNAMIC,0.5767116546630859,0.0865057110786438,3.604658603668213,0.0,2.0,0.0,0.0,0.0,-0.0,0.0,0.0,0,SEARCH,0.0,0.0,0.0,-0.0
44556,DYNAMIC,0.5776271820068359,0.08454987406730652,3.605280876159668,0.0,2.0,0.0,0.0,0.0,-0.0,0.0,0.0,0,SEARCH,0.0,0.0,0.0,-0.0
44604,DYNAMIC,0.579392671585083,0.08076941967010498,3.606442928314209,0.0,2.0,0.0,0.0,0.0,-0.0,0.0,0.0,0,SEARCH,0.0,0.0,0.0,-0.0
44651,DYNAMIC,0.5813677310943604,0.07622924447059631,3.606710195541382,0.0,2.0,0.0,0.0,0.0,-0.0,0.0,0.0,0,SEARCH,0.0,0.0,0.0,-0.0
44700,DYNAMIC,0.5823812484741211,0.07340922951698303,3.6065378189086914,0.0,2.0,0.0,0.0,0.0,-0.0,0.0,0.0,0,SEARCH,0.0,0.0,0.0,-0.0
44750,DYNAMIC,0.5835199356079102,0.06916263699531555,3.6050872802734375,0.0,2.0,0.0,0.0,0.0,-0.0,0.0,0.0,0,SEARCH,0.0,0.0,0.0,-0.0
44800,DYNAMIC,0.584036111831665,0.06626912951469421,3.6032910346984863,0.0,2.0,0.0,0.0,0.0,-0.0,0.0,0.0,0,SEARCH,0.0,0.0,0.0,-0.0
44850,DYNAMIC,0.5845010280609131,0.06106105446815491,3.6003572940826416,0.0,2.0,0.0,0.0,0.0,-0.0,0.0,0.0,0,SEARCH,0.0,0.0,0.0,-0.0
44900,DYNAMIC,0.5846960544586182,0.05744388699531555,3.598539352416992,0.0,2.0,0.0,0.0,0.0,-0.0,0.0,0.0,0,SEARCH,0.0,0.0,0.0,-0.0
44951,DYNAMIC,0.584705114364624,0.05221030116081238,3.595613718032837,0.0,2.0,0.0,0.0,0.0,-0.0,0.0,0.0,0,SEARCH,0.0,0.0,0.0,-0.0
45000,DYNAMIC,0.584568977355957,0.04882362484931946,3.5943195819854736,0.0,2.0,0.0,0.0,0.0,-0.0,0.0,0.0,0,SEARCH,0.0,0.0,0.0,-0.0
45050,DYNAMIC,0.5834643840789795,0.04363083839416504,3.5933079719543457,0.0,2.0,0.0,0.0,0.0,-0.0,0.0,0.0,0,SEARCH,0.0,0.0,0.0,-0.0
45100,DYNAMIC,0.582362174987793,0.040288299322128296,3.593158006668091,0.0,2.0,0.0,0.0,0.0,-0.0,0.0,0.0,0,SEARCH,0.0,0.0,0.0,-0.0
45150,DYNAMIC,0.5805032253265381,0.03555092215538025,3.592604637145996,0.0,2.0,0.0,0.0,0.0,-0.0,0.0,0.0,0,SEARCH,0.0,0.0,0.0,-0.0
45200,DYNAMIC,0.5792081356048584,0.03248375654220581,3.5916528701782227,0.0,2.0,0.0,0.0,0.0,-0.0,0.0,0.0,0,SEARCH,0.0,0.0,0.0,-0.0
45252,DYNAMIC,0.5774569511413574,0.029217660427093506,3.590411901473999,0.0,2.0,0.0,0.0,0.0,-0.0,0.0,0.0,0,SEARCH,0.0,0.0,0.0,-0.0
45301,DYNAMIC,0.5742430686950684,0.024038761854171753,3.5883121490478516,0.0,2.0,0.0,0.0,0.0,-0.0,0.0,0.0,0,SEARCH,0.0,0.0,0.0,-0.0
45353,DYNAMIC,0.5710070133209229,0.018705099821090698,3.586012125015259,0.0,2.0,0.0,0.0,0.0,-0.0,0.0,0.0,0,SEARCH,0.0,0.0,0.0,-0.0
45400,DYNAMIC,0.5688703060150146,0.015052467584609985,3.584395408630371,0.0,2.0,0.0,0.0,0.0,-0.0,0.0,0.0,0,SEARCH,0.0,0.0,0.0,-0.0
45450,DYNAMIC,0.5651905536651611,0.009784847497940063,3.5818870067596436,0.0,2.0,0.0,0.0,0.0,-0.0,0.0,0.0,0,SEARCH,0.0,0.0,0.0,-0.0
45500,DYNAMIC,0.5627000331878662,0.006446659564971924,3.580120801925659,0.0,2.0,0.0,0.0,0.0,-0.0,0.0,0.0,0,SEARCH,0.0,0.0,0.0,-0.0
45551,DYNAMIC,0.5591330528259277,0.0016041696071624756,3.5769927501678467,0.0,2.0,0.0,0.0,0.0,-0.0,0.0,0.0,0,SEARCH,0.0,0.0,0.0,-0.0
45600,DYNAMIC,0.5566961765289307,-0.0013596117496490479,3.5748159885406494,0.0,2.0,0.0,0.0,0.0,-0.0,0.0,0.0,0,SEARCH,0.0,0.0,0.0,-0.0
45651,DYNAMIC,0.5522119998931885,-0.005235612392425537,3.57185435295105,0.0,2.0,0.0,0.0,0.0,-0.0,0.0,0.0,0,SEARCH,0.0,0.0,0.0,-0.0
45700,DYNAMIC,0.5490512847900391,-0.007795602083206177,3.570082426071167,0.0,2.0,0.0,0.0,0.0,-0.0,0.0,0.0,0,SEARCH,0.0,0.0,0.0,-0.0
45752,DYNAMIC,0.54443359375,-0.011798679828643799,3.5676839351654053,0.0,2.0,0.0,0.0,0.0,-0.0,0.0,0.0,0,SEARCH,0.0,0.0,0.0,-0.0
45800,DYNAMIC,0.5414891242980957,-0.014518022537231445,3.5664868354797363,0.0,2.0,0.0,0.0,0.0,-0.0,0.0,0.0,0,SEARCH,0.0,0.0,0.0,-0.0
45852,DYNAMIC,0.5369305610656738,-0.018568843603134155,3.565699338912964,0.0,2.0,0.0,0.0,0.0,-0.0,0.0,0.0,0,SEARCH,0.0,0.0,0.0,-0.0
45901,DYNAMIC,0.5338485240936279,-0.0209771990776062,3.565721273422241,0.0,2.0,0.0,0.0,0.0,-0.0,0.0,0.0,0,SEARCH,0.0,0.0,0.0,-0.0
45952,DYNAMIC,0.5315642356872559,-0.022565513849258423,3.5659427642822266,0.0,2.0,0.0,0.0,0.0,-0.0,0.0,0.0,0,SEARCH,0.0,0.0,0.0,-0.0
46000,DYNAMIC,0.5263197422027588,-0.025579631328582764,3.5667309761047363,0.0,2.0,0.0,0.0,0.0,-0.0,0.0,0.0,0,SEARCH,0.0,0.0,0.0,-0.0
46050,DYNAMIC,0.521672248840332,-0.027133017778396606,3.5669138431549072,0.0,2.0,0.0,0.0,0.0,-0.0,0.0,0.0,0,SEARCH,0.0,0.0,0.0,-0.0
46100,DYNAMIC,0.5185456275939941,-0.027758032083511353,3.5667428970336914,0.0,2.0,0.0,0.0,0.0,-0.0,0.0,0.0,0,SEARCH,0.0,0.0,0.0,-0.0
46151,DYNAMIC,0.5141692161560059,-0.02897736430168152,3.566655397415161,0.0,2.0,0.0,0.0,0.0,-0.0,0.0,0.0,0,SEARCH,0.0,0.0,0.0,-0.0
46200,DYNAMIC,0.5114684104919434,-0.02986079454421997,3.5670318603515625,0.0,2.0,0.0,0.0,0.0,-0.0,0.0,0.0,0,SEARCH,0.0,0.0,0.0,-0.0
46250,DYNAMIC,0.5076198577880859,-0.030814051628112793,3.56915283203125,0.0,2.0,0.0,0.0,0.0,-0.0,0.0,0.0,0,SEARCH,0.0,0.0,0.0,-0.0
46300,DYNAMIC,0.5053277015686035,-0.03109729290008545,3.5715816020965576,0.0,2.0,0.0,0.0,0.0,-0.0,0.0,0.0,0,SEARCH,0.0,0.0,0.0,-0.0
46352,DYNAMIC,0.5024538040161133,-0.030871719121932983,3.5762174129486084,0.0,2.0,0.0,0.0,0.0,-0.0,0.0,0.0,0,SEARCH,0.0,0.0,0.0,-0.0
46400,DYNAMIC,0.501007080078125,-0.03017866611480713,3.579793691635132,0.0,2.0,0.0,0.0,0.0,-0.0,0.0,0.0,0,SEARCH,0.0,0.0,0.0,-0.0
46451,DYNAMIC,0.4982945919036865,-0.02806106209754944,3.5852229595184326,0.0,2.0,0.0,0.0,0.0,-0.0,0.0,0.0,0,SEARCH,0.0,0.0,0.0,-0.0
46500,DYNAMIC,0.4965534210205078,-0.02618691325187683,3.588514566421509,0.0,2.0,0.0,0.0,0.0,-0.0,0.0,0.0,0,SEARCH,0.0,0.0,0.0,-0.0
46555,DYNAMIC,0.49445581436157227,-0.02297896146774292,3.591775417327881,0.0,2.0,0.0,0.0,0.0,-0.0,0.0,0.0,0,SEARCH,0.0,0.0,0.0,-0.0
46600,DYNAMIC,0.49327611923217773,-0.020754456520080566,3.592526912689209,0.0,2.0,0.0,0.0,0.0,-0.0,0.0,0.0,0,SEARCH,0.0,0.0,0.0,-0.0
46651,DYNAMIC,0.4912736415863037,-0.017431586980819702,3.5920021533966064,0.0,2.0,0.0,0.0,0.0,-0.0,0.0,0.0,0,SEARCH,0.0,0.0,0.0,-0.0
46700,DYNAMIC,0.4899921417236328,-0.015383005142211914,3.5907974243164062,0.0,2.0,0.0,0.0,0.0,-0.0,0.0,0.0,0,SEARCH,0.0,0.0,0.0,-0.0
46752,DYNAMIC,0.48834228515625,-0.012522727251052856,3.5875747203826904,0.0,2.0,0.0,0.0,0.0,-0.0,0.0,0.0,0,SEARCH,0.0,0.0,0.0,-0.0
46800,DYNAMIC,0.48747754096984863,-0.01072034239768982,3.584984540939331,0.0,2.0,0.0,0.0,0.0,-0.0,0.0,0.0,0,SEARCH,0.0,0.0,0.0,-0.0
46851,DYNAMIC,0.48691868782043457,-0.007740676403045654,3.5820789337158203,0.0,2.0,0.0,0.0,0.0,-0.0,0.0,0.0,0,SEARCH,0.0,0.0,0.0,-0.0
46901,DYNAMIC,0.48671793937683105,-0.0054680705070495605,3.5815935134887695,0.0,2.0,0.0,0.0,0.0,-0.0,0.0,0.0,0,SEARCH,0.0,0.0,0.0,-0.0
46951,DYNAMIC,0.48656749725341797,-0.0016460120677947998,3.582210063934326,0.0,2.0,0.0,0.0,0.0,-0.0,0.0,0.0,0,SEARCH,0.0,0.0,0.0,-0.0
47000,DYNAMIC,0.48679447174072266,0.0007679462432861328,3.5828397274017334,0.0,2.0,0.0,0.0,0.0,-0.0,0.0,0.0,0,SEARCH,0.0,0.0,0.0,-0.0
47051,DYNAMIC,0.48784327507019043,0.003386557102203369,3.5844578742980957,0.0,2.0,0.0,0.0,0.0,-0.0,0.0,0.0,0,SEARCH,0.0,0.0,0.0,-0.0
47100,DYNAMIC,0.48888087272644043,0.004532277584075928,3.585571765899658,0.0,2.0,0.0,0.0,0.0,-0.0,0.0,0.0,0,SEARCH,0.0,0.0,0.0,-0.0
47154,DYNAMIC,0.4899439811706543,0.005561858415603638,3.5862815380096436,0.0,2.0,0.0,0.0,0.0,-0.0,0.0,0.0,0,SEARCH,0.0,0.0,0.0,-0.0
47200,DYNAMIC,0.49149298667907715,0.006947755813598633,3.586693048477173,0.0,2.0,0.0,0.0,0.0,-0.0,0.0,0.0,0,SEARCH,0.0,0.0,0.0,-0.0
47251,DYNAMIC,0.49299120903015137,0.00886005163192749,3.586130142211914,0.0,2.0,0.0,0.0,0.0,-0.0,0.0,0.0,0,SEARCH,0.0,0.0,0.0,-0.0
47301,DYNAMIC,0.4939708709716797,0.010432988405227661,3.5855400562286377,0.0,2.0,0.0,0.0,0.0,-0.0,0.0,0.0,0,SEARCH,0.0,0.0,0.0,-0.0
47351,DYNAMIC,0.49546265602111816,0.012663722038269043,3.5849781036376953,0.0,2.0,0.0,0.0,0.0,-0.0,0.0,0.0,0,SEARCH,0.0,0.0,0.0,-0.0
47400,DYNAMIC,0.49657225608825684,0.013851702213287354,3.584811210632324,0.0,2.0,0.0,0.0,0.0,-0.0,0.0,0.0,0,SEARCH,0.0,0.0,0.0,-0.0
47453,DYNAMIC,0.49933934211730957,0.015000879764556885,3.584848642349243,0.0,2.0,0.0,0.0,0.0,-0.0,0.0,0.0,0,SEARCH,0.0,0.0,0.0,-0.0
47500,DYNAMIC,0.5014703273773193,0.01557055115699768,3.584821939468384,0.0,2.0,0.0,0.0,0.0,-0.0,0.0,0.0,0,SEARCH,0.0,0.0,0.0,-0.0
47550,DYNAMIC,0.5044987201690674,0.01637628674507141,3.585031747817993,0.0,2.0,0.0,0.0,0.0,-0.0,0.0,0.0,0,SEARCH,0.0,0.0,0.0,-0.0
47600,DYNAMIC,0.5064477920532227,0.016922444105148315,3.5855281352996826,0.0,2.0,0.0,0.0,0.0,-0.0,0.0,0.0,0,SEARCH,0.0,0.0,0.0,-0.0
47651,DYNAMIC,0.5089817047119141,0.017876863479614258,3.586139678955078,0.0,2.0,0.0,0.0,0.0,-0.0,0.0,0.0,0,SEARCH,0.0,0.0,0.0,-0.0
47700,DYNAMIC,0.5104856491088867,0.0185239315032959,3.5866456031799316,0.0,2.0,0.0,0.0,0.0,-0.0,0.0,0.0,0,SEARCH,0.0,0.0,0.0,-0.0
47752,DYNAMIC,0.5127208232879639,0.01932099461555481,3.5871379375457764,0.0,2.0,0.0,0.0,0.0,-0.0,0.0,0.0,0,SEARCH,0.0,0.0,0.0,-0.0
47805,DYNAMIC,0.5142457485198975,0.01967442035675049,3.587312936782837,0.0,2.0,0.0,0.0,0.0,-0.0,0.0,0.0,0,SEARCH,0.0,0.0,0.0,-0.0
47855,DYNAMIC,0.5169308185577393,0.020067691802978516,3.58811616897583,0.0,2.0,0.0,0.0,0.0,-0.0,0.0,0.0,0,SEARCH,0.0,0.0,0.0,-0.0
47900,DYNAMIC,0.5188405513763428,0.02035406231880188,3.5884320735931396,0.0,2.0,0.0,0.0,0.0,-0.0,0.0,0.0,0,SEARCH,0.0,0.0,0.0,-0.0
47952,DYNAMIC,0.5214307308197021,0.021042555570602417,3.5877811908721924,0.0,2.0,0.0,0.0,0.0,-0.0,0.0,0.0,0,SEARCH,0.0,0.0,0.0,-0.0
48000,DYNAMIC,0.5228836536407471,0.021765708923339844,3.5869362354278564,0.0,2.0,0.0,0.0,0.0,-0.0,0.0,0.0,0,SEARCH,0.0,0.0,0.0,-0.0
48053,DYNAMIC,0.5247848033905029,0.023111790418624878,3.5848782062530518,0.0,2.0,0.0,0.0,0.0,-0.0,0.0,0.0,0,SEARCH,0.0,0.0,0.0,-0.0
48100,DYNAMIC,0.5259456634521484,0.02400529384613037,3.583409070968628,0.0,2.0,0.0,0.0,0.0,-0.0,0.0,0.0,0,SEARCH,0.0,0.0,0.0,-0.0
48151,DYNAMIC,0.5274972915649414,0.025397896766662598,3.5814151763916016,0.0,2.0,0.0,0.0,0.0,-0.0,0.0,0.0,0,SEARCH,0.0,0.0,0.0,-0.0
48200,DYNAMIC,0.5285611152648926,0.026290327310562134,3.5804190635681152,0.0,2.0,0.0,0.0,0.0,-0.0,0.0,0.0,0,SEARCH,0.0,0.0,0.0,-0.0
48250,DYNAMIC,0.5303637981414795,0.02724197506904602,3.5792715549468994,0.0,2.0,0.0,0.0,0.0,-0.0,0.0,0.0,0,SEARCH,0.0,0.0,0.0,-0.0
48300,DYNAMIC,0.5315384864807129,0.02774372696876526,3.578857183456421,0.0,2.0,0.0,0.0,0.0,-0.0,0.0,0.0,0,SEARCH,0.0,0.0,0.0,-0.0
48352,DYNAMIC,0.5329205989837646,0.02862650156021118,3.5790698528289795,0.0,2.0,0.0,0.0,0.0,-0.0,0.0,0.0,0,SEARCH,0.0,0.0,0.0,-0.0
48400,DYNAMIC,0.5335028171539307,0.02940419316291809,3.58024263381958,0.0,2.0,0.0,0.0,0.0,-0.0,0.0,0.0,0,SEARCH,0.0,0.0,0.0,-0.0
48451,DYNAMIC,0.5339398384094238,0.03081175684928894,3.58211612701416,0.0,2.0,0.0,0.0,0.0,-0.0,0.0,0.0,0,SEARCH,0.0,0.0,0.0,-0.0
48502,DYNAMIC,0.5341823101043701,0.03169730305671692,3.5831944942474365,0.0,2.0,0.0,0.0,0.0,-0.0,0.0,0.0,0,SEARCH,0.0,0.0,0.0,-0.0
48552,DYNAMIC,0.5345563888549805,0.03283247351646423,3.5848159790039062,0.0,2.0,0.0,0.0,0.0,-0.0,0.0,0.0,0,SEARCH,0.0,0.0,0.0,-0.0
48600,DYNAMIC,0.534806489944458,0.03360104560852051,3.586217164993286,0.0,2.0,0.0,0.0,0.0,-0.0,0.0,0.0,0,SEARCH,0.0,0.0,0.0,-0.0
48651,DYNAMIC,0.5353093147277832,0.035829365253448486,3.589306592941284,0.0,2.0,0.0,0.0,0.0,-0.0,0.0,0.0,0,SEARCH,0.0,0.0,0.0,-0.0
48700,DYNAMIC,0.5355689525604248,0.03764623403549194,3.591197967529297,0.0,2.0,0.0,0.0,0.0,-0.0,0.0,0.0,0,SEARCH,0.0,0.0,0.0,-0.0
48751,DYNAMIC,0.5358245372772217,0.04053577780723572,3.5927770137786865,0.0,2.0,0.0,0.0,0.0,-0.0,0.0,0.0,0,SEARCH,0.0,0.0,0.0,-0.0
48800,DYNAMIC,0.5361771583557129,0.04228052496910095,3.5934524536132812,0.0,2.0,0.0,0.0,0.0,-0.0,0.0,0.0,0,SEARCH,0.0,0.0,0.0,-0.0
48852,DYNAMIC,0.5372881889343262,0.04454275965690613,3.594245433807373,0.0,2.0,0.0,0.0,0.0,-0.0,0.0,0.0,0,SEARCH,0.0,0.0,0.0,-0.0
48900,DYNAMIC,0.5382983684539795,0.04578518867492676,3.594881772994995,0.0,2.0,0.0,0.0,0.0,-0.0,0.0,0.0,0,SEARCH,0.0,0.0,0.0,-0.0
48952,DYNAMIC,0.539952278137207,0.0476495623588562,3.595407485961914,0.0,2.0,0.0,0.0,0.0,-0.0,0.0,0.0,0,SEARCH,0.0,0.0,0.0,-0.0
49000,DYNAMIC,0.5411434173583984,0.0488029420375824,3.5953269004821777,0.0,2.0,0.0,0.0,0.0,-0.0,0.0,0.0,0,SEARCH,0.0,0.0,0.0,-0.0
49051,DYNAMIC,0.5431580543518066,0.05061757564544678,3.595349073410034,0.0,2.0,0.0,0.0,0.0,-0.0,0.0,0.0,0,SEARCH,0.0,0.0,0.0,-0.0
49100,DYNAMIC,0.5446746349334717,0.05204194784164429,3.5954689979553223,0.0,2.0,0.0,0.0,0.0,-0.0,0.0,0.0,0,SEARCH,0.0,0.0,0.0,-0.0
49155,DYNAMIC,0.5470964908599854,0.05435001850128174,3.5960724353790283,0.0,2.0,0.0,0.0,0.0,-0.0,0.0,0.0,0,SEARCH,0.0,0.0,0.0,-0.0
49204,DYNAMIC,0.5483903884887695,0.055600374937057495,3.5965447425842285,0.0,2.0,0.0,0.0,0.0,-0.0,0.0,0.0,0,SEARCH,0.0,0.0,0.0,-0.0
49251,DYNAMIC,0.5506446361541748,0.05788707733154297,3.5975072383880615,0.0,2.0,0.0,0.0,0.0,-0.0,0.0,0.0,0,SEARCH,0.0,0.0,0.0,-0.0
49300,DYNAMIC,0.5534963607788086,0.060756683349609375,3.5992395877838135,0.0,2.0,0.0,0.0,0.0,-0.0,0.0,0.0,0,SEARCH,0.0,0.0,0.0,-0.0
49351,DYNAMIC,0.556593656539917,0.0632483959197998,3.600411891937256,0.0,2.0,0.0,0.0,0.0,-0.0,0.0,0.0,0,SEARCH,0.0,0.0,0.0,-0.0
49400,DYNAMIC,0.5586915016174316,0.06487679481506348,3.6008806228637695,0.0,2.0,0.0,0.0,0.0,-0.0,0.0,0.0,0,SEARCH,0.0,0.0,0.0,-0.0
49451,DYNAMIC,0.5620193481445312,0.0670832097530365,3.6017870903015137,0.0,2.0,0.0,0.0,0.0,-0.0,0.0,0.0,0,SEARCH,0.0,0.0,0.0,-0.0
49500,DYNAMIC,0.5644242763519287,0.06829676032066345,3.6022636890411377,0.0,2.0,0.0,0.0,0.0,-0.0,0.0,0.0,0,SEARCH,0.0,0.0,0.0,-0.0
49552,DYNAMIC,0.5683436393737793,0.06990212202072144,3.603564500808716,0.0,2.0,0.0,0.0,0.0,-0.0,0.0,0.0,0,SEARCH,0.0,0.0,0.0,-0.0
49600,DYNAMIC,0.5711581707000732,0.07095593214035034,3.6045286655426025,0.0,2.0,0.0,0.0,0.0,-0.0,0.0,0.0,0,SEARCH,0.0,0.0,0.0,-0.0
49651,DYNAMIC,0.5755362510681152,0.0727885365486145,3.60636305809021,0.0,2.0,0.0,0.0,0.0,-0.0,0.0,0.0,0,SEARCH,0.0,0.0,0.0,-0.0
49700,DYNAMIC,0.5785403251647949,0.0741097629070282,3.6077051162719727,0.0,2.0,0.0,0.0,0.0,-0.0,0.0,0.0,0,SEARCH,0.0,0.0,0.0,-0.0
49752,DYNAMIC,0.5832376480102539,0.07588034868240356,3.6087632179260254,0.0,2.0,0.0,0.0,0.0,-0.0,0.0,0.0,0,SEARCH,0.0,0.0,0.0,-0.0
49804,DYNAMIC,0.5863299369812012,0.07684478163719177,3.607862710952759,0.0,2.0,0.0,0.0,0.0,-0.0,0.0,0.0,0,SEARCH,0.0,0.0,0.0,-0.0
49858,DYNAMIC,0.5885915756225586,0.07750707864761353,3.6060264110565186,0.0,2.0,0.0,0.0,0.0,-0.0,0.0,0.0,0,SEARCH,0.0,0.0,0.0,-0.0
49902,DYNAMIC,0.5933408737182617,0.07867556810379028,3.6008481979370117,0.0,2.0,0.0,0.0,0.0,-0.0,0.0,0.0,0,SEARCH,0.0,0.0,0.0,-0.0
49952,DYNAMIC,0.5969681739807129,0.07950901985168457,3.597735643386841,0.0,2.0,0.0,0.0,0.0,-0.0,0.0,0.0,0,SEARCH,0.0,0.0,0.0,-0.0
50000,DYNAMIC,0.5992221832275391,0.08029690384864807,3.596440076828003,0.0,2.0,0.0,0.0,0.0,-0.0,0.0,0.0,0,SEARCH,0.0,0.0,0.0,-0.0
50052,DYNAMIC,0.6028342247009277,0.08170276880264282,3.5971755981445312,0.0,2.0,0.0,0.0,0.0,-0.0,0.0,0.0,0,SEARCH,0.0,0.0,0.0,-0.0
50100,DYNAMIC,0.6054160594940186,0.08267569541931152,3.5994198322296143,0.0,2.0,0.0,0.0,0.0,-0.0,0.0,0.0,0,SEARCH,0.0,0.0,0.0,-0.0
50151,DYNAMIC,0.6096889972686768,0.08397877216339111,3.6040658950805664,0.0,2.0,0.0,0.0,0.0,-0.0,0.0,0.0,0,SEARCH,0.0,0.0,0.0,-0.0
50200,DYNAMIC,0.6127090454101562,0.08464226126670837,3.607794761657715,0.0,2.0,0.0,0.0,0.0,-0.0,0.0,0.0,0,SEARCH,0.0,0.0,0.0,-0.0
50252,DYNAMIC,0.6169254779815674,0.08544808626174927,3.612541675567627,0.0,2.0,0.0,0.0,0.0,-0.0,0.0,0.0,0,SEARCH,0.0,0.0,0.0,-0.0
50300,DYNAMIC,0.6195690631866455,0.08610779047012329,3.614664077758789,0.0,2.0,0.0,0.0,0.0,-0.0,0.0,0.0,0,SEARCH,0.0,0.0,0.0,-0.0
50351,DYNAMIC,0.6234655380249023,0.08727759122848511,3.6166014671325684,0.0,2.0,0.0,0.0,0.0,-0.0,0.0,0.0,0,SEARCH,0.0,0.0,0.0,-0.0
50400,DYNAMIC,0.6262598037719727,0.08793133497238159,3.6174051761627197,0.0,2.0,0.0,0.0,0.0,-0.0,0.0,0.0,0,SEARCH,0.0,0.0,0.0,-0.0
50453,DYNAMIC,0.6308779716491699,0.0892632007598877,3.6173956394195557,0.0,2.0,0.0,0.0,0.0,-0.0,0.0,0.0,0,SEARCH,0.0,0.0,0.0,-0.0
50501,DYNAMIC,0.6340398788452148,0.09014463424682617,3.6163604259490967,0.0,2.0,0.0,0.0,0.0,-0.0,0.0,0.0,0,SEARCH,0.0,0.0,0.0,-0.0
50552,DYNAMIC,0.6388318538665771,0.09145209193229675,3.6136322021484375,0.0,2.0,0.0,0.0,0.0,-0.0,0.0,0.0,0,SEARCH,0.0,0.0,0.0,-0.0
50600,DYNAMIC,0.642082691192627,0.09239199757575989,3.611417531967163,0.0,2.0,0.0,0.0,0.0,-0.0,0.0,0.0,0,SEARCH,0.0,0.0,0.0,-0.0
50652,DYNAMIC,0.6465005874633789,0.09397900104522705,3.607534885406494,0.0,2.0,0.0,0.0,0.0,-0.0,0.0,0.0,0,SEARCH,0.0,0.0,0.0,-0.0
50700,DYNAMIC,0.6492478847503662,0.0950804054737091,3.6045334339141846,0.0,2.0,0.0,0.0,0.0,-0.0,0.0,0.0,0,SEARCH,0.0,0.0,0.0,-0.0
50750,DYNAMIC,0.6536457538604736,0.09648704528808594,3.600970983505249,0.0,2.0,0.0,0.0,0.0,-0.0,0.0,0.0,0,SEARCH,0.0,0.0,0.0,-0.0
50800,DYNAMIC,0.6568295955657959,0.0972200334072113,3.599506378173828,0.0,2.0,0.0,0.0,0.0,-0.0,0.0,0.0,0,SEARCH,0.0,0.0,0.0,-0.0
50852,DYNAMIC,0.6624393463134766,0.0978131890296936,3.5990848541259766,0.0,2.0,0.0,0.0,0.0,-0.0,0.0,0.0,0,SEARCH,0.0,0.0,0.0,-0.0
50900,DYNAMIC,0.6666586399078369,0.098245769739151,3.6002163887023926,0.0,2.0,0.0,0.0,0.0,-0.0,0.0,0.0,0,SEARCH,0.0,0.0,0.0,-0.0
50951,DYNAMIC,0.6734123229980469,0.0990574061870575,3.604253053665161,0.0,2.0,0.0,0.0,0.0,-0.0,0.0,0.0,0,SEARCH,0.0,0.0,0.0,-0.0
51000,DYNAMIC,0.6781761646270752,0.09949210286140442,3.6070919036865234,0.0,2.0,0.0,0.0,0.0,-0.0,0.0,0.0,0,SEARCH,0.0,0.0,0.0,-0.0
51061,DYNAMIC,0.683161735534668,0.09970507025718689,3.6089677810668945,0.0,2.0,0.0,0.0,0.0,-0.0,0.0,0.0,0,SEARCH,0.0,0.0,0.0,-0.0
51105,DYNAMIC,0.6906354427337646,0.09965649247169495,3.609462022781372,0.0,2.0,0.0,0.0,0.0,-0.0,0.0,0.0,0,SEARCH,0.0,0.0,0.0,-0.0
51153,DYNAMIC,0.6984131336212158,0.09960034489631653,3.6072919368743896,0.0,2.0,0.0,0.0,0.0,-0.0,0.0,0.0,0,SEARCH,0.0,0.0,0.0,-0.0
51200,DYNAMIC,0.7037403583526611,0.0996008813381195,3.6043620109558105,0.0,2.0,0.0,0.0,0.0,-0.0,0.0,0.0,0,SEARCH,0.0,0.0,0.0,-0.0
51253,DYNAMIC,0.7115674018859863,0.09997150301933289,3.598371744155884,0.0,2.0,0.0,0.0,0.0,-0.0,0.0,0.0,0,SEARCH,0.0,0.0,0.0,-0.0
51300,DYNAMIC,0.7168231010437012,0.10037162899971008,3.5943915843963623,0.0,2.0,0.0,0.0,0.0,-0.0,0.0,0.0,0,SEARCH,0.0,0.0,0.0,-0.0
51353,DYNAMIC,0.7250633239746094,0.10110804438591003,3.588423728942871,0.0,2.0,0.0,0.0,0.0,-0.0,0.0,0.0,0,SEARCH,0.0,0.0,0.0,-0.0
51400,DYNAMIC,0.7306756973266602,0.10185351967811584,3.5844709873199463,0.0,2.0,0.0,0.0,0.0,-0.0,0.0,0.0,0,SEARCH,0.0,0.0,0.0,-0.0
51451,DYNAMIC,0.7390077114105225,0.102964848279953,3.5788049697875977,0.0,2.0,0.0,0.0,0.0,-0.0,0.0,0.0,0,SEARCH,0.0,0.0,0.0,-0.0
51500,DYNAMIC,0.7447490692138672,0.10371950268745422,3.575479030609131,0.0,2.0,0.0,0.0,0.0,-0.0,0.0,0.0,0,SEARCH,0.0,0.0,0.0,-0.0
51553,DYNAMIC,0.7536113262176514,0.10519543290138245,3.5712718963623047,0.0,2.0,0.0,0.0,0.0,-0.0,0.0,0.0,0,SEARCH,0.0,0.0,0.0,-0.0
51600,DYNAMIC,0.7595181465148926,0.10642275214195251,3.568495750427246,0.0,2.0,0.0,0.0,0.0,-0.0,0.0,0.0,0,SEARCH,0.0,0.0,0.0,-0.0
51651,DYNAMIC,0.7678217887878418,0.10781875252723694,3.5634005069732666,0.0,2.0,0.0,0.0,0.0,-0.0,0.0,0.0,0,SEARCH,0.0,0.0,0.0,-0.0
51701,DYNAMIC,0.7730686664581299,0.10860344767570496,3.559387445449829,0.0,2.0,0.0,0.0,0.0,-0.0,0.0,0.0,0,SEARCH,0.0,0.0,0.0,-0.0
51753,DYNAMIC,0.7805671691894531,0.11006197333335876,3.551708221435547,0.0,2.0,0.0,0.0,0.0,-0.0,0.0,0.0,0,SEARCH,0.0,0.0,0.0,-0.0
51800,DYNAMIC,0.785271406173706,0.11099854111671448,3.5474495887756348,0.0,2.0,0.0,0.0,0.0,-0.0,0.0,0.0,0,SEARCH,0.0,0.0,0.0,-0.0
51851,DYNAMIC,0.7922987937927246,0.11126431822776794,3.5365843772888184,0.0,2.0,0.0,0.0,0.0,-0.0,0.0,0.0,0,SEARCH,0.0,0.0,0.0,-0.0
51900,DYNAMIC,0.7968180179595947,0.11106202006340027,3.5300278663635254,0.0,2.0,0.0,0.0,0.0,-0.0,0.0,0.0,0,SEARCH,0.0,0.0,0.0,-0.0
51953,DYNAMIC,0.8032088279724121,0.11075767874717712,3.518561601638794,0.0,2.0,0.0,0.0,0.0,-0.0,0.0,0.0,0,SEARCH,0.0,0.0,0.0,-0.0
52000,DYNAMIC,0.8072266578674316,0.11040553450584412,3.5112876892089844,0.0,2.0,0.0,0.0,0.0,-0.0,0.0,0.0,0,SEARCH,0.0,0.0,0.0,-0.0
52051,DYNAMIC,0.8131744861602783,0.10955986380577087,3.5021615028381348,0.0,2.0,0.0,0.0,0.0,-0.0,0.0,0.0,0,SEARCH,0.0,0.0,0.0,-0.0
52100,DYNAMIC,0.8172523975372314,0.10846027731895447,3.4975717067718506,0.0,2.0,0.0,0.0,0.0,-0.0,0.0,0.0,0,SEARCH,0.0,0.0,0.0,-0.0
52151,DYNAMIC,0.8235995769500732,0.10586968064308167,3.494158983230591,0.0,2.0,0.0,0.0,0.0,-0.0,0.0,0.0,0,SEARCH,0.0,0.0,0.0,-0.0
52200,DYNAMIC,0.827908992767334,0.10387030243873596,3.4941048622131348,0.0,2.0,0.0,0.0,0.0,-0.0,0.0,0.0,0,SEARCH,0.0,0.0,0.0,-0.0
52251,DYNAMIC,0.8345201015472412,0.1003853976726532,3.496264934539795,0.0,2.0,0.0,0.0,0.0,-0.0,0.0,0.0,0,SEARCH,0.0,0.0,0.0,-0.0
52302,DYNAMIC,0.8388853073120117,0.09747627377510071,3.4980239868164062,0.0,2.0,0.0,0.0,0.0,-0.0,0.0,0.0,0,SEARCH,0.0,0.0,0.0,-0.0
52351,DYNAMIC,0.8453054428100586,0.09220367670059204,3.500974416732788,0.0,2.0,0.0,0.0,0.0,-0.0,0.0,0.0,0,SEARCH,0.0,0.0,0.0,-0.0
52400,DYNAMIC,0.849545955657959,0.08825042843818665,3.5029242038726807,0.0,2.0,0.0,0.0,0.0,-0.0,0.0,0.0,0,SEARCH,0.0,0.0,0.0,-0.0
52455,DYNAMIC,0.8547568321228027,0.08278658986091614,3.505617618560791,0.0,2.0,0.0,0.0,0.0,-0.0,0.0,0.0,0,SEARCH,0.0,0.0,0.0,-0.0
52500,DYNAMIC,0.8577606678009033,0.07925409078598022,3.5072314739227295,0.0,2.0,0.0,0.0,0.0,-0.0,0.0,0.0,0,SEARCH,0.0,0.0,0.0,-0.0
52555,DYNAMIC,0.8620474338531494,0.07373487949371338,3.5090904235839844,0.0,2.0,0.0,0.0,0.0,-0.0,0.0,0.0,0,SEARCH,0.0,0.0,0.0,-0.0
52600,DYNAMIC,0.8646111488342285,0.06982919573783875,3.510268449783325,0.0,2.0,0.0,0.0,0.0,-0.0,0.0,0.0,0,SEARCH,0.0,0.0,0.0,-0.0
52652,DYNAMIC,0.8665173053741455,0.06486010551452637,3.5116488933563232,0.0,2.0,0.0,0.0,0.0,-0.0,0.0,0.0,0,SEARCH,0.0,0.0,0.0,-0.0
52700,DYNAMIC,0.866950273513794,0.061893582344055176,3.5129194259643555,0.0,2.0,0.0,0.0,0.0,-0.0,0.0,0.0,0,SEARCH,0.0,0.0,0.0,-0.0
52752,DYNAMIC,0.8672080039978027,0.05717235803604126,3.515969753265381,0.0,2.0,0.0,0.0,0.0,-0.0,0.0,0.0,0,SEARCH,0.0,0.0,0.0,-0.0
52800,DYNAMIC,0.8671646118164062,0.05381101369857788,3.518298625946045,0.0,2.0,0.0,0.0,0.0,-0.0,0.0,0.0,0,SEARCH,0.0,0.0,0.0,-0.0
52852,DYNAMIC,0.8662834167480469,0.049499720335006714,3.523568630218506,0.0,2.0,0.0,0.0,0.0,-0.0,0.0,0.0,0,SEARCH,0.0,0.0,0.0,-0.0
52900,DYNAMIC,0.8656065464019775,0.046425968408584595,3.5280120372772217,0.0,2.0,0.0,0.0,0.0,-0.0,0.0,0.0,0,SEARCH,0.0,0.0,0.0,-0.0
52960,DYNAMIC,0.865088701248169,0.04094618558883667,3.5353586673736572,0.0,2.0,0.0,0.0,0.0,-0.0,0.0,0.0,0,SEARCH,0.0,0.0,0.0,-0.0
53000,DYNAMIC,0.8651401996612549,0.036989808082580566,3.5434224605560303,0.0,2.0,0.0,0.0,0.0,-0.0,0.0,0.0,0,SEARCH,0.0,0.0,0.0,-0.0
53054,DYNAMIC,0.8640329837799072,0.032884448766708374,3.553724765777588,0.0,2.0,0.0,0.0,0.0,-0.0,0.0,0.0,0,SEARCH,0.0,0.0,0.0,-0.0
53100,DYNAMIC,0.8623690605163574,0.031192034482955933,3.559404134750366,0.0,2.0,0.0,0.0,0.0,-0.0,0.0,0.0,0,SEARCH,0.0,0.0,0.0,-0.0
53152,DYNAMIC,0.8597722053527832,0.0281771719455719,3.56559157371521,0.0,2.0,0.0,0.0,0.0,-0.0,0.0,0.0,0,SEARCH,0.0,0.0,0.0,-0.0
53200,DYNAMIC,0.857943058013916,0.025844216346740723,3.5677928924560547,0.0,2.0,0.0,0.0,0.0,-0.0,0.0,0.0,0,SEARCH,0.0,0.0,0.0,-0.0
53250,DYNAMIC,0.8536345958709717,0.023590922355651855,3.57055401802063,0.0,2.0,0.0,0.0,0.0,-0.0,0.0,0.0,0,SEARCH,0.0,0.0,0.0,-0.0
53300,DYNAMIC,0.8503272533416748,0.02228546142578125,3.5734798908233643,0.0,2.0,0.0,0.0,0.0,-0.0,0.0,0.0,0,SEARCH,0.0,0.0,0.0,-0.0
53353,DYNAMIC,0.8456544876098633,0.019982367753982544,3.5794129371643066,0.0,2.0,0.0,0.0,0.0,-0.0,0.0,0.0,0,SEARCH,0.0,0.0,0.0,-0.0
53400,DYNAMIC,0.842810869216919,0.01811555027961731,3.5850512981414795,0.0,2.0,0.0,0.0,0.0,-0.0,0.0,0.0,0,SEARCH,0.0,0.0,0.0,-0.0
53451,DYNAMIC,0.8379228115081787,0.01719033718109131,3.5961413383483887,0.0,2.0,0.0,0.0,0.0,-0.0,0.0,0.0,0,SEARCH,0.0,0.0,0.0,-0.0
53500,DYNAMIC,0.8347034454345703,0.017131447792053223,3.604250192642212,0.0,2.0,0.0,0.0,0.0,-0.0,0.0,0.0,0,SEARCH,0.0,0.0,0.0,-0.0
53551,DYNAMIC,0.8310034275054932,0.01690220832824707,3.617119073867798,0.0,2.0,0.0,0.0,0.0,-0.0,0.0,0.0,0,SEARCH,0.0,0.0,0.0,-0.0
53606,DYNAMIC,0.8297233581542969,0.016781896352767944,3.62259578704834,0.0,2.0,0.0,0.0,0.0,-0.0,0.0,0.0,0,SEARCH,0.0,0.0,0.0,-0.0
53655,DYNAMIC,0.8278968334197998,0.01754966378211975,3.6307125091552734,0.0,2.0,0.0,0.0,0.0,-0.0,0.0,0.0,0,SEARCH,0.0,0.0,0.0,-0.0
53700,DYNAMIC,0.8267056941986084,0.02042841911315918,3.640036106109619,0.0,2.0,0.0,0.0,0.0,-0.0,0.0,0.0,0,SEARCH,0.0,0.0,0.0,-0.0
53751,DYNAMIC,0.8273580074310303,0.023606985807418823,3.6463944911956787,0.0,2.0,0.0,0.0,0.0,-0.0,0.0,0.0,0,SEARCH,0.0,0.0,0.0,-0.0
53800,DYNAMIC,0.8284571170806885,0.02548152208328247,3.6460695266723633,0.0,2.0,0.0,0.0,0.0,-0.0,0.0,0.0,0,SEARCH,0.0,0.0,0.0,-0.0
53852,DYNAMIC,0.8298120498657227,0.03006833791732788,3.6381044387817383,0.0,2.0,0.0,0.0,0.0,-0.0,0.0,0.0,0,SEARCH,0.0,0.0,0.0,-0.0
53900,DYNAMIC,0.8306922912597656,0.033529311418533325,3.6280181407928467,0.0,2.0,0.0,0.0,0.0,-0.0,0.0,0.0,0,SEARCH,0.0,0.0,0.0,-0.0
53951,DYNAMIC,0.8318567276000977,0.03786444664001465,3.61035418510437,0.0,2.0,0.0,0.0,0.0,-0.0,0.0,0.0,0,SEARCH,0.0,0.0,0.0,-0.0
54000,DYNAMIC,0.8323659896850586,0.04008343815803528,3.599355936050415,0.0,2.0,0.0,0.0,0.0,-0.0,0.0,0.0,0,SEARCH,0.0,0.0,0.0,-0.0
54051,DYNAMIC,0.8326656818389893,0.043302983045578,3.586904287338257,0.0,2.0,0.0,0.0,0.0,-0.0,0.0,0.0,0,SEARCH,0.0,0.0,0.0,-0.0
54100,DYNAMIC,0.8326942920684814,0.04562625288963318,3.5820114612579346,0.0,2.0,0.0,0.0,0.0,-0.0,0.0,0.0,0,SEARCH,0.0,0.0,0.0,-0.0
54153,DYNAMIC,0.833371639251709,0.04885849356651306,3.583059072494507,0.0,2.0,0.0,0.0,0.0,-0.0,0.0,0.0,0,SEARCH,0.0,0.0,0.0,-0.0
54203,DYNAMIC,0.8342194557189941,0.05049729347229004,3.5883023738861084,0.0,2.0,0.0,0.0,0.0,-0.0,0.0,0.0,0,SEARCH,0.0,0.0,0.0,-0.0
54254,DYNAMIC,0.8372747898101807,0.05353245139122009,3.60841703414917,0.0,2.0,0.0,0.0,0.0,-0.0,0.0,0.0,0,SEARCH,0.0,0.0,0.0,-0.0
54301,DYNAMIC,0.8397274017333984,0.05456817150115967,3.6198949813842773,0.0,2.0,0.0,0.0,0.0,-0.0,0.0,0.0,0,SEARCH,0.0,0.0,0.0,-0.0
54354,DYNAMIC,0.8443963527679443,0.05576133728027344,3.6305129528045654,0.0,2.0,0.0,0.0,0.0,-0.0,0.0,0.0,0,SEARCH,0.0,0.0,0.0,-0.0
54400,DYNAMIC,0.8481602668762207,0.055837482213974,3.6318371295928955,0.0,2.0,0.0,0.0,0.0,-0.0,0.0,0.0,0,SEARCH,0.0,0.0,0.0,-0.0
54453,DYNAMIC,0.8544628620147705,0.05567428469657898,3.6245439052581787,0.0,2.0,0.0,0.0,0.0,-0.0,0.0,0.0,0,SEARCH,0.0,0.0,0.0,-0.0
54500,DYNAMIC,0.8589491844177246,0.05502718687057495,3.6148130893707275,0.0,2.0,0.0,0.0,0.0,-0.0,0.0,0.0,0,SEARCH,0.0,0.0,0.0,-0.0
54552,DYNAMIC,0.8656065464019775,0.05338376760482788,3.594372034072876,0.0,2.0,0.0,0.0,0.0,-0.0,0.0,0.0,0,SEARCH,0.0,0.0,0.0,-0.0
54600,DYNAMIC,0.8698906898498535,0.052416712045669556,3.5780956745147705,0.0,2.0,0.0,0.0,0.0,-0.0,0.0,0.0,0,SEARCH,0.0,0.0,0.0,-0.0
54652,DYNAMIC,0.8763754367828369,0.05245506763458252,3.552584409713745,0.0,2.0,0.0,0.0,0.0,-0.0,0.0,0.0,0,SEARCH,0.0,0.0,0.0,-0.0
54700,DYNAMIC,0.8807950019836426,0.05298730731010437,3.5367536544799805,0.0,2.0,0.0,0.0,0.0,-0.0,0.0,0.0,0,SEARCH,0.0,0.0,0.0,-0.0
54752,DYNAMIC,0.8872671127319336,0.053638607263565063,3.516253709793091,0.0,2.0,0.0,0.0,0.0,-0.0,0.0,0.0,0,SEARCH,0.0,0.0,0.0,-0.0
54800,DYNAMIC,0.8911294937133789,0.05378669500350952,3.5038042068481445,0.0,2.0,0.0,0.0,0.0,-0.0,0.0,0.0,0,SEARCH,0.0,0.0,0.0,-0.0
54867,DYNAMIC,0.8949317932128906,0.051943689584732056,3.4874839782714844,0.0,2.0,0.0,0.0,0.0,-0.0,0.0,0.0,0,SEARCH,0.0,0.0,0.0,-0.0
54901,DYNAMIC,0.896111011505127,0.05071568489074707,3.4813153743743896,0.0,2.0,0.0,0.0,0.0,-0.0,0.0,0.0,0,SEARCH,0.0,0.0,0.0,-0.0
54952,DYNAMIC,0.8976407051086426,0.048254311084747314,3.473724842071533,0.0,2.0,0.0,0.0,0.0,-0.0,0.0,0.0,0,SEARCH,0.0,0.0,0.0,-0.0
55001,DYNAMIC,0.897874116897583,0.04663825035095215,3.4745750427246094,0.0,2.0,0.0,0.0,0.0,-0.0,0.0,0.0,0,SEARCH,0.0,0.0,0.0,-0.0
55052,DYNAMIC,0.8972673416137695,0.04320487380027771,3.4839725494384766,0.0,2.0,0.0,0.0,0.0,-0.0,0.0,0.0,0,SEARCH,0.0,0.0,0.0,-0.0
55100,DYNAMIC,0.8963501453399658,0.04002237319946289,3.494344711303711,0.0,2.0,0.0,0.0,0.0,-0.0,0.0,0.0,0,SEARCH,0.0,0.0,0.0,-0.0
55153,DYNAMIC,0.8950121402740479,0.03441235423088074,3.514566659927368,0.0,2.0,0.0,0.0,0.0,-0.0,0.0,0.0,0,SEARCH,0.0,0.0,0.0,-0.0
55200,DYNAMIC,0.8940832614898682,0.030596882104873657,3.5287411212921143,0.0,2.0,0.0,0.0,0.0,-0.0,0.0,0.0,0,SEARCH,0.0,0.0,0.0,-0.0
55251,DYNAMIC,0.8925368785858154,0.025580406188964844,3.5473339557647705,0.0,2.0,0.0,0.0,0.0,-0.0,0.0,0.0,0,SEARCH,0.0,0.0,0.0,-0.0
55300,DYNAMIC,0.8913357257843018,0.022140204906463623,3.556091547012329,0.0,2.0,0.0,0.0,0.0,-0.0,0.0,0.0,0,SEARCH,0.0,0.0,0.0,-0.0
55351,DYNAMIC,0.8889775276184082,0.016778171062469482,3.5625476837158203,0.0,2.0,0.0,0.0,0.0,-0.0,0.0,0.0,0,SEARCH,0.0,0.0,0.0,-0.0
55400,DYNAMIC,0.8870418071746826,0.0132313072681427,3.563396453857422,0.0,2.0,0.0,0.0,0.0,-0.0,0.0,0.0,0,SEARCH,0.0,0.0,0.0,-0.0
55451,DYNAMIC,0.8843884468078613,0.009916543960571289,3.561717987060547,0.0,2.0,0.0,0.0,0.0,-0.0,0.0,0.0,0,SEARCH,0.0,0.0,0.0,-0.0
55501,DYNAMIC,0.8828871250152588,0.008433490991592407,3.560255289077759,0.0,2.0,0.0,0.0,0.0,-0.0,0.0,0.0,0,SEARCH,0.0,0.0,0.0,-0.0
55552,DYNAMIC,0.8805136680603027,0.0057964324951171875,3.5581214427948,0.0,2.0,0.0,0.0,0.0,-0.0,0.0,0.0,0,SEARCH,0.0,0.0,0.0,-0.0
55600,DYNAMIC,0.8784823417663574,0.003046095371246338,3.556706428527832,0.0,2.0,0.0,0.0,0.0,-0.0,0.0,0.0,0,SEARCH,0.0,0.0,0.0,-0.0
55652,DYNAMIC,0.8746376037597656,-0.0010090172290802002,3.556389570236206,0.0,2.0,0.0,0.0,0.0,-0.0,0.0,0.0,0,SEARCH,0.0,0.0,0.0,-0.0
55700,DYNAMIC,0.8715963363647461,-0.003653407096862793,3.558359384536743,0.0,2.0,0.0,0.0,0.0,-0.0,0.0,0.0,0,SEARCH,0.0,0.0,0.0,-0.0
55752,DYNAMIC,0.8667342662811279,-0.007319360971450806,3.565700054168701,0.0,2.0,0.0,0.0,0.0,-0.0,0.0,0.0,0,SEARCH,0.0,0.0,0.0,-0.0
55800,DYNAMIC,0.8635027408599854,-0.009316831827163696,3.5734822750091553,0.0,2.0,0.0,0.0,0.0,-0.0,0.0,0.0,0,SEARCH,0.0,0.0,0.0,-0.0
55852,DYNAMIC,0.8591773509979248,-0.009815037250518799,3.5882420539855957,0.0,2.0,0.0,0.0,0.0,-0.0,0.0,0.0,0,SEARCH,0.0,0.0,0.0,-0.0
55900,DYNAMIC,0.8564248085021973,-0.010010451078414917,3.599215030670166,0.0,2.0,0.0,0.0,0.0,-0.0,0.0,0.0,0,SEARCH,0.0,0.0,0.0,-0.0
55951,DYNAMIC,0.8524515628814697,-0.010769009590148926,3.6144301891326904,0.0,2.0,0.0,0.0,0.0,-0.0,0.0,0.0,0,SEARCH,0.0,0.0,0.0,-0.0
56000,DYNAMIC,0.8498265743255615,-0.011431127786636353,3.6224162578582764,0.0,2.0,0.0,0.0,0.0,-0.0,0.0,0.0,0,SEARCH,0.0,0.0,0.0,-0.0
56052,DYNAMIC,0.8456907272338867,-0.011476874351501465,3.628464698791504,0.0,2.0,0.0,0.0,0.0,-0.0,0.0,0.0,0,SEARCH,0.0,0.0,0.0,-0.0
56107,DYNAMIC,0.8427166938781738,-0.011332660913467407,3.629279136657715,0.0,2.0,0.0,0.0,0.0,-0.0,0.0,0.0,0,SEARCH,0.0,0.0,0.0,-0.0
56155,DYNAMIC,0.8382833003997803,-0.012307673692703247,3.62896728515625,0.0,2.0,0.0,0.0,0.0,-0.0,0.0,0.0,0,SEARCH,0.0,0.0,0.0,-0.0
56200,DYNAMIC,0.8352954387664795,-0.013421326875686646,3.629455327987671,0.0,2.0,0.0,0.0,0.0,-0.0,0.0,0.0,0,SEARCH,0.0,0.0,0.0,-0.0
56254,DYNAMIC,0.8306851387023926,-0.013010263442993164,3.632148027420044,0.0,2.0,0.0,0.0,0.0,-0.0,0.0,0.0,0,SEARCH,0.0,0.0,0.0,-0.0
56300,DYNAMIC,0.8276290893554688,-0.012030363082885742,3.6342456340789795,0.0,2.0,0.0,0.0,0.0,-0.0,0.0,0.0,0,SEARCH,0.0,0.0,0.0,-0.0
56354,DYNAMIC,0.8233292102813721,-0.010933369398117065,3.6357593536376953,0.0,2.0,0.0,0.0,0.0,-0.0,0.0,0.0,0,SEARCH,0.0,0.0,0.0,-0.0
56400,DYNAMIC,0.820784330368042,-0.010737508535385132,3.6356935501098633,0.0,2.0,0.0,0.0,0.0,-0.0,0.0,0.0,0,SEARCH,0.0,0.0,0.0,-0.0
56451,DYNAMIC,0.8179130554199219,-0.009620726108551025,3.6362078189849854,0.0,2.0,0.0,0.0,0.0,-0.0,0.0,0.0,0,SEARCH,0.0,0.0,0.0,-0.0
56500,DYNAMIC,0.8163321018218994,-0.008535265922546387,3.6375858783721924,0.0,2.0,0.0,0.0,0.0,-0.0,0.0,0.0,0,SEARCH,0.0,0.0,0.0,-0.0
56551,DYNAMIC,0.8140151500701904,-0.0066928863525390625,3.6391611099243164,0.0,2.0,0.0,0.0,0.0,-0.0,0.0,0.0,0,SEARCH,0.0,0.0,0.0,-0.0
56600,DYNAMIC,0.8124597072601318,-0.005446374416351318,3.6393322944641113,0.0,2.0,0.0,0.0,0.0,-0.0,0.0,0.0,0,SEARCH,0.0,0.0,0.0,-0.0
56653,DYNAMIC,0.8103487491607666,-0.0018559694290161133,3.636833906173706,0.0,2.0,0.0,0.0,0.0,-0.0,0.0,0.0,0,SEARCH,0.0,0.0,0.0,-0.0
56703,DYNAMIC,0.808983325958252,0.0006799995899200439,3.63281512260437,0.0,2.0,0.0,0.0,0.0,-0.0,0.0,0.0,0,SEARCH,0.0,0.0,0.0,-0.0
56758,DYNAMIC,0.8073160648345947,0.0033497512340545654,3.624598979949951,0.0,2.0,0.0,0.0,0.0,-0.0,0.0,0.0,0,SEARCH,0.0,0.0,0.0,-0.0
56803,DYNAMIC,0.8065876960754395,0.004544287919998169,3.6185989379882812,0.0,2.0,0.0,0.0,0.0,-0.0,0.0,0.0,0,SEARCH,0.0,0.0,0.0,-0.0
56852,DYNAMIC,0.8059544563293457,0.006917238235473633,3.6111624240875244,0.0,2.0,0.0,0.0,0.0,-0.0,0.0,0.0,0,SEARCH,0.0,0.0,0.0,-0.0
56900,DYNAMIC,0.8057167530059814,0.00872233510017395,3.607523202896118,0.0,2.0,0.0,0.0,0.0,-0.0,0.0,0.0,0,SEARCH,0.0,0.0,0.0,-0.0
56951,DYNAMIC,0.8053367137908936,0.011458098888397217,3.604281187057495,0.0,2.0,0.0,0.0,0.0,-0.0,0.0,0.0,0,SEARCH,0.0,0.0,0.0,-0.0
57000,DYNAMIC,0.804872989654541,0.013355672359466553,3.602959632873535,0.0,2.0,0.0,0.0,0.0,-0.0,0.0,0.0,0,SEARCH,0.0,0.0,0.0,-0.0
57051,DYNAMIC,0.8041713237762451,0.01612246036529541,3.599864959716797,0.0,2.0,0.0,0.0,0.0,-0.0,0.0,0.0,0,SEARCH,0.0,0.0,0.0,-0.0
57100,DYNAMIC,0.8037426471710205,0.017580777406692505,3.5970618724823,0.0,2.0,0.0,0.0,0.0,-0.0,0.0,0.0,0,SEARCH,0.0,0.0,0.0,-0.0
57152,DYNAMIC,0.802865743637085,0.01878860592842102,3.5919196605682373,0.0,2.0,0.0,0.0,0.0,-0.0,0.0,0.0,0,SEARCH,0.0,0.0,0.0,-0.0
57200,DYNAMIC,0.8021738529205322,0.019114196300506592,3.5892820358276367,0.0,2.0,0.0,0.0,0.0,-0.0,0.0,0.0,0,SEARCH,0.0,0.0,0.0,-0.0
57251,DYNAMIC,0.8011770248413086,0.020128369331359863,3.5892856121063232,0.0,2.0,0.0,0.0,0.0,-0.0,0.0,0.0,0,SEARCH,0.0,0.0,0.0,-0.0
57301,DYNAMIC,0.8001959323883057,0.02109348773956299,3.590911388397217,0.0,2.0,0.0,0.0,0.0,-0.0,0.0,0.0,0,SEARCH,0.0,0.0,0.0,-0.0
57354,DYNAMIC,0.7981581687927246,0.021944046020507812,3.5954058170318604,0.0,2.0,0.0,0.0,0.0,-0.0,0.0,0.0,0,SEARCH,0.0,0.0,0.0,-0.0
57402,DYNAMIC,0.7965047359466553,0.021799296140670776,3.5984723567962646,0.0,2.0,0.0,0.0,0.0,-0.0,0.0,0.0,0,SEARCH,0.0,0.0,0.0,-0.0
57461,DYNAMIC,0.7937161922454834,0.0207156240940094,3.600748062133789,0.0,2.0,0.0,0.0,0.0,-0.0,0.0,0.0,0,SEARCH,0.0,0.0,0.0,-0.0
57500,DYNAMIC,0.7916271686553955,0.019319891929626465,3.6013171672821045,0.0,2.0,0.0,0.0,0.0,-0.0,0.0,0.0,0,SEARCH,0.0,0.0,0.0,-0.0
57551,DYNAMIC,0.7881205081939697,0.01627245545387268,3.6011297702789307,0.0,2.0,0.0,0.0,0.0,-0.0,0.0,0.0,0,SEARCH,0.0,0.0,0.0,-0.0
57600,DYNAMIC,0.7856593132019043,0.01381075382232666,3.6016054153442383,0.0,2.0,0.0,0.0,0.0,-0.0,0.0,0.0,0,SEARCH,0.0,0.0,0.0,-0.0
57651,DYNAMIC,0.7821016311645508,0.012213647365570068,3.6047394275665283,0.0,2.0,0.0,0.0,0.0,-0.0,0.0,0.0,0,SEARCH,0.0,0.0,0.0,-0.0
57700,DYNAMIC,0.7797603607177734,0.011421144008636475,3.608276605606079,0.0,2.0,0.0,0.0,0.0,-0.0,0.0,0.0,0,SEARCH,0.0,0.0,0.0,-0.0
57752,DYNAMIC,0.7761054039001465,0.010479837656021118,3.6146745681762695,0.0,2.0,0.0,0.0,0.0,-0.0,0.0,0.0,0,SEARCH,0.0,0.0,0.0,-0.0
57800,DYNAMIC,0.7735891342163086,0.00978502631187439,3.618030548095703,0.0,2.0,0.0,0.0,0.0,-0.0,0.0,0.0,0,SEARCH,0.0,0.0,0.0,-0.0
57852,DYNAMIC,0.7687180042266846,0.009251415729522705,3.6204068660736084,0.0,2.0,0.0,0.0,0.0,-0.0,0.0,0.0,0,SEARCH,0.0,0.0,0.0,-0.0
57900,DYNAMIC,0.7651264667510986,0.009053945541381836,3.6201038360595703,0.0,2.0,0.0,0.0,0.0,-0.0,0.0,0.0,0,SEARCH,0.0,0.0,0.0,-0.0
57955,DYNAMIC,0.7598967552185059,0.008890926837921143,3.6166622638702393,0.0,2.0,0.0,0.0,0.0,-0.0,0.0,0.0,0,SEARCH,0.0,0.0,0.0,-0.0
58004,DYNAMIC,0.7565789222717285,0.009040981531143188,3.61392879486084,0.0,2.0,0.0,0.0,0.0,-0.0,0.0,0.0,0,SEARCH,0.0,0.0,0.0,-0.0
58051,DYNAMIC,0.7517547607421875,0.010654866695404053,3.608160972595215,0.0,2.0,0.0,0.0,0.0,-0.0,0.0,0.0,0,SEARCH,0.0,0.0,0.0,-0.0
58100,DYNAMIC,0.7488734722137451,0.012209385633468628,3.6043150424957275,0.0,2.0,0.0,0.0,0.0,-0.0,0.0,0.0,0,SEARCH,0.0,0.0,0.0,-0.0
58151,DYNAMIC,0.7454044818878174,0.013942718505859375,3.5997982025146484,0.0,2.0,0.0,0.0,0.0,-0.0,0.0,0.0,0,SEARCH,0.0,0.0,0.0,-0.0
58200,DYNAMIC,0.7435469627380371,0.014766842126846313,3.597170829772949,0.0,2.0,0.0,0.0,0.0,-0.0,0.0,0.0,0,SEARCH,0.0,0.0,0.0,-0.0
58251,DYNAMIC,0.7416563034057617,0.015564292669296265,3.594184637069702,0.0,2.0,0.0,0.0,0.0,-0.0,0.0,0.0,0,SEARCH,0.0,0.0,0.0,-0.0
58300,DYNAMIC,0.7407598495483398,0.015851110219955444,3.5922179222106934,0.0,2.0,0.0,0.0,0.0,-0.0,0.0,0.0,0,SEARCH,0.0,0.0,0.0,-0.0
58351,DYNAMIC,0.739586353302002,0.016475826501846313,3.5911002159118652,0.0,2.0,0.0,0.0,0.0,-0.0,0.0,0.0,0,SEARCH,0.0,0.0,0.0,-0.0
58400,DYNAMIC,0.7387664318084717,0.017438441514968872,3.591538429260254,0.0,2.0,0.0,0.0,0.0,-0.0,0.0,0.0,0,SEARCH,0.0,0.0,0.0,-0.0
58451,DYNAMIC,0.7379436492919922,0.019948095083236694,3.5908896923065186,0.0,2.0,0.0,0.0,0.0,-0.0,0.0,0.0,0,SEARCH,0.0,0.0,0.0,-0.0
58500,DYNAMIC,0.7373971939086914,0.022108495235443115,3.5901119709014893,0.0,2.0,0.0,0.0,0.0,-0.0,0.0,0.0,0,SEARCH,0.0,0.0,0.0,-0.0
58553,DYNAMIC,0.7362534999847412,0.025419145822525024,3.5882318019866943,0.0,2.0,0.0,0.0,0.0,-0.0,0.0,0.0,0,SEARCH,0.0,0.0,0.0,-0.0
58609,DYNAMIC,0.7352705001831055,0.027378827333450317,3.58597731590271,0.0,2.0,0.0,0.0,0.0,-0.0,0.0,0.0,0,SEARCH,0.0,0.0,0.0,-0.0
58652,DYNAMIC,0.7338712215423584,0.0284268856048584,3.584456205368042,0.0,2.0,0.0,0.0,0.0,-0.0,0.0,0.0,0,SEARCH,0.0,0.0,0.0,-0.0
58700,DYNAMIC,0.7328181266784668,0.028428584337234497,3.5849926471710205,0.0,2.0,0.0,0.0,0.0,-0.0,0.0,0.0,0,SEARCH,0.0,0.0,0.0,-0.0
58754,DYNAMIC,0.7308602333068848,0.028246372938156128,3.586723804473877,0.0,2.0,0.0,0.0,0.0,-0.0,0.0,0.0,0,SEARCH,0.0,0.0,0.0,-0.0
58800,DYNAMIC,0.7292938232421875,0.02819925546646118,3.588731527328491,0.0,2.0,0.0,0.0,0.0,-0.0,0.0,0.0,0,SEARCH,0.0,0.0,0.0,-0.0
58852,DYNAMIC,0.7274935245513916,0.02911156415939331,3.5916218757629395,0.0,2.0,0.0,0.0,0.0,-0.0,0.0,0.0,0,SEARCH,0.0,0.0,0.0,-0.0
58900,DYNAMIC,0.7263584136962891,0.030073314905166626,3.593726396560669,0.0,2.0,0.0,0.0,0.0,-0.0,0.0,0.0,0,SEARCH,0.0,0.0,0.0,-0.0
58951,DYNAMIC,0.7243640422821045,0.03185677528381348,3.598625659942627,0.0,2.0,0.0,0.0,0.0,-0.0,0.0,0.0,0,SEARCH,0.0,0.0,0.0,-0.0
59000,DYNAMIC,0.7228660583496094,0.03332751989364624,3.602762222290039,0.0,2.0,0.0,0.0,0.0,-0.0,0.0,0.0,0,SEARCH,0.0,0.0,0.0,-0.0
59051,DYNAMIC,0.7200706005096436,0.03556552529335022,3.6094970703125,0.0,2.0,0.0,0.0,0.0,-0.0,0.0,0.0,0,SEARCH,0.0,0.0,0.0,-0.0
59100,DYNAMIC,0.7179882526397705,0.03680798411369324,3.6123321056365967,0.0,2.0,0.0,0.0,0.0,-0.0,0.0,0.0,0,SEARCH,0.0,0.0,0.0,-0.0
59156,DYNAMIC,0.7152588367462158,0.03795859217643738,3.613525152206421,0.0,2.0,0.0,0.0,0.0,-0.0,0.0,0.0,0,SEARCH,0.0,0.0,0.0,-0.0
59202,DYNAMIC,0.7136886119842529,0.038662880659103394,3.6135547161102295,0.0,2.0,0.0,0.0,0.0,-0.0,0.0,0.0,0,SEARCH,0.0,0.0,0.0,-0.0
59251,DYNAMIC,0.7118957042694092,0.04075095057487488,3.6127302646636963,0.0,2.0,0.0,0.0,0.0,-0.0,0.0,0.0,0,SEARCH,0.0,0.0,0.0,-0.0
59300,DYNAMIC,0.7106952667236328,0.04239940643310547,3.6111512184143066,0.0,2.0,0.0,0.0,0.0,-0.0,0.0,0.0,0,SEARCH,0.0,0.0,0.0,-0.0
59351,DYNAMIC,0.7084074020385742,0.0448591411113739,3.6081595420837402,0.0,2.0,0.0,0.0,0.0,-0.0,0.0,0.0,0,SEARCH,0.0,0.0,0.0,-0.0
59400,DYNAMIC,0.7064895629882812,0.04651966691017151,3.6044557094573975,0.0,2.0,0.0,0.0,0.0,-0.0,0.0,0.0,0,SEARCH,0.0,0.0,0.0,-0.0
59451,DYNAMIC,0.7034938335418701,0.04840800166130066,3.5953831672668457,0.0,2.0,0.0,0.0,0.0,-0.0,0.0,0.0,0,SEARCH,0.0,0.0,0.0,-0.0
59500,DYNAMIC,0.7012600898742676,0.04916319251060486,3.5879762172698975,0.0,2.0,0.0,0.0,0.0,-0.0,0.0,0.0,0,SEARCH,0.0,0.0,0.0,-0.0
59551,DYNAMIC,0.697190523147583,0.04953381419181824,3.575544834136963,0.0,2.0,0.0,0.0,0.0,-0.0,0.0,0.0,0,SEARCH,0.0,0.0,0.0,-0.0
59600,DYNAMIC,0.6939742565155029,0.049065738916397095,3.5667531490325928,0.0,2.0,0.0,0.0,0.0,-0.0,0.0,0.0,0,SEARCH,0.0,0.0,0.0,-0.0
59651,DYNAMIC,0.688957929611206,0.048018962144851685,3.554698944091797,0.0,2.0,0.0,0.0,0.0,-0.0,0.0,0.0,0,SEARCH,0.0,0.0,0.0,-0.0
59700,DYNAMIC,0.6850519180297852,0.04739844799041748,3.5480899810791016,0.0,2.0,0.0,0.0,0.0,-0.0,0.0,0.0,0,SEARCH,0.0,0.0,0.0,-0.0
59751,DYNAMIC,0.6779170036315918,0.04675224423408508,3.5399067401885986,0.0,2.0,0.0,0.0,0.0,-0.0,0.0,0.0,0,SEARCH,0.0,0.0,0.0,-0.0
59801,DYNAMIC,0.6724553108215332,0.04623880982398987,3.5354745388031006,0.0,2.0,0.0,0.0,0.0,-0.0,0.0,0.0,0,SEARCH,0.0,0.0,0.0,-0.0
59852,DYNAMIC,0.663625955581665,0.04475969076156616,3.5309665203094482,0.0,2.0,0.0,0.0,0.0,-0.0,0.0,0.0,0,SEARCH,0.0,0.0,0.0,-0.0
59900,DYNAMIC,0.6575746536254883,0.04312247037887573,3.529054641723633,0.0,2.0,0.0,0.0,0.0,-0.0,0.0,0.0,0,SEARCH,0.0,0.0,0.0,-0.0
59951,DYNAMIC,0.6485471725463867,0.03959780931472778,3.52880859375,0.0,2.0,0.0,0.0,0.0,-0.0,0.0,0.0,0,SEARCH,0.0,0.0,0.0,-0.0
60000,DYNAMIC,0.6424417495727539,0.03688350319862366,3.529265880584717,0.0,2.0,0.0,0.0,0.0,-0.0,0.0,0.0,0,SEARCH,0.0,0.0,0.0,-0.0
60051,DYNAMIC,0.6330585479736328,0.03357338905334473,3.52852463722229,0.0,2.0,0.0,0.0,0.0,-0.0,0.0,0.0,0,SEARCH,0.0,0.0,0.0,-0.0
60100,DYNAMIC,0.6266579627990723,0.03146934509277344,3.526841402053833,0.0,2.0,0.0,0.0,0.0,-0.0,0.0,0.0,0,SEARCH,0.0,0.0,0.0,-0.0
60150,DYNAMIC,0.6168973445892334,0.026977956295013428,3.5229685306549072,0.0,2.0,0.0,0.0,0.0,-0.0,0.0,0.0,0,SEARCH,0.0,0.0,0.0,-0.0
60200,DYNAMIC,0.6103003025054932,0.0231991708278656,3.5197701454162598,0.0,2.0,0.0,0.0,0.0,-0.0,0.0,0.0,0,SEARCH,0.0,0.0,0.0,-0.0
60253,DYNAMIC,0.5993099212646484,0.01813715696334839,3.5155527591705322,0.0,2.0,0.0,0.0,0.0,-0.0,0.0,0.0,0,SEARCH,0.0,0.0,0.0,-0.0
60301,DYNAMIC,0.5915210247039795,0.01491352915763855,3.51279354095459,0.0,2.0,0.0,0.0,0.0,-0.0,0.0,0.0,0,SEARCH,0.0,0.0,0.0,-0.0
60351,DYNAMIC,0.5796761512756348,0.009788960218429565,3.507884979248047,0.0,2.0,0.0,0.0,0.0,-0.0,0.0,0.0,0,SEARCH,0.0,0.0,0.0,-0.0
60401,DYNAMIC,0.5717101097106934,0.006184965372085571,3.5050857067108154,0.0,2.0,0.0,0.0,0.0,-0.0,0.0,0.0,0,SEARCH,0.0,0.0,0.0,-0.0
60450,DYNAMIC,0.5585062503814697,0.002099066972732544,3.503377914428711,0.0,2.0,0.0,0.0,0.0,-0.0,0.0,0.0,0,SEARCH,0.0,0.0,0.0,-0.0
60501,DYNAMIC,0.5494832992553711,-0.0003917813301086426,3.504201650619507,0.0,2.0,0.0,0.0,0.0,-0.0,0.0,0.0,0,SEARCH,0.0,0.0,0.0,-0.0
60550,DYNAMIC,0.5362546443939209,-0.004497826099395752,3.5073983669281006,0.0,2.0,0.0,0.0,0.0,-0.0,0.0,0.0,0,SEARCH,0.0,0.0,0.0,-0.0
60600,DYNAMIC,0.5275540351867676,-0.007348239421844482,3.5098578929901123,0.0,2.0,0.0,0.0,0.0,-0.0,0.0,0.0,0,SEARCH,0.0,0.0,0.0,-0.0
60650,DYNAMIC,0.5126605033874512,-0.010083764791488647,3.516143798828125,0.0,2.0,0.0,0.0,0.0,-0.0,0.0,0.0,0,SEARCH,0.0,0.0,0.0,-0.0
60700,DYNAMIC,0.5023746490478516,-0.011054843664169312,3.5210955142974854,0.0,2.0,0.0,0.0,0.0,-0.0,0.0,0.0,0,SEARCH,0.0,0.0,0.0,-0.0
60750,DYNAMIC,0.4873046875,-0.011716455221176147,3.5291178226470947,0.0,2.0,0.0,0.0,0.0,-0.0,0.0,0.0,0,SEARCH,0.0,0.0,0.0,-0.0
60800,DYNAMIC,0.47736382484436035,-0.012025296688079834,3.5355427265167236,0.0,2.0,0.0,0.0,0.0,-0.0,0.0,0.0,0,SEARCH,0.0,0.0,0.0,-0.0
60850,DYNAMIC,0.4617140293121338,-0.011408209800720215,3.5451748371124268,0.0,2.0,0.0,0.0,0.0,-0.0,0.0,0.0,0,SEARCH,0.0,0.0,0.0,-0.0
60900,DYNAMIC,0.45114946365356445,-0.01030758023262024,3.5510902404785156,0.0,2.0,0.0,0.0,0.0,-0.0,0.0,0.0,0,SEARCH,0.0,0.0,0.0,-0.0
60950,DYNAMIC,0.4356505870819092,-0.008205801248550415,3.559631586074829,0.0,2.0,0.0,0.0,0.0,-0.0,0.0,0.0,0,SEARCH,0.0,0.0,0.0,-0.0
61004,DYNAMIC,0.42551445960998535,-0.006522655487060547,3.5650241374969482,0.0,2.0,0.0,0.0,0.0,-0.0,0.0,0.0,0,SEARCH,0.0,0.0,0.0,-0.0
61059,DYNAMIC,0.4104630947113037,-0.0023014843463897705,3.5726916790008545,0.0,2.0,0.0,0.0,0.0,-0.0,0.0,0.0,0,SEARCH,0.0,0.0,0.0,-0.0
61101,DYNAMIC,0.40059852600097656,0.0021455585956573486,3.5783863067626953,0.0,2.0,0.0,0.0,0.0,-0.0,0.0,0.0,0,SEARCH,0.0,0.0,0.0,-0.0
61150,DYNAMIC,0.3863968849182129,0.009856849908828735,3.587092876434326,0.0,2.0,0.0,0.0,0.0,-0.0,0.0,0.0,0,SEARCH,0.0,0.0,0.0,-0.0
61200,DYNAMIC,0.37715721130371094,0.015545248985290527,3.591963052749634,0.0,2.0,0.0,0.0,0.0,-0.0,0.0,0.0,0,SEARCH,0.0,0.0,0.0,-0.0
61250,DYNAMIC,0.3616645336151123,0.024927765130996704,3.5964510440826416,0.0,2.0,0.0,0.0,0.0,-0.0,0.0,0.0,0,SEARCH,0.0,0.0,0.0,-0.0
61301,DYNAMIC,0.3510873317718506,0.031405895948410034,3.5975074768066406,0.0,2.0,0.0,0.0,0.0,-0.0,0.0,0.0,0,SEARCH,0.0,0.0,0.0,-0.0
61350,DYNAMIC,0.33522748947143555,0.04110395908355713,3.5961673259735107,0.0,2.0,0.0,0.0,0.0,-0.0,0.0,0.0,0,SEARCH,0.0,0.0,0.0,-0.0
61401,DYNAMIC,0.3248405456542969,0.0473160445690155,3.5942327976226807,0.0,2.0,0.0,0.0,0.0,-0.0,0.0,0.0,0,SEARCH,0.0,0.0,0.0,-0.0
61450,DYNAMIC,0.3110220432281494,0.05654159188270569,3.5902581214904785,0.0,2.0,0.0,0.0,0.0,-0.0,0.0,0.0,0,SEARCH,0.0,0.0,0.0,-0.0
61500,DYNAMIC,0.3025381565093994,0.0624176561832428,3.5871407985687256,0.0,2.0,0.0,0.0,0.0,-0.0,0.0,0.0,0,SEARCH,0.0,0.0,0.0,-0.0
61550,DYNAMIC,0.2901909351348877,0.07118278741836548,3.5808897018432617,0.0,2.0,0.0,0.0,0.0,-0.0,0.0,0.0,0,SEARCH,0.0,0.0,0.0,-0.0
61600,DYNAMIC,0.2821621894836426,0.07705369591712952,3.576042890548706,0.0,2.0,0.0,0.0,0.0,-0.0,0.0,0.0,0,SEARCH,0.0,0.0,0.0,-0.0
61653,DYNAMIC,0.2743563652038574,0.08286800980567932,3.5723628997802734,0.0,2.0,0.0,0.0,0.0,-0.0,0.0,0.0,0,SEARCH,0.0,0.0,0.0,-0.0
61706,DYNAMIC,0.2631654739379883,0.09179452061653137,3.56905460357666,0.0,2.0,0.0,0.0,0.0,-0.0,0.0,0.0,0,SEARCH,0.0,0.0,0.0,-0.0
61755,DYNAMIC,0.2521796226501465,0.10039523243904114,3.5662434101104736,0.0,2.0,0.0,0.0,0.0,-0.0,0.0,0.0,0,SEARCH,0.0,0.0,0.0,-0.0
61800,DYNAMIC,0.24513697624206543,0.10600289702415466,3.5665171146392822,0.0,2.0,0.0,0.0,0.0,-0.0,0.0,0.0,0,SEARCH,0.0,0.0,0.0,-0.0
61850,DYNAMIC,0.2349081039428711,0.11453822255134583,3.5686895847320557,0.0,2.0,0.0,0.0,0.0,-0.0,0.0,0.0,0,SEARCH,0.0,0.0,0.0,-0.0
61900,DYNAMIC,0.22850775718688965,0.12001726031303406,3.5722827911376953,0.0,2.0,0.0,0.0,0.0,-0.0,0.0,0.0,0,SEARCH,0.0,0.0,0.0,-0.0
61950,DYNAMIC,0.2195901870727539,0.12842997908592224,3.579019546508789,0.0,2.0,0.0,0.0,0.0,-0.0,0.0,0.0,0,SEARCH,0.0,0.0,0.0,-0.0
62001,DYNAMIC,0.2141132354736328,0.13386598229408264,3.58479905128479,0.0,2.0,0.0,0.0,0.0,-0.0,0.0,0.0,0,SEARCH,0.0,0.0,0.0,-0.0
62050,DYNAMIC,0.20744824409484863,0.14180895686149597,3.598992109298706,0.0,2.0,0.0,0.0,0.0,-0.0,0.0,0.0,0,SEARCH,0.0,0.0,0.0,-0.0
62100,DYNAMIC,0.2037980556488037,0.14740487933158875,3.61102032661438,0.0,2.0,0.0,0.0,0.0,-0.0,0.0,0.0,0,SEARCH,0.0,0.0,0.0,-0.0
62150,DYNAMIC,0.19881844520568848,0.15563145279884338,3.6298508644104004,0.0,2.0,0.0,0.0,0.0,-0.0,0.0,0.0,0,SEARCH,0.0,0.0,0.0,-0.0
62200,DYNAMIC,0.1960294246673584,0.16082772612571716,3.6428160667419434,0.0,2.0,0.0,0.0,0.0,-0.0,0.0,0.0,0,SEARCH,0.0,0.0,0.0,-0.0
62251,DYNAMIC,0.1935107707977295,0.16763713955879211,3.6615185737609863,0.0,2.0,0.0,0.0,0.0,-0.0,0.0,0.0,0,SEARCH,0.0,0.0,0.0,-0.0
62301,DYNAMIC,0.1925208568572998,0.1712838113307953,3.6713101863861084,0.0,2.0,0.0,0.0,0.0,-0.0,0.0,0.0,0,SEARCH,0.0,0.0,0.0,-0.0
62350,DYNAMIC,0.1915299892425537,0.17522814869880676,3.6786646842956543,0.0,2.0,0.0,0.0,0.0,-0.0,0.0,0.0,0,SEARCH,0.0,0.0,0.0,-0.0
62400,DYNAMIC,0.19097065925598145,0.1774473488330841,3.6777946949005127,0.0,2.0,0.0,0.0,0.0,-0.0,0.0,0.0,0,SEARCH,0.0,0.0,0.0,-0.0
62450,DYNAMIC,0.19006133079528809,0.18137094378471375,3.671090602874756,0.0,2.0,0.0,0.0,0.0,-0.0,0.0,0.0,0,SEARCH,0.0,0.0,0.0,-0.0
62500,DYNAMIC,0.18925881385803223,0.18445608019828796,3.664884567260742,0.0,2.0,0.0,0.0,0.0,-0.0,0.0,0.0,0,SEARCH,0.0,0.0,0.0,-0.0
62552,DYNAMIC,0.1878492832183838,0.1888125240802765,3.6574013233184814,0.0,2.0,0.0,0.0,0.0,-0.0,0.0,0.0,0,SEARCH,0.0,0.0,0.0,-0.0
62602,DYNAMIC,0.1860337257385254,0.19392439723014832,3.649437665939331,0.0,2.0,0.0,0.0,0.0,-0.0,0.0,0.0,0,SEARCH,0.0,0.0,0.0,-0.0
62652,DYNAMIC,0.18279457092285156,0.19921031594276428,3.640533924102783,0.0,2.0,0.0,0.0,0.0,-0.0,0.0,0.0,0,SEARCH,0.0,0.0,0.0,-0.0
62701,DYNAMIC,0.18067646026611328,0.20284757018089294,3.6356890201568604,0.0,2.0,0.0,0.0,0.0,-0.0,0.0,0.0,0,SEARCH,0.0,0.0,0.0,-0.0
62750,DYNAMIC,0.17833566665649414,0.20857998728752136,3.6292543411254883,0.0,2.0,0.0,0.0,0.0,-0.0,0.0,0.0,0,SEARCH,0.0,0.0,0.0,-0.0
62800,DYNAMIC,0.17737770080566406,0.2121606171131134,3.6245675086975098,0.0,2.0,0.0,0.0,0.0,-0.0,0.0,0.0,0,SEARCH,0.0,0.0,0.0,-0.0
62851,DYNAMIC,0.1763920783996582,0.21499601006507874,3.6165835857391357,0.0,2.0,0.0,0.0,0.0,-0.0,0.0,0.0,0,SEARCH,0.0,0.0,0.0,-0.0
62900,DYNAMIC,0.17574405670166016,0.2161196768283844,3.610428810119629,0.0,2.0,0.0,0.0,0.0,-0.0,0.0,0.0,0,SEARCH,0.0,0.0,0.0,-0.0
62951,DYNAMIC,0.1745457649230957,0.21843984723091125,3.598536968231201,0.0,2.0,0.0,0.0,0.0,-0.0,0.0,0.0,0,SEARCH,0.0,0.0,0.0,-0.0
63000,DYNAMIC,0.17345952987670898,0.22056719660758972,3.5892579555511475,0.0,2.0,0.0,0.0,0.0,-0.0,0.0,0.0,0,SEARCH,0.0,0.0,0.0,-0.0
63051,DYNAMIC,0.17157912254333496,0.22224095463752747,3.573241949081421,0.0,2.0,0.0,0.0,0.0,-0.0,0.0,0.0,0,SEARCH,0.0,0.0,0.0,-0.0
63101,DYNAMIC,0.17006158828735352,0.2230423390865326,3.5613343715667725,0.0,2.0,0.0,0.0,0.0,-0.0,0.0,0.0,0,SEARCH,0.0,0.0,0.0,-0.0
63150,DYNAMIC,0.16747784614562988,0.22479960322380066,3.5437204837799072,0.0,2.0,0.0,0.0,0.0,-0.0,0.0,0.0,0,SEARCH,0.0,0.0,0.0,-0.0
63205,DYNAMIC,0.1656200885772705,0.22618189454078674,3.5335190296173096,0.0,2.0,0.0,0.0,0.0,-0.0,0.0,0.0,0,SEARCH,0.0,0.0,0.0,-0.0
63255,DYNAMIC,0.1624462604522705,0.22548922896385193,3.522564172744751,0.0,2.0,0.0,0.0,0.0,-0.0,0.0,0.0,0,SEARCH,0.0,0.0,0.0,-0.0
63302,DYNAMIC,0.1601858139038086,0.2244345247745514,3.518221378326416,0.0,2.0,0.0,0.0,0.0,-0.0,0.0,0.0,0,SEARCH,0.0,0.0,0.0,-0.0
63350,DYNAMIC,0.15677952766418457,0.22359856963157654,3.515197277069092,0.0,2.0,0.0,0.0,0.0,-0.0,0.0,0.0,0,SEARCH,0.0,0.0,0.0,-0.0
63400,DYNAMIC,0.15438580513000488,0.22354909777641296,3.5154130458831787,0.0,2.0,0.0,0.0,0.0,-0.0,0.0,0.0,0,SEARCH,0.0,0.0,0.0,-0.0
63450,DYNAMIC,0.14985084533691406,0.22201159596443176,3.5173323154449463,0.0,2.0,0.0,0.0,0.0,-0.0,0.0,0.0,0,SEARCH,0.0,0.0,0.0,-0.0
63500,DYNAMIC,0.14612412452697754,0.22078105807304382,3.51870059967041,0.0,2.0,0.0,0.0,0.0,-0.0,0.0,0.0,0,SEARCH,0.0,0.0,0.0,-0.0
63550,DYNAMIC,0.1394345760345459,0.21956124901771545,3.521108388900757,0.0,2.0,0.0,0.0,0.0,-0.0,0.0,0.0,0,SEARCH,0.0,0.0,0.0,-0.0
63600,DYNAMIC,0.13430166244506836,0.21881207823753357,3.5228829383850098,0.0,2.0,0.0,0.0,0.0,-0.0,0.0,0.0,0,SEARCH,0.0,0.0,0.0,-0.0
63651,DYNAMIC,0.12571334838867188,0.21563825011253357,3.5273706912994385,0.0,2.0,0.0,0.0,0.0,-0.0,0.0,0.0,0,SEARCH,0.0,0.0,0.0,-0.0
63700,DYNAMIC,0.11963224411010742,0.2127116620540619,3.531721830368042,0.0,2.0,0.0,0.0,0.0,-0.0,0.0,0.0,0,SEARCH,0.0,0.0,0.0,-0.0
63750,DYNAMIC,0.11017632484436035,0.20779064297676086,3.5381534099578857,0.0,2.0,0.0,0.0,0.0,-0.0,0.0,0.0,0,SEARCH,0.0,0.0,0.0,-0.0
63801,DYNAMIC,0.1033780574798584,0.2045591175556183,3.541588068008423,0.0,2.0,0.0,0.0,0.0,-0.0,0.0,0.0,0,SEARCH,0.0,0.0,0.0,-0.0
63850,DYNAMIC,0.09236264228820801,0.19993355870246887,3.54378604888916,0.0,2.0,0.0,0.0,0.0,-0.0,0.0,0.0,0,SEARCH,0.0,0.0,0.0,-0.0
63907,DYNAMIC,0.08637571334838867,0.19753465056419373,3.543396472930908,0.0,2.0,0.0,0.0,0.0,-0.0,0.0,0.0,0,SEARCH,0.0,0.0,0.0,-0.0
63950,DYNAMIC,0.07103657722473145,0.19163891673088074,3.540715217590332,0.0,2.0,0.0,0.0,0.0,-0.0,0.0,0.0,0,SEARCH,0.0,0.0,0.0,-0.0
64001,DYNAMIC,0.06146240234375,0.18805918097496033,3.539567232131958,0.0,2.0,0.0,0.0,0.0,-0.0,0.0,0.0,0,SEARCH,0.0,0.0,0.0,-0.0
64050,DYNAMIC,0.04508829116821289,0.18262580037117004,3.5362470149993896,0.0,2.0,0.0,0.0,0.0,-0.0,0.0,0.0,0,SEARCH,0.0,0.0,0.0,-0.0
64100,DYNAMIC,0.03282976150512695,0.17874851822853088,3.532989978790283,0.0,2.0,0.0,0.0,0.0,-0.0,0.0,0.0,0,SEARCH,0.0,0.0,0.0,-0.0
64150,DYNAMIC,0.013627052307128906,0.17215511202812195,3.534900188446045,0.0,2.0,0.0,0.0,0.0,-0.0,0.0,0.0,0,SEARCH,0.0,0.0,0.0,-0.0
64200,DYNAMIC,0.0005207061767578125,0.16814032196998596,3.539625406265259,0.0,2.0,0.0,0.0,0.0,-0.0,0.0,0.0,0,SEARCH,0.0,0.0,0.0,-0.0
64250,DYNAMIC,-0.020194053649902344,0.16351059079170227,3.5480470657348633,0.0,2.0,0.0,0.0,0.0,-0.0,0.0,0.0,0,SEARCH,0.0,0.0,0.0,-0.0
64301,DYNAMIC,-0.033817291259765625,0.16042861342430115,3.555311441421509,0.0,2.0,0.0,0.0,0.0,-0.0,0.0,0.0,0,SEARCH,0.0,0.0,0.0,-0.0
64350,DYNAMIC,-0.053101539611816406,0.1559593379497528,3.56903076171875,0.0,2.0,0.0,0.0,0.0,-0.0,0.0,0.0,0,SEARCH,0.0,0.0,0.0,-0.0
64401,DYNAMIC,-0.0652914047241211,0.1541418731212616,3.580838203430176,0.0,2.0,0.0,0.0,0.0,-0.0,0.0,0.0,0,SEARCH,0.0,0.0,0.0,-0.0
64450,DYNAMIC,-0.08432912826538086,0.155135840177536,3.601534128189087,0.0,2.0,0.0,0.0,0.0,-0.0,0.0,0.0,0,SEARCH,0.0,0.0,0.0,-0.0
64505,DYNAMIC,-0.09612655639648438,0.1570766270160675,3.6156909465789795,0.0,2.0,0.0,0.0,0.0,-0.0,0.0,0.0,0,SEARCH,0.0,0.0,0.0,-0.0
64551,DYNAMIC,-0.10638189315795898,0.15969684720039368,3.6270267963409424,0.0,2.0,0.0,0.0,0.0,-0.0,0.0,0.0,0,SEARCH,0.0,0.0,0.0,-0.0
64602,DYNAMIC,-0.11921977996826172,0.1642957627773285,3.6372063159942627,0.0,2.0,0.0,0.0,0.0,-0.0,0.0,0.0,0,SEARCH,0.0,0.0,0.0,-0.0
64650,DYNAMIC,-0.13071823120117188,0.16884806752204895,3.6403324604034424,0.0,2.0,0.0,0.0,0.0,-0.0,0.0,0.0,0,SEARCH,0.0,0.0,0.0,-0.0
64700,DYNAMIC,-0.13765525817871094,0.17274156212806702,3.638256311416626,0.0,2.0,0.0,0.0,0.0,-0.0,0.0,0.0,0,SEARCH,0.0,0.0,0.0,-0.0
64750,DYNAMIC,-0.1470322608947754,0.1797819435596466,3.6250696182250977,0.0,2.0,0.0,0.0,0.0,-0.0,0.0,0.0,0,SEARCH,0.0,0.0,0.0,-0.0
64800,DYNAMIC,-0.15278196334838867,0.1844957172870636,3.610379219055176,0.0,2.0,0.0,0.0,0.0,-0.0,0.0,0.0,0,SEARCH,0.0,0.0,0.0,-0.0
64850,DYNAMIC,-0.1616377830505371,0.1912480890750885,3.5826950073242188,0.0,2.0,0.0,0.0,0.0,-0.0,0.0,0.0,0,SEARCH,0.0,0.0,0.0,-0.0
64900,DYNAMIC,-0.16765785217285156,0.19589337706565857,3.562981128692627,0.0,2.0,0.0,0.0,0.0,-0.0,0.0,0.0,0,SEARCH,0.0,0.0,0.0,-0.0
64950,DYNAMIC,-0.17677640914916992,0.2026379406452179,3.5357491970062256,0.0,2.0,0.0,0.0,0.0,-0.0,0.0,0.0,0,SEARCH,0.0,0.0,0.0,-0.0
65000,DYNAMIC,-0.18287134170532227,0.20669987797737122,3.52022123336792,0.0,2.0,0.0,0.0,0.0,-0.0,0.0,0.0,0,SEARCH,0.0,0.0,0.0,-0.0
65050,DYNAMIC,-0.1922626495361328,0.2113446295261383,3.5010509490966797,0.0,2.0,0.0,0.0,0.0,-0.0,0.0,0.0,0,SEARCH,0.0,0.0,0.0,-0.0
65100,DYNAMIC,-0.19864130020141602,0.21398141980171204,3.492523431777954,0.0,2.0,0.0,0.0,0.0,-0.0,0.0,0.0,0,SEARCH,0.0,0.0,0.0,-0.0
65151,DYNAMIC,-0.20739412307739258,0.21819409728050232,3.488515853881836,0.0,2.0,0.0,0.0,0.0,-0.0,0.0,0.0,0,SEARCH,0.0,0.0,0.0,-0.0
65202,DYNAMIC,-0.21261262893676758,0.22143825888633728,3.4917685985565186,0.0,2.0,0.0,0.0,0.0,-0.0,0.0,0.0,0,SEARCH,0.0,0.0,0.0,-0.0
65251,DYNAMIC,-0.2196354866027832,0.22413775324821472,3.5035898685455322,0.0,2.0,0.0,0.0,0.0,-0.0,0.0,0.0,0,SEARCH,0.0,0.0,0.0,-0.0
65302,DYNAMIC,-0.22361993789672852,0.22521165013313293,3.5148110389709473,0.0,2.0,0.0,0.0,0.0,-0.0,0.0,0.0,0,SEARCH,0.0,0.0,0.0,-0.0
65350,DYNAMIC,-0.22869014739990234,0.22720864415168762,3.533069133758545,0.0,2.0,0.0,0.0,0.0,-0.0,0.0,0.0,0,SEARCH,0.0,0.0,0.0,-0.0
65400,DYNAMIC,-0.231719970703125,0.22886380553245544,3.545264720916748,0.0,2.0,0.0,0.0,0.0,-0.0,0.0,0.0,0,SEARCH,0.0,0.0,0.0,-0.0
65450,DYNAMIC,-0.2373199462890625,0.2299799621105194,3.56030011177063,0.0,2.0,0.0,0.0,0.0,-0.0,0.0,0.0,0,SEARCH,0.0,0.0,0.0,-0.0
65500,DYNAMIC,-0.2414841651916504,0.2301217019557953,3.5668587684631348,0.0,2.0,0.0,0.0,0.0,-0.0,0.0,0.0,0,SEARCH,0.0,0.0,0.0,-0.0
65550,DYNAMIC,-0.24780750274658203,0.23045769333839417,3.57104754447937,0.0,2.0,0.0,0.0,0.0,-0.0,0.0,0.0,0,SEARCH,0.0,0.0,0.0,-0.0
65600,DYNAMIC,-0.25209856033325195,0.23108205199241638,3.570580244064331,0.0,2.0,0.0,0.0,0.0,-0.0,0.0,0.0,0,SEARCH,0.0,0.0,0.0,-0.0
65650,DYNAMIC,-0.2590312957763672,0.23170223832130432,3.5677647590637207,0.0,2.0,0.0,0.0,0.0,-0.0,0.0,0.0,0,SEARCH,0.0,0.0,0.0,-0.0
65700,DYNAMIC,-0.26404523849487305,0.2320975363254547,3.5664892196655273,0.0,2.0,0.0,0.0,0.0,-0.0,0.0,0.0,0,SEARCH,0.0,0.0,0.0,-0.0
65750,DYNAMIC,-0.272275447845459,0.2331339418888092,3.567030906677246,0.0,2.0,0.0,0.0,0.0,-0.0,0.0,0.0,0,SEARCH,0.0,0.0,0.0,-0.0
65800,DYNAMIC,-0.2779064178466797,0.23406609892845154,3.569544553756714,0.0,2.0,0.0,0.0,0.0,-0.0,0.0,0.0,0,SEARCH,0.0,0.0,0.0,-0.0
65854,DYNAMIC,-0.2846369743347168,0.2341444194316864,3.578004837036133,0.0,2.0,0.0,0.0,0.0,-0.0,0.0,0.0,0,SEARCH,0.0,0.0,0.0,-0.0
65903,DYNAMIC,-0.29009485244750977,0.23405566811561584,3.5925850868225098,0.0,2.0,0.0,0.0,0.0,-0.0,0.0,0.0,0,SEARCH,0.0,0.0,0.0,-0.0
65950,DYNAMIC,-0.29427146911621094,0.23568680882453918,3.6181554794311523,0.0,2.0,0.0,0.0,0.0,-0.0,0.0,0.0,0,SEARCH,0.0,0.0,0.0,-0.0
66000,DYNAMIC,-0.29546642303466797,0.23807349801063538,3.6393799781799316,0.0,2.0,0.0,0.0,0.0,-0.0,0.0,0.0,0,SEARCH,0.0,0.0,0.0,-0.0
66050,DYNAMIC,-0.29471397399902344,0.24283960461616516,3.6749684810638428,0.0,2.0,0.0,0.0,0.0,-0.0,0.0,0.0,0,SEARCH,0.0,0.0,0.0,-0.0
66100,DYNAMIC,-0.29186439514160156,0.24738284945487976,3.6996641159057617,0.0,2.0,0.0,0.0,0.0,-0.0,0.0,0.0,0,SEARCH,0.0,0.0,0.0,-0.0
66150,DYNAMIC,-0.2817401885986328,0.25599607825279236,3.7351937294006348,0.0,2.0,0.0,0.0,0.0,-0.0,0.0,0.0,0,SEARCH,0.0,0.0,0.0,-0.0
66201,DYNAMIC,-0.2710709571838379,0.2627492845058441,3.756455421447754,0.0,2.0,0.0,0.0,0.0,-0.0,0.0,0.0,0,SEARCH,0.0,0.0,0.0,-0.0
66250,DYNAMIC,-0.25104522705078125,0.27378198504447937,3.7828516960144043,0.0,2.0,0.0,0.0,0.0,-0.0,0.0,0.0,0,SEARCH,0.0,0.0,0.0,-0.0
66301,DYNAMIC,-0.23487281799316406,0.28266802430152893,3.794314384460449,0.0,2.0,0.0,0.0,0.0,-0.0,0.0,0.0,0,SEARCH,0.0,0.0,0.0,-0.0
66350,DYNAMIC,-0.20546483993530273,0.2984287440776825,3.8019235134124756,0.0,2.0,0.0,0.0,0.0,-0.0,0.0,0.0,0,SEARCH,0.0,0.0,0.0,-0.0
66400,DYNAMIC,-0.1820507049560547,0.3096601665019989,3.799638509750366,0.0,2.0,0.0,0.0,0.0,-0.0,0.0,0.0,0,SEARCH,0.0,0.0,0.0,-0.0
66450,DYNAMIC,-0.1424708366394043,0.32131269574165344,3.7857840061187744,0.0,2.0,0.0,0.0,0.0,-0.0,0.0,0.0,0,SEARCH,0.0,0.0,0.0,-0.0
66510,DYNAMIC,-0.1136016845703125,0.32880106568336487,3.7736189365386963,0.0,2.0,0.0,0.0,0.0,-0.0,0.0,0.0,0,SEARCH,0.0,0.0,0.0,-0.0
66552,DYNAMIC,-0.08359193801879883,0.3385431468486786,3.7655222415924072,0.0,2.0,0.0,0.0,0.0,-0.0,0.0,0.0,0,SEARCH,0.0,0.0,0.0,-0.0
66600,DYNAMIC,-0.037428855895996094,0.35685715079307556,3.7411108016967773,0.0,2.0,0.0,0.0,0.0,-0.0,0.0,0.0,0,SEARCH,0.0,0.0,0.0,-0.0
66650,DYNAMIC,0.007816314697265625,0.36845436692237854,3.7113876342773438,0.0,2.0,0.0,0.0,0.0,-0.0,0.0,0.0,0,SEARCH,0.0,0.0,0.0,-0.0
66701,DYNAMIC,0.038765907287597656,0.375569611787796,3.6876649856567383,0.0,2.0,0.0,0.0,0.0,-0.0,0.0,0.0,0,SEARCH,0.0,0.0,0.0,-0.0
66750,DYNAMIC,0.0866081714630127,0.3859226405620575,3.6596951484680176,0.0,2.0,0.0,0.0,0.0,-0.0,0.0,0.0,0,SEARCH,0.0,0.0,0.0,-0.0
66800,DYNAMIC,0.11880230903625488,0.39355871081352234,3.6408512592315674,0.0,2.0,0.0,0.0,0.0,-0.0,0.0,0.0,0,SEARCH,0.0,0.0,0.0,-0.0
66850,DYNAMIC,0.16878366470336914,0.3957192599773407,3.616147756576538,0.0,2.0,0.0,0.0,0.0,-0.0,0.0,0.0,0,SEARCH,0.0,0.0,0.0,-0.0
66901,DYNAMIC,0.20247983932495117,0.39572271704673767,3.602158784866333,0.0,2.0,0.0,0.0,0.0,-0.0,0.0,0.0,0,SEARCH,0.0,0.0,0.0,-0.0
66950,DYNAMIC,0.2519371509552002,0.4003511369228363,3.5793190002441406,0.0,2.0,0.0,0.0,0.0,-0.0,0.0,0.0,0,SEARCH,0.0,0.0,0.0,-0.0
67000,DYNAMIC,0.2840719223022461,0.40627673268318176,3.5638630390167236,0.0,2.0,0.0,0.0,0.0,-0.0,0.0,0.0,0,SEARCH,0.0,0.0,0.0,-0.0
67050,DYNAMIC,0.3330495357513428,0.40682658553123474,3.5329761505126953,0.0,2.0,0.0,0.0,0.0,-0.0,0.0,0.0,0,SEARCH,0.0,0.0,0.0,-0.0
67100,DYNAMIC,0.3668849468231201,0.402300626039505,3.5076193809509277,0.0,2.0,0.0,0.0,0.0,-0.0,0.0,0.0,0,SEARCH,0.0,0.0,0.0,-0.0
67152,DYNAMIC,0.4192218780517578,0.4002990424633026,3.4744656085968018,0.0,2.0,0.0,0.0,0.0,-0.0,0.0,0.0,0,SEARCH,0.0,0.0,0.0,-0.0
67202,DYNAMIC,0.4546775817871094,0.4028990566730499,3.4570958614349365,0.0,2.0,0.0,0.0,0.0,-0.0,0.0,0.0,0,SEARCH,0.0,0.0,0.0,-0.0
67250,DYNAMIC,0.5103435516357422,0.40357688069343567,3.4336979389190674,0.0,2.0,0.0,0.0,0.0,-0.0,0.0,0.0,0,SEARCH,0.0,0.0,0.0,-0.0
67301,DYNAMIC,0.5470724105834961,0.4045015871524811,3.418510675430298,0.0,2.0,0.0,0.0,0.0,-0.0,0.0,0.0,0,SEARCH,0.0,0.0,0.0,-0.0
67350,DYNAMIC,0.6001920700073242,0.4098239243030548,3.390933036804199,0.0,2.0,0.0,0.0,0.0,-0.0,0.0,0.0,0,SEARCH,0.0,0.0,0.0,-0.0
67400,DYNAMIC,0.6351175308227539,0.41602686047554016,3.374875783920288,0.0,2.0,0.0,0.0,0.0,-0.0,0.0,0.0,0,SEARCH,0.0,0.0,0.0,-0.0
67450,DYNAMIC,0.69069504737854,0.4151395261287689,3.352714776992798,0.0,2.0,0.0,0.0,0.0,-0.0,0.0,0.0,0,SEARCH,0.0,0.0,0.0,-0.0
67500,DYNAMIC,0.7274041175842285,0.41196736693382263,3.3383774757385254,0.0,2.0,0.0,0.0,0.0,-0.0,0.0,0.0,0,SEARCH,0.0,0.0,0.0,-0.0
67550,DYNAMIC,0.7797949314117432,0.40806934237480164,3.323298215866089,0.0,2.0,0.0,0.0,0.0,-0.0,0.0,0.0,0,SEARCH,0.0,0.0,0.0,-0.0
67600,DYNAMIC,0.8130044937133789,0.40685078501701355,3.3141214847564697,0.0,2.0,0.0,0.0,0.0,-0.0,0.0,0.0,0,SEARCH,0.0,0.0,0.0,-0.0
67650,DYNAMIC,0.8628997802734375,0.40170207619667053,3.302248001098633,0.0,2.0,0.0,0.0,0.0,-0.0,0.0,0.0,0,SEARCH,0.0,0.0,0.0,-0.0
67706,DYNAMIC,0.8962466716766357,0.39504560828208923,3.300563335418701,0.0,2.0,0.0,0.0,0.0,-0.0,0.0,0.0,0,SEARCH,0.0,0.0,0.0,-0.0
67753,DYNAMIC,0.9441742897033691,0.3848251402378082,3.306617021560669,0.0,2.0,0.0,0.0,0.0,-0.0,0.0,0.0,0,SEARCH,0.0,0.0,0.0,-0.0
67801,DYNAMIC,0.9752054214477539,0.3780879080295563,3.32053542137146,0.0,2.0,0.0,0.0,0.0,-0.0,0.0,0.0,0,SEARCH,0.0,0.0,0.0,-0.0
67850,DYNAMIC,1.0244090557098389,0.36239615082740784,3.3523385524749756,0.0,2.0,0.0,0.0,0.0,-0.0,0.0,0.0,0,SEARCH,0.0,0.0,0.0,-0.0
67901,DYNAMIC,1.0557982921600342,0.3497898280620575,3.3743956089019775,0.0,2.0,0.0,0.0,0.0,-0.0,0.0,0.0,0,SEARCH,0.0,0.0,0.0,-0.0
67950,DYNAMIC,1.0971565246582031,0.3284502327442169,3.404965400695801,0.0,2.0,0.0,0.0,0.0,-0.0,0.0,0.0,0,SEARCH,0.0,0.0,0.0,-0.0
68001,DYNAMIC,1.121656894683838,0.3137780725955963,3.4235246181488037,0.0,2.0,0.0,0.0,0.0,-0.0,0.0,0.0,0,SEARCH,0.0,0.0,0.0,-0.0
68050,DYNAMIC,1.1569616794586182,0.29218360781669617,3.439727306365967,0.0,2.0,0.0,0.0,0.0,-0.0,0.0,0.0,0,SEARCH,0.0,0.0,0.0,-0.0
68100,DYNAMIC,1.1786868572235107,0.2773900330066681,3.443787097930908,0.0,2.0,0.0,0.0,0.0,-0.0,0.0,0.0,0,SEARCH,0.0,0.0,0.0,-0.0
68150,DYNAMIC,1.20450758934021,0.2446666657924652,3.5009992122650146,0.0,2.0,0.0,0.0,0.0,-0.0,0.0,0.0,0,SEARCH,0.0,0.0,0.0,-0.0
68201,DYNAMIC,1.2190377712249756,0.2230677306652069,3.5383641719818115,0.0,2.0,0.0,0.0,0.0,-0.0,0.0,0.0,0,SEARCH,0.0,0.0,0.0,-0.0
68250,DYNAMIC,1.2418262958526611,0.1953507959842682,3.5758118629455566,0.0,2.0,0.0,0.0,0.0,-0.0,0.0,0.0,0,SEARCH,0.0,0.0,0.0,-0.0
68303,DYNAMIC,1.2509243488311768,0.17607000470161438,3.591743230819702,0.0,2.0,0.0,0.0,0.0,-0.0,0.0,0.0,0,SEARCH,0.0,0.0,0.0,-0.0
68352,DYNAMIC,1.2573294639587402,0.15086206793785095,3.611262559890747,0.0,2.0,0.0,0.0,0.0,-0.0,0.0,0.0,0,SEARCH,0.0,0.0,0.0,-0.0
68401,DYNAMIC,1.2555427551269531,0.13309559226036072,3.613569498062134,0.0,2.0,0.0,0.0,0.0,-0.0,0.0,0.0,0,SEARCH,0.0,0.0,0.0,-0.0
68450,DYNAMIC,1.2544293403625488,0.10906299948692322,3.6007909774780273,0.0,2.0,0.0,0.0,0.0,-0.0,0.0,0.0,0,SEARCH,0.0,0.0,0.0,-0.0
68500,DYNAMIC,1.260542869567871,0.09573718905448914,3.588860273361206,0.0,2.0,0.0,0.0,0.0,-0.0,0.0,0.0,0,SEARCH,0.0,0.0,0.0,-0.0
68550,DYNAMIC,1.2719693183898926,0.08030912280082703,3.57656192779541,0.0,2.0,0.0,0.0,0.0,-0.0,0.0,0.0,0,SEARCH,0.0,0.0,0.0,-0.0
68600,DYNAMIC,1.2761483192443848,0.06937095522880554,3.5789783000946045,0.0,2.0,0.0,0.0,0.0,-0.0,0.0,0.0,0,SEARCH,0.0,0.0,0.0,-0.0
68650,DYNAMIC,1.281130075454712,0.0610005259513855,3.580561876296997,0.0,2.0,0.0,0.0,0.0,-0.0,0.0,0.0,0,SEARCH,0.0,0.0,0.0,-0.0
68701,DYNAMIC,1.2848167419433594,0.05801224708557129,3.581716537475586,0.0,2.0,0.0,0.0,0.0,-0.0,0.0,0.0,0,SEARCH,0.0,0.0,0.0,-0.0
68750,DYNAMIC,1.286724328994751,0.050111353397369385,3.5808887481689453,0.0,2.0,0.0,0.0,0.0,-0.0,0.0,0.0,0,SEARCH,0.0,0.0,0.0,-0.0
68800,DYNAMIC,1.2885799407958984,0.04494476318359375,3.5812292098999023,0.0,2.0,0.0,0.0,0.0,-0.0,0.0,0.0,0,SEARCH,0.0,0.0,0.0,-0.0
68861,DYNAMIC,1.2925844192504883,0.039920955896377563,3.5808043479919434,0.0,2.0,0.0,0.0,0.0,-0.0,0.0,0.0,0,SEARCH,0.0,0.0,0.0,-0.0
68904,DYNAMIC,1.29396653175354,0.03624236583709717,3.580545425415039,0.0,2.0,0.0,0.0,0.0,-0.0,0.0,0.0,0,SEARCH,0.0,0.0,0.0,-0.0
68950,DYNAMIC,1.2970936298370361,0.030294835567474365,3.5804309844970703,0.0,2.0,0.0,0.0,0.0,-0.0,0.0,0.0,0,SEARCH,0.0,0.0,0.0,-0.0
69000,DYNAMIC,1.2991821765899658,0.025737792253494263,3.5801589488983154,0.0,2.0,0.0,0.0,0.0,-0.0,0.0,0.0,0,SEARCH,0.0,0.0,0.0,-0.0
69050,DYNAMIC,1.299652099609375,0.021837949752807617,3.579983949661255,0.0,2.0,0.0,0.0,0.0,-0.0,0.0,0.0,0,SEARCH,0.0,0.0,0.0,-0.0
69103,DYNAMIC,1.2998542785644531,0.01995334029197693,3.5799307823181152,0.0,2.0,0.0,0.0,0.0,-0.0,0.0,0.0,0,SEARCH,0.0,0.0,0.0,-0.0
69150,DYNAMIC,1.3000261783599854,0.015664666891098022,3.5797314643859863,0.0,2.0,0.0,0.0,0.0,-0.0,0.0,0.0,0,SEARCH,0.0,0.0,0.0,-0.0
69200,DYNAMIC,1.3003954887390137,0.012108862400054932,3.579636812210083,0.0,2.0,0.0,0.0,0.0,-0.0,0.0,0.0,0,SEARCH,0.0,0.0,0.0,-0.0
69251,DYNAMIC,1.300607442855835,0.010430634021759033,3.57951283454895,0.0,2.0,0.0,0.0,0.0,-0.0,0.0,0.0,0,SEARCH,0.0,0.0,0.0,-0.0
69302,DYNAMIC,1.3005468845367432,0.009831815958023071,3.579479694366455,0.0,2.0,0.0,0.0,0.0,-0.0,0.0,0.0,0,SEARCH,0.0,0.0,0.0,-0.0
69350,DYNAMIC,1.3009676933288574,0.00754585862159729,3.579387664794922,0.0,2.0,0.0,0.0,0.0,-0.0,0.0,0.0,0,SEARCH,0.0,0.0,0.0,-0.0
69406,DYNAMIC,1.301363229751587,0.005120903253555298,3.5793297290802,0.0,2.0,0.0,0.0,0.0,-0.0,0.0,0.0,0,SEARCH,0.0,0.0,0.0,-0.0
69450,DYNAMIC,1.3010423183441162,0.004702508449554443,3.579317092895508,0.0,2.0,0.0,0.0,0.0,-0.0,0.0,0.0,0,SEARCH,0.0,0.0,0.0,-0.0
69500,DYNAMIC,1.3006634712219238,0.004786849021911621,3.5792088508605957,0.0,2.0,0.0,0.0,0.0,-0.0,0.0,0.0,0,SEARCH,0.0,0.0,0.0,-0.0
69550,DYNAMIC,1.3003427982330322,0.003414630889892578,3.5792644023895264,0.0,2.0,0.0,0.0,0.0,-0.0,0.0,0.0,0,SEARCH,0.0,0.0,0.0,-0.0
69601,DYNAMIC,1.3003058433532715,0.0016414821147918701,3.579444169998169,0.0,2.0,0.0,0.0,0.0,-0.0,0.0,0.0,0,SEARCH,0.0,0.0,0.0,-0.0
69650,DYNAMIC,1.2994444370269775,0.002201378345489502,3.5794970989227295,0.0,2.0,0.0,0.0,0.0,-0.0,0.0,0.0,0,SEARCH,0.0,0.0,0.0,-0.0
69703,DYNAMIC,1.299008846282959,0.0029817521572113037,3.5793206691741943,0.0,2.0,0.0,0.0,0.0,-0.0,0.0,0.0,0,SEARCH,0.0,0.0,0.0,-0.0
69750,DYNAMIC,1.2985622882843018,0.0026814639568328857,3.579376220703125,0.0,2.0,0.0,0.0,0.0,-0.0,0.0,0.0,0,SEARCH,0.0,0.0,0.0,-0.0
69802,DYNAMIC,1.2984485626220703,0.0014230012893676758,3.579197406768799,0.0,2.0,0.0,0.0,0.0,-0.0,0.0,0.0,0,SEARCH,0.0,0.0,0.0,-0.0
69850,DYNAMIC,1.297684669494629,0.0028295516967773438,3.5797998905181885,0.0,2.0,0.0,0.0,0.0,-0.0,0.0,0.0,0,SEARCH,0.0,0.0,0.0,-0.0
69905,DYNAMIC,1.297220230102539,0.0037720203399658203,3.5793421268463135,0.0,2.0,0.0,0.0,0.0,-0.0,0.0,0.0,0,SEARCH,0.0,0.0,0.0,-0.0
69950,DYNAMIC,1.2972311973571777,0.004021316766738892,3.5794894695281982,0.0,2.0,0.0,0.0,0.0,-0.0,0.0,0.0,0,SEARCH,0.0,0.0,0.0,-0.0
70015,DYNAMIC,1.297212839126587,0.003098219633102417,3.579369068145752,0.0,2.0,0.0,0.0,0.0,-0.0,0.0,0.0,0,SEARCH,0.0,0.0,0.0,-0.0
70052,DYNAMIC,1.2968525886535645,0.005016535520553589,3.5792646408081055,0.0,2.0,0.0,0.0,0.0,-0.0,0.0,0.0,0,SEARCH,0.0,0.0,0.0,-0.0
70102,DYNAMIC,1.2963693141937256,0.006629467010498047,3.579625368118286,0.0,2.0,0.0,0.0,0.0,-0.0,0.0,0.0,0,SEARCH,0.0,0.0,0.0,-0.0
70151,DYNAMIC,1.2960453033447266,0.007349759340286255,3.579643487930298,0.0,2.0,0.0,0.0,0.0,-0.0,0.0,0.0,0,SEARCH,0.0,0.0,0.0,-0.0
70204,DYNAMIC,1.2963435649871826,0.006982475519180298,3.579314947128296,0.0,2.0,0.0,0.0,0.0,-0.0,0.0,0.0,0,SEARCH,0.0,0.0,0.0,-0.0
70250,DYNAMIC,1.2975826263427734,0.009667843580245972,3.578617811203003,0.0,2.0,0.0,0.0,0.0,-0.0,0.0,0.0,0,SEARCH,0.0,0.0,0.0,-0.0
70301,DYNAMIC,1.2987561225891113,0.01114693284034729,3.5785467624664307,0.0,2.0,0.0,0.0,0.0,-0.0,0.0,0.0,0,SEARCH,0.0,0.0,0.0,-0.0
70350,DYNAMIC,1.300032377243042,0.011777520179748535,3.578378915786743,0.0,2.0,0.0,0.0,0.0,-0.0,0.0,0.0,0,SEARCH,0.0,0.0,0.0,-0.0
70402,DYNAMIC,1.3008534908294678,0.011431187391281128,3.578666925430298,0.0,2.0,0.0,0.0,0.0,-0.0,0.0,0.0,0,SEARCH,0.0,0.0,0.0,-0.0
70450,DYNAMIC,1.3011295795440674,0.013383746147155762,3.5787816047668457,0.0,2.0,0.0,0.0,0.0,-0.0,0.0,0.0,0,SEARCH,0.0,0.0,0.0,-0.0
70501,DYNAMIC,1.3012878894805908,0.01501646637916565,3.5787882804870605,0.0,2.0,0.0,0.0,0.0,-0.0,0.0,0.0,0,SEARCH,0.0,0.0,0.0,-0.0
70550,DYNAMIC,1.3024890422821045,0.01610317826271057,3.578458786010742,0.0,2.0,0.0,0.0,0.0,-0.0,0.0,0.0,0,SEARCH,0.0,0.0,0.0,-0.0
70613,DYNAMIC,1.302992582321167,0.01575431227684021,3.5784308910369873,0.0,2.0,0.0,0.0,0.0,-0.0,0.0,0.0,0,SEARCH,0.0,0.0,0.0,-0.0
70650,DYNAMIC,1.3023674488067627,0.01777300238609314,3.578587770462036,0.0,2.0,0.0,0.0,0.0,-0.0,0.0,0.0,0,SEARCH,0.0,0.0,0.0,-0.0
70701,DYNAMIC,1.3019983768463135,0.019575566053390503,3.5784730911254883,0.0,2.0,0.0,0.0,0.0,-0.0,0.0,0.0,0,SEARCH,0.0,0.0,0.0,-0.0
70750,DYNAMIC,1.3013145923614502,0.020635932683944702,3.5784966945648193,0.0,2.0,0.0,0.0,0.0,-0.0,0.0,0.0,0,SEARCH,0.0,0.0,0.0,-0.0
70803,DYNAMIC,1.3012149333953857,0.020634442567825317,3.578691244125366,0.0,2.0,0.0,0.0,0.0,-0.0,0.0,0.0,0,SEARCH,0.0,0.0,0.0,-0.0
70850,DYNAMIC,1.299455165863037,0.02317926287651062,3.578707695007324,0.0,2.0,0.0,0.0,0.0,-0.0,0.0,0.0,0,SEARCH,0.0,0.0,0.0,-0.0
70901,DYNAMIC,1.2979538440704346,0.025132685899734497,3.5785815715789795,0.0,2.0,0.0,0.0,0.0,-0.0,0.0,0.0,0,SEARCH,0.0,0.0,0.0,-0.0
70950,DYNAMIC,1.2962284088134766,0.026782482862472534,3.5786101818084717,0.0,2.0,0.0,0.0,0.0,-0.0,0.0,0.0,0,SEARCH,0.0,0.0,0.0,-0.0
71001,DYNAMIC,1.295271873474121,0.027063637971878052,3.578732490539551,0.0,2.0,0.0,0.0,0.0,-0.0,0.0,0.0,0,SEARCH,0.0,0.0,0.0,-0.0
71050,DYNAMIC,1.2929916381835938,0.028439760208129883,3.578761100769043,0.0,2.0,0.0,0.0,0.0,-0.0,0.0,0.0,0,SEARCH,0.0,0.0,0.0,-0.0
71102,DYNAMIC,1.2909739017486572,0.029980897903442383,3.5787241458892822,0.0,2.0,0.0,0.0,0.0,-0.0,0.0,0.0,0,SEARCH,0.0,0.0,0.0,-0.0
71150,DYNAMIC,1.2885141372680664,0.030783891677856445,3.578622341156006,0.0,2.0,0.0,0.0,0.0,-0.0,0.0,0.0,0,SEARCH,0.0,0.0,0.0,-0.0
71214,DYNAMIC,1.287492275238037,0.030823498964309692,3.578763961791992,0.0,2.0,0.0,0.0,0.0,-0.0,0.0,0.0,0,SEARCH,0.0,0.0,0.0,-0.0
71255,DYNAMIC,1.2824301719665527,0.03379818797111511,3.578828811645508,0.0,2.0,0.0,0.0,0.0,-0.0,0.0,0.0,0,SEARCH,0.0,0.0,0.0,-0.0
71303,DYNAMIC,1.2793140411376953,0.035475701093673706,3.5787112712860107,0.0,2.0,0.0,0.0,0.0,-0.0,0.0,0.0,0,SEARCH,0.0,0.0,0.0,-0.0
71350,DYNAMIC,1.275331735610962,0.036913663148880005,3.5788414478302,0.0,2.0,0.0,0.0,0.0,-0.0,0.0,0.0,0,SEARCH,0.0,0.0,0.0,-0.0
71404,DYNAMIC,1.2729601860046387,0.03718078136444092,3.578946352005005,0.0,2.0,0.0,0.0,0.0,-0.0,0.0,0.0,0,SEARCH,0.0,0.0,0.0,-0.0
71450,DYNAMIC,1.2703263759613037,0.03933262825012207,3.5789222717285156,0.0,2.0,0.0,0.0,0.0,-0.0,0.0,0.0,0,SEARCH,0.0,0.0,0.0,-0.0
71501,DYNAMIC,1.2688963413238525,0.040866702795028687,3.5790257453918457,0.0,2.0,0.0,0.0,0.0,-0.0,0.0,0.0,0,SEARCH,0.0,0.0,0.0,-0.0
71550,DYNAMIC,1.2670729160308838,0.042121559381484985,3.579089879989624,0.0,2.0,0.0,0.0,0.0,-0.0,0.0,0.0,0,SEARCH,0.0,0.0,0.0,-0.0
71604,DYNAMIC,1.2660484313964844,0.042315393686294556,3.579103946685791,0.0,2.0,0.0,0.0,0.0,-0.0,0.0,0.0,0,SEARCH,0.0,0.0,0.0,-0.0
71650,DYNAMIC,1.2664389610290527,0.04508373141288757,3.579210042953491,0.0,2.0,0.0,0.0,0.0,-0.0,0.0,0.0,0,SEARCH,0.0,0.0,0.0,-0.0
71704,DYNAMIC,1.2672784328460693,0.04746326804161072,3.5793087482452393,0.0,2.0,0.0,0.0,0.0,-0.0,0.0,0.0,0,SEARCH,0.0,0.0,0.0,-0.0
71754,DYNAMIC,1.2686123847961426,0.04977607727050781,3.579294204711914,0.0,2.0,0.0,0.0,0.0,-0.0,0.0,0.0,0,SEARCH,0.0,0.0,0.0,-0.0
71805,DYNAMIC,1.2695469856262207,0.050646692514419556,3.579441785812378,0.0,2.0,0.0,0.0,0.0,-0.0,0.0,0.0,0,SEARCH,0.0,0.0,0.0,-0.0
71851,DYNAMIC,1.271101713180542,0.05444204807281494,3.5796256065368652,0.0,2.0,0.0,0.0,0.0,-0.0,0.0,0.0,0,SEARCH,0.0,0.0,0.0,-0.0
71905,DYNAMIC,1.2721519470214844,0.05665808916091919,3.579481840133667,0.0,2.0,0.0,0.0,0.0,-0.0,0.0,0.0,0,SEARCH,0.0,0.0,0.0,-0.0
71950,DYNAMIC,1.2737727165222168,0.059031784534454346,3.57956600189209,0.0,2.0,0.0,0.0,0.0,-0.0,0.0,0.0,0,SEARCH,0.0,0.0,0.0,-0.0
72003,DYNAMIC,1.274834156036377,0.06006431579589844,3.579798460006714,0.0,2.0,0.0,0.0,0.0,-0.0,0.0,0.0,0,SEARCH,0.0,0.0,0.0,-0.0
72050,DYNAMIC,1.2754762172698975,0.06289508938789368,3.5798377990722656,0.0,2.0,0.0,0.0,0.0,-0.0,0.0,0.0,0,SEARCH,0.0,0.0,0.0,-0.0
72102,DYNAMIC,1.2756423950195312,0.0648532509803772,3.5798568725585938,0.0,2.0,0.0,0.0,0.0,-0.0,0.0,0.0,0,SEARCH,0.0,0.0,0.0,-0.0
72150,DYNAMIC,1.2760322093963623,0.06688392162322998,3.5799508094787598,0.0,2.0,0.0,0.0,0.0,-0.0,0.0,0.0,0,SEARCH,0.0,0.0,0.0,-0.0
72202,DYNAMIC,1.2763659954071045,0.06777673959732056,3.580018997192383,0.0,2.0,0.0,0.0,0.0,-0.0,0.0,0.0,0,SEARCH,0.0,0.0,0.0,-0.0
72250,DYNAMIC,1.275636911392212,0.0706707239151001,3.5801072120666504,0.0,2.0,0.0,0.0,0.0,-0.0,0.0,0.0,0,SEARCH,0.0,0.0,0.0,-0.0
72303,DYNAMIC,1.2749061584472656,0.07275021076202393,3.580122709274292,0.0,2.0,0.0,0.0,0.0,-0.0,0.0,0.0,0,SEARCH,0.0,0.0,0.0,-0.0
72350,DYNAMIC,1.2740223407745361,0.07506188750267029,3.5802059173583984,0.0,2.0,0.0,0.0,0.0,-0.0,0.0,0.0,0,SEARCH,0.0,0.0,0.0,-0.0
72409,DYNAMIC,1.273580551147461,0.07612574100494385,3.5802736282348633,0.0,2.0,0.0,0.0,0.0,-0.0,0.0,0.0,0,SEARCH,0.0,0.0,0.0,-0.0
72451,DYNAMIC,1.272709846496582,0.07903739809989929,3.580374240875244,0.0,2.0,0.0,0.0,0.0,-0.0,0.0,0.0,0,SEARCH,0.0,0.0,0.0,-0.0
72503,DYNAMIC,1.272130012512207,0.08109986782073975,3.580420732498169,0.0,2.0,0.0,0.0,0.0,-0.0,0.0,0.0,0,SEARCH,0.0,0.0,0.0,-0.0
72551,DYNAMIC,1.2714817523956299,0.08345046639442444,3.580521821975708,0.0,2.0,0.0,0.0,0.0,-0.0,0.0,0.0,0,SEARCH,0.0,0.0,0.0,-0.0
72604,DYNAMIC,1.2711431980133057,0.08458122611045837,3.5805959701538086,0.0,2.0,0.0,0.0,0.0,-0.0,0.0,0.0,0,SEARCH,0.0,0.0,0.0,-0.0
72650,DYNAMIC,1.2697243690490723,0.08749988675117493,3.5807042121887207,0.0,2.0,0.0,0.0,0.0,-0.0,0.0,0.0,0,SEARCH,0.0,0.0,0.0,-0.0
72703,DYNAMIC,1.2685894966125488,0.08953016996383667,3.5807864665985107,0.0,2.0,0.0,0.0,0.0,-0.0,0.0,0.0,0,SEARCH,0.0,0.0,0.0,-0.0
72750,DYNAMIC,1.267146110534668,0.09192833304405212,3.580887794494629,0.0,2.0,0.0,0.0,0.0,-0.0,0.0,0.0,0,SEARCH,0.0,0.0,0.0,-0.0
72802,DYNAMIC,1.2663030624389648,0.09315532445907593,3.5809500217437744,0.0,2.0,0.0,0.0,0.0,-0.0,0.0,0.0,0,SEARCH,0.0,0.0,0.0,-0.0
72850,DYNAMIC,1.265049934387207,0.09597870707511902,3.581059694290161,0.0,2.0,0.0,0.0,0.0,-0.0,0.0,0.0,0,SEARCH,0.0,0.0,0.0,-0.0
72900,DYNAMIC,1.264272689819336,0.09793207049369812,3.5811328887939453,0.0,2.0,0.0,0.0,0.0,-0.0,0.0,0.0,0,SEARCH,0.0,0.0,0.0,-0.0
72950,DYNAMIC,1.263258934020996,0.10028067231178284,3.581217050552368,0.0,2.0,0.0,0.0,0.0,-0.0,0.0,0.0,0,SEARCH,0.0,0.0,0.0,-0.0
73003,DYNAMIC,1.2626922130584717,0.10150113701820374,3.5812790393829346,0.0,2.0,0.0,0.0,0.0,-0.0,0.0,0.0,0,SEARCH,0.0,0.0,0.0,-0.0
73055,DYNAMIC,1.2620203495025635,0.10318216681480408,3.5813724994659424,0.0,2.0,0.0,0.0,0.0,-0.0,0.0,0.0,0,SEARCH,0.0,0.0,0.0,-0.0
73103,DYNAMIC,1.2613909244537354,0.10513481497764587,3.5814707279205322,0.0,2.0,0.0,0.0,0.0,-0.0,0.0,0.0,0,SEARCH,0.0,0.0,0.0,-0.0
73150,DYNAMIC,1.2607738971710205,0.10693928599357605,3.5815587043762207,0.0,2.0,0.0,0.0,0.0,-0.0,0.0,0.0,0,SEARCH,0.0,0.0,0.0,-0.0
73204,DYNAMIC,1.260443925857544,0.1078747808933258,3.581603527069092,0.0,2.0,0.0,0.0,0.0,-0.0,0.0,0.0,0,SEARCH,0.0,0.0,0.0,-0.0
73250,DYNAMIC,1.2597661018371582,0.11015656590461731,3.5816893577575684,0.0,2.0,0.0,0.0,0.0,-0.0,0.0,0.0,0,SEARCH,0.0,0.0,0.0,-0.0
73302,DYNAMIC,1.2593262195587158,0.11175563931465149,3.5817604064941406,0.0,2.0,0.0,0.0,0.0,-0.0,0.0,0.0,0,SEARCH,0.0,0.0,0.0,-0.0
73350,DYNAMIC,1.258782148361206,0.11373493075370789,3.581838369369507,0.0,2.0,0.0,0.0,0.0,-0.0,0.0,0.0,0,SEARCH,0.0,0.0,0.0,-0.0
73403,DYNAMIC,1.258486270904541,0.11482599377632141,3.5819103717803955,0.0,2.0,0.0,0.0,0.0,-0.0,0.0,0.0,0,SEARCH,0.0,0.0,0.0,-0.0
73450,DYNAMIC,1.257756233215332,0.11697033047676086,3.5820255279541016,0.0,2.0,0.0,0.0,0.0,-0.0,0.0,0.0,0,SEARCH,0.0,0.0,0.0,-0.0
73504,DYNAMIC,1.2572195529937744,0.11841681599617004,3.5820977687835693,0.0,2.0,0.0,0.0,0.0,-0.0,0.0,0.0,0,SEARCH,0.0,0.0,0.0,-0.0
73550,DYNAMIC,1.256518840789795,0.12025800347328186,3.582181215286255,0.0,2.0,0.0,0.0,0.0,-0.0,0.0,0.0,0,SEARCH,0.0,0.0,0.0,-0.0
73617,DYNAMIC,1.256136178970337,0.1212795078754425,3.58223819732666,0.0,2.0,0.0,0.0,0.0,-0.0,0.0,0.0,0,SEARCH,0.0,0.0,0.0,-0.0
73651,DYNAMIC,1.2552974224090576,0.123525470495224,3.582334518432617,0.0,2.0,0.0,0.0,0.0,-0.0,0.0,0.0,0,SEARCH,0.0,0.0,0.0,-0.0
73702,DYNAMIC,1.2547080516815186,0.12509402632713318,3.5823822021484375,0.0,2.0,0.0,0.0,0.0,-0.0,0.0,0.0,0,SEARCH,0.0,0.0,0.0,-0.0
73750,DYNAMIC,1.253931999206543,0.12716278433799744,3.5824718475341797,0.0,2.0,0.0,0.0,0.0,-0.0,0.0,0.0,0,SEARCH,0.0,0.0,0.0,-0.0
73804,DYNAMIC,1.2534763813018799,0.12838056683540344,3.5825700759887695,0.0,2.0,0.0,0.0,0.0,-0.0,0.0,0.0,0,SEARCH,0.0,0.0,0.0,-0.0
73850,DYNAMIC,1.2532200813293457,0.13028737902641296,3.5826313495635986,0.0,2.0,0.0,0.0,0.0,-0.0,0.0,0.0,0,SEARCH,0.0,0.0,0.0,-0.0
73904,DYNAMIC,1.2531166076660156,0.13143202662467957,3.5826797485351562,0.0,2.0,0.0,0.0,0.0,-0.0,0.0,0.0,0,SEARCH,0.0,0.0,0.0,-0.0
73950,DYNAMIC,1.2529704570770264,0.13296648859977722,3.582791566848755,0.0,2.0,0.0,0.0,0.0,-0.0,0.0,0.0,0,SEARCH,0.0,0.0,0.0,-0.0
74003,DYNAMIC,1.2528777122497559,0.13388726115226746,3.582841396331787,0.0,2.0,0.0,0.0,0.0,-0.0,0.0,0.0,0,SEARCH,0.0,0.0,0.0,-0.0
74050,DYNAMIC,1.2527499198913574,0.13538381457328796,3.582911491394043,0.0,2.0,0.0,0.0,0.0,-0.0,0.0,0.0,0,SEARCH,0.0,0.0,0.0,-0.0
74101,DYNAMIC,1.2526531219482422,0.13643845915794373,3.5829741954803467,0.0,2.0,0.0,0.0,0.0,-0.0,0.0,0.0,0,SEARCH,0.0,0.0,0.0,-0.0
74150,DYNAMIC,1.2525033950805664,0.13788607716560364,3.583038091659546,0.0,2.0,0.0,0.0,0.0,-0.0,0.0,0.0,0,SEARCH,0.0,0.0,0.0,-0.0
74204,DYNAMIC,1.2524173259735107,0.1387605369091034,3.5831055641174316,0.0,2.0,0.0,0.0,0.0,-0.0,0.0,0.0,0,SEARCH,0.0,0.0,0.0,-0.0
74253,DYNAMIC,1.2523245811462402,0.1397571861743927,3.583144426345825,0.0,2.0,0.0,0.0,0.0,-0.0,0.0,0.0,0,SEARCH,0.0,0.0,0.0,-0.0
74309,DYNAMIC,1.2522096633911133,0.14133891463279724,3.583183526992798,0.0,2.0,0.0,0.0,0.0,-0.0,0.0,0.0,0,SEARCH,0.0,0.0,0.0,-0.0
74351,DYNAMIC,1.2520942687988281,0.14280137419700623,3.583261251449585,0.0,2.0,0.0,0.0,0.0,-0.0,0.0,0.0,0,SEARCH,0.0,0.0,0.0,-0.0
74402,DYNAMIC,1.2520325183868408,0.14372673630714417,3.5833303928375244,0.0,2.0,0.0,0.0,0.0,-0.0,0.0,0.0,0,SEARCH,0.0,0.0,0.0,-0.0
74450,DYNAMIC,1.2512335777282715,0.14490380883216858,3.5834131240844727,0.0,2.0,0.0,0.0,0.0,-0.0,0.0,0.0,0,SEARCH,0.0,0.0,0.0,-0.0
74504,DYNAMIC,1.2505221366882324,0.1456124484539032,3.583465814590454,0.0,2.0,0.0,0.0,0.0,-0.0,0.0,0.0,0,SEARCH,0.0,0.0,0.0,-0.0
74550,DYNAMIC,1.249525785446167,0.14667412638664246,3.583554983139038,0.0,2.0,0.0,0.0,0.0,-0.0,0.0,0.0,0,SEARCH,0.0,0.0,0.0,-0.0
74602,DYNAMIC,1.2488884925842285,0.14738169312477112,3.5835955142974854,0.0,2.0,0.0,0.0,0.0,-0.0,0.0,0.0,0,SEARCH,0.0,0.0,0.0,-0.0
74650,DYNAMIC,1.249070644378662,0.14851346611976624,3.5836591720581055,0.0,2.0,0.0,0.0,0.0,-0.0,0.0,0.0,0,SEARCH,0.0,0.0,0.0,-0.0
74701,DYNAMIC,1.2494845390319824,0.1492886245250702,3.583721160888672,0.0,2.0,0.0,0.0,0.0,-0.0,0.0,0.0,0,SEARCH,0.0,0.0,0.0,-0.0
74750,DYNAMIC,1.249993085861206,0.15046796202659607,3.5837957859039307,0.0,2.0,0.0,0.0,0.0,-0.0,0.0,0.0,0,SEARCH,0.0,0.0,0.0,-0.0
74802,DYNAMIC,1.2502782344818115,0.15125569701194763,3.5838332176208496,0.0,2.0,0.0,0.0,0.0,-0.0,0.0,0.0,0,SEARCH,0.0,0.0,0.0,-0.0
74850,DYNAMIC,1.2506194114685059,0.15218916535377502,3.58390212059021,0.0,2.0,0.0,0.0,0.0,-0.0,0.0,0.0,0,SEARCH,0.0,0.0,0.0,-0.0
74904,DYNAMIC,1.2508089542388916,0.15275725722312927,3.5839505195617676,0.0,2.0,0.0,0.0,0.0,-0.0,0.0,0.0,0,SEARCH,0.0,0.0,0.0,-0.0
74954,DYNAMIC,1.2510294914245605,0.15352466702461243,3.584033250808716,0.0,2.0,0.0,0.0,0.0,-0.0,0.0,0.0,0,SEARCH,0.0,0.0,0.0,-0.0
75003,DYNAMIC,1.2512271404266357,0.15433022379875183,3.5840675830841064,0.0,2.0,0.0,0.0,0.0,-0.0,0.0,0.0,0,SEARCH,0.0,0.0,0.0,-0.0
75050,DYNAMIC,1.2513914108276367,0.15509209036827087,3.584138870239258,0.0,2.0,0.0,0.0,0.0,-0.0,0.0,0.0,0,SEARCH,0.0,0.0,0.0,-0.0
75101,DYNAMIC,1.2514708042144775,0.15547308325767517,3.5842177867889404,0.0,2.0,0.0,0.0,0.0,-0.0,0.0,0.0,0,SEARCH,0.0,0.0,0.0,-0.0
75150,DYNAMIC,1.251558542251587,0.1561385691165924,3.584280490875244,0.0,2.0,0.0,0.0,0.0,-0.0,0.0,0.0,0,SEARCH,0.0,0.0,0.0,-0.0
75202,DYNAMIC,1.2515811920166016,0.15664967894554138,3.5843212604522705,0.0,2.0,0.0,0.0,0.0,-0.0,0.0,0.0,0,SEARCH,0.0,0.0,0.0,-0.0
75250,DYNAMIC,1.2519192695617676,0.15728744864463806,3.584425210952759,0.0,2.0,0.0,0.0,0.0,-0.0,0.0,0.0,0,SEARCH,0.0,0.0,0.0,-0.0
75302,DYNAMIC,1.2522006034851074,0.157710999250412,3.584458589553833,0.0,2.0,0.0,0.0,0.0,-0.0,0.0,0.0,0,SEARCH,0.0,0.0,0.0,-0.0
75350,DYNAMIC,1.2525451183319092,0.15846863389015198,3.5845534801483154,0.0,2.0,0.0,0.0,0.0,-0.0,0.0,0.0,0,SEARCH,0.0,0.0,0.0,-0.0
75404,DYNAMIC,1.2527399063110352,0.1590329110622406,3.584610939025879,0.0,2.0,0.0,0.0,0.0,-0.0,0.0,0.0,0,SEARCH,0.0,0.0,0.0,-0.0
75450,DYNAMIC,1.253239393234253,0.15960273146629333,3.5846948623657227,0.0,2.0,0.0,0.0,0.0,-0.0,0.0,0.0,0,SEARCH,0.0,0.0,0.0,-0.0
75509,DYNAMIC,1.2536048889160156,0.15995106101036072,3.584742307662964,0.0,2.0,0.0,0.0,0.0,-0.0,0.0,0.0,0,SEARCH,0.0,0.0,0.0,-0.0
75555,DYNAMIC,1.2540969848632812,0.16063222289085388,3.5848331451416016,0.0,2.0,0.0,0.0,0.0,-0.0,0.0,0.0,0,SEARCH,0.0,0.0,0.0,-0.0
75606,DYNAMIC,1.2543835639953613,0.16119423508644104,3.584852933883667,0.0,2.0,0.0,0.0,0.0,-0.0,0.0,0.0,0,SEARCH,0.0,0.0,0.0,-0.0
75650,DYNAMIC,1.2542390823364258,0.1616007387638092,3.5849452018737793,0.0,2.0,0.0,0.0,0.0,-0.0,0.0,0.0,0,SEARCH,0.0,0.0,0.0,-0.0
75705,DYNAMIC,1.2540843486785889,0.16189077496528625,3.5850133895874023,0.0,2.0,0.0,0.0,0.0,-0.0,0.0,0.0,0,SEARCH,0.0,0.0,0.0,-0.0
75750,DYNAMIC,1.2538399696350098,0.16249993443489075,3.5850820541381836,0.0,2.0,0.0,0.0,0.0,-0.0,0.0,0.0,0,SEARCH,0.0,0.0,0.0,-0.0
75803,DYNAMIC,1.2536687850952148,0.16301539540290833,3.5851168632507324,0.0,2.0,0.0,0.0,0.0,-0.0,0.0,0.0,0,SEARCH,0.0,0.0,0.0,-0.0
75850,DYNAMIC,1.253582239151001,0.16366901993751526,3.585200548171997,0.0,2.0,0.0,0.0,0.0,-0.0,0.0,0.0,0,SEARCH,0.0,0.0,0.0,-0.0
75906,DYNAMIC,1.2535536289215088,0.1641348898410797,3.58525013923645,0.0,2.0,0.0,0.0,0.0,-0.0,0.0,0.0,0,SEARCH,0.0,0.0,0.0,-0.0
75950,DYNAMIC,1.2534723281860352,0.16500994563102722,3.5853350162506104,0.0,2.0,0.0,0.0,0.0,-0.0,0.0,0.0,0,SEARCH,0.0,0.0,0.0,-0.0
76002,DYNAMIC,1.2534122467041016,0.16568419337272644,3.5853846073150635,0.0,2.0,0.0,0.0,0.0,-0.0,0.0,0.0,0,SEARCH,0.0,0.0,0.0,-0.0
76050,DYNAMIC,1.2534582614898682,0.16644594073295593,3.5854527950286865,0.0,2.0,0.0,0.0,0.0,-0.0,0.0,0.0,0,SEARCH,0.0,0.0,0.0,-0.0
76106,DYNAMIC,1.253563642501831,0.1668178141117096,3.5854880809783936,0.0,2.0,0.0,0.0,0.0,-0.0,0.0,0.0,0,SEARCH,0.0,0.0,0.0,-0.0
76155,DYNAMIC,1.253664493560791,0.16741344332695007,3.5855445861816406,0.0,2.0,0.0,0.0,0.0,-0.0,0.0,0.0,0,SEARCH,0.0,0.0,0.0,-0.0
76202,DYNAMIC,1.2537424564361572,0.16814371943473816,3.5856151580810547,0.0,2.0,0.0,0.0,0.0,-0.0,0.0,0.0,0,SEARCH,0.0,0.0,0.0,-0.0
76250,DYNAMIC,1.2535896301269531,0.16864964365959167,3.585683584213257,0.0,2.0,0.0,0.0,0.0,-0.0,0.0,0.0,0,SEARCH,0.0,0.0,0.0,-0.0
76305,DYNAMIC,1.2534308433532715,0.1689363420009613,3.585728883743286,0.0,2.0,0.0,0.0,0.0,-0.0,0.0,0.0,0,SEARCH,0.0,0.0,0.0,-0.0
76350,DYNAMIC,1.2531828880310059,0.16957834362983704,3.585782051086426,0.0,2.0,0.0,0.0,0.0,-0.0,0.0,0.0,0,SEARCH,0.0,0.0,0.0,-0.0
76401,DYNAMIC,1.2530105113983154,0.17012867331504822,3.585805892944336,0.0,2.0,0.0,0.0,0.0,-0.0,0.0,0.0,0,SEARCH,0.0,0.0,0.0,-0.0
76450,DYNAMIC,1.2527589797973633,0.1704936921596527,3.5858802795410156,0.0,2.0,0.0,0.0,0.0,-0.0,0.0,0.0,0,SEARCH,0.0,0.0,0.0,-0.0
76501,DYNAMIC,1.2525794506072998,0.17071184515953064,3.5859110355377197,0.0,2.0,0.0,0.0,0.0,-0.0,0.0,0.0,0,SEARCH,0.0,0.0,0.0,-0.0
76550,DYNAMIC,1.2523281574249268,0.17123636603355408,3.585951328277588,0.0,2.0,0.0,0.0,0.0,-0.0,0.0,0.0,0,SEARCH,0.0,0.0,0.0,-0.0
76602,DYNAMIC,1.2521750926971436,0.1717253029346466,3.5860536098480225,0.0,2.0,0.0,0.0,0.0,-0.0,0.0,0.0,0,SEARCH,0.0,0.0,0.0,-0.0
76650,DYNAMIC,1.2517411708831787,0.1720614731311798,3.5861380100250244,0.0,2.0,0.0,0.0,0.0,-0.0,0.0,0.0,0,SEARCH,0.0,0.0,0.0,-0.0
76707,DYNAMIC,1.2513883113861084,0.17225101590156555,3.5861270427703857,0.0,2.0,0.0,0.0,0.0,-0.0,0.0,0.0,0,SEARCH,0.0,0.0,0.0,-0.0
76750,DYNAMIC,1.2508823871612549,0.17275002598762512,3.586238384246826,0.0,2.0,0.0,0.0,0.0,-0.0,0.0,0.0,0,SEARCH,0.0,0.0,0.0,-0.0
76804,DYNAMIC,1.250558853149414,0.17321941256523132,3.586284875869751,0.0,2.0,0.0,0.0,0.0,-0.0,0.0,0.0,0,SEARCH,0.0,0.0,0.0,-0.0
76850,DYNAMIC,1.249882459640503,0.17335137724876404,3.586329221725464,0.0,2.0,0.0,0.0,0.0,-0.0,0.0,0.0,0,SEARCH,0.0,0.0,0.0,-0.0
76902,DYNAMIC,1.2493820190429688,0.17336562275886536,3.5864391326904297,0.0,2.0,0.0,0.0,0.0,-0.0,0.0,0.0,0,SEARCH,0.0,0.0,0.0,-0.0
76950,DYNAMIC,1.248668909072876,0.1736471951007843,3.5864899158477783,0.0,2.0,0.0,0.0,0.0,-0.0,0.0,0.0,0,SEARCH,0.0,0.0,0.0,-0.0
77002,DYNAMIC,1.248206615447998,0.17398789525032043,3.586479902267456,0.0,2.0,0.0,0.0,0.0,-0.0,0.0,0.0,0,SEARCH,0.0,0.0,0.0,-0.0
77050,DYNAMIC,1.2475757598876953,0.17424997687339783,3.586595296859741,0.0,2.0,0.0,0.0,0.0,-0.0,0.0,0.0,0,SEARCH,0.0,0.0,0.0,-0.0
77101,DYNAMIC,1.247178316116333,0.17428883910179138,3.5866637229919434,0.0,2.0,0.0,0.0,0.0,-0.0,0.0,0.0,0,SEARCH,0.0,0.0,0.0,-0.0
77150,DYNAMIC,1.2465918064117432,0.17462852597236633,3.5867083072662354,0.0,2.0,0.0,0.0,0.0,-0.0,0.0,0.0,0,SEARCH,0.0,0.0,0.0,-0.0
77201,DYNAMIC,1.2462072372436523,0.17501333355903625,3.5868024826049805,0.0,2.0,0.0,0.0,0.0,-0.0,0.0,0.0,0,SEARCH,0.0,0.0,0.0,-0.0
77255,DYNAMIC,1.2459218502044678,0.17503461241722107,3.5868499279022217,0.0,2.0,0.0,0.0,0.0,-0.0,0.0,0.0,0,SEARCH,0.0,0.0,0.0,-0.0
77305,DYNAMIC,1.2457389831542969,0.17490866780281067,3.586894989013672,0.0,2.0,0.0,0.0,0.0,-0.0,0.0,0.0,0,SEARCH,0.0,0.0,0.0,-0.0
77350,DYNAMIC,1.2454891204833984,0.17505916953086853,3.586975574493408,0.0,2.0,0.0,0.0,0.0,-0.0,0.0,0.0,0,SEARCH,0.0,0.0,0.0,-0.0
77402,DYNAMIC,1.2452948093414307,0.1753310263156891,3.5870141983032227,0.0,2.0,0.0,0.0,0.0,-0.0,0.0,0.0,0,SEARCH,0.0,0.0,0.0,-0.0
77450,DYNAMIC,1.244365930557251,0.1749953329563141,3.5871012210845947,0.0,2.0,0.0,0.0,0.0,-0.0,0.0,0.0,0,SEARCH,0.0,0.0,0.0,-0.0
77502,DYNAMIC,1.2436881065368652,0.17486336827278137,3.587164878845215,0.0,2.0,0.0,0.0,0.0,-0.0,0.0,0.0,0,SEARCH,0.0,0.0,0.0,-0.0
77550,DYNAMIC,1.2426962852478027,0.17495444416999817,3.5872385501861572,0.0,2.0,0.0,0.0,0.0,-0.0,0.0,0.0,0,SEARCH,0.0,0.0,0.0,-0.0
77603,DYNAMIC,1.242049217224121,0.17518839240074158,3.5872786045074463,0.0,2.0,0.0,0.0,0.0,-0.0,0.0,0.0,0,SEARCH,0.0,0.0,0.0,-0.0
77650,DYNAMIC,1.2426879405975342,0.17515698075294495,3.587366819381714,0.0,2.0,0.0,0.0,0.0,-0.0,0.0,0.0,0,SEARCH,0.0,0.0,0.0,-0.0
77702,DYNAMIC,1.2435097694396973,0.17513880133628845,3.587404727935791,0.0,2.0,0.0,0.0,0.0,-0.0,0.0,0.0,0,SEARCH,0.0,0.0,0.0,-0.0
77750,DYNAMIC,1.244551181793213,0.17538943886756897,3.587467908859253,0.0,2.0,0.0,0.0,0.0,-0.0,0.0,0.0,0,SEARCH,0.0,0.0,0.0,-0.0
77812,DYNAMIC,1.2451450824737549,0.17571404576301575,3.5875229835510254,0.0,2.0,0.0,0.0,0.0,-0.0,0.0,0.0,0,SEARCH,0.0,0.0,0.0,-0.0
77863,DYNAMIC,1.2455799579620361,0.17571505904197693,3.5875561237335205,0.0,2.0,0.0,0.0,0.0,-0.0,0.0,0.0,0,SEARCH,0.0,0.0,0.0,-0.0
77903,DYNAMIC,1.24601149559021,0.17536887526512146,3.587606430053711,0.0,2.0,0.0,0.0,0.0,-0.0,0.0,0.0,0,SEARCH,0.0,0.0,0.0,-0.0
77950,DYNAMIC,1.246340274810791,0.17537060379981995,3.5876779556274414,0.0,2.0,0.0,0.0,0.0,-0.0,0.0,0.0,0,SEARCH,0.0,0.0,0.0,-0.0
78007,DYNAMIC,1.2464940547943115,0.17554840445518494,3.5877106189727783,0.0,2.0,0.0,0.0,0.0,-0.0,0.0,0.0,0,SEARCH,0.0,0.0,0.0,-0.0
78050,DYNAMIC,1.246793270111084,0.1754905879497528,3.5877692699432373,0.0,2.0,0.0,0.0,0.0,-0.0,0.0,0.0,0,SEARCH,0.0,0.0,0.0,-0.0
78102,DYNAMIC,1.247039556503296,0.17527350783348083,3.5878169536590576,0.0,2.0,0.0,0.0,0.0,-0.0,0.0,0.0,0,SEARCH,0.0,0.0,0.0,-0.0
78150,DYNAMIC,1.247300148010254,0.1752522885799408,3.5878753662109375,0.0,2.0,0.0,0.0,0.0,-0.0,0.0,0.0,0,SEARCH,0.0,0.0,0.0,-0.0
78202,DYNAMIC,1.247406244277954,0.17542502284049988,3.58791184425354,0.0,2.0,0.0,0.0,0.0,-0.0,0.0,0.0,0,SEARCH,0.0,0.0,0.0,-0.0
78250,DYNAMIC,1.2473623752593994,0.17524173855781555,3.587973117828369,0.0,2.0,0.0,0.0,0.0,-0.0,0.0,0.0,0,SEARCH,0.0,0.0,0.0,-0.0
78301,DYNAMIC,1.2472527027130127,0.1751062572002411,3.588010549545288,0.0,2.0,0.0,0.0,0.0,-0.0,0.0,0.0,0,SEARCH,0.0,0.0,0.0,-0.0
78350,DYNAMIC,1.2470486164093018,0.17517724633216858,3.5880661010742188,0.0,2.0,0.0,0.0,0.0,-0.0,0.0,0.0,0,SEARCH,0.0,0.0,0.0,-0.0
78401,DYNAMIC,1.2468769550323486,0.17538896203041077,3.5881192684173584,0.0,2.0,0.0,0.0,0.0,-0.0,0.0,0.0,0,SEARCH,0.0,0.0,0.0,-0.0
78457,DYNAMIC,1.2468023300170898,0.17548403143882751,3.588148593902588,0.0,2.0,0.0,0.0,0.0,-0.0,0.0,0.0,0,SEARCH,0.0,0.0,0.0,-0.0
78507,DYNAMIC,1.2469186782836914,0.1753195822238922,3.5882503986358643,0.0,2.0,0.0,0.0,0.0,-0.0,0.0,0.0,0,SEARCH,0.0,0.0,0.0,-0.0
78550,DYNAMIC,1.246913194656372,0.17552146315574646,3.588325262069702,0.0,2.0,0.0,0.0,0.0,-0.0,0.0,0.0,0,SEARCH,0.0,0.0,0.0,-0.0
78604,DYNAMIC,1.246873140335083,0.17582282423973083,3.5883820056915283,0.0,2.0,0.0,0.0,0.0,-0.0,0.0,0.0,0,SEARCH,0.0,0.0,0.0,-0.0
78650,DYNAMIC,1.2471318244934082,0.17564788460731506,3.5884640216827393,0.0,2.0,0.0,0.0,0.0,-0.0,0.0,0.0,0,SEARCH,0.0,0.0,0.0,-0.0
78702,DYNAMIC,1.2473459243774414,0.17544707655906677,3.588515281677246,0.0,2.0,0.0,0.0,0.0,-0.0,0.0,0.0,0,SEARCH,0.0,0.0,0.0,-0.0
78750,DYNAMIC,1.2475614547729492,0.1754409372806549,3.5885751247406006,0.0,2.0,0.0,0.0,0.0,-0.0,0.0,0.0,0,SEARCH,0.0,0.0,0.0,-0.0
78802,DYNAMIC,1.2476458549499512,0.17561271786689758,3.588602304458618,0.0,2.0,0.0,0.0,0.0,-0.0,0.0,0.0,0,SEARCH,0.0,0.0,0.0,-0.0
78850,DYNAMIC,1.2476961612701416,0.17526647448539734,3.5886716842651367,0.0,2.0,0.0,0.0,0.0,-0.0,0.0,0.0,0,SEARCH,0.0,0.0,0.0,-0.0
78902,DYNAMIC,1.2476615905761719,0.17497453093528748,3.5887138843536377,0.0,2.0,0.0,0.0,0.0,-0.0,0.0,0.0,0,SEARCH,0.0,0.0,0.0,-0.0
78950,DYNAMIC,1.2475428581237793,0.17482724785804749,3.5887913703918457,0.0,2.0,0.0,0.0,0.0,-0.0,0.0,0.0,0,SEARCH,0.0,0.0,0.0,-0.0
79001,DYNAMIC,1.247429370880127,0.17489954829216003,3.588834047317505,0.0,2.0,0.0,0.0,0.0,-0.0,0.0,0.0,0,SEARCH,0.0,0.0,0.0,-0.0
79050,DYNAMIC,1.2474265098571777,0.17499253153800964,3.5889017581939697,0.0,2.0,0.0,0.0,0.0,-0.0,0.0,0.0,0,SEARCH,0.0,0.0,0.0,-0.0
79103,DYNAMIC,1.247504472732544,0.1750607192516327,3.588958740234375,0.0,2.0,0.0,0.0,0.0,-0.0,0.0,0.0,0,SEARCH,0.0,0.0,0.0,-0.0
79150,DYNAMIC,1.2475299835205078,0.17539647221565247,3.5890514850616455,0.0,2.0,0.0,0.0,0.0,-0.0,0.0,0.0,0,SEARCH,0.0,0.0,0.0,-0.0
79202,DYNAMIC,1.2474968433380127,0.17576280236244202,3.5891058444976807,0.0,2.0,0.0,0.0,0.0,-0.0,0.0,0.0,0,SEARCH,0.0,0.0,0.0,-0.0
79250,DYNAMIC,1.2475690841674805,0.1754002869129181,3.589172840118408,0.0,2.0,0.0,0.0,0.0,-0.0,0.0,0.0,0,SEARCH,0.0,0.0,0.0,-0.0
79304,DYNAMIC,1.247617483139038,0.1750519573688507,3.589224100112915,0.0,2.0,0.0,0.0,0.0,-0.0,0.0,0.0,0,SEARCH,0.0,0.0,0.0,-0.0
79350,DYNAMIC,1.2475636005401611,0.17493191361427307,3.58931565284729,0.0,2.0,0.0,0.0,0.0,-0.0,0.0,0.0,0,SEARCH,0.0,0.0,0.0,-0.0
79401,DYNAMIC,1.2474796772003174,0.17501679062843323,3.5893678665161133,0.0,2.0,0.0,0.0,0.0,-0.0,0.0,0.0,0,SEARCH,0.0,0.0,0.0,-0.0
79450,DYNAMIC,1.2474493980407715,0.17473170161247253,3.5894432067871094,0.0,2.0,0.0,0.0,0.0,-0.0,0.0,0.0,0,SEARCH,0.0,0.0,0.0,-0.0
79505,DYNAMIC,1.2474184036254883,0.17451593279838562,3.5894954204559326,0.0,2.0,0.0,0.0,0.0,-0.0,0.0,0.0,0,SEARCH,0.0,0.0,0.0,-0.0
79554,DYNAMIC,1.2473063468933105,0.1744433343410492,3.5895845890045166,0.0,2.0,0.0,0.0,0.0,-0.0,0.0,0.0,0,SEARCH,0.0,0.0,0.0,-0.0
79604,DYNAMIC,1.2472326755523682,0.17450472712516785,3.5896363258361816,0.0,2.0,0.0,0.0,0.0,-0.0,0.0,0.0,0,SEARCH,0.0,0.0,0.0,-0.0
79651,DYNAMIC,1.246910572052002,0.17414024472236633,3.589718818664551,0.0,2.0,0.0,0.0,0.0,-0.0,0.0,0.0,0,SEARCH,0.0,0.0,0.0,-0.0
79706,DYNAMIC,1.2466633319854736,0.17381933331489563,3.589775562286377,0.0,2.0,0.0,0.0,0.0,-0.0,0.0,0.0,0,SEARCH,0.0,0.0,0.0,-0.0
79750,DYNAMIC,1.246263027191162,0.17361339926719666,3.589860439300537,0.0,2.0,0.0,0.0,0.0,-0.0,0.0,0.0,0,SEARCH,0.0,0.0,0.0,-0.0
79802,DYNAMIC,1.2459781169891357,0.17364636063575745,3.5899055004119873,0.0,2.0,0.0,0.0,0.0,-0.0,0.0,0.0,0,SEARCH,0.0,0.0,0.0,-0.0
79850,DYNAMIC,1.2463300228118896,0.17341819405555725,3.5899839401245117,0.0,2.0,0.0,0.0,0.0,-0.0,0.0,0.0,0,SEARCH,0.0,0.0,0.0,-0.0
79903,DYNAMIC,1.246748685836792,0.17326518893241882,3.590023994445801,0.0,2.0,0.0,0.0,0.0,-0.0,0.0,0.0,0,SEARCH,0.0,0.0,0.0,-0.0
79950,DYNAMIC,1.2472431659698486,0.17327669262886047,3.5900890827178955,0.0,2.0,0.0,0.0,0.0,-0.0,0.0,0.0,0,SEARCH,0.0,0.0,0.0,-0.0
80002,DYNAMIC,1.2475090026855469,0.17342206835746765,3.590129852294922,0.0,2.0,0.0,0.0,0.0,-0.0,0.0,0.0,0,SEARCH,0.0,0.0,0.0,-0.0
80050,DYNAMIC,1.2474775314331055,0.17321744561195374,3.5902011394500732,0.0,2.0,0.0,0.0,0.0,-0.0,0.0,0.0,0,SEARCH,0.0,0.0,0.0,-0.0
80101,DYNAMIC,1.247182846069336,0.17286869883537292,3.5902462005615234,0.0,2.0,0.0,0.0,0.0,-0.0,0.0,0.0,0,SEARCH,0.0,0.0,0.0,-0.0
80159,DYNAMIC,1.2467257976531982,0.1726072132587433,3.590325355529785,0.0,2.0,0.0,0.0,0.0,-0.0,0.0,0.0,0,SEARCH,0.0,0.0,0.0,-0.0
80205,DYNAMIC,1.2464909553527832,0.172573059797287,3.590360641479492,0.0,2.0,0.0,0.0,0.0,-0.0,0.0,0.0,0,SEARCH,0.0,0.0,0.0,-0.0
80251,DYNAMIC,1.2463514804840088,0.1721520721912384,3.590427875518799,0.0,2.0,0.0,0.0,0.0,-0.0,0.0,0.0,0,SEARCH,0.0,0.0,0.0,-0.0
80303,DYNAMIC,1.2464733123779297,0.171585351228714,3.590484380722046,0.0,2.0,0.0,0.0,0.0,-0.0,0.0,0.0,0,SEARCH,0.0,0.0,0.0,-0.0
80350,DYNAMIC,1.246537208557129,0.17118439078330994,3.5905447006225586,0.0,2.0,0.0,0.0,0.0,-0.0,0.0,0.0,0,SEARCH,0.0,0.0,0.0,-0.0
80402,DYNAMIC,1.2465269565582275,0.17106398940086365,3.5905966758728027,0.0,2.0,0.0,0.0,0.0,-0.0,0.0,0.0,0,SEARCH,0.0,0.0,0.0,-0.0
80450,DYNAMIC,1.2465226650238037,0.17071232199668884,3.590665817260742,0.0,2.0,0.0,0.0,0.0,-0.0,0.0,0.0,0,SEARCH,0.0,0.0,0.0,-0.0
80505,DYNAMIC,1.2465074062347412,0.17050853371620178,3.590731143951416,0.0,2.0,0.0,0.0,0.0,-0.0,0.0,0.0,0,SEARCH,0.0,0.0,0.0,-0.0
80550,DYNAMIC,1.2464206218719482,0.17043420672416687,3.5908002853393555,0.0,2.0,0.0,0.0,0.0,-0.0,0.0,0.0,0,SEARCH,0.0,0.0,0.0,-0.0
80606,DYNAMIC,1.2463304996490479,0.17051419615745544,3.5908432006835938,0.0,2.0,0.0,0.0,0.0,-0.0,0.0,0.0,0,SEARCH,0.0,0.0,0.0,-0.0
80650,DYNAMIC,1.2458174228668213,0.17037805914878845,3.590934991836548,0.0,2.0,0.0,0.0,0.0,-0.0,0.0,0.0,0,SEARCH,0.0,0.0,0.0,-0.0
80702,DYNAMIC,1.2453501224517822,0.17028525471687317,3.5910091400146484,0.0,2.0,0.0,0.0,0.0,-0.0,0.0,0.0,0,SEARCH,0.0,0.0,0.0,-0.0
80751,DYNAMIC,1.2446436882019043,0.17034515738487244,3.5910704135894775,0.0,2.0,0.0,0.0,0.0,-0.0,0.0,0.0,0,SEARCH,0.0,0.0,0.0,-0.0
80806,DYNAMIC,1.2441742420196533,0.1705000102519989,3.5911245346069336,0.0,2.0,0.0,0.0,0.0,-0.0,0.0,0.0,0,SEARCH,0.0,0.0,0.0,-0.0
80850,DYNAMIC,1.2431535720825195,0.17049887776374817,3.591196060180664,0.0,2.0,0.0,0.0,0.0,-0.0,0.0,0.0,0,SEARCH,0.0,0.0,0.0,-0.0
80902,DYNAMIC,1.2423794269561768,0.17050209641456604,3.591223955154419,0.0,2.0,0.0,0.0,0.0,-0.0,0.0,0.0,0,SEARCH,0.0,0.0,0.0,-0.0
80950,DYNAMIC,1.2412629127502441,0.1706840693950653,3.591278314590454,0.0,2.0,0.0,0.0,0.0,-0.0,0.0,0.0,0,SEARCH,0.0,0.0,0.0,-0.0
81004,DYNAMIC,1.2405469417572021,0.17092445492744446,3.591317653656006,0.0,2.0,0.0,0.0,0.0,-0.0,0.0,0.0,0,SEARCH,0.0,0.0,0.0,-0.0
81050,DYNAMIC,1.240846872329712,0.17064949870109558,3.5913851261138916,0.0,2.0,0.0,0.0,0.0,-0.0,0.0,0.0,0,SEARCH,0.0,0.0,0.0,-0.0
81103,DYNAMIC,1.2414021492004395,0.17035815119743347,3.5914218425750732,0.0,2.0,0.0,0.0,0.0,-0.0,0.0,0.0,0,SEARCH,0.0,0.0,0.0,-0.0
81150,DYNAMIC,1.242081880569458,0.17014184594154358,3.5914978981018066,0.0,2.0,0.0,0.0,0.0,-0.0,0.0,0.0,0,SEARCH,0.0,0.0,0.0,-0.0
81202,DYNAMIC,1.2424519062042236,0.17012736201286316,3.591526985168457,0.0,2.0,0.0,0.0,0.0,-0.0,0.0,0.0,0,SEARCH,0.0,0.0,0.0,-0.0
81250,DYNAMIC,1.243173599243164,0.1699329912662506,3.5915942192077637,0.0,2.0,0.0,0.0,0.0,-0.0,0.0,0.0,0,SEARCH,0.0,0.0,0.0,-0.0
81302,DYNAMIC,1.2436439990997314,0.16982212662696838,3.5916335582733154,0.0,2.0,0.0,0.0,0.0,-0.0,0.0,0.0,0,SEARCH,0.0,0.0,0.0,-0.0
81350,DYNAMIC,1.244227647781372,0.1698431670665741,3.5917043685913086,0.0,2.0,0.0,0.0,0.0,-0.0,0.0,0.0,0,SEARCH,0.0,0.0,0.0,-0.0
81402,DYNAMIC,1.2445549964904785,0.16995933651924133,3.5917656421661377,0.0,2.0,0.0,0.0,0.0,-0.0,0.0,0.0,0,SEARCH,0.0,0.0,0.0,-0.0
81450,DYNAMIC,1.244769811630249,0.16957196593284607,3.5918543338775635,0.0,2.0,0.0,0.0,0.0,-0.0,0.0,0.0,0,SEARCH,0.0,0.0,0.0,-0.0
81501,DYNAMIC,1.2448101043701172,0.16922613978385925,3.5919084548950195,0.0,2.0,0.0,0.0,0.0,-0.0,0.0,0.0,0,SEARCH,0.0,0.0,0.0,-0.0
81550,DYNAMIC,1.2448418140411377,0.16890433430671692,3.591975688934326,0.0,2.0,0.0,0.0,0.0,-0.0,0.0,0.0,0,SEARCH,0.0,0.0,0.0,-0.0
81605,DYNAMIC,1.2448275089263916,0.1688145101070404,3.5920395851135254,0.0,2.0,0.0,0.0,0.0,-0.0,0.0,0.0,0,SEARCH,0.0,0.0,0.0,-0.0
81657,DYNAMIC,1.2448222637176514,0.16874954104423523,3.5920777320861816,0.0,2.0,0.0,0.0,0.0,-0.0,0.0,0.0,0,SEARCH,0.0,0.0,0.0,-0.0
81703,DYNAMIC,1.2448279857635498,0.16857025027275085,3.5921428203582764,0.0,2.0,0.0,0.0,0.0,-0.0,0.0,0.0,0,SEARCH,0.0,0.0,0.0,-0.0
81750,DYNAMIC,1.244755506515503,0.1686190664768219,3.592221260070801,0.0,2.0,0.0,0.0,0.0,-0.0,0.0,0.0,0,SEARCH,0.0,0.0,0.0,-0.0
81802,DYNAMIC,1.2446751594543457,0.16874894499778748,3.592275857925415,0.0,2.0,0.0,0.0,0.0,-0.0,0.0,0.0,0,SEARCH,0.0,0.0,0.0,-0.0
81850,DYNAMIC,1.2445876598358154,0.1684437096118927,3.5923314094543457,0.0,2.0,0.0,0.0,0.0,-0.0,0.0,0.0,0,SEARCH,0.0,0.0,0.0,-0.0
81901,DYNAMIC,1.2445125579833984,0.16817471385002136,3.592374086380005,0.0,2.0,0.0,0.0,0.0,-0.0,0.0,0.0,0,SEARCH,0.0,0.0,0.0,-0.0
81950,DYNAMIC,1.2443559169769287,0.16796204447746277,3.5924346446990967,0.0,2.0,0.0,0.0,0.0,-0.0,0.0,0.0,0,SEARCH,0.0,0.0,0.0,-0.0
82001,DYNAMIC,1.2442326545715332,0.16792288422584534,3.5924904346466064,0.0,2.0,0.0,0.0,0.0,-0.0,0.0,0.0,0,SEARCH,0.0,0.0,0.0,-0.0
82050,DYNAMIC,1.2444257736206055,0.16768309473991394,3.5925612449645996,0.0,2.0,0.0,0.0,0.0,-0.0,0.0,0.0,0,SEARCH,0.0,0.0,0.0,-0.0
82103,DYNAMIC,1.2447645664215088,0.16743603348731995,3.592597723007202,0.0,2.0,0.0,0.0,0.0,-0.0,0.0,0.0,0,SEARCH,0.0,0.0,0.0,-0.0
82150,DYNAMIC,1.2451703548431396,0.16723838448524475,3.5926592350006104,0.0,2.0,0.0,0.0,0.0,-0.0,0.0,0.0,0,SEARCH,0.0,0.0,0.0,-0.0
82205,DYNAMIC,1.2453720569610596,0.16721680760383606,3.5926897525787354,0.0,2.0,0.0,0.0,0.0,-0.0,0.0,0.0,0,SEARCH,0.0,0.0,0.0,-0.0
82252,DYNAMIC,1.2458763122558594,0.16683217883110046,3.5927774906158447,0.0,2.0,0.0,0.0,0.0,-0.0,0.0,0.0,0,SEARCH,0.0,0.0,0.0,-0.0
82306,DYNAMIC,1.2462458610534668,0.16653600335121155,3.5928187370300293,0.0,2.0,0.0,0.0,0.0,-0.0,0.0,0.0,0,SEARCH,0.0,0.0,0.0,-0.0
82350,DYNAMIC,1.2467091083526611,0.16626492142677307,3.592881679534912,0.0,2.0,0.0,0.0,0.0,-0.0,0.0,0.0,0,SEARCH,0.0,0.0,0.0,-0.0
82402,DYNAMIC,1.246955394744873,0.16619381308555603,3.5929365158081055,0.0,2.0,0.0,0.0,0.0,-0.0,0.0,0.0,0,SEARCH,0.0,0.0,0.0,-0.0
82450,DYNAMIC,1.247340440750122,0.16571834683418274,3.5929996967315674,0.0,2.0,0.0,0.0,0.0,-0.0,0.0,0.0,0,SEARCH,0.0,0.0,0.0,-0.0
82504,DYNAMIC,1.247572422027588,0.16536298394203186,3.5930280685424805,0.0,2.0,0.0,0.0,0.0,-0.0,0.0,0.0,0,SEARCH,0.0,0.0,0.0,-0.0
82550,DYNAMIC,1.2478516101837158,0.16501006484031677,3.5930914878845215,0.0,2.0,0.0,0.0,0.0,-0.0,0.0,0.0,0,SEARCH,0.0,0.0,0.0,-0.0
82602,DYNAMIC,1.2479984760284424,0.16488060355186462,3.593132495880127,0.0,2.0,0.0,0.0,0.0,-0.0,0.0,0.0,0,SEARCH,0.0,0.0,0.0,-0.0
82650,DYNAMIC,1.2483744621276855,0.16449663043022156,3.5931971073150635,0.0,2.0,0.0,0.0,0.0,-0.0,0.0,0.0,0,SEARCH,0.0,0.0,0.0,-0.0
82702,DYNAMIC,1.248645305633545,0.16424289345741272,3.5932586193084717,0.0,2.0,0.0,0.0,0.0,-0.0,0.0,0.0,0,SEARCH,0.0,0.0,0.0,-0.0
82750,DYNAMIC,1.2490074634552002,0.16400399804115295,3.5933377742767334,0.0,2.0,0.0,0.0,0.0,-0.0,0.0,0.0,0,SEARCH,0.0,0.0,0.0,-0.0
82801,DYNAMIC,1.2492117881774902,0.16394028067588806,3.593388319015503,0.0,2.0,0.0,0.0,0.0,-0.0,0.0,0.0,0,SEARCH,0.0,0.0,0.0,-0.0
82855,DYNAMIC,1.24937105178833,0.16367730498313904,3.5934183597564697,0.0,2.0,0.0,0.0,0.0,-0.0,0.0,0.0,0,SEARCH,0.0,0.0,0.0,-0.0
82901,DYNAMIC,1.249696969985962,0.16298618912696838,3.593479871749878,0.0,2.0,0.0,0.0,0.0,-0.0,0.0,0.0,0,SEARCH,0.0,0.0,0.0,-0.0
82950,DYNAMIC,1.2499003410339355,0.16262921690940857,3.59354829788208,0.0,2.0,0.0,0.0,0.0,-0.0,0.0,0.0,0,SEARCH,0.0,0.0,0.0,-0.0
83001,DYNAMIC,1.2500030994415283,0.16249093413352966,3.593590021133423,0.0,2.0,0.0,0.0,0.0,-0.0,0.0,0.0,0,SEARCH,0.0,0.0,0.0,-0.0
83050,DYNAMIC,1.249875783920288,0.16220363974571228,3.5936484336853027,0.0,2.0,0.0,0.0,0.0,-0.0,0.0,0.0,0,SEARCH,0.0,0.0,0.0,-0.0
83101,DYNAMIC,1.249701976776123,0.16204163432121277,3.593698263168335,0.0,2.0,0.0,0.0,0.0,-0.0,0.0,0.0,0,SEARCH,0.0,0.0,0.0,-0.0
83150,DYNAMIC,1.2494361400604248,0.16193947196006775,3.593750238418579,0.0,2.0,0.0,0.0,0.0,-0.0,0.0,0.0,0,SEARCH,0.0,0.0,0.0,-0.0
83201,DYNAMIC,1.2492766380310059,0.16194143891334534,3.5937840938568115,0.0,2.0,0.0,0.0,0.0,-0.0,0.0,0.0,0,SEARCH,0.0,0.0,0.0,-0.0
83250,DYNAMIC,1.2491536140441895,0.16167345643043518,3.593857765197754,0.0,2.0,0.0,0.0,0.0,-0.0,0.0,0.0,0,SEARCH,0.0,0.0,0.0,-0.0
83302,DYNAMIC,1.2490885257720947,0.16147074103355408,3.5939040184020996,0.0,2.0,0.0,0.0,0.0,-0.0,0.0,0.0,0,SEARCH,0.0,0.0,0.0,-0.0
83350,DYNAMIC,1.248986005783081,0.16130438446998596,3.593954563140869,0.0,2.0,0.0,0.0,0.0,-0.0,0.0,0.0,0,SEARCH,0.0,0.0,0.0,-0.0
83401,DYNAMIC,1.248915433883667,0.16127625107765198,3.593989372253418,0.0,2.0,0.0,0.0,0.0,-0.0,0.0,0.0,0,SEARCH,0.0,0.0,0.0,-0.0
83461,DYNAMIC,1.2489032745361328,0.16093894839286804,3.5940334796905518,0.0,2.0,0.0,0.0,0.0,-0.0,0.0,0.0,0,SEARCH,0.0,0.0,0.0,-0.0
83502,DYNAMIC,1.2489275932312012,0.16040071845054626,3.594092845916748,0.0,2.0,0.0,0.0,0.0,-0.0,0.0,0.0,0,SEARCH,0.0,0.0,0.0,-0.0
83550,DYNAMIC,1.248943567276001,0.16003230214118958,3.594151735305786,0.0,2.0,0.0,0.0,0.0,-0.0,0.0,0.0,0,SEARCH,0.0,0.0,0.0,-0.0
83601,DYNAMIC,1.248931646347046,0.15987429022789001,3.594180107116699,0.0,2.0,0.0,0.0,0.0,-0.0,0.0,0.0,0,SEARCH,0.0,0.0,0.0,-0.0
83650,DYNAMIC,1.2492082118988037,0.15970608592033386,3.5942330360412598,0.0,2.0,0.0,0.0,0.0,-0.0,0.0,0.0,0,SEARCH,0.0,0.0,0.0,-0.0
83700,DYNAMIC,1.2494664192199707,0.1596507728099823,3.594285011291504,0.0,2.0,0.0,0.0,0.0,-0.0,0.0,0.0,0,SEARCH,0.0,0.0,0.0,-0.0
83750,DYNAMIC,1.249809980392456,0.15966269373893738,3.5943520069122314,0.0,2.0,0.0,0.0,0.0,-0.0,0.0,0.0,0,SEARCH,0.0,0.0,0.0,-0.0
83801,DYNAMIC,1.250030755996704,0.1597256362438202,3.594390869140625,0.0,2.0,0.0,0.0,0.0,-0.0,0.0,0.0,0,SEARCH,0.0,0.0,0.0,-0.0
83850,DYNAMIC,1.2501220703125,0.15958979725837708,3.594464063644409,0.0,2.0,0.0,0.0,0.0,-0.0,0.0,0.0,0,SEARCH,0.0,0.0,0.0,-0.0
83901,DYNAMIC,1.2501044273376465,0.15948674082756042,3.594510078430176,0.0,2.0,0.0,0.0,0.0,-0.0,0.0,0.0,0,SEARCH,0.0,0.0,0.0,-0.0
83950,DYNAMIC,1.2501060962677002,0.15943250060081482,3.5945754051208496,0.0,2.0,0.0,0.0,0.0,-0.0,0.0,0.0,0,SEARCH,0.0,0.0,0.0,-0.0
84001,DYNAMIC,1.2501258850097656,0.15945115685462952,3.594611883163452,0.0,2.0,0.0,0.0,0.0,-0.0,0.0,0.0,0,SEARCH,0.0,0.0,0.0,-0.0
84054,DYNAMIC,1.2499334812164307,0.15955963730812073,3.5946850776672363,0.0,2.0,0.0,0.0,0.0,-0.0,0.0,0.0,0,SEARCH,0.0,0.0,0.0,-0.0
84106,DYNAMIC,1.249706506729126,0.15968665480613708,3.5947318077087402,0.0,2.0,0.0,0.0,0.0,-0.0,0.0,0.0,0,SEARCH,0.0,0.0,0.0,-0.0
84151,DYNAMIC,1.2493188381195068,0.15999045968055725,3.5947818756103516,0.0,2.0,0.0,0.0,0.0,-0.0,0.0,0.0,0,SEARCH,0.0,0.0,0.0,-0.0
84201,DYNAMIC,1.249112844467163,0.1602163016796112,3.594831705093384,0.0,2.0,0.0,0.0,0.0,-0.0,0.0,0.0,0,SEARCH,0.0,0.0,0.0,-0.0
84250,DYNAMIC,1.2488782405853271,0.16013255715370178,3.594857931137085,0.0,2.0,0.0,0.0,0.0,-0.0,0.0,0.0,0,SEARCH,0.0,0.0,0.0,-0.0
84301,DYNAMIC,1.2486505508422852,0.15988090634346008,3.5948824882507324,0.0,2.0,0.0,0.0,0.0,-0.0,0.0,0.0,0,SEARCH,0.0,0.0,0.0,-0.0
84350,DYNAMIC,1.2483947277069092,0.15970352292060852,3.594967842102051,0.0,2.0,0.0,0.0,0.0,-0.0,0.0,0.0,0,SEARCH,0.0,0.0,0.0,-0.0
84401,DYNAMIC,1.2482407093048096,0.159647136926651,3.595022439956665,0.0,2.0,0.0,0.0,0.0,-0.0,0.0,0.0,0,SEARCH,0.0,0.0,0.0,-0.0
84450,DYNAMIC,1.247910499572754,0.1594698131084442,3.595059394836426,0.0,2.0,0.0,0.0,0.0,-0.0,0.0,0.0,0,SEARCH,0.0,0.0,0.0,-0.0
84501,DYNAMIC,1.2476634979248047,0.1593620479106903,3.59509015083313,0.0,2.0,0.0,0.0,0.0,-0.0,0.0,0.0,0,SEARCH,0.0,0.0,0.0,-0.0
84550,DYNAMIC,1.2473206520080566,0.1592709720134735,3.5951366424560547,0.0,2.0,0.0,0.0,0.0,-0.0,0.0,0.0,0,SEARCH,0.0,0.0,0.0,-0.0
84601,DYNAMIC,1.2471044063568115,0.15926095843315125,3.5951690673828125,0.0,2.0,0.0,0.0,0.0,-0.0,0.0,0.0,0,SEARCH,0.0,0.0,0.0,-0.0
84650,DYNAMIC,1.2472138404846191,0.1590772569179535,3.5952298641204834,0.0,2.0,0.0,0.0,0.0,-0.0,0.0,0.0,0,SEARCH,0.0,0.0,0.0,-0.0
84705,DYNAMIC,1.247307300567627,0.1590002477169037,3.59529447555542,0.0,2.0,0.0,0.0,0.0,-0.0,0.0,0.0,0,SEARCH,0.0,0.0,0.0,-0.0
84753,DYNAMIC,1.247473955154419,0.15893390774726868,3.5953540802001953,0.0,2.0,0.0,0.0,0.0,-0.0,0.0,0.0,0,SEARCH,0.0,0.0,0.0,-0.0
84802,DYNAMIC,1.2475335597991943,0.15895673632621765,3.595370292663574,0.0,2.0,0.0,0.0,0.0,-0.0,0.0,0.0,0,SEARCH,0.0,0.0,0.0,-0.0
84850,DYNAMIC,1.247622013092041,0.15902814269065857,3.5954415798187256,0.0,2.0,0.0,0.0,0.0,-0.0,0.0,0.0,0,SEARCH,0.0,0.0,0.0,-0.0
84901,DYNAMIC,1.2476935386657715,0.15914860367774963,3.595501184463501,0.0,2.0,0.0,0.0,0.0,-0.0,0.0,0.0,0,SEARCH,0.0,0.0,0.0,-0.0
84950,DYNAMIC,1.2477633953094482,0.15935847163200378,3.5955636501312256,0.0,2.0,0.0,0.0,0.0,-0.0,0.0,0.0,0,SEARCH,0.0,0.0,0.0,-0.0
85001,DYNAMIC,1.2478160858154297,0.1595344841480255,3.595602035522461,0.0,2.0,0.0,0.0,0.0,-0.0,0.0,0.0,0,SEARCH,0.0,0.0,0.0,-0.0
85050,DYNAMIC,1.2479281425476074,0.1594284474849701,3.595649480819702,0.0,2.0,0.0,0.0,0.0,-0.0,0.0,0.0,0,SEARCH,0.0,0.0,0.0,-0.0
85101,DYNAMIC,1.2480173110961914,0.15916278958320618,3.5956785678863525,0.0,2.0,0.0,0.0,0.0,-0.0,0.0,0.0,0,SEARCH,0.0,0.0,0.0,-0.0
85150,DYNAMIC,1.248152732849121,0.15890350937843323,3.5957224369049072,0.0,2.0,0.0,0.0,0.0,-0.0,0.0,0.0,0,SEARCH,0.0,0.0,0.0,-0.0
85201,DYNAMIC,1.2482788562774658,0.1587224304676056,3.595766305923462,0.0,2.0,0.0,0.0,0.0,-0.0,0.0,0.0,0,SEARCH,0.0,0.0,0.0,-0.0
85250,DYNAMIC,1.2480947971343994,0.1583428680896759,3.5958220958709717,0.0,2.0,0.0,0.0,0.0,-0.0,0.0,0.0,0,SEARCH,0.0,0.0,0.0,-0.0
85301,DYNAMIC,1.247901439666748,0.15807923674583435,3.5958738327026367,0.0,2.0,0.0,0.0,0.0,-0.0,0.0,0.0,0,SEARCH,0.0,0.0,0.0,-0.0
85356,DYNAMIC,1.2476868629455566,0.15782073140144348,3.595921516418457,0.0,2.0,0.0,0.0,0.0,-0.0,0.0,0.0,0,SEARCH,0.0,0.0,0.0,-0.0
85403,DYNAMIC,1.2474949359893799,0.15764430165290833,3.5959601402282715,0.0,2.0,0.0,0.0,0.0,-0.0,0.0,0.0,0,SEARCH,0.0,0.0,0.0,-0.0
85450,DYNAMIC,1.2477424144744873,0.1573837697505951,3.5960423946380615,0.0,2.0,0.0,0.0,0.0,-0.0,0.0,0.0,0,SEARCH,0.0,0.0,0.0,-0.0
85501,DYNAMIC,1.2480392456054688,0.15721949934959412,3.5960824489593506,0.0,2.0,0.0,0.0,0.0,-0.0,0.0,0.0,0,SEARCH,0.0,0.0,0.0,-0.0
85550,DYNAMIC,1.2484416961669922,0.15706196427345276,3.5961358547210693,0.0,2.0,0.0,0.0,0.0,-0.0,0.0,0.0,0,SEARCH,0.0,0.0,0.0,-0.0
85601,DYNAMIC,1.2486953735351562,0.15700140595436096,3.596188545227051,0.0,2.0,0.0,0.0,0.0,-0.0,0.0,0.0,0,SEARCH,0.0,0.0,0.0,-0.0
85650,DYNAMIC,1.2488148212432861,0.15668687224388123,3.596255302429199,0.0,2.0,0.0,0.0,0.0,-0.0,0.0,0.0,0,SEARCH,0.0,0.0,0.0,-0.0
85701,DYNAMIC,1.2488181591033936,0.156442791223526,3.5962839126586914,0.0,2.0,0.0,0.0,0.0,-0.0,0.0,0.0,0,SEARCH,0.0,0.0,0.0,-0.0
85750,DYNAMIC,1.2488462924957275,0.15616604685783386,3.596365213394165,0.0,2.0,0.0,0.0,0.0,-0.0,0.0,0.0,0,SEARCH,0.0,0.0,0.0,-0.0
85801,DYNAMIC,1.2488794326782227,0.15603706240653992,3.59639573097229,0.0,2.0,0.0,0.0,0.0,-0.0,0.0,0.0,0,SEARCH,0.0,0.0,0.0,-0.0
85850,DYNAMIC,1.2487666606903076,0.15576675534248352,3.59643292427063,0.0,2.0,0.0,0.0,0.0,-0.0,0.0,0.0,0,SEARCH,0.0,0.0,0.0,-0.0
85903,DYNAMIC,1.2486865520477295,0.15563365817070007,3.596464157104492,0.0,2.0,0.0,0.0,0.0,-0.0,0.0,0.0,0,SEARCH,0.0,0.0,0.0,-0.0
85954,DYNAMIC,1.2485253810882568,0.15544208884239197,3.5965232849121094,0.0,2.0,0.0,0.0,0.0,-0.0,0.0,0.0,0,SEARCH,0.0,0.0,0.0,-0.0
86001,DYNAMIC,1.2483983039855957,0.1553398072719574,3.596560001373291,0.0,2.0,0.0,0.0,0.0,-0.0,0.0,0.0,0,SEARCH,0.0,0.0,0.0,-0.0
86050,DYNAMIC,1.2482407093048096,0.15518656373023987,3.5966269969940186,0.0,2.0,0.0,0.0,0.0,-0.0,0.0,0.0,0,SEARCH,0.0,0.0,0.0,-0.0
86101,DYNAMIC,1.2481017112731934,0.15505823493003845,3.5966718196868896,0.0,2.0,0.0,0.0,0.0,-0.0,0.0,0.0,0,SEARCH,0.0,0.0,0.0,-0.0
86150,DYNAMIC,1.2479076385498047,0.15492621064186096,3.596734046936035,0.0,2.0,0.0,0.0,0.0,-0.0,0.0,0.0,0,SEARCH,0.0,0.0,0.0,-0.0
86201,DYNAMIC,1.2477993965148926,0.15487250685691833,3.5967912673950195,0.0,2.0,0.0,0.0,0.0,-0.0,0.0,0.0,0,SEARCH,0.0,0.0,0.0,-0.0
86250,DYNAMIC,1.2477192878723145,0.15455582737922668,3.596850872039795,0.0,2.0,0.0,0.0,0.0,-0.0,0.0,0.0,0,SEARCH,0.0,0.0,0.0,-0.0
86301,DYNAMIC,1.2476801872253418,0.15430286526679993,3.5968878269195557,0.0,2.0,0.0,0.0,0.0,-0.0,0.0,0.0,0,SEARCH,0.0,0.0,0.0,-0.0
86350,DYNAMIC,1.2476351261138916,0.1539958417415619,3.596942901611328,0.0,2.0,0.0,0.0,0.0,-0.0,0.0,0.0,0,SEARCH,0.0,0.0,0.0,-0.0
86401,DYNAMIC,1.2476472854614258,0.15383180975914001,3.5969650745391846,0.0,2.0,0.0,0.0,0.0,-0.0,0.0,0.0,0,SEARCH,0.0,0.0,0.0,-0.0
86450,DYNAMIC,1.2478210926055908,0.15353897213935852,3.5970120429992676,0.0,2.0,0.0,0.0,0.0,-0.0,0.0,0.0,0,SEARCH,0.0,0.0,0.0,-0.0
86506,DYNAMIC,1.247939109802246,0.1533733308315277,3.597073554992676,0.0,2.0,0.0,0.0,0.0,-0.0,0.0,0.0,0,SEARCH,0.0,0.0,0.0,-0.0
86552,DYNAMIC,1.248089075088501,0.15319010615348816,3.5971291065216064,0.0,2.0,0.0,0.0,0.0,-0.0,0.0,0.0,0,SEARCH,0.0,0.0,0.0,-0.0
86600,DYNAMIC,1.2481756210327148,0.1531030833721161,3.597140073776245,0.0,2.0,0.0,0.0,0.0,-0.0,0.0,0.0,0,SEARCH,0.0,0.0,0.0,-0.0
86650,DYNAMIC,1.2478969097137451,0.15280887484550476,3.5972063541412354,0.0,2.0,0.0,0.0,0.0,-0.0,0.0,0.0,0,SEARCH,0.0,0.0,0.0,-0.0
86701,DYNAMIC,1.2476105690002441,0.1525891125202179,3.597268581390381,0.0,2.0,0.0,0.0,0.0,-0.0,0.0,0.0,0,SEARCH,0.0,0.0,0.0,-0.0
86750,DYNAMIC,1.2472131252288818,0.15232738852500916,3.5973100662231445,0.0,2.0,0.0,0.0,0.0,-0.0,0.0,0.0,0,SEARCH,0.0,0.0,0.0,-0.0
86800,DYNAMIC,1.2469825744628906,0.15219655632972717,3.5973525047302246,0.0,2.0,0.0,0.0,0.0,-0.0,0.0,0.0,0,SEARCH,0.0,0.0,0.0,-0.0
86850,DYNAMIC,1.246401071548462,0.15200093388557434,3.5973994731903076,0.0,2.0,0.0,0.0,0.0,-0.0,0.0,0.0,0,SEARCH,0.0,0.0,0.0,-0.0
86901,DYNAMIC,1.245964765548706,0.15188637375831604,3.597425699234009,0.0,2.0,0.0,0.0,0.0,-0.0,0.0,0.0,0,SEARCH,0.0,0.0,0.0,-0.0
86950,DYNAMIC,1.2453830242156982,0.15175023674964905,3.5974581241607666,0.0,2.0,0.0,0.0,0.0,-0.0,0.0,0.0,0,SEARCH,0.0,0.0,0.0,-0.0
87001,DYNAMIC,1.2450191974639893,0.1516765058040619,3.5974924564361572,0.0,2.0,0.0,0.0,0.0,-0.0,0.0,0.0,0,SEARCH,0.0,0.0,0.0,-0.0
87050,DYNAMIC,1.2446463108062744,0.1514807641506195,3.5975563526153564,0.0,2.0,0.0,0.0,0.0,-0.0,0.0,0.0,0,SEARCH,0.0,0.0,0.0,-0.0
87102,DYNAMIC,1.2445142269134521,0.15136441588401794,3.5976006984710693,0.0,2.0,0.0,0.0,0.0,-0.0,0.0,0.0,0,SEARCH,0.0,0.0,0.0,-0.0
87154,DYNAMIC,1.2442498207092285,0.15115687251091003,3.597670793533325,0.0,2.0,0.0,0.0,0.0,-0.0,0.0,0.0,0,SEARCH,0.0,0.0,0.0,-0.0
87200,DYNAMIC,1.2440273761749268,0.15100929141044617,3.597714424133301,0.0,2.0,0.0,0.0,0.0,-0.0,0.0,0.0,0,SEARCH,0.0,0.0,0.0,-0.0
87250,DYNAMIC,1.2440807819366455,0.1507163941860199,3.597769021987915,0.0,2.0,0.0,0.0,0.0,-0.0,0.0,0.0,0,SEARCH,0.0,0.0,0.0,-0.0
87300,DYNAMIC,1.244133710861206,0.1505330502986908,3.5978140830993652,0.0,2.0,0.0,0.0,0.0,-0.0,0.0,0.0,0,SEARCH,0.0,0.0,0.0,-0.0
87350,DYNAMIC,1.244192123413086,0.15029844641685486,3.5978660583496094,0.0,2.0,0.0,0.0,0.0,-0.0,0.0,0.0,0,SEARCH,0.0,0.0,0.0,-0.0
87401,DYNAMIC,1.2442293167114258,0.1501545011997223,3.597914218902588,0.0,2.0,0.0,0.0,0.0,-0.0,0.0,0.0,0,SEARCH,0.0,0.0,0.0,-0.0
87450,DYNAMIC,1.2443537712097168,0.15004697442054749,3.5979676246643066,0.0,2.0,0.0,0.0,0.0,-0.0,0.0,0.0,0,SEARCH,0.0,0.0,0.0,-0.0
87500,DYNAMIC,1.244431495666504,0.15001997351646423,3.598001718521118,0.0,2.0,0.0,0.0,0.0,-0.0,0.0,0.0,0,SEARCH,0.0,0.0,0.0,-0.0
87550,DYNAMIC,1.2445275783538818,0.1499786674976349,3.598067283630371,0.0,2.0,0.0,0.0,0.0,-0.0,0.0,0.0,0,SEARCH,0.0,0.0,0.0,-0.0
87600,DYNAMIC,1.2445769309997559,0.14995726943016052,3.598107099533081,0.0,2.0,0.0,0.0,0.0,-0.0,0.0,0.0,0,SEARCH,0.0,0.0,0.0,-0.0
87651,DYNAMIC,1.2446932792663574,0.1500227153301239,3.598153591156006,0.0,2.0,0.0,0.0,0.0,-0.0,0.0,0.0,0,SEARCH,0.0,0.0,0.0,-0.0
87708,DYNAMIC,1.244753122329712,0.1500743329524994,3.5981907844543457,0.0,2.0,0.0,0.0,0.0,-0.0,0.0,0.0,0,SEARCH,0.0,0.0,0.0,-0.0
87751,DYNAMIC,1.2448551654815674,0.15019813179969788,3.5982630252838135,0.0,2.0,0.0,0.0,0.0,-0.0,0.0,0.0,0,SEARCH,0.0,0.0,0.0,-0.0
87801,DYNAMIC,1.2448945045471191,0.15027126669883728,3.598287343978882,0.0,2.0,0.0,0.0,0.0,-0.0,0.0,0.0,0,SEARCH,0.0,0.0,0.0,-0.0
87850,DYNAMIC,1.2449030876159668,0.15035411715507507,3.5983662605285645,0.0,2.0,0.0,0.0,0.0,-0.0,0.0,0.0,0,SEARCH,0.0,0.0,0.0,-0.0
87901,DYNAMIC,1.2448925971984863,0.15040430426597595,3.5984160900115967,0.0,2.0,0.0,0.0,0.0,-0.0,0.0,0.0,0,SEARCH,0.0,0.0,0.0,-0.0
87950,DYNAMIC,1.244858980178833,0.15047922730445862,3.598466396331787,0.0,2.0,0.0,0.0,0.0,-0.0,0.0,0.0,0,SEARCH,0.0,0.0,0.0,-0.0
88001,DYNAMIC,1.2448210716247559,0.150530606508255,3.5985138416290283,0.0,2.0,0.0,0.0,0.0,-0.0,0.0,0.0,0,SEARCH,0.0,0.0,0.0,-0.0
88050,DYNAMIC,1.245028018951416,0.15049776434898376,3.5985865592956543,0.0,2.0,0.0,0.0,0.0,-0.0,0.0,0.0,0,SEARCH,0.0,0.0,0.0,-0.0
88100,DYNAMIC,1.2453227043151855,0.15039780735969543,3.5986382961273193,0.0,2.0,0.0,0.0,0.0,-0.0,0.0,0.0,0,SEARCH,0.0,0.0,0.0,-0.0
88150,DYNAMIC,1.245711088180542,0.15025946497917175,3.598705291748047,0.0,2.0,0.0,0.0,0.0,-0.0,0.0,0.0,0,SEARCH,0.0,0.0,0.0,-0.0
88200,DYNAMIC,1.2459399700164795,0.15018197894096375,3.5987396240234375,0.0,2.0,0.0,0.0,0.0,-0.0,0.0,0.0,0,SEARCH,0.0,0.0,0.0,-0.0
88250,DYNAMIC,1.2461588382720947,0.1501195728778839,3.5987608432769775,0.0,2.0,0.0,0.0,0.0,-0.0,0.0,0.0,0,SEARCH,0.0,0.0,0.0,-0.0
88305,DYNAMIC,1.2462732791900635,0.15008744597434998,3.5987954139709473,0.0,2.0,0.0,0.0,0.0,-0.0,0.0,0.0,0,SEARCH,0.0,0.0,0.0,-0.0
88400,DYNAMIC,1.2465345859527588,0.15003028512001038,3.5988731384277344,0.0,2.0,0.0,0.0,0.0,-0.0,0.0,0.0,0,DONE,0.0,0.0,0.0,0.0
88450,DYNAMIC,1.2470502853393555,0.14984163641929626,3.5989315509796143,0.0,2.0,0.0,0.0,0.0,-0.0,0.0,0.0,0,DONE,0.0,0.0,0.0,0.0
88500,DYNAMIC,1.2474899291992188,0.149687260389328,3.5989744663238525,0.0,2.0,0.0,0.0,0.0,-0.0,0.0,0.0,0,DONE,0.0,0.0,0.0,0.0
88550,DYNAMIC,1.2480754852294922,0.1494753658771515,3.5990281105041504,0.0,2.0,0.0,0.0,0.0,-0.0,0.0,0.0,0,DONE,0.0,0.0,0.0,0.0
88600,DYNAMIC,1.2484307289123535,0.14934042096138,3.5990591049194336,0.0,2.0,0.0,0.0,0.0,-0.0,0.0,0.0,0,DONE,0.0,0.0,0.0,0.0
88650,DYNAMIC,1.2489283084869385,0.14923635125160217,3.5991299152374268,0.0,2.0,0.0,0.0,0.0,-0.0,0.0,0.0,0,DONE,0.0,0.0,0.0,0.0
88700,DYNAMIC,1.249237298965454,0.14920154213905334,3.5991504192352295,0.0,2.0,0.0,0.0,0.0,-0.0,0.0,0.0,0,DONE,0.0,0.0,0.0,0.0
88750,DYNAMIC,1.249664545059204,0.14916017651557922,3.5992138385772705,0.0,2.0,0.0,0.0,0.0,-0.0,0.0,0.0,0,DONE,0.0,0.0,0.0,0.0
88805,DYNAMIC,1.2499496936798096,0.1491442620754242,3.5992352962493896,0.0,2.0,0.0,0.0,0.0,-0.0,0.0,0.0,0,DONE,0.0,0.0,0.0,0.0
88859,DYNAMIC,1.250333547592163,0.14915922284126282,3.599285364151001,0.0,2.0,0.0,0.0,0.0,-0.0,0.0,0.0,0,DONE,0.0,0.0,0.0,0.0
88905,DYNAMIC,1.2510364055633545,0.14920839667320251,3.5993406772613525,0.0,2.0,0.0,0.0,0.0,-0.0,0.0,0.0,0,DONE,0.0,0.0,0.0,0.0
88950,DYNAMIC,1.2516462802886963,0.14925023913383484,3.599398612976074,0.0,2.0,0.0,0.0,0.0,-0.0,0.0,0.0,0,DONE,0.0,0.0,0.0,0.0
89000,DYNAMIC,1.2520177364349365,0.14927801489830017,3.599440813064575,0.0,2.0,0.0,0.0,0.0,-0.0,0.0,0.0,0,DONE,0.0,0.0,0.0,0.0
89050,DYNAMIC,1.2525134086608887,0.14940395951271057,3.599513530731201,0.0,2.0,0.0,0.0,0.0,-0.0,0.0,0.0,0,DONE,0.0,0.0,0.0,0.0
89100,DYNAMIC,1.2528085708618164,0.149539977312088,3.5995490550994873,0.0,2.0,0.0,0.0,0.0,-0.0,0.0,0.0,0,DONE,0.0,0.0,0.0,0.0
89150,DYNAMIC,1.2532103061676025,0.1497156322002411,3.5995841026306152,0.0,2.0,0.0,0.0,0.0,-0.0,0.0,0.0,0,DONE,0.0,0.0,0.0,0.0
89200,DYNAMIC,1.2534534931182861,0.14982298016548157,3.599640130996704,0.0,2.0,0.0,0.0,0.0,-0.0,0.0,0.0,0,DONE,0.0,0.0,0.0,0.0
89250,DYNAMIC,1.2538964748382568,0.14994284510612488,3.59969425201416,0.0,2.0,0.0,0.0,0.0,-0.0,0.0,0.0,0,DONE,0.0,0.0,0.0,0.0
89300,DYNAMIC,1.2542047500610352,0.15001347661018372,3.5997347831726074,0.0,2.0,0.0,0.0,0.0,-0.0,0.0,0.0,0,DONE,0.0,0.0,0.0,0.0
89350,DYNAMIC,1.2546405792236328,0.15011677145957947,3.599778413772583,0.0,2.0,0.0,0.0,0.0,-0.0,0.0,0.0,0,DONE,0.0,0.0,0.0,0.0
89400,DYNAMIC,1.2549231052398682,0.15018442273139954,3.599825859069824,0.0,2.0,0.0,0.0,0.0,-0.0,0.0,0.0,0,DONE,0.0,0.0,0.0,0.0
89453,DYNAMIC,1.2548809051513672,0.15040436387062073,3.599864959716797,0.0,2.0,0.0,0.0,0.0,-0.0,0.0,0.0,0,DONE,0.0,0.0,0.0,0.0
89501,DYNAMIC,1.2547051906585693,0.15078076720237732,3.599921464920044,0.0,2.0,0.0,0.0,0.0,-0.0,0.0,0.0,0,DONE,0.0,0.0,0.0,0.0
89551,DYNAMIC,1.2545619010925293,0.15111449360847473,3.5999908447265625,0.0,2.0,0.0,0.0,0.0,-0.0,0.0,0.0,0,DONE,0.0,0.0,0.0,0.0
89600,DYNAMIC,1.254486083984375,0.15131184458732605,3.600022792816162,0.0,2.0,0.0,0.0,0.0,-0.0,0.0,0.0,0,DONE,0.0,0.0,0.0,0.0
89650,DYNAMIC,1.2548229694366455,0.1514153778553009,3.600081205368042,0.0,2.0,0.0,0.0,0.0,-0.0,0.0,0.0,0,DONE,0.0,0.0,0.0,0.0
89700,DYNAMIC,1.2551603317260742,0.15143361687660217,3.600128650665283,0.0,2.0,0.0,0.0,0.0,-0.0,0.0,0.0,0,DONE,0.0,0.0,0.0,0.0
89750,DYNAMIC,1.255634069442749,0.1514711081981659,3.6001744270324707,0.0,2.0,0.0,0.0,0.0,-0.0,0.0,0.0,0,DONE,0.0,0.0,0.0,0.0
89800,DYNAMIC,1.2559306621551514,0.1514953076839447,3.60021710395813,0.0,2.0,0.0,0.0,0.0,-0.0,0.0,0.0,0,DONE,0.0,0.0,0.0,0.0
89850,DYNAMIC,1.2561473846435547,0.15154233574867249,3.600270986557007,0.0,2.0,0.0,0.0,0.0,-0.0,0.0,0.0,0,DONE,0.0,0.0,0.0,0.0
89900,DYNAMIC,1.256235122680664,0.151571124792099,3.6003012657165527,0.0,2.0,0.0,0.0,0.0,-0.0,0.0,0.0,0,DONE,0.0,0.0,0.0,0.0
89950,DYNAMIC,1.2564032077789307,0.1516037881374359,3.6003482341766357,0.0,2.0,0.0,0.0,0.0,-0.0,0.0,0.0,0,DONE,0.0,0.0,0.0,0.0
90000,DYNAMIC,1.256542444229126,0.1516355574131012,3.6003923416137695,0.0,2.0,0.0,0.0,0.0,-0.0,0.0,0.0,0,DONE,0.0,0.0,0.0,0.0
90056,DYNAMIC,1.256404161453247,0.1515776813030243,3.6004414558410645,0.0,2.0,0.0,0.0,0.0,-0.0,0.0,0.0,0,DONE,0.0,0.0,0.0,0.0
90101,DYNAMIC,1.2559516429901123,0.1513950526714325,3.600489854812622,0.0,2.0,0.0,0.0,0.0,-0.0,0.0,0.0,0,DONE,0.0,0.0,0.0,0.0
90152,DYNAMIC,1.2554080486297607,0.15117618441581726,3.600555658340454,0.0,2.0,0.0,0.0,0.0,-0.0,0.0,0.0,0,DONE,0.0,0.0,0.0,0.0
90200,DYNAMIC,1.255157470703125,0.1510697901248932,3.600583791732788,0.0,2.0,0.0,0.0,0.0,-0.0,0.0,0.0,0,DONE,0.0,0.0,0.0,0.0
90251,DYNAMIC,1.2552175521850586,0.1510765254497528,3.600628137588501,0.0,2.0,0.0,0.0,0.0,-0.0,0.0,0.0,0,DONE,0.0,0.0,0.0,0.0
90300,DYNAMIC,1.2553844451904297,0.15112963318824768,3.600658655166626,0.0,2.0,0.0,0.0,0.0,-0.0,0.0,0.0,0,DONE,0.0,0.0,0.0,0.0
90350,DYNAMIC,1.2556519508361816,0.15119114518165588,3.6007258892059326,0.0,2.0,0.0,0.0,0.0,-0.0,0.0,0.0,0,DONE,0.0,0.0,0.0,0.0
90400,DYNAMIC,1.2558443546295166,0.15121641755104065,3.6007728576660156,0.0,2.0,0.0,0.0,0.0,-0.0,0.0,0.0,0,DONE,0.0,0.0,0.0,0.0
