time_ms,mode,scenario,linear_error_m,rotation_error_deg,engagement_duration_s,drone_x,drone_y,target_x,target_y,altitude_m,state,last_cmd_pitch,last_cmd_roll,last_cmd_yaw_vel,last_cmd_thrust
20,gimbal,dynamic,0.4600,-14.08,0.02,9.9986,-0.0353,10.4444,-0.1487,0.430,DESCEND_TO_LOW,0.0008,0.0183,0.0000,-0.7709
120,gimbal,dynamic,0.4967,-14.08,0.12,9.9984,-0.0346,10.4797,-0.1575,0.430,STABILIZE_LOW,-0.0287,-0.2234,-0.8124,-0.3210
220,gimbal,dynamic,0.5336,-14.08,0.22,9.9982,-0.0342,10.5151,-0.1664,0.430,STABILIZE_LOW,-0.0111,-0.2279,-0.8130,-0.3210
319,gimbal,dynamic,0.5703,-14.08,0.32,9.9983,-0.0334,10.5507,-0.1753,0.430,STABILIZE_LOW,-0.0111,-0.2279,-0.8130,-0.3210
419,gimbal,dynamic,0.6068,-14.09,0.42,9.9991,-0.0319,10.5865,-0.1843,0.430,STABILIZE_LOW,-0.0111,-0.2279,-0.8130,-0.3209
519,gimbal,dynamic,0.6431,-14.09,0.52,10.0004,-0.0300,10.6224,-0.1932,0.430,STABILIZE_LOW,-0.0111,-0.2279,-0.8130,-0.3209
621,gimbal,dynamic,0.6800,-14.09,0.62,10.0013,-0.0276,10.6585,-0.2023,0.430,TERMINAL_LAND,0.2428,-0.2966,-0.8100,-0.3209
720,gimbal,dynamic,0.7173,-14.09,0.72,10.0020,-0.0250,10.6948,-0.2113,0.430,TERMINAL_LAND,0.2428,-0.2966,-0.8100,0.0000
820,gimbal,dynamic,0.7547,-14.09,0.82,10.0028,-0.0228,10.7312,-0.2204,0.431,TERMINAL_LAND,0.3864,-0.3307,-0.8172,0.0000
920,gimbal,dynamic,0.7922,-14.10,0.92,10.0034,-0.0211,10.7677,-0.2296,0.431,TERMINAL_LAND,0.3864,-0.3307,-0.8172,0.0000
1020,gimbal,dynamic,0.8295,-14.10,1.02,10.0044,-0.0195,10.8044,-0.2387,0.431,TERMINAL_LAND,0.5410,-0.3638,-0.8082,0.0000
1020,gimbal,dynamic,0.8665,-14.10,1.02,10.0058,-0.0181,10.8413,-0.2480,0.431,TERMINAL_LAND,0.5410,-0.3638,-0.8082,0.0000
1020,gimbal,dynamic,0.9036,-12.73,1.02,10.0072,-0.0162,10.8783,-0.2566,0.431,TERMINAL_LAND,0.5410,-0.3638,-0.8082,0.0000
1020,gimbal,dynamic,0.9411,-11.30,1.02,10.0082,-0.0140,10.9154,-0.2643,0.431,TERMINAL_LAND,0.5410,-0.3638,-0.8082,0.0000
1020,gimbal,dynamic,0.9786,-9.84,1.02,10.0089,-0.0123,10.9527,-0.2710,0.431,TERMINAL_LAND,0.5410,-0.3638,-0.8082,0.0000
1020,gimbal,dynamic,1.0164,-8.38,1.02,10.0094,-0.0100,10.9901,-0.2768,0.431,TERMINAL_LAND,0.5410,-0.3638,-0.8082,0.0000
1020,gimbal,dynamic,1.0548,-6.91,1.02,10.0091,-0.0078,11.0277,-0.2817,0.431,TERMINAL_LAND,0.5410,-0.3638,-0.8082,0.0000
1020,gimbal,dynamic,1.0938,-5.44,1.02,10.0079,-0.0059,11.0653,-0.2855,0.431,TERMINAL_LAND,0.5410,-0.3638,-0.8082,0.0000
1020,gimbal,dynamic,1.1332,-3.96,1.02,10.0061,-0.0045,11.1032,-0.2884,0.431,TERMINAL_LAND,0.5410,-0.3638,-0.8082,0.0000
1020,gimbal,dynamic,1.1726,-2.50,1.02,10.0041,-0.0033,11.1411,-0.2904,0.431,TERMINAL_LAND,0.5410,-0.3638,-0.8082,0.0000
1020,gimbal,dynamic,1.2121,-1.03,1.02,10.0020,-0.0026,11.1791,-0.2913,0.431,TERMINAL_LAND,0.5410,-0.3638,-0.8082,0.0000
1020,gimbal,dynamic,1.2515,0.41,1.02,9.9996,-0.0024,11.2173,-0.2913,0.431,TERMINAL_LAND,0.5410,-0.3638,-0.8082,0.0000
1020,gimbal,dynamic,1.2904,1.84,1.02,9.9977,-0.0027,11.2556,-0.2904,0.431,TERMINAL_LAND,0.5410,-0.3638,-0.8082,0.0000
1020,gimbal,dynamic,1.3289,3.24,1.02,9.9961,-0.0031,11.2940,-0.2885,0.431,TERMINAL_LAND,0.5410,-0.3638,-0.8082,0.0000
1020,gimbal,dynamic,1.3672,4.62,1.02,9.9947,-0.0036,11.3325,-0.2856,0.431,TERMINAL_LAND,0.5410,-0.3638,-0.8082,0.0000
1020,gimbal,dynamic,1.4053,5.97,1.02,9.9936,-0.0039,11.3711,-0.2818,0.431,TERMINAL_LAND,0.5410,-0.3638,-0.8082,0.0000
1020,gimbal,dynamic,1.4426,7.29,1.02,9.9933,-0.0037,11.4098,-0.2771,0.431,TERMINAL_LAND,0.5410,-0.3638,-0.8082,0.0000
1020,gimbal,dynamic,1.4796,8.57,1.02,9.9935,-0.0030,11.4486,-0.2715,0.431,TERMINAL_LAND,0.5410,-0.3638,-0.8082,0.0000
1020,gimbal,dynamic,1.5167,9.81,1.02,9.9937,-0.0021,11.4874,-0.2650,0.431,TERMINAL_LAND,0.5410,-0.3638,-0.8082,0.0000
1020,gimbal,dynamic,1.5534,11.02,1.02,9.9943,-0.0013,11.5264,-0.2576,0.431,TERMINAL_LAND,0.5410,-0.3638,-0.8082,0.0000
1020,gimbal,dynamic,1.5893,12.17,1.02,9.9957,-0.0008,11.5655,-0.2494,0.431,TERMINAL_LAND,0.5410,-0.3638,-0.8082,0.0000
1020,gimbal,dynamic,1.6246,13.29,1.02,9.9978,-0.0008,11.6046,-0.2404,0.431,TERMINAL_LAND,0.5410,-0.3638,-0.8082,0.0000
1020,gimbal,dynamic,1.6599,13.95,1.02,10.0000,-0.0010,11.6439,-0.2306,0.431,TERMINAL_LAND,0.5410,-0.3638,-0.8082,0.0000
1020,gimbal,dynamic,1.6954,13.95,1.02,10.0021,-0.0009,11.6832,-0.2208,0.431,TERMINAL_LAND,0.5410,-0.3638,-0.8082,0.0000
1020,gimbal,dynamic,1.7314,13.95,1.02,10.0039,-0.0007,11.7226,-0.2110,0.431,TERMINAL_LAND,0.5410,-0.3638,-0.8082,0.0000
1020,gimbal,dynamic,1.7675,13.95,1.02,10.0058,-0.0009,11.7620,-0.2011,0.431,TERMINAL_LAND,0.5410,-0.3638,-0.8082,0.0000
1020,gimbal,dynamic,1.8039,13.95,1.02,10.0076,-0.0016,11.8015,-0.1912,0.431,TERMINAL_LAND,0.5410,-0.3638,-0.8082,0.0000
1020,gimbal,dynamic,1.8413,13.95,1.02,10.0085,-0.0026,11.8411,-0.1813,0.431,TERMINAL_LAND,0.5410,-0.3638,-0.8082,0.0000
1020,gimbal,dynamic,1.8793,13.95,1.02,10.0089,-0.0033,11.8807,-0.1714,0.431,TERMINAL_LAND,0.5410,-0.3638,-0.8082,0.0000
1020,gimbal,dynamic,1.9171,13.95,1.02,10.0097,-0.0043,11.9204,-0.1615,0.431,TERMINAL_LAND,0.5410,-0.3638,-0.8082,0.0000
1020,gimbal,dynamic,1.9545,13.95,1.02,10.0110,-0.0052,11.9601,-0.1516,0.431,TERMINAL_LAND,0.5410,-0.3638,-0.8082,0.0000
1020,gimbal,dynamic,1.9919,13.95,1.02,10.0126,-0.0062,11.9999,-0.1417,0.431,TERMINAL_LAND,0.5410,-0.3638,-0.8082,0.0000
1020,gimbal,dynamic,2.0291,13.95,1.02,10.0144,-0.0072,12.0397,-0.1317,0.431,TERMINAL_LAND,0.5410,-0.3638,-0.8082,0.0000
1020,gimbal,dynamic,2.0663,13.95,1.02,10.0164,-0.0073,12.0795,-0.1217,0.431,TERMINAL_LAND,0.5410,-0.3638,-0.8082,0.0000
1020,gimbal,dynamic,2.1034,13.95,1.02,10.0186,-0.0060,12.1194,-0.1118,0.431,TERMINAL_LAND,0.5410,-0.3638,-0.8082,0.0000
1020,gimbal,dynamic,2.1417,13.94,1.02,10.0198,-0.0036,12.1593,-0.1018,0.431,TERMINAL_LAND,0.5410,-0.3638,-0.8082,0.0000
1020,gimbal,dynamic,2.1812,13.94,1.02,10.0199,-0.0014,12.1992,-0.0918,0.431,TERMINAL_LAND,0.5410,-0.3638,-0.8082,0.0000
1020,gimbal,dynamic,2.2211,13.94,1.02,10.0196,0.0006,12.2392,-0.0818,0.431,TERMINAL_LAND,0.5410,-0.3638,-0.8082,0.0000
1020,gimbal,dynamic,2.2609,13.94,1.02,10.0194,0.0020,12.2792,-0.0718,0.431,TERMINAL_LAND,0.5410,-0.3638,-0.8082,0.0000
1020,gimbal,dynamic,2.3007,13.94,1.02,10.0194,0.0031,12.3191,-0.0618,0.431,TERMINAL_LAND,0.5410,-0.3638,-0.8082,0.0000
1020,gimbal,dynamic,2.3403,13.94,1.02,10.0195,0.0042,12.3591,-0.0518,0.431,TERMINAL_LAND,0.5410,-0.3638,-0.8082,0.0000
1020,gimbal,dynamic,2.3802,13.94,1.02,10.0194,0.0050,12.3991,-0.0418,0.431,TERMINAL_LAND,0.5410,-0.3638,-0.8082,0.0000
1020,gimbal,dynamic,2.4202,13.94,1.02,10.0192,0.0054,12.4391,-0.0318,0.431,TERMINAL_LAND,0.5410,-0.3638,-0.8082,0.0000
1020,gimbal,dynamic,2.4605,13.94,1.02,10.0188,0.0055,12.4791,-0.0218,0.431,TERMINAL_LAND,0.5410,-0.3638,-0.8082,0.0000
1020,gimbal,dynamic,2.5011,13.94,1.02,10.0181,0.0052,12.5191,-0.0118,0.431,TERMINAL_LAND,0.5410,-0.3638,-0.8082,0.0000
1020,gimbal,dynamic,2.5415,13.94,1.02,10.0176,0.0045,12.5591,-0.0018,0.431,TERMINAL_LAND,0.5410,-0.3638,-0.8082,0.0000
1020,gimbal,dynamic,2.5818,13.94,1.02,10.0173,0.0041,12.5991,0.0082,0.431,TERMINAL_LAND,0.5410,-0.3638,-0.8082,0.0000
1020,gimbal,dynamic,2.6221,13.94,1.02,10.0169,0.0043,12.6390,0.0181,0.431,TERMINAL_LAND,0.5410,-0.3638,-0.8082,0.0000
1020,gimbal,dynamic,2.6625,13.94,1.02,10.0165,0.0039,12.6789,0.0281,0.431,TERMINAL_LAND,0.5410,-0.3638,-0.8082,0.0000
1020,gimbal,dynamic,2.7028,13.94,1.02,10.0163,0.0022,12.7188,0.0381,0.431,TERMINAL_LAND,0.5410,-0.3638,-0.8082,0.0000
1020,gimbal,dynamic,2.7429,13.94,1.02,10.0162,0.0003,12.7587,0.0481,0.431,TERMINAL_LAND,0.5410,-0.3638,-0.8082,0.0000
1020,gimbal,dynamic,2.7825,13.94,1.02,10.0166,-0.0014,12.7985,0.0580,0.431,TERMINAL_LAND,0.5410,-0.3638,-0.8082,0.0000
1020,gimbal,dynamic,2.8223,13.94,1.02,10.0169,-0.0025,12.8383,0.0680,0.431,TERMINAL_LAND,0.5410,-0.3638,-0.8082,0.0000
1020,gimbal,dynamic,2.8620,13.94,1.02,10.0172,-0.0032,12.8781,0.0779,0.431,TERMINAL_LAND,0.5410,-0.3638,-0.8082,0.0000
1020,gimbal,dynamic,2.9018,13.94,1.02,10.0174,-0.0035,12.9178,0.0878,0.431,TERMINAL_LAND,0.5410,-0.3638,-0.8082,0.0000
1020,gimbal,dynamic,2.9418,13.94,1.02,10.0173,-0.0036,12.9574,0.0977,0.431,TERMINAL_LAND,0.5410,-0.3638,-0.8082,0.0000
1020,gimbal,dynamic,2.9820,13.94,1.02,10.0171,-0.0035,12.9970,0.1076,0.431,TERMINAL_LAND,0.5410,-0.3638,-0.8082,0.0000
1020,gimbal,dynamic,3.0223,13.94,1.02,10.0166,-0.0035,13.0366,0.1175,0.431,TERMINAL_LAND,0.5410,-0.3638,-0.8082,0.0000
1020,gimbal,dynamic,3.0626,13.93,1.02,10.0163,-0.0036,13.0760,0.1274,0.431,TERMINAL_LAND,0.5410,-0.3638,-0.8082,0.0000
1020,gimbal,dynamic,3.1027,13.94,1.02,10.0160,-0.0039,13.1154,0.1372,0.431,TERMINAL_LAND,0.5410,-0.3638,-0.8082,0.0000
1020,gimbal,dynamic,3.1420,13.93,1.02,10.0164,-0.0045,13.1548,0.1471,0.431,TERMINAL_LAND,0.5410,-0.3638,-0.8082,0.0000
1020,gimbal,dynamic,3.1808,13.93,1.02,10.0174,-0.0047,13.1941,0.1569,0.431,TERMINAL_LAND,0.5410,-0.3638,-0.8082,0.0000
1020,gimbal,dynamic,3.2195,13.93,1.02,10.0183,-0.0045,13.2333,0.1667,0.431,TERMINAL_LAND,0.5410,-0.3638,-0.8082,0.0000
1020,gimbal,dynamic,3.2580,13.93,1.02,10.0193,-0.0037,13.2724,0.1765,0.431,TERMINAL_LAND,0.5410,-0.3638,-0.8082,0.0000
1020,gimbal,dynamic,3.2966,13.93,1.02,10.0202,-0.0032,13.3114,0.1862,0.431,TERMINAL_LAND,0.5410,-0.3638,-0.8082,0.0000
1020,gimbal,dynamic,3.3352,13.93,1.02,10.0210,-0.0030,13.3503,0.1960,0.431,TERMINAL_LAND,0.5410,-0.3638,-0.8082,0.0000
1020,gimbal,dynamic,3.3742,13.93,1.02,10.0215,-0.0037,13.3892,0.2057,0.431,TERMINAL_LAND,0.5410,-0.3638,-0.8082,0.0000
1020,gimbal,dynamic,3.4134,13.76,1.02,10.0216,-0.0050,13.4279,0.2153,0.431,TERMINAL_LAND,0.5410,-0.3638,-0.8082,0.0000
1020,gimbal,dynamic,3.4530,12.74,1.02,10.0213,-0.0066,13.4666,0.2244,0.431,TERMINAL_LAND,0.5410,-0.3638,-0.8082,0.0000
1020,gimbal,dynamic,3.4925,11.69,1.02,10.0209,-0.0085,13.5051,0.2327,0.431,TERMINAL_LAND,0.5410,-0.3638,-0.8082,0.0000
1020,gimbal,dynamic,3.5319,10.61,1.02,10.0206,-0.0096,13.5436,0.2402,0.431,TERMINAL_LAND,0.5410,-0.3638,-0.8082,0.0000
1020,gimbal,dynamic,3.5712,9.50,1.02,10.0201,-0.0105,13.5819,0.2470,0.431,TERMINAL_LAND,0.5410,-0.3638,-0.8082,0.0000
1020,gimbal,dynamic,3.6104,8.37,1.02,10.0195,-0.0116,13.6202,0.2529,0.431,TERMINAL_LAND,0.5410,-0.3638,-0.8082,0.0000
1020,gimbal,dynamic,3.6493,7.21,1.02,10.0191,-0.0130,13.6583,0.2581,0.431,TERMINAL_LAND,0.5410,-0.3638,-0.8082,0.0000
1020,gimbal,dynamic,3.6873,6.02,1.02,10.0193,-0.0136,13.6963,0.2624,0.431,TERMINAL_LAND,0.5410,-0.3638,-0.8082,0.0000
1020,gimbal,dynamic,3.7246,4.82,1.02,10.0201,-0.0137,13.7341,0.2660,0.431,TERMINAL_LAND,0.5410,-0.3638,-0.8082,0.0000
1020,gimbal,dynamic,3.7620,3.60,1.02,10.0205,-0.0136,13.7719,0.2687,0.431,TERMINAL_LAND,0.5410,-0.3638,-0.8082,0.0000
1020,gimbal,dynamic,3.7996,2.37,1.02,10.0206,-0.0132,13.8095,0.2706,0.431,TERMINAL_LAND,0.5410,-0.3638,-0.8082,0.0000
1020,gimbal,dynamic,3.8368,1.13,1.02,10.0208,-0.0129,13.8470,0.2717,0.431,TERMINAL_LAND,0.5410,-0.3638,-0.8082,0.0000
1020,gimbal,dynamic,3.8733,-0.11,1.02,10.0215,-0.0127,13.8843,0.2719,0.431,TERMINAL_LAND,0.5410,-0.3638,-0.8082,0.0000
1020,gimbal,dynamic,3.9093,-1.35,1.02,10.0226,-0.0127,13.9216,0.2714,0.431,TERMINAL_LAND,0.5410,-0.3638,-0.8082,0.0000
1020,gimbal,dynamic,3.9447,-2.59,1.02,10.0241,-0.0130,13.9586,0.2700,0.431,TERMINAL_LAND,0.5410,-0.3638,-0.8082,0.0000
1020,gimbal,dynamic,3.9791,-3.82,1.02,10.0264,-0.0138,13.9956,0.2679,0.431,TERMINAL_LAND,0.5410,-0.3638,-0.8082,0.0000
1020,gimbal,dynamic,4.0121,-5.05,1.02,10.0300,-0.0147,14.0324,0.2650,0.431,TERMINAL_LAND,0.5410,-0.3638,-0.8082,0.0000
1020,gimbal,dynamic,4.0449,-6.26,1.02,10.0335,-0.0156,14.0690,0.2613,0.431,TERMINAL_LAND,0.5410,-0.3638,-0.8082,0.0000
1020,gimbal,dynamic,4.0783,-7.45,1.02,10.0364,-0.0169,14.1055,0.2569,0.431,TERMINAL_LAND,0.5410,-0.3638,-0.8082,0.0000
1020,gimbal,dynamic,4.1123,-8.63,1.02,10.0384,-0.0181,14.1418,0.2517,0.431,TERMINAL_LAND,0.5410,-0.3638,-0.8082,0.0000
1020,gimbal,dynamic,4.1478,-9.78,1.02,10.0387,-0.0194,14.1780,0.2457,0.431,TERMINAL_LAND,0.5410,-0.3638,-0.8082,0.0000
1020,gimbal,dynamic,4.1843,-10.91,1.02,10.0377,-0.0204,14.2140,0.2391,0.431,TERMINAL_LAND,0.5410,-0.3638,-0.8082,0.0000
1020,gimbal,dynamic,4.2215,-12.00,1.02,10.0360,-0.0206,14.2499,0.2318,0.431,TERMINAL_LAND,0.5410,-0.3638,-0.8082,0.0000
1020,gimbal,dynamic,4.2584,-13.07,1.02,10.0342,-0.0203,14.2856,0.2238,0.431,TERMINAL_LAND,0.5410,-0.3638,-0.8082,0.0000
1020,gimbal,dynamic,4.2954,-14.10,1.02,10.0321,-0.0191,14.3211,0.2152,0.431,TERMINAL_LAND,0.5410,-0.3638,-0.8082,0.0000
1020,gimbal,dynamic,4.3322,-14.15,1.02,10.0301,-0.0173,14.3565,0.2063,0.431,TERMINAL_LAND,0.5410,-0.3638,-0.8082,0.0000
1020,gimbal,dynamic,4.3688,-14.15,1.02,10.0281,-0.0153,14.3917,0.1975,0.431,TERMINAL_LAND,0.5410,-0.3638,-0.8082,0.0000
1020,gimbal,dynamic,4.4054,-14.15,1.02,10.0259,-0.0128,14.4267,0.1888,0.431,TERMINAL_LAND,0.5410,-0.3638,-0.8082,0.0000
1020,gimbal,dynamic,4.4423,-14.15,1.02,10.0234,-0.0104,14.4615,0.1801,0.431,TERMINAL_LAND,0.5410,-0.3638,-0.8082,0.0000
1020,gimbal,dynamic,4.4792,-14.15,1.02,10.0206,-0.0081,14.4962,0.1714,0.431,TERMINAL_LAND,0.5410,-0.3638,-0.8082,0.0000
1020,gimbal,dynamic,4.5167,-14.15,1.02,10.0172,-0.0055,14.5307,0.1628,0.431,TERMINAL_LAND,0.5410,-0.3638,-0.8082,0.0000
1020,gimbal,dynamic,4.5539,-14.15,1.02,10.0139,-0.0036,14.5650,0.1542,0.431,TERMINAL_LAND,0.5410,-0.3638,-0.8082,0.0000
1020,gimbal,dynamic,4.5911,-14.15,1.02,10.0104,-0.0023,14.5992,0.1457,0.431,TERMINAL_LAND,0.5410,-0.3638,-0.8082,0.0000
1020,gimbal,dynamic,4.6276,-14.15,1.02,10.0076,-0.0016,14.6331,0.1372,0.431,TERMINAL_LAND,0.5410,-0.3638,-0.8082,0.0000
1020,gimbal,dynamic,4.6641,-14.15,1.02,10.0046,-0.0015,14.6669,0.1287,0.431,TERMINAL_LAND,0.5410,-0.3638,-0.8082,0.0000
1020,gimbal,dynamic,4.7007,-14.15,1.02,10.0013,-0.0016,14.7005,0.1203,0.431,TERMINAL_LAND,0.5410,-0.3638,-0.8082,0.0000
1020,gimbal,dynamic,4.7367,-14.15,1.02,9.9985,-0.0022,14.7339,0.1120,0.431,TERMINAL_LAND,0.5410,-0.3638,-0.8082,0.0000
1020,gimbal,dynamic,4.7720,-14.15,1.02,9.9962,-0.0031,14.7671,0.1037,0.431,TERMINAL_LAND,0.5410,-0.3638,-0.8082,0.0000
1020,gimbal,dynamic,4.8066,-14.15,1.02,9.9945,-0.0045,14.8001,0.0954,0.431,TERMINAL_LAND,0.5410,-0.3638,-0.8082,0.0000
1020,gimbal,dynamic,4.8409,-14.15,1.02,9.9929,-0.0059,14.8329,0.0872,0.431,TERMINAL_LAND,0.5410,-0.3638,-0.8082,0.0000
1020,gimbal,dynamic,4.8749,-14.15,1.02,9.9914,-0.0070,14.8655,0.0791,0.431,TERMINAL_LAND,0.5410,-0.3638,-0.8082,0.0000
1020,gimbal,dynamic,4.9081,-14.15,1.02,9.9905,-0.0075,14.8980,0.0710,0.431,TERMINAL_LAND,0.5410,-0.3638,-0.8082,0.0000
1020,gimbal,dynamic,4.9401,-14.15,1.02,9.9906,-0.0070,14.9302,0.0629,0.431,TERMINAL_LAND,0.5410,-0.3638,-0.8082,0.0000
1020,gimbal,dynamic,4.9711,-14.15,1.02,9.9916,-0.0059,14.9623,0.0549,0.431,TERMINAL_LAND,0.5410,-0.3638,-0.8082,0.0000
1020,gimbal,dynamic,5.0016,-14.15,1.02,9.9928,-0.0046,14.9941,0.0469,0.431,TERMINAL_LAND,0.5410,-0.3638,-0.8082,0.0000
1020,gimbal,dynamic,5.0320,-14.15,1.02,9.9939,-0.0033,15.0258,0.0390,0.431,TERMINAL_LAND,0.5410,-0.3638,-0.8082,0.0000
1020,gimbal,dynamic,5.0630,-14.16,1.02,9.9943,-0.0024,15.0572,0.0312,0.431,TERMINAL_LAND,0.5410,-0.3638,-0.8082,0.0000
1020,gimbal,dynamic,5.0945,-14.16,1.02,9.9940,-0.0014,15.0885,0.0233,0.431,TERMINAL_LAND,0.5410,-0.3638,-0.8082,0.0000
1020,gimbal,dynamic,5.1261,-14.16,1.02,9.9935,0.0001,15.1195,0.0156,0.431,TERMINAL_LAND,0.5410,-0.3638,-0.8082,0.0000
1020,gimbal,dynamic,5.1577,-14.16,1.02,9.9927,0.0016,15.1504,0.0079,0.431,TERMINAL_LAND,0.5410,-0.3638,-0.8082,0.0000
1020,gimbal,dynamic,5.1894,-14.16,1.02,9.9916,0.0034,15.1811,0.0002,0.431,TERMINAL_LAND,0.5410,-0.3638,-0.8082,0.0000
1020,gimbal,dynamic,5.2211,-14.16,1.02,9.9904,0.0051,15.2115,-0.0074,0.431,TERMINAL_LAND,0.5410,-0.3638,-0.8082,0.0000
1020,gimbal,dynamic,5.2528,-14.16,1.02,9.9891,0.0068,15.2418,-0.0150,0.431,TERMINAL_LAND,0.5410,-0.3638,-0.8082,0.0000
1020,gimbal,dynamic,5.2842,-14.16,1.02,9.9878,0.0089,15.2719,-0.0225,0.431,TERMINAL_LAND,0.5410,-0.3638,-0.8082,0.0000
1020,gimbal,dynamic,5.3163,-14.17,1.02,9.9856,0.0113,15.3017,-0.0300,0.431,TERMINAL_LAND,0.5410,-0.3638,-0.8082,0.0000
1020,gimbal,dynamic,5.3487,-14.17,1.02,9.9829,0.0133,15.3314,-0.0374,0.431,TERMINAL_LAND,0.5410,-0.3638,-0.8082,0.0000
1020,gimbal,dynamic,5.3815,-14.17,1.02,9.9797,0.0141,15.3608,-0.0447,0.431,TERMINAL_LAND,0.5410,-0.3638,-0.8082,0.0000
1020,gimbal,dynamic,5.4137,-14.17,1.02,9.9768,0.0137,15.3901,-0.0521,0.431,TERMINAL_LAND,0.5410,-0.3638,-0.8082,0.0000
1020,gimbal,dynamic,5.4458,-14.17,1.02,9.9738,0.0133,15.4192,-0.0593,0.431,TERMINAL_LAND,0.5410,-0.3638,-0.8082,0.0000
1020,gimbal,dynamic,5.4772,-14.17,1.02,9.9714,0.0134,15.4480,-0.0665,0.431,TERMINAL_LAND,0.5410,-0.3638,-0.8082,0.0000
1020,gimbal,dynamic,5.5084,-14.17,1.02,9.9690,0.0131,15.4767,-0.0737,0.431,TERMINAL_LAND,0.5410,-0.3638,-0.8082,0.0000
1020,gimbal,dynamic,5.5394,-14.17,1.02,9.9665,0.0124,15.5052,-0.0808,0.431,TERMINAL_LAND,0.5410,-0.3638,-0.8082,0.0000
1020,gimbal,dynamic,5.5694,-14.16,1.02,9.9649,0.0109,15.5334,-0.0879,0.431,TERMINAL_LAND,0.5410,-0.3638,-0.8082,0.0000
1020,gimbal,dynamic,5.5982,-14.16,1.02,9.9643,0.0092,15.5615,-0.0949,0.431,TERMINAL_LAND,0.5410,-0.3638,-0.8082,0.0000
1020,gimbal,dynamic,5.6262,-13.56,1.02,9.9643,0.0069,15.5894,-0.1017,0.431,TERMINAL_LAND,0.5410,-0.3638,-0.8082,0.0000
1020,gimbal,dynamic,5.6537,-12.25,1.02,9.9645,0.0051,15.6171,-0.1079,0.431,TERMINAL_LAND,0.5410,-0.3638,-0.8082,0.0000
1020,gimbal,dynamic,5.6813,-10.87,1.02,9.9644,0.0040,15.6446,-0.1134,0.431,TERMINAL_LAND,0.5410,-0.3638,-0.8082,0.0000
1020,gimbal,dynamic,5.7084,-9.42,1.02,9.9648,0.0035,15.6719,-0.1181,0.431,TERMINAL_LAND,0.5410,-0.3638,-0.8082,0.0000
1020,gimbal,dynamic,5.7347,-7.90,1.02,9.9656,0.0031,15.6990,-0.1220,0.431,TERMINAL_LAND,0.5410,-0.3638,-0.8082,0.0000
1020,gimbal,dynamic,5.7604,-6.32,1.02,9.9668,0.0025,15.7259,-0.1252,0.431,TERMINAL_LAND,0.5410,-0.3638,-0.8082,0.0000
1020,gimbal,dynamic,5.7855,-4.68,1.02,9.9685,0.0014,15.7526,-0.1276,0.431,TERMINAL_LAND,0.5410,-0.3638,-0.8082,0.0000
1020,gimbal,dynamic,5.8101,-2.99,1.02,9.9705,-0.0001,15.7791,-0.1292,0.431,TERMINAL_LAND,0.5410,-0.3638,-0.8082,0.0000
1020,gimbal,dynamic,5.8347,-1.25,1.02,9.9722,-0.0017,15.8055,-0.1300,0.431,TERMINAL_LAND,0.5410,-0.3638,-0.8082,0.0000
1020,gimbal,dynamic,5.8598,0.53,1.02,9.9733,-0.0034,15.8317,-0.1299,0.431,TERMINAL_LAND,0.5410,-0.3638,-0.8082,0.0000
1020,gimbal,dynamic,5.8844,2.35,1.02,9.9745,-0.0052,15.8576,-0.1291,0.431,TERMINAL_LAND,0.5410,-0.3638,-0.8082,0.0000
1020,gimbal,dynamic,5.9084,4.19,1.02,9.9762,-0.0070,15.8834,-0.1274,0.431,TERMINAL_LAND,0.5410,-0.3638,-0.8082,0.0000
1020,gimbal,dynamic,5.9319,6.06,1.02,9.9783,-0.0087,15.9090,-0.1249,0.431,TERMINAL_LAND,0.5410,-0.3638,-0.8082,0.0000
1020,gimbal,dynamic,5.9554,7.93,1.02,9.9801,-0.0105,15.9345,-0.1216,0.431,TERMINAL_LAND,0.5410,-0.3638,-0.8082,0.0000
1020,gimbal,dynamic,5.9783,9.81,1.02,9.9824,-0.0121,15.9597,-0.1175,0.431,TERMINAL_LAND,0.5410,-0.3638,-0.8082,0.0000
1020,gimbal,dynamic,6.0012,11.68,1.02,9.9845,-0.0135,15.9848,-0.1125,0.431,TERMINAL_LAND,0.5410,-0.3638,-0.8082,0.0000
1020,gimbal,dynamic,6.0243,13.54,1.02,9.9862,-0.0146,16.0097,-0.1067,0.431,TERMINAL_LAND,0.5410,-0.3638,-0.8082,0.0000
1020,gimbal,dynamic,6.0479,13.92,1.02,9.9872,-0.0154,16.0345,-0.1006,0.431,TERMINAL_LAND,0.5410,-0.3638,-0.8082,0.0000
1020,gimbal,dynamic,6.0718,13.92,1.02,9.9878,-0.0161,16.0591,-0.0944,0.431,TERMINAL_LAND,0.5410,-0.3638,-0.8082,0.0000
1020,gimbal,dynamic,6.0954,13.92,1.02,9.9884,-0.0166,16.0835,-0.0883,0.431,TERMINAL_LAND,0.5410,-0.3638,-0.8082,0.0000
1020,gimbal,dynamic,6.1192,13.92,1.02,9.9889,-0.0167,16.1077,-0.0823,0.431,TERMINAL_LAND,0.5410,-0.3638,-0.8082,0.0000
1020,gimbal,dynamic,6.1433,13.92,1.02,9.9888,-0.0159,16.1318,-0.0762,0.431,TERMINAL_LAND,0.5410,-0.3638,-0.8082,0.0000
1020,gimbal,dynamic,6.1683,13.91,1.02,9.9877,-0.0139,16.1557,-0.0703,0.431,TERMINAL_LAND,0.5410,-0.3638,-0.8082,0.0000
1020,gimbal,dynamic,6.1933,13.91,1.02,9.9864,-0.0112,16.1795,-0.0643,0.431,TERMINAL_LAND,0.5410,-0.3638,-0.8082,0.0000
1020,gimbal,dynamic,6.2179,13.91,1.02,9.9853,-0.0077,16.2031,-0.0584,0.431,TERMINAL_LAND,0.5410,-0.3638,-0.8082,0.0000
1020,gimbal,dynamic,6.2418,13.91,1.02,9.9849,-0.0038,16.2265,-0.0526,0.431,TERMINAL_LAND,0.5410,-0.3638,-0.8082,0.0000
1020,gimbal,dynamic,6.2649,13.91,1.02,9.9851,0.0003,16.2498,-0.0467,0.431,TERMINAL_LAND,0.5410,-0.3638,-0.8082,0.0000
1020,gimbal,dynamic,6.2876,13.91,1.02,9.9855,0.0043,16.2730,-0.0409,0.431,TERMINAL_LAND,0.5410,-0.3638,-0.8082,0.0000
1020,gimbal,dynamic,6.3100,13.90,1.02,9.9861,0.0079,16.2960,-0.0352,0.431,TERMINAL_LAND,0.5410,-0.3638,-0.8082,0.0000
1020,gimbal,dynamic,6.3318,13.91,1.02,9.9872,0.0104,16.3189,-0.0295,0.431,TERMINAL_LAND,0.5410,-0.3638,-0.8082,0.0000
1020,gimbal,dynamic,6.3529,13.91,1.02,9.9888,0.0120,16.3416,-0.0238,0.431,TERMINAL_LAND,0.5410,-0.3638,-0.8082,0.0000
1020,gimbal,dynamic,6.3733,13.91,1.02,9.9909,0.0131,16.3642,-0.0181,0.431,TERMINAL_LAND,0.5410,-0.3638,-0.8082,0.0000
1020,gimbal,dynamic,6.3936,13.91,1.02,9.9931,0.0135,16.3866,-0.0125,0.431,TERMINAL_LAND,0.5410,-0.3638,-0.8082,0.0000
1020,gimbal,dynamic,6.4140,13.91,1.02,9.9950,0.0139,16.4090,-0.0069,0.431,TERMINAL_LAND,0.5410,-0.3638,-0.8082,0.0000
1020,gimbal,dynamic,6.4347,13.91,1.02,9.9965,0.0142,16.4312,-0.0014,0.431,TERMINAL_LAND,0.5410,-0.3638,-0.8082,0.0000
1020,gimbal,dynamic,6.4563,13.91,1.02,9.9970,0.0142,16.4533,0.0041,0.431,TERMINAL_LAND,0.5410,-0.3638,-0.8082,0.0000
1020,gimbal,dynamic,6.4784,13.91,1.02,9.9968,0.0135,16.4752,0.0096,0.431,TERMINAL_LAND,0.5410,-0.3638,-0.8082,0.0000
1020,gimbal,dynamic,6.5007,13.91,1.02,9.9964,0.0121,16.4971,0.0151,0.431,TERMINAL_LAND,0.5410,-0.3638,-0.8082,0.0000
1020,gimbal,dynamic,6.5230,13.91,1.02,9.9958,0.0108,16.5188,0.0205,0.431,TERMINAL_LAND,0.5410,-0.3638,-0.8082,0.0000
1020,gimbal,dynamic,6.5452,13.91,1.02,9.9952,0.0100,16.5404,0.0259,0.431,TERMINAL_LAND,0.5410,-0.3638,-0.8082,0.0000
1020,gimbal,dynamic,6.5678,13.91,1.02,9.9942,0.0091,16.5619,0.0313,0.431,TERMINAL_LAND,0.5410,-0.3638,-0.8082,0.0000
1020,gimbal,dynamic,6.5902,13.91,1.02,9.9932,0.0085,16.5833,0.0367,0.431,TERMINAL_LAND,0.5410,-0.3638,-0.8082,0.0000
1020,gimbal,dynamic,6.6125,13.91,1.02,9.9922,0.0079,16.6046,0.0420,0.431,TERMINAL_LAND,0.5410,-0.3638,-0.8082,0.0000
1020,gimbal,dynamic,6.6346,13.91,1.02,9.9914,0.0072,16.6259,0.0473,0.431,TERMINAL_LAND,0.5410,-0.3638,-0.8082,0.0000
1020,gimbal,dynamic,6.6560,13.91,1.02,9.9912,0.0065,16.6470,0.0526,0.431,TERMINAL_LAND,0.5410,-0.3638,-0.8082,0.0000
1020,gimbal,dynamic,6.6768,13.91,1.02,9.9914,0.0052,16.6680,0.0578,0.431,TERMINAL_LAND,0.5410,-0.3638,-0.8082,0.0000
1020,gimbal,dynamic,6.6974,13.91,1.02,9.9919,0.0038,16.6889,0.0631,0.431,TERMINAL_LAND,0.5410,-0.3638,-0.8082,0.0000
1020,gimbal,dynamic,6.7178,13.91,1.02,9.9923,0.0027,16.7098,0.0683,0.431,TERMINAL_LAND,0.5410,-0.3638,-0.8082,0.0000
1020,gimbal,dynamic,6.7386,13.91,1.02,9.9923,0.0018,16.7306,0.0735,0.431,TERMINAL_LAND,0.5410,-0.3638,-0.8082,0.0000
1020,gimbal,dynamic,6.7598,13.91,1.02,9.9919,0.0011,16.7513,0.0786,0.431,TERMINAL_LAND,0.5410,-0.3638,-0.8082,0.0000
1020,gimbal,dynamic,6.7813,13.91,1.02,9.9911,0.0003,16.7719,0.0838,0.431,TERMINAL_LAND,0.5410,-0.3638,-0.8082,0.0000
1020,gimbal,dynamic,6.8038,13.92,1.02,9.9893,-0.0006,16.7925,0.0889,0.431,TERMINAL_LAND,0.5410,-0.3638,-0.8082,0.0000
1020,gimbal,dynamic,6.8270,13.92,1.02,9.9867,-0.0023,16.8130,0.0941,0.431,TERMINAL_LAND,0.5410,-0.3638,-0.8082,0.0000
1020,gimbal,dynamic,6.8503,13.92,1.02,9.9839,-0.0046,16.8334,0.0992,0.431,TERMINAL_LAND,0.5410,-0.3638,-0.8082,0.0000
1020,gimbal,dynamic,6.8732,13.92,1.02,9.9815,-0.0075,16.8538,0.1043,0.431,TERMINAL_LAND,0.5410,-0.3638,-0.8082,0.0000
1020,gimbal,dynamic,6.8946,13.92,1.02,9.9805,-0.0101,16.8741,0.1093,0.431,TERMINAL_LAND,0.5410,-0.3638,-0.8082,0.0000
1020,gimbal,dynamic,6.9154,13.92,1.02,9.9802,-0.0123,16.8944,0.1144,0.431,TERMINAL_LAND,0.5410,-0.3638,-0.8082,0.0000
1020,gimbal,dynamic,6.9365,13.92,1.02,9.9794,-0.0138,16.9146,0.1195,0.431,TERMINAL_LAND,0.5410,-0.3638,-0.8082,0.0000
1020,gimbal,dynamic,6.9576,13.92,1.02,9.9786,-0.0149,16.9348,0.1245,0.431,TERMINAL_LAND,0.5410,-0.3638,-0.8082,0.0000
1020,gimbal,dynamic,6.9785,13.92,1.02,9.9779,-0.0153,16.9550,0.1296,0.431,TERMINAL_LAND,0.5410,-0.3638,-0.8082,0.0000
1020,gimbal,dynamic,6.9990,13.92,1.02,9.9778,-0.0155,16.9751,0.1346,0.431,TERMINAL_LAND,0.5410,-0.3638,-0.8082,0.0000
1020,gimbal,dynamic,7.0194,13.92,1.02,9.9776,-0.0156,16.9952,0.1396,0.431,TERMINAL_LAND,0.5410,-0.3638,-0.8082,0.0000
1020,gimbal,dynamic,7.0398,13.92,1.02,9.9773,-0.0158,17.0153,0.1446,0.431,TERMINAL_LAND,0.5410,-0.3638,-0.8082,0.0000
1020,gimbal,dynamic,7.0598,13.92,1.02,9.9774,-0.0158,17.0353,0.1496,0.431,TERMINAL_LAND,0.5410,-0.3638,-0.8082,0.0000
1020,gimbal,dynamic,7.0793,13.92,1.02,9.9780,-0.0152,17.0553,0.1547,0.431,TERMINAL_LAND,0.5410,-0.3638,-0.8082,0.0000
1020,gimbal,dynamic,7.0989,13.91,1.02,9.9786,-0.0147,17.0754,0.1597,0.431,TERMINAL_LAND,0.5410,-0.3638,-0.8082,0.0000
1020,gimbal,dynamic,7.1192,13.92,1.02,9.9785,-0.0145,17.0954,0.1647,0.431,TERMINAL_LAND,0.5410,-0.3638,-0.8082,0.0000
1020,gimbal,dynamic,7.1400,13.91,1.02,9.9778,-0.0143,17.1154,0.1697,0.431,TERMINAL_LAND,0.5410,-0.3638,-0.8082,0.0000
1020,gimbal,dynamic,7.1609,13.91,1.02,9.9769,-0.0138,17.1354,0.1747,0.431,TERMINAL_LAND,0.5410,-0.3638,-0.8082,0.0000
1020,gimbal,dynamic,7.1822,13.91,1.02,9.9758,-0.0131,17.1554,0.1797,0.431,TERMINAL_LAND,0.5410,-0.3638,-0.8082,0.0000
1020,gimbal,dynamic,7.2035,13.91,1.02,9.9746,-0.0125,17.1754,0.1847,0.431,TERMINAL_LAND,0.5410,-0.3638,-0.8082,0.0000
1020,gimbal,dynamic,7.2245,13.91,1.02,9.9737,-0.0120,17.1954,0.1897,0.431,TERMINAL_LAND,0.5410,-0.3638,-0.8082,0.0000
1020,gimbal,dynamic,7.2452,13.92,1.02,9.9732,-0.0124,17.2154,0.1947,0.431,TERMINAL_LAND,0.5410,-0.3638,-0.8082,0.0000
1020,gimbal,dynamic,7.2656,11.51,1.02,9.9730,-0.0134,17.2355,0.1991,0.431,TERMINAL_LAND,0.5410,-0.3638,-0.8082,0.0000
1020,gimbal,dynamic,7.2854,8.88,1.02,9.9734,-0.0141,17.2556,0.2026,0.431,TERMINAL_LAND,0.5410,-0.3638,-0.8082,0.0000
1020,gimbal,dynamic,7.3045,6.20,1.02,9.9744,-0.0137,17.2757,0.2052,0.431,TERMINAL_LAND,0.5410,-0.3638,-0.8082,0.0000
1020,gimbal,dynamic,7.3238,3.47,1.02,9.9753,-0.0124,17.2958,0.2067,0.431,TERMINAL_LAND,0.5410,-0.3638,-0.8082,0.0000
1020,gimbal,dynamic,7.3438,0.70,1.02,9.9754,-0.0107,17.3160,0.2074,0.431,TERMINAL_LAND,0.5410,-0.3638,-0.8082,0.0000
1020,gimbal,dynamic,7.3646,-2.08,1.02,9.9747,-0.0092,17.3362,0.2070,0.431,TERMINAL_LAND,0.5410,-0.3638,-0.8082,0.0000
1020,gimbal,dynamic,7.3858,-4.85,1.02,9.9737,-0.0078,17.3564,0.2057,0.431,TERMINAL_LAND,0.5410,-0.3638,-0.8082,0.0000
1020,gimbal,dynamic,7.4067,-7.59,1.02,9.9730,-0.0065,17.3767,0.2033,0.431,TERMINAL_LAND,0.5410,-0.3638,-0.8082,0.0000
1020,gimbal,dynamic,7.4273,-10.28,1.02,9.9726,-0.0057,17.3971,0.2000,0.431,TERMINAL_LAND,0.5410,-0.3638,-0.8082,0.0000
1020,gimbal,dynamic,7.4479,-12.90,1.02,9.9723,-0.0054,17.4175,0.1957,0.431,TERMINAL_LAND,0.5410,-0.3638,-0.8082,0.0000
1020,gimbal,dynamic,7.4683,-14.16,1.02,9.9722,-0.0051,17.4379,0.1906,0.431,TERMINAL_LAND,0.5410,-0.3638,-0.8082,0.0000
1020,gimbal,dynamic,7.4879,-14.16,1.02,9.9730,-0.0055,17.4584,0.1855,0.431,TERMINAL_LAND,0.5410,-0.3638,-0.8082,0.0000
1020,gimbal,dynamic,7.5070,-14.16,1.02,9.9744,-0.0068,17.4790,0.1804,0.431,TERMINAL_LAND,0.5410,-0.3638,-0.8082,0.0000
1020,gimbal,dynamic,7.5261,-14.16,1.02,9.9758,-0.0087,17.4997,0.1752,0.431,TERMINAL_LAND,0.5410,-0.3638,-0.8082,0.0000
1020,gimbal,dynamic,7.5451,-14.16,1.02,9.9775,-0.0116,17.5204,0.1700,0.431,TERMINAL_LAND,0.5410,-0.3638,-0.8082,0.0000
1020,gimbal,dynamic,7.5644,-14.15,1.02,9.9789,-0.0153,17.5412,0.1648,0.431,TERMINAL_LAND,0.5410,-0.3638,-0.8082,0.0000
1020,gimbal,dynamic,7.5844,-14.15,1.02,9.9798,-0.0186,17.5621,0.1596,0.431,TERMINAL_LAND,0.5410,-0.3638,-0.8082,0.0000
1020,gimbal,dynamic,7.6048,-14.15,1.02,9.9802,-0.0215,17.5830,0.1544,0.431,TERMINAL_LAND,0.5410,-0.3638,-0.8082,0.0000
1020,gimbal,dynamic,7.6247,-14.15,1.02,9.9814,-0.0241,17.6041,0.1491,0.431,TERMINAL_LAND,0.5410,-0.3638,-0.8082,0.0000
1020,gimbal,dynamic,7.6442,-14.15,1.02,9.9829,-0.0257,17.6252,0.1438,0.431,TERMINAL_LAND,0.5410,-0.3638,-0.8082,0.0000
1020,gimbal,dynamic,7.6642,-14.15,1.02,9.9841,-0.0266,17.6465,0.1385,0.431,TERMINAL_LAND,0.5410,-0.3638,-0.8082,0.0000
1020,gimbal,dynamic,7.6838,-14.15,1.02,9.9857,-0.0275,17.6678,0.1332,0.431,TERMINAL_LAND,0.5410,-0.3638,-0.8082,0.0000
1020,gimbal,dynamic,7.7036,-14.15,1.02,9.9872,-0.0281,17.6892,0.1278,0.431,TERMINAL_LAND,0.5410,-0.3638,-0.8082,0.0000
1020,gimbal,dynamic,7.7234,-14.15,1.02,9.9889,-0.0282,17.7108,0.1224,0.431,TERMINAL_LAND,0.5410,-0.3638,-0.8082,0.0000
1020,gimbal,dynamic,7.7432,-14.15,1.02,9.9906,-0.0282,17.7324,0.1170,0.431,TERMINAL_LAND,0.5410,-0.3638,-0.8082,0.0000
1020,gimbal,dynamic,7.7626,-14.15,1.02,9.9928,-0.0282,17.7542,0.1116,0.431,TERMINAL_LAND,0.5410,-0.3638,-0.8082,0.0000
1020,gimbal,dynamic,7.7826,-14.15,1.02,9.9946,-0.0279,17.7761,0.1061,0.431,TERMINAL_LAND,0.5410,-0.3638,-0.8082,0.0000
1020,gimbal,dynamic,7.8030,-14.15,1.02,9.9961,-0.0276,17.7981,0.1006,0.431,TERMINAL_LAND,0.5410,-0.3638,-0.8082,0.0000
1020,gimbal,dynamic,7.8238,-14.15,1.02,9.9974,-0.0277,17.8202,0.0951,0.431,TERMINAL_LAND,0.5410,-0.3638,-0.8082,0.0000
1020,gimbal,dynamic,7.8448,-14.14,1.02,9.9986,-0.0286,17.8424,0.0895,0.431,TERMINAL_LAND,0.5410,-0.3638,-0.8082,0.0000
24482,gimbal,dynamic,7.8664,-14.14,24.48,9.9992,-0.0300,17.8648,0.0839,0.431,IDLE,0.0000,0.0000,0.0000,0.0000
24582,gimbal,dynamic,7.8892,-14.14,24.58,9.9988,-0.0313,17.8873,0.0783,0.431,IDLE,0.0000,0.0000,0.0000,0.0000
24682,gimbal,dynamic,7.9129,-14.14,24.68,9.9977,-0.0325,17.9100,0.0726,0.430,IDLE,0.0000,0.0000,0.0000,0.0000
24782,gimbal,dynamic,7.9374,-14.14,24.78,9.9959,-0.0332,17.9327,0.0669,0.430,IDLE,0.0000,0.0000,0.0000,0.0000
24882,gimbal,dynamic,7.9623,-14.14,24.88,9.9939,-0.0332,17.9556,0.0612,0.430,IDLE,0.0000,0.0000,0.0000,0.0000
24982,gimbal,dynamic,7.9860,-14.14,24.98,9.9932,-0.0329,17.9787,0.0554,0.430,IDLE,0.0000,0.0000,0.0000,0.0000
25082,gimbal,dynamic,8.0093,-14.14,25.08,9.9930,-0.0322,18.0019,0.0496,0.431,IDLE,0.0000,0.0000,0.0000,0.0000
25182,gimbal,dynamic,8.0331,-14.14,25.18,9.9925,-0.0311,18.0252,0.0438,0.430,IDLE,0.0000,0.0000,0.0000,0.0000
25282,gimbal,dynamic,8.0576,-14.14,25.28,9.9914,-0.0296,18.0487,0.0379,0.430,IDLE,0.0000,0.0000,0.0000,0.0000
25382,gimbal,dynamic,8.0822,-14.14,25.38,9.9904,-0.0283,18.0724,0.0320,0.430,IDLE,0.0000,0.0000,0.0000,0.0000
25482,gimbal,dynamic,8.1070,-14.15,25.48,9.9894,-0.0269,18.0962,0.0261,0.430,IDLE,0.0000,0.0000,0.0000,0.0000
25582,gimbal,dynamic,8.1311,-14.15,25.58,9.9892,-0.0257,18.1202,0.0201,0.430,IDLE,0.0000,0.0000,0.0000,0.0000
25682,gimbal,dynamic,8.1548,-14.15,25.68,9.9896,-0.0245,18.1443,0.0140,0.430,IDLE,0.0000,0.0000,0.0000,0.0000
25782,gimbal,dynamic,8.1785,-14.15,25.78,9.9901,-0.0226,18.1686,0.0080,0.430,IDLE,0.0000,0.0000,0.0000,0.0000
25882,gimbal,dynamic,8.2029,-14.15,25.88,9.9902,-0.0206,18.1930,0.0019,0.430,IDLE,0.0000,0.0000,0.0000,0.0000
25982,gimbal,dynamic,8.2277,-14.15,25.98,9.9900,-0.0182,18.2177,-0.0043,0.430,IDLE,0.0000,0.0000,0.0000,0.0000
26082,gimbal,dynamic,8.2526,-14.15,26.08,9.9898,-0.0161,18.2424,-0.0105,0.431,IDLE,0.0000,0.0000,0.0000,0.0000
26182,gimbal,dynamic,8.2778,-14.15,26.18,9.9896,-0.0138,18.2674,-0.0167,0.431,IDLE,0.0000,0.0000,0.0000,0.0000
26282,gimbal,dynamic,8.3035,-14.16,26.28,9.9891,-0.0117,18.2925,-0.0230,0.431,IDLE,0.0000,0.0000,0.0000,0.0000
26382,gimbal,dynamic,8.3297,-14.16,26.38,9.9882,-0.0097,18.3179,-0.0294,0.431,IDLE,0.0000,0.0000,0.0000,0.0000
26482,gimbal,dynamic,8.3563,-14.16,26.48,9.9871,-0.0066,18.3433,-0.0357,0.431,IDLE,0.0000,0.0000,0.0000,0.0000
26582,gimbal,dynamic,8.3832,-14.16,26.58,9.9859,-0.0029,18.3690,-0.0421,0.431,IDLE,0.0000,0.0000,0.0000,0.0000
26682,gimbal,dynamic,8.4106,-14.16,26.68,9.9844,0.0006,18.3949,-0.0486,0.432,IDLE,0.0000,0.0000,0.0000,0.0000
26782,gimbal,dynamic,8.4384,-14.16,26.78,9.9827,0.0043,18.4209,-0.0551,0.431,IDLE,0.0000,0.0000,0.0000,0.0000
26882,gimbal,dynamic,8.4661,-14.16,26.88,9.9813,0.0075,18.4471,-0.0617,0.431,IDLE,0.0000,0.0000,0.0000,0.0000
26982,gimbal,dynamic,8.4940,-14.16,26.98,9.9799,0.0107,18.4735,-0.0683,0.431,IDLE,0.0000,0.0000,0.0000,0.0000
27082,gimbal,dynamic,8.5218,-14.16,27.08,9.9788,0.0136,18.5001,-0.0749,0.431,IDLE,0.0000,0.0000,0.0000,0.0000
27182,gimbal,dynamic,8.5500,-14.16,27.18,9.9775,0.0162,18.5269,-0.0816,0.431,IDLE,0.0000,0.0000,0.0000,0.0000
27282,gimbal,dynamic,8.5781,-14.16,27.28,9.9764,0.0180,18.5539,-0.0884,0.431,IDLE,0.0000,0.0000,0.0000,0.0000
27382,gimbal,dynamic,8.6061,-14.16,27.38,9.9756,0.0194,18.5810,-0.0951,0.431,IDLE,0.0000,0.0000,0.0000,0.0000
27482,gimbal,dynamic,8.6341,-14.16,27.48,9.9751,0.0204,18.6084,-0.1020,0.431,IDLE,0.0000,0.0000,0.0000,0.0000
27582,gimbal,dynamic,8.6619,-14.16,27.58,9.9750,0.0206,18.6359,-0.1089,0.431,IDLE,0.0000,0.0000,0.0000,0.0000
27682,gimbal,dynamic,8.6894,-14.16,27.68,9.9753,0.0198,18.6637,-0.1158,0.431,IDLE,0.0000,0.0000,0.0000,0.0000
27782,gimbal,dynamic,8.7171,-14.16,27.78,9.9756,0.0186,18.6916,-0.1228,0.431,IDLE,0.0000,0.0000,0.0000,0.0000
27882,gimbal,dynamic,8.7446,-14.16,27.88,9.9764,0.0172,18.7197,-0.1298,0.431,IDLE,0.0000,0.0000,0.0000,0.0000
27982,gimbal,dynamic,8.7721,-14.16,27.98,9.9773,0.0159,18.7481,-0.1369,0.431,IDLE,0.0000,0.0000,0.0000,0.0000
28082,gimbal,dynamic,8.7997,-14.16,28.08,9.9784,0.0143,18.7766,-0.1440,0.431,IDLE,0.0000,0.0000,0.0000,0.0000
28182,gimbal,dynamic,8.8281,-14.16,28.18,9.9787,0.0125,18.8053,-0.1512,0.431,IDLE,0.0000,0.0000,0.0000,0.0000
28282,gimbal,dynamic,8.8573,-14.16,28.28,9.9786,0.0109,18.8342,-0.1584,0.431,IDLE,0.0000,0.0000,0.0000,0.0000
28382,gimbal,dynamic,8.8869,-14.16,28.38,9.9782,0.0095,18.8634,-0.1657,0.431,IDLE,0.0000,0.0000,0.0000,0.0000
28482,gimbal,dynamic,8.9169,-14.16,28.48,9.9776,0.0086,18.8927,-0.1731,0.431,IDLE,0.0000,0.0000,0.0000,0.0000
28582,gimbal,dynamic,8.9467,-14.16,28.58,9.9775,0.0079,18.9222,-0.1804,0.431,IDLE,0.0000,0.0000,0.0000,0.0000
28682,gimbal,dynamic,8.9763,-14.16,28.68,9.9777,0.0073,18.9519,-0.1879,0.431,IDLE,0.0000,0.0000,0.0000,0.0000
28782,gimbal,dynamic,9.0057,-12.40,28.78,9.9784,0.0073,18.9819,-0.1947,0.431,IDLE,0.0000,0.0000,0.0000,0.0000
28882,gimbal,dynamic,9.0350,-10.50,28.88,9.9793,0.0082,19.0120,-0.2006,0.431,IDLE,0.0000,0.0000,0.0000,0.0000
28982,gimbal,dynamic,9.0646,-8.58,28.98,9.9802,0.0097,19.0423,-0.2055,0.431,IDLE,0.0000,0.0000,0.0000,0.0000
29082,gimbal,dynamic,9.0946,-6.67,29.08,9.9809,0.0117,19.0728,-0.2093,0.431,IDLE,0.0000,0.0000,0.0000,0.0000
29182,gimbal,dynamic,9.1250,-4.76,29.18,9.9813,0.0134,19.1035,-0.2121,0.431,IDLE,0.0000,0.0000,0.0000,0.0000
29283,gimbal,dynamic,9.1553,-2.85,29.28,9.9820,0.0145,19.1345,-0.2140,0.431,ARMING,0.0000,0.0000,0.0000,0.0000
29382,gimbal,dynamic,9.1854,-0.97,29.38,9.9830,0.0157,19.1656,-0.2148,0.431,TAKEOFF,0.0000,0.0000,0.0000,0.0000
29482,gimbal,dynamic,9.2154,0.89,29.48,9.9844,0.0169,19.1969,-0.2145,0.431,TAKEOFF,0.0000,0.0000,0.0000,0.0000
29582,gimbal,dynamic,9.2455,2.71,29.58,9.9858,0.0179,19.2284,-0.2133,0.439,TAKEOFF,0.0000,0.0000,0.0000,0.0000
29682,gimbal,dynamic,9.2759,4.50,29.68,9.9871,0.0185,19.2601,-0.2111,0.465,TAKEOFF,0.0000,0.0000,0.0000,0.0000
29782,gimbal,dynamic,9.3068,6.24,29.78,9.9880,0.0186,19.2920,-0.2079,0.492,TAKEOFF,0.0000,0.0000,0.0000,0.0000
29882,gimbal,dynamic,9.3380,7.93,29.88,9.9888,0.0182,19.3241,-0.2036,0.519,TAKEOFF,0.0000,0.0000,0.0000,0.0000
29982,gimbal,dynamic,9.3696,9.56,29.98,9.9893,0.0179,19.3564,-0.1984,0.541,TAKEOFF,0.0000,0.0000,0.0000,0.0000
30082,gimbal,dynamic,9.4012,11.13,30.08,9.9901,0.0175,19.3889,-0.1923,0.561,TAKEOFF,0.0000,0.0000,0.0000,0.0000
30182,gimbal,dynamic,9.4327,12.65,30.18,9.9911,0.0166,19.4216,-0.1852,0.577,TAKEOFF,0.0000,0.0000,0.0000,0.0000
30282,gimbal,dynamic,9.4646,13.93,30.28,9.9919,0.0157,19.4545,-0.1772,0.590,TAKEOFF,0.0000,0.0000,0.0000,0.0000
30382,gimbal,dynamic,9.4974,13.93,30.38,9.9920,0.0145,19.4876,-0.1689,0.601,TAKEOFF,0.0000,0.0000,0.0000,0.0000
30482,gimbal,dynamic,9.5307,13.93,30.48,9.9917,0.0130,19.5208,-0.1606,0.610,TAKEOFF,0.0000,0.0000,0.0000,0.0000
30582,gimbal,dynamic,9.5646,13.93,30.58,9.9911,0.0115,19.5543,-0.1522,0.617,TAKEOFF,0.0000,0.0000,0.0000,0.0000
30682,gimbal,dynamic,9.5994,13.93,30.68,9.9897,0.0103,19.5879,-0.1438,0.622,TAKEOFF,0.0000,0.0000,0.0000,0.0000
30782,gimbal,dynamic,9.6348,13.93,30.78,9.9880,0.0091,19.6217,-0.1354,0.625,TAKEOFF,0.0000,0.0000,0.0000,0.0000
30882,gimbal,dynamic,9.6702,13.93,30.88,9.9865,0.0080,19.6558,-0.1269,0.627,TAKEOFF,0.0000,0.0000,0.0000,0.0000
30982,gimbal,dynamic,9.7053,13.93,30.98,9.9855,0.0072,19.6899,-0.1183,0.628,TAKEOFF,0.0000,0.0000,0.0000,0.0000
31082,gimbal,dynamic,9.7396,13.93,31.08,9.9854,0.0068,19.7243,-0.1097,0.628,TAKEOFF,0.0000,0.0000,0.0000,0.0000
31182,gimbal,dynamic,9.7730,13.93,31.18,9.9864,0.0072,19.7589,-0.1011,0.628,TAKEOFF,0.0000,0.0000,0.0000,0.0000
31282,gimbal,dynamic,9.8065,13.93,31.28,9.9876,0.0076,19.7936,-0.0924,0.626,TAKEOFF,0.0000,0.0000,0.0000,0.0000
31382,gimbal,dynamic,9.8399,13.93,31.38,9.9891,0.0080,19.8285,-0.0837,0.627,TAKEOFF,0.0000,0.0000,0.0000,0.0000
31482,gimbal,dynamic,9.8731,13.94,31.48,9.9908,0.0087,19.8636,-0.0749,0.632,TAKEOFF,0.0000,0.0000,0.0000,0.0000
31582,gimbal,dynamic,9.9064,13.94,31.58,9.9927,0.0100,19.8988,-0.0661,0.643,TAKEOFF,0.0000,0.0000,0.0000,0.0000
31682,gimbal,dynamic,9.9402,13.94,31.68,9.9943,0.0120,19.9342,-0.0573,0.658,TAKEOFF,0.0000,0.0000,0.0000,0.0000
31782,gimbal,dynamic,9.9742,13.94,31.78,9.9958,0.0146,19.9698,-0.0484,0.680,TAKEOFF,0.0000,0.0000,0.0000,0.0000
31882,gimbal,dynamic,10.0085,13.94,31.88,9.9972,0.0176,20.0055,-0.0394,0.709,TAKEOFF,0.0000,0.0000,0.0000,0.0000
31982,gimbal,dynamic,10.0430,13.94,31.98,9.9986,0.0205,20.0415,-0.0304,0.743,TAKEOFF,0.0000,0.0000,0.0000,0.0000
32082,gimbal,dynamic,10.0782,13.94,32.08,9.9994,0.0227,20.0775,-0.0214,0.780,TAKEOFF,0.0000,0.0000,0.0000,0.0000
32182,gimbal,dynamic,10.1142,13.94,32.18,9.9996,0.0244,20.1138,-0.0124,0.825,TAKEOFF,0.0000,0.0000,0.0000,0.0000
32282,gimbal,dynamic,10.1512,13.94,32.28,9.9989,0.0250,20.1501,-0.0033,0.871,TAKEOFF,0.0000,0.0000,0.0000,0.0000
32382,gimbal,dynamic,10.1894,13.94,32.38,9.9973,0.0250,20.1867,0.0059,0.921,TAKEOFF,0.0000,0.0000,0.0000,0.0000
32482,gimbal,dynamic,10.2292,13.95,32.48,9.9941,0.0242,20.2234,0.0150,0.979,TAKEOFF,0.0000,0.0000,0.0000,0.0000
32582,gimbal,dynamic,10.2701,13.95,32.58,9.9901,0.0228,20.2602,0.0242,1.041,TAKEOFF,0.0000,0.0000,0.0000,0.0000
32682,gimbal,dynamic,10.3113,13.96,32.68,9.9859,0.0215,20.2972,0.0335,1.102,TAKEOFF,0.0000,0.0000,0.0000,0.0000
32782,gimbal,dynamic,10.3533,13.96,32.78,9.9810,0.0204,20.3343,0.0428,1.170,TAKEOFF,0.0000,0.0000,0.0000,0.0000
32882,gimbal,dynamic,10.3943,13.96,32.88,9.9773,0.0198,20.3715,0.0521,1.236,TAKEOFF,0.0000,0.0000,0.0000,0.0000
32982,gimbal,dynamic,10.4350,13.96,32.98,9.9740,0.0201,20.4089,0.0614,1.309,TAKEOFF,0.0000,0.0000,0.0000,0.0000
33082,gimbal,dynamic,10.4750,13.97,33.08,9.9716,0.0212,20.4465,0.0708,1.378,TAKEOFF,0.0000,0.0000,0.0000,0.0000
33182,gimbal,dynamic,10.5148,13.97,33.18,9.9695,0.0231,20.4841,0.0802,1.454,TAKEOFF,0.0000,0.0000,0.0000,0.0000
33282,gimbal,dynamic,10.5543,13.97,33.28,9.9678,0.0250,20.5219,0.0897,1.525,TAKEOFF,0.0000,0.0000,0.0000,0.0000
33382,gimbal,dynamic,10.5933,13.97,33.38,9.9667,0.0269,20.5598,0.0991,1.596,TAKEOFF,0.0000,0.0000,0.0000,0.0000
33482,gimbal,dynamic,10.6318,13.98,33.48,9.9663,0.0294,20.5978,0.1087,1.674,TAKEOFF,0.0000,0.0000,0.0000,0.0000
33582,gimbal,dynamic,10.6695,13.98,33.58,9.9669,0.0323,20.6360,0.1182,1.750,TAKEOFF,0.0000,0.0000,0.0000,0.0000
33682,gimbal,dynamic,10.7064,13.99,33.68,9.9682,0.0352,20.6742,0.1278,1.821,TAKEOFF,0.0000,0.0000,0.0000,0.0000
33782,gimbal,dynamic,10.7428,13.99,33.78,9.9702,0.0379,20.7126,0.1373,1.896,TAKEOFF,0.0000,0.0000,0.0000,0.0000
33882,gimbal,dynamic,10.7794,13.99,33.88,9.9722,0.0400,20.7511,0.1470,1.964,TAKEOFF,0.0000,0.0000,0.0000,0.0000
33982,gimbal,dynamic,10.8157,14.00,33.98,9.9746,0.0419,20.7897,0.1566,2.036,TAKEOFF,0.0000,0.0000,0.0000,0.0000
34082,gimbal,dynamic,10.8521,14.00,34.08,9.9769,0.0430,20.8284,0.1663,2.100,TAKEOFF,0.0000,0.0000,0.0000,0.0000
34182,gimbal,dynamic,10.8885,13.99,34.18,9.9794,0.0437,20.8671,0.1760,2.162,TAKEOFF,0.0000,0.0000,0.0000,0.0000
34282,gimbal,dynamic,10.9247,13.99,34.28,9.9822,0.0443,20.9060,0.1857,2.227,TAKEOFF,0.0000,0.0000,0.0000,0.0000
34382,gimbal,dynamic,10.9610,13.99,34.38,9.9851,0.0450,20.9450,0.1954,2.283,TAKEOFF,0.0000,0.0000,0.0000,0.0000
34482,gimbal,dynamic,10.9967,13.98,34.48,9.9885,0.0461,20.9840,0.2052,2.342,TAKEOFF,0.0000,0.0000,0.0000,0.0000
34582,gimbal,dynamic,11.0323,13.97,34.58,9.9922,0.0472,21.0232,0.2150,2.397,TAKEOFF,0.0000,0.0000,0.0000,0.0000
34682,gimbal,dynamic,11.0684,13.97,34.68,9.9954,0.0484,21.0624,0.2248,2.445,TAKEOFF,0.0000,0.0000,0.0000,0.0000
34782,gimbal,dynamic,11.1053,13.97,34.78,9.9979,0.0498,21.1017,0.2346,2.493,TAKEOFF,0.0000,0.0000,0.0000,0.0000
34882,gimbal,dynamic,11.1433,13.97,34.88,9.9994,0.0507,21.1411,0.2445,2.535,SEARCH,0.0003,-0.0254,0.0000,-0.1396
34982,gimbal,dynamic,11.1818,14.21,34.98,10.0006,0.0511,21.1805,0.2543,2.560,SEARCH,-0.0003,-0.0256,0.0000,-0.1320
35082,gimbal,dynamic,11.2201,15.41,35.08,10.0019,0.0508,21.2200,0.2642,2.574,SEARCH,-0.0010,-0.0254,0.0000,-0.1278
35182,gimbal,dynamic,11.2589,17.55,35.18,10.0029,0.0483,21.2595,0.2741,2.584,SEARCH,-0.0015,-0.0242,0.0000,-0.1248
35282,gimbal,dynamic,11.2981,20.41,35.28,10.0036,0.0439,21.2992,0.2840,2.592,SEARCH,-0.0018,-0.0219,0.0000,-0.1224
35382,gimbal,dynamic,11.3375,23.47,35.38,10.0042,0.0374,21.3388,0.2939,2.600,SEARCH,-0.0021,-0.0187,0.0000,-0.1200
35482,gimbal,dynamic,11.3770,26.26,35.48,10.0048,0.0315,21.3785,0.3037,2.607,SEARCH,-0.0024,-0.0158,0.0000,-0.1179
35582,gimbal,dynamic,11.4161,27.84,35.58,10.0058,0.0260,21.4183,0.3127,2.615,SEARCH,-0.0029,-0.0130,0.0000,-0.1156
35682,gimbal,dynamic,11.4549,29.05,35.68,10.0071,0.0219,21.4581,0.3209,2.622,SEARCH,-0.0036,-0.0109,0.0000,-0.1135
35782,gimbal,dynamic,11.4934,29.42,35.78,10.0087,0.0193,21.4979,0.3283,2.629,SEARCH,-0.0043,-0.0096,0.0000,-0.1112
35882,gimbal,dynamic,11.5317,29.20,35.88,10.0105,0.0193,21.5378,0.3349,2.637,SEARCH,-0.0052,-0.0096,0.0000,-0.1090
35982,gimbal,dynamic,11.5690,28.29,35.98,10.0131,0.0220,21.5777,0.3406,2.644,SEARCH,-0.0065,-0.0110,0.0000,-0.1067
36082,gimbal,dynamic,11.6064,26.86,36.08,10.0156,0.0266,21.6177,0.3454,2.651,SEARCH,-0.0078,-0.0133,0.0000,-0.1047
36182,gimbal,dynamic,11.6428,25.05,36.18,10.0191,0.0334,21.6576,0.3494,2.658,SEARCH,-0.0095,-0.0167,0.0000,-0.1025
36282,gimbal,dynamic,11.6788,23.00,36.28,10.0230,0.0403,21.6976,0.3525,2.665,SEARCH,-0.0115,-0.0201,0.0000,-0.1005
36382,gimbal,dynamic,11.7142,20.89,36.38,10.0273,0.0480,21.7376,0.3548,2.672,SEARCH,-0.0137,-0.0240,0.0000,-0.0985
36482,gimbal,dynamic,11.7496,18.73,36.48,10.0318,0.0547,21.7775,0.3563,2.678,SEARCH,-0.0159,-0.0274,0.0000,-0.0967
36582,gimbal,dynamic,11.7847,16.72,36.58,10.0366,0.0603,21.8175,0.3568,2.684,SEARCH,-0.0183,-0.0302,0.0000,-0.0948
36682,gimbal,dynamic,11.8213,14.90,36.68,10.0399,0.0636,21.8575,0.3566,2.690,SEARCH,-0.0199,-0.0318,0.0000,-0.0931
36782,gimbal,dynamic,11.8592,13.29,36.78,10.0419,0.0647,21.8975,0.3555,2.695,SEARCH,-0.0209,-0.0324,0.0000,-0.0914
36882,gimbal,dynamic,11.8982,11.88,36.88,10.0429,0.0637,21.9375,0.3536,2.701,SEARCH,-0.0214,-0.0319,0.0000,-0.0897
36982,gimbal,dynamic,11.9387,10.68,36.98,10.0423,0.0604,21.9775,0.3509,2.707,SEARCH,-0.0212,-0.0302,0.0000,-0.0880
37082,gimbal,dynamic,11.9808,9.64,37.08,10.0403,0.0557,22.0175,0.3474,2.712,SEARCH,-0.0201,-0.0279,0.0000,-0.0865
37182,gimbal,dynamic,12.0252,8.73,37.18,10.0359,0.0497,22.0574,0.3431,2.717,SEARCH,-0.0179,-0.0249,0.0000,-0.0848
37282,gimbal,dynamic,12.0702,7.92,37.28,10.0307,0.0435,22.0974,0.3380,2.722,SEARCH,-0.0154,-0.0217,0.0000,-0.0834
37382,gimbal,dynamic,12.1161,7.14,37.38,10.0248,0.0357,22.1373,0.3322,2.727,SEARCH,-0.0124,-0.0178,0.0000,-0.0818
37482,gimbal,dynamic,12.1614,6.41,37.48,10.0193,0.0277,22.1771,0.3257,2.732,SEARCH,-0.0097,-0.0139,0.0000,-0.0804
37582,gimbal,dynamic,12.2069,5.66,37.58,10.0137,0.0193,22.2170,0.3185,2.737,SEARCH,-0.0069,-0.0097,0.0000,-0.0789
37682,gimbal,dynamic,12.2517,4.89,37.68,10.0087,0.0121,22.2568,0.3106,2.742,SEARCH,-0.0044,-0.0061,0.0000,-0.0775
37782,gimbal,dynamic,12.2961,4.10,37.78,10.0040,0.0055,22.2965,0.3020,2.746,SEARCH,-0.0020,-0.0027,0.0000,-0.0762
37882,gimbal,dynamic,12.3406,3.29,37.88,9.9991,-0.0010,22.3362,0.2928,2.751,SEARCH,0.0004,0.0005,0.0000,-0.0748
37982,gimbal,dynamic,12.3841,2.61,37.98,9.9952,-0.0066,22.3759,0.2830,2.755,SEARCH,0.0024,0.0033,0.0000,-0.0734
38082,gimbal,dynamic,12.4261,2.58,38.08,9.9927,-0.0110,22.4155,0.2731,2.760,SEARCH,0.0037,0.0055,0.0000,-0.0721
38182,gimbal,dynamic,12.4672,2.53,38.18,9.9909,-0.0150,22.4550,0.2632,2.764,SEARCH,0.0046,0.0075,0.0000,-0.0708
38282,gimbal,dynamic,12.5074,2.45,38.28,9.9900,-0.0181,22.4945,0.2533,2.768,SEARCH,0.0050,0.0091,0.0000,-0.0696
38382,gimbal,dynamic,12.5471,2.38,38.38,9.9897,-0.0207,22.5340,0.2435,2.772,SEARCH,0.0052,0.0103,0.0000,-0.0684
38482,gimbal,dynamic,12.5865,2.30,38.48,9.9894,-0.0218,22.5733,0.2336,2.776,SEARCH,0.0053,0.0109,0.0000,-0.0673
38582,gimbal,dynamic,12.6251,2.23,38.58,9.9898,-0.0224,22.6126,0.2238,2.780,SEARCH,0.0051,0.0112,0.0000,-0.0661
38682,gimbal,dynamic,12.6627,2.18,38.68,9.9913,-0.0223,22.6518,0.2140,2.783,SEARCH,0.0044,0.0112,0.0000,-0.0650
38782,gimbal,dynamic,12.6996,2.15,38.78,9.9934,-0.0218,22.6909,0.2042,2.787,SEARCH,0.0033,0.0109,0.0000,-0.0639
38882,gimbal,dynamic,12.7360,2.13,38.88,9.9958,-0.0214,22.7300,0.1945,2.790,SEARCH,0.0021,0.0107,0.0000,-0.0630
38982,gimbal,dynamic,12.7720,2.13,38.98,9.9985,-0.0206,22.7689,0.1847,2.793,SEARCH,0.0007,0.0103,0.0000,-0.0620
39082,gimbal,dynamic,12.8074,2.14,39.08,10.0019,-0.0193,22.8078,0.1750,2.797,SEARCH,-0.0009,0.0097,0.0000,-0.0610
39182,gimbal,dynamic,12.8427,2.16,39.18,10.0051,-0.0173,22.8465,0.1653,2.800,SEARCH,-0.0026,0.0087,0.0000,-0.0601
39282,gimbal,dynamic,12.8783,2.18,39.28,10.0080,-0.0149,22.8852,0.1557,2.803,SEARCH,-0.0040,0.0074,0.0000,-0.0592
39382,gimbal,dynamic,12.9134,2.21,39.38,10.0114,-0.0120,22.9238,0.1460,2.806,SEARCH,-0.0057,0.0060,0.0000,-0.0582
39482,gimbal,dynamic,12.9486,2.23,39.48,10.0145,-0.0095,22.9623,0.1364,2.809,SEARCH,-0.0072,0.0048,0.0000,-0.0573
39582,gimbal,dynamic,12.9835,2.25,39.58,10.0178,-0.0076,23.0006,0.1268,2.812,SEARCH,-0.0089,0.0038,0.0000,-0.0564
39682,gimbal,dynamic,13.0189,2.27,39.68,10.0205,-0.0066,23.0389,0.1172,2.815,SEARCH,-0.0103,0.0033,0.0000,-0.0555
39782,gimbal,dynamic,13.0544,2.29,39.78,10.0231,-0.0062,23.0770,0.1077,2.818,SEARCH,-0.0116,0.0031,0.0000,-0.0546
39882,gimbal,dynamic,13.0906,2.29,39.88,10.0249,-0.0063,23.1150,0.0982,2.821,SEARCH,-0.0124,0.0032,0.0000,-0.0538
39982,gimbal,dynamic,13.1273,2.30,39.98,10.0259,-0.0068,23.1529,0.0887,2.823,SEARCH,-0.0130,0.0034,0.0000,-0.0530
40082,gimbal,dynamic,13.1643,2.29,40.08,10.0267,-0.0077,23.1907,0.0793,2.826,SEARCH,-0.0133,0.0038,0.0000,-0.0521
40182,gimbal,dynamic,13.2013,2.29,40.18,10.0272,-0.0087,23.2283,0.0699,2.829,SEARCH,-0.0136,0.0044,0.0000,-0.0513
40282,gimbal,dynamic,13.2385,2.29,40.28,10.0275,-0.0097,23.2658,0.0605,2.832,SEARCH,-0.0138,0.0048,0.0000,-0.0504
40382,gimbal,dynamic,13.2764,2.28,40.38,10.0269,-0.0103,23.3032,0.0512,2.835,SEARCH,-0.0135,0.0052,0.0000,-0.0496
40482,gimbal,dynamic,13.3151,2.28,40.48,10.0254,-0.0111,23.3404,0.0419,2.838,SEARCH,-0.0127,0.0055,0.0000,-0.0487
40582,gimbal,dynamic,13.3542,2.27,40.58,10.0234,-0.0119,23.3775,0.0326,2.840,SEARCH,-0.0117,0.0060,0.0000,-0.0479
40682,gimbal,dynamic,13.3930,2.27,40.68,10.0216,-0.0132,23.4145,0.0233,2.843,SEARCH,-0.0108,0.0066,0.0000,-0.0471
40782,gimbal,dynamic,13.4319,2.26,40.78,10.0194,-0.0145,23.4513,0.0141,2.846,SEARCH,-0.0097,0.0073,0.0000,-0.0463
40882,gimbal,dynamic,13.4707,2.26,40.88,10.0173,-0.0154,23.4879,0.0050,2.848,SEARCH,-0.0086,0.0077,0.0000,-0.0455
40982,gimbal,dynamic,13.5096,2.25,40.98,10.0148,-0.0163,23.5245,-0.0042,2.851,SEARCH,-0.0074,0.0081,0.0000,-0.0448
41082,gimbal,dynamic,13.5490,2.25,41.08,10.0118,-0.0169,23.5608,-0.0132,2.853,SEARCH,-0.0059,0.0085,0.0000,-0.0440
41182,gimbal,dynamic,13.5881,2.25,41.18,10.0089,-0.0170,23.5970,-0.0223,2.856,SEARCH,-0.0045,0.0085,0.0000,-0.0433
41282,gimbal,dynamic,13.6264,2.25,41.28,10.0067,-0.0168,23.6331,-0.0313,2.858,SEARCH,-0.0033,0.0084,0.0000,-0.0426
41382,gimbal,dynamic,13.6639,2.25,41.38,10.0051,-0.0162,23.6690,-0.0403,2.861,SEARCH,-0.0025,0.0081,0.0000,-0.0418
41482,gimbal,dynamic,13.7005,2.25,41.48,10.0043,-0.0153,23.7047,-0.0492,2.863,SEARCH,-0.0021,0.0077,0.0000,-0.0411
41582,gimbal,dynamic,13.7363,2.73,41.58,10.0040,-0.0140,23.7402,-0.0580,2.865,SEARCH,-0.0020,0.0070,0.0000,-0.0404
41682,gimbal,dynamic,13.7709,3.64,41.68,10.0049,-0.0128,23.7756,-0.0661,2.867,SEARCH,-0.0024,0.0064,0.0000,-0.0398
41782,gimbal,dynamic,13.8041,4.59,41.78,10.0069,-0.0123,23.8109,-0.0736,2.869,SEARCH,-0.0034,0.0061,0.0000,-0.0392
41882,gimbal,dynamic,13.8360,5.59,41.88,10.0100,-0.0121,23.8459,-0.0804,2.872,SEARCH,-0.0050,0.0060,0.0000,-0.0385
41982,gimbal,dynamic,13.8669,6.63,41.98,10.0140,-0.0124,23.8808,-0.0866,2.874,SEARCH,-0.0070,0.0062,0.0000,-0.0379
42082,gimbal,dynamic,13.8980,7.71,42.08,10.0177,-0.0130,23.9155,-0.0921,2.876,SEARCH,-0.0089,0.0065,0.0000,-0.0373
42182,gimbal,dynamic,13.9286,8.83,42.18,10.0217,-0.0145,23.9500,-0.0968,2.878,SEARCH,-0.0108,0.0073,0.0000,-0.0367
42282,gimbal,dynamic,13.9589,9.99,42.28,10.0257,-0.0163,23.9844,-0.1009,2.879,SEARCH,-0.0128,0.0082,0.0000,-0.0362
42382,gimbal,dynamic,13.9884,11.18,42.38,10.0304,-0.0183,24.0185,-0.1042,2.882,SEARCH,-0.0152,0.0091,0.0000,-0.0355
42482,gimbal,dynamic,14.0181,12.40,42.48,10.0347,-0.0197,24.0525,-0.1068,2.883,SEARCH,-0.0173,0.0098,0.0000,-0.0350
42582,gimbal,dynamic,14.0490,13.65,42.58,10.0376,-0.0203,24.0863,-0.1086,2.885,SEARCH,-0.0188,0.0101,0.0000,-0.0345
42682,gimbal,dynamic,14.0815,14.92,42.68,10.0387,-0.0200,24.1199,-0.1096,2.887,SEARCH,-0.0194,0.0100,0.0000,-0.0339
42782,gimbal,dynamic,14.1154,16.21,42.78,10.0382,-0.0192,24.1533,-0.1100,2.889,SEARCH,-0.0191,0.0096,0.0000,-0.0334
42882,gimbal,dynamic,14.1498,17.52,42.88,10.0370,-0.0181,24.1866,-0.1095,2.890,SEARCH,-0.0185,0.0090,0.0000,-0.0329
42982,gimbal,dynamic,14.1840,18.85,42.98,10.0359,-0.0175,24.2196,-0.1083,2.892,SEARCH,-0.0180,0.0087,0.0000,-0.0323
43082,gimbal,dynamic,14.2180,20.18,43.08,10.0348,-0.0170,24.2525,-0.1063,2.894,SEARCH,-0.0174,0.0085,0.0000,-0.0318
43182,gimbal,dynamic,14.2521,21.53,43.18,10.0333,-0.0160,24.2851,-0.1036,2.896,SEARCH,-0.0167,0.0080,0.0000,-0.0313
43282,gimbal,dynamic,14.2861,22.87,43.28,10.0317,-0.0146,24.3176,-0.1001,2.898,SEARCH,-0.0159,0.0073,0.0000,-0.0307
43382,gimbal,dynamic,14.3201,24.20,43.38,10.0300,-0.0129,24.3499,-0.0959,2.900,SEARCH,-0.0150,0.0064,0.0000,-0.0301
43482,gimbal,dynamic,14.3532,25.53,43.48,10.0289,-0.0116,24.3819,-0.0909,2.902,SEARCH,-0.0145,0.0058,0.0000,-0.0295
43582,gimbal,dynamic,14.3856,26.85,43.58,10.0284,-0.0106,24.4138,-0.0853,2.904,SEARCH,-0.0142,0.0053,0.0000,-0.0289
43682,gimbal,dynamic,14.4171,28.15,43.68,10.0286,-0.0099,24.4455,-0.0789,2.906,SEARCH,-0.0143,0.0049,0.0000,-0.0283
43782,gimbal,dynamic,14.4472,29.43,43.78,10.0299,-0.0092,24.4770,-0.0718,2.908,SEARCH,-0.0150,0.0046,0.0000,-0.0277
43882,gimbal,dynamic,14.4764,30.34,43.88,10.0320,-0.0089,24.5083,-0.0641,2.910,SEARCH,-0.0160,0.0044,0.0000,-0.0271
43982,gimbal,dynamic,14.5048,30.34,43.98,10.0347,-0.0085,24.5394,-0.0563,2.912,SEARCH,-0.0173,0.0043,0.0000,-0.0265
44082,gimbal,dynamic,14.5321,30.34,44.08,10.0382,-0.0076,24.5703,-0.0486,2.913,SEARCH,-0.0191,0.0038,0.0000,-0.0260
44182,gimbal,dynamic,14.5591,30.34,44.18,10.0419,-0.0063,24.6010,-0.0409,2.915,SEARCH,-0.0210,0.0031,0.0000,-0.0254
44282,gimbal,dynamic,14.5865,30.34,44.28,10.0450,-0.0047,24.6315,-0.0333,2.917,SEARCH,-0.0225,0.0024,0.0000,-0.0249
44382,gimbal,dynamic,14.6141,30.34,44.38,10.0477,-0.0032,24.6618,-0.0257,2.918,SEARCH,-0.0238,0.0016,0.0000,-0.0245
44482,gimbal,dynamic,14.6419,30.34,44.48,10.0500,-0.0020,24.6919,-0.0182,2.920,SEARCH,-0.0250,0.0010,0.0000,-0.0240
44582,gimbal,dynamic,14.6704,30.34,44.58,10.0514,-0.0016,24.7218,-0.0107,2.922,SEARCH,-0.0257,0.0008,0.0000,-0.0235
44682,gimbal,dynamic,14.6994,30.34,44.68,10.0520,-0.0021,24.7514,-0.0033,2.923,SEARCH,-0.0260,0.0011,0.0000,-0.0231
44782,gimbal,dynamic,14.7290,30.34,44.78,10.0519,-0.0035,24.7809,0.0041,2.924,SEARCH,-0.0260,0.0017,0.0000,-0.0228
44882,gimbal,dynamic,14.7587,30.34,44.88,10.0516,-0.0054,24.8102,0.0114,2.926,SEARCH,-0.0258,0.0027,0.0000,-0.0223
44982,gimbal,dynamic,14.7883,30.34,44.98,10.0510,-0.0077,24.8393,0.0187,2.927,SEARCH,-0.0255,0.0038,0.0000,-0.0220
45082,gimbal,dynamic,14.8176,30.34,45.08,10.0507,-0.0098,24.8682,0.0259,2.928,SEARCH,-0.0253,0.0049,0.0000,-0.0216
45182,gimbal,dynamic,14.8467,30.34,45.18,10.0503,-0.0115,24.8969,0.0331,2.929,SEARCH,-0.0251,0.0058,0.0000,-0.0212
45282,gimbal,dynamic,14.8761,30.34,45.28,10.0494,-0.0126,24.9254,0.0402,2.930,SEARCH,-0.0247,0.0063,0.0000,-0.0209
45382,gimbal,dynamic,14.9063,30.34,45.38,10.0475,-0.0134,24.9537,0.0473,2.932,SEARCH,-0.0238,0.0067,0.0000,-0.0205
45482,gimbal,dynamic,14.9372,30.34,45.48,10.0448,-0.0141,24.9818,0.0543,2.933,SEARCH,-0.0224,0.0070,0.0000,-0.0202
45582,gimbal,dynamic,14.9686,30.34,45.58,10.0414,-0.0145,25.0097,0.0613,2.934,SEARCH,-0.0207,0.0073,0.0000,-0.0198
45682,gimbal,dynamic,15.0003,30.34,45.68,10.0374,-0.0144,25.0375,0.0682,2.935,SEARCH,-0.0187,0.0072,0.0000,-0.0195
45782,gimbal,dynamic,15.0316,30.35,45.78,10.0337,-0.0140,25.0650,0.0751,2.936,SEARCH,-0.0168,0.0070,0.0000,-0.0191
45882,gimbal,dynamic,15.0621,30.35,45.88,10.0305,-0.0132,25.0923,0.0819,2.938,SEARCH,-0.0152,0.0066,0.0000,-0.0187
45982,gimbal,dynamic,15.0927,30.34,45.98,10.0271,-0.0124,25.1194,0.0887,2.939,SEARCH,-0.0135,0.0062,0.0000,-0.0183
46082,gimbal,dynamic,15.1234,30.34,46.08,10.0233,-0.0118,25.1464,0.0955,2.940,SEARCH,-0.0117,0.0059,0.0000,-0.0180
46182,gimbal,dynamic,15.1545,30.35,46.18,10.0190,-0.0112,25.1731,0.1021,2.941,SEARCH,-0.0095,0.0056,0.0000,-0.0176
46282,gimbal,dynamic,15.1863,30.35,46.28,10.0139,-0.0111,25.1997,0.1088,2.942,SEARCH,-0.0070,0.0055,0.0000,-0.0173
46382,gimbal,dynamic,15.2178,30.34,46.38,10.0088,-0.0107,25.2261,0.1154,2.944,SEARCH,-0.0044,0.0053,0.0000,-0.0169
46482,gimbal,dynamic,15.2483,30.34,46.48,10.0045,-0.0099,25.2523,0.1219,2.944,SEARCH,-0.0023,0.0050,0.0000,-0.0167
46582,gimbal,dynamic,15.2779,30.34,46.58,10.0010,-0.0091,25.2783,0.1284,2.945,SEARCH,-0.0005,0.0046,0.0000,-0.0164
46682,gimbal,dynamic,15.3056,30.35,46.68,9.9991,-0.0085,25.3041,0.1349,2.946,SEARCH,0.0004,0.0042,0.0000,-0.0161
46782,gimbal,dynamic,15.3323,30.35,46.78,9.9982,-0.0074,25.3298,0.1413,2.947,SEARCH,0.0009,0.0037,0.0000,-0.0159
46882,gimbal,dynamic,15.3573,30.35,46.88,9.9987,-0.0059,25.3552,0.1477,2.948,SEARCH,0.0007,0.0029,0.0000,-0.0156
46982,gimbal,dynamic,15.3808,30.35,46.98,10.0005,-0.0037,25.3805,0.1540,2.949,SEARCH,-0.0003,0.0018,0.0000,-0.0154
47082,gimbal,dynamic,15.4042,30.35,47.08,10.0022,-0.0016,25.4056,0.1603,2.950,SEARCH,-0.0011,0.0008,0.0000,-0.0151
47182,gimbal,dynamic,15.4275,30.35,47.18,10.0039,0.0002,25.4306,0.1665,2.950,SEARCH,-0.0020,-0.0001,0.0000,-0.0149
47282,gimbal,dynamic,15.4513,30.35,47.28,10.0050,0.0019,25.4553,0.1727,2.951,SEARCH,-0.0025,-0.0010,0.0000,-0.0147
47382,gimbal,dynamic,15.4754,30.35,47.38,10.0055,0.0037,25.4799,0.1788,2.952,SEARCH,-0.0027,-0.0019,0.0000,-0.0144
47482,gimbal,dynamic,15.4993,30.35,47.48,10.0061,0.0054,25.5044,0.1849,2.953,SEARCH,-0.0030,-0.0027,0.0000,-0.0142
47582,gimbal,dynamic,15.5229,30.35,47.58,10.0069,0.0075,25.5286,0.1910,2.916,SEARCH,-0.0034,-0.0037,0.0000,-0.0253
47682,gimbal,dynamic,15.5462,30.35,47.68,10.0076,0.0098,25.5527,0.1970,2.774,SEARCH,-0.0038,-0.0049,0.0000,-0.0678
47782,gimbal,dynamic,15.5695,30.35,47.78,10.0083,0.0121,25.5767,0.2030,2.524,SEARCH,-0.0042,-0.0061,0.0000,-0.1428
47882,gimbal,dynamic,15.5926,30.35,47.88,10.0091,0.0144,25.6005,0.2090,2.197,SEARCH,-0.0045,-0.0072,0.0000,-0.2409
47982,gimbal,dynamic,15.6157,30.35,47.98,10.0097,0.0168,25.6241,0.2149,1.778,SEARCH,-0.0048,-0.0084,0.0000,-0.3667
48082,gimbal,dynamic,15.6383,30.35,48.08,10.0106,0.0196,25.6476,0.2207,1.220,SEARCH,-0.0053,-0.0098,0.0000,-0.5341
48182,gimbal,dynamic,15.6606,30.35,48.18,10.0116,0.0223,25.6709,0.2266,0.554,SEARCH,-0.0058,-0.0111,0.0000,-0.7339
48282,gimbal,dynamic,15.6817,30.35,48.28,10.0137,0.0229,25.6941,0.2324,0.514,SEARCH,-0.0069,-0.0115,0.0000,-0.7457
48382,gimbal,dynamic,15.7026,30.35,48.38,10.0160,0.0235,25.7171,0.2381,0.504,SEARCH,-0.0080,-0.0117,0.0000,-0.7489
48482,gimbal,dynamic,15.7233,30.35,48.48,10.0183,0.0236,25.7400,0.2439,0.499,SEARCH,-0.0091,-0.0118,0.0000,-0.7503
48582,gimbal,dynamic,15.7446,29.95,48.58,10.0198,0.0236,25.7628,0.2495,0.499,SEARCH,-0.0099,-0.0118,0.0000,-0.7503
48682,gimbal,dynamic,15.7667,28.12,48.68,10.0204,0.0233,25.7854,0.2545,0.502,SEARCH,-0.0102,-0.0116,0.0000,-0.7495
48782,gimbal,dynamic,15.7889,26.20,48.78,10.0207,0.0231,25.8079,0.2586,0.507,SEARCH,-0.0104,-0.0115,0.0000,-0.7480
48882,gimbal,dynamic,15.8117,24.19,48.88,10.0203,0.0234,25.8302,0.2620,0.512,SEARCH,-0.0101,-0.0117,0.0000,-0.7463
48982,gimbal,dynamic,15.8351,22.11,48.98,10.0191,0.0242,25.8524,0.2645,0.519,SEARCH,-0.0096,-0.0121,0.0000,-0.7442
49082,gimbal,dynamic,15.8591,19.96,49.08,10.0173,0.0249,25.8745,0.2662,0.526,SEARCH,-0.0087,-0.0125,0.0000,-0.7422
49182,gimbal,dynamic,15.8837,17.75,49.18,10.0147,0.0259,25.8965,0.2671,0.533,SEARCH,-0.0073,-0.0129,0.0000,-0.7402
49282,gimbal,dynamic,15.9090,15.50,49.28,10.0112,0.0268,25.9184,0.2670,0.539,SEARCH,-0.0056,-0.0134,0.0000,-0.7382
49382,gimbal,dynamic,15.9348,13.20,49.38,10.0071,0.0268,25.9401,0.2661,0.546,SEARCH,-0.0035,-0.0134,0.0000,-0.7363
49482,gimbal,dynamic,15.9605,10.88,49.48,10.0031,0.0261,25.9618,0.2644,0.551,SEARCH,-0.0015,-0.0131,0.0000,-0.7347
49582,gimbal,dynamic,15.9859,8.56,49.58,9.9992,0.0251,25.9833,0.2617,0.556,SEARCH,0.0004,-0.0125,0.0000,-0.7331
49682,gimbal,dynamic,16.0105,6.23,49.68,9.9960,0.0242,26.0047,0.2582,0.561,SEARCH,0.0020,-0.0121,0.0000,-0.7318
49782,gimbal,dynamic,16.0352,3.92,49.78,9.9925,0.0237,26.0260,0.2538,0.565,SEARCH,0.0038,-0.0118,0.0000,-0.7305
49882,gimbal,dynamic,16.0599,2.28,49.88,9.9890,0.0236,26.0473,0.2487,0.568,SEARCH,0.0055,-0.0118,0.0000,-0.7296
49982,gimbal,dynamic,16.0853,2.28,49.98,9.9846,0.0232,26.0684,0.2434,0.571,SEARCH,0.0077,-0.0116,0.0000,-0.7287
50082,gimbal,dynamic,16.1103,2.28,50.08,9.9805,0.0229,26.0894,0.2381,0.573,SEARCH,0.0097,-0.0115,0.0000,-0.7280
50182,gimbal,dynamic,16.1350,2.28,50.18,9.9767,0.0231,26.1104,0.2329,0.575,SEARCH,0.0116,-0.0115,0.0000,-0.7275
50282,gimbal,dynamic,16.1595,2.28,50.28,9.9731,0.0235,26.1313,0.2277,0.577,SEARCH,0.0135,-0.0117,0.0000,-0.7270
50382,gimbal,dynamic,16.1834,2.28,50.38,9.9698,0.0235,26.1521,0.2225,0.578,SEARCH,0.0151,-0.0118,0.0000,-0.7267
50482,gimbal,dynamic,16.2067,2.28,50.48,9.9672,0.0232,26.1728,0.2173,0.578,SEARCH,0.0164,-0.0116,0.0000,-0.7265
50582,gimbal,dynamic,16.2296,2.27,50.58,9.9649,0.0227,26.1934,0.2121,0.579,SEARCH,0.0175,-0.0114,0.0000,-0.7264
50682,gimbal,dynamic,16.2514,2.28,50.68,9.9637,0.0222,26.2140,0.2070,0.579,SEARCH,0.0182,-0.0111,0.0000,-0.7264
50782,gimbal,dynamic,16.2727,2.28,50.78,9.9628,0.0215,26.2345,0.2019,0.579,SEARCH,0.0186,-0.0107,0.0000,-0.7264
50882,gimbal,dynamic,16.2943,2.28,50.88,9.9616,0.0204,26.2549,0.1968,0.578,SEARCH,0.0192,-0.0102,0.0000,-0.7265
50982,gimbal,dynamic,16.3157,2.28,50.98,9.9606,0.0190,26.2753,0.1917,0.578,SEARCH,0.0197,-0.0095,0.0000,-0.7266
51082,gimbal,dynamic,16.3366,2.28,51.08,9.9599,0.0179,26.2957,0.1866,0.578,SEARCH,0.0200,-0.0090,0.0000,-0.7267
51182,gimbal,dynamic,16.3569,2.28,51.18,9.9599,0.0173,26.3160,0.1815,0.577,SEARCH,0.0201,-0.0086,0.0000,-0.7268
51282,gimbal,dynamic,16.3766,2.29,51.28,9.9603,0.0169,26.3362,0.1764,0.577,SEARCH,0.0198,-0.0085,0.0000,-0.7269
51382,gimbal,dynamic,16.3960,2.29,51.38,9.9612,0.0169,26.3564,0.1714,0.576,SEARCH,0.0194,-0.0085,0.0000,-0.7271
51482,gimbal,dynamic,16.4151,2.29,51.48,9.9621,0.0173,26.3766,0.1664,0.576,SEARCH,0.0189,-0.0086,0.0000,-0.7272
51582,gimbal,dynamic,16.4342,2.29,51.58,9.9631,0.0173,26.3967,0.1613,0.575,SEARCH,0.0184,-0.0087,0.0000,-0.7274
51682,gimbal,dynamic,16.4535,2.29,51.68,9.9638,0.0169,26.4168,0.1563,0.575,SEARCH,0.0181,-0.0085,0.0000,-0.7275
51782,gimbal,dynamic,16.4727,2.29,51.78,9.9647,0.0164,26.4369,0.1513,0.574,SEARCH,0.0177,-0.0082,0.0000,-0.7277
51882,gimbal,dynamic,16.4920,2.29,51.88,9.9654,0.0156,26.4569,0.1463,0.574,SEARCH,0.0173,-0.0078,0.0000,-0.7278
51982,gimbal,dynamic,16.5111,2.29,51.98,9.9663,0.0144,26.4769,0.1413,0.574,SEARCH,0.0169,-0.0072,0.0000,-0.7279
52082,gimbal,dynamic,16.5301,2.29,52.08,9.9673,0.0129,26.4970,0.1363,0.573,SEARCH,0.0163,-0.0065,0.0000,-0.7280
52182,gimbal,dynamic,16.5496,2.29,52.18,9.9678,0.0122,26.5170,0.1312,0.573,SEARCH,0.0161,-0.0061,0.0000,-0.7281
52282,gimbal,dynamic,16.5697,2.28,52.28,9.9677,0.0118,26.5370,0.1262,0.573,SEARCH,0.0162,-0.0059,0.0000,-0.7281
52382,gimbal,dynamic,16.5899,2.28,52.38,9.9675,0.0116,26.5570,0.1212,0.573,SEARCH,0.0163,-0.0058,0.0000,-0.7282
52482,gimbal,dynamic,16.6096,2.28,52.48,9.9677,0.0115,26.5770,0.1162,0.572,SEARCH,0.0162,-0.0057,0.0000,-0.7283
52582,gimbal,dynamic,16.6294,2.28,52.58,9.9678,0.0119,26.5970,0.1112,0.572,SEARCH,0.0161,-0.0060,0.0000,-0.7284
52682,gimbal,dynamic,16.6492,2.28,52.68,9.9680,0.0130,26.6170,0.1062,0.572,SEARCH,0.0160,-0.0065,0.0000,-0.7284
52782,gimbal,dynamic,16.6687,2.28,52.78,9.9685,0.0146,26.6370,0.1012,0.572,SEARCH,0.0157,-0.0073,0.0000,-0.7285
52882,gimbal,dynamic,16.6874,2.28,52.88,9.9699,0.0170,26.6571,0.0962,0.572,SEARCH,0.0151,-0.0085,0.0000,-0.7285
52982,gimbal,dynamic,16.7052,2.28,52.98,9.9721,0.0201,26.6771,0.0912,0.572,SEARCH,0.0139,-0.0101,0.0000,-0.7285
53082,gimbal,dynamic,16.7227,2.28,53.08,9.9747,0.0237,26.6972,0.0862,0.571,SEARCH,0.0127,-0.0118,0.0000,-0.7286
53182,gimbal,dynamic,16.7395,2.28,53.18,9.9780,0.0272,26.7174,0.0811,0.571,SEARCH,0.0110,-0.0136,0.0000,-0.7286
53282,gimbal,dynamic,16.7562,2.28,53.28,9.9814,0.0301,26.7375,0.0761,0.571,SEARCH,0.0093,-0.0150,0.0000,-0.7286
53382,gimbal,dynamic,16.7725,2.28,53.38,9.9853,0.0323,26.7577,0.0711,0.571,SEARCH,0.0074,-0.0162,0.0000,-0.7286
53482,gimbal,dynamic,16.7891,2.28,53.48,9.9889,0.0335,26.7780,0.0660,0.572,SEARCH,0.0056,-0.0168,0.0000,-0.7285
53582,gimbal,dynamic,16.8060,2.28,53.58,9.9923,0.0346,26.7983,0.0609,0.572,SEARCH,0.0038,-0.0173,0.0000,-0.7285
53682,gimbal,dynamic,16.8238,2.28,53.68,9.9948,0.0357,26.8186,0.0558,0.572,SEARCH,0.0026,-0.0179,0.0000,-0.7285
53782,gimbal,dynamic,16.8421,2.28,53.78,9.9969,0.0373,26.8390,0.0507,0.572,SEARCH,0.0016,-0.0187,0.0000,-0.7284
53882,gimbal,dynamic,16.8606,2.28,53.88,9.9988,0.0396,26.8594,0.0456,0.572,SEARCH,0.0006,-0.0198,0.0000,-0.7284
53982,gimbal,dynamic,16.8793,2.28,53.98,10.0006,0.0416,26.8799,0.0405,0.572,SEARCH,-0.0003,-0.0208,0.0000,-0.7284
54082,gimbal,dynamic,16.8979,2.27,54.08,10.0026,0.0434,26.9005,0.0354,0.572,SEARCH,-0.0013,-0.0217,0.0000,-0.7283
54182,gimbal,dynamic,16.9164,2.27,54.18,10.0047,0.0445,26.9211,0.0302,0.572,SEARCH,-0.0024,-0.0222,0.0000,-0.7283
54282,gimbal,dynamic,16.9348,2.27,54.28,10.0071,0.0453,26.9419,0.0250,0.572,SEARCH,-0.0035,-0.0226,0.0000,-0.7283
54382,gimbal,dynamic,16.9540,2.27,54.38,10.0086,0.0460,26.9626,0.0198,0.573,SEARCH,-0.0043,-0.0230,0.0000,-0.7282
54482,gimbal,dynamic,16.9740,2.27,54.48,10.0095,0.0466,26.9835,0.0146,0.573,SEARCH,-0.0048,-0.0233,0.0000,-0.7282
54582,gimbal,dynamic,16.9944,2.27,54.58,10.0101,0.0468,27.0045,0.0094,0.573,SEARCH,-0.0050,-0.0234,0.0000,-0.7282
54682,gimbal,dynamic,17.0155,2.27,54.68,10.0101,0.0468,27.0255,0.0041,0.573,SEARCH,-0.0050,-0.0234,0.0000,-0.7281
54782,gimbal,dynamic,17.0369,2.27,54.78,10.0098,0.0466,27.0466,-0.0012,0.573,SEARCH,-0.0049,-0.0233,0.0000,-0.7281
54882,gimbal,dynamic,17.0589,2.27,54.88,10.0090,0.0462,27.0679,-0.0065,0.573,SEARCH,-0.0045,-0.0231,0.0000,-0.7281
54982,gimbal,dynamic,17.0816,2.27,54.98,10.0077,0.0459,27.0892,-0.0118,0.573,SEARCH,-0.0038,-0.0229,0.0000,-0.7280
55082,gimbal,dynamic,17.1045,2.27,55.08,10.0062,0.0454,27.1106,-0.0172,0.573,SEARCH,-0.0031,-0.0227,0.0000,-0.7280
55182,gimbal,dynamic,17.1278,2.27,55.18,10.0045,0.0450,27.1321,-0.0225,0.573,SEARCH,-0.0023,-0.0225,0.0000,-0.7280
55282,gimbal,dynamic,17.1516,2.27,55.28,10.0023,0.0445,27.1538,-0.0280,0.574,SEARCH,-0.0011,-0.0222,0.0000,-0.7279
55382,gimbal,dynamic,17.1758,2.27,55.38,9.9999,0.0436,27.1755,-0.0334,0.574,SEARCH,0.0001,-0.0218,0.0000,-0.7278
55482,gimbal,dynamic,17.2001,2.27,55.48,9.9975,0.0427,27.1974,-0.0389,0.574,SEARCH,0.0013,-0.0213,0.0000,-0.7278
55582,gimbal,dynamic,17.2241,2.27,55.58,9.9955,0.0418,27.2193,-0.0443,0.574,SEARCH,0.0023,-0.0209,0.0000,-0.7277
55682,gimbal,dynamic,17.2475,2.27,55.68,9.9942,0.0407,27.2414,-0.0499,0.574,SEARCH,0.0029,-0.0203,0.0000,-0.7277
55782,gimbal,dynamic,17.2703,2.27,55.78,9.9936,0.0391,27.2637,-0.0554,0.574,SEARCH,0.0032,-0.0196,0.0000,-0.7277
55882,gimbal,dynamic,17.2927,2.27,55.88,9.9936,0.0378,27.2860,-0.0610,0.574,SEARCH,0.0032,-0.0189,0.0000,-0.7277
55982,gimbal,dynamic,17.3152,2.27,55.98,9.9936,0.0366,27.3085,-0.0666,0.574,SEARCH,0.0032,-0.0183,0.0000,-0.7277
56082,gimbal,dynamic,17.3381,2.27,56.08,9.9934,0.0357,27.3311,-0.0723,0.574,SEARCH,0.0033,-0.0179,0.0000,-0.7277
56182,gimbal,dynamic,17.3614,4.56,56.18,9.9929,0.0355,27.3539,-0.0773,0.574,SEARCH,0.0036,-0.0177,0.0000,-0.7277
56282,gimbal,dynamic,17.3851,6.90,56.28,9.9921,0.0355,27.3768,-0.0815,0.575,SEARCH,0.0040,-0.0177,0.0000,-0.7276
56382,gimbal,dynamic,17.4091,9.26,56.38,9.9911,0.0358,27.3998,-0.0846,0.575,SEARCH,0.0044,-0.0179,0.0000,-0.7276
56482,gimbal,dynamic,17.4330,11.63,56.48,9.9904,0.0369,27.4230,-0.0868,0.575,SEARCH,0.0048,-0.0184,0.0000,-0.7276
56582,gimbal,dynamic,17.4568,13.99,56.58,9.9899,0.0381,27.4463,-0.0881,0.575,SEARCH,0.0050,-0.0191,0.0000,-0.7276
56582,gimbal,dynamic,17.4806,16.33,56.58,9.9896,0.0385,27.4698,-0.0884,0.575,SEARCH,0.0050,-0.0191,0.0000,-0.7276
56582,gimbal,dynamic,17.5042,18.64,56.58,9.9896,0.0378,27.4934,-0.0877,0.575,SEARCH,0.0050,-0.0191,0.0000,-0.7276
56582,gimbal,dynamic,17.5271,20.91,56.58,9.9905,0.0372,27.5172,-0.0861,0.575,SEARCH,0.0050,-0.0191,0.0000,-0.7276
56582,gimbal,dynamic,17.5496,23.13,56.58,9.9919,0.0368,27.5411,-0.0836,0.575,SEARCH,0.0050,-0.0191,0.0000,-0.7276
56582,gimbal,dynamic,17.5720,25.27,56.58,9.9936,0.0366,27.5652,-0.0801,0.575,SEARCH,0.0050,-0.0191,0.0000,-0.7276
56582,gimbal,dynamic,17.5943,27.35,56.58,9.9955,0.0360,27.5895,-0.0756,0.575,SEARCH,0.0050,-0.0191,0.0000,-0.7276
56582,gimbal,dynamic,17.6170,29.35,56.58,9.9972,0.0352,27.6139,-0.0703,0.575,SEARCH,0.0050,-0.0191,0.0000,-0.7276
56582,gimbal,dynamic,17.6397,30.34,56.58,9.9991,0.0340,27.6385,-0.0642,0.575,SEARCH,0.0050,-0.0191,0.0000,-0.7276
56582,gimbal,dynamic,17.6627,30.34,56.58,10.0008,0.0327,27.6633,-0.0580,0.575,SEARCH,0.0050,-0.0191,0.0000,-0.7276
56582,gimbal,dynamic,17.6856,30.34,56.58,10.0028,0.0309,27.6882,-0.0518,0.575,SEARCH,0.0050,-0.0191,0.0000,-0.7276
56582,gimbal,dynamic,17.7086,30.34,56.58,10.0049,0.0292,27.7133,-0.0455,0.575,SEARCH,0.0050,-0.0191,0.0000,-0.7276
56582,gimbal,dynamic,17.7313,30.34,56.58,10.0074,0.0276,27.7386,-0.0392,0.575,SEARCH,0.0050,-0.0191,0.0000,-0.7276
56582,gimbal,dynamic,17.7548,30.34,56.58,10.0094,0.0266,27.7641,-0.0328,0.575,SEARCH,0.0050,-0.0191,0.0000,-0.7276
56582,gimbal,dynamic,17.7791,30.34,56.58,10.0107,0.0257,27.7897,-0.0264,0.575,SEARCH,0.0050,-0.0191,0.0000,-0.7276
56582,gimbal,dynamic,17.8042,30.34,56.58,10.0114,0.0248,27.8155,-0.0199,0.575,SEARCH,0.0050,-0.0191,0.0000,-0.7276
56582,gimbal,dynamic,17.8303,30.34,56.58,10.0113,0.0242,27.8415,-0.0134,0.575,SEARCH,0.0050,-0.0191,0.0000,-0.7276
56582,gimbal,dynamic,17.8570,30.34,56.58,10.0107,0.0243,27.8677,-0.0069,0.575,SEARCH,0.0050,-0.0191,0.0000,-0.7276
56582,gimbal,dynamic,17.8840,30.34,56.58,10.0101,0.0253,27.8941,-0.0003,0.575,SEARCH,0.0050,-0.0191,0.0000,-0.7276
56582,gimbal,dynamic,17.9109,30.34,56.58,10.0097,0.0265,27.9206,0.0064,0.575,SEARCH,0.0050,-0.0191,0.0000,-0.7276
56582,gimbal,dynamic,17.9380,30.33,56.58,10.0094,0.0276,27.9474,0.0130,0.575,SEARCH,0.0050,-0.0191,0.0000,-0.7276
56582,gimbal,dynamic,17.9654,30.33,56.58,10.0089,0.0286,27.9743,0.0198,0.575,SEARCH,0.0050,-0.0191,0.0000,-0.7276
56582,gimbal,dynamic,17.9932,30.33,56.58,10.0083,0.0296,28.0015,0.0266,0.575,SEARCH,0.0050,-0.0191,0.0000,-0.7276
56582,gimbal,dynamic,18.0216,30.33,56.58,10.0072,0.0303,28.0288,0.0334,0.575,SEARCH,0.0050,-0.0191,0.0000,-0.7276
56582,gimbal,dynamic,18.0512,30.33,56.58,10.0051,0.0315,28.0563,0.0403,0.575,SEARCH,0.0050,-0.0191,0.0000,-0.7276
56582,gimbal,dynamic,18.0815,30.33,56.58,10.0025,0.0330,28.0840,0.0472,0.575,SEARCH,0.0050,-0.0191,0.0000,-0.7276
56582,gimbal,dynamic,18.1127,30.33,56.58,9.9992,0.0355,28.1119,0.0542,0.575,SEARCH,0.0050,-0.0191,0.0000,-0.7276
59239,gimbal,dynamic,18.1436,30.33,59.24,9.9964,0.0382,28.1400,0.0612,0.577,IDLE,0.0000,0.0000,0.0000,0.0000
59339,gimbal,dynamic,18.1752,30.33,59.34,9.9932,0.0410,28.1683,0.0683,0.577,IDLE,0.0000,0.0000,0.0000,0.0000
59439,gimbal,dynamic,18.2077,30.33,59.44,9.9891,0.0440,28.1968,0.0754,0.577,IDLE,0.0000,0.0000,0.0000,0.0000
59539,gimbal,dynamic,18.2402,30.33,59.54,9.9854,0.0464,28.2255,0.0826,0.577,IDLE,0.0000,0.0000,0.0000,0.0000
59639,gimbal,dynamic,18.2720,30.33,59.64,9.9825,0.0477,28.2544,0.0898,0.577,IDLE,0.0000,0.0000,0.0000,0.0000
59739,gimbal,dynamic,18.3036,30.33,59.74,9.9800,0.0484,28.2835,0.0971,0.577,IDLE,0.0000,0.0000,0.0000,0.0000
59839,gimbal,dynamic,18.3345,30.33,59.84,9.9784,0.0484,28.3128,0.1044,0.577,IDLE,0.0000,0.0000,0.0000,0.0000
59939,gimbal,dynamic,18.3653,30.33,59.94,9.9771,0.0483,28.3423,0.1118,0.577,IDLE,0.0000,0.0000,0.0000,0.0000
60039,gimbal,dynamic,18.3960,30.33,60.04,9.9761,0.0481,28.3720,0.1192,0.577,IDLE,0.0000,0.0000,0.0000,0.0000
60139,gimbal,dynamic,18.4269,30.33,60.14,9.9751,0.0479,28.4019,0.1267,0.578,IDLE,0.0000,0.0000,0.0000,0.0000
60139,gimbal,dynamic,18.4577,30.33,60.14,9.9745,0.0478,28.4319,0.1342,0.578,IDLE,0.0000,0.0000,0.0000,0.0000
60139,gimbal,dynamic,18.4877,30.33,60.14,9.9748,0.0477,28.4622,0.1417,0.578,IDLE,0.0000,0.0000,0.0000,0.0000
60139,gimbal,dynamic,18.5174,30.33,60.14,9.9756,0.0475,28.4927,0.1494,0.578,IDLE,0.0000,0.0000,0.0000,0.0000
60539,gimbal,dynamic,18.5467,30.33,60.54,9.9771,0.0473,28.5234,0.1570,0.579,IDLE,0.0000,0.0000,0.0000,0.0000
60639,gimbal,dynamic,18.5759,30.33,60.64,9.9788,0.0472,28.5543,0.1648,0.579,IDLE,0.0000,0.0000,0.0000,0.0000
60739,gimbal,dynamic,18.6052,30.33,60.74,9.9806,0.0469,28.5854,0.1725,0.579,IDLE,0.0000,0.0000,0.0000,0.0000
60839,gimbal,dynamic,18.6343,30.33,60.84,9.9828,0.0468,28.6167,0.1804,0.579,IDLE,0.0000,0.0000,0.0000,0.0000
60939,gimbal,dynamic,18.6640,30.33,60.94,9.9847,0.0473,28.6482,0.1882,0.580,IDLE,0.0000,0.0000,0.0000,0.0000
61039,gimbal,dynamic,18.6937,30.33,61.04,9.9867,0.0481,28.6798,0.1962,0.580,IDLE,0.0000,0.0000,0.0000,0.0000
61139,gimbal,dynamic,18.7233,30.33,61.14,9.9891,0.0486,28.7117,0.2041,0.580,IDLE,0.0000,0.0000,0.0000,0.0000
61239,gimbal,dynamic,18.7534,30.33,61.24,9.9911,0.0482,28.7438,0.2121,0.580,IDLE,0.0000,0.0000,0.0000,0.0000
61339,gimbal,dynamic,18.7839,30.33,61.34,9.9930,0.0473,28.7761,0.2202,0.580,IDLE,0.0000,0.0000,0.0000,0.0000
61439,gimbal,dynamic,18.8147,30.33,61.44,9.9947,0.0458,28.8085,0.2283,0.580,IDLE,0.0000,0.0000,0.0000,0.0000
61539,gimbal,dynamic,18.8465,30.33,61.54,9.9957,0.0444,28.8412,0.2365,0.580,IDLE,0.0000,0.0000,0.0000,0.0000
61639,gimbal,dynamic,18.8784,30.33,61.64,9.9967,0.0431,28.8740,0.2447,0.581,IDLE,0.0000,0.0000,0.0000,0.0000
61739,gimbal,dynamic,18.9114,30.33,61.74,9.9969,0.0424,28.9071,0.2530,0.581,IDLE,0.0000,0.0000,0.0000,0.0000
61839,gimbal,dynamic,18.9456,30.33,61.84,9.9960,0.0422,28.9403,0.2613,0.581,IDLE,0.0000,0.0000,0.0000,0.0000
61939,gimbal,dynamic,18.9806,30.33,61.94,9.9945,0.0432,28.9737,0.2696,0.581,IDLE,0.0000,0.0000,0.0000,0.0000
62039,gimbal,dynamic,19.0161,30.33,62.04,9.9927,0.0445,29.0073,0.2780,0.581,IDLE,0.0000,0.0000,0.0000,0.0000
62139,gimbal,dynamic,19.0521,30.32,62.14,9.9905,0.0457,29.0411,0.2865,0.581,IDLE,0.0000,0.0000,0.0000,0.0000
62239,gimbal,dynamic,19.0885,30.32,62.24,9.9882,0.0473,29.0751,0.2950,0.581,IDLE,0.0000,0.0000,0.0000,0.0000
62339,gimbal,dynamic,19.1259,30.33,62.34,9.9851,0.0490,29.1093,0.3035,0.581,IDLE,0.0000,0.0000,0.0000,0.0000
62439,gimbal,dynamic,19.1632,30.32,62.44,9.9822,0.0505,29.1436,0.3121,0.582,IDLE,0.0000,0.0000,0.0000,0.0000
62539,gimbal,dynamic,19.2006,30.32,62.54,9.9794,0.0520,29.1781,0.3207,0.582,IDLE,0.0000,0.0000,0.0000,0.0000
62639,gimbal,dynamic,19.2380,30.32,62.64,9.9768,0.0534,29.2128,0.3294,0.582,IDLE,0.0000,0.0000,0.0000,0.0000
62739,gimbal,dynamic,19.2752,30.32,62.74,9.9746,0.0542,29.2477,0.3381,0.582,IDLE,0.0000,0.0000,0.0000,0.0000
62839,gimbal,dynamic,19.3128,30.32,62.84,9.9722,0.0545,29.2827,0.3469,0.582,IDLE,0.0000,0.0000,0.0000,0.0000
62939,gimbal,dynamic,19.3507,30.32,62.94,9.9696,0.0542,29.3180,0.3557,0.582,IDLE,0.0000,0.0000,0.0000,0.0000
63039,gimbal,dynamic,19.3888,30.32,63.04,9.9670,0.0534,29.3533,0.3645,0.582,IDLE,0.0000,0.0000,0.0000,0.0000
63139,gimbal,dynamic,19.4265,29.13,63.14,9.9650,0.0523,29.3889,0.3729,0.582,IDLE,0.0000,0.0000,0.0000,0.0000
63239,gimbal,dynamic,19.4641,27.85,63.24,9.9634,0.0509,29.4246,0.3805,0.582,IDLE,0.0000,0.0000,0.0000,0.0000
63339,gimbal,dynamic,19.5011,26.55,63.34,9.9624,0.0497,29.4605,0.3873,0.582,IDLE,0.0000,0.0000,0.0000,0.0000
63439,gimbal,dynamic,19.5378,25.24,63.44,9.9618,0.0486,29.4965,0.3933,0.581,IDLE,0.0000,0.0000,0.0000,0.0000
63539,gimbal,dynamic,19.5743,23.94,63.54,9.9616,0.0481,29.5327,0.3984,0.581,IDLE,0.0000,0.0000,0.0000,0.0000
63639,gimbal,dynamic,19.6106,22.63,63.64,9.9617,0.0489,29.5691,0.4027,0.581,IDLE,0.0000,0.0000,0.0000,0.0000
63739,gimbal,dynamic,19.6471,21.33,63.74,9.9618,0.0505,29.6056,0.4062,0.581,IDLE,0.0000,0.0000,0.0000,0.0000
63839,gimbal,dynamic,19.6841,20.03,63.84,9.9614,0.0522,29.6423,0.4089,0.581,IDLE,0.0000,0.0000,0.0000,0.0000
63939,gimbal,dynamic,19.7216,18.75,63.94,9.9607,0.0535,29.6791,0.4108,0.581,IDLE,0.0000,0.0000,0.0000,0.0000
64039,gimbal,dynamic,19.7596,17.49,64.04,9.9597,0.0547,29.7160,0.4118,0.581,IDLE,0.0000,0.0000,0.0000,0.0000
64139,gimbal,dynamic,19.7975,16.24,64.14,9.9588,0.0554,29.7531,0.4121,0.581,ARMING,0.0000,0.0000,0.0000,0.0000
64239,gimbal,dynamic,19.8350,15.01,64.24,9.9586,0.0556,29.7904,0.4115,0.581,TAKEOFF,0.0000,0.0000,0.0000,0.0000
64339,gimbal,dynamic,19.8722,13.72,64.34,9.9588,0.0556,29.8277,0.4102,0.581,TAKEOFF,0.0000,0.0000,0.0000,0.0000
64439,gimbal,dynamic,19.9093,12.40,64.44,9.9591,0.0553,29.8653,0.4080,0.583,TAKEOFF,0.0000,0.0000,0.0000,0.0000
64539,gimbal,dynamic,19.9466,11.25,64.54,9.9594,0.0552,29.9029,0.4051,0.594,TAKEOFF,0.0000,0.0000,0.0000,0.0000
64639,gimbal,dynamic,19.9839,10.13,64.64,9.9598,0.0553,29.9407,0.4015,0.613,TAKEOFF,0.0000,0.0000,0.0000,0.0000
64739,gimbal,dynamic,20.0210,9.06,64.74,9.9605,0.0558,29.9785,0.3971,0.635,TAKEOFF,0.0000,0.0000,0.0000,0.0000
64839,gimbal,dynamic,20.0580,8.01,64.84,9.9613,0.0567,30.0166,0.3920,0.657,TAKEOFF,0.0000,0.0000,0.0000,0.0000
64939,gimbal,dynamic,20.0949,7.01,64.94,9.9625,0.0574,30.0547,0.3861,0.680,TAKEOFF,0.0000,0.0000,0.0000,0.0000
65039,gimbal,dynamic,20.1321,6.05,65.04,9.9634,0.0576,30.0929,0.3796,0.700,TAKEOFF,0.0000,0.0000,0.0000,0.0000
65139,gimbal,dynamic,20.1692,5.12,65.14,9.9645,0.0570,30.1313,0.3725,0.719,TAKEOFF,0.0000,0.0000,0.0000,0.0000
65239,gimbal,dynamic,20.2065,4.25,65.24,9.9656,0.0562,30.1697,0.3646,0.736,TAKEOFF,0.0000,0.0000,0.0000,0.0000
65339,gimbal,dynamic,20.2438,3.41,65.34,9.9667,0.0556,30.2083,0.3562,0.751,TAKEOFF,0.0000,0.0000,0.0000,0.0000
65439,gimbal,dynamic,20.2816,2.61,65.44,9.9675,0.0554,30.2470,0.3472,0.762,TAKEOFF,0.0000,0.0000,0.0000,0.0000
65539,gimbal,dynamic,20.3193,1.99,65.54,9.9684,0.0558,30.2857,0.3376,0.772,TAKEOFF,0.0000,0.0000,0.0000,0.0000
65639,gimbal,dynamic,20.3573,1.99,65.64,9.9692,0.0561,30.3246,0.3279,0.778,TAKEOFF,0.0000,0.0000,0.0000,0.0000
65739,gimbal,dynamic,20.3957,1.99,65.74,9.9696,0.0556,30.3636,0.3181,0.783,TAKEOFF,0.0000,0.0000,0.0000,0.0000
65839,gimbal,dynamic,20.4346,1.99,65.84,9.9696,0.0548,30.4026,0.3084,0.785,TAKEOFF,0.0000,0.0000,0.0000,0.0000
65939,gimbal,dynamic,20.4741,1.98,65.94,9.9691,0.0532,30.4417,0.2986,0.786,TAKEOFF,0.0000,0.0000,0.0000,0.0000
66039,gimbal,dynamic,20.5138,1.75,66.04,9.9685,0.0511,30.4809,0.2888,0.786,TAKEOFF,0.0000,0.0000,0.0000,0.0000
66139,gimbal,dynamic,20.5535,1.07,66.14,9.9680,0.0487,30.5202,0.2790,0.788,TAKEOFF,0.0000,0.0000,0.0000,0.0000
66239,gimbal,dynamic,20.5932,-0.04,66.24,9.9675,0.0461,30.5596,0.2691,0.793,TAKEOFF,0.0000,0.0000,0.0000,0.0000
66339,gimbal,dynamic,20.6331,-1.28,66.34,9.9670,0.0443,30.5990,0.2593,0.804,TAKEOFF,0.0000,0.0000,0.0000,0.0000
66439,gimbal,dynamic,20.6732,-2.67,66.44,9.9663,0.0434,30.6385,0.2494,0.820,TAKEOFF,0.0000,0.0000,0.0000,0.0000
66539,gimbal,dynamic,20.7131,-3.92,66.54,9.9658,0.0436,30.6780,0.2395,0.843,TAKEOFF,0.0000,0.0000,0.0000,0.0000
66639,gimbal,dynamic,20.7525,-4.97,66.64,9.9659,0.0449,30.7176,0.2296,0.869,TAKEOFF,0.0000,0.0000,0.0000,0.0000
66739,gimbal,dynamic,20.7913,-5.84,66.74,9.9667,0.0468,30.7573,0.2197,0.903,TAKEOFF,0.0000,0.0000,0.0000,0.0000
66839,gimbal,dynamic,20.8303,-6.49,66.84,9.9673,0.0488,30.7970,0.2098,0.940,TAKEOFF,0.0000,0.0000,0.0000,0.0000
66939,gimbal,dynamic,20.8702,-6.87,66.94,9.9671,0.0506,30.8367,0.1998,0.985,TAKEOFF,0.0000,0.0000,0.0000,0.0000
67039,gimbal,dynamic,20.9106,-7.06,67.04,9.9663,0.0519,30.8765,0.1899,1.032,TAKEOFF,0.0000,0.0000,0.0000,0.0000
67139,gimbal,dynamic,20.9514,-7.09,67.14,9.9654,0.0530,30.9164,0.1799,1.083,TAKEOFF,0.0000,0.0000,0.0000,0.0000
67239,gimbal,dynamic,20.9926,-7.02,67.24,9.9640,0.0543,30.9562,0.1700,1.142,TAKEOFF,0.0000,0.0000,0.0000,0.0000
67339,gimbal,dynamic,21.0338,-6.92,67.34,9.9626,0.0555,30.9961,0.1600,1.206,TAKEOFF,0.0000,0.0000,0.0000,0.0000
67439,gimbal,dynamic,21.0752,-6.82,67.44,9.9611,0.0568,31.0361,0.1500,1.268,TAKEOFF,0.0000,0.0000,0.0000,0.0000
67539,gimbal,dynamic,21.1165,-6.75,67.54,9.9597,0.0580,31.0760,0.1400,1.337,TAKEOFF,0.0000,0.0000,0.0000,0.0000
67639,gimbal,dynamic,21.1575,-6.74,67.64,9.9586,0.0589,31.1160,0.1300,1.403,TAKEOFF,0.0000,0.0000,0.0000,0.0000
67739,gimbal,dynamic,21.1982,-6.81,67.74,9.9578,0.0604,31.1560,0.1200,1.472,TAKEOFF,0.0000,0.0000,0.0000,0.0000
67839,gimbal,dynamic,21.2382,-6.95,67.84,9.9578,0.0618,31.1960,0.1100,1.547,TAKEOFF,0.0000,0.0000,0.0000,0.0000
67939,gimbal,dynamic,21.2774,-7.15,67.94,9.9586,0.0635,31.2359,0.1000,1.624,TAKEOFF,0.0000,0.0000,0.0000,0.0000
68039,gimbal,dynamic,21.3164,-7.42,68.04,9.9595,0.0655,31.2759,0.0900,1.695,TAKEOFF,0.0000,0.0000,0.0000,0.0000
68139,gimbal,dynamic,21.3557,-7.71,68.14,9.9602,0.0673,31.3159,0.0800,1.766,TAKEOFF,0.0000,0.0000,0.0000,0.0000
68239,gimbal,dynamic,21.3950,-8.05,68.24,9.9610,0.0684,31.3559,0.0700,1.843,TAKEOFF,0.0000,0.0000,0.0000,0.0000
68339,gimbal,dynamic,21.4336,-8.37,68.34,9.9623,0.0688,31.3959,0.0600,1.919,TAKEOFF,0.0000,0.0000,0.0000,0.0000
68439,gimbal,dynamic,21.4721,-8.71,68.44,9.9638,0.0686,31.4359,0.0500,1.987,TAKEOFF,0.0000,0.0000,0.0000,0.0000
68539,gimbal,dynamic,21.5104,-9.02,68.54,9.9655,0.0675,31.4758,0.0401,2.060,TAKEOFF,0.0000,0.0000,0.0000,0.0000
68639,gimbal,dynamic,21.5488,-9.33,68.64,9.9670,0.0661,31.5158,0.0301,2.126,TAKEOFF,0.0000,0.0000,0.0000,0.0000
68739,gimbal,dynamic,21.5874,-9.61,68.74,9.9683,0.0643,31.5557,0.0201,2.194,TAKEOFF,0.0000,0.0000,0.0000,0.0000
68839,gimbal,dynamic,21.6265,-9.88,68.84,9.9691,0.0627,31.5956,0.0101,2.254,TAKEOFF,0.0000,0.0000,0.0000,0.0000
68939,gimbal,dynamic,21.6659,-10.12,68.94,9.9696,0.0609,31.6354,0.0002,2.317,TAKEOFF,0.0000,0.0000,0.0000,0.0000
69039,gimbal,dynamic,21.7053,-10.02,69.04,9.9700,0.0588,31.6752,-0.0097,2.372,TAKEOFF,0.0000,0.0000,0.0000,0.0000
69139,gimbal,dynamic,21.7449,-9.55,69.14,9.9702,0.0570,31.7150,-0.0190,2.429,TAKEOFF,0.0000,0.0000,0.0000,0.0000
69239,gimbal,dynamic,21.7847,-9.06,69.24,9.9702,0.0559,31.7547,-0.0278,2.478,TAKEOFF,0.0000,0.0000,0.0000,0.0000
69339,gimbal,dynamic,21.8245,-8.47,69.34,9.9700,0.0545,31.7943,-0.0361,2.528,SEARCH,0.0149,-0.0277,0.0000,-0.1416
69439,gimbal,dynamic,21.8645,-7.36,69.44,9.9697,0.0530,31.8340,-0.0438,2.579,SEARCH,0.0150,-0.0270,0.0000,-0.1262
69539,gimbal,dynamic,21.9054,-5.42,69.54,9.9684,0.0503,31.8735,-0.0509,2.608,SEARCH,0.0153,-0.0261,0.0000,-0.1177
69639,gimbal,dynamic,21.9473,-2.70,69.64,9.9660,0.0464,31.9130,-0.0574,2.623,SEARCH,0.0162,-0.0245,0.0000,-0.1130
69739,gimbal,dynamic,21.9903,0.45,69.74,9.9624,0.0403,31.9525,-0.0634,2.636,SEARCH,0.0177,-0.0221,0.0000,-0.1093
69839,gimbal,dynamic,22.0331,4.02,69.84,9.9590,0.0335,31.9918,-0.0687,2.645,SEARCH,0.0195,-0.0188,0.0000,-0.1065
69939,gimbal,dynamic,22.0756,7.32,69.94,9.9557,0.0258,32.0311,-0.0733,2.654,SEARCH,0.0212,-0.0152,0.0000,-0.1039
70039,gimbal,dynamic,22.1170,10.49,70.04,9.9535,0.0194,32.0703,-0.0774,2.662,SEARCH,0.0226,-0.0118,0.0000,-0.1013
70139,gimbal,dynamic,22.1579,13.04,70.14,9.9518,0.0143,32.1095,-0.0808,2.671,SEARCH,0.0236,-0.0086,0.0000,-0.0988
70239,gimbal,dynamic,22.1984,15.18,70.24,9.9504,0.0116,32.1485,-0.0836,2.679,SEARCH,0.0244,-0.0064,0.0000,-0.0964
70339,gimbal,dynamic,22.2381,16.72,70.34,9.9496,0.0109,32.1875,-0.0857,2.687,SEARCH,0.0250,-0.0055,0.0000,-0.0939
70439,gimbal,dynamic,22.2764,17.78,70.44,9.9502,0.0120,32.2264,-0.0871,2.695,SEARCH,0.0251,-0.0056,0.0000,-0.0916
70539,gimbal,dynamic,22.3137,18.47,70.54,9.9517,0.0145,32.2652,-0.0880,2.703,SEARCH,0.0246,-0.0064,0.0000,-0.0892
70639,gimbal,dynamic,22.3499,18.89,70.64,9.9542,0.0182,32.3038,-0.0881,2.710,SEARCH,0.0236,-0.0081,0.0000,-0.0870
70739,gimbal,dynamic,22.3855,19.14,70.74,9.9572,0.0214,32.3424,-0.0877,2.718,SEARCH,0.0223,-0.0098,0.0000,-0.0846
70839,gimbal,dynamic,22.4203,19.32,70.84,9.9609,0.0245,32.3809,-0.0866,2.725,SEARCH,0.0206,-0.0114,0.0000,-0.0825
70939,gimbal,dynamic,22.4549,19.58,70.94,9.9646,0.0270,32.4193,-0.0848,2.733,SEARCH,0.0188,-0.0128,0.0000,-0.0802
71039,gimbal,dynamic,22.4900,19.90,71.04,9.9678,0.0282,32.4575,-0.0825,2.739,SEARCH,0.0172,-0.0138,0.0000,-0.0782
71139,gimbal,dynamic,22.5249,20.39,71.14,9.9710,0.0278,32.4957,-0.0795,2.746,SEARCH,0.0154,-0.0141,0.0000,-0.0763
71239,gimbal,dynamic,22.5596,21.00,71.24,9.9743,0.0255,32.5337,-0.0759,2.753,SEARCH,0.0138,-0.0136,0.0000,-0.0742
71339,gimbal,dynamic,22.5943,21.77,71.34,9.9775,0.0215,32.5716,-0.0717,2.759,SEARCH,0.0122,-0.0120,0.0000,-0.0722
71439,gimbal,dynamic,22.6292,22.66,71.44,9.9804,0.0172,32.6094,-0.0670,2.765,SEARCH,0.0106,-0.0098,0.0000,-0.0705
71539,gimbal,dynamic,22.6633,23.62,71.54,9.9839,0.0122,32.6471,-0.0617,2.771,SEARCH,0.0091,-0.0077,0.0000,-0.0688
71639,gimbal,dynamic,22.6973,24.65,71.64,9.9874,0.0078,32.6846,-0.0558,2.776,SEARCH,0.0074,-0.0052,0.0000,-0.0671
71739,gimbal,dynamic,22.7303,25.67,71.74,9.9918,0.0031,32.7220,-0.0494,2.782,SEARCH,0.0055,-0.0030,0.0000,-0.0655
71839,gimbal,dynamic,22.7636,26.70,71.84,9.9957,-0.0009,32.7593,-0.0425,2.787,SEARCH,0.0033,-0.0007,0.0000,-0.0639
71939,gimbal,dynamic,22.7974,27.65,71.94,9.9990,-0.0046,32.7964,-0.0350,2.792,SEARCH,0.0014,0.0012,0.0000,-0.0624
72039,gimbal,dynamic,22.8318,28.57,72.04,10.0016,-0.0079,32.8334,-0.0272,2.797,SEARCH,-0.0001,0.0030,0.0000,-0.0609
72139,gimbal,dynamic,22.8662,29.39,72.14,10.0040,-0.0108,32.8702,-0.0188,2.802,SEARCH,-0.0013,0.0046,0.0000,-0.0595
72239,gimbal,dynamic,22.9008,30.15,72.24,10.0061,-0.0133,32.9069,-0.0101,2.805,SEARCH,-0.0024,0.0059,0.0000,-0.0585
72339,gimbal,dynamic,22.9351,30.58,72.34,10.0083,-0.0146,32.9434,-0.0010,2.806,SEARCH,-0.0035,0.0070,0.0000,-0.0581
72439,gimbal,dynamic,22.9701,30.64,72.44,10.0098,-0.0147,32.9798,0.0081,2.806,SEARCH,-0.0045,0.0073,0.0000,-0.0583
72539,gimbal,dynamic,23.0051,30.74,72.54,10.0110,-0.0141,33.0161,0.0172,2.805,SEARCH,-0.0051,0.0073,0.0000,-0.0585
72639,gimbal,dynamic,23.0406,30.89,72.64,10.0115,-0.0132,33.0521,0.0262,2.804,SEARCH,-0.0056,0.0069,0.0000,-0.0587
72739,gimbal,dynamic,23.0765,31.10,72.74,10.0116,-0.0118,33.0880,0.0352,2.804,SEARCH,-0.0058,0.0064,0.0000,-0.0588
72839,gimbal,dynamic,23.1130,31.41,72.84,10.0109,-0.0105,33.1238,0.0441,2.804,SEARCH,-0.0057,0.0056,0.0000,-0.0588
72939,gimbal,dynamic,23.1496,31.75,72.94,10.0099,-0.0096,33.1594,0.0530,2.805,SEARCH,-0.0053,0.0051,0.0000,-0.0586
73039,gimbal,dynamic,23.1854,32.17,73.04,10.0095,-0.0090,33.1948,0.0619,2.805,SEARCH,-0.0048,0.0046,0.0000,-0.0584
73139,gimbal,dynamic,23.2204,32.63,73.14,10.0098,-0.0083,33.2300,0.0707,2.806,SEARCH,-0.0048,0.0044,0.0000,-0.0581
73239,gimbal,dynamic,23.2552,33.10,73.24,10.0101,-0.0076,33.2651,0.0795,2.807,SEARCH,-0.0050,0.0040,0.0000,-0.0578
73339,gimbal,dynamic,23.2897,33.57,73.34,10.0105,-0.0065,33.3000,0.0882,2.809,SEARCH,-0.0052,0.0036,0.0000,-0.0574
73439,gimbal,dynamic,23.3246,34.07,73.44,10.0104,-0.0055,33.3348,0.0969,2.810,SEARCH,-0.0053,0.0030,0.0000,-0.0570
73539,gimbal,dynamic,23.3595,34.54,73.54,10.0100,-0.0047,33.3693,0.1055,2.811,SEARCH,-0.0051,0.0026,0.0000,-0.0566
73639,gimbal,dynamic,23.3943,35.00,73.64,10.0097,-0.0042,33.4037,0.1141,2.813,SEARCH,-0.0050,0.0023,0.0000,-0.0561
73739,gimbal,dynamic,23.4293,35.42,73.74,10.0089,-0.0036,33.4379,0.1227,2.815,SEARCH,-0.0047,0.0020,0.0000,-0.0556
73839,gimbal,dynamic,23.4648,35.83,73.84,10.0074,-0.0020,33.4719,0.1312,2.816,SEARCH,-0.0041,0.0015,0.0000,-0.0551
73939,gimbal,dynamic,23.5003,36.22,73.94,10.0058,0.0002,33.5057,0.1396,2.818,SEARCH,-0.0034,0.0006,0.0000,-0.0545
74039,gimbal,dynamic,23.5358,36.60,74.04,10.0040,0.0037,33.5393,0.1480,2.820,SEARCH,-0.0025,-0.0008,0.0000,-0.0540
74139,gimbal,dynamic,23.5710,36.98,74.14,10.0022,0.0079,33.5728,0.1564,2.822,SEARCH,-0.0016,-0.0026,0.0000,-0.0535
74239,gimbal,dynamic,23.6056,37.34,74.24,10.0009,0.0119,33.6061,0.1647,2.823,SEARCH,-0.0008,-0.0048,0.0000,-0.0530
74339,gimbal,dynamic,23.6406,37.69,74.34,9.9990,0.0156,33.6391,0.1730,2.825,SEARCH,-0.0001,-0.0067,0.0000,-0.0526
74439,gimbal,dynamic,23.6760,38.05,74.44,9.9966,0.0183,33.6720,0.1812,2.826,SEARCH,0.0010,-0.0084,0.0000,-0.0522
74539,gimbal,dynamic,23.7113,38.43,74.54,9.9940,0.0204,33.7047,0.1894,2.828,SEARCH,0.0022,-0.0096,0.0000,-0.0517
74639,gimbal,dynamic,23.7458,38.80,74.64,9.9921,0.0220,33.7372,0.1975,2.829,SEARCH,0.0033,-0.0105,0.0000,-0.0513
74739,gimbal,dynamic,23.7796,39.18,74.74,9.9906,0.0236,33.7695,0.2056,2.830,SEARCH,0.0043,-0.0113,0.0000,-0.0510
74839,gimbal,dynamic,23.8128,39.57,74.84,9.9895,0.0251,33.8016,0.2136,2.831,SEARCH,0.0049,-0.0121,0.0000,-0.0506
74939,gimbal,dynamic,23.8456,39.94,74.94,9.9887,0.0270,33.8335,0.2216,2.832,SEARCH,0.0054,-0.0129,0.0000,-0.0503
75039,gimbal,dynamic,23.8782,40.35,75.04,9.9879,0.0304,33.8653,0.2295,2.833,SEARCH,0.0058,-0.0141,0.0000,-0.0500
75139,gimbal,dynamic,23.9113,40.73,75.14,9.9864,0.0344,33.8968,0.2374,2.834,SEARCH,0.0063,-0.0160,0.0000,-0.0497
75239,gimbal,dynamic,23.9447,41.14,75.24,9.9843,0.0377,33.9281,0.2452,2.835,SEARCH,0.0072,-0.0179,0.0000,-0.0494
75339,gimbal,dynamic,23.9785,41.37,75.34,9.9816,0.0410,33.9592,0.2530,2.836,SEARCH,0.0083,-0.0195,0.0000,-0.0491
75439,gimbal,dynamic,24.0121,41.00,75.44,9.9790,0.0437,33.9902,0.2603,2.837,SEARCH,0.0096,-0.0210,0.0000,-0.0489
75539,gimbal,dynamic,24.0459,40.55,75.54,9.9760,0.0461,34.0209,0.2672,2.838,SEARCH,0.0111,-0.0223,0.0000,-0.0486
75639,gimbal,dynamic,24.0795,40.07,75.64,9.9730,0.0483,34.0514,0.2735,2.839,SEARCH,0.0126,-0.0235,0.0000,-0.0483
75739,gimbal,dynamic,24.1134,39.51,75.74,9.9694,0.0510,34.0817,0.2793,2.840,SEARCH,0.0142,-0.0246,0.0000,-0.0481
75839,gimbal,dynamic,24.1470,38.92,75.84,9.9660,0.0540,34.1119,0.2845,2.840,SEARCH,0.0160,-0.0261,0.0000,-0.0480
75939,gimbal,dynamic,24.1809,38.27,75.94,9.9620,0.0576,34.1418,0.2891,2.841,SEARCH,0.0178,-0.0277,0.0000,-0.0478
76039,gimbal,dynamic,24.2144,37.57,76.04,9.9582,0.0612,34.1715,0.2932,2.841,SEARCH,0.0196,-0.0294,0.0000,-0.0477
76139,gimbal,dynamic,24.2483,36.81,76.14,9.9539,0.0654,34.2010,0.2966,2.841,SEARCH,0.0217,-0.0314,0.0000,-0.0476
76239,gimbal,dynamic,24.2836,36.03,76.24,9.9478,0.0710,34.2304,0.2994,2.842,SEARCH,0.0244,-0.0339,0.0000,-0.0475
76339,gimbal,dynamic,24.3201,35.17,76.34,9.9404,0.0774,34.2595,0.3015,2.842,SEARCH,0.0274,-0.0367,0.0000,-0.0475
76439,gimbal,dynamic,24.3568,34.31,76.44,9.9326,0.0839,34.2884,0.3030,2.842,SEARCH,0.0311,-0.0397,0.0000,-0.0474
76539,gimbal,dynamic,24.3942,33.38,76.54,9.9239,0.0912,34.3171,0.3039,2.842,SEARCH,0.0355,-0.0434,0.0000,-0.0474
76639,gimbal,dynamic,24.4330,32.45,76.64,9.9135,0.0995,34.3457,0.3041,2.842,SEARCH,0.0400,-0.0472,0.0000,-0.0475
76739,gimbal,dynamic,24.4734,31.45,76.74,9.9014,0.1083,34.3740,0.3036,2.842,SEARCH,0.0455,-0.0514,0.0000,-0.0475
76839,gimbal,dynamic,24.5139,30.47,76.84,9.8890,0.1170,34.4021,0.3025,2.841,SEARCH,0.0518,-0.0560,0.0000,-0.0476
76939,gimbal,dynamic,24.5571,29.44,76.94,9.8736,0.1268,34.4301,0.3006,2.841,SEARCH,0.0583,-0.0603,0.0000,-0.0477
77039,gimbal,dynamic,24.6010,28.40,77.04,9.8573,0.1364,34.4578,0.2981,2.840,SEARCH,0.0665,-0.0654,0.0000,-0.0479
77139,gimbal,dynamic,24.6475,27.32,77.14,9.8384,0.1473,34.4854,0.2949,2.840,SEARCH,0.0749,-0.0703,0.0000,-0.0480
77239,gimbal,dynamic,24.6936,26.26,77.24,9.8195,0.1574,34.5127,0.2910,2.840,SEARCH,0.0847,-0.0758,0.0000,-0.0481
77339,gimbal,dynamic,24.7427,25.21,77.34,9.7975,0.1682,34.5399,0.2865,2.839,SEARCH,0.0944,-0.0808,0.0000,-0.0482
77439,gimbal,dynamic,24.7907,24.14,77.44,9.7764,0.1779,34.5669,0.2812,2.839,SEARCH,0.1048,-0.0857,0.0000,-0.0483
77539,gimbal,dynamic,24.8390,23.07,77.54,9.7548,0.1874,34.5937,0.2753,2.839,SEARCH,0.1162,-0.0909,0.0000,-0.0484
77639,gimbal,dynamic,24.8897,22.36,77.64,9.7307,0.1975,34.6203,0.2688,2.838,SEARCH,0.1281,-0.0960,0.0000,-0.0485
77739,gimbal,dynamic,24.9410,22.75,77.74,9.7057,0.2073,34.6467,0.2622,2.838,SEARCH,0.1394,-0.1007,0.0000,-0.0487
77839,gimbal,dynamic,24.9907,23.15,77.84,9.6822,0.2158,34.6729,0.2556,2.837,SEARCH,0.1520,-0.1055,0.0000,-0.0488
77939,gimbal,dynamic,25.0429,23.53,77.94,9.6560,0.2241,34.6989,0.2491,2.837,SEARCH,0.1639,-0.1095,0.0000,-0.0490
78039,gimbal,dynamic,25.0934,23.93,78.04,9.6314,0.2310,34.7248,0.2427,2.836,SEARCH,0.1771,-0.1135,0.0000,-0.0492
78139,gimbal,dynamic,25.1460,24.31,78.14,9.6044,0.2380,34.7505,0.2362,2.835,SEARCH,0.1895,-0.1169,0.0000,-0.0494
78239,gimbal,dynamic,25.1965,24.71,78.24,9.5794,0.2441,34.7760,0.2299,2.835,SEARCH,0.2030,-0.1203,0.0000,-0.0496
78339,gimbal,dynamic,25.2498,25.08,78.34,9.5515,0.2499,34.8013,0.2235,2.834,SEARCH,0.2156,-0.1232,0.0000,-0.0499
78439,gimbal,dynamic,25.3014,25.49,78.44,9.5250,0.2541,34.8264,0.2173,2.833,SEARCH,0.2297,-0.1259,0.0000,-0.0501
78539,gimbal,dynamic,25.3553,25.86,78.54,9.4961,0.2571,34.8514,0.2110,2.832,SEARCH,0.2431,-0.1277,0.0000,-0.0504
78639,gimbal,dynamic,25.4068,26.26,78.64,9.4694,0.2589,34.8762,0.2048,2.831,SEARCH,0.2575,-0.1290,0.0000,-0.0507
78739,gimbal,dynamic,25.4610,26.62,78.74,9.4399,0.2600,34.9008,0.1987,2.830,SEARCH,0.2709,-0.1297,0.0000,-0.0509
78839,gimbal,dynamic,25.5129,27.02,78.84,9.4125,0.2602,34.9253,0.1925,2.830,SEARCH,0.2857,-0.1301,0.0000,-0.0511
78939,gimbal,dynamic,25.5682,27.40,78.94,9.3815,0.2598,34.9496,0.1865,2.829,SEARCH,0.2996,-0.1301,0.0000,-0.0514
79039,gimbal,dynamic,25.6222,27.79,79.04,9.3516,0.2583,34.9737,0.1804,2.828,SEARCH,0.3154,-0.1296,0.0000,-0.0516
79139,gimbal,dynamic,25.6799,28.16,79.14,9.3179,0.2559,34.9977,0.1744,2.828,SEARCH,0.3306,-0.1287,0.0000,-0.0517
79239,gimbal,dynamic,25.7364,28.55,79.24,9.2852,0.2530,35.0215,0.1685,2.827,SEARCH,0.3464,-0.1275,0.0000,-0.0519
79339,gimbal,dynamic,25.7970,28.95,79.34,9.2483,0.2492,35.0451,0.1626,2.826,SEARCH,0.3644,-0.1258,0.0000,-0.0521
79439,gimbal,dynamic,25.8560,29.33,79.44,9.2127,0.2455,35.0686,0.1567,2.826,SEARCH,0.3817,-0.1240,0.0000,-0.0522
79539,gimbal,dynamic,25.9192,29.72,79.54,9.1729,0.2414,35.0920,0.1509,2.825,SEARCH,0.4012,-0.1220,0.0000,-0.0525
79639,gimbal,dynamic,25.9803,30.11,79.64,9.1351,0.2376,35.1152,0.1451,2.824,SEARCH,0.4214,-0.1199,0.0000,-0.0527
79739,gimbal,dynamic,26.0458,30.48,79.74,9.0926,0.2339,35.1382,0.1393,2.824,SEARCH,0.4405,-0.1181,0.0000,-0.0529
79839,gimbal,dynamic,26.1095,30.88,79.84,9.0518,0.2303,35.1611,0.1336,2.823,SEARCH,0.4621,-0.1162,0.0000,-0.0532
79939,gimbal,dynamic,26.1787,31.25,79.94,9.0054,0.2258,35.1839,0.1279,2.822,SEARCH,0.4829,-0.1143,0.0000,-0.0535
80039,gimbal,dynamic,26.2464,31.66,80.04,8.9603,0.2214,35.2066,0.1222,2.821,SEARCH,0.5047,-0.1122,0.0000,-0.0538
80139,gimbal,dynamic,26.3200,32.05,80.14,8.9092,0.2162,35.2291,0.1166,2.820,SEARCH,0.5295,-0.1097,0.0000,-0.0541
80239,gimbal,dynamic,26.3914,32.44,80.24,8.8602,0.2108,35.2514,0.1110,2.819,SEARCH,0.5535,-0.1072,0.0000,-0.0543
80339,gimbal,dynamic,26.4679,32.81,80.34,8.8059,0.2041,35.2737,0.1054,2.818,SEARCH,0.5803,-0.1041,0.0000,-0.0545
80439,gimbal,dynamic,26.5411,33.22,80.44,8.7549,0.1976,35.2958,0.0999,2.818,SEARCH,0.6076,-0.1007,0.0000,-0.0547
80539,gimbal,dynamic,26.6196,33.59,80.54,8.6984,0.1907,35.3178,0.0944,2.817,SEARCH,0.6334,-0.0975,0.0000,-0.0549
80639,gimbal,dynamic,26.6945,34.00,80.64,8.6454,0.1842,35.3397,0.0889,2.816,SEARCH,0.6618,-0.0940,0.0000,-0.0551
80739,gimbal,dynamic,26.7752,34.39,80.74,8.5865,0.1773,35.3614,0.0835,2.816,SEARCH,0.6886,-0.0908,0.0000,-0.0553
80839,gimbal,dynamic,26.8525,34.79,80.84,8.5308,0.1711,35.3831,0.0781,2.815,SEARCH,0.7160,-0.0876,0.0000,-0.0555
80939,gimbal,dynamic,26.9308,35.17,80.94,8.4741,0.1647,35.4046,0.0727,2.814,SEARCH,0.7463,-0.0842,0.0000,-0.0557
81039,gimbal,dynamic,27.0152,35.57,81.04,8.4110,0.1572,35.4261,0.0673,2.814,SEARCH,0.7774,-0.0807,0.0000,-0.0558
81139,gimbal,dynamic,27.0960,35.95,81.14,8.3516,0.1496,35.4474,0.0620,2.813,SEARCH,0.8068,-0.0771,0.0000,-0.0560
81239,gimbal,dynamic,27.1823,36.36,81.24,8.2865,0.1405,35.4687,0.0567,2.813,SEARCH,0.8367,-0.0731,0.0000,-0.0561
81339,gimbal,dynamic,27.2688,36.75,81.34,8.2212,0.1312,35.4898,0.0514,2.812,SEARCH,0.8693,-0.0685,0.0000,-0.0563
81439,gimbal,dynamic,27.3504,37.14,81.44,8.1606,0.1225,35.5109,0.0461,2.812,SEARCH,0.9020,-0.0638,0.0000,-0.0565
81539,gimbal,dynamic,27.4373,37.51,81.54,8.0946,0.1124,35.5318,0.0409,2.811,SEARCH,0.9324,-0.0594,0.0000,-0.0567
81639,gimbal,dynamic,27.5195,37.91,81.64,8.0333,0.1021,35.5527,0.0357,2.811,SEARCH,0.9654,-0.0541,0.0000,-0.0568
81739,gimbal,dynamic,27.6076,38.29,81.74,7.9659,0.0891,35.5735,0.0305,2.810,SEARCH,0.9962,-0.0487,0.0000,-0.0570
81839,gimbal,dynamic,27.6913,38.69,81.84,7.9030,0.0756,35.5942,0.0253,2.810,SEARCH,1.0301,-0.0418,0.0000,-0.0571
81939,gimbal,dynamic,27.7801,39.06,81.94,7.8348,0.0596,35.6149,0.0201,2.809,SEARCH,1.0616,-0.0348,0.0000,-0.0573
82039,gimbal,dynamic,27.8642,39.47,82.04,7.7713,0.0438,35.6355,0.0150,2.809,SEARCH,1.0931,-0.0272,0.0000,-0.0573
82139,gimbal,dynamic,27.9544,39.84,82.14,7.7017,0.0252,35.6560,0.0099,2.809,SEARCH,1.1277,-0.0184,0.0000,-0.0574
82239,gimbal,dynamic,28.0401,40.24,82.24,7.6364,0.0064,35.6765,0.0047,2.809,SEARCH,1.1627,-0.0088,0.0000,-0.0574
82339,gimbal,dynamic,28.1318,40.63,82.34,7.5651,-0.0152,35.6969,-0.0004,2.809,SEARCH,1.1955,0.0009,0.0000,-0.0574
82439,gimbal,dynamic,28.2185,41.01,82.44,7.4987,-0.0359,35.7172,-0.0054,2.809,SEARCH,1.2312,0.0118,0.0000,-0.0574
82539,gimbal,dynamic,28.3119,41.39,82.54,7.4256,-0.0593,35.7375,-0.0105,2.809,SEARCH,1.2646,0.0224,0.0000,-0.0574
82639,gimbal,dynamic,28.4018,41.79,82.64,7.3561,-0.0811,35.7577,-0.0156,2.809,SEARCH,1.3015,0.0342,0.0000,-0.0574
82739,gimbal,dynamic,28.4991,42.18,82.74,7.2789,-0.1043,35.7780,-0.0206,2.809,SEARCH,1.3367,0.0450,0.0000,-0.0573
82839,gimbal,dynamic,28.5918,42.57,82.84,7.2065,-0.1253,35.7981,-0.0257,2.809,SEARCH,1.3756,0.0565,0.0000,-0.0573
82939,gimbal,dynamic,28.6852,42.95,82.94,7.1333,-0.1460,35.8183,-0.0307,2.809,SEARCH,1.4120,0.0670,0.0000,-0.0572
83039,gimbal,dynamic,28.7850,43.35,83.04,7.0537,-0.1684,35.8384,-0.0357,2.810,SEARCH,1.4517,0.0782,0.0000,-0.0571
83139,gimbal,dynamic,28.8857,43.75,83.14,6.9732,-0.1912,35.8584,-0.0408,2.810,SEARCH,1.4886,0.0886,0.0000,-0.0569
83239,gimbal,dynamic,28.9810,44.36,83.24,6.8980,-0.2126,35.8785,-0.0457,2.811,SEARCH,1.5259,0.0991,0.0000,-0.0568
83339,gimbal,dynamic,29.0835,46.79,83.34,6.8156,-0.2366,35.8985,-0.0502,2.811,SEARCH,1.5668,0.1108,0.0000,-0.0566
83439,gimbal,dynamic,29.1808,49.29,83.44,6.7385,-0.2593,35.9185,-0.0538,2.812,SEARCH,1.6082,0.1230,0.0000,-0.0564
83539,gimbal,dynamic,29.2860,51.84,83.54,6.6535,-0.2844,35.9386,-0.0567,2.813,SEARCH,1.6470,0.1344,0.0000,-0.0562
83639,gimbal,dynamic,29.3859,54.41,83.64,6.5737,-0.3080,35.9586,-0.0588,2.813,SEARCH,1.6898,0.1471,0.0000,-0.0560
83739,gimbal,dynamic,29.4866,57.04,83.74,6.4932,-0.3319,35.9786,-0.0602,2.814,SEARCH,1.7299,0.1590,0.0000,-0.0557
83839,gimbal,dynamic,29.5942,59.71,83.84,6.4059,-0.3582,35.9986,-0.0607,2.815,SEARCH,1.7735,0.1719,0.0000,-0.0555
83939,gimbal,dynamic,29.6951,62.35,83.94,6.3252,-0.3837,36.0186,-0.0605,2.816,SEARCH,1.8139,0.1843,0.0000,-0.0552
84039,gimbal,dynamic,29.8025,65.02,84.04,6.2382,-0.4119,36.0386,-0.0595,2.817,SEARCH,1.8575,0.1983,0.0000,-0.0549
84139,gimbal,dynamic,29.9096,67.64,84.14,6.1515,-0.4403,36.0586,-0.0576,2.818,SEARCH,1.8976,0.2114,0.0000,-0.0546
84239,gimbal,dynamic,30.0092,70.27,84.24,6.0722,-0.4668,36.0787,-0.0550,2.819,SEARCH,1.9408,0.2257,0.0000,-0.0543
84339,gimbal,dynamic,30.1147,72.82,84.34,5.9873,-0.4959,36.0987,-0.0516,2.820,SEARCH,1.9803,0.2389,0.0000,-0.0539
84439,gimbal,dynamic,30.2136,75.35,84.44,5.9090,-0.5231,36.1188,-0.0474,2.821,SEARCH,2.0227,0.2536,0.0000,-0.0536
84539,gimbal,dynamic,30.3184,77.32,84.54,5.8249,-0.5528,36.1389,-0.0425,2.823,SEARCH,2.0618,0.2673,0.0000,-0.0532
84639,gimbal,dynamic,30.4157,77.71,84.64,5.7483,-0.5801,36.1591,-0.0375,2.824,SEARCH,2.1036,0.2821,0.0000,-0.0529
84739,gimbal,dynamic,30.5127,78.09,84.74,5.6720,-0.6076,36.1793,-0.0325,2.825,SEARCH,2.1418,0.2958,0.0000,-0.0525
84839,gimbal,dynamic,30.6160,78.50,84.84,5.5897,-0.6377,36.1995,-0.0274,2.826,SEARCH,2.1830,0.3107,0.0000,-0.0521
84939,gimbal,dynamic,30.7192,78.88,84.94,5.5074,-0.6678,36.2198,-0.0223,2.827,SEARCH,2.2210,0.3246,0.0000,-0.0518
85039,gimbal,dynamic,30.8165,79.28,85.04,5.4311,-0.6961,36.2401,-0.0173,2.828,SEARCH,2.2622,0.3397,0.0000,-0.0515
85139,gimbal,dynamic,30.9210,79.66,85.14,5.3478,-0.7278,36.2605,-0.0122,2.830,SEARCH,2.3004,0.3541,0.0000,-0.0511
85239,gimbal,dynamic,31.0195,80.06,85.24,5.2705,-0.7581,36.2809,-0.0070,2.831,SEARCH,2.3422,0.3702,0.0000,-0.0507
85339,gimbal,dynamic,31.1253,80.43,85.34,5.1862,-0.7911,36.3014,-0.0019,2.832,SEARCH,2.3809,0.3854,0.0000,-0.0503
85439,gimbal,dynamic,31.2244,80.84,85.44,5.1085,-0.8216,36.3220,0.0032,2.834,SEARCH,2.4231,0.4019,0.0000,-0.0499
85539,gimbal,dynamic,31.3306,81.22,85.54,5.0239,-0.8544,36.3426,0.0084,2.835,SEARCH,2.4620,0.4171,0.0000,-0.0494
85639,gimbal,dynamic,31.4316,81.61,85.64,4.9446,-0.8846,36.3633,0.0136,2.837,SEARCH,2.5045,0.4335,0.0000,-0.0490
85739,gimbal,dynamic,31.5401,81.99,85.74,4.8579,-0.9175,36.3841,0.0187,2.838,SEARCH,2.5443,0.4486,0.0000,-0.0485
85839,gimbal,dynamic,31.6422,82.37,85.84,4.7776,-0.9477,36.4050,0.0240,2.840,SEARCH,2.5878,0.4651,0.0000,-0.0480
85939,gimbal,dynamic,31.7438,82.75,85.94,4.6980,-0.9775,36.4259,0.0292,2.842,SEARCH,2.6278,0.4801,0.0000,-0.0475
86039,gimbal,dynamic,31.8513,83.15,86.04,4.6127,-1.0091,36.4469,0.0344,2.844,SEARCH,2.6707,0.4961,0.0000,-0.0469
86139,gimbal,dynamic,31.9580,83.53,86.14,4.5283,-1.0398,36.4680,0.0397,2.846,SEARCH,2.7099,0.5105,0.0000,-0.0463
86239,gimbal,dynamic,32.0577,83.93,86.24,4.4508,-1.0676,36.4893,0.0450,2.847,SEARCH,2.7520,0.5257,0.0000,-0.0458
86339,gimbal,dynamic,32.1637,84.33,86.34,4.3673,-1.0973,36.5106,0.0504,2.849,SEARCH,2.7907,0.5396,0.0000,-0.0453
86439,gimbal,dynamic,32.2632,84.72,86.44,4.2904,-1.1247,36.5320,0.0557,2.851,SEARCH,2.8324,0.5544,0.0000,-0.0448
86539,gimbal,dynamic,32.3688,85.12,86.54,4.2075,-1.1542,36.5535,0.0611,2.853,SEARCH,2.8708,0.5680,0.0000,-0.0442
86639,gimbal,dynamic,32.4679,85.51,86.64,4.1311,-1.1814,36.5751,0.0665,2.854,SEARCH,2.9122,0.5828,0.0000,-0.0437
86739,gimbal,dynamic,32.5732,85.90,86.74,4.0489,-1.2103,36.5968,0.0719,2.856,SEARCH,2.9503,0.5963,0.0000,-0.0433
86839,gimbal,dynamic,32.6721,86.29,86.84,3.9730,-1.2369,36.6187,0.0774,2.858,SEARCH,2.9882,0.6096,0.0000,-0.0427
86939,gimbal,dynamic,32.7704,86.67,86.94,3.8979,-1.2632,36.6406,0.0829,2.859,SEARCH,3.0292,0.6239,0.0000,-0.0422
87039,gimbal,dynamic,32.8751,87.07,87.04,3.8166,-1.2920,36.6627,0.0884,2.861,SEARCH,3.0698,0.6382,0.0000,-0.0417
87139,gimbal,dynamic,32.9801,87.46,87.14,3.7352,-1.3212,36.6849,0.0939,2.863,SEARCH,3.1074,0.6516,0.0000,-0.0412
87239,gimbal,dynamic,33.0782,87.85,87.24,3.6607,-1.3481,36.7072,0.0995,2.864,SEARCH,3.1480,0.6662,0.0000,-0.0407
87339,gimbal,dynamic,33.1761,88.22,87.34,3.5866,-1.3753,36.7297,0.1051,2.866,SEARCH,3.1851,0.6797,0.0000,-0.0402
87439,gimbal,dynamic,33.2806,88.62,87.44,3.5062,-1.4045,36.7523,0.1108,2.868,SEARCH,3.2221,0.6933,0.0000,-0.0396
87539,gimbal,dynamic,33.3856,89.01,87.54,3.4254,-1.4337,36.7750,0.1165,2.870,SEARCH,3.2624,0.7079,0.0000,-0.0390
87639,gimbal,dynamic,33.4844,89.39,87.64,3.3509,-1.4605,36.7979,0.1222,2.872,SEARCH,3.3028,0.7224,0.0000,-0.0384
87739,gimbal,dynamic,33.5893,89.78,87.74,3.2706,-1.4892,36.8209,0.1279,2.874,SEARCH,3.3400,0.7358,0.0000,-0.0378
87839,gimbal,dynamic,33.6878,90.17,87.84,3.1966,-1.5153,36.8440,0.1337,2.876,SEARCH,3.3802,0.7500,0.0000,-0.0373
87939,gimbal,dynamic,33.7922,90.55,87.94,3.1171,-1.5432,36.8673,0.1396,2.878,SEARCH,3.4171,0.7630,0.0000,-0.0366
88039,gimbal,dynamic,33.8897,90.94,88.04,3.0445,-1.5690,36.8908,0.1454,2.880,SEARCH,3.4566,0.7770,0.0000,-0.0361
88139,gimbal,dynamic,33.9927,91.33,88.14,2.9667,-1.5969,36.9144,0.1513,2.882,SEARCH,3.4928,0.7899,0.0000,-0.0355
88239,gimbal,dynamic,34.0882,91.73,88.24,2.8965,-1.6231,36.9381,0.1573,2.884,SEARCH,3.5314,0.8039,0.0000,-0.0349
88339,gimbal,dynamic,34.1882,92.11,88.34,2.8221,-1.6523,36.9621,0.1632,2.886,SEARCH,3.5662,0.8171,0.0000,-0.0343
88439,gimbal,dynamic,34.2815,92.53,88.44,2.7545,-1.6801,36.9861,0.1693,2.888,SEARCH,3.6031,0.8319,0.0000,-0.0337
88539,gimbal,dynamic,34.3795,92.91,88.54,2.6826,-1.7107,37.0104,0.1753,2.890,SEARCH,3.6367,0.8459,0.0000,-0.0331
88639,gimbal,dynamic,34.4701,93.33,88.64,2.6182,-1.7394,37.0348,0.1814,2.892,SEARCH,3.6722,0.8613,0.0000,-0.0325
88739,gimbal,dynamic,34.5647,93.71,88.74,2.5502,-1.7704,37.0593,0.1876,2.893,SEARCH,3.7041,0.8757,0.0000,-0.0320
88839,gimbal,dynamic,34.6529,94.12,88.84,2.4886,-1.7988,37.0841,0.1937,2.895,SEARCH,3.7378,0.8911,0.0000,-0.0314
88939,gimbal,dynamic,34.7453,94.51,88.94,2.4230,-1.8297,37.1090,0.2000,2.897,SEARCH,3.7684,0.9054,0.0000,-0.0309
89039,gimbal,dynamic,34.8316,94.90,89.04,2.3637,-1.8578,37.1341,0.2062,2.899,SEARCH,3.8009,0.9207,0.0000,-0.0304
89139,gimbal,dynamic,34.9223,95.29,89.14,2.3002,-1.8874,37.1593,0.2125,2.900,SEARCH,3.8304,0.9346,0.0000,-0.0299
89239,gimbal,dynamic,35.0073,95.68,89.24,2.2425,-1.9141,37.1848,0.2189,2.902,SEARCH,3.8620,0.9493,0.0000,-0.0294
89339,gimbal,dynamic,35.0965,96.06,89.34,2.1809,-1.9422,37.2104,0.2253,2.904,SEARCH,3.8906,0.9625,0.0000,-0.0288
89439,gimbal,dynamic,35.1802,96.45,89.44,2.1248,-1.9680,37.2362,0.2318,2.906,SEARCH,3.9213,0.9765,0.0000,-0.0283
89539,gimbal,dynamic,35.2681,96.81,89.54,2.0648,-1.9949,37.2621,0.2383,2.908,SEARCH,3.9492,0.9893,0.0000,-0.0277
89639,gimbal,dynamic,35.3509,97.21,89.64,2.0100,-2.0183,37.2883,0.2448,2.909,SEARCH,3.9790,1.0024,0.0000,-0.0272
89739,gimbal,dynamic,35.4330,97.58,89.74,1.9559,-2.0409,37.3147,0.2514,2.911,SEARCH,4.0064,1.0139,0.0000,-0.0267
89839,gimbal,dynamic,35.5184,97.98,89.84,1.8988,-2.0640,37.3412,0.2580,2.913,SEARCH,4.0332,1.0250,0.0000,-0.0262
89939,gimbal,dynamic,35.6019,98.37,89.94,1.8437,-2.0862,37.3679,0.2647,2.914,SEARCH,4.0613,1.0363,0.0000,-0.0257
90039,gimbal,dynamic,35.6794,98.75,90.04,1.7947,-2.1059,37.3948,0.2714,2.916,SEARCH,4.0885,1.0473,0.0000,-0.0252
90139,gimbal,dynamic,35.7595,99.14,90.14,1.7434,-2.1273,37.4219,0.2782,2.918,SEARCH,4.1126,1.0571,0.0000,-0.0247
90239,gimbal,dynamic,35.8341,99.54,90.24,1.6977,-2.1473,37.4492,0.2850,2.919,SEARCH,4.1360,1.0670,0.0000,-0.0243
90339,gimbal,dynamic,35.9113,99.94,90.34,1.6498,-2.1693,37.4767,0.2919,2.921,SEARCH,4.1604,1.0779,0.0000,-0.0238
90439,gimbal,dynamic,35.9833,100.34,90.44,1.6073,-2.1901,37.5044,0.2988,2.922,SEARCH,4.1823,1.0881,0.0000,-0.0234
90539,gimbal,dynamic,36.0536,100.72,90.54,1.5666,-2.2108,37.5322,0.3058,2.924,SEARCH,4.2050,1.0994,0.0000,-0.0229
90639,gimbal,dynamic,36.1254,101.13,90.64,1.5247,-2.2325,37.5603,0.3128,2.925,SEARCH,4.2265,1.1105,0.0000,-0.0225
90739,gimbal,dynamic,36.1955,100.47,90.74,1.4846,-2.2530,37.5886,0.3196,2.927,SEARCH,4.2454,1.1202,0.0000,-0.0220
90839,gimbal,dynamic,36.2613,99.42,90.84,1.4489,-2.2711,37.6170,0.3256,2.928,SEARCH,4.2637,1.1296,0.0000,-0.0216
90939,gimbal,dynamic,36.3295,98.35,90.94,1.4108,-2.2897,37.6457,0.3310,2.929,SEARCH,4.2829,1.1392,0.0000,-0.0212
91039,gimbal,dynamic,36.3946,97.30,91.04,1.3760,-2.3064,37.6746,0.3356,2.931,SEARCH,4.3019,1.1483,0.0000,-0.0208
91139,gimbal,dynamic,36.4623,96.24,91.14,1.3387,-2.3240,37.7036,0.3396,2.932,SEARCH,4.3192,1.1566,0.0000,-0.0204
91239,gimbal,dynamic,36.5267,95.19,91.24,1.3048,-2.3395,37.7329,0.3428,2.933,SEARCH,4.3378,1.1653,0.0000,-0.0200
91339,gimbal,dynamic,36.5904,94.13,91.34,1.2716,-2.3540,37.7623,0.3453,2.934,SEARCH,4.3546,1.1728,0.0000,-0.0197
91439,gimbal,dynamic,36.6562,93.13,91.44,1.2366,-2.3686,37.7920,0.3471,2.935,SEARCH,4.3723,1.1804,0.0000,-0.0194
91539,gimbal,dynamic,36.7208,92.11,91.54,1.2027,-2.3822,37.8219,0.3481,2.936,SEARCH,4.3883,1.1869,0.0000,-0.0191
91639,gimbal,dynamic,36.7819,91.16,91.64,1.1724,-2.3941,37.8519,0.3485,2.937,SEARCH,4.4038,1.1931,0.0000,-0.0188
91739,gimbal,dynamic,36.8443,90.21,91.74,1.1410,-2.4062,37.8822,0.3482,2.938,SEARCH,4.4200,1.1994,0.0000,-0.0185
91839,gimbal,dynamic,36.9025,89.31,91.84,1.1137,-2.4164,37.9126,0.3471,2.939,SEARCH,4.4341,1.2048,0.0000,-0.0183
91939,gimbal,dynamic,36.9618,88.46,91.94,1.0856,-2.4267,37.9433,0.3454,2.940,SEARCH,4.4486,1.2102,0.0000,-0.0180
92039,gimbal,dynamic,37.0181,87.64,92.04,1.0604,-2.4357,37.9741,0.3430,2.941,SEARCH,4.4614,1.2149,0.0000,-0.0177
92139,gimbal,dynamic,37.0765,86.86,92.14,1.0335,-2.4454,38.0052,0.3400,2.942,SEARCH,4.4750,1.2197,0.0000,-0.0173
92239,gimbal,dynamic,37.1329,86.11,92.24,1.0086,-2.4545,38.0365,0.3363,2.943,SEARCH,4.4884,1.2246,0.0000,-0.0170
92339,gimbal,dynamic,37.1917,85.41,92.34,0.9815,-2.4648,38.0679,0.3319,2.944,SEARCH,4.5009,1.2292,0.0000,-0.0167
92439,gimbal,dynamic,37.2485,84.76,92.44,0.9566,-2.4741,38.0996,0.3270,2.945,SEARCH,4.5145,1.2344,0.0000,-0.0164
92539,gimbal,dynamic,37.3064,84.14,92.54,0.9306,-2.4832,38.1314,0.3214,2.947,SEARCH,4.5268,1.2388,0.0000,-0.0160
92639,gimbal,dynamic,37.3609,83.57,92.64,0.9081,-2.4907,38.1635,0.3152,2.948,SEARCH,4.5386,1.2429,0.0000,-0.0157
92739,gimbal,dynamic,37.4157,83.05,92.74,0.8854,-2.4975,38.1957,0.3084,2.949,SEARCH,4.5504,1.2468,0.0000,-0.0154
92839,gimbal,dynamic,37.4674,82.58,92.84,0.8658,-2.5024,38.2281,0.3011,2.950,SEARCH,4.5615,1.2498,0.0000,-0.0151
92939,gimbal,dynamic,37.5192,82.16,92.94,0.8462,-2.5070,38.2608,0.2933,2.951,SEARCH,4.5710,1.2521,0.0000,-0.0147
93039,gimbal,dynamic,37.5683,82.31,93.04,0.8295,-2.5112,38.2936,0.2851,2.952,SEARCH,4.5798,1.2542,0.0000,-0.0144
93139,gimbal,dynamic,37.6174,82.71,93.14,0.8129,-2.5153,38.3266,0.2768,2.953,SEARCH,4.5885,1.2564,0.0000,-0.0141
93239,gimbal,dynamic,37.6644,83.10,93.24,0.7987,-2.5189,38.3598,0.2685,2.954,SEARCH,4.5966,1.2584,0.0000,-0.0139
93339,gimbal,dynamic,37.7117,83.47,93.34,0.7843,-2.5229,38.3932,0.2602,2.955,SEARCH,4.6035,1.2602,0.0000,-0.0136
93439,gimbal,dynamic,37.7574,83.87,93.44,0.7718,-2.5268,38.4267,0.2518,2.955,SEARCH,4.6105,1.2623,0.0000,-0.0134
93539,gimbal,dynamic,37.8042,84.24,93.54,0.7583,-2.5315,38.4605,0.2433,2.956,SEARCH,4.6167,1.2643,0.0000,-0.0131
93639,gimbal,dynamic,37.8501,84.65,93.64,0.7460,-2.5362,38.4945,0.2348,2.957,SEARCH,4.6234,1.2667,0.0000,-0.0129
93739,gimbal,dynamic,37.8962,85.02,93.74,0.7336,-2.5414,38.5286,0.2263,2.958,SEARCH,4.6296,1.2692,0.0000,-0.0127
93839,gimbal,dynamic,37.9434,85.42,93.84,0.7204,-2.5475,38.5629,0.2177,2.958,SEARCH,4.6362,1.2721,0.0000,-0.0125
93939,gimbal,dynamic,37.9906,85.80,93.94,0.7073,-2.5536,38.5974,0.2091,2.959,SEARCH,4.6423,1.2750,0.0000,-0.0123
94039,gimbal,dynamic,38.0369,86.18,94.04,0.6954,-2.5590,38.6321,0.2004,2.960,SEARCH,4.6488,1.2779,0.0000,-0.0121
94139,gimbal,dynamic,38.0839,86.57,94.14,0.6829,-2.5644,38.6669,0.1917,2.960,SEARCH,4.6547,1.2805,0.0000,-0.0120
94239,gimbal,dynamic,38.1292,86.95,94.24,0.6722,-2.5690,38.7019,0.1830,2.960,SEARCH,4.6604,1.2830,0.0000,-0.0119
94339,gimbal,dynamic,38.1751,87.34,94.34,0.6610,-2.5731,38.7371,0.1742,2.961,SEARCH,4.6661,1.2853,0.0000,-0.0118
94439,gimbal,dynamic,38.2200,87.73,94.44,0.6510,-2.5764,38.7725,0.1653,2.961,SEARCH,4.6716,1.2873,0.0000,-0.0117
94539,gimbal,dynamic,38.2650,88.10,94.54,0.6409,-2.5794,38.8080,0.1564,2.961,SEARCH,4.6765,1.2888,0.0000,-0.0117
94639,gimbal,dynamic,38.3083,88.51,94.64,0.6327,-2.5818,38.8437,0.1475,2.961,SEARCH,4.6813,1.2902,0.0000,-0.0116
94739,gimbal,dynamic,38.3511,88.88,94.74,0.6252,-2.5838,38.8796,0.1386,2.961,SEARCH,4.6852,1.2913,0.0000,-0.0116
94839,gimbal,dynamic,38.3922,89.29,94.84,0.6195,-2.5853,38.9156,0.1296,2.962,SEARCH,4.6887,1.2922,0.0000,-0.0115
94939,gimbal,dynamic,38.4326,89.67,94.94,0.6146,-2.5867,38.9518,0.1205,2.962,SEARCH,4.6913,1.2930,0.0000,-0.0115
95039,gimbal,dynamic,38.4718,90.07,95.04,0.6111,-2.5880,38.9881,0.1114,2.962,SEARCH,4.6935,1.2936,0.0000,-0.0115
95139,gimbal,dynamic,38.5112,90.45,95.14,0.6075,-2.5899,39.0246,0.1023,2.962,SEARCH,4.6952,1.2943,0.0000,-0.0115
95239,gimbal,dynamic,38.5499,90.85,95.24,0.6050,-2.5926,39.0612,0.0931,2.962,SEARCH,4.6968,1.2955,0.0000,-0.0115
95339,gimbal,dynamic,38.5882,91.23,95.34,0.6029,-2.5960,39.0980,0.0839,2.962,SEARCH,4.6979,1.2969,0.0000,-0.0115
95439,gimbal,dynamic,38.6265,91.63,95.44,0.6011,-2.5993,39.1349,0.0747,2.962,SEARCH,4.6989,1.2987,0.0000,-0.0114
95539,gimbal,dynamic,38.6650,92.01,95.54,0.5992,-2.6026,39.1720,0.0654,2.962,SEARCH,4.6999,1.3003,0.0000,-0.0113
95639,gimbal,dynamic,38.7033,92.39,95.64,0.5975,-2.6050,39.2092,0.0561,2.963,SEARCH,4.7008,1.3018,0.0000,-0.0112
95739,gimbal,dynamic,38.7416,92.76,95.74,0.5959,-2.6072,39.2466,0.0468,2.963,SEARCH,4.7015,1.3029,0.0000,-0.0111
95839,gimbal,dynamic,38.7802,93.16,95.84,0.5942,-2.6088,39.2840,0.0374,2.963,SEARCH,4.7023,1.3039,0.0000,-0.0111
95939,gimbal,dynamic,38.8192,93.53,95.94,0.5922,-2.6096,39.3217,0.0280,2.963,SEARCH,4.7033,1.3046,0.0000,-0.0110
96039,gimbal,dynamic,38.8584,93.93,96.04,0.5900,-2.6098,39.3594,0.0186,2.964,SEARCH,4.7043,1.3049,0.0000,-0.0109
96139,gimbal,dynamic,38.8983,94.32,96.14,0.5872,-2.6098,39.3973,0.0091,2.964,SEARCH,4.7055,1.3049,0.0000,-0.0108
96239,gimbal,dynamic,38.9384,94.71,96.24,0.5844,-2.6093,39.4353,-0.0004,2.964,SEARCH,4.7070,1.3048,0.0000,-0.0107
96339,gimbal,dynamic,38.9785,95.10,96.34,0.5816,-2.6083,39.4734,-0.0099,2.964,SEARCH,4.7084,1.3045,0.0000,-0.0107
96439,gimbal,dynamic,39.0184,95.49,96.44,0.5791,-2.6068,39.5116,-0.0195,2.965,SEARCH,4.7097,1.3038,0.0000,-0.0106
96539,gimbal,dynamic,39.0584,95.86,96.54,0.5766,-2.6054,39.5499,-0.0290,2.965,SEARCH,4.7110,1.3031,0.0000,-0.0105
96639,gimbal,dynamic,39.0987,96.26,96.64,0.5740,-2.6038,39.5884,-0.0386,2.965,SEARCH,4.7123,1.3023,0.0000,-0.0105
96739,gimbal,dynamic,39.1389,96.63,96.74,0.5715,-2.6019,39.6269,-0.0483,2.965,SEARCH,4.7135,1.3016,0.0000,-0.0104
96839,gimbal,dynamic,39.1789,97.44,96.84,0.5692,-2.5994,39.6656,-0.0577,2.965,SEARCH,4.7147,1.3005,0.0000,-0.0104
96939,gimbal,dynamic,39.2187,98.33,96.94,0.5672,-2.5960,39.7043,-0.0668,2.966,SEARCH,4.7158,1.2991,0.0000,-0.0103
97039,gimbal,dynamic,39.2580,99.16,97.04,0.5659,-2.5921,39.7432,-0.0754,2.966,SEARCH,4.7167,1.2972,0.0000,-0.0103
97139,gimbal,dynamic,39.2965,99.93,97.14,0.5655,-2.5877,39.7821,-0.0836,2.966,SEARCH,4.7172,1.2952,0.0000,-0.0102
97239,gimbal,dynamic,39.3339,100.64,97.24,0.5663,-2.5828,39.8212,-0.0913,2.966,SEARCH,4.7171,1.2927,0.0000,-0.0102
97339,gimbal,dynamic,39.3709,101.31,97.34,0.5675,-2.5786,39.8603,-0.0985,2.966,SEARCH,4.7167,1.2905,0.0000,-0.0103
97439,gimbal,dynamic,39.4075,101.94,97.44,0.5695,-2.5759,39.8995,-0.1053,2.966,SEARCH,4.7159,1.2887,0.0000,-0.0103
97539,gimbal,dynamic,39.4438,102.55,97.54,0.5718,-2.5741,39.9387,-0.1116,2.966,SEARCH,4.7148,1.2875,0.0000,-0.0103
97639,gimbal,dynamic,39.4805,103.15,97.64,0.5740,-2.5732,39.9781,-0.1174,2.965,SEARCH,4.7135,1.2868,0.0000,-0.0104
97739,gimbal,dynamic,39.5178,103.77,97.74,0.5757,-2.5731,40.0175,-0.1228,2.965,SEARCH,4.7126,1.2866,0.0000,-0.0104
97839,gimbal,dynamic,39.5549,104.39,97.84,0.5777,-2.5735,40.0569,-0.1276,2.965,SEARCH,4.7118,1.2866,0.0000,-0.0104
97939,gimbal,dynamic,39.5917,105.05,97.94,0.5802,-2.5740,40.0965,-0.1319,2.965,SEARCH,4.7107,1.2868,0.0000,-0.0104
98039,gimbal,dynamic,39.6278,105.72,98.04,0.5834,-2.5747,40.1361,-0.1358,2.965,SEARCH,4.7092,1.2871,0.0000,-0.0105
98139,gimbal,dynamic,39.6632,106.43,98.14,0.5875,-2.5760,40.1757,-0.1391,2.965,SEARCH,4.7075,1.2876,0.0000,-0.0105
98239,gimbal,dynamic,39.6984,107.14,98.24,0.5918,-2.5773,40.2154,-0.1419,2.965,SEARCH,4.7054,1.2883,0.0000,-0.0106
98339,gimbal,dynamic,39.7330,107.87,98.34,0.5968,-2.5794,40.2552,-0.1442,2.964,SEARCH,4.7031,1.2890,0.0000,-0.0107
98439,gimbal,dynamic,39.7682,108.61,98.44,0.6014,-2.5817,40.2950,-0.1461,2.964,SEARCH,4.7006,1.2902,0.0000,-0.0107
98539,gimbal,dynamic,39.8037,109.35,98.54,0.6057,-2.5841,40.3348,-0.1474,2.964,SEARCH,4.6984,1.2913,0.0000,-0.0108
98639,gimbal,dynamic,39.8409,110.09,98.64,0.6084,-2.5864,40.3747,-0.1482,2.964,SEARCH,4.6966,1.2924,0.0000,-0.0109
98739,gimbal,dynamic,39.8791,110.81,98.74,0.6102,-2.5891,40.4146,-0.1486,2.964,SEARCH,4.6954,1.2937,0.0000,-0.0109
98839,gimbal,dynamic,39.9183,111.53,98.84,0.6110,-2.5910,40.4545,-0.1484,2.963,SEARCH,4.6947,1.2950,0.0000,-0.0110
98939,gimbal,dynamic,39.9577,112.22,98.94,0.6116,-2.5930,40.4944,-0.1478,2.963,SEARCH,4.6944,1.2959,0.0000,-0.0110
99039,gimbal,dynamic,39.9972,112.90,99.04,0.6122,-2.5944,40.5344,-0.1468,2.964,SEARCH,4.6941,1.2968,0.0000,-0.0109
99139,gimbal,dynamic,40.0365,113.55,99.14,0.6129,-2.5953,40.5744,-0.1453,2.964,SEARCH,4.6938,1.2974,0.0000,-0.0109
99239,gimbal,dynamic,40.0761,114.18,99.24,0.6134,-2.5952,40.6144,-0.1433,2.964,SEARCH,4.6934,1.2977,0.0000,-0.0109
99339,gimbal,dynamic,40.1162,114.80,99.34,0.6133,-2.5944,40.6544,-0.1409,2.964,SEARCH,4.6933,1.2975,0.0000,-0.0109
99439,gimbal,dynamic,40.1573,115.38,99.44,0.6122,-2.5939,40.6944,-0.1381,2.964,SEARCH,4.6935,1.2971,0.0000,-0.0109
99539,gimbal,dynamic,40.1993,115.95,99.54,0.6103,-2.5936,40.7344,-0.1349,2.964,SEARCH,4.6942,1.2969,0.0000,-0.0109
99639,gimbal,dynamic,40.2413,116.49,99.64,0.6084,-2.5934,40.7743,-0.1313,2.964,SEARCH,4.6952,1.2968,0.0000,-0.0109
99739,gimbal,dynamic,40.2835,117.01,99.74,0.6064,-2.5929,40.8143,-0.1273,2.964,SEARCH,4.6962,1.2966,0.0000,-0.0109
99839,gimbal,dynamic,40.3257,117.51,99.84,0.6043,-2.5922,40.8543,-0.1230,2.964,SEARCH,4.6973,1.2963,0.0000,-0.0109
99939,gimbal,dynamic,40.3680,117.98,99.94,0.6021,-2.5916,40.8943,-0.1183,2.963,SEARCH,4.6983,1.2960,0.0000,-0.0110
100039,gimbal,dynamic,40.4096,118.43,100.04,0.6006,-2.5912,40.9342,-0.1133,2.963,SEARCH,4.6993,1.2957,0.0000,-0.0110
100139,gimbal,dynamic,40.4504,118.85,100.14,0.6000,-2.5905,40.9741,-0.1080,2.963,SEARCH,4.6999,1.2955,0.0000,-0.0110
100239,gimbal,dynamic,40.4906,119.26,100.24,0.5998,-2.5890,41.0140,-0.1024,2.964,SEARCH,4.7001,1.2950,0.0000,-0.0109
100339,gimbal,dynamic,40.5306,119.64,100.34,0.5998,-2.5868,41.0538,-0.0965,2.964,SEARCH,4.7001,1.2941,0.0000,-0.0109
100439,gimbal,dynamic,40.5706,119.99,100.44,0.5998,-2.5844,41.0936,-0.0904,2.964,SEARCH,4.7001,1.2928,0.0000,-0.0108
100539,gimbal,dynamic,40.6101,120.31,100.54,0.6002,-2.5825,41.1334,-0.0841,2.964,SEARCH,4.7001,1.2918,0.0000,-0.0108
100639,gimbal,dynamic,40.6494,120.60,100.64,0.6010,-2.5812,41.1731,-0.0775,2.964,SEARCH,4.6998,1.2910,0.0000,-0.0107
100739,gimbal,dynamic,40.6881,120.87,100.74,0.6022,-2.5809,41.2128,-0.0708,2.964,SEARCH,4.6993,1.2905,0.0000,-0.0107
100839,gimbal,dynamic,40.7263,121.10,100.84,0.6041,-2.5814,41.2524,-0.0639,2.964,SEARCH,4.6986,1.2905,0.0000,-0.0107
100939,gimbal,dynamic,40.7640,121.30,100.94,0.6063,-2.5827,41.2920,-0.0569,2.965,SEARCH,4.6975,1.2909,0.0000,-0.0106
101039,gimbal,dynamic,40.8028,121.47,101.04,0.6075,-2.5846,41.3315,-0.0497,2.965,SEARCH,4.6966,1.2916,0.0000,-0.0106
101139,gimbal,dynamic,40.8427,121.61,101.14,0.6076,-2.5869,41.3710,-0.0425,2.965,SEARCH,4.6962,1.2927,0.0000,-0.0106
101239,gimbal,dynamic,40.8830,121.72,101.24,0.6071,-2.5890,41.4103,-0.0351,2.965,SEARCH,4.6962,1.2939,0.0000,-0.0106
101339,gimbal,dynamic,40.9244,121.81,101.34,0.6056,-2.5909,41.4496,-0.0278,2.965,SEARCH,4.6967,1.2949,0.0000,-0.0106
101439,gimbal,dynamic,40.9663,121.86,101.44,0.6034,-2.5924,41.4889,-0.0204,2.965,SEARCH,4.6976,1.2957,0.0000,-0.0106
101539,gimbal,dynamic,41.0092,121.88,101.54,0.6002,-2.5939,41.5280,-0.0129,2.965,SEARCH,4.6989,1.2965,0.0000,-0.0106
101639,gimbal,dynamic,41.0519,121.87,101.64,0.5969,-2.5951,41.5671,-0.0055,2.965,SEARCH,4.7006,1.2972,0.0000,-0.0106
101739,gimbal,dynamic,41.0947,121.83,101.74,0.5936,-2.5967,41.6061,0.0018,2.965,SEARCH,4.7022,1.2978,0.0000,-0.0106
101839,gimbal,dynamic,41.1364,121.76,101.84,0.5912,-2.5982,41.6450,0.0092,2.965,SEARCH,4.7037,1.2987,0.0000,-0.0106
101939,gimbal,dynamic,41.1781,121.66,101.94,0.5889,-2.5996,41.6838,0.0164,2.965,SEARCH,4.7048,1.2994,0.0000,-0.0106
102039,gimbal,dynamic,41.2194,121.53,102.04,0.5867,-2.6005,41.7225,0.0235,2.965,SEARCH,4.7059,1.2999,0.0000,-0.0105
102139,gimbal,dynamic,41.2605,121.37,102.14,0.5846,-2.6011,41.7611,0.0305,2.965,SEARCH,4.7071,1.3004,0.0000,-0.0105
102239,gimbal,dynamic,41.3011,121.18,102.24,0.5829,-2.6018,41.7996,0.0374,2.965,SEARCH,4.7081,1.3007,0.0000,-0.0104
102339,gimbal,dynamic,41.3404,120.96,102.34,0.5824,-2.6021,41.8380,0.0441,2.965,SEARCH,4.7088,1.3010,0.0000,-0.0104
102439,gimbal,dynamic,41.3779,120.72,102.44,0.5835,-2.6021,41.8762,0.0506,2.966,SEARCH,4.7087,1.3011,0.0000,-0.0103
102539,gimbal,dynamic,41.4139,120.44,102.54,0.5859,-2.6020,41.9144,0.0569,2.966,SEARCH,4.7078,1.3011,0.0000,-0.0103
102639,gimbal,dynamic,41.4498,120.14,102.64,0.5884,-2.6017,41.9525,0.0630,2.966,SEARCH,4.7065,1.3010,0.0000,-0.0103
102739,gimbal,dynamic,41.4857,119.81,102.74,0.5907,-2.6011,41.9904,0.0688,2.966,SEARCH,4.7053,1.3008,0.0000,-0.0103
102839,gimbal,dynamic,41.5224,119.44,102.84,0.5919,-2.5997,42.0282,0.0744,2.966,SEARCH,4.7043,1.3003,0.0000,-0.0102
102939,gimbal,dynamic,41.5595,119.05,102.94,0.5927,-2.5975,42.0659,0.0797,2.966,SEARCH,4.7039,1.2995,0.0000,-0.0102
103039,gimbal,dynamic,41.5966,118.63,103.04,0.5932,-2.5949,42.1034,0.0847,2.966,SEARCH,4.7035,1.2983,0.0000,-0.0102
103139,gimbal,dynamic,41.6336,118.18,103.14,0.5936,-2.5910,42.1408,0.0895,2.966,SEARCH,4.7033,1.2968,0.0000,-0.0102
103239,gimbal,dynamic,41.6700,117.71,103.24,0.5944,-2.5864,42.1781,0.0938,2.966,SEARCH,4.7031,1.2946,0.0000,-0.0102
103339,gimbal,dynamic,41.7059,117.21,103.34,0.5956,-2.5821,42.2153,0.0979,2.966,SEARCH,4.7026,1.2923,0.0000,-0.0102
103439,gimbal,dynamic,41.7409,116.68,103.44,0.5975,-2.5781,42.2523,0.1016,2.966,SEARCH,4.7018,1.2901,0.0000,-0.0102
103539,gimbal,dynamic,41.7750,116.13,103.54,0.6001,-2.5748,42.2891,0.1049,2.966,SEARCH,4.7008,1.2884,0.0000,-0.0103
103639,gimbal,dynamic,41.8093,115.57,103.64,0.6026,-2.5723,42.3258,0.1079,2.966,SEARCH,4.6994,1.2869,0.0000,-0.0103
103739,gimbal,dynamic,41.8437,114.98,103.74,0.6047,-2.5701,42.3624,0.1104,2.965,SEARCH,4.6983,1.2857,0.0000,-0.0104
103839,gimbal,dynamic,41.8779,114.37,103.84,0.6069,-2.5681,42.3988,0.1126,2.965,SEARCH,4.6972,1.2846,0.0000,-0.0105
103939,gimbal,dynamic,41.9120,113.74,103.94,0.6089,-2.5667,42.4351,0.1144,2.965,SEARCH,4.6962,1.2837,0.0000,-0.0106
104039,gimbal,dynamic,41.9463,113.09,104.04,0.6107,-2.5665,42.4712,0.1158,2.965,SEARCH,4.6953,1.2832,0.0000,-0.0106
104139,gimbal,dynamic,41.9804,112.43,104.14,0.6126,-2.5678,42.5071,0.1167,2.965,SEARCH,4.6943,1.2834,0.0000,-0.0106
104239,gimbal,dynamic,42.0145,111.75,104.24,0.6144,-2.5700,42.5429,0.1172,2.965,SEARCH,4.6933,1.2843,0.0000,-0.0106
104339,gimbal,dynamic,42.0478,111.06,104.34,0.6168,-2.5728,42.5785,0.1173,2.965,SEARCH,4.6923,1.2855,0.0000,-0.0106
104439,gimbal,dynamic,42.0813,110.36,104.44,0.6189,-2.5760,42.6139,0.1170,2.965,SEARCH,4.6911,1.2870,0.0000,-0.0106
104539,gimbal,dynamic,42.1150,109.65,104.54,0.6206,-2.5800,42.6492,0.1162,2.965,SEARCH,4.6902,1.2888,0.0000,-0.0106
104639,gimbal,dynamic,42.1490,108.93,104.64,0.6219,-2.5846,42.6843,0.1150,2.965,SEARCH,4.6894,1.2910,0.0000,-0.0105
104739,gimbal,dynamic,42.1834,108.20,104.74,0.6224,-2.5887,42.7193,0.1133,2.965,SEARCH,4.6889,1.2931,0.0000,-0.0105
104839,gimbal,dynamic,42.2186,107.46,104.84,0.6221,-2.5932,42.7540,0.1113,2.965,SEARCH,4.6888,1.2952,0.0000,-0.0104
104939,gimbal,dynamic,42.2547,106.73,104.94,0.6206,-2.5973,42.7886,0.1087,2.965,SEARCH,4.6892,1.2974,0.0000,-0.0104
105039,gimbal,dynamic,42.2911,105.99,105.04,0.6186,-2.6008,42.8230,0.1058,2.966,SEARCH,4.6901,1.2994,0.0000,-0.0103
105139,gimbal,dynamic,42.3277,105.25,105.14,0.6161,-2.6046,42.8572,0.1024,2.966,SEARCH,4.6912,1.3011,0.0000,-0.0103
105239,gimbal,dynamic,42.3630,104.51,105.24,0.6148,-2.6081,42.8913,0.0986,2.966,SEARCH,4.6923,1.3031,0.0000,-0.0102
105339,gimbal,dynamic,42.3975,103.78,105.34,0.6140,-2.6112,42.9251,0.0944,2.966,SEARCH,4.6928,1.3047,0.0000,-0.0102
105439,gimbal,dynamic,42.4316,103.06,105.44,0.6134,-2.6139,42.9588,0.0897,2.966,SEARCH,4.6931,1.3061,0.0000,-0.0101
105539,gimbal,dynamic,42.4659,102.34,105.54,0.6124,-2.6169,42.9923,0.0847,2.966,SEARCH,4.6935,1.3076,0.0000,-0.0101
105639,gimbal,dynamic,42.5001,101.63,105.64,0.6113,-2.6204,43.0256,0.0792,2.966,SEARCH,4.6941,1.3092,0.0000,-0.0101
105739,gimbal,dynamic,42.5343,100.94,105.74,0.6099,-2.6239,43.0587,0.0734,2.966,SEARCH,4.6946,1.3109,0.0000,-0.0101
105839,gimbal,dynamic,42.5687,100.25,105.84,0.6083,-2.6269,43.0916,0.0672,2.966,SEARCH,4.6953,1.3124,0.0000,-0.0101
105939,gimbal,dynamic,42.6031,99.58,105.94,0.6063,-2.6303,43.1243,0.0606,2.966,SEARCH,4.6962,1.3141,0.0000,-0.0102
106039,gimbal,dynamic,42.6373,98.92,106.04,0.6043,-2.6333,43.1568,0.0537,2.966,SEARCH,4.6973,1.3158,0.0000,-0.0103
106139,gimbal,dynamic,42.6714,98.28,106.14,0.6022,-2.6361,43.1892,0.0464,2.965,SEARCH,4.6983,1.3172,0.0000,-0.0105
106239,gimbal,dynamic,42.7052,97.66,106.24,0.6001,-2.6383,43.2213,0.0388,2.965,SEARCH,4.6992,1.3184,0.0000,-0.0106
106339,gimbal,dynamic,42.7388,97.12,106.34,0.5980,-2.6400,43.2533,0.0310,2.964,SEARCH,4.7004,1.3195,0.0000,-0.0107
106439,gimbal,dynamic,42.7715,97.12,106.44,0.5965,-2.6408,43.2850,0.0230,2.964,SEARCH,4.7013,1.3202,0.0000,-0.0108
106539,gimbal,dynamic,42.8037,97.12,106.54,0.5954,-2.6413,43.3166,0.0151,2.964,SEARCH,4.7020,1.3205,0.0000,-0.0109
106639,gimbal,dynamic,42.8351,97.12,106.64,0.5947,-2.6410,43.3479,0.0073,2.964,SEARCH,4.7025,1.3206,0.0000,-0.0109
106739,gimbal,dynamic,42.8662,97.12,106.74,0.5942,-2.6398,43.3791,-0.0005,2.963,SEARCH,4.7028,1.3203,0.0000,-0.0110
106839,gimbal,dynamic,42.8967,97.12,106.84,0.5939,-2.6377,43.4100,-0.0082,2.963,SEARCH,4.7030,1.3195,0.0000,-0.0111
106939,gimbal,dynamic,42.9267,97.12,106.94,0.5940,-2.6348,43.4408,-0.0159,2.963,SEARCH,4.7031,1.3183,0.0000,-0.0111
107039,gimbal,dynamic,42.9562,97.12,107.04,0.5944,-2.6315,43.4713,-0.0236,2.963,SEARCH,4.7029,1.3166,0.0000,-0.0111
107139,gimbal,dynamic,42.9847,97.12,107.14,0.5955,-2.6285,43.5017,-0.0312,2.963,SEARCH,4.7026,1.3152,0.0000,-0.0112
107239,gimbal,dynamic,43.0122,97.13,107.24,0.5975,-2.6257,43.5318,-0.0387,2.962,SEARCH,4.7020,1.3138,0.0000,-0.0113
107339,gimbal,dynamic,43.0386,97.13,107.34,0.6004,-2.6230,43.5618,-0.0462,2.962,SEARCH,4.7007,1.3123,0.0000,-0.0113
107439,gimbal,dynamic,43.0641,97.13,107.44,0.6040,-2.6204,43.5916,-0.0536,2.962,SEARCH,4.6990,1.3109,0.0000,-0.0113
107539,gimbal,dynamic,43.0898,97.14,107.54,0.6073,-2.6185,43.6211,-0.0610,2.962,SEARCH,4.6973,1.3097,0.0000,-0.0113
107639,gimbal,dynamic,43.1153,97.14,107.64,0.6106,-2.6169,43.6505,-0.0684,2.962,SEARCH,4.6957,1.3089,0.0000,-0.0113
107739,gimbal,dynamic,43.1416,97.14,107.74,0.6129,-2.6158,43.6796,-0.0756,2.962,SEARCH,4.6942,1.3082,0.0000,-0.0113
107839,gimbal,dynamic,43.1686,97.13,107.84,0.6143,-2.6146,43.7086,-0.0829,2.963,SEARCH,4.6932,1.3077,0.0000,-0.0112
107939,gimbal,dynamic,43.1961,97.13,107.94,0.6150,-2.6128,43.7374,-0.0901,2.963,SEARCH,4.6927,1.3070,0.0000,-0.0111
108039,gimbal,dynamic,43.2241,97.12,108.04,0.6150,-2.6111,43.7659,-0.0972,2.963,SEARCH,4.6925,1.3061,0.0000,-0.0110
108139,gimbal,dynamic,43.2521,97.12,108.14,0.6147,-2.6091,43.7943,-0.1043,2.964,SEARCH,4.6926,1.3052,0.0000,-0.0109
108239,gimbal,dynamic,43.2796,97.11,108.24,0.6149,-2.6074,43.8225,-0.1113,2.964,SEARCH,4.6926,1.3042,0.0000,-0.0108
108339,gimbal,dynamic,43.3063,97.10,108.34,0.6156,-2.6055,43.8504,-0.1183,2.964,SEARCH,4.6925,1.3033,0.0000,-0.0107
108439,gimbal,dynamic,43.3320,97.10,108.44,0.6171,-2.6033,43.8782,-0.1253,2.965,SEARCH,4.6919,1.3023,0.0000,-0.0106
108539,gimbal,dynamic,43.3569,97.10,108.54,0.6192,-2.6009,43.9058,-0.1322,2.965,SEARCH,4.6910,1.3012,0.0000,-0.0105
108639,gimbal,dynamic,43.3822,97.10,108.64,0.6207,-2.5985,43.9332,-0.1390,2.966,SEARCH,4.6900,1.3000,0.0000,-0.0103
108739,gimbal,dynamic,43.4084,97.10,108.74,0.6211,-2.5959,43.9604,-0.1458,2.966,SEARCH,4.6895,1.2987,0.0000,-0.0102
108839,gimbal,dynamic,43.4357,97.10,108.84,0.6203,-2.5930,43.9874,-0.1526,2.966,SEARCH,4.6895,1.2974,0.0000,-0.0101
108939,gimbal,dynamic,43.4643,97.10,108.94,0.6179,-2.5901,44.0142,-0.1593,2.966,SEARCH,4.6902,1.2960,0.0000,-0.0101
109039,gimbal,dynamic,43.4933,97.10,109.04,0.6150,-2.5872,44.0408,-0.1659,2.966,SEARCH,4.6916,1.2944,0.0000,-0.0101
109139,gimbal,dynamic,43.5222,97.10,109.14,0.6119,-2.5843,44.0673,-0.1725,2.966,SEARCH,4.6931,1.2930,0.0000,-0.0102
109239,gimbal,dynamic,43.5498,97.11,109.24,0.6101,-2.5821,44.0935,-0.1791,2.966,SEARCH,4.6944,1.2917,0.0000,-0.0102
109339,gimbal,dynamic,43.5764,97.11,109.34,0.6090,-2.5806,44.1196,-0.1856,2.966,SEARCH,4.6952,1.2907,0.0000,-0.0102
109439,gimbal,dynamic,43.6026,97.11,109.44,0.6083,-2.5802,44.1455,-0.1921,2.966,SEARCH,4.6956,1.2902,0.0000,-0.0103
109539,gimbal,dynamic,43.6278,97.11,109.54,0.6084,-2.5807,44.1712,-0.1985,2.966,SEARCH,4.6959,1.2901,0.0000,-0.0103
109639,gimbal,dynamic,43.6521,97.12,109.64,0.6094,-2.5822,44.1967,-0.2049,2.965,SEARCH,4.6957,1.2905,0.0000,-0.0104
109739,gimbal,dynamic,43.6759,97.12,109.74,0.6106,-2.5846,44.2220,-0.2112,2.965,SEARCH,4.6951,1.2915,0.0000,-0.0105
109839,gimbal,dynamic,43.6997,97.51,109.84,0.6118,-2.5874,44.2472,-0.2175,2.965,SEARCH,4.6945,1.2927,0.0000,-0.0105
109939,gimbal,dynamic,43.7235,98.32,109.94,0.6128,-2.5903,44.2722,-0.2233,2.965,SEARCH,4.6939,1.2943,0.0000,-0.0106
110039,gimbal,dynamic,43.7469,99.18,110.04,0.6141,-2.5923,44.2970,-0.2287,2.965,SEARCH,4.6934,1.2956,0.0000,-0.0106
110139,gimbal,dynamic,43.7702,100.08,110.14,0.6152,-2.5940,44.3217,-0.2336,2.965,SEARCH,4.6927,1.2965,0.0000,-0.0106
110239,gimbal,dynamic,43.7936,101.04,110.24,0.6161,-2.5954,44.3462,-0.2382,2.964,SEARCH,4.6922,1.2973,0.0000,-0.0107
110339,gimbal,dynamic,43.8174,102.04,110.34,0.6164,-2.5966,44.3705,-0.2422,2.964,SEARCH,4.6918,1.2980,0.0000,-0.0107
110439,gimbal,dynamic,43.8416,103.09,110.44,0.6161,-2.5974,44.3946,-0.2458,2.964,SEARCH,4.6918,1.2985,0.0000,-0.0107
110539,gimbal,dynamic,43.8663,104.18,110.54,0.6153,-2.5982,44.4186,-0.2489,2.964,SEARCH,4.6921,1.2989,0.0000,-0.0107
110639,gimbal,dynamic,43.8916,105.32,110.64,0.6137,-2.5994,44.4425,-0.2515,2.964,SEARCH,4.6927,1.2993,0.0000,-0.0108
110739,gimbal,dynamic,43.9169,106.50,110.74,0.6120,-2.6012,44.4661,-0.2536,2.964,SEARCH,4.6934,1.3000,0.0000,-0.0108
110839,gimbal,dynamic,43.9424,107.72,110.84,0.6100,-2.6035,44.4897,-0.2551,2.964,SEARCH,4.6944,1.3011,0.0000,-0.0108
110939,gimbal,dynamic,43.9681,108.98,110.94,0.6078,-2.6063,44.5130,-0.2562,2.964,SEARCH,4.6954,1.3023,0.0000,-0.0109
111039,gimbal,dynamic,43.9939,110.27,111.04,0.6053,-2.6090,44.5363,-0.2567,2.964,SEARCH,4.6966,1.3037,0.0000,-0.0109
111139,gimbal,dynamic,44.0200,111.60,111.14,0.6024,-2.6116,44.5593,-0.2567,2.964,SEARCH,4.6979,1.3051,0.0000,-0.0109
111239,gimbal,dynamic,44.0468,112.94,111.24,0.5986,-2.6139,44.5823,-0.2562,2.963,SEARCH,4.6996,1.3064,0.0000,-0.0110
111339,gimbal,dynamic,44.0741,114.31,111.34,0.5943,-2.6157,44.6051,-0.2551,2.963,SEARCH,4.7015,1.3073,0.0000,-0.0110
111439,gimbal,dynamic,44.1008,115.70,111.44,0.5903,-2.6170,44.6277,-0.2535,2.963,SEARCH,4.7037,1.3081,0.0000,-0.0110
111539,gimbal,dynamic,44.1268,117.10,111.54,0.5870,-2.6175,44.6503,-0.2513,2.963,SEARCH,4.7056,1.3087,0.0000,-0.0110
111639,gimbal,dynamic,44.1522,118.51,111.64,0.5840,-2.6168,44.6727,-0.2486,2.963,SEARCH,4.7073,1.3086,0.0000,-0.0110
111739,gimbal,dynamic,44.1759,119.92,111.74,0.5826,-2.6152,44.6949,-0.2454,2.963,SEARCH,4.7084,1.3082,0.0000,-0.0111
111839,gimbal,dynamic,44.1975,121.33,111.84,0.5832,-2.6131,44.7171,-0.2416,2.963,SEARCH,4.7087,1.3072,0.0000,-0.0111
111939,gimbal,dynamic,44.2165,122.74,111.94,0.5863,-2.6112,44.7391,-0.2373,2.963,SEARCH,4.7079,1.3061,0.0000,-0.0111
112039,gimbal,dynamic,44.2346,124.13,112.04,0.5903,-2.6100,44.7610,-0.2324,2.963,SEARCH,4.7061,1.3053,0.0000,-0.0111
112139,gimbal,dynamic,44.2522,125.22,112.14,0.5948,-2.6094,44.7828,-0.2271,2.963,SEARCH,4.7039,1.3048,0.0000,-0.0111
112239,gimbal,dynamic,44.2693,125.22,112.24,0.5996,-2.6092,44.8044,-0.2216,2.963,SEARCH,4.7017,1.3046,0.0000,-0.0111
112339,gimbal,dynamic,44.2865,125.22,112.34,0.6042,-2.6093,44.8260,-0.2163,2.963,SEARCH,4.6993,1.3046,0.0000,-0.0111
112439,gimbal,dynamic,44.3043,125.22,112.44,0.6082,-2.6093,44.8475,-0.2109,2.963,SEARCH,4.6970,1.3046,0.0000,-0.0111
112539,gimbal,dynamic,44.3223,125.22,112.54,0.6117,-2.6088,44.8688,-0.2055,2.963,SEARCH,4.6952,1.3046,0.0000,-0.0111
112639,gimbal,dynamic,44.3410,125.21,112.64,0.6145,-2.6079,44.8901,-0.2002,2.963,SEARCH,4.6935,1.3042,0.0000,-0.0110
112739,gimbal,dynamic,44.3602,125.20,112.74,0.6167,-2.6069,44.9112,-0.1949,2.963,SEARCH,4.6923,1.3038,0.0000,-0.0110
112839,gimbal,dynamic,44.3802,125.19,112.84,0.6180,-2.6062,44.9323,-0.1897,2.963,SEARCH,4.6914,1.3033,0.0000,-0.0110
112939,gimbal,dynamic,44.4001,125.17,112.94,0.6193,-2.6060,44.9533,-0.1844,2.963,SEARCH,4.6908,1.3030,0.0000,-0.0110
113039,gimbal,dynamic,44.4201,125.16,113.04,0.6204,-2.6060,44.9742,-0.1792,2.963,SEARCH,4.6902,1.3030,0.0000,-0.0110
113139,gimbal,dynamic,44.4403,125.16,113.14,0.6213,-2.6060,44.9950,-0.1740,2.964,SEARCH,4.6896,1.3030,0.0000,-0.0109
113239,gimbal,dynamic,44.4611,125.15,113.24,0.6215,-2.6067,45.0157,-0.1688,2.964,SEARCH,4.6892,1.3031,0.0000,-0.0109
113339,gimbal,dynamic,44.4827,125.15,113.34,0.6209,-2.6081,45.0364,-0.1637,2.964,SEARCH,4.6893,1.3036,0.0000,-0.0109
113439,gimbal,dynamic,44.5047,125.15,113.44,0.6199,-2.6097,45.0570,-0.1585,2.964,SEARCH,4.6897,1.3044,0.0000,-0.0109
113539,gimbal,dynamic,44.5270,125.15,113.54,0.6184,-2.6118,45.0775,-0.1534,2.964,SEARCH,4.6903,1.3053,0.0000,-0.0109
113639,gimbal,dynamic,44.5498,125.15,113.64,0.6165,-2.6144,45.0980,-0.1483,2.964,SEARCH,4.6912,1.3065,0.0000,-0.0109
113739,gimbal,dynamic,44.5725,125.16,113.74,0.6146,-2.6174,45.1184,-0.1432,2.964,SEARCH,4.6921,1.3078,0.0000,-0.0109
113839,gimbal,dynamic,44.5945,125.16,113.84,0.6134,-2.6203,45.1387,-0.1381,2.964,SEARCH,4.6929,1.3092,0.0000,-0.0109
113939,gimbal,dynamic,44.6160,125.17,113.94,0.6126,-2.6232,45.1591,-0.1330,2.964,SEARCH,4.6935,1.3108,0.0000,-0.0109
114039,gimbal,dynamic,44.6367,125.17,114.04,0.6126,-2.6259,45.1793,-0.1279,2.964,SEARCH,4.6938,1.3122,0.0000,-0.0108
114139,gimbal,dynamic,44.6564,125.18,114.14,0.6134,-2.6281,45.1995,-0.1229,2.964,SEARCH,4.6936,1.3134,0.0000,-0.0108
114239,gimbal,dynamic,44.6758,125.19,114.24,0.6146,-2.6299,45.2197,-0.1178,2.964,SEARCH,4.6930,1.3144,0.0000,-0.0107
114339,gimbal,dynamic,44.6962,125.20,114.34,0.6147,-2.6317,45.2398,-0.1128,2.964,SEARCH,4.6926,1.3153,0.0000,-0.0107
114439,gimbal,dynamic,44.7176,125.20,114.44,0.6137,-2.6332,45.2599,-0.1078,2.964,SEARCH,4.6928,1.3162,0.0000,-0.0107
114539,gimbal,dynamic,44.7385,125.21,114.54,0.6132,-2.6341,45.2800,-0.1027,2.964,SEARCH,4.6933,1.3168,0.0000,-0.0107
114639,gimbal,dynamic,44.7586,125.21,114.64,0.6134,-2.6345,45.3001,-0.0977,2.964,SEARCH,4.6934,1.3172,0.0000,-0.0107
114739,gimbal,dynamic,44.7782,125.21,114.74,0.6141,-2.6342,45.3201,-0.0927,2.964,SEARCH,4.6932,1.3172,0.0000,-0.0107
114839,gimbal,dynamic,44.7980,125.21,114.84,0.6145,-2.6337,45.3401,-0.0877,2.964,SEARCH,4.6928,1.3170,0.0000,-0.0107
114939,gimbal,dynamic,44.8181,125.20,114.94,0.6147,-2.6331,45.3601,-0.0827,2.964,SEARCH,4.6927,1.3168,0.0000,-0.0108
115039,gimbal,dynamic,44.8380,125.20,115.04,0.6150,-2.6321,45.3802,-0.0777,2.964,SEARCH,4.6926,1.3164,0.0000,-0.0108
115139,gimbal,dynamic,44.8577,125.19,115.14,0.6155,-2.6310,45.4002,-0.0727,2.964,SEARCH,4.6924,1.3158,0.0000,-0.0109
115239,gimbal,dynamic,44.8771,125.19,115.24,0.6163,-2.6299,45.4202,-0.0677,2.964,SEARCH,4.6921,1.3153,0.0000,-0.0109
115339,gimbal,dynamic,44.8965,125.18,115.34,0.6171,-2.6290,45.4402,-0.0627,2.963,SEARCH,4.6917,1.3148,0.0000,-0.0110
115439,gimbal,dynamic,44.9158,125.18,115.44,0.6180,-2.6282,45.4602,-0.0577,2.963,SEARCH,4.6913,1.3143,0.0000,-0.0110
115539,gimbal,dynamic,44.9353,125.18,115.54,0.6187,-2.6273,45.4802,-0.0527,2.963,SEARCH,4.6908,1.3139,0.0000,-0.0110
115639,gimbal,dynamic,44.9550,125.18,115.64,0.6192,-2.6261,45.5002,-0.0477,2.964,SEARCH,4.6905,1.3134,0.0000,-0.0109
115739,gimbal,dynamic,44.9753,125.18,115.74,0.6191,-2.6244,45.5203,-0.0427,2.964,SEARCH,4.6904,1.3127,0.0000,-0.0108
115839,gimbal,dynamic,44.9967,125.17,115.84,0.6180,-2.6221,45.5404,-0.0377,2.964,SEARCH,4.6906,1.3117,0.0000,-0.0108
115939,gimbal,dynamic,45.0188,125.17,115.94,0.6162,-2.6200,45.5605,-0.0326,2.964,SEARCH,4.6913,1.3106,0.0000,-0.0107
116039,gimbal,dynamic,45.0413,125.17,116.04,0.6140,-2.6184,45.5807,-0.0276,2.965,SEARCH,4.6923,1.3097,0.0000,-0.0106
116139,gimbal,dynamic,45.0645,125.17,116.14,0.6111,-2.6167,45.6009,-0.0225,2.965,SEARCH,4.6935,1.3089,0.0000,-0.0106
116239,gimbal,dynamic,45.0875,125.17,116.24,0.6084,-2.6150,45.6211,-0.0175,2.965,SEARCH,4.6950,1.3080,0.0000,-0.0105
116339,gimbal,dynamic,45.1107,125.17,116.34,0.6056,-2.6130,45.6413,-0.0124,2.965,SEARCH,4.6963,1.3071,0.0000,-0.0105
116439,gimbal,dynamic,45.1330,125.17,116.44,0.6038,-2.6111,45.6617,-0.0073,2.965,SEARCH,4.6976,1.3061,0.0000,-0.0105
116539,gimbal,dynamic,45.1544,125.17,116.54,0.6029,-2.6096,45.6820,-0.0022,2.965,SEARCH,4.6983,1.3052,0.0000,-0.0105
116639,gimbal,dynamic,45.1755,125.18,116.64,0.6025,-2.6093,45.7025,0.0029,2.965,SEARCH,4.6986,1.3047,0.0000,-0.0105
116739,gimbal,dynamic,45.1963,125.18,116.74,0.6025,-2.6101,45.7230,0.0080,2.965,SEARCH,4.6987,1.3048,0.0000,-0.0105
116839,gimbal,dynamic,45.2173,125.19,116.84,0.6024,-2.6115,45.7435,0.0131,2.965,SEARCH,4.6987,1.3054,0.0000,-0.0105
116939,gimbal,dynamic,45.2387,125.19,116.94,0.6020,-2.6128,45.7641,0.0183,2.965,SEARCH,4.6989,1.3061,0.0000,-0.0105
117039,gimbal,dynamic,45.2607,125.20,117.04,0.6010,-2.6136,45.7848,0.0234,2.965,SEARCH,4.6991,1.3066,0.0000,-0.0106
117139,gimbal,dynamic,45.2833,125.20,117.14,0.5995,-2.6139,45.8056,0.0286,2.965,SEARCH,4.6998,1.3069,0.0000,-0.0106
117239,gimbal,dynamic,45.3060,125.20,117.24,0.5978,-2.6135,45.8264,0.0339,2.964,SEARCH,4.7006,1.3069,0.0000,-0.0107
117339,gimbal,dynamic,45.3294,125.20,117.34,0.5956,-2.6127,45.8473,0.0391,2.964,SEARCH,4.7015,1.3065,0.0000,-0.0107
117439,gimbal,dynamic,45.3530,125.20,117.44,0.5932,-2.6120,45.8684,0.0443,2.964,SEARCH,4.7027,1.3062,0.0000,-0.0108
117539,gimbal,dynamic,45.3771,125.20,117.54,0.5904,-2.6116,45.8895,0.0496,2.964,SEARCH,4.7039,1.3059,0.0000,-0.0108
117639,gimbal,dynamic,45.4011,125.19,117.64,0.5880,-2.6119,45.9106,0.0549,2.964,SEARCH,4.7053,1.3058,0.0000,-0.0108
117739,gimbal,dynamic,45.4249,125.19,117.74,0.5857,-2.6130,45.9319,0.0602,2.964,SEARCH,4.7065,1.3061,0.0000,-0.0108
117839,gimbal,dynamic,45.4485,125.19,117.84,0.5839,-2.6145,45.9533,0.0656,2.964,SEARCH,4.7076,1.3068,0.0000,-0.0109
117939,gimbal,dynamic,45.4710,125.19,117.94,0.5833,-2.6162,45.9748,0.0710,2.964,SEARCH,4.7082,1.3076,0.0000,-0.0109
118039,gimbal,dynamic,45.4923,125.20,118.04,0.5840,-2.6175,45.9964,0.0764,2.964,SEARCH,4.7083,1.3084,0.0000,-0.0109
118139,gimbal,dynamic,45.5126,125.20,118.14,0.5857,-2.6187,46.0181,0.0818,2.964,SEARCH,4.7077,1.3090,0.0000,-0.0109
118239,gimbal,dynamic,45.5319,124.52,118.24,0.5886,-2.6198,46.0400,0.0871,2.964,SEARCH,4.7066,1.3096,0.0000,-0.0109
118339,gimbal,dynamic,45.5503,123.14,118.34,0.5925,-2.6212,46.0619,0.0920,2.964,SEARCH,4.7050,1.3102,0.0000,-0.0109
118439,gimbal,dynamic,45.5685,121.75,118.44,0.5966,-2.6221,46.0840,0.0963,2.964,SEARCH,4.7029,1.3108,0.0000,-0.0108
118539,gimbal,dynamic,45.5864,120.36,118.54,0.6011,-2.6230,46.1061,0.1000,2.964,SEARCH,4.7008,1.3113,0.0000,-0.0108
118639,gimbal,dynamic,45.6049,118.95,118.64,0.6051,-2.6238,46.1284,0.1033,2.964,SEARCH,4.6986,1.3117,0.0000,-0.0107
118739,gimbal,dynamic,45.6236,117.55,118.74,0.6090,-2.6239,46.1509,0.1060,2.964,SEARCH,4.6966,1.3120,0.0000,-0.0107
118839,gimbal,dynamic,45.6436,116.15,118.84,0.6117,-2.6231,46.1735,0.1081,2.965,SEARCH,4.6949,1.3118,0.0000,-0.0106
118939,gimbal,dynamic,45.6638,114.76,118.94,0.6141,-2.6223,46.1962,0.1097,2.965,SEARCH,4.6937,1.3114,0.0000,-0.0106
119039,gimbal,dynamic,45.6843,113.38,119.04,0.6165,-2.6215,46.2190,0.1108,2.965,SEARCH,4.6925,1.3110,0.0000,-0.0105
119139,gimbal,dynamic,45.7048,112.02,119.14,0.6189,-2.6204,46.2420,0.1113,2.965,SEARCH,4.6913,1.3106,0.0000,-0.0105
119239,gimbal,dynamic,45.7257,110.68,119.24,0.6210,-2.6191,46.2651,0.1113,2.965,SEARCH,4.6901,1.3099,0.0000,-0.0104
119339,gimbal,dynamic,45.7472,109.36,119.34,0.6226,-2.6175,46.2884,0.1108,2.965,SEARCH,4.6891,1.3092,0.0000,-0.0104
119439,gimbal,dynamic,45.7694,108.07,119.44,0.6237,-2.6163,46.3118,0.1097,2.965,SEARCH,4.6885,1.3086,0.0000,-0.0104
119539,gimbal,dynamic,45.7920,106.82,119.54,0.6244,-2.6152,46.3354,0.1081,2.966,SEARCH,4.6880,1.3079,0.0000,-0.0103
119639,gimbal,dynamic,45.8149,105.60,119.64,0.6250,-2.6139,46.3591,0.1060,2.966,SEARCH,4.6876,1.3073,0.0000,-0.0103
119739,gimbal,dynamic,45.8386,104.43,119.74,0.6250,-2.6123,46.3830,0.1033,2.965,SEARCH,4.6874,1.3066,0.0000,-0.0104
119839,gimbal,dynamic,45.8632,103.29,119.84,0.6241,-2.6110,46.4071,0.1002,2.965,SEARCH,4.6877,1.3059,0.0000,-0.0104
119939,gimbal,dynamic,45.8884,102.20,119.94,0.6227,-2.6095,46.4313,0.0965,2.965,SEARCH,4.6882,1.3052,0.0000,-0.0104
120039,gimbal,dynamic,45.9141,101.15,120.04,0.6210,-2.6080,46.4557,0.0924,2.965,SEARCH,4.6890,1.3044,0.0000,-0.0104
120139,gimbal,dynamic,45.9400,100.14,120.14,0.6193,-2.6067,46.4802,0.0878,2.965,SEARCH,4.6899,1.3038,0.0000,-0.0104
120239,gimbal,dynamic,45.9655,99.19,120.24,0.6181,-2.6050,46.5049,0.0827,2.965,SEARCH,4.6906,1.3030,0.0000,-0.0105
120339,gimbal,dynamic,45.9915,98.28,120.34,0.6164,-2.6029,46.5298,0.0772,2.965,SEARCH,4.6912,1.3021,0.0000,-0.0105
120439,gimbal,dynamic,46.0182,97.42,120.44,0.6143,-2.6010,46.5548,0.0712,2.965,SEARCH,4.6922,1.3011,0.0000,-0.0106
120439,gimbal,dynamic,46.0457,97.11,120.44,0.6115,-2.5987,46.5801,0.0649,2.965,SEARCH,4.6922,1.3011,0.0000,-0.0106
120439,gimbal,dynamic,46.0730,97.11,120.44,0.6091,-2.5966,46.6055,0.0585,2.965,SEARCH,4.6922,1.3011,0.0000,-0.0106
120439,gimbal,dynamic,46.0999,97.12,120.44,0.6072,-2.5943,46.6311,0.0522,2.965,SEARCH,4.6922,1.3011,0.0000,-0.0106
120439,gimbal,dynamic,46.1263,97.13,120.44,0.6060,-2.5919,46.6568,0.0457,2.965,SEARCH,4.6922,1.3011,0.0000,-0.0106
120439,gimbal,dynamic,46.1522,97.13,120.44,0.6055,-2.5897,46.6828,0.0392,2.965,SEARCH,4.6922,1.3011,0.0000,-0.0106
120439,gimbal,dynamic,46.1782,97.14,120.44,0.6052,-2.5883,46.7089,0.0327,2.965,SEARCH,4.6922,1.3011,0.0000,-0.0106
120439,gimbal,dynamic,46.2042,97.14,120.44,0.6049,-2.5870,46.7352,0.0261,2.965,SEARCH,4.6922,1.3011,0.0000,-0.0106
120439,gimbal,dynamic,46.2309,97.14,120.44,0.6043,-2.5866,46.7617,0.0195,2.965,SEARCH,4.6922,1.3011,0.0000,-0.0106
120439,gimbal,dynamic,46.2582,97.15,120.44,0.6033,-2.5864,46.7884,0.0128,2.965,SEARCH,4.6922,1.3011,0.0000,-0.0106
120439,gimbal,dynamic,46.2858,97.14,120.44,0.6021,-2.5863,46.8153,0.0061,2.965,SEARCH,4.6922,1.3011,0.0000,-0.0106
120439,gimbal,dynamic,46.3140,97.14,120.44,0.6006,-2.5866,46.8424,-0.0007,2.965,SEARCH,4.6922,1.3011,0.0000,-0.0106
120439,gimbal,dynamic,46.3424,97.13,120.44,0.5991,-2.5871,46.8696,-0.0075,2.965,SEARCH,4.6922,1.3011,0.0000,-0.0106
120439,gimbal,dynamic,46.3709,97.13,120.44,0.5977,-2.5882,46.8971,-0.0144,2.965,SEARCH,4.6922,1.3011,0.0000,-0.0106
120439,gimbal,dynamic,46.3993,97.12,120.44,0.5965,-2.5893,46.9247,-0.0213,2.965,SEARCH,4.6922,1.3011,0.0000,-0.0106
120439,gimbal,dynamic,46.4283,97.12,120.44,0.5950,-2.5904,46.9526,-0.0282,2.965,SEARCH,4.6922,1.3011,0.0000,-0.0106
120439,gimbal,dynamic,46.4577,97.12,120.44,0.5933,-2.5914,46.9806,-0.0352,2.965,SEARCH,4.6922,1.3011,0.0000,-0.0106
120439,gimbal,dynamic,46.4874,97.12,120.44,0.5914,-2.5923,47.0088,-0.0423,2.965,SEARCH,4.6922,1.3011,0.0000,-0.0106
120439,gimbal,dynamic,46.5166,97.11,120.44,0.5903,-2.5933,47.0373,-0.0494,2.965,SEARCH,4.6922,1.3011,0.0000,-0.0106
120439,gimbal,dynamic,46.5452,97.11,120.44,0.5900,-2.5944,47.0659,-0.0566,2.965,SEARCH,4.6922,1.3011,0.0000,-0.0106
120439,gimbal,dynamic,46.5734,97.11,120.44,0.5902,-2.5955,47.0947,-0.0638,2.965,SEARCH,4.6922,1.3011,0.0000,-0.0106
120439,gimbal,dynamic,46.6018,97.11,120.44,0.5905,-2.5962,47.1238,-0.0710,2.965,SEARCH,4.6922,1.3011,0.0000,-0.0106
120439,gimbal,dynamic,46.6306,97.11,120.44,0.5905,-2.5973,47.1530,-0.0783,2.965,SEARCH,4.6922,1.3011,0.0000,-0.0106
120439,gimbal,dynamic,46.6596,97.11,120.44,0.5905,-2.5996,47.1824,-0.0857,2.965,SEARCH,4.6922,1.3011,0.0000,-0.0106
120439,gimbal,dynamic,46.6890,97.12,120.44,0.5906,-2.6029,47.2120,-0.0931,2.965,SEARCH,4.6922,1.3011,0.0000,-0.0106
120439,gimbal,dynamic,46.7188,97.12,120.44,0.5904,-2.6067,47.2419,-0.1005,2.965,SEARCH,4.6922,1.3011,0.0000,-0.0106
120439,gimbal,dynamic,46.7490,97.12,120.44,0.5900,-2.6107,47.2719,-0.1081,2.965,SEARCH,4.6922,1.3011,0.0000,-0.0106
120439,gimbal,dynamic,46.7795,97.13,120.44,0.5895,-2.6157,47.3021,-0.1156,2.965,SEARCH,4.6922,1.3011,0.0000,-0.0106
120439,gimbal,dynamic,46.8099,97.13,120.44,0.5893,-2.6203,47.3325,-0.1232,2.965,SEARCH,4.6922,1.3011,0.0000,-0.0106
120439,gimbal,dynamic,46.8398,97.13,120.44,0.5899,-2.6254,47.3632,-0.1309,2.965,SEARCH,4.6922,1.3011,0.0000,-0.0106
120439,gimbal,dynamic,46.8692,97.13,120.44,0.5911,-2.6315,47.3940,-0.1386,2.965,SEARCH,4.6922,1.3011,0.0000,-0.0106
120439,gimbal,dynamic,46.8987,97.13,120.44,0.5925,-2.6372,47.4250,-0.1463,2.965,SEARCH,4.6922,1.3011,0.0000,-0.0106
120439,gimbal,dynamic,46.9277,97.13,120.44,0.5946,-2.6428,47.4562,-0.1541,2.965,SEARCH,4.6922,1.3011,0.0000,-0.0106
120439,gimbal,dynamic,46.9572,97.13,120.44,0.5963,-2.6474,47.4877,-0.1620,2.965,SEARCH,4.6922,1.3011,0.0000,-0.0106
120439,gimbal,dynamic,46.9871,97.13,120.44,0.5977,-2.6515,47.5193,-0.1699,2.965,SEARCH,4.6922,1.3011,0.0000,-0.0106
120439,gimbal,dynamic,47.0172,97.12,120.44,0.5992,-2.6549,47.5511,-0.1779,2.965,SEARCH,4.6922,1.3011,0.0000,-0.0106
120439,gimbal,dynamic,47.0474,97.12,120.44,0.6007,-2.6576,47.5831,-0.1859,2.965,SEARCH,4.6922,1.3011,0.0000,-0.0106
120439,gimbal,dynamic,47.0777,97.11,120.44,0.6022,-2.6603,47.6153,-0.1939,2.965,SEARCH,4.6922,1.3011,0.0000,-0.0106
120439,gimbal,dynamic,47.1092,97.11,120.44,0.6028,-2.6627,47.6477,-0.2020,2.965,SEARCH,4.6922,1.3011,0.0000,-0.0106
120439,gimbal,dynamic,47.1420,97.10,120.44,0.6023,-2.6649,47.6803,-0.2102,2.965,SEARCH,4.6922,1.3011,0.0000,-0.0106
120439,gimbal,dynamic,47.1754,97.09,120.44,0.6012,-2.6667,47.7131,-0.2184,2.965,SEARCH,4.6922,1.3011,0.0000,-0.0106
120439,gimbal,dynamic,47.2096,97.08,120.44,0.5997,-2.6685,47.7461,-0.2266,2.965,SEARCH,4.6922,1.3011,0.0000,-0.0106
120439,gimbal,dynamic,47.2444,97.07,120.44,0.5976,-2.6700,47.7793,-0.2349,2.965,SEARCH,4.6922,1.3011,0.0000,-0.0106
120439,gimbal,dynamic,47.2794,97.07,120.44,0.5956,-2.6706,47.8126,-0.2432,2.965,SEARCH,4.6922,1.3011,0.0000,-0.0106
120439,gimbal,dynamic,47.3139,97.07,120.44,0.5941,-2.6699,47.8462,-0.2516,2.965,SEARCH,4.6922,1.3011,0.0000,-0.0106
120439,gimbal,dynamic,47.3479,97.09,120.44,0.5933,-2.6683,47.8799,-0.2601,2.965,SEARCH,4.6922,1.3011,0.0000,-0.0106
120439,gimbal,dynamic,47.3810,97.64,120.44,0.5935,-2.6665,47.9138,-0.2683,2.965,SEARCH,4.6922,1.3011,0.0000,-0.0106
120439,gimbal,dynamic,47.4135,98.21,120.44,0.5945,-2.6639,47.9479,-0.2762,2.965,SEARCH,4.6922,1.3011,0.0000,-0.0106
120439,gimbal,dynamic,47.4460,98.79,120.44,0.5958,-2.6610,47.9822,-0.2838,2.965,SEARCH,4.6922,1.3011,0.0000,-0.0106
120439,gimbal,dynamic,47.4777,99.38,120.44,0.5980,-2.6576,48.0167,-0.2911,2.965,SEARCH,4.6922,1.3011,0.0000,-0.0106
120439,gimbal,dynamic,47.5088,99.98,120.44,0.6009,-2.6536,48.0513,-0.2981,2.965,SEARCH,4.6922,1.3011,0.0000,-0.0106
120439,gimbal,dynamic,47.5397,100.58,120.44,0.6043,-2.6495,48.0861,-0.3047,2.965,SEARCH,4.6922,1.3011,0.0000,-0.0106
120439,gimbal,dynamic,47.5709,101.18,120.44,0.6075,-2.6454,48.1211,-0.3110,2.965,SEARCH,4.6922,1.3011,0.0000,-0.0106
120439,gimbal,dynamic,47.6024,101.78,120.44,0.6106,-2.6406,48.1563,-0.3170,2.965,SEARCH,4.6922,1.3011,0.0000,-0.0106
120439,gimbal,dynamic,47.6351,102.37,120.44,0.6127,-2.6357,48.1916,-0.3226,2.965,SEARCH,4.6922,1.3011,0.0000,-0.0106
120439,gimbal,dynamic,47.6686,102.97,120.44,0.6142,-2.6302,48.2271,-0.3278,2.965,SEARCH,4.6922,1.3011,0.0000,-0.0106
120439,gimbal,dynamic,47.7023,103.56,120.44,0.6156,-2.6251,48.2628,-0.3327,2.965,SEARCH,4.6922,1.3011,0.0000,-0.0106
120439,gimbal,dynamic,47.7364,104.14,120.44,0.6168,-2.6200,48.2986,-0.3372,2.965,SEARCH,4.6922,1.3011,0.0000,-0.0106
120439,gimbal,dynamic,47.7720,104.72,120.44,0.6168,-2.6161,48.3346,-0.3414,2.965,SEARCH,4.6922,1.3011,0.0000,-0.0106
120439,gimbal,dynamic,47.8089,105.30,120.44,0.6157,-2.6128,48.3708,-0.3453,2.965,SEARCH,4.6922,1.3011,0.0000,-0.0106
120439,gimbal,dynamic,47.8470,105.87,120.44,0.6135,-2.6100,48.4071,-0.3487,2.965,SEARCH,4.6922,1.3011,0.0000,-0.0106
120439,gimbal,dynamic,47.8855,106.43,120.44,0.6112,-2.6075,48.4435,-0.3519,2.965,SEARCH,4.6922,1.3011,0.0000,-0.0106
120439,gimbal,dynamic,47.9242,106.99,120.44,0.6088,-2.6053,48.4801,-0.3546,2.965,SEARCH,4.6922,1.3011,0.0000,-0.0106
120439,gimbal,dynamic,47.9627,107.54,120.44,0.6069,-2.6031,48.5169,-0.3571,2.965,SEARCH,4.6922,1.3011,0.0000,-0.0106
120439,gimbal,dynamic,48.0006,108.09,120.44,0.6055,-2.6004,48.5538,-0.3592,2.965,SEARCH,4.6922,1.3011,0.0000,-0.0106
120439,gimbal,dynamic,48.0388,108.62,120.44,0.6042,-2.5975,48.5909,-0.3609,2.965,SEARCH,4.6922,1.3011,0.0000,-0.0106
120439,gimbal,dynamic,48.0768,109.15,120.44,0.6031,-2.5950,48.6281,-0.3623,2.965,SEARCH,4.6922,1.3011,0.0000,-0.0106
120439,gimbal,dynamic,48.1151,109.66,120.44,0.6019,-2.5922,48.6654,-0.3634,2.965,SEARCH,4.6922,1.3011,0.0000,-0.0106
120439,gimbal,dynamic,48.1537,110.16,120.44,0.6006,-2.5895,48.7028,-0.3641,2.965,SEARCH,4.6922,1.3011,0.0000,-0.0106
120439,gimbal,dynamic,48.1926,110.65,120.44,0.5991,-2.5867,48.7404,-0.3646,2.965,SEARCH,4.6922,1.3011,0.0000,-0.0106
120439,gimbal,dynamic,48.2315,111.12,120.44,0.5978,-2.5845,48.7782,-0.3647,2.965,SEARCH,4.6922,1.3011,0.0000,-0.0106
120439,gimbal,dynamic,48.2703,111.58,120.44,0.5967,-2.5831,48.8160,-0.3645,2.965,SEARCH,4.6922,1.3011,0.0000,-0.0106
120439,gimbal,dynamic,48.3094,112.03,120.44,0.5956,-2.5829,48.8540,-0.3641,2.965,SEARCH,4.6922,1.3011,0.0000,-0.0106
120439,gimbal,dynamic,48.3480,112.45,120.44,0.5951,-2.5832,48.8921,-0.3633,2.965,SEARCH,4.6922,1.3011,0.0000,-0.0106
120439,gimbal,dynamic,48.3861,112.86,120.44,0.5952,-2.5837,48.9303,-0.3623,2.965,SEARCH,4.6922,1.3011,0.0000,-0.0106
120439,gimbal,dynamic,48.4239,113.26,120.44,0.5958,-2.5853,48.9686,-0.3610,2.965,SEARCH,4.6922,1.3011,0.0000,-0.0106
120439,gimbal,dynamic,48.4615,113.63,120.44,0.5968,-2.5882,49.0070,-0.3594,2.965,SEARCH,4.6922,1.3011,0.0000,-0.0106
120439,gimbal,dynamic,48.4988,113.99,120.44,0.5983,-2.5923,49.0456,-0.3576,2.965,SEARCH,4.6922,1.3011,0.0000,-0.0106
120439,gimbal,dynamic,48.5363,114.33,120.44,0.5997,-2.5968,49.0842,-0.3555,2.965,SEARCH,4.6922,1.3011,0.0000,-0.0106
120439,gimbal,dynamic,48.5743,114.65,120.44,0.6007,-2.6022,49.1229,-0.3533,2.965,SEARCH,4.6922,1.3011,0.0000,-0.0106
120439,gimbal,dynamic,48.6129,114.96,120.44,0.6013,-2.6070,49.1618,-0.3508,2.965,SEARCH,4.6922,1.3011,0.0000,-0.0106
120439,gimbal,dynamic,48.6524,115.24,120.44,0.6010,-2.6118,49.2007,-0.3481,2.965,SEARCH,4.6922,1.3011,0.0000,-0.0106
120439,gimbal,dynamic,48.6920,115.50,120.44,0.6007,-2.6163,49.2397,-0.3452,2.965,SEARCH,4.6922,1.3011,0.0000,-0.0106
120439,gimbal,dynamic,48.7320,115.74,120.44,0.6001,-2.6208,49.2788,-0.3421,2.965,SEARCH,4.6922,1.3011,0.0000,-0.0106
120439,gimbal,dynamic,48.7717,115.96,120.44,0.5998,-2.6241,49.3180,-0.3389,2.965,SEARCH,4.6922,1.3011,0.0000,-0.0106
120439,gimbal,dynamic,48.8109,116.16,120.44,0.6001,-2.6262,49.3572,-0.3355,2.965,SEARCH,4.6922,1.3011,0.0000,-0.0106
120439,gimbal,dynamic,48.8485,116.34,120.44,0.6020,-2.6270,49.3966,-0.3319,2.965,SEARCH,4.6922,1.3011,0.0000,-0.0106
120439,gimbal,dynamic,48.8846,116.50,120.44,0.6054,-2.6266,49.4360,-0.3283,2.965,SEARCH,4.6922,1.3011,0.0000,-0.0106
120439,gimbal,dynamic,48.9206,116.65,120.44,0.6090,-2.6255,49.4754,-0.3245,2.965,SEARCH,4.6922,1.3011,0.0000,-0.0106
120439,gimbal,dynamic,48.9571,116.78,120.44,0.6120,-2.6237,49.5150,-0.3206,2.965,SEARCH,4.6922,1.3011,0.0000,-0.0106
120439,gimbal,dynamic,48.9941,116.89,120.44,0.6147,-2.6209,49.5546,-0.3166,2.965,SEARCH,4.6922,1.3011,0.0000,-0.0106
120439,gimbal,dynamic,49.0312,116.99,120.44,0.6172,-2.6174,49.5942,-0.3126,2.965,SEARCH,4.6922,1.3011,0.0000,-0.0106
120439,gimbal,dynamic,49.0687,117.07,120.44,0.6194,-2.6136,49.6339,-0.3084,2.965,SEARCH,4.6922,1.3011,0.0000,-0.0106
120439,gimbal,dynamic,49.1066,117.13,120.44,0.6212,-2.6098,49.6736,-0.3043,2.965,SEARCH,4.6922,1.3011,0.0000,-0.0106
120439,gimbal,dynamic,49.1455,117.18,120.44,0.6220,-2.6060,49.7134,-0.3000,2.965,SEARCH,4.6922,1.3011,0.0000,-0.0106
120439,gimbal,dynamic,49.1855,117.21,120.44,0.6218,-2.6031,49.7532,-0.2958,2.965,SEARCH,4.6922,1.3011,0.0000,-0.0106
120439,gimbal,dynamic,49.2266,117.23,120.44,0.6207,-2.6003,49.7931,-0.2915,2.965,SEARCH,4.6922,1.3011,0.0000,-0.0106
120439,gimbal,dynamic,49.2674,117.23,120.44,0.6198,-2.5980,49.8330,-0.2872,2.965,SEARCH,4.6922,1.3011,0.0000,-0.0106
120439,gimbal,dynamic,49.3078,117.22,120.44,0.6194,-2.5963,49.8729,-0.2830,2.965,SEARCH,4.6922,1.3011,0.0000,-0.0106
120439,gimbal,dynamic,49.3482,117.19,120.44,0.6190,-2.5950,49.9128,-0.2787,2.965,SEARCH,4.6922,1.3011,0.0000,-0.0106
120439,gimbal,dynamic,49.3881,117.14,120.44,0.6193,-2.5948,49.9528,-0.2745,2.965,SEARCH,4.6922,1.3011,0.0000,-0.0106
120439,gimbal,dynamic,49.4272,117.08,120.44,0.6203,-2.5956,49.9928,-0.2704,2.965,SEARCH,4.6922,1.3011,0.0000,-0.0106
120439,gimbal,dynamic,49.4654,117.00,120.44,0.6224,-2.5975,50.0328,-0.2662,2.965,SEARCH,4.6922,1.3011,0.0000,-0.0106
120439,gimbal,dynamic,49.5026,116.92,120.44,0.6254,-2.5999,50.0728,-0.2622,2.965,SEARCH,4.6922,1.3011,0.0000,-0.0106
120439,gimbal,dynamic,49.5390,116.81,120.44,0.6292,-2.6030,50.1128,-0.2582,2.965,SEARCH,4.6922,1.3011,0.0000,-0.0106
120439,gimbal,dynamic,49.5758,116.70,120.44,0.6328,-2.6061,50.1528,-0.2543,2.965,SEARCH,4.6922,1.3011,0.0000,-0.0106
120439,gimbal,dynamic,49.6125,116.56,120.44,0.6364,-2.6098,50.1928,-0.2505,2.965,SEARCH,4.6922,1.3011,0.0000,-0.0106
120439,gimbal,dynamic,49.6492,116.41,120.44,0.6400,-2.6135,50.2327,-0.2469,2.965,SEARCH,4.6922,1.3011,0.0000,-0.0106
120439,gimbal,dynamic,49.6864,116.24,120.44,0.6431,-2.6169,50.2727,-0.2433,2.965,SEARCH,4.6922,1.3011,0.0000,-0.0106
120439,gimbal,dynamic,49.7236,116.06,120.44,0.6461,-2.6206,50.3127,-0.2398,2.965,SEARCH,4.6922,1.3011,0.0000,-0.0106
120439,gimbal,dynamic,49.7615,115.86,120.44,0.6484,-2.6235,50.3526,-0.2365,2.965,SEARCH,4.6922,1.3011,0.0000,-0.0106
120439,gimbal,dynamic,49.7997,115.65,120.44,0.6503,-2.6258,50.3925,-0.2333,2.965,SEARCH,4.6922,1.3011,0.0000,-0.0106
120439,gimbal,dynamic,49.8386,115.43,120.44,0.6514,-2.6270,50.4324,-0.2303,2.965,SEARCH,4.6922,1.3011,0.0000,-0.0106
120439,gimbal,dynamic,49.8782,115.20,120.44,0.6518,-2.6277,50.4723,-0.2274,2.965,SEARCH,4.6922,1.3011,0.0000,-0.0106
120439,gimbal,dynamic,49.9187,114.96,120.44,0.6512,-2.6275,50.5121,-0.2247,2.965,SEARCH,4.6922,1.3011,0.0000,-0.0106
120439,gimbal,dynamic,49.9600,114.71,120.44,0.6498,-2.6272,50.5519,-0.2221,2.965,SEARCH,4.6922,1.3011,0.0000,-0.0106
120439,gimbal,dynamic,50.0019,114.46,120.44,0.6476,-2.6267,50.5916,-0.2197,2.965,SEARCH,4.6922,1.3011,0.0000,-0.0106
120439,gimbal,dynamic,50.0440,114.21,120.44,0.6452,-2.6256,50.6313,-0.2175,2.965,SEARCH,4.6922,1.3011,0.0000,-0.0106
120439,gimbal,dynamic,50.0863,113.96,120.44,0.6425,-2.6246,50.6709,-0.2154,2.965,SEARCH,4.6922,1.3011,0.0000,-0.0106
120439,gimbal,dynamic,50.1293,113.70,120.44,0.6391,-2.6239,50.7105,-0.2135,2.965,SEARCH,4.6922,1.3011,0.0000,-0.0106
120439,gimbal,dynamic,50.1726,113.44,120.44,0.6353,-2.6233,50.7500,-0.2119,2.965,SEARCH,4.6922,1.3011,0.0000,-0.0106
120439,gimbal,dynamic,50.2171,113.18,120.44,0.6303,-2.6228,50.7895,-0.2104,2.965,SEARCH,4.6922,1.3011,0.0000,-0.0106
120439,gimbal,dynamic,50.2616,112.92,120.44,0.6252,-2.6229,50.8288,-0.2090,2.965,SEARCH,4.6922,1.3011,0.0000,-0.0106
120439,gimbal,dynamic,50.3066,112.66,120.44,0.6196,-2.6235,50.8682,-0.2079,2.965,SEARCH,4.6922,1.3011,0.0000,-0.0106
120439,gimbal,dynamic,50.3512,112.39,120.44,0.6143,-2.6246,50.9074,-0.2070,2.965,SEARCH,4.6922,1.3011,0.0000,-0.0106
120439,gimbal,dynamic,50.3951,112.13,120.44,0.6096,-2.6259,50.9466,-0.2063,2.965,SEARCH,4.6922,1.3011,0.0000,-0.0106
120439,gimbal,dynamic,50.4382,111.86,120.44,0.6056,-2.6272,50.9856,-0.2057,2.965,SEARCH,4.6922,1.3011,0.0000,-0.0106
120439,gimbal,dynamic,50.4799,111.59,120.44,0.6030,-2.6281,51.0246,-0.2054,2.965,SEARCH,4.6922,1.3011,0.0000,-0.0106
120439,gimbal,dynamic,50.5201,111.33,120.44,0.6016,-2.6289,51.0636,-0.2052,2.965,SEARCH,4.6922,1.3011,0.0000,-0.0106
120439,gimbal,dynamic,50.5588,111.06,120.44,0.6018,-2.6295,51.1024,-0.2052,2.965,SEARCH,4.6922,1.3011,0.0000,-0.0106
120439,gimbal,dynamic,50.5969,110.79,120.44,0.6023,-2.6304,51.1411,-0.2055,2.965,SEARCH,4.6922,1.3011,0.0000,-0.0106
120439,gimbal,dynamic,50.6349,110.52,120.44,0.6029,-2.6313,51.1797,-0.2059,2.965,SEARCH,4.6922,1.3011,0.0000,-0.0106
120439,gimbal,dynamic,50.6729,110.25,120.44,0.6034,-2.6323,51.2182,-0.2064,2.965,SEARCH,4.6922,1.3011,0.0000,-0.0106
120439,gimbal,dynamic,50.7105,109.99,120.44,0.6042,-2.6338,51.2566,-0.2072,2.965,SEARCH,4.6922,1.3011,0.0000,-0.0106
120439,gimbal,dynamic,50.7475,109.72,120.44,0.6054,-2.6349,51.2949,-0.2081,2.965,SEARCH,4.6922,1.3011,0.0000,-0.0106
120439,gimbal,dynamic,50.7847,109.46,120.44,0.6064,-2.6351,51.3331,-0.2092,2.965,SEARCH,4.6922,1.3011,0.0000,-0.0106
120439,gimbal,dynamic,50.8219,109.21,120.44,0.6071,-2.6342,51.3712,-0.2105,2.965,SEARCH,4.6922,1.3011,0.0000,-0.0106
120439,gimbal,dynamic,50.8591,108.95,120.44,0.6076,-2.6319,51.4091,-0.2119,2.965,SEARCH,4.6922,1.3011,0.0000,-0.0106
120439,gimbal,dynamic,50.8959,108.70,120.44,0.6084,-2.6283,51.4470,-0.2134,2.965,SEARCH,4.6922,1.3011,0.0000,-0.0106
120439,gimbal,dynamic,50.9321,108.46,120.44,0.6095,-2.6234,51.4847,-0.2151,2.965,SEARCH,4.6922,1.3011,0.0000,-0.0106
120439,gimbal,dynamic,50.9687,108.23,120.44,0.6101,-2.6190,51.5222,-0.2170,2.965,SEARCH,4.6922,1.3011,0.0000,-0.0106
120439,gimbal,dynamic,51.0062,108.01,120.44,0.6097,-2.6147,51.5597,-0.2190,2.965,SEARCH,4.6922,1.3011,0.0000,-0.0106
120439,gimbal,dynamic,51.0446,107.81,120.44,0.6084,-2.6119,51.5970,-0.2211,2.965,SEARCH,4.6922,1.3011,0.0000,-0.0106
120439,gimbal,dynamic,51.0837,107.62,120.44,0.6063,-2.6097,51.6341,-0.2233,2.965,SEARCH,4.6922,1.3011,0.0000,-0.0106
120439,gimbal,dynamic,51.1230,107.46,120.44,0.6038,-2.6085,51.6712,-0.2256,2.965,SEARCH,4.6922,1.3011,0.0000,-0.0106
120439,gimbal,dynamic,51.1625,107.30,120.44,0.6009,-2.6082,51.7080,-0.2280,2.965,SEARCH,4.6922,1.3011,0.0000,-0.0106
120439,gimbal,dynamic,51.2012,107.16,120.44,0.5988,-2.6084,51.7448,-0.2305,2.965,SEARCH,4.6922,1.3011,0.0000,-0.0106
120439,gimbal,dynamic,51.2394,107.04,120.44,0.5971,-2.6085,51.7814,-0.2331,2.965,SEARCH,4.6922,1.3011,0.0000,-0.0106
120439,gimbal,dynamic,51.2767,106.92,120.44,0.5960,-2.6083,51.8178,-0.2358,2.965,SEARCH,4.6922,1.3011,0.0000,-0.0106
120439,gimbal,dynamic,51.3138,106.82,120.44,0.5951,-2.6081,51.8541,-0.2385,2.965,SEARCH,4.6922,1.3011,0.0000,-0.0106
120439,gimbal,dynamic,51.3507,106.73,120.44,0.5941,-2.6077,51.8902,-0.2413,2.965,SEARCH,4.6922,1.3011,0.0000,-0.0106
120439,gimbal,dynamic,51.3878,106.65,120.44,0.5927,-2.6075,51.9262,-0.2441,2.965,SEARCH,4.6922,1.3011,0.0000,-0.0106
120439,gimbal,dynamic,51.4248,106.59,120.44,0.5914,-2.6073,51.9620,-0.2470,2.965,SEARCH,4.6922,1.3011,0.0000,-0.0106
120439,gimbal,dynamic,51.4615,106.54,120.44,0.5902,-2.6068,51.9976,-0.2499,2.965,SEARCH,4.6922,1.3011,0.0000,-0.0106
120439,gimbal,dynamic,51.4976,106.50,120.44,0.5893,-2.6065,52.0331,-0.2528,2.965,SEARCH,4.6922,1.3011,0.0000,-0.0106
120439,gimbal,dynamic,51.5330,106.48,120.44,0.5890,-2.6065,52.0684,-0.2557,2.965,SEARCH,4.6922,1.3011,0.0000,-0.0106
120439,gimbal,dynamic,51.5678,106.47,120.44,0.5892,-2.6067,52.1035,-0.2586,2.965,SEARCH,4.6922,1.3011,0.0000,-0.0106
120439,gimbal,dynamic,51.6023,106.48,120.44,0.5895,-2.6070,52.1385,-0.2614,2.965,SEARCH,4.6922,1.3011,0.0000,-0.0106
120439,gimbal,dynamic,51.6365,106.50,120.44,0.5899,-2.6074,52.1733,-0.2643,2.965,SEARCH,4.6922,1.3011,0.0000,-0.0106
120439,gimbal,dynamic,51.6706,106.55,120.44,0.5903,-2.6082,52.2079,-0.2671,2.965,SEARCH,4.6922,1.3011,0.0000,-0.0106
120439,gimbal,dynamic,51.7048,106.61,120.44,0.5905,-2.6095,52.2423,-0.2698,2.965,SEARCH,4.6922,1.3011,0.0000,-0.0106
120439,gimbal,dynamic,51.7389,106.68,120.44,0.5905,-2.6108,52.2766,-0.2725,2.965,SEARCH,4.6922,1.3011,0.0000,-0.0106
120439,gimbal,dynamic,51.7730,106.78,120.44,0.5904,-2.6124,52.3106,-0.2752,2.965,SEARCH,4.6922,1.3011,0.0000,-0.0106
120439,gimbal,dynamic,51.8067,106.89,120.44,0.5906,-2.6144,52.3445,-0.2777,2.965,SEARCH,4.6922,1.3011,0.0000,-0.0106
120439,gimbal,dynamic,51.8402,107.03,120.44,0.5907,-2.6163,52.3782,-0.2802,2.965,SEARCH,4.6922,1.3011,0.0000,-0.0106
120439,gimbal,dynamic,51.8736,107.18,120.44,0.5907,-2.6178,52.4117,-0.2825,2.965,SEARCH,4.6922,1.3011,0.0000,-0.0106
120439,gimbal,dynamic,51.9071,107.34,120.44,0.5905,-2.6186,52.4450,-0.2848,2.965,SEARCH,4.6922,1.3011,0.0000,-0.0106
120439,gimbal,dynamic,51.9406,107.53,120.44,0.5900,-2.6194,52.4782,-0.2869,2.965,SEARCH,4.6922,1.3011,0.0000,-0.0106
120439,gimbal,dynamic,51.9744,107.73,120.44,0.5890,-2.6204,52.5111,-0.2889,2.965,SEARCH,4.6922,1.3011,0.0000,-0.0106
120439,gimbal,dynamic,52.0081,107.95,120.44,0.5881,-2.6215,52.5439,-0.2908,2.965,SEARCH,4.6922,1.3011,0.0000,-0.0106
120439,gimbal,dynamic,52.0420,108.20,120.44,0.5866,-2.6224,52.5764,-0.2925,2.965,SEARCH,4.6922,1.3011,0.0000,-0.0106
120439,gimbal,dynamic,52.0764,108.46,120.44,0.5845,-2.6229,52.6088,-0.2941,2.965,SEARCH,4.6922,1.3011,0.0000,-0.0106
120439,gimbal,dynamic,52.1101,108.74,120.44,0.5828,-2.6231,52.6410,-0.2955,2.965,SEARCH,4.6922,1.3011,0.0000,-0.0106
120439,gimbal,dynamic,52.1439,109.03,120.44,0.5810,-2.6235,52.6730,-0.2967,2.965,SEARCH,4.6922,1.3011,0.0000,-0.0106
120439,gimbal,dynamic,52.1772,109.35,120.44,0.5794,-2.6241,52.7047,-0.2978,2.965,SEARCH,4.6922,1.3011,0.0000,-0.0106
120439,gimbal,dynamic,52.2103,109.68,120.44,0.5779,-2.6251,52.7363,-0.2987,2.965,SEARCH,4.6922,1.3011,0.0000,-0.0106
120439,gimbal,dynamic,52.2431,110.03,120.44,0.5765,-2.6267,52.7677,-0.2993,2.965,SEARCH,4.6922,1.3011,0.0000,-0.0106
120439,gimbal,dynamic,52.2749,110.40,120.44,0.5759,-2.6282,52.7989,-0.2998,2.965,SEARCH,4.6922,1.3011,0.0000,-0.0106
120439,gimbal,dynamic,52.3057,110.78,120.44,0.5760,-2.6298,52.8299,-0.3001,2.965,SEARCH,4.6922,1.3011,0.0000,-0.0106
120439,gimbal,dynamic,52.3357,111.18,120.44,0.5769,-2.6324,52.8607,-0.3001,2.965,SEARCH,4.6922,1.3011,0.0000,-0.0106
120439,gimbal,dynamic,52.3654,111.60,120.44,0.5780,-2.6354,52.8913,-0.3000,2.965,SEARCH,4.6922,1.3011,0.0000,-0.0106
120439,gimbal,dynamic,52.3944,112.03,120.44,0.5795,-2.6389,52.9216,-0.2996,2.965,SEARCH,4.6922,1.3011,0.0000,-0.0106
120439,gimbal,dynamic,52.4224,112.47,120.44,0.5818,-2.6421,52.9518,-0.2990,2.965,SEARCH,4.6922,1.3011,0.0000,-0.0106
120439,gimbal,dynamic,52.4490,112.92,120.44,0.5853,-2.6454,52.9818,-0.2982,2.965,SEARCH,4.6922,1.3011,0.0000,-0.0106
120439,gimbal,dynamic,52.4749,113.39,120.44,0.5894,-2.6484,53.0116,-0.2971,2.965,SEARCH,4.6922,1.3011,0.0000,-0.0106
120439,gimbal,dynamic,52.4998,113.86,120.44,0.5942,-2.6512,53.0412,-0.2958,2.965,SEARCH,4.6922,1.3011,0.0000,-0.0106
120439,gimbal,dynamic,52.5250,114.35,120.44,0.5985,-2.6530,53.0706,-0.2942,2.965,SEARCH,4.6922,1.3011,0.0000,-0.0106
120439,gimbal,dynamic,52.5508,114.84,120.44,0.6021,-2.6536,53.0998,-0.2925,2.965,SEARCH,4.6922,1.3011,0.0000,-0.0106
120439,gimbal,dynamic,52.5772,115.34,120.44,0.6047,-2.6529,53.1288,-0.2904,2.965,SEARCH,4.6922,1.3011,0.0000,-0.0106
120439,gimbal,dynamic,52.6042,115.84,120.44,0.6064,-2.6507,53.1576,-0.2881,2.965,SEARCH,4.6922,1.3011,0.0000,-0.0106
120439,gimbal,dynamic,52.6318,116.35,120.44,0.6074,-2.6479,53.1862,-0.2856,2.965,SEARCH,4.6922,1.3011,0.0000,-0.0106
120439,gimbal,dynamic,52.6595,116.87,120.44,0.6080,-2.6448,53.2146,-0.2828,2.965,SEARCH,4.6922,1.3011,0.0000,-0.0106
120439,gimbal,dynamic,52.6880,117.40,120.44,0.6077,-2.6408,53.2428,-0.2798,2.965,SEARCH,4.6922,1.3011,0.0000,-0.0106
120439,gimbal,dynamic,52.7172,117.94,120.44,0.6064,-2.6364,53.2708,-0.2765,2.965,SEARCH,4.6922,1.3011,0.0000,-0.0106
120439,gimbal,dynamic,52.7466,118.48,120.44,0.6047,-2.6321,53.2986,-0.2730,2.965,SEARCH,4.6922,1.3011,0.0000,-0.0106
120439,gimbal,dynamic,52.7759,119.03,120.44,0.6031,-2.6282,53.3262,-0.2693,2.965,SEARCH,4.6922,1.3011,0.0000,-0.0106
120439,gimbal,dynamic,52.8052,119.58,120.44,0.6011,-2.6245,53.3536,-0.2653,2.965,SEARCH,4.6922,1.3011,0.0000,-0.0106
120439,gimbal,dynamic,52.8335,120.14,120.44,0.6000,-2.6209,53.3808,-0.2610,2.965,SEARCH,4.6922,1.3011,0.0000,-0.0106
120439,gimbal,dynamic,52.8603,120.70,120.44,0.6003,-2.6179,53.4079,-0.2565,2.965,SEARCH,4.6922,1.3011,0.0000,-0.0106
120439,gimbal,dynamic,52.8860,121.26,120.44,0.6016,-2.6155,53.4347,-0.2518,2.965,SEARCH,4.6922,1.3011,0.0000,-0.0106
120439,gimbal,dynamic,52.9108,121.83,120.44,0.6035,-2.6138,53.4614,-0.2469,2.965,SEARCH,4.6922,1.3011,0.0000,-0.0106
120439,gimbal,dynamic,52.9352,122.38,120.44,0.6058,-2.6130,53.4878,-0.2417,2.965,SEARCH,4.6922,1.3011,0.0000,-0.0106
120439,gimbal,dynamic,52.9593,122.93,120.44,0.6082,-2.6129,53.5141,-0.2363,2.965,SEARCH,4.6922,1.3011,0.0000,-0.0106
120439,gimbal,dynamic,52.9833,123.48,120.44,0.6105,-2.6140,53.5402,-0.2307,2.965,SEARCH,4.6922,1.3011,0.0000,-0.0106
120439,gimbal,dynamic,53.0077,124.01,120.44,0.6123,-2.6151,53.5661,-0.2249,2.965,SEARCH,4.6922,1.3011,0.0000,-0.0106
120439,gimbal,dynamic,53.0324,124.53,120.44,0.6137,-2.6161,53.5919,-0.2189,2.965,SEARCH,4.6922,1.3011,0.0000,-0.0106
120439,gimbal,dynamic,53.0576,125.03,120.44,0.6143,-2.6170,53.6174,-0.2127,2.965,SEARCH,4.6922,1.3011,0.0000,-0.0106
120439,gimbal,dynamic,53.0831,125.23,120.44,0.6145,-2.6181,53.6428,-0.2064,2.965,SEARCH,4.6922,1.3011,0.0000,-0.0106
120439,gimbal,dynamic,53.1087,125.23,120.44,0.6144,-2.6190,53.6680,-0.2001,2.965,SEARCH,4.6922,1.3011,0.0000,-0.0106
120439,gimbal,dynamic,53.1342,125.21,120.44,0.6142,-2.6198,53.6930,-0.1938,2.965,SEARCH,4.6922,1.3011,0.0000,-0.0106
120439,gimbal,dynamic,53.1597,125.20,120.44,0.6138,-2.6199,53.7179,-0.1876,2.965,SEARCH,4.6922,1.3011,0.0000,-0.0106
120439,gimbal,dynamic,53.1849,125.19,120.44,0.6135,-2.6193,53.7425,-0.1814,2.965,SEARCH,4.6922,1.3011,0.0000,-0.0106
120439,gimbal,dynamic,53.2094,125.18,120.44,0.6138,-2.6185,53.7670,-0.1753,2.965,SEARCH,4.6922,1.3011,0.0000,-0.0106
120439,gimbal,dynamic,53.2333,125.17,120.44,0.6144,-2.6173,53.7914,-0.1692,2.965,SEARCH,4.6922,1.3011,0.0000,-0.0106
120439,gimbal,dynamic,53.2572,125.17,120.44,0.6149,-2.6161,53.8156,-0.1632,2.965,SEARCH,4.6922,1.3011,0.0000,-0.0106
120439,gimbal,dynamic,53.2802,125.16,120.44,0.6161,-2.6148,53.8396,-0.1571,2.965,SEARCH,4.6922,1.3011,0.0000,-0.0106
120439,gimbal,dynamic,53.3024,125.17,120.44,0.6180,-2.6142,53.8635,-0.1512,2.965,SEARCH,4.6922,1.3011,0.0000,-0.0106
120439,gimbal,dynamic,53.3237,125.17,120.44,0.6206,-2.6141,53.8872,-0.1453,2.965,SEARCH,4.6922,1.3011,0.0000,-0.0106
120439,gimbal,dynamic,53.3450,125.17,120.44,0.6232,-2.6148,53.9107,-0.1394,2.965,SEARCH,4.6922,1.3011,0.0000,-0.0106
120439,gimbal,dynamic,53.3664,125.18,120.44,0.6255,-2.6159,53.9341,-0.1335,2.965,SEARCH,4.6922,1.3011,0.0000,-0.0106
120439,gimbal,dynamic,53.3881,125.18,120.44,0.6274,-2.6170,53.9574,-0.1277,2.965,SEARCH,4.6922,1.3011,0.0000,-0.0106
120439,gimbal,dynamic,53.4104,125.19,120.44,0.6284,-2.6176,53.9805,-0.1219,2.965,SEARCH,4.6922,1.3011,0.0000,-0.0106
120439,gimbal,dynamic,53.4335,125.19,120.44,0.6285,-2.6177,54.0034,-0.1162,2.965,SEARCH,4.6922,1.3011,0.0000,-0.0106
120439,gimbal,dynamic,53.4575,125.19,120.44,0.6276,-2.6172,54.0262,-0.1105,2.965,SEARCH,4.6922,1.3011,0.0000,-0.0106
120439,gimbal,dynamic,53.4818,125.19,120.44,0.6262,-2.6164,54.0489,-0.1048,2.965,SEARCH,4.6922,1.3011,0.0000,-0.0106
120439,gimbal,dynamic,53.5061,125.18,120.44,0.6245,-2.6150,54.0715,-0.0992,2.965,SEARCH,4.6922,1.3011,0.0000,-0.0106
120439,gimbal,dynamic,53.5305,125.18,120.44,0.6227,-2.6133,54.0939,-0.0936,2.965,SEARCH,4.6922,1.3011,0.0000,-0.0106
120439,gimbal,dynamic,53.5554,125.18,120.44,0.6202,-2.6109,54.1162,-0.0880,2.965,SEARCH,4.6922,1.3011,0.0000,-0.0106
120439,gimbal,dynamic,53.5806,125.17,120.44,0.6173,-2.6079,54.1383,-0.0825,2.965,SEARCH,4.6922,1.3011,0.0000,-0.0106
120439,gimbal,dynamic,53.6056,125.17,120.44,0.6144,-2.6047,54.1604,-0.0770,2.965,SEARCH,4.6922,1.3011,0.0000,-0.0106
120439,gimbal,dynamic,53.6310,125.16,120.44,0.6110,-2.6010,54.1823,-0.0715,2.965,SEARCH,4.6922,1.3011,0.0000,-0.0106
120439,gimbal,dynamic,53.6565,125.16,120.44,0.6073,-2.5972,54.2041,-0.0660,2.965,SEARCH,4.6922,1.3011,0.0000,-0.0106
120439,gimbal,dynamic,53.6814,125.16,120.44,0.6041,-2.5936,54.2258,-0.0606,2.965,SEARCH,4.6922,1.3011,0.0000,-0.0106
120439,gimbal,dynamic,53.7055,125.17,120.44,0.6017,-2.5903,54.2474,-0.0552,2.965,SEARCH,4.6922,1.3011,0.0000,-0.0106
120439,gimbal,dynamic,53.7284,125.17,120.44,0.6004,-2.5882,54.2688,-0.0498,2.965,SEARCH,4.6922,1.3011,0.0000,-0.0106
120439,gimbal,dynamic,53.7504,125.18,120.44,0.6000,-2.5871,54.2902,-0.0445,2.965,SEARCH,4.6922,1.3011,0.0000,-0.0106
120439,gimbal,dynamic,53.7717,125.19,120.44,0.6001,-2.5864,54.3115,-0.0392,2.965,SEARCH,4.6922,1.3011,0.0000,-0.0106
120439,gimbal,dynamic,53.7924,125.20,120.44,0.6009,-2.5865,54.3326,-0.0339,2.965,SEARCH,4.6922,1.3011,0.0000,-0.0106
120439,gimbal,dynamic,53.8123,125.21,120.44,0.6023,-2.5870,54.3537,-0.0286,2.965,SEARCH,4.6922,1.3011,0.0000,-0.0106
120439,gimbal,dynamic,53.8318,125.22,120.44,0.6041,-2.5878,54.3747,-0.0234,2.965,SEARCH,4.6922,1.3011,0.0000,-0.0106
120439,gimbal,dynamic,53.8510,125.22,120.44,0.6060,-2.5887,54.3956,-0.0181,2.965,SEARCH,4.6922,1.3011,0.0000,-0.0106
120439,gimbal,dynamic,53.8698,125.23,120.44,0.6084,-2.5906,54.4165,-0.0129,2.965,SEARCH,4.6922,1.3011,0.0000,-0.0106
120439,gimbal,dynamic,53.8883,125.23,120.44,0.6109,-2.5930,54.4372,-0.0077,2.965,SEARCH,4.6922,1.3011,0.0000,-0.0106
120439,gimbal,dynamic,53.9073,125.23,120.44,0.6130,-2.5961,54.4579,-0.0026,2.965,SEARCH,4.6922,1.3011,0.0000,-0.0106
120439,gimbal,dynamic,53.9274,125.23,120.44,0.6139,-2.5998,54.4785,0.0026,2.965,SEARCH,4.6922,1.3011,0.0000,-0.0106
120439,gimbal,dynamic,53.9483,125.22,120.44,0.6140,-2.6040,54.4990,0.0077,2.965,SEARCH,4.6922,1.3011,0.0000,-0.0106
120439,gimbal,dynamic,53.9694,125.22,120.44,0.6137,-2.6077,54.5195,0.0128,2.965,SEARCH,4.6922,1.3011,0.0000,-0.0106
120439,gimbal,dynamic,53.9906,125.21,120.44,0.6135,-2.6120,54.5399,0.0179,2.965,SEARCH,4.6922,1.3011,0.0000,-0.0106
120439,gimbal,dynamic,54.0117,125.19,120.44,0.6132,-2.6164,54.5603,0.0230,2.965,SEARCH,4.6922,1.3011,0.0000,-0.0106
120439,gimbal,dynamic,54.0327,124.94,120.44,0.6129,-2.6205,54.5806,0.0281,2.965,SEARCH,4.6922,1.3011,0.0000,-0.0106
120439,gimbal,dynamic,54.0534,124.26,120.44,0.6128,-2.6237,54.6009,0.0329,2.965,SEARCH,4.6922,1.3011,0.0000,-0.0106
120439,gimbal,dynamic,54.0742,123.55,120.44,0.6125,-2.6267,54.6211,0.0374,2.965,SEARCH,4.6922,1.3011,0.0000,-0.0106
120439,gimbal,dynamic,54.0947,122.81,120.44,0.6125,-2.6285,54.6413,0.0417,2.965,SEARCH,4.6922,1.3011,0.0000,-0.0106
120439,gimbal,dynamic,54.1142,122.05,120.44,0.6134,-2.6292,54.6614,0.0457,2.965,SEARCH,4.6922,1.3011,0.0000,-0.0106
120439,gimbal,dynamic,54.1330,121.26,120.44,0.6148,-2.6298,54.6815,0.0494,2.965,SEARCH,4.6922,1.3011,0.0000,-0.0106
120439,gimbal,dynamic,54.1516,120.44,120.44,0.6165,-2.6302,54.7016,0.0528,2.965,SEARCH,4.6922,1.3011,0.0000,-0.0106
120439,gimbal,dynamic,54.1703,119.61,120.44,0.6180,-2.6297,54.7217,0.0559,2.965,SEARCH,4.6922,1.3011,0.0000,-0.0106
120439,gimbal,dynamic,54.1890,118.75,120.44,0.6193,-2.6286,54.7417,0.0587,2.965,SEARCH,4.6922,1.3011,0.0000,-0.0106
120439,gimbal,dynamic,54.2082,117.87,120.44,0.6202,-2.6274,54.7617,0.0611,2.965,SEARCH,4.6922,1.3011,0.0000,-0.0106
120439,gimbal,dynamic,54.2271,116.98,120.44,0.6213,-2.6262,54.7817,0.0633,2.965,SEARCH,4.6922,1.3011,0.0000,-0.0106
120439,gimbal,dynamic,54.2456,116.07,120.44,0.6229,-2.6248,54.8017,0.0651,2.965,SEARCH,4.6922,1.3011,0.0000,-0.0106
120439,gimbal,dynamic,54.2644,115.15,120.44,0.6241,-2.6240,54.8217,0.0667,2.965,SEARCH,4.6922,1.3011,0.0000,-0.0106
120439,gimbal,dynamic,54.2832,114.22,120.44,0.6253,-2.6231,54.8417,0.0678,2.965,SEARCH,4.6922,1.3011,0.0000,-0.0106
120439,gimbal,dynamic,54.3015,113.28,120.44,0.6269,-2.6224,54.8617,0.0687,2.965,SEARCH,4.6922,1.3011,0.0000,-0.0106
120439,gimbal,dynamic,54.3198,112.33,120.44,0.6287,-2.6215,54.8818,0.0692,2.965,SEARCH,4.6922,1.3011,0.0000,-0.0106
120439,gimbal,dynamic,54.3384,111.37,120.44,0.6300,-2.6204,54.9018,0.0694,2.965,SEARCH,4.6922,1.3011,0.0000,-0.0106
120439,gimbal,dynamic,54.3573,110.41,120.44,0.6311,-2.6192,54.9218,0.0693,2.965,SEARCH,4.6922,1.3011,0.0000,-0.0106
120439,gimbal,dynamic,54.3769,109.45,120.44,0.6314,-2.6178,54.9419,0.0688,2.965,SEARCH,4.6922,1.3011,0.0000,-0.0106
120439,gimbal,dynamic,54.3973,108.49,120.44,0.6310,-2.6168,54.9620,0.0680,2.965,SEARCH,4.6922,1.3011,0.0000,-0.0106
120439,gimbal,dynamic,54.4187,107.53,120.44,0.6296,-2.6171,54.9821,0.0668,2.965,SEARCH,4.6922,1.3011,0.0000,-0.0106
120439,gimbal,dynamic,54.4413,106.58,120.44,0.6271,-2.6181,55.0022,0.0653,2.965,SEARCH,4.6922,1.3011,0.0000,-0.0106
120439,gimbal,dynamic,54.4649,105.65,120.44,0.6236,-2.6192,55.0224,0.0635,2.965,SEARCH,4.6922,1.3011,0.0000,-0.0106
120439,gimbal,dynamic,54.4897,104.72,120.44,0.6190,-2.6210,55.0426,0.0613,2.965,SEARCH,4.6922,1.3011,0.0000,-0.0106
120439,gimbal,dynamic,54.5148,103.80,120.44,0.6141,-2.6230,55.0629,0.0588,2.965,SEARCH,4.6922,1.3011,0.0000,-0.0106
120439,gimbal,dynamic,54.5410,102.91,120.44,0.6081,-2.6253,55.0832,0.0560,2.965,SEARCH,4.6922,1.3011,0.0000,-0.0106
120439,gimbal,dynamic,54.5678,102.03,120.44,0.6016,-2.6274,55.1036,0.0528,2.965,SEARCH,4.6922,1.3011,0.0000,-0.0106
120439,gimbal,dynamic,54.5940,101.16,120.44,0.5957,-2.6293,55.1240,0.0493,2.965,SEARCH,4.6922,1.3011,0.0000,-0.0106
120439,gimbal,dynamic,54.6194,100.32,120.44,0.5906,-2.6312,55.1445,0.0455,2.965,SEARCH,4.6922,1.3011,0.0000,-0.0106
120439,gimbal,dynamic,54.6430,99.51,120.44,0.5875,-2.6333,55.1650,0.0413,2.965,SEARCH,4.6922,1.3011,0.0000,-0.0106
120439,gimbal,dynamic,54.6657,98.72,120.44,0.5853,-2.6355,55.1856,0.0369,2.965,SEARCH,4.6922,1.3011,0.0000,-0.0106
120439,gimbal,dynamic,54.6883,97.96,120.44,0.5832,-2.6370,55.2063,0.0321,2.965,SEARCH,4.6922,1.3011,0.0000,-0.0106
120439,gimbal,dynamic,54.7104,97.22,120.44,0.5816,-2.6374,55.2270,0.0271,2.965,SEARCH,4.6922,1.3011,0.0000,-0.0106
120439,gimbal,dynamic,54.7319,97.13,120.44,0.5806,-2.6374,55.2479,0.0219,2.965,SEARCH,4.6922,1.3011,0.0000,-0.0106
120439,gimbal,dynamic,54.7532,97.13,120.44,0.5799,-2.6370,55.2688,0.0166,2.965,SEARCH,4.6922,1.3011,0.0000,-0.0106
120439,gimbal,dynamic,54.7743,97.13,120.44,0.5795,-2.6368,55.2898,0.0114,2.965,SEARCH,4.6922,1.3011,0.0000,-0.0106
120439,gimbal,dynamic,54.7954,97.13,120.44,0.5793,-2.6368,55.3109,0.0061,2.965,SEARCH,4.6922,1.3011,0.0000,-0.0106
120439,gimbal,dynamic,54.8159,97.13,120.44,0.5797,-2.6366,55.3320,0.0008,2.965,SEARCH,4.6922,1.3011,0.0000,-0.0106
120439,gimbal,dynamic,54.8362,97.13,120.44,0.5803,-2.6357,55.3533,-0.0045,2.965,SEARCH,4.6922,1.3011,0.0000,-0.0106
120439,gimbal,dynamic,54.8561,97.12,120.44,0.5814,-2.6343,55.3747,-0.0098,2.965,SEARCH,4.6922,1.3011,0.0000,-0.0106
120439,gimbal,dynamic,54.8762,97.12,120.44,0.5824,-2.6327,55.3962,-0.0152,2.965,SEARCH,4.6922,1.3011,0.0000,-0.0106
120439,gimbal,dynamic,54.8968,97.11,120.44,0.5830,-2.6306,55.4177,-0.0206,2.965,SEARCH,4.6922,1.3011,0.0000,-0.0106
120439,gimbal,dynamic,54.9186,97.10,120.44,0.5825,-2.6282,55.4394,-0.0260,2.965,SEARCH,4.6922,1.3011,0.0000,-0.0106
120439,gimbal,dynamic,54.9411,97.10,120.44,0.5814,-2.6260,55.4612,-0.0315,2.965,SEARCH,4.6922,1.3011,0.0000,-0.0106
120439,gimbal,dynamic,54.9636,97.09,120.44,0.5805,-2.6239,55.4832,-0.0370,2.965,SEARCH,4.6922,1.3011,0.0000,-0.0106
120439,gimbal,dynamic,54.9858,97.09,120.44,0.5799,-2.6218,55.5052,-0.0425,2.965,SEARCH,4.6922,1.3011,0.0000,-0.0106
120439,gimbal,dynamic,55.0079,97.10,120.44,0.5796,-2.6199,55.5274,-0.0480,2.965,SEARCH,4.6922,1.3011,0.0000,-0.0106
120439,gimbal,dynamic,55.0301,97.10,120.44,0.5794,-2.6184,55.5497,-0.0536,2.965,SEARCH,4.6922,1.3011,0.0000,-0.0106
120439,gimbal,dynamic,55.0525,97.10,120.44,0.5791,-2.6180,55.5721,-0.0592,2.965,SEARCH,4.6922,1.3011,0.0000,-0.0106
120439,gimbal,dynamic,55.0749,97.11,120.44,0.5790,-2.6186,55.5946,-0.0648,2.965,SEARCH,4.6922,1.3011,0.0000,-0.0106
120439,gimbal,dynamic,55.0975,97.12,120.44,0.5788,-2.6196,55.6173,-0.0705,2.965,SEARCH,4.6922,1.3011,0.0000,-0.0106
120439,gimbal,dynamic,55.1206,97.13,120.44,0.5783,-2.6209,55.6401,-0.0762,2.965,SEARCH,4.6922,1.3011,0.0000,-0.0106
120439,gimbal,dynamic,55.1441,97.13,120.44,0.5776,-2.6234,55.6631,-0.0819,2.965,SEARCH,4.6922,1.3011,0.0000,-0.0106
120439,gimbal,dynamic,55.1681,97.14,120.44,0.5766,-2.6265,55.6862,-0.0877,2.965,SEARCH,4.6922,1.3011,0.0000,-0.0106
120439,gimbal,dynamic,55.1921,97.14,120.44,0.5756,-2.6293,55.7095,-0.0935,2.965,SEARCH,4.6922,1.3011,0.0000,-0.0106
120439,gimbal,dynamic,55.2159,97.14,120.44,0.5751,-2.6319,55.7329,-0.0994,2.965,SEARCH,4.6922,1.3011,0.0000,-0.0106
120439,gimbal,dynamic,55.2396,97.13,120.44,0.5747,-2.6342,55.7564,-0.1053,2.965,SEARCH,4.6922,1.3011,0.0000,-0.0106
120439,gimbal,dynamic,55.2638,97.13,120.44,0.5740,-2.6358,55.7801,-0.1112,2.965,SEARCH,4.6922,1.3011,0.0000,-0.0106
120439,gimbal,dynamic,55.2880,97.12,120.44,0.5735,-2.6366,55.8040,-0.1172,2.965,SEARCH,4.6922,1.3011,0.0000,-0.0106
120439,gimbal,dynamic,55.3117,97.11,120.44,0.5734,-2.6365,55.8280,-0.1232,2.965,SEARCH,4.6922,1.3011,0.0000,-0.0106
120439,gimbal,dynamic,55.3347,97.10,120.44,0.5743,-2.6355,55.8522,-0.1292,2.965,SEARCH,4.6922,1.3011,0.0000,-0.0106
120439,gimbal,dynamic,55.3572,97.10,120.44,0.5758,-2.6343,55.8765,-0.1353,2.965,SEARCH,4.6922,1.3011,0.0000,-0.0106
120439,gimbal,dynamic,55.3796,97.10,120.44,0.5776,-2.6331,55.9011,-0.1414,2.965,SEARCH,4.6922,1.3011,0.0000,-0.0106
120439,gimbal,dynamic,55.4022,97.10,120.44,0.5793,-2.6318,55.9257,-0.1476,2.965,SEARCH,4.6922,1.3011,0.0000,-0.0106
120439,gimbal,dynamic,55.4252,97.10,120.44,0.5807,-2.6302,55.9506,-0.1538,2.965,SEARCH,4.6922,1.3011,0.0000,-0.0106
120439,gimbal,dynamic,55.4494,97.10,120.44,0.5812,-2.6288,55.9756,-0.1601,2.965,SEARCH,4.6922,1.3011,0.0000,-0.0106
120439,gimbal,dynamic,55.4750,97.11,120.44,0.5804,-2.6269,56.0008,-0.1664,2.965,SEARCH,4.6922,1.3011,0.0000,-0.0106
120439,gimbal,dynamic,55.5022,97.11,120.44,0.5783,-2.6254,56.0262,-0.1727,2.965,SEARCH,4.6922,1.3011,0.0000,-0.0106
120439,gimbal,dynamic,55.5303,97.11,120.44,0.5754,-2.6243,56.0518,-0.1791,2.965,SEARCH,4.6922,1.3011,0.0000,-0.0106
120439,gimbal,dynamic,55.5592,97.11,120.44,0.5719,-2.6237,56.0775,-0.1855,2.965,SEARCH,4.6922,1.3011,0.0000,-0.0106
120439,gimbal,dynamic,55.5886,97.12,120.44,0.5680,-2.6239,56.1034,-0.1920,2.965,SEARCH,4.6922,1.3011,0.0000,-0.0106
120439,gimbal,dynamic,55.6182,97.12,120.44,0.5642,-2.6242,56.1295,-0.1985,2.965,SEARCH,4.6922,1.3011,0.0000,-0.0106
120439,gimbal,dynamic,55.6475,97.12,120.44,0.5609,-2.6246,56.1558,-0.2051,2.965,SEARCH,4.6922,1.3011,0.0000,-0.0106
120439,gimbal,dynamic,55.6767,97.12,120.44,0.5579,-2.6245,56.1823,-0.2117,2.965,SEARCH,4.6922,1.3011,0.0000,-0.0106
120439,gimbal,dynamic,55.7053,97.13,120.44,0.5556,-2.6240,56.2089,-0.2184,2.965,SEARCH,4.6922,1.3011,0.0000,-0.0106
120439,gimbal,dynamic,55.7334,97.13,120.44,0.5540,-2.6230,56.2358,-0.2251,2.965,SEARCH,4.6922,1.3011,0.0000,-0.0106
120439,gimbal,dynamic,55.7608,97.13,120.44,0.5533,-2.6215,56.2628,-0.2319,2.965,SEARCH,4.6922,1.3011,0.0000,-0.0106
120439,gimbal,dynamic,55.7876,97.13,120.44,0.5533,-2.6200,56.2900,-0.2387,2.965,SEARCH,4.6922,1.3011,0.0000,-0.0106
120439,gimbal,dynamic,55.8141,97.13,120.44,0.5539,-2.6185,56.3175,-0.2455,2.965,SEARCH,4.6922,1.3011,0.0000,-0.0106
120439,gimbal,dynamic,55.8401,97.14,120.44,0.5550,-2.6166,56.3451,-0.2524,2.965,SEARCH,4.6922,1.3011,0.0000,-0.0106
120439,gimbal,dynamic,55.8664,97.14,120.44,0.5562,-2.6147,56.3729,-0.2594,2.965,SEARCH,4.6922,1.3011,0.0000,-0.0106
120439,gimbal,dynamic,55.8927,97.14,120.44,0.5575,-2.6136,56.4009,-0.2664,2.965,SEARCH,4.6922,1.3011,0.0000,-0.0106
120439,gimbal,dynamic,55.9210,97.14,120.44,0.5571,-2.6129,56.4291,-0.2734,2.965,SEARCH,4.6922,1.3011,0.0000,-0.0106
120439,gimbal,dynamic,55.9534,97.15,120.44,0.5528,-2.6127,56.4575,-0.2805,2.965,SEARCH,4.6922,1.3011,0.0000,-0.0106
120439,gimbal,dynamic,55.9869,97.16,120.44,0.5475,-2.6128,56.4861,-0.2877,2.965,SEARCH,4.6922,1.3011,0.0000,-0.0106
120439,gimbal,dynamic,56.0198,97.17,120.44,0.5431,-2.6131,56.5149,-0.2949,2.965,SEARCH,4.6922,1.3011,0.0000,-0.0106
120439,gimbal,dynamic,56.0520,97.69,120.44,0.5396,-2.6133,56.5439,-0.3020,2.965,SEARCH,4.6922,1.3011,0.0000,-0.0106
120439,gimbal,dynamic,56.0836,98.24,120.44,0.5369,-2.6136,56.5731,-0.3088,2.965,SEARCH,4.6922,1.3011,0.0000,-0.0106
120439,gimbal,dynamic,56.1149,98.79,120.44,0.5347,-2.6141,56.6025,-0.3153,2.965,SEARCH,4.6922,1.3011,0.0000,-0.0106
120439,gimbal,dynamic,56.1458,99.35,120.44,0.5331,-2.6143,56.6321,-0.3217,2.965,SEARCH,4.6922,1.3011,0.0000,-0.0106
120439,gimbal,dynamic,56.1766,99.92,120.44,0.5319,-2.6146,56.6619,-0.3277,2.965,SEARCH,4.6922,1.3011,0.0000,-0.0106
120439,gimbal,dynamic,56.2071,100.49,120.44,0.5311,-2.6148,56.6919,-0.3335,2.965,SEARCH,4.6922,1.3011,0.0000,-0.0106
120439,gimbal,dynamic,56.2375,101.06,120.44,0.5306,-2.6149,56.7221,-0.3390,2.965,SEARCH,4.6922,1.3011,0.0000,-0.0106
120439,gimbal,dynamic,56.2681,101.63,120.44,0.5302,-2.6154,56.7525,-0.3443,2.965,SEARCH,4.6922,1.3011,0.0000,-0.0106
120439,gimbal,dynamic,56.2992,102.21,120.44,0.5295,-2.6166,56.7831,-0.3493,2.965,SEARCH,4.6922,1.3011,0.0000,-0.0106
120439,gimbal,dynamic,56.3309,102.79,120.44,0.5285,-2.6187,56.8139,-0.3539,2.965,SEARCH,4.6922,1.3011,0.0000,-0.0106
120439,gimbal,dynamic,56.3629,103.37,120.44,0.5274,-2.6215,56.8448,-0.3583,2.965,SEARCH,4.6922,1.3011,0.0000,-0.0106
120439,gimbal,dynamic,56.3945,103.95,120.44,0.5269,-2.6242,56.8760,-0.3624,2.965,SEARCH,4.6922,1.3011,0.0000,-0.0106
120439,gimbal,dynamic,56.4252,104.52,120.44,0.5275,-2.6265,56.9074,-0.3662,2.965,SEARCH,4.6922,1.3011,0.0000,-0.0106
120439,gimbal,dynamic,56.4549,105.10,120.44,0.5293,-2.6282,56.9390,-0.3698,2.965,SEARCH,4.6922,1.3011,0.0000,-0.0106
120439,gimbal,dynamic,56.4841,105.67,120.44,0.5318,-2.6296,56.9708,-0.3730,2.965,SEARCH,4.6922,1.3011,0.0000,-0.0106
120439,gimbal,dynamic,56.5131,106.24,120.44,0.5346,-2.6306,57.0028,-0.3759,2.965,SEARCH,4.6922,1.3011,0.0000,-0.0106
120439,gimbal,dynamic,56.5425,106.80,120.44,0.5374,-2.6311,57.0350,-0.3785,2.965,SEARCH,4.6922,1.3011,0.0000,-0.0106
120439,gimbal,dynamic,56.5723,107.37,120.44,0.5398,-2.6310,57.0673,-0.3808,2.965,SEARCH,4.6922,1.3011,0.0000,-0.0106
120439,gimbal,dynamic,56.6020,107.92,120.44,0.5425,-2.6302,57.0999,-0.3828,2.965,SEARCH,4.6922,1.3011,0.0000,-0.0106
120439,gimbal,dynamic,56.6322,108.47,120.44,0.5449,-2.6286,57.1327,-0.3845,2.965,SEARCH,4.6922,1.3011,0.0000,-0.0106
120439,gimbal,dynamic,56.6624,109.00,120.44,0.5475,-2.6262,57.1656,-0.3859,2.965,SEARCH,4.6922,1.3011,0.0000,-0.0106
120439,gimbal,dynamic,56.6933,109.54,120.44,0.5496,-2.6241,57.1987,-0.3870,2.965,SEARCH,4.6922,1.3011,0.0000,-0.0106
120439,gimbal,dynamic,56.7238,110.06,120.44,0.5523,-2.6221,57.2321,-0.3878,2.965,SEARCH,4.6922,1.3011,0.0000,-0.0106
120439,gimbal,dynamic,56.7545,110.58,120.44,0.5550,-2.6203,57.2656,-0.3883,2.965,SEARCH,4.6922,1.3011,0.0000,-0.0106
120439,gimbal,dynamic,56.7854,111.08,120.44,0.5577,-2.6187,57.2993,-0.3885,2.965,SEARCH,4.6922,1.3011,0.0000,-0.0106
120439,gimbal,dynamic,56.8170,111.58,120.44,0.5599,-2.6179,57.3332,-0.3883,2.965,SEARCH,4.6922,1.3011,0.0000,-0.0106
120439,gimbal,dynamic,56.8500,112.07,120.44,0.5610,-2.6179,57.3673,-0.3880,2.965,SEARCH,4.6922,1.3011,0.0000,-0.0106
120439,gimbal,dynamic,56.8838,112.55,120.44,0.5615,-2.6181,57.4015,-0.3873,2.965,SEARCH,4.6922,1.3011,0.0000,-0.0106
120439,gimbal,dynamic,56.9182,113.02,120.44,0.5615,-2.6181,57.4359,-0.3863,2.965,SEARCH,4.6922,1.3011,0.0000,-0.0106
120439,gimbal,dynamic,56.9531,113.47,120.44,0.5612,-2.6172,57.4706,-0.3850,2.965,SEARCH,4.6922,1.3011,0.0000,-0.0106
120439,gimbal,dynamic,56.9875,113.91,120.44,0.5615,-2.6152,57.5053,-0.3835,2.965,SEARCH,4.6922,1.3011,0.0000,-0.0106
120439,gimbal,dynamic,57.0214,114.34,120.44,0.5626,-2.6129,57.5403,-0.3817,2.965,SEARCH,4.6922,1.3011,0.0000,-0.0106
120439,gimbal,dynamic,57.0546,114.76,120.44,0.5644,-2.6103,57.5754,-0.3796,2.965,SEARCH,4.6922,1.3011,0.0000,-0.0106
120439,gimbal,dynamic,57.0881,115.16,120.44,0.5662,-2.6081,57.6108,-0.3773,2.965,SEARCH,4.6922,1.3011,0.0000,-0.0106
120439,gimbal,dynamic,57.1219,115.56,120.44,0.5679,-2.6059,57.6462,-0.3747,2.965,SEARCH,4.6922,1.3011,0.0000,-0.0106
120439,gimbal,dynamic,57.1562,115.94,120.44,0.5693,-2.6040,57.6819,-0.3718,2.965,SEARCH,4.6922,1.3011,0.0000,-0.0106
120439,gimbal,dynamic,57.1909,116.31,120.44,0.5704,-2.6029,57.7177,-0.3687,2.965,SEARCH,4.6922,1.3011,0.0000,-0.0106
120439,gimbal,dynamic,57.2261,116.66,120.44,0.5713,-2.6024,57.7536,-0.3653,2.965,SEARCH,4.6922,1.3011,0.0000,-0.0106
120439,gimbal,dynamic,57.2613,117.00,120.44,0.5723,-2.6027,57.7898,-0.3618,2.965,SEARCH,4.6922,1.3011,0.0000,-0.0106
120439,gimbal,dynamic,57.2972,117.33,120.44,0.5729,-2.6032,57.8261,-0.3579,2.965,SEARCH,4.6922,1.3011,0.0000,-0.0106
120439,gimbal,dynamic,57.3340,117.64,120.44,0.5726,-2.6038,57.8625,-0.3539,2.965,SEARCH,4.6922,1.3011,0.0000,-0.0106
120439,gimbal,dynamic,57.3714,117.94,120.44,0.5720,-2.6044,57.8991,-0.3497,2.965,SEARCH,4.6922,1.3011,0.0000,-0.0106
120439,gimbal,dynamic,57.4095,118.23,120.44,0.5708,-2.6054,57.9358,-0.3452,2.965,SEARCH,4.6922,1.3011,0.0000,-0.0106
120439,gimbal,dynamic,57.4485,118.50,120.44,0.5689,-2.6063,57.9727,-0.3406,2.965,SEARCH,4.6922,1.3011,0.0000,-0.0106
120439,gimbal,dynamic,57.4881,118.75,120.44,0.5665,-2.6068,58.0097,-0.3357,2.965,SEARCH,4.6922,1.3011,0.0000,-0.0106
120439,gimbal,dynamic,57.5280,119.00,120.44,0.5639,-2.6071,58.0469,-0.3307,2.965,SEARCH,4.6922,1.3011,0.0000,-0.0106
120439,gimbal,dynamic,57.5687,119.22,120.44,0.5607,-2.6072,58.0842,-0.3255,2.965,SEARCH,4.6922,1.3011,0.0000,-0.0106
120439,gimbal,dynamic,57.6092,119.44,120.44,0.5578,-2.6072,58.1217,-0.3201,2.965,SEARCH,4.6922,1.3011,0.0000,-0.0106
120439,gimbal,dynamic,57.6494,119.64,120.44,0.5554,-2.6074,58.1592,-0.3146,2.965,SEARCH,4.6922,1.3011,0.0000,-0.0106
120439,gimbal,dynamic,57.6888,119.83,120.44,0.5540,-2.6074,58.1969,-0.3089,2.965,SEARCH,4.6922,1.3011,0.0000,-0.0106
120439,gimbal,dynamic,57.7277,120.00,120.44,0.5531,-2.6076,58.2348,-0.3031,2.965,SEARCH,4.6922,1.3011,0.0000,-0.0106
120439,gimbal,dynamic,57.7669,120.16,120.44,0.5521,-2.6078,58.2727,-0.2972,2.965,SEARCH,4.6922,1.3011,0.0000,-0.0106
120439,gimbal,dynamic,57.8059,120.30,120.44,0.5513,-2.6080,58.3108,-0.2911,2.965,SEARCH,4.6922,1.3011,0.0000,-0.0106
120439,gimbal,dynamic,57.8447,120.44,120.44,0.5509,-2.6083,58.3490,-0.2849,2.965,SEARCH,4.6922,1.3011,0.0000,-0.0106
120439,gimbal,dynamic,57.8832,120.56,120.44,0.5510,-2.6086,58.3873,-0.2786,2.965,SEARCH,4.6922,1.3011,0.0000,-0.0106
120439,gimbal,dynamic,57.9211,120.66,120.44,0.5518,-2.6091,58.4257,-0.2723,2.965,SEARCH,4.6922,1.3011,0.0000,-0.0106
120439,gimbal,dynamic,57.9585,120.75,120.44,0.5532,-2.6098,58.4642,-0.2658,2.965,SEARCH,4.6922,1.3011,0.0000,-0.0106
120439,gimbal,dynamic,57.9948,120.83,120.44,0.5557,-2.6110,58.5028,-0.2593,2.965,SEARCH,4.6922,1.3011,0.0000,-0.0106
120439,gimbal,dynamic,58.0314,120.90,120.44,0.5582,-2.6119,58.5415,-0.2527,2.965,SEARCH,4.6922,1.3011,0.0000,-0.0106
120439,gimbal,dynamic,58.0679,120.95,120.44,0.5607,-2.6125,58.5804,-0.2460,2.965,SEARCH,4.6922,1.3011,0.0000,-0.0106
120439,gimbal,dynamic,58.1051,120.99,120.44,0.5627,-2.6131,58.6193,-0.2393,2.965,SEARCH,4.6922,1.3011,0.0000,-0.0106
120439,gimbal,dynamic,58.1430,121.02,120.44,0.5640,-2.6137,58.6583,-0.2326,2.965,SEARCH,4.6922,1.3011,0.0000,-0.0106
120439,gimbal,dynamic,58.1812,121.03,120.44,0.5652,-2.6146,58.6974,-0.2258,2.965,SEARCH,4.6922,1.3011,0.0000,-0.0106
120439,gimbal,dynamic,58.2197,121.03,120.44,0.5662,-2.6163,58.7365,-0.2191,2.965,SEARCH,4.6922,1.3011,0.0000,-0.0106
120439,gimbal,dynamic,58.2587,121.02,120.44,0.5668,-2.6184,58.7758,-0.2123,2.965,SEARCH,4.6922,1.3011,0.0000,-0.0106
120439,gimbal,dynamic,58.2986,121.00,120.44,0.5665,-2.6204,58.8151,-0.2055,2.965,SEARCH,4.6922,1.3011,0.0000,-0.0106
120439,gimbal,dynamic,58.3394,120.97,120.44,0.5654,-2.6222,58.8545,-0.1987,2.965,SEARCH,4.6922,1.3011,0.0000,-0.0106
120439,gimbal,dynamic,58.3813,120.92,120.44,0.5633,-2.6236,58.8939,-0.1919,2.965,SEARCH,4.6922,1.3011,0.0000,-0.0106
120439,gimbal,dynamic,58.4233,120.87,120.44,0.5611,-2.6239,58.9334,-0.1852,2.965,SEARCH,4.6922,1.3011,0.0000,-0.0106
120439,gimbal,dynamic,58.4651,120.80,120.44,0.5591,-2.6235,58.9730,-0.1785,2.965,SEARCH,4.6922,1.3011,0.0000,-0.0106
120439,gimbal,dynamic,58.5068,120.72,120.44,0.5572,-2.6230,59.0127,-0.1718,2.965,SEARCH,4.6922,1.3011,0.0000,-0.0106
120439,gimbal,dynamic,58.5485,120.63,120.44,0.5555,-2.6225,59.0523,-0.1652,2.965,SEARCH,4.6922,1.3011,0.0000,-0.0106
120439,gimbal,dynamic,58.5901,120.53,120.44,0.5538,-2.6218,59.0921,-0.1587,2.965,SEARCH,4.6922,1.3011,0.0000,-0.0106
120439,gimbal,dynamic,58.6318,120.42,120.44,0.5521,-2.6212,59.1319,-0.1522,2.965,SEARCH,4.6922,1.3011,0.0000,-0.0106
120439,gimbal,dynamic,58.6740,120.30,120.44,0.5499,-2.6208,59.1717,-0.1458,2.965,SEARCH,4.6922,1.3011,0.0000,-0.0106
120439,gimbal,dynamic,58.7165,120.17,120.44,0.5474,-2.6203,59.2115,-0.1395,2.965,SEARCH,4.6922,1.3011,0.0000,-0.0106
120439,gimbal,dynamic,58.7586,120.03,120.44,0.5455,-2.6200,59.2514,-0.1333,2.965,SEARCH,4.6922,1.3011,0.0000,-0.0106
120439,gimbal,dynamic,58.7993,119.89,120.44,0.5449,-2.6200,59.2913,-0.1271,2.965,SEARCH,4.6922,1.3011,0.0000,-0.0106
120439,gimbal,dynamic,58.8390,119.73,120.44,0.5454,-2.6202,59.3313,-0.1211,2.965,SEARCH,4.6922,1.3011,0.0000,-0.0106
120439,gimbal,dynamic,58.8785,119.57,120.44,0.5460,-2.6207,59.3712,-0.1152,2.965,SEARCH,4.6922,1.3011,0.0000,-0.0106
120439,gimbal,dynamic,58.9180,119.40,120.44,0.5467,-2.6214,59.4112,-0.1094,2.965,SEARCH,4.6922,1.3011,0.0000,-0.0106
120439,gimbal,dynamic,58.9573,119.22,120.44,0.5477,-2.6220,59.4512,-0.1037,2.965,SEARCH,4.6922,1.3011,0.0000,-0.0106
120439,gimbal,dynamic,58.9963,119.03,120.44,0.5489,-2.6229,59.4912,-0.0981,2.965,SEARCH,4.6922,1.3011,0.0000,-0.0106
120439,gimbal,dynamic,59.0356,118.84,120.44,0.5498,-2.6239,59.5312,-0.0927,2.965,SEARCH,4.6922,1.3011,0.0000,-0.0106
120439,gimbal,dynamic,59.0751,118.64,120.44,0.5506,-2.6249,59.5712,-0.0875,2.965,SEARCH,4.6922,1.3011,0.0000,-0.0106
120439,gimbal,dynamic,59.1147,118.44,120.44,0.5512,-2.6258,59.6112,-0.0823,2.965,SEARCH,4.6922,1.3011,0.0000,-0.0106
120439,gimbal,dynamic,59.1548,118.23,120.44,0.5513,-2.6264,59.6512,-0.0774,2.965,SEARCH,4.6922,1.3011,0.0000,-0.0106
120439,gimbal,dynamic,59.1955,118.01,120.44,0.5508,-2.6269,59.6911,-0.0725,2.965,SEARCH,4.6922,1.3011,0.0000,-0.0106
120439,gimbal,dynamic,59.2364,117.79,120.44,0.5500,-2.6275,59.7311,-0.0679,2.965,SEARCH,4.6922,1.3011,0.0000,-0.0106
120439,gimbal,dynamic,59.2773,117.56,120.44,0.5492,-2.6283,59.7710,-0.0633,2.965,SEARCH,4.6922,1.3011,0.0000,-0.0106
120439,gimbal,dynamic,59.3182,117.33,120.44,0.5484,-2.6285,59.8110,-0.0590,2.965,SEARCH,4.6922,1.3011,0.0000,-0.0106
120439,gimbal,dynamic,59.3586,117.09,120.44,0.5480,-2.6280,59.8508,-0.0548,2.965,SEARCH,4.6922,1.3011,0.0000,-0.0106
120439,gimbal,dynamic,59.3986,116.85,120.44,0.5480,-2.6270,59.8907,-0.0508,2.965,SEARCH,4.6922,1.3011,0.0000,-0.0106
120439,gimbal,dynamic,59.4388,116.61,120.44,0.5477,-2.6260,59.9305,-0.0470,2.965,SEARCH,4.6922,1.3011,0.0000,-0.0106
120439,gimbal,dynamic,59.4792,116.37,120.44,0.5472,-2.6251,59.9703,-0.0433,2.965,SEARCH,4.6922,1.3011,0.0000,-0.0106
120439,gimbal,dynamic,59.5190,116.12,120.44,0.5472,-2.6248,60.0100,-0.0398,2.965,SEARCH,4.6922,1.3011,0.0000,-0.0106
120439,gimbal,dynamic,59.5586,115.87,120.44,0.5474,-2.6250,60.0497,-0.0365,2.965,SEARCH,4.6922,1.3011,0.0000,-0.0106
120439,gimbal,dynamic,59.5979,115.63,120.44,0.5479,-2.6253,60.0894,-0.0334,2.965,SEARCH,4.6922,1.3011,0.0000,-0.0106
120439,gimbal,dynamic,59.6371,115.38,120.44,0.5484,-2.6253,60.1290,-0.0304,2.965,SEARCH,4.6922,1.3011,0.0000,-0.0106
120439,gimbal,dynamic,59.6758,115.13,120.44,0.5493,-2.6251,60.1685,-0.0277,2.965,SEARCH,4.6922,1.3011,0.0000,-0.0106
120439,gimbal,dynamic,59.7145,114.88,120.44,0.5501,-2.6255,60.2080,-0.0251,2.965,SEARCH,4.6922,1.3011,0.0000,-0.0106
120439,gimbal,dynamic,59.7536,114.63,120.44,0.5505,-2.6262,60.2474,-0.0226,2.965,SEARCH,4.6922,1.3011,0.0000,-0.0106
120439,gimbal,dynamic,59.7930,114.37,120.44,0.5505,-2.6267,60.2867,-0.0204,2.965,SEARCH,4.6922,1.3011,0.0000,-0.0106
120439,gimbal,dynamic,59.8325,114.13,120.44,0.5503,-2.6270,60.3259,-0.0183,2.965,SEARCH,4.6922,1.3011,0.0000,-0.0106
120439,gimbal,dynamic,59.8725,113.88,120.44,0.5496,-2.6274,60.3651,-0.0164,2.965,SEARCH,4.6922,1.3011,0.0000,-0.0106
120439,gimbal,dynamic,59.9127,113.63,120.44,0.5485,-2.6275,60.4042,-0.0147,2.965,SEARCH,4.6922,1.3011,0.0000,-0.0106
120439,gimbal,dynamic,59.9531,113.39,120.44,0.5471,-2.6270,60.4432,-0.0132,2.965,SEARCH,4.6922,1.3011,0.0000,-0.0106
120439,gimbal,dynamic,59.9938,113.15,120.44,0.5454,-2.6270,60.4821,-0.0118,2.965,SEARCH,4.6922,1.3011,0.0000,-0.0106
120439,gimbal,dynamic,60.0343,112.91,120.44,0.5437,-2.6274,60.5210,-0.0105,2.965,SEARCH,4.6922,1.3011,0.0000,-0.0106
120439,gimbal,dynamic,60.0744,112.68,120.44,0.5425,-2.6283,60.5597,-0.0095,2.965,SEARCH,4.6922,1.3011,0.0000,-0.0106
120439,gimbal,dynamic,60.1142,112.45,120.44,0.5413,-2.6293,60.5983,-0.0086,2.965,SEARCH,4.6922,1.3011,0.0000,-0.0106
120439,gimbal,dynamic,60.1534,112.22,120.44,0.5407,-2.6302,60.6369,-0.0078,2.965,SEARCH,4.6922,1.3011,0.0000,-0.0106
120439,gimbal,dynamic,60.1918,112.00,120.44,0.5407,-2.6308,60.6753,-0.0072,2.965,SEARCH,4.6922,1.3011,0.0000,-0.0106
120439,gimbal,dynamic,60.2295,111.79,120.44,0.5413,-2.6309,60.7136,-0.0068,2.965,SEARCH,4.6922,1.3011,0.0000,-0.0106
120439,gimbal,dynamic,60.2662,111.58,120.44,0.5427,-2.6305,60.7518,-0.0065,2.965,SEARCH,4.6922,1.3011,0.0000,-0.0106
120439,gimbal,dynamic,60.3018,111.37,120.44,0.5452,-2.6299,60.7899,-0.0063,2.965,SEARCH,4.6922,1.3011,0.0000,-0.0106
120439,gimbal,dynamic,60.3367,111.18,120.44,0.5482,-2.6293,60.8279,-0.0063,2.965,SEARCH,4.6922,1.3011,0.0000,-0.0106
120439,gimbal,dynamic,60.3722,110.99,120.44,0.5505,-2.6291,60.8657,-0.0064,2.965,SEARCH,4.6922,1.3011,0.0000,-0.0106
120439,gimbal,dynamic,60.4083,110.80,120.44,0.5521,-2.6293,60.9034,-0.0066,2.965,SEARCH,4.6922,1.3011,0.0000,-0.0106
120439,gimbal,dynamic,60.4454,110.63,120.44,0.5526,-2.6293,60.9410,-0.0069,2.965,SEARCH,4.6922,1.3011,0.0000,-0.0106
120439,gimbal,dynamic,60.4833,110.46,120.44,0.5520,-2.6282,60.9785,-0.0073,2.965,SEARCH,4.6922,1.3011,0.0000,-0.0106
120439,gimbal,dynamic,60.5220,110.30,120.44,0.5505,-2.6262,61.0158,-0.0079,2.965,SEARCH,4.6922,1.3011,0.0000,-0.0106
120439,gimbal,dynamic,60.5608,110.14,120.44,0.5487,-2.6235,61.0530,-0.0085,2.965,SEARCH,4.6922,1.3011,0.0000,-0.0106
120439,gimbal,dynamic,60.5994,110.00,120.44,0.5469,-2.6205,61.0901,-0.0092,2.965,SEARCH,4.6922,1.3011,0.0000,-0.0106
120439,gimbal,dynamic,60.6375,109.86,120.44,0.5456,-2.6174,61.1270,-0.0101,2.965,SEARCH,4.6922,1.3011,0.0000,-0.0106
120439,gimbal,dynamic,60.6746,109.74,120.44,0.5450,-2.6144,61.1637,-0.0109,2.965,SEARCH,4.6922,1.3011,0.0000,-0.0106
120439,gimbal,dynamic,60.7116,109.62,120.44,0.5444,-2.6118,61.2003,-0.0119,2.965,SEARCH,4.6922,1.3011,0.0000,-0.0106
120439,gimbal,dynamic,60.7488,109.51,120.44,0.5435,-2.6100,61.2368,-0.0129,2.965,SEARCH,4.6922,1.3011,0.0000,-0.0106
120439,gimbal,dynamic,60.7857,109.41,120.44,0.5427,-2.6081,61.2731,-0.0140,2.965,SEARCH,4.6922,1.3011,0.0000,-0.0106
120439,gimbal,dynamic,60.8217,109.33,120.44,0.5428,-2.6062,61.3092,-0.0152,2.965,SEARCH,4.6922,1.3011,0.0000,-0.0106
120439,gimbal,dynamic,60.8566,109.25,120.44,0.5437,-2.6046,61.3452,-0.0163,2.965,SEARCH,4.6922,1.3011,0.0000,-0.0106
120439,gimbal,dynamic,60.8902,109.19,120.44,0.5458,-2.6032,61.3811,-0.0176,2.965,SEARCH,4.6922,1.3011,0.0000,-0.0106
120439,gimbal,dynamic,60.9234,109.13,120.44,0.5481,-2.6021,61.4167,-0.0188,2.965,SEARCH,4.6922,1.3011,0.0000,-0.0106
120439,gimbal,dynamic,60.9567,109.09,120.44,0.5502,-2.6008,61.4522,-0.0201,2.965,SEARCH,4.6922,1.3011,0.0000,-0.0106
120439,gimbal,dynamic,60.9910,109.06,120.44,0.5510,-2.5989,61.4876,-0.0214,2.965,SEARCH,4.6922,1.3011,0.0000,-0.0106
120439,gimbal,dynamic,61.0263,109.04,120.44,0.5507,-2.5971,61.5227,-0.0227,2.965,SEARCH,4.6922,1.3011,0.0000,-0.0106
120439,gimbal,dynamic,61.0625,109.03,120.44,0.5494,-2.5953,61.5577,-0.0240,2.965,SEARCH,4.6922,1.3011,0.0000,-0.0106
120439,gimbal,dynamic,61.0985,109.03,120.44,0.5480,-2.5939,61.5925,-0.0252,2.965,SEARCH,4.6922,1.3011,0.0000,-0.0106
120439,gimbal,dynamic,61.1341,109.04,120.44,0.5469,-2.5926,61.6272,-0.0265,2.965,SEARCH,4.6922,1.3011,0.0000,-0.0106
120439,gimbal,dynamic,61.1688,109.07,120.44,0.5465,-2.5918,61.6616,-0.0278,2.965,SEARCH,4.6922,1.3011,0.0000,-0.0106
120439,gimbal,dynamic,61.2039,109.10,120.44,0.5456,-2.5913,61.6959,-0.0290,2.965,SEARCH,4.6922,1.3011,0.0000,-0.0106
120439,gimbal,dynamic,61.2393,109.15,120.44,0.5443,-2.5912,61.7300,-0.0302,2.965,SEARCH,4.6922,1.3011,0.0000,-0.0106
120439,gimbal,dynamic,61.2746,109.21,120.44,0.5428,-2.5916,61.7639,-0.0314,2.965,SEARCH,4.6922,1.3011,0.0000,-0.0106
120439,gimbal,dynamic,61.3099,109.28,120.44,0.5412,-2.5920,61.7976,-0.0325,2.965,SEARCH,4.6922,1.3011,0.0000,-0.0106
120439,gimbal,dynamic,61.3442,109.36,120.44,0.5404,-2.5921,61.8312,-0.0335,2.965,SEARCH,4.6922,1.3011,0.0000,-0.0106
120439,gimbal,dynamic,61.3769,109.46,120.44,0.5409,-2.5926,61.8645,-0.0345,2.965,SEARCH,4.6922,1.3011,0.0000,-0.0106
120439,gimbal,dynamic,61.4092,109.56,120.44,0.5418,-2.5942,61.8977,-0.0355,2.965,SEARCH,4.6922,1.3011,0.0000,-0.0106
120439,gimbal,dynamic,61.4411,109.68,120.44,0.5429,-2.5966,61.9307,-0.0363,2.965,SEARCH,4.6922,1.3011,0.0000,-0.0106
120439,gimbal,dynamic,61.4722,109.81,120.44,0.5447,-2.5993,61.9635,-0.0371,2.965,SEARCH,4.6922,1.3011,0.0000,-0.0106
120439,gimbal,dynamic,61.5027,109.95,120.44,0.5468,-2.6018,61.9960,-0.0378,2.965,SEARCH,4.6922,1.3011,0.0000,-0.0106
120439,gimbal,dynamic,61.5339,110.09,120.44,0.5481,-2.6041,62.0284,-0.0384,2.965,SEARCH,4.6922,1.3011,0.0000,-0.0106
120439,gimbal,dynamic,61.5654,110.25,120.44,0.5488,-2.6056,62.0606,-0.0390,2.965,SEARCH,4.6922,1.3011,0.0000,-0.0106
120439,gimbal,dynamic,61.5967,110.42,120.44,0.5495,-2.6068,62.0927,-0.0394,2.965,SEARCH,4.6922,1.3011,0.0000,-0.0106
120439,gimbal,dynamic,61.6278,110.60,120.44,0.5502,-2.6073,62.1245,-0.0397,2.965,SEARCH,4.6922,1.3011,0.0000,-0.0106
120439,gimbal,dynamic,61.6586,110.78,120.44,0.5510,-2.6074,62.1561,-0.0400,2.965,SEARCH,4.6922,1.3011,0.0000,-0.0106
120439,gimbal,dynamic,61.6889,110.98,120.44,0.5521,-2.6076,62.1875,-0.0401,2.965,SEARCH,4.6922,1.3011,0.0000,-0.0106
120439,gimbal,dynamic,61.7185,111.18,120.44,0.5537,-2.6077,62.2187,-0.0401,2.965,SEARCH,4.6922,1.3011,0.0000,-0.0106
120439,gimbal,dynamic,61.7485,111.39,120.44,0.5546,-2.6082,62.2497,-0.0400,2.965,SEARCH,4.6922,1.3011,0.0000,-0.0106
120439,gimbal,dynamic,61.7788,111.61,120.44,0.5552,-2.6090,62.2806,-0.0398,2.965,SEARCH,4.6922,1.3011,0.0000,-0.0106
120439,gimbal,dynamic,61.8098,111.84,120.44,0.5549,-2.6099,62.3112,-0.0395,2.965,SEARCH,4.6922,1.3011,0.0000,-0.0106
120439,gimbal,dynamic,61.8412,112.07,120.44,0.5539,-2.6106,62.3416,-0.0390,2.965,SEARCH,4.6922,1.3011,0.0000,-0.0106
120439,gimbal,dynamic,61.8724,112.31,120.44,0.5530,-2.6109,62.3718,-0.0385,2.965,SEARCH,4.6922,1.3011,0.0000,-0.0106
120439,gimbal,dynamic,61.9035,112.56,120.44,0.5518,-2.6115,62.4018,-0.0378,2.965,SEARCH,4.6922,1.3011,0.0000,-0.0106
120439,gimbal,dynamic,61.9347,112.81,120.44,0.5505,-2.6119,62.4317,-0.0369,2.965,SEARCH,4.6922,1.3011,0.0000,-0.0106
120439,gimbal,dynamic,61.9656,113.06,120.44,0.5492,-2.6120,62.4613,-0.0360,2.965,SEARCH,4.6922,1.3011,0.0000,-0.0106
120439,gimbal,dynamic,61.9960,113.31,120.44,0.5483,-2.6120,62.4907,-0.0349,2.965,SEARCH,4.6922,1.3011,0.0000,-0.0106
120439,gimbal,dynamic,62.0251,113.57,120.44,0.5484,-2.6119,62.5199,-0.0337,2.965,SEARCH,4.6922,1.3011,0.0000,-0.0106
120439,gimbal,dynamic,62.0526,113.84,120.44,0.5500,-2.6116,62.5490,-0.0324,2.965,SEARCH,4.6922,1.3011,0.0000,-0.0106
120439,gimbal,dynamic,62.0792,114.10,120.44,0.5523,-2.6107,62.5778,-0.0309,2.965,SEARCH,4.6922,1.3011,0.0000,-0.0106
120439,gimbal,dynamic,62.1052,114.36,120.44,0.5549,-2.6094,62.6064,-0.0293,2.965,SEARCH,4.6922,1.3011,0.0000,-0.0106
120439,gimbal,dynamic,62.1312,114.63,120.44,0.5572,-2.6082,62.6348,-0.0277,2.965,SEARCH,4.6922,1.3011,0.0000,-0.0106
120439,gimbal,dynamic,62.1571,114.89,120.44,0.5596,-2.6072,62.6631,-0.0258,2.965,SEARCH,4.6922,1.3011,0.0000,-0.0106
120439,gimbal,dynamic,62.1819,115.15,120.44,0.5629,-2.6063,62.6911,-0.0239,2.965,SEARCH,4.6922,1.3011,0.0000,-0.0106
120439,gimbal,dynamic,62.2062,115.42,120.44,0.5664,-2.6053,62.7189,-0.0219,2.965,SEARCH,4.6922,1.3011,0.0000,-0.0106
120439,gimbal,dynamic,62.2309,115.67,120.44,0.5694,-2.6048,62.7466,-0.0197,2.965,SEARCH,4.6922,1.3011,0.0000,-0.0106
120439,gimbal,dynamic,62.2563,115.93,120.44,0.5715,-2.6051,62.7740,-0.0174,2.965,SEARCH,4.6922,1.3011,0.0000,-0.0106
120439,gimbal,dynamic,62.2818,116.18,120.44,0.5734,-2.6054,62.8013,-0.0151,2.965,SEARCH,4.6922,1.3011,0.0000,-0.0106
120439,gimbal,dynamic,62.3077,116.42,120.44,0.5746,-2.6054,62.8284,-0.0126,2.965,SEARCH,4.6922,1.3011,0.0000,-0.0106
120439,gimbal,dynamic,62.3335,116.65,120.44,0.5757,-2.6050,62.8552,-0.0100,2.965,SEARCH,4.6922,1.3011,0.0000,-0.0106
120439,gimbal,dynamic,62.3590,116.88,120.44,0.5770,-2.6055,62.8819,-0.0074,2.965,SEARCH,4.6922,1.3011,0.0000,-0.0106
120439,gimbal,dynamic,62.3841,117.10,120.44,0.5786,-2.6068,62.9084,-0.0046,2.965,SEARCH,4.6922,1.3011,0.0000,-0.0106
120439,gimbal,dynamic,62.4090,117.31,120.44,0.5802,-2.6088,62.9347,-0.0018,2.965,SEARCH,4.6922,1.3011,0.0000,-0.0106
120439,gimbal,dynamic,62.4330,117.51,120.44,0.5825,-2.6110,62.9608,0.0011,2.965,SEARCH,4.6922,1.3011,0.0000,-0.0106
120439,gimbal,dynamic,62.4569,117.70,120.44,0.5847,-2.6126,62.9868,0.0040,2.965,SEARCH,4.6922,1.3011,0.0000,-0.0106
120439,gimbal,dynamic,62.4808,117.88,120.44,0.5867,-2.6142,63.0125,0.0070,2.965,SEARCH,4.6922,1.3011,0.0000,-0.0106
120439,gimbal,dynamic,62.5051,118.04,120.44,0.5882,-2.6157,63.0381,0.0101,2.965,SEARCH,4.6922,1.3011,0.0000,-0.0106
120439,gimbal,dynamic,62.5291,118.18,120.44,0.5898,-2.6171,63.0635,0.0132,2.965,SEARCH,4.6922,1.3011,0.0000,-0.0106
120439,gimbal,dynamic,62.5532,118.32,120.44,0.5911,-2.6187,63.0888,0.0164,2.965,SEARCH,4.6922,1.3011,0.0000,-0.0106
120439,gimbal,dynamic,62.5778,118.43,120.44,0.5917,-2.6209,63.1138,0.0196,2.965,SEARCH,4.6922,1.3011,0.0000,-0.0106
120439,gimbal,dynamic,62.6031,118.53,120.44,0.5915,-2.6233,63.1387,0.0228,2.965,SEARCH,4.6922,1.3011,0.0000,-0.0106
120439,gimbal,dynamic,62.6285,118.61,120.44,0.5910,-2.6251,63.1634,0.0260,2.965,SEARCH,4.6922,1.3011,0.0000,-0.0106
120439,gimbal,dynamic,62.6540,118.67,120.44,0.5903,-2.6268,63.1879,0.0293,2.965,SEARCH,4.6922,1.3011,0.0000,-0.0106
120439,gimbal,dynamic,62.6792,118.72,120.44,0.5897,-2.6286,63.2123,0.0325,2.965,SEARCH,4.6922,1.3011,0.0000,-0.0106
120439,gimbal,dynamic,62.7036,118.73,120.44,0.5896,-2.6304,63.2365,0.0358,2.965,SEARCH,4.6922,1.3011,0.0000,-0.0106
120439,gimbal,dynamic,62.7280,118.74,120.44,0.5894,-2.6325,63.2606,0.0390,2.965,SEARCH,4.6922,1.3011,0.0000,-0.0106
120439,gimbal,dynamic,62.7526,118.72,120.44,0.5890,-2.6346,63.2844,0.0422,2.965,SEARCH,4.6922,1.3011,0.0000,-0.0106
120439,gimbal,dynamic,62.7779,118.67,120.44,0.5876,-2.6366,63.3082,0.0453,2.965,SEARCH,4.6922,1.3011,0.0000,-0.0106
120439,gimbal,dynamic,62.8037,118.61,120.44,0.5855,-2.6383,63.3317,0.0484,2.965,SEARCH,4.6922,1.3011,0.0000,-0.0106
120439,gimbal,dynamic,62.8301,118.51,120.44,0.5828,-2.6401,63.3552,0.0515,2.965,SEARCH,4.6922,1.3011,0.0000,-0.0106
120439,gimbal,dynamic,62.8563,118.39,120.44,0.5800,-2.6415,63.3784,0.0544,2.965,SEARCH,4.6922,1.3011,0.0000,-0.0106
120439,gimbal,dynamic,62.8825,118.25,120.44,0.5771,-2.6424,63.4016,0.0573,2.965,SEARCH,4.6922,1.3011,0.0000,-0.0106
120439,gimbal,dynamic,62.9082,118.08,120.44,0.5744,-2.6424,63.4245,0.0602,2.965,SEARCH,4.6922,1.3011,0.0000,-0.0106
120439,gimbal,dynamic,62.9338,117.89,120.44,0.5718,-2.6421,63.4474,0.0629,2.965,SEARCH,4.6922,1.3011,0.0000,-0.0106
120439,gimbal,dynamic,62.9584,117.66,120.44,0.5699,-2.6417,63.4701,0.0655,2.965,SEARCH,4.6922,1.3011,0.0000,-0.0106
120439,gimbal,dynamic,62.9822,117.41,120.44,0.5688,-2.6411,63.4927,0.0681,2.965,SEARCH,4.6922,1.3011,0.0000,-0.0106
120439,gimbal,dynamic,63.0051,117.14,120.44,0.5683,-2.6405,63.5151,0.0705,2.965,SEARCH,4.6922,1.3011,0.0000,-0.0106
120439,gimbal,dynamic,63.0281,116.83,120.44,0.5678,-2.6403,63.5374,0.0727,2.965,SEARCH,4.6922,1.3011,0.0000,-0.0106
120439,gimbal,dynamic,63.0509,116.50,120.44,0.5672,-2.6405,63.5596,0.0749,2.965,SEARCH,4.6922,1.3011,0.0000,-0.0106
120439,gimbal,dynamic,63.0739,116.13,120.44,0.5663,-2.6411,63.5816,0.0768,2.965,SEARCH,4.6922,1.3011,0.0000,-0.0106
120439,gimbal,dynamic,63.0969,115.74,120.44,0.5653,-2.6420,63.6036,0.0787,2.965,SEARCH,4.6922,1.3011,0.0000,-0.0106
120439,gimbal,dynamic,63.1196,115.32,120.44,0.5646,-2.6426,63.6254,0.0803,2.965,SEARCH,4.6922,1.3011,0.0000,-0.0106
120439,gimbal,dynamic,63.1419,114.87,120.44,0.5640,-2.6429,63.6471,0.0818,2.965,SEARCH,4.6922,1.3011,0.0000,-0.0106
120439,gimbal,dynamic,63.1641,114.39,120.44,0.5635,-2.6433,63.6687,0.0831,2.965,SEARCH,4.6922,1.3011,0.0000,-0.0106
120439,gimbal,dynamic,63.1855,113.89,120.44,0.5636,-2.6439,63.6902,0.0842,2.965,SEARCH,4.6922,1.3011,0.0000,-0.0106
120439,gimbal,dynamic,63.2056,113.36,120.44,0.5650,-2.6449,63.7116,0.0851,2.965,SEARCH,4.6922,1.3011,0.0000,-0.0106
120439,gimbal,dynamic,63.2247,112.80,120.44,0.5672,-2.6459,63.7329,0.0858,2.965,SEARCH,4.6922,1.3011,0.0000,-0.0106
120439,gimbal,dynamic,63.2438,112.22,120.44,0.5694,-2.6466,63.7541,0.0863,2.965,SEARCH,4.6922,1.3011,0.0000,-0.0106
120439,gimbal,dynamic,63.2635,111.61,120.44,0.5708,-2.6474,63.7752,0.0865,2.965,SEARCH,4.6922,1.3011,0.0000,-0.0106
120439,gimbal,dynamic,63.2838,110.97,120.44,0.5715,-2.6486,63.7962,0.0865,2.965,SEARCH,4.6922,1.3011,0.0000,-0.0106
120439,gimbal,dynamic,63.3040,110.32,120.44,0.5723,-2.6497,63.8171,0.0863,2.965,SEARCH,4.6922,1.3011,0.0000,-0.0106
120439,gimbal,dynamic,63.3243,109.64,120.44,0.5728,-2.6509,63.8379,0.0859,2.965,SEARCH,4.6922,1.3011,0.0000,-0.0106
120439,gimbal,dynamic,63.3452,108.94,120.44,0.5727,-2.6519,63.8587,0.0852,2.965,SEARCH,4.6922,1.3011,0.0000,-0.0106
120439,gimbal,dynamic,63.3667,108.21,120.44,0.5717,-2.6519,63.8794,0.0842,2.965,SEARCH,4.6922,1.3011,0.0000,-0.0106
120439,gimbal,dynamic,63.3890,107.48,120.44,0.5700,-2.6513,63.9000,0.0830,2.965,SEARCH,4.6922,1.3011,0.0000,-0.0106
120439,gimbal,dynamic,63.4111,106.72,120.44,0.5683,-2.6500,63.9205,0.0815,2.965,SEARCH,4.6922,1.3011,0.0000,-0.0106
120439,gimbal,dynamic,63.4330,105.95,120.44,0.5668,-2.6483,63.9410,0.0797,2.965,SEARCH,4.6922,1.3011,0.0000,-0.0106
120439,gimbal,dynamic,63.4540,105.17,120.44,0.5659,-2.6466,63.9615,0.0777,2.965,SEARCH,4.6922,1.3011,0.0000,-0.0106
120439,gimbal,dynamic,63.4745,104.38,120.44,0.5657,-2.6450,63.9818,0.0754,2.965,SEARCH,4.6922,1.3011,0.0000,-0.0106
120439,gimbal,dynamic,63.4947,103.58,120.44,0.5656,-2.6437,64.0021,0.0728,2.965,SEARCH,4.6922,1.3011,0.0000,-0.0106
120439,gimbal,dynamic,63.5149,102.77,120.44,0.5654,-2.6425,64.0224,0.0699,2.965,SEARCH,4.6922,1.3011,0.0000,-0.0106
120439,gimbal,dynamic,63.5354,101.96,120.44,0.5649,-2.6415,64.0426,0.0668,2.965,SEARCH,4.6922,1.3011,0.0000,-0.0106
120439,gimbal,dynamic,63.5559,101.15,120.44,0.5645,-2.6406,64.0628,0.0633,2.965,SEARCH,4.6922,1.3011,0.0000,-0.0106
120439,gimbal,dynamic,63.5763,100.34,120.44,0.5640,-2.6395,64.0830,0.0596,2.965,SEARCH,4.6922,1.3011,0.0000,-0.0106
120439,gimbal,dynamic,63.5967,99.53,120.44,0.5635,-2.6381,64.1031,0.0556,2.965,SEARCH,4.6922,1.3011,0.0000,-0.0106
120439,gimbal,dynamic,63.6177,98.73,120.44,0.5623,-2.6364,64.1232,0.0512,2.965,SEARCH,4.6922,1.3011,0.0000,-0.0106
120439,gimbal,dynamic,63.6388,97.93,120.44,0.5610,-2.6350,64.1432,0.0466,2.965,SEARCH,4.6922,1.3011,0.0000,-0.0106
120439,gimbal,dynamic,63.6599,97.14,120.44,0.5597,-2.6339,64.1633,0.0418,2.965,SEARCH,4.6922,1.3011,0.0000,-0.0106
120439,gimbal,dynamic,63.6810,97.07,120.44,0.5583,-2.6327,64.1833,0.0368,2.965,SEARCH,4.6922,1.3011,0.0000,-0.0106
120439,gimbal,dynamic,63.7018,97.07,120.44,0.5572,-2.6315,64.2033,0.0317,2.965,SEARCH,4.6922,1.3011,0.0000,-0.0106
120439,gimbal,dynamic,63.7222,97.07,120.44,0.5565,-2.6304,64.2233,0.0267,2.965,SEARCH,4.6922,1.3011,0.0000,-0.0106
120439,gimbal,dynamic,63.7431,97.07,120.44,0.5553,-2.6291,64.2433,0.0217,2.965,SEARCH,4.6922,1.3011,0.0000,-0.0106
120439,gimbal,dynamic,63.7638,97.06,120.44,0.5544,-2.6278,64.2633,0.0167,2.965,SEARCH,4.6922,1.3011,0.0000,-0.0106
120439,gimbal,dynamic,63.7836,97.06,120.44,0.5544,-2.6272,64.2833,0.0117,2.965,SEARCH,4.6922,1.3011,0.0000,-0.0106
120439,gimbal,dynamic,63.8026,97.06,120.44,0.5551,-2.6269,64.3034,0.0067,2.965,SEARCH,4.6922,1.3011,0.0000,-0.0106
120439,gimbal,dynamic,63.8216,97.06,120.44,0.5559,-2.6266,64.3234,0.0017,2.965,SEARCH,4.6922,1.3011,0.0000,-0.0106
120439,gimbal,dynamic,63.8398,97.06,120.44,0.5575,-2.6260,64.3434,-0.0033,2.965,SEARCH,4.6922,1.3011,0.0000,-0.0106
120439,gimbal,dynamic,63.8577,97.06,120.44,0.5595,-2.6254,64.3635,-0.0083,2.965,SEARCH,4.6922,1.3011,0.0000,-0.0106
120439,gimbal,dynamic,63.8758,97.06,120.44,0.5612,-2.6247,64.3835,-0.0133,2.965,SEARCH,4.6922,1.3011,0.0000,-0.0106
120439,gimbal,dynamic,63.8945,97.06,120.44,0.5624,-2.6246,64.4037,-0.0183,2.965,SEARCH,4.6922,1.3011,0.0000,-0.0106
120439,gimbal,dynamic,63.9137,97.06,120.44,0.5631,-2.6250,64.4238,-0.0234,2.965,SEARCH,4.6922,1.3011,0.0000,-0.0106
120439,gimbal,dynamic,63.9335,97.06,120.44,0.5633,-2.6259,64.4440,-0.0284,2.965,SEARCH,4.6922,1.3011,0.0000,-0.0106
120439,gimbal,dynamic,63.9539,97.06,120.44,0.5629,-2.6270,64.4642,-0.0335,2.965,SEARCH,4.6922,1.3011,0.0000,-0.0106
120439,gimbal,dynamic,63.9746,97.06,120.44,0.5623,-2.6276,64.4844,-0.0385,2.965,SEARCH,4.6922,1.3011,0.0000,-0.0106
120439,gimbal,dynamic,63.9955,97.06,120.44,0.5614,-2.6275,64.5047,-0.0436,2.965,SEARCH,4.6922,1.3011,0.0000,-0.0106
120439,gimbal,dynamic,64.0167,97.06,120.44,0.5604,-2.6269,64.5251,-0.0487,2.965,SEARCH,4.6922,1.3011,0.0000,-0.0106
120439,gimbal,dynamic,64.0383,97.06,120.44,0.5589,-2.6262,64.5455,-0.0538,2.965,SEARCH,4.6922,1.3011,0.0000,-0.0106
120439,gimbal,dynamic,64.0599,97.06,120.44,0.5575,-2.6248,64.5660,-0.0589,2.965,SEARCH,4.6922,1.3011,0.0000,-0.0106
120439,gimbal,dynamic,64.0814,97.05,120.44,0.5562,-2.6227,64.5865,-0.0640,2.965,SEARCH,4.6922,1.3011,0.0000,-0.0106
120439,gimbal,dynamic,64.1026,97.05,120.44,0.5552,-2.6198,64.6071,-0.0692,2.965,SEARCH,4.6922,1.3011,0.0000,-0.0106
120439,gimbal,dynamic,64.1238,97.05,120.44,0.5544,-2.6166,64.6278,-0.0744,2.965,SEARCH,4.6922,1.3011,0.0000,-0.0106
120439,gimbal,dynamic,64.1453,97.05,120.44,0.5532,-2.6128,64.6485,-0.0795,2.965,SEARCH,4.6922,1.3011,0.0000,-0.0106
120439,gimbal,dynamic,64.1666,97.05,120.44,0.5524,-2.6090,64.6693,-0.0848,2.965,SEARCH,4.6922,1.3011,0.0000,-0.0106
120439,gimbal,dynamic,64.1874,97.04,120.44,0.5521,-2.6053,64.6902,-0.0900,2.965,SEARCH,4.6922,1.3011,0.0000,-0.0106
120439,gimbal,dynamic,64.2080,97.04,120.44,0.5521,-2.6019,64.7112,-0.0952,2.965,SEARCH,4.6922,1.3011,0.0000,-0.0106
120439,gimbal,dynamic,64.2285,97.04,120.44,0.5524,-2.5991,64.7323,-0.1005,2.965,SEARCH,4.6922,1.3011,0.0000,-0.0106
120439,gimbal,dynamic,64.2491,97.04,120.44,0.5527,-2.5962,64.7534,-0.1058,2.965,SEARCH,4.6922,1.3011,0.0000,-0.0106
120439,gimbal,dynamic,64.2702,97.04,120.44,0.5524,-2.5938,64.7747,-0.1111,2.965,SEARCH,4.6922,1.3011,0.0000,-0.0106
120439,gimbal,dynamic,64.2920,97.04,120.44,0.5517,-2.5915,64.7961,-0.1164,2.965,SEARCH,4.6922,1.3011,0.0000,-0.0106
120439,gimbal,dynamic,64.3139,97.04,120.44,0.5510,-2.5898,64.8175,-0.1218,2.965,SEARCH,4.6922,1.3011,0.0000,-0.0106
120439,gimbal,dynamic,64.3355,97.04,120.44,0.5507,-2.5884,64.8391,-0.1272,2.965,SEARCH,4.6922,1.3011,0.0000,-0.0106
120439,gimbal,dynamic,64.3569,97.04,120.44,0.5507,-2.5873,64.8608,-0.1326,2.965,SEARCH,4.6922,1.3011,0.0000,-0.0106
120439,gimbal,dynamic,64.3779,97.04,120.44,0.5512,-2.5863,64.8825,-0.1381,2.965,SEARCH,4.6922,1.3011,0.0000,-0.0106
120439,gimbal,dynamic,64.3988,97.04,120.44,0.5519,-2.5849,64.9044,-0.1435,2.965,SEARCH,4.6922,1.3011,0.0000,-0.0106
120439,gimbal,dynamic,64.4201,97.04,120.44,0.5524,-2.5835,64.9265,-0.1490,2.965,SEARCH,4.6922,1.3011,0.0000,-0.0106
120439,gimbal,dynamic,64.4417,97.04,120.44,0.5526,-2.5826,64.9486,-0.1546,2.965,SEARCH,4.6922,1.3011,0.0000,-0.0106
120439,gimbal,dynamic,64.4636,97.04,120.44,0.5528,-2.5823,64.9709,-0.1601,2.965,SEARCH,4.6922,1.3011,0.0000,-0.0106
120439,gimbal,dynamic,64.4857,97.04,120.44,0.5529,-2.5823,64.9933,-0.1657,2.965,SEARCH,4.6922,1.3011,0.0000,-0.0106
120439,gimbal,dynamic,64.5083,97.04,120.44,0.5526,-2.5829,65.0158,-0.1714,2.965,SEARCH,4.6922,1.3011,0.0000,-0.0106
120439,gimbal,dynamic,64.5310,97.04,120.44,0.5524,-2.5841,65.0385,-0.1770,2.965,SEARCH,4.6922,1.3011,0.0000,-0.0106
120439,gimbal,dynamic,64.5540,97.04,120.44,0.5520,-2.5860,65.0613,-0.1827,2.965,SEARCH,4.6922,1.3011,0.0000,-0.0106
120439,gimbal,dynamic,64.5774,97.04,120.44,0.5514,-2.5889,65.0842,-0.1885,2.965,SEARCH,4.6922,1.3011,0.0000,-0.0106
120439,gimbal,dynamic,64.6005,97.04,120.44,0.5513,-2.5916,65.1073,-0.1942,2.965,SEARCH,4.6922,1.3011,0.0000,-0.0106
120439,gimbal,dynamic,64.6240,97.04,120.44,0.5509,-2.5943,65.1305,-0.2000,2.965,SEARCH,4.6922,1.3011,0.0000,-0.0106
120439,gimbal,dynamic,64.6480,97.04,120.44,0.5501,-2.5964,65.1539,-0.2059,2.965,SEARCH,4.6922,1.3011,0.0000,-0.0106
120439,gimbal,dynamic,64.6725,97.05,120.44,0.5490,-2.5987,65.1774,-0.2118,2.965,SEARCH,4.6922,1.3011,0.0000,-0.0106
120439,gimbal,dynamic,64.6970,97.05,120.44,0.5480,-2.6007,65.2011,-0.2177,2.965,SEARCH,4.6922,1.3011,0.0000,-0.0106
120439,gimbal,dynamic,64.7213,97.05,120.44,0.5474,-2.6028,65.2250,-0.2237,2.965,SEARCH,4.6922,1.3011,0.0000,-0.0106
120439,gimbal,dynamic,64.7454,97.04,120.44,0.5472,-2.6045,65.2490,-0.2297,2.965,SEARCH,4.6922,1.3011,0.0000,-0.0106
120439,gimbal,dynamic,64.7695,97.04,120.44,0.5470,-2.6060,65.2731,-0.2357,2.965,SEARCH,4.6922,1.3011,0.0000,-0.0106
120439,gimbal,dynamic,64.7937,97.04,120.44,0.5470,-2.6077,65.2974,-0.2418,2.965,SEARCH,4.6922,1.3011,0.0000,-0.0106
120439,gimbal,dynamic,64.8176,97.04,120.44,0.5474,-2.6091,65.3219,-0.2479,2.965,SEARCH,4.6922,1.3011,0.0000,-0.0106
120439,gimbal,dynamic,64.8416,97.75,120.44,0.5478,-2.6099,65.3466,-0.2539,2.965,SEARCH,4.6922,1.3011,0.0000,-0.0106
120439,gimbal,dynamic,64.8662,98.63,120.44,0.5479,-2.6103,65.3714,-0.2595,2.965,SEARCH,4.6922,1.3011,0.0000,-0.0106
120439,gimbal,dynamic,64.8912,99.53,120.44,0.5476,-2.6109,65.3964,-0.2647,2.965,SEARCH,4.6922,1.3011,0.0000,-0.0106
120439,gimbal,dynamic,64.9166,100.45,120.44,0.5472,-2.6119,65.4216,-0.2696,2.965,SEARCH,4.6922,1.3011,0.0000,-0.0106
120439,gimbal,dynamic,64.9422,101.39,120.44,0.5469,-2.6137,65.4469,-0.2741,2.965,SEARCH,4.6922,1.3011,0.0000,-0.0106
120439,gimbal,dynamic,64.9680,102.34,120.44,0.5466,-2.6161,65.4725,-0.2781,2.965,SEARCH,4.6922,1.3011,0.0000,-0.0106
120439,gimbal,dynamic,64.9941,103.30,120.44,0.5461,-2.6191,65.4982,-0.2818,2.965,SEARCH,4.6922,1.3011,0.0000,-0.0106
120439,gimbal,dynamic,65.0199,104.27,120.44,0.5462,-2.6221,65.5240,-0.2850,2.965,SEARCH,4.6922,1.3011,0.0000,-0.0106
120439,gimbal,dynamic,65.0454,105.24,120.44,0.5467,-2.6250,65.5501,-0.2879,2.965,SEARCH,4.6922,1.3011,0.0000,-0.0106
120439,gimbal,dynamic,65.0708,106.22,120.44,0.5475,-2.6275,65.5764,-0.2902,2.965,SEARCH,4.6922,1.3011,0.0000,-0.0106
120439,gimbal,dynamic,65.0966,107.20,120.44,0.5482,-2.6298,65.6028,-0.2922,2.965,SEARCH,4.6922,1.3011,0.0000,-0.0106
120439,gimbal,dynamic,65.1230,108.19,120.44,0.5485,-2.6321,65.6294,-0.2937,2.965,SEARCH,4.6922,1.3011,0.0000,-0.0106
120439,gimbal,dynamic,65.1500,109.17,120.44,0.5483,-2.6343,65.6563,-0.2947,2.965,SEARCH,4.6922,1.3011,0.0000,-0.0106
120439,gimbal,dynamic,65.1770,110.14,120.44,0.5483,-2.6356,65.6833,-0.2953,2.965,SEARCH,4.6922,1.3011,0.0000,-0.0106
120439,gimbal,dynamic,65.2038,111.11,120.44,0.5487,-2.6363,65.7105,-0.2955,2.965,SEARCH,4.6922,1.3011,0.0000,-0.0106
120439,gimbal,dynamic,65.2306,112.07,120.44,0.5493,-2.6375,65.7379,-0.2952,2.965,SEARCH,4.6922,1.3011,0.0000,-0.0106
120439,gimbal,dynamic,65.2575,113.03,120.44,0.5501,-2.6389,65.7655,-0.2944,2.965,SEARCH,4.6922,1.3011,0.0000,-0.0106
120439,gimbal,dynamic,65.2848,113.97,120.44,0.5506,-2.6405,65.7932,-0.2931,2.965,SEARCH,4.6922,1.3011,0.0000,-0.0106
120439,gimbal,dynamic,65.3124,114.90,120.44,0.5511,-2.6417,65.8212,-0.2914,2.965,SEARCH,4.6922,1.3011,0.0000,-0.0106
120439,gimbal,dynamic,65.3399,115.81,120.44,0.5518,-2.6419,65.8494,-0.2893,2.965,SEARCH,4.6922,1.3011,0.0000,-0.0106
120439,gimbal,dynamic,65.3674,116.70,120.44,0.5527,-2.6410,65.8778,-0.2866,2.965,SEARCH,4.6922,1.3011,0.0000,-0.0106
120439,gimbal,dynamic,65.3951,117.57,120.44,0.5537,-2.6396,65.9063,-0.2835,2.965,SEARCH,4.6922,1.3011,0.0000,-0.0106
120439,gimbal,dynamic,65.4229,118.43,120.44,0.5547,-2.6385,65.9351,-0.2800,2.965,SEARCH,4.6922,1.3011,0.0000,-0.0106
120439,gimbal,dynamic,65.4508,119.26,120.44,0.5559,-2.6377,65.9641,-0.2759,2.965,SEARCH,4.6922,1.3011,0.0000,-0.0106
120439,gimbal,dynamic,65.4793,120.07,120.44,0.5567,-2.6367,65.9932,-0.2715,2.965,SEARCH,4.6922,1.3011,0.0000,-0.0106
120439,gimbal,dynamic,65.5081,120.86,120.44,0.5573,-2.6360,66.0226,-0.2665,2.965,SEARCH,4.6922,1.3011,0.0000,-0.0106
120439,gimbal,dynamic,65.5373,121.62,120.44,0.5578,-2.6354,66.0521,-0.2612,2.965,SEARCH,4.6922,1.3011,0.0000,-0.0106
120439,gimbal,dynamic,65.5667,122.36,120.44,0.5584,-2.6349,66.0819,-0.2554,2.965,SEARCH,4.6922,1.3011,0.0000,-0.0106
120439,gimbal,dynamic,65.5960,123.07,120.44,0.5593,-2.6340,66.1119,-0.2492,2.965,SEARCH,4.6922,1.3011,0.0000,-0.0106
120439,gimbal,dynamic,65.6247,123.75,120.44,0.5608,-2.6320,66.1420,-0.2425,2.965,SEARCH,4.6922,1.3011,0.0000,-0.0106
120439,gimbal,dynamic,65.6534,124.40,120.44,0.5626,-2.6298,66.1724,-0.2354,2.965,SEARCH,4.6922,1.3011,0.0000,-0.0106
120439,gimbal,dynamic,65.6825,125.03,120.44,0.5643,-2.6279,66.2030,-0.2280,2.965,SEARCH,4.6922,1.3011,0.0000,-0.0106
120439,gimbal,dynamic,65.7119,125.12,120.44,0.5659,-2.6265,66.2337,-0.2203,2.965,SEARCH,4.6922,1.3011,0.0000,-0.0106
120439,gimbal,dynamic,65.7419,125.11,120.44,0.5671,-2.6257,66.2647,-0.2125,2.965,SEARCH,4.6922,1.3011,0.0000,-0.0106
120439,gimbal,dynamic,65.7722,125.11,120.44,0.5682,-2.6249,66.2958,-0.2047,2.965,SEARCH,4.6922,1.3011,0.0000,-0.0106
120439,gimbal,dynamic,65.8023,125.11,120.44,0.5697,-2.6239,66.3272,-0.1969,2.965,SEARCH,4.6922,1.3011,0.0000,-0.0106
120439,gimbal,dynamic,65.8324,125.11,120.44,0.5714,-2.6233,66.3587,-0.1890,2.965,SEARCH,4.6922,1.3011,0.0000,-0.0106
120439,gimbal,dynamic,65.8625,125.11,120.44,0.5733,-2.6233,66.3905,-0.1811,2.965,SEARCH,4.6922,1.3011,0.0000,-0.0106
120439,gimbal,dynamic,65.8927,125.11,120.44,0.5754,-2.6239,66.4225,-0.1731,2.965,SEARCH,4.6922,1.3011,0.0000,-0.0106
120439,gimbal,dynamic,65.9237,125.11,120.44,0.5767,-2.6246,66.4546,-0.1650,2.965,SEARCH,4.6922,1.3011,0.0000,-0.0106
120439,gimbal,dynamic,65.9558,125.12,120.44,0.5774,-2.6254,66.4869,-0.1570,2.965,SEARCH,4.6922,1.3011,0.0000,-0.0106
120439,gimbal,dynamic,65.9887,125.12,120.44,0.5773,-2.6266,66.5195,-0.1488,2.965,SEARCH,4.6922,1.3011,0.0000,-0.0106
120439,gimbal,dynamic,66.0216,125.12,120.44,0.5774,-2.6276,66.5522,-0.1406,2.965,SEARCH,4.6922,1.3011,0.0000,-0.0106
120439,gimbal,dynamic,66.0551,125.12,120.44,0.5772,-2.6280,66.5851,-0.1324,2.965,SEARCH,4.6922,1.3011,0.0000,-0.0106
120439,gimbal,dynamic,66.0892,125.12,120.44,0.5765,-2.6280,66.6182,-0.1241,2.965,SEARCH,4.6922,1.3011,0.0000,-0.0106
120439,gimbal,dynamic,66.1232,125.12,120.44,0.5761,-2.6279,66.6515,-0.1158,2.965,SEARCH,4.6922,1.3011,0.0000,-0.0106
120439,gimbal,dynamic,66.1573,125.12,120.44,0.5758,-2.6271,66.6850,-0.1074,2.965,SEARCH,4.6922,1.3011,0.0000,-0.0106
120439,gimbal,dynamic,66.1911,125.11,120.44,0.5758,-2.6260,66.7187,-0.0990,2.965,SEARCH,4.6922,1.3011,0.0000,-0.0106
120439,gimbal,dynamic,66.2247,125.11,120.44,0.5764,-2.6252,66.7525,-0.0906,2.965,SEARCH,4.6922,1.3011,0.0000,-0.0106
120439,gimbal,dynamic,66.2576,125.11,120.44,0.5778,-2.6244,66.7866,-0.0820,2.965,SEARCH,4.6922,1.3011,0.0000,-0.0106
120439,gimbal,dynamic,66.2904,125.11,120.44,0.5795,-2.6236,66.8208,-0.0735,2.965,SEARCH,4.6922,1.3011,0.0000,-0.0106
120439,gimbal,dynamic,66.3235,125.11,120.44,0.5811,-2.6223,66.8552,-0.0649,2.965,SEARCH,4.6922,1.3011,0.0000,-0.0106
120439,gimbal,dynamic,66.3577,125.11,120.44,0.5817,-2.6208,66.8898,-0.0562,2.965,SEARCH,4.6922,1.3011,0.0000,-0.0106
120439,gimbal,dynamic,66.3926,125.11,120.44,0.5818,-2.6189,66.9246,-0.0475,2.965,SEARCH,4.6922,1.3011,0.0000,-0.0106
120439,gimbal,dynamic,66.4280,125.11,120.44,0.5815,-2.6173,66.9595,-0.0388,2.965,SEARCH,4.6922,1.3011,0.0000,-0.0106
120439,gimbal,dynamic,66.4638,125.11,120.44,0.5811,-2.6154,66.9946,-0.0300,2.965,SEARCH,4.6922,1.3011,0.0000,-0.0106
120439,gimbal,dynamic,66.4997,125.10,120.44,0.5807,-2.6134,67.0299,-0.0212,2.965,SEARCH,4.6922,1.3011,0.0000,-0.0106
120439,gimbal,dynamic,66.5352,125.10,120.44,0.5809,-2.6116,67.0653,-0.0124,2.965,SEARCH,4.6922,1.3011,0.0000,-0.0106
120439,gimbal,dynamic,66.5711,125.10,120.44,0.5809,-2.6106,67.1010,-0.0034,2.965,SEARCH,4.6922,1.3011,0.0000,-0.0106
120439,gimbal,dynamic,66.6078,125.10,120.44,0.5803,-2.6100,67.1367,0.0055,2.965,SEARCH,4.6922,1.3011,0.0000,-0.0106
120439,gimbal,dynamic,66.6451,125.10,120.44,0.5793,-2.6095,67.1727,0.0145,2.965,SEARCH,4.6922,1.3011,0.0000,-0.0106
120439,gimbal,dynamic,66.6822,125.10,120.44,0.5785,-2.6093,67.2088,0.0235,2.965,SEARCH,4.6922,1.3011,0.0000,-0.0106
120439,gimbal,dynamic,66.7197,125.10,120.44,0.5777,-2.6094,67.2450,0.0326,2.965,SEARCH,4.6922,1.3011,0.0000,-0.0106
120439,gimbal,dynamic,66.7571,125.10,120.44,0.5770,-2.6105,67.2815,0.0417,2.965,SEARCH,4.6922,1.3011,0.0000,-0.0106
120439,gimbal,dynamic,66.7942,125.10,120.44,0.5769,-2.6123,67.3180,0.0508,2.965,SEARCH,4.6922,1.3011,0.0000,-0.0106
120439,gimbal,dynamic,66.8316,125.10,120.44,0.5767,-2.6150,67.3547,0.0600,2.965,SEARCH,4.6922,1.3011,0.0000,-0.0106
120439,gimbal,dynamic,66.8699,125.11,120.44,0.5757,-2.6171,67.3916,0.0692,2.965,SEARCH,4.6922,1.3011,0.0000,-0.0106
120439,gimbal,dynamic,66.9094,125.10,120.44,0.5736,-2.6189,67.4286,0.0785,2.965,SEARCH,4.6922,1.3011,0.0000,-0.0106
120439,gimbal,dynamic,66.9492,125.10,120.44,0.5713,-2.6201,67.4657,0.0877,2.965,SEARCH,4.6922,1.3011,0.0000,-0.0106
120439,gimbal,dynamic,66.9888,125.10,120.44,0.5694,-2.6208,67.5030,0.0971,2.965,SEARCH,4.6922,1.3011,0.0000,-0.0106
120439,gimbal,dynamic,67.0284,125.10,120.44,0.5676,-2.6216,67.5405,0.1064,2.965,SEARCH,4.6922,1.3011,0.0000,-0.0106
120439,gimbal,dynamic,67.0679,125.10,120.44,0.5660,-2.6222,67.5780,0.1158,2.965,SEARCH,4.6922,1.3011,0.0000,-0.0106
120439,gimbal,dynamic,67.1081,125.10,120.44,0.5639,-2.6225,67.6157,0.1252,2.965,SEARCH,4.6922,1.3011,0.0000,-0.0106
120439,gimbal,dynamic,67.1484,125.10,120.44,0.5617,-2.6223,67.6535,0.1347,2.965,SEARCH,4.6922,1.3011,0.0000,-0.0106
120439,gimbal,dynamic,67.1889,125.10,120.44,0.5595,-2.6223,67.6914,0.1442,2.965,SEARCH,4.6922,1.3011,0.0000,-0.0106
120439,gimbal,dynamic,67.2290,125.10,120.44,0.5578,-2.6231,67.7295,0.1537,2.965,SEARCH,4.6922,1.3011,0.0000,-0.0106
120439,gimbal,dynamic,67.2689,124.65,120.44,0.5566,-2.6246,67.7677,0.1630,2.965,SEARCH,4.6922,1.3011,0.0000,-0.0106
120439,gimbal,dynamic,67.3086,124.11,120.44,0.5555,-2.6266,67.8059,0.1720,2.965,SEARCH,4.6922,1.3011,0.0000,-0.0106
120439,gimbal,dynamic,67.3477,123.54,120.44,0.5553,-2.6286,67.8443,0.1807,2.965,SEARCH,4.6922,1.3011,0.0000,-0.0106
120439,gimbal,dynamic,67.3864,122.97,120.44,0.5554,-2.6310,67.8828,0.1889,2.965,SEARCH,4.6922,1.3011,0.0000,-0.0106
120439,gimbal,dynamic,67.4254,122.38,120.44,0.5554,-2.6332,67.9214,0.1968,2.965,SEARCH,4.6922,1.3011,0.0000,-0.0106
120439,gimbal,dynamic,67.4650,121.78,120.44,0.5549,-2.6351,67.9601,0.2042,2.965,SEARCH,4.6922,1.3011,0.0000,-0.0106
120439,gimbal,dynamic,67.5052,121.16,120.44,0.5539,-2.6362,67.9989,0.2113,2.965,SEARCH,4.6922,1.3011,0.0000,-0.0106
120439,gimbal,dynamic,67.5461,120.54,120.44,0.5521,-2.6372,68.0378,0.2179,2.965,SEARCH,4.6922,1.3011,0.0000,-0.0106
120439,gimbal,dynamic,67.5876,119.90,120.44,0.5499,-2.6386,68.0768,0.2241,2.965,SEARCH,4.6922,1.3011,0.0000,-0.0106
120439,gimbal,dynamic,67.6295,119.26,120.44,0.5474,-2.6406,68.1159,0.2299,2.965,SEARCH,4.6922,1.3011,0.0000,-0.0106
120439,gimbal,dynamic,67.6715,118.61,120.44,0.5448,-2.6431,68.1551,0.2353,2.965,SEARCH,4.6922,1.3011,0.0000,-0.0106
120439,gimbal,dynamic,67.7136,117.95,120.44,0.5422,-2.6459,68.1943,0.2402,2.965,SEARCH,4.6922,1.3011,0.0000,-0.0106
120439,gimbal,dynamic,67.7561,117.29,120.44,0.5393,-2.6487,68.2336,0.2446,2.965,SEARCH,4.6922,1.3011,0.0000,-0.0106
120439,gimbal,dynamic,67.7979,116.62,120.44,0.5371,-2.6510,68.2730,0.2486,2.965,SEARCH,4.6922,1.3011,0.0000,-0.0106
120439,gimbal,dynamic,67.8388,115.95,120.44,0.5358,-2.6523,68.3124,0.2521,2.965,SEARCH,4.6922,1.3011,0.0000,-0.0106
120439,gimbal,dynamic,67.8792,115.28,120.44,0.5351,-2.6527,68.3519,0.2552,2.965,SEARCH,4.6922,1.3011,0.0000,-0.0106
120439,gimbal,dynamic,67.9192,114.61,120.44,0.5346,-2.6519,68.3915,0.2578,2.965,SEARCH,4.6922,1.3011,0.0000,-0.0106
120439,gimbal,dynamic,67.9589,113.94,120.44,0.5346,-2.6504,68.4311,0.2599,2.965,SEARCH,4.6922,1.3011,0.0000,-0.0106
120439,gimbal,dynamic,67.9982,113.27,120.44,0.5349,-2.6482,68.4708,0.2616,2.965,SEARCH,4.6922,1.3011,0.0000,-0.0106
120439,gimbal,dynamic,68.0381,112.60,120.44,0.5346,-2.6459,68.5105,0.2628,2.965,SEARCH,4.6922,1.3011,0.0000,-0.0106
120439,gimbal,dynamic,68.0781,111.93,120.44,0.5343,-2.6441,68.5503,0.2636,2.965,SEARCH,4.6922,1.3011,0.0000,-0.0106
120439,gimbal,dynamic,68.1171,111.28,120.44,0.5350,-2.6427,68.5901,0.2639,2.965,SEARCH,4.6922,1.3011,0.0000,-0.0106
120439,gimbal,dynamic,68.1555,110.63,120.44,0.5364,-2.6417,68.6300,0.2637,2.965,SEARCH,4.6922,1.3011,0.0000,-0.0106
120439,gimbal,dynamic,68.1934,109.98,120.44,0.5383,-2.6409,68.6698,0.2631,2.965,SEARCH,4.6922,1.3011,0.0000,-0.0106
120439,gimbal,dynamic,68.2308,109.35,120.44,0.5407,-2.6404,68.7097,0.2621,2.965,SEARCH,4.6922,1.3011,0.0000,-0.0106
120439,gimbal,dynamic,68.2683,108.73,120.44,0.5430,-2.6403,68.7497,0.2606,2.965,SEARCH,4.6922,1.3011,0.0000,-0.0106
120439,gimbal,dynamic,68.3057,108.12,120.44,0.5455,-2.6409,68.7896,0.2587,2.965,SEARCH,4.6922,1.3011,0.0000,-0.0106
120439,gimbal,dynamic,68.3429,107.51,120.44,0.5481,-2.6415,68.8296,0.2563,2.965,SEARCH,4.6922,1.3011,0.0000,-0.0106
120439,gimbal,dynamic,68.3805,106.93,120.44,0.5505,-2.6423,68.8696,0.2536,2.965,SEARCH,4.6922,1.3011,0.0000,-0.0106
120439,gimbal,dynamic,68.4179,106.35,120.44,0.5529,-2.6432,68.9096,0.2504,2.965,SEARCH,4.6922,1.3011,0.0000,-0.0106
120439,gimbal,dynamic,68.4552,105.79,120.44,0.5555,-2.6442,68.9496,0.2468,2.965,SEARCH,4.6922,1.3011,0.0000,-0.0106
120439,gimbal,dynamic,68.4927,105.25,120.44,0.5578,-2.6451,68.9896,0.2429,2.965,SEARCH,4.6922,1.3011,0.0000,-0.0106
120439,gimbal,dynamic,68.5309,104.72,120.44,0.5594,-2.6457,69.0296,0.2386,2.965,SEARCH,4.6922,1.3011,0.0000,-0.0106
120439,gimbal,dynamic,68.5693,104.21,120.44,0.5607,-2.6461,69.0696,0.2339,2.965,SEARCH,4.6922,1.3011,0.0000,-0.0106
120439,gimbal,dynamic,68.6082,103.71,120.44,0.5616,-2.6458,69.1095,0.2288,2.965,SEARCH,4.6922,1.3011,0.0000,-0.0106
120439,gimbal,dynamic,68.6469,103.24,120.44,0.5625,-2.6450,69.1495,0.2234,2.965,SEARCH,4.6922,1.3011,0.0000,-0.0106
120439,gimbal,dynamic,68.6856,102.79,120.44,0.5636,-2.6445,69.1895,0.2177,2.965,SEARCH,4.6922,1.3011,0.0000,-0.0106
120439,gimbal,dynamic,68.7247,102.35,120.44,0.5640,-2.6442,69.2294,0.2117,2.965,SEARCH,4.6922,1.3011,0.0000,-0.0106
120439,gimbal,dynamic,68.7642,101.94,120.44,0.5642,-2.6445,69.2693,0.2054,2.965,SEARCH,4.6922,1.3011,0.0000,-0.0106
120439,gimbal,dynamic,68.8039,101.55,120.44,0.5640,-2.6451,69.3091,0.1988,2.965,SEARCH,4.6922,1.3011,0.0000,-0.0106
120439,gimbal,dynamic,68.8444,101.18,120.44,0.5630,-2.6457,69.3490,0.1920,2.965,SEARCH,4.6922,1.3011,0.0000,-0.0106
120439,gimbal,dynamic,68.8850,100.83,120.44,0.5620,-2.6464,69.3887,0.1848,2.965,SEARCH,4.6922,1.3011,0.0000,-0.0106
120439,gimbal,dynamic,68.9252,100.51,120.44,0.5612,-2.6473,69.4285,0.1775,2.965,SEARCH,4.6922,1.3011,0.0000,-0.0106
120439,gimbal,dynamic,68.9656,100.20,120.44,0.5602,-2.6480,69.4682,0.1700,2.965,SEARCH,4.6922,1.3011,0.0000,-0.0106
120439,gimbal,dynamic,69.0062,99.92,120.44,0.5590,-2.6485,69.5078,0.1622,2.965,SEARCH,4.6922,1.3011,0.0000,-0.0106
120439,gimbal,dynamic,69.0466,99.66,120.44,0.5578,-2.6484,69.5474,0.1543,2.965,SEARCH,4.6922,1.3011,0.0000,-0.0106
120439,gimbal,dynamic,69.0868,99.43,120.44,0.5567,-2.6476,69.5870,0.1462,2.965,SEARCH,4.6922,1.3011,0.0000,-0.0106
120439,gimbal,dynamic,69.1273,99.22,120.44,0.5553,-2.6461,69.6265,0.1379,2.965,SEARCH,4.6922,1.3011,0.0000,-0.0106
120439,gimbal,dynamic,69.1676,99.03,120.44,0.5540,-2.6449,69.6659,0.1296,2.965,SEARCH,4.6922,1.3011,0.0000,-0.0106
120439,gimbal,dynamic,69.2070,98.87,120.44,0.5535,-2.6435,69.7052,0.1211,2.965,SEARCH,4.6922,1.3011,0.0000,-0.0106
120439,gimbal,dynamic,69.2453,98.73,120.44,0.5540,-2.6423,69.7445,0.1126,2.965,SEARCH,4.6922,1.3011,0.0000,-0.0106
120439,gimbal,dynamic,69.2828,98.62,120.44,0.5552,-2.6410,69.7837,0.1039,2.965,SEARCH,4.6922,1.3011,0.0000,-0.0106
120439,gimbal,dynamic,69.3197,98.53,120.44,0.5570,-2.6393,69.8228,0.0952,2.965,SEARCH,4.6922,1.3011,0.0000,-0.0106
120439,gimbal,dynamic,69.3562,98.47,120.44,0.5592,-2.6380,69.8618,0.0865,2.965,SEARCH,4.6922,1.3011,0.0000,-0.0106
120439,gimbal,dynamic,69.3931,98.43,120.44,0.5608,-2.6376,69.9007,0.0778,2.965,SEARCH,4.6922,1.3011,0.0000,-0.0106
120439,gimbal,dynamic,69.4306,98.42,120.44,0.5617,-2.6380,69.9396,0.0691,2.965,SEARCH,4.6922,1.3011,0.0000,-0.0106
120439,gimbal,dynamic,69.4686,98.43,120.44,0.5622,-2.6384,69.9783,0.0604,2.965,SEARCH,4.6922,1.3011,0.0000,-0.0106
120439,gimbal,dynamic,69.5071,98.47,120.44,0.5620,-2.6381,70.0170,0.0518,2.965,SEARCH,4.6922,1.3011,0.0000,-0.0106
120439,gimbal,dynamic,69.5457,98.53,120.44,0.5615,-2.6373,70.0555,0.0432,2.965,SEARCH,4.6922,1.3011,0.0000,-0.0106
120439,gimbal,dynamic,69.5841,98.61,120.44,0.5611,-2.6359,70.0940,0.0347,2.965,SEARCH,4.6922,1.3011,0.0000,-0.0106
120439,gimbal,dynamic,69.6221,98.72,120.44,0.5610,-2.6342,70.1323,0.0262,2.965,SEARCH,4.6922,1.3011,0.0000,-0.0106
120439,gimbal,dynamic,69.6600,98.86,120.44,0.5610,-2.6329,70.1705,0.0179,2.965,SEARCH,4.6922,1.3011,0.0000,-0.0106
120439,gimbal,dynamic,69.6979,99.02,120.44,0.5608,-2.6321,70.2086,0.0098,2.965,SEARCH,4.6922,1.3011,0.0000,-0.0106
120439,gimbal,dynamic,69.7358,99.20,120.44,0.5606,-2.6311,70.2466,0.0017,2.965,SEARCH,4.6922,1.3011,0.0000,-0.0106
120439,gimbal,dynamic,69.7736,99.41,120.44,0.5603,-2.6301,70.2845,-0.0061,2.965,SEARCH,4.6922,1.3011,0.0000,-0.0106
120439,gimbal,dynamic,69.8111,99.64,120.44,0.5601,-2.6286,70.3222,-0.0138,2.965,SEARCH,4.6922,1.3011,0.0000,-0.0106
120439,gimbal,dynamic,69.8484,99.89,120.44,0.5600,-2.6272,70.3598,-0.0213,2.965,SEARCH,4.6922,1.3011,0.0000,-0.0106
120439,gimbal,dynamic,69.8855,100.17,120.44,0.5601,-2.6258,70.3973,-0.0286,2.965,SEARCH,4.6922,1.3011,0.0000,-0.0106
120439,gimbal,dynamic,69.9222,100.47,120.44,0.5605,-2.6246,70.4347,-0.0356,2.965,SEARCH,4.6922,1.3011,0.0000,-0.0106
120439,gimbal,dynamic,69.9577,100.79,120.44,0.5618,-2.6237,70.4719,-0.0424,2.965,SEARCH,4.6922,1.3011,0.0000,-0.0106
120439,gimbal,dynamic,69.9927,101.14,120.44,0.5636,-2.6231,70.5089,-0.0490,2.965,SEARCH,4.6922,1.3011,0.0000,-0.0106
120439,gimbal,dynamic,70.0277,101.50,120.44,0.5653,-2.6222,70.5459,-0.0553,2.965,SEARCH,4.6922,1.3011,0.0000,-0.0106
120439,gimbal,dynamic,70.0626,101.89,120.44,0.5668,-2.6214,70.5827,-0.0613,2.965,SEARCH,4.6922,1.3011,0.0000,-0.0106
120439,gimbal,dynamic,70.0973,102.30,120.44,0.5685,-2.6206,70.6193,-0.0670,2.965,SEARCH,4.6922,1.3011,0.0000,-0.0106
120439,gimbal,dynamic,70.1319,102.72,120.44,0.5701,-2.6197,70.6558,-0.0725,2.965,SEARCH,4.6922,1.3011,0.0000,-0.0106
120439,gimbal,dynamic,70.1669,103.16,120.44,0.5712,-2.6186,70.6921,-0.0776,2.965,SEARCH,4.6922,1.3011,0.0000,-0.0106
120439,gimbal,dynamic,70.2025,103.62,120.44,0.5716,-2.6179,70.7283,-0.0824,2.965,SEARCH,4.6922,1.3011,0.0000,-0.0106
120439,gimbal,dynamic,70.2383,104.10,120.44,0.5716,-2.6175,70.7643,-0.0869,2.965,SEARCH,4.6922,1.3011,0.0000,-0.0106
120439,gimbal,dynamic,70.2742,104.60,120.44,0.5714,-2.6178,70.8001,-0.0911,2.965,SEARCH,4.6922,1.3011,0.0000,-0.0106
120439,gimbal,dynamic,70.3100,105.11,120.44,0.5711,-2.6186,70.8358,-0.0949,2.965,SEARCH,4.6922,1.3011,0.0000,-0.0106
120439,gimbal,dynamic,70.3460,105.63,120.44,0.5706,-2.6200,70.8714,-0.0984,2.965,SEARCH,4.6922,1.3011,0.0000,-0.0106
120439,gimbal,dynamic,70.3817,106.17,120.44,0.5701,-2.6211,70.9067,-0.1015,2.965,SEARCH,4.6922,1.3011,0.0000,-0.0106
120439,gimbal,dynamic,70.4169,106.72,120.44,0.5700,-2.6219,70.9419,-0.1043,2.965,SEARCH,4.6922,1.3011,0.0000,-0.0106
120439,gimbal,dynamic,70.4518,107.28,120.44,0.5700,-2.6223,70.9769,-0.1067,2.965,SEARCH,4.6922,1.3011,0.0000,-0.0106
120439,gimbal,dynamic,70.4868,107.85,120.44,0.5698,-2.6229,71.0118,-0.1088,2.965,SEARCH,4.6922,1.3011,0.0000,-0.0106
120439,gimbal,dynamic,70.5215,108.43,120.44,0.5698,-2.6239,71.0464,-0.1105,2.965,SEARCH,4.6922,1.3011,0.0000,-0.0106
120439,gimbal,dynamic,70.5560,109.02,120.44,0.5697,-2.6246,71.0809,-0.1119,2.965,SEARCH,4.6922,1.3011,0.0000,-0.0106
120439,gimbal,dynamic,70.5907,109.61,120.44,0.5692,-2.6247,71.1152,-0.1128,2.965,SEARCH,4.6922,1.3011,0.0000,-0.0106
120439,gimbal,dynamic,70.6257,110.20,120.44,0.5683,-2.6241,71.1493,-0.1135,2.965,SEARCH,4.6922,1.3011,0.0000,-0.0106
120439,gimbal,dynamic,70.6604,110.79,120.44,0.5675,-2.6232,71.1833,-0.1137,2.965,SEARCH,4.6922,1.3011,0.0000,-0.0106
120439,gimbal,dynamic,70.6949,111.39,120.44,0.5667,-2.6220,71.2170,-0.1137,2.965,SEARCH,4.6922,1.3011,0.0000,-0.0106
120439,gimbal,dynamic,70.7297,111.99,120.44,0.5654,-2.6209,71.2506,-0.1132,2.965,SEARCH,4.6922,1.3011,0.0000,-0.0106
120439,gimbal,dynamic,70.7649,112.59,120.44,0.5635,-2.6198,71.2840,-0.1125,2.965,SEARCH,4.6922,1.3011,0.0000,-0.0106
120439,gimbal,dynamic,70.8005,113.18,120.44,0.5612,-2.6194,71.3172,-0.1113,2.965,SEARCH,4.6922,1.3011,0.0000,-0.0106
120439,gimbal,dynamic,70.8360,113.77,120.44,0.5587,-2.6195,71.3502,-0.1099,2.965,SEARCH,4.6922,1.3011,0.0000,-0.0106
120439,gimbal,dynamic,70.8714,114.35,120.44,0.5561,-2.6195,71.3830,-0.1081,2.965,SEARCH,4.6922,1.3011,0.0000,-0.0106
120439,gimbal,dynamic,70.9065,114.92,120.44,0.5537,-2.6192,71.4156,-0.1060,2.965,SEARCH,4.6922,1.3011,0.0000,-0.0106
120439,gimbal,dynamic,70.9404,115.48,120.44,0.5523,-2.6188,71.4481,-0.1036,2.965,SEARCH,4.6922,1.3011,0.0000,-0.0106
120439,gimbal,dynamic,70.9732,116.03,120.44,0.5518,-2.6192,71.4803,-0.1009,2.965,SEARCH,4.6922,1.3011,0.0000,-0.0106
120439,gimbal,dynamic,71.0050,116.57,120.44,0.5522,-2.6199,71.5123,-0.0979,2.965,SEARCH,4.6922,1.3011,0.0000,-0.0106
120439,gimbal,dynamic,71.0362,117.10,120.44,0.5529,-2.6212,71.5442,-0.0946,2.965,SEARCH,4.6922,1.3011,0.0000,-0.0106
120439,gimbal,dynamic,71.0668,117.61,120.44,0.5542,-2.6233,71.5758,-0.0911,2.965,SEARCH,4.6922,1.3011,0.0000,-0.0106
120439,gimbal,dynamic,71.0967,118.11,120.44,0.5559,-2.6252,71.6073,-0.0873,2.965,SEARCH,4.6922,1.3011,0.0000,-0.0106
120439,gimbal,dynamic,71.1256,118.58,120.44,0.5584,-2.6268,71.6385,-0.0832,2.965,SEARCH,4.6922,1.3011,0.0000,-0.0106
120439,gimbal,dynamic,71.1538,119.04,120.44,0.5615,-2.6280,71.6696,-0.0790,2.965,SEARCH,4.6922,1.3011,0.0000,-0.0106
120439,gimbal,dynamic,71.1814,119.47,120.44,0.5648,-2.6288,71.7004,-0.0745,2.965,SEARCH,4.6922,1.3011,0.0000,-0.0106
120439,gimbal,dynamic,71.2094,119.88,120.44,0.5677,-2.6289,71.7311,-0.0698,2.965,SEARCH,4.6922,1.3011,0.0000,-0.0106
120439,gimbal,dynamic,71.2378,120.27,120.44,0.5699,-2.6285,71.7615,-0.0649,2.965,SEARCH,4.6922,1.3011,0.0000,-0.0106
120439,gimbal,dynamic,71.2671,120.63,120.44,0.5710,-2.6284,71.7918,-0.0599,2.965,SEARCH,4.6922,1.3011,0.0000,-0.0106
120439,gimbal,dynamic,71.2970,120.96,120.44,0.5713,-2.6289,71.8219,-0.0547,2.965,SEARCH,4.6922,1.3011,0.0000,-0.0106
120439,gimbal,dynamic,71.3265,121.27,120.44,0.5719,-2.6297,71.8517,-0.0493,2.965,SEARCH,4.6922,1.3011,0.0000,-0.0106
120439,gimbal,dynamic,71.3551,121.55,120.44,0.5731,-2.6295,71.8814,-0.0439,2.965,SEARCH,4.6922,1.3011,0.0000,-0.0106
120439,gimbal,dynamic,71.3834,121.80,120.44,0.5744,-2.6282,71.9108,-0.0384,2.965,SEARCH,4.6922,1.3011,0.0000,-0.0106
120439,gimbal,dynamic,71.4118,122.02,120.44,0.5753,-2.6263,71.9401,-0.0327,2.965,SEARCH,4.6922,1.3011,0.0000,-0.0106
120439,gimbal,dynamic,71.4409,122.20,120.44,0.5755,-2.6246,71.9691,-0.0270,2.965,SEARCH,4.6922,1.3011,0.0000,-0.0106
120439,gimbal,dynamic,71.4707,122.35,120.44,0.5746,-2.6231,71.9980,-0.0213,2.965,SEARCH,4.6922,1.3011,0.0000,-0.0106
120439,gimbal,dynamic,71.5010,122.47,120.44,0.5731,-2.6216,72.0266,-0.0155,2.965,SEARCH,4.6922,1.3011,0.0000,-0.0106
120439,gimbal,dynamic,71.5313,122.56,120.44,0.5715,-2.6199,72.0551,-0.0097,2.965,SEARCH,4.6922,1.3011,0.0000,-0.0106
120439,gimbal,dynamic,71.5606,122.61,120.44,0.5706,-2.6187,72.0834,-0.0039,2.965,SEARCH,4.6922,1.3011,0.0000,-0.0106
120439,gimbal,dynamic,71.5891,122.62,120.44,0.5702,-2.6180,72.1114,0.0018,2.965,SEARCH,4.6922,1.3011,0.0000,-0.0106
120439,gimbal,dynamic,71.6174,122.59,120.44,0.5700,-2.6178,72.1393,0.0075,2.965,SEARCH,4.6922,1.3011,0.0000,-0.0106
120439,gimbal,dynamic,71.6461,122.53,120.44,0.5692,-2.6176,72.1670,0.0131,2.965,SEARCH,4.6922,1.3011,0.0000,-0.0106
120439,gimbal,dynamic,71.6754,122.42,120.44,0.5676,-2.6175,72.1944,0.0187,2.965,SEARCH,4.6922,1.3011,0.0000,-0.0106
120439,gimbal,dynamic,71.7048,122.28,120.44,0.5656,-2.6173,72.2217,0.0241,2.965,SEARCH,4.6922,1.3011,0.0000,-0.0106
120439,gimbal,dynamic,71.7341,122.10,120.44,0.5635,-2.6168,72.2488,0.0295,2.965,SEARCH,4.6922,1.3011,0.0000,-0.0106
120439,gimbal,dynamic,71.7635,121.87,120.44,0.5612,-2.6164,72.2757,0.0346,2.965,SEARCH,4.6922,1.3011,0.0000,-0.0106
120439,gimbal,dynamic,71.7932,121.61,120.44,0.5584,-2.6163,72.3025,0.0397,2.965,SEARCH,4.6922,1.3011,0.0000,-0.0106
120439,gimbal,dynamic,71.8227,121.30,120.44,0.5556,-2.6164,72.3290,0.0445,2.965,SEARCH,4.6922,1.3011,0.0000,-0.0106
120439,gimbal,dynamic,71.8515,120.95,120.44,0.5533,-2.6167,72.3553,0.0492,2.965,SEARCH,4.6922,1.3011,0.0000,-0.0106
120439,gimbal,dynamic,71.8796,120.56,120.44,0.5515,-2.6168,72.3815,0.0536,2.965,SEARCH,4.6922,1.3011,0.0000,-0.0106
120439,gimbal,dynamic,71.9071,120.12,120.44,0.5501,-2.6172,72.4074,0.0579,2.965,SEARCH,4.6922,1.3011,0.0000,-0.0106
120439,gimbal,dynamic,71.9345,119.64,120.44,0.5486,-2.6177,72.4332,0.0618,2.965,SEARCH,4.6922,1.3011,0.0000,-0.0106
120439,gimbal,dynamic,71.9622,119.12,120.44,0.5467,-2.6179,72.4588,0.0655,2.965,SEARCH,4.6922,1.3011,0.0000,-0.0106
120439,gimbal,dynamic,71.9892,118.56,120.44,0.5452,-2.6179,72.4843,0.0690,2.965,SEARCH,4.6922,1.3011,0.0000,-0.0106
120439,gimbal,dynamic,72.0154,117.95,120.44,0.5444,-2.6175,72.5095,0.0721,2.965,SEARCH,4.6922,1.3011,0.0000,-0.0106
120439,gimbal,dynamic,72.0409,117.30,120.44,0.5440,-2.6176,72.5346,0.0750,2.965,SEARCH,4.6922,1.3011,0.0000,-0.0106
120439,gimbal,dynamic,72.0659,116.61,120.44,0.5441,-2.6188,72.5595,0.0775,2.965,SEARCH,4.6922,1.3011,0.0000,-0.0106
120439,gimbal,dynamic,72.0910,115.88,120.44,0.5438,-2.6205,72.5842,0.0797,2.965,SEARCH,4.6922,1.3011,0.0000,-0.0106
120439,gimbal,dynamic,72.1160,115.10,120.44,0.5435,-2.6225,72.6088,0.0816,2.965,SEARCH,4.6922,1.3011,0.0000,-0.0106
120439,gimbal,dynamic,72.1405,114.29,120.44,0.5435,-2.6245,72.6332,0.0831,2.965,SEARCH,4.6922,1.3011,0.0000,-0.0106
120439,gimbal,dynamic,72.1644,113.44,120.44,0.5440,-2.6258,72.6574,0.0842,2.965,SEARCH,4.6922,1.3011,0.0000,-0.0106
120439,gimbal,dynamic,72.1882,112.56,120.44,0.5442,-2.6264,72.6815,0.0850,2.965,SEARCH,4.6922,1.3011,0.0000,-0.0106
204896,gimbal,dynamic,72.2117,111.63,204.90,0.5447,-2.6266,72.7054,0.0853,0.732,IDLE,0.0000,0.0000,0.0000,0.0000
204996,gimbal,dynamic,72.2347,110.68,205.00,0.5454,-2.6270,72.7292,0.0853,0.732,IDLE,0.0000,0.0000,0.0000,0.0000
205096,gimbal,dynamic,72.2577,109.69,205.10,0.5460,-2.6268,72.7528,0.0849,0.732,IDLE,0.0000,0.0000,0.0000,0.0000
205196,gimbal,dynamic,72.2799,108.68,205.20,0.5471,-2.6262,72.7762,0.0841,0.732,IDLE,0.0000,0.0000,0.0000,0.0000
205296,gimbal,dynamic,72.3019,107.65,205.30,0.5484,-2.6257,72.7995,0.0828,0.732,IDLE,0.0000,0.0000,0.0000,0.0000
205396,gimbal,dynamic,72.3235,106.59,205.40,0.5498,-2.6256,72.8227,0.0812,0.732,IDLE,0.0000,0.0000,0.0000,0.0000
205496,gimbal,dynamic,72.3455,105.51,205.50,0.5508,-2.6257,72.8457,0.0791,0.733,IDLE,0.0000,0.0000,0.0000,0.0000
205596,gimbal,dynamic,72.3671,104.43,205.60,0.5519,-2.6253,72.8685,0.0766,0.733,IDLE,0.0000,0.0000,0.0000,0.0000
205696,gimbal,dynamic,72.3877,103.32,205.70,0.5538,-2.6246,72.8913,0.0736,0.733,IDLE,0.0000,0.0000,0.0000,0.0000
205796,gimbal,dynamic,72.4078,102.21,205.80,0.5562,-2.6241,72.9139,0.0703,0.733,IDLE,0.0000,0.0000,0.0000,0.0000
205896,gimbal,dynamic,72.4269,101.10,205.90,0.5594,-2.6241,72.9363,0.0665,0.733,IDLE,0.0000,0.0000,0.0000,0.0000
205996,gimbal,dynamic,72.4460,99.98,206.00,0.5624,-2.6241,72.9586,0.0623,0.733,IDLE,0.0000,0.0000,0.0000,0.0000
206096,gimbal,dynamic,72.4653,98.87,206.10,0.5652,-2.6238,72.9808,0.0576,0.733,IDLE,0.0000,0.0000,0.0000,0.0000
206196,gimbal,dynamic,72.4855,97.76,206.20,0.5668,-2.6239,73.0029,0.0526,0.733,IDLE,0.0000,0.0000,0.0000,0.0000
206296,gimbal,dynamic,72.5065,97.01,206.30,0.5676,-2.6246,73.0249,0.0471,0.733,IDLE,0.0000,0.0000,0.0000,0.0000
206396,gimbal,dynamic,72.5279,97.01,206.40,0.5679,-2.6264,73.0467,0.0417,0.733,IDLE,0.0000,0.0000,0.0000,0.0000
206496,gimbal,dynamic,72.5492,97.01,206.50,0.5682,-2.6288,73.0684,0.0362,0.733,IDLE,0.0000,0.0000,0.0000,0.0000
206596,gimbal,dynamic,72.5707,97.01,206.60,0.5682,-2.6317,73.0900,0.0308,0.734,IDLE,0.0000,0.0000,0.0000,0.0000
206696,gimbal,dynamic,72.5927,97.01,206.70,0.5676,-2.6343,73.1116,0.0255,0.734,IDLE,0.0000,0.0000,0.0000,0.0000
206796,gimbal,dynamic,72.6146,97.01,206.80,0.5670,-2.6370,73.1330,0.0201,0.734,IDLE,0.0000,0.0000,0.0000,0.0000
206896,gimbal,dynamic,72.6359,97.01,206.90,0.5669,-2.6389,73.1543,0.0148,0.734,IDLE,0.0000,0.0000,0.0000,0.0000
206996,gimbal,dynamic,72.6565,97.01,207.00,0.5673,-2.6398,73.1755,0.0095,0.734,IDLE,0.0000,0.0000,0.0000,0.0000
207096,gimbal,dynamic,72.6768,97.01,207.10,0.5679,-2.6408,73.1966,0.0042,0.734,IDLE,0.0000,0.0000,0.0000,0.0000
207196,gimbal,dynamic,72.6973,97.01,207.20,0.5683,-2.6424,73.2176,-0.0010,0.735,IDLE,0.0000,0.0000,0.0000,0.0000
207296,gimbal,dynamic,72.7180,97.01,207.30,0.5684,-2.6441,73.2385,-0.0063,0.735,IDLE,0.0000,0.0000,0.0000,0.0000
207396,gimbal,dynamic,72.7390,97.01,207.40,0.5681,-2.6455,73.2594,-0.0115,0.735,IDLE,0.0000,0.0000,0.0000,0.0000
207496,gimbal,dynamic,72.7603,97.01,207.50,0.5674,-2.6463,73.2802,-0.0167,0.734,IDLE,0.0000,0.0000,0.0000,0.0000
207596,gimbal,dynamic,72.7820,97.01,207.60,0.5662,-2.6470,73.3009,-0.0219,0.734,IDLE,0.0000,0.0000,0.0000,0.0000
207696,gimbal,dynamic,72.8032,97.01,207.70,0.5654,-2.6475,73.3215,-0.0270,0.734,IDLE,0.0000,0.0000,0.0000,0.0000
207796,gimbal,dynamic,72.8240,97.01,207.80,0.5650,-2.6485,73.3421,-0.0322,0.734,IDLE,0.0000,0.0000,0.0000,0.0000
207896,gimbal,dynamic,72.8443,97.01,207.90,0.5651,-2.6498,73.3625,-0.0373,0.734,IDLE,0.0000,0.0000,0.0000,0.0000
207996,gimbal,dynamic,72.8644,97.01,208.00,0.5653,-2.6512,73.3830,-0.0424,0.734,IDLE,0.0000,0.0000,0.0000,0.0000
208096,gimbal,dynamic,72.8845,97.01,208.10,0.5655,-2.6525,73.4034,-0.0475,0.734,IDLE,0.0000,0.0000,0.0000,0.0000
208196,gimbal,dynamic,72.9046,97.01,208.20,0.5655,-2.6539,73.4237,-0.0526,0.733,IDLE,0.0000,0.0000,0.0000,0.0000
208296,gimbal,dynamic,72.9252,97.01,208.30,0.5650,-2.6554,73.4440,-0.0576,0.733,IDLE,0.0000,0.0000,0.0000,0.0000
208396,gimbal,dynamic,72.9463,97.01,208.40,0.5640,-2.6568,73.4642,-0.0627,0.733,IDLE,0.0000,0.0000,0.0000,0.0000
208496,gimbal,dynamic,72.9680,97.01,208.50,0.5623,-2.6579,73.4844,-0.0677,0.733,IDLE,0.0000,0.0000,0.0000,0.0000
208596,gimbal,dynamic,72.9899,97.01,208.60,0.5605,-2.6587,73.5045,-0.0728,0.733,IDLE,0.0000,0.0000,0.0000,0.0000
208696,gimbal,dynamic,73.0120,97.01,208.70,0.5583,-2.6600,73.5247,-0.0778,0.733,IDLE,0.0000,0.0000,0.0000,0.0000
208796,gimbal,dynamic,73.0342,97.01,208.80,0.5561,-2.6610,73.5448,-0.0828,0.733,IDLE,0.0000,0.0000,0.0000,0.0000
208896,gimbal,dynamic,73.0559,97.01,208.90,0.5543,-2.6614,73.5648,-0.0879,0.733,IDLE,0.0000,0.0000,0.0000,0.0000
208996,gimbal,dynamic,73.0773,97.00,209.00,0.5527,-2.6613,73.5849,-0.0929,0.733,IDLE,0.0000,0.0000,0.0000,0.0000
209096,gimbal,dynamic,73.0989,97.00,209.10,0.5510,-2.6604,73.6049,-0.0979,0.733,IDLE,0.0000,0.0000,0.0000,0.0000
209196,gimbal,dynamic,73.1204,97.00,209.20,0.5492,-2.6589,73.6249,-0.1029,0.733,IDLE,0.0000,0.0000,0.0000,0.0000
209296,gimbal,dynamic,73.1416,97.00,209.30,0.5477,-2.6574,73.6449,-0.1079,0.733,IDLE,0.0000,0.0000,0.0000,0.0000
209396,gimbal,dynamic,73.1631,97.00,209.40,0.5461,-2.6559,73.6649,-0.1129,0.733,IDLE,0.0000,0.0000,0.0000,0.0000
209496,gimbal,dynamic,73.1852,97.00,209.50,0.5437,-2.6542,73.6849,-0.1179,0.733,IDLE,0.0000,0.0000,0.0000,0.0000
209596,gimbal,dynamic,73.2074,97.00,209.60,0.5413,-2.6527,73.7049,-0.1229,0.732,IDLE,0.0000,0.0000,0.0000,0.0000
209697,gimbal,dynamic,73.2299,97.00,209.70,0.5386,-2.6512,73.7249,-0.1279,0.732,ARMING,0.0000,0.0000,0.0000,0.0000
209796,gimbal,dynamic,73.2528,97.00,209.80,0.5354,-2.6494,73.7450,-0.1329,0.732,TAKEOFF,0.0000,0.0000,0.0000,0.0000
209896,gimbal,dynamic,73.2753,97.00,209.90,0.5327,-2.6477,73.7650,-0.1379,0.732,TAKEOFF,0.0000,0.0000,0.0000,0.0000
209996,gimbal,dynamic,73.2980,97.00,210.00,0.5298,-2.6466,73.7851,-0.1429,0.732,TAKEOFF,0.0000,0.0000,0.0000,0.0000
210096,gimbal,dynamic,73.3204,97.00,210.10,0.5273,-2.6461,73.8051,-0.1479,0.732,TAKEOFF,0.0000,0.0000,0.0000,0.0000
210196,gimbal,dynamic,73.3425,97.00,210.20,0.5251,-2.6454,73.8252,-0.1530,0.732,TAKEOFF,0.0000,0.0000,0.0000,0.0000
210296,gimbal,dynamic,73.3638,97.00,210.30,0.5237,-2.6445,73.8454,-0.1580,0.732,TAKEOFF,0.0000,0.0000,0.0000,0.0000
210396,gimbal,dynamic,73.3838,97.00,210.40,0.5236,-2.6436,73.8655,-0.1630,0.732,TAKEOFF,0.0000,0.0000,0.0000,0.0000
210496,gimbal,dynamic,73.4036,97.00,210.50,0.5239,-2.6427,73.8857,-0.1681,0.732,TAKEOFF,0.0000,0.0000,0.0000,0.0000
210596,gimbal,dynamic,73.4233,97.00,210.60,0.5242,-2.6417,73.9060,-0.1731,0.732,TAKEOFF,0.0000,0.0000,0.0000,0.0000
210696,gimbal,dynamic,73.4437,97.00,210.70,0.5239,-2.6408,73.9263,-0.1782,0.732,TAKEOFF,0.0000,0.0000,0.0000,0.0000
210796,gimbal,dynamic,73.4643,97.00,210.80,0.5234,-2.6393,73.9466,-0.1833,0.732,TAKEOFF,0.0000,0.0000,0.0000,0.0000
210896,gimbal,dynamic,73.4847,96.99,210.90,0.5231,-2.6368,73.9670,-0.1884,0.732,TAKEOFF,0.0000,0.0000,0.0000,0.0000
210996,gimbal,dynamic,73.5054,96.99,211.00,0.5226,-2.6339,73.9875,-0.1935,0.733,TAKEOFF,0.0000,0.0000,0.0000,0.0000
211096,gimbal,dynamic,73.5267,96.99,211.10,0.5216,-2.6312,74.0080,-0.1986,0.733,TAKEOFF,0.0000,0.0000,0.0000,0.0000
211196,gimbal,dynamic,73.5483,96.99,211.20,0.5202,-2.6282,74.0286,-0.2038,0.733,TAKEOFF,0.0000,0.0000,0.0000,0.0000
211296,gimbal,dynamic,73.5696,97.12,211.30,0.5194,-2.6261,74.0493,-0.2089,0.733,TAKEOFF,0.0000,0.0000,0.0000,0.0000
211396,gimbal,dynamic,73.5903,98.57,211.40,0.5192,-2.6249,74.0700,-0.2137,0.733,TAKEOFF,0.0000,0.0000,0.0000,0.0000
211496,gimbal,dynamic,73.6103,100.07,211.50,0.5199,-2.6242,74.0908,-0.2179,0.733,TAKEOFF,0.0000,0.0000,0.0000,0.0000
211596,gimbal,dynamic,73.6301,101.61,211.60,0.5208,-2.6232,74.1117,-0.2216,0.733,TAKEOFF,0.0000,0.0000,0.0000,0.0000
211696,gimbal,dynamic,73.6499,103.19,211.70,0.5218,-2.6221,74.1326,-0.2247,0.733,TAKEOFF,0.0000,0.0000,0.0000,0.0000
211796,gimbal,dynamic,73.6700,104.80,211.80,0.5227,-2.6214,74.1537,-0.2271,0.733,TAKEOFF,0.0000,0.0000,0.0000,0.0000
211896,gimbal,dynamic,73.6905,106.43,211.90,0.5232,-2.6212,74.1748,-0.2290,0.733,TAKEOFF,0.0000,0.0000,0.0000,0.0000
211996,gimbal,dynamic,73.7112,108.08,212.00,0.5236,-2.6214,74.1961,-0.2303,0.733,TAKEOFF,0.0000,0.0000,0.0000,0.0000
212096,gimbal,dynamic,73.7319,109.75,212.10,0.5243,-2.6219,74.2174,-0.2310,0.733,TAKEOFF,0.0000,0.0000,0.0000,0.0000
212196,gimbal,dynamic,73.7520,111.43,212.20,0.5256,-2.6222,74.2389,-0.2311,0.733,TAKEOFF,0.0000,0.0000,0.0000,0.0000
212296,gimbal,dynamic,73.7720,113.10,212.30,0.5272,-2.6220,74.2604,-0.2305,0.733,TAKEOFF,0.0000,0.0000,0.0000,0.0000
212396,gimbal,dynamic,73.7923,114.76,212.40,0.5286,-2.6220,74.2821,-0.2293,0.733,TAKEOFF,0.0000,0.0000,0.0000,0.0000
212496,gimbal,dynamic,73.8133,116.41,212.50,0.5294,-2.6221,74.3038,-0.2275,0.733,TAKEOFF,0.0000,0.0000,0.0000,0.0000
212596,gimbal,dynamic,73.8353,118.03,212.60,0.5294,-2.6219,74.3257,-0.2250,0.733,TAKEOFF,0.0000,0.0000,0.0000,0.0000
212696,gimbal,dynamic,73.8575,119.63,212.70,0.5292,-2.6213,74.3477,-0.2219,0.733,TAKEOFF,0.0000,0.0000,0.0000,0.0000
212796,gimbal,dynamic,73.8797,121.20,212.80,0.5292,-2.6204,74.3699,-0.2181,0.732,TAKEOFF,0.0000,0.0000,0.0000,0.0000
212896,gimbal,dynamic,73.9022,122.74,212.90,0.5291,-2.6194,74.3921,-0.2137,0.732,TAKEOFF,0.0000,0.0000,0.0000,0.0000
212996,gimbal,dynamic,73.9248,124.23,213.00,0.5289,-2.6189,74.4145,-0.2086,0.732,TAKEOFF,0.0000,0.0000,0.0000,0.0000
213096,gimbal,dynamic,73.9478,125.06,213.10,0.5286,-2.6188,74.4370,-0.2031,0.732,TAKEOFF,0.0000,0.0000,0.0000,0.0000
213196,gimbal,dynamic,73.9710,125.06,213.20,0.5282,-2.6189,74.4596,-0.1974,0.732,TAKEOFF,0.0000,0.0000,0.0000,0.0000
213296,gimbal,dynamic,73.9937,125.06,213.30,0.5285,-2.6195,74.4824,-0.1917,0.733,TAKEOFF,0.0000,0.0000,0.0000,0.0000
213396,gimbal,dynamic,74.0160,125.06,213.40,0.5294,-2.6209,74.5053,-0.1860,0.733,TAKEOFF,0.0000,0.0000,0.0000,0.0000
213496,gimbal,dynamic,74.0386,125.06,213.50,0.5300,-2.6222,74.5284,-0.1802,0.733,TAKEOFF,0.0000,0.0000,0.0000,0.0000
213596,gimbal,dynamic,74.0612,125.06,213.60,0.5309,-2.6238,74.5516,-0.1744,0.733,TAKEOFF,0.0000,0.0000,0.0000,0.0000
213696,gimbal,dynamic,74.0835,125.06,213.70,0.5322,-2.6259,74.5749,-0.1686,0.733,TAKEOFF,0.0000,0.0000,0.0000,0.0000
213796,gimbal,dynamic,74.1054,125.06,213.80,0.5341,-2.6282,74.5985,-0.1627,0.733,TAKEOFF,0.0000,0.0000,0.0000,0.0000
213896,gimbal,dynamic,74.1272,125.06,213.90,0.5361,-2.6300,74.6221,-0.1568,0.733,TAKEOFF,0.0000,0.0000,0.0000,0.0000
213996,gimbal,dynamic,74.1493,125.06,214.00,0.5381,-2.6316,74.6459,-0.1508,0.733,TAKEOFF,0.0000,0.0000,0.0000,0.0000
214096,gimbal,dynamic,74.1720,125.07,214.10,0.5397,-2.6330,74.6699,-0.1448,0.733,TAKEOFF,0.0000,0.0000,0.0000,0.0000
214196,gimbal,dynamic,74.1946,125.07,214.20,0.5414,-2.6350,74.6940,-0.1388,0.733,TAKEOFF,0.0000,0.0000,0.0000,0.0000
214296,gimbal,dynamic,74.2175,125.06,214.30,0.5431,-2.6369,74.7183,-0.1327,0.733,TAKEOFF,0.0000,0.0000,0.0000,0.0000
214396,gimbal,dynamic,74.2403,125.06,214.40,0.5450,-2.6383,74.7428,-0.1266,0.733,TAKEOFF,0.0000,0.0000,0.0000,0.0000
214496,gimbal,dynamic,74.2638,125.06,214.50,0.5463,-2.6389,74.7674,-0.1204,0.733,TAKEOFF,0.0000,0.0000,0.0000,0.0000
214596,gimbal,dynamic,74.2876,125.06,214.60,0.5475,-2.6394,74.7922,-0.1142,0.733,TAKEOFF,0.0000,0.0000,0.0000,0.0000
214696,gimbal,dynamic,74.3115,125.06,214.70,0.5489,-2.6398,74.8172,-0.1080,0.733,TAKEOFF,0.0000,0.0000,0.0000,0.0000
214796,gimbal,dynamic,74.3346,125.06,214.80,0.5511,-2.6402,74.8423,-0.1017,0.733,TAKEOFF,0.0000,0.0000,0.0000,0.0000
214896,gimbal,dynamic,74.3574,125.06,214.90,0.5538,-2.6407,74.8677,-0.0954,0.733,TAKEOFF,0.0000,0.0000,0.0000,0.0000
214996,gimbal,dynamic,74.3799,125.06,215.00,0.5571,-2.6412,74.8932,-0.0890,0.733,TAKEOFF,0.0000,0.0000,0.0000,0.0000
215096,gimbal,dynamic,74.4028,125.06,215.10,0.5600,-2.6420,74.9188,-0.0826,0.733,TAKEOFF,0.0000,0.0000,0.0000,0.0000
215196,gimbal,dynamic,74.4257,125.06,215.20,0.5633,-2.6433,74.9447,-0.0761,0.733,TAKEOFF,0.0000,0.0000,0.0000,0.0000
215296,gimbal,dynamic,74.4491,125.06,215.30,0.5662,-2.6442,74.9707,-0.0696,0.733,TAKEOFF,0.0000,0.0000,0.0000,0.0000
215396,gimbal,dynamic,74.4730,125.06,215.40,0.5687,-2.6446,74.9970,-0.0631,0.733,TAKEOFF,0.0000,0.0000,0.0000,0.0000
215496,gimbal,dynamic,74.4971,125.06,215.50,0.5712,-2.6445,75.0234,-0.0565,0.733,TAKEOFF,0.0000,0.0000,0.0000,0.0000
215596,gimbal,dynamic,74.5222,125.06,215.60,0.5729,-2.6442,75.0500,-0.0498,0.733,TAKEOFF,0.0000,0.0000,0.0000,0.0000
215696,gimbal,dynamic,74.5483,125.06,215.70,0.5738,-2.6442,75.0768,-0.0431,0.733,TAKEOFF,0.0000,0.0000,0.0000,0.0000
215796,gimbal,dynamic,74.5755,125.06,215.80,0.5738,-2.6447,75.1037,-0.0364,0.733,TAKEOFF,0.0000,0.0000,0.0000,0.0000
215896,gimbal,dynamic,74.6043,125.06,215.90,0.5725,-2.6457,75.1309,-0.0296,0.733,TAKEOFF,0.0000,0.0000,0.0000,0.0000
215996,gimbal,dynamic,74.6341,125.07,216.00,0.5703,-2.6470,75.1583,-0.0227,0.733,TAKEOFF,0.0000,0.0000,0.0000,0.0000
216096,gimbal,dynamic,74.6644,125.07,216.10,0.5678,-2.6482,75.1858,-0.0158,0.733,TAKEOFF,0.0000,0.0000,0.0000,0.0000
216196,gimbal,dynamic,74.6951,125.07,216.20,0.5652,-2.6492,75.2136,-0.0089,0.733,TAKEOFF,0.0000,0.0000,0.0000,0.0000
216296,gimbal,dynamic,74.7268,125.07,216.30,0.5616,-2.6497,75.2415,-0.0019,0.733,TAKEOFF,0.0000,0.0000,0.0000,0.0000
216396,gimbal,dynamic,74.7585,125.06,216.40,0.5583,-2.6497,75.2697,0.0051,0.733,TAKEOFF,0.0000,0.0000,0.0000,0.0000
216496,gimbal,dynamic,74.7904,125.06,216.50,0.5550,-2.6492,75.2980,0.0122,0.733,TAKEOFF,0.0000,0.0000,0.0000,0.0000
216596,gimbal,dynamic,74.8223,125.06,216.60,0.5518,-2.6479,75.3265,0.0193,0.733,TAKEOFF,0.0000,0.0000,0.0000,0.0000
216696,gimbal,dynamic,74.8534,125.06,216.70,0.5496,-2.6464,75.3553,0.0265,0.733,TAKEOFF,0.0000,0.0000,0.0000,0.0000
216796,gimbal,dynamic,74.8840,125.06,216.80,0.5482,-2.6450,75.3842,0.0338,0.733,TAKEOFF,0.0000,0.0000,0.0000,0.0000
216896,gimbal,dynamic,74.9142,125.06,216.90,0.5472,-2.6439,75.4133,0.0410,0.733,TAKEOFF,0.0000,0.0000,0.0000,0.0000
216996,gimbal,dynamic,74.9441,125.06,217.00,0.5469,-2.6433,75.4427,0.0484,0.733,TAKEOFF,0.0000,0.0000,0.0000,0.0000
217096,gimbal,dynamic,74.9738,125.06,217.10,0.5470,-2.6428,75.4722,0.0558,0.733,TAKEOFF,0.0000,0.0000,0.0000,0.0000
217196,gimbal,dynamic,75.0034,125.05,217.20,0.5473,-2.6422,75.5019,0.0632,0.733,TAKEOFF,0.0000,0.0000,0.0000,0.0000
217296,gimbal,dynamic,75.0328,125.06,217.30,0.5481,-2.6416,75.5319,0.0707,0.733,TAKEOFF,0.0000,0.0000,0.0000,0.0000
217396,gimbal,dynamic,75.0622,125.05,217.40,0.5490,-2.6411,75.5620,0.0782,0.733,TAKEOFF,0.0000,0.0000,0.0000,0.0000
217496,gimbal,dynamic,75.0916,125.05,217.50,0.5503,-2.6407,75.5923,0.0858,0.733,TAKEOFF,0.0000,0.0000,0.0000,0.0000
217596,gimbal,dynamic,75.1210,125.05,217.60,0.5516,-2.6397,75.6228,0.0934,0.733,TAKEOFF,0.0000,0.0000,0.0000,0.0000
217696,gimbal,dynamic,75.1505,125.05,217.70,0.5530,-2.6386,75.6536,0.1011,0.733,TAKEOFF,0.0000,0.0000,0.0000,0.0000
217796,gimbal,dynamic,75.1800,125.05,217.80,0.5547,-2.6373,75.6845,0.1088,0.733,TAKEOFF,0.0000,0.0000,0.0000,0.0000
217896,gimbal,dynamic,75.2101,125.05,217.90,0.5559,-2.6359,75.7156,0.1166,0.734,TAKEOFF,0.0000,0.0000,0.0000,0.0000
217996,gimbal,dynamic,75.2409,125.05,218.00,0.5567,-2.6346,75.7470,0.1244,0.734,TAKEOFF,0.0000,0.0000,0.0000,0.0000
218096,gimbal,dynamic,75.2724,125.05,218.10,0.5569,-2.6336,75.7785,0.1323,0.734,TAKEOFF,0.0000,0.0000,0.0000,0.0000
218196,gimbal,dynamic,75.3043,125.05,218.20,0.5570,-2.6333,75.8102,0.1403,0.734,TAKEOFF,0.0000,0.0000,0.0000,0.0000
218296,gimbal,dynamic,75.3362,125.05,218.30,0.5573,-2.6332,75.8421,0.1482,0.734,TAKEOFF,0.0000,0.0000,0.0000,0.0000
218396,gimbal,dynamic,75.3683,125.05,218.40,0.5576,-2.6330,75.8742,0.1563,0.734,TAKEOFF,0.0000,0.0000,0.0000,0.0000
218496,gimbal,dynamic,75.4002,125.05,218.50,0.5582,-2.6326,75.9066,0.1643,0.734,TAKEOFF,0.0000,0.0000,0.0000,0.0000
218596,gimbal,dynamic,75.4323,125.05,218.60,0.5589,-2.6320,75.9391,0.1725,0.734,TAKEOFF,0.0000,0.0000,0.0000,0.0000
218696,gimbal,dynamic,75.4648,125.05,218.70,0.5594,-2.6313,75.9718,0.1806,0.734,TAKEOFF,0.0000,0.0000,0.0000,0.0000
218796,gimbal,dynamic,75.4975,125.05,218.80,0.5598,-2.6309,76.0046,0.1889,0.734,TAKEOFF,0.0000,0.0000,0.0000,0.0000
218896,gimbal,dynamic,75.5309,124.95,218.90,0.5597,-2.6310,76.0377,0.1971,0.734,TAKEOFF,0.0000,0.0000,0.0000,0.0000
218996,gimbal,dynamic,75.5651,123.80,219.00,0.5591,-2.6311,76.0710,0.2049,0.734,TAKEOFF,0.0000,0.0000,0.0000,0.0000
219096,gimbal,dynamic,75.5995,122.63,219.10,0.5584,-2.6312,76.1044,0.2120,0.734,TAKEOFF,0.0000,0.0000,0.0000,0.0000
219196,gimbal,dynamic,75.6338,121.45,219.20,0.5580,-2.6309,76.1381,0.2184,0.734,TAKEOFF,0.0000,0.0000,0.0000,0.0000
219296,gimbal,dynamic,75.6683,120.25,219.30,0.5575,-2.6302,76.1719,0.2242,0.734,TAKEOFF,0.0000,0.0000,0.0000,0.0000
219396,gimbal,dynamic,75.7024,119.05,219.40,0.5575,-2.6292,76.2059,0.2292,0.734,TAKEOFF,0.0000,0.0000,0.0000,0.0000
219496,gimbal,dynamic,75.7362,117.84,219.50,0.5581,-2.6281,76.2401,0.2336,0.733,TAKEOFF,0.0000,0.0000,0.0000,0.0000
219596,gimbal,dynamic,75.7701,116.62,219.60,0.5586,-2.6273,76.2745,0.2372,0.733,TAKEOFF,0.0000,0.0000,0.0000,0.0000
219696,gimbal,dynamic,75.8044,115.41,219.70,0.5588,-2.6266,76.3091,0.2401,0.733,TAKEOFF,0.0000,0.0000,0.0000,0.0000
219796,gimbal,dynamic,75.8385,114.21,219.80,0.5596,-2.6258,76.3438,0.2423,0.733,TAKEOFF,0.0000,0.0000,0.0000,0.0000
219896,gimbal,dynamic,75.8723,113.00,219.90,0.5607,-2.6245,76.3787,0.2437,0.733,TAKEOFF,0.0000,0.0000,0.0000,0.0000
219996,gimbal,dynamic,75.9059,111.81,220.00,0.5621,-2.6222,76.4138,0.2445,0.733,TAKEOFF,0.0000,0.0000,0.0000,0.0000
220096,gimbal,dynamic,75.9398,110.62,220.10,0.5633,-2.6195,76.4490,0.2445,0.733,TAKEOFF,0.0000,0.0000,0.0000,0.0000
220196,gimbal,dynamic,75.9733,109.46,220.20,0.5650,-2.6167,76.4845,0.2437,0.733,TAKEOFF,0.0000,0.0000,0.0000,0.0000
220296,gimbal,dynamic,76.0070,108.31,220.30,0.5668,-2.6148,76.5201,0.2423,0.733,TAKEOFF,0.0000,0.0000,0.0000,0.0000
220396,gimbal,dynamic,76.0409,107.18,220.40,0.5685,-2.6135,76.5558,0.2402,0.733,TAKEOFF,0.0000,0.0000,0.0000,0.0000
220496,gimbal,dynamic,76.0754,106.08,220.50,0.5697,-2.6132,76.5917,0.2373,0.733,TAKEOFF,0.0000,0.0000,0.0000,0.0000
220596,gimbal,dynamic,76.1105,105.00,220.60,0.5706,-2.6137,76.6278,0.2337,0.733,TAKEOFF,0.0000,0.0000,0.0000,0.0000
220696,gimbal,dynamic,76.1463,103.94,220.70,0.5709,-2.6147,76.6640,0.2295,0.733,TAKEOFF,0.0000,0.0000,0.0000,0.0000
220796,gimbal,dynamic,76.1830,102.92,220.80,0.5704,-2.6156,76.7004,0.2245,0.733,TAKEOFF,0.0000,0.0000,0.0000,0.0000
220896,gimbal,dynamic,76.2202,101.93,220.90,0.5695,-2.6159,76.7370,0.2189,0.733,TAKEOFF,0.0000,0.0000,0.0000,0.0000
220996,gimbal,dynamic,76.2580,100.96,221.00,0.5681,-2.6157,76.7737,0.2126,0.733,TAKEOFF,0.0000,0.0000,0.0000,0.0000
221096,gimbal,dynamic,76.2953,100.04,221.10,0.5673,-2.6152,76.8105,0.2057,0.733,TAKEOFF,0.0000,0.0000,0.0000,0.0000
221196,gimbal,dynamic,76.3321,99.14,221.20,0.5671,-2.6141,76.8475,0.1981,0.733,TAKEOFF,0.0000,0.0000,0.0000,0.0000
221296,gimbal,dynamic,76.3687,98.28,221.30,0.5673,-2.6116,76.8846,0.1899,0.733,TAKEOFF,0.0000,0.0000,0.0000,0.0000
221396,gimbal,dynamic,76.4053,97.46,221.40,0.5676,-2.6092,76.9219,0.1811,0.733,TAKEOFF,0.0000,0.0000,0.0000,0.0000
221496,gimbal,dynamic,76.4418,96.96,221.50,0.5680,-2.6061,76.9593,0.1718,0.733,TAKEOFF,0.0000,0.0000,0.0000,0.0000
221596,gimbal,dynamic,76.4778,96.96,221.60,0.5691,-2.6030,76.9968,0.1624,0.733,TAKEOFF,0.0000,0.0000,0.0000,0.0000
221696,gimbal,dynamic,76.5137,96.96,221.70,0.5703,-2.5999,77.0345,0.1530,0.733,TAKEOFF,0.0000,0.0000,0.0000,0.0000
221796,gimbal,dynamic,76.5504,96.96,221.80,0.5710,-2.5973,77.0723,0.1436,0.733,TAKEOFF,0.0000,0.0000,0.0000,0.0000
221896,gimbal,dynamic,76.5874,96.96,221.90,0.5715,-2.5956,77.1102,0.1341,0.733,TAKEOFF,0.0000,0.0000,0.0000,0.0000
221996,gimbal,dynamic,76.6244,96.96,222.00,0.5721,-2.5939,77.1482,0.1246,0.733,TAKEOFF,0.0000,0.0000,0.0000,0.0000
222096,gimbal,dynamic,76.6613,96.96,222.10,0.5729,-2.5920,77.1864,0.1150,0.733,TAKEOFF,0.0000,0.0000,0.0000,0.0000
222196,gimbal,dynamic,76.6981,96.96,222.20,0.5739,-2.5908,77.2246,0.1055,0.733,TAKEOFF,0.0000,0.0000,0.0000,0.0000
222296,gimbal,dynamic,76.7357,96.96,222.30,0.5744,-2.5906,77.2630,0.0959,0.733,TAKEOFF,0.0000,0.0000,0.0000,0.0000
222396,gimbal,dynamic,76.7736,96.96,222.40,0.5746,-2.5913,77.3015,0.0863,0.733,TAKEOFF,0.0000,0.0000,0.0000,0.0000
222496,gimbal,dynamic,76.8120,96.96,222.50,0.5745,-2.5925,77.3401,0.0766,0.733,TAKEOFF,0.0000,0.0000,0.0000,0.0000
222596,gimbal,dynamic,76.8505,96.96,222.60,0.5743,-2.5938,77.3788,0.0669,0.733,TAKEOFF,0.0000,0.0000,0.0000,0.0000
222696,gimbal,dynamic,76.8892,96.96,222.70,0.5741,-2.5955,77.4175,0.0572,0.733,TAKEOFF,0.0000,0.0000,0.0000,0.0000
222796,gimbal,dynamic,76.9282,96.96,222.80,0.5737,-2.5970,77.4564,0.0475,0.733,TAKEOFF,0.0000,0.0000,0.0000,0.0000
222896,gimbal,dynamic,76.9679,96.96,222.90,0.5726,-2.5978,77.4954,0.0378,0.733,TAKEOFF,0.0000,0.0000,0.0000,0.0000
222996,gimbal,dynamic,77.0084,96.96,223.00,0.5709,-2.5980,77.5344,0.0280,0.733,TAKEOFF,0.0000,0.0000,0.0000,0.0000
223096,gimbal,dynamic,77.0491,96.96,223.10,0.5690,-2.5980,77.5736,0.0182,0.733,TAKEOFF,0.0000,0.0000,0.0000,0.0000
223196,gimbal,dynamic,77.0898,96.96,223.20,0.5671,-2.5976,77.6128,0.0084,0.733,TAKEOFF,0.0000,0.0000,0.0000,0.0000
223296,gimbal,dynamic,77.1304,96.96,223.30,0.5654,-2.5972,77.6521,-0.0014,0.733,TAKEOFF,0.0000,0.0000,0.0000,0.0000
223396,gimbal,dynamic,77.1715,96.96,223.40,0.5633,-2.5965,77.6915,-0.0112,0.733,TAKEOFF,0.0000,0.0000,0.0000,0.0000
223496,gimbal,dynamic,77.2132,96.96,223.50,0.5607,-2.5956,77.7309,-0.0211,0.733,TAKEOFF,0.0000,0.0000,0.0000,0.0000
223596,gimbal,dynamic,77.2545,96.96,223.60,0.5585,-2.5947,77.7704,-0.0310,0.733,TAKEOFF,0.0000,0.0000,0.0000,0.0000
223596,gimbal,dynamic,77.2946,96.96,223.60,0.5576,-2.5943,77.8100,-0.0409,0.733,TAKEOFF,0.0000,0.0000,0.0000,0.0000
223596,gimbal,dynamic,77.3341,96.96,223.60,0.5573,-2.5945,77.8496,-0.0508,0.733,TAKEOFF,0.0000,0.0000,0.0000,0.0000
223596,gimbal,dynamic,77.3729,96.96,223.60,0.5579,-2.5949,77.8893,-0.0607,0.733,TAKEOFF,0.0000,0.0000,0.0000,0.0000
223596,gimbal,dynamic,77.4113,96.97,223.60,0.5589,-2.5958,77.9290,-0.0706,0.733,TAKEOFF,0.0000,0.0000,0.0000,0.0000
223596,gimbal,dynamic,77.4500,96.97,223.60,0.5596,-2.5963,77.9687,-0.0806,0.733,TAKEOFF,0.0000,0.0000,0.0000,0.0000
223596,gimbal,dynamic,77.4894,96.97,223.60,0.5597,-2.5968,78.0085,-0.0905,0.733,TAKEOFF,0.0000,0.0000,0.0000,0.0000
223596,gimbal,dynamic,77.5294,96.97,223.60,0.5592,-2.5973,78.0484,-0.1005,0.733,TAKEOFF,0.0000,0.0000,0.0000,0.0000
223596,gimbal,dynamic,77.5700,96.97,223.60,0.5581,-2.5978,78.0883,-0.1104,0.733,TAKEOFF,0.0000,0.0000,0.0000,0.0000
223596,gimbal,dynamic,77.6112,96.97,223.60,0.5565,-2.5980,78.1282,-0.1204,0.733,TAKEOFF,0.0000,0.0000,0.0000,0.0000
223596,gimbal,dynamic,77.6524,96.97,223.60,0.5549,-2.5984,78.1681,-0.1304,0.733,TAKEOFF,0.0000,0.0000,0.0000,0.0000
223596,gimbal,dynamic,77.6933,96.97,223.60,0.5536,-2.5983,78.2080,-0.1404,0.733,TAKEOFF,0.0000,0.0000,0.0000,0.0000
223596,gimbal,dynamic,77.7337,96.97,223.60,0.5529,-2.5981,78.2480,-0.1504,0.733,TAKEOFF,0.0000,0.0000,0.0000,0.0000
223596,gimbal,dynamic,77.7734,96.97,223.60,0.5528,-2.5981,78.2880,-0.1604,0.733,TAKEOFF,0.0000,0.0000,0.0000,0.0000
223596,gimbal,dynamic,77.8131,96.97,223.60,0.5528,-2.5985,78.3280,-0.1704,0.733,TAKEOFF,0.0000,0.0000,0.0000,0.0000
223596,gimbal,dynamic,77.8527,96.97,223.60,0.5529,-2.5986,78.3680,-0.1804,0.733,TAKEOFF,0.0000,0.0000,0.0000,0.0000
223596,gimbal,dynamic,77.8921,96.97,223.60,0.5531,-2.5989,78.4080,-0.1904,0.733,TAKEOFF,0.0000,0.0000,0.0000,0.0000
223596,gimbal,dynamic,77.9320,96.97,223.60,0.5529,-2.5993,78.4480,-0.2004,0.733,TAKEOFF,0.0000,0.0000,0.0000,0.0000
223596,gimbal,dynamic,77.9726,96.97,223.60,0.5520,-2.5994,78.4880,-0.2104,0.733,TAKEOFF,0.0000,0.0000,0.0000,0.0000
223596,gimbal,dynamic,78.0133,96.97,223.60,0.5509,-2.5991,78.5280,-0.2204,0.733,TAKEOFF,0.0000,0.0000,0.0000,0.0000
223596,gimbal,dynamic,78.0533,96.97,223.60,0.5505,-2.5992,78.5679,-0.2304,0.733,TAKEOFF,0.0000,0.0000,0.0000,0.0000
223596,gimbal,dynamic,78.0928,96.97,223.60,0.5508,-2.5999,78.6079,-0.2403,0.733,TAKEOFF,0.0000,0.0000,0.0000,0.0000
223596,gimbal,dynamic,78.1319,97.68,223.60,0.5513,-2.6008,78.6478,-0.2500,0.733,TAKEOFF,0.0000,0.0000,0.0000,0.0000
223596,gimbal,dynamic,78.1709,98.42,223.60,0.5519,-2.6018,78.6877,-0.2591,0.733,TAKEOFF,0.0000,0.0000,0.0000,0.0000
223596,gimbal,dynamic,78.2097,99.17,223.60,0.5527,-2.6029,78.7276,-0.2676,0.733,TAKEOFF,0.0000,0.0000,0.0000,0.0000
223596,gimbal,dynamic,78.2484,99.95,223.60,0.5537,-2.6039,78.7674,-0.2756,0.733,TAKEOFF,0.0000,0.0000,0.0000,0.0000
223596,gimbal,dynamic,78.2868,100.75,223.60,0.5548,-2.6045,78.8072,-0.2830,0.733,TAKEOFF,0.0000,0.0000,0.0000,0.0000
223596,gimbal,dynamic,78.3249,101.57,223.60,0.5563,-2.6052,78.8469,-0.2898,0.733,TAKEOFF,0.0000,0.0000,0.0000,0.0000
223596,gimbal,dynamic,78.3635,102.40,223.60,0.5572,-2.6062,78.8867,-0.2960,0.733,TAKEOFF,0.0000,0.0000,0.0000,0.0000
223596,gimbal,dynamic,78.4027,103.25,223.60,0.5576,-2.6075,78.9263,-0.3016,0.733,TAKEOFF,0.0000,0.0000,0.0000,0.0000
223596,gimbal,dynamic,78.4418,104.11,223.60,0.5579,-2.6088,78.9659,-0.3066,0.733,TAKEOFF,0.0000,0.0000,0.0000,0.0000
223596,gimbal,dynamic,78.4807,104.99,223.60,0.5585,-2.6101,79.0055,-0.3109,0.733,TAKEOFF,0.0000,0.0000,0.0000,0.0000
223596,gimbal,dynamic,78.5193,105.87,223.60,0.5593,-2.6114,79.0449,-0.3147,0.733,TAKEOFF,0.0000,0.0000,0.0000,0.0000
223596,gimbal,dynamic,78.5581,106.76,223.60,0.5598,-2.6132,79.0844,-0.3178,0.733,TAKEOFF,0.0000,0.0000,0.0000,0.0000
223596,gimbal,dynamic,78.5967,107.66,223.60,0.5605,-2.6152,79.1237,-0.3204,0.733,TAKEOFF,0.0000,0.0000,0.0000,0.0000
223596,gimbal,dynamic,78.6351,108.56,223.60,0.5614,-2.6172,79.1630,-0.3222,0.733,TAKEOFF,0.0000,0.0000,0.0000,0.0000
223596,gimbal,dynamic,78.6731,109.46,223.60,0.5626,-2.6196,79.2022,-0.3235,0.733,TAKEOFF,0.0000,0.0000,0.0000,0.0000
223596,gimbal,dynamic,78.7111,110.36,223.60,0.5638,-2.6223,79.2413,-0.3242,0.733,TAKEOFF,0.0000,0.0000,0.0000,0.0000
223596,gimbal,dynamic,78.7493,111.26,223.60,0.5647,-2.6248,79.2804,-0.3242,0.733,TAKEOFF,0.0000,0.0000,0.0000,0.0000
223596,gimbal,dynamic,78.7879,112.15,223.60,0.5651,-2.6269,79.3193,-0.3236,0.733,TAKEOFF,0.0000,0.0000,0.0000,0.0000
223596,gimbal,dynamic,78.8272,113.03,223.60,0.5647,-2.6293,79.3582,-0.3225,0.733,TAKEOFF,0.0000,0.0000,0.0000,0.0000
223596,gimbal,dynamic,78.8668,113.91,223.60,0.5640,-2.6316,79.3969,-0.3207,0.733,TAKEOFF,0.0000,0.0000,0.0000,0.0000
223596,gimbal,dynamic,78.9062,114.77,223.60,0.5634,-2.6341,79.4356,-0.3183,0.733,TAKEOFF,0.0000,0.0000,0.0000,0.0000
223596,gimbal,dynamic,78.9453,115.62,223.60,0.5630,-2.6358,79.4742,-0.3154,0.733,TAKEOFF,0.0000,0.0000,0.0000,0.0000
223596,gimbal,dynamic,78.9843,116.45,223.60,0.5626,-2.6371,79.5126,-0.3120,0.733,TAKEOFF,0.0000,0.0000,0.0000,0.0000
223596,gimbal,dynamic,79.0232,117.27,223.60,0.5622,-2.6382,79.5510,-0.3079,0.733,TAKEOFF,0.0000,0.0000,0.0000,0.0000
223596,gimbal,dynamic,79.0618,118.07,223.60,0.5619,-2.6393,79.5892,-0.3034,0.733,TAKEOFF,0.0000,0.0000,0.0000,0.0000
223596,gimbal,dynamic,79.1001,118.84,223.60,0.5619,-2.6401,79.6273,-0.2983,0.733,TAKEOFF,0.0000,0.0000,0.0000,0.0000
223596,gimbal,dynamic,79.1381,119.59,223.60,0.5621,-2.6407,79.6654,-0.2927,0.733,TAKEOFF,0.0000,0.0000,0.0000,0.0000
223596,gimbal,dynamic,79.1761,120.32,223.60,0.5622,-2.6410,79.7032,-0.2867,0.733,TAKEOFF,0.0000,0.0000,0.0000,0.0000
223596,gimbal,dynamic,79.2143,121.02,223.60,0.5619,-2.6413,79.7410,-0.2802,0.733,TAKEOFF,0.0000,0.0000,0.0000,0.0000
223596,gimbal,dynamic,79.2520,121.70,223.60,0.5620,-2.6415,79.7786,-0.2732,0.733,TAKEOFF,0.0000,0.0000,0.0000,0.0000
223596,gimbal,dynamic,79.2892,122.34,223.60,0.5625,-2.6414,79.8161,-0.2659,0.733,TAKEOFF,0.0000,0.0000,0.0000,0.0000
228853,gimbal,dynamic,79.3264,122.96,228.85,0.5629,-2.6408,79.8535,-0.2581,0.732,IDLE,0.0000,0.0000,0.0000,0.0000
228953,gimbal,dynamic,79.3632,123.54,228.95,0.5635,-2.6403,79.8907,-0.2500,0.732,IDLE,0.0000,0.0000,0.0000,0.0000
229054,gimbal,dynamic,79.3994,124.10,229.05,0.5646,-2.6403,79.9278,-0.2415,0.732,IDLE,0.0000,0.0000,0.0000,0.0000
229153,gimbal,dynamic,79.4352,124.62,229.15,0.5661,-2.6404,79.9648,-0.2326,0.732,IDLE,0.0000,0.0000,0.0000,0.0000
229253,gimbal,dynamic,79.4706,125.05,229.25,0.5677,-2.6398,80.0016,-0.2235,0.732,IDLE,0.0000,0.0000,0.0000,0.0000
229354,gimbal,dynamic,79.5064,125.05,229.35,0.5688,-2.6382,80.0382,-0.2144,0.732,IDLE,0.0000,0.0000,0.0000,0.0000
229453,gimbal,dynamic,79.5425,125.04,229.45,0.5694,-2.6359,80.0748,-0.2052,0.732,IDLE,0.0000,0.0000,0.0000,0.0000
229554,gimbal,dynamic,79.5787,125.04,229.55,0.5697,-2.6332,80.1111,-0.1961,0.732,IDLE,0.0000,0.0000,0.0000,0.0000
229653,gimbal,dynamic,79.6152,125.04,229.65,0.5696,-2.6298,80.1473,-0.1871,0.732,IDLE,0.0000,0.0000,0.0000,0.0000
229753,gimbal,dynamic,79.6514,125.04,229.75,0.5696,-2.6268,80.1833,-0.1781,0.732,IDLE,0.0000,0.0000,0.0000,0.0000
229853,gimbal,dynamic,79.6872,125.04,229.85,0.5699,-2.6247,80.2192,-0.1691,0.733,IDLE,0.0000,0.0000,0.0000,0.0000
229953,gimbal,dynamic,79.7226,125.04,229.95,0.5704,-2.6235,80.2549,-0.1602,0.733,IDLE,0.0000,0.0000,0.0000,0.0000
230053,gimbal,dynamic,79.7578,125.04,230.05,0.5709,-2.6227,80.2905,-0.1513,0.733,IDLE,0.0000,0.0000,0.0000,0.0000
230153,gimbal,dynamic,79.7933,125.04,230.15,0.5711,-2.6215,80.3259,-0.1424,0.733,IDLE,0.0000,0.0000,0.0000,0.0000
230253,gimbal,dynamic,79.8289,125.04,230.25,0.5710,-2.6200,80.3611,-0.1336,0.733,IDLE,0.0000,0.0000,0.0000,0.0000
230353,gimbal,dynamic,79.8652,125.04,230.35,0.5698,-2.6183,80.3961,-0.1249,0.733,IDLE,0.0000,0.0000,0.0000,0.0000
230453,gimbal,dynamic,79.9026,125.04,230.45,0.5675,-2.6172,80.4310,-0.1162,0.733,IDLE,0.0000,0.0000,0.0000,0.0000
230553,gimbal,dynamic,79.9411,125.04,230.55,0.5640,-2.6167,80.4657,-0.1075,0.733,IDLE,0.0000,0.0000,0.0000,0.0000
230654,gimbal,dynamic,79.9792,125.04,230.65,0.5607,-2.6167,80.5002,-0.0989,0.733,IDLE,0.0000,0.0000,0.0000,0.0000
230753,gimbal,dynamic,80.0168,125.04,230.75,0.5577,-2.6172,80.5345,-0.0903,0.733,IDLE,0.0000,0.0000,0.0000,0.0000
230853,gimbal,dynamic,80.0543,125.04,230.85,0.5546,-2.6180,80.5687,-0.0817,0.733,IDLE,0.0000,0.0000,0.0000,0.0000
230954,gimbal,dynamic,80.0912,125.04,230.95,0.5519,-2.6183,80.6027,-0.0732,0.733,IDLE,0.0000,0.0000,0.0000,0.0000
231053,gimbal,dynamic,80.1281,125.04,231.05,0.5491,-2.6182,80.6365,-0.0648,0.733,IDLE,0.0000,0.0000,0.0000,0.0000
231153,gimbal,dynamic,80.1642,125.04,231.15,0.5468,-2.6182,80.6701,-0.0564,0.733,IDLE,0.0000,0.0000,0.0000,0.0000
231253,gimbal,dynamic,80.1997,125.04,231.25,0.5449,-2.6183,80.7035,-0.0480,0.733,IDLE,0.0000,0.0000,0.0000,0.0000
231353,gimbal,dynamic,80.2346,125.04,231.35,0.5436,-2.6185,80.7367,-0.0397,0.733,IDLE,0.0000,0.0000,0.0000,0.0000
231453,gimbal,dynamic,80.2686,125.04,231.45,0.5428,-2.6184,80.7697,-0.0315,0.733,IDLE,0.0000,0.0000,0.0000,0.0000
231553,gimbal,dynamic,80.3019,125.04,231.55,0.5426,-2.6181,80.8026,-0.0233,0.733,IDLE,0.0000,0.0000,0.0000,0.0000
231653,gimbal,dynamic,80.3353,124.92,231.65,0.5421,-2.6174,80.8352,-0.0151,0.732,IDLE,0.0000,0.0000,0.0000,0.0000
231753,gimbal,dynamic,80.3693,124.37,231.75,0.5408,-2.6162,80.8677,-0.0073,0.732,IDLE,0.0000,0.0000,0.0000,0.0000
231853,gimbal,dynamic,80.4037,123.78,231.85,0.5388,-2.6151,80.9000,0.0001,0.732,IDLE,0.0000,0.0000,0.0000,0.0000
231953,gimbal,dynamic,80.4382,123.14,231.95,0.5366,-2.6140,80.9320,0.0071,0.732,IDLE,0.0000,0.0000,0.0000,0.0000
232053,gimbal,dynamic,80.4726,122.45,232.05,0.5342,-2.6132,80.9639,0.0137,0.732,IDLE,0.0000,0.0000,0.0000,0.0000
232154,gimbal,dynamic,80.5068,121.72,232.15,0.5318,-2.6133,80.9956,0.0199,0.732,IDLE,0.0000,0.0000,0.0000,0.0000
232253,gimbal,dynamic,80.5400,120.95,232.25,0.5303,-2.6136,81.0271,0.0255,0.732,IDLE,0.0000,0.0000,0.0000,0.0000
232353,gimbal,dynamic,80.5726,120.14,232.35,0.5292,-2.6139,81.0583,0.0307,0.732,IDLE,0.0000,0.0000,0.0000,0.0000
232454,gimbal,dynamic,80.6050,119.28,232.45,0.5280,-2.6143,81.0894,0.0354,0.732,IDLE,0.0000,0.0000,0.0000,0.0000
232553,gimbal,dynamic,80.6372,118.39,232.55,0.5268,-2.6151,81.1203,0.0396,0.732,IDLE,0.0000,0.0000,0.0000,0.0000
232653,gimbal,dynamic,80.6694,117.45,232.65,0.5255,-2.6163,81.1510,0.0432,0.732,IDLE,0.0000,0.0000,0.0000,0.0000
232754,gimbal,dynamic,80.7008,116.48,232.75,0.5247,-2.6181,81.1815,0.0463,0.732,IDLE,0.0000,0.0000,0.0000,0.0000
232853,gimbal,dynamic,80.7310,115.47,232.85,0.5249,-2.6202,81.2118,0.0489,0.732,IDLE,0.0000,0.0000,0.0000,0.0000
232953,gimbal,dynamic,80.7602,114.43,232.95,0.5259,-2.6227,81.2419,0.0508,0.732,IDLE,0.0000,0.0000,0.0000,0.0000
233053,gimbal,dynamic,80.7886,113.36,233.05,0.5275,-2.6254,81.2717,0.0523,0.732,IDLE,0.0000,0.0000,0.0000,0.0000
233153,gimbal,dynamic,80.8163,112.26,233.15,0.5296,-2.6275,81.3014,0.0531,0.732,IDLE,0.0000,0.0000,0.0000,0.0000
233254,gimbal,dynamic,80.8430,111.13,233.25,0.5324,-2.6286,81.3309,0.0533,0.732,ARMING,0.0000,0.0000,0.0000,0.0000
233353,gimbal,dynamic,80.8686,109.98,233.35,0.5361,-2.6289,81.3602,0.0530,0.732,TAKEOFF,0.0000,0.0000,0.0000,0.0000
233453,gimbal,dynamic,80.8933,108.81,233.45,0.5404,-2.6284,81.3893,0.0521,0.732,TAKEOFF,0.0000,0.0000,0.0000,0.0000
233553,gimbal,dynamic,80.9178,107.63,233.55,0.5447,-2.6275,81.4182,0.0506,0.732,TAKEOFF,0.0000,0.0000,0.0000,0.0000
233653,gimbal,dynamic,80.9419,106.43,233.65,0.5492,-2.6274,81.4469,0.0485,0.732,TAKEOFF,0.0000,0.0000,0.0000,0.0000
233754,gimbal,dynamic,80.9665,105.22,233.75,0.5530,-2.6278,81.4754,0.0458,0.732,TAKEOFF,0.0000,0.0000,0.0000,0.0000
233853,gimbal,dynamic,80.9922,104.01,233.85,0.5555,-2.6283,81.5036,0.0425,0.732,TAKEOFF,0.0000,0.0000,0.0000,0.0000
233953,gimbal,dynamic,81.0176,102.80,233.95,0.5581,-2.6286,81.5317,0.0387,0.732,TAKEOFF,0.0000,0.0000,0.0000,0.0000
234053,gimbal,dynamic,81.0433,101.59,234.05,0.5601,-2.6288,81.5596,0.0342,0.732,TAKEOFF,0.0000,0.0000,0.0000,0.0000
234154,gimbal,dynamic,81.0692,100.38,234.15,0.5617,-2.6289,81.5874,0.0292,0.732,TAKEOFF,0.0000,0.0000,0.0000,0.0000
234253,gimbal,dynamic,81.0959,99.19,234.25,0.5623,-2.6288,81.6149,0.0237,0.732,TAKEOFF,0.0000,0.0000,0.0000,0.0000
234353,gimbal,dynamic,81.1231,98.02,234.35,0.5623,-2.6285,81.6422,0.0176,0.733,TAKEOFF,0.0000,0.0000,0.0000,0.0000
234453,gimbal,dynamic,81.1511,96.98,234.45,0.5612,-2.6287,81.6693,0.0110,0.733,TAKEOFF,0.0000,0.0000,0.0000,0.0000
234553,gimbal,dynamic,81.1798,96.98,234.55,0.5592,-2.6294,81.6962,0.0042,0.733,TAKEOFF,0.0000,0.0000,0.0000,0.0000
234653,gimbal,dynamic,81.2085,96.98,234.65,0.5571,-2.6302,81.7230,-0.0025,0.733,TAKEOFF,0.0000,0.0000,0.0000,0.0000
234753,gimbal,dynamic,81.2370,96.98,234.75,0.5548,-2.6309,81.7495,-0.0091,0.733,TAKEOFF,0.0000,0.0000,0.0000,0.0000
234853,gimbal,dynamic,81.2649,96.98,234.85,0.5531,-2.6314,81.7759,-0.0157,0.733,TAKEOFF,0.0000,0.0000,0.0000,0.0000
234953,gimbal,dynamic,81.2916,96.98,234.95,0.5524,-2.6320,81.8021,-0.0222,0.734,TAKEOFF,0.0000,0.0000,0.0000,0.0000
235053,gimbal,dynamic,81.3171,96.98,235.05,0.5526,-2.6323,81.8281,-0.0287,0.734,TAKEOFF,0.0000,0.0000,0.0000,0.0000
235153,gimbal,dynamic,81.3422,96.98,235.15,0.5532,-2.6320,81.8539,-0.0352,0.734,TAKEOFF,0.0000,0.0000,0.0000,0.0000
235253,gimbal,dynamic,81.3667,96.98,235.25,0.5541,-2.6311,81.8796,-0.0416,0.734,TAKEOFF,0.0000,0.0000,0.0000,0.0000
235354,gimbal,dynamic,81.3908,96.97,235.35,0.5552,-2.6298,81.9050,-0.0480,0.734,TAKEOFF,0.0000,0.0000,0.0000,0.0000
235453,gimbal,dynamic,81.4149,96.98,235.45,0.5561,-2.6280,81.9303,-0.0543,0.734,TAKEOFF,0.0000,0.0000,0.0000,0.0000
235553,gimbal,dynamic,81.4385,96.97,235.55,0.5573,-2.6259,81.9554,-0.0606,0.734,TAKEOFF,0.0000,0.0000,0.0000,0.0000
235653,gimbal,dynamic,81.4615,96.97,235.65,0.5589,-2.6235,81.9803,-0.0668,0.734,TAKEOFF,0.0000,0.0000,0.0000,0.0000
235754,gimbal,dynamic,81.4847,96.97,235.75,0.5603,-2.6212,82.0051,-0.0730,0.733,TAKEOFF,0.0000,0.0000,0.0000,0.0000
235854,gimbal,dynamic,81.5082,96.97,235.85,0.5611,-2.6196,82.0297,-0.0791,0.733,TAKEOFF,0.0000,0.0000,0.0000,0.0000
235953,gimbal,dynamic,81.5316,96.97,235.95,0.5619,-2.6180,82.0541,-0.0852,0.733,TAKEOFF,0.0000,0.0000,0.0000,0.0000
236053,gimbal,dynamic,81.5552,96.97,236.05,0.5623,-2.6167,82.0784,-0.0913,0.733,TAKEOFF,0.0000,0.0000,0.0000,0.0000
236154,gimbal,dynamic,81.5788,96.97,236.15,0.5626,-2.6153,82.1025,-0.0973,0.733,TAKEOFF,0.0000,0.0000,0.0000,0.0000
236253,gimbal,dynamic,81.6023,96.97,236.25,0.5627,-2.6134,82.1264,-0.1033,0.733,TAKEOFF,0.0000,0.0000,0.0000,0.0000
236354,gimbal,dynamic,81.6262,96.97,236.35,0.5624,-2.6115,82.1502,-0.1093,0.733,TAKEOFF,0.0000,0.0000,0.0000,0.0000
236453,gimbal,dynamic,81.6508,96.97,236.45,0.5611,-2.6090,82.1738,-0.1152,0.733,TAKEOFF,0.0000,0.0000,0.0000,0.0000
236553,gimbal,dynamic,81.6754,96.96,236.55,0.5597,-2.6065,82.1973,-0.1210,0.733,TAKEOFF,0.0000,0.0000,0.0000,0.0000
236653,gimbal,dynamic,81.6998,96.96,236.65,0.5583,-2.6042,82.2206,-0.1269,0.733,TAKEOFF,0.0000,0.0000,0.0000,0.0000
236753,gimbal,dynamic,81.7241,96.96,236.75,0.5570,-2.6024,82.2438,-0.1327,0.733,TAKEOFF,0.0000,0.0000,0.0000,0.0000
236853,gimbal,dynamic,81.7486,96.96,236.85,0.5553,-2.6010,82.2668,-0.1384,0.733,TAKEOFF,0.0000,0.0000,0.0000,0.0000
236953,gimbal,dynamic,81.7735,96.96,236.95,0.5531,-2.5999,82.2897,-0.1441,0.733,TAKEOFF,0.0000,0.0000,0.0000,0.0000
237054,gimbal,dynamic,81.7987,96.96,237.05,0.5505,-2.5994,82.3124,-0.1498,0.733,TAKEOFF,0.0000,0.0000,0.0000,0.0000
237153,gimbal,dynamic,81.8237,96.96,237.15,0.5479,-2.5995,82.3350,-0.1555,0.733,TAKEOFF,0.0000,0.0000,0.0000,0.0000
237253,gimbal,dynamic,81.8483,96.96,237.25,0.5456,-2.6002,82.3575,-0.1611,0.732,TAKEOFF,0.0000,0.0000,0.0000,0.0000
237353,gimbal,dynamic,81.8729,96.96,237.35,0.5432,-2.6008,82.3799,-0.1667,0.732,TAKEOFF,0.0000,0.0000,0.0000,0.0000
237453,gimbal,dynamic,81.8967,96.96,237.45,0.5414,-2.6012,82.4021,-0.1722,0.732,TAKEOFF,0.0000,0.0000,0.0000,0.0000
237553,gimbal,dynamic,81.9202,96.96,237.55,0.5398,-2.6017,82.4242,-0.1778,0.732,TAKEOFF,0.0000,0.0000,0.0000,0.0000
237653,gimbal,dynamic,81.9426,96.96,237.65,0.5392,-2.6021,82.4462,-0.1833,0.732,TAKEOFF,0.0000,0.0000,0.0000,0.0000
237753,gimbal,dynamic,81.9639,96.96,237.75,0.5397,-2.6023,82.4680,-0.1887,0.732,TAKEOFF,0.0000,0.0000,0.0000,0.0000
237853,gimbal,dynamic,81.9844,96.96,237.85,0.5407,-2.6022,82.4898,-0.1942,0.732,TAKEOFF,0.0000,0.0000,0.0000,0.0000
237953,gimbal,dynamic,82.0052,96.96,237.95,0.5414,-2.6018,82.5114,-0.1996,0.732,TAKEOFF,0.0000,0.0000,0.0000,0.0000
238054,gimbal,dynamic,82.0260,96.96,238.05,0.5420,-2.6013,82.5329,-0.2049,0.732,TAKEOFF,0.0000,0.0000,0.0000,0.0000
238153,gimbal,dynamic,82.0468,96.96,238.15,0.5423,-2.6010,82.5543,-0.2103,0.733,TAKEOFF,0.0000,0.0000,0.0000,0.0000
238253,gimbal,dynamic,82.0675,96.96,238.25,0.5428,-2.6011,82.5757,-0.2156,0.733,TAKEOFF,0.0000,0.0000,0.0000,0.0000
238353,gimbal,dynamic,82.0881,96.96,238.35,0.5433,-2.6015,82.5969,-0.2209,0.733,TAKEOFF,0.0000,0.0000,0.0000,0.0000
238453,gimbal,dynamic,82.1083,96.96,238.45,0.5441,-2.6021,82.6180,-0.2262,0.733,TAKEOFF,0.0000,0.0000,0.0000,0.0000
238554,gimbal,dynamic,82.1284,96.96,238.55,0.5448,-2.6026,82.6390,-0.2315,0.733,TAKEOFF,0.0000,0.0000,0.0000,0.0000
238653,gimbal,dynamic,82.1483,96.97,238.65,0.5457,-2.6028,82.6600,-0.2367,0.733,TAKEOFF,0.0000,0.0000,0.0000,0.0000
238753,gimbal,dynamic,82.1678,96.96,238.75,0.5470,-2.6027,82.6809,-0.2419,0.733,TAKEOFF,0.0000,0.0000,0.0000,0.0000
238853,gimbal,dynamic,82.1870,96.96,238.85,0.5484,-2.6027,82.7016,-0.2471,0.733,TAKEOFF,0.0000,0.0000,0.0000,0.0000
238953,gimbal,dynamic,82.2058,96.96,238.95,0.5502,-2.6027,82.7224,-0.2523,0.733,TAKEOFF,0.0000,0.0000,0.0000,0.0000
239053,gimbal,dynamic,82.2239,97.96,239.05,0.5525,-2.6030,82.7430,-0.2573,0.733,TAKEOFF,0.0000,0.0000,0.0000,0.0000
239153,gimbal,dynamic,82.2415,99.70,239.15,0.5554,-2.6033,82.7636,-0.2616,0.733,TAKEOFF,0.0000,0.0000,0.0000,0.0000
239253,gimbal,dynamic,82.2591,101.51,239.25,0.5582,-2.6037,82.7841,-0.2653,0.733,TAKEOFF,0.0000,0.0000,0.0000,0.0000
239354,gimbal,dynamic,82.2765,103.40,239.35,0.5611,-2.6046,82.8045,-0.2682,0.733,TAKEOFF,0.0000,0.0000,0.0000,0.0000
239453,gimbal,dynamic,82.2940,105.36,239.45,0.5641,-2.6063,82.8249,-0.2705,0.733,TAKEOFF,0.0000,0.0000,0.0000,0.0000
239553,gimbal,dynamic,82.3112,107.37,239.55,0.5672,-2.6086,82.8452,-0.2720,0.733,TAKEOFF,0.0000,0.0000,0.0000,0.0000
239653,gimbal,dynamic,82.3287,109.44,239.65,0.5700,-2.6112,82.8655,-0.2728,0.733,TAKEOFF,0.0000,0.0000,0.0000,0.0000
239754,gimbal,dynamic,82.3464,111.54,239.75,0.5727,-2.6144,82.8858,-0.2729,0.733,TAKEOFF,0.0000,0.0000,0.0000,0.0000
239854,gimbal,dynamic,82.3640,113.68,239.85,0.5753,-2.6172,82.9060,-0.2722,0.733,TAKEOFF,0.0000,0.0000,0.0000,0.0000
239953,gimbal,dynamic,82.3818,115.83,239.95,0.5779,-2.6196,82.9261,-0.2707,0.733,TAKEOFF,0.0000,0.0000,0.0000,0.0000
240054,gimbal,dynamic,82.3999,117.98,240.05,0.5800,-2.6216,82.9462,-0.2685,0.733,TAKEOFF,0.0000,0.0000,0.0000,0.0000
240153,gimbal,dynamic,82.4180,120.14,240.15,0.5820,-2.6238,82.9663,-0.2656,0.733,TAKEOFF,0.0000,0.0000,0.0000,0.0000
240253,gimbal,dynamic,82.4370,122.27,240.25,0.5833,-2.6258,82.9864,-0.2618,0.733,TAKEOFF,0.0000,0.0000,0.0000,0.0000
240353,gimbal,dynamic,82.4565,124.38,240.35,0.5840,-2.6275,83.0065,-0.2573,0.733,TAKEOFF,0.0000,0.0000,0.0000,0.0000
240453,gimbal,dynamic,82.4771,125.04,240.45,0.5836,-2.6286,83.0265,-0.2523,0.733,TAKEOFF,0.0000,0.0000,0.0000,0.0000
240553,gimbal,dynamic,82.4987,125.05,240.55,0.5822,-2.6291,83.0465,-0.2473,0.733,TAKEOFF,0.0000,0.0000,0.0000,0.0000
240653,gimbal,dynamic,82.5208,125.04,240.65,0.5803,-2.6292,83.0665,-0.2423,0.733,TAKEOFF,0.0000,0.0000,0.0000,0.0000
240753,gimbal,dynamic,82.5427,125.04,240.75,0.5785,-2.6287,83.0865,-0.2373,0.733,TAKEOFF,0.0000,0.0000,0.0000,0.0000
240853,gimbal,dynamic,82.5646,125.05,240.85,0.5766,-2.6271,83.1065,-0.2323,0.733,TAKEOFF,0.0000,0.0000,0.0000,0.0000
240953,gimbal,dynamic,82.5865,125.04,240.95,0.5749,-2.6249,83.1265,-0.2273,0.733,TAKEOFF,0.0000,0.0000,0.0000,0.0000
241053,gimbal,dynamic,82.6084,125.04,241.05,0.5730,-2.6226,83.1465,-0.2223,0.733,TAKEOFF,0.0000,0.0000,0.0000,0.0000
241154,gimbal,dynamic,82.6300,125.04,241.15,0.5715,-2.6200,83.1666,-0.2173,0.733,TAKEOFF,0.0000,0.0000,0.0000,0.0000
241253,gimbal,dynamic,82.6513,125.04,241.25,0.5703,-2.6180,83.1866,-0.2123,0.733,TAKEOFF,0.0000,0.0000,0.0000,0.0000
241353,gimbal,dynamic,82.6721,125.04,241.35,0.5696,-2.6167,83.2066,-0.2073,0.733,TAKEOFF,0.0000,0.0000,0.0000,0.0000
241453,gimbal,dynamic,82.6926,125.04,241.45,0.5693,-2.6157,83.2267,-0.2022,0.733,TAKEOFF,0.0000,0.0000,0.0000,0.0000
241554,gimbal,dynamic,82.7133,125.04,241.55,0.5688,-2.6146,83.2468,-0.1972,0.733,TAKEOFF,0.0000,0.0000,0.0000,0.0000
241654,gimbal,dynamic,82.7344,125.04,241.65,0.5680,-2.6139,83.2669,-0.1922,0.733,TAKEOFF,0.0000,0.0000,0.0000,0.0000
241753,gimbal,dynamic,82.7554,125.04,241.75,0.5673,-2.6142,83.2871,-0.1871,0.733,TAKEOFF,0.0000,0.0000,0.0000,0.0000
241853,gimbal,dynamic,82.7760,125.04,241.85,0.5671,-2.6156,83.3073,-0.1821,0.733,TAKEOFF,0.0000,0.0000,0.0000,0.0000
241953,gimbal,dynamic,82.7963,125.04,241.95,0.5672,-2.6175,83.3275,-0.1770,0.733,TAKEOFF,0.0000,0.0000,0.0000,0.0000
242053,gimbal,dynamic,82.8168,125.04,242.05,0.5672,-2.6188,83.3478,-0.1720,0.733,TAKEOFF,0.0000,0.0000,0.0000,0.0000
242153,gimbal,dynamic,82.8373,125.04,242.15,0.5672,-2.6194,83.3682,-0.1669,0.733,TAKEOFF,0.0000,0.0000,0.0000,0.0000
242253,gimbal,dynamic,82.8575,125.04,242.25,0.5675,-2.6195,83.3886,-0.1618,0.733,TAKEOFF,0.0000,0.0000,0.0000,0.0000
242354,gimbal,dynamic,82.8773,125.04,242.35,0.5683,-2.6194,83.4090,-0.1567,0.733,TAKEOFF,0.0000,0.0000,0.0000,0.0000
242454,gimbal,dynamic,82.8974,125.04,242.45,0.5689,-2.6194,83.4295,-0.1515,0.733,TAKEOFF,0.0000,0.0000,0.0000,0.0000
242553,gimbal,dynamic,82.9174,125.04,242.55,0.5696,-2.6191,83.4501,-0.1464,0.733,TAKEOFF,0.0000,0.0000,0.0000,0.0000
242654,gimbal,dynamic,82.9374,125.04,242.65,0.5704,-2.6182,83.4707,-0.1412,0.733,TAKEOFF,0.0000,0.0000,0.0000,0.0000
242753,gimbal,dynamic,82.9569,125.04,242.75,0.5716,-2.6164,83.4915,-0.1361,0.733,TAKEOFF,0.0000,0.0000,0.0000,0.0000
242853,gimbal,dynamic,82.9763,125.04,242.85,0.5732,-2.6147,83.5122,-0.1309,0.733,TAKEOFF,0.0000,0.0000,0.0000,0.0000
242953,gimbal,dynamic,82.9956,125.04,242.95,0.5748,-2.6130,83.5331,-0.1256,0.733,TAKEOFF,0.0000,0.0000,0.0000,0.0000
243053,gimbal,dynamic,83.0157,125.04,243.05,0.5758,-2.6117,83.5541,-0.1204,0.733,TAKEOFF,0.0000,0.0000,0.0000,0.0000
243153,gimbal,dynamic,83.0362,125.04,243.15,0.5764,-2.6108,83.5751,-0.1151,0.733,TAKEOFF,0.0000,0.0000,0.0000,0.0000
243253,gimbal,dynamic,83.0567,125.04,243.25,0.5772,-2.6107,83.5962,-0.1099,0.733,TAKEOFF,0.0000,0.0000,0.0000,0.0000
243353,gimbal,dynamic,83.0770,125.04,243.35,0.5784,-2.6120,83.6175,-0.1046,0.733,TAKEOFF,0.0000,0.0000,0.0000,0.0000
243453,gimbal,dynamic,83.0972,125.04,243.45,0.5796,-2.6138,83.6388,-0.0992,0.733,TAKEOFF,0.0000,0.0000,0.0000,0.0000
243553,gimbal,dynamic,83.1176,125.04,243.55,0.5809,-2.6158,83.6602,-0.0939,0.733,TAKEOFF,0.0000,0.0000,0.0000,0.0000
243653,gimbal,dynamic,83.1386,125.04,243.65,0.5817,-2.6181,83.6818,-0.0885,0.733,TAKEOFF,0.0000,0.0000,0.0000,0.0000
243753,gimbal,dynamic,83.1600,125.04,243.75,0.5821,-2.6203,83.7034,-0.0831,0.733,TAKEOFF,0.0000,0.0000,0.0000,0.0000
243854,gimbal,dynamic,83.1813,125.04,243.85,0.5828,-2.6214,83.7251,-0.0776,0.733,TAKEOFF,0.0000,0.0000,0.0000,0.0000
243953,gimbal,dynamic,83.2022,125.04,243.95,0.5839,-2.6216,83.7470,-0.0722,0.733,TAKEOFF,0.0000,0.0000,0.0000,0.0000
244053,gimbal,dynamic,83.2229,125.04,244.05,0.5853,-2.6213,83.7690,-0.0667,0.733,TAKEOFF,0.0000,0.0000,0.0000,0.0000
244153,gimbal,dynamic,83.2435,125.04,244.15,0.5869,-2.6202,83.7911,-0.0611,0.733,TAKEOFF,0.0000,0.0000,0.0000,0.0000
244253,gimbal,dynamic,83.2649,125.04,244.25,0.5879,-2.6182,83.8133,-0.0556,0.733,TAKEOFF,0.0000,0.0000,0.0000,0.0000
244354,gimbal,dynamic,83.2867,125.04,244.35,0.5885,-2.6155,83.8357,-0.0500,0.732,TAKEOFF,0.0000,0.0000,0.0000,0.0000
244453,gimbal,dynamic,83.3091,125.04,244.45,0.5886,-2.6129,83.8582,-0.0444,0.732,TAKEOFF,0.0000,0.0000,0.0000,0.0000
244553,gimbal,dynamic,83.3320,125.03,244.55,0.5885,-2.6109,83.8808,-0.0387,0.732,TAKEOFF,0.0000,0.0000,0.0000,0.0000
244653,gimbal,dynamic,83.3551,125.03,244.65,0.5883,-2.6100,83.9035,-0.0330,0.732,TAKEOFF,0.0000,0.0000,0.0000,0.0000
244754,gimbal,dynamic,83.3786,125.03,244.75,0.5879,-2.6094,83.9264,-0.0273,0.732,TAKEOFF,0.0000,0.0000,0.0000,0.0000
244853,gimbal,dynamic,83.4019,125.03,244.85,0.5877,-2.6090,83.9495,-0.0216,0.732,TAKEOFF,0.0000,0.0000,0.0000,0.0000
244954,gimbal,dynamic,83.4251,125.04,244.95,0.5878,-2.6085,83.9727,-0.0158,0.732,TAKEOFF,0.0000,0.0000,0.0000,0.0000
245054,gimbal,dynamic,83.4487,125.03,245.05,0.5878,-2.6083,83.9960,-0.0099,0.732,TAKEOFF,0.0000,0.0000,0.0000,0.0000
245153,gimbal,dynamic,83.4729,125.03,245.15,0.5872,-2.6079,84.0195,-0.0041,0.732,TAKEOFF,0.0000,0.0000,0.0000,0.0000
245253,gimbal,dynamic,83.4978,125.03,245.25,0.5861,-2.6079,84.0431,0.0019,0.732,TAKEOFF,0.0000,0.0000,0.0000,0.0000
245353,gimbal,dynamic,83.5234,125.03,245.35,0.5845,-2.6081,84.0669,0.0078,0.732,TAKEOFF,0.0000,0.0000,0.0000,0.0000
245453,gimbal,dynamic,83.5495,125.03,245.45,0.5825,-2.6081,84.0908,0.0138,0.732,TAKEOFF,0.0000,0.0000,0.0000,0.0000
245553,gimbal,dynamic,83.5754,125.03,245.55,0.5809,-2.6077,84.1150,0.0198,0.732,TAKEOFF,0.0000,0.0000,0.0000,0.0000
245653,gimbal,dynamic,83.6010,125.03,245.65,0.5797,-2.6075,84.1392,0.0259,0.732,TAKEOFF,0.0000,0.0000,0.0000,0.0000
245753,gimbal,dynamic,83.6273,125.03,245.75,0.5780,-2.6066,84.1637,0.0320,0.732,TAKEOFF,0.0000,0.0000,0.0000,0.0000
245853,gimbal,dynamic,83.6536,125.03,245.85,0.5765,-2.6055,84.1883,0.0381,0.732,TAKEOFF,0.0000,0.0000,0.0000,0.0000
245954,gimbal,dynamic,83.6795,125.03,245.95,0.5754,-2.6046,84.2130,0.0443,0.732,TAKEOFF,0.0000,0.0000,0.0000,0.0000
246053,gimbal,dynamic,83.7046,125.03,246.05,0.5755,-2.6046,84.2380,0.0506,0.733,TAKEOFF,0.0000,0.0000,0.0000,0.0000
246153,gimbal,dynamic,83.7294,125.03,246.15,0.5760,-2.6050,84.2631,0.0569,0.733,TAKEOFF,0.0000,0.0000,0.0000,0.0000
246254,gimbal,dynamic,83.7547,125.03,246.25,0.5762,-2.6061,84.2884,0.0632,0.733,TAKEOFF,0.0000,0.0000,0.0000,0.0000
246353,gimbal,dynamic,83.7805,125.03,246.35,0.5762,-2.6076,84.3139,0.0695,0.733,TAKEOFF,0.0000,0.0000,0.0000,0.0000
246453,gimbal,dynamic,83.8067,125.03,246.45,0.5759,-2.6090,84.3395,0.0760,0.733,TAKEOFF,0.0000,0.0000,0.0000,0.0000
246554,gimbal,dynamic,83.8331,124.80,246.55,0.5755,-2.6103,84.3653,0.0824,0.733,TAKEOFF,0.0000,0.0000,0.0000,0.0000
246653,gimbal,dynamic,83.8595,122.90,246.65,0.5754,-2.6121,84.3913,0.0882,0.733,TAKEOFF,0.0000,0.0000,0.0000,0.0000
246753,gimbal,dynamic,83.8861,120.97,246.75,0.5751,-2.6144,84.4175,0.0931,0.733,TAKEOFF,0.0000,0.0000,0.0000,0.0000
246853,gimbal,dynamic,83.9128,119.02,246.85,0.5750,-2.6170,84.4439,0.0971,0.733,TAKEOFF,0.0000,0.0000,0.0000,0.0000
246953,gimbal,dynamic,83.9397,117.07,246.95,0.5748,-2.6191,84.4705,0.1002,0.733,TAKEOFF,0.0000,0.0000,0.0000,0.0000
247053,gimbal,dynamic,83.9667,115.12,247.05,0.5748,-2.6207,84.4973,0.1025,0.733,TAKEOFF,0.0000,0.0000,0.0000,0.0000
247153,gimbal,dynamic,83.9935,113.17,247.15,0.5750,-2.6216,84.5242,0.1038,0.733,TAKEOFF,0.0000,0.0000,0.0000,0.0000
247253,gimbal,dynamic,84.0208,111.24,247.25,0.5748,-2.6223,84.5513,0.1042,0.733,TAKEOFF,0.0000,0.0000,0.0000,0.0000
247353,gimbal,dynamic,84.0490,109.33,247.35,0.5740,-2.6228,84.5787,0.1037,0.733,TAKEOFF,0.0000,0.0000,0.0000,0.0000
247453,gimbal,dynamic,84.0773,107.45,247.45,0.5731,-2.6230,84.6062,0.1023,0.733,TAKEOFF,0.0000,0.0000,0.0000,0.0000
247553,gimbal,dynamic,84.1050,105.61,247.55,0.5730,-2.6229,84.6339,0.1000,0.733,TAKEOFF,0.0000,0.0000,0.0000,0.0000
247653,gimbal,dynamic,84.1320,103.82,247.65,0.5737,-2.6227,84.6618,0.0968,0.733,TAKEOFF,0.0000,0.0000,0.0000,0.0000
247754,gimbal,dynamic,84.1582,102.08,247.75,0.5755,-2.6223,84.6899,0.0926,0.733,TAKEOFF,0.0000,0.0000,0.0000,0.0000
247853,gimbal,dynamic,84.1841,100.39,247.85,0.5777,-2.6223,84.7183,0.0876,0.733,TAKEOFF,0.0000,0.0000,0.0000,0.0000
247953,gimbal,dynamic,84.2101,98.76,247.95,0.5801,-2.6225,84.7468,0.0817,0.733,TAKEOFF,0.0000,0.0000,0.0000,0.0000
248053,gimbal,dynamic,84.2368,97.19,248.05,0.5819,-2.6227,84.7755,0.0749,0.733,TAKEOFF,0.0000,0.0000,0.0000,0.0000
248153,gimbal,dynamic,84.2634,96.96,248.15,0.5839,-2.6233,84.8044,0.0677,0.733,TAKEOFF,0.0000,0.0000,0.0000,0.0000
248253,gimbal,dynamic,84.2898,96.96,248.25,0.5864,-2.6242,84.8335,0.0604,0.733,TAKEOFF,0.0000,0.0000,0.0000,0.0000
248353,gimbal,dynamic,84.3166,96.96,248.35,0.5887,-2.6244,84.8628,0.0531,0.733,TAKEOFF,0.0000,0.0000,0.0000,0.0000
248353,gimbal,dynamic,84.3445,96.96,248.35,0.5901,-2.6243,84.8923,0.0457,0.733,TAKEOFF,0.0000,0.0000,0.0000,0.0000
248353,gimbal,dynamic,84.3735,96.96,248.35,0.5905,-2.6238,84.9220,0.0383,0.733,TAKEOFF,0.0000,0.0000,0.0000,0.0000
248353,gimbal,dynamic,84.4035,96.96,248.35,0.5901,-2.6234,84.9519,0.0308,0.733,TAKEOFF,0.0000,0.0000,0.0000,0.0000
248353,gimbal,dynamic,84.4335,96.96,248.35,0.5899,-2.6230,84.9820,0.0233,0.733,TAKEOFF,0.0000,0.0000,0.0000,0.0000
248353,gimbal,dynamic,84.4633,96.96,248.35,0.5901,-2.6227,85.0123,0.0157,0.733,TAKEOFF,0.0000,0.0000,0.0000,0.0000
248353,gimbal,dynamic,84.4932,96.96,248.35,0.5905,-2.6221,85.0428,0.0081,0.733,TAKEOFF,0.0000,0.0000,0.0000,0.0000
248353,gimbal,dynamic,84.5236,96.96,248.35,0.5905,-2.6214,85.0734,0.0004,0.733,TAKEOFF,0.0000,0.0000,0.0000,0.0000
248353,gimbal,dynamic,84.5544,96.96,248.35,0.5903,-2.6208,85.1043,-0.0073,0.733,TAKEOFF,0.0000,0.0000,0.0000,0.0000
248353,gimbal,dynamic,84.5852,96.96,248.35,0.5904,-2.6203,85.1354,-0.0151,0.733,TAKEOFF,0.0000,0.0000,0.0000,0.0000
248353,gimbal,dynamic,84.6152,96.96,248.35,0.5914,-2.6200,85.1667,-0.0229,0.733,TAKEOFF,0.0000,0.0000,0.0000,0.0000
248353,gimbal,dynamic,84.6455,96.96,248.35,0.5924,-2.6199,85.1982,-0.0308,0.733,TAKEOFF,0.0000,0.0000,0.0000,0.0000
248353,gimbal,dynamic,84.6764,96.96,248.35,0.5929,-2.6201,85.2299,-0.0387,0.733,TAKEOFF,0.0000,0.0000,0.0000,0.0000
248353,gimbal,dynamic,84.7086,96.96,248.35,0.5923,-2.6204,85.2618,-0.0466,0.733,TAKEOFF,0.0000,0.0000,0.0000,0.0000
248353,gimbal,dynamic,84.7422,96.96,248.35,0.5905,-2.6201,85.2939,-0.0547,0.733,TAKEOFF,0.0000,0.0000,0.0000,0.0000
248353,gimbal,dynamic,84.7761,96.96,248.35,0.5886,-2.6194,85.3262,-0.0627,0.733,TAKEOFF,0.0000,0.0000,0.0000,0.0000
248353,gimbal,dynamic,84.8102,96.96,248.35,0.5867,-2.6184,85.3586,-0.0709,0.733,TAKEOFF,0.0000,0.0000,0.0000,0.0000
248353,gimbal,dynamic,84.8447,96.96,248.35,0.5846,-2.6170,85.3913,-0.0790,0.733,TAKEOFF,0.0000,0.0000,0.0000,0.0000
248353,gimbal,dynamic,84.8790,96.96,248.35,0.5828,-2.6155,85.4242,-0.0872,0.733,TAKEOFF,0.0000,0.0000,0.0000,0.0000
248353,gimbal,dynamic,84.9126,96.96,248.35,0.5820,-2.6146,85.4572,-0.0955,0.733,TAKEOFF,0.0000,0.0000,0.0000,0.0000
248353,gimbal,dynamic,84.9455,96.96,248.35,0.5821,-2.6142,85.4905,-0.1038,0.733,TAKEOFF,0.0000,0.0000,0.0000,0.0000
248353,gimbal,dynamic,84.9778,96.96,248.35,0.5829,-2.6141,85.5239,-0.1122,0.733,TAKEOFF,0.0000,0.0000,0.0000,0.0000
248353,gimbal,dynamic,85.0098,96.96,248.35,0.5842,-2.6142,85.5575,-0.1206,0.733,TAKEOFF,0.0000,0.0000,0.0000,0.0000
248353,gimbal,dynamic,85.0418,96.96,248.35,0.5858,-2.6145,85.5913,-0.1290,0.733,TAKEOFF,0.0000,0.0000,0.0000,0.0000
248353,gimbal,dynamic,85.0738,96.96,248.35,0.5876,-2.6151,85.6253,-0.1375,0.733,TAKEOFF,0.0000,0.0000,0.0000,0.0000
248353,gimbal,dynamic,85.1065,96.96,248.35,0.5888,-2.6157,85.6595,-0.1461,0.733,TAKEOFF,0.0000,0.0000,0.0000,0.0000
248353,gimbal,dynamic,85.1399,96.96,248.35,0.5895,-2.6165,85.6938,-0.1546,0.733,TAKEOFF,0.0000,0.0000,0.0000,0.0000
248353,gimbal,dynamic,85.1739,96.96,248.35,0.5897,-2.6170,85.7283,-0.1633,0.733,TAKEOFF,0.0000,0.0000,0.0000,0.0000
248353,gimbal,dynamic,85.2085,96.96,248.35,0.5896,-2.6179,85.7630,-0.1720,0.733,TAKEOFF,0.0000,0.0000,0.0000,0.0000
248353,gimbal,dynamic,85.2441,96.96,248.35,0.5887,-2.6191,85.7979,-0.1807,0.733,TAKEOFF,0.0000,0.0000,0.0000,0.0000
248353,gimbal,dynamic,85.2805,96.96,248.35,0.5871,-2.6210,85.8330,-0.1894,0.733,TAKEOFF,0.0000,0.0000,0.0000,0.0000
248353,gimbal,dynamic,85.3171,96.96,248.35,0.5855,-2.6228,85.8682,-0.1982,0.733,TAKEOFF,0.0000,0.0000,0.0000,0.0000
248353,gimbal,dynamic,85.3546,96.96,248.35,0.5833,-2.6244,85.9036,-0.2071,0.733,TAKEOFF,0.0000,0.0000,0.0000,0.0000
248353,gimbal,dynamic,85.3922,96.96,248.35,0.5810,-2.6250,85.9392,-0.2160,0.733,TAKEOFF,0.0000,0.0000,0.0000,0.0000
248353,gimbal,dynamic,85.4299,96.97,248.35,0.5787,-2.6254,85.9749,-0.2249,0.733,TAKEOFF,0.0000,0.0000,0.0000,0.0000
248353,gimbal,dynamic,85.4678,96.96,248.35,0.5764,-2.6253,86.0108,-0.2339,0.733,TAKEOFF,0.0000,0.0000,0.0000,0.0000
248353,gimbal,dynamic,85.5058,96.96,248.35,0.5742,-2.6249,86.0468,-0.2429,0.733,TAKEOFF,0.0000,0.0000,0.0000,0.0000
248353,gimbal,dynamic,85.5442,96.96,248.35,0.5717,-2.6245,86.0830,-0.2520,0.733,TAKEOFF,0.0000,0.0000,0.0000,0.0000
248353,gimbal,dynamic,85.5824,96.96,248.35,0.5696,-2.6244,86.1194,-0.2610,0.733,TAKEOFF,0.0000,0.0000,0.0000,0.0000
248353,gimbal,dynamic,85.6201,96.96,248.35,0.5681,-2.6246,86.1559,-0.2702,0.733,TAKEOFF,0.0000,0.0000,0.0000,0.0000
248353,gimbal,dynamic,85.6573,96.96,248.35,0.5674,-2.6252,86.1926,-0.2793,0.733,TAKEOFF,0.0000,0.0000,0.0000,0.0000
248353,gimbal,dynamic,85.6945,96.97,248.35,0.5668,-2.6261,86.2294,-0.2885,0.733,TAKEOFF,0.0000,0.0000,0.0000,0.0000
248353,gimbal,dynamic,85.7318,96.97,248.35,0.5662,-2.6272,86.2664,-0.2978,0.733,TAKEOFF,0.0000,0.0000,0.0000,0.0000
248353,gimbal,dynamic,85.7696,96.97,248.35,0.5652,-2.6280,86.3035,-0.3071,0.733,TAKEOFF,0.0000,0.0000,0.0000,0.0000
248353,gimbal,dynamic,85.8082,96.97,248.35,0.5637,-2.6287,86.3407,-0.3164,0.733,TAKEOFF,0.0000,0.0000,0.0000,0.0000
248353,gimbal,dynamic,85.8470,96.97,248.35,0.5619,-2.6290,86.3781,-0.3257,0.733,TAKEOFF,0.0000,0.0000,0.0000,0.0000
248353,gimbal,dynamic,85.8864,96.97,248.35,0.5598,-2.6292,86.4156,-0.3351,0.733,TAKEOFF,0.0000,0.0000,0.0000,0.0000
248353,gimbal,dynamic,85.9260,96.97,248.35,0.5576,-2.6294,86.4532,-0.3445,0.733,TAKEOFF,0.0000,0.0000,0.0000,0.0000
248353,gimbal,dynamic,85.9656,96.97,248.35,0.5555,-2.6291,86.4910,-0.3539,0.733,TAKEOFF,0.0000,0.0000,0.0000,0.0000
248353,gimbal,dynamic,86.0046,96.96,248.35,0.5541,-2.6285,86.5289,-0.3634,0.733,TAKEOFF,0.0000,0.0000,0.0000,0.0000
248353,gimbal,dynamic,86.0435,96.96,248.35,0.5530,-2.6281,86.5669,-0.3729,0.733,TAKEOFF,0.0000,0.0000,0.0000,0.0000
248353,gimbal,dynamic,86.0820,96.96,248.35,0.5524,-2.6281,86.6050,-0.3825,0.733,TAKEOFF,0.0000,0.0000,0.0000,0.0000
248353,gimbal,dynamic,86.1199,96.96,248.35,0.5525,-2.6280,86.6433,-0.3920,0.733,TAKEOFF,0.0000,0.0000,0.0000,0.0000
248353,gimbal,dynamic,86.1577,97.78,248.35,0.5527,-2.6272,86.6817,-0.4013,0.733,TAKEOFF,0.0000,0.0000,0.0000,0.0000
248353,gimbal,dynamic,86.1962,98.95,248.35,0.5524,-2.6265,86.7201,-0.4098,0.733,TAKEOFF,0.0000,0.0000,0.0000,0.0000
248353,gimbal,dynamic,86.2355,100.14,248.35,0.5515,-2.6261,86.7587,-0.4175,0.733,TAKEOFF,0.0000,0.0000,0.0000,0.0000
248353,gimbal,dynamic,86.2753,101.35,248.35,0.5501,-2.6258,86.7974,-0.4243,0.733,TAKEOFF,0.0000,0.0000,0.0000,0.0000
248353,gimbal,dynamic,86.3152,102.56,248.35,0.5489,-2.6255,86.8361,-0.4303,0.733,TAKEOFF,0.0000,0.0000,0.0000,0.0000
248353,gimbal,dynamic,86.3549,103.79,248.35,0.5479,-2.6246,86.8750,-0.4355,0.733,TAKEOFF,0.0000,0.0000,0.0000,0.0000
248353,gimbal,dynamic,86.3943,105.02,248.35,0.5472,-2.6229,86.9140,-0.4399,0.733,TAKEOFF,0.0000,0.0000,0.0000,0.0000
248353,gimbal,dynamic,86.4335,106.26,248.35,0.5469,-2.6208,86.9530,-0.4434,0.733,TAKEOFF,0.0000,0.0000,0.0000,0.0000
248353,gimbal,dynamic,86.4727,107.49,248.35,0.5467,-2.6186,86.9921,-0.4461,0.733,TAKEOFF,0.0000,0.0000,0.0000,0.0000
248353,gimbal,dynamic,86.5120,108.72,248.35,0.5466,-2.6162,87.0313,-0.4479,0.733,TAKEOFF,0.0000,0.0000,0.0000,0.0000
248353,gimbal,dynamic,86.5508,109.95,248.35,0.5469,-2.6140,87.0706,-0.4489,0.733,TAKEOFF,0.0000,0.0000,0.0000,0.0000
248353,gimbal,dynamic,86.5891,111.16,248.35,0.5479,-2.6120,87.1100,-0.4491,0.733,TAKEOFF,0.0000,0.0000,0.0000,0.0000
248353,gimbal,dynamic,86.6269,112.35,248.35,0.5494,-2.6104,87.1494,-0.4485,0.733,TAKEOFF,0.0000,0.0000,0.0000,0.0000
248353,gimbal,dynamic,86.6649,113.53,248.35,0.5509,-2.6086,87.1889,-0.4470,0.733,TAKEOFF,0.0000,0.0000,0.0000,0.0000
248353,gimbal,dynamic,86.7030,114.70,248.35,0.5524,-2.6070,87.2284,-0.4447,0.733,TAKEOFF,0.0000,0.0000,0.0000,0.0000
248353,gimbal,dynamic,86.7406,115.83,248.35,0.5545,-2.6051,87.2680,-0.4416,0.733,TAKEOFF,0.0000,0.0000,0.0000,0.0000
248353,gimbal,dynamic,86.7776,116.95,248.35,0.5571,-2.6035,87.3077,-0.4377,0.733,TAKEOFF,0.0000,0.0000,0.0000,0.0000
248353,gimbal,dynamic,86.8149,118.03,248.35,0.5596,-2.6021,87.3474,-0.4331,0.733,TAKEOFF,0.0000,0.0000,0.0000,0.0000
248353,gimbal,dynamic,86.8522,119.09,248.35,0.5621,-2.6008,87.3872,-0.4277,0.733,TAKEOFF,0.0000,0.0000,0.0000,0.0000
248353,gimbal,dynamic,86.8904,120.11,248.35,0.5639,-2.6003,87.4270,-0.4215,0.733,TAKEOFF,0.0000,0.0000,0.0000,0.0000
248353,gimbal,dynamic,86.9290,121.11,248.35,0.5652,-2.6006,87.4668,-0.4147,0.733,TAKEOFF,0.0000,0.0000,0.0000,0.0000
248353,gimbal,dynamic,86.9682,122.06,248.35,0.5662,-2.6012,87.5067,-0.4071,0.733,TAKEOFF,0.0000,0.0000,0.0000,0.0000
248353,gimbal,dynamic,87.0071,122.98,248.35,0.5674,-2.6023,87.5466,-0.3988,0.733,TAKEOFF,0.0000,0.0000,0.0000,0.0000
248353,gimbal,dynamic,87.0458,123.86,248.35,0.5688,-2.6033,87.5865,-0.3899,0.733,TAKEOFF,0.0000,0.0000,0.0000,0.0000
248353,gimbal,dynamic,87.0847,124.70,248.35,0.5701,-2.6041,87.6265,-0.3804,0.733,TAKEOFF,0.0000,0.0000,0.0000,0.0000
248353,gimbal,dynamic,87.1234,125.04,248.35,0.5717,-2.6049,87.6664,-0.3704,0.733,TAKEOFF,0.0000,0.0000,0.0000,0.0000
248353,gimbal,dynamic,87.1614,125.04,248.35,0.5740,-2.6054,87.7064,-0.3604,0.733,TAKEOFF,0.0000,0.0000,0.0000,0.0000
248353,gimbal,dynamic,87.1992,125.04,248.35,0.5764,-2.6057,87.7464,-0.3504,0.733,TAKEOFF,0.0000,0.0000,0.0000,0.0000
248353,gimbal,dynamic,87.2368,125.04,248.35,0.5790,-2.6063,87.7864,-0.3404,0.733,TAKEOFF,0.0000,0.0000,0.0000,0.0000
248353,gimbal,dynamic,87.2747,125.04,248.35,0.5814,-2.6059,87.8264,-0.3304,0.733,TAKEOFF,0.0000,0.0000,0.0000,0.0000
248353,gimbal,dynamic,87.3131,125.03,248.35,0.5832,-2.6053,87.8664,-0.3204,0.733,TAKEOFF,0.0000,0.0000,0.0000,0.0000
248353,gimbal,dynamic,87.3518,125.03,248.35,0.5847,-2.6045,87.9064,-0.3104,0.733,TAKEOFF,0.0000,0.0000,0.0000,0.0000
248353,gimbal,dynamic,87.3909,125.03,248.35,0.5858,-2.6040,87.9464,-0.3004,0.733,TAKEOFF,0.0000,0.0000,0.0000,0.0000
248353,gimbal,dynamic,87.4299,125.03,248.35,0.5870,-2.6039,87.9863,-0.2905,0.733,TAKEOFF,0.0000,0.0000,0.0000,0.0000
248353,gimbal,dynamic,87.4689,125.03,248.35,0.5882,-2.6043,88.0263,-0.2805,0.733,TAKEOFF,0.0000,0.0000,0.0000,0.0000
248353,gimbal,dynamic,87.5077,125.03,248.35,0.5897,-2.6051,88.0662,-0.2705,0.733,TAKEOFF,0.0000,0.0000,0.0000,0.0000
248353,gimbal,dynamic,87.5464,125.04,248.35,0.5912,-2.6056,88.1061,-0.2605,0.733,TAKEOFF,0.0000,0.0000,0.0000,0.0000
248353,gimbal,dynamic,87.5847,125.04,248.35,0.5930,-2.6059,88.1460,-0.2505,0.733,TAKEOFF,0.0000,0.0000,0.0000,0.0000
248353,gimbal,dynamic,87.6230,125.04,248.35,0.5948,-2.6059,88.1858,-0.2406,0.733,TAKEOFF,0.0000,0.0000,0.0000,0.0000
248353,gimbal,dynamic,87.6607,125.04,248.35,0.5971,-2.6062,88.2256,-0.2306,0.733,TAKEOFF,0.0000,0.0000,0.0000,0.0000
248353,gimbal,dynamic,87.6983,125.04,248.35,0.5996,-2.6064,88.2654,-0.2207,0.733,TAKEOFF,0.0000,0.0000,0.0000,0.0000
248353,gimbal,dynamic,87.7367,125.04,248.35,0.6012,-2.6066,88.3051,-0.2108,0.733,TAKEOFF,0.0000,0.0000,0.0000,0.0000
248353,gimbal,dynamic,87.7763,125.04,248.35,0.6014,-2.6064,88.3448,-0.2008,0.733,TAKEOFF,0.0000,0.0000,0.0000,0.0000
248353,gimbal,dynamic,87.8170,125.03,248.35,0.6007,-2.6067,88.3844,-0.1909,0.733,TAKEOFF,0.0000,0.0000,0.0000,0.0000
248353,gimbal,dynamic,87.8582,125.03,248.35,0.5992,-2.6074,88.4239,-0.1811,0.733,TAKEOFF,0.0000,0.0000,0.0000,0.0000
248353,gimbal,dynamic,87.9000,125.04,248.35,0.5972,-2.6087,88.4634,-0.1712,0.733,TAKEOFF,0.0000,0.0000,0.0000,0.0000
248353,gimbal,dynamic,87.9424,125.04,248.35,0.5946,-2.6098,88.5029,-0.1613,0.733,TAKEOFF,0.0000,0.0000,0.0000,0.0000
248353,gimbal,dynamic,87.9855,125.04,248.35,0.5911,-2.6107,88.5422,-0.1515,0.733,TAKEOFF,0.0000,0.0000,0.0000,0.0000
248353,gimbal,dynamic,88.0288,125.04,248.35,0.5874,-2.6112,88.5815,-0.1417,0.733,TAKEOFF,0.0000,0.0000,0.0000,0.0000
248353,gimbal,dynamic,88.0723,125.04,248.35,0.5834,-2.6109,88.6207,-0.1319,0.733,TAKEOFF,0.0000,0.0000,0.0000,0.0000
248353,gimbal,dynamic,88.1153,125.04,248.35,0.5797,-2.6107,88.6599,-0.1221,0.733,TAKEOFF,0.0000,0.0000,0.0000,0.0000
248353,gimbal,dynamic,88.1586,125.04,248.35,0.5757,-2.6110,88.6989,-0.1123,0.733,TAKEOFF,0.0000,0.0000,0.0000,0.0000
248353,gimbal,dynamic,88.2015,125.04,248.35,0.5720,-2.6116,88.7379,-0.1026,0.733,TAKEOFF,0.0000,0.0000,0.0000,0.0000
248353,gimbal,dynamic,88.2443,125.04,248.35,0.5685,-2.6131,88.7768,-0.0928,0.733,TAKEOFF,0.0000,0.0000,0.0000,0.0000
248353,gimbal,dynamic,88.2864,125.04,248.35,0.5654,-2.6149,88.8155,-0.0832,0.733,TAKEOFF,0.0000,0.0000,0.0000,0.0000
248353,gimbal,dynamic,88.3285,125.04,248.35,0.5623,-2.6164,88.8542,-0.0735,0.733,TAKEOFF,0.0000,0.0000,0.0000,0.0000
248353,gimbal,dynamic,88.3703,125.05,248.35,0.5594,-2.6173,88.8928,-0.0638,0.733,TAKEOFF,0.0000,0.0000,0.0000,0.0000
248353,gimbal,dynamic,88.4123,125.04,248.35,0.5562,-2.6181,88.9313,-0.0542,0.733,TAKEOFF,0.0000,0.0000,0.0000,0.0000
248353,gimbal,dynamic,88.4546,125.04,248.35,0.5525,-2.6189,88.9697,-0.0446,0.733,TAKEOFF,0.0000,0.0000,0.0000,0.0000
248353,gimbal,dynamic,88.4962,125.04,248.35,0.5494,-2.6190,89.0079,-0.0351,0.733,TAKEOFF,0.0000,0.0000,0.0000,0.0000
248353,gimbal,dynamic,88.5375,125.04,248.35,0.5466,-2.6185,89.0461,-0.0255,0.733,TAKEOFF,0.0000,0.0000,0.0000,0.0000
248353,gimbal,dynamic,88.5773,125.04,248.35,0.5449,-2.6170,89.0841,-0.0160,0.733,TAKEOFF,0.0000,0.0000,0.0000,0.0000
248353,gimbal,dynamic,88.6159,124.79,248.35,0.5445,-2.6154,89.1220,-0.0066,0.733,TAKEOFF,0.0000,0.0000,0.0000,0.0000
248353,gimbal,dynamic,88.6544,123.96,248.35,0.5440,-2.6136,89.1598,0.0023,0.733,TAKEOFF,0.0000,0.0000,0.0000,0.0000
248353,gimbal,dynamic,88.6926,123.09,248.35,0.5436,-2.6119,89.1974,0.0106,0.733,TAKEOFF,0.0000,0.0000,0.0000,0.0000
248353,gimbal,dynamic,88.7303,122.19,248.35,0.5436,-2.6104,89.2349,0.0182,0.733,TAKEOFF,0.0000,0.0000,0.0000,0.0000
248353,gimbal,dynamic,88.7666,121.25,248.35,0.5448,-2.6089,89.2723,0.0252,0.733,TAKEOFF,0.0000,0.0000,0.0000,0.0000
248353,gimbal,dynamic,88.8021,120.28,248.35,0.5467,-2.6074,89.3096,0.0315,0.733,TAKEOFF,0.0000,0.0000,0.0000,0.0000
248353,gimbal,dynamic,88.8375,119.28,248.35,0.5485,-2.6069,89.3467,0.0371,0.733,TAKEOFF,0.0000,0.0000,0.0000,0.0000
248353,gimbal,dynamic,88.8726,118.25,248.35,0.5506,-2.6073,89.3837,0.0420,0.733,TAKEOFF,0.0000,0.0000,0.0000,0.0000
248353,gimbal,dynamic,88.9081,117.19,248.35,0.5521,-2.6082,89.4205,0.0462,0.733,TAKEOFF,0.0000,0.0000,0.0000,0.0000
248353,gimbal,dynamic,88.9437,116.11,248.35,0.5533,-2.6096,89.4572,0.0497,0.733,TAKEOFF,0.0000,0.0000,0.0000,0.0000
248353,gimbal,dynamic,88.9796,115.01,248.35,0.5540,-2.6112,89.4937,0.0525,0.733,TAKEOFF,0.0000,0.0000,0.0000,0.0000
248353,gimbal,dynamic,89.0154,113.88,248.35,0.5547,-2.6132,89.5301,0.0546,0.733,TAKEOFF,0.0000,0.0000,0.0000,0.0000
248353,gimbal,dynamic,89.0509,112.74,248.35,0.5555,-2.6154,89.5663,0.0559,0.733,TAKEOFF,0.0000,0.0000,0.0000,0.0000
248353,gimbal,dynamic,89.0861,111.59,248.35,0.5564,-2.6180,89.6024,0.0566,0.733,TAKEOFF,0.0000,0.0000,0.0000,0.0000
248353,gimbal,dynamic,89.1212,110.43,248.35,0.5573,-2.6211,89.6383,0.0564,0.733,TAKEOFF,0.0000,0.0000,0.0000,0.0000
248353,gimbal,dynamic,89.1559,109.26,248.35,0.5584,-2.6245,89.6740,0.0556,0.733,TAKEOFF,0.0000,0.0000,0.0000,0.0000
248353,gimbal,dynamic,89.1901,108.09,248.35,0.5598,-2.6276,89.7096,0.0540,0.733,TAKEOFF,0.0000,0.0000,0.0000,0.0000
248353,gimbal,dynamic,89.2237,106.92,248.35,0.5617,-2.6302,89.7450,0.0517,0.733,TAKEOFF,0.0000,0.0000,0.0000,0.0000
248353,gimbal,dynamic,89.2576,105.75,248.35,0.5629,-2.6320,89.7803,0.0487,0.733,TAKEOFF,0.0000,0.0000,0.0000,0.0000
248353,gimbal,dynamic,89.2919,104.59,248.35,0.5637,-2.6341,89.8153,0.0450,0.733,TAKEOFF,0.0000,0.0000,0.0000,0.0000
248353,gimbal,dynamic,89.3265,103.45,248.35,0.5639,-2.6357,89.8502,0.0406,0.733,TAKEOFF,0.0000,0.0000,0.0000,0.0000
248353,gimbal,dynamic,89.3609,102.31,248.35,0.5640,-2.6371,89.8850,0.0355,0.733,TAKEOFF,0.0000,0.0000,0.0000,0.0000
248353,gimbal,dynamic,89.3950,101.19,248.35,0.5643,-2.6382,89.9195,0.0298,0.733,TAKEOFF,0.0000,0.0000,0.0000,0.0000
248353,gimbal,dynamic,89.4287,100.09,248.35,0.5648,-2.6392,89.9539,0.0234,0.733,TAKEOFF,0.0000,0.0000,0.0000,0.0000
248353,gimbal,dynamic,89.4621,99.02,248.35,0.5654,-2.6396,89.9881,0.0163,0.733,TAKEOFF,0.0000,0.0000,0.0000,0.0000
248353,gimbal,dynamic,89.4952,97.97,248.35,0.5660,-2.6399,90.0221,0.0087,0.733,TAKEOFF,0.0000,0.0000,0.0000,0.0000
248353,gimbal,dynamic,89.5284,96.98,248.35,0.5665,-2.6401,90.0559,0.0004,0.733,TAKEOFF,0.0000,0.0000,0.0000,0.0000
248353,gimbal,dynamic,89.5612,96.98,248.35,0.5670,-2.6401,90.0895,-0.0080,0.733,TAKEOFF,0.0000,0.0000,0.0000,0.0000
248353,gimbal,dynamic,89.5944,96.98,248.35,0.5670,-2.6401,90.1229,-0.0163,0.733,TAKEOFF,0.0000,0.0000,0.0000,0.0000
248353,gimbal,dynamic,89.6272,96.97,248.35,0.5672,-2.6398,90.1562,-0.0247,0.733,TAKEOFF,0.0000,0.0000,0.0000,0.0000
248353,gimbal,dynamic,89.6600,96.98,248.35,0.5671,-2.6391,90.1893,-0.0329,0.733,TAKEOFF,0.0000,0.0000,0.0000,0.0000
248353,gimbal,dynamic,89.6930,96.97,248.35,0.5668,-2.6382,90.2221,-0.0411,0.733,TAKEOFF,0.0000,0.0000,0.0000,0.0000
248353,gimbal,dynamic,89.7263,96.97,248.35,0.5659,-2.6370,90.2548,-0.0493,0.733,TAKEOFF,0.0000,0.0000,0.0000,0.0000
248353,gimbal,dynamic,89.7602,96.97,248.35,0.5641,-2.6358,90.2873,-0.0574,0.733,TAKEOFF,0.0000,0.0000,0.0000,0.0000
248353,gimbal,dynamic,89.7943,96.97,248.35,0.5620,-2.6346,90.3196,-0.0655,0.733,TAKEOFF,0.0000,0.0000,0.0000,0.0000
248353,gimbal,dynamic,89.8285,96.97,248.35,0.5597,-2.6330,90.3517,-0.0735,0.733,TAKEOFF,0.0000,0.0000,0.0000,0.0000
248353,gimbal,dynamic,89.8612,96.97,248.35,0.5586,-2.6313,90.3836,-0.0815,0.733,TAKEOFF,0.0000,0.0000,0.0000,0.0000
248353,gimbal,dynamic,89.8925,96.97,248.35,0.5587,-2.6296,90.4153,-0.0894,0.733,TAKEOFF,0.0000,0.0000,0.0000,0.0000
248353,gimbal,dynamic,89.9229,96.97,248.35,0.5596,-2.6287,90.4468,-0.0973,0.733,TAKEOFF,0.0000,0.0000,0.0000,0.0000
248353,gimbal,dynamic,89.9522,96.97,248.35,0.5613,-2.6280,90.4782,-0.1051,0.733,TAKEOFF,0.0000,0.0000,0.0000,0.0000
248353,gimbal,dynamic,89.9815,96.97,248.35,0.5629,-2.6278,90.5093,-0.1129,0.733,TAKEOFF,0.0000,0.0000,0.0000,0.0000
248353,gimbal,dynamic,90.0101,96.97,248.35,0.5651,-2.6282,90.5402,-0.1207,0.733,TAKEOFF,0.0000,0.0000,0.0000,0.0000
248353,gimbal,dynamic,90.0383,96.97,248.35,0.5674,-2.6292,90.5709,-0.1283,0.733,TAKEOFF,0.0000,0.0000,0.0000,0.0000
248353,gimbal,dynamic,90.0658,96.98,248.35,0.5701,-2.6302,90.6014,-0.1360,0.733,TAKEOFF,0.0000,0.0000,0.0000,0.0000
248353,gimbal,dynamic,90.0937,96.98,248.35,0.5724,-2.6308,90.6317,-0.1435,0.733,TAKEOFF,0.0000,0.0000,0.0000,0.0000
248353,gimbal,dynamic,90.1214,96.98,248.35,0.5746,-2.6315,90.6619,-0.1511,0.733,TAKEOFF,0.0000,0.0000,0.0000,0.0000
248353,gimbal,dynamic,90.1489,96.98,248.35,0.5768,-2.6332,90.6918,-0.1585,0.733,TAKEOFF,0.0000,0.0000,0.0000,0.0000
248353,gimbal,dynamic,90.1765,96.98,248.35,0.5788,-2.6352,90.7215,-0.1660,0.733,TAKEOFF,0.0000,0.0000,0.0000,0.0000
248353,gimbal,dynamic,90.2041,96.98,248.35,0.5805,-2.6368,90.7510,-0.1734,0.733,TAKEOFF,0.0000,0.0000,0.0000,0.0000
248353,gimbal,dynamic,90.2314,96.98,248.35,0.5824,-2.6382,90.7803,-0.1807,0.733,TAKEOFF,0.0000,0.0000,0.0000,0.0000
248353,gimbal,dynamic,90.2587,96.98,248.35,0.5840,-2.6390,90.8094,-0.1880,0.733,TAKEOFF,0.0000,0.0000,0.0000,0.0000
248353,gimbal,dynamic,90.2862,96.98,248.35,0.5853,-2.6394,90.8384,-0.1952,0.733,TAKEOFF,0.0000,0.0000,0.0000,0.0000
248353,gimbal,dynamic,90.3138,96.98,248.35,0.5861,-2.6398,90.8671,-0.2024,0.733,TAKEOFF,0.0000,0.0000,0.0000,0.0000
248353,gimbal,dynamic,90.3417,96.98,248.35,0.5866,-2.6399,90.8956,-0.2095,0.733,TAKEOFF,0.0000,0.0000,0.0000,0.0000
248353,gimbal,dynamic,90.3695,96.98,248.35,0.5869,-2.6394,90.9239,-0.2166,0.733,TAKEOFF,0.0000,0.0000,0.0000,0.0000
248353,gimbal,dynamic,90.3981,96.98,248.35,0.5862,-2.6380,90.9521,-0.2236,0.733,TAKEOFF,0.0000,0.0000,0.0000,0.0000
248353,gimbal,dynamic,90.4271,96.98,248.35,0.5849,-2.6365,90.9800,-0.2306,0.733,TAKEOFF,0.0000,0.0000,0.0000,0.0000
248353,gimbal,dynamic,90.4569,96.98,248.35,0.5825,-2.6343,91.0077,-0.2375,0.733,TAKEOFF,0.0000,0.0000,0.0000,0.0000
248353,gimbal,dynamic,90.4869,96.98,248.35,0.5798,-2.6320,91.0353,-0.2444,0.733,TAKEOFF,0.0000,0.0000,0.0000,0.0000
248353,gimbal,dynamic,90.5164,96.98,248.35,0.5775,-2.6297,91.0626,-0.2513,0.733,TAKEOFF,0.0000,0.0000,0.0000,0.0000
248353,gimbal,dynamic,90.5454,96.48,248.35,0.5754,-2.6287,91.0898,-0.2581,0.733,TAKEOFF,0.0000,0.0000,0.0000,0.0000
248353,gimbal,dynamic,90.5742,94.29,248.35,0.5735,-2.6292,91.1167,-0.2648,0.733,TAKEOFF,0.0000,0.0000,0.0000,0.0000
248353,gimbal,dynamic,90.6017,89.37,248.35,0.5726,-2.6305,91.1435,-0.2715,0.733,TAKEOFF,0.0000,0.0000,0.0000,0.0000
248353,gimbal,dynamic,90.6259,82.27,248.35,0.5748,-2.6327,91.1701,-0.2781,0.733,TAKEOFF,0.0000,0.0000,0.0000,0.0000
248353,gimbal,dynamic,90.6461,72.93,248.35,0.5809,-2.6351,91.1965,-0.2847,0.733,TAKEOFF,0.0000,0.0000,0.0000,0.0000
248353,gimbal,dynamic,90.6614,62.24,248.35,0.5917,-2.6377,91.2227,-0.2913,0.733,TAKEOFF,0.0000,0.0000,0.0000,0.0000
248353,gimbal,dynamic,90.6748,49.86,248.35,0.6042,-2.6400,91.2488,-0.2978,0.733,TAKEOFF,0.0000,0.0000,0.0000,0.0000
248353,gimbal,dynamic,90.6870,39.75,248.35,0.6178,-2.6427,91.2746,-0.3040,0.733,TAKEOFF,0.0000,0.0000,0.0000,0.0000
248353,gimbal,dynamic,90.7025,30.44,248.35,0.6279,-2.6461,91.3003,-0.3095,0.733,TAKEOFF,0.0000,0.0000,0.0000,0.0000
248353,gimbal,dynamic,90.7221,23.67,248.35,0.6337,-2.6515,91.3258,-0.3143,0.733,TAKEOFF,0.0000,0.0000,0.0000,0.0000
248353,gimbal,dynamic,90.7480,18.28,248.35,0.6332,-2.6588,91.3511,-0.3184,0.733,TAKEOFF,0.0000,0.0000,0.0000,0.0000
248353,gimbal,dynamic,90.7803,15.30,248.35,0.6263,-2.6694,91.3762,-0.3217,0.733,TAKEOFF,0.0000,0.0000,0.0000,0.0000
248353,gimbal,dynamic,90.8170,13.86,248.35,0.6148,-2.6810,91.4012,-0.3242,0.733,TAKEOFF,0.0000,0.0000,0.0000,0.0000
248353,gimbal,dynamic,90.8581,13.80,248.35,0.5987,-2.6941,91.4259,-0.3260,0.733,TAKEOFF,0.0000,0.0000,0.0000,0.0000
248353,gimbal,dynamic,90.8992,14.88,248.35,0.5824,-2.7057,91.4506,-0.3270,0.733,TAKEOFF,0.0000,0.0000,0.0000,0.0000
248353,gimbal,dynamic,90.9400,16.61,248.35,0.5664,-2.7164,91.4750,-0.3271,0.733,TAKEOFF,0.0000,0.0000,0.0000,0.0000
248353,gimbal,dynamic,90.9805,18.58,248.35,0.5504,-2.7263,91.4993,-0.3265,0.733,TAKEOFF,0.0000,0.0000,0.0000,0.0000
248353,gimbal,dynamic,91.0184,20.49,248.35,0.5368,-2.7333,91.5234,-0.3250,0.733,TAKEOFF,0.0000,0.0000,0.0000,0.0000
248353,gimbal,dynamic,91.0525,22.05,248.35,0.5269,-2.7368,91.5474,-0.3227,0.733,TAKEOFF,0.0000,0.0000,0.0000,0.0000
248353,gimbal,dynamic,91.0838,23.18,248.35,0.5195,-2.7367,91.5712,-0.3196,0.733,TAKEOFF,0.0000,0.0000,0.0000,0.0000
248353,gimbal,dynamic,91.1123,23.64,248.35,0.5146,-2.7325,91.5948,-0.3157,0.733,TAKEOFF,0.0000,0.0000,0.0000,0.0000
248353,gimbal,dynamic,91.1376,23.66,248.35,0.5127,-2.7241,91.6183,-0.3109,0.733,TAKEOFF,0.0000,0.0000,0.0000,0.0000
248353,gimbal,dynamic,91.1600,22.89,248.35,0.5134,-2.7128,91.6417,-0.3053,0.733,TAKEOFF,0.0000,0.0000,0.0000,0.0000
248353,gimbal,dynamic,91.1803,20.06,248.35,0.5161,-2.6977,91.6649,-0.2995,0.733,TAKEOFF,0.0000,0.0000,0.0000,0.0000
248353,gimbal,dynamic,91.1997,16.91,248.35,0.5195,-2.6829,91.6879,-0.2938,0.733,TAKEOFF,0.0000,0.0000,0.0000,0.0000
248353,gimbal,dynamic,91.2175,14.18,248.35,0.5243,-2.6669,91.7108,-0.2880,0.733,TAKEOFF,0.0000,0.0000,0.0000,0.0000
248353,gimbal,dynamic,91.2341,11.69,248.35,0.5303,-2.6532,91.7336,-0.2823,0.733,TAKEOFF,0.0000,0.0000,0.0000,0.0000
248353,gimbal,dynamic,91.2489,9.90,248.35,0.5380,-2.6407,91.7562,-0.2767,0.733,TAKEOFF,0.0000,0.0000,0.0000,0.0000
248353,gimbal,dynamic,91.2632,8.76,248.35,0.5460,-2.6320,91.7787,-0.2710,0.733,TAKEOFF,0.0000,0.0000,0.0000,0.0000
248353,gimbal,dynamic,91.2762,8.26,248.35,0.5554,-2.6263,91.8011,-0.2655,0.733,TAKEOFF,0.0000,0.0000,0.0000,0.0000
248353,gimbal,dynamic,91.2902,8.31,248.35,0.5637,-2.6243,91.8233,-0.2599,0.733,TAKEOFF,0.0000,0.0000,0.0000,0.0000
248353,gimbal,dynamic,91.3043,8.76,248.35,0.5719,-2.6246,91.8454,-0.2544,0.733,TAKEOFF,0.0000,0.0000,0.0000,0.0000
248353,gimbal,dynamic,91.3198,9.56,248.35,0.5786,-2.6260,91.8674,-0.2489,0.733,TAKEOFF,0.0000,0.0000,0.0000,0.0000
248353,gimbal,dynamic,91.3361,10.48,248.35,0.5843,-2.6285,91.8893,-0.2434,0.733,TAKEOFF,0.0000,0.0000,0.0000,0.0000
248353,gimbal,dynamic,91.3545,11.43,248.35,0.5879,-2.6307,91.9111,-0.2380,0.733,TAKEOFF,0.0000,0.0000,0.0000,0.0000
248353,gimbal,dynamic,91.3744,12.31,248.35,0.5899,-2.6324,91.9327,-0.2325,0.733,TAKEOFF,0.0000,0.0000,0.0000,0.0000
248353,gimbal,dynamic,91.3955,13.05,248.35,0.5904,-2.6332,91.9543,-0.2272,0.733,TAKEOFF,0.0000,0.0000,0.0000,0.0000
248353,gimbal,dynamic,91.4174,13.60,248.35,0.5901,-2.6331,91.9757,-0.2218,0.733,TAKEOFF,0.0000,0.0000,0.0000,0.0000
248353,gimbal,dynamic,91.4399,13.96,248.35,0.5890,-2.6322,91.9970,-0.2165,0.733,TAKEOFF,0.0000,0.0000,0.0000,0.0000
248353,gimbal,dynamic,91.4633,14.13,248.35,0.5870,-2.6300,92.0183,-0.2112,0.733,TAKEOFF,0.0000,0.0000,0.0000,0.0000
248353,gimbal,dynamic,91.4866,14.16,248.35,0.5849,-2.6273,92.0394,-0.2059,0.733,TAKEOFF,0.0000,0.0000,0.0000,0.0000
248353,gimbal,dynamic,91.5105,14.07,248.35,0.5821,-2.6242,92.0605,-0.2006,0.733,TAKEOFF,0.0000,0.0000,0.0000,0.0000
248353,gimbal,dynamic,91.5347,13.90,248.35,0.5789,-2.6218,92.0814,-0.1954,0.733,TAKEOFF,0.0000,0.0000,0.0000,0.0000
248353,gimbal,dynamic,91.5590,13.71,248.35,0.5755,-2.6201,92.1023,-0.1902,0.733,TAKEOFF,0.0000,0.0000,0.0000,0.0000
248353,gimbal,dynamic,91.5830,13.50,248.35,0.5725,-2.6193,92.1231,-0.1850,0.733,TAKEOFF,0.0000,0.0000,0.0000,0.0000
248353,gimbal,dynamic,91.6066,13.32,248.35,0.5697,-2.6191,92.1438,-0.1798,0.733,TAKEOFF,0.0000,0.0000,0.0000,0.0000
248353,gimbal,dynamic,91.6294,13.18,248.35,0.5677,-2.6193,92.1645,-0.1746,0.733,TAKEOFF,0.0000,0.0000,0.0000,0.0000
248353,gimbal,dynamic,91.6523,13.10,248.35,0.5656,-2.6197,92.1851,-0.1695,0.733,TAKEOFF,0.0000,0.0000,0.0000,0.0000
248353,gimbal,dynamic,91.6749,13.07,248.35,0.5636,-2.6207,92.2056,-0.1643,0.733,TAKEOFF,0.0000,0.0000,0.0000,0.0000
248353,gimbal,dynamic,91.6974,13.08,248.35,0.5617,-2.6220,92.2260,-0.1592,0.733,TAKEOFF,0.0000,0.0000,0.0000,0.0000
248353,gimbal,dynamic,91.7196,13.13,248.35,0.5601,-2.6229,92.2464,-0.1541,0.733,TAKEOFF,0.0000,0.0000,0.0000,0.0000
248353,gimbal,dynamic,91.7414,13.21,248.35,0.5587,-2.6235,92.2668,-0.1490,0.733,TAKEOFF,0.0000,0.0000,0.0000,0.0000
248353,gimbal,dynamic,91.7629,13.30,248.35,0.5577,-2.6234,92.2871,-0.1440,0.733,TAKEOFF,0.0000,0.0000,0.0000,0.0000
248353,gimbal,dynamic,91.7843,13.39,248.35,0.5567,-2.6228,92.3073,-0.1389,0.733,TAKEOFF,0.0000,0.0000,0.0000,0.0000
248353,gimbal,dynamic,91.8055,13.48,248.35,0.5558,-2.6218,92.3275,-0.1338,0.733,TAKEOFF,0.0000,0.0000,0.0000,0.0000
248353,gimbal,dynamic,91.8268,13.56,248.35,0.5547,-2.6206,92.3477,-0.1288,0.733,TAKEOFF,0.0000,0.0000,0.0000,0.0000
248353,gimbal,dynamic,91.8479,13.63,248.35,0.5538,-2.6194,92.3678,-0.1238,0.733,TAKEOFF,0.0000,0.0000,0.0000,0.0000
248353,gimbal,dynamic,91.8685,13.68,248.35,0.5534,-2.6181,92.3879,-0.1187,0.733,TAKEOFF,0.0000,0.0000,0.0000,0.0000
248353,gimbal,dynamic,91.8886,13.71,248.35,0.5535,-2.6162,92.4080,-0.1137,0.733,TAKEOFF,0.0000,0.0000,0.0000,0.0000
248353,gimbal,dynamic,91.9081,13.74,248.35,0.5541,-2.6142,92.4280,-0.1087,0.733,TAKEOFF,0.0000,0.0000,0.0000,0.0000
248353,gimbal,dynamic,91.9275,13.75,248.35,0.5549,-2.6122,92.4481,-0.1037,0.733,TAKEOFF,0.0000,0.0000,0.0000,0.0000
248353,gimbal,dynamic,91.9462,13.75,248.35,0.5562,-2.6100,92.4681,-0.0987,0.733,TAKEOFF,0.0000,0.0000,0.0000,0.0000
248353,gimbal,dynamic,91.9648,13.75,248.35,0.5577,-2.6077,92.4881,-0.0937,0.733,TAKEOFF,0.0000,0.0000,0.0000,0.0000
248353,gimbal,dynamic,91.9835,13.74,248.35,0.5591,-2.6053,92.5081,-0.0887,0.733,TAKEOFF,0.0000,0.0000,0.0000,0.0000
248353,gimbal,dynamic,92.0030,13.74,248.35,0.5596,-2.6028,92.5281,-0.0837,0.733,TAKEOFF,0.0000,0.0000,0.0000,0.0000
248353,gimbal,dynamic,92.0227,13.74,248.35,0.5600,-2.6001,92.5481,-0.0787,0.733,TAKEOFF,0.0000,0.0000,0.0000,0.0000
248353,gimbal,dynamic,92.0414,13.74,248.35,0.5613,-2.5969,92.5681,-0.0737,0.733,TAKEOFF,0.0000,0.0000,0.0000,0.0000
248353,gimbal,dynamic,92.0600,13.74,248.35,0.5627,-2.5941,92.5881,-0.0687,0.733,TAKEOFF,0.0000,0.0000,0.0000,0.0000
248353,gimbal,dynamic,92.0791,13.75,248.35,0.5638,-2.5928,92.6082,-0.0637,0.733,TAKEOFF,0.0000,0.0000,0.0000,0.0000
248353,gimbal,dynamic,92.0986,13.77,248.35,0.5645,-2.5927,92.6282,-0.0587,0.733,TAKEOFF,0.0000,0.0000,0.0000,0.0000
248353,gimbal,dynamic,92.1185,13.78,248.35,0.5648,-2.5940,92.6483,-0.0537,0.733,TAKEOFF,0.0000,0.0000,0.0000,0.0000
248353,gimbal,dynamic,92.1386,13.80,248.35,0.5650,-2.5964,92.6684,-0.0486,0.733,TAKEOFF,0.0000,0.0000,0.0000,0.0000
248353,gimbal,dynamic,92.1589,13.82,248.35,0.5650,-2.5999,92.6885,-0.0436,0.733,TAKEOFF,0.0000,0.0000,0.0000,0.0000
248353,gimbal,dynamic,92.1799,13.84,248.35,0.5645,-2.6038,92.7087,-0.0386,0.733,TAKEOFF,0.0000,0.0000,0.0000,0.0000
248353,gimbal,dynamic,92.2014,13.86,248.35,0.5634,-2.6075,92.7289,-0.0335,0.733,TAKEOFF,0.0000,0.0000,0.0000,0.0000
248353,gimbal,dynamic,92.2233,13.87,248.35,0.5620,-2.6123,92.7491,-0.0285,0.733,TAKEOFF,0.0000,0.0000,0.0000,0.0000
248353,gimbal,dynamic,92.2455,13.89,248.35,0.5604,-2.6169,92.7694,-0.0234,0.733,TAKEOFF,0.0000,0.0000,0.0000,0.0000
248353,gimbal,dynamic,92.2685,13.90,248.35,0.5580,-2.6213,92.7897,-0.0183,0.733,TAKEOFF,0.0000,0.0000,0.0000,0.0000
248353,gimbal,dynamic,92.2923,13.91,248.35,0.5547,-2.6252,92.8101,-0.0132,0.733,TAKEOFF,0.0000,0.0000,0.0000,0.0000
248353,gimbal,dynamic,92.3161,13.91,248.35,0.5516,-2.6278,92.8305,-0.0081,0.733,TAKEOFF,0.0000,0.0000,0.0000,0.0000
248353,gimbal,dynamic,92.3392,13.91,248.35,0.5492,-2.6289,92.8510,-0.0030,0.733,TAKEOFF,0.0000,0.0000,0.0000,0.0000
248353,gimbal,dynamic,92.3619,13.91,248.35,0.5471,-2.6288,92.8716,0.0022,0.733,TAKEOFF,0.0000,0.0000,0.0000,0.0000
248353,gimbal,dynamic,92.3841,12.57,248.35,0.5458,-2.6282,92.8922,0.0071,0.733,TAKEOFF,0.0000,0.0000,0.0000,0.0000
248353,gimbal,dynamic,92.4057,9.97,248.35,0.5448,-2.6271,92.9129,0.0111,0.733,TAKEOFF,0.0000,0.0000,0.0000,0.0000
248353,gimbal,dynamic,92.4267,7.32,248.35,0.5447,-2.6257,92.9337,0.0142,0.733,TAKEOFF,0.0000,0.0000,0.0000,0.0000
248353,gimbal,dynamic,92.4469,4.64,248.35,0.5454,-2.6245,92.9546,0.0162,0.733,TAKEOFF,0.0000,0.0000,0.0000,0.0000
248353,gimbal,dynamic,92.4665,1.94,248.35,0.5468,-2.6238,92.9755,0.0173,0.733,TAKEOFF,0.0000,0.0000,0.0000,0.0000
248353,gimbal,dynamic,92.4855,-0.76,248.35,0.5487,-2.6235,92.9965,0.0174,0.733,TAKEOFF,0.0000,0.0000,0.0000,0.0000
248353,gimbal,dynamic,92.5036,-3.45,248.35,0.5517,-2.6237,93.0177,0.0165,0.733,TAKEOFF,0.0000,0.0000,0.0000,0.0000
248353,gimbal,dynamic,92.5212,-6.10,248.35,0.5553,-2.6250,93.0389,0.0146,0.733,TAKEOFF,0.0000,0.0000,0.0000,0.0000
248353,gimbal,dynamic,92.5387,-8.69,248.35,0.5591,-2.6266,93.0602,0.0117,0.733,TAKEOFF,0.0000,0.0000,0.0000,0.0000
248353,gimbal,dynamic,92.5550,-11.22,248.35,0.5641,-2.6284,93.0816,0.0078,0.733,TAKEOFF,0.0000,0.0000,0.0000,0.0000
248353,gimbal,dynamic,92.5716,-13.67,248.35,0.5690,-2.6304,93.1031,0.0029,0.733,TAKEOFF,0.0000,0.0000,0.0000,0.0000
248353,gimbal,dynamic,92.5887,-14.09,248.35,0.5734,-2.6330,93.1247,-0.0025,0.733,TAKEOFF,0.0000,0.0000,0.0000,0.0000
248353,gimbal,dynamic,92.6064,-14.09,248.35,0.5773,-2.6358,93.1465,-0.0079,0.733,TAKEOFF,0.0000,0.0000,0.0000,0.0000
248353,gimbal,dynamic,92.6249,-14.09,248.35,0.5806,-2.6376,93.1683,-0.0134,0.733,TAKEOFF,0.0000,0.0000,0.0000,0.0000
248353,gimbal,dynamic,92.6434,-14.09,248.35,0.5839,-2.6382,93.1903,-0.0189,0.733,TAKEOFF,0.0000,0.0000,0.0000,0.0000
248353,gimbal,dynamic,92.6620,-14.10,248.35,0.5872,-2.6374,93.2123,-0.0244,0.733,TAKEOFF,0.0000,0.0000,0.0000,0.0000
248353,gimbal,dynamic,92.6805,-14.11,248.35,0.5907,-2.6356,93.2346,-0.0300,0.733,TAKEOFF,0.0000,0.0000,0.0000,0.0000
248353,gimbal,dynamic,92.6989,-14.11,248.35,0.5944,-2.6332,93.2569,-0.0356,0.733,TAKEOFF,0.0000,0.0000,0.0000,0.0000
248353,gimbal,dynamic,92.7177,-14.12,248.35,0.5978,-2.6305,93.2794,-0.0412,0.733,TAKEOFF,0.0000,0.0000,0.0000,0.0000
248353,gimbal,dynamic,92.7363,-14.12,248.35,0.6015,-2.6273,93.3020,-0.0468,0.733,TAKEOFF,0.0000,0.0000,0.0000,0.0000
248353,gimbal,dynamic,92.7556,-14.12,248.35,0.6048,-2.6246,93.3247,-0.0525,0.733,TAKEOFF,0.0000,0.0000,0.0000,0.0000
248353,gimbal,dynamic,92.7748,-14.12,248.35,0.6082,-2.6221,93.3476,-0.0582,0.733,TAKEOFF,0.0000,0.0000,0.0000,0.0000
248353,gimbal,dynamic,92.7946,-14.11,248.35,0.6112,-2.6204,93.3706,-0.0640,0.733,TAKEOFF,0.0000,0.0000,0.0000,0.0000
248353,gimbal,dynamic,92.8144,-14.11,248.35,0.6143,-2.6185,93.3937,-0.0698,0.733,TAKEOFF,0.0000,0.0000,0.0000,0.0000
248353,gimbal,dynamic,92.8348,-14.10,248.35,0.6171,-2.6169,93.4170,-0.0756,0.733,TAKEOFF,0.0000,0.0000,0.0000,0.0000
248353,gimbal,dynamic,92.8557,-14.09,248.35,0.6194,-2.6155,93.4405,-0.0815,0.733,TAKEOFF,0.0000,0.0000,0.0000,0.0000
248353,gimbal,dynamic,92.8772,-14.09,248.35,0.6213,-2.6150,93.4641,-0.0874,0.733,TAKEOFF,0.0000,0.0000,0.0000,0.0000
248353,gimbal,dynamic,92.8998,-14.08,248.35,0.6223,-2.6154,93.4879,-0.0933,0.733,TAKEOFF,0.0000,0.0000,0.0000,0.0000
248353,gimbal,dynamic,92.9241,-14.08,248.35,0.6218,-2.6159,93.5118,-0.0993,0.733,TAKEOFF,0.0000,0.0000,0.0000,0.0000
248353,gimbal,dynamic,92.9497,-14.08,248.35,0.6201,-2.6163,93.5359,-0.1053,0.733,TAKEOFF,0.0000,0.0000,0.0000,0.0000
248353,gimbal,dynamic,92.9760,-14.08,248.35,0.6178,-2.6164,93.5601,-0.1114,0.733,TAKEOFF,0.0000,0.0000,0.0000,0.0000
248353,gimbal,dynamic,93.0026,-14.08,248.35,0.6155,-2.6160,93.5845,-0.1175,0.733,TAKEOFF,0.0000,0.0000,0.0000,0.0000
248353,gimbal,dynamic,93.0289,-14.09,248.35,0.6136,-2.6148,93.6091,-0.1236,0.733,TAKEOFF,0.0000,0.0000,0.0000,0.0000
248353,gimbal,dynamic,93.0543,-14.10,248.35,0.6127,-2.6131,93.6339,-0.1298,0.733,TAKEOFF,0.0000,0.0000,0.0000,0.0000
248353,gimbal,dynamic,93.0791,-14.11,248.35,0.6125,-2.6111,93.6588,-0.1360,0.733,TAKEOFF,0.0000,0.0000,0.0000,0.0000
248353,gimbal,dynamic,93.1042,-14.11,248.35,0.6124,-2.6081,93.6839,-0.1423,0.733,TAKEOFF,0.0000,0.0000,0.0000,0.0000
248353,gimbal,dynamic,93.1297,-14.12,248.35,0.6118,-2.6048,93.7091,-0.1486,0.733,TAKEOFF,0.0000,0.0000,0.0000,0.0000
248353,gimbal,dynamic,93.1563,-14.12,248.35,0.6104,-2.6018,93.7346,-0.1550,0.733,TAKEOFF,0.0000,0.0000,0.0000,0.0000
248353,gimbal,dynamic,93.1839,-14.12,248.35,0.6082,-2.6000,93.7602,-0.1614,0.733,TAKEOFF,0.0000,0.0000,0.0000,0.0000
248353,gimbal,dynamic,93.2125,-14.12,248.35,0.6052,-2.5994,93.7860,-0.1678,0.733,TAKEOFF,0.0000,0.0000,0.0000,0.0000
248353,gimbal,dynamic,93.2417,-14.11,248.35,0.6018,-2.5996,93.8120,-0.1743,0.733,TAKEOFF,0.0000,0.0000,0.0000,0.0000
248353,gimbal,dynamic,93.2715,-14.11,248.35,0.5980,-2.6001,93.8381,-0.1809,0.733,TAKEOFF,0.0000,0.0000,0.0000,0.0000
248353,gimbal,dynamic,93.3009,-14.11,248.35,0.5948,-2.6009,93.8645,-0.1875,0.733,TAKEOFF,0.0000,0.0000,0.0000,0.0000
248353,gimbal,dynamic,93.3307,-14.10,248.35,0.5914,-2.6023,93.8910,-0.1941,0.733,TAKEOFF,0.0000,0.0000,0.0000,0.0000
248353,gimbal,dynamic,93.3607,-14.10,248.35,0.5880,-2.6036,93.9178,-0.2008,0.733,TAKEOFF,0.0000,0.0000,0.0000,0.0000
248353,gimbal,dynamic,93.3911,-14.09,248.35,0.5843,-2.6049,93.9447,-0.2075,0.733,TAKEOFF,0.0000,0.0000,0.0000,0.0000
248353,gimbal,dynamic,93.4214,-14.09,248.35,0.5810,-2.6066,93.9718,-0.2143,0.733,TAKEOFF,0.0000,0.0000,0.0000,0.0000
248353,gimbal,dynamic,93.4518,-14.09,248.35,0.5778,-2.6089,93.9991,-0.2211,0.733,TAKEOFF,0.0000,0.0000,0.0000,0.0000
248353,gimbal,dynamic,93.4821,-14.09,248.35,0.5748,-2.6116,94.0266,-0.2280,0.733,TAKEOFF,0.0000,0.0000,0.0000,0.0000
248353,gimbal,dynamic,93.5117,-14.09,248.35,0.5728,-2.6142,94.0543,-0.2349,0.733,TAKEOFF,0.0000,0.0000,0.0000,0.0000
248353,gimbal,dynamic,93.5410,-14.08,248.35,0.5713,-2.6168,94.0822,-0.2419,0.733,TAKEOFF,0.0000,0.0000,0.0000,0.0000
248353,gimbal,dynamic,93.5707,-14.08,248.35,0.5696,-2.6198,94.1102,-0.2489,0.733,TAKEOFF,0.0000,0.0000,0.0000,0.0000
248353,gimbal,dynamic,93.6000,-14.08,248.35,0.5685,-2.6229,94.1385,-0.2560,0.733,TAKEOFF,0.0000,0.0000,0.0000,0.0000
248353,gimbal,dynamic,93.6285,-14.08,248.35,0.5683,-2.6263,94.1670,-0.2631,0.733,TAKEOFF,0.0000,0.0000,0.0000,0.0000
248353,gimbal,dynamic,93.6567,-14.09,248.35,0.5687,-2.6297,94.1957,-0.2702,0.733,TAKEOFF,0.0000,0.0000,0.0000,0.0000
248353,gimbal,dynamic,93.6844,-14.09,248.35,0.5698,-2.6318,94.2245,-0.2775,0.733,TAKEOFF,0.0000,0.0000,0.0000,0.0000
248353,gimbal,dynamic,93.7120,-14.09,248.35,0.5710,-2.6330,94.2536,-0.2847,0.733,TAKEOFF,0.0000,0.0000,0.0000,0.0000
248353,gimbal,dynamic,93.7396,-14.09,248.35,0.5725,-2.6332,94.2829,-0.2920,0.733,TAKEOFF,0.0000,0.0000,0.0000,0.0000
248353,gimbal,dynamic,93.7671,-14.10,248.35,0.5742,-2.6330,94.3123,-0.2994,0.733,TAKEOFF,0.0000,0.0000,0.0000,0.0000
248353,gimbal,dynamic,93.7938,-14.10,248.35,0.5770,-2.6324,94.3420,-0.3068,0.733,TAKEOFF,0.0000,0.0000,0.0000,0.0000
248353,gimbal,dynamic,93.8202,-14.10,248.35,0.5802,-2.6321,94.3719,-0.3143,0.733,TAKEOFF,0.0000,0.0000,0.0000,0.0000
248353,gimbal,dynamic,93.8472,-14.10,248.35,0.5831,-2.6320,94.4019,-0.3218,0.733,TAKEOFF,0.0000,0.0000,0.0000,0.0000
248353,gimbal,dynamic,93.8752,-14.10,248.35,0.5852,-2.6322,94.4322,-0.3294,0.733,TAKEOFF,0.0000,0.0000,0.0000,0.0000
248353,gimbal,dynamic,93.9037,-14.10,248.35,0.5870,-2.6329,94.4627,-0.3370,0.733,TAKEOFF,0.0000,0.0000,0.0000,0.0000
248353,gimbal,dynamic,93.9330,-14.09,248.35,0.5883,-2.6332,94.4933,-0.3447,0.733,TAKEOFF,0.0000,0.0000,0.0000,0.0000
248353,gimbal,dynamic,93.9631,-14.09,248.35,0.5888,-2.6331,94.5242,-0.3524,0.733,TAKEOFF,0.0000,0.0000,0.0000,0.0000
248353,gimbal,dynamic,93.9951,-14.09,248.35,0.5877,-2.6345,94.5553,-0.3601,0.733,TAKEOFF,0.0000,0.0000,0.0000,0.0000
248353,gimbal,dynamic,94.0277,-14.09,248.35,0.5862,-2.6359,94.5865,-0.3680,0.733,TAKEOFF,0.0000,0.0000,0.0000,0.0000
248353,gimbal,dynamic,94.0602,-14.09,248.35,0.5849,-2.6367,94.6180,-0.3758,0.733,TAKEOFF,0.0000,0.0000,0.0000,0.0000
248353,gimbal,dynamic,94.0929,-14.09,248.35,0.5837,-2.6373,94.6496,-0.3837,0.733,TAKEOFF,0.0000,0.0000,0.0000,0.0000
248353,gimbal,dynamic,94.1252,-14.09,248.35,0.5832,-2.6385,94.6815,-0.3917,0.733,TAKEOFF,0.0000,0.0000,0.0000,0.0000
248353,gimbal,dynamic,94.1573,-14.09,248.35,0.5829,-2.6403,94.7135,-0.3997,0.733,TAKEOFF,0.0000,0.0000,0.0000,0.0000
248353,gimbal,dynamic,94.1895,-13.67,248.35,0.5828,-2.6421,94.7458,-0.4077,0.733,TAKEOFF,0.0000,0.0000,0.0000,0.0000
248353,gimbal,dynamic,94.2217,-11.98,248.35,0.5829,-2.6435,94.7782,-0.4149,0.733,TAKEOFF,0.0000,0.0000,0.0000,0.0000
248353,gimbal,dynamic,94.2542,-10.29,248.35,0.5829,-2.6443,94.8109,-0.4211,0.733,TAKEOFF,0.0000,0.0000,0.0000,0.0000
248353,gimbal,dynamic,94.2875,-8.59,248.35,0.5823,-2.6441,94.8437,-0.4264,0.733,TAKEOFF,0.0000,0.0000,0.0000,0.0000
248353,gimbal,dynamic,94.3214,-6.88,248.35,0.5813,-2.6426,94.8767,-0.4306,0.733,TAKEOFF,0.0000,0.0000,0.0000,0.0000
248353,gimbal,dynamic,94.3554,-5.18,248.35,0.5804,-2.6403,94.9099,-0.4339,0.733,TAKEOFF,0.0000,0.0000,0.0000,0.0000
248353,gimbal,dynamic,94.3886,-3.49,248.35,0.5804,-2.6369,94.9433,-0.4362,0.733,TAKEOFF,0.0000,0.0000,0.0000,0.0000
248353,gimbal,dynamic,94.4219,-1.81,248.35,0.5806,-2.6332,94.9769,-0.4376,0.733,TAKEOFF,0.0000,0.0000,0.0000,0.0000
248353,gimbal,dynamic,94.4557,-0.15,248.35,0.5804,-2.6297,95.0107,-0.4380,0.733,TAKEOFF,0.0000,0.0000,0.0000,0.0000
248353,gimbal,dynamic,94.4900,1.48,248.35,0.5800,-2.6258,95.0446,-0.4373,0.733,TAKEOFF,0.0000,0.0000,0.0000,0.0000
248353,gimbal,dynamic,94.5243,3.08,248.35,0.5798,-2.6216,95.0788,-0.4358,0.733,TAKEOFF,0.0000,0.0000,0.0000,0.0000
248353,gimbal,dynamic,94.5592,4.65,248.35,0.5792,-2.6177,95.1131,-0.4332,0.733,TAKEOFF,0.0000,0.0000,0.0000,0.0000
248353,gimbal,dynamic,94.5946,6.17,248.35,0.5782,-2.6138,95.1476,-0.4298,0.733,TAKEOFF,0.0000,0.0000,0.0000,0.0000
248353,gimbal,dynamic,94.6303,7.65,248.35,0.5772,-2.6106,95.1823,-0.4254,0.733,TAKEOFF,0.0000,0.0000,0.0000,0.0000
248353,gimbal,dynamic,94.6663,9.08,248.35,0.5761,-2.6082,95.2171,-0.4200,0.733,TAKEOFF,0.0000,0.0000,0.0000,0.0000
248353,gimbal,dynamic,94.7026,10.46,248.35,0.5749,-2.6063,95.2522,-0.4138,0.733,TAKEOFF,0.0000,0.0000,0.0000,0.0000
248353,gimbal,dynamic,94.7389,11.79,248.35,0.5740,-2.6050,95.2874,-0.4067,0.733,TAKEOFF,0.0000,0.0000,0.0000,0.0000
248353,gimbal,dynamic,94.7747,13.07,248.35,0.5737,-2.6042,95.3227,-0.3987,0.733,TAKEOFF,0.0000,0.0000,0.0000,0.0000
248353,gimbal,dynamic,94.8103,13.94,248.35,0.5738,-2.6037,95.3583,-0.3899,0.733,TAKEOFF,0.0000,0.0000,0.0000,0.0000
248353,gimbal,dynamic,94.8460,13.94,248.35,0.5740,-2.6038,95.3940,-0.3810,0.733,TAKEOFF,0.0000,0.0000,0.0000,0.0000
248353,gimbal,dynamic,94.8820,13.94,248.35,0.5740,-2.6036,95.4298,-0.3720,0.733,TAKEOFF,0.0000,0.0000,0.0000,0.0000
248353,gimbal,dynamic,94.9183,13.94,248.35,0.5740,-2.6033,95.4658,-0.3630,0.733,TAKEOFF,0.0000,0.0000,0.0000,0.0000
248353,gimbal,dynamic,94.9549,13.94,248.35,0.5738,-2.6034,95.5020,-0.3539,0.733,TAKEOFF,0.0000,0.0000,0.0000,0.0000
248353,gimbal,dynamic,94.9915,13.94,248.35,0.5737,-2.6033,95.5384,-0.3449,0.733,TAKEOFF,0.0000,0.0000,0.0000,0.0000
248353,gimbal,dynamic,95.0277,13.94,248.35,0.5742,-2.6031,95.5749,-0.3357,0.733,TAKEOFF,0.0000,0.0000,0.0000,0.0000
248353,gimbal,dynamic,95.0637,13.94,248.35,0.5750,-2.6033,95.6115,-0.3266,0.733,TAKEOFF,0.0000,0.0000,0.0000,0.0000
248353,gimbal,dynamic,95.0998,13.94,248.35,0.5760,-2.6036,95.6483,-0.3174,0.733,TAKEOFF,0.0000,0.0000,0.0000,0.0000
248353,gimbal,dynamic,95.1359,13.94,248.35,0.5771,-2.6036,95.6852,-0.3081,0.733,TAKEOFF,0.0000,0.0000,0.0000,0.0000
248353,gimbal,dynamic,95.1720,13.94,248.35,0.5782,-2.6036,95.7223,-0.2989,0.733,TAKEOFF,0.0000,0.0000,0.0000,0.0000
248353,gimbal,dynamic,95.2084,13.94,248.35,0.5792,-2.6036,95.7595,-0.2896,0.733,TAKEOFF,0.0000,0.0000,0.0000,0.0000
248353,gimbal,dynamic,95.2454,13.94,248.35,0.5799,-2.6036,95.7969,-0.2802,0.733,TAKEOFF,0.0000,0.0000,0.0000,0.0000
248353,gimbal,dynamic,95.2826,13.94,248.35,0.5803,-2.6038,95.8344,-0.2709,0.733,TAKEOFF,0.0000,0.0000,0.0000,0.0000
248353,gimbal,dynamic,95.3205,13.94,248.35,0.5803,-2.6045,95.8720,-0.2615,0.733,TAKEOFF,0.0000,0.0000,0.0000,0.0000
248353,gimbal,dynamic,95.3591,13.94,248.35,0.5797,-2.6054,95.9098,-0.2520,0.733,TAKEOFF,0.0000,0.0000,0.0000,0.0000
248353,gimbal,dynamic,95.3978,13.93,248.35,0.5791,-2.6061,95.9476,-0.2425,0.733,TAKEOFF,0.0000,0.0000,0.0000,0.0000
248353,gimbal,dynamic,95.4366,13.93,248.35,0.5786,-2.6068,95.9856,-0.2331,0.733,TAKEOFF,0.0000,0.0000,0.0000,0.0000
248353,gimbal,dynamic,95.4750,13.93,248.35,0.5784,-2.6069,96.0237,-0.2235,0.733,TAKEOFF,0.0000,0.0000,0.0000,0.0000
248353,gimbal,dynamic,95.5139,13.93,248.35,0.5781,-2.6064,96.0620,-0.2140,0.733,TAKEOFF,0.0000,0.0000,0.0000,0.0000
248353,gimbal,dynamic,95.5527,13.93,248.35,0.5778,-2.6056,96.1003,-0.2044,0.733,TAKEOFF,0.0000,0.0000,0.0000,0.0000
248353,gimbal,dynamic,95.5913,13.93,248.35,0.5778,-2.6044,96.1388,-0.1948,0.733,TAKEOFF,0.0000,0.0000,0.0000,0.0000
248353,gimbal,dynamic,95.6296,13.93,248.35,0.5783,-2.6030,96.1773,-0.1851,0.733,TAKEOFF,0.0000,0.0000,0.0000,0.0000
248353,gimbal,dynamic,95.6679,13.93,248.35,0.5788,-2.6013,96.2160,-0.1755,0.733,TAKEOFF,0.0000,0.0000,0.0000,0.0000
248353,gimbal,dynamic,95.7066,13.93,248.35,0.5790,-2.5994,96.2547,-0.1658,0.733,TAKEOFF,0.0000,0.0000,0.0000,0.0000
248353,gimbal,dynamic,95.7456,13.93,248.35,0.5791,-2.5977,96.2936,-0.1561,0.733,TAKEOFF,0.0000,0.0000,0.0000,0.0000
248353,gimbal,dynamic,95.7853,13.93,248.35,0.5786,-2.5961,96.3325,-0.1463,0.733,TAKEOFF,0.0000,0.0000,0.0000,0.0000
248353,gimbal,dynamic,95.8254,13.93,248.35,0.5777,-2.5954,96.3716,-0.1366,0.733,TAKEOFF,0.0000,0.0000,0.0000,0.0000
248353,gimbal,dynamic,95.8657,13.93,248.35,0.5768,-2.5953,96.4107,-0.1268,0.733,TAKEOFF,0.0000,0.0000,0.0000,0.0000
248353,gimbal,dynamic,95.9056,13.93,248.35,0.5763,-2.5960,96.4499,-0.1170,0.733,TAKEOFF,0.0000,0.0000,0.0000,0.0000
248353,gimbal,dynamic,95.9443,13.93,248.35,0.5771,-2.5967,96.4891,-0.1072,0.733,TAKEOFF,0.0000,0.0000,0.0000,0.0000
248353,gimbal,dynamic,95.9817,13.93,248.35,0.5793,-2.5975,96.5285,-0.0973,0.733,TAKEOFF,0.0000,0.0000,0.0000,0.0000
248353,gimbal,dynamic,96.0192,13.93,248.35,0.5815,-2.5981,96.5679,-0.0875,0.733,TAKEOFF,0.0000,0.0000,0.0000,0.0000
248353,gimbal,dynamic,96.0573,13.93,248.35,0.5831,-2.5983,96.6074,-0.0776,0.733,TAKEOFF,0.0000,0.0000,0.0000,0.0000
248353,gimbal,dynamic,96.0958,13.93,248.35,0.5845,-2.5986,96.6469,-0.0677,0.733,TAKEOFF,0.0000,0.0000,0.0000,0.0000
248353,gimbal,dynamic,96.1341,13.93,248.35,0.5860,-2.5988,96.6865,-0.0578,0.733,TAKEOFF,0.0000,0.0000,0.0000,0.0000
248353,gimbal,dynamic,96.1729,13.93,248.35,0.5871,-2.5992,96.7262,-0.0479,0.733,TAKEOFF,0.0000,0.0000,0.0000,0.0000
248353,gimbal,dynamic,96.2123,13.93,248.35,0.5877,-2.5998,96.7659,-0.0380,0.733,TAKEOFF,0.0000,0.0000,0.0000,0.0000
248353,gimbal,dynamic,96.2519,13.93,248.35,0.5881,-2.6002,96.8056,-0.0281,0.733,TAKEOFF,0.0000,0.0000,0.0000,0.0000
248353,gimbal,dynamic,96.2913,13.93,248.35,0.5887,-2.5999,96.8454,-0.0181,0.733,TAKEOFF,0.0000,0.0000,0.0000,0.0000
248353,gimbal,dynamic,96.3300,13.93,248.35,0.5901,-2.5990,96.8852,-0.0081,0.733,TAKEOFF,0.0000,0.0000,0.0000,0.0000
248353,gimbal,dynamic,96.3684,13.93,248.35,0.5918,-2.5983,96.9251,0.0018,0.733,TAKEOFF,0.0000,0.0000,0.0000,0.0000
248353,gimbal,dynamic,96.4071,13.93,248.35,0.5932,-2.5982,96.9650,0.0118,0.733,TAKEOFF,0.0000,0.0000,0.0000,0.0000
248353,gimbal,dynamic,96.4464,13.93,248.35,0.5941,-2.5983,97.0049,0.0218,0.733,TAKEOFF,0.0000,0.0000,0.0000,0.0000
248353,gimbal,dynamic,96.4861,13.93,248.35,0.5946,-2.5984,97.0449,0.0318,0.733,TAKEOFF,0.0000,0.0000,0.0000,0.0000
248353,gimbal,dynamic,96.5264,13.93,248.35,0.5946,-2.5982,97.0848,0.0418,0.733,TAKEOFF,0.0000,0.0000,0.0000,0.0000
248353,gimbal,dynamic,96.5674,13.93,248.35,0.5938,-2.5978,97.1248,0.0517,0.733,TAKEOFF,0.0000,0.0000,0.0000,0.0000
248353,gimbal,dynamic,96.6090,13.36,248.35,0.5925,-2.5975,97.1648,0.0615,0.733,TAKEOFF,0.0000,0.0000,0.0000,0.0000
248353,gimbal,dynamic,96.6506,12.32,248.35,0.5910,-2.5975,97.2048,0.0706,0.733,TAKEOFF,0.0000,0.0000,0.0000,0.0000
287967,gimbal,dynamic,96.6924,11.26,287.97,0.5894,-2.5977,97.2448,0.0789,0.883,IDLE,0.0000,0.0000,0.0000,0.0000
288067,gimbal,dynamic,96.7344,10.17,288.07,0.5877,-2.5974,97.2848,0.0865,0.884,IDLE,0.0000,0.0000,0.0000,0.0000
288167,gimbal,dynamic,96.7769,9.06,288.17,0.5853,-2.5969,97.3248,0.0932,0.884,IDLE,0.0000,0.0000,0.0000,0.0000
288267,gimbal,dynamic,96.8197,7.93,288.27,0.5826,-2.5963,97.3648,0.0991,0.884,IDLE,0.0000,0.0000,0.0000,0.0000
288367,gimbal,dynamic,96.8624,6.79,288.37,0.5800,-2.5961,97.4047,0.1042,0.884,IDLE,0.0000,0.0000,0.0000,0.0000
288467,gimbal,dynamic,96.9046,5.63,288.47,0.5778,-2.5961,97.4447,0.1085,0.884,IDLE,0.0000,0.0000,0.0000,0.0000
288567,gimbal,dynamic,96.9458,4.46,288.57,0.5767,-2.5960,97.4846,0.1120,0.884,IDLE,0.0000,0.0000,0.0000,0.0000
288667,gimbal,dynamic,96.9862,3.29,288.67,0.5762,-2.5957,97.5245,0.1147,0.884,IDLE,0.0000,0.0000,0.0000,0.0000
288767,gimbal,dynamic,97.0266,2.11,288.77,0.5757,-2.5951,97.5644,0.1165,0.884,IDLE,0.0000,0.0000,0.0000,0.0000
288867,gimbal,dynamic,97.0671,0.93,288.87,0.5750,-2.5942,97.6043,0.1175,0.884,IDLE,0.0000,0.0000,0.0000,0.0000
288967,gimbal,dynamic,97.1077,-0.25,288.97,0.5742,-2.5932,97.6441,0.1177,0.884,IDLE,0.0000,0.0000,0.0000,0.0000
289067,gimbal,dynamic,97.1487,-1.42,289.07,0.5729,-2.5930,97.6838,0.1170,0.884,IDLE,0.0000,0.0000,0.0000,0.0000
289167,gimbal,dynamic,97.1897,-2.58,289.17,0.5716,-2.5938,97.7236,0.1156,0.884,IDLE,0.0000,0.0000,0.0000,0.0000
289267,gimbal,dynamic,97.2313,-3.73,289.27,0.5697,-2.5953,97.7632,0.1134,0.883,IDLE,0.0000,0.0000,0.0000,0.0000
289367,gimbal,dynamic,97.2734,-4.87,289.37,0.5671,-2.5962,97.8029,0.1104,0.883,IDLE,0.0000,0.0000,0.0000,0.0000
289467,gimbal,dynamic,97.3153,-5.98,289.47,0.5647,-2.5963,97.8424,0.1066,0.883,IDLE,0.0000,0.0000,0.0000,0.0000
289567,gimbal,dynamic,97.3569,-7.07,289.57,0.5624,-2.5964,97.8819,0.1020,0.883,IDLE,0.0000,0.0000,0.0000,0.0000
289667,gimbal,dynamic,97.3982,-8.14,289.67,0.5604,-2.5961,97.9214,0.0967,0.883,IDLE,0.0000,0.0000,0.0000,0.0000
289767,gimbal,dynamic,97.4388,-9.18,289.77,0.5590,-2.5962,97.9607,0.0907,0.883,IDLE,0.0000,0.0000,0.0000,0.0000
289867,gimbal,dynamic,97.4784,-10.20,289.87,0.5585,-2.5964,98.0000,0.0839,0.883,IDLE,0.0000,0.0000,0.0000,0.0000
289967,gimbal,dynamic,97.5174,-11.18,289.97,0.5585,-2.5964,98.0393,0.0765,0.883,IDLE,0.0000,0.0000,0.0000,0.0000
290067,gimbal,dynamic,97.5555,-12.13,290.07,0.5593,-2.5963,98.0784,0.0684,0.883,IDLE,0.0000,0.0000,0.0000,0.0000
290167,gimbal,dynamic,97.5931,-13.05,290.17,0.5605,-2.5959,98.1175,0.0596,0.883,IDLE,0.0000,0.0000,0.0000,0.0000
290267,gimbal,dynamic,97.6310,-13.93,290.27,0.5613,-2.5949,98.1565,0.0503,0.883,IDLE,0.0000,0.0000,0.0000,0.0000
290367,gimbal,dynamic,97.6690,-14.17,290.37,0.5618,-2.5933,98.1954,0.0405,0.883,IDLE,0.0000,0.0000,0.0000,0.0000
290467,gimbal,dynamic,97.7073,-14.17,290.47,0.5620,-2.5912,98.2342,0.0308,0.883,IDLE,0.0000,0.0000,0.0000,0.0000
290567,gimbal,dynamic,97.7460,-14.17,290.57,0.5617,-2.5889,98.2728,0.0212,0.883,IDLE,0.0000,0.0000,0.0000,0.0000
290667,gimbal,dynamic,97.7847,-14.17,290.67,0.5613,-2.5868,98.3114,0.0115,0.882,IDLE,0.0000,0.0000,0.0000,0.0000
290767,gimbal,dynamic,97.8236,-14.17,290.77,0.5606,-2.5844,98.3499,0.0019,0.882,IDLE,0.0000,0.0000,0.0000,0.0000
290867,gimbal,dynamic,97.8625,-14.17,290.87,0.5597,-2.5818,98.3883,-0.0077,0.882,IDLE,0.0000,0.0000,0.0000,0.0000
290967,gimbal,dynamic,97.9007,-14.17,290.97,0.5594,-2.5785,98.4266,-0.0173,0.883,IDLE,0.0000,0.0000,0.0000,0.0000
291067,gimbal,dynamic,97.9382,-14.17,291.07,0.5597,-2.5752,98.4648,-0.0268,0.883,IDLE,0.0000,0.0000,0.0000,0.0000
291167,gimbal,dynamic,97.9749,-14.17,291.17,0.5608,-2.5721,98.5028,-0.0363,0.883,IDLE,0.0000,0.0000,0.0000,0.0000
291267,gimbal,dynamic,98.0115,-14.17,291.27,0.5618,-2.5696,98.5407,-0.0458,0.883,IDLE,0.0000,0.0000,0.0000,0.0000
291367,gimbal,dynamic,98.0482,-14.17,291.37,0.5625,-2.5674,98.5785,-0.0552,0.883,IDLE,0.0000,0.0000,0.0000,0.0000
291467,gimbal,dynamic,98.0851,-14.18,291.47,0.5630,-2.5658,98.6162,-0.0647,0.883,IDLE,0.0000,0.0000,0.0000,0.0000
291567,gimbal,dynamic,98.1219,-14.18,291.57,0.5634,-2.5648,98.6538,-0.0741,0.883,IDLE,0.0000,0.0000,0.0000,0.0000
291667,gimbal,dynamic,98.1584,-14.18,291.67,0.5641,-2.5645,98.6912,-0.0834,0.884,IDLE,0.0000,0.0000,0.0000,0.0000
291767,gimbal,dynamic,98.1946,-14.17,291.77,0.5650,-2.5643,98.7284,-0.0927,0.884,IDLE,0.0000,0.0000,0.0000,0.0000
291868,gimbal,dynamic,98.2306,-14.18,291.87,0.5659,-2.5639,98.7656,-0.1020,0.884,ARMING,0.0000,0.0000,0.0000,0.0000
291967,gimbal,dynamic,98.2662,-14.17,291.97,0.5670,-2.5641,98.8026,-0.1113,0.884,TAKEOFF,0.0000,0.0000,0.0000,0.0000
292067,gimbal,dynamic,98.3014,-14.18,292.07,0.5684,-2.5645,98.8394,-0.1205,0.884,TAKEOFF,0.0000,0.0000,0.0000,0.0000
292167,gimbal,dynamic,98.3359,-14.18,292.17,0.5704,-2.5650,98.8761,-0.1296,0.884,TAKEOFF,0.0000,0.0000,0.0000,0.0000
292267,gimbal,dynamic,98.3697,-14.18,292.27,0.5729,-2.5660,98.9127,-0.1388,0.884,TAKEOFF,0.0000,0.0000,0.0000,0.0000
292367,gimbal,dynamic,98.4030,-14.18,292.37,0.5758,-2.5674,98.9491,-0.1479,0.884,TAKEOFF,0.0000,0.0000,0.0000,0.0000
292467,gimbal,dynamic,98.4364,-14.18,292.47,0.5785,-2.5692,98.9853,-0.1570,0.889,TAKEOFF,0.0000,0.0000,0.0000,0.0000
292567,gimbal,dynamic,98.4689,-14.18,292.57,0.5820,-2.5723,99.0214,-0.1660,0.905,TAKEOFF,0.0000,0.0000,0.0000,0.0000
292667,gimbal,dynamic,98.5017,-14.18,292.67,0.5849,-2.5762,99.0574,-0.1750,0.925,TAKEOFF,0.0000,0.0000,0.0000,0.0000
292767,gimbal,dynamic,98.5343,-14.17,292.77,0.5880,-2.5809,99.0931,-0.1839,0.949,TAKEOFF,0.0000,0.0000,0.0000,0.0000
292867,gimbal,dynamic,98.5675,-14.17,292.87,0.5902,-2.5847,99.1287,-0.1928,0.972,TAKEOFF,0.0000,0.0000,0.0000,0.0000
292967,gimbal,dynamic,98.6013,-14.17,292.97,0.5917,-2.5885,99.1642,-0.2017,0.996,TAKEOFF,0.0000,0.0000,0.0000,0.0000
293067,gimbal,dynamic,98.6360,-14.17,293.07,0.5922,-2.5917,99.1994,-0.2105,1.017,TAKEOFF,0.0000,0.0000,0.0000,0.0000
293167,gimbal,dynamic,98.6708,-14.17,293.17,0.5923,-2.5940,99.2345,-0.2192,1.037,TAKEOFF,0.0000,0.0000,0.0000,0.0000
293267,gimbal,dynamic,98.7053,-14.17,293.27,0.5925,-2.5958,99.2695,-0.2280,1.053,TAKEOFF,0.0000,0.0000,0.0000,0.0000
293367,gimbal,dynamic,98.7396,-14.17,293.37,0.5929,-2.5974,99.3042,-0.2367,1.067,TAKEOFF,0.0000,0.0000,0.0000,0.0000
293467,gimbal,dynamic,98.7736,-14.17,293.47,0.5932,-2.5984,99.3388,-0.2453,1.078,TAKEOFF,0.0000,0.0000,0.0000,0.0000
293567,gimbal,dynamic,98.8075,-14.17,293.57,0.5935,-2.5991,99.3732,-0.2539,1.086,TAKEOFF,0.0000,0.0000,0.0000,0.0000
293667,gimbal,dynamic,98.8413,-14.17,293.67,0.5937,-2.5997,99.4074,-0.2625,1.093,TAKEOFF,0.0000,0.0000,0.0000,0.0000
293767,gimbal,dynamic,98.8751,-14.16,293.77,0.5938,-2.6002,99.4414,-0.2710,1.097,TAKEOFF,0.0000,0.0000,0.0000,0.0000
293867,gimbal,dynamic,98.9091,-14.17,293.87,0.5934,-2.6004,99.4753,-0.2794,1.099,TAKEOFF,0.0000,0.0000,0.0000,0.0000
293967,gimbal,dynamic,98.9430,-13.40,293.97,0.5929,-2.6006,99.5089,-0.2876,1.099,TAKEOFF,0.0000,0.0000,0.0000,0.0000
294067,gimbal,dynamic,98.9764,-12.38,294.07,0.5929,-2.6006,99.5424,-0.2951,1.098,TAKEOFF,0.0000,0.0000,0.0000,0.0000
294167,gimbal,dynamic,99.0089,-11.30,294.17,0.5935,-2.6003,99.5757,-0.3019,1.096,TAKEOFF,0.0000,0.0000,0.0000,0.0000
294267,gimbal,dynamic,99.0409,-10.17,294.27,0.5944,-2.5998,99.6088,-0.3079,1.093,TAKEOFF,0.0000,0.0000,0.0000,0.0000
294367,gimbal,dynamic,99.0732,-8.99,294.37,0.5948,-2.5989,99.6417,-0.3133,1.089,TAKEOFF,0.0000,0.0000,0.0000,0.0000
294467,gimbal,dynamic,99.1057,-7.76,294.47,0.5949,-2.5976,99.6744,-0.3179,1.085,TAKEOFF,0.0000,0.0000,0.0000,0.0000
294567,gimbal,dynamic,99.1388,-6.48,294.57,0.5943,-2.5962,99.7069,-0.3218,1.081,TAKEOFF,0.0000,0.0000,0.0000,0.0000
294667,gimbal,dynamic,99.1722,-5.15,294.67,0.5930,-2.5951,99.7393,-0.3249,1.076,TAKEOFF,0.0000,0.0000,0.0000,0.0000
294767,gimbal,dynamic,99.2059,-3.78,294.77,0.5914,-2.5945,99.7714,-0.3272,1.071,TAKEOFF,0.0000,0.0000,0.0000,0.0000
294867,gimbal,dynamic,99.2395,-2.38,294.87,0.5897,-2.5941,99.8033,-0.3287,1.067,TAKEOFF,0.0000,0.0000,0.0000,0.0000
294967,gimbal,dynamic,99.2731,-0.94,294.97,0.5878,-2.5942,99.8351,-0.3294,1.062,TAKEOFF,0.0000,0.0000,0.0000,0.0000
295067,gimbal,dynamic,99.3066,0.53,295.07,0.5859,-2.5943,99.8666,-0.3293,1.058,TAKEOFF,0.0000,0.0000,0.0000,0.0000
295167,gimbal,dynamic,99.3404,2.03,295.17,0.5834,-2.5943,99.8980,-0.3284,1.054,TAKEOFF,0.0000,0.0000,0.0000,0.0000
295267,gimbal,dynamic,99.3741,3.55,295.27,0.5809,-2.5942,99.9291,-0.3267,1.050,TAKEOFF,0.0000,0.0000,0.0000,0.0000
295367,gimbal,dynamic,99.4068,5.08,295.37,0.5792,-2.5946,99.9601,-0.3241,1.047,TAKEOFF,0.0000,0.0000,0.0000,0.0000
295467,gimbal,dynamic,99.4385,6.63,295.47,0.5783,-2.5956,99.9908,-0.3208,1.044,TAKEOFF,0.0000,0.0000,0.0000,0.0000
295567,gimbal,dynamic,99.4693,8.17,295.57,0.5782,-2.5965,100.0214,-0.3166,1.041,TAKEOFF,0.0000,0.0000,0.0000,0.0000
295667,gimbal,dynamic,99.4994,9.72,295.67,0.5786,-2.5975,100.0517,-0.3116,1.039,TAKEOFF,0.0000,0.0000,0.0000,0.0000
295767,gimbal,dynamic,99.5291,11.26,295.77,0.5792,-2.5979,100.0819,-0.3058,1.037,TAKEOFF,0.0000,0.0000,0.0000,0.0000
295867,gimbal,dynamic,99.5590,12.79,295.87,0.5794,-2.5978,100.1118,-0.2992,1.035,TAKEOFF,0.0000,0.0000,0.0000,0.0000
295967,gimbal,dynamic,99.5889,13.90,295.97,0.5793,-2.5976,100.1415,-0.2919,1.033,TAKEOFF,0.0000,0.0000,0.0000,0.0000
296067,gimbal,dynamic,99.6193,13.90,296.07,0.5787,-2.5975,100.1711,-0.2845,1.032,TAKEOFF,0.0000,0.0000,0.0000,0.0000
296167,gimbal,dynamic,99.6495,13.90,296.17,0.5779,-2.5972,100.2004,-0.2772,1.031,TAKEOFF,0.0000,0.0000,0.0000,0.0000
296267,gimbal,dynamic,99.6792,13.90,296.27,0.5776,-2.5972,100.2296,-0.2699,1.030,TAKEOFF,0.0000,0.0000,0.0000,0.0000
296367,gimbal,dynamic,99.7078,13.90,296.37,0.5781,-2.5978,100.2585,-0.2626,1.030,TAKEOFF,0.0000,0.0000,0.0000,0.0000
296467,gimbal,dynamic,99.7352,13.90,296.47,0.5796,-2.5983,100.2873,-0.2554,1.029,TAKEOFF,0.0000,0.0000,0.0000,0.0000
296567,gimbal,dynamic,99.7623,13.90,296.57,0.5813,-2.5989,100.3159,-0.2483,1.029,TAKEOFF,0.0000,0.0000,0.0000,0.0000
296667,gimbal,dynamic,99.7892,13.90,296.67,0.5829,-2.5996,100.3442,-0.2412,1.029,TAKEOFF,0.0000,0.0000,0.0000,0.0000
296767,gimbal,dynamic,99.8158,13.90,296.77,0.5847,-2.6006,100.3724,-0.2342,1.029,TAKEOFF,0.0000,0.0000,0.0000,0.0000
296867,gimbal,dynamic,99.8426,13.89,296.87,0.5860,-2.6014,100.4003,-0.2272,1.029,TAKEOFF,0.0000,0.0000,0.0000,0.0000
296967,gimbal,dynamic,99.8691,13.89,296.97,0.5874,-2.6023,100.4281,-0.2202,1.029,TAKEOFF,0.0000,0.0000,0.0000,0.0000
297067,gimbal,dynamic,99.8954,13.90,297.07,0.5889,-2.6039,100.4557,-0.2133,1.029,TAKEOFF,0.0000,0.0000,0.0000,0.0000
297167,gimbal,dynamic,99.9211,13.90,297.17,0.5907,-2.6061,100.4831,-0.2065,1.029,TAKEOFF,0.0000,0.0000,0.0000,0.0000
297267,gimbal,dynamic,99.9466,13.90,297.27,0.5927,-2.6083,100.5102,-0.1997,1.029,TAKEOFF,0.0000,0.0000,0.0000,0.0000
297367,gimbal,dynamic,99.9722,13.90,297.37,0.5943,-2.6098,100.5372,-0.1930,1.030,TAKEOFF,0.0000,0.0000,0.0000,0.0000
297467,gimbal,dynamic,99.9973,13.90,297.47,0.5961,-2.6111,100.5640,-0.1863,1.030,TAKEOFF,0.0000,0.0000,0.0000,0.0000
297567,gimbal,dynamic,100.0228,13.90,297.57,0.5974,-2.6123,100.5907,-0.1796,1.030,TAKEOFF,0.0000,0.0000,0.0000,0.0000
297667,gimbal,dynamic,100.0486,13.90,297.67,0.5983,-2.6133,100.6171,-0.1730,1.031,TAKEOFF,0.0000,0.0000,0.0000,0.0000
297767,gimbal,dynamic,100.0743,13.89,297.77,0.5989,-2.6139,100.6433,-0.1664,1.031,TAKEOFF,0.0000,0.0000,0.0000,0.0000
297867,gimbal,dynamic,100.1002,13.89,297.87,0.5993,-2.6139,100.6694,-0.1599,1.031,TAKEOFF,0.0000,0.0000,0.0000,0.0000
297967,gimbal,dynamic,100.1255,13.89,297.97,0.6000,-2.6132,100.6953,-0.1535,1.032,TAKEOFF,0.0000,0.0000,0.0000,0.0000
298067,gimbal,dynamic,100.1501,13.89,298.07,0.6012,-2.6126,100.7210,-0.1470,1.032,TAKEOFF,0.0000,0.0000,0.0000,0.0000
298167,gimbal,dynamic,100.1739,13.89,298.17,0.6030,-2.6123,100.7465,-0.1406,1.032,TAKEOFF,0.0000,0.0000,0.0000,0.0000
298267,gimbal,dynamic,100.1962,13.89,298.27,0.6063,-2.6124,100.7718,-0.1343,1.032,TAKEOFF,0.0000,0.0000,0.0000,0.0000
298367,gimbal,dynamic,100.2179,13.89,298.37,0.6099,-2.6129,100.7970,-0.1280,1.033,TAKEOFF,0.0000,0.0000,0.0000,0.0000
298467,gimbal,dynamic,100.2397,13.89,298.47,0.6132,-2.6137,100.8220,-0.1218,1.033,TAKEOFF,0.0000,0.0000,0.0000,0.0000
298567,gimbal,dynamic,100.2618,13.89,298.57,0.6161,-2.6146,100.8468,-0.1156,1.033,TAKEOFF,0.0000,0.0000,0.0000,0.0000
298667,gimbal,dynamic,100.2840,13.88,298.67,0.6188,-2.6154,100.8714,-0.1094,1.033,TAKEOFF,0.0000,0.0000,0.0000,0.0000
298767,gimbal,dynamic,100.3069,13.88,298.77,0.6205,-2.6162,100.8959,-0.1033,1.033,TAKEOFF,0.0000,0.0000,0.0000,0.0000
298867,gimbal,dynamic,100.3309,13.88,298.87,0.6209,-2.6167,100.9202,-0.0972,1.034,TAKEOFF,0.0000,0.0000,0.0000,0.0000
298967,gimbal,dynamic,100.3556,13.88,298.97,0.6205,-2.6175,100.9444,-0.0912,1.034,TAKEOFF,0.0000,0.0000,0.0000,0.0000
299067,gimbal,dynamic,100.3809,13.88,299.07,0.6195,-2.6188,100.9684,-0.0852,1.034,TAKEOFF,0.0000,0.0000,0.0000,0.0000
299167,gimbal,dynamic,100.4062,13.88,299.17,0.6181,-2.6207,100.9922,-0.0792,1.034,TAKEOFF,0.0000,0.0000,0.0000,0.0000
299267,gimbal,dynamic,100.4315,13.88,299.27,0.6167,-2.6229,101.0159,-0.0733,1.034,TAKEOFF,0.0000,0.0000,0.0000,0.0000
299367,gimbal,dynamic,100.4569,13.88,299.37,0.6150,-2.6254,101.0394,-0.0674,1.034,TAKEOFF,0.0000,0.0000,0.0000,0.0000
299467,gimbal,dynamic,100.4822,13.88,299.47,0.6133,-2.6280,101.0627,-0.0616,1.035,TAKEOFF,0.0000,0.0000,0.0000,0.0000
299567,gimbal,dynamic,100.5070,13.88,299.57,0.6119,-2.6311,101.0860,-0.0558,1.035,TAKEOFF,0.0000,0.0000,0.0000,0.0000
299667,gimbal,dynamic,100.5312,13.88,299.67,0.6110,-2.6334,101.1090,-0.0500,1.035,TAKEOFF,0.0000,0.0000,0.0000,0.0000
299767,gimbal,dynamic,100.5548,13.88,299.77,0.6105,-2.6347,101.1320,-0.0443,1.035,TAKEOFF,0.0000,0.0000,0.0000,0.0000
299867,gimbal,dynamic,100.5779,13.88,299.87,0.6104,-2.6352,101.1548,-0.0386,1.035,TAKEOFF,0.0000,0.0000,0.0000,0.0000
299967,gimbal,dynamic,100.6005,13.88,299.97,0.6106,-2.6349,101.1774,-0.0329,1.035,TAKEOFF,0.0000,0.0000,0.0000,0.0000
300067,gimbal,dynamic,100.6236,13.88,300.07,0.6100,-2.6338,101.1999,-0.0273,1.035,TAKEOFF,0.0000,0.0000,0.0000,0.0000
300167,gimbal,dynamic,100.6474,13.88,300.17,0.6088,-2.6318,101.2223,-0.0217,1.035,TAKEOFF,0.0000,0.0000,0.0000,0.0000
300267,gimbal,dynamic,100.6713,13.88,300.27,0.6072,-2.6297,101.2446,-0.0161,1.035,TAKEOFF,0.0000,0.0000,0.0000,0.0000
300367,gimbal,dynamic,100.6953,13.88,300.37,0.6054,-2.6281,101.2667,-0.0106,1.035,TAKEOFF,0.0000,0.0000,0.0000,0.0000
300467,gimbal,dynamic,100.7186,13.88,300.47,0.6043,-2.6275,101.2887,-0.0051,1.035,TAKEOFF,0.0000,0.0000,0.0000,0.0000
300567,gimbal,dynamic,100.7419,13.88,300.57,0.6030,-2.6272,101.3106,0.0004,1.035,TAKEOFF,0.0000,0.0000,0.0000,0.0000
300667,gimbal,dynamic,100.7652,13.88,300.67,0.6016,-2.6266,101.3324,0.0058,1.035,TAKEOFF,0.0000,0.0000,0.0000,0.0000
300767,gimbal,dynamic,100.7883,13.88,300.77,0.6003,-2.6258,101.3541,0.0112,1.035,TAKEOFF,0.0000,0.0000,0.0000,0.0000
300867,gimbal,dynamic,100.8111,13.88,300.87,0.5992,-2.6252,101.3756,0.0166,1.034,TAKEOFF,0.0000,0.0000,0.0000,0.0000
300967,gimbal,dynamic,100.8342,13.88,300.97,0.5976,-2.6244,101.3971,0.0220,1.034,TAKEOFF,0.0000,0.0000,0.0000,0.0000
301067,gimbal,dynamic,100.8578,13.88,301.07,0.5955,-2.6240,101.4184,0.0273,1.034,TAKEOFF,0.0000,0.0000,0.0000,0.0000
301167,gimbal,dynamic,100.8815,13.88,301.17,0.5932,-2.6243,101.4397,0.0327,1.034,TAKEOFF,0.0000,0.0000,0.0000,0.0000
301267,gimbal,dynamic,100.9052,13.88,301.27,0.5908,-2.6250,101.4608,0.0379,1.033,TAKEOFF,0.0000,0.0000,0.0000,0.0000
301367,gimbal,dynamic,100.9293,11.79,301.37,0.5879,-2.6261,101.4819,0.0427,1.033,TAKEOFF,0.0000,0.0000,0.0000,0.0000
301467,gimbal,dynamic,100.9521,9.39,301.47,0.5862,-2.6271,101.5029,0.0465,1.033,TAKEOFF,0.0000,0.0000,0.0000,0.0000
301567,gimbal,dynamic,100.9739,6.90,301.57,0.5854,-2.6284,101.5238,0.0494,1.033,TAKEOFF,0.0000,0.0000,0.0000,0.0000
301667,gimbal,dynamic,100.9947,4.32,301.67,0.5854,-2.6296,101.5446,0.0514,1.033,TAKEOFF,0.0000,0.0000,0.0000,0.0000
301767,gimbal,dynamic,101.0149,1.69,301.77,0.5860,-2.6304,101.5653,0.0524,1.033,TAKEOFF,0.0000,0.0000,0.0000,0.0000
301867,gimbal,dynamic,101.0353,-0.99,301.87,0.5863,-2.6306,101.5860,0.0524,1.033,TAKEOFF,0.0000,0.0000,0.0000,0.0000
301967,gimbal,dynamic,101.0554,-3.71,301.97,0.5868,-2.6296,101.6066,0.0514,1.033,TAKEOFF,0.0000,0.0000,0.0000,0.0000
302067,gimbal,dynamic,101.0753,-6.43,302.07,0.5873,-2.6278,101.6271,0.0495,1.033,TAKEOFF,0.0000,0.0000,0.0000,0.0000
302167,gimbal,dynamic,101.0951,-9.14,302.17,0.5877,-2.6257,101.6476,0.0466,1.034,TAKEOFF,0.0000,0.0000,0.0000,0.0000
302267,gimbal,dynamic,101.1151,-11.82,302.27,0.5880,-2.6236,101.6680,0.0427,1.034,TAKEOFF,0.0000,0.0000,0.0000,0.0000
302367,gimbal,dynamic,101.1352,-14.20,302.37,0.5881,-2.6215,101.6883,0.0379,1.034,TAKEOFF,0.0000,0.0000,0.0000,0.0000
302467,gimbal,dynamic,101.1554,-14.20,302.47,0.5880,-2.6195,101.7086,0.0328,1.034,TAKEOFF,0.0000,0.0000,0.0000,0.0000
302567,gimbal,dynamic,101.1758,-14.20,302.57,0.5876,-2.6179,101.7289,0.0278,1.034,TAKEOFF,0.0000,0.0000,0.0000,0.0000
302667,gimbal,dynamic,101.1960,-14.20,302.67,0.5875,-2.6169,101.7491,0.0227,1.034,TAKEOFF,0.0000,0.0000,0.0000,0.0000
302767,gimbal,dynamic,101.2158,-14.20,302.77,0.5877,-2.6161,101.7693,0.0177,1.035,TAKEOFF,0.0000,0.0000,0.0000,0.0000
302867,gimbal,dynamic,101.2354,-14.20,302.87,0.5882,-2.6160,101.7894,0.0126,1.035,TAKEOFF,0.0000,0.0000,0.0000,0.0000
302967,gimbal,dynamic,101.2550,-14.20,302.97,0.5885,-2.6159,101.8095,0.0076,1.035,TAKEOFF,0.0000,0.0000,0.0000,0.0000
303067,gimbal,dynamic,101.2747,-14.20,303.07,0.5888,-2.6156,101.8296,0.0026,1.035,TAKEOFF,0.0000,0.0000,0.0000,0.0000
303167,gimbal,dynamic,101.2944,-14.20,303.17,0.5890,-2.6153,101.8496,-0.0024,1.035,TAKEOFF,0.0000,0.0000,0.0000,0.0000
303167,gimbal,dynamic,101.3138,-14.20,303.17,0.5894,-2.6150,101.8697,-0.0074,1.035,TAKEOFF,0.0000,0.0000,0.0000,0.0000
303167,gimbal,dynamic,101.3330,-14.20,303.17,0.5901,-2.6143,101.8897,-0.0124,1.035,TAKEOFF,0.0000,0.0000,0.0000,0.0000
303167,gimbal,dynamic,101.3525,-14.20,303.17,0.5905,-2.6132,101.9097,-0.0175,1.035,TAKEOFF,0.0000,0.0000,0.0000,0.0000
303167,gimbal,dynamic,101.3721,-14.20,303.17,0.5907,-2.6118,101.9297,-0.0225,1.035,TAKEOFF,0.0000,0.0000,0.0000,0.0000
303167,gimbal,dynamic,101.3914,-14.20,303.17,0.5912,-2.6105,101.9497,-0.0275,1.035,TAKEOFF,0.0000,0.0000,0.0000,0.0000
303167,gimbal,dynamic,101.4104,-14.20,303.17,0.5921,-2.6094,101.9697,-0.0325,1.035,TAKEOFF,0.0000,0.0000,0.0000,0.0000
303167,gimbal,dynamic,101.4296,-14.20,303.17,0.5927,-2.6080,101.9897,-0.0375,1.035,TAKEOFF,0.0000,0.0000,0.0000,0.0000
303167,gimbal,dynamic,101.4492,-14.20,303.17,0.5930,-2.6069,102.0097,-0.0425,1.035,TAKEOFF,0.0000,0.0000,0.0000,0.0000
303167,gimbal,dynamic,101.4690,-14.21,303.17,0.5931,-2.6066,102.0298,-0.0475,1.035,TAKEOFF,0.0000,0.0000,0.0000,0.0000
303167,gimbal,dynamic,101.4889,-14.21,303.17,0.5930,-2.6068,102.0498,-0.0525,1.035,TAKEOFF,0.0000,0.0000,0.0000,0.0000
303167,gimbal,dynamic,101.5092,-14.21,303.17,0.5927,-2.6075,102.0699,-0.0575,1.035,TAKEOFF,0.0000,0.0000,0.0000,0.0000
303167,gimbal,dynamic,101.5303,-14.21,303.17,0.5915,-2.6084,102.0900,-0.0625,1.035,TAKEOFF,0.0000,0.0000,0.0000,0.0000
303167,gimbal,dynamic,101.5521,-14.21,303.17,0.5898,-2.6093,102.1101,-0.0675,1.035,TAKEOFF,0.0000,0.0000,0.0000,0.0000
303167,gimbal,dynamic,101.5744,-14.21,303.17,0.5875,-2.6102,102.1302,-0.0726,1.035,TAKEOFF,0.0000,0.0000,0.0000,0.0000
303167,gimbal,dynamic,101.5970,-14.21,303.17,0.5850,-2.6111,102.1504,-0.0776,1.035,TAKEOFF,0.0000,0.0000,0.0000,0.0000
303167,gimbal,dynamic,101.6201,-14.21,303.17,0.5820,-2.6121,102.1706,-0.0827,1.035,TAKEOFF,0.0000,0.0000,0.0000,0.0000
303167,gimbal,dynamic,101.6430,-14.20,303.17,0.5793,-2.6133,102.1909,-0.0878,1.035,TAKEOFF,0.0000,0.0000,0.0000,0.0000
303167,gimbal,dynamic,101.6666,-14.21,303.17,0.5759,-2.6147,102.2112,-0.0928,1.035,TAKEOFF,0.0000,0.0000,0.0000,0.0000
303167,gimbal,dynamic,101.6912,-14.21,303.17,0.5716,-2.6167,102.2316,-0.0979,1.035,TAKEOFF,0.0000,0.0000,0.0000,0.0000
303167,gimbal,dynamic,101.7166,-14.20,303.17,0.5666,-2.6187,102.2520,-0.1030,1.035,TAKEOFF,0.0000,0.0000,0.0000,0.0000
303167,gimbal,dynamic,101.7417,-14.20,303.17,0.5619,-2.6207,102.2725,-0.1082,1.035,TAKEOFF,0.0000,0.0000,0.0000,0.0000
303167,gimbal,dynamic,101.7664,-14.20,303.17,0.5576,-2.6226,102.2931,-0.1133,1.035,TAKEOFF,0.0000,0.0000,0.0000,0.0000
303167,gimbal,dynamic,101.7902,-14.20,303.17,0.5544,-2.6238,102.3137,-0.1185,1.035,TAKEOFF,0.0000,0.0000,0.0000,0.0000
303167,gimbal,dynamic,101.8138,-14.20,303.17,0.5513,-2.6248,102.3344,-0.1236,1.035,TAKEOFF,0.0000,0.0000,0.0000,0.0000
303167,gimbal,dynamic,101.8373,-14.21,303.17,0.5485,-2.6258,102.3552,-0.1288,1.035,TAKEOFF,0.0000,0.0000,0.0000,0.0000
303167,gimbal,dynamic,101.8607,-14.21,303.17,0.5458,-2.6269,102.3760,-0.1340,1.035,TAKEOFF,0.0000,0.0000,0.0000,0.0000
303167,gimbal,dynamic,101.8836,-14.21,303.17,0.5437,-2.6280,102.3969,-0.1393,1.035,TAKEOFF,0.0000,0.0000,0.0000,0.0000
303167,gimbal,dynamic,101.9066,-14.21,303.17,0.5416,-2.6291,102.4180,-0.1445,1.035,TAKEOFF,0.0000,0.0000,0.0000,0.0000
303167,gimbal,dynamic,101.9294,-14.21,303.17,0.5398,-2.6304,102.4391,-0.1498,1.035,TAKEOFF,0.0000,0.0000,0.0000,0.0000
303167,gimbal,dynamic,101.9520,-14.21,303.17,0.5383,-2.6311,102.4603,-0.1551,1.035,TAKEOFF,0.0000,0.0000,0.0000,0.0000
303167,gimbal,dynamic,101.9740,-14.21,303.17,0.5375,-2.6317,102.4816,-0.1604,1.035,TAKEOFF,0.0000,0.0000,0.0000,0.0000
303167,gimbal,dynamic,101.9952,-14.21,303.17,0.5375,-2.6321,102.5029,-0.1658,1.035,TAKEOFF,0.0000,0.0000,0.0000,0.0000
303167,gimbal,dynamic,102.0157,-14.21,303.17,0.5385,-2.6330,102.5244,-0.1711,1.035,TAKEOFF,0.0000,0.0000,0.0000,0.0000
303167,gimbal,dynamic,102.0354,-14.21,303.17,0.5402,-2.6341,102.5460,-0.1765,1.035,TAKEOFF,0.0000,0.0000,0.0000,0.0000
303167,gimbal,dynamic,102.0557,-14.21,303.17,0.5416,-2.6352,102.5678,-0.1820,1.035,TAKEOFF,0.0000,0.0000,0.0000,0.0000
303167,gimbal,dynamic,102.0763,-14.21,303.17,0.5426,-2.6361,102.5896,-0.1874,1.035,TAKEOFF,0.0000,0.0000,0.0000,0.0000
303167,gimbal,dynamic,102.0970,-14.21,303.17,0.5437,-2.6365,102.6115,-0.1929,1.035,TAKEOFF,0.0000,0.0000,0.0000,0.0000
303167,gimbal,dynamic,102.1175,-14.21,303.17,0.5453,-2.6367,102.6336,-0.1984,1.035,TAKEOFF,0.0000,0.0000,0.0000,0.0000
303167,gimbal,dynamic,102.1383,-14.21,303.17,0.5464,-2.6362,102.6558,-0.2040,1.035,TAKEOFF,0.0000,0.0000,0.0000,0.0000
303167,gimbal,dynamic,102.1594,-14.21,303.17,0.5475,-2.6350,102.6781,-0.2096,1.035,TAKEOFF,0.0000,0.0000,0.0000,0.0000
307232,gimbal,dynamic,102.1806,-14.21,307.23,0.5486,-2.6342,102.7006,-0.2152,1.034,IDLE,0.0000,0.0000,0.0000,0.0000
307332,gimbal,dynamic,102.2020,-14.21,307.33,0.5496,-2.6336,102.7231,-0.2208,1.035,IDLE,0.0000,0.0000,0.0000,0.0000
307432,gimbal,dynamic,102.2232,-14.21,307.43,0.5510,-2.6333,102.7458,-0.2265,1.035,IDLE,0.0000,0.0000,0.0000,0.0000
307532,gimbal,dynamic,102.2442,-14.21,307.53,0.5526,-2.6327,102.7687,-0.2322,1.035,IDLE,0.0000,0.0000,0.0000,0.0000
307632,gimbal,dynamic,102.2655,-14.21,307.63,0.5542,-2.6320,102.7917,-0.2379,1.035,IDLE,0.0000,0.0000,0.0000,0.0000
307732,gimbal,dynamic,102.2868,-14.21,307.73,0.5559,-2.6315,102.8148,-0.2437,1.035,IDLE,0.0000,0.0000,0.0000,0.0000
307732,gimbal,dynamic,102.3083,-14.21,307.73,0.5576,-2.6313,102.8381,-0.2496,1.035,IDLE,0.0000,0.0000,0.0000,0.0000
307732,gimbal,dynamic,102.3299,-14.21,307.73,0.5592,-2.6311,102.8615,-0.2554,1.035,IDLE,0.0000,0.0000,0.0000,0.0000
307732,gimbal,dynamic,102.3515,-14.21,307.73,0.5611,-2.6310,102.8851,-0.2613,1.035,IDLE,0.0000,0.0000,0.0000,0.0000
308132,gimbal,dynamic,102.3735,-14.21,308.13,0.5626,-2.6311,102.9089,-0.2672,1.035,IDLE,0.0000,0.0000,0.0000,0.0000
308232,gimbal,dynamic,102.3961,-14.21,308.23,0.5638,-2.6316,102.9328,-0.2732,1.035,IDLE,0.0000,0.0000,0.0000,0.0000
308332,gimbal,dynamic,102.4198,-14.21,308.33,0.5641,-2.6323,102.9568,-0.2792,1.035,IDLE,0.0000,0.0000,0.0000,0.0000
308432,gimbal,dynamic,102.4448,-14.21,308.43,0.5631,-2.6332,102.9810,-0.2853,1.035,IDLE,0.0000,0.0000,0.0000,0.0000
308532,gimbal,dynamic,102.4709,-14.21,308.53,0.5613,-2.6344,103.0054,-0.2914,1.035,IDLE,0.0000,0.0000,0.0000,0.0000
308632,gimbal,dynamic,102.4972,-14.21,308.63,0.5594,-2.6354,103.0300,-0.2975,1.035,IDLE,0.0000,0.0000,0.0000,0.0000
308732,gimbal,dynamic,102.5233,-13.46,308.73,0.5579,-2.6366,103.0547,-0.3036,1.035,IDLE,0.0000,0.0000,0.0000,0.0000
308832,gimbal,dynamic,102.5481,-11.17,308.83,0.5579,-2.6374,103.0796,-0.3088,1.035,IDLE,0.0000,0.0000,0.0000,0.0000
308932,gimbal,dynamic,102.5725,-8.86,308.93,0.5585,-2.6377,103.1046,-0.3129,1.035,IDLE,0.0000,0.0000,0.0000,0.0000
309032,gimbal,dynamic,102.5968,-6.54,309.03,0.5593,-2.6377,103.1299,-0.3161,1.035,IDLE,0.0000,0.0000,0.0000,0.0000
309132,gimbal,dynamic,102.6220,-4.22,309.13,0.5595,-2.6369,103.1553,-0.3182,1.035,IDLE,0.0000,0.0000,0.0000,0.0000
309232,gimbal,dynamic,102.6478,-1.93,309.23,0.5592,-2.6357,103.1809,-0.3194,1.035,IDLE,0.0000,0.0000,0.0000,0.0000
309332,gimbal,dynamic,102.6736,0.34,309.33,0.5592,-2.6346,103.2066,-0.3195,1.035,IDLE,0.0000,0.0000,0.0000,0.0000
309432,gimbal,dynamic,102.6994,2.56,309.43,0.5593,-2.6339,103.2326,-0.3186,1.035,IDLE,0.0000,0.0000,0.0000,0.0000
309532,gimbal,dynamic,102.7252,4.73,309.53,0.5596,-2.6335,103.2587,-0.3167,1.035,IDLE,0.0000,0.0000,0.0000,0.0000
309632,gimbal,dynamic,102.7511,6.85,309.63,0.5601,-2.6329,103.2851,-0.3137,1.035,IDLE,0.0000,0.0000,0.0000,0.0000
309732,gimbal,dynamic,102.7771,8.89,309.73,0.5608,-2.6321,103.3116,-0.3098,1.034,IDLE,0.0000,0.0000,0.0000,0.0000
309832,gimbal,dynamic,102.8033,10.87,309.83,0.5613,-2.6311,103.3383,-0.3049,1.034,IDLE,0.0000,0.0000,0.0000,0.0000
309932,gimbal,dynamic,102.8300,12.76,309.93,0.5616,-2.6299,103.3652,-0.2991,1.034,IDLE,0.0000,0.0000,0.0000,0.0000
310032,gimbal,dynamic,102.8570,13.86,310.03,0.5617,-2.6284,103.3922,-0.2924,1.034,IDLE,0.0000,0.0000,0.0000,0.0000
310132,gimbal,dynamic,102.8843,13.86,310.13,0.5618,-2.6264,103.4195,-0.2856,1.034,IDLE,0.0000,0.0000,0.0000,0.0000
310232,gimbal,dynamic,102.9117,13.86,310.23,0.5620,-2.6241,103.4470,-0.2787,1.034,IDLE,0.0000,0.0000,0.0000,0.0000
310332,gimbal,dynamic,102.9395,13.86,310.33,0.5619,-2.6215,103.4746,-0.2718,1.034,IDLE,0.0000,0.0000,0.0000,0.0000
310432,gimbal,dynamic,102.9675,13.86,310.43,0.5619,-2.6193,103.5025,-0.2648,1.034,IDLE,0.0000,0.0000,0.0000,0.0000
310532,gimbal,dynamic,102.9953,13.86,310.53,0.5623,-2.6174,103.5305,-0.2578,1.034,IDLE,0.0000,0.0000,0.0000,0.0000
310632,gimbal,dynamic,103.0232,13.86,310.63,0.5627,-2.6162,103.5588,-0.2507,1.034,IDLE,0.0000,0.0000,0.0000,0.0000
310732,gimbal,dynamic,103.0513,13.86,310.73,0.5632,-2.6157,103.5872,-0.2436,1.034,IDLE,0.0000,0.0000,0.0000,0.0000
310832,gimbal,dynamic,103.0795,13.86,310.83,0.5639,-2.6155,103.6159,-0.2365,1.034,IDLE,0.0000,0.0000,0.0000,0.0000
310932,gimbal,dynamic,103.1074,13.86,310.93,0.5649,-2.6152,103.6447,-0.2293,1.034,IDLE,0.0000,0.0000,0.0000,0.0000
311032,gimbal,dynamic,103.1353,13.86,311.03,0.5662,-2.6145,103.6737,-0.2220,1.034,IDLE,0.0000,0.0000,0.0000,0.0000
311132,gimbal,dynamic,103.1625,13.86,311.13,0.5683,-2.6131,103.7030,-0.2147,1.035,IDLE,0.0000,0.0000,0.0000,0.0000
311232,gimbal,dynamic,103.1894,13.85,311.23,0.5710,-2.6114,103.7324,-0.2073,1.035,IDLE,0.0000,0.0000,0.0000,0.0000
311332,gimbal,dynamic,103.2168,13.85,311.33,0.5733,-2.6093,103.7620,-0.1999,1.035,IDLE,0.0000,0.0000,0.0000,0.0000
311432,gimbal,dynamic,103.2449,13.85,311.43,0.5752,-2.6070,103.7919,-0.1925,1.035,IDLE,0.0000,0.0000,0.0000,0.0000
311532,gimbal,dynamic,103.2735,13.85,311.53,0.5768,-2.6053,103.8219,-0.1850,1.035,IDLE,0.0000,0.0000,0.0000,0.0000
311632,gimbal,dynamic,103.3027,13.85,311.63,0.5779,-2.6047,103.8521,-0.1774,1.035,IDLE,0.0000,0.0000,0.0000,0.0000
311733,gimbal,dynamic,103.3323,13.85,311.73,0.5789,-2.6049,103.8826,-0.1698,1.035,ARMING,0.0000,0.0000,0.0000,0.0000
311832,gimbal,dynamic,103.3622,13.85,311.83,0.5799,-2.6056,103.9132,-0.1621,1.035,TAKEOFF,0.0000,0.0000,0.0000,0.0000
311932,gimbal,dynamic,103.3921,13.86,311.93,0.5810,-2.6066,103.9440,-0.1544,1.035,TAKEOFF,0.0000,0.0000,0.0000,0.0000
312032,gimbal,dynamic,103.4217,13.86,312.03,0.5826,-2.6074,103.9751,-0.1467,1.038,TAKEOFF,0.0000,0.0000,0.0000,0.0000
312132,gimbal,dynamic,103.4512,13.86,312.13,0.5845,-2.6076,104.0063,-0.1389,1.050,TAKEOFF,0.0000,0.0000,0.0000,0.0000
312232,gimbal,dynamic,103.4803,13.86,312.23,0.5870,-2.6075,104.0377,-0.1310,1.071,TAKEOFF,0.0000,0.0000,0.0000,0.0000
312332,gimbal,dynamic,103.5098,13.86,312.33,0.5894,-2.6074,104.0694,-0.1231,1.092,TAKEOFF,0.0000,0.0000,0.0000,0.0000
312432,gimbal,dynamic,103.5399,13.86,312.43,0.5913,-2.6074,104.1012,-0.1151,1.117,TAKEOFF,0.0000,0.0000,0.0000,0.0000
312532,gimbal,dynamic,103.5704,13.86,312.53,0.5930,-2.6076,104.1332,-0.1071,1.140,TAKEOFF,0.0000,0.0000,0.0000,0.0000
312632,gimbal,dynamic,103.6017,13.86,312.63,0.5941,-2.6080,104.1654,-0.0991,1.163,TAKEOFF,0.0000,0.0000,0.0000,0.0000
312732,gimbal,dynamic,103.6336,13.86,312.73,0.5949,-2.6084,104.1978,-0.0910,1.182,TAKEOFF,0.0000,0.0000,0.0000,0.0000
312832,gimbal,dynamic,103.6657,13.86,312.83,0.5955,-2.6090,104.2304,-0.0828,1.200,TAKEOFF,0.0000,0.0000,0.0000,0.0000
312932,gimbal,dynamic,103.6984,13.86,312.93,0.5958,-2.6099,104.2632,-0.0746,1.214,TAKEOFF,0.0000,0.0000,0.0000,0.0000
313032,gimbal,dynamic,103.7318,13.86,313.03,0.5956,-2.6114,104.2962,-0.0664,1.227,TAKEOFF,0.0000,0.0000,0.0000,0.0000
313132,gimbal,dynamic,103.7662,13.86,313.13,0.5947,-2.6135,104.3294,-0.0581,1.236,TAKEOFF,0.0000,0.0000,0.0000,0.0000
313232,gimbal,dynamic,103.8012,13.86,313.23,0.5933,-2.6155,104.3628,-0.0497,1.243,TAKEOFF,0.0000,0.0000,0.0000,0.0000
313332,gimbal,dynamic,103.8361,13.86,313.33,0.5922,-2.6176,104.3963,-0.0414,1.247,TAKEOFF,0.0000,0.0000,0.0000,0.0000
313432,gimbal,dynamic,103.8704,13.86,313.43,0.5919,-2.6195,104.4301,-0.0329,1.250,TAKEOFF,0.0000,0.0000,0.0000,0.0000
313532,gimbal,dynamic,103.9045,13.86,313.53,0.5920,-2.6218,104.4640,-0.0244,1.250,TAKEOFF,0.0000,0.0000,0.0000,0.0000
313632,gimbal,dynamic,103.9391,13.85,313.63,0.5917,-2.6241,104.4981,-0.0159,1.250,TAKEOFF,0.0000,0.0000,0.0000,0.0000
313732,gimbal,dynamic,103.9745,13.84,313.73,0.5909,-2.6264,104.5324,-0.0073,1.249,TAKEOFF,0.0000,0.0000,0.0000,0.0000
313832,gimbal,dynamic,104.0106,13.85,313.83,0.5895,-2.6279,104.5669,0.0013,1.253,TAKEOFF,0.0000,0.0000,0.0000,0.0000
313932,gimbal,dynamic,104.0479,13.86,313.93,0.5871,-2.6287,104.6015,0.0099,1.264,TAKEOFF,0.0000,0.0000,0.0000,0.0000
314032,gimbal,dynamic,104.0863,13.88,314.03,0.5837,-2.6282,104.6363,0.0187,1.284,TAKEOFF,0.0000,0.0000,0.0000,0.0000
314132,gimbal,dynamic,104.1263,13.89,314.13,0.5789,-2.6266,104.6713,0.0274,1.310,TAKEOFF,0.0000,0.0000,0.0000,0.0000
314232,gimbal,dynamic,104.1666,13.91,314.23,0.5739,-2.6242,104.7065,0.0362,1.345,TAKEOFF,0.0000,0.0000,0.0000,0.0000
314332,gimbal,dynamic,104.2076,13.92,314.33,0.5684,-2.6208,104.7419,0.0450,1.384,TAKEOFF,0.0000,0.0000,0.0000,0.0000
314432,gimbal,dynamic,104.2479,13.93,314.43,0.5637,-2.6169,104.7774,0.0539,1.433,TAKEOFF,0.0000,0.0000,0.0000,0.0000
314532,gimbal,dynamic,104.2877,13.94,314.53,0.5596,-2.6118,104.8130,0.0628,1.483,TAKEOFF,0.0000,0.0000,0.0000,0.0000
314632,gimbal,dynamic,104.3262,13.95,314.63,0.5571,-2.6065,104.8489,0.0718,1.542,TAKEOFF,0.0000,0.0000,0.0000,0.0000
314732,gimbal,dynamic,104.3639,13.96,314.73,0.5554,-2.6004,104.8849,0.0808,1.600,TAKEOFF,0.0000,0.0000,0.0000,0.0000
314832,gimbal,dynamic,104.4004,13.97,314.83,0.5551,-2.5944,104.9210,0.0898,1.666,TAKEOFF,0.0000,0.0000,0.0000,0.0000
314932,gimbal,dynamic,104.4362,13.98,314.93,0.5557,-2.5882,104.9573,0.0989,1.728,TAKEOFF,0.0000,0.0000,0.0000,0.0000
315032,gimbal,dynamic,104.4721,13.99,315.03,0.5564,-2.5835,104.9938,0.1080,1.797,TAKEOFF,0.0000,0.0000,0.0000,0.0000
315132,gimbal,dynamic,104.5075,14.00,315.13,0.5577,-2.5791,105.0304,0.1172,1.862,TAKEOFF,0.0000,0.0000,0.0000,0.0000
315232,gimbal,dynamic,104.5428,14.01,315.23,0.5593,-2.5759,105.0672,0.1264,1.932,TAKEOFF,0.0000,0.0000,0.0000,0.0000
315332,gimbal,dynamic,104.5779,14.01,315.33,0.5613,-2.5735,105.1041,0.1356,1.997,TAKEOFF,0.0000,0.0000,0.0000,0.0000
315432,gimbal,dynamic,104.6128,14.02,315.43,0.5636,-2.5714,105.1412,0.1449,2.066,TAKEOFF,0.0000,0.0000,0.0000,0.0000
315532,gimbal,dynamic,104.6482,12.96,315.53,0.5656,-2.5698,105.1784,0.1537,2.127,TAKEOFF,0.0000,0.0000,0.0000,0.0000
315632,gimbal,dynamic,104.6840,11.70,315.63,0.5673,-2.5690,105.2157,0.1617,2.192,TAKEOFF,0.0000,0.0000,0.0000,0.0000
315732,gimbal,dynamic,104.7197,10.42,315.73,0.5693,-2.5684,105.2532,0.1689,2.249,TAKEOFF,0.0000,0.0000,0.0000,0.0000
315832,gimbal,dynamic,104.7553,9.13,315.83,0.5714,-2.5677,105.2908,0.1753,2.307,TAKEOFF,0.0000,0.0000,0.0000,0.0000
315932,gimbal,dynamic,104.7904,7.83,315.93,0.5741,-2.5667,105.3285,0.1808,2.357,TAKEOFF,0.0000,0.0000,0.0000,0.0000
316032,gimbal,dynamic,104.8257,6.53,316.03,0.5767,-2.5654,105.3664,0.1854,2.409,TAKEOFF,0.0000,0.0000,0.0000,0.0000
316132,gimbal,dynamic,104.8617,5.22,316.13,0.5788,-2.5639,105.4043,0.1892,2.453,TAKEOFF,0.0000,0.0000,0.0000,0.0000
316232,gimbal,dynamic,104.8973,3.92,316.23,0.5813,-2.5621,105.4424,0.1921,2.497,TAKEOFF,0.0000,0.0000,0.0000,0.0000
316332,gimbal,dynamic,104.9330,2.69,316.33,0.5838,-2.5603,105.4807,0.1942,2.534,SEARCH,4.7089,1.2807,0.0000,-0.1399
316432,gimbal,dynamic,104.9671,2.24,316.43,0.5880,-2.5584,105.5190,0.1954,2.548,SEARCH,4.7074,1.2798,0.0000,-0.1355
316532,gimbal,dynamic,104.9943,2.72,316.53,0.5991,-2.5534,105.5574,0.1957,2.554,SEARCH,4.7043,1.2785,0.0000,-0.1339
316632,gimbal,dynamic,105.0071,4.17,316.63,0.6245,-2.5410,105.5959,0.1953,2.555,SEARCH,4.6956,1.2744,0.0000,-0.1335
316732,gimbal,dynamic,105.0064,5.82,316.73,0.6633,-2.5216,105.6346,0.1940,2.553,SEARCH,4.6806,1.2669,0.0000,-0.1341
316832,gimbal,dynamic,104.9842,7.80,316.83,0.7234,-2.4914,105.6733,0.1918,2.548,SEARCH,4.6556,1.2544,0.0000,-0.1356
316932,gimbal,dynamic,104.9445,9.45,316.93,0.8009,-2.4518,105.7122,0.1889,2.540,SEARCH,4.6243,1.2386,0.0000,-0.1381
317032,gimbal,dynamic,104.8976,10.69,317.03,0.8855,-2.4071,105.7511,0.1852,2.530,SEARCH,4.5826,1.2170,0.0000,-0.1409
317132,gimbal,dynamic,104.8322,11.39,317.13,0.9885,-2.3518,105.7901,0.1806,2.520,SEARCH,4.5380,1.1933,0.0000,-0.1441
317232,gimbal,dynamic,104.7664,11.51,317.23,1.0919,-2.2961,105.8292,0.1754,2.510,SEARCH,4.4846,1.1645,0.0000,-0.1470
317332,gimbal,dynamic,104.6845,11.05,317.33,1.2114,-2.2323,105.8684,0.1693,2.501,SEARCH,4.4315,1.1359,0.0000,-0.1496
317432,gimbal,dynamic,104.6067,10.12,317.43,1.3270,-2.1717,105.9077,0.1626,2.494,SEARCH,4.3705,1.1036,0.0000,-0.1518
317532,gimbal,dynamic,104.5147,8.80,317.53,1.4568,-2.1062,105.9470,0.1551,2.489,SEARCH,4.3118,1.0732,0.0000,-0.1533
317632,gimbal,dynamic,104.4301,7.23,317.63,1.5794,-2.0470,105.9864,0.1470,2.486,SEARCH,4.2513,1.0432,0.0000,-0.1542
317732,gimbal,dynamic,104.3337,5.57,317.73,1.7137,-1.9848,106.0259,0.1382,2.485,SEARCH,4.1845,1.0114,0.0000,-0.1545
317832,gimbal,dynamic,104.2474,3.89,317.83,1.8383,-1.9299,106.0654,0.1288,2.485,SEARCH,4.1172,0.9808,0.0000,-0.1544
317932,gimbal,dynamic,104.1618,2.72,317.93,1.9623,-1.8773,106.1050,0.1190,2.487,SEARCH,4.0549,0.9539,0.0000,-0.1538
318032,gimbal,dynamic,104.0674,2.03,318.03,2.0952,-1.8224,106.1446,0.1091,2.491,SEARCH,3.9881,0.9258,0.0000,-0.1527
318132,gimbal,dynamic,103.9850,1.55,318.13,2.2161,-1.7739,106.1843,0.0991,2.495,SEARCH,3.9271,0.9009,0.0000,-0.1514
318232,gimbal,dynamic,103.8947,1.23,318.23,2.3452,-1.7230,106.2241,0.0892,2.501,SEARCH,3.8620,0.8751,0.0000,-0.1498
318332,gimbal,dynamic,103.8075,1.09,318.33,2.4712,-1.6734,106.2638,0.0793,2.506,SEARCH,3.8030,0.8519,0.0000,-0.1482
318432,gimbal,dynamic,103.7325,1.11,318.43,2.5851,-1.6284,106.3037,0.0693,2.513,SEARCH,3.7453,0.8291,0.0000,-0.1462
318532,gimbal,dynamic,103.6594,1.23,318.53,2.6971,-1.5837,106.3435,0.0593,2.519,SEARCH,3.6840,0.8048,0.0000,-0.1444
318632,gimbal,dynamic,103.5792,1.44,318.63,2.8164,-1.5356,106.3834,0.0494,2.525,SEARCH,3.6238,0.7807,0.0000,-0.1425
318732,gimbal,dynamic,103.5099,1.66,318.73,2.9247,-1.4913,106.4233,0.0394,2.531,SEARCH,3.5691,0.7586,0.0000,-0.1407
318832,gimbal,dynamic,103.4333,1.92,318.83,3.0405,-1.4436,106.4633,0.0294,2.537,SEARCH,3.5109,0.7346,0.0000,-0.1389
318932,gimbal,dynamic,103.3576,2.13,318.93,3.1554,-1.3965,106.5032,0.0194,2.543,SEARCH,3.4576,0.7127,0.0000,-0.1372
319032,gimbal,dynamic,103.2917,2.32,319.03,3.2605,-1.3542,106.5432,0.0094,2.548,SEARCH,3.4004,0.6894,0.0000,-0.1356
319132,gimbal,dynamic,103.2180,2.45,319.13,3.3735,-1.3096,106.5832,-0.0006,2.553,SEARCH,3.3480,0.6685,0.0000,-0.1342
319232,gimbal,dynamic,103.1535,2.54,319.23,3.4774,-1.2691,106.6232,-0.0106,2.558,SEARCH,3.2916,0.6463,0.0000,-0.1327
319332,gimbal,dynamic,103.0811,2.57,319.33,3.5892,-1.2262,106.6632,-0.0206,2.562,SEARCH,3.2398,0.6263,0.0000,-0.1313
319432,gimbal,dynamic,103.0175,2.56,319.43,3.6922,-1.1875,106.7032,-0.0306,2.567,SEARCH,3.1840,0.6050,0.0000,-0.1298
319532,gimbal,dynamic,102.9450,2.53,319.53,3.8041,-1.1469,106.7432,-0.0406,2.572,SEARCH,3.1324,0.5858,0.0000,-0.1285
319632,gimbal,dynamic,102.8808,2.47,319.63,3.9079,-1.1110,106.7832,-0.0506,2.576,SEARCH,3.0763,0.5659,0.0000,-0.1271
319732,gimbal,dynamic,102.8075,2.40,319.73,4.0207,-1.0739,106.8232,-0.0606,2.581,SEARCH,3.0244,0.5483,0.0000,-0.1257
319832,gimbal,dynamic,102.7435,2.33,319.83,4.1242,-1.0410,106.8631,-0.0706,2.586,SEARCH,2.9680,0.5300,0.0000,-0.1243
319932,gimbal,dynamic,102.6801,2.27,319.93,4.2272,-1.0098,106.9031,-0.0805,2.591,SEARCH,2.9164,0.5139,0.0000,-0.1227
320032,gimbal,dynamic,102.6082,2.22,320.03,4.3386,-0.9784,106.9430,-0.0905,2.596,SEARCH,2.8650,0.4987,0.0000,-0.1211
320132,gimbal,dynamic,102.5368,2.19,320.13,4.4496,-0.9490,106.9829,-0.1005,2.602,SEARCH,2.8093,0.4834,0.0000,-0.1193
320232,gimbal,dynamic,102.4748,2.17,320.23,4.5512,-0.9230,107.0227,-0.1105,2.608,SEARCH,2.7540,0.4690,0.0000,-0.1177
320332,gimbal,dynamic,102.4133,2.17,320.33,4.6522,-0.8983,107.0625,-0.1204,2.613,SEARCH,2.7033,0.4563,0.0000,-0.1161
320432,gimbal,dynamic,102.3444,2.18,320.43,4.7606,-0.8731,107.1023,-0.1304,2.618,SEARCH,2.6488,0.4433,0.0000,-0.1146
320532,gimbal,dynamic,102.2847,2.20,320.53,4.8598,-0.8507,107.1420,-0.1403,2.623,SEARCH,2.5990,0.4318,0.0000,-0.1132
320632,gimbal,dynamic,102.2169,2.23,320.63,4.9670,-0.8271,107.1817,-0.1502,2.627,SEARCH,2.5454,0.4198,0.0000,-0.1118
320732,gimbal,dynamic,102.1488,2.25,320.73,5.0745,-0.8041,107.2213,-0.1601,2.631,SEARCH,2.4958,0.4091,0.0000,-0.1107
320832,gimbal,dynamic,102.0887,2.28,320.83,5.1741,-0.7833,107.2609,-0.1700,2.634,SEARCH,2.4420,0.3977,0.0000,-0.1097
320932,gimbal,dynamic,102.0199,2.30,320.93,5.2821,-0.7611,107.3004,-0.1799,2.637,SEARCH,2.3922,0.3874,0.0000,-0.1089
321032,gimbal,dynamic,101.9591,2.31,321.03,5.3823,-0.7407,107.3399,-0.1898,2.640,SEARCH,2.3381,0.3763,0.0000,-0.1079
321132,gimbal,dynamic,101.8892,2.32,321.13,5.4914,-0.7189,107.3793,-0.1996,2.643,SEARCH,2.2879,0.3661,0.0000,-0.1070
321232,gimbal,dynamic,101.8276,2.33,321.23,5.5922,-0.6996,107.4186,-0.2094,2.646,SEARCH,2.2332,0.3554,0.0000,-0.1062
321332,gimbal,dynamic,101.7583,2.40,321.33,5.7006,-0.6797,107.4578,-0.2192,2.648,SEARCH,2.1830,0.3459,0.0000,-0.1055
321432,gimbal,dynamic,101.6975,3.18,321.43,5.8004,-0.6624,107.4970,-0.2286,2.651,SEARCH,2.1289,0.3362,0.0000,-0.1046
321532,gimbal,dynamic,101.6364,4.00,321.53,5.9005,-0.6460,107.5360,-0.2373,2.653,SEARCH,2.0790,0.3278,0.0000,-0.1040
321632,gimbal,dynamic,101.5663,4.85,321.63,6.0095,-0.6293,107.5750,-0.2455,2.655,SEARCH,2.0246,0.3191,0.0000,-0.1034
321732,gimbal,dynamic,101.4959,5.73,321.73,6.1187,-0.6140,107.6139,-0.2530,2.657,SEARCH,1.9743,0.3116,0.0000,-0.1029
321832,gimbal,dynamic,101.4338,6.64,321.83,6.2195,-0.6011,107.6528,-0.2598,2.659,SEARCH,1.9197,0.3042,0.0000,-0.1022
321932,gimbal,dynamic,101.3721,7.59,321.93,6.3199,-0.5897,107.6915,-0.2660,2.662,SEARCH,1.8693,0.2981,0.0000,-0.1014
322032,gimbal,dynamic,101.3026,8.57,322.03,6.4280,-0.5788,107.7301,-0.2715,2.665,SEARCH,1.8151,0.2923,0.0000,-0.1004
322132,gimbal,dynamic,101.2332,9.58,322.13,6.5358,-0.5690,107.7686,-0.2762,2.669,SEARCH,1.7653,0.2874,0.0000,-0.0993
322232,gimbal,dynamic,101.1719,10.62,322.23,6.6355,-0.5606,107.8070,-0.2803,2.673,SEARCH,1.7114,0.2827,0.0000,-0.0981
322332,gimbal,dynamic,101.1027,11.69,322.33,6.7430,-0.5518,107.8453,-0.2836,2.677,SEARCH,1.6615,0.2786,0.0000,-0.0969
322432,gimbal,dynamic,101.0423,12.78,322.43,6.8415,-0.5442,107.8835,-0.2862,2.681,SEARCH,1.6080,0.2743,0.0000,-0.0957
322532,gimbal,dynamic,100.9825,13.90,322.53,6.9393,-0.5368,107.9215,-0.2881,2.685,SEARCH,1.5588,0.2706,0.0000,-0.0944
322632,gimbal,dynamic,100.9149,15.03,322.63,7.0449,-0.5288,107.9595,-0.2892,2.691,SEARCH,1.5059,0.2666,0.0000,-0.0928
322732,gimbal,dynamic,100.8480,16.17,322.73,7.1496,-0.5204,107.9973,-0.2895,2.696,SEARCH,1.4574,0.2628,0.0000,-0.0913
322832,gimbal,dynamic,100.7896,17.33,322.83,7.2457,-0.5124,108.0350,-0.2891,2.701,SEARCH,1.4092,0.2589,0.0000,-0.0897
322932,gimbal,dynamic,100.7225,18.49,322.93,7.3502,-0.5038,108.0726,-0.2880,2.706,SEARCH,1.3571,0.2545,0.0000,-0.0882
323032,gimbal,dynamic,100.6629,19.65,323.03,7.4474,-0.4956,108.1100,-0.2861,2.711,SEARCH,1.3047,0.2502,0.0000,-0.0866
323132,gimbal,dynamic,100.5942,20.81,323.13,7.5533,-0.4859,108.1473,-0.2834,2.716,SEARCH,1.2560,0.2460,0.0000,-0.0852
323232,gimbal,dynamic,100.5335,21.96,323.23,7.6512,-0.4769,108.1845,-0.2800,2.720,SEARCH,1.2029,0.2411,0.0000,-0.0839
323332,gimbal,dynamic,100.4644,23.10,323.33,7.7572,-0.4673,108.2215,-0.2759,2.724,SEARCH,1.1540,0.2365,0.0000,-0.0827
323432,gimbal,dynamic,100.4027,24.22,323.43,7.8558,-0.4599,108.2584,-0.2711,2.728,SEARCH,1.1009,0.2320,0.0000,-0.0817
323532,gimbal,dynamic,100.3319,25.33,323.53,7.9634,-0.4538,108.2951,-0.2655,2.732,SEARCH,1.0514,0.2286,0.0000,-0.0805
323632,gimbal,dynamic,100.2695,26.42,323.63,8.0624,-0.4503,108.3317,-0.2592,2.735,SEARCH,0.9976,0.2261,0.0000,-0.0794
323732,gimbal,dynamic,100.1990,27.49,323.73,8.1693,-0.4480,108.3681,-0.2523,2.739,SEARCH,0.9483,0.2246,0.0000,-0.0783
323832,gimbal,dynamic,100.1366,28.54,323.83,8.2679,-0.4471,108.4044,-0.2446,2.742,SEARCH,0.8948,0.2237,0.0000,-0.0774
323932,gimbal,dynamic,100.0658,29.58,323.93,8.3749,-0.4477,108.4405,-0.2364,2.745,SEARCH,0.8455,0.2236,0.0000,-0.0766
324032,gimbal,dynamic,100.0035,30.34,324.03,8.4732,-0.4490,108.4764,-0.2275,2.747,SEARCH,0.7962,0.2240,0.0000,-0.0758
324132,gimbal,dynamic,99.9342,30.34,324.13,8.5783,-0.4505,108.5122,-0.2185,2.751,SEARCH,0.7431,0.2248,0.0000,-0.0747
324232,gimbal,dynamic,99.8752,30.34,324.23,8.6729,-0.4510,108.5479,-0.2096,2.756,SEARCH,0.6949,0.2254,0.0000,-0.0733
324332,gimbal,dynamic,99.8194,30.34,324.33,8.7642,-0.4502,108.5833,-0.2008,2.760,SEARCH,0.6443,0.2254,0.0000,-0.0719
324432,gimbal,dynamic,99.7600,30.35,324.43,8.8590,-0.4479,108.6186,-0.1919,2.766,SEARCH,0.5994,0.2247,0.0000,-0.0702
324532,gimbal,dynamic,99.7117,30.35,324.53,8.9424,-0.4446,108.6537,-0.1832,2.771,SEARCH,0.5529,0.2234,0.0000,-0.0686
324632,gimbal,dynamic,99.6618,30.36,324.63,9.0272,-0.4392,108.6887,-0.1744,2.777,SEARCH,0.5088,0.2212,0.0000,-0.0670
324732,gimbal,dynamic,99.6181,30.36,324.73,9.1058,-0.4317,108.7235,-0.1657,2.782,SEARCH,0.4709,0.2183,0.0000,-0.0654
324832,gimbal,dynamic,99.5853,30.37,324.83,9.1732,-0.4238,108.7581,-0.1571,2.788,SEARCH,0.4328,0.2143,0.0000,-0.0637
324932,gimbal,dynamic,99.5514,30.37,324.93,9.2414,-0.4147,108.7925,-0.1485,2.793,SEARCH,0.4000,0.2102,0.0000,-0.0622
325032,gimbal,dynamic,99.5260,30.37,325.03,9.3011,-0.4063,108.8267,-0.1399,2.799,SEARCH,0.3667,0.2056,0.0000,-0.0604
325132,gimbal,dynamic,99.4993,30.37,325.13,9.3619,-0.3970,108.8608,-0.1314,2.804,SEARCH,0.3375,0.2014,0.0000,-0.0587
325232,gimbal,dynamic,99.4812,30.36,325.23,9.4138,-0.3880,108.8947,-0.1229,2.810,SEARCH,0.3080,0.1967,0.0000,-0.0570
325332,gimbal,dynamic,99.4622,30.36,325.33,9.4665,-0.3772,108.9284,-0.1145,2.816,SEARCH,0.2828,0.1920,0.0000,-0.0552
325432,gimbal,dynamic,99.4498,30.36,325.43,9.5124,-0.3661,108.9619,-0.1061,2.822,SEARCH,0.2570,0.1864,0.0000,-0.0533
325532,gimbal,dynamic,99.4363,30.36,325.53,9.5593,-0.3529,108.9952,-0.0978,2.828,SEARCH,0.2346,0.1806,0.0000,-0.0515
325632,gimbal,dynamic,99.4290,30.37,325.63,9.5996,-0.3396,109.0283,-0.0895,2.835,SEARCH,0.2118,0.1737,0.0000,-0.0496
325732,gimbal,dynamic,99.4212,30.37,325.73,9.6404,-0.3242,109.0613,-0.0813,2.840,SEARCH,0.1922,0.1669,0.0000,-0.0481
325832,gimbal,dynamic,99.4188,30.38,325.83,9.6755,-0.3096,109.0940,-0.0731,2.844,SEARCH,0.1724,0.1591,0.0000,-0.0467
325932,gimbal,dynamic,99.4186,30.38,325.93,9.7082,-0.2951,109.1265,-0.0649,2.849,SEARCH,0.1553,0.1518,0.0000,-0.0454
326032,gimbal,dynamic,99.4182,30.38,326.03,9.7409,-0.2794,109.1589,-0.0569,2.853,SEARCH,0.1382,0.1439,0.0000,-0.0442
326132,gimbal,dynamic,99.4201,30.37,326.13,9.7712,-0.2642,109.1911,-0.0488,2.856,SEARCH,0.1236,0.1368,0.0000,-0.0432
326232,gimbal,dynamic,99.4256,30.37,326.23,9.7976,-0.2500,109.2230,-0.0408,2.859,SEARCH,0.1099,0.1298,0.0000,-0.0423
326332,gimbal,dynamic,99.4307,30.37,326.33,9.8244,-0.2347,109.2548,-0.0329,2.861,SEARCH,0.0960,0.1221,0.0000,-0.0416
326432,gimbal,dynamic,99.4388,30.37,326.43,9.8478,-0.2207,109.2864,-0.0250,2.863,SEARCH,0.0829,0.1144,0.0000,-0.0410
326532,gimbal,dynamic,99.4463,30.37,326.53,9.8716,-0.2060,109.3178,-0.0171,2.865,SEARCH,0.0714,0.1075,0.0000,-0.0404
326632,gimbal,dynamic,99.4568,30.36,326.63,9.8923,-0.1934,109.3489,-0.0094,2.867,SEARCH,0.0598,0.1003,0.0000,-0.0399
326732,gimbal,dynamic,99.4670,30.36,326.73,9.9131,-0.1803,109.3799,-0.0016,2.869,SEARCH,0.0497,0.0941,0.0000,-0.0394
326832,gimbal,dynamic,99.4803,30.36,326.83,9.9306,-0.1683,109.4107,0.0061,2.870,SEARCH,0.0397,0.0876,0.0000,-0.0390
326932,gimbal,dynamic,99.4938,30.36,326.93,9.9476,-0.1558,109.4413,0.0137,2.872,SEARCH,0.0313,0.0817,0.0000,-0.0385
327032,gimbal,dynamic,99.5100,30.35,327.03,9.9618,-0.1445,109.4717,0.0213,2.873,SEARCH,0.0238,0.0760,0.0000,-0.0380
327132,gimbal,dynamic,99.5273,30.35,327.13,9.9747,-0.1334,109.5018,0.0289,2.875,SEARCH,0.0164,0.0699,0.0000,-0.0375
327232,gimbal,dynamic,99.5443,30.36,327.23,9.9876,-0.1221,109.5318,0.0364,2.877,SEARCH,0.0096,0.0640,0.0000,-0.0369
327332,gimbal,dynamic,99.5619,30.36,327.33,9.9999,-0.1116,109.5616,0.0438,2.879,SEARCH,0.0038,0.0590,0.0000,-0.0362
327432,gimbal,dynamic,99.5806,30.36,327.43,10.0107,-0.1026,109.5912,0.0512,2.882,SEARCH,-0.0022,0.0539,0.0000,-0.0355
327532,gimbal,dynamic,99.6005,30.36,327.53,10.0202,-0.0942,109.6206,0.0586,2.884,SEARCH,-0.0074,0.0495,0.0000,-0.0348
327632,gimbal,dynamic,99.6207,30.36,327.63,10.0291,-0.0854,109.6497,0.0659,2.886,SEARCH,-0.0119,0.0454,0.0000,-0.0341
327732,gimbal,dynamic,99.6417,30.36,327.73,10.0371,-0.0770,109.6787,0.0731,2.889,SEARCH,-0.0161,0.0411,0.0000,-0.0334
327832,gimbal,dynamic,99.6639,30.36,327.83,10.0437,-0.0696,109.7075,0.0803,2.891,SEARCH,-0.0197,0.0372,0.0000,-0.0327
327932,gimbal,dynamic,99.6864,30.36,327.93,10.0498,-0.0624,109.7361,0.0874,2.893,SEARCH,-0.0231,0.0334,0.0000,-0.0321
328032,gimbal,dynamic,99.7100,30.36,328.03,10.0546,-0.0555,109.7645,0.0945,2.895,SEARCH,-0.0258,0.0301,0.0000,-0.0314
328132,gimbal,dynamic,99.7332,30.36,328.13,10.0595,-0.0476,109.7927,0.1016,2.898,SEARCH,-0.0283,0.0263,0.0000,-0.0307
328232,gimbal,dynamic,99.7567,30.36,328.23,10.0641,-0.0400,109.8207,0.1086,2.900,SEARCH,-0.0307,0.0223,0.0000,-0.0300
328332,gimbal,dynamic,99.7788,29.58,328.33,10.0698,-0.0310,109.8485,0.1153,2.902,SEARCH,-0.0331,0.0183,0.0000,-0.0294
328432,gimbal,dynamic,99.8006,28.19,328.43,10.0756,-0.0231,109.8761,0.1214,2.904,SEARCH,-0.0361,0.0138,0.0000,-0.0288
328532,gimbal,dynamic,99.8220,26.72,328.53,10.0816,-0.0151,109.9035,0.1266,2.906,SEARCH,-0.0390,0.0100,0.0000,-0.0282
328632,gimbal,dynamic,99.8441,25.19,328.63,10.0867,-0.0084,109.9307,0.1311,2.908,SEARCH,-0.0419,0.0061,0.0000,-0.0275
328732,gimbal,dynamic,99.8664,23.59,328.73,10.0915,-0.0018,109.9577,0.1349,2.910,SEARCH,-0.0443,0.0029,0.0000,-0.0270
328832,gimbal,dynamic,99.8894,21.92,328.83,10.0952,0.0035,109.9846,0.1377,2.912,SEARCH,-0.0466,-0.0002,0.0000,-0.0264
328932,gimbal,dynamic,99.9133,20.20,328.93,10.0980,0.0079,110.0112,0.1398,2.913,SEARCH,-0.0482,-0.0027,0.0000,-0.0260
329032,gimbal,dynamic,99.9378,18.42,329.03,10.0999,0.0119,110.0377,0.1411,2.915,SEARCH,-0.0495,-0.0049,0.0000,-0.0256
329132,gimbal,dynamic,99.9630,16.59,329.13,10.1010,0.0151,110.0639,0.1415,2.916,SEARCH,-0.0502,-0.0066,0.0000,-0.0253
329232,gimbal,dynamic,99.9890,14.72,329.23,10.1011,0.0182,110.0900,0.1410,2.916,SEARCH,-0.0506,-0.0083,0.0000,-0.0251
329332,gimbal,dynamic,100.0162,12.82,329.33,10.0998,0.0211,110.1159,0.1397,2.917,SEARCH,-0.0504,-0.0097,0.0000,-0.0249
329432,gimbal,dynamic,100.0442,10.89,329.43,10.0975,0.0240,110.1417,0.1376,2.917,SEARCH,-0.0495,-0.0111,0.0000,-0.0248
329532,gimbal,dynamic,100.0732,8.93,329.53,10.0941,0.0276,110.1672,0.1346,2.918,SEARCH,-0.0481,-0.0127,0.0000,-0.0247
329632,gimbal,dynamic,100.1021,6.97,329.63,10.0905,0.0316,110.1926,0.1307,2.918,SEARCH,-0.0463,-0.0146,0.0000,-0.0246
329732,gimbal,dynamic,100.1314,5.02,329.73,10.0864,0.0362,110.2178,0.1260,2.918,SEARCH,-0.0445,-0.0167,0.0000,-0.0245
329832,gimbal,dynamic,100.1607,3.07,329.83,10.0821,0.0401,110.2428,0.1204,2.919,SEARCH,-0.0425,-0.0188,0.0000,-0.0244
329932,gimbal,dynamic,100.1903,2.27,329.93,10.0774,0.0437,110.2676,0.1142,2.919,SEARCH,-0.0401,-0.0208,0.0000,-0.0242
330032,gimbal,dynamic,100.2194,2.27,330.03,10.0729,0.0467,110.2923,0.1080,2.920,SEARCH,-0.0378,-0.0225,0.0000,-0.0240
330132,gimbal,dynamic,100.2488,2.27,330.13,10.0680,0.0492,110.3168,0.1019,2.921,SEARCH,-0.0355,-0.0239,0.0000,-0.0238
330232,gimbal,dynamic,100.2775,2.27,330.23,10.0636,0.0508,110.3411,0.0958,2.922,SEARCH,-0.0330,-0.0250,0.0000,-0.0235
330332,gimbal,dynamic,100.3057,2.27,330.33,10.0596,0.0518,110.3653,0.0898,2.923,SEARCH,-0.0310,-0.0256,0.0000,-0.0232
330432,gimbal,dynamic,100.3329,2.27,330.43,10.0565,0.0521,110.3893,0.0838,2.924,SEARCH,-0.0291,-0.0260,0.0000,-0.0229
330532,gimbal,dynamic,100.3596,2.28,330.53,10.0536,0.0519,110.4132,0.0778,2.925,SEARCH,-0.0276,-0.0261,0.0000,-0.0225
330632,gimbal,dynamic,100.3857,2.28,330.63,10.0512,0.0514,110.4369,0.0719,2.926,SEARCH,-0.0264,-0.0259,0.0000,-0.0221
330732,gimbal,dynamic,100.4115,2.28,330.73,10.0489,0.0508,110.4604,0.0660,2.928,SEARCH,-0.0251,-0.0256,0.0000,-0.0217
330832,gimbal,dynamic,100.4372,2.28,330.83,10.0466,0.0497,110.4838,0.0601,2.929,SEARCH,-0.0240,-0.0252,0.0000,-0.0212
330932,gimbal,dynamic,100.4626,2.29,330.93,10.0444,0.0480,110.5070,0.0543,2.930,SEARCH,-0.0229,-0.0246,0.0000,-0.0209
331032,gimbal,dynamic,100.4877,2.29,331.03,10.0424,0.0459,110.5301,0.0486,2.931,SEARCH,-0.0218,-0.0236,0.0000,-0.0206
331132,gimbal,dynamic,100.5122,2.29,331.13,10.0409,0.0434,110.5531,0.0428,2.933,SEARCH,-0.0209,-0.0225,0.0000,-0.0202
331232,gimbal,dynamic,100.5355,2.29,331.23,10.0404,0.0404,110.5759,0.0371,2.934,SEARCH,-0.0203,-0.0211,0.0000,-0.0199
331332,gimbal,dynamic,100.5577,2.29,331.33,10.0409,0.0376,110.5986,0.0314,2.935,SEARCH,-0.0202,-0.0196,0.0000,-0.0196
331432,gimbal,dynamic,100.5793,2.29,331.43,10.0418,0.0348,110.6211,0.0258,2.936,SEARCH,-0.0206,-0.0182,0.0000,-0.0193
331532,gimbal,dynamic,100.6003,2.29,331.53,10.0433,0.0314,110.6435,0.0202,2.937,SEARCH,-0.0211,-0.0168,0.0000,-0.0190
331632,gimbal,dynamic,100.6202,2.29,331.63,10.0456,0.0272,110.6658,0.0146,2.938,SEARCH,-0.0220,-0.0150,0.0000,-0.0186
331732,gimbal,dynamic,100.6392,2.29,331.73,10.0487,0.0220,110.6880,0.0091,2.939,SEARCH,-0.0234,-0.0126,0.0000,-0.0184
331832,gimbal,dynamic,100.6586,2.29,331.83,10.0514,0.0172,110.7100,0.0036,2.940,SEARCH,-0.0249,-0.0100,0.0000,-0.0181
331932,gimbal,dynamic,100.6779,2.29,331.93,10.0540,0.0122,110.7319,-0.0019,2.940,SEARCH,-0.0262,-0.0076,0.0000,-0.0179
332032,gimbal,dynamic,100.6982,2.29,332.03,10.0556,0.0080,110.7537,-0.0073,2.941,SEARCH,-0.0273,-0.0054,0.0000,-0.0177
332132,gimbal,dynamic,100.7195,2.29,332.13,10.0559,0.0046,110.7754,-0.0128,2.942,SEARCH,-0.0279,-0.0032,0.0000,-0.0175
332232,gimbal,dynamic,100.7415,2.28,332.23,10.0555,0.0015,110.7970,-0.0182,2.943,SEARCH,-0.0279,-0.0015,0.0000,-0.0172
332332,gimbal,dynamic,100.7634,2.28,332.33,10.0551,-0.0005,110.8184,-0.0235,2.943,SEARCH,-0.0276,-0.0003,0.0000,-0.0170
332432,gimbal,dynamic,100.7855,2.27,332.43,10.0544,-0.0013,110.8398,-0.0289,2.944,SEARCH,-0.0274,0.0005,0.0000,-0.0167
332532,gimbal,dynamic,100.8075,2.27,332.53,10.0535,-0.0013,110.8611,-0.0342,2.945,SEARCH,-0.0270,0.0007,0.0000,-0.0165
332632,gimbal,dynamic,100.8294,2.26,332.63,10.0528,-0.0014,110.8823,-0.0395,2.946,SEARCH,-0.0266,0.0006,0.0000,-0.0162
332732,gimbal,dynamic,100.8517,2.26,332.73,10.0517,-0.0024,110.9033,-0.0447,2.947,SEARCH,-0.0262,0.0008,0.0000,-0.0160
332832,gimbal,dynamic,100.8741,2.26,332.83,10.0502,-0.0041,110.9243,-0.0500,2.948,SEARCH,-0.0256,0.0015,0.0000,-0.0157
332932,gimbal,dynamic,100.8974,2.26,332.93,10.0478,-0.0056,110.9452,-0.0552,2.948,SEARCH,-0.0247,0.0024,0.0000,-0.0155
333032,gimbal,dynamic,100.9216,2.26,333.03,10.0444,-0.0073,110.9661,-0.0604,2.949,SEARCH,-0.0233,0.0031,0.0000,-0.0152
333132,gimbal,dynamic,100.9465,2.26,333.13,10.0403,-0.0092,110.9868,-0.0656,2.950,SEARCH,-0.0214,0.0040,0.0000,-0.0149
333232,gimbal,dynamic,100.9713,2.26,333.23,10.0362,-0.0113,111.0075,-0.0708,2.951,SEARCH,-0.0193,0.0050,0.0000,-0.0147
333332,gimbal,dynamic,100.9962,2.26,333.33,10.0319,-0.0140,111.0281,-0.0759,2.952,SEARCH,-0.0173,0.0062,0.0000,-0.0144
333432,gimbal,dynamic,101.0208,2.26,333.43,10.0279,-0.0167,111.0486,-0.0811,2.953,SEARCH,-0.0151,0.0076,0.0000,-0.0142
333532,gimbal,dynamic,101.0454,2.26,333.53,10.0237,-0.0197,111.0691,-0.0862,2.953,SEARCH,-0.0131,0.0090,0.0000,-0.0140
333632,gimbal,dynamic,101.0702,2.26,333.63,10.0193,-0.0226,111.0895,-0.0913,2.954,SEARCH,-0.0108,0.0106,0.0000,-0.0138
333732,gimbal,dynamic,101.0945,2.27,333.73,10.0153,-0.0249,111.1099,-0.0964,2.955,SEARCH,-0.0089,0.0118,0.0000,-0.0135
333832,gimbal,dynamic,101.1182,2.27,333.83,10.0120,-0.0266,111.1302,-0.1015,2.956,SEARCH,-0.0070,0.0128,0.0000,-0.0133
333932,gimbal,dynamic,101.1414,2.27,333.93,10.0090,-0.0277,111.1504,-0.1065,2.956,SEARCH,-0.0053,0.0135,0.0000,-0.0132
334032,gimbal,dynamic,101.1636,2.27,334.03,10.0071,-0.0286,111.1706,-0.1116,2.957,SEARCH,-0.0041,0.0140,0.0000,-0.0130
334132,gimbal,dynamic,101.1854,2.27,334.13,10.0055,-0.0295,111.1908,-0.1166,2.957,SEARCH,-0.0032,0.0145,0.0000,-0.0128
334232,gimbal,dynamic,101.2065,2.27,334.23,10.0045,-0.0300,111.2110,-0.1217,2.958,SEARCH,-0.0025,0.0149,0.0000,-0.0125
334332,gimbal,dynamic,101.2276,2.27,334.33,10.0036,-0.0300,111.2311,-0.1267,2.959,SEARCH,-0.0021,0.0151,0.0000,-0.0123
334432,gimbal,dynamic,101.2482,2.27,334.43,10.0030,-0.0294,111.2512,-0.1317,2.960,SEARCH,-0.0016,0.0149,0.0000,-0.0121
334532,gimbal,dynamic,101.2689,2.27,334.53,10.0023,-0.0285,111.2712,-0.1367,2.960,SEARCH,-0.0014,0.0145,0.0000,-0.0119
334632,gimbal,dynamic,101.2901,2.27,334.63,10.0013,-0.0272,111.2913,-0.1417,2.961,SEARCH,-0.0009,0.0139,0.0000,-0.0117
334732,gimbal,dynamic,101.3115,2.27,334.73,9.9998,-0.0260,111.3113,-0.1467,2.962,SEARCH,-0.0004,0.0134,0.0000,-0.0115
334832,gimbal,dynamic,101.3335,2.27,334.83,9.9979,-0.0248,111.3313,-0.1517,2.962,SEARCH,0.0004,0.0127,0.0000,-0.0113
334932,gimbal,dynamic,101.3563,2.28,334.93,9.9951,-0.0230,111.3513,-0.1567,2.963,SEARCH,0.0016,0.0121,0.0000,-0.0111
335032,gimbal,dynamic,101.3798,2.28,335.03,9.9916,-0.0211,111.3713,-0.1617,2.963,SEARCH,0.0032,0.0111,0.0000,-0.0110
335132,gimbal,dynamic,101.4040,2.27,335.13,9.9874,-0.0186,111.3913,-0.1667,2.964,SEARCH,0.0050,0.0101,0.0000,-0.0108
335232,gimbal,dynamic,101.4278,2.27,335.23,9.9836,-0.0159,111.4113,-0.1717,2.964,SEARCH,0.0071,0.0088,0.0000,-0.0107
335332,gimbal,dynamic,101.4508,2.27,335.33,9.9806,-0.0135,111.4313,-0.1767,2.965,SEARCH,0.0088,0.0074,0.0000,-0.0106
335432,gimbal,dynamic,101.4728,2.27,335.43,9.9787,-0.0122,111.4513,-0.1817,2.965,SEARCH,0.0101,0.0064,0.0000,-0.0104
335532,gimbal,dynamic,101.4942,2.27,335.53,9.9773,-0.0115,111.4714,-0.1868,2.966,SEARCH,0.0110,0.0059,0.0000,-0.0103
335632,gimbal,dynamic,101.5147,2.28,335.63,9.9769,-0.0114,111.4914,-0.1918,2.966,SEARCH,0.0114,0.0057,0.0000,-0.0102
335732,gimbal,dynamic,101.5346,2.28,335.73,9.9771,-0.0119,111.5115,-0.1968,2.966,SEARCH,0.0115,0.0058,0.0000,-0.0101
335832,gimbal,dynamic,101.5544,2.28,335.83,9.9774,-0.0123,111.5316,-0.2018,2.967,SEARCH,0.0114,0.0060,0.0000,-0.0100
335932,gimbal,dynamic,101.5737,2.28,335.93,9.9783,-0.0124,111.5518,-0.2069,2.967,SEARCH,0.0112,0.0062,0.0000,-0.0098
336032,gimbal,dynamic,101.5926,2.54,336.03,9.9796,-0.0124,111.5720,-0.2119,2.968,SEARCH,0.0106,0.0062,0.0000,-0.0096
336132,gimbal,dynamic,101.6110,5.07,336.13,9.9814,-0.0125,111.5922,-0.2162,2.968,SEARCH,0.0099,0.0062,0.0000,-0.0095
336232,gimbal,dynamic,101.6285,7.66,336.23,9.9842,-0.0128,111.6125,-0.2196,2.969,SEARCH,0.0089,0.0063,0.0000,-0.0093
336332,gimbal,dynamic,101.6443,10.28,336.33,9.9886,-0.0135,111.6328,-0.2221,2.970,SEARCH,0.0071,0.0065,0.0000,-0.0091
336432,gimbal,dynamic,101.6603,12.94,336.43,9.9930,-0.0147,111.6531,-0.2236,2.970,SEARCH,0.0048,0.0069,0.0000,-0.0089
336532,gimbal,dynamic,101.6756,15.60,336.53,9.9981,-0.0173,111.6736,-0.2241,2.971,SEARCH,0.0025,0.0078,0.0000,-0.0087
336632,gimbal,dynamic,101.6914,18.25,336.63,10.0029,-0.0206,111.6940,-0.2238,2.971,SEARCH,-0.0000,0.0093,0.0000,-0.0086
336732,gimbal,dynamic,101.7066,20.87,336.73,10.0082,-0.0247,111.7146,-0.2224,2.972,SEARCH,-0.0025,0.0111,0.0000,-0.0085
336832,gimbal,dynamic,101.7221,23.44,336.83,10.0132,-0.0282,111.7352,-0.2202,2.972,SEARCH,-0.0049,0.0130,0.0000,-0.0083
336932,gimbal,dynamic,101.7375,25.95,336.93,10.0185,-0.0316,111.7559,-0.2170,2.973,SEARCH,-0.0077,0.0148,0.0000,-0.0082
337032,gimbal,dynamic,101.7540,28.39,337.03,10.0228,-0.0347,111.7766,-0.2128,2.973,SEARCH,-0.0100,0.0163,0.0000,-0.0081
337132,gimbal,dynamic,101.7708,30.34,337.13,10.0268,-0.0378,111.7975,-0.2078,2.973,SEARCH,-0.0122,0.0180,0.0000,-0.0080
337232,gimbal,dynamic,101.7886,30.34,337.23,10.0299,-0.0403,111.8184,-0.2026,2.974,SEARCH,-0.0141,0.0194,0.0000,-0.0078
337332,gimbal,dynamic,101.8073,30.34,337.33,10.0322,-0.0422,111.8394,-0.1973,2.975,SEARCH,-0.0155,0.0206,0.0000,-0.0076
337432,gimbal,dynamic,101.8268,30.34,337.43,10.0338,-0.0435,111.8605,-0.1921,2.975,SEARCH,-0.0165,0.0214,0.0000,-0.0075
337532,gimbal,dynamic,101.8469,30.34,337.53,10.0349,-0.0445,111.8817,-0.1868,2.976,SEARCH,-0.0172,0.0220,0.0000,-0.0073
337632,gimbal,dynamic,101.8678,30.33,337.63,10.0352,-0.0448,111.9029,-0.1815,2.976,SEARCH,-0.0175,0.0223,0.0000,-0.0071
337732,gimbal,dynamic,101.8895,30.33,337.73,10.0349,-0.0442,111.9243,-0.1761,2.977,SEARCH,-0.0176,0.0224,0.0000,-0.0070
337832,gimbal,dynamic,101.9113,30.33,337.83,10.0346,-0.0427,111.9458,-0.1707,2.977,SEARCH,-0.0174,0.0219,0.0000,-0.0068
337932,gimbal,dynamic,101.9334,30.33,337.93,10.0340,-0.0406,111.9674,-0.1653,2.978,SEARCH,-0.0172,0.0209,0.0000,-0.0067
338032,gimbal,dynamic,101.9562,30.33,338.03,10.0330,-0.0383,111.9891,-0.1599,2.978,SEARCH,-0.0168,0.0198,0.0000,-0.0065
338132,gimbal,dynamic,101.9791,30.33,338.13,10.0319,-0.0366,112.0109,-0.1545,2.979,SEARCH,-0.0163,0.0188,0.0000,-0.0064
338232,gimbal,dynamic,102.0018,30.33,338.23,10.0311,-0.0356,112.0328,-0.1490,2.979,SEARCH,-0.0158,0.0181,0.0000,-0.0062
338332,gimbal,dynamic,102.0247,30.33,338.33,10.0303,-0.0342,112.0549,-0.1435,2.980,SEARCH,-0.0154,0.0176,0.0000,-0.0061
338432,gimbal,dynamic,102.0475,30.34,338.43,10.0296,-0.0321,112.0770,-0.1379,2.980,SEARCH,-0.0150,0.0167,0.0000,-0.0059
338532,gimbal,dynamic,102.0705,30.34,338.53,10.0289,-0.0295,112.0993,-0.1324,2.981,SEARCH,-0.0147,0.0156,0.0000,-0.0057
338632,gimbal,dynamic,102.0927,30.34,338.63,10.0290,-0.0268,112.1217,-0.1268,2.982,SEARCH,-0.0144,0.0142,0.0000,-0.0055
338732,gimbal,dynamic,102.1143,30.35,338.73,10.0300,-0.0240,112.1443,-0.1211,2.982,SEARCH,-0.0147,0.0128,0.0000,-0.0053
338832,gimbal,dynamic,102.1360,30.35,338.83,10.0311,-0.0217,112.1670,-0.1154,2.983,SEARCH,-0.0153,0.0114,0.0000,-0.0052
338932,gimbal,dynamic,102.1586,30.35,338.93,10.0313,-0.0201,112.1898,-0.1097,2.983,SEARCH,-0.0156,0.0105,0.0000,-0.0051
339032,gimbal,dynamic,102.1823,30.35,339.03,10.0305,-0.0187,112.2128,-0.1040,2.983,SEARCH,-0.0155,0.0098,0.0000,-0.0050
339132,gimbal,dynamic,102.2073,30.35,339.13,10.0286,-0.0169,112.2359,-0.0982,2.983,SEARCH,-0.0149,0.0090,0.0000,-0.0050
339232,gimbal,dynamic,102.2328,30.36,339.23,10.0264,-0.0152,112.2592,-0.0924,2.984,SEARCH,-0.0139,0.0081,0.0000,-0.0049
339332,gimbal,dynamic,102.2588,30.36,339.33,10.0238,-0.0137,112.2826,-0.0865,2.984,SEARCH,-0.0127,0.0073,0.0000,-0.0048
339432,gimbal,dynamic,102.2848,30.36,339.43,10.0214,-0.0125,112.3061,-0.0807,2.984,SEARCH,-0.0114,0.0066,0.0000,-0.0047
339532,gimbal,dynamic,102.3113,30.36,339.53,10.0185,-0.0119,112.3298,-0.0747,2.985,SEARCH,-0.0102,0.0061,0.0000,-0.0046
339632,gimbal,dynamic,102.3382,30.35,339.63,10.0155,-0.0117,112.3537,-0.0688,2.985,SEARCH,-0.0086,0.0059,0.0000,-0.0045
339732,gimbal,dynamic,102.3654,30.35,339.73,10.0124,-0.0114,112.3777,-0.0628,2.985,SEARCH,-0.0071,0.0058,0.0000,-0.0044
339832,gimbal,dynamic,102.3918,30.35,339.83,10.0101,-0.0108,112.4019,-0.0567,2.986,SEARCH,-0.0057,0.0056,0.0000,-0.0043
339932,gimbal,dynamic,102.4177,30.35,339.93,10.0086,-0.0099,112.4263,-0.0506,2.986,SEARCH,-0.0047,0.0052,0.0000,-0.0043
340032,gimbal,dynamic,102.4433,30.35,340.03,10.0075,-0.0088,112.4508,-0.0445,2.986,SEARCH,-0.0040,0.0047,0.0000,-0.0043
340132,gimbal,dynamic,102.4682,30.35,340.13,10.0073,-0.0077,112.4755,-0.0383,2.986,SEARCH,-0.0037,0.0042,0.0000,-0.0043
340232,gimbal,dynamic,102.4929,30.34,340.23,10.0075,-0.0065,112.5004,-0.0321,2.986,SEARCH,-0.0037,0.0036,0.0000,-0.0043
340332,gimbal,dynamic,102.5172,30.34,340.33,10.0082,-0.0059,112.5254,-0.0258,2.985,SEARCH,-0.0038,0.0031,0.0000,-0.0044
340432,gimbal,dynamic,102.5409,30.34,340.43,10.0097,-0.0056,112.5506,-0.0195,2.985,SEARCH,-0.0044,0.0029,0.0000,-0.0044
340532,gimbal,dynamic,102.5642,30.34,340.53,10.0118,-0.0057,112.5760,-0.0132,2.986,SEARCH,-0.0052,0.0028,0.0000,-0.0043
340632,gimbal,dynamic,102.5875,30.34,340.63,10.0141,-0.0062,112.6016,-0.0068,2.986,SEARCH,-0.0063,0.0029,0.0000,-0.0043
340732,gimbal,dynamic,102.6106,30.34,340.73,10.0168,-0.0066,112.6273,-0.0004,2.986,SEARCH,-0.0075,0.0032,0.0000,-0.0043
340832,gimbal,dynamic,102.6337,30.34,340.83,10.0195,-0.0064,112.6532,0.0061,2.986,SEARCH,-0.0089,0.0033,0.0000,-0.0043
340932,gimbal,dynamic,102.6570,30.34,340.93,10.0223,-0.0059,112.6793,0.0126,2.985,SEARCH,-0.0103,0.0031,0.0000,-0.0044
341032,gimbal,dynamic,102.6813,30.34,341.03,10.0244,-0.0055,112.7056,0.0192,2.985,SEARCH,-0.0116,0.0029,0.0000,-0.0045
341132,gimbal,dynamic,102.7062,30.34,341.13,10.0260,-0.0051,112.7321,0.0258,2.985,SEARCH,-0.0126,0.0027,0.0000,-0.0045
341232,gimbal,dynamic,102.7317,30.34,341.23,10.0271,-0.0044,112.7588,0.0325,2.985,SEARCH,-0.0133,0.0024,0.0000,-0.0045
341332,gimbal,dynamic,102.7574,30.34,341.33,10.0283,-0.0036,112.7856,0.0392,2.985,SEARCH,-0.0138,0.0021,0.0000,-0.0045
341432,gimbal,dynamic,102.7837,30.34,341.43,10.0290,-0.0025,112.8127,0.0460,2.985,SEARCH,-0.0143,0.0016,0.0000,-0.0045
341532,gimbal,dynamic,102.8101,30.34,341.53,10.0299,-0.0007,112.8399,0.0528,2.985,SEARCH,-0.0146,0.0009,0.0000,-0.0044
341632,gimbal,dynamic,102.8361,30.34,341.63,10.0313,0.0013,112.8674,0.0596,2.986,SEARCH,-0.0152,-0.0000,0.0000,-0.0043
341732,gimbal,dynamic,102.8620,30.33,341.73,10.0330,0.0039,112.8950,0.0666,2.986,SEARCH,-0.0160,-0.0011,0.0000,-0.0042
341832,gimbal,dynamic,102.8887,30.33,341.83,10.0341,0.0071,112.9228,0.0735,2.987,SEARCH,-0.0168,-0.0026,0.0000,-0.0040
341932,gimbal,dynamic,102.9157,30.33,341.93,10.0351,0.0113,112.9508,0.0805,2.987,SEARCH,-0.0172,-0.0044,0.0000,-0.0038
342032,gimbal,dynamic,102.9426,30.33,342.03,10.0365,0.0155,112.9790,0.0876,2.988,SEARCH,-0.0178,-0.0065,0.0000,-0.0037
342132,gimbal,dynamic,102.9696,30.33,342.13,10.0379,0.0199,113.0074,0.0947,2.988,SEARCH,-0.0186,-0.0087,0.0000,-0.0035
342232,gimbal,dynamic,102.9975,30.33,342.23,10.0385,0.0247,113.0361,0.1018,2.989,SEARCH,-0.0191,-0.0109,0.0000,-0.0034
342332,gimbal,dynamic,103.0257,30.33,342.33,10.0392,0.0295,113.0649,0.1090,2.989,SEARCH,-0.0194,-0.0133,0.0000,-0.0032
342432,gimbal,dynamic,103.0542,30.33,342.43,10.0397,0.0336,113.0939,0.1163,2.990,SEARCH,-0.0197,-0.0157,0.0000,-0.0030
342532,gimbal,dynamic,103.0828,30.33,342.53,10.0403,0.0372,113.1231,0.1236,2.991,SEARCH,-0.0199,-0.0175,0.0000,-0.0028
342632,gimbal,dynamic,103.1112,30.33,342.63,10.0413,0.0394,113.1525,0.1309,2.991,SEARCH,-0.0204,-0.0191,0.0000,-0.0026
342732,gimbal,dynamic,103.1399,30.33,342.73,10.0422,0.0409,113.1821,0.1383,2.992,SEARCH,-0.0209,-0.0200,0.0000,-0.0024
342832,gimbal,dynamic,103.1686,30.34,342.83,10.0434,0.0417,113.2119,0.1458,2.992,SEARCH,-0.0213,-0.0207,0.0000,-0.0023
342932,gimbal,dynamic,103.1971,30.34,342.93,10.0448,0.0421,113.2419,0.1533,2.993,SEARCH,-0.0220,-0.0209,0.0000,-0.0021
343032,gimbal,dynamic,103.2266,30.34,343.03,10.0455,0.0422,113.2721,0.1608,2.993,SEARCH,-0.0226,-0.0211,0.0000,-0.0020
343132,gimbal,dynamic,103.2568,30.34,343.13,10.0458,0.0428,113.3025,0.1684,2.994,SEARCH,-0.0229,-0.0212,0.0000,-0.0018
343232,gimbal,dynamic,103.2878,29.12,343.23,10.0453,0.0437,113.3331,0.1757,2.994,SEARCH,-0.0228,-0.0216,0.0000,-0.0017
343332,gimbal,dynamic,103.3203,27.61,343.33,10.0437,0.0444,113.3639,0.1821,2.995,SEARCH,-0.0224,-0.0220,0.0000,-0.0015
343432,gimbal,dynamic,103.3540,26.08,343.43,10.0409,0.0446,113.3949,0.1877,2.995,SEARCH,-0.0214,-0.0223,0.0000,-0.0014
343532,gimbal,dynamic,103.3893,24.56,343.53,10.0369,0.0442,113.4261,0.1925,2.996,SEARCH,-0.0198,-0.0223,0.0000,-0.0013
343632,gimbal,dynamic,103.4250,23.04,343.63,10.0326,0.0428,113.4575,0.1965,2.996,SEARCH,-0.0176,-0.0219,0.0000,-0.0012
343732,gimbal,dynamic,103.4616,21.54,343.73,10.0276,0.0404,113.4891,0.1997,2.996,SEARCH,-0.0153,-0.0210,0.0000,-0.0012
343832,gimbal,dynamic,103.4980,20.04,343.83,10.0230,0.0379,113.5209,0.2020,2.996,SEARCH,-0.0129,-0.0197,0.0000,-0.0011
343932,gimbal,dynamic,103.5349,18.57,343.93,10.0181,0.0353,113.5529,0.2036,2.996,SEARCH,-0.0106,-0.0184,0.0000,-0.0011
344032,gimbal,dynamic,103.5715,17.12,344.03,10.0137,0.0335,113.5851,0.2043,2.996,SEARCH,-0.0081,-0.0173,0.0000,-0.0011
344132,gimbal,dynamic,103.6083,15.70,344.13,10.0093,0.0317,113.6174,0.2042,2.996,SEARCH,-0.0060,-0.0164,0.0000,-0.0012
344232,gimbal,dynamic,103.6448,14.31,344.23,10.0054,0.0300,113.6500,0.2033,2.996,SEARCH,-0.0038,-0.0155,0.0000,-0.0012
344332,gimbal,dynamic,103.6813,12.95,344.33,10.0016,0.0284,113.6828,0.2016,2.996,SEARCH,-0.0019,-0.0147,0.0000,-0.0012
344432,gimbal,dynamic,103.7175,11.63,344.43,9.9983,0.0267,113.7157,0.1992,2.996,SEARCH,-0.0001,-0.0139,0.0000,-0.0013
344532,gimbal,dynamic,103.7531,10.36,344.53,9.9959,0.0247,113.7489,0.1960,2.996,SEARCH,0.0013,-0.0130,0.0000,-0.0013
344632,gimbal,dynamic,103.7884,9.14,344.63,9.9940,0.0229,113.7822,0.1920,2.996,SEARCH,0.0025,-0.0120,0.0000,-0.0013
344732,gimbal,dynamic,103.8236,7.95,344.73,9.9922,0.0211,113.8157,0.1873,2.995,SEARCH,0.0034,-0.0111,0.0000,-0.0014
344832,gimbal,dynamic,103.8589,6.82,344.83,9.9907,0.0186,113.8495,0.1819,2.995,SEARCH,0.0043,-0.0100,0.0000,-0.0014
344932,gimbal,dynamic,103.8944,5.74,344.93,9.9891,0.0151,113.8834,0.1758,2.995,SEARCH,0.0049,-0.0087,0.0000,-0.0014
345032,gimbal,dynamic,103.9304,4.72,345.03,9.9871,0.0112,113.9174,0.1690,2.996,SEARCH,0.0058,-0.0067,0.0000,-0.0013
345132,gimbal,dynamic,103.9671,3.74,345.13,9.9847,0.0066,113.9517,0.1616,2.996,SEARCH,0.0069,-0.0047,0.0000,-0.0013
345232,gimbal,dynamic,104.0038,2.82,345.23,9.9824,0.0025,113.9861,0.1535,2.996,SEARCH,0.0081,-0.0024,0.0000,-0.0013
345332,gimbal,dynamic,104.0410,2.28,345.33,9.9799,-0.0016,114.0208,0.1449,2.996,SEARCH,0.0093,-0.0004,0.0000,-0.0012
345432,gimbal,dynamic,104.0778,2.28,345.43,9.9779,-0.0048,114.0556,0.1362,2.996,SEARCH,0.0105,0.0015,0.0000,-0.0011
345532,gimbal,dynamic,104.1150,2.28,345.53,9.9757,-0.0072,114.0905,0.1275,2.997,SEARCH,0.0115,0.0029,0.0000,-0.0010
345632,gimbal,dynamic,104.1527,2.28,345.63,9.9730,-0.0091,114.1257,0.1187,2.997,SEARCH,0.0128,0.0041,0.0000,-0.0009
345732,gimbal,dynamic,104.1901,2.28,345.73,9.9710,-0.0104,114.1610,0.1099,2.998,SEARCH,0.0140,0.0049,0.0000,-0.0007
345832,gimbal,dynamic,104.2274,2.28,345.83,9.9692,-0.0113,114.1965,0.1010,2.998,SEARCH,0.0149,0.0054,0.0000,-0.0005
345932,gimbal,dynamic,104.2646,2.27,345.93,9.9676,-0.0118,114.2321,0.0921,2.999,SEARCH,0.0158,0.0057,0.0000,-0.0004
346032,gimbal,dynamic,104.3011,2.27,346.03,9.9669,-0.0122,114.2679,0.0831,2.999,SEARCH,0.0164,0.0060,0.0000,-0.0003
346132,gimbal,dynamic,104.3368,2.27,346.13,9.9671,-0.0125,114.3039,0.0741,2.999,SEARCH,0.0166,0.0061,0.0000,-0.0002
346232,gimbal,dynamic,104.3722,2.27,346.23,9.9679,-0.0125,114.3400,0.0651,2.999,SEARCH,0.0163,0.0063,0.0000,-0.0002
346332,gimbal,dynamic,104.4074,2.27,346.33,9.9690,-0.0120,114.3763,0.0560,3.000,SEARCH,0.0159,0.0062,0.0000,-0.0001
346432,gimbal,dynamic,104.4425,2.27,346.43,9.9703,-0.0114,114.4128,0.0469,3.000,SEARCH,0.0152,0.0058,0.0000,-0.0001
346532,gimbal,dynamic,104.4777,2.27,346.53,9.9717,-0.0113,114.4494,0.0378,3.000,SEARCH,0.0146,0.0056,0.0000,-0.0001
346632,gimbal,dynamic,104.5132,2.26,346.63,9.9729,-0.0121,114.4861,0.0286,3.000,SEARCH,0.0139,0.0057,0.0000,-0.0001
346732,gimbal,dynamic,104.5488,2.27,346.73,9.9742,-0.0138,114.5230,0.0194,3.000,SEARCH,0.0133,0.0063,0.0000,-0.0001
346832,gimbal,dynamic,104.5843,2.27,346.83,9.9757,-0.0158,114.5600,0.0101,3.000,SEARCH,0.0126,0.0073,0.0000,-0.0000
346932,gimbal,dynamic,104.6194,2.27,346.93,9.9778,-0.0186,114.5972,0.0008,3.000,SEARCH,0.0118,0.0084,0.0000,-0.0001
347032,gimbal,dynamic,104.6539,2.27,347.03,9.9806,-0.0217,114.6345,-0.0085,3.000,SEARCH,0.0106,0.0099,0.0000,-0.0001
347132,gimbal,dynamic,104.6874,2.27,347.13,9.9846,-0.0251,114.6720,-0.0179,3.000,SEARCH,0.0090,0.0115,0.0000,-0.0001
347232,gimbal,dynamic,104.7210,2.27,347.23,9.9886,-0.0281,114.7096,-0.0273,3.000,SEARCH,0.0069,0.0132,0.0000,-0.0001
347332,gimbal,dynamic,104.7536,2.27,347.33,9.9936,-0.0307,114.7473,-0.0367,3.000,SEARCH,0.0048,0.0146,0.0000,-0.0001
347432,gimbal,dynamic,104.7864,2.27,347.43,9.9988,-0.0321,114.7851,-0.0462,3.000,SEARCH,0.0021,0.0157,0.0000,-0.0001
347532,gimbal,dynamic,104.8191,2.26,347.53,10.0039,-0.0328,114.8231,-0.0557,3.000,SEARCH,-0.0005,0.0163,0.0000,-0.0001
347632,gimbal,dynamic,104.8516,2.26,347.63,10.0095,-0.0330,114.8611,-0.0652,2.999,SEARCH,-0.0032,0.0165,0.0000,-0.0002
347732,gimbal,dynamic,104.8838,2.26,347.73,10.0156,-0.0320,114.8993,-0.0747,2.999,SEARCH,-0.0059,0.0164,0.0000,-0.0002
347832,gimbal,dynamic,104.9162,2.26,347.83,10.0215,-0.0302,114.9376,-0.0843,2.999,SEARCH,-0.0090,0.0157,0.0000,-0.0003
347932,gimbal,dynamic,104.9488,2.26,347.93,10.0273,-0.0272,114.9761,-0.0939,2.999,SEARCH,-0.0120,0.0146,0.0000,-0.0004
348032,gimbal,dynamic,104.9816,2.26,348.03,10.0330,-0.0227,115.0146,-0.1035,2.999,SEARCH,-0.0150,0.0126,0.0000,-0.0004
348132,gimbal,dynamic,105.0153,2.25,348.13,10.0379,-0.0172,115.0532,-0.1132,2.998,SEARCH,-0.0175,0.0104,0.0000,-0.0005
348232,gimbal,dynamic,105.0507,2.25,348.23,10.0413,-0.0110,115.0919,-0.1229,2.998,SEARCH,-0.0197,0.0073,0.0000,-0.0005
348332,gimbal,dynamic,105.0871,2.25,348.33,10.0437,-0.0038,115.1308,-0.1326,2.998,SEARCH,-0.0212,0.0041,0.0000,-0.0006
348432,gimbal,dynamic,105.1252,2.25,348.43,10.0446,0.0034,115.1697,-0.1423,2.998,SEARCH,-0.0221,0.0004,0.0000,-0.0006
348532,gimbal,dynamic,105.1642,2.25,348.53,10.0446,0.0110,115.2087,-0.1521,2.998,SEARCH,-0.0223,-0.0032,0.0000,-0.0006
348632,gimbal,dynamic,105.2036,2.25,348.63,10.0443,0.0174,115.2478,-0.1618,2.998,SEARCH,-0.0223,-0.0069,0.0000,-0.0006
348732,gimbal,dynamic,105.2436,2.25,348.73,10.0435,0.0226,115.2869,-0.1716,2.998,SEARCH,-0.0220,-0.0098,0.0000,-0.0006
348832,gimbal,dynamic,105.2839,2.25,348.83,10.0424,0.0259,115.3262,-0.1814,2.998,SEARCH,-0.0216,-0.0121,0.0000,-0.0006
348932,gimbal,dynamic,105.3244,2.26,348.93,10.0413,0.0282,115.3655,-0.1913,2.998,SEARCH,-0.0210,-0.0135,0.0000,-0.0006
349032,gimbal,dynamic,105.3649,2.43,349.03,10.0403,0.0298,115.4049,-0.2011,2.998,SEARCH,-0.0204,-0.0145,0.0000,-0.0006
349132,gimbal,dynamic,105.4056,3.17,349.13,10.0390,0.0313,115.4443,-0.2105,2.998,SEARCH,-0.0199,-0.0152,0.0000,-0.0005
349232,gimbal,dynamic,105.4467,3.93,349.23,10.0374,0.0325,115.4839,-0.2193,2.998,SEARCH,-0.0192,-0.0159,0.0000,-0.0005
349332,gimbal,dynamic,105.4886,4.72,349.33,10.0352,0.0340,115.5234,-0.2276,2.999,SEARCH,-0.0183,-0.0166,0.0000,-0.0004
349432,gimbal,dynamic,105.5303,5.53,349.43,10.0331,0.0352,115.5631,-0.2354,2.999,SEARCH,-0.0172,-0.0173,0.0000,-0.0004
349532,gimbal,dynamic,105.5719,6.36,349.53,10.0312,0.0360,115.6028,-0.2426,2.999,SEARCH,-0.0162,-0.0178,0.0000,-0.0003
349632,gimbal,dynamic,105.6135,7.20,349.63,10.0294,0.0363,115.6425,-0.2492,2.999,SEARCH,-0.0152,-0.0181,0.0000,-0.0002
349732,gimbal,dynamic,105.6550,8.06,349.73,10.0277,0.0366,115.6823,-0.2552,3.000,SEARCH,-0.0143,-0.0182,0.0000,-0.0001
349832,gimbal,dynamic,105.6961,8.93,349.83,10.0264,0.0370,115.7221,-0.2605,3.000,SEARCH,-0.0136,-0.0184,0.0000,-0.0001
349932,gimbal,dynamic,105.7369,9.82,349.93,10.0254,0.0378,115.7620,-0.2653,3.000,SEARCH,-0.0130,-0.0186,0.0000,0.0000
350032,gimbal,dynamic,105.7773,10.71,350.03,10.0250,0.0389,115.8018,-0.2694,3.000,SEARCH,-0.0126,-0.0191,0.0000,0.0001
350132,gimbal,dynamic,105.8178,11.61,350.13,10.0244,0.0400,115.8418,-0.2729,3.001,SEARCH,-0.0124,-0.0197,0.0000,0.0002
350232,gimbal,dynamic,105.8588,12.52,350.23,10.0234,0.0410,115.8817,-0.2758,3.001,SEARCH,-0.0121,-0.0201,0.0000,0.0003
350332,gimbal,dynamic,105.9000,13.43,350.33,10.0221,0.0421,115.9217,-0.2780,3.001,SEARCH,-0.0114,-0.0207,0.0000,0.0004
350432,gimbal,dynamic,105.9414,14.34,350.43,10.0208,0.0430,115.9616,-0.2796,3.001,SEARCH,-0.0108,-0.0212,0.0000,0.0004
350532,gimbal,dynamic,105.9825,15.25,350.53,10.0196,0.0438,116.0016,-0.2806,3.002,SEARCH,-0.0101,-0.0217,0.0000,0.0005
350632,gimbal,dynamic,106.0233,16.16,350.63,10.0188,0.0439,116.0416,-0.2809,3.002,SEARCH,-0.0096,-0.0219,0.0000,0.0005
350732,gimbal,dynamic,106.0637,17.06,350.73,10.0184,0.0437,116.0816,-0.2806,3.002,SEARCH,-0.0093,-0.0219,0.0000,0.0005
350832,gimbal,dynamic,106.1038,17.96,350.83,10.0183,0.0431,116.1216,-0.2796,3.002,SEARCH,-0.0092,-0.0217,0.0000,0.0005
350932,gimbal,dynamic,106.1445,18.84,350.93,10.0176,0.0420,116.1616,-0.2781,3.002,SEARCH,-0.0090,-0.0213,0.0000,0.0005
351032,gimbal,dynamic,106.1858,19.72,351.03,10.0162,0.0406,116.2016,-0.2759,3.002,SEARCH,-0.0085,-0.0207,0.0000,0.0005
351132,gimbal,dynamic,106.2273,20.58,351.13,10.0147,0.0384,116.2416,-0.2731,3.001,SEARCH,-0.0078,-0.0199,0.0000,0.0004
351232,gimbal,dynamic,106.2680,21.42,351.23,10.0140,0.0355,116.2815,-0.2697,3.001,SEARCH,-0.0071,-0.0186,0.0000,0.0003
351332,gimbal,dynamic,106.3079,22.25,351.33,10.0139,0.0326,116.3215,-0.2657,3.001,SEARCH,-0.0070,-0.0172,0.0000,0.0003
351432,gimbal,dynamic,106.3476,23.05,351.43,10.0142,0.0295,116.3614,-0.2612,3.001,SEARCH,-0.0070,-0.0157,0.0000,0.0002
351532,gimbal,dynamic,106.3868,23.83,351.53,10.0148,0.0263,116.4013,-0.2561,3.001,SEARCH,-0.0072,-0.0141,0.0000,0.0002
351632,gimbal,dynamic,106.4256,24.59,351.63,10.0159,0.0230,116.4411,-0.2505,3.001,SEARCH,-0.0077,-0.0123,0.0000,0.0002
351732,gimbal,dynamic,106.4648,25.33,351.73,10.0165,0.0199,116.4810,-0.2443,3.000,SEARCH,-0.0081,-0.0109,0.0000,0.0001
351832,gimbal,dynamic,106.5043,26.03,351.83,10.0167,0.0169,116.5207,-0.2376,3.000,SEARCH,-0.0083,-0.0093,0.0000,0.0001
351932,gimbal,dynamic,106.5446,26.71,351.93,10.0162,0.0140,116.5605,-0.2305,3.000,SEARCH,-0.0083,-0.0078,0.0000,0.0000
352032,gimbal,dynamic,106.5859,27.36,352.03,10.0146,0.0109,116.6002,-0.2229,3.000,SEARCH,-0.0078,-0.0064,0.0000,0.0000
352132,gimbal,dynamic,106.6284,27.98,352.13,10.0117,0.0078,116.6398,-0.2148,3.000,SEARCH,-0.0068,-0.0048,0.0000,0.0000
352232,gimbal,dynamic,106.6719,28.57,352.23,10.0077,0.0058,116.6794,-0.2064,3.000,SEARCH,-0.0051,-0.0035,0.0000,0.0000
352332,gimbal,dynamic,106.7170,29.12,352.33,10.0021,0.0044,116.7189,-0.1975,3.000,SEARCH,-0.0028,-0.0026,0.0000,0.0001
352432,gimbal,dynamic,106.7619,29.64,352.43,9.9967,0.0035,116.7584,-0.1883,3.001,SEARCH,0.0001,-0.0020,0.0000,0.0002
352532,gimbal,dynamic,106.8069,30.13,352.53,9.9910,0.0030,116.7978,-0.1787,3.001,SEARCH,0.0028,-0.0016,0.0000,0.0002
352632,gimbal,dynamic,106.8508,30.34,352.63,9.9864,0.0029,116.8371,-0.1689,3.001,SEARCH,0.0055,-0.0014,0.0000,0.0003
352732,gimbal,dynamic,106.8939,30.34,352.73,9.9826,0.0031,116.8763,-0.1591,3.001,SEARCH,0.0076,-0.0015,0.0000,0.0003
352832,gimbal,dynamic,106.9359,30.34,352.83,9.9798,0.0035,116.9155,-0.1493,3.001,SEARCH,0.0093,-0.0016,0.0000,0.0004
352932,gimbal,dynamic,106.9772,30.34,352.93,9.9775,0.0043,116.9546,-0.1395,3.002,SEARCH,0.0106,-0.0019,0.0000,0.0005
353032,gimbal,dynamic,107.0182,30.34,353.03,9.9755,0.0052,116.9936,-0.1298,3.002,SEARCH,0.0117,-0.0023,0.0000,0.0006
353132,gimbal,dynamic,107.0588,30.34,353.13,9.9738,0.0064,117.0325,-0.1200,3.002,SEARCH,0.0126,-0.0028,0.0000,0.0007
353232,gimbal,dynamic,107.0988,30.35,353.23,9.9727,0.0071,117.0714,-0.1103,3.003,SEARCH,0.0134,-0.0034,0.0000,0.0008
353332,gimbal,dynamic,107.1384,30.35,353.33,9.9717,0.0076,117.1101,-0.1006,3.003,SEARCH,0.0139,-0.0036,0.0000,0.0008
353432,gimbal,dynamic,107.1778,30.35,353.43,9.9710,0.0088,117.1487,-0.0910,3.003,SEARCH,0.0143,-0.0040,0.0000,0.0008
353532,gimbal,dynamic,107.2166,30.35,353.53,9.9707,0.0107,117.1872,-0.0813,3.003,SEARCH,0.0146,-0.0047,0.0000,0.0008
353632,gimbal,dynamic,107.2544,30.35,353.63,9.9713,0.0128,117.2257,-0.0717,3.003,SEARCH,0.0146,-0.0057,0.0000,0.0009
353732,gimbal,dynamic,107.2909,30.36,353.73,9.9731,0.0148,117.2640,-0.0622,3.003,SEARCH,0.0140,-0.0068,0.0000,0.0009
353832,gimbal,dynamic,107.3266,30.36,353.83,9.9756,0.0162,117.3022,-0.0526,3.003,SEARCH,0.0130,-0.0077,0.0000,0.0009
353932,gimbal,dynamic,107.3615,30.36,353.93,9.9788,0.0174,117.3403,-0.0431,3.003,SEARCH,0.0116,-0.0083,0.0000,0.0009
354032,gimbal,dynamic,107.3967,30.35,354.03,9.9815,0.0182,117.3782,-0.0336,3.003,SEARCH,0.0100,-0.0089,0.0000,0.0008
354132,gimbal,dynamic,107.4323,30.35,354.13,9.9837,0.0185,117.4161,-0.0241,3.002,SEARCH,0.0087,-0.0092,0.0000,0.0007
354232,gimbal,dynamic,107.4681,30.35,354.23,9.9857,0.0176,117.4538,-0.0147,3.002,SEARCH,0.0077,-0.0091,0.0000,0.0006
354332,gimbal,dynamic,107.5038,30.35,354.33,9.9875,0.0160,117.4914,-0.0053,3.002,SEARCH,0.0068,-0.0085,0.0000,0.0005
354432,gimbal,dynamic,107.5398,30.35,354.43,9.9890,0.0141,117.5288,0.0040,3.001,SEARCH,0.0060,-0.0077,0.0000,0.0003
354532,gimbal,dynamic,107.5757,30.35,354.53,9.9905,0.0114,117.5661,0.0134,3.001,SEARCH,0.0052,-0.0065,0.0000,0.0002
354632,gimbal,dynamic,107.6112,30.35,354.63,9.9921,0.0074,117.6033,0.0227,3.000,SEARCH,0.0044,-0.0049,0.0000,0.0000
354732,gimbal,dynamic,107.6457,30.35,354.73,9.9947,0.0018,117.6404,0.0319,2.999,SEARCH,0.0035,-0.0027,0.0000,-0.0002
354832,gimbal,dynamic,107.6794,30.35,354.83,9.9978,-0.0039,117.6773,0.0412,2.999,SEARCH,0.0022,0.0000,0.0000,-0.0003
354932,gimbal,dynamic,107.7120,30.12,354.93,10.0020,-0.0095,117.7140,0.0503,2.999,SEARCH,0.0003,0.0031,0.0000,-0.0004
355032,gimbal,dynamic,107.7443,29.59,355.03,10.0064,-0.0139,117.7506,0.0590,2.998,SEARCH,-0.0019,0.0057,0.0000,-0.0005
355132,gimbal,dynamic,107.7764,29.03,355.13,10.0107,-0.0176,117.7871,0.0674,2.998,SEARCH,-0.0041,0.0077,0.0000,-0.0006
355232,gimbal,dynamic,107.8096,28.42,355.23,10.0139,-0.0204,117.8234,0.0753,2.998,SEARCH,-0.0060,0.0094,0.0000,-0.0006
355332,gimbal,dynamic,107.8430,27.77,355.33,10.0166,-0.0230,117.8595,0.0828,2.998,SEARCH,-0.0075,0.0107,0.0000,-0.0007
355432,gimbal,dynamic,107.8774,27.07,355.43,10.0181,-0.0245,117.8955,0.0898,2.997,SEARCH,-0.0087,0.0119,0.0000,-0.0008
355532,gimbal,dynamic,107.9124,26.34,355.53,10.0190,-0.0248,117.9313,0.0963,2.997,SEARCH,-0.0093,0.0124,0.0000,-0.0008
355532,gimbal,dynamic,107.9482,25.57,355.53,10.0188,-0.0238,117.9670,0.1023,2.997,SEARCH,-0.0093,0.0124,0.0000,-0.0008
355532,gimbal,dynamic,107.9842,24.75,355.53,10.0183,-0.0222,118.0025,0.1077,2.997,SEARCH,-0.0093,0.0124,0.0000,-0.0008
355532,gimbal,dynamic,108.0203,23.90,355.53,10.0176,-0.0206,118.0378,0.1127,2.997,SEARCH,-0.0093,0.0124,0.0000,-0.0008
355532,gimbal,dynamic,108.0566,23.01,355.53,10.0164,-0.0185,118.0729,0.1170,2.997,SEARCH,-0.0093,0.0124,0.0000,-0.0008
355532,gimbal,dynamic,108.0931,22.09,355.53,10.0149,-0.0162,118.1079,0.1207,2.997,SEARCH,-0.0093,0.0124,0.0000,-0.0008
355532,gimbal,dynamic,108.1297,21.13,355.53,10.0131,-0.0141,118.1427,0.1239,2.997,SEARCH,-0.0093,0.0124,0.0000,-0.0008
355532,gimbal,dynamic,108.1657,20.15,355.53,10.0117,-0.0123,118.1774,0.1264,2.997,SEARCH,-0.0093,0.0124,0.0000,-0.0008
355532,gimbal,dynamic,108.2007,19.13,355.53,10.0112,-0.0101,118.2118,0.1284,2.997,SEARCH,-0.0093,0.0124,0.0000,-0.0008
355532,gimbal,dynamic,108.2346,18.09,355.53,10.0116,-0.0079,118.2461,0.1297,2.997,SEARCH,-0.0093,0.0124,0.0000,-0.0008
355532,gimbal,dynamic,108.2677,17.02,355.53,10.0125,-0.0052,118.2802,0.1303,2.997,SEARCH,-0.0093,0.0124,0.0000,-0.0008
355532,gimbal,dynamic,108.3010,15.93,355.53,10.0131,-0.0020,118.3141,0.1303,2.997,SEARCH,-0.0093,0.0124,0.0000,-0.0008
355532,gimbal,dynamic,108.3337,14.82,355.53,10.0142,0.0015,118.3478,0.1297,2.997,SEARCH,-0.0093,0.0124,0.0000,-0.0008
355532,gimbal,dynamic,108.3660,13.69,355.53,10.0154,0.0042,118.3813,0.1284,2.997,SEARCH,-0.0093,0.0124,0.0000,-0.0008
355532,gimbal,dynamic,108.3978,12.55,355.53,10.0169,0.0070,118.4147,0.1264,2.997,SEARCH,-0.0093,0.0124,0.0000,-0.0008
355532,gimbal,dynamic,108.4297,11.39,355.53,10.0181,0.0100,118.4478,0.1238,2.997,SEARCH,-0.0093,0.0124,0.0000,-0.0008
355532,gimbal,dynamic,108.4623,10.22,355.53,10.0186,0.0128,118.4808,0.1205,2.997,SEARCH,-0.0093,0.0124,0.0000,-0.0008
355532,gimbal,dynamic,108.4954,9.05,355.53,10.0182,0.0149,118.5136,0.1165,2.997,SEARCH,-0.0093,0.0124,0.0000,-0.0008
355532,gimbal,dynamic,108.5287,7.87,355.53,10.0175,0.0173,118.5462,0.1119,2.997,SEARCH,-0.0093,0.0124,0.0000,-0.0008
355532,gimbal,dynamic,108.5623,6.69,355.53,10.0163,0.0199,118.5785,0.1066,2.997,SEARCH,-0.0093,0.0124,0.0000,-0.0008
355532,gimbal,dynamic,108.5960,5.52,355.53,10.0148,0.0229,118.6107,0.1007,2.997,SEARCH,-0.0093,0.0124,0.0000,-0.0008
355532,gimbal,dynamic,108.6298,4.36,355.53,10.0130,0.0262,118.6427,0.0942,2.997,SEARCH,-0.0093,0.0124,0.0000,-0.0008
355532,gimbal,dynamic,108.6631,3.20,355.53,10.0114,0.0293,118.6745,0.0870,2.997,SEARCH,-0.0093,0.0124,0.0000,-0.0008
355532,gimbal,dynamic,108.6958,2.28,355.53,10.0103,0.0331,118.7061,0.0792,2.997,SEARCH,-0.0093,0.0124,0.0000,-0.0008
355532,gimbal,dynamic,108.7278,2.27,355.53,10.0098,0.0375,118.7376,0.0714,2.997,SEARCH,-0.0093,0.0124,0.0000,-0.0008
355532,gimbal,dynamic,108.7589,2.27,355.53,10.0098,0.0417,118.7688,0.0636,2.997,SEARCH,-0.0093,0.0124,0.0000,-0.0008
355532,gimbal,dynamic,108.7901,2.27,355.53,10.0096,0.0462,118.7998,0.0558,2.997,SEARCH,-0.0093,0.0124,0.0000,-0.0008
355532,gimbal,dynamic,108.8215,2.26,355.53,10.0091,0.0501,118.8306,0.0481,2.997,SEARCH,-0.0093,0.0124,0.0000,-0.0008
355532,gimbal,dynamic,108.8525,2.26,355.53,10.0087,0.0541,118.8612,0.0405,2.997,SEARCH,-0.0093,0.0124,0.0000,-0.0008
355532,gimbal,dynamic,108.8832,2.26,355.53,10.0084,0.0584,118.8916,0.0329,2.997,SEARCH,-0.0093,0.0124,0.0000,-0.0008
355532,gimbal,dynamic,108.9132,2.26,355.53,10.0087,0.0626,118.9218,0.0253,2.997,SEARCH,-0.0093,0.0124,0.0000,-0.0008
355532,gimbal,dynamic,108.9429,2.26,355.53,10.0089,0.0661,118.9518,0.0178,2.997,SEARCH,-0.0093,0.0124,0.0000,-0.0008
355532,gimbal,dynamic,108.9723,2.26,355.53,10.0094,0.0693,118.9816,0.0104,2.997,SEARCH,-0.0093,0.0124,0.0000,-0.0008
355532,gimbal,dynamic,109.0016,2.26,355.53,10.0097,0.0722,119.0113,0.0030,2.997,SEARCH,-0.0093,0.0124,0.0000,-0.0008
355532,gimbal,dynamic,109.0312,2.26,355.53,10.0095,0.0750,119.0407,-0.0044,2.997,SEARCH,-0.0093,0.0124,0.0000,-0.0008
355532,gimbal,dynamic,109.0607,2.27,355.53,10.0092,0.0771,119.0699,-0.0117,2.997,SEARCH,-0.0093,0.0124,0.0000,-0.0008
355532,gimbal,dynamic,109.0897,2.27,355.53,10.0092,0.0787,119.0989,-0.0190,2.997,SEARCH,-0.0093,0.0124,0.0000,-0.0008
355532,gimbal,dynamic,109.1186,2.28,355.53,10.0092,0.0796,119.1277,-0.0262,2.997,SEARCH,-0.0093,0.0124,0.0000,-0.0008
355532,gimbal,dynamic,109.1475,2.28,355.53,10.0089,0.0800,119.1563,-0.0333,2.997,SEARCH,-0.0093,0.0124,0.0000,-0.0008
355532,gimbal,dynamic,109.1763,2.28,355.53,10.0085,0.0800,119.1848,-0.0404,2.997,SEARCH,-0.0093,0.0124,0.0000,-0.0008
355532,gimbal,dynamic,109.2054,2.28,355.53,10.0077,0.0793,119.2130,-0.0475,2.997,SEARCH,-0.0093,0.0124,0.0000,-0.0008
355532,gimbal,dynamic,109.2344,2.28,355.53,10.0067,0.0777,119.2410,-0.0545,2.997,SEARCH,-0.0093,0.0124,0.0000,-0.0008
355532,gimbal,dynamic,109.2634,2.28,355.53,10.0055,0.0752,119.2688,-0.0614,2.997,SEARCH,-0.0093,0.0124,0.0000,-0.0008
355532,gimbal,dynamic,109.2922,2.27,355.53,10.0044,0.0723,119.2965,-0.0683,2.997,SEARCH,-0.0093,0.0124,0.0000,-0.0008
355532,gimbal,dynamic,109.3206,2.27,355.53,10.0034,0.0684,119.3239,-0.0752,2.997,SEARCH,-0.0093,0.0124,0.0000,-0.0008
355532,gimbal,dynamic,109.3482,2.27,355.53,10.0030,0.0643,119.3512,-0.0820,2.997,SEARCH,-0.0093,0.0124,0.0000,-0.0008
355532,gimbal,dynamic,109.3754,2.27,355.53,10.0029,0.0599,119.3782,-0.0888,2.997,SEARCH,-0.0093,0.0124,0.0000,-0.0008
355532,gimbal,dynamic,109.4027,2.26,355.53,10.0025,0.0565,119.4051,-0.0955,2.997,SEARCH,-0.0093,0.0124,0.0000,-0.0008
355532,gimbal,dynamic,109.4298,2.26,355.53,10.0021,0.0533,119.4318,-0.1022,2.997,SEARCH,-0.0093,0.0124,0.0000,-0.0008
355532,gimbal,dynamic,109.4563,2.26,355.53,10.0020,0.0507,119.4582,-0.1088,2.997,SEARCH,-0.0093,0.0124,0.0000,-0.0008
355532,gimbal,dynamic,109.4818,2.26,355.53,10.0029,0.0488,119.4846,-0.1154,2.997,SEARCH,-0.0093,0.0124,0.0000,-0.0008
355532,gimbal,dynamic,109.5065,2.25,355.53,10.0043,0.0482,119.5107,-0.1219,2.997,SEARCH,-0.0093,0.0124,0.0000,-0.0008
355532,gimbal,dynamic,109.5309,2.25,355.53,10.0058,0.0490,119.5366,-0.1284,2.997,SEARCH,-0.0093,0.0124,0.0000,-0.0008
355532,gimbal,dynamic,109.5558,2.24,355.53,10.0068,0.0510,119.5624,-0.1348,2.997,SEARCH,-0.0093,0.0124,0.0000,-0.0008
355532,gimbal,dynamic,109.5804,2.24,355.53,10.0077,0.0543,119.5879,-0.1412,2.997,SEARCH,-0.0093,0.0124,0.0000,-0.0008
355532,gimbal,dynamic,109.6052,2.24,355.53,10.0084,0.0576,119.6133,-0.1476,2.997,SEARCH,-0.0093,0.0124,0.0000,-0.0008
355532,gimbal,dynamic,109.6303,2.24,355.53,10.0085,0.0611,119.6385,-0.1539,2.997,SEARCH,-0.0093,0.0124,0.0000,-0.0008
355532,gimbal,dynamic,109.6557,2.24,355.53,10.0081,0.0652,119.6636,-0.1601,2.997,SEARCH,-0.0093,0.0124,0.0000,-0.0008
355532,gimbal,dynamic,109.6812,2.25,355.53,10.0076,0.0694,119.6885,-0.1663,2.997,SEARCH,-0.0093,0.0124,0.0000,-0.0008
355532,gimbal,dynamic,109.7061,2.25,355.53,10.0073,0.0747,119.7132,-0.1725,2.997,SEARCH,-0.0093,0.0124,0.0000,-0.0008
355532,gimbal,dynamic,109.7308,2.25,355.53,10.0072,0.0803,119.7377,-0.1787,2.997,SEARCH,-0.0093,0.0124,0.0000,-0.0008
355532,gimbal,dynamic,109.7553,2.26,355.53,10.0071,0.0847,119.7620,-0.1847,2.997,SEARCH,-0.0093,0.0124,0.0000,-0.0008
355532,gimbal,dynamic,109.7798,2.26,355.53,10.0068,0.0881,119.7862,-0.1908,2.997,SEARCH,-0.0093,0.0124,0.0000,-0.0008
355532,gimbal,dynamic,109.8045,2.27,355.53,10.0062,0.0898,119.8103,-0.1968,2.997,SEARCH,-0.0093,0.0124,0.0000,-0.0008
355532,gimbal,dynamic,109.8298,2.27,355.53,10.0048,0.0903,119.8342,-0.2028,2.997,SEARCH,-0.0093,0.0124,0.0000,-0.0008
355532,gimbal,dynamic,109.8553,2.28,355.53,10.0030,0.0894,119.8579,-0.2087,2.997,SEARCH,-0.0093,0.0124,0.0000,-0.0008
355532,gimbal,dynamic,109.8804,2.29,355.53,10.0015,0.0874,119.8815,-0.2146,2.997,SEARCH,-0.0093,0.0124,0.0000,-0.0008
355532,gimbal,dynamic,109.9042,2.29,355.53,10.0011,0.0850,119.9049,-0.2204,2.997,SEARCH,-0.0093,0.0124,0.0000,-0.0008
355532,gimbal,dynamic,109.9269,2.30,355.53,10.0017,0.0823,119.9281,-0.2263,2.997,SEARCH,-0.0093,0.0124,0.0000,-0.0008
355532,gimbal,dynamic,109.9487,2.30,355.53,10.0030,0.0791,119.9513,-0.2320,2.997,SEARCH,-0.0093,0.0124,0.0000,-0.0008
355532,gimbal,dynamic,109.9699,2.30,355.53,10.0048,0.0759,119.9742,-0.2378,2.997,SEARCH,-0.0093,0.0124,0.0000,-0.0008
355532,gimbal,dynamic,109.9902,2.30,355.53,10.0073,0.0723,119.9971,-0.2435,2.997,SEARCH,-0.0093,0.0124,0.0000,-0.0008
355532,gimbal,dynamic,110.0102,2.29,355.53,10.0100,0.0690,120.0198,-0.2492,2.997,SEARCH,-0.0093,0.0124,0.0000,-0.0008
355532,gimbal,dynamic,110.0308,2.29,355.53,10.0120,0.0659,120.0423,-0.2548,2.997,SEARCH,-0.0093,0.0124,0.0000,-0.0008
355532,gimbal,dynamic,110.0521,2.28,355.53,10.0131,0.0621,120.0648,-0.2604,2.997,SEARCH,-0.0093,0.0124,0.0000,-0.0008
355532,gimbal,dynamic,110.0743,2.27,355.53,10.0132,0.0590,120.0871,-0.2660,2.997,SEARCH,-0.0093,0.0124,0.0000,-0.0008
355532,gimbal,dynamic,110.0969,3.58,355.53,10.0128,0.0557,120.1092,-0.2712,2.997,SEARCH,-0.0093,0.0124,0.0000,-0.0008
355532,gimbal,dynamic,110.1195,5.33,355.53,10.0123,0.0525,120.1313,-0.2757,2.997,SEARCH,-0.0093,0.0124,0.0000,-0.0008
355532,gimbal,dynamic,110.1410,7.15,355.53,10.0127,0.0519,120.1532,-0.2795,2.997,SEARCH,-0.0093,0.0124,0.0000,-0.0008
355532,gimbal,dynamic,110.1620,9.04,355.53,10.0136,0.0512,120.1750,-0.2825,2.997,SEARCH,-0.0093,0.0124,0.0000,-0.0008
355532,gimbal,dynamic,110.1815,10.98,355.53,10.0157,0.0499,120.1967,-0.2848,2.997,SEARCH,-0.0093,0.0124,0.0000,-0.0008
355532,gimbal,dynamic,110.2006,12.96,355.53,10.0182,0.0489,120.2183,-0.2863,2.997,SEARCH,-0.0093,0.0124,0.0000,-0.0008
355532,gimbal,dynamic,110.2200,14.99,355.53,10.0203,0.0484,120.2398,-0.2871,2.997,SEARCH,-0.0093,0.0124,0.0000,-0.0008
355532,gimbal,dynamic,110.2400,17.06,355.53,10.0217,0.0484,120.2612,-0.2870,2.997,SEARCH,-0.0093,0.0124,0.0000,-0.0008
355532,gimbal,dynamic,110.2596,19.14,355.53,10.0233,0.0484,120.2825,-0.2862,2.997,SEARCH,-0.0093,0.0124,0.0000,-0.0008
355532,gimbal,dynamic,110.2796,21.24,355.53,10.0246,0.0484,120.3037,-0.2846,2.997,SEARCH,-0.0093,0.0124,0.0000,-0.0008
355532,gimbal,dynamic,110.2994,23.34,355.53,10.0258,0.0483,120.3248,-0.2823,2.997,SEARCH,-0.0093,0.0124,0.0000,-0.0008
355532,gimbal,dynamic,110.3194,25.43,355.53,10.0268,0.0480,120.3458,-0.2792,2.997,SEARCH,-0.0093,0.0124,0.0000,-0.0008
355532,gimbal,dynamic,110.3398,27.50,355.53,10.0273,0.0481,120.3667,-0.2753,2.997,SEARCH,-0.0093,0.0124,0.0000,-0.0008
355532,gimbal,dynamic,110.3601,29.54,355.53,10.0279,0.0488,120.3875,-0.2706,2.997,SEARCH,-0.0093,0.0124,0.0000,-0.0008
355532,gimbal,dynamic,110.3803,30.31,355.53,10.0284,0.0498,120.4083,-0.2655,2.997,SEARCH,-0.0093,0.0124,0.0000,-0.0008
355532,gimbal,dynamic,110.4000,30.31,355.53,10.0294,0.0510,120.4290,-0.2603,2.997,SEARCH,-0.0093,0.0124,0.0000,-0.0008
355532,gimbal,dynamic,110.4195,30.31,355.53,10.0305,0.0520,120.4496,-0.2551,2.997,SEARCH,-0.0093,0.0124,0.0000,-0.0008
355532,gimbal,dynamic,110.4388,30.30,355.53,10.0318,0.0532,120.4701,-0.2500,2.997,SEARCH,-0.0093,0.0124,0.0000,-0.0008
355532,gimbal,dynamic,110.4586,30.30,355.53,10.0324,0.0540,120.4906,-0.2449,2.997,SEARCH,-0.0093,0.0124,0.0000,-0.0008
355532,gimbal,dynamic,110.4790,30.30,355.53,10.0324,0.0546,120.5110,-0.2398,2.997,SEARCH,-0.0093,0.0124,0.0000,-0.0008
355532,gimbal,dynamic,110.4997,30.30,355.53,10.0320,0.0553,120.5314,-0.2347,2.997,SEARCH,-0.0093,0.0124,0.0000,-0.0008
355532,gimbal,dynamic,110.5207,30.29,355.53,10.0314,0.0556,120.5517,-0.2296,2.997,SEARCH,-0.0093,0.0124,0.0000,-0.0008
355532,gimbal,dynamic,110.5423,30.28,355.53,10.0300,0.0562,120.5720,-0.2245,2.997,SEARCH,-0.0093,0.0124,0.0000,-0.0008
355532,gimbal,dynamic,110.5641,30.26,355.53,10.0285,0.0569,120.5922,-0.2195,2.997,SEARCH,-0.0093,0.0124,0.0000,-0.0008
355532,gimbal,dynamic,110.5862,30.25,355.53,10.0265,0.0575,120.6124,-0.2144,2.997,SEARCH,-0.0093,0.0124,0.0000,-0.0008
355532,gimbal,dynamic,110.6084,30.24,355.53,10.0245,0.0582,120.6325,-0.2094,2.997,SEARCH,-0.0093,0.0124,0.0000,-0.0008
355532,gimbal,dynamic,110.6312,30.22,355.53,10.0217,0.0589,120.6527,-0.2044,2.997,SEARCH,-0.0093,0.0124,0.0000,-0.0008
355532,gimbal,dynamic,110.6540,30.21,355.53,10.0190,0.0600,120.6727,-0.1993,2.997,SEARCH,-0.0093,0.0124,0.0000,-0.0008
355532,gimbal,dynamic,110.6769,30.20,355.53,10.0162,0.0613,120.6928,-0.1943,2.997,SEARCH,-0.0093,0.0124,0.0000,-0.0008
355532,gimbal,dynamic,110.6991,30.19,355.53,10.0141,0.0621,120.7128,-0.1893,2.997,SEARCH,-0.0093,0.0124,0.0000,-0.0008
355532,gimbal,dynamic,110.7211,30.18,355.53,10.0121,0.0620,120.7329,-0.1843,2.997,SEARCH,-0.0093,0.0124,0.0000,-0.0008
355532,gimbal,dynamic,110.7424,30.18,355.53,10.0107,0.0614,120.7529,-0.1793,2.997,SEARCH,-0.0093,0.0124,0.0000,-0.0008
355532,gimbal,dynamic,110.7642,30.17,355.53,10.0089,0.0604,120.7729,-0.1743,2.997,SEARCH,-0.0093,0.0124,0.0000,-0.0008
355532,gimbal,dynamic,110.7863,30.17,355.53,10.0068,0.0590,120.7929,-0.1693,2.997,SEARCH,-0.0093,0.0124,0.0000,-0.0008
355532,gimbal,dynamic,110.8081,30.16,355.53,10.0050,0.0573,120.8129,-0.1643,2.997,SEARCH,-0.0093,0.0124,0.0000,-0.0008
355532,gimbal,dynamic,110.8294,30.16,355.53,10.0038,0.0559,120.8329,-0.1593,2.997,SEARCH,-0.0093,0.0124,0.0000,-0.0008
355532,gimbal,dynamic,110.8506,30.15,355.53,10.0025,0.0541,120.8529,-0.1543,2.997,SEARCH,-0.0093,0.0124,0.0000,-0.0008
355532,gimbal,dynamic,110.8715,30.15,355.53,10.0016,0.0518,120.8729,-0.1493,2.997,SEARCH,-0.0093,0.0124,0.0000,-0.0008
355532,gimbal,dynamic,110.8918,30.15,355.53,10.0014,0.0487,120.8930,-0.1443,2.997,SEARCH,-0.0093,0.0124,0.0000,-0.0008
355532,gimbal,dynamic,110.9117,30.14,355.53,10.0015,0.0460,120.9130,-0.1393,2.997,SEARCH,-0.0093,0.0124,0.0000,-0.0008
367140,gimbal,dynamic,110.9312,30.14,367.14,10.0021,0.0431,120.9331,-0.1342,1.151,IDLE,0.0000,0.0000,0.0000,0.0000
367240,gimbal,dynamic,110.9511,30.13,367.24,10.0022,0.0402,120.9532,-0.1292,1.151,IDLE,0.0000,0.0000,0.0000,0.0000
367340,gimbal,dynamic,110.9713,30.13,367.34,10.0022,0.0366,120.9734,-0.1242,1.151,IDLE,0.0000,0.0000,0.0000,0.0000
367440,gimbal,dynamic,110.9913,30.13,367.44,10.0023,0.0331,120.9935,-0.1191,1.151,IDLE,0.0000,0.0000,0.0000,0.0000
367540,gimbal,dynamic,111.0112,30.12,367.54,10.0026,0.0298,121.0138,-0.1141,1.151,IDLE,0.0000,0.0000,0.0000,0.0000
367640,gimbal,dynamic,111.0309,30.12,367.64,10.0032,0.0276,121.0340,-0.1090,1.151,IDLE,0.0000,0.0000,0.0000,0.0000
367740,gimbal,dynamic,111.0506,30.12,367.74,10.0038,0.0257,121.0543,-0.1039,1.151,IDLE,0.0000,0.0000,0.0000,0.0000
367840,gimbal,dynamic,111.0702,30.11,367.84,10.0046,0.0247,121.0747,-0.0989,1.151,IDLE,0.0000,0.0000,0.0000,0.0000
367940,gimbal,dynamic,111.0895,30.11,367.94,10.0057,0.0242,121.0951,-0.0937,1.151,IDLE,0.0000,0.0000,0.0000,0.0000
368040,gimbal,dynamic,111.1091,30.10,368.04,10.0066,0.0236,121.1156,-0.0886,1.151,IDLE,0.0000,0.0000,0.0000,0.0000
368140,gimbal,dynamic,111.1287,30.10,368.14,10.0074,0.0230,121.1361,-0.0835,1.151,IDLE,0.0000,0.0000,0.0000,0.0000
368240,gimbal,dynamic,111.1482,30.09,368.24,10.0086,0.0224,121.1567,-0.0783,1.151,IDLE,0.0000,0.0000,0.0000,0.0000
368340,gimbal,dynamic,111.1673,30.09,368.34,10.0101,0.0223,121.1774,-0.0732,1.151,IDLE,0.0000,0.0000,0.0000,0.0000
368440,gimbal,dynamic,111.1868,30.09,368.44,10.0113,0.0223,121.1981,-0.0680,1.150,IDLE,0.0000,0.0000,0.0000,0.0000
368540,gimbal,dynamic,111.2069,30.08,368.54,10.0120,0.0225,121.2189,-0.0628,1.150,IDLE,0.0000,0.0000,0.0000,0.0000
368640,gimbal,dynamic,111.2275,30.08,368.64,10.0124,0.0228,121.2398,-0.0576,1.150,IDLE,0.0000,0.0000,0.0000,0.0000
368740,gimbal,dynamic,111.2479,30.08,368.74,10.0130,0.0231,121.2608,-0.0523,1.150,IDLE,0.0000,0.0000,0.0000,0.0000
368840,gimbal,dynamic,111.2681,30.07,368.84,10.0138,0.0231,121.2819,-0.0470,1.150,IDLE,0.0000,0.0000,0.0000,0.0000
368940,gimbal,dynamic,111.2882,30.07,368.94,10.0149,0.0227,121.3031,-0.0418,1.150,IDLE,0.0000,0.0000,0.0000,0.0000
369040,gimbal,dynamic,111.3091,30.07,369.04,10.0153,0.0223,121.3243,-0.0364,1.150,IDLE,0.0000,0.0000,0.0000,0.0000
369140,gimbal,dynamic,111.3308,30.07,369.14,10.0149,0.0217,121.3457,-0.0311,1.150,IDLE,0.0000,0.0000,0.0000,0.0000
369240,gimbal,dynamic,111.3534,30.07,369.24,10.0137,0.0213,121.3671,-0.0257,1.150,IDLE,0.0000,0.0000,0.0000,0.0000
369340,gimbal,dynamic,111.3765,30.06,369.34,10.0122,0.0209,121.3887,-0.0203,1.150,IDLE,0.0000,0.0000,0.0000,0.0000
369440,gimbal,dynamic,111.3997,30.06,369.44,10.0107,0.0206,121.4104,-0.0149,1.150,IDLE,0.0000,0.0000,0.0000,0.0000
369540,gimbal,dynamic,111.4226,30.05,369.54,10.0095,0.0202,121.4322,-0.0095,1.150,IDLE,0.0000,0.0000,0.0000,0.0000
369640,gimbal,dynamic,111.4455,30.05,369.64,10.0086,0.0197,121.4541,-0.0040,1.150,IDLE,0.0000,0.0000,0.0000,0.0000
369740,gimbal,dynamic,111.4680,30.05,369.74,10.0081,0.0192,121.4761,0.0015,1.150,IDLE,0.0000,0.0000,0.0000,0.0000
369840,gimbal,dynamic,111.4900,30.05,369.84,10.0082,0.0190,121.4983,0.0070,1.150,IDLE,0.0000,0.0000,0.0000,0.0000
369940,gimbal,dynamic,111.5115,30.04,369.94,10.0090,0.0194,121.5205,0.0126,1.150,IDLE,0.0000,0.0000,0.0000,0.0000
370040,gimbal,dynamic,111.5331,30.04,370.04,10.0099,0.0206,121.5429,0.0182,1.150,IDLE,0.0000,0.0000,0.0000,0.0000
370140,gimbal,dynamic,111.5548,30.03,370.14,10.0106,0.0227,121.5655,0.0238,1.150,IDLE,0.0000,0.0000,0.0000,0.0000
370240,gimbal,dynamic,111.5769,30.03,370.24,10.0113,0.0249,121.5881,0.0295,1.150,IDLE,0.0000,0.0000,0.0000,0.0000
370340,gimbal,dynamic,111.5989,30.03,370.34,10.0120,0.0270,121.6110,0.0352,1.150,IDLE,0.0000,0.0000,0.0000,0.0000
370440,gimbal,dynamic,111.6217,30.03,370.44,10.0122,0.0283,121.6339,0.0410,1.150,IDLE,0.0000,0.0000,0.0000,0.0000
370540,gimbal,dynamic,111.6459,30.02,370.54,10.0111,0.0293,121.6570,0.0467,1.151,IDLE,0.0000,0.0000,0.0000,0.0000
370640,gimbal,dynamic,111.6710,30.02,370.64,10.0092,0.0300,121.6802,0.0525,1.151,IDLE,0.0000,0.0000,0.0000,0.0000
370740,gimbal,dynamic,111.6965,30.02,370.74,10.0071,0.0304,121.7036,0.0584,1.151,IDLE,0.0000,0.0000,0.0000,0.0000
370840,gimbal,dynamic,111.7220,28.87,370.84,10.0051,0.0304,121.7271,0.0640,1.150,IDLE,0.0000,0.0000,0.0000,0.0000
370940,gimbal,dynamic,111.7483,27.16,370.94,10.0026,0.0301,121.7508,0.0689,1.150,IDLE,0.0000,0.0000,0.0000,0.0000
371040,gimbal,dynamic,111.7744,25.45,371.04,10.0003,0.0297,121.7747,0.0732,1.150,IDLE,0.0000,0.0000,0.0000,0.0000
371140,gimbal,dynamic,111.8006,23.74,371.14,9.9981,0.0283,121.7987,0.0767,1.150,IDLE,0.0000,0.0000,0.0000,0.0000
371240,gimbal,dynamic,111.8268,22.04,371.24,9.9961,0.0265,121.8229,0.0795,1.150,IDLE,0.0000,0.0000,0.0000,0.0000
371340,gimbal,dynamic,111.8532,20.35,371.34,9.9940,0.0250,121.8472,0.0816,1.150,IDLE,0.0000,0.0000,0.0000,0.0000
371440,gimbal,dynamic,111.8792,18.68,371.44,9.9925,0.0246,121.8717,0.0830,1.150,IDLE,0.0000,0.0000,0.0000,0.0000
371540,gimbal,dynamic,111.9055,17.03,371.54,9.9908,0.0241,121.8963,0.0837,1.150,IDLE,0.0000,0.0000,0.0000,0.0000
371640,gimbal,dynamic,111.9317,15.42,371.64,9.9895,0.0241,121.9212,0.0837,1.150,IDLE,0.0000,0.0000,0.0000,0.0000
371740,gimbal,dynamic,111.9576,13.85,371.74,9.9886,0.0244,121.9462,0.0830,1.150,IDLE,0.0000,0.0000,0.0000,0.0000
371840,gimbal,dynamic,111.9833,12.32,371.84,9.9880,0.0250,121.9714,0.0816,1.150,IDLE,0.0000,0.0000,0.0000,0.0000
371940,gimbal,dynamic,112.0090,10.84,371.94,9.9877,0.0254,121.9967,0.0796,1.150,ARMING,0.0000,0.0000,0.0000,0.0000
372040,gimbal,dynamic,112.0345,9.40,372.04,9.9877,0.0255,122.0223,0.0769,1.150,TAKEOFF,0.0000,0.0000,0.0000,0.0000
372140,gimbal,dynamic,112.0599,8.02,372.14,9.9880,0.0255,122.0480,0.0735,1.150,TAKEOFF,0.0000,0.0000,0.0000,0.0000
372240,gimbal,dynamic,112.0852,6.69,372.24,9.9886,0.0253,122.0739,0.0695,1.160,TAKEOFF,0.0000,0.0000,0.0000,0.0000
372340,gimbal,dynamic,112.1110,5.43,372.34,9.9890,0.0245,122.0999,0.0649,1.187,TAKEOFF,0.0000,0.0000,0.0000,0.0000
372440,gimbal,dynamic,112.1375,4.22,372.44,9.9887,0.0231,122.1262,0.0596,1.217,TAKEOFF,0.0000,0.0000,0.0000,0.0000
372540,gimbal,dynamic,112.1646,3.07,372.54,9.9881,0.0215,122.1527,0.0537,1.244,TAKEOFF,0.0000,0.0000,0.0000,0.0000
372640,gimbal,dynamic,112.1915,1.98,372.64,9.9878,0.0203,122.1793,0.0473,1.265,TAKEOFF,0.0000,0.0000,0.0000,0.0000
372740,gimbal,dynamic,112.2190,1.89,372.74,9.9871,0.0190,122.2061,0.0406,1.284,TAKEOFF,0.0000,0.0000,0.0000,0.0000
372840,gimbal,dynamic,112.2468,1.89,372.84,9.9863,0.0179,122.2331,0.0338,1.299,TAKEOFF,0.0000,0.0000,0.0000,0.0000
372940,gimbal,dynamic,112.2750,1.88,372.94,9.9853,0.0168,122.2604,0.0270,1.311,TAKEOFF,0.0000,0.0000,0.0000,0.0000
373040,gimbal,dynamic,112.3034,1.88,373.04,9.9843,0.0160,122.2878,0.0202,1.321,TAKEOFF,0.0000,0.0000,0.0000,0.0000
373140,gimbal,dynamic,112.3317,1.88,373.14,9.9837,0.0154,122.3153,0.0133,1.329,TAKEOFF,0.0000,0.0000,0.0000,0.0000
373240,gimbal,dynamic,112.3597,1.88,373.24,9.9834,0.0150,122.3431,0.0063,1.335,TAKEOFF,0.0000,0.0000,0.0000,0.0000
373340,gimbal,dynamic,112.3879,1.88,373.34,9.9832,0.0141,122.3711,-0.0006,1.339,TAKEOFF,0.0000,0.0000,0.0000,0.0000
373440,gimbal,dynamic,112.4164,1.88,373.44,9.9829,0.0130,122.3993,-0.0077,1.342,TAKEOFF,0.0000,0.0000,0.0000,0.0000
373540,gimbal,dynamic,112.4452,1.88,373.54,9.9825,0.0118,122.4277,-0.0148,1.344,TAKEOFF,0.0000,0.0000,0.0000,0.0000
373640,gimbal,dynamic,112.4739,1.88,373.64,9.9823,0.0109,122.4563,-0.0219,1.345,TAKEOFF,0.0000,0.0000,0.0000,0.0000
373740,gimbal,dynamic,112.5021,1.87,373.74,9.9829,0.0103,122.4850,-0.0291,1.345,TAKEOFF,0.0000,0.0000,0.0000,0.0000
373840,gimbal,dynamic,112.5307,1.87,373.84,9.9833,0.0106,122.5140,-0.0364,1.344,TAKEOFF,0.0000,0.0000,0.0000,0.0000
373940,gimbal,dynamic,112.5601,1.87,373.94,9.9831,0.0114,122.5432,-0.0437,1.343,TAKEOFF,0.0000,0.0000,0.0000,0.0000
374040,gimbal,dynamic,112.5903,1.87,374.04,9.9822,0.0119,122.5726,-0.0510,1.342,TAKEOFF,0.0000,0.0000,0.0000,0.0000
374140,gimbal,dynamic,112.6211,1.87,374.14,9.9810,0.0118,122.6021,-0.0584,1.340,TAKEOFF,0.0000,0.0000,0.0000,0.0000
374240,gimbal,dynamic,112.6515,1.86,374.24,9.9804,0.0110,122.6319,-0.0658,1.337,TAKEOFF,0.0000,0.0000,0.0000,0.0000
374340,gimbal,dynamic,112.6811,1.86,374.34,9.9808,0.0101,122.6619,-0.0733,1.335,TAKEOFF,0.0000,0.0000,0.0000,0.0000
374440,gimbal,dynamic,112.7099,1.83,374.44,9.9821,0.0090,122.6920,-0.0809,1.333,TAKEOFF,0.0000,0.0000,0.0000,0.0000
374540,gimbal,dynamic,112.7379,1.29,374.54,9.9845,0.0076,122.7224,-0.0885,1.331,TAKEOFF,0.0000,0.0000,0.0000,0.0000
374640,gimbal,dynamic,112.7654,0.01,374.64,9.9876,0.0067,122.7530,-0.0961,1.335,TAKEOFF,0.0000,0.0000,0.0000,0.0000
374740,gimbal,dynamic,112.7928,-1.69,374.74,9.9910,0.0075,122.7838,-0.1038,1.346,TAKEOFF,0.0000,0.0000,0.0000,0.0000
374840,gimbal,dynamic,112.8208,-3.59,374.84,9.9940,0.0104,122.8147,-0.1115,1.365,TAKEOFF,0.0000,0.0000,0.0000,0.0000
374940,gimbal,dynamic,112.8481,-5.39,374.94,9.9979,0.0151,122.8459,-0.1193,1.393,TAKEOFF,0.0000,0.0000,0.0000,0.0000
375040,gimbal,dynamic,112.8757,-7.13,375.04,10.0016,0.0203,122.8773,-0.1272,1.424,TAKEOFF,0.0000,0.0000,0.0000,0.0000
375140,gimbal,dynamic,112.9040,-8.43,375.14,10.0050,0.0258,122.9088,-0.1351,1.465,TAKEOFF,0.0000,0.0000,0.0000,0.0000
375240,gimbal,dynamic,112.9335,-9.44,375.24,10.0072,0.0316,122.9406,-0.1430,1.509,TAKEOFF,0.0000,0.0000,0.0000,0.0000
375340,gimbal,dynamic,112.9646,-10.01,375.34,10.0081,0.0360,122.9725,-0.1510,1.561,TAKEOFF,0.0000,0.0000,0.0000,0.0000
375440,gimbal,dynamic,112.9968,-10.26,375.44,10.0081,0.0396,123.0047,-0.1590,1.614,TAKEOFF,0.0000,0.0000,0.0000,0.0000
375540,gimbal,dynamic,113.0306,-10.22,375.54,10.0067,0.0425,123.0370,-0.1671,1.671,TAKEOFF,0.0000,0.0000,0.0000,0.0000
375640,gimbal,dynamic,113.0656,-9.98,375.64,10.0042,0.0439,123.0696,-0.1753,1.736,TAKEOFF,0.0000,0.0000,0.0000,0.0000
375740,gimbal,dynamic,113.1022,-9.65,375.74,10.0003,0.0443,123.1023,-0.1834,1.804,TAKEOFF,0.0000,0.0000,0.0000,0.0000
375840,gimbal,dynamic,113.1397,-9.25,375.84,9.9958,0.0440,123.1353,-0.1917,1.869,TAKEOFF,0.0000,0.0000,0.0000,0.0000
375940,gimbal,dynamic,113.1784,-8.91,375.94,9.9902,0.0432,123.1684,-0.2000,1.942,TAKEOFF,0.0000,0.0000,0.0000,0.0000
376040,gimbal,dynamic,113.2170,-8.64,376.04,9.9849,0.0419,123.2017,-0.2083,2.010,TAKEOFF,0.0000,0.0000,0.0000,0.0000
376140,gimbal,dynamic,113.2558,-8.48,376.14,9.9796,0.0404,123.2352,-0.2167,2.086,TAKEOFF,0.0000,0.0000,0.0000,0.0000
376240,gimbal,dynamic,113.2940,-8.43,376.24,9.9752,0.0394,123.2689,-0.2251,2.156,TAKEOFF,0.0000,0.0000,0.0000,0.0000
376340,gimbal,dynamic,113.3322,-8.50,376.34,9.9708,0.0389,123.3027,-0.2335,2.232,TAKEOFF,0.0000,0.0000,0.0000,0.0000
376440,gimbal,dynamic,113.3700,-8.67,376.44,9.9671,0.0390,123.3368,-0.2421,2.303,TAKEOFF,0.0000,0.0000,0.0000,0.0000
376540,gimbal,dynamic,113.4073,-8.91,376.54,9.9641,0.0392,123.3710,-0.2506,2.378,TAKEOFF,0.0000,0.0000,0.0000,0.0000
376640,gimbal,dynamic,113.4443,-9.22,376.64,9.9615,0.0390,123.4054,-0.2592,2.447,TAKEOFF,0.0000,0.0000,0.0000,0.0000
376740,gimbal,dynamic,113.4813,-9.53,376.74,9.9592,0.0387,123.4400,-0.2679,2.521,TAKEOFF,0.0000,0.0000,0.0000,0.0000
376840,gimbal,dynamic,113.5181,-9.88,376.84,9.9572,0.0379,123.4748,-0.2766,2.587,TAKEOFF,0.0000,0.0000,0.0000,0.0000
376940,gimbal,dynamic,113.5549,-10.20,376.94,9.9553,0.0368,123.5097,-0.2853,2.651,TAKEOFF,0.0000,0.0000,0.0000,0.0000
377040,gimbal,dynamic,113.5908,-10.12,377.04,9.9545,0.0360,123.5448,-0.2940,2.718,TAKEOFF,0.0000,0.0000,0.0000,0.0000
377140,gimbal,dynamic,113.6261,-9.66,377.14,9.9545,0.0355,123.5801,-0.3022,2.778,TAKEOFF,0.0000,0.0000,0.0000,0.0000
377240,gimbal,dynamic,113.6607,-9.16,377.24,9.9554,0.0353,123.6156,-0.3100,2.840,TAKEOFF,0.0000,0.0000,0.0000,0.0000
377340,gimbal,dynamic,113.6946,-8.61,377.34,9.9572,0.0354,123.6512,-0.3173,2.899,TAKEOFF,0.0000,0.0000,0.0000,0.0000
377440,gimbal,dynamic,113.7276,-8.04,377.44,9.9599,0.0350,123.6870,-0.3242,2.951,TAKEOFF,0.0000,0.0000,0.0000,0.0000
377540,gimbal,dynamic,113.7606,-7.44,377.54,9.9629,0.0341,123.7229,-0.3306,3.000,TAKEOFF,0.0000,0.0000,0.0000,0.0000
377640,gimbal,dynamic,113.7939,-6.82,377.64,9.9658,0.0334,123.7591,-0.3365,3.050,TAKEOFF,0.0000,0.0000,0.0000,0.0000
377740,gimbal,dynamic,113.8278,-6.19,377.74,9.9681,0.0330,123.7953,-0.3420,3.092,TAKEOFF,0.0000,0.0000,0.0000,0.0000
377840,gimbal,dynamic,113.8630,-5.56,377.84,9.9694,0.0325,123.8317,-0.3469,3.135,TAKEOFF,0.0000,0.0000,0.0000,0.0000
377940,gimbal,dynamic,113.8988,-4.93,377.94,9.9702,0.0321,123.8683,-0.3514,3.175,TAKEOFF,0.0000,0.0000,0.0000,0.0000
378040,gimbal,dynamic,113.9349,-4.32,378.04,9.9708,0.0319,123.9050,-0.3554,3.209,TAKEOFF,0.0000,0.0000,0.0000,0.0000
378140,gimbal,dynamic,113.9714,-3.72,378.14,9.9712,0.0316,123.9419,-0.3588,3.241,TAKEOFF,0.0000,0.0000,0.0000,0.0000
378240,gimbal,dynamic,114.0077,-3.14,378.24,9.9719,0.0309,123.9789,-0.3618,3.272,TAKEOFF,0.0000,0.0000,0.0000,0.0000
378341,gimbal,dynamic,114.0433,-2.58,378.34,9.9735,0.0296,124.0161,-0.3643,3.300,SEARCH,0.0000,0.0000,0.0000,0.0000
378440,gimbal,dynamic,114.0789,-1.75,378.44,9.9751,0.0288,124.0534,-0.3663,3.315,SEARCH,0.0129,-0.0146,0.0000,-0.1454
378540,gimbal,dynamic,114.1147,-0.12,378.54,9.9768,0.0274,124.0908,-0.3678,3.314,SEARCH,0.0121,-0.0142,0.0000,-0.1457
378640,gimbal,dynamic,114.1508,2.55,378.64,9.9782,0.0250,124.1283,-0.3688,3.307,SEARCH,0.0113,-0.0133,0.0000,-0.1478
378740,gimbal,dynamic,114.1874,5.87,378.74,9.9793,0.0203,124.1660,-0.3693,3.298,SEARCH,0.0106,-0.0117,0.0000,-0.1506
378840,gimbal,dynamic,114.2249,9.54,378.84,9.9796,0.0137,124.2039,-0.3694,3.289,SEARCH,0.0103,-0.0089,0.0000,-0.1533
378940,gimbal,dynamic,114.2624,13.19,378.94,9.9800,0.0054,124.2418,-0.3690,3.279,SEARCH,0.0102,-0.0053,0.0000,-0.1562
379040,gimbal,dynamic,114.2993,16.53,379.04,9.9811,-0.0025,124.2798,-0.3682,3.271,SEARCH,0.0098,-0.0010,0.0000,-0.1586
379140,gimbal,dynamic,114.3351,19.28,379.14,9.9835,-0.0095,124.3180,-0.3669,3.263,SEARCH,0.0090,0.0028,0.0000,-0.1611
379240,gimbal,dynamic,114.3695,21.54,379.24,9.9874,-0.0150,124.3563,-0.3651,3.256,SEARCH,0.0074,0.0062,0.0000,-0.1632
379340,gimbal,dynamic,114.4026,23.05,379.34,9.9926,-0.0170,124.3947,-0.3630,3.249,SEARCH,0.0054,0.0081,0.0000,-0.1652
379440,gimbal,dynamic,114.4357,24.01,379.44,9.9981,-0.0160,124.4332,-0.3604,3.244,SEARCH,0.0026,0.0085,0.0000,-0.1668
379540,gimbal,dynamic,114.4687,24.44,379.54,10.0037,-0.0121,124.4718,-0.3575,3.238,SEARCH,-0.0001,0.0074,0.0000,-0.1685
379640,gimbal,dynamic,114.5022,24.46,379.64,10.0089,-0.0065,124.5105,-0.3541,3.234,SEARCH,-0.0029,0.0050,0.0000,-0.1698
379740,gimbal,dynamic,114.5353,24.27,379.74,10.0146,0.0009,124.5493,-0.3504,3.229,SEARCH,-0.0055,0.0019,0.0000,-0.1712
379840,gimbal,dynamic,114.5692,23.89,379.84,10.0196,0.0082,124.5882,-0.3463,3.225,SEARCH,-0.0082,-0.0017,0.0000,-0.1724
379940,gimbal,dynamic,114.6035,23.52,379.94,10.0243,0.0154,124.6272,-0.3419,3.221,SEARCH,-0.0107,-0.0055,0.0000,-0.1736
380040,gimbal,dynamic,114.6394,23.22,380.04,10.0275,0.0211,124.6663,-0.3372,3.218,SEARCH,-0.0129,-0.0089,0.0000,-0.1746
380140,gimbal,dynamic,114.6760,23.04,380.14,10.0300,0.0257,124.7055,-0.3322,3.215,SEARCH,-0.0143,-0.0115,0.0000,-0.1756
380240,gimbal,dynamic,114.7140,23.02,380.24,10.0312,0.0283,124.7447,-0.3269,3.212,SEARCH,-0.0152,-0.0133,0.0000,-0.1764
380340,gimbal,dynamic,114.7529,23.16,380.34,10.0317,0.0297,124.7840,-0.3213,3.210,SEARCH,-0.0157,-0.0145,0.0000,-0.1771
380440,gimbal,dynamic,114.7928,23.42,380.44,10.0311,0.0294,124.8234,-0.3155,3.207,SEARCH,-0.0158,-0.0148,0.0000,-0.1778
380540,gimbal,dynamic,114.8339,23.79,380.54,10.0294,0.0282,124.8628,-0.3095,3.205,SEARCH,-0.0153,-0.0145,0.0000,-0.1784
380640,gimbal,dynamic,114.8761,24.25,380.64,10.0267,0.0263,124.9023,-0.3032,3.204,SEARCH,-0.0143,-0.0138,0.0000,-0.1788
380740,gimbal,dynamic,114.9193,24.71,380.74,10.0230,0.0237,124.9419,-0.2968,3.203,SEARCH,-0.0127,-0.0127,0.0000,-0.1792
380840,gimbal,dynamic,114.9638,25.19,380.84,10.0182,0.0193,124.9815,-0.2902,3.202,SEARCH,-0.0105,-0.0109,0.0000,-0.1795
380940,gimbal,dynamic,115.0092,25.63,380.94,10.0124,0.0141,125.0212,-0.2834,3.201,SEARCH,-0.0080,-0.0087,0.0000,-0.1797
381040,gimbal,dynamic,115.0544,26.00,381.04,10.0069,0.0099,125.0610,-0.2766,3.201,SEARCH,-0.0050,-0.0061,0.0000,-0.1798
381140,gimbal,dynamic,115.0994,26.29,381.14,10.0017,0.0066,125.1007,-0.2696,3.200,SEARCH,-0.0023,-0.0042,0.0000,-0.1799
381240,gimbal,dynamic,115.1446,26.51,381.24,9.9962,0.0042,125.1405,-0.2626,3.201,SEARCH,0.0004,-0.0027,0.0000,-0.1798
381340,gimbal,dynamic,115.1898,26.63,381.34,9.9909,0.0026,125.1804,-0.2555,3.201,SEARCH,0.0029,-0.0017,0.0000,-0.1797
381440,gimbal,dynamic,115.2343,26.68,381.44,9.9863,0.0017,125.2203,-0.2484,3.201,SEARCH,0.0055,-0.0011,0.0000,-0.1796
381540,gimbal,dynamic,115.2786,26.67,381.54,9.9818,0.0009,125.2602,-0.2412,3.202,SEARCH,0.0078,-0.0007,0.0000,-0.1794
381640,gimbal,dynamic,115.3214,26.59,381.64,9.9790,-0.0001,125.3001,-0.2341,3.203,SEARCH,0.0098,-0.0002,0.0000,-0.1792
381740,gimbal,dynamic,115.3633,26.47,381.74,9.9770,-0.0018,125.3401,-0.2270,3.204,SEARCH,0.0109,0.0003,0.0000,-0.1789
381840,gimbal,dynamic,115.4046,26.31,381.84,9.9756,-0.0035,125.3800,-0.2199,3.205,SEARCH,0.0118,0.0012,0.0000,-0.1785
381940,gimbal,dynamic,115.4452,26.13,381.94,9.9751,-0.0050,125.4200,-0.2129,3.206,SEARCH,0.0123,0.0021,0.0000,-0.1781
382040,gimbal,dynamic,115.4851,25.93,382.04,9.9751,-0.0058,125.4600,-0.2061,3.208,SEARCH,0.0125,0.0028,0.0000,-0.1777
382140,gimbal,dynamic,115.5247,25.72,382.14,9.9755,-0.0056,125.5000,-0.1993,3.209,SEARCH,0.0124,0.0029,0.0000,-0.1772
382240,gimbal,dynamic,115.5643,25.50,382.24,9.9759,-0.0049,125.5400,-0.1926,3.211,SEARCH,0.0122,0.0027,0.0000,-0.1767
382340,gimbal,dynamic,115.6042,25.26,382.34,9.9759,-0.0040,125.5800,-0.1862,3.213,SEARCH,0.0120,0.0023,0.0000,-0.1760
382440,gimbal,dynamic,115.6447,25.02,382.44,9.9754,-0.0034,125.6200,-0.1798,3.215,SEARCH,0.0121,0.0019,0.0000,-0.1754
382540,gimbal,dynamic,115.6856,24.75,382.54,9.9745,-0.0026,125.6600,-0.1737,3.218,SEARCH,0.0125,0.0015,0.0000,-0.1746
382640,gimbal,dynamic,115.7262,24.47,382.64,9.9739,-0.0019,125.6999,-0.1678,3.220,SEARCH,0.0129,0.0012,0.0000,-0.1739
382740,gimbal,dynamic,115.7666,24.17,382.74,9.9734,-0.0015,125.7399,-0.1621,3.223,SEARCH,0.0132,0.0008,0.0000,-0.1731
382840,gimbal,dynamic,115.8066,23.85,382.84,9.9733,-0.0015,125.7798,-0.1567,3.226,SEARCH,0.0133,0.0007,0.0000,-0.1723
382940,gimbal,dynamic,115.8465,23.51,382.94,9.9733,-0.0018,125.8197,-0.1515,3.229,SEARCH,0.0134,0.0008,0.0000,-0.1713
383040,gimbal,dynamic,115.8864,23.13,383.04,9.9733,-0.0021,125.8596,-0.1466,3.232,SEARCH,0.0133,0.0010,0.0000,-0.1704
383140,gimbal,dynamic,115.9265,22.73,383.14,9.9729,-0.0021,125.8994,-0.1420,3.235,SEARCH,0.0134,0.0011,0.0000,-0.1694
383240,gimbal,dynamic,115.9673,22.30,383.24,9.9719,-0.0021,125.9392,-0.1377,3.239,SEARCH,0.0137,0.0011,0.0000,-0.1684
383340,gimbal,dynamic,116.0091,21.85,383.34,9.9699,-0.0021,125.9789,-0.1338,3.242,SEARCH,0.0144,0.0011,0.0000,-0.1673
383440,gimbal,dynamic,116.0513,21.37,383.44,9.9674,-0.0014,126.0186,-0.1301,3.246,SEARCH,0.0156,0.0010,0.0000,-0.1663
383540,gimbal,dynamic,116.0939,20.87,383.54,9.9644,-0.0002,126.0583,-0.1268,3.249,SEARCH,0.0169,0.0005,0.0000,-0.1652
383640,gimbal,dynamic,116.1362,20.35,383.64,9.9617,0.0009,126.0979,-0.1239,3.253,SEARCH,0.0184,-0.0001,0.0000,-0.1641
383740,gimbal,dynamic,116.1780,19.82,383.74,9.9594,0.0021,126.1374,-0.1213,3.257,SEARCH,0.0196,-0.0007,0.0000,-0.1630
383840,gimbal,dynamic,116.2191,19.27,383.84,9.9578,0.0033,126.1769,-0.1191,3.261,SEARCH,0.0206,-0.0013,0.0000,-0.1618
383940,gimbal,dynamic,116.2597,18.72,383.94,9.9566,0.0049,126.2163,-0.1173,3.265,SEARCH,0.0214,-0.0020,0.0000,-0.1606
384040,gimbal,dynamic,116.3000,18.15,384.04,9.9556,0.0070,126.2556,-0.1159,3.269,SEARCH,0.0219,-0.0029,0.0000,-0.1594
384140,gimbal,dynamic,116.3402,17.57,384.14,9.9548,0.0088,126.2949,-0.1149,3.273,SEARCH,0.0224,-0.0039,0.0000,-0.1581
384240,gimbal,dynamic,116.3791,16.98,384.24,9.9550,0.0107,126.3341,-0.1143,3.277,SEARCH,0.0227,-0.0048,0.0000,-0.1569
384340,gimbal,dynamic,116.4171,16.39,384.34,9.9561,0.0123,126.3732,-0.1140,3.282,SEARCH,0.0223,-0.0057,0.0000,-0.1555
384440,gimbal,dynamic,116.4544,15.78,384.44,9.9579,0.0137,126.4122,-0.1142,3.286,SEARCH,0.0217,-0.0064,0.0000,-0.1543
384540,gimbal,dynamic,116.4911,15.17,384.54,9.9601,0.0153,126.4511,-0.1149,3.290,SEARCH,0.0207,-0.0072,0.0000,-0.1531
384640,gimbal,dynamic,116.5275,14.56,384.64,9.9625,0.0166,126.4900,-0.1159,3.294,SEARCH,0.0195,-0.0079,0.0000,-0.1517
384740,gimbal,dynamic,116.5635,13.94,384.74,9.9653,0.0181,126.5287,-0.1173,3.299,SEARCH,0.0182,-0.0086,0.0000,-0.1504
384840,gimbal,dynamic,116.5999,13.33,384.84,9.9675,0.0194,126.5674,-0.1192,3.303,SEARCH,0.0169,-0.0093,0.0000,-0.1492
384940,gimbal,dynamic,116.6360,12.70,384.94,9.9700,0.0204,126.6059,-0.1215,3.307,SEARCH,0.0158,-0.0099,0.0000,-0.1479
385040,gimbal,dynamic,116.6715,12.08,385.04,9.9729,0.0209,126.6443,-0.1242,3.311,SEARCH,0.0146,-0.0103,0.0000,-0.1466
385140,gimbal,dynamic,116.7054,11.46,385.14,9.9773,0.0214,126.6827,-0.1273,3.316,SEARCH,0.0128,-0.0105,0.0000,-0.1453
385240,gimbal,dynamic,116.7391,10.85,385.24,9.9819,0.0215,126.7209,-0.1308,3.320,SEARCH,0.0104,-0.0107,0.0000,-0.1440
385340,gimbal,dynamic,116.7721,10.25,385.34,9.9870,0.0214,126.7590,-0.1347,3.324,SEARCH,0.0080,-0.0108,0.0000,-0.1428
385440,gimbal,dynamic,116.8060,9.65,385.44,9.9911,0.0209,126.7970,-0.1390,3.329,SEARCH,0.0056,-0.0106,0.0000,-0.1414
385540,gimbal,dynamic,116.8403,9.05,385.54,9.9947,0.0200,126.8348,-0.1436,3.333,SEARCH,0.0037,-0.0103,0.0000,-0.1401
385640,gimbal,dynamic,116.8757,8.48,385.64,9.9970,0.0181,126.8726,-0.1487,3.338,SEARCH,0.0021,-0.0097,0.0000,-0.1387
385740,gimbal,dynamic,116.9114,7.91,385.74,9.9989,0.0157,126.9102,-0.1541,3.342,SEARCH,0.0011,-0.0086,0.0000,-0.1373
385840,gimbal,dynamic,116.9475,7.35,385.84,10.0003,0.0137,126.9476,-0.1599,3.347,SEARCH,0.0003,-0.0075,0.0000,-0.1360
385940,gimbal,dynamic,116.9832,6.81,385.94,10.0019,0.0114,126.9850,-0.1660,3.351,SEARCH,-0.0004,-0.0064,0.0000,-0.1346
386040,gimbal,dynamic,117.0190,6.28,386.04,10.0033,0.0090,127.0222,-0.1725,3.356,SEARCH,-0.0013,-0.0052,0.0000,-0.1333
386140,gimbal,dynamic,117.0548,5.76,386.14,10.0046,0.0064,127.0593,-0.1793,3.361,SEARCH,-0.0019,-0.0040,0.0000,-0.1318
386240,gimbal,dynamic,117.0908,5.27,386.24,10.0055,0.0035,127.0962,-0.1863,3.365,SEARCH,-0.0024,-0.0028,0.0000,-0.1305
386340,gimbal,dynamic,117.1264,4.79,386.34,10.0067,0.0004,127.1330,-0.1937,3.370,SEARCH,-0.0030,-0.0011,0.0000,-0.1291
386440,gimbal,dynamic,117.1615,4.33,386.44,10.0083,-0.0027,127.1696,-0.2014,3.374,SEARCH,-0.0037,0.0006,0.0000,-0.1278
386540,gimbal,dynamic,117.1967,3.90,386.54,10.0096,-0.0048,127.2061,-0.2093,3.378,SEARCH,-0.0044,0.0018,0.0000,-0.1265
386640,gimbal,dynamic,117.2325,3.48,386.64,10.0101,-0.0056,127.2424,-0.2175,3.383,SEARCH,-0.0049,0.0026,0.0000,-0.1252
386740,gimbal,dynamic,117.2684,3.09,386.74,10.0104,-0.0057,127.2785,-0.2259,3.387,SEARCH,-0.0051,0.0028,0.0000,-0.1239
386840,gimbal,dynamic,117.3035,2.73,386.84,10.0113,-0.0056,127.3146,-0.2345,3.391,SEARCH,-0.0053,0.0028,0.0000,-0.1226
386940,gimbal,dynamic,117.3372,2.39,386.94,10.0134,-0.0049,127.3504,-0.2433,3.396,SEARCH,-0.0060,0.0027,0.0000,-0.1213
387040,gimbal,dynamic,117.3710,2.27,387.04,10.0154,-0.0037,127.3861,-0.2522,3.400,SEARCH,-0.0071,0.0022,0.0000,-0.1201
387140,gimbal,dynamic,117.4048,2.27,387.14,10.0171,-0.0022,127.4216,-0.2611,3.404,SEARCH,-0.0080,0.0015,0.0000,-0.1187
387240,gimbal,dynamic,117.4384,2.27,387.24,10.0188,-0.0009,127.4569,-0.2699,3.408,SEARCH,-0.0088,0.0009,0.0000,-0.1175
387340,gimbal,dynamic,117.4722,2.27,387.34,10.0202,0.0005,127.4921,-0.2787,3.413,SEARCH,-0.0097,0.0002,0.0000,-0.1161
387440,gimbal,dynamic,117.5064,2.27,387.44,10.0211,0.0020,127.5271,-0.2875,3.417,SEARCH,-0.0104,-0.0006,0.0000,-0.1149
387540,gimbal,dynamic,117.5411,2.27,387.54,10.0212,0.0028,127.5620,-0.2962,3.422,SEARCH,-0.0106,-0.0012,0.0000,-0.1135
387640,gimbal,dynamic,117.5761,2.27,387.64,10.0210,0.0028,127.5966,-0.3048,3.426,SEARCH,-0.0106,-0.0014,0.0000,-0.1122
387740,gimbal,dynamic,117.6113,2.26,387.74,10.0203,0.0022,127.6311,-0.3135,3.430,SEARCH,-0.0104,-0.0013,0.0000,-0.1110
387840,gimbal,dynamic,117.6469,2.26,387.84,10.0189,0.0013,127.6654,-0.3220,3.434,SEARCH,-0.0099,-0.0009,0.0000,-0.1097
387940,gimbal,dynamic,117.6830,2.26,387.94,10.0170,0.0006,127.6995,-0.3306,3.438,SEARCH,-0.0091,-0.0005,0.0000,-0.1085
388040,gimbal,dynamic,117.7190,2.26,388.04,10.0150,0.0009,127.7335,-0.3391,3.442,SEARCH,-0.0081,-0.0003,0.0000,-0.1073
388140,gimbal,dynamic,117.7549,2.26,388.14,10.0128,0.0018,127.7672,-0.3475,3.446,SEARCH,-0.0071,-0.0006,0.0000,-0.1062
388240,gimbal,dynamic,117.7899,2.27,388.24,10.0114,0.0020,127.8008,-0.3559,3.450,SEARCH,-0.0062,-0.0010,0.0000,-0.1050
388340,gimbal,dynamic,117.8243,2.27,388.34,10.0105,0.0020,127.8341,-0.3642,3.454,SEARCH,-0.0055,-0.0010,0.0000,-0.1038
388440,gimbal,dynamic,117.8581,2.27,388.44,10.0099,0.0023,127.8673,-0.3725,3.457,SEARCH,-0.0051,-0.0010,0.0000,-0.1028
388540,gimbal,dynamic,117.8918,2.27,388.54,10.0091,0.0028,127.9003,-0.3808,3.461,SEARCH,-0.0048,-0.0013,0.0000,-0.1017
388640,gimbal,dynamic,117.9255,2.27,388.64,10.0083,0.0027,127.9331,-0.3890,3.465,SEARCH,-0.0044,-0.0014,0.0000,-0.1006
388740,gimbal,dynamic,117.9593,2.27,388.74,10.0071,0.0022,127.9658,-0.3971,3.469,SEARCH,-0.0039,-0.0013,0.0000,-0.0994
388840,gimbal,dynamic,117.9927,2.27,388.84,10.0062,0.0016,127.9982,-0.4052,3.472,SEARCH,-0.0033,-0.0010,0.0000,-0.0984
388940,gimbal,dynamic,118.0254,2.27,388.94,10.0057,0.0014,128.0304,-0.4133,3.476,SEARCH,-0.0030,-0.0008,0.0000,-0.0972
389040,gimbal,dynamic,118.0576,2.27,389.04,10.0056,0.0011,128.0624,-0.4213,3.479,SEARCH,-0.0028,-0.0006,0.0000,-0.0962
389140,gimbal,dynamic,118.0892,2.46,389.14,10.0058,0.0008,128.0943,-0.4292,3.483,SEARCH,-0.0029,-0.0005,0.0000,-0.0950
389240,gimbal,dynamic,118.1208,2.86,389.24,10.0059,0.0002,128.1259,-0.4369,3.487,SEARCH,-0.0029,-0.0003,0.0000,-0.0939
389340,gimbal,dynamic,118.1524,3.30,389.34,10.0057,-0.0012,128.1573,-0.4442,3.491,SEARCH,-0.0029,0.0002,0.0000,-0.0928
389440,gimbal,dynamic,118.1843,3.77,389.44,10.0052,-0.0031,128.1886,-0.4512,3.494,SEARCH,-0.0028,0.0010,0.0000,-0.0917
389540,gimbal,dynamic,118.2165,4.29,389.54,10.0040,-0.0055,128.2196,-0.4580,3.498,SEARCH,-0.0024,0.0020,0.0000,-0.0906
389640,gimbal,dynamic,118.2487,4.84,389.64,10.0026,-0.0083,128.2505,-0.4643,3.502,SEARCH,-0.0017,0.0033,0.0000,-0.0895
389740,gimbal,dynamic,118.2808,5.44,389.74,10.0012,-0.0114,128.2811,-0.4703,3.506,SEARCH,-0.0010,0.0047,0.0000,-0.0883
389840,gimbal,dynamic,118.3117,6.07,389.84,10.0007,-0.0140,128.3116,-0.4759,3.509,SEARCH,-0.0004,0.0062,0.0000,-0.0872
389940,gimbal,dynamic,118.3418,6.74,389.94,10.0009,-0.0166,128.3418,-0.4812,3.513,SEARCH,-0.0004,0.0075,0.0000,-0.0861
390040,gimbal,dynamic,118.3713,7.44,390.04,10.0015,-0.0186,128.3718,-0.4860,3.516,SEARCH,-0.0005,0.0087,0.0000,-0.0851
390140,gimbal,dynamic,118.4001,8.19,390.14,10.0026,-0.0201,128.4017,-0.4904,3.520,SEARCH,-0.0009,0.0096,0.0000,-0.0841
390240,gimbal,dynamic,118.4285,8.97,390.24,10.0038,-0.0202,128.4313,-0.4943,3.523,SEARCH,-0.0015,0.0101,0.0000,-0.0832
390340,gimbal,dynamic,118.4568,9.78,390.34,10.0049,-0.0184,128.4608,-0.4978,3.526,SEARCH,-0.0021,0.0099,0.0000,-0.0821
390440,gimbal,dynamic,118.4857,10.63,390.44,10.0053,-0.0149,128.4900,-0.5009,3.529,SEARCH,-0.0025,0.0087,0.0000,-0.0812
390540,gimbal,dynamic,118.5143,11.51,390.54,10.0058,-0.0102,128.5191,-0.5035,3.533,SEARCH,-0.0028,0.0065,0.0000,-0.0802
390640,gimbal,dynamic,118.5425,12.43,390.64,10.0065,-0.0047,128.5479,-0.5056,3.536,SEARCH,-0.0030,0.0040,0.0000,-0.0793
390740,gimbal,dynamic,118.5702,13.38,390.74,10.0074,0.0005,128.5766,-0.5072,3.539,SEARCH,-0.0034,0.0013,0.0000,-0.0783
390840,gimbal,dynamic,118.5976,14.35,390.84,10.0085,0.0047,128.6050,-0.5083,3.542,SEARCH,-0.0039,-0.0012,0.0000,-0.0774
390940,gimbal,dynamic,118.6247,15.36,390.94,10.0097,0.0085,128.6333,-0.5090,3.545,SEARCH,-0.0045,-0.0032,0.0000,-0.0765
391040,gimbal,dynamic,118.6518,16.39,391.04,10.0107,0.0118,128.6613,-0.5091,3.548,SEARCH,-0.0051,-0.0050,0.0000,-0.0756
391140,gimbal,dynamic,118.6791,17.44,391.14,10.0112,0.0138,128.6892,-0.5087,3.551,SEARCH,-0.0055,-0.0064,0.0000,-0.0747
391240,gimbal,dynamic,118.7069,18.52,391.24,10.0111,0.0149,128.7169,-0.5078,3.554,SEARCH,-0.0056,-0.0072,0.0000,-0.0738
391340,gimbal,dynamic,118.7350,19.62,391.34,10.0104,0.0152,128.7443,-0.5064,3.557,SEARCH,-0.0055,-0.0075,0.0000,-0.0729
391440,gimbal,dynamic,118.7632,20.73,391.44,10.0095,0.0155,128.7716,-0.5045,3.560,SEARCH,-0.0050,-0.0077,0.0000,-0.0720
391540,gimbal,dynamic,118.7919,21.85,391.54,10.0079,0.0160,128.7987,-0.5020,3.563,SEARCH,-0.0045,-0.0078,0.0000,-0.0712
391640,gimbal,dynamic,118.8205,22.98,391.64,10.0062,0.0167,128.8256,-0.4991,3.566,SEARCH,-0.0036,-0.0081,0.0000,-0.0703
391740,gimbal,dynamic,118.8489,24.12,391.74,10.0045,0.0176,128.8523,-0.4956,3.569,SEARCH,-0.0027,-0.0085,0.0000,-0.0693
391840,gimbal,dynamic,118.8767,25.27,391.84,10.0033,0.0188,128.8788,-0.4916,3.572,SEARCH,-0.0019,-0.0091,0.0000,-0.0685
391940,gimbal,dynamic,118.9035,26.41,391.94,10.0027,0.0198,128.9052,-0.4871,3.575,SEARCH,-0.0015,-0.0096,0.0000,-0.0675
392040,gimbal,dynamic,118.9299,27.55,392.04,10.0025,0.0202,128.9313,-0.4821,3.578,SEARCH,-0.0013,-0.0100,0.0000,-0.0666
392140,gimbal,dynamic,118.9565,28.69,392.14,10.0018,0.0199,128.9573,-0.4766,3.581,SEARCH,-0.0011,-0.0100,0.0000,-0.0656
392240,gimbal,dynamic,118.9839,29.82,392.24,10.0002,0.0193,128.9830,-0.4706,3.584,SEARCH,-0.0006,-0.0098,0.0000,-0.0647
392340,gimbal,dynamic,119.0117,30.35,392.34,9.9979,0.0184,129.0086,-0.4642,3.587,SEARCH,0.0003,-0.0095,0.0000,-0.0638
392440,gimbal,dynamic,119.0396,30.35,392.44,9.9954,0.0174,129.0341,-0.4578,3.590,SEARCH,0.0015,-0.0090,0.0000,-0.0629
392540,gimbal,dynamic,119.0680,30.35,392.54,9.9923,0.0163,129.0593,-0.4515,3.593,SEARCH,0.0029,-0.0085,0.0000,-0.0620
392640,gimbal,dynamic,119.0965,30.35,392.64,9.9888,0.0154,129.0844,-0.4452,3.596,SEARCH,0.0046,-0.0080,0.0000,-0.0611
392740,gimbal,dynamic,119.1251,30.35,392.74,9.9850,0.0146,129.1093,-0.4390,3.599,SEARCH,0.0064,-0.0075,0.0000,-0.0602
392840,gimbal,dynamic,119.1535,30.34,392.84,9.9813,0.0140,129.1340,-0.4328,3.602,SEARCH,0.0084,-0.0071,0.0000,-0.0595
392940,gimbal,dynamic,119.1815,30.34,392.94,9.9779,0.0137,129.1586,-0.4267,3.605,SEARCH,0.0100,-0.0069,0.0000,-0.0586
393040,gimbal,dynamic,119.2090,30.34,393.04,9.9748,0.0139,129.1830,-0.4206,3.607,SEARCH,0.0117,-0.0069,0.0000,-0.0579
393140,gimbal,dynamic,119.2355,30.34,393.14,9.9725,0.0143,129.2072,-0.4145,3.609,SEARCH,0.0131,-0.0070,0.0000,-0.0572
393240,gimbal,dynamic,119.2615,30.34,393.24,9.9705,0.0151,129.2312,-0.4085,3.612,SEARCH,0.0142,-0.0073,0.0000,-0.0565
393340,gimbal,dynamic,119.2872,30.34,393.34,9.9687,0.0160,129.2551,-0.4026,3.614,SEARCH,0.0152,-0.0077,0.0000,-0.0558
393440,gimbal,dynamic,119.3121,30.34,393.44,9.9675,0.0169,129.2789,-0.3966,3.616,SEARCH,0.0159,-0.0082,0.0000,-0.0551
393540,gimbal,dynamic,119.3362,30.34,393.54,9.9670,0.0179,129.3025,-0.3907,3.619,SEARCH,0.0164,-0.0087,0.0000,-0.0544
393640,gimbal,dynamic,119.3595,30.34,393.64,9.9671,0.0184,129.3259,-0.3849,3.621,SEARCH,0.0165,-0.0091,0.0000,-0.0538
393740,gimbal,dynamic,119.3826,30.34,393.74,9.9673,0.0179,129.3492,-0.3790,3.623,SEARCH,0.0164,-0.0092,0.0000,-0.0531
393840,gimbal,dynamic,119.4061,30.35,393.84,9.9669,0.0169,129.3724,-0.3732,3.625,SEARCH,0.0164,-0.0087,0.0000,-0.0525
393940,gimbal,dynamic,119.4297,30.35,393.94,9.9662,0.0154,129.3954,-0.3675,3.627,SEARCH,0.0167,-0.0082,0.0000,-0.0519
394040,gimbal,dynamic,119.4530,30.35,394.04,9.9658,0.0138,129.4182,-0.3618,3.629,SEARCH,0.0170,-0.0074,0.0000,-0.0513
394140,gimbal,dynamic,119.4753,30.35,394.14,9.9663,0.0122,129.4409,-0.3561,3.631,SEARCH,0.0171,-0.0066,0.0000,-0.0506
394240,gimbal,dynamic,119.4967,30.35,394.24,9.9674,0.0112,129.4635,-0.3505,3.634,SEARCH,0.0167,-0.0059,0.0000,-0.0499
394340,gimbal,dynamic,119.5175,30.36,394.34,9.9690,0.0103,129.4860,-0.3448,3.636,SEARCH,0.0160,-0.0054,0.0000,-0.0493
394440,gimbal,dynamic,119.5381,30.36,394.44,9.9707,0.0096,129.5083,-0.3393,3.638,SEARCH,0.0152,-0.0050,0.0000,-0.0487
394540,gimbal,dynamic,119.5584,30.36,394.54,9.9725,0.0092,129.5305,-0.3337,3.640,SEARCH,0.0143,-0.0047,0.0000,-0.0481
394640,gimbal,dynamic,119.5788,30.36,394.64,9.9743,0.0086,129.5526,-0.3282,3.642,SEARCH,0.0133,-0.0045,0.0000,-0.0475
394740,gimbal,dynamic,119.5990,30.35,394.74,9.9760,0.0076,129.5745,-0.3227,3.644,SEARCH,0.0125,-0.0041,0.0000,-0.0469
394840,gimbal,dynamic,119.6187,30.35,394.84,9.9781,0.0060,129.5963,-0.3173,3.646,SEARCH,0.0116,-0.0035,0.0000,-0.0463
394940,gimbal,dynamic,119.6378,30.35,394.94,9.9807,0.0037,129.6181,-0.3118,3.648,SEARCH,0.0105,-0.0026,0.0000,-0.0457
395040,gimbal,dynamic,119.6570,30.35,395.04,9.9831,0.0014,129.6397,-0.3064,3.650,SEARCH,0.0091,-0.0014,0.0000,-0.0451
395140,gimbal,dynamic,119.6759,30.35,395.14,9.9856,-0.0009,129.6612,-0.3010,3.652,SEARCH,0.0080,-0.0002,0.0000,-0.0444
395240,gimbal,dynamic,119.6946,30.35,395.24,9.9883,-0.0026,129.6826,-0.2957,3.654,SEARCH,0.0067,0.0009,0.0000,-0.0438
395340,gimbal,dynamic,119.7129,30.35,395.34,9.9913,-0.0036,129.7039,-0.2904,3.656,SEARCH,0.0053,0.0015,0.0000,-0.0432
395440,gimbal,dynamic,119.7309,30.35,395.44,9.9945,-0.0045,129.7251,-0.2851,3.658,SEARCH,0.0037,0.0020,0.0000,-0.0426
395540,gimbal,dynamic,119.7485,30.34,395.54,9.9980,-0.0059,129.7462,-0.2798,3.660,SEARCH,0.0021,0.0025,0.0000,-0.0420
395640,gimbal,dynamic,119.7668,30.34,395.64,10.0007,-0.0073,129.7672,-0.2745,3.662,SEARCH,0.0005,0.0031,0.0000,-0.0415
395740,gimbal,dynamic,119.7857,30.34,395.74,10.0027,-0.0092,129.7881,-0.2693,3.664,SEARCH,-0.0008,0.0040,0.0000,-0.0409
395840,gimbal,dynamic,119.8053,30.34,395.84,10.0039,-0.0105,129.8090,-0.2641,3.666,SEARCH,-0.0016,0.0049,0.0000,-0.0403
395940,gimbal,dynamic,119.8257,30.34,395.94,10.0043,-0.0120,129.8298,-0.2589,3.667,SEARCH,-0.0021,0.0056,0.0000,-0.0398
396040,gimbal,dynamic,119.8471,30.34,396.04,10.0036,-0.0131,129.8504,-0.2537,3.669,SEARCH,-0.0020,0.0063,0.0000,-0.0392
396140,gimbal,dynamic,119.8691,30.34,396.14,10.0022,-0.0144,129.8711,-0.2486,3.671,SEARCH,-0.0016,0.0068,0.0000,-0.0386
396240,gimbal,dynamic,119.8914,30.34,396.24,10.0004,-0.0158,129.8916,-0.2434,3.673,SEARCH,-0.0008,0.0075,0.0000,-0.0380
396340,gimbal,dynamic,119.9144,30.34,396.34,9.9979,-0.0181,129.9121,-0.2383,3.675,SEARCH,0.0002,0.0083,0.0000,-0.0375
396440,gimbal,dynamic,119.9376,30.34,396.44,9.9951,-0.0206,129.9326,-0.2332,3.677,SEARCH,0.0016,0.0096,0.0000,-0.0370
396540,gimbal,dynamic,119.9609,30.34,396.54,9.9922,-0.0234,129.9529,-0.2281,3.678,SEARCH,0.0030,0.0108,0.0000,-0.0365
396640,gimbal,dynamic,119.9839,30.34,396.64,9.9895,-0.0256,129.9733,-0.2230,3.680,SEARCH,0.0044,0.0121,0.0000,-0.0360
396740,gimbal,dynamic,120.0066,30.34,396.74,9.9871,-0.0277,129.9935,-0.2180,3.682,SEARCH,0.0058,0.0132,0.0000,-0.0355
396840,gimbal,dynamic,120.0287,30.34,396.84,9.9852,-0.0298,130.0138,-0.2129,3.683,SEARCH,0.0069,0.0143,0.0000,-0.0350
396940,gimbal,dynamic,120.0504,30.34,396.94,9.9837,-0.0324,130.0340,-0.2078,3.685,SEARCH,0.0077,0.0154,0.0000,-0.0346
397040,gimbal,dynamic,120.0712,30.35,397.04,9.9830,-0.0348,130.0541,-0.2028,3.686,SEARCH,0.0083,0.0167,0.0000,-0.0341
397140,gimbal,dynamic,120.0908,30.35,397.14,9.9835,-0.0371,130.0742,-0.1978,3.688,SEARCH,0.0085,0.0179,0.0000,-0.0336
397240,gimbal,dynamic,120.1091,30.36,397.24,9.9853,-0.0383,130.0943,-0.1928,3.689,SEARCH,0.0079,0.0188,0.0000,-0.0332
397340,gimbal,dynamic,120.1267,30.36,397.34,9.9878,-0.0389,130.1144,-0.1877,3.691,SEARCH,0.0069,0.0193,0.0000,-0.0327
397440,gimbal,dynamic,120.1439,30.36,397.44,9.9906,-0.0390,130.1344,-0.1827,3.692,SEARCH,0.0057,0.0195,0.0000,-0.0323
397540,gimbal,dynamic,120.1604,30.36,397.54,9.9941,-0.0392,130.1545,-0.1777,3.694,SEARCH,0.0040,0.0195,0.0000,-0.0318
397640,gimbal,dynamic,120.1771,30.36,397.64,9.9975,-0.0396,130.1745,-0.1727,3.695,SEARCH,0.0024,0.0197,0.0000,-0.0314
397740,gimbal,dynamic,120.1939,30.36,397.74,10.0006,-0.0401,130.1945,-0.1677,3.697,SEARCH,0.0006,0.0199,0.0000,-0.0310
397840,gimbal,dynamic,120.2106,30.36,397.84,10.0039,-0.0409,130.2145,-0.1627,3.698,SEARCH,-0.0011,0.0202,0.0000,-0.0306
397940,gimbal,dynamic,120.2273,30.36,397.94,10.0073,-0.0414,130.2345,-0.1577,3.700,SEARCH,-0.0026,0.0206,0.0000,-0.0301
398040,gimbal,dynamic,120.2444,30.36,398.04,10.0102,-0.0414,130.2545,-0.1527,3.701,SEARCH,-0.0043,0.0207,0.0000,-0.0298
398140,gimbal,dynamic,120.2614,30.36,398.14,10.0132,-0.0412,130.2745,-0.1477,3.702,SEARCH,-0.0057,0.0207,0.0000,-0.0293
398240,gimbal,dynamic,120.2786,29.68,398.24,10.0160,-0.0401,130.2945,-0.1428,3.701,SEARCH,-0.0072,0.0204,0.0000,-0.0298
398340,gimbal,dynamic,120.2959,28.26,398.34,10.0187,-0.0383,130.3146,-0.1384,3.700,SEARCH,-0.0086,0.0197,0.0000,-0.0301
398440,gimbal,dynamic,120.3140,26.82,398.44,10.0207,-0.0365,130.3346,-0.1345,3.699,SEARCH,-0.0098,0.0188,0.0000,-0.0304
398540,gimbal,dynamic,120.3331,25.35,398.54,10.0216,-0.0347,130.3547,-0.1311,3.698,SEARCH,-0.0106,0.0179,0.0000,-0.0307
398640,gimbal,dynamic,120.3529,23.87,398.64,10.0219,-0.0335,130.3748,-0.1283,3.697,SEARCH,-0.0109,0.0171,0.0000,-0.0310
398740,gimbal,dynamic,120.3733,22.39,398.74,10.0217,-0.0325,130.3949,-0.1260,3.696,SEARCH,-0.0110,0.0165,0.0000,-0.0312
398840,gimbal,dynamic,120.3945,20.89,398.84,10.0207,-0.0321,130.4151,-0.1242,3.696,SEARCH,-0.0107,0.0161,0.0000,-0.0313
398940,gimbal,dynamic,120.4157,19.40,398.94,10.0196,-0.0322,130.4353,-0.1229,3.695,SEARCH,-0.0101,0.0160,0.0000,-0.0315
399040,gimbal,dynamic,120.4369,17.91,399.04,10.0187,-0.0326,130.4556,-0.1222,3.695,SEARCH,-0.0096,0.0162,0.0000,-0.0316
399140,gimbal,dynamic,120.4581,16.43,399.14,10.0177,-0.0333,130.4759,-0.1220,3.694,SEARCH,-0.0092,0.0164,0.0000,-0.0318
399240,gimbal,dynamic,120.4798,14.96,399.24,10.0164,-0.0343,130.4962,-0.1223,3.693,SEARCH,-0.0086,0.0169,0.0000,-0.0320
399340,gimbal,dynamic,120.5019,13.51,399.34,10.0147,-0.0357,130.5166,-0.1231,3.692,SEARCH,-0.0079,0.0174,0.0000,-0.0323
399440,gimbal,dynamic,120.5242,12.08,399.44,10.0129,-0.0368,130.5371,-0.1245,3.691,SEARCH,-0.0070,0.0181,0.0000,-0.0327
399540,gimbal,dynamic,120.5473,10.68,399.54,10.0103,-0.0371,130.5576,-0.1263,3.689,SEARCH,-0.0060,0.0185,0.0000,-0.0333
399640,gimbal,dynamic,120.5706,9.31,399.64,10.0076,-0.0366,130.5782,-0.1287,3.686,SEARCH,-0.0046,0.0185,0.0000,-0.0341
399740,gimbal,dynamic,120.5941,7.98,399.74,10.0048,-0.0350,130.5988,-0.1316,3.683,SEARCH,-0.0032,0.0181,0.0000,-0.0351
399840,gimbal,dynamic,120.6170,6.69,399.84,10.0026,-0.0325,130.6196,-0.1349,3.679,SEARCH,-0.0020,0.0171,0.0000,-0.0364
399940,gimbal,dynamic,120.6401,5.44,399.94,10.0004,-0.0298,130.6404,-0.1388,3.673,SEARCH,-0.0009,0.0157,0.0000,-0.0382
400040,gimbal,dynamic,120.6628,4.23,400.04,9.9985,-0.0270,130.6613,-0.1431,3.666,SEARCH,0.0002,0.0144,0.0000,-0.0401
400140,gimbal,dynamic,120.6853,3.07,400.14,9.9970,-0.0236,130.6822,-0.1479,3.658,SEARCH,0.0011,0.0129,0.0000,-0.0427
400240,gimbal,dynamic,120.7076,2.28,400.24,9.9958,-0.0202,130.7033,-0.1531,3.648,SEARCH,0.0018,0.0111,0.0000,-0.0456
400340,gimbal,dynamic,120.7295,2.28,400.34,9.9950,-0.0167,130.7245,-0.1584,3.636,SEARCH,0.0023,0.0094,0.0000,-0.0492
400440,gimbal,dynamic,120.7511,2.28,400.44,9.9947,-0.0138,130.7457,-0.1637,3.623,SEARCH,0.0026,0.0077,0.0000,-0.0531
400540,gimbal,dynamic,120.7722,2.29,400.54,9.9949,-0.0107,130.7670,-0.1690,3.606,SEARCH,0.0027,0.0063,0.0000,-0.0581
400640,gimbal,dynamic,120.7926,2.29,400.64,9.9960,-0.0077,130.7885,-0.1744,3.589,SEARCH,0.0024,0.0048,0.0000,-0.0632
400740,gimbal,dynamic,120.8122,2.29,400.74,9.9980,-0.0046,130.8100,-0.1798,3.568,SEARCH,0.0017,0.0032,0.0000,-0.0695
400840,gimbal,dynamic,120.8318,2.30,400.84,10.0001,-0.0016,130.8317,-0.1852,3.547,SEARCH,0.0006,0.0017,0.0000,-0.0760
400940,gimbal,dynamic,120.8516,2.30,400.94,10.0020,0.0016,130.8535,-0.1906,3.523,SEARCH,-0.0005,0.0002,0.0000,-0.0831
401040,gimbal,dynamic,120.8725,2.30,401.04,10.0030,0.0054,130.8754,-0.1961,3.494,SEARCH,-0.0013,-0.0016,0.0000,-0.0917
401140,gimbal,dynamic,120.8940,2.30,401.14,10.0036,0.0095,130.8974,-0.2016,3.466,SEARCH,-0.0016,-0.0034,0.0000,-0.1003
401240,gimbal,dynamic,120.9156,2.30,401.24,10.0041,0.0134,130.9195,-0.2072,3.432,SEARCH,-0.0019,-0.0055,0.0000,-0.1104
401340,gimbal,dynamic,120.9378,2.29,401.34,10.0042,0.0176,130.9418,-0.2127,3.395,SEARCH,-0.0021,-0.0075,0.0000,-0.1214
401440,gimbal,dynamic,120.9605,2.29,401.44,10.0039,0.0204,130.9641,-0.2183,3.359,SEARCH,-0.0020,-0.0094,0.0000,-0.1323
401540,gimbal,dynamic,120.9837,2.29,401.54,10.0032,0.0225,130.9867,-0.2239,3.316,SEARCH,-0.0018,-0.0106,0.0000,-0.1451
401640,gimbal,dynamic,121.0070,2.29,401.64,10.0026,0.0242,131.0093,-0.2296,3.274,SEARCH,-0.0015,-0.0116,0.0000,-0.1577
401740,gimbal,dynamic,121.0301,2.29,401.74,10.0023,0.0260,131.0321,-0.2353,3.226,SEARCH,-0.0012,-0.0125,0.0000,-0.1721
401840,gimbal,dynamic,121.0534,2.29,401.84,10.0019,0.0279,131.0550,-0.2410,3.179,SEARCH,-0.0011,-0.0134,0.0000,-0.1862
401940,gimbal,dynamic,121.0767,2.29,401.94,10.0017,0.0297,131.0781,-0.2468,3.125,SEARCH,-0.0009,-0.0143,0.0000,-0.2024
402040,gimbal,dynamic,121.0997,2.29,402.04,10.0019,0.0320,131.1013,-0.2526,3.073,SEARCH,-0.0008,-0.0153,0.0000,-0.2181
402140,gimbal,dynamic,121.1222,2.29,402.14,10.0028,0.0349,131.1247,-0.2584,3.013,SEARCH,-0.0011,-0.0165,0.0000,-0.2360
402240,gimbal,dynamic,121.1450,2.29,402.24,10.0035,0.0383,131.1482,-0.2643,2.956,SEARCH,-0.0016,-0.0181,0.0000,-0.2531
402340,gimbal,dynamic,121.1684,2.29,402.34,10.0038,0.0419,131.1718,-0.2702,2.897,SEARCH,-0.0019,-0.0199,0.0000,-0.2709
402440,gimbal,dynamic,121.1925,2.29,402.44,10.0036,0.0445,131.1957,-0.2762,2.830,SEARCH,-0.0019,-0.0215,0.0000,-0.2909
402540,gimbal,dynamic,121.2164,2.29,402.54,10.0037,0.0468,131.2196,-0.2822,2.761,SEARCH,-0.0018,-0.0227,0.0000,-0.3117
402640,gimbal,dynamic,121.2398,2.29,402.64,10.0044,0.0488,131.2438,-0.2882,2.695,SEARCH,-0.0020,-0.0237,0.0000,-0.3314
402740,gimbal,dynamic,121.2631,2.29,402.74,10.0054,0.0508,131.2681,-0.2943,2.622,SEARCH,-0.0024,-0.0248,0.0000,-0.3535
402840,gimbal,dynamic,121.2869,2.29,402.84,10.0062,0.0522,131.2925,-0.3004,2.552,SEARCH,-0.0029,-0.0257,0.0000,-0.3744
402940,gimbal,dynamic,121.3110,2.29,402.94,10.0067,0.0531,131.3172,-0.3066,2.474,SEARCH,-0.0032,-0.0263,0.0000,-0.3977
403040,gimbal,dynamic,121.3360,2.29,403.04,10.0066,0.0534,131.3420,-0.3128,2.402,SEARCH,-0.0033,-0.0266,0.0000,-0.4194
403140,gimbal,dynamic,121.3617,2.29,403.14,10.0058,0.0535,131.3670,-0.3190,2.322,SEARCH,-0.0032,-0.0267,0.0000,-0.4434
403240,gimbal,dynamic,121.3889,2.30,403.24,10.0038,0.0535,131.3921,-0.3253,2.247,SEARCH,-0.0025,-0.0268,0.0000,-0.4658
403340,gimbal,dynamic,121.4173,2.30,403.34,10.0008,0.0530,131.4174,-0.3316,2.166,SEARCH,-0.0014,-0.0267,0.0000,-0.4903
403440,gimbal,dynamic,121.4460,2.30,403.44,9.9976,0.0511,131.4430,-0.3380,2.090,SEARCH,0.0001,-0.0263,0.0000,-0.5131
403540,gimbal,dynamic,121.4754,2.30,403.54,9.9938,0.0475,131.4686,-0.3444,2.007,SEARCH,0.0019,-0.0250,0.0000,-0.5380
403640,gimbal,dynamic,121.5050,2.31,403.64,9.9901,0.0434,131.4945,-0.3509,1.930,SEARCH,0.0038,-0.0229,0.0000,-0.5610
403740,gimbal,dynamic,121.5351,2.31,403.74,9.9861,0.0391,131.5206,-0.3574,1.847,SEARCH,0.0058,-0.0208,0.0000,-0.5859
403840,gimbal,dynamic,121.5656,2.31,403.84,9.9818,0.0344,131.5468,-0.3640,1.770,SEARCH,0.0079,-0.0185,0.0000,-0.6090
403940,gimbal,dynamic,121.5966,2.31,403.94,9.9772,0.0304,131.5732,-0.3706,1.687,SEARCH,0.0100,-0.0164,0.0000,-0.6338
404040,gimbal,dynamic,121.6275,2.31,404.04,9.9730,0.0270,131.5998,-0.3772,1.611,SEARCH,0.0122,-0.0144,0.0000,-0.6566
404140,gimbal,dynamic,121.6592,2.31,404.14,9.9681,0.0237,131.6266,-0.3839,1.530,SEARCH,0.0144,-0.0129,0.0000,-0.6810
404240,gimbal,dynamic,121.6910,2.31,404.24,9.9633,0.0208,131.6536,-0.3907,1.456,SEARCH,0.0170,-0.0113,0.0000,-0.7032
404340,gimbal,dynamic,121.7230,2.31,404.34,9.9585,0.0180,131.6808,-0.3975,1.383,SEARCH,0.0193,-0.0098,0.0000,-0.7251
404440,gimbal,dynamic,121.7551,2.32,404.44,9.9538,0.0168,131.7082,-0.4043,1.305,SEARCH,0.0219,-0.0084,0.0000,-0.7485
404540,gimbal,dynamic,121.7861,2.32,404.54,9.9504,0.0187,131.7357,-0.4112,1.303,SEARCH,0.0238,-0.0087,0.0000,-0.7491
404640,gimbal,dynamic,121.8154,2.32,404.64,9.9489,0.0207,131.7635,-0.4181,1.305,SEARCH,0.0252,-0.0098,0.0000,-0.7486
404740,gimbal,dynamic,121.8438,2.32,404.74,9.9484,0.0225,131.7914,-0.4251,1.306,SEARCH,0.0257,-0.0107,0.0000,-0.7481
404840,gimbal,dynamic,121.8718,2.33,404.84,9.9487,0.0240,131.8196,-0.4322,1.309,SEARCH,0.0258,-0.0116,0.0000,-0.7474
404940,gimbal,dynamic,121.8999,2.34,404.94,9.9489,0.0251,131.8479,-0.4393,1.310,SEARCH,0.0256,-0.0123,0.0000,-0.7469
405040,gimbal,dynamic,121.9285,2.34,405.04,9.9489,0.0256,131.8765,-0.4464,1.312,SEARCH,0.0255,-0.0127,0.0000,-0.7464
405140,gimbal,dynamic,121.9577,2.34,405.14,9.9484,0.0256,131.9052,-0.4536,1.313,SEARCH,0.0256,-0.0129,0.0000,-0.7460
405240,gimbal,dynamic,121.9871,2.35,405.24,9.9480,0.0244,131.9342,-0.4608,1.314,SEARCH,0.0259,-0.0126,0.0000,-0.7457
405340,gimbal,dynamic,122.0166,2.42,405.34,9.9477,0.0227,131.9633,-0.4681,1.315,SEARCH,0.0260,-0.0119,0.0000,-0.7454
405440,gimbal,dynamic,122.0461,3.12,405.44,9.9475,0.0208,131.9926,-0.4751,1.316,SEARCH,0.0262,-0.0109,0.0000,-0.7452
405540,gimbal,dynamic,122.0757,3.82,405.54,9.9475,0.0190,132.0222,-0.4819,1.316,SEARCH,0.0263,-0.0101,0.0000,-0.7451
405640,gimbal,dynamic,122.1051,4.52,405.64,9.9478,0.0171,132.0519,-0.4883,1.317,SEARCH,0.0262,-0.0091,0.0000,-0.7450
405740,gimbal,dynamic,122.1340,5.23,405.74,9.9489,0.0147,132.0819,-0.4943,1.317,SEARCH,0.0259,-0.0081,0.0000,-0.7450
405840,gimbal,dynamic,122.1627,5.93,405.84,9.9504,0.0127,132.1120,-0.5000,1.317,SEARCH,0.0252,-0.0069,0.0000,-0.7450
405940,gimbal,dynamic,122.1916,6.63,405.94,9.9519,0.0112,132.1423,-0.5054,1.316,SEARCH,0.0245,-0.0060,0.0000,-0.7451
406040,gimbal,dynamic,122.2206,7.33,406.04,9.9534,0.0100,132.1729,-0.5104,1.316,SEARCH,0.0237,-0.0053,0.0000,-0.7451
406140,gimbal,dynamic,122.2499,8.03,406.14,9.9548,0.0088,132.2036,-0.5151,1.316,SEARCH,0.0230,-0.0047,0.0000,-0.7453
406240,gimbal,dynamic,122.2799,8.72,406.24,9.9558,0.0076,132.2346,-0.5194,1.315,SEARCH,0.0224,-0.0041,0.0000,-0.7454
406340,gimbal,dynamic,122.3095,9.40,406.34,9.9573,0.0063,132.2657,-0.5234,1.315,SEARCH,0.0218,-0.0036,0.0000,-0.7455
406440,gimbal,dynamic,122.3397,10.07,406.44,9.9585,0.0051,132.2970,-0.5270,1.314,SEARCH,0.0211,-0.0030,0.0000,-0.7457
406540,gimbal,dynamic,122.3700,10.74,406.54,9.9597,0.0035,132.3286,-0.5303,1.314,SEARCH,0.0205,-0.0023,0.0000,-0.7459
406640,gimbal,dynamic,122.4010,11.39,406.64,9.9604,0.0014,132.3603,-0.5332,1.313,SEARCH,0.0200,-0.0014,0.0000,-0.7460
406740,gimbal,dynamic,122.4327,12.03,406.74,9.9607,-0.0014,132.3922,-0.5358,1.313,SEARCH,0.0197,-0.0002,0.0000,-0.7462
406840,gimbal,dynamic,122.4647,12.66,406.84,9.9608,-0.0038,132.4243,-0.5381,1.312,SEARCH,0.0197,0.0011,0.0000,-0.7463
406940,gimbal,dynamic,122.4963,13.28,406.94,9.9616,-0.0059,132.4567,-0.5400,1.312,SEARCH,0.0195,0.0023,0.0000,-0.7464
407040,gimbal,dynamic,122.5275,13.88,407.04,9.9628,-0.0077,132.4892,-0.5416,1.312,SEARCH,0.0190,0.0033,0.0000,-0.7465
407140,gimbal,dynamic,122.5593,14.47,407.14,9.9637,-0.0091,132.5219,-0.5428,1.312,SEARCH,0.0184,0.0042,0.0000,-0.7465
407240,gimbal,dynamic,122.5921,15.03,407.24,9.9639,-0.0102,132.5548,-0.5438,1.311,SEARCH,0.0180,0.0048,0.0000,-0.7466
407340,gimbal,dynamic,122.6253,15.58,407.34,9.9637,-0.0105,132.5879,-0.5444,1.311,SEARCH,0.0181,0.0052,0.0000,-0.7467
407440,gimbal,dynamic,122.6587,16.11,407.44,9.9636,-0.0108,132.6211,-0.5447,1.311,SEARCH,0.0182,0.0053,0.0000,-0.7467
407540,gimbal,dynamic,122.6926,16.63,407.54,9.9631,-0.0110,132.6546,-0.5447,1.311,SEARCH,0.0183,0.0055,0.0000,-0.7468
407640,gimbal,dynamic,122.7271,17.13,407.64,9.9623,-0.0108,132.6883,-0.5444,1.311,SEARCH,0.0186,0.0055,0.0000,-0.7468
407740,gimbal,dynamic,122.7618,17.61,407.74,9.9614,-0.0107,132.7221,-0.5438,1.310,SEARCH,0.0190,0.0054,0.0000,-0.7469
407840,gimbal,dynamic,122.7970,18.06,407.84,9.9603,-0.0105,132.7561,-0.5430,1.310,SEARCH,0.0195,0.0053,0.0000,-0.7469
407940,gimbal,dynamic,122.8325,18.50,407.94,9.9590,-0.0099,132.7903,-0.5418,1.310,SEARCH,0.0201,0.0052,0.0000,-0.7469
408040,gimbal,dynamic,122.8682,18.92,408.04,9.9577,-0.0089,132.8247,-0.5404,1.310,SEARCH,0.0207,0.0048,0.0000,-0.7469
408140,gimbal,dynamic,122.9040,19.32,408.14,9.9564,-0.0076,132.8593,-0.5388,1.310,SEARCH,0.0214,0.0042,0.0000,-0.7469
408240,gimbal,dynamic,122.9398,19.69,408.24,9.9554,-0.0062,132.8940,-0.5369,1.311,SEARCH,0.0221,0.0035,0.0000,-0.7468
408340,gimbal,dynamic,122.9749,20.05,408.34,9.9551,-0.0054,132.9289,-0.5348,1.311,SEARCH,0.0224,0.0029,0.0000,-0.7468
408440,gimbal,dynamic,123.0098,20.39,408.44,9.9554,-0.0050,132.9640,-0.5324,1.311,SEARCH,0.0224,0.0026,0.0000,-0.7468
408540,gimbal,dynamic,123.0441,20.70,408.54,9.9563,-0.0048,132.9993,-0.5299,1.311,SEARCH,0.0222,0.0025,0.0000,-0.7467
408640,gimbal,dynamic,123.0781,20.99,408.64,9.9578,-0.0041,133.0347,-0.5271,1.311,SEARCH,0.0216,0.0023,0.0000,-0.7467
408740,gimbal,dynamic,123.1123,21.26,408.74,9.9592,-0.0030,133.0703,-0.5242,1.311,SEARCH,0.0208,0.0019,0.0000,-0.7466
408840,gimbal,dynamic,123.1472,21.51,408.84,9.9599,-0.0012,133.1061,-0.5211,1.311,SEARCH,0.0202,0.0012,0.0000,-0.7466
408940,gimbal,dynamic,123.1830,21.74,408.94,9.9601,0.0010,133.1420,-0.5178,1.311,SEARCH,0.0199,0.0001,0.0000,-0.7466
409040,gimbal,dynamic,123.2197,21.95,409.04,9.9594,0.0024,133.1781,-0.5144,1.311,SEARCH,0.0200,-0.0007,0.0000,-0.7466
409140,gimbal,dynamic,123.2577,22.14,409.14,9.9577,0.0031,133.2143,-0.5108,1.312,SEARCH,0.0206,-0.0014,0.0000,-0.7465
409240,gimbal,dynamic,123.2965,22.31,409.24,9.9553,0.0033,133.2507,-0.5071,1.312,SEARCH,0.0216,-0.0016,0.0000,-0.7465
409340,gimbal,dynamic,123.3359,22.46,409.34,9.9524,0.0029,133.2873,-0.5033,1.312,SEARCH,0.0229,-0.0016,0.0000,-0.7465
409440,gimbal,dynamic,123.3750,22.59,409.44,9.9500,0.0023,133.3240,-0.4994,1.312,SEARCH,0.0242,-0.0013,0.0000,-0.7465
409540,gimbal,dynamic,123.4137,22.70,409.54,9.9481,0.0021,133.3608,-0.4954,1.311,SEARCH,0.0254,-0.0011,0.0000,-0.7466
409640,gimbal,dynamic,123.4518,22.79,409.64,9.9470,0.0022,133.3978,-0.4913,1.312,SEARCH,0.0262,-0.0010,0.0000,-0.7465
409740,gimbal,dynamic,123.4900,22.86,409.74,9.9459,0.0030,133.4349,-0.4871,1.312,SEARCH,0.0267,-0.0012,0.0000,-0.7465
409840,gimbal,dynamic,123.5280,22.91,409.84,9.9452,0.0041,133.4722,-0.4829,1.312,SEARCH,0.0272,-0.0017,0.0000,-0.7465
409940,gimbal,dynamic,123.5664,22.94,409.94,9.9442,0.0057,133.5096,-0.4787,1.312,SEARCH,0.0276,-0.0024,0.0000,-0.7465
410040,gimbal,dynamic,123.6053,22.96,410.04,9.9428,0.0068,133.5471,-0.4744,1.312,SEARCH,0.0282,-0.0031,0.0000,-0.7465
410140,gimbal,dynamic,123.6441,22.96,410.14,9.9416,0.0077,133.5848,-0.4701,1.312,SEARCH,0.0289,-0.0036,0.0000,-0.7465
410240,gimbal,dynamic,123.6825,22.94,410.24,9.9410,0.0086,133.6226,-0.4657,1.312,SEARCH,0.0293,-0.0040,0.0000,-0.7465
410340,gimbal,dynamic,123.7205,22.91,410.34,9.9409,0.0094,133.6605,-0.4614,1.312,SEARCH,0.0296,-0.0045,0.0000,-0.7465
410440,gimbal,dynamic,123.7585,22.86,410.44,9.9409,0.0099,133.6986,-0.4571,1.312,SEARCH,0.0295,-0.0048,0.0000,-0.7465
410540,gimbal,dynamic,123.7967,22.80,410.54,9.9409,0.0106,133.7367,-0.4529,1.311,SEARCH,0.0296,-0.0051,0.0000,-0.7466
410640,gimbal,dynamic,123.8344,22.72,410.64,9.9414,0.0118,133.7750,-0.4486,1.311,SEARCH,0.0295,-0.0056,0.0000,-0.7466
410740,gimbal,dynamic,123.8716,22.63,410.74,9.9426,0.0129,133.8134,-0.4445,1.311,SEARCH,0.0291,-0.0061,0.0000,-0.7466
410840,gimbal,dynamic,123.9086,22.52,410.84,9.9441,0.0141,133.8519,-0.4403,1.311,SEARCH,0.0284,-0.0067,0.0000,-0.7466
410940,gimbal,dynamic,123.9454,22.40,410.94,9.9459,0.0154,133.8904,-0.4363,1.311,SEARCH,0.0276,-0.0073,0.0000,-0.7466
411040,gimbal,dynamic,123.9820,22.26,411.04,9.9479,0.0172,133.9291,-0.4323,1.311,SEARCH,0.0266,-0.0081,0.0000,-0.7466
411140,gimbal,dynamic,124.0187,22.12,411.14,9.9501,0.0186,133.9679,-0.4284,1.311,SEARCH,0.0256,-0.0089,0.0000,-0.7467
411240,gimbal,dynamic,124.0550,21.96,411.24,9.9526,0.0200,134.0068,-0.4246,1.311,SEARCH,0.0244,-0.0096,0.0000,-0.7467
411340,gimbal,dynamic,124.0915,21.79,411.34,9.9550,0.0216,134.0458,-0.4209,1.311,SEARCH,0.0232,-0.0103,0.0000,-0.7467
411440,gimbal,dynamic,124.1287,21.62,411.44,9.9570,0.0229,134.0849,-0.4173,1.311,SEARCH,0.0221,-0.0110,0.0000,-0.7467
411540,gimbal,dynamic,124.1669,21.43,411.54,9.9579,0.0237,134.1240,-0.4138,1.311,SEARCH,0.0213,-0.0116,0.0000,-0.7467
411640,gimbal,dynamic,124.2060,21.23,411.64,9.9580,0.0240,134.1632,-0.4105,1.311,SEARCH,0.0210,-0.0119,0.0000,-0.7467
411740,gimbal,dynamic,124.2453,21.03,411.74,9.9580,0.0238,134.2025,-0.4073,1.311,SEARCH,0.0210,-0.0120,0.0000,-0.7467
411840,gimbal,dynamic,124.2851,20.82,411.84,9.9575,0.0234,134.2419,-0.4042,1.311,SEARCH,0.0211,-0.0118,0.0000,-0.7467
411940,gimbal,dynamic,124.3250,20.60,411.94,9.9571,0.0224,134.2813,-0.4013,1.311,SEARCH,0.0213,-0.0115,0.0000,-0.7467
412040,gimbal,dynamic,124.3645,20.37,412.04,9.9570,0.0208,134.3208,-0.3985,1.311,SEARCH,0.0215,-0.0109,0.0000,-0.7467
412140,gimbal,dynamic,124.4035,20.14,412.14,9.9576,0.0190,134.3604,-0.3959,1.311,SEARCH,0.0214,-0.0101,0.0000,-0.7467
412240,gimbal,dynamic,124.4423,19.91,412.24,9.9584,0.0172,134.4000,-0.3934,1.311,SEARCH,0.0210,-0.0091,0.0000,-0.7467
412340,gimbal,dynamic,124.4807,19.67,412.34,9.9597,0.0155,134.4397,-0.3912,1.311,SEARCH,0.0206,-0.0083,0.0000,-0.7468
412440,gimbal,dynamic,124.5190,19.42,412.44,9.9611,0.0141,134.4794,-0.3890,1.311,SEARCH,0.0199,-0.0075,0.0000,-0.7468
412540,gimbal,dynamic,124.5571,19.17,412.54,9.9627,0.0130,134.5192,-0.3871,1.311,SEARCH,0.0192,-0.0068,0.0000,-0.7468
412640,gimbal,dynamic,124.5954,18.92,412.64,9.9642,0.0122,134.5590,-0.3853,1.311,SEARCH,0.0183,-0.0063,0.0000,-0.7468
412740,gimbal,dynamic,124.6331,18.67,412.74,9.9663,0.0111,134.5988,-0.3837,1.311,SEARCH,0.0175,-0.0059,0.0000,-0.7468
412840,gimbal,dynamic,124.6705,18.41,412.84,9.9688,0.0100,134.6387,-0.3822,1.311,SEARCH,0.0163,-0.0053,0.0000,-0.7468
412940,gimbal,dynamic,124.7080,18.16,412.94,9.9712,0.0093,134.6786,-0.3810,1.310,SEARCH,0.0151,-0.0048,0.0000,-0.7469
413040,gimbal,dynamic,124.7453,17.90,413.04,9.9739,0.0095,134.7185,-0.3799,1.310,SEARCH,0.0139,-0.0046,0.0000,-0.7469
413140,gimbal,dynamic,124.7828,17.64,413.14,9.9763,0.0102,134.7585,-0.3790,1.311,SEARCH,0.0125,-0.0049,0.0000,-0.7468
413240,gimbal,dynamic,124.8203,17.39,413.24,9.9787,0.0109,134.7985,-0.3783,1.311,SEARCH,0.0113,-0.0053,0.0000,-0.7468
413340,gimbal,dynamic,124.8588,17.14,413.34,9.9802,0.0121,134.8384,-0.3777,1.311,SEARCH,0.0103,-0.0057,0.0000,-0.7468
413440,gimbal,dynamic,124.8987,16.89,413.44,9.9803,0.0135,134.8784,-0.3774,1.311,SEARCH,0.0098,-0.0063,0.0000,-0.7468
413540,gimbal,dynamic,124.9399,16.64,413.54,9.9792,0.0149,134.9184,-0.3772,1.311,SEARCH,0.0100,-0.0070,0.0000,-0.7468
413640,gimbal,dynamic,124.9818,16.40,413.64,9.9772,0.0156,134.9584,-0.3771,1.311,SEARCH,0.0108,-0.0076,0.0000,-0.7468
413740,gimbal,dynamic,125.0240,16.17,413.74,9.9751,0.0158,134.9984,-0.3773,1.311,SEARCH,0.0118,-0.0078,0.0000,-0.7468
413840,gimbal,dynamic,125.0653,15.93,413.84,9.9737,0.0157,135.0384,-0.3776,1.311,SEARCH,0.0128,-0.0079,0.0000,-0.7468
413940,gimbal,dynamic,125.1061,15.71,413.94,9.9729,0.0153,135.0784,-0.3780,1.311,SEARCH,0.0133,-0.0078,0.0000,-0.7468
414040,gimbal,dynamic,125.1468,15.48,414.04,9.9722,0.0147,135.1184,-0.3786,1.311,SEARCH,0.0137,-0.0076,0.0000,-0.7468
414140,gimbal,dynamic,125.1879,15.27,414.14,9.9711,0.0140,135.1583,-0.3794,1.310,SEARCH,0.0141,-0.0072,0.0000,-0.7469
414240,gimbal,dynamic,125.2294,15.07,414.24,9.9695,0.0133,135.1982,-0.3803,1.310,SEARCH,0.0148,-0.0068,0.0000,-0.7469
414340,gimbal,dynamic,135.2388,14.87,414.34,-0.0001,-0.0001,135.2381,-0.3813,1.310,SEARCH,0.0156,-0.0065,0.0000,-0.7469
414440,gimbal,dynamic,135.2803,14.68,414.44,-0.0018,-0.0017,135.2780,-0.3825,1.310,SEARCH,5.0004,0.0004,0.0000,-0.7469
414540,gimbal,dynamic,135.3220,14.49,414.54,-0.0036,-0.0035,135.3178,-0.3838,1.310,SEARCH,5.0013,0.0012,0.0000,-0.7469
414640,gimbal,dynamic,135.3630,14.32,414.64,-0.0049,-0.0054,135.3576,-0.3853,1.310,SEARCH,5.0021,0.0021,0.0000,-0.7469
414740,gimbal,dynamic,135.4034,14.16,414.74,-0.0055,-0.0076,135.3974,-0.3868,1.310,SEARCH,5.0026,0.0031,0.0000,-0.7469
414840,gimbal,dynamic,135.4433,14.01,414.84,-0.0057,-0.0106,135.4371,-0.3885,1.310,SEARCH,5.0028,0.0043,0.0000,-0.7470
414940,gimbal,dynamic,135.4834,13.87,414.94,-0.0061,-0.0135,135.4767,-0.3902,1.310,SEARCH,5.0029,0.0059,0.0000,-0.7470
415040,gimbal,dynamic,135.5236,13.74,415.04,-0.0068,-0.0158,135.5163,-0.3921,1.310,SEARCH,5.0032,0.0072,0.0000,-0.7470
415140,gimbal,dynamic,135.5640,13.61,415.14,-0.0076,-0.0176,135.5559,-0.3940,1.310,SEARCH,5.0035,0.0083,0.0000,-0.7470
415240,gimbal,dynamic,135.6051,13.50,415.24,-0.0092,-0.0190,135.5954,-0.3960,1.310,SEARCH,5.0040,0.0091,0.0000,-0.7470
415340,gimbal,dynamic,135.6467,13.40,415.34,-0.0114,-0.0200,135.6348,-0.3981,1.310,SEARCH,5.0050,0.0097,0.0000,-0.7469
415440,gimbal,dynamic,135.6879,13.32,415.44,-0.0132,-0.0201,135.6741,-0.4002,1.310,SEARCH,5.0061,0.0101,0.0000,-0.7469
415540,gimbal,dynamic,135.7290,13.24,415.54,-0.0150,-0.0193,135.7134,-0.4024,1.311,SEARCH,5.0070,0.0100,0.0000,-0.7468
415640,gimbal,dynamic,135.7697,13.18,415.64,-0.0166,-0.0173,135.7526,-0.4046,1.311,SEARCH,5.0079,0.0092,0.0000,-0.7467
415740,gimbal,dynamic,135.8103,13.13,415.74,-0.0180,-0.0150,135.7917,-0.4069,1.311,SEARCH,5.0086,0.0082,0.0000,-0.7467
415840,gimbal,dynamic,135.8512,13.09,415.84,-0.0199,-0.0125,135.8308,-0.4092,1.311,SEARCH,5.0095,0.0069,0.0000,-0.7467
415940,gimbal,dynamic,135.8917,13.07,415.94,-0.0214,-0.0106,135.8697,-0.4114,1.311,SEARCH,5.0103,0.0058,0.0000,-0.7467
416040,gimbal,dynamic,135.9315,13.06,416.04,-0.0223,-0.0092,135.9086,-0.4137,1.311,SEARCH,5.0110,0.0050,0.0000,-0.7467
416140,gimbal,dynamic,135.9704,13.06,416.14,-0.0225,-0.0075,135.9473,-0.4160,1.311,SEARCH,5.0112,0.0043,0.0000,-0.7467
416240,gimbal,dynamic,136.0084,13.08,416.24,-0.0218,-0.0054,135.9860,-0.4183,1.311,SEARCH,5.0112,0.0033,0.0000,-0.7468
416340,gimbal,dynamic,136.0450,13.11,416.34,-0.0198,-0.0033,136.0245,-0.4205,1.311,SEARCH,5.0106,0.0023,0.0000,-0.7468
416440,gimbal,dynamic,136.0810,13.16,416.44,-0.0173,-0.0016,136.0630,-0.4228,1.311,SEARCH,5.0094,0.0013,0.0000,-0.7468
416540,gimbal,dynamic,136.1169,13.22,416.54,-0.0149,-0.0003,136.1013,-0.4249,1.311,SEARCH,5.0081,0.0005,0.0000,-0.7468
416640,gimbal,dynamic,136.1529,13.29,416.64,-0.0127,0.0011,136.1396,-0.4271,1.311,SEARCH,5.0069,-0.0002,0.0000,-0.7468
416740,gimbal,dynamic,136.1896,13.38,416.74,-0.0112,0.0026,136.1777,-0.4291,1.311,SEARCH,5.0060,-0.0008,0.0000,-0.7468
416840,gimbal,dynamic,136.2267,13.48,416.84,-0.0103,0.0042,136.2157,-0.4311,1.311,SEARCH,5.0054,-0.0015,0.0000,-0.7468
416940,gimbal,dynamic,136.2638,13.60,416.94,-0.0095,0.0058,136.2536,-0.4330,1.311,SEARCH,5.0050,-0.0024,0.0000,-0.7468
417040,gimbal,dynamic,136.3012,13.73,417.04,-0.0091,0.0070,136.2913,-0.4348,1.310,SEARCH,5.0046,-0.0031,0.0000,-0.7469
417140,gimbal,dynamic,136.3391,13.87,417.14,-0.0094,0.0081,136.3290,-0.4365,1.310,SEARCH,5.0046,-0.0037,0.0000,-0.7469
417240,gimbal,dynamic,136.3770,14.03,417.24,-0.0098,0.0091,136.3665,-0.4381,1.310,SEARCH,5.0048,-0.0043,0.0000,-0.7469
417340,gimbal,dynamic,136.4148,14.20,417.34,-0.0103,0.0102,136.4038,-0.4396,1.310,SEARCH,5.0050,-0.0048,0.0000,-0.7469
417440,gimbal,dynamic,136.4524,14.39,417.44,-0.0106,0.0107,136.4411,-0.4410,1.310,SEARCH,5.0052,-0.0052,0.0000,-0.7469
417540,gimbal,dynamic,136.4897,14.59,417.54,-0.0108,0.0106,136.4781,-0.4422,1.310,SEARCH,5.0054,-0.0054,0.0000,-0.7469
417640,gimbal,dynamic,136.5264,14.81,417.64,-0.0106,0.0104,136.5151,-0.4433,1.310,SEARCH,5.0054,-0.0052,0.0000,-0.7469
417740,gimbal,dynamic,136.5624,15.03,417.74,-0.0098,0.0108,136.5519,-0.4443,1.310,SEARCH,5.0051,-0.0052,0.0000,-0.7469
417840,gimbal,dynamic,136.5986,15.27,417.84,-0.0093,0.0115,136.5885,-0.4451,1.310,SEARCH,5.0048,-0.0055,0.0000,-0.7469
417940,gimbal,dynamic,136.6347,15.53,417.94,-0.0089,0.0119,136.6250,-0.4457,1.310,SEARCH,5.0046,-0.0058,0.0000,-0.7469
418040,gimbal,dynamic,136.6705,15.79,418.04,-0.0084,0.0120,136.6614,-0.4462,1.310,SEARCH,5.0043,-0.0060,0.0000,-0.7469
418140,gimbal,dynamic,136.7058,16.07,418.14,-0.0074,0.0123,136.6976,-0.4464,1.310,SEARCH,5.0041,-0.0061,0.0000,-0.7469
418240,gimbal,dynamic,136.7404,16.36,418.24,-0.0060,0.0127,136.7336,-0.4466,1.311,SEARCH,5.0034,-0.0062,0.0000,-0.7468
418340,gimbal,dynamic,136.7748,16.66,418.34,-0.0045,0.0134,136.7695,-0.4465,1.311,SEARCH,5.0027,-0.0065,0.0000,-0.7468
418440,gimbal,dynamic,136.8100,16.97,418.44,-0.0040,0.0142,136.8052,-0.4462,1.311,SEARCH,5.0021,-0.0069,0.0000,-0.7468
418440,gimbal,dynamic,136.8449,17.29,418.44,-0.0034,0.0151,136.8407,-0.4457,1.311,SEARCH,5.0021,-0.0069,0.0000,-0.7468
418440,gimbal,dynamic,136.8790,17.62,418.44,-0.0022,0.0154,136.8761,-0.4451,1.311,SEARCH,5.0021,-0.0069,0.0000,-0.7468
418440,gimbal,dynamic,136.9133,17.96,418.44,-0.0013,0.0151,136.9113,-0.4442,1.311,SEARCH,5.0021,-0.0069,0.0000,-0.7468
418440,gimbal,dynamic,136.9485,18.31,418.44,-0.0014,0.0142,136.9463,-0.4431,1.311,SEARCH,5.0021,-0.0069,0.0000,-0.7468
418440,gimbal,dynamic,136.9845,18.68,418.44,-0.0026,0.0130,136.9812,-0.4418,1.311,SEARCH,5.0021,-0.0069,0.0000,-0.7468
418440,gimbal,dynamic,137.0211,19.04,418.44,-0.0045,0.0118,137.0159,-0.4403,1.311,SEARCH,5.0021,-0.0069,0.0000,-0.7468
418440,gimbal,dynamic,137.0577,19.42,418.44,-0.0066,0.0109,137.0504,-0.4386,1.311,SEARCH,5.0021,-0.0069,0.0000,-0.7468
418440,gimbal,dynamic,137.0945,19.80,418.44,-0.0090,0.0100,137.0847,-0.4367,1.311,SEARCH,5.0021,-0.0069,0.0000,-0.7468
418440,gimbal,dynamic,137.1307,20.19,418.44,-0.0111,0.0096,137.1189,-0.4345,1.311,SEARCH,5.0021,-0.0069,0.0000,-0.7468
418440,gimbal,dynamic,137.1665,20.58,418.44,-0.0130,0.0097,137.1528,-0.4321,1.311,SEARCH,5.0021,-0.0069,0.0000,-0.7468
418440,gimbal,dynamic,137.2026,20.98,418.44,-0.0153,0.0101,137.1866,-0.4295,1.311,SEARCH,5.0021,-0.0069,0.0000,-0.7468
418440,gimbal,dynamic,137.2383,21.38,418.44,-0.0174,0.0111,137.2202,-0.4267,1.311,SEARCH,5.0021,-0.0069,0.0000,-0.7468
418440,gimbal,dynamic,137.2735,21.79,418.44,-0.0192,0.0120,137.2536,-0.4236,1.311,SEARCH,5.0021,-0.0069,0.0000,-0.7468
418440,gimbal,dynamic,137.3081,22.20,418.44,-0.0205,0.0126,137.2868,-0.4204,1.311,SEARCH,5.0021,-0.0069,0.0000,-0.7468
418440,gimbal,dynamic,137.3412,22.61,418.44,-0.0206,0.0127,137.3199,-0.4169,1.311,SEARCH,5.0021,-0.0069,0.0000,-0.7468
418440,gimbal,dynamic,137.3736,23.02,418.44,-0.0202,0.0124,137.3527,-0.4132,1.311,SEARCH,5.0021,-0.0069,0.0000,-0.7468
418440,gimbal,dynamic,137.4054,23.43,418.44,-0.0194,0.0122,137.3854,-0.4092,1.311,SEARCH,5.0021,-0.0069,0.0000,-0.7468
418440,gimbal,dynamic,137.4372,23.85,418.44,-0.0188,0.0123,137.4178,-0.4051,1.311,SEARCH,5.0021,-0.0069,0.0000,-0.7468
418440,gimbal,dynamic,137.4691,24.26,418.44,-0.0185,0.0124,137.4501,-0.4007,1.311,SEARCH,5.0021,-0.0069,0.0000,-0.7468
418440,gimbal,dynamic,137.5016,24.67,418.44,-0.0188,0.0127,137.4821,-0.3962,1.311,SEARCH,5.0021,-0.0069,0.0000,-0.7468
418440,gimbal,dynamic,137.5343,25.08,418.44,-0.0197,0.0128,137.5140,-0.3914,1.311,SEARCH,5.0021,-0.0069,0.0000,-0.7468
418440,gimbal,dynamic,137.5664,25.49,418.44,-0.0202,0.0127,137.5457,-0.3864,1.311,SEARCH,5.0021,-0.0069,0.0000,-0.7468
418440,gimbal,dynamic,137.5979,25.89,418.44,-0.0202,0.0123,137.5771,-0.3813,1.311,SEARCH,5.0021,-0.0069,0.0000,-0.7468
418440,gimbal,dynamic,137.6287,26.29,418.44,-0.0198,0.0119,137.6084,-0.3759,1.311,SEARCH,5.0021,-0.0069,0.0000,-0.7468
418440,gimbal,dynamic,137.6588,26.68,418.44,-0.0188,0.0120,137.6395,-0.3704,1.311,SEARCH,5.0021,-0.0069,0.0000,-0.7468
418440,gimbal,dynamic,137.6884,27.06,418.44,-0.0176,0.0120,137.6703,-0.3646,1.311,SEARCH,5.0021,-0.0069,0.0000,-0.7468
418440,gimbal,dynamic,137.7182,27.44,418.44,-0.0166,0.0122,137.7010,-0.3587,1.311,SEARCH,5.0021,-0.0069,0.0000,-0.7468
418440,gimbal,dynamic,137.7478,27.81,418.44,-0.0158,0.0126,137.7315,-0.3527,1.311,SEARCH,5.0021,-0.0069,0.0000,-0.7468
418440,gimbal,dynamic,137.7766,28.17,418.44,-0.0144,0.0128,137.7618,-0.3464,1.311,SEARCH,5.0021,-0.0069,0.0000,-0.7468
418440,gimbal,dynamic,137.8047,28.52,418.44,-0.0124,0.0127,137.7919,-0.3401,1.311,SEARCH,5.0021,-0.0069,0.0000,-0.7468
418440,gimbal,dynamic,137.8318,28.86,418.44,-0.0096,0.0126,137.8217,-0.3335,1.311,SEARCH,5.0021,-0.0069,0.0000,-0.7468
418440,gimbal,dynamic,137.8593,29.19,418.44,-0.0075,0.0127,137.8514,-0.3269,1.311,SEARCH,5.0021,-0.0069,0.0000,-0.7468
418440,gimbal,dynamic,137.8873,29.51,418.44,-0.0061,0.0128,137.8809,-0.3201,1.311,SEARCH,5.0021,-0.0069,0.0000,-0.7468
418440,gimbal,dynamic,137.9162,29.81,418.44,-0.0056,0.0127,137.9102,-0.3132,1.311,SEARCH,5.0021,-0.0069,0.0000,-0.7468
418440,gimbal,dynamic,137.9450,30.11,418.44,-0.0054,0.0126,137.9392,-0.3062,1.311,SEARCH,5.0021,-0.0069,0.0000,-0.7468
418440,gimbal,dynamic,137.9738,30.38,418.44,-0.0054,0.0124,137.9681,-0.2990,1.311,SEARCH,5.0021,-0.0069,0.0000,-0.7468
418440,gimbal,dynamic,138.0031,30.47,418.44,-0.0059,0.0119,137.9968,-0.2919,1.311,SEARCH,5.0021,-0.0069,0.0000,-0.7468
418440,gimbal,dynamic,138.0327,30.47,418.44,-0.0071,0.0113,138.0253,-0.2847,1.311,SEARCH,5.0021,-0.0069,0.0000,-0.7468
422335,gimbal,dynamic,138.0624,30.47,422.34,-0.0085,0.0113,138.0536,-0.2777,1.309,IDLE,0.0000,0.0000,0.0000,0.0000
422435,gimbal,dynamic,138.0912,30.47,422.44,-0.0093,0.0119,138.0817,-0.2707,1.309,IDLE,0.0000,0.0000,0.0000,0.0000
422535,gimbal,dynamic,138.1197,30.47,422.54,-0.0099,0.0128,138.1095,-0.2637,1.309,IDLE,0.0000,0.0000,0.0000,0.0000
422635,gimbal,dynamic,138.1480,30.47,422.64,-0.0105,0.0136,138.1372,-0.2568,1.310,IDLE,0.0000,0.0000,0.0000,0.0000
422735,gimbal,dynamic,138.1759,30.47,422.74,-0.0109,0.0143,138.1647,-0.2499,1.310,IDLE,0.0000,0.0000,0.0000,0.0000
422835,gimbal,dynamic,138.2040,30.47,422.84,-0.0117,0.0151,138.1921,-0.2431,1.310,IDLE,0.0000,0.0000,0.0000,0.0000
422935,gimbal,dynamic,138.2321,30.47,422.94,-0.0127,0.0157,138.2192,-0.2363,1.310,IDLE,0.0000,0.0000,0.0000,0.0000
423035,gimbal,dynamic,138.2599,30.47,423.04,-0.0136,0.0155,138.2461,-0.2295,1.310,IDLE,0.0000,0.0000,0.0000,0.0000
423135,gimbal,dynamic,138.2870,30.47,423.14,-0.0140,0.0142,138.2728,-0.2229,1.310,IDLE,0.0000,0.0000,0.0000,0.0000
423235,gimbal,dynamic,138.3136,30.47,423.24,-0.0140,0.0129,138.2994,-0.2162,1.310,IDLE,0.0000,0.0000,0.0000,0.0000
423335,gimbal,dynamic,138.3392,30.47,423.34,-0.0132,0.0116,138.3258,-0.2096,1.311,IDLE,0.0000,0.0000,0.0000,0.0000
423435,gimbal,dynamic,138.3640,30.47,423.44,-0.0119,0.0101,138.3519,-0.2031,1.311,IDLE,0.0000,0.0000,0.0000,0.0000
423535,gimbal,dynamic,138.3889,30.47,423.54,-0.0109,0.0087,138.3779,-0.1966,1.311,IDLE,0.0000,0.0000,0.0000,0.0000
423635,gimbal,dynamic,138.4137,30.47,423.64,-0.0098,0.0074,138.4037,-0.1901,1.311,IDLE,0.0000,0.0000,0.0000,0.0000
423735,gimbal,dynamic,138.4382,30.47,423.74,-0.0087,0.0070,138.4294,-0.1837,1.311,IDLE,0.0000,0.0000,0.0000,0.0000
423835,gimbal,dynamic,138.4628,30.47,423.84,-0.0079,0.0070,138.4548,-0.1774,1.311,IDLE,0.0000,0.0000,0.0000,0.0000
423935,gimbal,dynamic,138.4881,30.47,423.94,-0.0079,0.0070,138.4801,-0.1710,1.311,IDLE,0.0000,0.0000,0.0000,0.0000
424035,gimbal,dynamic,138.5138,30.48,424.04,-0.0085,0.0070,138.5052,-0.1648,1.311,IDLE,0.0000,0.0000,0.0000,0.0000
424135,gimbal,dynamic,138.5403,30.48,424.14,-0.0101,0.0064,138.5301,-0.1585,1.311,IDLE,0.0000,0.0000,0.0000,0.0000
424235,gimbal,dynamic,138.5678,30.48,424.24,-0.0129,0.0054,138.5549,-0.1524,1.311,IDLE,0.0000,0.0000,0.0000,0.0000
424335,gimbal,dynamic,138.5963,30.48,424.34,-0.0168,0.0046,138.5794,-0.1462,1.311,IDLE,0.0000,0.0000,0.0000,0.0000
424435,gimbal,dynamic,138.6250,30.48,424.44,-0.0211,0.0036,138.6039,-0.1401,1.311,IDLE,0.0000,0.0000,0.0000,0.0000
424535,gimbal,dynamic,138.6543,30.48,424.54,-0.0262,0.0025,138.6281,-0.1340,1.311,IDLE,0.0000,0.0000,0.0000,0.0000
424635,gimbal,dynamic,138.6826,30.48,424.64,-0.0304,0.0016,138.6522,-0.1280,1.311,IDLE,0.0000,0.0000,0.0000,0.0000
424735,gimbal,dynamic,138.7102,30.29,424.74,-0.0340,0.0007,138.6761,-0.1221,1.311,IDLE,0.0000,0.0000,0.0000,0.0000
424835,gimbal,dynamic,138.7365,29.94,424.84,-0.0365,-0.0000,138.6999,-0.1163,1.311,IDLE,0.0000,0.0000,0.0000,0.0000
424935,gimbal,dynamic,138.7618,29.55,424.94,-0.0382,-0.0004,138.7235,-0.1108,1.311,IDLE,0.0000,0.0000,0.0000,0.0000
425035,gimbal,dynamic,138.7858,29.14,425.04,-0.0388,-0.0001,138.7470,-0.1054,1.311,IDLE,0.0000,0.0000,0.0000,0.0000
425135,gimbal,dynamic,138.8090,28.70,425.14,-0.0386,0.0001,138.7703,-0.1003,1.311,IDLE,0.0000,0.0000,0.0000,0.0000
425235,gimbal,dynamic,138.8308,28.23,425.24,-0.0373,-0.0001,138.7935,-0.0954,1.311,IDLE,0.0000,0.0000,0.0000,0.0000
425335,gimbal,dynamic,138.8522,27.73,425.34,-0.0356,-0.0002,138.8165,-0.0907,1.311,IDLE,0.0000,0.0000,0.0000,0.0000
425435,gimbal,dynamic,138.8731,27.20,425.44,-0.0337,-0.0001,138.8394,-0.0863,1.311,IDLE,0.0000,0.0000,0.0000,0.0000
425535,gimbal,dynamic,138.8945,26.65,425.54,-0.0323,0.0000,138.8621,-0.0821,1.311,IDLE,0.0000,0.0000,0.0000,0.0000
425635,gimbal,dynamic,138.9158,26.06,425.64,-0.0310,0.0006,138.8847,-0.0782,1.312,IDLE,0.0000,0.0000,0.0000,0.0000
425735,gimbal,dynamic,138.9366,25.45,425.74,-0.0294,0.0012,138.9072,-0.0746,1.312,IDLE,0.0000,0.0000,0.0000,0.0000
425835,gimbal,dynamic,138.9569,24.82,425.84,-0.0274,0.0017,138.9295,-0.0712,1.312,IDLE,0.0000,0.0000,0.0000,0.0000
425935,gimbal,dynamic,138.9773,24.15,425.94,-0.0255,0.0021,138.9517,-0.0681,1.312,IDLE,0.0000,0.0000,0.0000,0.0000
426035,gimbal,dynamic,138.9982,23.47,426.04,-0.0243,0.0023,138.9738,-0.0653,1.312,IDLE,0.0000,0.0000,0.0000,0.0000
426135,gimbal,dynamic,139.0196,22.75,426.14,-0.0238,0.0020,138.9958,-0.0628,1.312,IDLE,0.0000,0.0000,0.0000,0.0000
426235,gimbal,dynamic,139.0415,22.01,426.24,-0.0238,0.0015,139.0177,-0.0605,1.312,IDLE,0.0000,0.0000,0.0000,0.0000
426335,gimbal,dynamic,139.0635,21.26,426.34,-0.0241,0.0008,139.0394,-0.0586,1.312,IDLE,0.0000,0.0000,0.0000,0.0000
426435,gimbal,dynamic,139.0855,20.47,426.44,-0.0244,0.0004,139.0610,-0.0570,1.312,IDLE,0.0000,0.0000,0.0000,0.0000
426535,gimbal,dynamic,139.1071,19.67,426.54,-0.0245,0.0003,139.0825,-0.0556,1.312,IDLE,0.0000,0.0000,0.0000,0.0000
426635,gimbal,dynamic,139.1281,18.86,426.64,-0.0242,0.0005,139.1039,-0.0546,1.312,IDLE,0.0000,0.0000,0.0000,0.0000
426735,gimbal,dynamic,139.1484,18.02,426.74,-0.0231,0.0013,139.1253,-0.0539,1.311,IDLE,0.0000,0.0000,0.0000,0.0000
426835,gimbal,dynamic,139.1685,17.16,426.84,-0.0220,0.0022,139.1465,-0.0536,1.311,IDLE,0.0000,0.0000,0.0000,0.0000
426935,gimbal,dynamic,139.1882,16.30,426.94,-0.0206,0.0032,139.1676,-0.0535,1.311,IDLE,0.0000,0.0000,0.0000,0.0000
427035,gimbal,dynamic,139.2074,15.42,427.04,-0.0187,0.0042,139.1886,-0.0538,1.310,IDLE,0.0000,0.0000,0.0000,0.0000
427136,gimbal,dynamic,139.2259,14.54,427.14,-0.0163,0.0051,139.2096,-0.0544,1.310,ARMING,0.0000,0.0000,0.0000,0.0000
427235,gimbal,dynamic,139.2437,13.64,427.24,-0.0132,0.0058,139.2304,-0.0553,1.310,TAKEOFF,0.0000,0.0000,0.0000,0.0000
427335,gimbal,dynamic,139.2609,12.74,427.34,-0.0097,0.0067,139.2512,-0.0565,1.310,TAKEOFF,0.0000,0.0000,0.0000,0.0000
427435,gimbal,dynamic,139.2781,11.83,427.44,-0.0061,0.0075,139.2719,-0.0581,1.313,TAKEOFF,0.0000,0.0000,0.0000,0.0000
427535,gimbal,dynamic,139.2951,10.93,427.54,-0.0025,0.0093,139.2926,-0.0599,1.326,TAKEOFF,0.0000,0.0000,0.0000,0.0000
427635,gimbal,dynamic,139.3129,10.02,427.64,0.0003,0.0110,139.3131,-0.0621,1.347,TAKEOFF,0.0000,0.0000,0.0000,0.0000
427735,gimbal,dynamic,139.3303,9.11,427.74,0.0034,0.0126,139.3336,-0.0647,1.371,TAKEOFF,0.0000,0.0000,0.0000,0.0000
427835,gimbal,dynamic,139.3482,8.21,427.84,0.0059,0.0141,139.3541,-0.0675,1.394,TAKEOFF,0.0000,0.0000,0.0000,0.0000
427935,gimbal,dynamic,139.3660,7.32,427.94,0.0085,0.0152,139.3745,-0.0707,1.416,TAKEOFF,0.0000,0.0000,0.0000,0.0000
428035,gimbal,dynamic,139.3842,6.44,428.04,0.0106,0.0159,139.3948,-0.0741,1.439,TAKEOFF,0.0000,0.0000,0.0000,0.0000
428135,gimbal,dynamic,139.4022,5.57,428.14,0.0129,0.0160,139.4151,-0.0779,1.458,TAKEOFF,0.0000,0.0000,0.0000,0.0000
428235,gimbal,dynamic,139.4200,4.71,428.24,0.0154,0.0153,139.4353,-0.0820,1.476,TAKEOFF,0.0000,0.0000,0.0000,0.0000
428335,gimbal,dynamic,139.4372,3.87,428.34,0.0184,0.0143,139.4555,-0.0864,1.490,TAKEOFF,0.0000,0.0000,0.0000,0.0000
428435,gimbal,dynamic,139.4543,3.04,428.44,0.0214,0.0128,139.4757,-0.0911,1.502,TAKEOFF,0.0000,0.0000,0.0000,0.0000
428535,gimbal,dynamic,139.4723,2.40,428.54,0.0236,0.0118,139.4958,-0.0961,1.511,TAKEOFF,0.0000,0.0000,0.0000,0.0000
428635,gimbal,dynamic,139.4911,2.40,428.64,0.0249,0.0112,139.5159,-0.1011,1.518,TAKEOFF,0.0000,0.0000,0.0000,0.0000
428735,gimbal,dynamic,139.5107,2.40,428.74,0.0253,0.0107,139.5360,-0.1061,1.522,TAKEOFF,0.0000,0.0000,0.0000,0.0000
428835,gimbal,dynamic,139.5311,2.40,428.84,0.0249,0.0100,139.5560,-0.1111,1.525,TAKEOFF,0.0000,0.0000,0.0000,0.0000
428935,gimbal,dynamic,139.5524,2.40,428.94,0.0237,0.0091,139.5760,-0.1161,1.526,TAKEOFF,0.0000,0.0000,0.0000,0.0000
429035,gimbal,dynamic,139.5733,2.40,429.04,0.0228,0.0085,139.5961,-0.1212,1.525,TAKEOFF,0.0000,0.0000,0.0000,0.0000
429135,gimbal,dynamic,139.5938,2.40,429.14,0.0223,0.0081,139.6161,-0.1262,1.523,TAKEOFF,0.0000,0.0000,0.0000,0.0000
429235,gimbal,dynamic,139.6140,2.40,429.24,0.0221,0.0074,139.6361,-0.1312,1.520,TAKEOFF,0.0000,0.0000,0.0000,0.0000
429335,gimbal,dynamic,139.6342,2.40,429.34,0.0220,0.0061,139.6561,-0.1362,1.517,TAKEOFF,0.0000,0.0000,0.0000,0.0000
429435,gimbal,dynamic,139.6544,2.40,429.44,0.0218,0.0049,139.6761,-0.1412,1.513,TAKEOFF,0.0000,0.0000,0.0000,0.0000
429535,gimbal,dynamic,139.6748,2.40,429.54,0.0214,0.0037,139.6961,-0.1462,1.508,TAKEOFF,0.0000,0.0000,0.0000,0.0000
429635,gimbal,dynamic,139.6953,2.40,429.64,0.0209,0.0025,139.7161,-0.1512,1.504,TAKEOFF,0.0000,0.0000,0.0000,0.0000
429735,gimbal,dynamic,139.7158,2.41,429.74,0.0205,0.0015,139.7361,-0.1562,1.499,TAKEOFF,0.0000,0.0000,0.0000,0.0000
429835,gimbal,dynamic,139.7362,2.41,429.84,0.0201,0.0007,139.7562,-0.1612,1.495,TAKEOFF,0.0000,0.0000,0.0000,0.0000
429935,gimbal,dynamic,139.7566,2.41,429.94,0.0198,-0.0002,139.7763,-0.1662,1.490,TAKEOFF,0.0000,0.0000,0.0000,0.0000
430035,gimbal,dynamic,139.7765,2.41,430.04,0.0199,-0.0013,139.7964,-0.1712,1.486,TAKEOFF,0.0000,0.0000,0.0000,0.0000
430135,gimbal,dynamic,139.7966,2.41,430.14,0.0200,-0.0027,139.8165,-0.1763,1.482,TAKEOFF,0.0000,0.0000,0.0000,0.0000
430235,gimbal,dynamic,139.8171,2.40,430.24,0.0196,-0.0037,139.8367,-0.1813,1.478,TAKEOFF,0.0000,0.0000,0.0000,0.0000
430335,gimbal,dynamic,139.8387,2.10,430.34,0.0183,-0.0040,139.8569,-0.1864,1.475,TAKEOFF,0.0000,0.0000,0.0000,0.0000
430435,gimbal,dynamic,139.8611,1.14,430.44,0.0161,-0.0034,139.8771,-0.1914,1.474,TAKEOFF,0.0000,0.0000,0.0000,0.0000
430535,gimbal,dynamic,139.8854,-0.39,430.54,0.0122,-0.0018,139.8974,-0.1965,1.478,TAKEOFF,0.0000,0.0000,0.0000,0.0000
430635,gimbal,dynamic,139.9106,-2.28,430.64,0.0073,0.0004,139.9177,-0.2016,1.486,TAKEOFF,0.0000,0.0000,0.0000,0.0000
430735,gimbal,dynamic,139.9373,-4.08,430.74,0.0010,0.0032,139.9381,-0.2067,1.501,TAKEOFF,0.0000,0.0000,0.0000,0.0000
430835,gimbal,dynamic,139.9643,-5.86,430.84,-0.0056,0.0057,139.9586,-0.2118,1.521,TAKEOFF,0.0000,0.0000,0.0000,0.0000
430935,gimbal,dynamic,139.9927,-7.27,430.94,-0.0134,0.0076,139.9791,-0.2169,1.548,TAKEOFF,0.0000,0.0000,0.0000,0.0000
431035,gimbal,dynamic,140.0212,-8.29,431.04,-0.0213,0.0082,139.9997,-0.2221,1.584,TAKEOFF,0.0000,0.0000,0.0000,0.0000
431135,gimbal,dynamic,140.0499,-8.90,431.14,-0.0294,0.0076,140.0203,-0.2272,1.626,TAKEOFF,0.0000,0.0000,0.0000,0.0000
431235,gimbal,dynamic,140.0792,-9.15,431.24,-0.0380,0.0058,140.0410,-0.2324,1.670,TAKEOFF,0.0000,0.0000,0.0000,0.0000
431335,gimbal,dynamic,140.1080,-9.09,431.34,-0.0459,0.0032,140.0618,-0.2376,1.723,TAKEOFF,0.0000,0.0000,0.0000,0.0000
431435,gimbal,dynamic,140.1355,-8.79,431.44,-0.0526,-0.0002,140.0827,-0.2428,1.773,TAKEOFF,0.0000,0.0000,0.0000,0.0000
431535,gimbal,dynamic,140.1621,-8.35,431.54,-0.0583,-0.0045,140.1037,-0.2481,1.833,TAKEOFF,0.0000,0.0000,0.0000,0.0000
431635,gimbal,dynamic,140.1867,-7.87,431.64,-0.0617,-0.0087,140.1247,-0.2533,1.890,TAKEOFF,0.0000,0.0000,0.0000,0.0000
431735,gimbal,dynamic,140.2101,-7.43,431.74,-0.0640,-0.0134,140.1459,-0.2586,1.951,TAKEOFF,0.0000,0.0000,0.0000,0.0000
431835,gimbal,dynamic,140.2323,-7.03,431.84,-0.0650,-0.0172,140.1671,-0.2639,2.017,TAKEOFF,0.0000,0.0000,0.0000,0.0000
431935,gimbal,dynamic,140.2530,-6.76,431.94,-0.0644,-0.0195,140.1884,-0.2692,2.079,TAKEOFF,0.0000,0.0000,0.0000,0.0000
432035,gimbal,dynamic,140.2724,-6.61,432.04,-0.0623,-0.0196,140.2098,-0.2746,2.147,TAKEOFF,0.0000,0.0000,0.0000,0.0000
432135,gimbal,dynamic,140.2906,-6.58,432.14,-0.0590,-0.0176,140.2314,-0.2800,2.218,TAKEOFF,0.0000,0.0000,0.0000,0.0000
432235,gimbal,dynamic,140.3086,-6.67,432.24,-0.0553,-0.0144,140.2530,-0.2854,2.288,TAKEOFF,0.0000,0.0000,0.0000,0.0000
432335,gimbal,dynamic,140.3261,-6.83,432.34,-0.0510,-0.0105,140.2748,-0.2908,2.366,TAKEOFF,0.0000,0.0000,0.0000,0.0000
432435,gimbal,dynamic,140.3435,-7.07,432.44,-0.0465,-0.0072,140.2967,-0.2963,2.441,TAKEOFF,0.0000,0.0000,0.0000,0.0000
432535,gimbal,dynamic,140.3598,-7.31,432.54,-0.0408,-0.0041,140.3186,-0.3018,2.517,TAKEOFF,0.0000,0.0000,0.0000,0.0000
432635,gimbal,dynamic,140.3761,-7.58,432.64,-0.0350,-0.0017,140.3408,-0.3073,2.602,TAKEOFF,0.0000,0.0000,0.0000,0.0000
432735,gimbal,dynamic,140.3921,-7.82,432.74,-0.0287,0.0006,140.3630,-0.3129,2.686,TAKEOFF,0.0000,0.0000,0.0000,0.0000
432835,gimbal,dynamic,140.4088,-8.05,432.84,-0.0231,0.0025,140.3853,-0.3185,2.766,TAKEOFF,0.0000,0.0000,0.0000,0.0000
432935,gimbal,dynamic,140.4259,-8.25,432.94,-0.0176,0.0037,140.4078,-0.3241,2.851,TAKEOFF,0.0000,0.0000,0.0000,0.0000
433035,gimbal,dynamic,140.4445,-8.42,433.04,-0.0137,0.0042,140.4305,-0.3298,2.927,TAKEOFF,0.0000,0.0000,0.0000,0.0000
433135,gimbal,dynamic,140.4649,-8.55,433.14,-0.0113,0.0044,140.4532,-0.3354,3.002,TAKEOFF,0.0000,0.0000,0.0000,0.0000
433235,gimbal,dynamic,140.4872,-8.67,433.24,-0.0106,0.0044,140.4761,-0.3412,3.081,TAKEOFF,0.0000,0.0000,0.0000,0.0000
433335,gimbal,dynamic,140.5110,-8.77,433.34,-0.0113,0.0048,140.4992,-0.3469,3.158,TAKEOFF,0.0000,0.0000,0.0000,0.0000
433435,gimbal,dynamic,140.5358,-8.87,433.44,-0.0130,0.0059,140.5224,-0.3527,3.229,TAKEOFF,0.0000,0.0000,0.0000,0.0000
433536,gimbal,dynamic,140.5611,-8.95,433.54,-0.0149,0.0078,140.5457,-0.3586,3.307,SEARCH,0.0000,0.0000,0.0000,0.0000
433635,gimbal,dynamic,140.5858,-8.88,433.64,-0.0161,0.0102,140.5692,-0.3644,3.367,SEARCH,5.0079,-0.0044,0.0000,-0.1298
433735,gimbal,dynamic,140.6065,-8.25,433.74,-0.0131,0.0123,140.5928,-0.3703,3.397,SEARCH,5.0079,-0.0056,0.0000,-0.1209
433835,gimbal,dynamic,140.6206,-7.02,433.84,-0.0035,0.0123,140.6166,-0.3763,3.406,SEARCH,5.0051,-0.0063,0.0000,-0.1182
433935,gimbal,dynamic,140.6235,-5.31,433.94,0.0176,0.0079,140.6406,-0.3823,3.400,SEARCH,4.9984,-0.0056,0.0000,-0.1201
434035,gimbal,dynamic,140.6166,-3.17,434.04,0.0487,-0.0013,140.6647,-0.3883,3.384,SEARCH,4.9854,-0.0023,0.0000,-0.1249
434135,gimbal,dynamic,140.5950,-1.08,434.14,0.0945,-0.0161,140.6890,-0.3944,3.359,SEARCH,4.9676,0.0032,0.0000,-0.1324
434235,gimbal,dynamic,140.5665,0.82,434.24,0.1474,-0.0336,140.7134,-0.4005,3.331,SEARCH,4.9423,0.0115,0.0000,-0.1406
434335,gimbal,dynamic,140.5244,2.59,434.34,0.2141,-0.0551,140.7380,-0.4066,3.298,SEARCH,4.9140,0.0208,0.0000,-0.1505
434435,gimbal,dynamic,140.4806,4.46,434.44,0.2826,-0.0762,140.7628,-0.4125,3.268,SEARCH,4.8790,0.0319,0.0000,-0.1595
434535,gimbal,dynamic,140.4259,5.85,434.54,0.3622,-0.1002,140.7878,-0.4181,3.239,SEARCH,4.8437,0.0427,0.0000,-0.1683
434635,gimbal,dynamic,140.3738,6.84,434.64,0.4394,-0.1230,140.8129,-0.4234,3.209,SEARCH,4.8030,0.0548,0.0000,-0.1774
434735,gimbal,dynamic,140.3129,7.50,434.74,0.5255,-0.1485,140.8382,-0.4284,3.182,SEARCH,4.7638,0.0664,0.0000,-0.1853
434835,gimbal,dynamic,140.2576,7.89,434.84,0.6063,-0.1728,140.8637,-0.4332,3.156,SEARCH,4.7238,0.0783,0.0000,-0.1932
434935,gimbal,dynamic,140.1954,8.16,434.94,0.6942,-0.1998,140.8893,-0.4376,3.132,SEARCH,4.6800,0.0915,0.0000,-0.2005
435035,gimbal,dynamic,140.1400,8.31,435.04,0.7753,-0.2249,140.9152,-0.4418,3.113,SEARCH,4.6360,0.1051,0.0000,-0.2062
435136,gimbal,dynamic,140.0780,8.47,435.14,0.8633,-0.2522,140.9412,-0.4457,3.094,SEARCH,4.5955,0.1177,0.0000,-0.2118
435235,gimbal,dynamic,140.0225,8.68,435.24,0.9450,-0.2772,140.9674,-0.4492,3.077,SEARCH,4.5513,0.1313,0.0000,-0.2168
435335,gimbal,dynamic,139.9600,8.98,435.34,1.0338,-0.3039,140.9938,-0.4525,3.061,SEARCH,4.5104,0.1438,0.0000,-0.2216
435435,gimbal,dynamic,139.9040,9.38,435.44,1.1164,-0.3278,141.0203,-0.4554,3.045,SEARCH,4.4659,0.1570,0.0000,-0.2265
435535,gimbal,dynamic,139.8479,9.91,435.54,1.1992,-0.3510,141.0471,-0.4581,3.029,SEARCH,4.4246,0.1688,0.0000,-0.2312
435635,gimbal,dynamic,139.7847,10.54,435.64,1.2894,-0.3750,141.0741,-0.4604,3.013,SEARCH,4.3796,0.1811,0.0000,-0.2362
435735,gimbal,dynamic,139.7219,11.27,435.74,1.3794,-0.3981,141.1012,-0.4624,2.997,SEARCH,4.3380,0.1920,0.0000,-0.2410
435835,gimbal,dynamic,139.6656,12.05,435.84,1.4630,-0.4183,141.1286,-0.4641,2.982,SEARCH,4.2929,0.2033,0.0000,-0.2453
435935,gimbal,dynamic,139.6089,12.87,435.94,1.5472,-0.4370,141.1561,-0.4655,2.966,SEARCH,4.2510,0.2131,0.0000,-0.2503
436035,gimbal,dynamic,139.5445,13.71,436.04,1.6394,-0.4559,141.1838,-0.4666,2.949,SEARCH,4.2052,0.2229,0.0000,-0.2554
436135,gimbal,dynamic,139.4797,14.53,436.14,1.7321,-0.4734,141.2117,-0.4674,2.932,SEARCH,4.1625,0.2314,0.0000,-0.2603
436235,gimbal,dynamic,139.4212,15.33,436.24,1.8186,-0.4885,141.2399,-0.4679,2.920,SEARCH,4.1196,0.2393,0.0000,-0.2640
436335,gimbal,dynamic,139.3614,16.08,436.34,1.9068,-0.5023,141.2682,-0.4680,2.907,SEARCH,4.0724,0.2472,0.0000,-0.2678
436435,gimbal,dynamic,139.2925,16.78,436.44,2.0042,-0.5157,141.2967,-0.4679,2.897,SEARCH,4.0280,0.2538,0.0000,-0.2709
436535,gimbal,dynamic,139.2218,17.43,436.54,2.1036,-0.5279,141.3254,-0.4674,2.886,SEARCH,3.9789,0.2603,0.0000,-0.2741
436635,gimbal,dynamic,139.1578,18.04,436.64,2.1965,-0.5381,141.3543,-0.4667,2.878,SEARCH,3.9289,0.2661,0.0000,-0.2765
436735,gimbal,dynamic,139.0931,18.61,436.74,2.2904,-0.5475,141.3834,-0.4656,2.870,SEARCH,3.8822,0.2711,0.0000,-0.2789
436835,gimbal,dynamic,139.0200,19.15,436.84,2.3927,-0.5568,141.4127,-0.4643,2.863,SEARCH,3.8352,0.2756,0.0000,-0.2811
436935,gimbal,dynamic,138.9465,19.66,436.94,2.4958,-0.5648,141.4422,-0.4626,2.855,SEARCH,3.7839,0.2800,0.0000,-0.2835
437035,gimbal,dynamic,138.8802,20.15,437.04,2.5918,-0.5717,141.4719,-0.4607,2.845,SEARCH,3.7321,0.2839,0.0000,-0.2864
437135,gimbal,dynamic,138.8139,20.62,437.14,2.6880,-0.5783,141.5019,-0.4585,2.837,SEARCH,3.6841,0.2872,0.0000,-0.2889
437235,gimbal,dynamic,138.7397,21.08,437.24,2.7923,-0.5849,141.5320,-0.4560,2.827,SEARCH,3.6320,0.2907,0.0000,-0.2918
437335,gimbal,dynamic,138.6650,21.53,437.34,2.8973,-0.5907,141.5623,-0.4532,2.817,SEARCH,3.5837,0.2936,0.0000,-0.2948
437435,gimbal,dynamic,138.5982,21.97,437.44,2.9947,-0.5954,141.5928,-0.4502,2.808,SEARCH,3.5311,0.2964,0.0000,-0.2977
437535,gimbal,dynamic,138.5232,22.41,437.54,3.1003,-0.5998,141.6235,-0.4469,2.799,SEARCH,3.4824,0.2986,0.0000,-0.3002
437635,gimbal,dynamic,138.4565,22.84,437.64,3.1979,-0.6036,141.6544,-0.4433,2.794,SEARCH,3.4295,0.3007,0.0000,-0.3018
437735,gimbal,dynamic,138.3817,23.26,437.74,3.3039,-0.6073,141.6855,-0.4395,2.790,SEARCH,3.3807,0.3025,0.0000,-0.3031
437835,gimbal,dynamic,138.3153,23.67,437.84,3.4016,-0.6107,141.7168,-0.4354,2.786,SEARCH,3.3277,0.3043,0.0000,-0.3042
437935,gimbal,dynamic,138.2408,24.06,437.94,3.5076,-0.6150,141.7483,-0.4312,2.784,SEARCH,3.2788,0.3061,0.0000,-0.3049
438035,gimbal,dynamic,138.1741,24.43,438.04,3.6060,-0.6195,141.7800,-0.4266,2.780,SEARCH,3.2257,0.3084,0.0000,-0.3059
438135,gimbal,dynamic,138.0995,24.78,438.14,3.7126,-0.6242,141.8119,-0.4219,2.777,SEARCH,3.1765,0.3107,0.0000,-0.3068
438235,gimbal,dynamic,138.0332,25.12,438.24,3.8109,-0.6276,141.8440,-0.4169,2.774,SEARCH,3.1232,0.3129,0.0000,-0.3078
438335,gimbal,dynamic,137.9590,25.43,438.34,3.9174,-0.6306,141.8763,-0.4118,2.770,SEARCH,3.0740,0.3144,0.0000,-0.3091
438435,gimbal,dynamic,137.8934,25.72,438.44,4.0156,-0.6322,141.9088,-0.4064,2.763,SEARCH,3.0208,0.3157,0.0000,-0.3110
438535,gimbal,dynamic,137.8198,26.00,438.54,4.1218,-0.6330,141.9414,-0.4009,2.755,SEARCH,2.9718,0.3163,0.0000,-0.3135
438635,gimbal,dynamic,137.7545,26.25,438.64,4.2200,-0.6333,141.9743,-0.3951,2.749,SEARCH,2.9187,0.3166,0.0000,-0.3153
438735,gimbal,dynamic,137.6804,26.47,438.74,4.3272,-0.6330,142.0074,-0.3892,2.744,SEARCH,2.8694,0.3166,0.0000,-0.3168
438835,gimbal,dynamic,137.6143,26.68,438.84,4.4265,-0.6320,142.0406,-0.3832,2.742,SEARCH,2.8157,0.3163,0.0000,-0.3175
438935,gimbal,dynamic,137.5401,26.87,438.94,4.5342,-0.6303,142.0740,-0.3769,2.740,SEARCH,2.7661,0.3157,0.0000,-0.3180
439035,gimbal,dynamic,137.4740,27.04,439.04,4.6339,-0.6288,142.1077,-0.3706,2.743,SEARCH,2.7163,0.3149,0.0000,-0.3172
439135,gimbal,dynamic,137.3998,27.20,439.14,4.7420,-0.6268,142.1415,-0.3641,2.745,SEARCH,2.6623,0.3141,0.0000,-0.3166
439235,gimbal,dynamic,137.3340,27.33,439.24,4.8417,-0.6247,142.1755,-0.3574,2.747,SEARCH,2.6124,0.3131,0.0000,-0.3159
439335,gimbal,dynamic,137.2606,27.46,439.34,4.9493,-0.6222,142.2096,-0.3507,2.747,SEARCH,2.5584,0.3119,0.0000,-0.3160
439435,gimbal,dynamic,137.1965,27.56,439.44,5.0478,-0.6189,142.2440,-0.3438,2.746,SEARCH,2.5048,0.3105,0.0000,-0.3161
439535,gimbal,dynamic,137.1331,27.66,439.54,5.1457,-0.6146,142.2785,-0.3369,2.744,SEARCH,2.4557,0.3086,0.0000,-0.3168
439635,gimbal,dynamic,137.0625,27.75,439.64,5.2510,-0.6096,142.3132,-0.3299,2.740,SEARCH,2.4028,0.3061,0.0000,-0.3179
439735,gimbal,dynamic,136.9923,27.82,439.74,5.3561,-0.6047,142.3481,-0.3228,2.735,SEARCH,2.3543,0.3038,0.0000,-0.3195
439835,gimbal,dynamic,136.9303,27.87,439.84,5.4532,-0.6003,142.3832,-0.3156,2.730,SEARCH,2.3017,0.3015,0.0000,-0.3210
439935,gimbal,dynamic,136.8604,27.91,439.94,5.5583,-0.5956,142.4184,-0.3083,2.724,SEARCH,2.2532,0.2992,0.0000,-0.3228
440035,gimbal,dynamic,136.7988,27.92,440.04,5.6553,-0.5920,142.4538,-0.3011,2.718,SEARCH,2.2047,0.2972,0.0000,-0.3246
440135,gimbal,dynamic,136.7373,27.92,440.14,5.7524,-0.5890,142.4894,-0.2937,2.713,SEARCH,2.1521,0.2954,0.0000,-0.3261
440235,gimbal,dynamic,136.6676,27.90,440.24,5.8578,-0.5860,142.5251,-0.2864,2.710,SEARCH,2.0995,0.2938,0.0000,-0.3271
440335,gimbal,dynamic,136.6058,27.87,440.34,5.9555,-0.5834,142.5610,-0.2790,2.707,SEARCH,2.0508,0.2925,0.0000,-0.3280
440435,gimbal,dynamic,136.5358,27.82,440.44,6.0617,-0.5808,142.5971,-0.2717,2.704,SEARCH,2.0018,0.2912,0.0000,-0.3287
440535,gimbal,dynamic,136.4738,27.76,440.54,6.1599,-0.5783,142.6333,-0.2643,2.703,SEARCH,1.9487,0.2899,0.0000,-0.3291
440635,gimbal,dynamic,136.4034,27.69,440.64,6.2666,-0.5754,142.6697,-0.2570,2.702,SEARCH,1.8954,0.2885,0.0000,-0.3293
440735,gimbal,dynamic,136.3416,27.61,440.74,6.3650,-0.5725,142.7062,-0.2496,2.703,SEARCH,1.8462,0.2872,0.0000,-0.3290
440835,gimbal,dynamic,136.2722,27.52,440.84,6.4711,-0.5685,142.7429,-0.2423,2.708,SEARCH,1.7930,0.2854,0.0000,-0.3277
440935,gimbal,dynamic,136.2040,27.42,440.94,6.5761,-0.5640,142.7797,-0.2351,2.713,SEARCH,1.7442,0.2834,0.0000,-0.3262
441035,gimbal,dynamic,136.1448,27.32,441.04,6.6723,-0.5601,142.8167,-0.2279,2.717,SEARCH,1.6918,0.2812,0.0000,-0.3250
441135,gimbal,dynamic,136.0867,27.19,441.14,6.7675,-0.5563,142.8538,-0.2207,2.721,SEARCH,1.6440,0.2792,0.0000,-0.3237
441235,gimbal,dynamic,136.0212,27.05,441.24,6.8702,-0.5526,142.8910,-0.2137,2.722,SEARCH,1.5925,0.2772,0.0000,-0.3233
441335,gimbal,dynamic,135.9558,26.89,441.34,6.9730,-0.5502,142.9284,-0.2067,2.721,SEARCH,1.5451,0.2757,0.0000,-0.3236
441435,gimbal,dynamic,135.8974,26.72,441.44,7.0690,-0.5491,142.9659,-0.1997,2.719,SEARCH,1.4936,0.2748,0.0000,-0.3242
441535,gimbal,dynamic,135.8299,26.53,441.54,7.1742,-0.5485,143.0036,-0.1929,2.718,SEARCH,1.4454,0.2744,0.0000,-0.3246
441635,gimbal,dynamic,135.7699,26.33,441.64,7.2719,-0.5478,143.0413,-0.1862,2.718,SEARCH,1.3967,0.2742,0.0000,-0.3246
441735,gimbal,dynamic,135.7015,26.13,441.74,7.3783,-0.5467,143.0792,-0.1796,2.720,SEARCH,1.3436,0.2737,0.0000,-0.3241
441835,gimbal,dynamic,135.6411,25.92,441.84,7.4767,-0.5462,143.1173,-0.1731,2.724,SEARCH,1.2945,0.2732,0.0000,-0.3229
441935,gimbal,dynamic,135.5727,25.70,441.94,7.5833,-0.5461,143.1554,-0.1667,2.728,SEARCH,1.2412,0.2730,0.0000,-0.3216
442035,gimbal,dynamic,135.5129,25.48,442.04,7.6813,-0.5464,143.1937,-0.1605,2.734,SEARCH,1.1879,0.2731,0.0000,-0.3198
442135,gimbal,dynamic,135.4455,25.25,442.14,7.7871,-0.5465,143.2320,-0.1543,2.738,SEARCH,1.1390,0.2732,0.0000,-0.3185
442235,gimbal,dynamic,135.3864,25.02,442.24,7.8847,-0.5466,143.2705,-0.1484,2.743,SEARCH,1.0902,0.2732,0.0000,-0.3171
442335,gimbal,dynamic,135.3279,24.78,442.34,7.9818,-0.5467,143.3091,-0.1426,2.746,SEARCH,1.0374,0.2733,0.0000,-0.3162
442435,gimbal,dynamic,135.2620,24.54,442.44,8.0864,-0.5465,143.3477,-0.1369,2.746,SEARCH,0.9849,0.2733,0.0000,-0.3161
442535,gimbal,dynamic,135.1973,24.29,442.54,8.1898,-0.5467,143.3865,-0.1314,2.746,SEARCH,0.9368,0.2732,0.0000,-0.3161
442635,gimbal,dynamic,135.1421,24.04,442.64,8.2839,-0.5471,143.4254,-0.1261,2.745,SEARCH,0.8854,0.2734,0.0000,-0.3166
442735,gimbal,dynamic,135.0805,23.77,442.74,8.3845,-0.5470,143.4644,-0.1209,2.744,SEARCH,0.8386,0.2736,0.0000,-0.3168
442835,gimbal,dynamic,135.0278,23.51,442.84,8.4763,-0.5460,143.5034,-0.1159,2.746,SEARCH,0.7924,0.2734,0.0000,-0.3163
442935,gimbal,dynamic,134.9691,23.24,442.94,8.5741,-0.5428,143.5425,-0.1111,2.749,SEARCH,0.7429,0.2725,0.0000,-0.3154
443035,gimbal,dynamic,134.9202,22.96,443.04,8.6623,-0.5380,143.5817,-0.1065,2.755,SEARCH,0.6981,0.2707,0.0000,-0.3136
443135,gimbal,dynamic,134.8667,22.69,443.14,8.7550,-0.5309,143.6210,-0.1020,2.762,SEARCH,0.6509,0.2678,0.0000,-0.3114
443235,gimbal,dynamic,134.8233,22.42,443.24,8.8378,-0.5225,143.6604,-0.0978,2.770,SEARCH,0.6086,0.2641,0.0000,-0.3091
443335,gimbal,dynamic,134.7759,22.14,443.34,8.9245,-0.5124,143.6998,-0.0937,2.776,SEARCH,0.5643,0.2594,0.0000,-0.3073
443435,gimbal,dynamic,134.7377,21.86,443.44,9.0022,-0.5021,143.7393,-0.0899,2.780,SEARCH,0.5214,0.2541,0.0000,-0.3061
443535,gimbal,dynamic,134.7020,21.58,443.54,9.0775,-0.4912,143.7789,-0.0862,2.784,SEARCH,0.4831,0.2488,0.0000,-0.3049
443635,gimbal,dynamic,134.6630,21.29,443.64,9.1560,-0.4792,143.8185,-0.0827,2.787,SEARCH,0.4429,0.2429,0.0000,-0.3038
443735,gimbal,dynamic,134.6336,20.99,443.74,9.2251,-0.4680,143.8581,-0.0795,2.789,SEARCH,0.4074,0.2373,0.0000,-0.3032
443835,gimbal,dynamic,134.6031,20.69,443.84,9.2953,-0.4553,143.8978,-0.0764,2.790,SEARCH,0.3737,0.2316,0.0000,-0.3029
443935,gimbal,dynamic,134.5822,20.39,443.94,9.3559,-0.4432,143.9376,-0.0735,2.791,SEARCH,0.3394,0.2252,0.0000,-0.3028
444035,gimbal,dynamic,134.5611,20.10,444.04,9.4168,-0.4294,143.9774,-0.0708,2.791,SEARCH,0.3077,0.2185,0.0000,-0.3027
444135,gimbal,dynamic,134.5440,19.81,444.14,9.4737,-0.4155,144.0172,-0.0684,2.794,SEARCH,0.2804,0.2120,0.0000,-0.3019
444235,gimbal,dynamic,134.5347,19.52,444.24,9.5228,-0.4027,144.0571,-0.0661,2.798,SEARCH,0.2527,0.2051,0.0000,-0.3006
444335,gimbal,dynamic,134.5283,19.23,444.34,9.5691,-0.3902,144.0970,-0.0640,2.803,SEARCH,0.2288,0.1987,0.0000,-0.2992
444435,gimbal,dynamic,134.5216,18.94,444.44,9.6157,-0.3770,144.1369,-0.0621,2.807,SEARCH,0.2062,0.1926,0.0000,-0.2980
444535,gimbal,dynamic,134.5189,18.65,444.54,9.6583,-0.3629,144.1769,-0.0604,2.811,SEARCH,0.1837,0.1859,0.0000,-0.2967
444635,gimbal,dynamic,134.5227,18.38,444.64,9.6945,-0.3490,144.2169,-0.0589,2.813,SEARCH,0.1631,0.1786,0.0000,-0.2961
444735,gimbal,dynamic,134.5262,18.12,444.74,9.7309,-0.3329,144.2568,-0.0576,2.813,SEARCH,0.1456,0.1715,0.0000,-0.2960
444835,gimbal,dynamic,134.5343,17.87,444.84,9.7627,-0.3174,144.2968,-0.0565,2.813,SEARCH,0.1291,0.1639,0.0000,-0.2961
444935,gimbal,dynamic,134.5422,17.63,444.94,9.7949,-0.3004,144.3368,-0.0556,2.813,SEARCH,0.1123,0.1554,0.0000,-0.2960
445035,gimbal,dynamic,134.5546,17.38,445.04,9.8224,-0.2846,144.3768,-0.0548,2.813,SEARCH,0.0979,0.1476,0.0000,-0.2961
445135,gimbal,dynamic,134.5663,17.14,445.14,9.8507,-0.2675,144.4168,-0.0542,2.814,SEARCH,0.0833,0.1390,0.0000,-0.2959
445235,gimbal,dynamic,134.5814,16.89,445.24,9.8756,-0.2519,144.4568,-0.0538,2.814,SEARCH,0.0694,0.1305,0.0000,-0.2958
445335,gimbal,dynamic,134.5960,16.65,445.34,9.9009,-0.2359,144.4968,-0.0536,2.816,SEARCH,0.0572,0.1228,0.0000,-0.2951
445435,gimbal,dynamic,134.6139,16.40,445.44,9.9230,-0.2224,144.5368,-0.0535,2.820,SEARCH,0.0449,0.1151,0.0000,-0.2940
445535,gimbal,dynamic,134.6310,16.16,445.54,9.9458,-0.2089,144.5767,-0.0536,2.825,SEARCH,0.0340,0.1085,0.0000,-0.2925
445635,gimbal,dynamic,134.6512,15.92,445.64,9.9655,-0.1972,144.6167,-0.0538,2.830,SEARCH,0.0229,0.1020,0.0000,-0.2909
445735,gimbal,dynamic,134.6717,15.69,445.74,9.9850,-0.1854,144.6566,-0.0542,2.837,SEARCH,0.0134,0.0963,0.0000,-0.2890
445835,gimbal,dynamic,134.6957,15.48,445.84,10.0007,-0.1751,144.6964,-0.0547,2.845,SEARCH,0.0041,0.0905,0.0000,-0.2865
445935,gimbal,dynamic,134.7206,15.28,445.94,10.0157,-0.1646,144.7363,-0.0554,2.854,SEARCH,-0.0034,0.0855,0.0000,-0.2839
446035,gimbal,dynamic,134.7478,15.09,446.04,10.0283,-0.1557,144.7761,-0.0562,2.860,SEARCH,-0.0105,0.0804,0.0000,-0.2819
446135,gimbal,dynamic,134.7754,14.91,446.14,10.0405,-0.1472,144.8158,-0.0571,2.866,SEARCH,-0.0167,0.0761,0.0000,-0.2803
446235,gimbal,dynamic,134.8026,14.75,446.24,10.0530,-0.1383,144.8555,-0.0581,2.870,SEARCH,-0.0232,0.0715,0.0000,-0.2791
446336,gimbal,dynamic,134.8312,14.60,446.34,10.0640,-0.1303,144.8952,-0.0592,2.872,SEARCH,-0.0287,0.0675,0.0000,-0.2783
446435,gimbal,dynamic,134.8621,14.45,446.44,10.0727,-0.1240,144.9348,-0.0605,2.874,SEARCH,-0.0339,0.0638,0.0000,-0.2777
446535,gimbal,dynamic,134.8938,14.32,446.54,10.0806,-0.1178,144.9744,-0.0618,2.876,SEARCH,-0.0380,0.0608,0.0000,-0.2772
446635,gimbal,dynamic,134.9269,14.20,446.64,10.0870,-0.1123,145.0139,-0.0632,2.877,SEARCH,-0.0417,0.0577,0.0000,-0.2769
446735,gimbal,dynamic,134.9600,14.09,446.74,10.0933,-0.1065,145.0533,-0.0647,2.879,SEARCH,-0.0447,0.0550,0.0000,-0.2764
446835,gimbal,dynamic,134.9938,13.99,446.84,10.0988,-0.1008,145.0926,-0.0663,2.880,SEARCH,-0.0478,0.0521,0.0000,-0.2760
446935,gimbal,dynamic,135.0277,13.90,446.94,10.1042,-0.0946,145.1319,-0.0679,2.883,SEARCH,-0.0505,0.0491,0.0000,-0.2752
447035,gimbal,dynamic,135.0616,13.82,447.04,10.1096,-0.0878,145.1711,-0.0696,2.885,SEARCH,-0.0534,0.0457,0.0000,-0.2745
447135,gimbal,dynamic,135.0962,13.75,447.14,10.1141,-0.0813,145.2103,-0.0713,2.888,SEARCH,-0.0557,0.0426,0.0000,-0.2735
447235,gimbal,dynamic,135.1304,13.69,447.24,10.1189,-0.0741,145.2493,-0.0731,2.892,SEARCH,-0.0582,0.0390,0.0000,-0.2725
447335,gimbal,dynamic,135.1651,13.64,447.34,10.1232,-0.0666,145.2883,-0.0749,2.895,SEARCH,-0.0603,0.0356,0.0000,-0.2715
447435,gimbal,dynamic,135.2007,13.60,447.44,10.1265,-0.0599,145.3272,-0.0767,2.900,SEARCH,-0.0622,0.0322,0.0000,-0.2699
447535,gimbal,dynamic,135.2370,13.57,447.54,10.1289,-0.0534,145.3659,-0.0786,2.905,SEARCH,-0.0638,0.0286,0.0000,-0.2686
447635,gimbal,dynamic,135.2738,13.55,447.64,10.1308,-0.0469,145.4046,-0.0804,2.909,SEARCH,-0.0649,0.0254,0.0000,-0.2674
447735,gimbal,dynamic,135.3115,13.54,447.74,10.1317,-0.0408,145.4432,-0.0823,2.911,SEARCH,-0.0657,0.0223,0.0000,-0.2668
447835,gimbal,dynamic,135.3500,13.55,447.84,10.1317,-0.0361,145.4817,-0.0842,2.911,SEARCH,-0.0659,0.0194,0.0000,-0.2668
447935,gimbal,dynamic,135.3885,13.57,447.94,10.1315,-0.0328,145.5200,-0.0860,2.911,SEARCH,-0.0658,0.0173,0.0000,-0.2667
448035,gimbal,dynamic,135.4272,13.60,448.04,10.1311,-0.0304,145.5583,-0.0878,2.911,SEARCH,-0.0657,0.0158,0.0000,-0.2667
448135,gimbal,dynamic,135.4660,13.64,448.14,10.1304,-0.0288,145.5964,-0.0896,2.912,SEARCH,-0.0654,0.0148,0.0000,-0.2665
448235,gimbal,dynamic,135.5049,13.69,448.24,10.1296,-0.0272,145.6344,-0.0914,2.913,SEARCH,-0.0650,0.0140,0.0000,-0.2662
448335,gimbal,dynamic,135.5443,13.75,448.34,10.1281,-0.0260,145.6723,-0.0931,2.914,SEARCH,-0.0646,0.0134,0.0000,-0.2658
448435,gimbal,dynamic,135.5841,13.82,448.44,10.1261,-0.0251,145.7101,-0.0948,2.916,SEARCH,-0.0636,0.0128,0.0000,-0.2653
448535,gimbal,dynamic,135.6244,13.90,448.54,10.1234,-0.0239,145.7478,-0.0964,2.917,SEARCH,-0.0625,0.0123,0.0000,-0.2649
448635,gimbal,dynamic,135.6647,13.99,448.64,10.1206,-0.0230,145.7853,-0.0979,2.918,SEARCH,-0.0613,0.0118,0.0000,-0.2646
448735,gimbal,dynamic,135.7054,14.10,448.74,10.1173,-0.0222,145.8227,-0.0994,2.919,SEARCH,-0.0597,0.0114,0.0000,-0.2643
448835,gimbal,dynamic,135.7464,14.21,448.84,10.1135,-0.0213,145.8599,-0.1008,2.920,SEARCH,-0.0581,0.0109,0.0000,-0.2641
448935,gimbal,dynamic,135.7885,14.34,448.94,10.1086,-0.0201,145.8970,-0.1021,2.921,SEARCH,-0.0559,0.0105,0.0000,-0.2637
449035,gimbal,dynamic,135.8305,14.47,449.04,10.1036,-0.0188,145.9340,-0.1033,2.923,SEARCH,-0.0532,0.0098,0.0000,-0.2631
449135,gimbal,dynamic,135.8722,14.61,449.14,10.0986,-0.0174,145.9708,-0.1045,2.928,SEARCH,-0.0507,0.0091,0.0000,-0.2617
449235,gimbal,dynamic,135.9140,14.76,449.24,10.0935,-0.0158,146.0075,-0.1055,2.930,SEARCH,-0.0483,0.0084,0.0000,-0.2610
449335,gimbal,dynamic,135.9550,14.91,449.34,10.0890,-0.0143,146.0440,-0.1064,2.933,SEARCH,-0.0459,0.0076,0.0000,-0.2600
449435,gimbal,dynamic,135.9954,15.08,449.44,10.0850,-0.0134,146.0804,-0.1072,2.935,SEARCH,-0.0437,0.0069,0.0000,-0.2594
449535,gimbal,dynamic,136.0356,15.25,449.54,10.0810,-0.0125,146.1166,-0.1080,2.940,SEARCH,-0.0417,0.0065,0.0000,-0.2579
449635,gimbal,dynamic,136.0753,15.44,449.64,10.0774,-0.0113,146.1527,-0.1085,2.945,SEARCH,-0.0397,0.0060,0.0000,-0.2566
449735,gimbal,dynamic,136.1143,15.63,449.74,10.0743,-0.0096,146.1886,-0.1090,2.950,SEARCH,-0.0380,0.0053,0.0000,-0.2551
449835,gimbal,dynamic,136.1537,15.82,449.84,10.0706,-0.0075,146.2243,-0.1094,2.955,SEARCH,-0.0364,0.0044,0.0000,-0.2536
449935,gimbal,dynamic,136.1929,16.02,449.94,10.0670,-0.0058,146.2599,-0.1096,2.959,SEARCH,-0.0346,0.0034,0.0000,-0.2524
450035,gimbal,dynamic,136.2319,16.24,450.04,10.0634,-0.0047,146.2953,-0.1097,2.965,SEARCH,-0.0327,0.0026,0.0000,-0.2506
450135,gimbal,dynamic,136.2711,16.46,450.14,10.0595,-0.0048,146.3305,-0.1096,2.970,SEARCH,-0.0310,0.0023,0.0000,-0.2490
450235,gimbal,dynamic,136.3101,16.69,450.24,10.0555,-0.0053,146.3656,-0.1094,2.977,SEARCH,-0.0289,0.0025,0.0000,-0.2470
450335,gimbal,dynamic,136.3485,16.92,450.34,10.0520,-0.0062,146.4004,-0.1091,2.967,SEARCH,-0.0270,0.0028,0.0000,-0.2499
450435,gimbal,dynamic,136.3859,17.16,450.44,10.0493,-0.0078,146.4352,-0.1087,2.953,SEARCH,-0.0253,0.0034,0.0000,-0.2541
450535,gimbal,dynamic,136.4221,17.39,450.54,10.0476,-0.0102,146.4697,-0.1081,2.929,SEARCH,-0.0243,0.0043,0.0000,-0.2612
450635,gimbal,dynamic,136.4570,17.63,450.64,10.0471,-0.0130,146.5041,-0.1074,2.899,SEARCH,-0.0237,0.0057,0.0000,-0.2704
450735,gimbal,dynamic,136.4914,17.88,450.74,10.0468,-0.0163,146.5382,-0.1065,2.861,SEARCH,-0.0235,0.0071,0.0000,-0.2816
450835,gimbal,dynamic,136.5260,18.13,450.84,10.0462,-0.0198,146.5722,-0.1055,2.815,SEARCH,-0.0233,0.0087,0.0000,-0.2956
450935,gimbal,dynamic,136.5605,18.37,450.94,10.0455,-0.0231,146.6060,-0.1044,2.763,SEARCH,-0.0230,0.0106,0.0000,-0.3111
451035,gimbal,dynamic,136.5944,18.61,451.04,10.0453,-0.0249,146.6397,-0.1031,2.704,SEARCH,-0.0227,0.0120,0.0000,-0.3289
451135,gimbal,dynamic,136.6274,18.83,451.14,10.0457,-0.0254,146.6731,-0.1018,2.644,SEARCH,-0.0227,0.0126,0.0000,-0.3469
451235,gimbal,dynamic,136.6600,19.05,451.24,10.0464,-0.0259,146.7063,-0.1002,2.570,SEARCH,-0.0230,0.0128,0.0000,-0.3689
451335,gimbal,dynamic,136.6927,19.27,451.34,10.0468,-0.0260,146.7394,-0.0986,2.496,SEARCH,-0.0233,0.0130,0.0000,-0.3912
451435,gimbal,dynamic,136.7255,19.49,451.44,10.0468,-0.0253,146.7723,-0.0968,2.414,SEARCH,-0.0234,0.0129,0.0000,-0.4157
451535,gimbal,dynamic,136.7580,19.71,451.54,10.0470,-0.0240,146.8049,-0.0949,2.326,SEARCH,-0.0234,0.0124,0.0000,-0.4422
451635,gimbal,dynamic,136.7904,19.92,451.64,10.0471,-0.0227,146.8374,-0.0929,2.240,SEARCH,-0.0235,0.0117,0.0000,-0.4681
451735,gimbal,dynamic,136.8222,20.14,451.74,10.0475,-0.0210,146.8697,-0.0908,2.141,SEARCH,-0.0236,0.0110,0.0000,-0.4978
451835,gimbal,dynamic,136.8533,20.36,451.84,10.0485,-0.0191,146.9018,-0.0885,2.049,SEARCH,-0.0239,0.0101,0.0000,-0.5254
451935,gimbal,dynamic,136.8840,20.57,451.94,10.0497,-0.0166,146.9337,-0.0862,1.947,SEARCH,-0.0245,0.0091,0.0000,-0.5558
452035,gimbal,dynamic,136.9152,20.77,452.04,10.0502,-0.0143,146.9654,-0.0837,1.855,SEARCH,-0.0250,0.0078,0.0000,-0.5836
452135,gimbal,dynamic,136.9467,20.97,452.14,10.0502,-0.0131,146.9969,-0.0812,1.765,SEARCH,-0.0251,0.0069,0.0000,-0.6104
452135,gimbal,dynamic,136.9783,21.17,452.14,10.0500,-0.0134,147.0282,-0.0786,1.765,SEARCH,-0.0251,0.0069,0.0000,-0.6104
452135,gimbal,dynamic,137.0096,21.36,452.14,10.0498,-0.0147,147.0593,-0.0759,1.765,SEARCH,-0.0251,0.0069,0.0000,-0.6104
452135,gimbal,dynamic,137.0405,21.54,452.14,10.0497,-0.0172,147.0902,-0.0731,1.765,SEARCH,-0.0251,0.0069,0.0000,-0.6104
452135,gimbal,dynamic,137.0710,21.71,452.14,10.0499,-0.0204,147.1209,-0.0703,1.765,SEARCH,-0.0251,0.0069,0.0000,-0.6104
452135,gimbal,dynamic,137.1016,21.86,452.14,10.0498,-0.0225,147.1514,-0.0674,1.765,SEARCH,-0.0251,0.0069,0.0000,-0.6104
452135,gimbal,dynamic,137.1326,22.00,452.14,10.0491,-0.0246,147.1817,-0.0644,1.765,SEARCH,-0.0251,0.0069,0.0000,-0.6104
452135,gimbal,dynamic,137.1638,22.12,452.14,10.0481,-0.0268,147.2119,-0.0614,1.765,SEARCH,-0.0251,0.0069,0.0000,-0.6104
452135,gimbal,dynamic,137.1952,22.23,452.14,10.0466,-0.0299,147.2418,-0.0584,1.765,SEARCH,-0.0251,0.0069,0.0000,-0.6104
452135,gimbal,dynamic,137.2265,22.33,452.14,10.0450,-0.0333,147.2715,-0.0553,1.765,SEARCH,-0.0251,0.0069,0.0000,-0.6104
452135,gimbal,dynamic,137.2581,22.40,452.14,10.0429,-0.0367,147.3010,-0.0522,1.765,SEARCH,-0.0251,0.0069,0.0000,-0.6104
452135,gimbal,dynamic,137.2897,22.46,452.14,10.0405,-0.0395,147.3303,-0.0492,1.765,SEARCH,-0.0251,0.0069,0.0000,-0.6104
452135,gimbal,dynamic,137.3212,22.50,452.14,10.0382,-0.0417,147.3594,-0.0461,1.765,SEARCH,-0.0251,0.0069,0.0000,-0.6104
452135,gimbal,dynamic,137.3520,22.52,452.14,10.0363,-0.0440,147.3883,-0.0430,1.765,SEARCH,-0.0251,0.0069,0.0000,-0.6104
452135,gimbal,dynamic,137.3818,22.53,452.14,10.0353,-0.0458,147.4170,-0.0399,1.765,SEARCH,-0.0251,0.0069,0.0000,-0.6104
452135,gimbal,dynamic,137.4111,22.51,452.14,10.0344,-0.0475,147.4455,-0.0369,1.765,SEARCH,-0.0251,0.0069,0.0000,-0.6104
452135,gimbal,dynamic,137.4403,22.47,452.14,10.0336,-0.0484,147.4739,-0.0339,1.765,SEARCH,-0.0251,0.0069,0.0000,-0.6104
452135,gimbal,dynamic,137.4699,22.41,452.14,10.0321,-0.0487,147.5020,-0.0309,1.765,SEARCH,-0.0251,0.0069,0.0000,-0.6104
452135,gimbal,dynamic,137.4997,22.33,452.14,10.0302,-0.0485,147.5299,-0.0280,1.765,SEARCH,-0.0251,0.0069,0.0000,-0.6104
452135,gimbal,dynamic,137.5293,22.23,452.14,10.0283,-0.0482,147.5576,-0.0252,1.765,SEARCH,-0.0251,0.0069,0.0000,-0.6104
452135,gimbal,dynamic,137.5587,22.10,452.14,10.0265,-0.0478,147.5852,-0.0224,1.765,SEARCH,-0.0251,0.0069,0.0000,-0.6104
452135,gimbal,dynamic,137.5873,21.96,452.14,10.0252,-0.0479,147.6125,-0.0198,1.765,SEARCH,-0.0251,0.0069,0.0000,-0.6104
452135,gimbal,dynamic,137.6153,21.79,452.14,10.0243,-0.0481,147.6396,-0.0172,1.765,SEARCH,-0.0251,0.0069,0.0000,-0.6104
452135,gimbal,dynamic,137.6427,21.60,452.14,10.0239,-0.0486,147.6666,-0.0147,1.765,SEARCH,-0.0251,0.0069,0.0000,-0.6104
452135,gimbal,dynamic,137.6694,21.38,452.14,10.0239,-0.0495,147.6934,-0.0124,1.765,SEARCH,-0.0251,0.0069,0.0000,-0.6104
452135,gimbal,dynamic,137.6958,21.14,452.14,10.0241,-0.0503,147.7199,-0.0102,1.765,SEARCH,-0.0251,0.0069,0.0000,-0.6104
452135,gimbal,dynamic,137.7220,20.88,452.14,10.0244,-0.0507,147.7463,-0.0081,1.765,SEARCH,-0.0251,0.0069,0.0000,-0.6104
452135,gimbal,dynamic,137.7479,20.58,452.14,10.0246,-0.0511,147.7725,-0.0061,1.765,SEARCH,-0.0251,0.0069,0.0000,-0.6104
452135,gimbal,dynamic,137.7736,20.26,452.14,10.0250,-0.0510,147.7986,-0.0043,1.765,SEARCH,-0.0251,0.0069,0.0000,-0.6104
452135,gimbal,dynamic,137.7992,19.92,452.14,10.0252,-0.0501,147.8244,-0.0027,1.765,SEARCH,-0.0251,0.0069,0.0000,-0.6104
452135,gimbal,dynamic,137.8254,19.55,452.14,10.0247,-0.0493,147.8501,-0.0013,1.765,SEARCH,-0.0251,0.0069,0.0000,-0.6104
452135,gimbal,dynamic,137.8519,19.15,452.14,10.0237,-0.0490,147.8755,0.0000,1.765,SEARCH,-0.0251,0.0069,0.0000,-0.6104
452135,gimbal,dynamic,137.8788,18.73,452.14,10.0220,-0.0491,147.9008,0.0011,1.765,SEARCH,-0.0251,0.0069,0.0000,-0.6104
452135,gimbal,dynamic,137.9054,18.29,452.14,10.0206,-0.0491,147.9260,0.0020,1.765,SEARCH,-0.0251,0.0069,0.0000,-0.6104
452135,gimbal,dynamic,137.9315,17.82,452.14,10.0194,-0.0489,147.9509,0.0026,1.765,SEARCH,-0.0251,0.0069,0.0000,-0.6104
452135,gimbal,dynamic,137.9567,17.32,452.14,10.0190,-0.0484,147.9757,0.0031,1.765,SEARCH,-0.0251,0.0069,0.0000,-0.6104
452135,gimbal,dynamic,137.9819,16.79,452.14,10.0184,-0.0475,148.0003,0.0033,1.765,SEARCH,-0.0251,0.0069,0.0000,-0.6104
452135,gimbal,dynamic,138.0072,16.25,452.14,10.0176,-0.0463,148.0248,0.0033,1.765,SEARCH,-0.0251,0.0069,0.0000,-0.6104
452135,gimbal,dynamic,138.0327,15.68,452.14,10.0164,-0.0444,148.0490,0.0031,1.765,SEARCH,-0.0251,0.0069,0.0000,-0.6104
452135,gimbal,dynamic,138.0575,15.09,452.14,10.0156,-0.0424,148.0732,0.0026,1.765,SEARCH,-0.0251,0.0069,0.0000,-0.6104
452135,gimbal,dynamic,138.0814,14.47,452.14,10.0157,-0.0399,148.0971,0.0018,1.765,SEARCH,-0.0251,0.0069,0.0000,-0.6104
452135,gimbal,dynamic,138.1046,13.83,452.14,10.0163,-0.0374,148.1209,0.0009,1.765,SEARCH,-0.0251,0.0069,0.0000,-0.6104
452135,gimbal,dynamic,138.1273,13.18,452.14,10.0173,-0.0348,148.1445,-0.0004,1.765,SEARCH,-0.0251,0.0069,0.0000,-0.6104
452135,gimbal,dynamic,138.1490,12.50,452.14,10.0190,-0.0321,148.1680,-0.0019,1.765,SEARCH,-0.0251,0.0069,0.0000,-0.6104
452135,gimbal,dynamic,138.1705,11.80,452.14,10.0209,-0.0299,148.1914,-0.0037,1.765,SEARCH,-0.0251,0.0069,0.0000,-0.6104
452135,gimbal,dynamic,138.1922,11.09,452.14,10.0224,-0.0280,148.2146,-0.0058,1.765,SEARCH,-0.0251,0.0069,0.0000,-0.6104
452135,gimbal,dynamic,138.2141,10.36,452.14,10.0235,-0.0265,148.2376,-0.0082,1.765,SEARCH,-0.0251,0.0069,0.0000,-0.6104
452135,gimbal,dynamic,138.2364,9.62,452.14,10.0242,-0.0254,148.2605,-0.0108,1.765,SEARCH,-0.0251,0.0069,0.0000,-0.6104
452135,gimbal,dynamic,138.2594,8.87,452.14,10.0239,-0.0245,148.2833,-0.0137,1.765,SEARCH,-0.0251,0.0069,0.0000,-0.6104
452135,gimbal,dynamic,138.2831,8.10,452.14,10.0228,-0.0241,148.3059,-0.0169,1.765,SEARCH,-0.0251,0.0069,0.0000,-0.6104
452135,gimbal,dynamic,138.3070,7.33,452.14,10.0214,-0.0236,148.3284,-0.0204,1.765,SEARCH,-0.0251,0.0069,0.0000,-0.6104
452135,gimbal,dynamic,138.3300,6.55,452.14,10.0207,-0.0218,148.3508,-0.0242,1.765,SEARCH,-0.0251,0.0069,0.0000,-0.6104
452135,gimbal,dynamic,138.3521,5.77,452.14,10.0209,-0.0191,148.3730,-0.0283,1.765,SEARCH,-0.0251,0.0069,0.0000,-0.6104
452135,gimbal,dynamic,138.3736,4.98,452.14,10.0215,-0.0166,148.3951,-0.0327,1.765,SEARCH,-0.0251,0.0069,0.0000,-0.6104
452135,gimbal,dynamic,138.3950,4.19,452.14,10.0221,-0.0146,148.4171,-0.0373,1.765,SEARCH,-0.0251,0.0069,0.0000,-0.6104
452135,gimbal,dynamic,138.4167,3.41,452.14,10.0223,-0.0130,148.4390,-0.0423,1.765,SEARCH,-0.0251,0.0069,0.0000,-0.6104
452135,gimbal,dynamic,138.4383,2.62,452.14,10.0224,-0.0122,148.4607,-0.0475,1.765,SEARCH,-0.0251,0.0069,0.0000,-0.6104
452135,gimbal,dynamic,138.4600,2.40,452.14,10.0224,-0.0121,148.4824,-0.0530,1.765,SEARCH,-0.0251,0.0069,0.0000,-0.6104
452135,gimbal,dynamic,138.4813,2.40,452.14,10.0226,-0.0126,148.5039,-0.0583,1.765,SEARCH,-0.0251,0.0069,0.0000,-0.6104
452135,gimbal,dynamic,138.5030,2.40,452.14,10.0223,-0.0132,148.5253,-0.0637,1.765,SEARCH,-0.0251,0.0069,0.0000,-0.6104
452135,gimbal,dynamic,138.5250,2.40,452.14,10.0217,-0.0145,148.5467,-0.0690,1.765,SEARCH,-0.0251,0.0069,0.0000,-0.6104
452135,gimbal,dynamic,138.5469,2.40,452.14,10.0210,-0.0168,148.5679,-0.0743,1.765,SEARCH,-0.0251,0.0069,0.0000,-0.6104
452135,gimbal,dynamic,138.5685,2.40,452.14,10.0205,-0.0187,148.5890,-0.0796,1.765,SEARCH,-0.0251,0.0069,0.0000,-0.6104
452135,gimbal,dynamic,138.5900,2.40,452.14,10.0200,-0.0198,148.6101,-0.0849,1.765,SEARCH,-0.0251,0.0069,0.0000,-0.6104
452135,gimbal,dynamic,138.6112,2.40,452.14,10.0198,-0.0208,148.6310,-0.0901,1.765,SEARCH,-0.0251,0.0069,0.0000,-0.6104
452135,gimbal,dynamic,138.6322,2.41,452.14,10.0197,-0.0213,148.6519,-0.0953,1.765,SEARCH,-0.0251,0.0069,0.0000,-0.6104
452135,gimbal,dynamic,138.6526,2.40,452.14,10.0201,-0.0212,148.6727,-0.1005,1.765,SEARCH,-0.0251,0.0069,0.0000,-0.6104
452135,gimbal,dynamic,138.6724,2.41,452.14,10.0210,-0.0209,148.6934,-0.1057,1.765,SEARCH,-0.0251,0.0069,0.0000,-0.6104
452135,gimbal,dynamic,138.6915,2.41,452.14,10.0226,-0.0205,148.7141,-0.1109,1.765,SEARCH,-0.0251,0.0069,0.0000,-0.6104
452135,gimbal,dynamic,138.7102,2.41,452.14,10.0245,-0.0203,148.7346,-0.1160,1.765,SEARCH,-0.0251,0.0069,0.0000,-0.6104
452135,gimbal,dynamic,138.7287,2.41,452.14,10.0265,-0.0200,148.7552,-0.1212,1.765,SEARCH,-0.0251,0.0069,0.0000,-0.6104
452135,gimbal,dynamic,138.7471,2.41,452.14,10.0286,-0.0192,148.7756,-0.1263,1.765,SEARCH,-0.0251,0.0069,0.0000,-0.6104
452135,gimbal,dynamic,138.7657,2.41,452.14,10.0303,-0.0182,148.7960,-0.1314,1.765,SEARCH,-0.0251,0.0069,0.0000,-0.6104
452135,gimbal,dynamic,138.7845,2.41,452.14,10.0319,-0.0170,148.8163,-0.1365,1.765,SEARCH,-0.0251,0.0069,0.0000,-0.6104
452135,gimbal,dynamic,138.8030,2.41,452.14,10.0337,-0.0157,148.8366,-0.1415,1.765,SEARCH,-0.0251,0.0069,0.0000,-0.6104
452135,gimbal,dynamic,138.8214,2.41,452.14,10.0356,-0.0147,148.8569,-0.1466,1.765,SEARCH,-0.0251,0.0069,0.0000,-0.6104
452135,gimbal,dynamic,138.8399,2.41,452.14,10.0372,-0.0137,148.8771,-0.1516,1.765,SEARCH,-0.0251,0.0069,0.0000,-0.6104
452135,gimbal,dynamic,138.8587,2.41,452.14,10.0387,-0.0125,148.8972,-0.1567,1.765,SEARCH,-0.0251,0.0069,0.0000,-0.6104
452135,gimbal,dynamic,148.9163,2.41,452.14,0.0012,0.0007,148.9174,-0.1617,1.765,SEARCH,-0.0251,0.0069,0.0000,-0.6104
452135,gimbal,dynamic,148.9355,2.41,452.14,0.0021,0.0008,148.9375,-0.1667,1.765,SEARCH,-0.0251,0.0069,0.0000,-0.6104
452135,gimbal,dynamic,148.9553,2.41,452.14,0.0024,0.0006,148.9576,-0.1718,1.765,SEARCH,-0.0251,0.0069,0.0000,-0.6104
452135,gimbal,dynamic,148.9759,2.41,452.14,0.0018,0.0002,148.9776,-0.1768,1.765,SEARCH,-0.0251,0.0069,0.0000,-0.6104
452135,gimbal,dynamic,148.9975,2.41,452.14,0.0002,0.0003,148.9976,-0.1818,1.765,SEARCH,-0.0251,0.0069,0.0000,-0.6104
452135,gimbal,dynamic,149.0201,2.41,452.14,-0.0023,0.0005,149.0177,-0.1868,1.765,SEARCH,-0.0251,0.0069,0.0000,-0.6104
452135,gimbal,dynamic,149.0438,2.41,452.14,-0.0061,0.0010,149.0377,-0.1918,1.765,SEARCH,-0.0251,0.0069,0.0000,-0.6104
452135,gimbal,dynamic,149.0678,2.41,452.14,-0.0100,0.0016,149.0577,-0.1968,1.765,SEARCH,-0.0251,0.0069,0.0000,-0.6104
452135,gimbal,dynamic,149.0917,2.41,452.14,-0.0139,0.0030,149.0777,-0.2018,1.765,SEARCH,-0.0251,0.0069,0.0000,-0.6104
452135,gimbal,dynamic,149.1146,2.41,452.14,-0.0168,0.0042,149.0977,-0.2068,1.765,SEARCH,-0.0251,0.0069,0.0000,-0.6104
452135,gimbal,dynamic,149.1377,2.41,452.14,-0.0199,0.0048,149.1177,-0.2118,1.765,SEARCH,-0.0251,0.0069,0.0000,-0.6104
452135,gimbal,dynamic,149.1606,2.41,452.14,-0.0227,0.0047,149.1377,-0.2168,1.765,SEARCH,-0.0251,0.0069,0.0000,-0.6104
452135,gimbal,dynamic,149.1834,2.41,452.14,-0.0255,0.0041,149.1577,-0.2218,1.765,SEARCH,-0.0251,0.0069,0.0000,-0.6104
452135,gimbal,dynamic,149.2059,2.41,452.14,-0.0279,0.0029,149.1778,-0.2268,1.765,SEARCH,-0.0251,0.0069,0.0000,-0.6104
452135,gimbal,dynamic,149.2281,2.41,452.14,-0.0301,0.0011,149.1978,-0.2318,1.765,SEARCH,-0.0251,0.0069,0.0000,-0.6104
452135,gimbal,dynamic,149.2500,2.42,452.14,-0.0319,-0.0009,149.2179,-0.2368,1.765,SEARCH,-0.0251,0.0069,0.0000,-0.6104
452135,gimbal,dynamic,149.2711,2.42,452.14,-0.0328,-0.0027,149.2381,-0.2419,1.765,SEARCH,-0.0251,0.0069,0.0000,-0.6104
452135,gimbal,dynamic,149.2914,2.42,452.14,-0.0330,-0.0043,149.2582,-0.2469,1.765,SEARCH,-0.0251,0.0069,0.0000,-0.6104
452135,gimbal,dynamic,149.3116,2.41,452.14,-0.0330,-0.0059,149.2784,-0.2520,1.765,SEARCH,-0.0251,0.0069,0.0000,-0.6104
452135,gimbal,dynamic,149.3317,2.41,452.14,-0.0328,-0.0077,149.2987,-0.2570,1.765,SEARCH,-0.0251,0.0069,0.0000,-0.6104
452135,gimbal,dynamic,149.3519,2.41,452.14,-0.0328,-0.0098,149.3189,-0.2621,1.765,SEARCH,-0.0251,0.0069,0.0000,-0.6104
452135,gimbal,dynamic,149.3728,2.41,452.14,-0.0333,-0.0123,149.3393,-0.2672,1.765,SEARCH,-0.0251,0.0069,0.0000,-0.6104
452135,gimbal,dynamic,149.3945,2.41,452.14,-0.0346,-0.0148,149.3597,-0.2723,1.765,SEARCH,-0.0251,0.0069,0.0000,-0.6104
452135,gimbal,dynamic,149.4165,2.41,452.14,-0.0362,-0.0171,149.3801,-0.2774,1.765,SEARCH,-0.0251,0.0069,0.0000,-0.6104
452135,gimbal,dynamic,149.4391,2.41,452.14,-0.0383,-0.0190,149.4006,-0.2825,1.765,SEARCH,-0.0251,0.0069,0.0000,-0.6104
452135,gimbal,dynamic,149.4619,2.41,452.14,-0.0405,-0.0204,149.4212,-0.2877,1.765,SEARCH,-0.0251,0.0069,0.0000,-0.6104
452135,gimbal,dynamic,149.4838,2.41,452.14,-0.0418,-0.0219,149.4418,-0.2928,1.765,SEARCH,-0.0251,0.0069,0.0000,-0.6104
452135,gimbal,dynamic,149.5049,2.41,452.14,-0.0421,-0.0241,149.4625,-0.2980,1.765,SEARCH,-0.0251,0.0069,0.0000,-0.6104
452135,gimbal,dynamic,149.5250,2.41,452.14,-0.0414,-0.0267,149.4833,-0.3032,1.765,SEARCH,-0.0251,0.0069,0.0000,-0.6104
452135,gimbal,dynamic,149.5448,2.41,452.14,-0.0404,-0.0292,149.5042,-0.3084,1.765,SEARCH,-0.0251,0.0069,0.0000,-0.6104
452135,gimbal,dynamic,149.5643,2.41,452.14,-0.0389,-0.0313,149.5251,-0.3136,1.765,SEARCH,-0.0251,0.0069,0.0000,-0.6104
452135,gimbal,dynamic,149.5834,2.41,452.14,-0.0370,-0.0329,149.5461,-0.3189,1.765,SEARCH,-0.0251,0.0069,0.0000,-0.6104
463171,gimbal,dynamic,149.6018,2.41,463.17,-0.0342,-0.0345,149.5673,-0.3242,1.468,IDLE,0.0000,0.0000,0.0000,0.0000
463271,gimbal,dynamic,149.6191,3.14,463.27,-0.0303,-0.0368,149.5885,-0.3293,1.468,IDLE,0.0000,0.0000,0.0000,0.0000
463371,gimbal,dynamic,149.6362,4.20,463.37,-0.0262,-0.0390,149.6098,-0.3341,1.468,IDLE,0.0000,0.0000,0.0000,0.0000
463471,gimbal,dynamic,149.6532,5.30,463.47,-0.0217,-0.0416,149.6312,-0.3385,1.468,IDLE,0.0000,0.0000,0.0000,0.0000
463571,gimbal,dynamic,149.6706,6.41,463.57,-0.0176,-0.0445,149.6527,-0.3424,1.468,IDLE,0.0000,0.0000,0.0000,0.0000
463671,gimbal,dynamic,149.6891,7.55,463.67,-0.0144,-0.0464,149.6743,-0.3459,1.468,IDLE,0.0000,0.0000,0.0000,0.0000
463771,gimbal,dynamic,149.7085,8.71,463.77,-0.0121,-0.0473,149.6961,-0.3490,1.467,IDLE,0.0000,0.0000,0.0000,0.0000
463871,gimbal,dynamic,149.7293,9.88,463.87,-0.0110,-0.0473,149.7179,-0.3517,1.467,IDLE,0.0000,0.0000,0.0000,0.0000
463971,gimbal,dynamic,149.7509,11.07,463.97,-0.0107,-0.0469,149.7399,-0.3539,1.467,IDLE,0.0000,0.0000,0.0000,0.0000
464071,gimbal,dynamic,149.7731,12.26,464.07,-0.0107,-0.0463,149.7620,-0.3557,1.467,IDLE,0.0000,0.0000,0.0000,0.0000
464071,gimbal,dynamic,149.7959,13.46,464.07,-0.0113,-0.0453,149.7842,-0.3570,1.467,IDLE,0.0000,0.0000,0.0000,0.0000
464071,gimbal,dynamic,149.8195,14.66,464.07,-0.0126,-0.0438,149.8066,-0.3579,1.467,IDLE,0.0000,0.0000,0.0000,0.0000
464071,gimbal,dynamic,149.8436,15.86,464.07,-0.0143,-0.0418,149.8290,-0.3583,1.467,IDLE,0.0000,0.0000,0.0000,0.0000
464471,gimbal,dynamic,149.8672,17.06,464.47,-0.0152,-0.0398,149.8516,-0.3582,1.467,IDLE,0.0000,0.0000,0.0000,0.0000
464571,gimbal,dynamic,149.8907,18.25,464.57,-0.0160,-0.0378,149.8744,-0.3576,1.467,IDLE,0.0000,0.0000,0.0000,0.0000
464671,gimbal,dynamic,149.9138,19.42,464.67,-0.0162,-0.0363,149.8973,-0.3566,1.467,IDLE,0.0000,0.0000,0.0000,0.0000
464771,gimbal,dynamic,149.9363,20.59,464.77,-0.0157,-0.0351,149.9203,-0.3551,1.467,IDLE,0.0000,0.0000,0.0000,0.0000
464871,gimbal,dynamic,149.9591,21.73,464.87,-0.0153,-0.0342,149.9434,-0.3531,1.467,IDLE,0.0000,0.0000,0.0000,0.0000
464971,gimbal,dynamic,149.9818,22.86,464.97,-0.0147,-0.0337,149.9668,-0.3506,1.467,IDLE,0.0000,0.0000,0.0000,0.0000
465071,gimbal,dynamic,150.0045,23.96,465.07,-0.0139,-0.0334,149.9902,-0.3477,1.467,IDLE,0.0000,0.0000,0.0000,0.0000
465171,gimbal,dynamic,150.0271,25.04,465.17,-0.0129,-0.0324,150.0138,-0.3443,1.467,IDLE,0.0000,0.0000,0.0000,0.0000
465271,gimbal,dynamic,150.0503,26.09,465.27,-0.0123,-0.0309,150.0376,-0.3404,1.467,IDLE,0.0000,0.0000,0.0000,0.0000
465371,gimbal,dynamic,150.0747,27.11,465.37,-0.0128,-0.0285,150.0615,-0.3360,1.467,IDLE,0.0000,0.0000,0.0000,0.0000
465471,gimbal,dynamic,150.1001,28.11,465.47,-0.0142,-0.0260,150.0856,-0.3312,1.467,IDLE,0.0000,0.0000,0.0000,0.0000
465571,gimbal,dynamic,150.1260,29.06,465.57,-0.0159,-0.0232,150.1099,-0.3259,1.466,IDLE,0.0000,0.0000,0.0000,0.0000
465671,gimbal,dynamic,150.1518,29.99,465.67,-0.0172,-0.0205,150.1343,-0.3202,1.466,IDLE,0.0000,0.0000,0.0000,0.0000
465771,gimbal,dynamic,150.1769,30.49,465.77,-0.0177,-0.0174,150.1589,-0.3141,1.466,IDLE,0.0000,0.0000,0.0000,0.0000
465871,gimbal,dynamic,150.2007,30.49,465.87,-0.0168,-0.0144,150.1836,-0.3079,1.466,IDLE,0.0000,0.0000,0.0000,0.0000
465971,gimbal,dynamic,150.2234,30.49,465.97,-0.0146,-0.0116,150.2085,-0.3016,1.466,IDLE,0.0000,0.0000,0.0000,0.0000
466071,gimbal,dynamic,150.2460,30.49,466.07,-0.0121,-0.0092,150.2336,-0.2954,1.466,IDLE,0.0000,0.0000,0.0000,0.0000
466171,gimbal,dynamic,150.2694,30.49,466.17,-0.0102,-0.0072,150.2589,-0.2891,1.466,IDLE,0.0000,0.0000,0.0000,0.0000
466271,gimbal,dynamic,150.2938,30.49,466.27,-0.0092,-0.0052,150.2844,-0.2827,1.466,IDLE,0.0000,0.0000,0.0000,0.0000
466371,gimbal,dynamic,150.3192,30.49,466.37,-0.0090,-0.0035,150.3100,-0.2763,1.466,IDLE,0.0000,0.0000,0.0000,0.0000
466471,gimbal,dynamic,150.3451,30.49,466.47,-0.0091,-0.0021,150.3358,-0.2698,1.466,IDLE,0.0000,0.0000,0.0000,0.0000
466571,gimbal,dynamic,150.3709,30.49,466.57,-0.0088,-0.0009,150.3618,-0.2633,1.466,IDLE,0.0000,0.0000,0.0000,0.0000
466671,gimbal,dynamic,150.3961,30.49,466.67,-0.0079,0.0000,150.3880,-0.2568,1.467,IDLE,0.0000,0.0000,0.0000,0.0000
466771,gimbal,dynamic,150.4214,30.49,466.77,-0.0069,0.0002,150.4143,-0.2502,1.467,IDLE,0.0000,0.0000,0.0000,0.0000
466871,gimbal,dynamic,150.4470,30.49,466.87,-0.0060,0.0000,150.4409,-0.2436,1.467,IDLE,0.0000,0.0000,0.0000,0.0000
466971,gimbal,dynamic,150.4736,30.49,466.97,-0.0058,0.0006,150.4676,-0.2369,1.468,IDLE,0.0000,0.0000,0.0000,0.0000
467071,gimbal,dynamic,150.5007,30.49,467.07,-0.0060,0.0017,150.4945,-0.2301,1.468,IDLE,0.0000,0.0000,0.0000,0.0000
467171,gimbal,dynamic,150.5284,30.49,467.17,-0.0066,0.0027,150.5217,-0.2234,1.468,IDLE,0.0000,0.0000,0.0000,0.0000
467271,gimbal,dynamic,150.5567,30.49,467.27,-0.0076,0.0032,150.5490,-0.2165,1.468,IDLE,0.0000,0.0000,0.0000,0.0000
467371,gimbal,dynamic,150.5858,30.49,467.37,-0.0091,0.0032,150.5765,-0.2097,1.468,IDLE,0.0000,0.0000,0.0000,0.0000
467471,gimbal,dynamic,150.6147,30.49,467.47,-0.0103,0.0030,150.6042,-0.2027,1.468,IDLE,0.0000,0.0000,0.0000,0.0000
467571,gimbal,dynamic,150.6433,30.49,467.57,-0.0111,0.0024,150.6321,-0.1958,1.469,IDLE,0.0000,0.0000,0.0000,0.0000
467671,gimbal,dynamic,150.6720,30.49,467.67,-0.0117,0.0017,150.6601,-0.1887,1.469,IDLE,0.0000,0.0000,0.0000,0.0000
467771,gimbal,dynamic,150.7012,30.49,467.77,-0.0126,0.0007,150.6884,-0.1817,1.468,IDLE,0.0000,0.0000,0.0000,0.0000
467871,gimbal,dynamic,150.7306,30.49,467.87,-0.0136,-0.0005,150.7169,-0.1746,1.468,IDLE,0.0000,0.0000,0.0000,0.0000
467971,gimbal,dynamic,150.7600,30.49,467.97,-0.0143,-0.0015,150.7456,-0.1674,1.468,IDLE,0.0000,0.0000,0.0000,0.0000
468072,gimbal,dynamic,150.7893,30.49,468.07,-0.0148,-0.0022,150.7745,-0.1602,1.468,ARMING,0.0000,0.0000,0.0000,0.0000
468171,gimbal,dynamic,150.8187,30.49,468.17,-0.0151,-0.0026,150.8036,-0.1529,1.468,TAKEOFF,0.0000,0.0000,0.0000,0.0000
468271,gimbal,dynamic,150.8482,30.49,468.27,-0.0153,-0.0027,150.8328,-0.1456,1.468,TAKEOFF,0.0000,0.0000,0.0000,0.0000
468371,gimbal,dynamic,150.8777,30.49,468.37,-0.0154,-0.0024,150.8623,-0.1382,1.468,TAKEOFF,0.0000,0.0000,0.0000,0.0000
468471,gimbal,dynamic,150.9071,30.49,468.47,-0.0151,-0.0015,150.8920,-0.1308,1.468,TAKEOFF,0.0000,0.0000,0.0000,0.0000
468571,gimbal,dynamic,150.9359,30.49,468.57,-0.0140,0.0004,150.9219,-0.1233,1.468,TAKEOFF,0.0000,0.0000,0.0000,0.0000
468671,gimbal,dynamic,150.9651,30.49,468.67,-0.0131,0.0027,150.9519,-0.1158,1.468,TAKEOFF,0.0000,0.0000,0.0000,0.0000
468771,gimbal,dynamic,150.9947,30.49,468.77,-0.0125,0.0052,150.9822,-0.1082,1.468,TAKEOFF,0.0000,0.0000,0.0000,0.0000
468871,gimbal,dynamic,151.0249,30.49,468.87,-0.0122,0.0068,151.0127,-0.1006,1.468,TAKEOFF,0.0000,0.0000,0.0000,0.0000
468971,gimbal,dynamic,151.0552,30.49,468.97,-0.0118,0.0073,151.0434,-0.0929,1.469,TAKEOFF,0.0000,0.0000,0.0000,0.0000
469071,gimbal,dynamic,151.0859,30.49,469.07,-0.0116,0.0073,151.0742,-0.0852,1.469,TAKEOFF,0.0000,0.0000,0.0000,0.0000
469171,gimbal,dynamic,151.1170,30.49,469.17,-0.0117,0.0072,151.1053,-0.0775,1.469,TAKEOFF,0.0000,0.0000,0.0000,0.0000
469271,gimbal,dynamic,151.1489,30.49,469.27,-0.0123,0.0070,151.1366,-0.0696,1.469,TAKEOFF,0.0000,0.0000,0.0000,0.0000
469371,gimbal,dynamic,151.1814,30.49,469.37,-0.0134,0.0063,151.1680,-0.0618,1.469,TAKEOFF,0.0000,0.0000,0.0000,0.0000
469471,gimbal,dynamic,151.2143,30.49,469.47,-0.0146,0.0052,151.1997,-0.0539,1.469,TAKEOFF,0.0000,0.0000,0.0000,0.0000
469571,gimbal,dynamic,151.2470,30.49,469.57,-0.0155,0.0039,151.2316,-0.0459,1.469,TAKEOFF,0.0000,0.0000,0.0000,0.0000
469671,gimbal,dynamic,151.2793,30.49,469.67,-0.0157,0.0027,151.2636,-0.0379,1.469,TAKEOFF,0.0000,0.0000,0.0000,0.0000
469771,gimbal,dynamic,151.3120,30.49,469.77,-0.0161,0.0015,151.2959,-0.0298,1.469,TAKEOFF,0.0000,0.0000,0.0000,0.0000
469871,gimbal,dynamic,151.3447,30.49,469.87,-0.0164,0.0002,151.3283,-0.0217,1.469,TAKEOFF,0.0000,0.0000,0.0000,0.0000
469971,gimbal,dynamic,151.3774,30.49,469.97,-0.0164,-0.0007,151.3610,-0.0135,1.469,TAKEOFF,0.0000,0.0000,0.0000,0.0000
470071,gimbal,dynamic,151.4097,30.49,470.07,-0.0159,-0.0010,151.3938,-0.0053,1.469,TAKEOFF,0.0000,0.0000,0.0000,0.0000
470171,gimbal,dynamic,151.4419,30.49,470.17,-0.0150,-0.0008,151.4269,0.0029,1.469,TAKEOFF,0.0000,0.0000,0.0000,0.0000
470271,gimbal,dynamic,151.4743,30.49,470.27,-0.0142,-0.0002,151.4601,0.0112,1.469,TAKEOFF,0.0000,0.0000,0.0000,0.0000
470371,gimbal,dynamic,151.5073,30.49,470.37,-0.0138,0.0004,151.4935,0.0196,1.469,TAKEOFF,0.0000,0.0000,0.0000,0.0000
470472,gimbal,dynamic,151.5405,30.49,470.47,-0.0134,0.0008,151.5271,0.0280,1.469,TAKEOFF,0.0000,0.0000,0.0000,0.0000
470571,gimbal,dynamic,151.5738,30.49,470.57,-0.0130,0.0008,151.5609,0.0364,1.469,TAKEOFF,0.0000,0.0000,0.0000,0.0000
470671,gimbal,dynamic,151.6070,30.49,470.67,-0.0122,0.0009,151.5948,0.0449,1.469,TAKEOFF,0.0000,0.0000,0.0000,0.0000
470771,gimbal,dynamic,151.6396,30.49,470.77,-0.0107,0.0007,151.6290,0.0535,1.469,TAKEOFF,0.0000,0.0000,0.0000,0.0000
470871,gimbal,dynamic,151.6719,30.49,470.87,-0.0086,-0.0002,151.6633,0.0620,1.469,TAKEOFF,0.0000,0.0000,0.0000,0.0000
470971,gimbal,dynamic,151.7042,29.80,470.97,-0.0064,-0.0007,151.6978,0.0704,1.469,TAKEOFF,0.0000,0.0000,0.0000,0.0000
471071,gimbal,dynamic,151.7367,29.08,471.07,-0.0042,-0.0005,151.7325,0.0783,1.469,TAKEOFF,0.0000,0.0000,0.0000,0.0000
471171,gimbal,dynamic,151.7696,28.35,471.17,-0.0022,0.0006,151.7673,0.0858,1.469,TAKEOFF,0.0000,0.0000,0.0000,0.0000
471271,gimbal,dynamic,151.8035,27.61,471.27,-0.0011,0.0022,151.8024,0.0929,1.469,TAKEOFF,0.0000,0.0000,0.0000,0.0000
471371,gimbal,dynamic,151.8379,26.86,471.37,-0.0003,0.0040,151.8376,0.0995,1.469,TAKEOFF,0.0000,0.0000,0.0000,0.0000
471471,gimbal,dynamic,151.8728,26.10,471.47,0.0002,0.0057,151.8730,0.1056,1.470,TAKEOFF,0.0000,0.0000,0.0000,0.0000
471571,gimbal,dynamic,151.9083,25.33,471.57,0.0002,0.0071,151.9085,0.1114,1.470,TAKEOFF,0.0000,0.0000,0.0000,0.0000
471671,gimbal,dynamic,151.9447,24.56,471.67,-0.0004,0.0081,151.9442,0.1166,1.470,TAKEOFF,0.0000,0.0000,0.0000,0.0000
471771,gimbal,dynamic,151.9815,23.78,471.77,-0.0013,0.0094,151.9801,0.1214,1.470,TAKEOFF,0.0000,0.0000,0.0000,0.0000
471871,gimbal,dynamic,152.0194,23.01,471.87,-0.0033,0.0110,152.0161,0.1257,1.470,TAKEOFF,0.0000,0.0000,0.0000,0.0000
471971,gimbal,dynamic,152.0581,22.23,471.97,-0.0057,0.0119,152.0523,0.1295,1.470,TAKEOFF,0.0000,0.0000,0.0000,0.0000
472071,gimbal,dynamic,152.0965,21.45,472.07,-0.0078,0.0118,152.0887,0.1329,1.470,TAKEOFF,0.0000,0.0000,0.0000,0.0000
472171,gimbal,dynamic,152.1350,20.67,472.17,-0.0098,0.0108,152.1252,0.1357,1.470,TAKEOFF,0.0000,0.0000,0.0000,0.0000
472271,gimbal,dynamic,152.1736,19.90,472.27,-0.0118,0.0089,152.1618,0.1381,1.470,TAKEOFF,0.0000,0.0000,0.0000,0.0000
472371,gimbal,dynamic,152.2122,19.13,472.37,-0.0135,0.0068,152.1986,0.1400,1.469,TAKEOFF,0.0000,0.0000,0.0000,0.0000
472471,gimbal,dynamic,152.2516,18.36,472.47,-0.0160,0.0043,152.2355,0.1414,1.469,TAKEOFF,0.0000,0.0000,0.0000,0.0000
472571,gimbal,dynamic,152.2914,17.61,472.57,-0.0187,0.0016,152.2726,0.1423,1.469,TAKEOFF,0.0000,0.0000,0.0000,0.0000
472671,gimbal,dynamic,152.3318,16.86,472.67,-0.0219,-0.0015,152.3099,0.1427,1.469,TAKEOFF,0.0000,0.0000,0.0000,0.0000
472771,gimbal,dynamic,152.3717,16.12,472.77,-0.0244,-0.0048,152.3472,0.1426,1.468,TAKEOFF,0.0000,0.0000,0.0000,0.0000
472871,gimbal,dynamic,152.4112,15.40,472.87,-0.0264,-0.0085,152.3847,0.1421,1.468,TAKEOFF,0.0000,0.0000,0.0000,0.0000
472971,gimbal,dynamic,152.4502,14.69,472.97,-0.0278,-0.0124,152.4223,0.1411,1.468,TAKEOFF,0.0000,0.0000,0.0000,0.0000
473071,gimbal,dynamic,152.4891,13.99,473.07,-0.0289,-0.0165,152.4601,0.1396,1.468,TAKEOFF,0.0000,0.0000,0.0000,0.0000
473171,gimbal,dynamic,152.5279,13.31,473.17,-0.0298,-0.0203,152.4980,0.1377,1.468,TAKEOFF,0.0000,0.0000,0.0000,0.0000
473271,gimbal,dynamic,152.5671,12.64,473.27,-0.0310,-0.0231,152.5360,0.1353,1.468,TAKEOFF,0.0000,0.0000,0.0000,0.0000
473371,gimbal,dynamic,152.6069,12.00,473.37,-0.0327,-0.0251,152.5741,0.1325,1.468,TAKEOFF,0.0000,0.0000,0.0000,0.0000
473471,gimbal,dynamic,152.6473,11.37,473.47,-0.0348,-0.0266,152.6123,0.1292,1.468,TAKEOFF,0.0000,0.0000,0.0000,0.0000
473571,gimbal,dynamic,152.6874,10.76,473.57,-0.0366,-0.0272,152.6507,0.1255,1.468,TAKEOFF,0.0000,0.0000,0.0000,0.0000
473671,gimbal,dynamic,152.7276,10.17,473.67,-0.0384,-0.0276,152.6891,0.1214,1.468,TAKEOFF,0.0000,0.0000,0.0000,0.0000
473771,gimbal,dynamic,152.7680,9.60,473.77,-0.0402,-0.0284,152.7277,0.1169,1.468,TAKEOFF,0.0000,0.0000,0.0000,0.0000
473871,gimbal,dynamic,152.8080,9.05,473.87,-0.0415,-0.0294,152.7664,0.1120,1.468,TAKEOFF,0.0000,0.0000,0.0000,0.0000
473971,gimbal,dynamic,152.8476,8.52,473.97,-0.0425,-0.0305,152.8051,0.1067,1.468,TAKEOFF,0.0000,0.0000,0.0000,0.0000
474071,gimbal,dynamic,152.8872,8.02,474.07,-0.0431,-0.0314,152.8440,0.1011,1.469,TAKEOFF,0.0000,0.0000,0.0000,0.0000
474171,gimbal,dynamic,152.9265,7.53,474.17,-0.0435,-0.0318,152.8829,0.0951,1.469,TAKEOFF,0.0000,0.0000,0.0000,0.0000
474271,gimbal,dynamic,152.9658,7.08,474.27,-0.0438,-0.0311,152.9220,0.0887,1.469,TAKEOFF,0.0000,0.0000,0.0000,0.0000
474371,gimbal,dynamic,153.0049,6.64,474.37,-0.0438,-0.0299,152.9611,0.0821,1.469,TAKEOFF,0.0000,0.0000,0.0000,0.0000
474471,gimbal,dynamic,153.0441,6.23,474.47,-0.0438,-0.0281,153.0003,0.0751,1.469,TAKEOFF,0.0000,0.0000,0.0000,0.0000
474571,gimbal,dynamic,153.0835,5.85,474.57,-0.0439,-0.0260,153.0395,0.0678,1.470,TAKEOFF,0.0000,0.0000,0.0000,0.0000
474671,gimbal,dynamic,153.1233,5.49,474.67,-0.0444,-0.0241,153.0789,0.0603,1.470,TAKEOFF,0.0000,0.0000,0.0000,0.0000
474771,gimbal,dynamic,153.1638,5.16,474.77,-0.0455,-0.0226,153.1183,0.0525,1.470,TAKEOFF,0.0000,0.0000,0.0000,0.0000
474871,gimbal,dynamic,153.2043,4.85,474.87,-0.0465,-0.0220,153.1578,0.0444,1.470,TAKEOFF,0.0000,0.0000,0.0000,0.0000
474971,gimbal,dynamic,153.2448,4.57,474.97,-0.0475,-0.0217,153.1973,0.0362,1.470,TAKEOFF,0.0000,0.0000,0.0000,0.0000
475071,gimbal,dynamic,153.2850,4.31,475.07,-0.0480,-0.0216,153.2369,0.0277,1.470,TAKEOFF,0.0000,0.0000,0.0000,0.0000
475171,gimbal,dynamic,153.3251,4.08,475.17,-0.0485,-0.0221,153.2766,0.0191,1.470,TAKEOFF,0.0000,0.0000,0.0000,0.0000
475271,gimbal,dynamic,153.3653,3.87,475.27,-0.0490,-0.0232,153.3163,0.0102,1.470,TAKEOFF,0.0000,0.0000,0.0000,0.0000
475371,gimbal,dynamic,153.4054,3.69,475.37,-0.0493,-0.0246,153.3560,0.0013,1.470,TAKEOFF,0.0000,0.0000,0.0000,0.0000
475471,gimbal,dynamic,153.4448,3.54,475.47,-0.0489,-0.0258,153.3958,-0.0078,1.470,TAKEOFF,0.0000,0.0000,0.0000,0.0000
475571,gimbal,dynamic,153.4837,3.41,475.57,-0.0481,-0.0271,153.4357,-0.0170,1.469,TAKEOFF,0.0000,0.0000,0.0000,0.0000
475671,gimbal,dynamic,153.5224,3.31,475.67,-0.0469,-0.0278,153.4755,-0.0263,1.469,TAKEOFF,0.0000,0.0000,0.0000,0.0000
475771,gimbal,dynamic,153.5608,3.24,475.77,-0.0454,-0.0280,153.5154,-0.0356,1.469,TAKEOFF,0.0000,0.0000,0.0000,0.0000
475871,gimbal,dynamic,153.5995,3.19,475.87,-0.0441,-0.0280,153.5554,-0.0450,1.469,TAKEOFF,0.0000,0.0000,0.0000,0.0000
475971,gimbal,dynamic,153.6385,3.17,475.97,-0.0432,-0.0282,153.5953,-0.0545,1.469,TAKEOFF,0.0000,0.0000,0.0000,0.0000
476071,gimbal,dynamic,153.6779,3.17,476.07,-0.0426,-0.0291,153.6353,-0.0639,1.469,TAKEOFF,0.0000,0.0000,0.0000,0.0000
476171,gimbal,dynamic,153.7169,3.20,476.17,-0.0416,-0.0307,153.6753,-0.0734,1.468,TAKEOFF,0.0000,0.0000,0.0000,0.0000
476271,gimbal,dynamic,153.7554,3.25,476.27,-0.0401,-0.0332,153.7152,-0.0828,1.468,TAKEOFF,0.0000,0.0000,0.0000,0.0000
476371,gimbal,dynamic,153.7942,3.33,476.37,-0.0390,-0.0351,153.7552,-0.0921,1.468,TAKEOFF,0.0000,0.0000,0.0000,0.0000
476471,gimbal,dynamic,153.8333,3.43,476.47,-0.0381,-0.0370,153.7952,-0.1014,1.468,TAKEOFF,0.0000,0.0000,0.0000,0.0000
476571,gimbal,dynamic,153.8730,3.55,476.57,-0.0378,-0.0385,153.8352,-0.1106,1.468,TAKEOFF,0.0000,0.0000,0.0000,0.0000
476671,gimbal,dynamic,153.9134,3.70,476.67,-0.0381,-0.0395,153.8752,-0.1197,1.468,TAKEOFF,0.0000,0.0000,0.0000,0.0000
476771,gimbal,dynamic,153.9541,3.88,476.77,-0.0389,-0.0397,153.9152,-0.1287,1.468,TAKEOFF,0.0000,0.0000,0.0000,0.0000
476871,gimbal,dynamic,153.9952,4.08,476.87,-0.0400,-0.0397,153.9552,-0.1375,1.468,TAKEOFF,0.0000,0.0000,0.0000,0.0000
476971,gimbal,dynamic,154.0365,4.30,476.97,-0.0413,-0.0400,153.9951,-0.1461,1.468,TAKEOFF,0.0000,0.0000,0.0000,0.0000
477071,gimbal,dynamic,154.0780,4.54,477.07,-0.0429,-0.0408,154.0351,-0.1546,1.467,TAKEOFF,0.0000,0.0000,0.0000,0.0000
477171,gimbal,dynamic,154.1196,4.81,477.17,-0.0446,-0.0416,154.0750,-0.1629,1.467,TAKEOFF,0.0000,0.0000,0.0000,0.0000
477271,gimbal,dynamic,154.1606,5.10,477.27,-0.0457,-0.0421,154.1149,-0.1710,1.467,TAKEOFF,0.0000,0.0000,0.0000,0.0000
477371,gimbal,dynamic,154.2015,5.40,477.37,-0.0468,-0.0429,154.1547,-0.1789,1.467,TAKEOFF,0.0000,0.0000,0.0000,0.0000
477471,gimbal,dynamic,154.2426,5.73,477.47,-0.0481,-0.0444,154.1945,-0.1865,1.467,TAKEOFF,0.0000,0.0000,0.0000,0.0000
477571,gimbal,dynamic,154.2834,6.08,477.57,-0.0490,-0.0463,154.2343,-0.1939,1.467,TAKEOFF,0.0000,0.0000,0.0000,0.0000
477671,gimbal,dynamic,154.3239,6.45,477.67,-0.0498,-0.0486,154.2740,-0.2010,1.467,TAKEOFF,0.0000,0.0000,0.0000,0.0000
477771,gimbal,dynamic,154.3638,6.84,477.77,-0.0500,-0.0507,154.3137,-0.2078,1.467,TAKEOFF,0.0000,0.0000,0.0000,0.0000
477871,gimbal,dynamic,154.4031,7.25,477.87,-0.0497,-0.0517,154.3533,-0.2143,1.467,TAKEOFF,0.0000,0.0000,0.0000,0.0000
477971,gimbal,dynamic,154.4419,7.67,477.97,-0.0490,-0.0514,154.3928,-0.2205,1.467,TAKEOFF,0.0000,0.0000,0.0000,0.0000
478071,gimbal,dynamic,154.4803,8.11,478.07,-0.0479,-0.0505,154.4324,-0.2264,1.467,TAKEOFF,0.0000,0.0000,0.0000,0.0000
478171,gimbal,dynamic,154.5181,8.56,478.17,-0.0462,-0.0497,154.4718,-0.2320,1.468,TAKEOFF,0.0000,0.0000,0.0000,0.0000
478271,gimbal,dynamic,154.5560,9.03,478.27,-0.0447,-0.0488,154.5112,-0.2373,1.468,TAKEOFF,0.0000,0.0000,0.0000,0.0000
478371,gimbal,dynamic,154.5939,9.52,478.37,-0.0434,-0.0476,154.5505,-0.2422,1.468,TAKEOFF,0.0000,0.0000,0.0000,0.0000
478471,gimbal,dynamic,154.6321,10.02,478.47,-0.0423,-0.0466,154.5897,-0.2467,1.468,TAKEOFF,0.0000,0.0000,0.0000,0.0000
478571,gimbal,dynamic,154.6708,10.53,478.57,-0.0418,-0.0457,154.6288,-0.2509,1.469,TAKEOFF,0.0000,0.0000,0.0000,0.0000
478671,gimbal,dynamic,154.7102,11.05,478.67,-0.0421,-0.0445,154.6679,-0.2547,1.469,TAKEOFF,0.0000,0.0000,0.0000,0.0000
478771,gimbal,dynamic,154.7499,11.58,478.77,-0.0429,-0.0433,154.7069,-0.2582,1.469,TAKEOFF,0.0000,0.0000,0.0000,0.0000
478871,gimbal,dynamic,154.7896,12.11,478.87,-0.0437,-0.0416,154.7457,-0.2612,1.469,TAKEOFF,0.0000,0.0000,0.0000,0.0000
478971,gimbal,dynamic,154.8289,12.66,478.97,-0.0442,-0.0395,154.7845,-0.2639,1.469,TAKEOFF,0.0000,0.0000,0.0000,0.0000
479071,gimbal,dynamic,154.8669,13.21,479.07,-0.0435,-0.0375,154.8232,-0.2663,1.469,TAKEOFF,0.0000,0.0000,0.0000,0.0000
479171,gimbal,dynamic,154.9036,13.77,479.17,-0.0416,-0.0355,154.8618,-0.2682,1.470,TAKEOFF,0.0000,0.0000,0.0000,0.0000
479271,gimbal,dynamic,154.9400,14.33,479.27,-0.0395,-0.0334,154.9003,-0.2697,1.470,TAKEOFF,0.0000,0.0000,0.0000,0.0000
479371,gimbal,dynamic,154.9760,14.90,479.37,-0.0371,-0.0311,154.9387,-0.2709,1.470,TAKEOFF,0.0000,0.0000,0.0000,0.0000
479471,gimbal,dynamic,155.0122,15.46,479.47,-0.0351,-0.0292,154.9770,-0.2717,1.469,TAKEOFF,0.0000,0.0000,0.0000,0.0000
479571,gimbal,dynamic,155.0489,16.03,479.57,-0.0336,-0.0275,155.0151,-0.2721,1.469,TAKEOFF,0.0000,0.0000,0.0000,0.0000
479671,gimbal,dynamic,155.0857,16.59,479.67,-0.0324,-0.0255,155.0532,-0.2722,1.469,TAKEOFF,0.0000,0.0000,0.0000,0.0000
479771,gimbal,dynamic,155.1223,17.15,479.77,-0.0310,-0.0232,155.0911,-0.2718,1.470,TAKEOFF,0.0000,0.0000,0.0000,0.0000
479871,gimbal,dynamic,155.1577,17.71,479.87,-0.0286,-0.0204,155.1289,-0.2711,1.470,TAKEOFF,0.0000,0.0000,0.0000,0.0000
479971,gimbal,dynamic,155.1924,18.26,479.97,-0.0257,-0.0179,155.1665,-0.2701,1.470,TAKEOFF,0.0000,0.0000,0.0000,0.0000
480071,gimbal,dynamic,155.2265,18.80,480.07,-0.0222,-0.0155,155.2041,-0.2686,1.470,TAKEOFF,0.0000,0.0000,0.0000,0.0000
480171,gimbal,dynamic,155.2607,19.34,480.17,-0.0190,-0.0136,155.2415,-0.2669,1.470,TAKEOFF,0.0000,0.0000,0.0000,0.0000
480271,gimbal,dynamic,155.2950,19.87,480.27,-0.0160,-0.0115,155.2788,-0.2648,1.470,TAKEOFF,0.0000,0.0000,0.0000,0.0000
480371,gimbal,dynamic,155.3297,20.38,480.37,-0.0136,-0.0094,155.3159,-0.2623,1.469,TAKEOFF,0.0000,0.0000,0.0000,0.0000
480471,gimbal,dynamic,155.3649,20.89,480.47,-0.0118,-0.0076,155.3529,-0.2596,1.469,TAKEOFF,0.0000,0.0000,0.0000,0.0000
480571,gimbal,dynamic,155.4007,21.38,480.57,-0.0108,-0.0060,155.3897,-0.2565,1.469,TAKEOFF,0.0000,0.0000,0.0000,0.0000
480671,gimbal,dynamic,155.4369,21.86,480.67,-0.0103,-0.0047,155.4264,-0.2531,1.469,TAKEOFF,0.0000,0.0000,0.0000,0.0000
480771,gimbal,dynamic,155.4733,22.32,480.77,-0.0102,-0.0031,155.4630,-0.2495,1.469,TAKEOFF,0.0000,0.0000,0.0000,0.0000
480871,gimbal,dynamic,155.5101,22.76,480.87,-0.0105,-0.0013,155.4994,-0.2456,1.469,TAKEOFF,0.0000,0.0000,0.0000,0.0000
480971,gimbal,dynamic,155.5467,23.18,480.97,-0.0109,0.0001,155.5356,-0.2414,1.469,TAKEOFF,0.0000,0.0000,0.0000,0.0000
481071,gimbal,dynamic,155.5832,23.59,481.07,-0.0113,0.0006,155.5717,-0.2369,1.469,TAKEOFF,0.0000,0.0000,0.0000,0.0000
481171,gimbal,dynamic,155.6197,23.98,481.17,-0.0119,0.0009,155.6076,-0.2323,1.469,TAKEOFF,0.0000,0.0000,0.0000,0.0000
481271,gimbal,dynamic,155.6561,24.34,481.27,-0.0126,0.0013,155.6434,-0.2274,1.469,TAKEOFF,0.0000,0.0000,0.0000,0.0000
481371,gimbal,dynamic,155.6927,24.68,481.37,-0.0136,0.0021,155.6790,-0.2223,1.469,TAKEOFF,0.0000,0.0000,0.0000,0.0000
481471,gimbal,dynamic,155.7292,25.00,481.47,-0.0147,0.0027,155.7144,-0.2171,1.469,TAKEOFF,0.0000,0.0000,0.0000,0.0000
481571,gimbal,dynamic,155.7655,25.30,481.57,-0.0157,0.0029,155.7497,-0.2116,1.469,TAKEOFF,0.0000,0.0000,0.0000,0.0000
481671,gimbal,dynamic,155.8010,25.57,481.67,-0.0161,0.0030,155.7848,-0.2061,1.469,TAKEOFF,0.0000,0.0000,0.0000,0.0000
481771,gimbal,dynamic,155.8353,25.81,481.77,-0.0155,0.0033,155.8197,-0.2004,1.469,TAKEOFF,0.0000,0.0000,0.0000,0.0000
481871,gimbal,dynamic,155.8687,26.03,481.87,-0.0141,0.0035,155.8544,-0.1945,1.469,TAKEOFF,0.0000,0.0000,0.0000,0.0000
481971,gimbal,dynamic,155.9021,26.22,481.97,-0.0129,0.0033,155.8890,-0.1886,1.469,TAKEOFF,0.0000,0.0000,0.0000,0.0000
482071,gimbal,dynamic,155.9357,26.39,482.07,-0.0122,0.0032,155.9234,-0.1826,1.469,TAKEOFF,0.0000,0.0000,0.0000,0.0000
482171,gimbal,dynamic,155.9695,26.52,482.17,-0.0118,0.0033,155.9576,-0.1766,1.469,TAKEOFF,0.0000,0.0000,0.0000,0.0000
482271,gimbal,dynamic,156.0040,26.62,482.27,-0.0123,0.0040,155.9916,-0.1705,1.469,TAKEOFF,0.0000,0.0000,0.0000,0.0000
482371,gimbal,dynamic,156.0387,26.69,482.37,-0.0131,0.0053,156.0254,-0.1644,1.469,TAKEOFF,0.0000,0.0000,0.0000,0.0000
482471,gimbal,dynamic,156.0725,26.74,482.47,-0.0133,0.0067,156.0591,-0.1583,1.469,TAKEOFF,0.0000,0.0000,0.0000,0.0000
482571,gimbal,dynamic,156.1055,26.74,482.57,-0.0129,0.0086,156.0926,-0.1522,1.469,TAKEOFF,0.0000,0.0000,0.0000,0.0000
482671,gimbal,dynamic,156.1384,26.72,482.67,-0.0125,0.0100,156.1258,-0.1462,1.469,TAKEOFF,0.0000,0.0000,0.0000,0.0000
482771,gimbal,dynamic,156.1706,26.67,482.77,-0.0116,0.0113,156.1589,-0.1402,1.469,TAKEOFF,0.0000,0.0000,0.0000,0.0000
482871,gimbal,dynamic,156.2016,26.58,482.87,-0.0097,0.0113,156.1918,-0.1343,1.469,TAKEOFF,0.0000,0.0000,0.0000,0.0000
482971,gimbal,dynamic,156.2319,26.46,482.97,-0.0073,0.0104,156.2245,-0.1285,1.469,TAKEOFF,0.0000,0.0000,0.0000,0.0000
483071,gimbal,dynamic,156.2616,26.30,483.07,-0.0045,0.0088,156.2570,-0.1228,1.469,TAKEOFF,0.0000,0.0000,0.0000,0.0000
483171,gimbal,dynamic,156.2919,26.11,483.17,-0.0025,0.0076,156.2894,-0.1173,1.469,TAKEOFF,0.0000,0.0000,0.0000,0.0000
483271,gimbal,dynamic,156.3224,25.89,483.27,-0.0009,0.0069,156.3215,-0.1119,1.469,TAKEOFF,0.0000,0.0000,0.0000,0.0000
483371,gimbal,dynamic,156.3532,25.63,483.37,0.0003,0.0063,156.3534,-0.1067,1.469,TAKEOFF,0.0000,0.0000,0.0000,0.0000
483471,gimbal,dynamic,156.3840,25.33,483.47,0.0012,0.0059,156.3851,-0.1017,1.469,TAKEOFF,0.0000,0.0000,0.0000,0.0000
483571,gimbal,dynamic,156.4150,25.00,483.57,0.0017,0.0053,156.4167,-0.0969,1.469,TAKEOFF,0.0000,0.0000,0.0000,0.0000
483571,gimbal,dynamic,156.4460,24.63,483.57,0.0021,0.0049,156.4480,-0.0923,1.469,TAKEOFF,0.0000,0.0000,0.0000,0.0000
483571,gimbal,dynamic,156.4768,24.23,483.57,0.0024,0.0042,156.4792,-0.0880,1.469,TAKEOFF,0.0000,0.0000,0.0000,0.0000
483571,gimbal,dynamic,156.5075,23.79,483.57,0.0026,0.0034,156.5101,-0.0839,1.469,TAKEOFF,0.0000,0.0000,0.0000,0.0000
483571,gimbal,dynamic,156.5383,23.31,483.57,0.0026,0.0028,156.5408,-0.0802,1.469,TAKEOFF,0.0000,0.0000,0.0000,0.0000
483571,gimbal,dynamic,156.5695,22.80,483.57,0.0019,0.0026,156.5714,-0.0767,1.469,TAKEOFF,0.0000,0.0000,0.0000,0.0000
483571,gimbal,dynamic,156.6006,22.26,483.57,0.0011,0.0027,156.6017,-0.0735,1.469,TAKEOFF,0.0000,0.0000,0.0000,0.0000
483571,gimbal,dynamic,156.6312,21.68,483.57,0.0007,0.0021,156.6319,-0.0706,1.469,TAKEOFF,0.0000,0.0000,0.0000,0.0000
483571,gimbal,dynamic,156.6613,21.07,483.57,0.0005,0.0013,156.6618,-0.0681,1.469,TAKEOFF,0.0000,0.0000,0.0000,0.0000
483571,gimbal,dynamic,156.6911,20.42,483.57,0.0004,0.0007,156.6915,-0.0659,1.469,TAKEOFF,0.0000,0.0000,0.0000,0.0000
483571,gimbal,dynamic,156.7210,19.74,483.57,0.0001,0.0009,156.7211,-0.0641,1.469,TAKEOFF,0.0000,0.0000,0.0000,0.0000
483571,gimbal,dynamic,156.7507,19.03,483.57,-0.0003,0.0017,156.7504,-0.0627,1.469,TAKEOFF,0.0000,0.0000,0.0000,0.0000
483571,gimbal,dynamic,156.7805,18.28,483.57,-0.0009,0.0032,156.7796,-0.0616,1.469,TAKEOFF,0.0000,0.0000,0.0000,0.0000
483571,gimbal,dynamic,156.8101,17.51,483.57,-0.0016,0.0048,156.8085,-0.0609,1.469,TAKEOFF,0.0000,0.0000,0.0000,0.0000
483571,gimbal,dynamic,156.8397,16.72,483.57,-0.0025,0.0065,156.8372,-0.0607,1.469,TAKEOFF,0.0000,0.0000,0.0000,0.0000
483571,gimbal,dynamic,156.8685,15.89,483.57,-0.0027,0.0080,156.8658,-0.0608,1.469,TAKEOFF,0.0000,0.0000,0.0000,0.0000
483571,gimbal,dynamic,156.8962,15.04,483.57,-0.0021,0.0091,156.8941,-0.0614,1.469,TAKEOFF,0.0000,0.0000,0.0000,0.0000
483571,gimbal,dynamic,156.9232,14.17,483.57,-0.0009,0.0099,156.9223,-0.0624,1.469,TAKEOFF,0.0000,0.0000,0.0000,0.0000
483571,gimbal,dynamic,156.9500,13.27,483.57,0.0002,0.0106,156.9502,-0.0638,1.469,TAKEOFF,0.0000,0.0000,0.0000,0.0000
483571,gimbal,dynamic,156.9771,12.36,483.57,0.0010,0.0106,156.9780,-0.0656,1.469,TAKEOFF,0.0000,0.0000,0.0000,0.0000
483571,gimbal,dynamic,157.0041,11.43,483.57,0.0015,0.0097,157.0056,-0.0679,1.469,TAKEOFF,0.0000,0.0000,0.0000,0.0000
483571,gimbal,dynamic,157.0310,10.49,483.57,0.0019,0.0082,157.0329,-0.0706,1.469,TAKEOFF,0.0000,0.0000,0.0000,0.0000
483571,gimbal,dynamic,157.0575,9.53,483.57,0.0026,0.0065,157.0601,-0.0737,1.469,TAKEOFF,0.0000,0.0000,0.0000,0.0000
483571,gimbal,dynamic,157.0834,8.57,483.57,0.0037,0.0048,157.0871,-0.0773,1.469,TAKEOFF,0.0000,0.0000,0.0000,0.0000
483571,gimbal,dynamic,157.1084,7.60,483.57,0.0055,0.0041,157.1139,-0.0813,1.469,TAKEOFF,0.0000,0.0000,0.0000,0.0000
483571,gimbal,dynamic,157.1328,6.63,483.57,0.0077,0.0041,157.1405,-0.0858,1.469,TAKEOFF,0.0000,0.0000,0.0000,0.0000
483571,gimbal,dynamic,157.1570,5.66,483.57,0.0099,0.0039,157.1669,-0.0907,1.469,TAKEOFF,0.0000,0.0000,0.0000,0.0000
483571,gimbal,dynamic,157.1812,4.69,483.57,0.0120,0.0035,157.1932,-0.0960,1.469,TAKEOFF,0.0000,0.0000,0.0000,0.0000
483571,gimbal,dynamic,157.2050,3.72,483.57,0.0142,0.0025,157.2192,-0.1017,1.469,TAKEOFF,0.0000,0.0000,0.0000,0.0000
483571,gimbal,dynamic,157.2291,2.77,483.57,0.0160,0.0013,157.2451,-0.1079,1.469,TAKEOFF,0.0000,0.0000,0.0000,0.0000
483571,gimbal,dynamic,157.2543,2.42,483.57,0.0166,-0.0002,157.2708,-0.1143,1.469,TAKEOFF,0.0000,0.0000,0.0000,0.0000
483571,gimbal,dynamic,157.2798,2.42,483.57,0.0165,-0.0023,157.2963,-0.1207,1.469,TAKEOFF,0.0000,0.0000,0.0000,0.0000
483571,gimbal,dynamic,157.3055,2.42,483.57,0.0161,-0.0053,157.3216,-0.1270,1.469,TAKEOFF,0.0000,0.0000,0.0000,0.0000
483571,gimbal,dynamic,157.3309,2.42,483.57,0.0159,-0.0085,157.3468,-0.1333,1.469,TAKEOFF,0.0000,0.0000,0.0000,0.0000
483571,gimbal,dynamic,157.3560,2.42,483.57,0.0158,-0.0117,157.3717,-0.1395,1.469,TAKEOFF,0.0000,0.0000,0.0000,0.0000
483571,gimbal,dynamic,157.3812,2.42,483.57,0.0154,-0.0143,157.3965,-0.1457,1.469,TAKEOFF,0.0000,0.0000,0.0000,0.0000
483571,gimbal,dynamic,157.4066,2.41,483.57,0.0147,-0.0161,157.4212,-0.1519,1.469,TAKEOFF,0.0000,0.0000,0.0000,0.0000
483571,gimbal,dynamic,157.4321,2.41,483.57,0.0137,-0.0175,157.4457,-0.1580,1.469,TAKEOFF,0.0000,0.0000,0.0000,0.0000
483571,gimbal,dynamic,157.4573,2.41,483.57,0.0127,-0.0186,157.4700,-0.1641,1.469,TAKEOFF,0.0000,0.0000,0.0000,0.0000
483571,gimbal,dynamic,157.4820,2.41,483.57,0.0121,-0.0201,157.4941,-0.1701,1.469,TAKEOFF,0.0000,0.0000,0.0000,0.0000
483571,gimbal,dynamic,157.5059,2.41,483.57,0.0123,-0.0217,157.5181,-0.1761,1.469,TAKEOFF,0.0000,0.0000,0.0000,0.0000
483571,gimbal,dynamic,157.5296,2.41,483.57,0.0124,-0.0232,157.5419,-0.1821,1.469,TAKEOFF,0.0000,0.0000,0.0000,0.0000
483571,gimbal,dynamic,157.5536,2.42,483.57,0.0121,-0.0246,157.5656,-0.1880,1.469,TAKEOFF,0.0000,0.0000,0.0000,0.0000
483571,gimbal,dynamic,157.5775,2.42,483.57,0.0117,-0.0254,157.5891,-0.1939,1.469,TAKEOFF,0.0000,0.0000,0.0000,0.0000
483571,gimbal,dynamic,157.6009,2.42,483.57,0.0116,-0.0263,157.6124,-0.1997,1.469,TAKEOFF,0.0000,0.0000,0.0000,0.0000
483571,gimbal,dynamic,157.6241,2.42,483.57,0.0117,-0.0270,157.6357,-0.2055,1.469,TAKEOFF,0.0000,0.0000,0.0000,0.0000
483571,gimbal,dynamic,157.6480,2.42,483.57,0.0109,-0.0276,157.6587,-0.2113,1.469,TAKEOFF,0.0000,0.0000,0.0000,0.0000
483571,gimbal,dynamic,157.6722,2.42,483.57,0.0096,-0.0279,157.6816,-0.2170,1.469,TAKEOFF,0.0000,0.0000,0.0000,0.0000
483571,gimbal,dynamic,157.6965,2.42,483.57,0.0081,-0.0274,157.7044,-0.2227,1.469,TAKEOFF,0.0000,0.0000,0.0000,0.0000
483571,gimbal,dynamic,157.7210,2.42,483.57,0.0062,-0.0267,157.7271,-0.2284,1.469,TAKEOFF,0.0000,0.0000,0.0000,0.0000
483571,gimbal,dynamic,157.7458,2.42,483.57,0.0039,-0.0262,157.7496,-0.2340,1.469,TAKEOFF,0.0000,0.0000,0.0000,0.0000
483571,gimbal,dynamic,157.7707,2.42,483.57,0.0015,-0.0256,157.7720,-0.2396,1.469,TAKEOFF,0.0000,0.0000,0.0000,0.0000
483571,gimbal,dynamic,157.7948,2.42,483.57,-0.0005,-0.0247,157.7942,-0.2451,1.469,TAKEOFF,0.0000,0.0000,0.0000,0.0000
483571,gimbal,dynamic,157.8187,2.41,483.57,-0.0022,-0.0236,157.8164,-0.2507,1.469,TAKEOFF,0.0000,0.0000,0.0000,0.0000
483571,gimbal,dynamic,157.8430,2.42,483.57,-0.0044,-0.0223,157.8384,-0.2562,1.469,TAKEOFF,0.0000,0.0000,0.0000,0.0000
483571,gimbal,dynamic,157.8675,2.42,483.57,-0.0071,-0.0204,157.8603,-0.2617,1.469,TAKEOFF,0.0000,0.0000,0.0000,0.0000
483571,gimbal,dynamic,157.8917,2.42,483.57,-0.0094,-0.0178,157.8820,-0.2671,1.469,TAKEOFF,0.0000,0.0000,0.0000,0.0000
483571,gimbal,dynamic,157.9149,2.42,483.57,-0.0110,-0.0152,157.9037,-0.2725,1.469,TAKEOFF,0.0000,0.0000,0.0000,0.0000
483571,gimbal,dynamic,157.9374,2.42,483.57,-0.0119,-0.0133,157.9252,-0.2779,1.469,TAKEOFF,0.0000,0.0000,0.0000,0.0000
483571,gimbal,dynamic,157.9596,2.42,483.57,-0.0127,-0.0119,157.9467,-0.2833,1.469,TAKEOFF,0.0000,0.0000,0.0000,0.0000
483571,gimbal,dynamic,157.9813,2.42,483.57,-0.0131,-0.0109,157.9680,-0.2886,1.469,TAKEOFF,0.0000,0.0000,0.0000,0.0000
483571,gimbal,dynamic,158.0028,2.42,483.57,-0.0132,-0.0102,157.9893,-0.2939,1.469,TAKEOFF,0.0000,0.0000,0.0000,0.0000
483571,gimbal,dynamic,158.0244,2.42,483.57,-0.0137,-0.0095,158.0104,-0.2992,1.469,TAKEOFF,0.0000,0.0000,0.0000,0.0000
483571,gimbal,dynamic,158.0468,2.42,483.57,-0.0150,-0.0082,158.0315,-0.3045,1.469,TAKEOFF,0.0000,0.0000,0.0000,0.0000
483571,gimbal,dynamic,158.0696,2.42,483.57,-0.0168,-0.0064,158.0525,-0.3097,1.469,TAKEOFF,0.0000,0.0000,0.0000,0.0000
483571,gimbal,dynamic,158.0921,2.42,483.57,-0.0184,-0.0043,158.0734,-0.3149,1.469,TAKEOFF,0.0000,0.0000,0.0000,0.0000
483571,gimbal,dynamic,158.1139,2.42,483.57,-0.0194,-0.0027,158.0942,-0.3201,1.469,TAKEOFF,0.0000,0.0000,0.0000,0.0000
483571,gimbal,dynamic,158.1354,2.41,483.57,-0.0201,-0.0018,158.1149,-0.3253,1.469,TAKEOFF,0.0000,0.0000,0.0000,0.0000
483571,gimbal,dynamic,158.1563,2.41,483.57,-0.0204,-0.0013,158.1356,-0.3305,1.469,TAKEOFF,0.0000,0.0000,0.0000,0.0000
483571,gimbal,dynamic,158.1761,2.41,483.57,-0.0196,-0.0012,158.1561,-0.3356,1.469,TAKEOFF,0.0000,0.0000,0.0000,0.0000
483571,gimbal,dynamic,158.1950,2.42,483.57,-0.0180,-0.0013,158.1767,-0.3408,1.469,TAKEOFF,0.0000,0.0000,0.0000,0.0000
483571,gimbal,dynamic,158.2141,2.42,483.57,-0.0166,-0.0014,158.1971,-0.3459,1.469,TAKEOFF,0.0000,0.0000,0.0000,0.0000
483571,gimbal,dynamic,158.2333,2.42,483.57,-0.0154,-0.0017,158.2175,-0.3510,1.469,TAKEOFF,0.0000,0.0000,0.0000,0.0000
483571,gimbal,dynamic,158.2525,2.42,483.57,-0.0143,-0.0022,158.2379,-0.3561,1.469,TAKEOFF,0.0000,0.0000,0.0000,0.0000
483571,gimbal,dynamic,158.2717,2.42,483.57,-0.0131,-0.0030,158.2582,-0.3611,1.469,TAKEOFF,0.0000,0.0000,0.0000,0.0000
483571,gimbal,dynamic,158.2905,2.42,483.57,-0.0117,-0.0037,158.2784,-0.3662,1.469,TAKEOFF,0.0000,0.0000,0.0000,0.0000
483571,gimbal,dynamic,158.3095,2.42,483.57,-0.0105,-0.0037,158.2986,-0.3712,1.469,TAKEOFF,0.0000,0.0000,0.0000,0.0000
483571,gimbal,dynamic,158.3287,2.74,483.57,-0.0095,-0.0030,158.3188,-0.3763,1.469,TAKEOFF,0.0000,0.0000,0.0000,0.0000
483571,gimbal,dynamic,158.3483,4.20,483.57,-0.0089,-0.0020,158.3390,-0.3808,1.469,TAKEOFF,0.0000,0.0000,0.0000,0.0000
483571,gimbal,dynamic,158.3679,5.72,483.57,-0.0084,-0.0011,158.3591,-0.3848,1.469,TAKEOFF,0.0000,0.0000,0.0000,0.0000
483571,gimbal,dynamic,158.3872,7.30,483.57,-0.0076,-0.0002,158.3791,-0.3882,1.469,TAKEOFF,0.0000,0.0000,0.0000,0.0000
483571,gimbal,dynamic,158.4064,8.93,483.57,-0.0068,0.0001,158.3992,-0.3911,1.469,TAKEOFF,0.0000,0.0000,0.0000,0.0000
483571,gimbal,dynamic,158.4263,10.62,483.57,-0.0066,-0.0000,158.4192,-0.3933,1.469,TAKEOFF,0.0000,0.0000,0.0000,0.0000
483571,gimbal,dynamic,158.4473,12.35,483.57,-0.0076,-0.0002,158.4392,-0.3950,1.469,TAKEOFF,0.0000,0.0000,0.0000,0.0000
483571,gimbal,dynamic,158.4684,14.11,483.57,-0.0086,0.0007,158.4593,-0.3960,1.469,TAKEOFF,0.0000,0.0000,0.0000,0.0000
483571,gimbal,dynamic,158.4887,15.90,483.57,-0.0090,0.0024,158.4793,-0.3964,1.469,TAKEOFF,0.0000,0.0000,0.0000,0.0000
483571,gimbal,dynamic,158.5088,17.72,483.57,-0.0091,0.0051,158.4993,-0.3962,1.469,TAKEOFF,0.0000,0.0000,0.0000,0.0000
483571,gimbal,dynamic,158.5289,19.55,483.57,-0.0091,0.0076,158.5193,-0.3953,1.469,TAKEOFF,0.0000,0.0000,0.0000,0.0000
483571,gimbal,dynamic,158.5492,21.38,483.57,-0.0095,0.0102,158.5393,-0.3938,1.469,TAKEOFF,0.0000,0.0000,0.0000,0.0000
483571,gimbal,dynamic,158.5696,23.21,483.57,-0.0098,0.0125,158.5593,-0.3916,1.469,TAKEOFF,0.0000,0.0000,0.0000,0.0000
483571,gimbal,dynamic,158.5898,25.03,483.57,-0.0099,0.0143,158.5793,-0.3888,1.469,TAKEOFF,0.0000,0.0000,0.0000,0.0000
483571,gimbal,dynamic,158.6100,26.84,483.57,-0.0101,0.0153,158.5994,-0.3854,1.469,TAKEOFF,0.0000,0.0000,0.0000,0.0000
483571,gimbal,dynamic,158.6302,28.61,483.57,-0.0103,0.0158,158.6194,-0.3813,1.469,TAKEOFF,0.0000,0.0000,0.0000,0.0000
483571,gimbal,dynamic,158.6501,30.35,483.57,-0.0101,0.0161,158.6395,-0.3765,1.469,TAKEOFF,0.0000,0.0000,0.0000,0.0000
483571,gimbal,dynamic,158.6697,30.49,483.57,-0.0096,0.0167,158.6596,-0.3715,1.469,TAKEOFF,0.0000,0.0000,0.0000,0.0000
483571,gimbal,dynamic,158.6894,30.49,483.57,-0.0092,0.0175,158.6798,-0.3664,1.469,TAKEOFF,0.0000,0.0000,0.0000,0.0000
483571,gimbal,dynamic,158.7092,30.49,483.57,-0.0087,0.0183,158.7000,-0.3614,1.469,TAKEOFF,0.0000,0.0000,0.0000,0.0000
483571,gimbal,dynamic,158.7285,30.49,483.57,-0.0079,0.0191,158.7202,-0.3563,1.469,TAKEOFF,0.0000,0.0000,0.0000,0.0000
483571,gimbal,dynamic,158.7483,30.49,483.57,-0.0074,0.0197,158.7405,-0.3513,1.469,TAKEOFF,0.0000,0.0000,0.0000,0.0000
483571,gimbal,dynamic,158.7689,30.49,483.57,-0.0077,0.0197,158.7608,-0.3462,1.469,TAKEOFF,0.0000,0.0000,0.0000,0.0000
483571,gimbal,dynamic,158.7901,30.49,483.57,-0.0085,0.0194,158.7812,-0.3411,1.469,TAKEOFF,0.0000,0.0000,0.0000,0.0000
483571,gimbal,dynamic,158.8115,30.49,483.57,-0.0095,0.0187,158.8016,-0.3360,1.469,TAKEOFF,0.0000,0.0000,0.0000,0.0000
483571,gimbal,dynamic,158.8326,30.49,483.57,-0.0101,0.0178,158.8221,-0.3309,1.469,TAKEOFF,0.0000,0.0000,0.0000,0.0000
483571,gimbal,dynamic,158.8528,30.49,483.57,-0.0098,0.0168,158.8427,-0.3257,1.469,TAKEOFF,0.0000,0.0000,0.0000,0.0000
483571,gimbal,dynamic,158.8722,30.49,483.57,-0.0085,0.0154,158.8633,-0.3206,1.469,TAKEOFF,0.0000,0.0000,0.0000,0.0000
483571,gimbal,dynamic,158.8911,30.49,483.57,-0.0068,0.0136,158.8840,-0.3154,1.469,TAKEOFF,0.0000,0.0000,0.0000,0.0000
483571,gimbal,dynamic,158.9097,30.49,483.57,-0.0046,0.0114,158.9048,-0.3102,1.469,TAKEOFF,0.0000,0.0000,0.0000,0.0000
483571,gimbal,dynamic,158.9285,30.49,483.57,-0.0026,0.0097,158.9256,-0.3050,1.469,TAKEOFF,0.0000,0.0000,0.0000,0.0000
483571,gimbal,dynamic,158.9472,30.49,483.57,-0.0003,0.0086,158.9465,-0.2997,1.469,TAKEOFF,0.0000,0.0000,0.0000,0.0000
483571,gimbal,dynamic,158.9662,30.49,483.57,0.0017,0.0077,158.9676,-0.2945,1.469,TAKEOFF,0.0000,0.0000,0.0000,0.0000
483571,gimbal,dynamic,158.9851,30.49,483.57,0.0039,0.0072,158.9887,-0.2892,1.469,TAKEOFF,0.0000,0.0000,0.0000,0.0000
483571,gimbal,dynamic,159.0042,30.49,483.57,0.0059,0.0074,159.0099,-0.2839,1.469,TAKEOFF,0.0000,0.0000,0.0000,0.0000
483571,gimbal,dynamic,159.0239,30.49,483.57,0.0075,0.0079,159.0312,-0.2786,1.469,TAKEOFF,0.0000,0.0000,0.0000,0.0000
483571,gimbal,dynamic,159.0447,30.49,483.57,0.0081,0.0083,159.0526,-0.2732,1.469,TAKEOFF,0.0000,0.0000,0.0000,0.0000
483571,gimbal,dynamic,159.0666,30.49,483.57,0.0077,0.0088,159.0741,-0.2679,1.469,TAKEOFF,0.0000,0.0000,0.0000,0.0000
483571,gimbal,dynamic,159.0897,30.49,483.57,0.0062,0.0093,159.0957,-0.2625,1.469,TAKEOFF,0.0000,0.0000,0.0000,0.0000
483571,gimbal,dynamic,159.1148,30.49,483.57,0.0028,0.0097,159.1174,-0.2570,1.469,TAKEOFF,0.0000,0.0000,0.0000,0.0000
483571,gimbal,dynamic,159.1409,30.49,483.57,-0.0014,0.0100,159.1392,-0.2516,1.469,TAKEOFF,0.0000,0.0000,0.0000,0.0000
483571,gimbal,dynamic,159.1675,30.49,483.57,-0.0061,0.0100,159.1612,-0.2461,1.469,TAKEOFF,0.0000,0.0000,0.0000,0.0000
483571,gimbal,dynamic,159.1936,30.49,483.57,-0.0102,0.0097,159.1832,-0.2406,1.469,TAKEOFF,0.0000,0.0000,0.0000,0.0000
483571,gimbal,dynamic,159.2197,30.49,483.57,-0.0141,0.0094,159.2054,-0.2350,1.469,TAKEOFF,0.0000,0.0000,0.0000,0.0000
483571,gimbal,dynamic,159.2459,30.49,483.57,-0.0180,0.0090,159.2278,-0.2294,1.469,TAKEOFF,0.0000,0.0000,0.0000,0.0000
483571,gimbal,dynamic,159.2720,30.49,483.57,-0.0217,0.0087,159.2502,-0.2238,1.469,TAKEOFF,0.0000,0.0000,0.0000,0.0000
483571,gimbal,dynamic,159.2980,30.49,483.57,-0.0250,0.0081,159.2728,-0.2182,1.469,TAKEOFF,0.0000,0.0000,0.0000,0.0000
483571,gimbal,dynamic,159.3245,30.48,483.57,-0.0288,0.0070,159.2955,-0.2125,1.469,TAKEOFF,0.0000,0.0000,0.0000,0.0000
483571,gimbal,dynamic,159.3506,30.49,483.57,-0.0321,0.0057,159.3184,-0.2068,1.469,TAKEOFF,0.0000,0.0000,0.0000,0.0000
483571,gimbal,dynamic,159.3762,30.49,483.57,-0.0347,0.0043,159.3414,-0.2010,1.469,TAKEOFF,0.0000,0.0000,0.0000,0.0000
483571,gimbal,dynamic,159.4008,30.49,483.57,-0.0361,0.0029,159.3645,-0.1953,1.469,TAKEOFF,0.0000,0.0000,0.0000,0.0000
483571,gimbal,dynamic,159.4248,30.49,483.57,-0.0369,0.0013,159.3878,-0.1894,1.469,TAKEOFF,0.0000,0.0000,0.0000,0.0000
483571,gimbal,dynamic,159.4489,30.49,483.57,-0.0376,-0.0011,159.4112,-0.1836,1.469,TAKEOFF,0.0000,0.0000,0.0000,0.0000
483571,gimbal,dynamic,159.4734,30.49,483.57,-0.0385,-0.0037,159.4348,-0.1777,1.469,TAKEOFF,0.0000,0.0000,0.0000,0.0000
483571,gimbal,dynamic,159.4979,30.49,483.57,-0.0392,-0.0062,159.4586,-0.1717,1.469,TAKEOFF,0.0000,0.0000,0.0000,0.0000
483571,gimbal,dynamic,159.5220,30.49,483.57,-0.0395,-0.0084,159.4825,-0.1658,1.469,TAKEOFF,0.0000,0.0000,0.0000,0.0000
483571,gimbal,dynamic,159.5459,30.48,483.57,-0.0393,-0.0106,159.5065,-0.1597,1.469,TAKEOFF,0.0000,0.0000,0.0000,0.0000
483571,gimbal,dynamic,159.5692,30.48,483.57,-0.0384,-0.0133,159.5308,-0.1537,1.469,TAKEOFF,0.0000,0.0000,0.0000,0.0000
483571,gimbal,dynamic,159.5921,30.48,483.57,-0.0369,-0.0163,159.5552,-0.1476,1.469,TAKEOFF,0.0000,0.0000,0.0000,0.0000
483571,gimbal,dynamic,159.6149,30.48,483.57,-0.0352,-0.0193,159.5797,-0.1414,1.469,TAKEOFF,0.0000,0.0000,0.0000,0.0000
483571,gimbal,dynamic,159.6380,30.48,483.57,-0.0335,-0.0220,159.6044,-0.1353,1.469,TAKEOFF,0.0000,0.0000,0.0000,0.0000
483571,gimbal,dynamic,159.6610,30.48,483.57,-0.0316,-0.0247,159.6293,-0.1290,1.469,TAKEOFF,0.0000,0.0000,0.0000,0.0000
483571,gimbal,dynamic,159.6835,30.48,483.57,-0.0290,-0.0274,159.6544,-0.1228,1.469,TAKEOFF,0.0000,0.0000,0.0000,0.0000
483571,gimbal,dynamic,159.7054,30.48,483.57,-0.0257,-0.0292,159.6797,-0.1165,1.469,TAKEOFF,0.0000,0.0000,0.0000,0.0000
483571,gimbal,dynamic,159.7280,30.48,483.57,-0.0229,-0.0297,159.7051,-0.1101,1.469,TAKEOFF,0.0000,0.0000,0.0000,0.0000
483571,gimbal,dynamic,159.7510,30.48,483.57,-0.0203,-0.0298,159.7307,-0.1037,1.469,TAKEOFF,0.0000,0.0000,0.0000,0.0000
483571,gimbal,dynamic,159.7750,30.48,483.57,-0.0186,-0.0296,159.7565,-0.0973,1.469,TAKEOFF,0.0000,0.0000,0.0000,0.0000
483571,gimbal,dynamic,159.7998,30.48,483.57,-0.0174,-0.0290,159.7824,-0.0908,1.469,TAKEOFF,0.0000,0.0000,0.0000,0.0000
483571,gimbal,dynamic,159.8253,30.48,483.57,-0.0167,-0.0282,159.8086,-0.0842,1.469,TAKEOFF,0.0000,0.0000,0.0000,0.0000
483571,gimbal,dynamic,159.8516,30.48,483.57,-0.0167,-0.0272,159.8349,-0.0777,1.469,TAKEOFF,0.0000,0.0000,0.0000,0.0000
483571,gimbal,dynamic,159.8784,30.48,483.57,-0.0170,-0.0266,159.8614,-0.0710,1.469,TAKEOFF,0.0000,0.0000,0.0000,0.0000
483571,gimbal,dynamic,159.9054,30.48,483.57,-0.0172,-0.0259,159.8881,-0.0643,1.469,TAKEOFF,0.0000,0.0000,0.0000,0.0000
483571,gimbal,dynamic,159.9326,30.48,483.57,-0.0176,-0.0252,159.9150,-0.0576,1.469,TAKEOFF,0.0000,0.0000,0.0000,0.0000
483571,gimbal,dynamic,159.9597,30.48,483.57,-0.0176,-0.0246,159.9421,-0.0509,1.469,TAKEOFF,0.0000,0.0000,0.0000,0.0000
483571,gimbal,dynamic,159.9867,30.48,483.57,-0.0173,-0.0244,159.9694,-0.0440,1.469,TAKEOFF,0.0000,0.0000,0.0000,0.0000
483571,gimbal,dynamic,160.0140,30.48,483.57,-0.0172,-0.0242,159.9969,-0.0372,1.469,TAKEOFF,0.0000,0.0000,0.0000,0.0000
483571,gimbal,dynamic,160.0420,30.48,483.57,-0.0174,-0.0240,160.0245,-0.0302,1.469,TAKEOFF,0.0000,0.0000,0.0000,0.0000
483571,gimbal,dynamic,160.0701,30.48,483.57,-0.0177,-0.0237,160.0524,-0.0233,1.469,TAKEOFF,0.0000,0.0000,0.0000,0.0000
483571,gimbal,dynamic,160.0981,29.51,483.57,-0.0177,-0.0235,160.0804,-0.0165,1.469,TAKEOFF,0.0000,0.0000,0.0000,0.0000
483571,gimbal,dynamic,160.1258,28.06,483.57,-0.0171,-0.0236,160.1087,-0.0105,1.469,TAKEOFF,0.0000,0.0000,0.0000,0.0000
483571,gimbal,dynamic,160.1531,26.59,483.57,-0.0159,-0.0239,160.1371,-0.0051,1.469,TAKEOFF,0.0000,0.0000,0.0000,0.0000
483571,gimbal,dynamic,160.1798,25.12,483.57,-0.0140,-0.0240,160.1658,-0.0005,1.469,TAKEOFF,0.0000,0.0000,0.0000,0.0000
483571,gimbal,dynamic,160.2066,23.64,483.57,-0.0119,-0.0240,160.1946,0.0034,1.469,TAKEOFF,0.0000,0.0000,0.0000,0.0000
483571,gimbal,dynamic,160.2335,22.16,483.57,-0.0098,-0.0238,160.2237,0.0066,1.469,TAKEOFF,0.0000,0.0000,0.0000,0.0000
483571,gimbal,dynamic,160.2611,20.69,483.57,-0.0082,-0.0235,160.2529,0.0090,1.469,TAKEOFF,0.0000,0.0000,0.0000,0.0000
483571,gimbal,dynamic,160.2897,19.22,483.57,-0.0074,-0.0228,160.2824,0.0106,1.469,TAKEOFF,0.0000,0.0000,0.0000,0.0000
483571,gimbal,dynamic,160.3191,17.77,483.57,-0.0071,-0.0217,160.3120,0.0116,1.469,TAKEOFF,0.0000,0.0000,0.0000,0.0000
483571,gimbal,dynamic,160.3487,16.34,483.57,-0.0068,-0.0205,160.3419,0.0118,1.469,TAKEOFF,0.0000,0.0000,0.0000,0.0000
483571,gimbal,dynamic,160.3792,14.93,483.57,-0.0073,-0.0196,160.3719,0.0112,1.469,TAKEOFF,0.0000,0.0000,0.0000,0.0000
483571,gimbal,dynamic,160.4106,13.54,483.57,-0.0084,-0.0184,160.4021,0.0099,1.469,TAKEOFF,0.0000,0.0000,0.0000,0.0000
483571,gimbal,dynamic,160.4429,12.18,483.57,-0.0103,-0.0173,160.4326,0.0079,1.469,TAKEOFF,0.0000,0.0000,0.0000,0.0000
483571,gimbal,dynamic,160.4755,10.86,483.57,-0.0123,-0.0161,160.4632,0.0051,1.469,TAKEOFF,0.0000,0.0000,0.0000,0.0000
483571,gimbal,dynamic,160.5081,9.57,483.57,-0.0140,-0.0144,160.4941,0.0017,1.469,TAKEOFF,0.0000,0.0000,0.0000,0.0000
483571,gimbal,dynamic,160.5401,8.32,483.57,-0.0150,-0.0129,160.5251,-0.0026,1.469,TAKEOFF,0.0000,0.0000,0.0000,0.0000
483571,gimbal,dynamic,160.5719,7.11,483.57,-0.0155,-0.0108,160.5564,-0.0075,1.469,TAKEOFF,0.0000,0.0000,0.0000,0.0000
483571,gimbal,dynamic,160.6035,5.94,483.57,-0.0157,-0.0084,160.5878,-0.0131,1.469,TAKEOFF,0.0000,0.0000,0.0000,0.0000
483571,gimbal,dynamic,160.6355,4.82,483.57,-0.0160,-0.0058,160.6194,-0.0194,1.469,TAKEOFF,0.0000,0.0000,0.0000,0.0000
483571,gimbal,dynamic,160.6682,3.75,483.57,-0.0169,-0.0036,160.6513,-0.0263,1.469,TAKEOFF,0.0000,0.0000,0.0000,0.0000
483571,gimbal,dynamic,160.7010,2.71,483.57,-0.0177,-0.0023,160.6833,-0.0340,1.469,TAKEOFF,0.0000,0.0000,0.0000,0.0000
483571,gimbal,dynamic,160.7337,2.41,483.57,-0.0181,-0.0019,160.7155,-0.0420,1.469,TAKEOFF,0.0000,0.0000,0.0000,0.0000
483571,gimbal,dynamic,160.7666,2.41,483.57,-0.0187,-0.0023,160.7479,-0.0501,1.469,TAKEOFF,0.0000,0.0000,0.0000,0.0000
483571,gimbal,dynamic,160.8004,2.41,483.57,-0.0198,-0.0029,160.7806,-0.0583,1.469,TAKEOFF,0.0000,0.0000,0.0000,0.0000
483571,gimbal,dynamic,160.8344,2.41,483.57,-0.0210,-0.0032,160.8134,-0.0665,1.469,TAKEOFF,0.0000,0.0000,0.0000,0.0000
483571,gimbal,dynamic,160.8687,2.41,483.57,-0.0223,-0.0033,160.8464,-0.0747,1.469,TAKEOFF,0.0000,0.0000,0.0000,0.0000
483571,gimbal,dynamic,160.9028,2.40,483.57,-0.0233,-0.0036,160.8795,-0.0830,1.469,TAKEOFF,0.0000,0.0000,0.0000,0.0000
483571,gimbal,dynamic,160.9371,2.41,483.57,-0.0242,-0.0041,160.9129,-0.0914,1.469,TAKEOFF,0.0000,0.0000,0.0000,0.0000
483571,gimbal,dynamic,160.9718,2.41,483.57,-0.0252,-0.0046,160.9465,-0.0998,1.469,TAKEOFF,0.0000,0.0000,0.0000,0.0000
483571,gimbal,dynamic,161.0068,2.41,483.57,-0.0265,-0.0048,160.9802,-0.1082,1.469,TAKEOFF,0.0000,0.0000,0.0000,0.0000
483571,gimbal,dynamic,161.0418,2.41,483.57,-0.0275,-0.0051,161.0142,-0.1167,1.469,TAKEOFF,0.0000,0.0000,0.0000,0.0000
483571,gimbal,dynamic,161.0764,2.41,483.57,-0.0281,-0.0058,161.0483,-0.1252,1.469,TAKEOFF,0.0000,0.0000,0.0000,0.0000
483571,gimbal,dynamic,161.1112,2.41,483.57,-0.0285,-0.0062,161.0826,-0.1338,1.469,TAKEOFF,0.0000,0.0000,0.0000,0.0000
483571,gimbal,dynamic,161.1461,2.41,483.57,-0.0290,-0.0056,161.1171,-0.1424,1.469,TAKEOFF,0.0000,0.0000,0.0000,0.0000
483571,gimbal,dynamic,161.1812,2.41,483.57,-0.0294,-0.0043,161.1517,-0.1511,1.469,TAKEOFF,0.0000,0.0000,0.0000,0.0000
483571,gimbal,dynamic,161.2164,2.41,483.57,-0.0298,-0.0026,161.1866,-0.1598,1.469,TAKEOFF,0.0000,0.0000,0.0000,0.0000
483571,gimbal,dynamic,161.2510,2.41,483.57,-0.0294,-0.0002,161.2216,-0.1685,1.469,TAKEOFF,0.0000,0.0000,0.0000,0.0000
483571,gimbal,dynamic,161.2850,2.41,483.57,-0.0281,0.0026,161.2567,-0.1773,1.469,TAKEOFF,0.0000,0.0000,0.0000,0.0000
483571,gimbal,dynamic,161.3187,2.41,483.57,-0.0265,0.0053,161.2921,-0.1862,1.469,TAKEOFF,0.0000,0.0000,0.0000,0.0000
483571,gimbal,dynamic,161.3531,2.41,483.57,-0.0254,0.0079,161.3276,-0.1950,1.469,TAKEOFF,0.0000,0.0000,0.0000,0.0000
483571,gimbal,dynamic,161.3882,2.41,483.57,-0.0247,0.0098,161.3633,-0.2040,1.469,TAKEOFF,0.0000,0.0000,0.0000,0.0000
483571,gimbal,dynamic,161.4235,2.41,483.57,-0.0242,0.0113,161.3991,-0.2129,1.469,TAKEOFF,0.0000,0.0000,0.0000,0.0000
483571,gimbal,dynamic,161.4593,2.41,483.57,-0.0240,0.0127,161.4351,-0.2219,1.469,TAKEOFF,0.0000,0.0000,0.0000,0.0000
483571,gimbal,dynamic,161.4955,2.41,483.57,-0.0240,0.0138,161.4713,-0.2310,1.469,TAKEOFF,0.0000,0.0000,0.0000,0.0000
483571,gimbal,dynamic,161.5325,2.41,483.57,-0.0247,0.0140,161.5076,-0.2400,1.469,TAKEOFF,0.0000,0.0000,0.0000,0.0000
483571,gimbal,dynamic,161.5704,2.41,483.57,-0.0261,0.0135,161.5441,-0.2492,1.469,TAKEOFF,0.0000,0.0000,0.0000,0.0000
483571,gimbal,dynamic,161.6090,2.41,483.57,-0.0281,0.0122,161.5807,-0.2583,1.469,TAKEOFF,0.0000,0.0000,0.0000,0.0000
483571,gimbal,dynamic,161.6481,2.40,483.57,-0.0304,0.0102,161.6175,-0.2675,1.469,TAKEOFF,0.0000,0.0000,0.0000,0.0000
483571,gimbal,dynamic,161.6870,2.40,483.57,-0.0323,0.0084,161.6544,-0.2767,1.469,TAKEOFF,0.0000,0.0000,0.0000,0.0000
483571,gimbal,dynamic,161.7259,2.40,483.57,-0.0341,0.0067,161.6915,-0.2860,1.469,TAKEOFF,0.0000,0.0000,0.0000,0.0000
483571,gimbal,dynamic,161.7648,2.40,483.57,-0.0358,0.0056,161.7287,-0.2953,1.469,TAKEOFF,0.0000,0.0000,0.0000,0.0000
483571,gimbal,dynamic,161.8036,2.41,483.57,-0.0373,0.0045,161.7660,-0.3046,1.469,TAKEOFF,0.0000,0.0000,0.0000,0.0000
483571,gimbal,dynamic,161.8426,2.41,483.57,-0.0388,0.0033,161.8035,-0.3140,1.469,TAKEOFF,0.0000,0.0000,0.0000,0.0000
483571,gimbal,dynamic,161.8814,2.41,483.57,-0.0400,0.0025,161.8411,-0.3234,1.469,TAKEOFF,0.0000,0.0000,0.0000,0.0000
483571,gimbal,dynamic,161.9197,2.41,483.57,-0.0405,0.0024,161.8789,-0.3329,1.469,TAKEOFF,0.0000,0.0000,0.0000,0.0000
483571,gimbal,dynamic,161.9576,2.41,483.57,-0.0406,0.0027,161.9167,-0.3423,1.469,TAKEOFF,0.0000,0.0000,0.0000,0.0000
483571,gimbal,dynamic,161.9955,2.41,483.57,-0.0404,0.0028,161.9547,-0.3518,1.469,TAKEOFF,0.0000,0.0000,0.0000,0.0000
483571,gimbal,dynamic,162.0331,2.41,483.57,-0.0399,0.0024,161.9928,-0.3613,1.469,TAKEOFF,0.0000,0.0000,0.0000,0.0000
483571,gimbal,dynamic,162.0703,2.41,483.57,-0.0388,0.0018,162.0310,-0.3709,1.469,TAKEOFF,0.0000,0.0000,0.0000,0.0000
483571,gimbal,dynamic,162.1070,2.40,483.57,-0.0372,0.0015,162.0693,-0.3805,1.469,TAKEOFF,0.0000,0.0000,0.0000,0.0000
483571,gimbal,dynamic,162.1431,2.40,483.57,-0.0349,0.0016,162.1078,-0.3901,1.469,TAKEOFF,0.0000,0.0000,0.0000,0.0000
483571,gimbal,dynamic,162.1795,2.40,483.57,-0.0327,0.0020,162.1463,-0.3997,1.469,TAKEOFF,0.0000,0.0000,0.0000,0.0000
483571,gimbal,dynamic,162.2157,2.40,483.57,-0.0302,0.0024,162.1850,-0.4094,1.469,TAKEOFF,0.0000,0.0000,0.0000,0.0000
483571,gimbal,dynamic,162.2521,2.41,483.57,-0.0278,0.0026,162.2237,-0.4191,1.469,TAKEOFF,0.0000,0.0000,0.0000,0.0000
483571,gimbal,dynamic,162.2884,2.41,483.57,-0.0253,0.0024,162.2626,-0.4288,1.469,TAKEOFF,0.0000,0.0000,0.0000,0.0000
483571,gimbal,dynamic,162.3251,2.41,483.57,-0.0230,0.0020,162.3015,-0.4385,1.469,TAKEOFF,0.0000,0.0000,0.0000,0.0000
483571,gimbal,dynamic,162.3623,2.41,483.57,-0.0212,0.0018,162.3405,-0.4483,1.469,TAKEOFF,0.0000,0.0000,0.0000,0.0000
483571,gimbal,dynamic,162.4001,2.66,483.57,-0.0199,0.0013,162.3796,-0.4580,1.469,TAKEOFF,0.0000,0.0000,0.0000,0.0000
483571,gimbal,dynamic,162.4385,3.47,483.57,-0.0190,-0.0001,162.4188,-0.4672,1.469,TAKEOFF,0.0000,0.0000,0.0000,0.0000
483571,gimbal,dynamic,162.4765,4.31,483.57,-0.0177,-0.0020,162.4581,-0.4758,1.469,TAKEOFF,0.0000,0.0000,0.0000,0.0000
483571,gimbal,dynamic,162.5143,5.16,483.57,-0.0162,-0.0038,162.4974,-0.4839,1.469,TAKEOFF,0.0000,0.0000,0.0000,0.0000
483571,gimbal,dynamic,162.5517,6.03,483.57,-0.0142,-0.0057,162.5368,-0.4913,1.469,TAKEOFF,0.0000,0.0000,0.0000,0.0000
483571,gimbal,dynamic,162.5891,6.91,483.57,-0.0121,-0.0073,162.5763,-0.4982,1.469,TAKEOFF,0.0000,0.0000,0.0000,0.0000
483571,gimbal,dynamic,162.6257,7.80,483.57,-0.0092,-0.0089,162.6158,-0.5044,1.469,TAKEOFF,0.0000,0.0000,0.0000,0.0000
483571,gimbal,dynamic,162.6624,8.71,483.57,-0.0062,-0.0105,162.6554,-0.5100,1.469,TAKEOFF,0.0000,0.0000,0.0000,0.0000
483571,gimbal,dynamic,162.6995,9.62,483.57,-0.0036,-0.0120,162.6950,-0.5150,1.469,TAKEOFF,0.0000,0.0000,0.0000,0.0000
483571,gimbal,dynamic,162.7371,10.54,483.57,-0.0016,-0.0131,162.7347,-0.5193,1.469,TAKEOFF,0.0000,0.0000,0.0000,0.0000
483571,gimbal,dynamic,162.7751,11.47,483.57,0.0002,-0.0140,162.7745,-0.5229,1.469,TAKEOFF,0.0000,0.0000,0.0000,0.0000
483571,gimbal,dynamic,162.8134,12.40,483.57,0.0017,-0.0145,162.8143,-0.5260,1.469,TAKEOFF,0.0000,0.0000,0.0000,0.0000
483571,gimbal,dynamic,162.8513,13.32,483.57,0.0036,-0.0146,162.8541,-0.5284,1.469,TAKEOFF,0.0000,0.0000,0.0000,0.0000
483571,gimbal,dynamic,162.8894,14.25,483.57,0.0054,-0.0140,162.8940,-0.5301,1.469,TAKEOFF,0.0000,0.0000,0.0000,0.0000
483571,gimbal,dynamic,162.9287,15.17,483.57,0.0060,-0.0128,162.9339,-0.5312,1.469,TAKEOFF,0.0000,0.0000,0.0000,0.0000
483571,gimbal,dynamic,162.9692,16.08,483.57,0.0054,-0.0115,162.9738,-0.5317,1.469,TAKEOFF,0.0000,0.0000,0.0000,0.0000
483571,gimbal,dynamic,163.0113,16.99,483.57,0.0032,-0.0097,163.0137,-0.5315,1.469,TAKEOFF,0.0000,0.0000,0.0000,0.0000
483571,gimbal,dynamic,163.0537,17.89,483.57,0.0008,-0.0080,163.0537,-0.5307,1.469,TAKEOFF,0.0000,0.0000,0.0000,0.0000
483571,gimbal,dynamic,163.0966,18.76,483.57,-0.0021,-0.0067,163.0937,-0.5293,1.469,TAKEOFF,0.0000,0.0000,0.0000,0.0000
483571,gimbal,dynamic,163.1396,19.63,483.57,-0.0051,-0.0056,163.1337,-0.5273,1.469,TAKEOFF,0.0000,0.0000,0.0000,0.0000
483571,gimbal,dynamic,163.1828,20.48,483.57,-0.0083,-0.0039,163.1737,-0.5246,1.469,TAKEOFF,0.0000,0.0000,0.0000,0.0000
483571,gimbal,dynamic,163.2252,21.31,483.57,-0.0107,-0.0017,163.2137,-0.5214,1.469,TAKEOFF,0.0000,0.0000,0.0000,0.0000
483571,gimbal,dynamic,163.2667,22.12,483.57,-0.0122,0.0006,163.2536,-0.5176,1.469,TAKEOFF,0.0000,0.0000,0.0000,0.0000
483571,gimbal,dynamic,163.3079,22.91,483.57,-0.0134,0.0024,163.2936,-0.5133,1.469,TAKEOFF,0.0000,0.0000,0.0000,0.0000
483571,gimbal,dynamic,163.3493,23.68,483.57,-0.0148,0.0034,163.3336,-0.5084,1.469,TAKEOFF,0.0000,0.0000,0.0000,0.0000
483571,gimbal,dynamic,163.3911,24.42,483.57,-0.0167,0.0037,163.3736,-0.5030,1.469,TAKEOFF,0.0000,0.0000,0.0000,0.0000
483571,gimbal,dynamic,163.4335,25.13,483.57,-0.0192,0.0038,163.4136,-0.4970,1.469,TAKEOFF,0.0000,0.0000,0.0000,0.0000
483571,gimbal,dynamic,163.4765,25.82,483.57,-0.0222,0.0042,163.4535,-0.4906,1.469,TAKEOFF,0.0000,0.0000,0.0000,0.0000
483571,gimbal,dynamic,163.5199,26.47,483.57,-0.0257,0.0048,163.4934,-0.4837,1.469,TAKEOFF,0.0000,0.0000,0.0000,0.0000
483571,gimbal,dynamic,163.5624,27.10,483.57,-0.0284,0.0050,163.5333,-0.4763,1.469,TAKEOFF,0.0000,0.0000,0.0000,0.0000
483571,gimbal,dynamic,163.6045,27.69,483.57,-0.0307,0.0049,163.5731,-0.4686,1.469,TAKEOFF,0.0000,0.0000,0.0000,0.0000
483571,gimbal,dynamic,163.6459,28.25,483.57,-0.0323,0.0041,163.6129,-0.4604,1.469,TAKEOFF,0.0000,0.0000,0.0000,0.0000
483571,gimbal,dynamic,163.6871,28.78,483.57,-0.0338,0.0028,163.6527,-0.4518,1.469,TAKEOFF,0.0000,0.0000,0.0000,0.0000
483571,gimbal,dynamic,163.7285,29.28,483.57,-0.0355,0.0014,163.6924,-0.4429,1.469,TAKEOFF,0.0000,0.0000,0.0000,0.0000
483571,gimbal,dynamic,163.7700,29.75,483.57,-0.0373,0.0003,163.7321,-0.4336,1.469,TAKEOFF,0.0000,0.0000,0.0000,0.0000
483571,gimbal,dynamic,163.8114,30.17,483.57,-0.0391,-0.0008,163.7718,-0.4240,1.469,TAKEOFF,0.0000,0.0000,0.0000,0.0000
483571,gimbal,dynamic,163.8531,30.48,483.57,-0.0412,-0.0019,163.8113,-0.4142,1.469,TAKEOFF,0.0000,0.0000,0.0000,0.0000
483571,gimbal,dynamic,163.8944,30.48,483.57,-0.0431,-0.0032,163.8508,-0.4043,1.469,TAKEOFF,0.0000,0.0000,0.0000,0.0000
483571,gimbal,dynamic,163.9350,30.48,483.57,-0.0443,-0.0043,163.8903,-0.3944,1.469,TAKEOFF,0.0000,0.0000,0.0000,0.0000
483571,gimbal,dynamic,163.9748,30.48,483.57,-0.0447,-0.0049,163.9297,-0.3846,1.469,TAKEOFF,0.0000,0.0000,0.0000,0.0000
483571,gimbal,dynamic,164.0136,30.48,483.57,-0.0442,-0.0052,163.9690,-0.3748,1.469,TAKEOFF,0.0000,0.0000,0.0000,0.0000
483571,gimbal,dynamic,164.0520,30.48,483.57,-0.0434,-0.0048,164.0082,-0.3649,1.469,TAKEOFF,0.0000,0.0000,0.0000,0.0000
483571,gimbal,dynamic,164.0906,30.48,483.57,-0.0429,-0.0039,164.0474,-0.3552,1.469,TAKEOFF,0.0000,0.0000,0.0000,0.0000
483571,gimbal,dynamic,164.1296,30.48,483.57,-0.0428,-0.0026,164.0864,-0.3454,1.469,TAKEOFF,0.0000,0.0000,0.0000,0.0000
483571,gimbal,dynamic,164.1681,30.48,483.57,-0.0423,-0.0011,164.1254,-0.3356,1.469,TAKEOFF,0.0000,0.0000,0.0000,0.0000
483571,gimbal,dynamic,164.2062,30.48,483.57,-0.0415,-0.0001,164.1643,-0.3259,1.469,TAKEOFF,0.0000,0.0000,0.0000,0.0000
483571,gimbal,dynamic,164.2441,30.48,483.57,-0.0407,0.0009,164.2031,-0.3162,1.469,TAKEOFF,0.0000,0.0000,0.0000,0.0000
483571,gimbal,dynamic,164.2826,30.48,483.57,-0.0404,0.0020,164.2419,-0.3065,1.469,TAKEOFF,0.0000,0.0000,0.0000,0.0000
483571,gimbal,dynamic,164.3206,30.48,483.57,-0.0399,0.0036,164.2805,-0.2969,1.469,TAKEOFF,0.0000,0.0000,0.0000,0.0000
483571,gimbal,dynamic,164.3584,30.48,483.57,-0.0392,0.0051,164.3190,-0.2873,1.469,TAKEOFF,0.0000,0.0000,0.0000,0.0000
483571,gimbal,dynamic,164.3960,30.47,483.57,-0.0384,0.0066,164.3574,-0.2777,1.469,TAKEOFF,0.0000,0.0000,0.0000,0.0000
483571,gimbal,dynamic,164.4336,30.47,483.57,-0.0377,0.0078,164.3957,-0.2681,1.469,TAKEOFF,0.0000,0.0000,0.0000,0.0000
483571,gimbal,dynamic,164.4710,30.47,483.57,-0.0370,0.0091,164.4338,-0.2585,1.469,TAKEOFF,0.0000,0.0000,0.0000,0.0000
483571,gimbal,dynamic,164.5088,30.47,483.57,-0.0367,0.0102,164.4719,-0.2490,1.469,TAKEOFF,0.0000,0.0000,0.0000,0.0000
511126,gimbal,dynamic,164.5466,30.47,511.13,-0.0366,0.0115,164.5098,-0.2395,1.469,IDLE,0.0000,0.0000,0.0000,0.0000
511226,gimbal,dynamic,164.5842,30.47,511.23,-0.0364,0.0125,164.5476,-0.2301,1.469,IDLE,0.0000,0.0000,0.0000,0.0000
511326,gimbal,dynamic,164.6215,30.47,511.33,-0.0360,0.0137,164.5853,-0.2207,1.468,IDLE,0.0000,0.0000,0.0000,0.0000
511426,gimbal,dynamic,164.6585,30.13,511.43,-0.0355,0.0144,164.6229,-0.2114,1.468,IDLE,0.0000,0.0000,0.0000,0.0000
511526,gimbal,dynamic,164.6957,29.69,511.53,-0.0352,0.0146,164.6603,-0.2025,1.468,IDLE,0.0000,0.0000,0.0000,0.0000
511626,gimbal,dynamic,164.7330,29.20,511.63,-0.0353,0.0149,164.6976,-0.1939,1.468,IDLE,0.0000,0.0000,0.0000,0.0000
511726,gimbal,dynamic,164.7702,28.68,511.73,-0.0353,0.0151,164.7348,-0.1858,1.468,IDLE,0.0000,0.0000,0.0000,0.0000
511826,gimbal,dynamic,164.8074,28.12,511.83,-0.0355,0.0157,164.7718,-0.1780,1.468,IDLE,0.0000,0.0000,0.0000,0.0000
511926,gimbal,dynamic,164.8446,27.52,511.93,-0.0359,0.0167,164.8087,-0.1706,1.468,IDLE,0.0000,0.0000,0.0000,0.0000
512026,gimbal,dynamic,164.8820,26.88,512.03,-0.0365,0.0172,164.8454,-0.1637,1.468,IDLE,0.0000,0.0000,0.0000,0.0000
512126,gimbal,dynamic,164.9191,26.21,512.13,-0.0371,0.0170,164.8819,-0.1572,1.468,IDLE,0.0000,0.0000,0.0000,0.0000
512226,gimbal,dynamic,164.9559,25.51,512.23,-0.0375,0.0160,164.9184,-0.1513,1.468,IDLE,0.0000,0.0000,0.0000,0.0000
512326,gimbal,dynamic,164.9919,24.77,512.33,-0.0372,0.0143,164.9546,-0.1458,1.468,IDLE,0.0000,0.0000,0.0000,0.0000
512426,gimbal,dynamic,165.0273,24.00,512.43,-0.0365,0.0125,164.9907,-0.1408,1.468,IDLE,0.0000,0.0000,0.0000,0.0000
512526,gimbal,dynamic,165.0624,23.20,512.53,-0.0357,0.0100,165.0267,-0.1364,1.468,IDLE,0.0000,0.0000,0.0000,0.0000
512626,gimbal,dynamic,165.0972,22.37,512.63,-0.0346,0.0079,165.0625,-0.1325,1.468,IDLE,0.0000,0.0000,0.0000,0.0000
512726,gimbal,dynamic,165.1317,21.50,512.73,-0.0336,0.0065,165.0981,-0.1292,1.468,IDLE,0.0000,0.0000,0.0000,0.0000
512826,gimbal,dynamic,165.1659,20.62,512.83,-0.0323,0.0057,165.1336,-0.1264,1.469,IDLE,0.0000,0.0000,0.0000,0.0000
512926,gimbal,dynamic,165.1996,19.70,512.93,-0.0307,0.0050,165.1688,-0.1242,1.469,IDLE,0.0000,0.0000,0.0000,0.0000
513026,gimbal,dynamic,165.2335,18.77,513.03,-0.0295,0.0041,165.2040,-0.1225,1.469,IDLE,0.0000,0.0000,0.0000,0.0000
513126,gimbal,dynamic,165.2666,17.81,513.13,-0.0276,0.0031,165.2389,-0.1215,1.469,IDLE,0.0000,0.0000,0.0000,0.0000
513226,gimbal,dynamic,165.2990,16.84,513.23,-0.0253,0.0013,165.2737,-0.1211,1.469,IDLE,0.0000,0.0000,0.0000,0.0000
513326,gimbal,dynamic,165.3314,15.85,513.33,-0.0231,-0.0006,165.3083,-0.1212,1.469,IDLE,0.0000,0.0000,0.0000,0.0000
513426,gimbal,dynamic,165.3640,14.85,513.43,-0.0213,-0.0026,165.3427,-0.1220,1.469,IDLE,0.0000,0.0000,0.0000,0.0000
513526,gimbal,dynamic,165.3972,13.83,513.53,-0.0202,-0.0043,165.3769,-0.1233,1.469,IDLE,0.0000,0.0000,0.0000,0.0000
513626,gimbal,dynamic,165.4308,12.81,513.63,-0.0197,-0.0055,165.4110,-0.1253,1.469,IDLE,0.0000,0.0000,0.0000,0.0000
513726,gimbal,dynamic,165.4646,11.78,513.73,-0.0197,-0.0058,165.4448,-0.1278,1.469,IDLE,0.0000,0.0000,0.0000,0.0000
513826,gimbal,dynamic,165.4987,10.75,513.83,-0.0201,-0.0056,165.4785,-0.1310,1.469,IDLE,0.0000,0.0000,0.0000,0.0000
513926,gimbal,dynamic,165.5334,9.72,513.93,-0.0213,-0.0051,165.5120,-0.1347,1.469,IDLE,0.0000,0.0000,0.0000,0.0000
514026,gimbal,dynamic,165.5682,8.69,514.03,-0.0228,-0.0043,165.5453,-0.1390,1.469,IDLE,0.0000,0.0000,0.0000,0.0000
514126,gimbal,dynamic,165.6028,7.68,514.13,-0.0243,-0.0035,165.5784,-0.1439,1.469,IDLE,0.0000,0.0000,0.0000,0.0000
514226,gimbal,dynamic,165.6367,6.66,514.23,-0.0252,-0.0024,165.6114,-0.1494,1.469,IDLE,0.0000,0.0000,0.0000,0.0000
514326,gimbal,dynamic,165.6700,5.67,514.33,-0.0258,-0.0013,165.6441,-0.1554,1.469,IDLE,0.0000,0.0000,0.0000,0.0000
514426,gimbal,dynamic,165.7032,4.68,514.43,-0.0265,-0.0007,165.6767,-0.1620,1.469,IDLE,0.0000,0.0000,0.0000,0.0000
514526,gimbal,dynamic,165.7363,3.72,514.53,-0.0273,-0.0002,165.7090,-0.1691,1.469,IDLE,0.0000,0.0000,0.0000,0.0000
514626,gimbal,dynamic,165.7689,2.77,514.63,-0.0276,0.0001,165.7412,-0.1767,1.469,IDLE,0.0000,0.0000,0.0000,0.0000
514726,gimbal,dynamic,165.8015,2.39,514.73,-0.0283,-0.0002,165.7731,-0.1847,1.469,IDLE,0.0000,0.0000,0.0000,0.0000
514826,gimbal,dynamic,165.8347,2.39,514.83,-0.0297,-0.0010,165.8049,-0.1927,1.469,IDLE,0.0000,0.0000,0.0000,0.0000
514926,gimbal,dynamic,165.8686,2.39,514.93,-0.0320,-0.0029,165.8364,-0.2005,1.469,IDLE,0.0000,0.0000,0.0000,0.0000
515026,gimbal,dynamic,165.9027,2.39,515.03,-0.0348,-0.0051,165.8678,-0.2084,1.469,IDLE,0.0000,0.0000,0.0000,0.0000
515126,gimbal,dynamic,165.9368,2.39,515.13,-0.0377,-0.0074,165.8990,-0.2162,1.469,IDLE,0.0000,0.0000,0.0000,0.0000
515227,gimbal,dynamic,165.9712,2.39,515.23,-0.0411,-0.0102,165.9300,-0.2239,1.470,ARMING,0.0000,0.0000,0.0000,0.0000
515326,gimbal,dynamic,166.0052,2.39,515.33,-0.0444,-0.0134,165.9607,-0.2316,1.470,TAKEOFF,0.0000,0.0000,0.0000,0.0000
515426,gimbal,dynamic,166.0381,2.39,515.43,-0.0467,-0.0168,165.9913,-0.2393,1.470,TAKEOFF,0.0000,0.0000,0.0000,0.0000
515526,gimbal,dynamic,166.0698,2.40,515.53,-0.0480,-0.0207,166.0217,-0.2469,1.476,TAKEOFF,0.0000,0.0000,0.0000,0.0000
515626,gimbal,dynamic,166.1009,2.39,515.63,-0.0489,-0.0244,166.0518,-0.2544,1.501,TAKEOFF,0.0000,0.0000,0.0000,0.0000
515726,gimbal,dynamic,166.1322,2.39,515.73,-0.0502,-0.0282,166.0818,-0.2619,1.528,TAKEOFF,0.0000,0.0000,0.0000,0.0000
515826,gimbal,dynamic,166.1639,2.40,515.83,-0.0521,-0.0317,166.1116,-0.2693,1.554,TAKEOFF,0.0000,0.0000,0.0000,0.0000
515926,gimbal,dynamic,166.1951,2.40,515.93,-0.0538,-0.0344,166.1412,-0.2767,1.576,TAKEOFF,0.0000,0.0000,0.0000,0.0000
516026,gimbal,dynamic,166.2255,2.40,516.03,-0.0548,-0.0364,166.1705,-0.2841,1.597,TAKEOFF,0.0000,0.0000,0.0000,0.0000
516126,gimbal,dynamic,166.2552,2.40,516.13,-0.0554,-0.0381,166.1997,-0.2914,1.613,TAKEOFF,0.0000,0.0000,0.0000,0.0000
516226,gimbal,dynamic,166.2843,2.40,516.23,-0.0555,-0.0395,166.2287,-0.2986,1.627,TAKEOFF,0.0000,0.0000,0.0000,0.0000
516326,gimbal,dynamic,166.3129,2.40,516.33,-0.0553,-0.0406,166.2575,-0.3058,1.638,TAKEOFF,0.0000,0.0000,0.0000,0.0000
516426,gimbal,dynamic,166.3415,2.40,516.43,-0.0553,-0.0407,166.2860,-0.3129,1.647,TAKEOFF,0.0000,0.0000,0.0000,0.0000
516526,gimbal,dynamic,166.3701,2.40,516.53,-0.0554,-0.0400,166.3144,-0.3200,1.654,TAKEOFF,0.0000,0.0000,0.0000,0.0000
516626,gimbal,dynamic,166.3981,2.40,516.63,-0.0553,-0.0386,166.3426,-0.3271,1.660,TAKEOFF,0.0000,0.0000,0.0000,0.0000
516726,gimbal,dynamic,166.4253,2.40,516.73,-0.0545,-0.0372,166.3706,-0.3341,1.663,TAKEOFF,0.0000,0.0000,0.0000,0.0000
516826,gimbal,dynamic,166.4517,2.40,516.83,-0.0530,-0.0360,166.3984,-0.3410,1.666,TAKEOFF,0.0000,0.0000,0.0000,0.0000
516926,gimbal,dynamic,166.4779,2.40,516.93,-0.0516,-0.0351,166.4260,-0.3479,1.667,TAKEOFF,0.0000,0.0000,0.0000,0.0000
517026,gimbal,dynamic,166.5042,2.40,517.03,-0.0505,-0.0340,166.4534,-0.3548,1.667,TAKEOFF,0.0000,0.0000,0.0000,0.0000
517126,gimbal,dynamic,166.5304,2.40,517.13,-0.0495,-0.0330,166.4806,-0.3616,1.667,TAKEOFF,0.0000,0.0000,0.0000,0.0000
517226,gimbal,dynamic,166.5566,2.39,517.23,-0.0487,-0.0324,166.5076,-0.3683,1.665,TAKEOFF,0.0000,0.0000,0.0000,0.0000
517326,gimbal,dynamic,166.5831,2.39,517.33,-0.0483,-0.0312,166.5344,-0.3750,1.664,TAKEOFF,0.0000,0.0000,0.0000,0.0000
517426,gimbal,dynamic,166.6094,2.39,517.43,-0.0479,-0.0289,166.5611,-0.3817,1.661,TAKEOFF,0.0000,0.0000,0.0000,0.0000
517526,gimbal,dynamic,166.6352,2.39,517.53,-0.0473,-0.0263,166.5875,-0.3883,1.659,TAKEOFF,0.0000,0.0000,0.0000,0.0000
517626,gimbal,dynamic,166.6608,2.39,517.63,-0.0466,-0.0233,166.6138,-0.3949,1.657,TAKEOFF,0.0000,0.0000,0.0000,0.0000
517726,gimbal,dynamic,166.6868,2.39,517.73,-0.0465,-0.0199,166.6399,-0.4014,1.654,TAKEOFF,0.0000,0.0000,0.0000,0.0000
517826,gimbal,dynamic,166.7127,2.32,517.83,-0.0465,-0.0168,166.6658,-0.4079,1.652,TAKEOFF,0.0000,0.0000,0.0000,0.0000
517926,gimbal,dynamic,166.7385,1.86,517.93,-0.0466,-0.0137,166.6915,-0.4143,1.650,TAKEOFF,0.0000,0.0000,0.0000,0.0000
518026,gimbal,dynamic,166.7637,0.84,518.03,-0.0462,-0.0104,166.7170,-0.4207,1.651,TAKEOFF,0.0000,0.0000,0.0000,0.0000
518126,gimbal,dynamic,166.7876,-0.41,518.13,-0.0447,-0.0061,166.7424,-0.4270,1.658,TAKEOFF,0.0000,0.0000,0.0000,0.0000
518226,gimbal,dynamic,166.8101,-1.90,518.23,-0.0420,-0.0026,166.7675,-0.4333,1.667,TAKEOFF,0.0000,0.0000,0.0000,0.0000
518326,gimbal,dynamic,166.8313,-3.24,518.33,-0.0381,0.0004,166.7925,-0.4396,1.682,TAKEOFF,0.0000,0.0000,0.0000,0.0000
518426,gimbal,dynamic,166.8526,-4.52,518.43,-0.0346,0.0025,166.8174,-0.4458,1.700,TAKEOFF,0.0000,0.0000,0.0000,0.0000
518526,gimbal,dynamic,166.8739,-5.49,518.53,-0.0313,0.0035,166.8420,-0.4519,1.722,TAKEOFF,0.0000,0.0000,0.0000,0.0000
518626,gimbal,dynamic,166.8959,-6.18,518.63,-0.0287,0.0030,166.8665,-0.4581,1.752,TAKEOFF,0.0000,0.0000,0.0000,0.0000
518726,gimbal,dynamic,166.9187,-6.57,518.73,-0.0271,0.0011,166.8909,-0.4642,1.781,TAKEOFF,0.0000,0.0000,0.0000,0.0000
518826,gimbal,dynamic,166.9417,-6.35,518.83,-0.0260,-0.0020,166.9150,-0.4701,1.817,TAKEOFF,0.0000,0.0000,0.0000,0.0000
518926,gimbal,dynamic,166.9653,-4.93,518.93,-0.0256,-0.0054,166.9390,-0.4756,1.854,TAKEOFF,0.0000,0.0000,0.0000,0.0000
519026,gimbal,dynamic,166.9895,-3.29,519.03,-0.0259,-0.0086,166.9629,-0.4804,1.900,TAKEOFF,0.0000,0.0000,0.0000,0.0000
519126,gimbal,dynamic,167.0145,-1.51,519.13,-0.0272,-0.0126,166.9866,-0.4845,1.945,TAKEOFF,0.0000,0.0000,0.0000,0.0000
519226,gimbal,dynamic,167.0400,0.38,519.23,-0.0292,-0.0164,167.0101,-0.4879,1.997,TAKEOFF,0.0000,0.0000,0.0000,0.0000
519326,gimbal,dynamic,167.0657,2.30,519.33,-0.0315,-0.0202,167.0335,-0.4906,2.050,TAKEOFF,0.0000,0.0000,0.0000,0.0000
519426,gimbal,dynamic,167.0915,4.24,519.43,-0.0341,-0.0234,167.0567,-0.4926,2.111,TAKEOFF,0.0000,0.0000,0.0000,0.0000
519526,gimbal,dynamic,167.1172,6.14,519.53,-0.0367,-0.0255,167.0798,-0.4939,2.171,TAKEOFF,0.0000,0.0000,0.0000,0.0000
519626,gimbal,dynamic,167.1434,8.02,519.63,-0.0400,-0.0268,167.1028,-0.4945,2.239,TAKEOFF,0.0000,0.0000,0.0000,0.0000
519726,gimbal,dynamic,167.1695,9.86,519.73,-0.0433,-0.0273,167.1256,-0.4943,2.304,TAKEOFF,0.0000,0.0000,0.0000,0.0000
519826,gimbal,dynamic,167.1952,11.66,519.83,-0.0463,-0.0269,167.1483,-0.4933,2.376,TAKEOFF,0.0000,0.0000,0.0000,0.0000
519926,gimbal,dynamic,167.2208,13.44,519.93,-0.0494,-0.0261,167.1708,-0.4916,2.442,TAKEOFF,0.0000,0.0000,0.0000,0.0000
520026,gimbal,dynamic,167.2460,15.18,520.03,-0.0521,-0.0249,167.1932,-0.4891,2.516,TAKEOFF,0.0000,0.0000,0.0000,0.0000
520126,gimbal,dynamic,167.2704,16.92,520.13,-0.0542,-0.0238,167.2155,-0.4859,2.586,TAKEOFF,0.0000,0.0000,0.0000,0.0000
520226,gimbal,dynamic,167.2939,18.67,520.23,-0.0556,-0.0231,167.2376,-0.4819,2.662,TAKEOFF,0.0000,0.0000,0.0000,0.0000
520326,gimbal,dynamic,167.3168,20.42,520.33,-0.0566,-0.0222,167.2596,-0.4771,2.732,TAKEOFF,0.0000,0.0000,0.0000,0.0000
520426,gimbal,dynamic,167.3390,21.30,520.43,-0.0568,-0.0218,167.2816,-0.4717,2.812,TAKEOFF,0.0000,0.0000,0.0000,0.0000
520526,gimbal,dynamic,167.3605,21.11,520.53,-0.0566,-0.0216,167.3033,-0.4662,2.886,TAKEOFF,0.0000,0.0000,0.0000,0.0000
520626,gimbal,dynamic,167.3823,20.93,520.63,-0.0567,-0.0214,167.3250,-0.4608,2.967,TAKEOFF,0.0000,0.0000,0.0000,0.0000
520726,gimbal,dynamic,167.4047,20.77,520.73,-0.0575,-0.0214,167.3466,-0.4554,3.039,TAKEOFF,0.0000,0.0000,0.0000,0.0000
520826,gimbal,dynamic,167.4267,20.63,520.83,-0.0581,-0.0221,167.3681,-0.4500,3.118,TAKEOFF,0.0000,0.0000,0.0000,0.0000
520926,gimbal,dynamic,167.4481,20.51,520.93,-0.0581,-0.0238,167.3894,-0.4447,3.194,TAKEOFF,0.0000,0.0000,0.0000,0.0000
521026,gimbal,dynamic,167.4687,20.39,521.03,-0.0575,-0.0260,167.4107,-0.4394,3.277,TAKEOFF,0.0000,0.0000,0.0000,0.0000
521126,gimbal,dynamic,167.4884,20.34,521.13,-0.0560,-0.0290,167.4319,-0.4341,3.359,SEARCH,0.0000,0.0000,0.0000,-0.1323
521226,gimbal,dynamic,167.5072,20.66,521.23,-0.0538,-0.0320,167.4529,-0.4288,3.409,SEARCH,0.0000,0.0000,0.0000,-0.1173
521326,gimbal,dynamic,167.5251,21.56,521.33,-0.0507,-0.0356,167.4739,-0.4236,3.435,SEARCH,0.0000,0.0000,0.0000,-0.1096
521426,gimbal,dynamic,167.5429,22.98,521.43,-0.0477,-0.0396,167.4948,-0.4183,3.442,SEARCH,0.0000,0.0000,0.0000,-0.1074
521526,gimbal,dynamic,167.5603,24.67,521.53,-0.0443,-0.0442,167.5156,-0.4131,3.440,SEARCH,0.0000,0.0000,0.0000,-0.1081
521626,gimbal,dynamic,167.5784,26.63,521.63,-0.0416,-0.0482,167.5364,-0.4079,3.431,SEARCH,0.0000,0.0000,0.0000,-0.1106
521726,gimbal,dynamic,167.5968,28.37,521.73,-0.0394,-0.0522,167.5571,-0.4028,3.420,SEARCH,0.0000,0.0000,0.0000,-0.1139
521826,gimbal,dynamic,167.6158,30.01,521.83,-0.0378,-0.0557,167.5777,-0.3976,3.410,SEARCH,0.0000,0.0000,0.0000,-0.1171
521926,gimbal,dynamic,167.6351,31.20,521.93,-0.0366,-0.0593,167.5982,-0.3925,3.399,SEARCH,0.0000,0.0000,0.0000,-0.1204
522026,gimbal,dynamic,167.6542,32.07,522.03,-0.0353,-0.0620,167.6187,-0.3874,3.387,SEARCH,0.0000,0.0000,0.0000,-0.1239
522126,gimbal,dynamic,167.6730,32.49,522.13,-0.0336,-0.0633,167.6391,-0.3823,3.377,SEARCH,0.0000,0.0000,0.0000,-0.1270
522226,gimbal,dynamic,167.6908,32.58,522.23,-0.0311,-0.0634,167.6594,-0.3772,3.366,SEARCH,0.0000,0.0000,0.0000,-0.1302
522326,gimbal,dynamic,167.7081,32.40,522.33,-0.0281,-0.0631,167.6797,-0.3721,3.357,SEARCH,0.0000,0.0000,0.0000,-0.1329
522426,gimbal,dynamic,167.7245,31.99,522.43,-0.0242,-0.0627,167.7000,-0.3670,3.347,SEARCH,0.0000,0.0000,0.0000,-0.1358
522526,gimbal,dynamic,167.7410,31.52,522.53,-0.0205,-0.0621,167.7202,-0.3620,3.339,SEARCH,0.0000,0.0000,0.0000,-0.1383
522626,gimbal,dynamic,167.7571,30.98,522.63,-0.0165,-0.0613,167.7404,-0.3569,3.331,SEARCH,0.0000,0.0000,0.0000,-0.1408
522726,gimbal,dynamic,167.7731,30.47,522.73,-0.0123,-0.0602,167.7605,-0.3519,3.323,SEARCH,0.0000,0.0000,0.0000,-0.1430
522826,gimbal,dynamic,167.7892,30.02,522.83,-0.0083,-0.0589,167.7806,-0.3469,3.316,SEARCH,0.0000,0.0000,0.0000,-0.1453
522926,gimbal,dynamic,167.8051,29.72,522.93,-0.0042,-0.0574,167.8007,-0.3419,3.309,SEARCH,0.0000,0.0000,0.0000,-0.1473
523026,gimbal,dynamic,167.8218,29.50,523.03,-0.0008,-0.0557,167.8208,-0.3368,3.302,SEARCH,0.0000,0.0000,0.0000,-0.1494
523126,gimbal,dynamic,167.8396,29.41,523.13,0.0015,-0.0545,167.8408,-0.3318,3.296,SEARCH,0.0000,0.0000,0.0000,-0.1511
523226,gimbal,dynamic,167.8582,29.42,523.23,0.0028,-0.0543,167.8608,-0.3268,3.290,SEARCH,0.0000,0.0000,0.0000,-0.1530
523326,gimbal,dynamic,167.8771,29.50,523.33,0.0039,-0.0546,167.8808,-0.3218,3.284,SEARCH,0.0000,0.0000,0.0000,-0.1547
523426,gimbal,dynamic,167.8966,29.64,523.43,0.0045,-0.0550,167.9009,-0.3168,3.279,SEARCH,0.0000,0.0000,0.0000,-0.1563
523526,gimbal,dynamic,167.9163,29.80,523.53,0.0048,-0.0550,167.9209,-0.3118,3.274,SEARCH,0.0000,0.0000,0.0000,-0.1578
523626,gimbal,dynamic,167.9352,29.98,523.63,0.0059,-0.0542,167.9409,-0.3068,3.269,SEARCH,0.0000,0.0000,0.0000,-0.1593
523726,gimbal,dynamic,167.9541,30.13,523.73,0.0069,-0.0527,167.9609,-0.3018,3.264,SEARCH,0.0000,0.0000,0.0000,-0.1607
523826,gimbal,dynamic,167.9735,30.26,523.83,0.0076,-0.0513,167.9809,-0.2968,3.260,SEARCH,0.0000,0.0000,0.0000,-0.1621
523926,gimbal,dynamic,167.9931,30.36,523.93,0.0080,-0.0501,168.0009,-0.2918,3.255,SEARCH,0.0000,0.0000,0.0000,-0.1634
524026,gimbal,dynamic,168.0123,30.42,524.03,0.0088,-0.0491,168.0209,-0.2868,3.251,SEARCH,0.0000,0.0000,0.0000,-0.1646
524126,gimbal,dynamic,168.0313,30.45,524.13,0.0098,-0.0484,168.0410,-0.2818,3.248,SEARCH,0.0000,0.0000,0.0000,-0.1657
524226,gimbal,dynamic,168.0510,30.45,524.23,0.0102,-0.0478,168.0611,-0.2768,3.244,SEARCH,0.0000,0.0000,0.0000,-0.1669
524326,gimbal,dynamic,168.0712,30.43,524.33,0.0102,-0.0473,168.0812,-0.2717,3.240,SEARCH,0.0000,0.0000,0.0000,-0.1680
524426,gimbal,dynamic,168.0916,30.40,524.43,0.0099,-0.0463,168.1014,-0.2667,3.237,SEARCH,0.0000,0.0000,0.0000,-0.1690
524526,gimbal,dynamic,168.1124,30.36,524.53,0.0093,-0.0449,168.1215,-0.2617,3.233,SEARCH,0.0000,0.0000,0.0000,-0.1700
524626,gimbal,dynamic,168.1340,30.31,524.63,0.0079,-0.0437,168.1418,-0.2566,3.231,SEARCH,0.0000,0.0000,0.0000,-0.1708
524726,gimbal,dynamic,168.1565,30.28,524.73,0.0057,-0.0435,168.1620,-0.2515,3.228,SEARCH,0.0000,0.0000,0.0000,-0.1717
524826,gimbal,dynamic,168.1797,30.24,524.83,0.0028,-0.0437,168.1823,-0.2465,3.225,SEARCH,0.0000,0.0000,0.0000,-0.1724
524926,gimbal,dynamic,168.2027,30.22,524.93,0.0001,-0.0443,168.2027,-0.2414,3.223,SEARCH,0.0000,0.0000,0.0000,-0.1732
525026,gimbal,dynamic,168.2268,30.21,525.03,-0.0036,-0.0452,168.2231,-0.2363,3.220,SEARCH,0.0000,0.0000,0.0000,-0.1739
525126,gimbal,dynamic,168.2514,30.21,525.13,-0.0076,-0.0460,168.2436,-0.2311,3.218,SEARCH,0.0000,0.0000,0.0000,-0.1745
525226,gimbal,dynamic,168.2757,30.21,525.23,-0.0115,-0.0469,168.2642,-0.2260,3.216,SEARCH,0.0000,0.0000,0.0000,-0.1752
525326,gimbal,dynamic,168.3005,30.22,525.33,-0.0156,-0.0484,168.2848,-0.2208,3.214,SEARCH,0.0000,0.0000,0.0000,-0.1757
525426,gimbal,dynamic,168.3247,30.24,525.43,-0.0191,-0.0504,168.3055,-0.2157,3.212,SEARCH,0.0000,0.0000,0.0000,-0.1763
525526,gimbal,dynamic,168.3488,30.25,525.53,-0.0225,-0.0540,168.3262,-0.2105,3.211,SEARCH,0.0000,0.0000,0.0000,-0.1767
525626,gimbal,dynamic,168.3724,30.27,525.63,-0.0252,-0.0582,168.3471,-0.2053,3.209,SEARCH,0.0000,0.0000,0.0000,-0.1772
525726,gimbal,dynamic,168.3958,30.28,525.73,-0.0278,-0.0630,168.3680,-0.2000,3.208,SEARCH,0.0000,0.0000,0.0000,-0.1775
525826,gimbal,dynamic,168.4189,30.30,525.83,-0.0299,-0.0670,168.3890,-0.1948,3.207,SEARCH,0.0000,0.0000,0.0000,-0.1779
525926,gimbal,dynamic,168.4416,30.31,525.93,-0.0315,-0.0707,168.4101,-0.1895,3.206,SEARCH,0.0000,0.0000,0.0000,-0.1781
526026,gimbal,dynamic,168.4641,30.32,526.03,-0.0328,-0.0747,168.4313,-0.1842,3.205,SEARCH,0.0000,0.0000,0.0000,-0.1784
526126,gimbal,dynamic,168.4862,30.32,526.13,-0.0336,-0.0787,168.4525,-0.1789,3.205,SEARCH,0.0000,0.0000,0.0000,-0.1785
526226,gimbal,dynamic,168.5081,30.33,526.23,-0.0341,-0.0816,168.4739,-0.1736,3.205,SEARCH,0.0000,0.0000,0.0000,-0.1786
526326,gimbal,dynamic,168.5302,30.32,526.33,-0.0347,-0.0833,168.4954,-0.1682,3.204,SEARCH,0.0000,0.0000,0.0000,-0.1787
526426,gimbal,dynamic,168.5522,30.32,526.43,-0.0352,-0.0832,168.5170,-0.1628,3.204,SEARCH,0.0000,0.0000,0.0000,-0.1787
526526,gimbal,dynamic,168.5741,30.31,526.53,-0.0354,-0.0819,168.5387,-0.1574,3.204,SEARCH,0.0000,0.0000,0.0000,-0.1787
526626,gimbal,dynamic,168.5955,28.94,526.63,-0.0350,-0.0799,168.5605,-0.1522,3.204,SEARCH,0.0000,0.0000,0.0000,-0.1787
526726,gimbal,dynamic,168.6162,26.64,526.73,-0.0337,-0.0779,168.5825,-0.1479,3.205,SEARCH,0.0000,0.0000,0.0000,-0.1786
526826,gimbal,dynamic,168.6360,24.30,526.83,-0.0315,-0.0764,168.6045,-0.1444,3.205,SEARCH,0.0000,0.0000,0.0000,-0.1785
526926,gimbal,dynamic,168.6550,21.95,526.93,-0.0283,-0.0747,168.6267,-0.1419,3.205,SEARCH,0.0000,0.0000,0.0000,-0.1784
527026,gimbal,dynamic,168.6746,19.60,527.03,-0.0256,-0.0731,168.6490,-0.1403,3.206,SEARCH,0.0000,0.0000,0.0000,-0.1783
527126,gimbal,dynamic,168.6937,17.24,527.13,-0.0223,-0.0713,168.6714,-0.1396,3.206,SEARCH,0.0000,0.0000,0.0000,-0.1781
527226,gimbal,dynamic,168.7131,14.90,527.23,-0.0191,-0.0698,168.6940,-0.1399,3.207,SEARCH,0.0000,0.0000,0.0000,-0.1779
527326,gimbal,dynamic,168.7320,12.60,527.33,-0.0153,-0.0683,168.7167,-0.1410,3.208,SEARCH,0.0000,0.0000,0.0000,-0.1777
527426,gimbal,dynamic,168.7514,10.34,527.43,-0.0118,-0.0673,168.7395,-0.1431,3.208,SEARCH,0.0000,0.0000,0.0000,-0.1775
527526,gimbal,dynamic,168.7709,8.13,527.53,-0.0084,-0.0669,168.7625,-0.1461,3.209,SEARCH,0.0000,0.0000,0.0000,-0.1773
527626,gimbal,dynamic,168.7908,5.98,527.63,-0.0052,-0.0672,168.7856,-0.1500,3.210,SEARCH,0.0000,0.0000,0.0000,-0.1770
527726,gimbal,dynamic,168.8110,3.91,527.73,-0.0021,-0.0677,168.8089,-0.1548,3.211,SEARCH,0.0000,0.0000,0.0000,-0.1767
527826,gimbal,dynamic,168.8315,2.26,527.83,0.0008,-0.0683,168.8323,-0.1605,3.212,SEARCH,0.0000,0.0000,0.0000,-0.1765
527926,gimbal,dynamic,168.8516,2.26,527.93,0.0042,-0.0688,168.8558,-0.1664,3.213,SEARCH,0.0000,0.0000,0.0000,-0.1762
528026,gimbal,dynamic,168.8722,2.26,528.03,0.0074,-0.0694,168.8796,-0.1723,3.214,SEARCH,0.0000,0.0000,0.0000,-0.1759
528126,gimbal,dynamic,168.8929,2.26,528.13,0.0106,-0.0696,168.9034,-0.1783,3.215,SEARCH,0.0000,0.0000,0.0000,-0.1755
528226,gimbal,dynamic,168.9132,2.26,528.23,0.0144,-0.0686,168.9275,-0.1843,3.216,SEARCH,0.0000,0.0000,0.0000,-0.1752
528326,gimbal,dynamic,168.9338,2.26,528.33,0.0180,-0.0670,168.9517,-0.1904,3.217,SEARCH,0.0000,0.0000,0.0000,-0.1749
528426,gimbal,dynamic,168.9554,2.26,528.43,0.0207,-0.0649,168.9760,-0.1965,3.218,SEARCH,0.0000,0.0000,0.0000,-0.1745
528526,gimbal,dynamic,168.9774,2.26,528.53,0.0233,-0.0624,169.0006,-0.2026,3.220,SEARCH,0.0000,0.0000,0.0000,-0.1740
528626,gimbal,dynamic,168.9999,2.26,528.63,0.0255,-0.0602,169.0253,-0.2088,3.221,SEARCH,0.0000,0.0000,0.0000,-0.1736
528726,gimbal,dynamic,169.0225,2.26,528.73,0.0277,-0.0577,169.0501,-0.2150,3.223,SEARCH,0.0000,0.0000,0.0000,-0.1731
528826,gimbal,dynamic,169.0450,2.26,528.83,0.0303,-0.0553,169.0752,-0.2212,3.225,SEARCH,0.0000,0.0000,0.0000,-0.1726
528926,gimbal,dynamic,169.0667,2.26,528.93,0.0338,-0.0526,169.1004,-0.2275,3.226,SEARCH,0.0000,0.0000,0.0000,-0.1721
529026,gimbal,dynamic,169.0883,2.26,529.03,0.0375,-0.0502,169.1258,-0.2339,3.228,SEARCH,0.0000,0.0000,0.0000,-0.1716
529126,gimbal,dynamic,169.1099,2.26,529.13,0.0415,-0.0476,169.1514,-0.2403,3.230,SEARCH,0.0000,0.0000,0.0000,-0.1710
529226,gimbal,dynamic,169.1323,2.26,529.23,0.0449,-0.0454,169.1771,-0.2467,3.232,SEARCH,0.0000,0.0000,0.0000,-0.1705
529326,gimbal,dynamic,169.1556,2.27,529.33,0.0476,-0.0434,169.2031,-0.2532,3.234,SEARCH,0.0000,0.0000,0.0000,-0.1699
529426,gimbal,dynamic,169.1801,2.27,529.43,0.0492,-0.0420,169.2292,-0.2597,3.235,SEARCH,0.0000,0.0000,0.0000,-0.1694
529526,gimbal,dynamic,169.2053,2.27,529.53,0.0503,-0.0411,169.2555,-0.2663,3.237,SEARCH,0.0000,0.0000,0.0000,-0.1688
529626,gimbal,dynamic,169.2308,2.27,529.63,0.0514,-0.0405,169.2820,-0.2729,3.239,SEARCH,0.0000,0.0000,0.0000,-0.1683
529726,gimbal,dynamic,169.2563,2.27,529.73,0.0525,-0.0409,169.3086,-0.2796,3.241,SEARCH,0.0000,0.0000,0.0000,-0.1677
529826,gimbal,dynamic,169.2823,2.27,529.83,0.0534,-0.0421,169.3355,-0.2863,3.243,SEARCH,0.0000,0.0000,0.0000,-0.1672
529926,gimbal,dynamic,169.3089,2.27,529.93,0.0539,-0.0435,169.3626,-0.2931,3.244,SEARCH,0.0000,0.0000,0.0000,-0.1667
530026,gimbal,dynamic,169.3366,2.27,530.03,0.0534,-0.0450,169.3898,-0.2999,3.246,SEARCH,0.0000,0.0000,0.0000,-0.1661
530126,gimbal,dynamic,169.3651,2.27,530.13,0.0523,-0.0462,169.4172,-0.3068,3.248,SEARCH,0.0000,0.0000,0.0000,-0.1656
530226,gimbal,dynamic,169.3934,2.27,530.23,0.0517,-0.0466,169.4449,-0.3137,3.250,SEARCH,0.0000,0.0000,0.0000,-0.1650
530326,gimbal,dynamic,169.4224,2.27,530.33,0.0505,-0.0467,169.4727,-0.3206,3.252,SEARCH,0.0000,0.0000,0.0000,-0.1644
530426,gimbal,dynamic,169.4517,2.27,530.43,0.0492,-0.0461,169.5007,-0.3276,3.254,SEARCH,0.0000,0.0000,0.0000,-0.1638
530526,gimbal,dynamic,169.4812,2.27,530.53,0.0480,-0.0453,169.5290,-0.3347,3.256,SEARCH,0.0000,0.0000,0.0000,-0.1632
530626,gimbal,dynamic,169.5111,2.27,530.63,0.0465,-0.0440,169.5574,-0.3418,3.258,SEARCH,0.0000,0.0000,0.0000,-0.1625
530726,gimbal,dynamic,169.5414,2.27,530.73,0.0449,-0.0424,169.5860,-0.3489,3.260,SEARCH,0.0000,0.0000,0.0000,-0.1619
530826,gimbal,dynamic,169.5722,2.27,530.83,0.0429,-0.0410,169.6148,-0.3561,3.263,SEARCH,0.0000,0.0000,0.0000,-0.1612
530926,gimbal,dynamic,169.6040,2.27,530.93,0.0401,-0.0397,169.6438,-0.3634,3.265,SEARCH,0.0000,0.0000,0.0000,-0.1606
531026,gimbal,dynamic,169.6357,2.27,531.03,0.0377,-0.0386,169.6730,-0.3707,3.267,SEARCH,0.0000,0.0000,0.0000,-0.1600
531126,gimbal,dynamic,169.6665,2.27,531.13,0.0363,-0.0376,169.7024,-0.3781,3.269,SEARCH,0.0000,0.0000,0.0000,-0.1594
531226,gimbal,dynamic,169.6964,2.27,531.23,0.0360,-0.0372,169.7321,-0.3855,3.271,SEARCH,0.0000,0.0000,0.0000,-0.1588
531326,gimbal,dynamic,169.7259,2.27,531.33,0.0363,-0.0374,169.7619,-0.3929,3.273,SEARCH,0.0000,0.0000,0.0000,-0.1582
531426,gimbal,dynamic,169.7548,2.27,531.43,0.0374,-0.0377,169.7919,-0.4004,3.274,SEARCH,0.0000,0.0000,0.0000,-0.1577
531526,gimbal,dynamic,169.7836,2.27,531.53,0.0389,-0.0381,169.8221,-0.4080,3.276,SEARCH,0.0000,0.0000,0.0000,-0.1571
531626,gimbal,dynamic,169.8128,2.27,531.63,0.0402,-0.0391,169.8525,-0.4156,3.278,SEARCH,0.0000,0.0000,0.0000,-0.1565
531726,gimbal,dynamic,169.8420,2.27,531.73,0.0416,-0.0406,169.8831,-0.4232,3.280,SEARCH,0.0000,0.0000,0.0000,-0.1559
531826,gimbal,dynamic,169.8718,2.27,531.83,0.0426,-0.0424,169.9139,-0.4309,3.282,SEARCH,0.0000,0.0000,0.0000,-0.1553
531926,gimbal,dynamic,169.9028,2.27,531.93,0.0426,-0.0445,169.9449,-0.4387,3.284,SEARCH,0.0000,0.0000,0.0000,-0.1547
532026,gimbal,dynamic,169.9349,2.27,532.03,0.0418,-0.0466,169.9762,-0.4465,3.287,SEARCH,0.0000,0.0000,0.0000,-0.1540
532126,gimbal,dynamic,169.9677,2.27,532.13,0.0404,-0.0490,170.0076,-0.4543,3.289,SEARCH,0.0000,0.0000,0.0000,-0.1534
532226,gimbal,dynamic,170.0010,2.28,532.23,0.0386,-0.0511,170.0392,-0.4622,3.291,SEARCH,0.0000,0.0000,0.0000,-0.1527
532326,gimbal,dynamic,170.0348,2.28,532.33,0.0367,-0.0535,170.0710,-0.4702,3.293,SEARCH,0.0000,0.0000,0.0000,-0.1521
532426,gimbal,dynamic,170.0685,2.28,532.43,0.0349,-0.0557,170.1030,-0.4782,3.295,SEARCH,0.0000,0.0000,0.0000,-0.1514
532526,gimbal,dynamic,170.1023,2.28,532.53,0.0334,-0.0578,170.1352,-0.4862,3.298,SEARCH,0.0000,0.0000,0.0000,-0.1507
532626,gimbal,dynamic,170.1354,2.28,532.63,0.0327,-0.0598,170.1675,-0.4943,3.300,SEARCH,0.0000,0.0000,0.0000,-0.1500
532726,gimbal,dynamic,170.1680,2.28,532.73,0.0327,-0.0624,170.2001,-0.5025,3.302,SEARCH,0.0000,0.0000,0.0000,-0.1493
532826,gimbal,dynamic,170.1997,2.27,532.83,0.0338,-0.0653,170.2329,-0.5107,3.304,SEARCH,0.0000,0.0000,0.0000,-0.1487
532926,gimbal,dynamic,170.2308,2.27,532.93,0.0357,-0.0681,170.2659,-0.5189,3.307,SEARCH,0.0000,0.0000,0.0000,-0.1480
533026,gimbal,dynamic,170.2619,2.27,533.03,0.0378,-0.0704,170.2990,-0.5272,3.309,SEARCH,0.0000,0.0000,0.0000,-0.1474
533126,gimbal,dynamic,170.2934,2.27,533.13,0.0396,-0.0730,170.3324,-0.5355,3.311,SEARCH,0.0000,0.0000,0.0000,-0.1468
533226,gimbal,dynamic,170.3257,2.27,533.23,0.0408,-0.0758,170.3659,-0.5439,3.314,SEARCH,0.0000,0.0000,0.0000,-0.1458
533326,gimbal,dynamic,170.3587,2.27,533.33,0.0416,-0.0785,170.3996,-0.5523,3.312,SEARCH,0.0000,0.0000,0.0000,-0.1464
533426,gimbal,dynamic,170.3928,2.27,533.43,0.0415,-0.0811,170.4335,-0.5608,3.306,SEARCH,0.0000,0.0000,0.0000,-0.1481
533526,gimbal,dynamic,170.4273,2.27,533.53,0.0410,-0.0829,170.4676,-0.5693,3.298,SEARCH,0.0000,0.0000,0.0000,-0.1505
533626,gimbal,dynamic,170.4622,2.27,533.63,0.0404,-0.0841,170.5019,-0.5779,3.289,SEARCH,0.0000,0.0000,0.0000,-0.1533
533726,gimbal,dynamic,170.4970,3.35,533.73,0.0401,-0.0854,170.5363,-0.5861,3.280,SEARCH,0.0000,0.0000,0.0000,-0.1559
533826,gimbal,dynamic,170.5317,4.73,533.83,0.0400,-0.0863,170.5710,-0.5935,3.271,SEARCH,0.0000,0.0000,0.0000,-0.1586
533926,gimbal,dynamic,170.5664,6.12,533.93,0.0401,-0.0866,170.6058,-0.6000,3.263,SEARCH,0.0000,0.0000,0.0000,-0.1611
534026,gimbal,dynamic,170.6014,7.52,534.03,0.0402,-0.0861,170.6408,-0.6057,3.254,SEARCH,0.0000,0.0000,0.0000,-0.1638
534126,gimbal,dynamic,170.6369,8.92,534.13,0.0398,-0.0852,170.6759,-0.6106,3.245,SEARCH,0.0000,0.0000,0.0000,-0.1665
534226,gimbal,dynamic,170.6728,10.32,534.23,0.0392,-0.0837,170.7112,-0.6146,3.235,SEARCH,0.0000,0.0000,0.0000,-0.1696
534326,gimbal,dynamic,170.7090,11.71,534.33,0.0386,-0.0818,170.7467,-0.6177,3.223,SEARCH,0.0000,0.0000,0.0000,-0.1730
534426,gimbal,dynamic,170.7450,13.10,534.43,0.0382,-0.0804,170.7824,-0.6200,3.210,SEARCH,0.0000,0.0000,0.0000,-0.1771
534526,gimbal,dynamic,170.7809,14.48,534.53,0.0382,-0.0793,170.8182,-0.6214,3.193,SEARCH,0.0000,0.0000,0.0000,-0.1821
534626,gimbal,dynamic,170.8170,15.84,534.63,0.0381,-0.0788,170.8542,-0.6220,3.175,SEARCH,0.0000,0.0000,0.0000,-0.1875
534726,gimbal,dynamic,170.8534,17.18,534.73,0.0378,-0.0783,170.8903,-0.6217,3.152,SEARCH,0.0000,0.0000,0.0000,-0.1943
534826,gimbal,dynamic,170.8896,18.50,534.83,0.0379,-0.0783,170.9266,-0.6206,3.128,SEARCH,0.0000,0.0000,0.0000,-0.2017
534926,gimbal,dynamic,170.9255,19.79,534.93,0.0384,-0.0786,170.9631,-0.6186,3.097,SEARCH,0.0000,0.0000,0.0000,-0.2108
535026,gimbal,dynamic,170.9611,21.05,535.03,0.0394,-0.0789,170.9997,-0.6158,3.066,SEARCH,0.0000,0.0000,0.0000,-0.2203
535126,gimbal,dynamic,170.9961,22.28,535.13,0.0412,-0.0791,171.0364,-0.6122,3.030,SEARCH,0.0000,0.0000,0.0000,-0.2310
535226,gimbal,dynamic,171.0309,23.47,535.23,0.0432,-0.0793,171.0733,-0.6079,2.987,SEARCH,0.0000,0.0000,0.0000,-0.2440
535326,gimbal,dynamic,171.0654,24.62,535.33,0.0457,-0.0796,171.1104,-0.6027,2.943,SEARCH,0.0000,0.0000,0.0000,-0.2572
535426,gimbal,dynamic,171.0995,25.74,535.43,0.0488,-0.0804,171.1475,-0.5968,2.891,SEARCH,0.0000,0.0000,0.0000,-0.2726
535526,gimbal,dynamic,171.1334,26.81,535.53,0.0522,-0.0815,171.1849,-0.5901,2.840,SEARCH,0.0000,0.0000,0.0000,-0.2880
535626,gimbal,dynamic,171.1671,27.83,535.63,0.0559,-0.0828,171.2223,-0.5827,2.781,SEARCH,0.0000,0.0000,0.0000,-0.3058
535726,gimbal,dynamic,171.2008,28.82,535.73,0.0598,-0.0843,171.2599,-0.5746,2.723,SEARCH,0.0000,0.0000,0.0000,-0.3230
535826,gimbal,dynamic,171.2341,29.75,535.83,0.0641,-0.0857,171.2976,-0.5658,2.658,SEARCH,0.0000,0.0000,0.0000,-0.3426
535926,gimbal,dynamic,171.2680,30.35,535.93,0.0681,-0.0870,171.3355,-0.5564,2.596,SEARCH,0.0000,0.0000,0.0000,-0.3611
536026,gimbal,dynamic,171.3019,30.35,536.03,0.0721,-0.0886,171.3734,-0.5469,2.527,SEARCH,0.0000,0.0000,0.0000,-0.3818
536126,gimbal,dynamic,171.3366,30.35,536.13,0.0754,-0.0900,171.4115,-0.5374,2.462,SEARCH,0.0000,0.0000,0.0000,-0.4013
536226,gimbal,dynamic,171.3723,30.35,536.23,0.0780,-0.0910,171.4497,-0.5278,2.392,SEARCH,0.0000,0.0000,0.0000,-0.4225
536326,gimbal,dynamic,171.4091,30.35,536.33,0.0794,-0.0920,171.4880,-0.5182,2.326,SEARCH,0.0000,0.0000,0.0000,-0.4421
536426,gimbal,dynamic,171.4466,30.34,536.43,0.0803,-0.0927,171.5264,-0.5086,2.257,SEARCH,0.0000,0.0000,0.0000,-0.4628
536526,gimbal,dynamic,171.4847,30.34,536.53,0.0807,-0.0932,171.5650,-0.4990,2.195,SEARCH,0.0000,0.0000,0.0000,-0.4816
536626,gimbal,dynamic,171.5226,30.34,536.63,0.0814,-0.0939,171.6036,-0.4893,2.129,SEARCH,0.0000,0.0000,0.0000,-0.5013
536726,gimbal,dynamic,171.5605,30.34,536.73,0.0823,-0.0949,171.6423,-0.4796,2.070,SEARCH,0.0000,0.0000,0.0000,-0.5189
536826,gimbal,dynamic,171.5988,30.33,536.83,0.0828,-0.0955,171.6811,-0.4699,2.010,SEARCH,0.0000,0.0000,0.0000,-0.5371
536926,gimbal,dynamic,171.6375,30.33,536.93,0.0829,-0.0951,171.7201,-0.4602,1.951,SEARCH,0.0000,0.0000,0.0000,-0.5546
537026,gimbal,dynamic,171.6771,30.33,537.03,0.0823,-0.0940,171.7591,-0.4505,1.900,SEARCH,0.0000,0.0000,0.0000,-0.5699
537126,gimbal,dynamic,171.7169,30.33,537.13,0.0816,-0.0923,171.7982,-0.4407,1.853,SEARCH,0.0000,0.0000,0.0000,-0.5841
537226,gimbal,dynamic,171.7569,30.33,537.23,0.0807,-0.0902,171.8373,-0.4309,1.806,SEARCH,0.0000,0.0000,0.0000,-0.5982
537326,gimbal,dynamic,171.7972,30.34,537.33,0.0797,-0.0873,171.8766,-0.4211,1.766,SEARCH,0.0000,0.0000,0.0000,-0.6102
537426,gimbal,dynamic,171.8370,30.35,537.43,0.0792,-0.0832,171.9159,-0.4113,1.726,SEARCH,0.0000,0.0000,0.0000,-0.6222
537526,gimbal,dynamic,171.8759,30.35,537.53,0.0797,-0.0788,171.9553,-0.4014,1.692,SEARCH,0.0000,0.0000,0.0000,-0.6324
537626,gimbal,dynamic,171.9138,30.35,537.63,0.0813,-0.0752,171.9948,-0.3915,1.659,SEARCH,0.0000,0.0000,0.0000,-0.6422
537726,gimbal,dynamic,171.9494,30.36,537.73,0.0852,-0.0705,172.0343,-0.3817,1.630,SEARCH,0.0000,0.0000,0.0000,-0.6511
537826,gimbal,dynamic,171.9853,30.31,537.83,0.0889,-0.0694,172.0739,-0.3718,1.626,SEARCH,0.0000,0.0000,0.0000,-0.6521
537926,gimbal,dynamic,172.0210,30.31,537.93,0.0928,-0.0701,172.1135,-0.3619,1.627,SEARCH,0.0000,0.0000,0.0000,-0.6520
538026,gimbal,dynamic,172.0574,30.31,538.03,0.0960,-0.0715,172.1532,-0.3519,1.627,SEARCH,0.0000,0.0000,0.0000,-0.6518
538126,gimbal,dynamic,172.0948,30.31,538.13,0.0984,-0.0729,172.1929,-0.3420,1.628,SEARCH,0.0000,0.0000,0.0000,-0.6515
538226,gimbal,dynamic,172.1332,30.31,538.23,0.0997,-0.0735,172.2327,-0.3320,1.629,SEARCH,0.0000,0.0000,0.0000,-0.6513
538326,gimbal,dynamic,172.1719,30.31,538.33,0.1008,-0.0735,172.2725,-0.3221,1.630,SEARCH,0.0000,0.0000,0.0000,-0.6510
538426,gimbal,dynamic,172.2108,30.31,538.43,0.1018,-0.0731,172.3124,-0.3121,1.630,SEARCH,0.0000,0.0000,0.0000,-0.6509
538526,gimbal,dynamic,172.2505,30.31,538.53,0.1019,-0.0724,172.3523,-0.3022,1.631,SEARCH,0.0000,0.0000,0.0000,-0.6507
538626,gimbal,dynamic,172.2908,30.31,538.63,0.1015,-0.0716,172.3922,-0.2922,1.631,SEARCH,0.0000,0.0000,0.0000,-0.6507
538726,gimbal,dynamic,172.3315,30.31,538.73,0.1007,-0.0707,172.4321,-0.2822,1.631,SEARCH,0.0000,0.0000,0.0000,-0.6506
538826,gimbal,dynamic,172.3723,30.31,538.83,0.0999,-0.0700,172.4721,-0.2722,1.631,SEARCH,0.0000,0.0000,0.0000,-0.6506
538926,gimbal,dynamic,172.4131,30.32,538.93,0.0991,-0.0697,172.5121,-0.2622,1.631,SEARCH,0.0000,0.0000,0.0000,-0.6506
539026,gimbal,dynamic,172.4540,30.32,539.03,0.0981,-0.0705,172.5521,-0.2522,1.631,SEARCH,0.0000,0.0000,0.0000,-0.6506
539126,gimbal,dynamic,172.4950,30.32,539.13,0.0971,-0.0724,172.5921,-0.2422,1.631,SEARCH,0.0000,0.0000,0.0000,-0.6506
539226,gimbal,dynamic,172.5366,30.32,539.23,0.0955,-0.0759,172.6321,-0.2322,1.631,SEARCH,0.0000,0.0000,0.0000,-0.6507
539326,gimbal,dynamic,172.5787,30.32,539.33,0.0934,-0.0804,172.6721,-0.2222,1.631,SEARCH,0.0000,0.0000,0.0000,-0.6507
539426,gimbal,dynamic,172.6205,30.32,539.43,0.0916,-0.0841,172.7121,-0.2122,1.631,SEARCH,0.0000,0.0000,0.0000,-0.6508
539526,gimbal,dynamic,172.6621,30.32,539.53,0.0900,-0.0872,172.7520,-0.2022,1.630,SEARCH,0.0000,0.0000,0.0000,-0.6509
539626,gimbal,dynamic,172.7035,30.32,539.63,0.0885,-0.0894,172.7920,-0.1922,1.630,SEARCH,0.0000,0.0000,0.0000,-0.6509
539726,gimbal,dynamic,172.7448,30.32,539.73,0.0872,-0.0904,172.8320,-0.1822,1.630,SEARCH,0.0000,0.0000,0.0000,-0.6510
539826,gimbal,dynamic,172.7850,29.66,539.83,0.0870,-0.0907,172.8719,-0.1725,1.630,SEARCH,0.0000,0.0000,0.0000,-0.6511
539926,gimbal,dynamic,172.8240,28.82,539.93,0.0879,-0.0905,172.9118,-0.1634,1.630,SEARCH,0.0000,0.0000,0.0000,-0.6511
540026,gimbal,dynamic,172.8617,27.95,540.03,0.0900,-0.0905,172.9517,-0.1550,1.630,SEARCH,0.0000,0.0000,0.0000,-0.6511
540126,gimbal,dynamic,172.8991,27.05,540.13,0.0925,-0.0907,172.9916,-0.1472,1.629,SEARCH,0.0000,0.0000,0.0000,-0.6512
540226,gimbal,dynamic,172.9371,26.12,540.23,0.0943,-0.0910,173.0314,-0.1401,1.629,SEARCH,0.0000,0.0000,0.0000,-0.6512
540326,gimbal,dynamic,172.9759,25.16,540.33,0.0953,-0.0912,173.0712,-0.1336,1.629,SEARCH,0.0000,0.0000,0.0000,-0.6512
540426,gimbal,dynamic,173.0155,24.18,540.43,0.0954,-0.0910,173.1109,-0.1279,1.629,SEARCH,0.0000,0.0000,0.0000,-0.6513
540526,gimbal,dynamic,173.0562,23.19,540.53,0.0944,-0.0901,173.1506,-0.1228,1.629,SEARCH,0.0000,0.0000,0.0000,-0.6513
540626,gimbal,dynamic,173.0974,22.17,540.63,0.0929,-0.0892,173.1902,-0.1185,1.629,SEARCH,0.0000,0.0000,0.0000,-0.6513
540726,gimbal,dynamic,173.1381,21.13,540.73,0.0917,-0.0885,173.2298,-0.1149,1.629,SEARCH,0.0000,0.0000,0.0000,-0.6513
540826,gimbal,dynamic,173.1779,20.08,540.83,0.0915,-0.0875,173.2693,-0.1120,1.629,SEARCH,0.0000,0.0000,0.0000,-0.6513
540926,gimbal,dynamic,173.2166,19.02,540.93,0.0922,-0.0855,173.3088,-0.1099,1.629,SEARCH,0.0000,0.0000,0.0000,-0.6513
541026,gimbal,dynamic,173.2552,17.95,541.03,0.0929,-0.0829,173.3482,-0.1085,1.629,SEARCH,0.0000,0.0000,0.0000,-0.6513
541126,gimbal,dynamic,173.2941,16.87,541.13,0.0934,-0.0799,173.3875,-0.1078,1.629,SEARCH,0.0000,0.0000,0.0000,-0.6513
541226,gimbal,dynamic,173.3337,15.79,541.23,0.0931,-0.0772,173.4268,-0.1079,1.629,SEARCH,0.0000,0.0000,0.0000,-0.6513
541326,gimbal,dynamic,173.3739,14.72,541.33,0.0920,-0.0750,173.4659,-0.1087,1.629,SEARCH,0.0000,0.0000,0.0000,-0.6513
541426,gimbal,dynamic,173.4143,13.64,541.43,0.0907,-0.0732,173.5050,-0.1102,1.629,SEARCH,0.0000,0.0000,0.0000,-0.6512
541526,gimbal,dynamic,173.4551,12.57,541.53,0.0889,-0.0711,173.5440,-0.1125,1.629,SEARCH,0.0000,0.0000,0.0000,-0.6512
541626,gimbal,dynamic,173.4962,11.51,541.63,0.0868,-0.0694,173.5829,-0.1155,1.629,SEARCH,0.0000,0.0000,0.0000,-0.6512
541726,gimbal,dynamic,173.5376,10.46,541.73,0.0842,-0.0677,173.6217,-0.1192,1.629,SEARCH,0.0000,0.0000,0.0000,-0.6512
541826,gimbal,dynamic,173.5787,9.43,541.83,0.0818,-0.0660,173.6605,-0.1236,1.629,SEARCH,0.0000,0.0000,0.0000,-0.6512
541926,gimbal,dynamic,173.6199,8.41,541.93,0.0792,-0.0640,173.6991,-0.1287,1.629,SEARCH,0.0000,0.0000,0.0000,-0.6512
542026,gimbal,dynamic,173.6603,7.41,542.03,0.0774,-0.0619,173.7376,-0.1345,1.629,SEARCH,0.0000,0.0000,0.0000,-0.6513
542126,gimbal,dynamic,173.6997,6.44,542.13,0.0764,-0.0596,173.7760,-0.1409,1.629,SEARCH,0.0000,0.0000,0.0000,-0.6513
542226,gimbal,dynamic,173.7385,5.49,542.23,0.0759,-0.0574,173.8143,-0.1480,1.629,SEARCH,0.0000,0.0000,0.0000,-0.6513
542326,gimbal,dynamic,173.7767,4.57,542.33,0.0758,-0.0556,173.8525,-0.1557,1.629,SEARCH,0.0000,0.0000,0.0000,-0.6514
542426,gimbal,dynamic,173.8150,3.68,542.43,0.0757,-0.0544,173.8906,-0.1639,1.629,SEARCH,0.0000,0.0000,0.0000,-0.6514
542526,gimbal,dynamic,173.8533,2.82,542.53,0.0753,-0.0532,173.9286,-0.1728,1.629,SEARCH,0.0000,0.0000,0.0000,-0.6514
542626,gimbal,dynamic,173.8916,2.22,542.63,0.0749,-0.0513,173.9664,-0.1822,1.629,SEARCH,0.0000,0.0000,0.0000,-0.6514
542726,gimbal,dynamic,173.9296,2.22,542.73,0.0745,-0.0489,174.0041,-0.1916,1.629,SEARCH,0.0000,0.0000,0.0000,-0.6514
542826,gimbal,dynamic,173.9676,2.21,542.83,0.0741,-0.0469,174.0417,-0.2010,1.629,SEARCH,0.0000,0.0000,0.0000,-0.6514
542926,gimbal,dynamic,174.0061,2.21,542.93,0.0731,-0.0453,174.0791,-0.2104,1.629,SEARCH,0.0000,0.0000,0.0000,-0.6514
543026,gimbal,dynamic,174.0442,2.21,543.03,0.0724,-0.0439,174.1165,-0.2197,1.629,SEARCH,0.0000,0.0000,0.0000,-0.6514
543126,gimbal,dynamic,174.0813,2.22,543.13,0.0724,-0.0421,174.1536,-0.2290,1.629,SEARCH,0.0000,0.0000,0.0000,-0.6514
543226,gimbal,dynamic,174.1181,2.22,543.23,0.0727,-0.0408,174.1907,-0.2383,1.628,SEARCH,0.0000,0.0000,0.0000,-0.6515
543326,gimbal,dynamic,174.1544,2.22,543.33,0.0733,-0.0403,174.2276,-0.2475,1.628,SEARCH,0.0000,0.0000,0.0000,-0.6515
543426,gimbal,dynamic,174.1899,2.22,543.43,0.0746,-0.0405,174.2643,-0.2567,1.628,SEARCH,0.0000,0.0000,0.0000,-0.6516
543526,gimbal,dynamic,174.2252,2.22,543.53,0.0758,-0.0408,174.3009,-0.2658,1.628,SEARCH,0.0000,0.0000,0.0000,-0.6516
543626,gimbal,dynamic,174.2607,2.22,543.63,0.0768,-0.0415,174.3374,-0.2749,1.628,SEARCH,0.0000,0.0000,0.0000,-0.6516
543726,gimbal,dynamic,174.2961,2.22,543.73,0.0777,-0.0428,174.3736,-0.2840,1.628,SEARCH,0.0000,0.0000,0.0000,-0.6516
543826,gimbal,dynamic,174.3314,2.22,543.83,0.0785,-0.0444,174.4098,-0.2930,1.628,SEARCH,0.0000,0.0000,0.0000,-0.6516
543926,gimbal,dynamic,174.3666,2.22,543.93,0.0794,-0.0463,174.4458,-0.3020,1.628,SEARCH,0.0000,0.0000,0.0000,-0.6516
544026,gimbal,dynamic,174.4012,2.21,544.03,0.0806,-0.0479,174.4816,-0.3110,1.628,SEARCH,0.0000,0.0000,0.0000,-0.6516
544126,gimbal,dynamic,174.4347,2.22,544.13,0.0827,-0.0494,174.5172,-0.3199,1.628,SEARCH,0.0000,0.0000,0.0000,-0.6516
544226,gimbal,dynamic,174.4679,2.22,544.23,0.0850,-0.0503,174.5527,-0.3288,1.628,SEARCH,0.0000,0.0000,0.0000,-0.6516
544326,gimbal,dynamic,174.5012,2.22,544.33,0.0871,-0.0513,174.5880,-0.3376,1.628,SEARCH,0.0000,0.0000,0.0000,-0.6516
544426,gimbal,dynamic,174.5344,2.22,544.43,0.0890,-0.0525,174.6232,-0.3464,1.628,SEARCH,0.0000,0.0000,0.0000,-0.6517
544526,gimbal,dynamic,174.5673,2.22,544.53,0.0911,-0.0539,174.6581,-0.3551,1.628,SEARCH,0.0000,0.0000,0.0000,-0.6517
544626,gimbal,dynamic,174.5999,2.22,544.63,0.0933,-0.0553,174.6929,-0.3638,1.628,SEARCH,0.0000,0.0000,0.0000,-0.6517
544726,gimbal,dynamic,174.6325,2.22,544.73,0.0954,-0.0564,174.7276,-0.3725,1.627,SEARCH,0.0000,0.0000,0.0000,-0.6518
544826,gimbal,dynamic,174.6653,2.21,544.83,0.0970,-0.0575,174.7620,-0.3811,1.627,SEARCH,0.0000,0.0000,0.0000,-0.6518
544926,gimbal,dynamic,174.6977,2.21,544.93,0.0988,-0.0586,174.7963,-0.3897,1.627,SEARCH,0.0000,0.0000,0.0000,-0.6518
545026,gimbal,dynamic,174.7301,2.21,545.03,0.1006,-0.0595,174.8303,-0.3982,1.627,SEARCH,0.0000,0.0000,0.0000,-0.6519
545126,gimbal,dynamic,174.7623,2.22,545.13,0.1023,-0.0609,174.8642,-0.4067,1.627,SEARCH,0.0000,0.0000,0.0000,-0.6519
545226,gimbal,dynamic,174.7947,2.22,545.23,0.1036,-0.0626,174.8979,-0.4151,1.627,SEARCH,0.0000,0.0000,0.0000,-0.6518
545326,gimbal,dynamic,174.8273,2.22,545.33,0.1046,-0.0643,174.9315,-0.4235,1.627,SEARCH,0.0000,0.0000,0.0000,-0.6518
545426,gimbal,dynamic,174.8603,2.22,545.43,0.1049,-0.0662,174.9648,-0.4318,1.627,SEARCH,0.0000,0.0000,0.0000,-0.6518
545526,gimbal,dynamic,174.8940,2.21,545.53,0.1044,-0.0678,174.9980,-0.4401,1.627,SEARCH,0.0000,0.0000,0.0000,-0.6518
545626,gimbal,dynamic,174.9280,2.21,545.63,0.1033,-0.0686,175.0309,-0.4483,1.628,SEARCH,0.0000,0.0000,0.0000,-0.6517
545726,gimbal,dynamic,174.9617,2.21,545.73,0.1024,-0.0693,175.0637,-0.4565,1.628,SEARCH,0.0000,0.0000,0.0000,-0.6517
545826,gimbal,dynamic,174.9941,2.21,545.83,0.1026,-0.0700,175.0963,-0.4647,1.628,SEARCH,0.0000,0.0000,0.0000,-0.6517
545926,gimbal,dynamic,175.0254,2.21,545.93,0.1037,-0.0709,175.1286,-0.4728,1.628,SEARCH,0.0000,0.0000,0.0000,-0.6516
546026,gimbal,dynamic,175.0558,2.21,546.03,0.1055,-0.0717,175.1608,-0.4808,1.628,SEARCH,0.0000,0.0000,0.0000,-0.6516
546126,gimbal,dynamic,175.0853,2.21,546.13,0.1080,-0.0725,175.1928,-0.4888,1.628,SEARCH,0.0000,0.0000,0.0000,-0.6515
546226,gimbal,dynamic,175.1148,2.36,546.23,0.1103,-0.0734,175.2246,-0.4967,1.628,SEARCH,0.0000,0.0000,0.0000,-0.6515
546326,gimbal,dynamic,175.1447,3.38,546.33,0.1121,-0.0741,175.2562,-0.5041,1.629,SEARCH,0.0000,0.0000,0.0000,-0.6514
546426,gimbal,dynamic,175.1760,4.47,546.43,0.1121,-0.0743,175.2876,-0.5109,1.629,SEARCH,0.0000,0.0000,0.0000,-0.6514
546526,gimbal,dynamic,175.2087,5.62,546.53,0.1107,-0.0737,175.3188,-0.5170,1.629,SEARCH,0.0000,0.0000,0.0000,-0.6514
546626,gimbal,dynamic,175.2429,6.83,546.63,0.1075,-0.0724,175.3498,-0.5223,1.629,SEARCH,0.0000,0.0000,0.0000,-0.6514
546726,gimbal,dynamic,175.2776,8.10,546.73,0.1036,-0.0705,175.3806,-0.5270,1.629,SEARCH,0.0000,0.0000,0.0000,-0.6514
546826,gimbal,dynamic,175.3117,9.42,546.83,0.1001,-0.0683,175.4112,-0.5309,1.629,SEARCH,0.0000,0.0000,0.0000,-0.6513
546926,gimbal,dynamic,175.3458,10.80,546.93,0.0965,-0.0660,175.4416,-0.5340,1.629,SEARCH,0.0000,0.0000,0.0000,-0.6513
547026,gimbal,dynamic,175.3793,12.23,547.03,0.0932,-0.0639,175.4718,-0.5364,1.629,SEARCH,0.0000,0.0000,0.0000,-0.6512
547126,gimbal,dynamic,175.4126,13.70,547.13,0.0898,-0.0616,175.5018,-0.5380,1.629,SEARCH,0.0000,0.0000,0.0000,-0.6512
547226,gimbal,dynamic,175.4448,15.22,547.23,0.0875,-0.0598,175.5316,-0.5388,1.630,SEARCH,0.0000,0.0000,0.0000,-0.6511
547326,gimbal,dynamic,175.4757,16.78,547.33,0.0862,-0.0581,175.5612,-0.5388,1.630,SEARCH,0.0000,0.0000,0.0000,-0.6511
547426,gimbal,dynamic,175.5057,18.37,547.43,0.0856,-0.0568,175.5906,-0.5380,1.630,SEARCH,0.0000,0.0000,0.0000,-0.6511
547526,gimbal,dynamic,175.5354,19.99,547.53,0.0852,-0.0557,175.6198,-0.5363,1.630,SEARCH,0.0000,0.0000,0.0000,-0.6510
547626,gimbal,dynamic,175.5644,21.64,547.63,0.0851,-0.0547,175.6489,-0.5339,1.630,SEARCH,0.0000,0.0000,0.0000,-0.6510
547726,gimbal,dynamic,175.5925,23.29,547.73,0.0858,-0.0536,175.6777,-0.5306,1.630,SEARCH,0.0000,0.0000,0.0000,-0.6510
547826,gimbal,dynamic,175.6200,24.97,547.83,0.0869,-0.0525,175.7063,-0.5265,1.630,SEARCH,0.0000,0.0000,0.0000,-0.6510
547926,gimbal,dynamic,175.6471,26.64,547.93,0.0882,-0.0519,175.7347,-0.5215,1.630,SEARCH,0.0000,0.0000,0.0000,-0.6510
548026,gimbal,dynamic,175.6737,28.32,548.03,0.0898,-0.0523,175.7629,-0.5158,1.630,SEARCH,0.0000,0.0000,0.0000,-0.6510
548126,gimbal,dynamic,175.6994,29.98,548.13,0.0921,-0.0532,175.7909,-0.5092,1.630,SEARCH,0.0000,0.0000,0.0000,-0.6511
548226,gimbal,dynamic,175.7244,30.27,548.23,0.0949,-0.0545,175.8187,-0.5023,1.630,SEARCH,0.0000,0.0000,0.0000,-0.6511
548326,gimbal,dynamic,175.7487,30.27,548.33,0.0982,-0.0560,175.8464,-0.4954,1.630,SEARCH,0.0000,0.0000,0.0000,-0.6511
548426,gimbal,dynamic,175.7735,30.27,548.43,0.1008,-0.0575,175.8738,-0.4885,1.630,SEARCH,0.0000,0.0000,0.0000,-0.6511
548526,gimbal,dynamic,175.7989,30.27,548.53,0.1027,-0.0588,175.9010,-0.4817,1.630,SEARCH,0.0000,0.0000,0.0000,-0.6511
548626,gimbal,dynamic,175.8252,30.27,548.63,0.1034,-0.0592,175.9281,-0.4749,1.629,SEARCH,0.0000,0.0000,0.0000,-0.6512
548726,gimbal,dynamic,175.8517,30.27,548.73,0.1037,-0.0589,175.9549,-0.4682,1.629,SEARCH,0.0000,0.0000,0.0000,-0.6512
548826,gimbal,dynamic,175.8782,30.27,548.83,0.1039,-0.0584,175.9816,-0.4616,1.629,SEARCH,0.0000,0.0000,0.0000,-0.6512
548926,gimbal,dynamic,175.9047,30.27,548.93,0.1038,-0.0580,176.0081,-0.4549,1.629,SEARCH,0.0000,0.0000,0.0000,-0.6513
549026,gimbal,dynamic,175.9314,30.27,549.03,0.1034,-0.0578,176.0344,-0.4484,1.629,SEARCH,0.0000,0.0000,0.0000,-0.6514
549126,gimbal,dynamic,175.9578,30.27,549.13,0.1031,-0.0579,176.0605,-0.4418,1.629,SEARCH,0.0000,0.0000,0.0000,-0.6514
549226,gimbal,dynamic,175.9840,30.27,549.23,0.1028,-0.0579,176.0864,-0.4354,1.628,SEARCH,0.0000,0.0000,0.0000,-0.6515
549326,gimbal,dynamic,176.0094,30.27,549.33,0.1031,-0.0579,176.1122,-0.4289,1.628,SEARCH,0.0000,0.0000,0.0000,-0.6515
549426,gimbal,dynamic,176.0342,30.27,549.43,0.1039,-0.0578,176.1377,-0.4225,1.628,SEARCH,0.0000,0.0000,0.0000,-0.6515
549526,gimbal,dynamic,176.0585,30.27,549.53,0.1050,-0.0577,176.1631,-0.4162,1.628,SEARCH,0.0000,0.0000,0.0000,-0.6516
549626,gimbal,dynamic,176.0825,30.27,549.63,0.1061,-0.0573,176.1883,-0.4099,1.628,SEARCH,0.0000,0.0000,0.0000,-0.6516
549726,gimbal,dynamic,176.1066,30.27,549.73,0.1071,-0.0570,176.2134,-0.4036,1.628,SEARCH,0.0000,0.0000,0.0000,-0.6516
549826,gimbal,dynamic,176.1310,30.27,549.83,0.1075,-0.0564,176.2382,-0.3974,1.628,SEARCH,0.0000,0.0000,0.0000,-0.6517
549926,gimbal,dynamic,176.1557,30.27,549.93,0.1075,-0.0553,176.2629,-0.3912,1.628,SEARCH,0.0000,0.0000,0.0000,-0.6517
550026,gimbal,dynamic,176.1801,30.27,550.03,0.1076,-0.0541,176.2874,-0.3851,1.628,SEARCH,0.0000,0.0000,0.0000,-0.6517
550126,gimbal,dynamic,176.2041,30.27,550.13,0.1080,-0.0527,176.3118,-0.3790,1.628,SEARCH,0.0000,0.0000,0.0000,-0.6517
550226,gimbal,dynamic,176.2275,30.27,550.23,0.1088,-0.0517,176.3360,-0.3730,1.628,SEARCH,0.0000,0.0000,0.0000,-0.6517
550326,gimbal,dynamic,176.2503,30.27,550.33,0.1100,-0.0507,176.3600,-0.3670,1.628,SEARCH,0.0000,0.0000,0.0000,-0.6517
550426,gimbal,dynamic,176.2722,30.27,550.43,0.1120,-0.0504,176.3839,-0.3610,1.628,SEARCH,0.0000,0.0000,0.0000,-0.6516
550526,gimbal,dynamic,176.2942,30.27,550.53,0.1136,-0.0510,176.4076,-0.3551,1.628,SEARCH,0.0000,0.0000,0.0000,-0.6516
550626,gimbal,dynamic,176.3166,30.27,550.63,0.1148,-0.0520,176.4312,-0.3492,1.628,SEARCH,0.0000,0.0000,0.0000,-0.6516
550726,gimbal,dynamic,176.3388,30.26,550.73,0.1160,-0.0530,176.4546,-0.3433,1.628,SEARCH,0.0000,0.0000,0.0000,-0.6516
550826,gimbal,dynamic,176.3611,30.26,550.83,0.1170,-0.0536,176.4778,-0.3375,1.628,SEARCH,0.0000,0.0000,0.0000,-0.6516
550926,gimbal,dynamic,176.3840,30.26,550.93,0.1172,-0.0535,176.5009,-0.3317,1.628,SEARCH,0.0000,0.0000,0.0000,-0.6516
551026,gimbal,dynamic,176.4074,30.26,551.03,0.1167,-0.0532,176.5239,-0.3260,1.628,SEARCH,0.0000,0.0000,0.0000,-0.6516
551126,gimbal,dynamic,176.4316,30.26,551.13,0.1154,-0.0526,176.5467,-0.3203,1.628,SEARCH,0.0000,0.0000,0.0000,-0.6516
551226,gimbal,dynamic,176.4558,30.27,551.23,0.1138,-0.0517,176.5694,-0.3146,1.628,SEARCH,0.0000,0.0000,0.0000,-0.6515
551326,gimbal,dynamic,176.4804,30.27,551.33,0.1118,-0.0509,176.5920,-0.3090,1.637,SEARCH,0.0000,0.0000,0.0000,-0.6489
551426,gimbal,dynamic,176.5049,30.27,551.43,0.1097,-0.0501,176.6144,-0.3034,1.655,SEARCH,0.0000,0.0000,0.0000,-0.6434
551526,gimbal,dynamic,176.5295,30.26,551.53,0.1074,-0.0490,176.6367,-0.2978,1.678,SEARCH,0.0000,0.0000,0.0000,-0.6366
551626,gimbal,dynamic,176.5539,30.26,551.63,0.1051,-0.0482,176.6589,-0.2922,1.701,SEARCH,0.0000,0.0000,0.0000,-0.6298
551726,gimbal,dynamic,176.5784,30.26,551.73,0.1027,-0.0476,176.6809,-0.2867,1.724,SEARCH,0.0000,0.0000,0.0000,-0.6229
551826,gimbal,dynamic,176.6027,30.26,551.83,0.1003,-0.0474,176.7029,-0.2812,1.747,SEARCH,0.0000,0.0000,0.0000,-0.6158
551926,gimbal,dynamic,176.6263,30.26,551.93,0.0985,-0.0474,176.7247,-0.2758,1.767,SEARCH,0.0000,0.0000,0.0000,-0.6098
552026,gimbal,dynamic,176.6486,30.27,552.03,0.0979,-0.0468,176.7464,-0.2704,1.786,SEARCH,0.0000,0.0000,0.0000,-0.6041
552126,gimbal,dynamic,176.6698,30.26,552.13,0.0982,-0.0456,176.7679,-0.2650,1.802,SEARCH,0.0000,0.0000,0.0000,-0.5995
552226,gimbal,dynamic,176.6898,30.26,552.23,0.0998,-0.0444,176.7894,-0.2596,1.815,SEARCH,0.0000,0.0000,0.0000,-0.5954
552326,gimbal,dynamic,176.7090,30.26,552.33,0.1019,-0.0434,176.8108,-0.2543,1.825,SEARCH,0.0000,0.0000,0.0000,-0.5924
552426,gimbal,dynamic,176.7280,30.26,552.43,0.1042,-0.0427,176.8321,-0.2489,1.833,SEARCH,0.0000,0.0000,0.0000,-0.5900
552526,gimbal,dynamic,176.7472,30.26,552.53,0.1062,-0.0423,176.8533,-0.2436,1.839,SEARCH,0.0000,0.0000,0.0000,-0.5884
552626,gimbal,dynamic,176.7670,30.26,552.63,0.1074,-0.0421,176.8744,-0.2384,1.842,SEARCH,0.0000,0.0000,0.0000,-0.5874
552726,gimbal,dynamic,176.7868,30.26,552.73,0.1086,-0.0420,176.8954,-0.2331,1.844,SEARCH,0.0000,0.0000,0.0000,-0.5869
552826,gimbal,dynamic,176.8065,30.22,552.83,0.1099,-0.0419,176.9163,-0.2279,1.843,SEARCH,0.0000,0.0000,0.0000,-0.5870
552926,gimbal,dynamic,176.8263,29.80,552.93,0.1109,-0.0417,176.9371,-0.2227,1.843,SEARCH,0.0000,0.0000,0.0000,-0.5872
553026,gimbal,dynamic,176.8473,28.88,553.03,0.1106,-0.0408,176.9579,-0.2175,1.845,SEARCH,0.0000,0.0000,0.0000,-0.5866
553126,gimbal,dynamic,176.8687,27.73,553.13,0.1099,-0.0391,176.9785,-0.2123,1.851,SEARCH,0.0000,0.0000,0.0000,-0.5847
553226,gimbal,dynamic,176.8900,26.31,553.23,0.1093,-0.0377,176.9992,-0.2072,1.864,SEARCH,0.0000,0.0000,0.0000,-0.5808
553326,gimbal,dynamic,176.9114,24.97,553.33,0.1084,-0.0366,177.0197,-0.2020,1.882,SEARCH,0.0000,0.0000,0.0000,-0.5754
553426,gimbal,dynamic,176.9326,23.60,553.43,0.1077,-0.0359,177.0402,-0.1969,1.909,SEARCH,0.0000,0.0000,0.0000,-0.5673
553526,gimbal,dynamic,176.9536,22.50,553.53,0.1071,-0.0356,177.0606,-0.1918,1.940,SEARCH,0.0000,0.0000,0.0000,-0.5581
553626,gimbal,dynamic,176.9742,21.52,553.63,0.1068,-0.0357,177.0810,-0.1867,1.980,SEARCH,0.0000,0.0000,0.0000,-0.5461
553726,gimbal,dynamic,176.9943,20.80,553.73,0.1071,-0.0369,177.1013,-0.1816,2.025,SEARCH,0.0000,0.0000,0.0000,-0.5324
553826,gimbal,dynamic,177.0144,20.28,553.83,0.1072,-0.0390,177.1215,-0.1766,2.071,SEARCH,0.0000,0.0000,0.0000,-0.5188
553926,gimbal,dynamic,177.0346,19.70,553.93,0.1072,-0.0415,177.1418,-0.1715,2.120,SEARCH,0.0000,0.0000,0.0000,-0.5041
554026,gimbal,dynamic,177.0550,16.91,554.03,0.1070,-0.0435,177.1620,-0.1672,2.177,SEARCH,0.0000,0.0000,0.0000,-0.4870
554126,gimbal,dynamic,177.0756,14.12,554.13,0.1066,-0.0455,177.1821,-0.1638,2.237,SEARCH,0.0000,0.0000,0.0000,-0.4690
554226,gimbal,dynamic,177.0960,11.28,554.23,0.1062,-0.0479,177.2022,-0.1615,2.293,SEARCH,0.0000,0.0000,0.0000,-0.4522
554326,gimbal,dynamic,177.1161,8.39,554.33,0.1063,-0.0505,177.2223,-0.1600,2.349,SEARCH,0.0000,0.0000,0.0000,-0.4352
554426,gimbal,dynamic,177.1361,5.41,554.43,0.1063,-0.0525,177.2424,-0.1596,2.411,SEARCH,0.0000,0.0000,0.0000,-0.4167
554526,gimbal,dynamic,177.1557,2.37,554.53,0.1068,-0.0535,177.2624,-0.1602,2.471,SEARCH,0.0000,0.0000,0.0000,-0.3988
554626,gimbal,dynamic,177.1748,-0.74,554.63,0.1077,-0.0537,177.2824,-0.1618,2.524,SEARCH,0.0000,0.0000,0.0000,-0.3828
554726,gimbal,dynamic,177.1939,-3.89,554.73,0.1086,-0.0541,177.3024,-0.1643,2.575,SEARCH,0.0000,0.0000,0.0000,-0.3674
554826,gimbal,dynamic,177.2131,-7.06,554.83,0.1094,-0.0547,177.3224,-0.1679,2.628,SEARCH,0.0000,0.0000,0.0000,-0.3517
554926,gimbal,dynamic,177.2322,-10.21,554.93,0.1103,-0.0550,177.3424,-0.1725,2.673,SEARCH,0.0000,0.0000,0.0000,-0.3381
555026,gimbal,dynamic,177.2511,-10.97,555.03,0.1114,-0.0550,177.3624,-0.1775,2.718,SEARCH,0.0000,0.0000,0.0000,-0.3247
555126,gimbal,dynamic,177.2696,-11.46,555.13,0.1129,-0.0557,177.3825,-0.1825,2.756,SEARCH,0.0000,0.0000,0.0000,-0.3132
555226,gimbal,dynamic,177.2880,-11.96,555.23,0.1145,-0.0572,177.4025,-0.1875,2.794,SEARCH,0.0000,0.0000,0.0000,-0.3019
555326,gimbal,dynamic,177.3065,-12.44,555.33,0.1161,-0.0596,177.4225,-0.1925,2.826,SEARCH,0.0000,0.0000,0.0000,-0.2922
555426,gimbal,dynamic,177.3257,-12.95,555.43,0.1169,-0.0621,177.4425,-0.1975,2.857,SEARCH,0.0000,0.0000,0.0000,-0.2829
555526,gimbal,dynamic,177.3453,-13.42,555.53,0.1173,-0.0645,177.4626,-0.2025,2.883,SEARCH,0.0000,0.0000,0.0000,-0.2750
555626,gimbal,dynamic,177.3653,-13.84,555.63,0.1174,-0.0669,177.4827,-0.2075,2.909,SEARCH,0.0000,0.0000,0.0000,-0.2672
555726,gimbal,dynamic,177.3856,-14.22,555.73,0.1172,-0.0700,177.5028,-0.2125,2.933,SEARCH,0.0000,0.0000,0.0000,-0.2602
555826,gimbal,dynamic,177.4061,-14.53,555.83,0.1169,-0.0733,177.5229,-0.2176,2.952,SEARCH,0.0000,0.0000,0.0000,-0.2545
555926,gimbal,dynamic,177.4270,-14.73,555.93,0.1162,-0.0769,177.5431,-0.2226,2.969,SEARCH,0.0000,0.0000,0.0000,-0.2492
556026,gimbal,dynamic,177.4484,-14.85,556.03,0.1149,-0.0802,177.5633,-0.2277,2.986,SEARCH,0.0000,0.0000,0.0000,-0.2441
556126,gimbal,dynamic,177.4701,-14.89,556.13,0.1135,-0.0832,177.5836,-0.2327,2.994,SEARCH,0.0000,0.0000,0.0000,-0.2419
556226,gimbal,dynamic,177.4919,-14.86,556.23,0.1120,-0.0861,177.6039,-0.2378,2.993,SEARCH,0.0000,0.0000,0.0000,-0.2420
556326,gimbal,dynamic,177.5136,-14.74,556.33,0.1108,-0.0884,177.6242,-0.2429,2.990,SEARCH,0.0000,0.0000,0.0000,-0.2430
556426,gimbal,dynamic,177.5353,-14.49,556.43,0.1094,-0.0903,177.6447,-0.2480,2.986,SEARCH,0.0000,0.0000,0.0000,-0.2443
556526,gimbal,dynamic,177.5571,-14.12,556.53,0.1081,-0.0918,177.6651,-0.2531,2.982,SEARCH,0.0000,0.0000,0.0000,-0.2454
556626,gimbal,dynamic,177.5785,-13.63,556.63,0.1073,-0.0925,177.6857,-0.2583,2.978,SEARCH,0.0000,0.0000,0.0000,-0.2465
556726,gimbal,dynamic,177.5996,-13.06,556.73,0.1067,-0.0934,177.7063,-0.2634,2.975,SEARCH,0.0000,0.0000,0.0000,-0.2476
556826,gimbal,dynamic,177.6205,-12.36,556.83,0.1066,-0.0943,177.7269,-0.2686,2.971,SEARCH,0.0000,0.0000,0.0000,-0.2486
556926,gimbal,dynamic,177.6411,-11.63,556.93,0.1067,-0.0955,177.7477,-0.2738,2.968,SEARCH,0.0000,0.0000,0.0000,-0.2496
557026,gimbal,dynamic,177.6622,-10.87,557.03,0.1065,-0.0971,177.7685,-0.2790,2.964,SEARCH,0.0000,0.0000,0.0000,-0.2509
557126,gimbal,dynamic,177.6839,-10.13,557.13,0.1056,-0.0986,177.7894,-0.2842,2.959,SEARCH,0.0000,0.0000,0.0000,-0.2523
557226,gimbal,dynamic,177.7058,-9.35,557.23,0.1047,-0.0991,177.8104,-0.2895,2.953,SEARCH,0.0000,0.0000,0.0000,-0.2541
557326,gimbal,dynamic,177.7277,-8.65,557.33,0.1039,-0.0985,177.8315,-0.2947,2.947,SEARCH,0.0000,0.0000,0.0000,-0.2560
557426,gimbal,dynamic,177.7490,-7.92,557.43,0.1038,-0.0974,177.8527,-0.3000,2.938,SEARCH,0.0000,0.0000,0.0000,-0.2585
557526,gimbal,dynamic,177.7694,-7.25,557.53,0.1047,-0.0955,177.8739,-0.3053,2.929,SEARCH,0.0000,0.0000,0.0000,-0.2612
557626,gimbal,dynamic,177.7891,-6.62,557.63,0.1064,-0.0930,177.8953,-0.3107,2.918,SEARCH,0.0000,0.0000,0.0000,-0.2645
557726,gimbal,dynamic,177.8083,-6.03,557.73,0.1086,-0.0897,177.9168,-0.3160,2.907,SEARCH,0.0000,0.0000,0.0000,-0.2679
557826,gimbal,dynamic,177.8269,-5.42,557.83,0.1116,-0.0853,177.9383,-0.3214,2.893,SEARCH,0.0000,0.0000,0.0000,-0.2721
557926,gimbal,dynamic,177.8456,-4.88,557.93,0.1146,-0.0801,177.9600,-0.3269,2.877,SEARCH,0.0000,0.0000,0.0000,-0.2769
558026,gimbal,dynamic,177.8651,-4.30,558.03,0.1169,-0.0746,177.9818,-0.3323,2.861,SEARCH,0.0000,0.0000,0.0000,-0.2817
558126,gimbal,dynamic,177.8851,-3.76,558.13,0.1188,-0.0685,178.0037,-0.3378,2.842,SEARCH,0.0000,0.0000,0.0000,-0.2874
558226,gimbal,dynamic,177.9060,-3.19,558.23,0.1200,-0.0629,178.0258,-0.3433,2.823,SEARCH,0.0000,0.0000,0.0000,-0.2932
558326,gimbal,dynamic,177.9276,-2.65,558.33,0.1205,-0.0572,178.0479,-0.3488,2.802,SEARCH,0.0000,0.0000,0.0000,-0.2994
558426,gimbal,dynamic,177.9499,-2.06,558.43,0.1206,-0.0515,178.0702,-0.3544,2.778,SEARCH,0.0000,0.0000,0.0000,-0.3065
558526,gimbal,dynamic,177.9723,-1.50,558.53,0.1206,-0.0465,178.0926,-0.3600,2.755,SEARCH,0.0000,0.0000,0.0000,-0.3136
558626,gimbal,dynamic,177.9947,-0.88,558.63,0.1207,-0.0411,178.1151,-0.3656,2.728,SEARCH,0.0000,0.0000,0.0000,-0.3217
558726,gimbal,dynamic,178.0173,-0.27,558.73,0.1208,-0.0356,178.1378,-0.3713,2.699,SEARCH,0.0000,0.0000,0.0000,-0.3303
558826,gimbal,dynamic,178.0410,0.34,558.83,0.1200,-0.0307,178.1606,-0.3770,2.671,SEARCH,0.0000,0.0000,0.0000,-0.3386
558926,gimbal,dynamic,178.0663,0.92,558.93,0.1177,-0.0265,178.1836,-0.3827,2.642,SEARCH,0.0000,0.0000,0.0000,-0.3473
559026,gimbal,dynamic,178.0933,1.56,559.03,0.1138,-0.0222,178.2067,-0.3885,2.610,SEARCH,0.0000,0.0000,0.0000,-0.3571
559126,gimbal,dynamic,178.1221,2.14,559.13,0.1083,-0.0184,178.2299,-0.3943,2.578,SEARCH,0.0000,0.0000,0.0000,-0.3665
559226,gimbal,dynamic,178.1522,2.77,559.23,0.1015,-0.0153,178.2533,-0.4002,2.543,SEARCH,0.0000,0.0000,0.0000,-0.3771
559326,gimbal,dynamic,178.1845,3.35,559.33,0.0928,-0.0115,178.2769,-0.4061,2.509,SEARCH,0.0000,0.0000,0.0000,-0.3873
559426,gimbal,dynamic,178.2174,3.98,559.43,0.0836,-0.0069,178.3006,-0.4120,2.472,SEARCH,0.0000,0.0000,0.0000,-0.3985
559526,gimbal,dynamic,178.2523,4.57,559.53,0.0726,-0.0007,178.3244,-0.4180,2.436,SEARCH,0.0000,0.0000,0.0000,-0.4093
559626,gimbal,dynamic,178.2876,5.21,559.63,0.0613,0.0060,178.3484,-0.4240,2.396,SEARCH,0.0000,0.0000,0.0000,-0.4211
559726,gimbal,dynamic,178.3250,5.83,559.73,0.0482,0.0144,178.3726,-0.4300,2.356,SEARCH,0.0000,0.0000,0.0000,-0.4332
559826,gimbal,dynamic,178.3624,6.43,559.83,0.0351,0.0231,178.3969,-0.4361,2.318,SEARCH,0.0000,0.0000,0.0000,-0.4445
559926,gimbal,dynamic,178.4014,7.04,559.93,0.0207,0.0327,178.4214,-0.4422,2.280,SEARCH,0.0000,0.0000,0.0000,-0.4559
560026,gimbal,dynamic,178.4425,7.68,560.03,0.0043,0.0443,178.4461,-0.4484,2.238,SEARCH,0.0000,0.0000,0.0000,-0.4686
560126,gimbal,dynamic,178.4841,8.27,560.13,-0.0124,0.0575,178.4710,-0.4546,2.195,SEARCH,0.0000,0.0000,0.0000,-0.4814
560226,gimbal,dynamic,178.5250,8.91,560.23,-0.0283,0.0699,178.4960,-0.4608,2.156,SEARCH,0.0000,0.0000,0.0000,-0.4932
560326,gimbal,dynamic,178.5679,9.49,560.33,-0.0459,0.0839,178.5212,-0.4671,2.117,SEARCH,0.0000,0.0000,0.0000,-0.5050
560426,gimbal,dynamic,178.6099,10.11,560.43,-0.0625,0.0971,178.5465,-0.4735,2.074,SEARCH,0.0000,0.0000,0.0000,-0.5179
560526,gimbal,dynamic,178.6547,10.70,560.53,-0.0816,0.1110,178.5721,-0.4799,2.034,SEARCH,0.0000,0.0000,0.0000,-0.5299
560626,gimbal,dynamic,178.6998,11.27,560.63,-0.1010,0.1231,178.5978,-0.4863,1.990,SEARCH,0.0000,0.0000,0.0000,-0.5430
560726,gimbal,dynamic,178.7489,11.85,560.73,-0.1241,0.1360,178.6237,-0.4928,1.946,SEARCH,0.0000,0.0000,0.0000,-0.5561
560826,gimbal,dynamic,178.7977,12.43,560.83,-0.1467,0.1478,178.6498,-0.4993,1.906,SEARCH,0.0000,0.0000,0.0000,-0.5681
560926,gimbal,dynamic,178.8504,13.02,560.93,-0.1731,0.1605,178.6760,-0.5059,1.863,SEARCH,0.0000,0.0000,0.0000,-0.5812
561026,gimbal,dynamic,178.9025,13.58,561.03,-0.1987,0.1719,178.7025,-0.5125,1.823,SEARCH,0.0000,0.0000,0.0000,-0.5932
561126,gimbal,dynamic,178.9506,14.70,561.13,-0.2201,0.1822,178.7292,-0.5191,1.780,SEARCH,0.0000,0.0000,0.0000,-0.6060
561226,gimbal,dynamic,178.9752,14.96,561.23,-0.2178,0.1809,178.7560,-0.5258,1.776,SEARCH,0.0000,0.0000,0.0000,-0.6073
561326,gimbal,dynamic,178.9961,15.86,561.33,-0.2116,0.1776,178.7830,-0.5324,1.775,SEARCH,0.0000,0.0000,0.0000,-0.6074
561426,gimbal,dynamic,179.0184,17.89,561.43,-0.2067,0.1753,178.8102,-0.5381,1.776,SEARCH,0.0000,0.0000,0.0000,-0.6072
561526,gimbal,dynamic,179.0410,19.94,561.53,-0.2019,0.1740,178.8376,-0.5428,1.777,SEARCH,0.0000,0.0000,0.0000,-0.6069
561626,gimbal,dynamic,179.0648,21.98,561.63,-0.1981,0.1734,178.8652,-0.5464,1.778,SEARCH,0.0000,0.0000,0.0000,-0.6067
561726,gimbal,dynamic,179.0893,24.03,561.73,-0.1948,0.1733,178.8930,-0.5491,1.778,SEARCH,0.0000,0.0000,0.0000,-0.6065
561826,gimbal,dynamic,179.1157,26.06,561.83,-0.1932,0.1743,178.9210,-0.5509,1.779,SEARCH,0.0000,0.0000,0.0000,-0.6063
561926,gimbal,dynamic,179.1434,28.08,561.93,-0.1927,0.1756,178.9492,-0.5516,1.779,SEARCH,0.0000,0.0000,0.0000,-0.6062
562026,gimbal,dynamic,179.1720,30.08,562.03,-0.1929,0.1765,178.9776,-0.5513,1.780,SEARCH,0.0000,0.0000,0.0000,-0.6060
562126,gimbal,dynamic,179.2014,32.04,562.13,-0.1937,0.1771,179.0062,-0.5501,1.780,SEARCH,0.0000,0.0000,0.0000,-0.6059
562226,gimbal,dynamic,179.2314,33.96,562.23,-0.1949,0.1772,179.0350,-0.5479,1.781,SEARCH,0.0000,0.0000,0.0000,-0.6058
562326,gimbal,dynamic,179.2616,35.83,562.33,-0.1962,0.1770,179.0640,-0.5447,1.781,SEARCH,0.0000,0.0000,0.0000,-0.6058
562426,gimbal,dynamic,179.2915,37.63,562.43,-0.1969,0.1767,179.0931,-0.5406,1.781,SEARCH,0.0000,0.0000,0.0000,-0.6058
562526,gimbal,dynamic,179.3213,39.34,562.53,-0.1974,0.1768,179.1225,-0.5356,1.781,SEARCH,0.0000,0.0000,0.0000,-0.6058
562626,gimbal,dynamic,179.3507,40.98,562.63,-0.1972,0.1771,179.1521,-0.5296,1.781,SEARCH,0.0000,0.0000,0.0000,-0.6058
562726,gimbal,dynamic,179.3798,42.54,562.73,-0.1965,0.1779,179.1819,-0.5227,1.781,SEARCH,0.0000,0.0000,0.0000,-0.6058
562826,gimbal,dynamic,179.4089,43.04,562.83,-0.1957,0.1786,179.2119,-0.5152,1.781,SEARCH,0.0000,0.0000,0.0000,-0.6058
562926,gimbal,dynamic,179.4380,43.04,562.93,-0.1946,0.1792,179.2420,-0.5077,1.781,SEARCH,0.0000,0.0000,0.0000,-0.6058
563026,gimbal,dynamic,179.4669,43.04,563.03,-0.1932,0.1798,179.2724,-0.5001,1.781,SEARCH,0.0000,0.0000,0.0000,-0.6058
563126,gimbal,dynamic,179.4959,43.04,563.13,-0.1917,0.1801,179.3030,-0.4924,1.780,SEARCH,0.0000,0.0000,0.0000,-0.6059
563226,gimbal,dynamic,179.5259,43.05,563.23,-0.1908,0.1801,179.3338,-0.4847,1.780,SEARCH,0.0000,0.0000,0.0000,-0.6059
563326,gimbal,dynamic,179.5560,43.05,563.33,-0.1900,0.1794,179.3648,-0.4770,1.780,SEARCH,0.0000,0.0000,0.0000,-0.6059
563426,gimbal,dynamic,179.5861,43.07,563.43,-0.1890,0.1781,179.3959,-0.4692,1.780,SEARCH,0.0000,0.0000,0.0000,-0.6060
563526,gimbal,dynamic,179.6159,43.08,563.53,-0.1874,0.1763,179.4273,-0.4614,1.780,SEARCH,0.0000,0.0000,0.0000,-0.6061
563626,gimbal,dynamic,179.6455,43.08,563.63,-0.1855,0.1747,179.4589,-0.4535,1.780,SEARCH,0.0000,0.0000,0.0000,-0.6061
563726,gimbal,dynamic,179.6747,43.09,563.73,-0.1830,0.1732,179.4907,-0.4455,1.779,SEARCH,0.0000,0.0000,0.0000,-0.6062
563826,gimbal,dynamic,179.7038,43.09,563.83,-0.1802,0.1715,179.5226,-0.4375,1.779,SEARCH,0.0000,0.0000,0.0000,-0.6063
563926,gimbal,dynamic,179.7327,43.09,563.93,-0.1770,0.1700,179.5548,-0.4295,1.779,SEARCH,0.0000,0.0000,0.0000,-0.6063
564026,gimbal,dynamic,179.7623,43.09,564.03,-0.1742,0.1693,179.5872,-0.4214,1.779,SEARCH,0.0000,0.0000,0.0000,-0.6063
564126,gimbal,dynamic,179.7927,43.08,564.13,-0.1720,0.1694,179.6197,-0.4133,1.779,SEARCH,0.0000,0.0000,0.0000,-0.6063
564226,gimbal,dynamic,179.8237,43.08,564.23,-0.1703,0.1703,179.6524,-0.4051,1.779,SEARCH,0.0000,0.0000,0.0000,-0.6063
564326,gimbal,dynamic,179.8552,43.08,564.33,-0.1689,0.1714,179.6854,-0.3968,1.779,SEARCH,0.0000,0.0000,0.0000,-0.6063
564426,gimbal,dynamic,179.8871,43.07,564.43,-0.1677,0.1720,179.7185,-0.3886,1.779,SEARCH,0.0000,0.0000,0.0000,-0.6063
564526,gimbal,dynamic,179.9191,43.07,564.53,-0.1664,0.1726,179.7518,-0.3802,1.779,SEARCH,0.0000,0.0000,0.0000,-0.6063
564626,gimbal,dynamic,179.9517,43.07,564.63,-0.1656,0.1731,179.7853,-0.3719,1.779,SEARCH,0.0000,0.0000,0.0000,-0.6063
564726,gimbal,dynamic,179.9850,43.07,564.73,-0.1652,0.1733,179.8190,-0.3634,1.779,SEARCH,0.0000,0.0000,0.0000,-0.6063
564826,gimbal,dynamic,180.0187,43.07,564.83,-0.1650,0.1733,179.8529,-0.3550,1.779,SEARCH,0.0000,0.0000,0.0000,-0.6063
564926,gimbal,dynamic,180.0526,43.07,564.93,-0.1649,0.1729,179.8870,-0.3464,1.779,SEARCH,0.0000,0.0000,0.0000,-0.6063
565026,gimbal,dynamic,180.0865,43.08,565.03,-0.1646,0.1722,179.9212,-0.3379,1.779,SEARCH,0.0000,0.0000,0.0000,-0.6063
565126,gimbal,dynamic,180.1208,43.08,565.13,-0.1644,0.1713,179.9556,-0.3293,1.779,SEARCH,0.0000,0.0000,0.0000,-0.6062
565226,gimbal,dynamic,180.1559,43.08,565.23,-0.1650,0.1705,179.9902,-0.3206,1.779,SEARCH,0.0000,0.0000,0.0000,-0.6062
565326,gimbal,dynamic,180.1916,43.08,565.33,-0.1660,0.1697,180.0250,-0.3119,1.779,SEARCH,0.0000,0.0000,0.0000,-0.6062
565426,gimbal,dynamic,180.2282,43.08,565.43,-0.1677,0.1695,180.0599,-0.3032,1.780,SEARCH,0.0000,0.0000,0.0000,-0.6061
565526,gimbal,dynamic,180.2669,43.08,565.53,-0.1712,0.1709,180.0951,-0.2944,1.780,SEARCH,0.0000,0.0000,0.0000,-0.6060
565626,gimbal,dynamic,180.3085,43.08,565.63,-0.1776,0.1740,180.1304,-0.2856,1.781,SEARCH,0.0000,0.0000,0.0000,-0.6056
565726,gimbal,dynamic,180.3562,43.08,565.73,-0.1898,0.1803,180.1658,-0.2767,1.785,SEARCH,0.0000,0.0000,0.0000,-0.6046
565826,gimbal,dynamic,180.4165,43.09,565.83,-0.2145,0.1937,180.2015,-0.2678,1.792,SEARCH,0.0000,0.0000,0.0000,-0.6025
565926,gimbal,dynamic,180.4924,43.34,565.93,-0.2545,0.2161,180.2373,-0.2589,1.801,SEARCH,0.0000,0.0000,0.0000,-0.5996
566026,gimbal,dynamic,180.6060,45.64,566.03,-0.3321,0.2593,180.2732,-0.2499,1.816,SEARCH,0.0000,0.0000,0.0000,-0.5951
566126,gimbal,dynamic,180.7591,49.86,566.13,-0.4489,0.3242,180.3093,-0.2409,1.836,SEARCH,0.0000,0.0000,0.0000,-0.5893
566226,gimbal,dynamic,180.9790,56.25,566.23,-0.6322,0.4263,180.3456,-0.2318,1.863,SEARCH,0.0000,0.0000,0.0000,-0.5811
566326,gimbal,dynamic,181.2489,63.11,566.33,-0.8652,0.5571,180.3820,-0.2227,1.886,SEARCH,0.0000,0.0000,0.0000,-0.5741
566426,gimbal,dynamic,181.5321,69.48,566.43,-1.1112,0.6956,180.4186,-0.2135,1.893,SEARCH,0.0000,0.0000,0.0000,-0.5721
566526,gimbal,dynamic,181.8375,75.49,566.53,-1.3791,0.8462,180.4553,-0.2044,1.877,SEARCH,0.0000,0.0000,0.0000,-0.5768
566626,gimbal,dynamic,182.1825,80.91,566.63,-1.6862,1.0187,180.4922,-0.1951,1.841,SEARCH,0.0000,0.0000,0.0000,-0.5876
566726,gimbal,dynamic,182.5088,84.28,566.73,-1.9744,1.1824,180.5292,-0.1859,1.800,SEARCH,0.0000,0.0000,0.0000,-0.5999
566826,gimbal,dynamic,182.8278,89.19,566.83,-2.2552,1.3398,180.5664,-0.1766,1.791,SEARCH,0.0000,0.0000,0.0000,-0.6026
566926,gimbal,dynamic,183.1212,96.33,566.93,-2.5100,1.4869,180.6037,-0.1673,1.786,SEARCH,0.0000,0.0000,0.0000,-0.6042
567026,gimbal,dynamic,183.3719,105.88,567.03,-2.7223,1.6138,180.6411,-0.1579,1.783,SEARCH,0.0000,0.0000,0.0000,-0.6051
567126,gimbal,dynamic,183.6239,116.57,567.13,-2.9354,1.7470,180.6787,-0.1485,1.776,SEARCH,0.0000,0.0000,0.0000,-0.6071
567226,gimbal,dynamic,183.8416,126.60,567.23,-3.1144,1.8576,180.7164,-0.1391,1.771,SEARCH,0.0000,0.0000,0.0000,-0.6088
567326,gimbal,dynamic,184.0500,132.66,567.33,-3.2840,1.9556,180.7542,-0.1296,1.772,SEARCH,0.0000,0.0000,0.0000,-0.6085
567426,gimbal,dynamic,184.2298,135.47,567.43,-3.4251,2.0308,180.7921,-0.1202,1.774,SEARCH,0.0000,0.0000,0.0000,-0.6078
567526,gimbal,dynamic,184.4048,135.31,567.53,-3.5614,2.0966,180.8302,-0.1106,1.776,SEARCH,0.0000,0.0000,0.0000,-0.6072
567626,gimbal,dynamic,184.5569,133.94,567.63,-3.6749,2.1460,180.8684,-0.1011,1.776,SEARCH,0.0000,0.0000,0.0000,-0.6072
567726,gimbal,dynamic,184.7043,130.38,567.73,-3.7836,2.1864,180.9067,-0.0915,1.778,SEARCH,0.0000,0.0000,0.0000,-0.6065
567826,gimbal,dynamic,184.8320,123.30,567.83,-3.8727,2.2135,180.9451,-0.0824,1.779,SEARCH,0.0000,0.0000,0.0000,-0.6063
567926,gimbal,dynamic,184.9575,113.20,567.93,-3.9595,2.2342,180.9836,-0.0742,1.780,SEARCH,0.0000,0.0000,0.0000,-0.6060
568026,gimbal,dynamic,185.0726,101.08,568.03,-4.0359,2.2500,181.0222,-0.0667,1.786,SEARCH,0.0000,0.0000,0.0000,-0.6043
568126,gimbal,dynamic,185.1855,90.43,568.13,-4.1100,2.2638,181.0609,-0.0600,1.801,SEARCH,0.0000,0.0000,0.0000,-0.5997
568226,gimbal,dynamic,185.3005,80.66,568.23,-4.1861,2.2761,181.0997,-0.0541,1.822,SEARCH,0.0000,0.0000,0.0000,-0.5933
568326,gimbal,dynamic,185.4127,73.68,568.33,-4.2593,2.2854,181.1386,-0.0491,1.846,SEARCH,0.0000,0.0000,0.0000,-0.5861
568426,gimbal,dynamic,185.5203,68.73,568.43,-4.3280,2.2917,181.1776,-0.0448,1.877,SEARCH,0.0000,0.0000,0.0000,-0.5769
568526,gimbal,dynamic,185.6326,66.24,568.53,-4.4012,2.2970,181.2167,-0.0414,1.908,SEARCH,0.0000,0.0000,0.0000,-0.5675
568626,gimbal,dynamic,185.7588,65.60,568.63,-4.4882,2.3032,181.2559,-0.0389,1.945,SEARCH,0.0000,0.0000,0.0000,-0.5566
568726,gimbal,dynamic,185.8856,66.27,568.73,-4.5757,2.3108,181.2951,-0.0371,1.978,SEARCH,0.0000,0.0000,0.0000,-0.5467
568826,gimbal,dynamic,186.0266,68.06,568.83,-4.6773,2.3222,181.3344,-0.0362,2.011,SEARCH,0.0000,0.0000,0.0000,-0.5368
568926,gimbal,dynamic,186.1650,70.12,568.93,-4.7761,2.3352,181.3738,-0.0361,2.039,SEARCH,0.0000,0.0000,0.0000,-0.5282
569026,gimbal,dynamic,186.3150,72.58,569.03,-4.8864,2.3508,181.4133,-0.0369,2.069,SEARCH,0.0000,0.0000,0.0000,-0.5194
569126,gimbal,dynamic,186.4574,74.57,569.13,-4.9891,2.3659,181.4528,-0.0384,2.095,SEARCH,0.0000,0.0000,0.0000,-0.5116
569226,gimbal,dynamic,186.6066,76.40,569.23,-5.0986,2.3829,181.4923,-0.0408,2.123,SEARCH,0.0000,0.0000,0.0000,-0.5031
569326,gimbal,dynamic,186.7442,77.45,569.33,-5.1963,2.3982,181.5320,-0.0439,2.150,SEARCH,0.0000,0.0000,0.0000,-0.4950
569426,gimbal,dynamic,186.8853,78.06,569.43,-5.2974,2.4142,181.5717,-0.0479,2.180,SEARCH,0.0000,0.0000,0.0000,-0.4861
569526,gimbal,dynamic,187.0209,78.01,569.53,-5.3930,2.4295,181.6114,-0.0526,2.208,SEARCH,0.0000,0.0000,0.0000,-0.4777
569626,gimbal,dynamic,187.1437,77.47,569.63,-5.4759,2.4430,181.6512,-0.0580,2.238,SEARCH,0.0000,0.0000,0.0000,-0.4686
569726,gimbal,dynamic,187.2689,76.55,569.73,-5.5610,2.4567,181.6910,-0.0642,2.266,SEARCH,0.0000,0.0000,0.0000,-0.4602
569826,gimbal,dynamic,187.3845,75.38,569.83,-5.6365,2.4678,181.7308,-0.0710,2.296,SEARCH,0.0000,0.0000,0.0000,-0.4511
569926,gimbal,dynamic,187.5036,74.14,569.93,-5.7154,2.4776,181.7707,-0.0786,2.324,SEARCH,0.0000,0.0000,0.0000,-0.4429
570026,gimbal,dynamic,187.6141,72.88,570.03,-5.7859,2.4853,181.8106,-0.0868,2.353,SEARCH,0.0000,0.0000,0.0000,-0.4342
570126,gimbal,dynamic,187.7229,71.75,570.13,-5.8545,2.4912,181.8506,-0.0957,2.379,SEARCH,0.0000,0.0000,0.0000,-0.4262
570226,gimbal,dynamic,187.8352,70.78,570.23,-5.9267,2.4962,181.8905,-0.1052,2.408,SEARCH,0.0000,0.0000,0.0000,-0.4176
570326,gimbal,dynamic,187.9452,70.40,570.33,-5.9966,2.5003,181.9305,-0.1152,2.434,SEARCH,0.0000,0.0000,0.0000,-0.4097
570426,gimbal,dynamic,188.0479,70.61,570.43,-6.0591,2.5038,181.9705,-0.1252,2.462,SEARCH,0.0000,0.0000,0.0000,-0.4014
570526,gimbal,dynamic,188.1532,70.96,570.53,-6.1242,2.5066,182.0105,-0.1352,2.487,SEARCH,0.0000,0.0000,0.0000,-0.3940
570626,gimbal,dynamic,188.2514,71.52,570.63,-6.1822,2.5081,182.0505,-0.1452,2.513,SEARCH,0.0000,0.0000,0.0000,-0.3861
570726,gimbal,dynamic,188.3519,72.18,570.73,-6.2426,2.5090,182.0905,-0.1552,2.540,SEARCH,0.0000,0.0000,0.0000,-0.3781
570826,gimbal,dynamic,188.4452,72.92,570.83,-6.2957,2.5103,182.1305,-0.1652,2.563,SEARCH,0.0000,0.0000,0.0000,-0.3710
570926,gimbal,dynamic,188.5392,73.69,570.93,-6.3496,2.5127,182.1705,-0.1752,2.586,SEARCH,0.0000,0.0000,0.0000,-0.3641
571026,gimbal,dynamic,188.6265,74.49,571.03,-6.3967,2.5146,182.2104,-0.1852,2.612,SEARCH,0.0000,0.0000,0.0000,-0.3565
571126,gimbal,dynamic,188.7116,75.24,571.13,-6.4418,2.5160,182.2504,-0.1952,2.637,SEARCH,0.0000,0.0000,0.0000,-0.3490
571226,gimbal,dynamic,188.7983,76.03,571.23,-6.4883,2.5170,182.2903,-0.2051,2.659,SEARCH,0.0000,0.0000,0.0000,-0.3423
571326,gimbal,dynamic,188.8824,76.71,571.33,-6.5323,2.5180,182.3303,-0.2151,2.682,SEARCH,0.0000,0.0000,0.0000,-0.3354
571426,gimbal,dynamic,188.9606,77.40,571.43,-6.5706,2.5192,182.3701,-0.2251,2.702,SEARCH,0.0000,0.0000,0.0000,-0.3295
571526,gimbal,dynamic,189.0396,77.98,571.53,-6.6095,2.5215,182.4100,-0.2351,2.721,SEARCH,0.0000,0.0000,0.0000,-0.3238
571626,gimbal,dynamic,189.1125,78.56,571.63,-6.6424,2.5248,182.4498,-0.2450,2.741,SEARCH,0.0000,0.0000,0.0000,-0.3178
571726,gimbal,dynamic,189.1848,79.08,571.73,-6.6747,2.5297,182.4896,-0.2550,2.758,SEARCH,0.0000,0.0000,0.0000,-0.3125
571826,gimbal,dynamic,189.2520,79.55,571.83,-6.7020,2.5343,182.5294,-0.2649,2.777,SEARCH,0.0000,0.0000,0.0000,-0.3070
571926,gimbal,dynamic,189.3190,80.03,571.93,-6.7290,2.5394,182.5691,-0.2748,2.793,SEARCH,0.0000,0.0000,0.0000,-0.3020
572026,gimbal,dynamic,189.3817,80.51,572.03,-6.7518,2.5442,182.6087,-0.2847,2.810,SEARCH,0.0000,0.0000,0.0000,-0.2969
572126,gimbal,dynamic,189.4445,81.01,572.13,-6.7749,2.5491,182.6483,-0.2946,2.825,SEARCH,0.0000,0.0000,0.0000,-0.2924
572226,gimbal,dynamic,189.5047,81.54,572.23,-6.7954,2.5536,182.6878,-0.3045,2.841,SEARCH,0.0000,0.0000,0.0000,-0.2877
572326,gimbal,dynamic,189.5640,82.05,572.33,-6.8149,2.5580,182.7273,-0.3144,2.855,SEARCH,0.0000,0.0000,0.0000,-0.2835
572426,gimbal,dynamic,189.6226,82.61,572.43,-6.8339,2.5623,182.7667,-0.3242,2.869,SEARCH,0.0000,0.0000,0.0000,-0.2793
572526,gimbal,dynamic,189.6777,83.15,572.53,-6.8495,2.5664,182.8060,-0.3341,2.881,SEARCH,0.0000,0.0000,0.0000,-0.2756
572626,gimbal,dynamic,189.7314,83.75,572.63,-6.8638,2.5707,182.8453,-0.3439,2.894,SEARCH,0.0000,0.0000,0.0000,-0.2718
572726,gimbal,dynamic,189.7817,84.31,572.73,-6.8747,2.5742,182.8845,-0.3537,2.905,SEARCH,0.0000,0.0000,0.0000,-0.2686
572826,gimbal,dynamic,189.8310,84.93,572.83,-6.8847,2.5773,182.9236,-0.3634,2.916,SEARCH,0.0000,0.0000,0.0000,-0.2653
572926,gimbal,dynamic,189.8787,85.51,572.93,-6.8931,2.5799,182.9626,-0.3732,2.925,SEARCH,0.0000,0.0000,0.0000,-0.2624
573026,gimbal,dynamic,189.9245,86.13,573.03,-6.8998,2.5820,183.0015,-0.3829,2.935,SEARCH,0.0000,0.0000,0.0000,-0.2594
573126,gimbal,dynamic,189.9705,86.73,573.13,-6.9069,2.5840,183.0403,-0.3926,2.944,SEARCH,0.0000,0.0000,0.0000,-0.2569
573226,gimbal,dynamic,190.0156,87.33,573.23,-6.9130,2.5855,183.0791,-0.4023,2.952,SEARCH,0.0000,0.0000,0.0000,-0.2543
573326,gimbal,dynamic,190.0606,87.89,573.33,-6.9192,2.5860,183.1177,-0.4120,2.960,SEARCH,0.0000,0.0000,0.0000,-0.2519
573426,gimbal,dynamic,190.1042,88.51,573.43,-6.9241,2.5864,183.1563,-0.4216,2.968,SEARCH,0.0000,0.0000,0.0000,-0.2495
573526,gimbal,dynamic,190.1476,89.09,573.53,-6.9290,2.5863,183.1947,-0.4312,2.976,SEARCH,0.0000,0.0000,0.0000,-0.2473
573626,gimbal,dynamic,190.1906,89.64,573.63,-6.9335,2.5861,183.2330,-0.4408,2.983,SEARCH,0.0000,0.0000,0.0000,-0.2452
573726,gimbal,dynamic,190.2327,90.79,573.73,-6.9372,2.5857,183.2712,-0.4502,2.989,SEARCH,0.0000,0.0000,0.0000,-0.2434
573826,gimbal,dynamic,190.2735,92.25,573.83,-6.9398,2.5855,183.3093,-0.4589,2.995,SEARCH,0.0000,0.0000,0.0000,-0.2415
573926,gimbal,dynamic,190.3128,93.70,573.93,-6.9410,2.5851,183.3473,-0.4670,3.001,SEARCH,0.0000,0.0000,0.0000,-0.2397
574026,gimbal,dynamic,190.3504,95.25,574.03,-6.9406,2.5844,183.3852,-0.4744,3.006,SEARCH,0.0000,0.0000,0.0000,-0.2382
574126,gimbal,dynamic,190.3868,96.82,574.13,-6.9392,2.5838,183.4229,-0.4811,3.011,SEARCH,0.0000,0.0000,0.0000,-0.2368
574226,gimbal,dynamic,190.4222,98.44,574.23,-6.9369,2.5839,183.4605,-0.4871,3.015,SEARCH,0.0000,0.0000,0.0000,-0.2355
574326,gimbal,dynamic,190.4563,100.07,574.33,-6.9334,2.5850,183.4980,-0.4924,3.019,SEARCH,0.0000,0.0000,0.0000,-0.2344
574426,gimbal,dynamic,190.4899,101.78,574.43,-6.9296,2.5866,183.5353,-0.4970,3.023,SEARCH,0.0000,0.0000,0.0000,-0.2332
574526,gimbal,dynamic,190.5229,103.48,574.53,-6.9254,2.5881,183.5725,-0.5008,3.026,SEARCH,0.0000,0.0000,0.0000,-0.2321
574626,gimbal,dynamic,190.5555,105.27,574.63,-6.9208,2.5894,183.6096,-0.5038,3.029,SEARCH,0.0000,0.0000,0.0000,-0.2312
574726,gimbal,dynamic,190.5881,107.03,574.73,-6.9165,2.5907,183.6465,-0.5061,3.032,SEARCH,0.0000,0.0000,0.0000,-0.2303
574826,gimbal,dynamic,190.6211,108.81,574.83,-6.9127,2.5920,183.6832,-0.5075,3.035,SEARCH,0.0000,0.0000,0.0000,-0.2294
574926,gimbal,dynamic,190.6527,110.52,574.93,-6.9076,2.5934,183.7199,-0.5082,3.038,SEARCH,0.0000,0.0000,0.0000,-0.2286
575026,gimbal,dynamic,190.6830,112.14,575.03,-6.9014,2.5944,183.7563,-0.5080,3.041,SEARCH,0.0000,0.0000,0.0000,-0.2278
575126,gimbal,dynamic,190.7112,113.66,575.13,-6.8933,2.5947,183.7927,-0.5071,3.043,SEARCH,0.0000,0.0000,0.0000,-0.2270
575226,gimbal,dynamic,190.7393,115.09,575.23,-6.8853,2.5944,183.8288,-0.5053,3.046,SEARCH,0.0000,0.0000,0.0000,-0.2263
575326,gimbal,dynamic,190.7672,116.41,575.33,-6.8773,2.5934,183.8648,-0.5027,3.048,SEARCH,0.0000,0.0000,0.0000,-0.2256
575426,gimbal,dynamic,190.7947,117.66,575.43,-6.8690,2.5919,183.9007,-0.4993,3.050,SEARCH,0.0000,0.0000,0.0000,-0.2250
575526,gimbal,dynamic,190.8233,118.85,575.53,-6.8620,2.5903,183.9363,-0.4951,3.052,SEARCH,0.0000,0.0000,0.0000,-0.2244
575626,gimbal,dynamic,190.8522,120.00,575.63,-6.8556,2.5886,183.9718,-0.4901,3.054,SEARCH,0.0000,0.0000,0.0000,-0.2238
575726,gimbal,dynamic,190.8826,121.14,575.73,-6.8507,2.5871,184.0072,-0.4843,3.056,SEARCH,0.0000,0.0000,0.0000,-0.2232
575826,gimbal,dynamic,190.9141,122.27,575.83,-6.8471,2.5863,184.0424,-0.4777,3.058,SEARCH,0.0000,0.0000,0.0000,-0.2227
575926,gimbal,dynamic,190.9472,123.41,575.93,-6.8453,2.5862,184.0774,-0.4703,3.059,SEARCH,0.0000,0.0000,0.0000,-0.2222
576026,gimbal,dynamic,190.9822,124.55,576.03,-6.8456,2.5871,184.1122,-0.4621,3.061,SEARCH,0.0000,0.0000,0.0000,-0.2217
576126,gimbal,dynamic,191.0182,124.94,576.13,-6.8472,2.5889,184.1468,-0.4535,3.062,SEARCH,0.0000,0.0000,0.0000,-0.2213
576226,gimbal,dynamic,191.0547,124.91,576.23,-6.8492,2.5907,184.1813,-0.4449,3.064,SEARCH,0.0000,0.0000,0.0000,-0.2208
576326,gimbal,dynamic,191.0914,124.91,576.33,-6.8518,2.5929,184.2156,-0.4363,3.065,SEARCH,0.0000,0.0000,0.0000,-0.2204
576426,gimbal,dynamic,191.1275,124.93,576.43,-6.8539,2.5951,184.2497,-0.4278,3.067,SEARCH,0.0000,0.0000,0.0000,-0.2199
576526,gimbal,dynamic,191.1637,124.97,576.53,-6.8562,2.5973,184.2836,-0.4193,3.068,SEARCH,0.0000,0.0000,0.0000,-0.2195
576626,gimbal,dynamic,191.1994,125.02,576.63,-6.8583,2.5995,184.3174,-0.4108,3.070,SEARCH,0.0000,0.0000,0.0000,-0.2191
576726,gimbal,dynamic,191.2352,125.07,576.73,-6.8607,2.6015,184.3509,-0.4025,3.071,SEARCH,0.0000,0.0000,0.0000,-0.2187
576826,gimbal,dynamic,191.2710,125.12,576.83,-6.8632,2.6043,184.3843,-0.3941,3.072,SEARCH,0.0000,0.0000,0.0000,-0.2183
576926,gimbal,dynamic,191.3063,125.17,576.93,-6.8654,2.6077,184.4175,-0.3858,3.073,SEARCH,0.0000,0.0000,0.0000,-0.2180
577026,gimbal,dynamic,191.3408,125.21,577.03,-6.8670,2.6112,184.4505,-0.3776,3.075,SEARCH,0.0000,0.0000,0.0000,-0.2176
577126,gimbal,dynamic,191.3746,125.23,577.13,-6.8681,2.6154,184.4833,-0.3694,3.075,SEARCH,0.0000,0.0000,0.0000,-0.2176
577226,gimbal,dynamic,191.4080,125.22,577.23,-6.8689,2.6205,184.5159,-0.3612,3.069,SEARCH,0.0000,0.0000,0.0000,-0.2192
577326,gimbal,dynamic,191.4414,125.14,577.33,-6.8699,2.6262,184.5483,-0.3531,3.061,SEARCH,0.0000,0.0000,0.0000,-0.2217
577426,gimbal,dynamic,191.4745,124.95,577.43,-6.8708,2.6319,184.5805,-0.3451,3.051,SEARCH,0.0000,0.0000,0.0000,-0.2246
577526,gimbal,dynamic,191.5074,124.67,577.53,-6.8718,2.6383,184.6125,-0.3371,3.043,SEARCH,0.0000,0.0000,0.0000,-0.2272
577626,gimbal,dynamic,191.5395,124.22,577.63,-6.8721,2.6444,184.6443,-0.3291,3.034,SEARCH,0.0000,0.0000,0.0000,-0.2298
577726,gimbal,dynamic,191.5708,123.69,577.73,-6.8718,2.6511,184.6760,-0.3212,3.026,SEARCH,0.0000,0.0000,0.0000,-0.2321
577826,gimbal,dynamic,191.6018,123.05,577.83,-6.8713,2.6573,184.7074,-0.3133,3.021,SEARCH,0.0000,0.0000,0.0000,-0.2338
577926,gimbal,dynamic,191.6319,122.38,577.93,-6.8702,2.6632,184.7386,-0.3055,3.015,SEARCH,0.0000,0.0000,0.0000,-0.2355
578026,gimbal,dynamic,191.6605,121.60,578.03,-6.8679,2.6693,184.7697,-0.2978,3.011,SEARCH,0.0000,0.0000,0.0000,-0.2367
578126,gimbal,dynamic,191.6882,120.87,578.13,-6.8648,2.6749,184.8005,-0.2901,3.008,SEARCH,0.0000,0.0000,0.0000,-0.2377
578226,gimbal,dynamic,191.7155,120.07,578.23,-6.8614,2.6792,184.8311,-0.2824,3.005,SEARCH,0.0000,0.0000,0.0000,-0.2386
578326,gimbal,dynamic,191.7420,119.36,578.33,-6.8576,2.6832,184.8616,-0.2748,3.003,SEARCH,0.0000,0.0000,0.0000,-0.2392
578426,gimbal,dynamic,191.7689,118.61,578.43,-6.8543,2.6864,184.8918,-0.2672,3.001,SEARCH,0.0000,0.0000,0.0000,-0.2397
578526,gimbal,dynamic,191.7953,117.93,578.53,-6.8507,2.6891,184.9218,-0.2597,3.000,SEARCH,0.0000,0.0000,0.0000,-0.2399
578626,gimbal,dynamic,191.8210,117.31,578.63,-6.8468,2.6907,184.9517,-0.2523,3.000,SEARCH,0.0000,0.0000,0.0000,-0.2400
578726,gimbal,dynamic,191.8464,116.70,578.73,-6.8426,2.6920,184.9813,-0.2449,3.000,SEARCH,0.0000,0.0000,0.0000,-0.2399
578826,gimbal,dynamic,191.8722,116.09,578.83,-6.8391,2.6925,185.0108,-0.2375,3.001,SEARCH,0.0000,0.0000,0.0000,-0.2397
578926,gimbal,dynamic,191.8979,115.54,578.93,-6.8357,2.6920,185.0400,-0.2302,3.002,SEARCH,0.0000,0.0000,0.0000,-0.2393
579026,gimbal,dynamic,191.9227,114.96,579.03,-6.8315,2.6906,185.0690,-0.2229,3.004,SEARCH,0.0000,0.0000,0.0000,-0.2388
579126,gimbal,dynamic,191.9475,114.43,579.13,-6.8276,2.6885,185.0979,-0.2157,3.006,SEARCH,0.0000,0.0000,0.0000,-0.2382
579226,gimbal,dynamic,191.9718,113.85,579.23,-6.8235,2.6854,185.1265,-0.2086,3.008,SEARCH,0.0000,0.0000,0.0000,-0.2375
579326,gimbal,dynamic,191.9963,113.31,579.33,-6.8198,2.6813,185.1549,-0.2015,3.011,SEARCH,0.0000,0.0000,0.0000,-0.2367
579426,gimbal,dynamic,192.0214,112.72,579.43,-6.8168,2.6766,185.1832,-0.1944,3.014,SEARCH,0.0000,0.0000,0.0000,-0.2359
579526,gimbal,dynamic,192.0461,112.13,579.53,-6.8135,2.6710,185.2112,-0.1874,3.017,SEARCH,0.0000,0.0000,0.0000,-0.2350
579626,gimbal,dynamic,192.0709,111.54,579.63,-6.8107,2.6664,185.2391,-0.1804,3.020,SEARCH,0.0000,0.0000,0.0000,-0.2340
579726,gimbal,dynamic,192.0955,110.97,579.73,-6.8078,2.6623,185.2667,-0.1735,3.023,SEARCH,0.0000,0.0000,0.0000,-0.2331
579826,gimbal,dynamic,192.1192,110.34,579.83,-6.8042,2.6585,185.2942,-0.1666,3.027,SEARCH,0.0000,0.0000,0.0000,-0.2320
579926,gimbal,dynamic,192.1428,109.75,579.93,-6.8007,2.6559,185.3215,-0.1598,3.030,SEARCH,0.0000,0.0000,0.0000,-0.2309
580026,gimbal,dynamic,192.1658,109.12,580.03,-6.7967,2.6541,185.3486,-0.1530,3.034,SEARCH,0.0000,0.0000,0.0000,-0.2297
580126,gimbal,dynamic,192.1880,108.53,580.13,-6.7921,2.6524,185.3755,-0.1463,3.038,SEARCH,0.0000,0.0000,0.0000,-0.2287
580226,gimbal,dynamic,192.2099,107.89,580.23,-6.7875,2.6510,185.4022,-0.1397,3.042,SEARCH,0.0000,0.0000,0.0000,-0.2275
580326,gimbal,dynamic,192.2308,107.31,580.33,-6.7820,2.6496,185.4287,-0.1330,3.046,SEARCH,0.0000,0.0000,0.0000,-0.2263
580426,gimbal,dynamic,192.2514,106.67,580.43,-6.7764,2.6479,185.4550,-0.1264,3.050,SEARCH,0.0000,0.0000,0.0000,-0.2250
580526,gimbal,dynamic,192.2703,106.09,580.53,-6.7693,2.6452,185.4811,-0.1199,3.054,SEARCH,0.0000,0.0000,0.0000,-0.2237
580626,gimbal,dynamic,192.2880,105.46,580.63,-6.7612,2.6418,185.5071,-0.1134,3.058,SEARCH,0.0000,0.0000,0.0000,-0.2225
580726,gimbal,dynamic,192.3031,104.86,580.73,-6.7507,2.6364,185.5329,-0.1070,3.063,SEARCH,0.0000,0.0000,0.0000,-0.2212
580826,gimbal,dynamic,192.3177,104.26,580.83,-6.7399,2.6302,185.5584,-0.1006,3.068,SEARCH,0.0000,0.0000,0.0000,-0.2197
580926,gimbal,dynamic,192.3301,103.66,580.93,-6.7270,2.6224,185.5839,-0.0942,3.073,SEARCH,0.0000,0.0000,0.0000,-0.2182
581026,gimbal,dynamic,192.3419,103.06,581.03,-6.7139,2.6142,185.6091,-0.0879,3.077,SEARCH,0.0000,0.0000,0.0000,-0.2169
581126,gimbal,dynamic,192.3515,101.24,581.13,-6.6986,2.6040,185.6342,-0.0819,3.082,SEARCH,0.0000,0.0000,0.0000,-0.2155
581226,gimbal,dynamic,192.3609,98.72,581.23,-6.6833,2.5932,185.6590,-0.0769,3.086,SEARCH,0.0000,0.0000,0.0000,-0.2141
581326,gimbal,dynamic,192.3671,96.14,581.33,-6.6650,2.5804,185.6838,-0.0727,3.091,SEARCH,0.0000,0.0000,0.0000,-0.2128
581426,gimbal,dynamic,192.3731,93.48,581.43,-6.6467,2.5676,185.7083,-0.0695,3.095,SEARCH,0.0000,0.0000,0.0000,-0.2114
581526,gimbal,dynamic,192.3759,90.76,581.53,-6.6253,2.5533,185.7327,-0.0672,3.100,SEARCH,0.0000,0.0000,0.0000,-0.2100
581626,gimbal,dynamic,192.3786,87.92,581.63,-6.6040,2.5394,185.7569,-0.0658,3.104,SEARCH,0.0000,0.0000,0.0000,-0.2087
581726,gimbal,dynamic,192.3781,85.06,581.73,-6.5797,2.5236,185.7810,-0.0654,3.109,SEARCH,0.0000,0.0000,0.0000,-0.2074
581826,gimbal,dynamic,192.3782,82.14,581.83,-6.5562,2.5083,185.8049,-0.0659,3.113,SEARCH,0.0000,0.0000,0.0000,-0.2061
581926,gimbal,dynamic,192.3753,79.21,581.93,-6.5297,2.4908,185.8286,-0.0674,3.117,SEARCH,0.0000,0.0000,0.0000,-0.2049
582026,gimbal,dynamic,192.3735,76.21,582.03,-6.5044,2.4740,185.8522,-0.0699,3.121,SEARCH,0.0000,0.0000,0.0000,-0.2036
582126,gimbal,dynamic,192.3678,73.24,582.13,-6.4756,2.4552,185.8756,-0.0734,3.125,SEARCH,0.0000,0.0000,0.0000,-0.2025
582226,gimbal,dynamic,192.3623,70.22,582.23,-6.4470,2.4377,185.8989,-0.0778,3.129,SEARCH,0.0000,0.0000,0.0000,-0.2013
582326,gimbal,dynamic,192.3521,67.28,582.33,-6.4137,2.4190,185.9221,-0.0832,3.133,SEARCH,0.0000,0.0000,0.0000,-0.2002
582426,gimbal,dynamic,192.3424,66.49,582.43,-6.3813,2.4016,185.9450,-0.0889,3.136,SEARCH,0.0000,0.0000,0.0000,-0.1991
582526,gimbal,dynamic,192.3277,65.90,582.53,-6.3439,2.3825,185.9679,-0.0946,3.140,SEARCH,0.0000,0.0000,0.0000,-0.1981
582626,gimbal,dynamic,192.3141,65.29,582.63,-6.3077,2.3650,185.9906,-0.1003,3.144,SEARCH,0.0000,0.0000,0.0000,-0.1969
582726,gimbal,dynamic,192.2962,64.66,582.73,-6.2674,2.3460,186.0132,-0.1060,3.147,SEARCH,0.0000,0.0000,0.0000,-0.1959
582826,gimbal,dynamic,192.2806,64.06,582.83,-6.2295,2.3276,186.0356,-0.1116,3.150,SEARCH,0.0000,0.0000,0.0000,-0.1949
582926,gimbal,dynamic,192.2635,63.48,582.93,-6.1902,2.3087,186.0579,-0.1172,3.154,SEARCH,0.0000,0.0000,0.0000,-0.1939
583026,gimbal,dynamic,192.2411,62.86,583.03,-6.1458,2.2875,186.0801,-0.1227,3.157,SEARCH,0.0000,0.0000,0.0000,-0.1929
583126,gimbal,dynamic,192.2202,62.29,583.13,-6.1030,2.2670,186.1022,-0.1282,3.160,SEARCH,0.0000,0.0000,0.0000,-0.1921
583226,gimbal,dynamic,192.1940,61.67,583.23,-6.0551,2.2439,186.1241,-0.1337,3.163,SEARCH,0.0000,0.0000,0.0000,-0.1912
583326,gimbal,dynamic,192.1664,61.07,583.33,-6.0059,2.2202,186.1460,-0.1392,3.165,SEARCH,0.0000,0.0000,0.0000,-0.1904
583426,gimbal,dynamic,192.1407,60.47,583.43,-5.9587,2.1980,186.1677,-0.1446,3.168,SEARCH,0.0000,0.0000,0.0000,-0.1896
583526,gimbal,dynamic,192.1094,59.86,583.53,-5.9060,2.1740,186.1893,-0.1500,3.170,SEARCH,0.0000,0.0000,0.0000,-0.1889
583626,gimbal,dynamic,192.0817,59.26,583.63,-5.8570,2.1514,186.2108,-0.1554,3.173,SEARCH,0.0000,0.0000,0.0000,-0.1882
583726,gimbal,dynamic,192.0490,58.68,583.73,-5.8032,2.1267,186.2322,-0.1607,3.175,SEARCH,0.0000,0.0000,0.0000,-0.1876
583826,gimbal,dynamic,192.0193,58.05,583.83,-5.7524,2.1040,186.2535,-0.1660,3.177,SEARCH,0.0000,0.0000,0.0000,-0.1870
583926,gimbal,dynamic,191.9843,57.47,583.93,-5.6965,2.0790,186.2747,-0.1713,3.179,SEARCH,0.0000,0.0000,0.0000,-0.1864
584026,gimbal,dynamic,191.9523,56.84,584.03,-5.6436,2.0555,186.2958,-0.1766,3.180,SEARCH,0.0000,0.0000,0.0000,-0.1860
584126,gimbal,dynamic,191.9141,56.25,584.13,-5.5846,2.0291,186.3168,-0.1819,3.181,SEARCH,0.0000,0.0000,0.0000,-0.1857
584226,gimbal,dynamic,191.8789,55.62,584.23,-5.5287,2.0041,186.3377,-0.1871,3.182,SEARCH,0.0000,0.0000,0.0000,-0.1854
584326,gimbal,dynamic,191.8374,55.04,584.33,-5.4666,1.9765,186.3586,-0.1923,3.183,SEARCH,0.0000,0.0000,0.0000,-0.1852
584426,gimbal,dynamic,191.7998,54.40,584.43,-5.4085,1.9507,186.3793,-0.1975,3.183,SEARCH,0.0000,0.0000,0.0000,-0.1851
584526,gimbal,dynamic,191.7566,53.82,584.53,-5.3448,1.9223,186.4000,-0.2027,3.183,SEARCH,0.0000,0.0000,0.0000,-0.1850
584626,gimbal,dynamic,191.7173,53.19,584.63,-5.2851,1.8961,186.4207,-0.2078,3.183,SEARCH,0.0000,0.0000,0.0000,-0.1850
584726,gimbal,dynamic,191.6729,52.58,584.73,-5.2203,1.8685,186.4412,-0.2130,3.183,SEARCH,0.0000,0.0000,0.0000,-0.1850
584826,gimbal,dynamic,191.6334,51.97,584.83,-5.1606,1.8437,186.4617,-0.2181,3.183,SEARCH,0.0000,0.0000,0.0000,-0.1850
584926,gimbal,dynamic,191.5889,51.39,584.93,-5.0959,1.8172,186.4821,-0.2232,3.183,SEARCH,0.0000,0.0000,0.0000,-0.1851
585026,gimbal,dynamic,191.5491,50.76,585.03,-5.0360,1.7926,186.5025,-0.2283,3.183,SEARCH,0.0000,0.0000,0.0000,-0.1852
585126,gimbal,dynamic,191.5035,50.18,585.13,-4.9702,1.7662,186.5228,-0.2334,3.182,SEARCH,0.0000,0.0000,0.0000,-0.1854
585226,gimbal,dynamic,191.4623,49.57,585.23,-4.9090,1.7424,186.5431,-0.2384,3.181,SEARCH,0.0000,0.0000,0.0000,-0.1856
585326,gimbal,dynamic,191.4198,48.97,585.33,-4.8464,1.7190,186.5633,-0.2435,3.180,SEARCH,0.0000,0.0000,0.0000,-0.1859
585426,gimbal,dynamic,191.3704,48.37,585.43,-4.7770,1.6932,186.5835,-0.2485,3.180,SEARCH,0.0000,0.0000,0.0000,-0.1861
585526,gimbal,dynamic,191.3251,47.77,585.53,-4.7118,1.6693,186.6037,-0.2536,3.179,SEARCH,0.0000,0.0000,0.0000,-0.1864
585626,gimbal,dynamic,191.2733,47.14,585.63,-4.6401,1.6435,186.6238,-0.2586,3.177,SEARCH,0.0000,0.0000,0.0000,-0.1868
585726,gimbal,dynamic,191.2259,46.56,585.73,-4.5727,1.6196,186.6439,-0.2636,3.176,SEARCH,0.0000,0.0000,0.0000,-0.1872
585826,gimbal,dynamic,191.1715,45.93,585.83,-4.4985,1.5927,186.6639,-0.2687,3.174,SEARCH,0.0000,0.0000,0.0000,-0.1878
585926,gimbal,dynamic,191.1149,45.35,585.93,-4.4221,1.5643,186.6840,-0.2737,3.172,SEARCH,0.0000,0.0000,0.0000,-0.1883
586026,gimbal,dynamic,191.0616,44.72,586.03,-4.3489,1.5368,186.7040,-0.2787,3.170,SEARCH,0.0000,0.0000,0.0000,-0.1889
586126,gimbal,dynamic,190.9994,44.14,586.13,-4.2669,1.5057,186.7240,-0.2837,3.168,SEARCH,0.0000,0.0000,0.0000,-0.1895
586226,gimbal,dynamic,190.9412,43.51,586.23,-4.1890,1.4760,186.7440,-0.2887,3.166,SEARCH,0.0000,0.0000,0.0000,-0.1901
586326,gimbal,dynamic,190.8821,42.94,586.33,-4.1101,1.4456,186.7640,-0.2937,3.164,SEARCH,0.0000,0.0000,0.0000,-0.1908
586426,gimbal,dynamic,190.8152,42.31,586.43,-4.0235,1.4125,186.7840,-0.2987,3.161,SEARCH,0.0000,0.0000,0.0000,-0.1916
586526,gimbal,dynamic,190.7539,41.73,586.53,-3.9424,1.3822,186.8040,-0.3037,3.159,SEARCH,0.0000,0.0000,0.0000,-0.1923
586626,gimbal,dynamic,190.6851,41.10,586.63,-3.8538,1.3492,186.8241,-0.3087,3.156,SEARCH,0.0000,0.0000,0.0000,-0.1932
586726,gimbal,dynamic,190.6162,40.51,586.73,-3.7652,1.3168,186.8441,-0.3137,3.153,SEARCH,0.0000,0.0000,0.0000,-0.1940
586826,gimbal,dynamic,190.5554,39.88,586.83,-3.6845,1.2881,186.8641,-0.3187,3.150,SEARCH,0.0000,0.0000,0.0000,-0.1949
586926,gimbal,dynamic,190.4888,39.30,586.93,-3.5981,1.2581,186.8842,-0.3237,3.147,SEARCH,0.0000,0.0000,0.0000,-0.1958
587026,gimbal,dynamic,190.4297,38.67,587.03,-3.5191,1.2315,186.9042,-0.3287,3.144,SEARCH,0.0000,0.0000,0.0000,-0.1968
587126,gimbal,dynamic,190.3654,38.07,587.13,-3.4349,1.2035,186.9244,-0.3338,3.140,SEARCH,0.0000,0.0000,0.0000,-0.1979
587226,gimbal,dynamic,190.3083,37.46,587.23,-3.3578,1.1781,186.9445,-0.3388,3.137,SEARCH,0.0000,0.0000,0.0000,-0.1990
587326,gimbal,dynamic,190.2453,36.86,587.33,-3.2747,1.1510,186.9647,-0.3438,3.133,SEARCH,0.0000,0.0000,0.0000,-0.2001
587426,gimbal,dynamic,190.1888,36.25,587.43,-3.1982,1.1261,186.9849,-0.3489,3.129,SEARCH,0.0000,0.0000,0.0000,-0.2012
587526,gimbal,dynamic,190.1322,35.67,587.53,-3.1215,1.1010,187.0051,-0.3539,3.126,SEARCH,0.0000,0.0000,0.0000,-0.2023
587626,gimbal,dynamic,190.0690,35.04,587.63,-3.0381,1.0739,187.0254,-0.3590,3.122,SEARCH,0.0000,0.0000,0.0000,-0.2035
587726,gimbal,dynamic,190.0058,34.44,587.73,-2.9548,1.0464,187.0458,-0.3641,3.118,SEARCH,0.0000,0.0000,0.0000,-0.2047
587826,gimbal,dynamic,189.9498,33.83,587.83,-2.8786,1.0207,187.0662,-0.3692,3.114,SEARCH,0.0000,0.0000,0.0000,-0.2058
587926,gimbal,dynamic,189.8883,33.23,587.93,-2.7968,0.9927,187.0866,-0.3743,3.111,SEARCH,0.0000,0.0000,0.0000,-0.2068
588026,gimbal,dynamic,189.8339,32.62,588.03,-2.7220,0.9670,187.1072,-0.3795,3.107,SEARCH,0.0000,0.0000,0.0000,-0.2080
588126,gimbal,dynamic,189.7747,32.02,588.13,-2.6423,0.9398,187.1278,-0.3846,3.103,SEARCH,0.0000,0.0000,0.0000,-0.2091
588226,gimbal,dynamic,189.7228,31.41,588.23,-2.5699,0.9147,187.1484,-0.3898,3.099,SEARCH,0.0000,0.0000,0.0000,-0.2103
588326,gimbal,dynamic,189.6656,30.81,588.33,-2.4921,0.8874,187.1692,-0.3950,3.095,SEARCH,0.0000,0.0000,0.0000,-0.2114
588426,gimbal,dynamic,189.6148,30.21,588.43,-2.4206,0.8620,187.1900,-0.4002,3.091,SEARCH,0.0000,0.0000,0.0000,-0.2127
588526,gimbal,dynamic,189.5583,29.63,588.53,-2.3434,0.8345,187.2109,-0.4054,3.087,SEARCH,0.0000,0.0000,0.0000,-0.2138
588626,gimbal,dynamic,189.5081,29.01,588.63,-2.2724,0.8097,187.2318,-0.4106,3.083,SEARCH,0.0000,0.0000,0.0000,-0.2151
588726,gimbal,dynamic,189.4521,28.70,588.73,-2.1954,0.7834,187.2529,-0.4159,3.079,SEARCH,0.0000,0.0000,0.0000,-0.2162
588826,gimbal,dynamic,189.4024,30.75,588.83,-2.1247,0.7589,187.2741,-0.4203,3.075,SEARCH,0.0000,0.0000,0.0000,-0.2175
588926,gimbal,dynamic,189.3473,32.84,588.93,-2.0485,0.7318,187.2953,-0.4238,3.071,SEARCH,0.0000,0.0000,0.0000,-0.2186
589026,gimbal,dynamic,189.2992,34.96,589.03,-1.9791,0.7067,187.3167,-0.4263,3.067,SEARCH,0.0000,0.0000,0.0000,-0.2198
589126,gimbal,dynamic,189.2524,37.10,589.13,-1.9111,0.6811,187.3381,-0.4277,3.063,SEARCH,0.0000,0.0000,0.0000,-0.2210
589226,gimbal,dynamic,189.2018,39.17,589.23,-1.8391,0.6529,187.3597,-0.4281,3.059,SEARCH,0.0000,0.0000,0.0000,-0.2222
589326,gimbal,dynamic,189.1533,41.24,589.33,-1.7690,0.6250,187.3813,-0.4276,3.056,SEARCH,0.0000,0.0000,0.0000,-0.2232
589426,gimbal,dynamic,189.1121,43.26,589.43,-1.7062,0.6002,187.4031,-0.4260,3.052,SEARCH,0.0000,0.0000,0.0000,-0.2244
589526,gimbal,dynamic,189.0678,45.22,589.53,-1.6402,0.5744,187.4250,-0.4233,3.048,SEARCH,0.0000,0.0000,0.0000,-0.2255
589626,gimbal,dynamic,189.0304,47.10,589.63,-1.5808,0.5515,187.4470,-0.4197,3.044,SEARCH,0.0000,0.0000,0.0000,-0.2267
589726,gimbal,dynamic,188.9896,48.92,589.73,-1.5181,0.5278,187.4692,-0.4151,3.041,SEARCH,0.0000,0.0000,0.0000,-0.2278
589826,gimbal,dynamic,188.9548,49.81,589.83,-1.4611,0.5064,187.4914,-0.4097,3.036,SEARCH,0.0000,0.0000,0.0000,-0.2291
589926,gimbal,dynamic,188.9162,49.20,589.93,-1.4003,0.4838,187.5138,-0.4041,3.033,SEARCH,0.0000,0.0000,0.0000,-0.2302
590026,gimbal,dynamic,188.8834,48.60,590.03,-1.3452,0.4638,187.5363,-0.3985,3.028,SEARCH,0.0000,0.0000,0.0000,-0.2315
590126,gimbal,dynamic,188.8471,48.02,590.13,-1.2863,0.4434,187.5590,-0.3928,3.025,SEARCH,0.0000,0.0000,0.0000,-0.2326
590226,gimbal,dynamic,188.8164,47.39,590.23,-1.2329,0.4256,187.5818,-0.3871,3.021,SEARCH,0.0000,0.0000,0.0000,-0.2338
590326,gimbal,dynamic,188.7821,46.82,590.33,-1.1758,0.4069,187.6047,-0.3814,3.017,SEARCH,0.0000,0.0000,0.0000,-0.2349
590426,gimbal,dynamic,188.7529,46.19,590.43,-1.1236,0.3897,187.6278,-0.3756,3.013,SEARCH,0.0000,0.0000,0.0000,-0.2360
590526,gimbal,dynamic,188.7202,45.58,590.53,-1.0677,0.3707,187.6510,-0.3698,3.010,SEARCH,0.0000,0.0000,0.0000,-0.2370
590626,gimbal,dynamic,188.6930,44.97,590.63,-1.0172,0.3529,187.6744,-0.3639,3.006,SEARCH,0.0000,0.0000,0.0000,-0.2381
590726,gimbal,dynamic,188.6670,44.39,590.73,-0.9678,0.3349,187.6979,-0.3581,3.003,SEARCH,0.0000,0.0000,0.0000,-0.2390
590826,gimbal,dynamic,188.6383,43.78,590.83,-0.9156,0.3153,187.7216,-0.3521,3.000,SEARCH,0.0000,0.0000,0.0000,-0.2400
590926,gimbal,dynamic,188.6114,43.14,590.93,-0.8650,0.2955,187.7454,-0.3462,2.997,SEARCH,0.0000,0.0000,0.0000,-0.2410
591026,gimbal,dynamic,188.5908,42.53,591.03,-0.8204,0.2777,187.7694,-0.3402,2.994,SEARCH,0.0000,0.0000,0.0000,-0.2419
591126,gimbal,dynamic,188.5683,41.92,591.13,-0.7738,0.2594,187.7935,-0.3342,2.991,SEARCH,0.0000,0.0000,0.0000,-0.2427
591226,gimbal,dynamic,188.5504,41.31,591.23,-0.7317,0.2440,187.8178,-0.3281,2.988,SEARCH,0.0000,0.0000,0.0000,-0.2435
591326,gimbal,dynamic,188.5297,40.74,591.33,-0.6865,0.2288,187.8423,-0.3220,2.986,SEARCH,0.0000,0.0000,0.0000,-0.2443
591426,gimbal,dynamic,188.5136,40.12,591.43,-0.6459,0.2161,187.8669,-0.3158,2.983,SEARCH,0.0000,0.0000,0.0000,-0.2451
591526,gimbal,dynamic,188.4961,39.52,591.53,-0.6036,0.2033,187.8918,-0.3096,2.981,SEARCH,0.0000,0.0000,0.0000,-0.2458
591626,gimbal,dynamic,188.4838,38.92,591.63,-0.5664,0.1922,187.9167,-0.3033,2.978,SEARCH,0.0000,0.0000,0.0000,-0.2466
591726,gimbal,dynamic,188.4731,38.34,591.73,-0.5306,0.1817,187.9419,-0.2971,2.976,SEARCH,0.0000,0.0000,0.0000,-0.2473
591826,gimbal,dynamic,188.4615,37.74,591.83,-0.4937,0.1714,187.9672,-0.2907,2.973,SEARCH,0.0000,0.0000,0.0000,-0.2480
591926,gimbal,dynamic,188.4542,37.13,591.93,-0.4609,0.1628,187.9928,-0.2843,2.971,SEARCH,0.0000,0.0000,0.0000,-0.2486
592026,gimbal,dynamic,188.4461,36.50,592.03,-0.4272,0.1540,188.0185,-0.2779,2.969,SEARCH,0.0000,0.0000,0.0000,-0.2493
592126,gimbal,dynamic,188.4404,35.89,592.13,-0.3956,0.1457,188.0443,-0.2715,2.967,SEARCH,0.0000,0.0000,0.0000,-0.2498
592226,gimbal,dynamic,188.4392,35.29,592.23,-0.3684,0.1381,188.0704,-0.2649,2.965,SEARCH,0.0000,0.0000,0.0000,-0.2505
592326,gimbal,dynamic,188.4381,34.68,592.33,-0.3411,0.1294,188.0966,-0.2584,2.963,SEARCH,0.0000,0.0000,0.0000,-0.2511
592426,gimbal,dynamic,188.4410,34.07,592.43,-0.3176,0.1214,188.1231,-0.2518,2.961,SEARCH,0.0000,0.0000,0.0000,-0.2517
592526,gimbal,dynamic,188.4438,33.48,592.53,-0.2938,0.1128,188.1497,-0.2451,2.959,SEARCH,0.0000,0.0000,0.0000,-0.2522
592626,gimbal,dynamic,188.4500,32.85,592.63,-0.2732,0.1047,188.1765,-0.2384,2.957,SEARCH,0.0000,0.0000,0.0000,-0.2528
592726,gimbal,dynamic,188.4575,32.27,592.73,-0.2537,0.0960,188.2035,-0.2317,2.956,SEARCH,0.0000,0.0000,0.0000,-0.2533
592826,gimbal,dynamic,188.4646,31.63,592.83,-0.2337,0.0863,188.2307,-0.2249,2.954,SEARCH,0.0000,0.0000,0.0000,-0.2538
592926,gimbal,dynamic,188.4746,31.05,592.93,-0.2163,0.0774,188.2580,-0.2180,2.953,SEARCH,0.0000,0.0000,0.0000,-0.2542
593026,gimbal,dynamic,188.4846,30.42,593.03,-0.1988,0.0686,188.2856,-0.2111,2.951,SEARCH,0.0000,0.0000,0.0000,-0.2546
593126,gimbal,dynamic,188.4966,29.85,593.13,-0.1830,0.0608,188.3134,-0.2042,2.950,SEARCH,0.0000,0.0000,0.0000,-0.2549
593226,gimbal,dynamic,188.5111,29.22,593.23,-0.1696,0.0551,188.3413,-0.1972,2.949,SEARCH,0.0000,0.0000,0.0000,-0.2552
593326,gimbal,dynamic,188.5254,28.62,593.33,-0.1558,0.0507,188.3695,-0.1902,2.948,SEARCH,0.0000,0.0000,0.0000,-0.2555
593426,gimbal,dynamic,188.5417,28.05,593.43,-0.1437,0.0478,188.3979,-0.1831,2.947,SEARCH,0.0000,0.0000,0.0000,-0.2558
593526,gimbal,dynamic,188.5580,27.44,593.53,-0.1314,0.0458,188.4264,-0.1759,2.947,SEARCH,0.0000,0.0000,0.0000,-0.2560
593626,gimbal,dynamic,188.5762,26.82,593.63,-0.1209,0.0443,188.4552,-0.1687,2.946,SEARCH,0.0000,0.0000,0.0000,-0.2562
593726,gimbal,dynamic,188.5943,26.23,593.73,-0.1101,0.0422,188.4841,-0.1615,2.945,SEARCH,0.0000,0.0000,0.0000,-0.2564
593826,gimbal,dynamic,188.6143,25.60,593.83,-0.1009,0.0398,188.5133,-0.1542,2.945,SEARCH,0.0000,0.0000,0.0000,-0.2565
593926,gimbal,dynamic,188.6353,25.02,593.93,-0.0926,0.0373,188.5426,-0.1469,2.945,SEARCH,0.0000,0.0000,0.0000,-0.2566
594026,gimbal,dynamic,188.6567,24.39,594.03,-0.0844,0.0352,188.5722,-0.1395,2.944,SEARCH,0.0000,0.0000,0.0000,-0.2567
594126,gimbal,dynamic,188.6794,23.78,594.13,-0.0774,0.0332,188.6019,-0.1321,2.944,SEARCH,0.0000,0.0000,0.0000,-0.2568
594226,gimbal,dynamic,188.7037,23.18,594.23,-0.0717,0.0317,188.6319,-0.1246,2.944,SEARCH,0.0000,0.0000,0.0000,-0.2569
594326,gimbal,dynamic,188.7275,22.60,594.33,-0.0655,0.0307,188.6620,-0.1170,2.943,SEARCH,0.0000,0.0000,0.0000,-0.2570
594426,gimbal,dynamic,188.7518,21.96,594.43,-0.0594,0.0300,188.6924,-0.1094,2.943,SEARCH,0.0000,0.0000,0.0000,-0.2571
594526,gimbal,dynamic,188.7763,21.38,594.53,-0.0533,0.0290,188.7229,-0.1018,2.943,SEARCH,0.0000,0.0000,0.0000,-0.2572
594626,gimbal,dynamic,188.8018,20.75,594.63,-0.0481,0.0277,188.7537,-0.0941,2.942,SEARCH,0.0000,0.0000,0.0000,-0.2573
594726,gimbal,dynamic,188.8268,20.17,594.73,-0.0422,0.0256,188.7846,-0.0864,2.942,SEARCH,0.0000,0.0000,0.0000,-0.2573
594826,gimbal,dynamic,188.8524,19.54,594.83,-0.0366,0.0235,188.8157,-0.0786,2.942,SEARCH,0.0000,0.0000,0.0000,-0.2574
594926,gimbal,dynamic,188.8777,18.96,594.93,-0.0306,0.0213,188.8471,-0.0708,2.942,SEARCH,0.0000,0.0000,0.0000,-0.2575
595026,gimbal,dynamic,188.9034,18.33,595.03,-0.0248,0.0190,188.8786,-0.0629,2.942,SEARCH,0.0000,0.0000,0.0000,-0.2575
595126,gimbal,dynamic,188.9296,17.75,595.13,-0.0192,0.0167,188.9104,-0.0549,2.941,SEARCH,0.0000,0.0000,0.0000,-0.2576
595226,gimbal,dynamic,188.9564,17.12,595.23,-0.0141,0.0145,188.9423,-0.0470,2.941,SEARCH,0.0000,0.0000,0.0000,-0.2577
595326,gimbal,dynamic,188.9853,16.54,595.33,-0.0108,0.0125,188.9744,-0.0389,2.941,SEARCH,0.0000,0.0000,0.0000,-0.2577
595426,gimbal,dynamic,189.0155,15.90,595.43,-0.0087,0.0103,189.0068,-0.0308,2.941,SEARCH,0.0000,0.0000,0.0000,-0.2578
595526,gimbal,dynamic,189.0472,15.33,595.53,-0.0079,0.0083,189.0393,-0.0227,2.941,SEARCH,0.0000,0.0000,0.0000,-0.2578
595626,gimbal,dynamic,189.0809,13.65,595.63,-0.0089,0.0057,189.0720,-0.0149,2.941,SEARCH,0.0000,0.0000,0.0000,-0.2578
595726,gimbal,dynamic,189.1164,11.68,595.73,-0.0115,0.0027,189.1049,-0.0079,2.940,SEARCH,0.0000,0.0000,0.0000,-0.2579
595826,gimbal,dynamic,189.1525,9.80,595.83,-0.0145,-0.0007,189.1380,-0.0018,2.940,SEARCH,0.0000,0.0000,0.0000,-0.2580
595926,gimbal,dynamic,189.1893,8.04,595.93,-0.0181,-0.0047,189.1713,0.0035,2.940,SEARCH,0.0000,0.0000,0.0000,-0.2581
596026,gimbal,dynamic,189.2260,6.39,596.03,-0.0212,-0.0087,189.2048,0.0079,2.940,SEARCH,0.0000,0.0000,0.0000,-0.2581
596126,gimbal,dynamic,189.2625,4.86,596.13,-0.0241,-0.0126,189.2384,0.0114,2.939,SEARCH,0.0000,0.0000,0.0000,-0.2582
596226,gimbal,dynamic,189.2993,3.42,596.23,-0.0270,-0.0166,189.2723,0.0141,2.939,SEARCH,0.0000,0.0000,0.0000,-0.2582
596326,gimbal,dynamic,189.3359,2.06,596.33,-0.0296,-0.0206,189.3063,0.0159,2.939,SEARCH,0.0000,0.0000,0.0000,-0.2582
596426,gimbal,dynamic,189.3735,0.77,596.43,-0.0330,-0.0245,189.3405,0.0169,2.939,SEARCH,0.0000,0.0000,0.0000,-0.2582
596526,gimbal,dynamic,189.4116,-0.50,596.53,-0.0366,-0.0271,189.3749,0.0170,2.939,SEARCH,0.0000,0.0000,0.0000,-0.2582
596626,gimbal,dynamic,189.4496,-1.73,596.63,-0.0401,-0.0277,189.4095,0.0163,2.939,SEARCH,0.0000,0.0000,0.0000,-0.2582
596726,gimbal,dynamic,189.4883,-2.96,596.73,-0.0441,-0.0270,189.4442,0.0147,2.940,SEARCH,0.0000,0.0000,0.0000,-0.2581
596826,gimbal,dynamic,189.5271,-4.18,596.83,-0.0479,-0.0251,189.4791,0.0123,2.940,SEARCH,0.0000,0.0000,0.0000,-0.2581
596926,gimbal,dynamic,189.5655,-5.40,596.93,-0.0513,-0.0217,189.5142,0.0091,2.940,SEARCH,0.0000,0.0000,0.0000,-0.2580
597026,gimbal,dynamic,189.6024,-6.60,597.03,-0.0529,-0.0177,189.5495,0.0052,2.940,SEARCH,0.0000,0.0000,0.0000,-0.2579
597126,gimbal,dynamic,189.6383,-7.79,597.13,-0.0534,-0.0133,189.5850,0.0004,2.941,SEARCH,0.0000,0.0000,0.0000,-0.2578
597226,gimbal,dynamic,189.6735,-8.96,597.23,-0.0529,-0.0093,189.6206,-0.0051,2.941,SEARCH,0.0000,0.0000,0.0000,-0.2577
597326,gimbal,dynamic,189.7082,-10.09,597.33,-0.0519,-0.0051,189.6563,-0.0114,2.942,SEARCH,0.0000,0.0000,0.0000,-0.2575
597426,gimbal,dynamic,189.7434,-11.18,597.43,-0.0512,-0.0019,189.6923,-0.0184,2.942,SEARCH,0.0000,0.0000,0.0000,-0.2574
597526,gimbal,dynamic,189.7791,-12.22,597.53,-0.0507,0.0002,189.7283,-0.0260,2.943,SEARCH,0.0000,0.0000,0.0000,-0.2572
597626,gimbal,dynamic,189.8154,-13.21,597.63,-0.0508,0.0006,189.7646,-0.0344,2.943,SEARCH,0.0000,0.0000,0.0000,-0.2571
597726,gimbal,dynamic,189.8519,-13.99,597.73,-0.0509,-0.0003,189.8010,-0.0433,2.944,SEARCH,0.0000,0.0000,0.0000,-0.2569
597826,gimbal,dynamic,189.8884,-14.01,597.83,-0.0509,-0.0023,189.8375,-0.0525,2.944,SEARCH,0.0000,0.0000,0.0000,-0.2568
597926,gimbal,dynamic,189.9249,-14.02,597.93,-0.0506,-0.0052,189.8743,-0.0617,2.944,SEARCH,0.0000,0.0000,0.0000,-0.2568
598026,gimbal,dynamic,189.9615,-14.02,598.03,-0.0504,-0.0082,189.9111,-0.0709,2.944,SEARCH,0.0000,0.0000,0.0000,-0.2567
598126,gimbal,dynamic,189.9981,-14.02,598.13,-0.0500,-0.0115,189.9481,-0.0801,2.944,SEARCH,0.0000,0.0000,0.0000,-0.2567
598226,gimbal,dynamic,190.0348,-14.02,598.23,-0.0495,-0.0145,189.9852,-0.0894,2.945,SEARCH,0.0000,0.0000,0.0000,-0.2566
598326,gimbal,dynamic,190.0716,-14.02,598.33,-0.0491,-0.0170,190.0225,-0.0987,2.945,SEARCH,0.0000,0.0000,0.0000,-0.2566
598426,gimbal,dynamic,190.1084,-14.02,598.43,-0.0485,-0.0183,190.0599,-0.1081,2.945,SEARCH,0.0000,0.0000,0.0000,-0.2565
598526,gimbal,dynamic,190.1448,-14.02,598.53,-0.0473,-0.0189,190.0975,-0.1175,2.945,SEARCH,0.0000,0.0000,0.0000,-0.2564
598626,gimbal,dynamic,190.1809,-14.02,598.63,-0.0457,-0.0188,190.1351,-0.1269,2.946,SEARCH,0.0000,0.0000,0.0000,-0.2562
598726,gimbal,dynamic,190.2174,-14.02,598.73,-0.0445,-0.0184,190.1729,-0.1363,2.946,SEARCH,0.0000,0.0000,0.0000,-0.2561
598826,gimbal,dynamic,190.2541,-14.02,598.83,-0.0432,-0.0174,190.2109,-0.1458,2.947,SEARCH,0.0000,0.0000,0.0000,-0.2560
598926,gimbal,dynamic,190.2918,-14.02,598.93,-0.0429,-0.0163,190.2489,-0.1553,2.947,SEARCH,0.0000,0.0000,0.0000,-0.2558
599026,gimbal,dynamic,190.3304,-14.02,599.03,-0.0432,-0.0148,190.2871,-0.1649,2.948,SEARCH,0.0000,0.0000,0.0000,-0.2557
599126,gimbal,dynamic,190.3697,-14.02,599.13,-0.0442,-0.0131,190.3254,-0.1744,2.948,SEARCH,0.0000,0.0000,0.0000,-0.2555
599226,gimbal,dynamic,190.4099,-14.02,599.23,-0.0461,-0.0116,190.3637,-0.1840,2.948,SEARCH,0.0000,0.0000,0.0000,-0.2555
599326,gimbal,dynamic,190.4513,-14.02,599.33,-0.0490,-0.0099,190.4022,-0.1937,2.949,SEARCH,0.0000,0.0000,0.0000,-0.2554
599426,gimbal,dynamic,190.4923,-14.02,599.43,-0.0514,-0.0085,190.4408,-0.2033,2.949,SEARCH,0.0000,0.0000,0.0000,-0.2554
599526,gimbal,dynamic,190.5329,-14.01,599.53,-0.0532,-0.0073,190.4795,-0.2130,2.949,SEARCH,0.0000,0.0000,0.0000,-0.2554
599626,gimbal,dynamic,190.5729,-14.01,599.63,-0.0544,-0.0063,190.5183,-0.2227,2.949,SEARCH,0.0000,0.0000,0.0000,-0.2553
599726,gimbal,dynamic,190.6127,-14.01,599.73,-0.0554,-0.0051,190.5572,-0.2324,2.949,SEARCH,0.0000,0.0000,0.0000,-0.2553
599826,gimbal,dynamic,190.6523,-14.01,599.83,-0.0559,-0.0038,190.5962,-0.2421,2.949,SEARCH,0.0000,0.0000,0.0000,-0.2553
599926,gimbal,dynamic,190.6919,-14.01,599.93,-0.0565,-0.0023,190.6353,-0.2519,2.949,SEARCH,0.0000,0.0000,0.0000,-0.2553
600026,gimbal,dynamic,190.7318,-14.01,600.03,-0.0572,-0.0013,190.6744,-0.2617,2.949,SEARCH,0.0000,0.0000,0.0000,-0.2552
600126,gimbal,dynamic,190.7716,-14.01,600.13,-0.0578,-0.0005,190.7136,-0.2715,2.949,SEARCH,0.0000,0.0000,0.0000,-0.2552
600226,gimbal,dynamic,190.8110,-14.01,600.23,-0.0579,-0.0004,190.7529,-0.2813,2.949,SEARCH,0.0000,0.0000,0.0000,-0.2552
600326,gimbal,dynamic,190.8495,-14.01,600.33,-0.0570,-0.0010,190.7923,-0.2912,2.949,SEARCH,0.0000,0.0000,0.0000,-0.2552
600426,gimbal,dynamic,190.8875,-14.01,600.43,-0.0556,-0.0020,190.8317,-0.3010,2.950,SEARCH,0.0000,0.0000,0.0000,-0.2551
600526,gimbal,dynamic,190.9253,-14.01,600.53,-0.0538,-0.0035,190.8712,-0.3109,2.950,SEARCH,0.0000,0.0000,0.0000,-0.2551
600626,gimbal,dynamic,190.9632,-14.01,600.63,-0.0521,-0.0047,190.9108,-0.3208,2.950,SEARCH,0.0000,0.0000,0.0000,-0.2551
600726,gimbal,dynamic,191.0010,-14.02,600.73,-0.0503,-0.0060,190.9504,-0.3307,2.950,SEARCH,0.0000,0.0000,0.0000,-0.2550
600826,gimbal,dynamic,191.0391,-14.02,600.83,-0.0487,-0.0071,190.9901,-0.3406,2.950,SEARCH,0.0000,0.0000,0.0000,-0.2550
600926,gimbal,dynamic,191.0775,-14.02,600.93,-0.0474,-0.0078,191.0298,-0.3506,2.950,SEARCH,0.0000,0.0000,0.0000,-0.2550
601026,gimbal,dynamic,191.1168,-14.02,601.03,-0.0469,-0.0078,191.0696,-0.3605,2.950,SEARCH,0.0000,0.0000,0.0000,-0.2550
601126,gimbal,dynamic,191.1566,-14.03,601.13,-0.0469,-0.0073,191.1094,-0.3704,2.950,SEARCH,0.0000,0.0000,0.0000,-0.2550
601226,gimbal,dynamic,191.1966,-14.03,601.23,-0.0470,-0.0064,191.1493,-0.3804,2.950,SEARCH,0.0000,0.0000,0.0000,-0.2550
601326,gimbal,dynamic,191.2370,-13.74,601.33,-0.0474,-0.0050,191.1891,-0.3903,2.950,SEARCH,0.0000,0.0000,0.0000,-0.2550
601426,gimbal,dynamic,191.2774,-12.95,601.43,-0.0480,-0.0035,191.2290,-0.3997,2.950,SEARCH,0.0000,0.0000,0.0000,-0.2550
601526,gimbal,dynamic,191.3175,-12.11,601.53,-0.0480,-0.0023,191.2690,-0.4084,2.950,SEARCH,0.0000,0.0000,0.0000,-0.2549
601626,gimbal,dynamic,191.3568,-11.24,601.63,-0.0474,-0.0015,191.3089,-0.4166,2.950,SEARCH,0.0000,0.0000,0.0000,-0.2549
601726,gimbal,dynamic,191.3953,-10.34,601.73,-0.0460,-0.0006,191.3489,-0.4241,2.950,SEARCH,0.0000,0.0000,0.0000,-0.2549
601826,gimbal,dynamic,191.4336,-9.42,601.83,-0.0443,0.0003,191.3889,-0.4310,2.950,SEARCH,0.0000,0.0000,0.0000,-0.2549
601926,gimbal,dynamic,191.4723,-8.47,601.93,-0.0430,0.0009,191.4289,-0.4371,2.951,SEARCH,0.0000,0.0000,0.0000,-0.2548
602026,gimbal,dynamic,191.5120,-7.49,602.03,-0.0426,0.0012,191.4689,-0.4426,2.951,SEARCH,0.0000,0.0000,0.0000,-0.2548
602126,gimbal,dynamic,191.5523,-6.50,602.13,-0.0429,0.0015,191.5089,-0.4474,2.951,SEARCH,0.0000,0.0000,0.0000,-0.2548
602226,gimbal,dynamic,191.5929,-5.48,602.23,-0.0435,0.0012,191.5489,-0.4515,2.951,SEARCH,0.0000,0.0000,0.0000,-0.2548
602326,gimbal,dynamic,191.6335,-4.45,602.33,-0.0441,0.0009,191.5889,-0.4549,2.951,SEARCH,0.0000,0.0000,0.0000,-0.2548
602426,gimbal,dynamic,191.6740,-3.41,602.43,-0.0446,0.0007,191.6288,-0.4575,2.951,SEARCH,0.0000,0.0000,0.0000,-0.2547
602526,gimbal,dynamic,191.7147,-2.35,602.53,-0.0453,0.0008,191.6688,-0.4594,2.951,SEARCH,0.0000,0.0000,0.0000,-0.2547
602626,gimbal,dynamic,191.7552,-1.29,602.63,-0.0459,0.0015,191.7087,-0.4606,2.951,SEARCH,0.0000,0.0000,0.0000,-0.2547
602726,gimbal,dynamic,191.7957,-0.23,602.73,-0.0464,0.0027,191.7487,-0.4610,2.951,SEARCH,0.0000,0.0000,0.0000,-0.2546
602826,gimbal,dynamic,191.8356,0.84,602.83,-0.0464,0.0038,191.7886,-0.4606,2.951,SEARCH,0.0000,0.0000,0.0000,-0.2546
602926,gimbal,dynamic,191.8756,1.92,602.93,-0.0466,0.0047,191.8284,-0.4595,2.951,SEARCH,0.0000,0.0000,0.0000,-0.2546
603026,gimbal,dynamic,191.9159,2.98,603.03,-0.0471,0.0055,191.8683,-0.4577,2.952,SEARCH,0.0000,0.0000,0.0000,-0.2543
603126,gimbal,dynamic,191.9564,4.05,603.13,-0.0478,0.0064,191.9081,-0.4551,2.952,SEARCH,0.0000,0.0000,0.0000,-0.2543
603226,gimbal,dynamic,191.9972,5.10,603.23,-0.0489,0.0069,191.9478,-0.4519,2.951,SEARCH,0.0000,0.0000,0.0000,-0.2546
603326,gimbal,dynamic,192.0388,6.14,603.33,-0.0508,0.0073,191.9875,-0.4478,2.950,SEARCH,0.0000,0.0000,0.0000,-0.2550
603426,gimbal,dynamic,192.0807,7.16,603.43,-0.0531,0.0074,192.0272,-0.4431,2.948,SEARCH,0.0000,0.0000,0.0000,-0.2557
603526,gimbal,dynamic,192.1240,8.17,603.53,-0.0567,0.0074,192.0668,-0.4377,2.945,SEARCH,0.0000,0.0000,0.0000,-0.2566
603626,gimbal,dynamic,192.1673,9.15,603.63,-0.0605,0.0076,192.1063,-0.4315,2.940,SEARCH,0.0000,0.0000,0.0000,-0.2580
603726,gimbal,dynamic,192.2109,10.11,603.73,-0.0646,0.0074,192.1458,-0.4247,2.934,SEARCH,0.0000,0.0000,0.0000,-0.2598
603826,gimbal,dynamic,192.2543,11.05,603.83,-0.0686,0.0071,192.1852,-0.4172,2.925,SEARCH,0.0000,0.0000,0.0000,-0.2625
603926,gimbal,dynamic,192.2984,11.96,603.93,-0.0734,0.0072,192.2245,-0.4091,2.913,SEARCH,0.0000,0.0000,0.0000,-0.2661
604026,gimbal,dynamic,192.3421,12.85,604.03,-0.0779,0.0077,192.2638,-0.4004,2.899,SEARCH,0.0000,0.0000,0.0000,-0.2704
604126,gimbal,dynamic,192.3864,13.70,604.13,-0.0830,0.0085,192.3030,-0.3910,2.879,SEARCH,0.0000,0.0000,0.0000,-0.2763
604226,gimbal,dynamic,192.4301,14.04,604.23,-0.0875,0.0094,192.3421,-0.3812,2.857,SEARCH,0.0000,0.0000,0.0000,-0.2830
604326,gimbal,dynamic,192.4732,14.04,604.33,-0.0916,0.0098,192.3812,-0.3715,2.828,SEARCH,0.0000,0.0000,0.0000,-0.2917
604426,gimbal,dynamic,192.5150,14.04,604.43,-0.0945,0.0097,192.4201,-0.3618,2.797,SEARCH,0.0000,0.0000,0.0000,-0.3010
604526,gimbal,dynamic,192.5561,14.04,604.53,-0.0968,0.0096,192.4589,-0.3520,2.761,SEARCH,0.0000,0.0000,0.0000,-0.3116
604626,gimbal,dynamic,192.5966,14.05,604.63,-0.0986,0.0098,192.4977,-0.3424,2.718,SEARCH,0.0000,0.0000,0.0000,-0.3245
604726,gimbal,dynamic,192.6367,14.05,604.73,-0.1000,0.0097,192.5364,-0.3327,2.674,SEARCH,0.0000,0.0000,0.0000,-0.3377
604826,gimbal,dynamic,192.6769,14.05,604.83,-0.1017,0.0090,192.5749,-0.3230,2.622,SEARCH,0.0000,0.0000,0.0000,-0.3533
604926,gimbal,dynamic,192.7172,14.05,604.93,-0.1035,0.0081,192.6134,-0.3134,2.571,SEARCH,0.0000,0.0000,0.0000,-0.3688
605026,gimbal,dynamic,192.7569,14.05,605.03,-0.1050,0.0073,192.6517,-0.3038,2.511,SEARCH,0.0000,0.0000,0.0000,-0.3866
605126,gimbal,dynamic,192.7960,14.05,605.13,-0.1059,0.0063,192.6899,-0.2943,2.455,SEARCH,0.0000,0.0000,0.0000,-0.4036
605226,gimbal,dynamic,192.8346,14.05,605.23,-0.1064,0.0053,192.7281,-0.2848,2.392,SEARCH,0.0000,0.0000,0.0000,-0.4223
605326,gimbal,dynamic,192.8719,14.05,605.33,-0.1057,0.0053,192.7661,-0.2753,2.334,SEARCH,0.0000,0.0000,0.0000,-0.4399
605426,gimbal,dynamic,192.9079,14.05,605.43,-0.1038,0.0062,192.8039,-0.2658,2.270,SEARCH,0.0000,0.0000,0.0000,-0.4590
605526,gimbal,dynamic,192.9429,14.05,605.53,-0.1010,0.0082,192.8417,-0.2564,2.212,SEARCH,0.0000,0.0000,0.0000,-0.4764
605626,gimbal,dynamic,192.9776,14.04,605.63,-0.0981,0.0107,192.8793,-0.2470,2.150,SEARCH,0.0000,0.0000,0.0000,-0.4950
605726,gimbal,dynamic,193.0113,14.04,605.73,-0.0943,0.0139,192.9168,-0.2376,2.095,SEARCH,0.0000,0.0000,0.0000,-0.5115
605826,gimbal,dynamic,193.0446,14.04,605.83,-0.0903,0.0169,192.9541,-0.2282,2.038,SEARCH,0.0000,0.0000,0.0000,-0.5286
605926,gimbal,dynamic,193.0770,14.04,605.93,-0.0855,0.0206,192.9914,-0.2189,1.988,SEARCH,0.0000,0.0000,0.0000,-0.5436
606026,gimbal,dynamic,193.1100,14.04,606.03,-0.0814,0.0240,193.0284,-0.2097,1.938,SEARCH,0.0000,0.0000,0.0000,-0.5587
606126,gimbal,dynamic,193.1432,14.04,606.13,-0.0777,0.0275,193.0654,-0.2004,1.895,SEARCH,0.0000,0.0000,0.0000,-0.5716
606226,gimbal,dynamic,193.1775,14.04,606.23,-0.0752,0.0299,193.1022,-0.1912,1.852,SEARCH,0.0000,0.0000,0.0000,-0.5845
606326,gimbal,dynamic,193.2132,14.04,606.33,-0.0742,0.0314,193.1388,-0.1821,1.816,SEARCH,0.0000,0.0000,0.0000,-0.5953
606426,gimbal,dynamic,193.2503,14.04,606.43,-0.0749,0.0332,193.1753,-0.1729,1.781,SEARCH,0.0000,0.0000,0.0000,-0.6056
606526,gimbal,dynamic,193.2887,14.04,606.53,-0.0770,0.0365,193.2117,-0.1639,1.782,SEARCH,0.0000,0.0000,0.0000,-0.6055
606626,gimbal,dynamic,193.3277,14.05,606.63,-0.0797,0.0401,193.2478,-0.1548,1.783,SEARCH,0.0000,0.0000,0.0000,-0.6052
606726,gimbal,dynamic,193.3672,14.05,606.73,-0.0832,0.0441,193.2839,-0.1458,1.784,SEARCH,0.0000,0.0000,0.0000,-0.6049
606826,gimbal,dynamic,193.4063,14.05,606.83,-0.0865,0.0473,193.3197,-0.1368,1.785,SEARCH,0.0000,0.0000,0.0000,-0.6045
606926,gimbal,dynamic,193.4451,14.06,606.93,-0.0896,0.0498,193.3554,-0.1279,1.786,SEARCH,0.0000,0.0000,0.0000,-0.6042
607026,gimbal,dynamic,193.4828,14.06,607.03,-0.0917,0.0517,193.3910,-0.1190,1.787,SEARCH,0.0000,0.0000,0.0000,-0.6039
607126,gimbal,dynamic,193.5195,14.07,607.13,-0.0931,0.0532,193.4263,-0.1102,1.788,SEARCH,0.0000,0.0000,0.0000,-0.6037
607226,gimbal,dynamic,193.5553,14.07,607.23,-0.0937,0.0541,193.4615,-0.1014,1.788,SEARCH,0.0000,0.0000,0.0000,-0.6035
607326,gimbal,dynamic,193.5899,14.06,607.33,-0.0933,0.0550,193.4966,-0.0926,1.789,SEARCH,0.0000,0.0000,0.0000,-0.6034
607426,gimbal,dynamic,193.6239,14.06,607.43,-0.0924,0.0560,193.5314,-0.0839,1.789,SEARCH,0.0000,0.0000,0.0000,-0.6033
607526,gimbal,dynamic,193.6576,14.05,607.53,-0.0914,0.0571,193.5661,-0.0753,1.789,SEARCH,0.0000,0.0000,0.0000,-0.6033
607626,gimbal,dynamic,193.6915,14.05,607.63,-0.0909,0.0581,193.6006,-0.0666,1.789,SEARCH,0.0000,0.0000,0.0000,-0.6033
607726,gimbal,dynamic,193.7252,14.04,607.73,-0.0902,0.0586,193.6349,-0.0580,1.789,SEARCH,0.0000,0.0000,0.0000,-0.6034
607826,gimbal,dynamic,193.7587,14.04,607.83,-0.0896,0.0583,193.6691,-0.0495,1.789,SEARCH,0.0000,0.0000,0.0000,-0.6034
607926,gimbal,dynamic,193.7924,14.03,607.93,-0.0894,0.0578,193.7030,-0.0410,1.788,SEARCH,0.0000,0.0000,0.0000,-0.6035
608026,gimbal,dynamic,193.8265,13.60,608.03,-0.0897,0.0571,193.7368,-0.0327,1.788,SEARCH,0.0000,0.0000,0.0000,-0.6036
608126,gimbal,dynamic,193.8603,12.57,608.13,-0.0899,0.0566,193.7704,-0.0250,1.788,SEARCH,0.0000,0.0000,0.0000,-0.6036
608226,gimbal,dynamic,193.8939,11.48,608.23,-0.0901,0.0566,193.8038,-0.0180,1.788,SEARCH,0.0000,0.0000,0.0000,-0.6037
608326,gimbal,dynamic,193.9279,10.34,608.33,-0.0909,0.0566,193.8370,-0.0117,1.787,SEARCH,0.0000,0.0000,0.0000,-0.6038
608426,gimbal,dynamic,193.9623,9.15,608.43,-0.0923,0.0561,193.8700,-0.0061,1.787,SEARCH,0.0000,0.0000,0.0000,-0.6038
608526,gimbal,dynamic,193.9971,7.90,608.53,-0.0943,0.0547,193.9028,-0.0013,1.787,SEARCH,0.0000,0.0000,0.0000,-0.6039
608626,gimbal,dynamic,194.0312,6.60,608.63,-0.0957,0.0530,193.9355,0.0028,1.787,SEARCH,0.0000,0.0000,0.0000,-0.6040
608726,gimbal,dynamic,194.0646,5.25,608.73,-0.0967,0.0501,193.9679,0.0060,1.787,SEARCH,0.0000,0.0000,0.0000,-0.6040
608826,gimbal,dynamic,194.0972,3.86,608.83,-0.0970,0.0469,194.0002,0.0085,1.786,SEARCH,0.0000,0.0000,0.0000,-0.6041
608926,gimbal,dynamic,194.1294,2.43,608.93,-0.0972,0.0437,194.0322,0.0101,1.786,SEARCH,0.0000,0.0000,0.0000,-0.6041
609026,gimbal,dynamic,194.1618,0.96,609.03,-0.0978,0.0408,194.0641,0.0110,1.786,SEARCH,0.0000,0.0000,0.0000,-0.6041
609126,gimbal,dynamic,194.1941,-0.54,609.13,-0.0984,0.0389,194.0957,0.0110,1.786,SEARCH,0.0000,0.0000,0.0000,-0.6042
609226,gimbal,dynamic,194.2259,-2.08,609.23,-0.0987,0.0371,194.1272,0.0102,1.786,SEARCH,0.0000,0.0000,0.0000,-0.6042
609326,gimbal,dynamic,194.2572,-3.63,609.33,-0.0987,0.0351,194.1585,0.0085,1.786,SEARCH,0.0000,0.0000,0.0000,-0.6042
609426,gimbal,dynamic,194.2877,-5.21,609.43,-0.0982,0.0329,194.1895,0.0060,1.786,SEARCH,0.0000,0.0000,0.0000,-0.6042
609526,gimbal,dynamic,194.3177,-6.80,609.53,-0.0973,0.0302,194.2204,0.0026,1.786,SEARCH,0.0000,0.0000,0.0000,-0.6042
609626,gimbal,dynamic,194.3474,-8.39,609.63,-0.0964,0.0281,194.2510,-0.0016,1.786,SEARCH,0.0000,0.0000,0.0000,-0.6042
609726,gimbal,dynamic,194.3766,-10.00,609.73,-0.0951,0.0259,194.2815,-0.0066,1.786,SEARCH,0.0000,0.0000,0.0000,-0.6043
609826,gimbal,dynamic,194.4057,-11.60,609.83,-0.0939,0.0243,194.3118,-0.0125,1.786,SEARCH,0.0000,0.0000,0.0000,-0.6043
609926,gimbal,dynamic,194.4346,-13.19,609.93,-0.0927,0.0233,194.3419,-0.0192,1.786,SEARCH,0.0000,0.0000,0.0000,-0.6043
610026,gimbal,dynamic,194.4626,-14.12,610.03,-0.0908,0.0227,194.3717,-0.0266,1.785,SEARCH,0.0000,0.0000,0.0000,-0.6044
610126,gimbal,dynamic,194.4895,-14.12,610.13,-0.0881,0.0222,194.4014,-0.0340,1.785,SEARCH,0.0000,0.0000,0.0000,-0.6044
610226,gimbal,dynamic,194.5160,-14.12,610.23,-0.0851,0.0218,194.4309,-0.0414,1.785,SEARCH,0.0000,0.0000,0.0000,-0.6045
610326,gimbal,dynamic,194.5420,-14.13,610.33,-0.0819,0.0211,194.4601,-0.0487,1.785,SEARCH,0.0000,0.0000,0.0000,-0.6045
610426,gimbal,dynamic,194.5685,-14.13,610.43,-0.0792,0.0210,194.4892,-0.0560,1.785,SEARCH,0.0000,0.0000,0.0000,-0.6045
610526,gimbal,dynamic,194.5948,-14.14,610.53,-0.0767,0.0210,194.5181,-0.0632,1.785,SEARCH,0.0000,0.0000,0.0000,-0.6045
610626,gimbal,dynamic,194.6217,-14.14,610.63,-0.0749,0.0214,194.5467,-0.0704,1.785,SEARCH,0.0000,0.0000,0.0000,-0.6045
610726,gimbal,dynamic,194.6488,-14.15,610.73,-0.0736,0.0224,194.5752,-0.0775,1.785,SEARCH,0.0000,0.0000,0.0000,-0.6045
610826,gimbal,dynamic,194.6761,-14.15,610.83,-0.0726,0.0235,194.6035,-0.0845,1.785,SEARCH,0.0000,0.0000,0.0000,-0.6045
610926,gimbal,dynamic,194.7041,-14.16,610.93,-0.0725,0.0245,194.6316,-0.0916,1.785,SEARCH,0.0000,0.0000,0.0000,-0.6045
611026,gimbal,dynamic,194.7326,-14.16,611.03,-0.0731,0.0251,194.6594,-0.0985,1.785,SEARCH,0.0000,0.0000,0.0000,-0.6044
611126,gimbal,dynamic,194.7606,-14.16,611.13,-0.0734,0.0254,194.6871,-0.1055,1.785,SEARCH,0.0000,0.0000,0.0000,-0.6044
611226,gimbal,dynamic,194.7880,-14.17,611.23,-0.0733,0.0259,194.7146,-0.1123,1.785,SEARCH,0.0000,0.0000,0.0000,-0.6044
611326,gimbal,dynamic,194.8147,-14.17,611.33,-0.0727,0.0262,194.7419,-0.1192,1.785,SEARCH,0.0000,0.0000,0.0000,-0.6044
611426,gimbal,dynamic,194.8408,-14.17,611.43,-0.0717,0.0263,194.7690,-0.1259,1.785,SEARCH,0.0000,0.0000,0.0000,-0.6044
611526,gimbal,dynamic,194.8661,-14.18,611.53,-0.0701,0.0261,194.7960,-0.1327,1.785,SEARCH,0.0000,0.0000,0.0000,-0.6044
611626,gimbal,dynamic,194.8913,-14.18,611.63,-0.0685,0.0259,194.8227,-0.1393,1.785,SEARCH,0.0000,0.0000,0.0000,-0.6044
611726,gimbal,dynamic,194.9163,-14.18,611.73,-0.0670,0.0251,194.8492,-0.1460,1.785,SEARCH,0.0000,0.0000,0.0000,-0.6044
611826,gimbal,dynamic,194.9414,-14.18,611.83,-0.0657,0.0241,194.8756,-0.1526,1.785,SEARCH,0.0000,0.0000,0.0000,-0.6044
611926,gimbal,dynamic,194.9662,-14.19,611.93,-0.0644,0.0230,194.9018,-0.1591,1.785,SEARCH,0.0000,0.0000,0.0000,-0.6044
612026,gimbal,dynamic,194.9913,-14.19,612.03,-0.0635,0.0217,194.9277,-0.1656,1.785,SEARCH,0.0000,0.0000,0.0000,-0.6044
612126,gimbal,dynamic,195.0170,-14.20,612.13,-0.0634,0.0199,194.9535,-0.1721,1.785,SEARCH,0.0000,0.0000,0.0000,-0.6044
612226,gimbal,dynamic,195.0430,-14.20,612.23,-0.0637,0.0179,194.9792,-0.1785,1.785,SEARCH,0.0000,0.0000,0.0000,-0.6045
612326,gimbal,dynamic,195.0693,-14.20,612.33,-0.0646,0.0156,195.0046,-0.1848,1.785,SEARCH,0.0000,0.0000,0.0000,-0.6044
612426,gimbal,dynamic,195.0959,-14.21,612.43,-0.0660,0.0130,195.0299,-0.1911,1.785,SEARCH,0.0000,0.0000,0.0000,-0.6044
612526,gimbal,dynamic,195.1226,-14.21,612.53,-0.0675,0.0105,195.0550,-0.1974,1.785,SEARCH,0.0000,0.0000,0.0000,-0.6044
612626,gimbal,dynamic,195.1498,-14.21,612.63,-0.0698,0.0079,195.0799,-0.2036,1.785,SEARCH,0.0000,0.0000,0.0000,-0.6044
612726,gimbal,dynamic,195.1768,-14.21,612.73,-0.0720,0.0055,195.1046,-0.2098,1.786,SEARCH,0.0000,0.0000,0.0000,-0.6043
612826,gimbal,dynamic,195.2028,-14.22,612.83,-0.0734,0.0033,195.1292,-0.2160,1.786,SEARCH,0.0000,0.0000,0.0000,-0.6043
612926,gimbal,dynamic,195.2278,-14.22,612.93,-0.0741,0.0016,195.1536,-0.2221,1.786,SEARCH,0.0000,0.0000,0.0000,-0.6042
613026,gimbal,dynamic,195.2519,-14.22,613.03,-0.0740,0.0011,195.1778,-0.2281,1.786,SEARCH,0.0000,0.0000,0.0000,-0.6042
613126,gimbal,dynamic,195.2751,-14.23,613.13,-0.0730,0.0010,195.2019,-0.2342,1.786,SEARCH,0.0000,0.0000,0.0000,-0.6042
613226,gimbal,dynamic,195.2977,-14.23,613.23,-0.0717,0.0012,195.2259,-0.2401,1.786,SEARCH,0.0000,0.0000,0.0000,-0.6041
613326,gimbal,dynamic,195.3199,-14.24,613.33,-0.0701,0.0013,195.2496,-0.2461,1.787,SEARCH,0.0000,0.0000,0.0000,-0.6040
613426,gimbal,dynamic,195.3418,-14.24,613.43,-0.0684,0.0012,195.2732,-0.2520,1.787,SEARCH,0.0000,0.0000,0.0000,-0.6040
613526,gimbal,dynamic,195.3636,-14.24,613.53,-0.0668,0.0013,195.2967,-0.2578,1.787,SEARCH,0.0000,0.0000,0.0000,-0.6039
613626,gimbal,dynamic,195.3861,-14.25,613.63,-0.0660,0.0016,195.3200,-0.2637,1.787,SEARCH,0.0000,0.0000,0.0000,-0.6039
613726,gimbal,dynamic,195.4091,-14.25,613.73,-0.0657,0.0021,195.3432,-0.2695,1.787,SEARCH,0.0000,0.0000,0.0000,-0.6039
613826,gimbal,dynamic,195.4326,-14.25,613.83,-0.0663,0.0028,195.3662,-0.2752,1.787,SEARCH,0.0000,0.0000,0.0000,-0.6039
613926,gimbal,dynamic,195.4566,-14.26,613.93,-0.0674,0.0037,195.3890,-0.2809,1.787,SEARCH,0.0000,0.0000,0.0000,-0.6039
614026,gimbal,dynamic,195.4805,-14.26,614.03,-0.0685,0.0047,195.4118,-0.2866,1.787,SEARCH,0.0000,0.0000,0.0000,-0.6039
614126,gimbal,dynamic,195.5041,-14.26,614.13,-0.0695,0.0052,195.4344,-0.2923,1.787,SEARCH,0.0000,0.0000,0.0000,-0.6038
614226,gimbal,dynamic,195.5275,-14.27,614.23,-0.0704,0.0053,195.4568,-0.2979,1.787,SEARCH,0.0000,0.0000,0.0000,-0.6038
614326,gimbal,dynamic,195.5510,-14.27,614.33,-0.0715,0.0054,195.4792,-0.3035,1.787,SEARCH,0.0000,0.0000,0.0000,-0.6038
614426,gimbal,dynamic,195.5738,-14.27,614.43,-0.0722,0.0052,195.5014,-0.3090,1.788,SEARCH,0.0000,0.0000,0.0000,-0.6037
614526,gimbal,dynamic,195.5961,-14.28,614.53,-0.0723,0.0047,195.5235,-0.3145,1.788,SEARCH,0.0000,0.0000,0.0000,-0.6037
614626,gimbal,dynamic,195.6179,-14.28,614.63,-0.0722,0.0043,195.5454,-0.3200,1.788,SEARCH,0.0000,0.0000,0.0000,-0.6037
614726,gimbal,dynamic,195.6390,-14.28,614.73,-0.0714,0.0035,195.5673,-0.3255,1.788,SEARCH,0.0000,0.0000,0.0000,-0.6037
614826,gimbal,dynamic,195.6599,-14.29,614.83,-0.0706,0.0025,195.5890,-0.3309,1.788,SEARCH,0.0000,0.0000,0.0000,-0.6037
614926,gimbal,dynamic,195.6809,-14.29,614.93,-0.0700,0.0007,195.6106,-0.3363,1.788,SEARCH,0.0000,0.0000,0.0000,-0.6037
615026,gimbal,dynamic,195.7015,-14.29,615.03,-0.0690,-0.0013,195.6322,-0.3417,1.788,SEARCH,0.0000,0.0000,0.0000,-0.6037
615026,gimbal,dynamic,195.7220,-14.29,615.03,-0.0681,-0.0032,195.6536,-0.3471,1.788,SEARCH,0.0000,0.0000,0.0000,-0.6037
615026,gimbal,dynamic,195.7425,-14.29,615.03,-0.0673,-0.0046,195.6749,-0.3524,1.788,SEARCH,0.0000,0.0000,0.0000,-0.6037
615026,gimbal,dynamic,195.7625,-14.30,615.03,-0.0661,-0.0052,195.6961,-0.3577,1.788,SEARCH,0.0000,0.0000,0.0000,-0.6037
615026,gimbal,dynamic,195.7819,-14.30,615.03,-0.0644,-0.0051,195.7172,-0.3630,1.788,SEARCH,0.0000,0.0000,0.0000,-0.6037
615026,gimbal,dynamic,195.8009,-14.31,615.03,-0.0623,-0.0047,195.7382,-0.3682,1.788,SEARCH,0.0000,0.0000,0.0000,-0.6037
615026,gimbal,dynamic,195.8201,-14.31,615.03,-0.0605,-0.0041,195.7592,-0.3735,1.788,SEARCH,0.0000,0.0000,0.0000,-0.6037
615026,gimbal,dynamic,195.8389,-14.31,615.03,-0.0585,-0.0037,195.7800,-0.3787,1.788,SEARCH,0.0000,0.0000,0.0000,-0.6037
615026,gimbal,dynamic,195.8579,-14.32,615.03,-0.0567,-0.0034,195.8008,-0.3839,1.788,SEARCH,0.0000,0.0000,0.0000,-0.6037
615026,gimbal,dynamic,195.8773,-14.26,615.03,-0.0554,-0.0033,195.8215,-0.3890,1.788,SEARCH,0.0000,0.0000,0.0000,-0.6037
615026,gimbal,dynamic,195.8968,-11.90,615.03,-0.0543,-0.0036,195.8422,-0.3936,1.788,SEARCH,0.0000,0.0000,0.0000,-0.6037
615026,gimbal,dynamic,195.9165,-9.45,615.03,-0.0534,-0.0042,195.8627,-0.3972,1.788,SEARCH,0.0000,0.0000,0.0000,-0.6037
615026,gimbal,dynamic,195.9366,-6.93,615.03,-0.0530,-0.0048,195.8832,-0.3999,1.788,SEARCH,0.0000,0.0000,0.0000,-0.6037
615026,gimbal,dynamic,195.9567,-4.36,615.03,-0.0526,-0.0052,195.9037,-0.4017,1.788,SEARCH,0.0000,0.0000,0.0000,-0.6037
615026,gimbal,dynamic,195.9769,-1.74,615.03,-0.0525,-0.0052,195.9240,-0.4025,1.788,SEARCH,0.0000,0.0000,0.0000,-0.6037
615026,gimbal,dynamic,195.9971,0.89,615.03,-0.0524,-0.0044,195.9444,-0.4024,1.788,SEARCH,0.0000,0.0000,0.0000,-0.6037
615026,gimbal,dynamic,196.0171,3.53,615.03,-0.0520,-0.0032,195.9647,-0.4013,1.788,SEARCH,0.0000,0.0000,0.0000,-0.6037
615026,gimbal,dynamic,196.0361,6.17,615.03,-0.0508,-0.0020,195.9849,-0.3993,1.788,SEARCH,0.0000,0.0000,0.0000,-0.6037
615026,gimbal,dynamic,196.0546,8.77,615.03,-0.0492,-0.0009,196.0051,-0.3964,1.788,SEARCH,0.0000,0.0000,0.0000,-0.6037
615026,gimbal,dynamic,196.0725,11.33,615.03,-0.0469,0.0005,196.0252,-0.3926,1.788,SEARCH,0.0000,0.0000,0.0000,-0.6037
615026,gimbal,dynamic,196.0903,13.72,615.03,-0.0445,0.0020,196.0454,-0.3878,1.788,SEARCH,0.0000,0.0000,0.0000,-0.6037
615026,gimbal,dynamic,196.1082,13.72,615.03,-0.0423,0.0038,196.0655,-0.3828,1.788,SEARCH,0.0000,0.0000,0.0000,-0.6037
615026,gimbal,dynamic,196.1261,13.71,615.03,-0.0402,0.0061,196.0855,-0.3778,1.788,SEARCH,0.0000,0.0000,0.0000,-0.6037
615026,gimbal,dynamic,196.1445,13.71,615.03,-0.0385,0.0083,196.1056,-0.3728,1.788,SEARCH,0.0000,0.0000,0.0000,-0.6037
615026,gimbal,dynamic,196.1626,13.71,615.03,-0.0367,0.0107,196.1256,-0.3678,1.788,SEARCH,0.0000,0.0000,0.0000,-0.6037
615026,gimbal,dynamic,196.1806,13.70,615.03,-0.0346,0.0129,196.1456,-0.3628,1.788,SEARCH,0.0000,0.0000,0.0000,-0.6037
615026,gimbal,dynamic,196.1986,13.70,615.03,-0.0327,0.0146,196.1656,-0.3578,1.788,SEARCH,0.0000,0.0000,0.0000,-0.6037
615026,gimbal,dynamic,196.2164,13.70,615.03,-0.0304,0.0160,196.1856,-0.3528,1.788,SEARCH,0.0000,0.0000,0.0000,-0.6037
615026,gimbal,dynamic,196.2342,13.69,615.03,-0.0282,0.0171,196.2056,-0.3478,1.788,SEARCH,0.0000,0.0000,0.0000,-0.6037
615026,gimbal,dynamic,196.2521,13.69,615.03,-0.0262,0.0185,196.2256,-0.3428,1.788,SEARCH,0.0000,0.0000,0.0000,-0.6037
615026,gimbal,dynamic,196.2708,13.69,615.03,-0.0248,0.0205,196.2456,-0.3378,1.788,SEARCH,0.0000,0.0000,0.0000,-0.6037
615026,gimbal,dynamic,196.2891,13.68,615.03,-0.0231,0.0231,196.2657,-0.3328,1.788,SEARCH,0.0000,0.0000,0.0000,-0.6037
615026,gimbal,dynamic,196.3069,13.68,615.03,-0.0208,0.0256,196.2857,-0.3278,1.788,SEARCH,0.0000,0.0000,0.0000,-0.6037
615026,gimbal,dynamic,196.3254,13.68,615.03,-0.0193,0.0271,196.3057,-0.3227,1.788,SEARCH,0.0000,0.0000,0.0000,-0.6037
615026,gimbal,dynamic,196.3448,13.67,615.03,-0.0186,0.0283,196.3258,-0.3177,1.788,SEARCH,0.0000,0.0000,0.0000,-0.6037
615026,gimbal,dynamic,196.3650,13.67,615.03,-0.0188,0.0294,196.3459,-0.3127,1.788,SEARCH,0.0000,0.0000,0.0000,-0.6037
615026,gimbal,dynamic,196.3861,13.67,615.03,-0.0197,0.0305,196.3661,-0.3077,1.788,SEARCH,0.0000,0.0000,0.0000,-0.6037
