time_ms,mode,scenario,wind_scenario,linear_error_m,rotation_error_deg,engagement_duration_s,drone_x,drone_y,target_x,target_y,altitude_m,state,last_cmd_pitch,last_cmd_roll,last_cmd_yaw_vel,last_cmd_thrust
58,gimbal,dynamic,none,1.0321,26.56,0.06,-0.1323,0.0429,0.8963,0.1278,2.901,STABILIZE_HIGH,-0.5723,0.0219,0.7980,-0.0497
158,gimbal,dynamic,none,1.0761,26.56,0.16,-0.1332,0.0437,0.9378,0.1485,2.902,STABILIZE_HIGH,-0.5731,0.0280,0.7848,-0.0490
258,gimbal,dynamic,none,1.1229,26.51,0.26,-0.1362,0.0441,0.9796,0.1694,2.903,STABILIZE_HIGH,-0.6238,0.0354,0.7938,-0.0483
358,gimbal,dynamic,none,1.1764,26.30,0.36,-0.1454,0.0442,1.0218,0.1905,2.904,STABILIZE_HIGH,-0.6482,0.0423,0.7800,-0.0478
458,gimbal,dynamic,none,1.2368,25.83,0.46,-0.1610,0.0441,1.0644,0.2118,2.905,STABILIZE_HIGH,-0.6523,0.0483,0.7956,-0.0476
558,gimbal,dynamic,none,1.3073,25.05,0.56,-0.1863,0.0444,1.1073,0.2333,2.905,STABILIZE_HIGH,-0.6355,0.0530,0.7506,-0.0477
658,gimbal,dynamic,none,1.3838,23.96,0.66,-0.2173,0.0455,1.1506,0.2549,2.904,STABILIZE_HIGH,-0.6169,0.0579,0.7419,-0.0481
758,gimbal,dynamic,none,1.4704,22.56,0.76,-0.2582,0.0473,1.1942,0.2767,2.903,STABILIZE_HIGH,-0.6153,0.0728,0.7419,-0.0485
858,gimbal,dynamic,none,1.5597,20.17,0.86,-0.3017,0.0500,1.2381,0.2982,2.902,STABILIZE_HIGH,-0.5167,0.0437,0.6246,-0.0491
958,gimbal,dynamic,none,1.6572,17.51,0.96,-0.3535,0.0544,1.2823,0.3191,2.901,STABILIZE_HIGH,-0.4799,0.0393,0.5844,-0.0495
1058,gimbal,dynamic,none,1.7532,14.71,1.06,-0.4039,0.0594,1.3269,0.3392,2.901,STABILIZE_HIGH,-0.4067,0.0108,0.4644,-0.0497
1158,gimbal,dynamic,none,1.8542,11.88,1.16,-0.4590,0.0648,1.3718,0.3585,2.901,STABILIZE_HIGH,-0.3690,-0.0007,0.4143,-0.0497
1258,gimbal,dynamic,none,1.9502,9.09,1.26,-0.5088,0.0693,1.4170,0.3770,2.901,STABILIZE_HIGH,-0.2986,-0.0399,0.3012,-0.0493
1358,gimbal,dynamic,none,2.0486,6.41,1.36,-0.5609,0.0737,1.4624,0.3946,2.903,STABILIZE_HIGH,-0.2548,-0.0635,0.2202,-0.0487
1458,gimbal,dynamic,none,2.1404,3.90,1.46,-0.6058,0.0765,1.5082,0.4113,2.904,STABILIZE_HIGH,-0.2278,-0.0776,0.1848,-0.0480
1558,gimbal,dynamic,none,2.2321,1.55,1.56,-0.6504,0.0774,1.5542,0.4270,2.906,STABILIZE_HIGH,-0.2293,-0.0731,0.1848,-0.0471
1658,gimbal,dynamic,none,2.3193,0.52,1.66,-0.6897,0.0755,1.6005,0.4416,2.907,STABILIZE_HIGH,-0.1721,-0.1163,0.0336,-0.0463
1759,gimbal,dynamic,none,2.3993,2.43,1.76,-0.7214,0.0714,1.6470,0.4552,2.909,HOLD,-0.1371,-0.1337,-0.0393,-0.0459
1858,gimbal,dynamic,none,2.4772,4.14,1.86,-0.7504,0.0643,1.6938,0.4677,2.910,HOLD,0.0000,0.0000,0.0000,0.0004
1958,gimbal,dynamic,none,2.5488,5.70,1.96,-0.7725,0.0559,1.7409,0.4790,2.909,STABILIZE_HIGH,-0.0952,-0.1466,-0.1383,-0.0453
2058,gimbal,dynamic,none,2.6164,7.12,2.06,-0.7905,0.0461,1.7881,0.4892,2.911,HOLD,0.0000,0.0000,0.0000,0.0010
2159,gimbal,dynamic,none,2.6814,8.43,2.16,-0.8055,0.0352,1.8356,0.4981,2.912,STABILIZE_HIGH,-0.0462,-0.1384,-0.2046,-0.0440
2258,gimbal,dynamic,none,2.7421,9.71,2.26,-0.8164,0.0254,1.8833,0.5057,2.913,STABILIZE_HIGH,-0.0301,-0.1335,-0.2607,-0.0435
2358,gimbal,dynamic,none,2.8012,10.95,2.36,-0.8255,0.0148,1.9312,0.5121,2.914,STABILIZE_HIGH,-0.0091,-0.1245,-0.3039,-0.0430
2458,gimbal,dynamic,none,2.8575,12.16,2.46,-0.8317,0.0042,1.9793,0.5172,2.915,STABILIZE_HIGH,0.0053,-0.1207,-0.3675,-0.0425
2558,gimbal,dynamic,none,2.9123,13.34,2.56,-0.8362,-0.0083,2.0276,0.5209,2.916,HOLD,0.0000,0.0000,0.0000,0.0002
2658,gimbal,dynamic,none,2.9650,14.48,2.66,-0.8386,-0.0202,2.0761,0.5233,2.915,STABILIZE_HIGH,0.0000,0.0000,0.0000,0.0002
2758,gimbal,dynamic,none,3.0175,15.62,2.76,-0.8408,-0.0333,2.1247,0.5243,2.914,HOLD,0.0000,0.0000,0.0000,-0.0004
2858,gimbal,dynamic,none,3.0693,16.78,2.86,-0.8426,-0.0449,2.1735,0.5240,2.912,HOLD,0.0000,0.0000,0.0000,-0.0014
2958,gimbal,dynamic,none,3.1211,18.00,2.96,-0.8447,-0.0557,2.2225,0.5222,2.910,HOLD,0.0000,0.0000,0.0000,-0.0027
3059,gimbal,dynamic,none,3.1723,19.32,3.06,-0.8467,-0.0639,2.2716,0.5191,2.906,STABILIZE_HIGH,0.0000,0.0000,0.0000,-0.0034
3158,gimbal,dynamic,none,3.2230,20.72,3.16,-0.8486,-0.0712,2.3208,0.5146,2.904,STABILIZE_HIGH,0.0798,-0.0656,-0.5130,-0.0481
3259,gimbal,dynamic,none,3.2724,22.21,3.26,-0.8496,-0.0761,2.3701,0.5087,2.906,HOLD,0.0799,-0.0656,-0.5130,-0.0475
3358,gimbal,dynamic,none,3.3203,23.70,3.36,-0.8494,-0.0801,2.4195,0.5014,2.907,HOLD,0.0000,0.0000,0.0000,0.0005
3458,gimbal,dynamic,none,3.3660,25.14,3.46,-0.8474,-0.0831,2.4691,0.4927,2.904,STABILIZE_HIGH,0.1449,-0.0842,-0.7251,-0.0478
3558,gimbal,dynamic,none,3.4097,26.51,3.56,-0.8433,-0.0861,2.5187,0.4826,2.907,STABILIZE_HIGH,0.1528,-0.0865,-0.7662,-0.0467
3658,gimbal,dynamic,none,3.4523,27.76,3.66,-0.8381,-0.0892,2.5684,0.4711,2.910,STABILIZE_HIGH,0.1532,-0.0860,-0.7662,-0.0452
3758,gimbal,dynamic,none,3.4929,28.83,3.76,-0.8308,-0.0939,2.6182,0.4583,2.912,HOLD,0.0000,0.0000,0.0000,0.0006
3858,gimbal,dynamic,none,3.5327,29.66,3.86,-0.8225,-0.0997,2.6680,0.4442,2.912,HOLD,0.0000,0.0000,0.0000,0.0008
3958,gimbal,dynamic,none,3.5711,30.29,3.96,-0.8127,-0.1071,2.7179,0.4287,2.911,HOLD,0.0000,0.0000,0.0000,0.0002
4058,gimbal,dynamic,none,3.6107,30.80,4.06,-0.8043,-0.1141,2.7679,0.4120,2.909,STABILIZE_HIGH,0.1989,-0.0679,-0.9198,-0.0455
4158,gimbal,dynamic,none,3.6513,31.27,4.16,-0.7969,-0.1221,2.8178,0.3940,2.909,STABILIZE_HIGH,0.2004,-0.0625,-0.8820,-0.0455
4258,gimbal,dynamic,none,3.6937,31.74,4.26,-0.7913,-0.1298,2.8678,0.3747,2.911,STABILIZE_HIGH,0.2310,-0.0520,-0.9471,-0.0447
4358,gimbal,dynamic,none,3.7354,32.13,4.36,-0.7851,-0.1379,2.9178,0.3543,2.912,STABILIZE_HIGH,0.2574,-0.0450,-0.9399,-0.0440
4458,gimbal,dynamic,none,3.7760,32.32,4.46,-0.7778,-0.1456,2.9678,0.3327,2.913,STABILIZE_HIGH,0.2786,-0.0376,-0.9630,-0.0433
4558,gimbal,dynamic,none,3.8157,32.37,4.56,-0.7698,-0.1518,3.0178,0.3100,2.914,HOLD,0.0000,0.0000,0.0000,0.0002
4658,gimbal,dynamic,none,3.8539,32.13,4.66,-0.7606,-0.1570,3.0678,0.2861,2.914,STABILIZE_HIGH,0.3131,-0.0093,-0.9717,-0.0430
4758,gimbal,dynamic,none,3.8899,31.44,4.76,-0.7491,-0.1617,3.1177,0.2613,2.915,STABILIZE_HIGH,0.3132,-0.0015,-0.9717,-0.0425
4858,gimbal,dynamic,none,3.9253,30.06,4.86,-0.7370,-0.1657,3.1676,0.2364,2.916,STABILIZE_HIGH,0.3196,0.0344,-0.9216,-0.0418
4958,gimbal,dynamic,none,3.9571,28.52,4.96,-0.7212,-0.1697,3.2175,0.2115,2.917,STABILIZE_HIGH,0.3395,0.0589,-0.8667,-0.0413
5058,gimbal,dynamic,none,3.9869,27.05,5.06,-0.7034,-0.1728,3.2673,0.1866,2.918,STABILIZE_HIGH,0.3379,0.0676,-0.8667,-0.0410
5158,gimbal,dynamic,none,4.0125,-25.38,5.16,-0.6813,-0.1751,3.3170,0.1617,2.918,STABILIZE_HIGH,0.3358,0.0774,-0.8667,-0.0408
5258,gimbal,dynamic,none,4.0379,-23.79,5.26,-0.6590,-0.1763,3.3666,0.1369,2.919,STABILIZE_HIGH,0.3591,0.1518,-0.7395,-0.0407
5358,gimbal,dynamic,none,4.0591,-22.01,5.36,-0.6326,-0.1765,3.4162,0.1121,2.919,STABILIZE_HIGH,0.3589,0.1727,-0.7071,-0.0407
5458,gimbal,dynamic,none,4.0782,-20.33,5.46,-0.6040,-0.1755,3.4657,0.0874,2.919,STABILIZE_HIGH,0.3537,0.1831,-0.7071,-0.0407
5558,gimbal,dynamic,none,4.0974,-18.59,5.56,-0.5756,-0.1740,3.5150,0.0627,2.918,STABILIZE_HIGH,0.3585,0.2356,-0.6051,-0.0408
5658,gimbal,dynamic,none,4.1149,-16.87,5.66,-0.5453,-0.1714,3.5643,0.0381,2.918,STABILIZE_HIGH,0.3540,0.2666,-0.5430,-0.0410
5759,gimbal,dynamic,none,4.1282,-15.22,5.76,-0.5109,-0.1671,3.6134,0.0135,2.918,STABILIZE_HIGH,0.3540,0.2666,-0.5430,-0.0410
5858,gimbal,dynamic,none,4.1428,-13.68,5.86,-0.4778,-0.1608,3.6623,-0.0110,2.918,STABILIZE_HIGH,0.3405,0.3175,-0.4740,-0.0412
5958,gimbal,dynamic,none,4.1535,-12.33,5.96,-0.4407,-0.1519,3.7112,-0.0354,2.917,HOLD,0.0000,0.0000,0.0000,-0.0001
6058,gimbal,dynamic,none,4.1666,-11.21,6.06,-0.4060,-0.1414,3.7598,-0.0597,2.916,HOLD,0.0000,0.0000,0.0000,-0.0008
6158,gimbal,dynamic,none,4.1770,-10.33,6.16,-0.3684,-0.1278,3.8083,-0.0840,2.915,HOLD,0.0000,0.0000,0.0000,-0.0014
6258,gimbal,dynamic,none,4.1930,-9.72,6.26,-0.3364,-0.1147,3.8566,-0.1081,2.913,HOLD,0.0000,0.0000,0.0000,-0.0021
6358,gimbal,dynamic,none,4.2113,-9.39,6.36,-0.3064,-0.1022,3.9048,-0.1322,2.912,HOLD,0.0000,0.0000,0.0000,-0.0028
6458,gimbal,dynamic,none,4.2368,-9.31,6.46,-0.2836,-0.0926,3.9527,-0.1562,2.910,HOLD,0.0000,0.0000,0.0000,-0.0037
6558,gimbal,dynamic,none,4.2663,-9.45,6.56,-0.2648,-0.0841,4.0005,-0.1800,2.908,HOLD,0.0000,0.0000,0.0000,-0.0045
6658,gimbal,dynamic,none,4.3021,-9.74,6.66,-0.2523,-0.0781,4.0480,-0.2038,2.906,HOLD,0.0000,0.0000,0.0000,-0.0056
6758,gimbal,dynamic,none,4.3404,-10.11,6.76,-0.2423,-0.0723,4.0953,-0.2274,2.904,STABILIZE_HIGH,0.3396,0.3062,-0.3015,-0.0480
6859,gimbal,dynamic,none,4.3816,-10.51,6.86,-0.2354,-0.0677,4.1424,-0.2510,2.905,STABILIZE_HIGH,0.3396,0.3062,-0.3015,-0.0480
6958,gimbal,dynamic,none,4.4219,-10.85,6.96,-0.2276,-0.0631,4.1892,-0.2744,2.907,STABILIZE_HIGH,0.3820,0.2977,-0.3387,-0.0465
7058,gimbal,dynamic,none,4.4598,-11.09,7.06,-0.2175,-0.0577,4.2358,-0.2977,2.909,HOLD,0.0000,0.0000,0.0000,0.0004
7158,gimbal,dynamic,none,4.4928,-11.20,7.16,-0.2025,-0.0494,4.2822,-0.3209,2.908,STABILIZE_HIGH,0.4903,0.3046,-0.3387,-0.0460
7258,gimbal,dynamic,none,4.5241,-11.15,7.26,-0.1856,-0.0400,4.3282,-0.3439,2.909,STABILIZE_HIGH,0.4914,0.2917,-0.3240,-0.0455
7359,gimbal,dynamic,none,4.5506,-10.94,7.36,-0.1640,-0.0288,4.3740,-0.3668,2.910,HOLD,0.5116,0.2804,-0.3501,-0.0452
7458,gimbal,dynamic,none,4.5741,-10.59,7.46,-0.1394,-0.0183,4.4195,-0.3896,2.911,HOLD,0.0000,0.0000,0.0000,0.0003
7558,gimbal,dynamic,none,4.5904,-10.16,7.56,-0.1078,-0.0075,4.4648,-0.4122,2.910,HOLD,0.0000,0.0000,0.0000,-0.0004
7658,gimbal,dynamic,none,4.6074,-9.64,7.66,-0.0769,0.0024,4.5097,-0.4346,2.908,HOLD,0.0000,0.0000,0.0000,-0.0013
7758,gimbal,dynamic,none,4.6238,-9.12,7.76,-0.0456,0.0125,4.5543,-0.4570,2.906,HOLD,0.0000,0.0000,0.0000,-0.0022
7858,gimbal,dynamic,none,4.6463,-8.66,7.86,-0.0207,0.0209,4.5986,-0.4791,2.904,HOLD,0.0000,0.0000,0.0000,-0.0032
7958,gimbal,dynamic,none,4.6714,-8.32,7.96,0.0014,0.0293,4.6426,-0.5011,2.902,HOLD,0.0000,0.0000,0.0000,-0.0041
8058,gimbal,dynamic,none,4.7021,-8.10,8.06,0.0176,0.0364,4.6863,-0.5229,2.900,HOLD,0.0000,0.0000,0.0000,-0.0051
8158,gimbal,dynamic,none,4.7351,-8.00,8.16,0.0312,0.0431,4.7296,-0.5446,2.898,HOLD,0.0000,0.0000,0.0000,-0.0063
8258,gimbal,dynamic,none,4.7710,-8.00,8.26,0.0413,0.0486,4.7726,-0.5661,2.896,HOLD,0.0000,0.0000,0.0000,-0.0074
8358,gimbal,dynamic,none,4.8097,-8.08,8.36,0.0483,0.0527,4.8152,-0.5874,2.893,HOLD,0.0000,0.0000,0.0000,-0.0085
8458,gimbal,dynamic,none,4.8498,-7.46,8.46,0.0534,0.0562,4.8575,-0.6082,2.891,HOLD,0.0000,0.0000,0.0000,-0.0097
8558,gimbal,dynamic,none,4.8908,-6.35,8.56,0.0572,0.0600,4.8994,-0.6278,2.889,HOLD,0.0000,0.0000,0.0000,-0.0108
8658,gimbal,dynamic,none,4.9327,-5.14,8.66,0.0596,0.0642,4.9409,-0.6460,2.886,HOLD,0.0000,0.0000,0.0000,-0.0120
8758,gimbal,dynamic,none,4.9753,-3.80,8.76,0.0608,0.0681,4.9821,-0.6629,2.885,HOLD,0.0000,0.0000,0.0000,-0.0130
8858,gimbal,dynamic,none,5.0181,-2.34,8.86,0.0612,0.0718,5.0229,-0.6783,2.883,HOLD,0.0000,0.0000,0.0000,-0.0139
8958,gimbal,dynamic,none,5.0612,-0.74,8.96,0.0608,0.0763,5.0632,-0.6924,2.881,HOLD,0.0000,0.0000,0.0000,-0.0148
9058,gimbal,dynamic,none,5.1042,0.99,9.06,0.0598,0.0804,5.1032,-0.7050,2.879,HOLD,0.0000,0.0000,0.0000,-0.0156
9158,gimbal,dynamic,none,5.1470,2.85,9.16,0.0584,0.0845,5.1428,-0.7161,2.878,HOLD,0.0000,0.0000,0.0000,-0.0163
9258,gimbal,dynamic,none,5.1888,4.84,9.26,0.0573,0.0876,5.1820,-0.7256,2.876,HOLD,0.0000,0.0000,0.0000,-0.0171
9358,gimbal,dynamic,none,5.2299,6.95,9.36,0.0562,0.0905,5.2207,-0.7336,2.875,HOLD,0.0000,0.0000,0.0000,-0.0177
9458,gimbal,dynamic,none,5.2699,9.17,9.46,0.0554,0.0933,5.2591,-0.7400,2.874,HOLD,0.0000,0.0000,0.0000,-0.0183
9558,gimbal,dynamic,none,5.3090,11.50,9.56,0.0550,0.0962,5.2970,-0.7449,2.873,HOLD,0.0000,0.0000,0.0000,-0.0189
9658,gimbal,dynamic,none,5.3467,13.92,9.66,0.0553,0.0990,5.3345,-0.7481,2.872,HOLD,0.0000,0.0000,0.0000,-0.0195
9758,gimbal,dynamic,none,5.3831,16.42,9.76,0.0561,0.1015,5.3715,-0.7497,2.870,HOLD,0.0000,0.0000,0.0000,-0.0200
9858,gimbal,dynamic,none,5.4189,19.00,9.86,0.0568,0.1037,5.4081,-0.7497,2.869,HOLD,0.0000,0.0000,0.0000,-0.0205
9958,gimbal,dynamic,none,5.4543,21.63,9.96,0.0572,0.1056,5.4443,-0.7480,2.868,HOLD,0.0000,0.0000,0.0000,-0.0210
10058,gimbal,dynamic,none,5.4893,24.31,10.06,0.0573,0.1078,5.4800,-0.7447,2.868,HOLD,0.0000,0.0000,0.0000,-0.0215
10158,gimbal,dynamic,none,5.5238,27.03,10.16,0.0573,0.1108,5.5152,-0.7398,2.867,HOLD,0.0000,0.0000,0.0000,-0.0218
10258,gimbal,dynamic,none,5.5574,29.77,10.26,0.0575,0.1139,5.5500,-0.7332,2.866,HOLD,0.0000,0.0000,0.0000,-0.0222
10358,gimbal,dynamic,none,5.5906,32.51,10.36,0.0575,0.1170,5.5843,-0.7250,2.866,STABILIZE_HIGH,0.7900,0.2691,0.9186,-0.0672
10458,gimbal,dynamic,none,5.6230,35.24,10.46,0.0575,0.1194,5.6182,-0.7151,2.867,HOLD,0.0000,0.0000,0.0000,0.0008
10558,gimbal,dynamic,none,5.6520,37.88,10.56,0.0601,0.1213,5.6516,-0.7036,2.868,HOLD,0.0000,0.0000,0.0000,0.0011
10658,gimbal,dynamic,none,5.6753,40.41,10.66,0.0678,0.1228,5.6845,-0.6906,2.867,HOLD,0.0000,0.0000,0.0000,0.0008
10758,gimbal,dynamic,none,5.6935,42.88,10.76,0.0800,0.1246,5.7170,-0.6759,2.866,HOLD,0.0000,0.0000,0.0000,0.0001
10858,gimbal,dynamic,none,5.7113,44.11,10.86,0.0920,0.1266,5.7490,-0.6601,2.864,HOLD,0.0000,0.0000,0.0000,-0.0008
10958,gimbal,dynamic,none,5.7290,43.96,10.96,0.1038,0.1284,5.7805,-0.6443,2.862,HOLD,0.0000,0.0000,0.0000,-0.0019
11058,gimbal,dynamic,none,5.7489,43.82,11.06,0.1128,0.1294,5.8115,-0.6288,2.860,HOLD,0.0000,0.0000,0.0000,-0.0030
11158,gimbal,dynamic,none,5.7701,43.71,11.16,0.1200,0.1298,5.8420,-0.6136,2.858,HOLD,0.0000,0.0000,0.0000,-0.0040
11258,gimbal,dynamic,none,5.7935,43.61,11.26,0.1245,0.1299,5.8720,-0.5985,2.856,HOLD,0.0000,0.0000,0.0000,-0.0051
11358,gimbal,dynamic,none,5.8176,43.53,11.36,0.1280,0.1303,5.9016,-0.5838,2.854,HOLD,0.0000,0.0000,0.0000,-0.0060
11458,gimbal,dynamic,none,5.8422,43.50,11.46,0.1306,0.1313,5.9306,-0.5692,2.852,HOLD,0.0000,0.0000,0.0000,-0.0070
11558,gimbal,dynamic,none,5.8673,43.48,11.56,0.1324,0.1335,5.9592,-0.5550,2.850,HOLD,0.0000,0.0000,0.0000,-0.0080
11658,gimbal,dynamic,none,5.8934,43.49,11.66,0.1329,0.1364,5.9872,-0.5409,2.848,HOLD,0.0000,0.0000,0.0000,-0.0090
11758,gimbal,dynamic,none,5.9198,43.52,11.76,0.1326,0.1397,6.0148,-0.5272,2.846,HOLD,0.0000,0.0000,0.0000,-0.0099
11858,gimbal,dynamic,none,5.9463,43.56,11.86,0.1319,0.1426,6.0418,-0.5136,2.844,HOLD,0.0000,0.0000,0.0000,-0.0108
11958,gimbal,dynamic,none,5.9726,43.62,11.96,0.1308,0.1451,6.0684,-0.5003,2.842,HOLD,0.0000,0.0000,0.0000,-0.0117
12058,gimbal,dynamic,none,5.9982,43.67,12.06,0.1299,0.1470,6.0945,-0.4873,2.841,HOLD,0.0000,0.0000,0.0000,-0.0125
12158,gimbal,dynamic,none,6.0232,43.72,12.16,0.1292,0.1489,6.1200,-0.4745,2.839,HOLD,0.0000,0.0000,0.0000,-0.0132
12258,gimbal,dynamic,none,6.0478,43.76,12.26,0.1284,0.1505,6.1451,-0.4620,2.838,HOLD,0.0000,0.0000,0.0000,-0.0139
12358,gimbal,dynamic,none,6.0722,43.79,12.36,0.1273,0.1516,6.1697,-0.4497,2.837,HOLD,0.0000,0.0000,0.0000,-0.0145
12458,gimbal,dynamic,none,6.0956,43.81,12.46,0.1267,0.1525,6.1937,-0.4377,2.835,HOLD,0.0000,0.0000,0.0000,-0.0152
12558,gimbal,dynamic,none,6.1180,43.81,12.56,0.1267,0.1529,6.2173,-0.4259,2.834,HOLD,0.0000,0.0000,0.0000,-0.0158
12658,gimbal,dynamic,none,6.1397,43.81,12.66,0.1268,0.1521,6.2404,-0.4144,2.833,HOLD,0.0000,0.0000,0.0000,-0.0163
12758,gimbal,dynamic,none,6.1610,43.80,12.76,0.1268,0.1507,6.2629,-0.4031,2.832,HOLD,0.0000,0.0000,0.0000,-0.0168
12858,gimbal,dynamic,none,6.1817,43.79,12.86,0.1270,0.1490,6.2850,-0.3920,2.831,HOLD,0.0000,0.0000,0.0000,-0.0172
12958,gimbal,dynamic,none,6.2021,43.78,12.96,0.1270,0.1465,6.3066,-0.3813,2.830,HOLD,0.0000,0.0000,0.0000,-0.0176
13058,gimbal,dynamic,none,6.2223,43.76,13.06,0.1267,0.1438,6.3277,-0.3707,2.830,HOLD,0.0000,0.0000,0.0000,-0.0180
13158,gimbal,dynamic,none,6.2419,43.75,13.16,0.1265,0.1404,6.3483,-0.3604,2.829,HOLD,0.0000,0.0000,0.0000,-0.0183
13258,gimbal,dynamic,none,6.2610,43.74,13.26,0.1264,0.1371,6.3684,-0.3504,2.828,HOLD,0.0000,0.0000,0.0000,-0.0187
13358,gimbal,dynamic,none,6.2794,43.73,13.36,0.1265,0.1339,6.3880,-0.3406,2.828,HOLD,0.0000,0.0000,0.0000,-0.0190
13458,gimbal,dynamic,none,6.2970,43.73,13.46,0.1271,0.1315,6.4071,-0.3310,2.827,HOLD,0.0000,0.0000,0.0000,-0.0194
13558,gimbal,dynamic,none,6.3139,43.72,13.56,0.1279,0.1293,6.4257,-0.3217,2.826,HOLD,0.0000,0.0000,0.0000,-0.0196
13658,gimbal,dynamic,none,6.3306,43.72,13.66,0.1286,0.1275,6.4439,-0.3126,2.826,HOLD,0.0000,0.0000,0.0000,-0.0199
13758,gimbal,dynamic,none,6.3471,43.73,13.76,0.1290,0.1255,6.4616,-0.3038,2.825,HOLD,0.0000,0.0000,0.0000,-0.0202
13858,gimbal,dynamic,none,6.3638,43.73,13.86,0.1287,0.1232,6.4788,-0.2952,2.825,HOLD,0.0000,0.0000,0.0000,-0.0204
13958,gimbal,dynamic,none,6.3804,43.74,13.96,0.1281,0.1200,6.4955,-0.2868,2.824,HOLD,0.0000,0.0000,0.0000,-0.0207
13958,gimbal,dynamic,none,6.3969,43.74,13.96,0.1271,0.1172,6.5117,-0.2787,2.824,HOLD,0.0000,0.0000,0.0000,-0.0207
13958,gimbal,dynamic,none,6.4132,43.74,13.96,0.1260,0.1149,6.5275,-0.2708,2.824,HOLD,0.0000,0.0000,0.0000,-0.0207
13958,gimbal,dynamic,none,6.4286,43.74,13.96,0.1253,0.1139,6.5429,-0.2631,2.824,HOLD,0.0000,0.0000,0.0000,-0.0207
13958,gimbal,dynamic,none,6.4432,43.74,13.96,0.1251,0.1135,6.5577,-0.2557,2.824,HOLD,0.0000,0.0000,0.0000,-0.0207
13958,gimbal,dynamic,none,6.4576,43.74,13.96,0.1247,0.1140,6.5721,-0.2485,2.824,HOLD,0.0000,0.0000,0.0000,-0.0207
13958,gimbal,dynamic,none,6.4709,43.74,13.96,0.1250,0.1154,6.5861,-0.2415,2.824,HOLD,0.0000,0.0000,0.0000,-0.0207
13958,gimbal,dynamic,none,6.4836,43.74,13.96,0.1256,0.1175,6.5996,-0.2347,2.824,HOLD,0.0000,0.0000,0.0000,-0.0207
13958,gimbal,dynamic,none,6.4959,43.73,13.96,0.1261,0.1203,6.6127,-0.2282,2.824,HOLD,0.0000,0.0000,0.0000,-0.0207
13958,gimbal,dynamic,none,6.5073,43.73,13.96,0.1271,0.1231,6.6253,-0.2219,2.824,HOLD,0.0000,0.0000,0.0000,-0.0207
13958,gimbal,dynamic,none,6.5179,43.73,13.96,0.1285,0.1258,6.6375,-0.2158,2.824,HOLD,0.0000,0.0000,0.0000,-0.0207
13958,gimbal,dynamic,none,6.5281,43.73,13.96,0.1300,0.1280,6.6493,-0.2099,2.824,HOLD,0.0000,0.0000,0.0000,-0.0207
13958,gimbal,dynamic,none,6.5373,43.73,13.96,0.1319,0.1298,6.6606,-0.2042,2.824,HOLD,0.0000,0.0000,0.0000,-0.0207
13958,gimbal,dynamic,none,6.5466,43.73,13.96,0.1333,0.1310,6.6716,-0.1988,2.824,HOLD,0.0000,0.0000,0.0000,-0.0207
13958,gimbal,dynamic,none,6.5560,43.74,13.96,0.1342,0.1317,6.6821,-0.1935,2.824,HOLD,0.0000,0.0000,0.0000,-0.0207
13958,gimbal,dynamic,none,6.5654,43.74,13.96,0.1346,0.1319,6.6922,-0.1884,2.824,HOLD,0.0000,0.0000,0.0000,-0.0207
13958,gimbal,dynamic,none,6.5746,43.74,13.96,0.1349,0.1314,6.7020,-0.1836,2.824,HOLD,0.0000,0.0000,0.0000,-0.0207
13958,gimbal,dynamic,none,6.5836,43.74,13.96,0.1350,0.1309,6.7113,-0.1789,2.824,HOLD,0.0000,0.0000,0.0000,-0.0207
13958,gimbal,dynamic,none,6.5924,43.74,13.96,0.1349,0.1299,6.7202,-0.1744,2.824,HOLD,0.0000,0.0000,0.0000,-0.0207
13958,gimbal,dynamic,none,6.6005,43.74,13.96,0.1351,0.1289,6.7288,-0.1701,2.824,HOLD,0.0000,0.0000,0.0000,-0.0207
13958,gimbal,dynamic,none,6.6080,43.74,13.96,0.1356,0.1280,6.7370,-0.1660,2.824,HOLD,0.0000,0.0000,0.0000,-0.0207
13958,gimbal,dynamic,none,6.6155,43.74,13.96,0.1356,0.1274,6.7448,-0.1621,2.824,HOLD,0.0000,0.0000,0.0000,-0.0207
13958,gimbal,dynamic,none,6.6227,43.74,13.96,0.1358,0.1274,6.7523,-0.1584,2.824,HOLD,0.0000,0.0000,0.0000,-0.0207
13958,gimbal,dynamic,none,6.6287,43.74,13.96,0.1367,0.1277,6.7594,-0.1548,2.824,HOLD,0.0000,0.0000,0.0000,-0.0207
13958,gimbal,dynamic,none,6.6335,43.74,13.96,0.1386,0.1283,6.7662,-0.1515,2.824,HOLD,0.0000,0.0000,0.0000,-0.0207
13958,gimbal,dynamic,none,6.6374,43.74,13.96,0.1409,0.1289,6.7726,-0.1482,2.824,HOLD,0.0000,0.0000,0.0000,-0.0207
13958,gimbal,dynamic,none,6.6407,43.74,13.96,0.1436,0.1296,6.7787,-0.1452,2.824,HOLD,0.0000,0.0000,0.0000,-0.0207
13958,gimbal,dynamic,none,6.6436,43.74,13.96,0.1465,0.1299,6.7845,-0.1423,2.824,HOLD,0.0000,0.0000,0.0000,-0.0207
13958,gimbal,dynamic,none,6.6457,43.75,13.96,0.1497,0.1298,6.7899,-0.1396,2.824,HOLD,0.0000,0.0000,0.0000,-0.0207
13958,gimbal,dynamic,none,6.6478,43.75,13.96,0.1526,0.1300,6.7951,-0.1370,2.824,HOLD,0.0000,0.0000,0.0000,-0.0207
13958,gimbal,dynamic,none,6.6494,43.75,13.96,0.1558,0.1300,6.7999,-0.1346,2.824,HOLD,0.0000,0.0000,0.0000,-0.0207
13958,gimbal,dynamic,none,6.6516,43.75,13.96,0.1581,0.1303,6.8045,-0.1323,2.824,HOLD,0.0000,0.0000,0.0000,-0.0207
13958,gimbal,dynamic,none,6.6538,43.75,13.96,0.1601,0.1310,6.8088,-0.1302,2.824,HOLD,0.0000,0.0000,0.0000,-0.0207
13958,gimbal,dynamic,none,6.6564,43.74,13.96,0.1614,0.1321,6.8128,-0.1282,2.824,HOLD,0.0000,0.0000,0.0000,-0.0207
13958,gimbal,dynamic,none,6.6589,43.74,13.96,0.1627,0.1334,6.8165,-0.1263,2.824,HOLD,0.0000,0.0000,0.0000,-0.0207
13958,gimbal,dynamic,none,6.6616,37.25,13.96,0.1634,0.1348,6.8200,-0.1247,2.824,HOLD,0.0000,0.0000,0.0000,-0.0207
13958,gimbal,dynamic,none,6.6648,11.34,13.96,0.1635,0.1367,6.8232,-0.1245,2.824,HOLD,0.0000,0.0000,0.0000,-0.0207
13958,gimbal,dynamic,none,6.6689,-9.41,13.96,0.1625,0.1388,6.8262,-0.1257,2.824,HOLD,0.0000,0.0000,0.0000,-0.0207
13958,gimbal,dynamic,none,6.6737,-9.41,13.96,0.1606,0.1412,6.8289,-0.1271,2.824,HOLD,0.0000,0.0000,0.0000,-0.0207
13958,gimbal,dynamic,none,6.6780,-9.41,13.96,0.1590,0.1434,6.8314,-0.1284,2.824,HOLD,0.0000,0.0000,0.0000,-0.0207
13958,gimbal,dynamic,none,6.6818,-9.41,13.96,0.1577,0.1461,6.8338,-0.1295,2.824,HOLD,0.0000,0.0000,0.0000,-0.0207
13958,gimbal,dynamic,none,6.6847,-9.41,13.96,0.1570,0.1483,6.8359,-0.1306,2.824,HOLD,0.0000,0.0000,0.0000,-0.0207
13958,gimbal,dynamic,none,6.6868,-9.41,13.96,0.1569,0.1495,6.8378,-0.1315,2.824,HOLD,0.0000,0.0000,0.0000,-0.0207
13958,gimbal,dynamic,none,6.6891,-9.40,13.96,0.1564,0.1500,6.8395,-0.1324,2.824,HOLD,0.0000,0.0000,0.0000,-0.0207
13958,gimbal,dynamic,none,6.6915,-9.39,13.96,0.1555,0.1500,6.8410,-0.1332,2.824,HOLD,0.0000,0.0000,0.0000,-0.0207
13958,gimbal,dynamic,none,6.6943,-9.39,13.96,0.1541,0.1501,6.8424,-0.1339,2.824,HOLD,0.0000,0.0000,0.0000,-0.0207
13958,gimbal,dynamic,none,6.6973,-9.39,13.96,0.1524,0.1508,6.8436,-0.1345,2.824,HOLD,0.0000,0.0000,0.0000,-0.0207
13958,gimbal,dynamic,none,6.7002,-9.39,13.96,0.1506,0.1525,6.8447,-0.1350,2.824,HOLD,0.0000,0.0000,0.0000,-0.0207
13958,gimbal,dynamic,none,6.7034,-9.39,13.96,0.1485,0.1550,6.8456,-0.1355,2.824,HOLD,0.0000,0.0000,0.0000,-0.0207
13958,gimbal,dynamic,none,6.7061,-9.39,13.96,0.1468,0.1572,6.8464,-0.1359,2.824,HOLD,0.0000,0.0000,0.0000,-0.0207
13958,gimbal,dynamic,none,6.7082,-9.39,13.96,0.1455,0.1590,6.8471,-0.1362,2.824,HOLD,0.0000,0.0000,0.0000,-0.0207
13958,gimbal,dynamic,none,6.7097,-9.39,13.96,0.1446,0.1597,6.8477,-0.1365,2.824,HOLD,0.0000,0.0000,0.0000,-0.0207
13958,gimbal,dynamic,none,6.7107,-9.39,13.96,0.1440,0.1599,6.8482,-0.1367,2.824,HOLD,0.0000,0.0000,0.0000,-0.0207
13958,gimbal,dynamic,none,6.7113,-9.39,13.96,0.1438,0.1597,6.8485,-0.1369,2.824,HOLD,0.0000,0.0000,0.0000,-0.0207
13958,gimbal,dynamic,none,6.7118,-9.39,13.96,0.1436,0.1593,6.8488,-0.1371,2.824,HOLD,0.0000,0.0000,0.0000,-0.0207
13958,gimbal,dynamic,none,6.7128,-9.39,13.96,0.1428,0.1592,6.8490,-0.1372,2.824,HOLD,0.0000,0.0000,0.0000,-0.0207
13958,gimbal,dynamic,none,6.7148,-9.39,13.96,0.1410,0.1592,6.8492,-0.1373,2.824,HOLD,0.0000,0.0000,0.0000,-0.0207
13958,gimbal,dynamic,none,6.7172,-9.39,13.96,0.1387,0.1592,6.8493,-0.1373,2.824,HOLD,0.0000,0.0000,0.0000,-0.0207
13958,gimbal,dynamic,none,6.7200,-9.40,13.96,0.1359,0.1594,6.8494,-0.1373,2.824,HOLD,0.0000,0.0000,0.0000,-0.0207
13958,gimbal,dynamic,none,6.7233,-9.40,13.96,0.1327,0.1600,6.8494,-0.1374,2.824,HOLD,0.0000,0.0000,0.0000,-0.0207
13958,gimbal,dynamic,none,6.7272,-9.40,13.96,0.1289,0.1618,6.8494,-0.1374,2.824,HOLD,0.0000,0.0000,0.0000,-0.0207
13958,gimbal,dynamic,none,6.7305,-9.40,13.96,0.1257,0.1643,6.8494,-0.1374,2.824,HOLD,0.0000,0.0000,0.0000,-0.0207
13958,gimbal,dynamic,none,6.7336,-9.40,13.96,0.1227,0.1675,6.8494,-0.1374,2.824,HOLD,0.0000,0.0000,0.0000,-0.0207
13958,gimbal,dynamic,none,6.7358,-9.40,13.96,0.1207,0.1704,6.8494,-0.1374,2.824,HOLD,0.0000,0.0000,0.0000,-0.0207
13958,gimbal,dynamic,none,6.7374,-9.40,13.96,0.1193,0.1737,6.8495,-0.1374,2.824,HOLD,0.0000,0.0000,0.0000,-0.0207
13958,gimbal,dynamic,none,6.7388,-9.39,13.96,0.1180,0.1764,6.8495,-0.1374,2.824,HOLD,0.0000,0.0000,0.0000,-0.0207
13958,gimbal,dynamic,none,6.7399,-9.39,13.96,0.1171,0.1782,6.8496,-0.1375,2.824,HOLD,0.0000,0.0000,0.0000,-0.0207
13958,gimbal,dynamic,none,6.7410,-9.39,13.96,0.1162,0.1794,6.8498,-0.1375,2.824,HOLD,0.0000,0.0000,0.0000,-0.0207
13958,gimbal,dynamic,none,6.7414,-9.38,13.96,0.1161,0.1804,6.8500,-0.1376,2.824,HOLD,0.0000,0.0000,0.0000,-0.0207
13958,gimbal,dynamic,none,6.7411,-9.38,13.96,0.1167,0.1808,6.8502,-0.1378,2.824,HOLD,0.0000,0.0000,0.0000,-0.0207
13958,gimbal,dynamic,none,6.7398,-9.37,13.96,0.1183,0.1806,6.8506,-0.1379,2.824,HOLD,0.0000,0.0000,0.0000,-0.0207
13958,gimbal,dynamic,none,6.7377,-9.37,13.96,0.1208,0.1799,6.8510,-0.1382,2.824,HOLD,0.0000,0.0000,0.0000,-0.0207
13958,gimbal,dynamic,none,6.7351,-9.37,13.96,0.1239,0.1789,6.8515,-0.1384,2.824,HOLD,0.0000,0.0000,0.0000,-0.0207
13958,gimbal,dynamic,none,6.7328,-9.37,13.96,0.1268,0.1780,6.8522,-0.1387,2.824,HOLD,0.0000,0.0000,0.0000,-0.0207
13958,gimbal,dynamic,none,6.7299,-9.37,13.96,0.1305,0.1771,6.8529,-0.1391,2.824,HOLD,0.0000,0.0000,0.0000,-0.0207
13958,gimbal,dynamic,none,6.7268,-9.38,13.96,0.1345,0.1762,6.8538,-0.1396,2.824,HOLD,0.0000,0.0000,0.0000,-0.0207
13958,gimbal,dynamic,none,6.7233,-9.38,13.96,0.1390,0.1759,6.8548,-0.1401,2.824,HOLD,0.0000,0.0000,0.0000,-0.0207
13958,gimbal,dynamic,none,6.7202,-9.38,13.96,0.1433,0.1770,6.8560,-0.1407,2.824,HOLD,0.0000,0.0000,0.0000,-0.0207
13958,gimbal,dynamic,none,6.7174,-9.39,13.96,0.1476,0.1789,6.8573,-0.1413,2.824,HOLD,0.0000,0.0000,0.0000,-0.0207
13958,gimbal,dynamic,none,6.7161,-9.40,13.96,0.1505,0.1810,6.8588,-0.1421,2.824,HOLD,0.0000,0.0000,0.0000,-0.0207
13958,gimbal,dynamic,none,6.7159,-9.40,13.96,0.1525,0.1836,6.8605,-0.1429,2.824,HOLD,0.0000,0.0000,0.0000,-0.0207
13958,gimbal,dynamic,none,6.7173,-9.41,13.96,0.1532,0.1860,6.8623,-0.1438,2.824,HOLD,0.0000,0.0000,0.0000,-0.0207
13958,gimbal,dynamic,none,6.7198,-9.42,13.96,0.1529,0.1889,6.8644,-0.1448,2.824,HOLD,0.0000,0.0000,0.0000,-0.0207
13958,gimbal,dynamic,none,6.7230,-9.42,13.96,0.1521,0.1913,6.8666,-0.1460,2.824,HOLD,0.0000,0.0000,0.0000,-0.0207
13958,gimbal,dynamic,none,6.7265,-9.42,13.96,0.1512,0.1932,6.8691,-0.1472,2.824,HOLD,0.0000,0.0000,0.0000,-0.0207
13958,gimbal,dynamic,none,6.7301,-9.42,13.96,0.1504,0.1943,6.8717,-0.1485,2.824,HOLD,0.0000,0.0000,0.0000,-0.0207
13958,gimbal,dynamic,none,6.7343,-9.42,13.96,0.1492,0.1952,6.8746,-0.1500,2.824,HOLD,0.0000,0.0000,0.0000,-0.0207
13958,gimbal,dynamic,none,6.7390,-9.41,13.96,0.1478,0.1958,6.8778,-0.1515,2.824,HOLD,0.0000,0.0000,0.0000,-0.0207
13958,gimbal,dynamic,none,6.7435,-9.41,13.96,0.1467,0.1965,6.8812,-0.1532,2.824,HOLD,0.0000,0.0000,0.0000,-0.0207
13958,gimbal,dynamic,none,6.7476,-9.41,13.96,0.1464,0.1976,6.8848,-0.1550,2.824,HOLD,0.0000,0.0000,0.0000,-0.0207
13958,gimbal,dynamic,none,6.7519,-9.40,13.96,0.1462,0.1990,6.8887,-0.1570,2.824,HOLD,0.0000,0.0000,0.0000,-0.0207
13958,gimbal,dynamic,none,6.7564,-9.40,13.96,0.1461,0.2004,6.8929,-0.1591,2.824,HOLD,0.0000,0.0000,0.0000,-0.0207
13958,gimbal,dynamic,none,6.7607,-9.39,13.96,0.1464,0.2015,6.8973,-0.1613,2.824,HOLD,0.0000,0.0000,0.0000,-0.0207
13958,gimbal,dynamic,none,6.7649,-9.39,13.96,0.1471,0.2014,6.9021,-0.1637,2.824,HOLD,0.0000,0.0000,0.0000,-0.0207
13958,gimbal,dynamic,none,6.7696,-9.38,13.96,0.1475,0.2001,6.9071,-0.1662,2.824,HOLD,0.0000,0.0000,0.0000,-0.0207
13958,gimbal,dynamic,none,6.7750,-9.38,13.96,0.1474,0.1982,6.9125,-0.1689,2.824,HOLD,0.0000,0.0000,0.0000,-0.0207
13958,gimbal,dynamic,none,6.7811,-9.38,13.96,0.1470,0.1965,6.9182,-0.1717,2.824,HOLD,0.0000,0.0000,0.0000,-0.0207
13958,gimbal,dynamic,none,6.7878,-9.38,13.96,0.1465,0.1959,6.9241,-0.1747,2.824,HOLD,0.0000,0.0000,0.0000,-0.0207
13958,gimbal,dynamic,none,6.7946,-9.38,13.96,0.1461,0.1960,6.9305,-0.1779,2.824,HOLD,0.0000,0.0000,0.0000,-0.0207
13958,gimbal,dynamic,none,6.8016,-9.39,13.96,0.1460,0.1960,6.9371,-0.1812,2.824,HOLD,0.0000,0.0000,0.0000,-0.0207
13958,gimbal,dynamic,none,6.8088,-9.39,13.96,0.1460,0.1960,6.9441,-0.1847,2.824,HOLD,0.0000,0.0000,0.0000,-0.0207
13958,gimbal,dynamic,none,6.8164,-9.39,13.96,0.1458,0.1956,6.9514,-0.1884,2.824,HOLD,0.0000,0.0000,0.0000,-0.0207
13958,gimbal,dynamic,none,6.8249,-9.40,13.96,0.1453,0.1950,6.9591,-0.1922,2.824,HOLD,0.0000,0.0000,0.0000,-0.0207
13958,gimbal,dynamic,none,6.8345,-9.40,13.96,0.1438,0.1944,6.9672,-0.1963,2.824,HOLD,0.0000,0.0000,0.0000,-0.0207
13958,gimbal,dynamic,none,6.8458,-9.40,13.96,0.1412,0.1938,6.9756,-0.2005,2.824,HOLD,0.0000,0.0000,0.0000,-0.0207
13958,gimbal,dynamic,none,6.8577,-7.63,13.96,0.1384,0.1935,6.9845,-0.2048,2.824,HOLD,0.0000,0.0000,0.0000,-0.0207
13958,gimbal,dynamic,none,6.8701,-0.56,13.96,0.1353,0.1938,6.9937,-0.2081,2.824,HOLD,0.0000,0.0000,0.0000,-0.0207
13958,gimbal,dynamic,none,6.8822,6.44,13.96,0.1329,0.1951,7.0032,-0.2103,2.824,HOLD,0.0000,0.0000,0.0000,-0.0207
13958,gimbal,dynamic,none,6.8946,13.13,13.96,0.1308,0.1973,7.0132,-0.2114,2.824,HOLD,0.0000,0.0000,0.0000,-0.0207
13958,gimbal,dynamic,none,6.9074,19.34,13.96,0.1284,0.2003,7.0236,-0.2114,2.824,HOLD,0.0000,0.0000,0.0000,-0.0207
13958,gimbal,dynamic,none,6.9208,24.96,13.96,0.1259,0.2031,7.0344,-0.2103,2.824,HOLD,0.0000,0.0000,0.0000,-0.0207
13958,gimbal,dynamic,none,6.9346,29.93,13.96,0.1233,0.2058,7.0456,-0.2081,2.824,HOLD,0.0000,0.0000,0.0000,-0.0207
13958,gimbal,dynamic,none,6.9491,34.29,13.96,0.1205,0.2085,7.0573,-0.2048,2.824,HOLD,0.0000,0.0000,0.0000,-0.0207
13958,gimbal,dynamic,none,6.9638,38.06,13.96,0.1176,0.2105,7.0693,-0.2005,2.824,HOLD,0.0000,0.0000,0.0000,-0.0207
13958,gimbal,dynamic,none,6.9798,41.31,13.96,0.1138,0.2120,7.0818,-0.1951,2.824,HOLD,0.0000,0.0000,0.0000,-0.0207
13958,gimbal,dynamic,none,6.9963,43.74,13.96,0.1100,0.2130,7.0947,-0.1889,2.824,HOLD,0.0000,0.0000,0.0000,-0.0207
13958,gimbal,dynamic,none,7.0137,43.74,13.96,0.1056,0.2136,7.1081,-0.1822,2.824,HOLD,0.0000,0.0000,0.0000,-0.0207
13958,gimbal,dynamic,none,7.0308,43.75,13.96,0.1018,0.2140,7.1219,-0.1753,2.824,HOLD,0.0000,0.0000,0.0000,-0.0207
13958,gimbal,dynamic,none,7.0486,43.75,13.96,0.0980,0.2142,7.1361,-0.1681,2.824,HOLD,0.0000,0.0000,0.0000,-0.0207
13958,gimbal,dynamic,none,7.0664,43.75,13.96,0.0944,0.2140,7.1509,-0.1608,2.824,HOLD,0.0000,0.0000,0.0000,-0.0207
13958,gimbal,dynamic,none,7.0850,43.75,13.96,0.0905,0.2131,7.1660,-0.1532,2.824,HOLD,0.0000,0.0000,0.0000,-0.0207
13958,gimbal,dynamic,none,7.1036,43.75,13.96,0.0871,0.2119,7.1816,-0.1454,2.824,HOLD,0.0000,0.0000,0.0000,-0.0207
13958,gimbal,dynamic,none,7.1216,43.75,13.96,0.0846,0.2105,7.1977,-0.1373,2.824,HOLD,0.0000,0.0000,0.0000,-0.0207
13958,gimbal,dynamic,none,7.1393,43.75,13.96,0.0830,0.2087,7.2143,-0.1291,2.824,HOLD,0.0000,0.0000,0.0000,-0.0207
13958,gimbal,dynamic,none,7.1570,43.75,13.96,0.0818,0.2062,7.2313,-0.1205,2.824,HOLD,0.0000,0.0000,0.0000,-0.0207
13958,gimbal,dynamic,none,7.1752,43.75,13.96,0.0806,0.2040,7.2489,-0.1118,2.824,HOLD,0.0000,0.0000,0.0000,-0.0207
13958,gimbal,dynamic,none,7.1942,43.75,13.96,0.0791,0.2014,7.2668,-0.1028,2.824,HOLD,0.0000,0.0000,0.0000,-0.0207
13958,gimbal,dynamic,none,7.2139,43.75,13.96,0.0773,0.1988,7.2853,-0.0936,2.824,HOLD,0.0000,0.0000,0.0000,-0.0207
13958,gimbal,dynamic,none,7.2343,43.75,13.96,0.0754,0.1961,7.3043,-0.0841,2.824,HOLD,0.0000,0.0000,0.0000,-0.0207
13958,gimbal,dynamic,none,7.2546,43.75,13.96,0.0740,0.1937,7.3237,-0.0744,2.824,HOLD,0.0000,0.0000,0.0000,-0.0207
13958,gimbal,dynamic,none,7.2756,43.75,13.96,0.0726,0.1911,7.3436,-0.0644,2.824,HOLD,0.0000,0.0000,0.0000,-0.0207
13958,gimbal,dynamic,none,7.2970,43.74,13.96,0.0711,0.1893,7.3641,-0.0542,2.824,HOLD,0.0000,0.0000,0.0000,-0.0207
13958,gimbal,dynamic,none,7.3192,43.74,13.96,0.0695,0.1879,7.3850,-0.0437,2.824,HOLD,0.0000,0.0000,0.0000,-0.0207
13958,gimbal,dynamic,none,7.3417,43.74,13.96,0.0680,0.1867,7.4064,-0.0330,2.824,HOLD,0.0000,0.0000,0.0000,-0.0207
13958,gimbal,dynamic,none,7.3643,43.74,13.96,0.0669,0.1857,7.4283,-0.0221,2.824,HOLD,0.0000,0.0000,0.0000,-0.0207
13958,gimbal,dynamic,none,7.3871,43.73,13.96,0.0661,0.1851,7.4507,-0.0109,2.824,HOLD,0.0000,0.0000,0.0000,-0.0207
13958,gimbal,dynamic,none,7.4104,43.73,13.96,0.0654,0.1842,7.4736,0.0006,2.824,HOLD,0.0000,0.0000,0.0000,-0.0207
13958,gimbal,dynamic,none,7.4334,43.74,13.96,0.0655,0.1831,7.4970,0.0123,2.824,HOLD,0.0000,0.0000,0.0000,-0.0207
13958,gimbal,dynamic,none,7.4561,43.74,13.96,0.0664,0.1824,7.5209,0.0242,2.824,HOLD,0.0000,0.0000,0.0000,-0.0207
13958,gimbal,dynamic,none,7.4792,43.74,13.96,0.0675,0.1821,7.5453,0.0364,2.824,HOLD,0.0000,0.0000,0.0000,-0.0207
13958,gimbal,dynamic,none,7.5033,43.74,13.96,0.0681,0.1818,7.5702,0.0489,2.824,HOLD,0.0000,0.0000,0.0000,-0.0207
13958,gimbal,dynamic,none,7.5277,43.74,13.96,0.0688,0.1814,7.5955,0.0616,2.824,HOLD,0.0000,0.0000,0.0000,-0.0207
13958,gimbal,dynamic,none,7.5522,43.74,13.96,0.0700,0.1813,7.6214,0.0745,2.824,HOLD,0.0000,0.0000,0.0000,-0.0207
13958,gimbal,dynamic,none,7.5765,43.74,13.96,0.0719,0.1814,7.6478,0.0877,2.824,HOLD,0.0000,0.0000,0.0000,-0.0207
13958,gimbal,dynamic,none,7.6015,43.74,13.96,0.0737,0.1817,7.6747,0.1012,2.824,HOLD,0.0000,0.0000,0.0000,-0.0207
13958,gimbal,dynamic,none,7.6265,43.74,13.96,0.0759,0.1822,7.7021,0.1148,2.824,HOLD,0.0000,0.0000,0.0000,-0.0207
13958,gimbal,dynamic,none,7.6521,43.74,13.96,0.0781,0.1835,7.7300,0.1288,2.824,HOLD,0.0000,0.0000,0.0000,-0.0207
13958,gimbal,dynamic,none,7.6787,43.74,13.96,0.0799,0.1851,7.7584,0.1430,2.824,HOLD,0.0000,0.0000,0.0000,-0.0207
13958,gimbal,dynamic,none,7.7052,43.74,13.96,0.0821,0.1867,7.7873,0.1574,2.824,HOLD,0.0000,0.0000,0.0000,-0.0207
13958,gimbal,dynamic,none,7.7329,42.87,13.96,0.0838,0.1873,7.8166,0.1718,2.824,HOLD,0.0000,0.0000,0.0000,-0.0207
13958,gimbal,dynamic,none,7.7616,41.59,13.96,0.0849,0.1872,7.8465,0.1856,2.824,HOLD,0.0000,0.0000,0.0000,-0.0207
13958,gimbal,dynamic,none,7.7912,40.26,13.96,0.0856,0.1868,7.8769,0.1989,2.824,HOLD,0.0000,0.0000,0.0000,-0.0207
13958,gimbal,dynamic,none,7.8214,38.90,13.96,0.0864,0.1858,7.9077,0.2114,2.824,HOLD,0.0000,0.0000,0.0000,-0.0207
13958,gimbal,dynamic,none,7.8522,37.50,13.96,0.0869,0.1843,7.9390,0.2233,2.824,HOLD,0.0000,0.0000,0.0000,-0.0207
13958,gimbal,dynamic,none,7.8843,36.07,13.96,0.0867,0.1821,7.9708,0.2345,2.824,HOLD,0.0000,0.0000,0.0000,-0.0207
13958,gimbal,dynamic,none,7.9173,34.60,13.96,0.0861,0.1804,8.0031,0.2450,2.824,HOLD,0.0000,0.0000,0.0000,-0.0207
13958,gimbal,dynamic,none,7.9511,33.11,13.96,0.0851,0.1794,8.0359,0.2546,2.824,HOLD,0.0000,0.0000,0.0000,-0.0207
13958,gimbal,dynamic,none,7.9852,31.60,13.96,0.0844,0.1786,8.0691,0.2635,2.824,HOLD,0.0000,0.0000,0.0000,-0.0207
13958,gimbal,dynamic,none,8.0197,30.07,13.96,0.0837,0.1784,8.1028,0.2715,2.824,HOLD,0.0000,0.0000,0.0000,-0.0207
13958,gimbal,dynamic,none,8.0545,28.53,13.96,0.0831,0.1787,8.1370,0.2787,2.824,HOLD,0.0000,0.0000,0.0000,-0.0207
13958,gimbal,dynamic,none,8.0900,26.99,13.96,0.0824,0.1786,8.1716,0.2850,2.824,HOLD,0.0000,0.0000,0.0000,-0.0207
13958,gimbal,dynamic,none,8.1262,25.44,13.96,0.0813,0.1778,8.2067,0.2905,2.824,HOLD,0.0000,0.0000,0.0000,-0.0207
13958,gimbal,dynamic,none,8.1630,23.90,13.96,0.0802,0.1761,8.2423,0.2950,2.824,HOLD,0.0000,0.0000,0.0000,-0.0207
13958,gimbal,dynamic,none,8.2002,22.37,13.96,0.0790,0.1743,8.2783,0.2986,2.824,HOLD,0.0000,0.0000,0.0000,-0.0207
13958,gimbal,dynamic,none,8.2380,20.85,13.96,0.0778,0.1728,8.3147,0.3012,2.824,HOLD,0.0000,0.0000,0.0000,-0.0207
13958,gimbal,dynamic,none,8.2757,19.35,13.96,0.0769,0.1721,8.3516,0.3030,2.824,HOLD,0.0000,0.0000,0.0000,-0.0207
13958,gimbal,dynamic,none,8.3140,17.87,13.96,0.0760,0.1717,8.3890,0.3037,2.824,HOLD,0.0000,0.0000,0.0000,-0.0207
13958,gimbal,dynamic,none,8.3533,16.42,13.96,0.0745,0.1715,8.4267,0.3036,2.824,HOLD,0.0000,0.0000,0.0000,-0.0207
13958,gimbal,dynamic,none,8.3931,14.99,13.96,0.0728,0.1710,8.4649,0.3024,2.824,HOLD,0.0000,0.0000,0.0000,-0.0207
13958,gimbal,dynamic,none,8.4329,13.60,13.96,0.0717,0.1705,8.5035,0.3003,2.824,HOLD,0.0000,0.0000,0.0000,-0.0207
13958,gimbal,dynamic,none,8.4727,12.24,13.96,0.0708,0.1700,8.5425,0.2973,2.824,HOLD,0.0000,0.0000,0.0000,-0.0207
13958,gimbal,dynamic,none,8.5126,10.93,13.96,0.0703,0.1697,8.5820,0.2932,2.824,HOLD,0.0000,0.0000,0.0000,-0.0207
13958,gimbal,dynamic,none,8.5524,9.65,13.96,0.0702,0.1696,8.6218,0.2883,2.824,HOLD,0.0000,0.0000,0.0000,-0.0207
13958,gimbal,dynamic,none,8.5925,8.43,13.96,0.0704,0.1691,8.6621,0.2824,2.824,HOLD,0.0000,0.0000,0.0000,-0.0207
13958,gimbal,dynamic,none,8.6330,7.24,13.96,0.0704,0.1685,8.7027,0.2755,2.824,HOLD,0.0000,0.0000,0.0000,-0.0207
13958,gimbal,dynamic,none,8.6738,6.11,13.96,0.0705,0.1681,8.7437,0.2678,2.824,HOLD,0.0000,0.0000,0.0000,-0.0207
13958,gimbal,dynamic,none,8.7142,5.02,13.96,0.0714,0.1681,8.7851,0.2591,2.824,HOLD,0.0000,0.0000,0.0000,-0.0207
13958,gimbal,dynamic,none,8.7540,3.98,13.96,0.0732,0.1692,8.8269,0.2496,2.824,HOLD,0.0000,0.0000,0.0000,-0.0207
13958,gimbal,dynamic,none,8.7946,2.98,13.96,0.0747,0.1711,8.8691,0.2392,2.824,HOLD,0.0000,0.0000,0.0000,-0.0207
13958,gimbal,dynamic,none,8.8359,2.04,13.96,0.0758,0.1736,8.9116,0.2279,2.824,HOLD,0.0000,0.0000,0.0000,-0.0207
13958,gimbal,dynamic,none,8.8775,1.15,13.96,0.0771,0.1769,8.9544,0.2159,2.824,HOLD,0.0000,0.0000,0.0000,-0.0207
13958,gimbal,dynamic,none,8.9191,0.31,13.96,0.0786,0.1806,8.9976,0.2030,2.824,HOLD,0.0000,0.0000,0.0000,-0.0207
13958,gimbal,dynamic,none,8.9607,-0.47,13.96,0.0804,0.1849,9.0412,0.1894,2.824,HOLD,0.0000,0.0000,0.0000,-0.0207
13958,gimbal,dynamic,none,9.0028,-1.21,13.96,0.0822,0.1889,9.0851,0.1750,2.824,HOLD,0.0000,0.0000,0.0000,-0.0207
13958,gimbal,dynamic,none,9.0455,-1.89,13.96,0.0838,0.1931,9.1293,0.1599,2.824,HOLD,0.0000,0.0000,0.0000,-0.0207
13958,gimbal,dynamic,none,9.0896,-2.53,13.96,0.0844,0.1963,9.1738,0.1442,2.824,HOLD,0.0000,0.0000,0.0000,-0.0207
13958,gimbal,dynamic,none,9.1343,-3.11,13.96,0.0846,0.1990,9.2186,0.1278,2.824,HOLD,0.0000,0.0000,0.0000,-0.0207
13958,gimbal,dynamic,none,9.1794,-3.64,13.96,0.0848,0.2011,9.2637,0.1108,2.824,HOLD,0.0000,0.0000,0.0000,-0.0207
13958,gimbal,dynamic,none,9.2248,-4.13,13.96,0.0850,0.2029,9.3091,0.0932,2.824,HOLD,0.0000,0.0000,0.0000,-0.0207
13958,gimbal,dynamic,none,9.2711,-4.56,13.96,0.0846,0.2044,9.3548,0.0752,2.824,HOLD,0.0000,0.0000,0.0000,-0.0207
13958,gimbal,dynamic,none,9.3185,-4.95,13.96,0.0835,0.2063,9.4008,0.0566,2.824,HOLD,0.0000,0.0000,0.0000,-0.0207
13958,gimbal,dynamic,none,9.3660,-5.29,13.96,0.0826,0.2083,9.4471,0.0376,2.824,HOLD,0.0000,0.0000,0.0000,-0.0207
13958,gimbal,dynamic,none,9.4137,-5.58,13.96,0.0819,0.2104,9.4936,0.0182,2.824,HOLD,0.0000,0.0000,0.0000,-0.0207
13958,gimbal,dynamic,none,9.4613,-5.83,13.96,0.0815,0.2123,9.5403,-0.0016,2.824,HOLD,0.0000,0.0000,0.0000,-0.0207
13958,gimbal,dynamic,none,9.5092,-6.03,13.96,0.0810,0.2140,9.5873,-0.0217,2.824,HOLD,0.0000,0.0000,0.0000,-0.0207
13958,gimbal,dynamic,none,9.5571,-6.19,13.96,0.0809,0.2150,9.6346,-0.0421,2.824,HOLD,0.0000,0.0000,0.0000,-0.0207
13958,gimbal,dynamic,none,9.6050,-6.30,13.96,0.0811,0.2156,9.6820,-0.0626,2.824,HOLD,0.0000,0.0000,0.0000,-0.0207
13958,gimbal,dynamic,none,9.6533,-6.37,13.96,0.0811,0.2160,9.7297,-0.0834,2.824,HOLD,0.0000,0.0000,0.0000,-0.0207
13958,gimbal,dynamic,none,9.7015,-6.39,13.96,0.0814,0.2166,9.7776,-0.1043,2.824,HOLD,0.0000,0.0000,0.0000,-0.0207
13958,gimbal,dynamic,none,9.7494,-6.36,13.96,0.0822,0.2174,9.8256,-0.1252,2.824,HOLD,0.0000,0.0000,0.0000,-0.0207
13958,gimbal,dynamic,none,9.7971,-6.30,13.96,0.0836,0.2184,9.8739,-0.1462,2.824,HOLD,0.0000,0.0000,0.0000,-0.0207
13958,gimbal,dynamic,none,9.8454,-6.19,13.96,0.0845,0.2192,9.9223,-0.1672,2.824,HOLD,0.0000,0.0000,0.0000,-0.0207
13958,gimbal,dynamic,none,9.8946,-6.03,13.96,0.0848,0.2198,9.9710,-0.1881,2.824,HOLD,0.0000,0.0000,0.0000,-0.0207
13958,gimbal,dynamic,none,9.9443,-5.83,13.96,0.0847,0.2203,10.0197,-0.2089,2.824,HOLD,0.0000,0.0000,0.0000,-0.0207
13958,gimbal,dynamic,none,9.9950,-5.59,13.96,0.0838,0.2207,10.0686,-0.2295,2.824,HOLD,0.0000,0.0000,0.0000,-0.0207
13958,gimbal,dynamic,none,10.0462,-5.31,13.96,0.0825,0.2207,10.1177,-0.2499,2.824,HOLD,0.0000,0.0000,0.0000,-0.0207
13958,gimbal,dynamic,none,10.0970,-4.98,13.96,0.0819,0.2212,10.1669,-0.2700,2.824,HOLD,0.0000,0.0000,0.0000,-0.0207
13958,gimbal,dynamic,none,10.1475,-4.60,13.96,0.0817,0.2218,10.2162,-0.2899,2.824,HOLD,0.0000,0.0000,0.0000,-0.0207
13958,gimbal,dynamic,none,10.1971,-4.18,13.96,0.0824,0.2221,10.2656,-0.3093,2.824,HOLD,0.0000,0.0000,0.0000,-0.0207
13958,gimbal,dynamic,none,10.2454,-3.72,13.96,0.0846,0.2225,10.3152,-0.3284,2.824,HOLD,0.0000,0.0000,0.0000,-0.0207
13958,gimbal,dynamic,none,10.2930,-3.21,13.96,0.0876,0.2225,10.3648,-0.3470,2.824,HOLD,0.0000,0.0000,0.0000,-0.0207
13958,gimbal,dynamic,none,10.3397,-2.66,13.96,0.0914,0.2220,10.4145,-0.3651,2.824,HOLD,0.0000,0.0000,0.0000,-0.0207
13958,gimbal,dynamic,none,10.3862,-2.06,13.96,0.0956,0.2215,10.4642,-0.3827,2.824,HOLD,0.0000,0.0000,0.0000,-0.0207
13958,gimbal,dynamic,none,10.4326,-1.42,13.96,0.1000,0.2213,10.5141,-0.3996,2.824,HOLD,0.0000,0.0000,0.0000,-0.0207
13958,gimbal,dynamic,none,10.4787,-0.73,13.96,0.1047,0.2211,10.5640,-0.4160,2.824,HOLD,0.0000,0.0000,0.0000,-0.0207
13958,gimbal,dynamic,none,10.5258,-0.00,13.96,0.1084,0.2212,10.6139,-0.4317,2.824,HOLD,0.0000,0.0000,0.0000,-0.0207
13958,gimbal,dynamic,none,10.5738,0.77,13.96,0.1112,0.2214,10.6639,-0.4466,2.824,HOLD,0.0000,0.0000,0.0000,-0.0207
13958,gimbal,dynamic,none,10.6227,1.58,13.96,0.1131,0.2214,10.7138,-0.4608,2.824,HOLD,0.0000,0.0000,0.0000,-0.0207
13958,gimbal,dynamic,none,10.6718,2.44,13.96,0.1147,0.2210,10.7638,-0.4743,2.824,HOLD,0.0000,0.0000,0.0000,-0.0207
13958,gimbal,dynamic,none,10.7213,3.34,13.96,0.1159,0.2204,10.8138,-0.4869,2.824,HOLD,0.0000,0.0000,0.0000,-0.0207
13958,gimbal,dynamic,none,10.7709,4.28,13.96,0.1169,0.2195,10.8638,-0.4986,2.824,HOLD,0.0000,0.0000,0.0000,-0.0207
13958,gimbal,dynamic,none,10.8207,5.26,13.96,0.1177,0.2191,10.9138,-0.5094,2.824,HOLD,0.0000,0.0000,0.0000,-0.0207
13958,gimbal,dynamic,none,10.8704,6.28,13.96,0.1184,0.2194,10.9638,-0.5194,2.824,HOLD,0.0000,0.0000,0.0000,-0.0207
13958,gimbal,dynamic,none,10.9198,7.34,13.96,0.1195,0.2198,11.0137,-0.5283,2.824,HOLD,0.0000,0.0000,0.0000,-0.0207
13958,gimbal,dynamic,none,10.9694,8.43,13.96,0.1203,0.2208,11.0635,-0.5363,2.824,HOLD,0.0000,0.0000,0.0000,-0.0207
13958,gimbal,dynamic,none,11.0193,9.57,13.96,0.1207,0.2224,11.1133,-0.5433,2.824,HOLD,0.0000,0.0000,0.0000,-0.0207
13958,gimbal,dynamic,none,11.0689,10.74,13.96,0.1212,0.2244,11.1631,-0.5492,2.824,HOLD,0.0000,0.0000,0.0000,-0.0207
13958,gimbal,dynamic,none,11.1178,11.94,13.96,0.1224,0.2266,11.2127,-0.5541,2.824,HOLD,0.0000,0.0000,0.0000,-0.0207
13958,gimbal,dynamic,none,11.1662,13.17,13.96,0.1239,0.2291,11.2623,-0.5579,2.824,HOLD,0.0000,0.0000,0.0000,-0.0207
13958,gimbal,dynamic,none,11.2144,14.43,13.96,0.1254,0.2314,11.3118,-0.5607,2.824,HOLD,0.0000,0.0000,0.0000,-0.0207
13958,gimbal,dynamic,none,11.2621,15.71,13.96,0.1272,0.2335,11.3611,-0.5623,2.824,HOLD,0.0000,0.0000,0.0000,-0.0207
13958,gimbal,dynamic,none,11.3101,17.02,13.96,0.1284,0.2347,11.4104,-0.5628,2.824,HOLD,0.0000,0.0000,0.0000,-0.0207
13958,gimbal,dynamic,none,11.3581,18.35,13.96,0.1294,0.2354,11.4595,-0.5622,2.824,HOLD,0.0000,0.0000,0.0000,-0.0207
13958,gimbal,dynamic,none,11.4067,19.69,13.96,0.1297,0.2357,11.5085,-0.5604,2.824,HOLD,0.0000,0.0000,0.0000,-0.0207
13958,gimbal,dynamic,none,11.4555,21.04,13.96,0.1294,0.2361,11.5574,-0.5575,2.824,HOLD,0.0000,0.0000,0.0000,-0.0207
13958,gimbal,dynamic,none,11.5038,22.40,13.96,0.1294,0.2368,11.6061,-0.5534,2.824,HOLD,0.0000,0.0000,0.0000,-0.0207
13958,gimbal,dynamic,none,11.5515,23.77,13.96,0.1298,0.2372,11.6546,-0.5482,2.824,HOLD,0.0000,0.0000,0.0000,-0.0207
13958,gimbal,dynamic,none,11.5991,25.14,13.96,0.1300,0.2371,11.7029,-0.5418,2.824,HOLD,0.0000,0.0000,0.0000,-0.0207
13958,gimbal,dynamic,none,11.6462,26.51,13.96,0.1305,0.2367,11.7511,-0.5343,2.824,HOLD,0.0000,0.0000,0.0000,-0.0207
13958,gimbal,dynamic,none,11.6928,27.87,13.96,0.1311,0.2364,11.7991,-0.5256,2.824,HOLD,0.0000,0.0000,0.0000,-0.0207
13958,gimbal,dynamic,none,11.7394,29.23,13.96,0.1315,0.2360,11.8469,-0.5158,2.824,HOLD,0.0000,0.0000,0.0000,-0.0207
13958,gimbal,dynamic,none,11.7861,30.57,13.96,0.1316,0.2356,11.8944,-0.5049,2.824,HOLD,0.0000,0.0000,0.0000,-0.0207
13958,gimbal,dynamic,none,11.8332,31.91,13.96,0.1310,0.2354,11.9418,-0.4928,2.824,HOLD,0.0000,0.0000,0.0000,-0.0207
13958,gimbal,dynamic,none,11.8804,33.22,13.96,0.1300,0.2348,11.9889,-0.4796,2.824,HOLD,0.0000,0.0000,0.0000,-0.0207
13958,gimbal,dynamic,none,11.9271,34.51,13.96,0.1292,0.2336,12.0358,-0.4654,2.824,HOLD,0.0000,0.0000,0.0000,-0.0207
13958,gimbal,dynamic,none,11.9734,35.79,13.96,0.1285,0.2320,12.0824,-0.4501,2.824,HOLD,0.0000,0.0000,0.0000,-0.0207
13958,gimbal,dynamic,none,12.0197,37.04,13.96,0.1274,0.2294,12.1288,-0.4337,2.824,HOLD,0.0000,0.0000,0.0000,-0.0207
13958,gimbal,dynamic,none,12.0659,38.26,13.96,0.1261,0.2265,12.1749,-0.4163,2.824,HOLD,0.0000,0.0000,0.0000,-0.0207
13958,gimbal,dynamic,none,12.1119,39.46,13.96,0.1248,0.2232,12.2207,-0.3979,2.824,HOLD,0.0000,0.0000,0.0000,-0.0207
13958,gimbal,dynamic,none,12.1580,40.62,13.96,0.1231,0.2204,12.2663,-0.3785,2.824,HOLD,0.0000,0.0000,0.0000,-0.0207
13958,gimbal,dynamic,none,12.2046,41.75,13.96,0.1206,0.2180,12.3116,-0.3581,2.824,HOLD,0.0000,0.0000,0.0000,-0.0207
13958,gimbal,dynamic,none,12.2515,42.85,13.96,0.1175,0.2163,12.3566,-0.3369,2.824,HOLD,0.0000,0.0000,0.0000,-0.0207
13958,gimbal,dynamic,none,12.2985,43.74,13.96,0.1141,0.2152,12.4012,-0.3148,2.824,HOLD,0.0000,0.0000,0.0000,-0.0207
13958,gimbal,dynamic,none,12.3448,43.74,13.96,0.1112,0.2147,12.4456,-0.2926,2.824,HOLD,0.0000,0.0000,0.0000,-0.0207
13958,gimbal,dynamic,none,12.3904,43.74,13.96,0.1087,0.2145,12.4896,-0.2706,2.824,HOLD,0.0000,0.0000,0.0000,-0.0207
13958,gimbal,dynamic,none,12.4357,43.73,13.96,0.1063,0.2143,12.5333,-0.2487,2.824,HOLD,0.0000,0.0000,0.0000,-0.0207
13958,gimbal,dynamic,none,12.4810,43.73,13.96,0.1035,0.2148,12.5767,-0.2270,2.824,HOLD,0.0000,0.0000,0.0000,-0.0207
13958,gimbal,dynamic,none,12.5261,43.73,13.96,0.1007,0.2158,12.6198,-0.2055,2.824,HOLD,0.0000,0.0000,0.0000,-0.0207
13958,gimbal,dynamic,none,12.5713,43.73,13.96,0.0975,0.2166,12.6624,-0.1842,2.824,HOLD,0.0000,0.0000,0.0000,-0.0207
13958,gimbal,dynamic,none,12.6165,43.73,13.96,0.0940,0.2168,12.7048,-0.1630,2.824,HOLD,0.0000,0.0000,0.0000,-0.0207
13958,gimbal,dynamic,none,12.6617,43.73,13.96,0.0902,0.2168,12.7467,-0.1420,2.824,HOLD,0.0000,0.0000,0.0000,-0.0207
13958,gimbal,dynamic,none,12.7063,43.73,13.96,0.0865,0.2170,12.7883,-0.1212,2.824,HOLD,0.0000,0.0000,0.0000,-0.0207
13958,gimbal,dynamic,none,12.7509,43.73,13.96,0.0826,0.2168,12.8295,-0.1006,2.824,HOLD,0.0000,0.0000,0.0000,-0.0207
13958,gimbal,dynamic,none,12.7942,43.74,13.96,0.0796,0.2160,12.8704,-0.0802,2.824,HOLD,0.0000,0.0000,0.0000,-0.0207
13958,gimbal,dynamic,none,12.8362,43.74,13.96,0.0775,0.2145,12.9108,-0.0600,2.824,HOLD,0.0000,0.0000,0.0000,-0.0207
13958,gimbal,dynamic,none,12.8767,43.74,13.96,0.0767,0.2129,12.9509,-0.0400,2.824,HOLD,0.0000,0.0000,0.0000,-0.0207
13958,gimbal,dynamic,none,12.9164,43.75,13.96,0.0762,0.2112,12.9905,-0.0201,2.824,HOLD,0.0000,0.0000,0.0000,-0.0207
13958,gimbal,dynamic,none,12.9555,43.75,13.96,0.0759,0.2102,13.0297,-0.0005,2.824,HOLD,0.0000,0.0000,0.0000,-0.0207
13958,gimbal,dynamic,none,12.9949,43.75,13.96,0.0750,0.2098,13.0686,0.0189,2.824,HOLD,0.0000,0.0000,0.0000,-0.0207
13958,gimbal,dynamic,none,13.0339,43.75,13.96,0.0742,0.2098,13.1070,0.0381,2.824,HOLD,0.0000,0.0000,0.0000,-0.0207
13958,gimbal,dynamic,none,13.0720,43.75,13.96,0.0738,0.2102,13.1449,0.0571,2.824,HOLD,0.0000,0.0000,0.0000,-0.0207
13958,gimbal,dynamic,none,13.1095,43.74,13.96,0.0737,0.2106,13.1825,0.0759,2.824,HOLD,0.0000,0.0000,0.0000,-0.0207
13958,gimbal,dynamic,none,13.1457,43.74,13.96,0.0744,0.2108,13.2196,0.0944,2.824,HOLD,0.0000,0.0000,0.0000,-0.0207
13958,gimbal,dynamic,none,13.1803,43.74,13.96,0.0763,0.2107,13.2563,0.1128,2.824,HOLD,0.0000,0.0000,0.0000,-0.0207
13958,gimbal,dynamic,none,13.2151,43.74,13.96,0.0777,0.2102,13.2925,0.1309,2.824,HOLD,0.0000,0.0000,0.0000,-0.0207
13958,gimbal,dynamic,none,13.2493,43.74,13.96,0.0791,0.2095,13.3283,0.1488,2.824,HOLD,0.0000,0.0000,0.0000,-0.0207
13958,gimbal,dynamic,none,13.2830,43.74,13.96,0.0807,0.2078,13.3636,0.1664,2.824,HOLD,0.0000,0.0000,0.0000,-0.0207
13958,gimbal,dynamic,none,13.3161,43.74,13.96,0.0824,0.2050,13.3985,0.1839,2.824,HOLD,0.0000,0.0000,0.0000,-0.0207
13958,gimbal,dynamic,none,13.3488,43.74,13.96,0.0841,0.2017,13.4329,0.2011,2.824,HOLD,0.0000,0.0000,0.0000,-0.0207
13958,gimbal,dynamic,none,13.3811,43.74,13.96,0.0857,0.1987,13.4668,0.2180,2.824,HOLD,0.0000,0.0000,0.0000,-0.0207
13958,gimbal,dynamic,none,13.4123,43.74,13.96,0.0881,0.1962,13.5003,0.2348,2.824,HOLD,0.0000,0.0000,0.0000,-0.0207
13958,gimbal,dynamic,none,13.4427,43.74,13.96,0.0907,0.1941,13.5333,0.2513,2.824,HOLD,0.0000,0.0000,0.0000,-0.0207
13958,gimbal,dynamic,none,13.4723,43.73,13.96,0.0937,0.1924,13.5658,0.2675,2.824,HOLD,0.0000,0.0000,0.0000,-0.0207
13958,gimbal,dynamic,none,13.5018,43.73,13.96,0.0964,0.1913,13.5979,0.2836,2.824,HOLD,0.0000,0.0000,0.0000,-0.0207
13958,gimbal,dynamic,none,13.5322,43.73,13.96,0.0977,0.1908,13.6295,0.2993,2.824,HOLD,0.0000,0.0000,0.0000,-0.0207
13958,gimbal,dynamic,none,13.5631,43.72,13.96,0.0980,0.1905,13.6605,0.3149,2.824,HOLD,0.0000,0.0000,0.0000,-0.0207
13958,gimbal,dynamic,none,13.5943,43.72,13.96,0.0975,0.1907,13.6911,0.3302,2.824,HOLD,0.0000,0.0000,0.0000,-0.0207
13958,gimbal,dynamic,none,13.6254,43.72,13.96,0.0967,0.1917,13.7212,0.3452,2.824,HOLD,0.0000,0.0000,0.0000,-0.0207
13958,gimbal,dynamic,none,13.6567,43.71,13.96,0.0951,0.1939,13.7509,0.3600,2.824,HOLD,0.0000,0.0000,0.0000,-0.0207
13958,gimbal,dynamic,none,13.6877,43.71,13.96,0.0934,0.1967,13.7800,0.3746,2.824,HOLD,0.0000,0.0000,0.0000,-0.0207
13958,gimbal,dynamic,none,13.7184,43.71,13.96,0.0915,0.1996,13.8086,0.3889,2.824,HOLD,0.0000,0.0000,0.0000,-0.0207
13958,gimbal,dynamic,none,13.7486,43.71,13.96,0.0896,0.2020,13.8368,0.4030,2.824,HOLD,0.0000,0.0000,0.0000,-0.0207
13958,gimbal,dynamic,none,13.7790,43.72,13.96,0.0871,0.2039,13.8644,0.4168,2.824,HOLD,0.0000,0.0000,0.0000,-0.0207
13958,gimbal,dynamic,none,13.8092,43.72,13.96,0.0841,0.2052,13.8915,0.4304,2.824,HOLD,0.0000,0.0000,0.0000,-0.0207
13958,gimbal,dynamic,none,13.8392,43.73,13.96,0.0810,0.2056,13.9182,0.4437,2.824,HOLD,0.0000,0.0000,0.0000,-0.0207
13958,gimbal,dynamic,none,13.8681,43.74,13.96,0.0785,0.2053,13.9443,0.4568,2.824,HOLD,0.0000,0.0000,0.0000,-0.0207
13958,gimbal,dynamic,none,13.8960,43.74,13.96,0.0765,0.2039,13.9700,0.4696,2.824,HOLD,0.0000,0.0000,0.0000,-0.0207
13958,gimbal,dynamic,none,13.9229,43.75,13.96,0.0751,0.2020,13.9951,0.4822,2.824,HOLD,0.0000,0.0000,0.0000,-0.0207
13958,gimbal,dynamic,none,13.9496,43.75,13.96,0.0732,0.1999,14.0198,0.4945,2.824,HOLD,0.0000,0.0000,0.0000,-0.0207
13958,gimbal,dynamic,none,13.9758,43.76,13.96,0.0715,0.1977,14.0439,0.5066,2.824,HOLD,0.0000,0.0000,0.0000,-0.0207
13958,gimbal,dynamic,none,14.0014,43.76,13.96,0.0699,0.1954,14.0676,0.5184,2.824,HOLD,0.0000,0.0000,0.0000,-0.0207
13958,gimbal,dynamic,none,14.0256,42.09,13.96,0.0691,0.1936,14.0907,0.5294,2.824,HOLD,0.0000,0.0000,0.0000,-0.0207
13958,gimbal,dynamic,none,14.0483,40.08,13.96,0.0694,0.1919,14.1134,0.5393,2.824,HOLD,0.0000,0.0000,0.0000,-0.0207
13958,gimbal,dynamic,none,14.0697,37.88,13.96,0.0704,0.1904,14.1355,0.5480,2.824,HOLD,0.0000,0.0000,0.0000,-0.0207
13958,gimbal,dynamic,none,14.0906,35.48,13.96,0.0714,0.1887,14.1572,0.5555,2.824,HOLD,0.0000,0.0000,0.0000,-0.0207
13958,gimbal,dynamic,none,14.1116,32.88,13.96,0.0718,0.1867,14.1783,0.5618,2.824,HOLD,0.0000,0.0000,0.0000,-0.0207
13958,gimbal,dynamic,none,14.1331,30.05,13.96,0.0711,0.1846,14.1990,0.5669,2.824,HOLD,0.0000,0.0000,0.0000,-0.0207
13958,gimbal,dynamic,none,14.1552,27.01,13.96,0.0693,0.1828,14.2192,0.5708,2.824,HOLD,0.0000,0.0000,0.0000,-0.0207
13958,gimbal,dynamic,none,14.1772,23.75,13.96,0.0671,0.1806,14.2389,0.5735,2.824,HOLD,0.0000,0.0000,0.0000,-0.0207
13958,gimbal,dynamic,none,14.1981,20.27,13.96,0.0655,0.1788,14.2581,0.5749,2.824,HOLD,0.0000,0.0000,0.0000,-0.0207
13958,gimbal,dynamic,none,14.2186,16.59,13.96,0.0637,0.1773,14.2768,0.5751,2.824,HOLD,0.0000,0.0000,0.0000,-0.0207
13958,gimbal,dynamic,none,14.2390,12.74,13.96,0.0616,0.1757,14.2950,0.5741,2.824,HOLD,0.0000,0.0000,0.0000,-0.0207
13958,gimbal,dynamic,none,14.2586,8.74,13.96,0.0597,0.1741,14.3128,0.5719,2.824,HOLD,0.0000,0.0000,0.0000,-0.0207
13958,gimbal,dynamic,none,14.2777,4.64,13.96,0.0578,0.1721,14.3300,0.5685,2.824,HOLD,0.0000,0.0000,0.0000,-0.0207
13958,gimbal,dynamic,none,14.2963,0.48,13.96,0.0560,0.1699,14.3468,0.5639,2.824,HOLD,0.0000,0.0000,0.0000,-0.0207
13958,gimbal,dynamic,none,14.3138,-3.70,13.96,0.0547,0.1677,14.3632,0.5581,2.824,HOLD,0.0000,0.0000,0.0000,-0.0207
13958,gimbal,dynamic,none,14.3306,-7.83,13.96,0.0536,0.1657,14.3790,0.5512,2.824,HOLD,0.0000,0.0000,0.0000,-0.0207
13958,gimbal,dynamic,none,14.3465,-9.39,13.96,0.0529,0.1641,14.3944,0.5435,2.824,HOLD,0.0000,0.0000,0.0000,-0.0207
13958,gimbal,dynamic,none,14.3620,-9.39,13.96,0.0522,0.1627,14.4094,0.5360,2.824,HOLD,0.0000,0.0000,0.0000,-0.0207
13958,gimbal,dynamic,none,14.3767,-9.39,13.96,0.0518,0.1616,14.4238,0.5288,2.824,HOLD,0.0000,0.0000,0.0000,-0.0207
13958,gimbal,dynamic,none,14.3904,-9.39,13.96,0.0520,0.1608,14.4379,0.5218,2.824,HOLD,0.0000,0.0000,0.0000,-0.0207
13958,gimbal,dynamic,none,14.4035,-9.39,13.96,0.0523,0.1607,14.4515,0.5150,2.824,HOLD,0.0000,0.0000,0.0000,-0.0207
13958,gimbal,dynamic,none,14.4169,-9.39,13.96,0.0519,0.1613,14.4646,0.5084,2.824,HOLD,0.0000,0.0000,0.0000,-0.0207
13958,gimbal,dynamic,none,14.4303,-9.40,13.96,0.0510,0.1624,14.4773,0.5021,2.824,HOLD,0.0000,0.0000,0.0000,-0.0207
13958,gimbal,dynamic,none,14.4438,-9.40,13.96,0.0496,0.1639,14.4896,0.4959,2.824,HOLD,0.0000,0.0000,0.0000,-0.0207
13958,gimbal,dynamic,none,14.4575,-9.40,13.96,0.0476,0.1650,14.5014,0.4900,2.824,HOLD,0.0000,0.0000,0.0000,-0.0207
13958,gimbal,dynamic,none,14.4720,-9.40,13.96,0.0443,0.1659,14.5128,0.4843,2.824,HOLD,0.0000,0.0000,0.0000,-0.0207
13958,gimbal,dynamic,none,14.4865,-9.40,13.96,0.0407,0.1670,14.5239,0.4788,2.824,HOLD,0.0000,0.0000,0.0000,-0.0207
13958,gimbal,dynamic,none,14.5012,-9.40,13.96,0.0365,0.1677,14.5344,0.4735,2.824,HOLD,0.0000,0.0000,0.0000,-0.0207
13958,gimbal,dynamic,none,14.5155,-9.40,13.96,0.0322,0.1682,14.5446,0.4684,2.824,HOLD,0.0000,0.0000,0.0000,-0.0207
13958,gimbal,dynamic,none,14.5300,-9.40,13.96,0.0274,0.1691,14.5544,0.4635,2.824,HOLD,0.0000,0.0000,0.0000,-0.0207
13958,gimbal,dynamic,none,14.5434,-9.40,13.96,0.0233,0.1698,14.5638,0.4588,2.824,HOLD,0.0000,0.0000,0.0000,-0.0207
13958,gimbal,dynamic,none,14.5562,-9.39,13.96,0.0194,0.1703,14.5728,0.4543,2.824,HOLD,0.0000,0.0000,0.0000,-0.0207
13958,gimbal,dynamic,none,14.5671,-9.39,13.96,0.0170,0.1709,14.5814,0.4500,2.824,HOLD,0.0000,0.0000,0.0000,-0.0207
13958,gimbal,dynamic,none,14.5770,-9.39,13.96,0.0153,0.1720,14.5897,0.4459,2.824,HOLD,0.0000,0.0000,0.0000,-0.0207
13958,gimbal,dynamic,none,14.5857,-9.38,13.96,0.0144,0.1732,14.5976,0.4419,2.824,HOLD,0.0000,0.0000,0.0000,-0.0207
13958,gimbal,dynamic,none,14.5931,-9.38,13.96,0.0144,0.1745,14.6051,0.4382,2.824,HOLD,0.0000,0.0000,0.0000,-0.0207
13958,gimbal,dynamic,none,14.5995,-9.38,13.96,0.0151,0.1751,14.6123,0.4346,2.824,HOLD,0.0000,0.0000,0.0000,-0.0207
13958,gimbal,dynamic,none,14.6049,-9.38,13.96,0.0164,0.1749,14.6191,0.4312,2.824,HOLD,0.0000,0.0000,0.0000,-0.0207
13958,gimbal,dynamic,none,14.6096,-9.38,13.96,0.0181,0.1746,14.6256,0.4279,2.824,HOLD,0.0000,0.0000,0.0000,-0.0207
13958,gimbal,dynamic,none,14.6140,-9.38,13.96,0.0199,0.1743,14.6317,0.4248,2.824,HOLD,0.0000,0.0000,0.0000,-0.0207
13958,gimbal,dynamic,none,14.6176,-9.38,13.96,0.0221,0.1745,14.6375,0.4219,2.824,HOLD,0.0000,0.0000,0.0000,-0.0207
13958,gimbal,dynamic,none,14.6196,-9.38,13.96,0.0255,0.1753,14.6431,0.4192,2.824,HOLD,0.0000,0.0000,0.0000,-0.0207
13958,gimbal,dynamic,none,14.6207,-9.38,13.96,0.0295,0.1762,14.6483,0.4166,2.824,HOLD,0.0000,0.0000,0.0000,-0.0207
13958,gimbal,dynamic,none,14.6214,-9.39,13.96,0.0336,0.1774,14.6532,0.4141,2.824,HOLD,0.0000,0.0000,0.0000,-0.0207
13958,gimbal,dynamic,none,14.6218,-9.39,13.96,0.0378,0.1789,14.6578,0.4118,2.824,HOLD,0.0000,0.0000,0.0000,-0.0207
13958,gimbal,dynamic,none,14.6220,-9.40,13.96,0.0419,0.1810,14.6621,0.4097,2.824,HOLD,0.0000,0.0000,0.0000,-0.0207
13958,gimbal,dynamic,none,14.6227,-9.40,13.96,0.0451,0.1828,14.6661,0.4076,2.824,HOLD,0.0000,0.0000,0.0000,-0.0207
13958,gimbal,dynamic,none,14.6243,-9.40,13.96,0.0473,0.1841,14.6699,0.4058,2.824,HOLD,0.0000,0.0000,0.0000,-0.0207
13958,gimbal,dynamic,none,14.6259,-9.41,13.96,0.0492,0.1850,14.6734,0.4040,2.824,HOLD,0.0000,0.0000,0.0000,-0.0207
13958,gimbal,dynamic,none,14.6269,-9.41,13.96,0.0514,0.1858,14.6767,0.4024,2.824,HOLD,0.0000,0.0000,0.0000,-0.0207
13958,gimbal,dynamic,none,14.6280,-9.41,13.96,0.0533,0.1858,14.6797,0.4009,2.824,HOLD,0.0000,0.0000,0.0000,-0.0207
13958,gimbal,dynamic,none,14.6281,-9.41,13.96,0.0559,0.1854,14.6825,0.3995,2.824,HOLD,0.0000,0.0000,0.0000,-0.0207
13958,gimbal,dynamic,none,14.6279,-9.41,13.96,0.0587,0.1849,14.6850,0.3982,2.824,HOLD,0.0000,0.0000,0.0000,-0.0207
13958,gimbal,dynamic,none,14.6285,-9.40,13.96,0.0605,0.1847,14.6874,0.3970,2.824,HOLD,0.0000,0.0000,0.0000,-0.0207
13958,gimbal,dynamic,none,14.6298,-9.40,13.96,0.0613,0.1845,14.6895,0.3959,2.824,HOLD,0.0000,0.0000,0.0000,-0.0207
13958,gimbal,dynamic,none,14.6320,-9.40,13.96,0.0610,0.1845,14.6915,0.3950,2.824,HOLD,0.0000,0.0000,0.0000,-0.0207
13958,gimbal,dynamic,none,14.6351,-9.39,13.96,0.0596,0.1844,14.6932,0.3941,2.824,HOLD,0.0000,0.0000,0.0000,-0.0207
13958,gimbal,dynamic,none,14.6388,-9.39,13.96,0.0575,0.1843,14.6948,0.3933,2.824,HOLD,0.0000,0.0000,0.0000,-0.0207
13958,gimbal,dynamic,none,14.6420,-9.39,13.96,0.0557,0.1838,14.6962,0.3926,2.824,HOLD,0.0000,0.0000,0.0000,-0.0207
13958,gimbal,dynamic,none,14.6448,-9.39,13.96,0.0541,0.1829,14.6974,0.3920,2.824,HOLD,0.0000,0.0000,0.0000,-0.0207
13958,gimbal,dynamic,none,14.6471,-9.39,13.96,0.0530,0.1816,14.6985,0.3914,2.824,HOLD,0.0000,0.0000,0.0000,-0.0207
13958,gimbal,dynamic,none,14.6490,-9.39,13.96,0.0520,0.1796,14.6995,0.3910,2.824,HOLD,0.0000,0.0000,0.0000,-0.0207
13958,gimbal,dynamic,none,14.6507,-9.38,13.96,0.0511,0.1773,14.7003,0.3906,2.824,HOLD,0.0000,0.0000,0.0000,-0.0207
13958,gimbal,dynamic,none,14.6528,-9.38,13.96,0.0498,0.1745,14.7010,0.3902,2.824,HOLD,0.0000,0.0000,0.0000,-0.0207
13958,gimbal,dynamic,none,14.6558,-9.38,13.96,0.0474,0.1715,14.7016,0.3899,2.824,HOLD,0.0000,0.0000,0.0000,-0.0207
13958,gimbal,dynamic,none,14.6594,-9.38,13.96,0.0444,0.1685,14.7021,0.3897,2.824,HOLD,0.0000,0.0000,0.0000,-0.0207
13958,gimbal,dynamic,none,14.6626,-9.38,13.96,0.0416,0.1661,14.7025,0.3895,2.824,HOLD,0.0000,0.0000,0.0000,-0.0207
13958,gimbal,dynamic,none,14.6653,-9.37,13.96,0.0392,0.1640,14.7028,0.3893,2.824,HOLD,0.0000,0.0000,0.0000,-0.0207
13958,gimbal,dynamic,none,14.6670,-9.38,13.96,0.0377,0.1628,14.7030,0.3892,2.824,HOLD,0.0000,0.0000,0.0000,-0.0207
13958,gimbal,dynamic,none,14.6683,-9.38,13.96,0.0367,0.1619,14.7032,0.3891,2.824,HOLD,0.0000,0.0000,0.0000,-0.0207
13958,gimbal,dynamic,none,14.6692,-9.38,13.96,0.0359,0.1614,14.7033,0.3891,2.824,HOLD,0.0000,0.0000,0.0000,-0.0207
13958,gimbal,dynamic,none,14.6694,-9.39,13.96,0.0358,0.1609,14.7034,0.3890,2.824,HOLD,0.0000,0.0000,0.0000,-0.0207
13958,gimbal,dynamic,none,14.6689,-9.39,13.96,0.0362,0.1607,14.7034,0.3890,2.824,HOLD,0.0000,0.0000,0.0000,-0.0207
13958,gimbal,dynamic,none,14.6682,-9.40,13.96,0.0370,0.1605,14.7034,0.3890,2.824,HOLD,0.0000,0.0000,0.0000,-0.0207
13958,gimbal,dynamic,none,14.6674,-9.40,13.96,0.0378,0.1607,14.7034,0.3890,2.824,HOLD,0.0000,0.0000,0.0000,-0.0207
13958,gimbal,dynamic,none,14.6667,-9.40,13.96,0.0384,0.1613,14.7034,0.3890,2.824,HOLD,0.0000,0.0000,0.0000,-0.0207
13958,gimbal,dynamic,none,14.6664,-9.40,13.96,0.0388,0.1621,14.7034,0.3890,2.824,HOLD,0.0000,0.0000,0.0000,-0.0207
13958,gimbal,dynamic,none,14.6672,-9.40,13.96,0.0380,0.1627,14.7034,0.3890,2.824,HOLD,0.0000,0.0000,0.0000,-0.0207
13958,gimbal,dynamic,none,14.6691,-9.40,13.96,0.0362,0.1633,14.7035,0.3890,2.824,HOLD,0.0000,0.0000,0.0000,-0.0207
13958,gimbal,dynamic,none,14.6711,-9.39,13.96,0.0343,0.1637,14.7036,0.3889,2.824,HOLD,0.0000,0.0000,0.0000,-0.0207
13958,gimbal,dynamic,none,14.6724,-9.39,13.96,0.0331,0.1638,14.7037,0.3889,2.824,HOLD,0.0000,0.0000,0.0000,-0.0207
13958,gimbal,dynamic,none,14.6738,-9.39,13.96,0.0318,0.1636,14.7039,0.3888,2.824,HOLD,0.0000,0.0000,0.0000,-0.0207
13958,gimbal,dynamic,none,14.6756,-9.39,13.96,0.0303,0.1633,14.7042,0.3886,2.824,HOLD,0.0000,0.0000,0.0000,-0.0207
13958,gimbal,dynamic,none,14.6779,-9.39,13.96,0.0284,0.1625,14.7045,0.3885,2.824,HOLD,0.0000,0.0000,0.0000,-0.0207
13958,gimbal,dynamic,none,14.6794,-9.39,13.96,0.0272,0.1615,14.7049,0.3883,2.824,HOLD,0.0000,0.0000,0.0000,-0.0207
13958,gimbal,dynamic,none,14.6804,-9.39,13.96,0.0268,0.1603,14.7054,0.3880,2.824,HOLD,0.0000,0.0000,0.0000,-0.0207
13958,gimbal,dynamic,none,14.6809,-9.39,13.96,0.0269,0.1591,14.7061,0.3877,2.824,HOLD,0.0000,0.0000,0.0000,-0.0207
13958,gimbal,dynamic,none,14.6811,-9.39,13.96,0.0274,0.1581,14.7068,0.3873,2.824,HOLD,0.0000,0.0000,0.0000,-0.0207
13958,gimbal,dynamic,none,14.6818,-9.39,13.96,0.0277,0.1582,14.7077,0.3869,2.824,HOLD,0.0000,0.0000,0.0000,-0.0207
13958,gimbal,dynamic,none,14.6828,-9.39,13.96,0.0276,0.1589,14.7087,0.3864,2.824,HOLD,0.0000,0.0000,0.0000,-0.0207
13958,gimbal,dynamic,none,14.6842,26.54,13.96,0.0273,0.1603,14.7098,0.3863,2.824,HOLD,0.0000,0.0000,0.0000,-0.0207
13958,gimbal,dynamic,none,14.6857,43.74,13.96,0.0271,0.1621,14.7111,0.3869,2.824,HOLD,0.0000,0.0000,0.0000,-0.0207
13958,gimbal,dynamic,none,14.6873,43.73,13.96,0.0269,0.1639,14.7125,0.3876,2.824,HOLD,0.0000,0.0000,0.0000,-0.0207
13958,gimbal,dynamic,none,14.6889,43.73,13.96,0.0270,0.1655,14.7142,0.3885,2.824,HOLD,0.0000,0.0000,0.0000,-0.0207
13958,gimbal,dynamic,none,14.6908,43.73,13.96,0.0269,0.1665,14.7160,0.3894,2.824,HOLD,0.0000,0.0000,0.0000,-0.0207
13958,gimbal,dynamic,none,14.6926,43.74,13.96,0.0271,0.1682,14.7180,0.3904,2.824,HOLD,0.0000,0.0000,0.0000,-0.0207
13958,gimbal,dynamic,none,14.6944,43.74,13.96,0.0275,0.1699,14.7202,0.3915,2.824,HOLD,0.0000,0.0000,0.0000,-0.0207
13958,gimbal,dynamic,none,14.6962,43.74,13.96,0.0281,0.1717,14.7226,0.3927,2.824,HOLD,0.0000,0.0000,0.0000,-0.0207
13958,gimbal,dynamic,none,14.6976,43.74,13.96,0.0293,0.1731,14.7253,0.3940,2.824,HOLD,0.0000,0.0000,0.0000,-0.0207
13958,gimbal,dynamic,none,14.6989,43.74,13.96,0.0309,0.1742,14.7281,0.3954,2.824,HOLD,0.0000,0.0000,0.0000,-0.0207
13958,gimbal,dynamic,none,14.7006,43.74,13.96,0.0323,0.1753,14.7312,0.3970,2.824,HOLD,0.0000,0.0000,0.0000,-0.0207
13958,gimbal,dynamic,none,14.7027,43.74,13.96,0.0335,0.1768,14.7346,0.3987,2.824,HOLD,0.0000,0.0000,0.0000,-0.0207
13958,gimbal,dynamic,none,14.7049,43.74,13.96,0.0350,0.1783,14.7382,0.4005,2.824,HOLD,0.0000,0.0000,0.0000,-0.0207
13958,gimbal,dynamic,none,14.7075,43.74,13.96,0.0363,0.1794,14.7420,0.4024,2.824,HOLD,0.0000,0.0000,0.0000,-0.0207
13958,gimbal,dynamic,none,14.7108,43.74,13.96,0.0371,0.1800,14.7462,0.4045,2.824,HOLD,0.0000,0.0000,0.0000,-0.0207
13958,gimbal,dynamic,none,14.7148,43.74,13.96,0.0375,0.1804,14.7506,0.4067,2.824,HOLD,0.0000,0.0000,0.0000,-0.0207
13958,gimbal,dynamic,none,14.7189,43.74,13.96,0.0381,0.1811,14.7553,0.4090,2.824,HOLD,0.0000,0.0000,0.0000,-0.0207
13958,gimbal,dynamic,none,14.7230,43.74,13.96,0.0391,0.1817,14.7603,0.4115,2.824,HOLD,0.0000,0.0000,0.0000,-0.0207
13958,gimbal,dynamic,none,14.7271,43.74,13.96,0.0403,0.1824,14.7656,0.4142,2.824,HOLD,0.0000,0.0000,0.0000,-0.0207
13958,gimbal,dynamic,none,14.7313,43.74,13.96,0.0418,0.1832,14.7712,0.4170,2.824,HOLD,0.0000,0.0000,0.0000,-0.0207
13958,gimbal,dynamic,none,14.7360,43.74,13.96,0.0430,0.1835,14.7771,0.4199,2.824,HOLD,0.0000,0.0000,0.0000,-0.0207
13958,gimbal,dynamic,none,14.7409,43.74,13.96,0.0445,0.1833,14.7834,0.4231,2.824,HOLD,0.0000,0.0000,0.0000,-0.0207
13958,gimbal,dynamic,none,14.7459,43.74,13.96,0.0461,0.1829,14.7900,0.4264,2.824,HOLD,0.0000,0.0000,0.0000,-0.0207
13958,gimbal,dynamic,none,14.7509,43.74,13.96,0.0481,0.1824,14.7969,0.4298,2.824,HOLD,0.0000,0.0000,0.0000,-0.0207
13958,gimbal,dynamic,none,14.7564,43.74,13.96,0.0500,0.1818,14.8042,0.4335,2.824,HOLD,0.0000,0.0000,0.0000,-0.0207
13958,gimbal,dynamic,none,14.7626,43.74,13.96,0.0515,0.1808,14.8119,0.4373,2.824,HOLD,0.0000,0.0000,0.0000,-0.0207
13958,gimbal,dynamic,none,14.7696,43.74,13.96,0.0526,0.1802,14.8199,0.4413,2.824,HOLD,0.0000,0.0000,0.0000,-0.0207
13958,gimbal,dynamic,none,14.7773,43.74,13.96,0.0533,0.1799,14.8283,0.4455,2.824,HOLD,0.0000,0.0000,0.0000,-0.0207
13958,gimbal,dynamic,none,14.7857,43.74,13.96,0.0538,0.1800,14.8370,0.4499,2.824,HOLD,0.0000,0.0000,0.0000,-0.0207
13958,gimbal,dynamic,none,14.7940,43.74,13.96,0.0547,0.1802,14.8461,0.4544,2.824,HOLD,0.0000,0.0000,0.0000,-0.0207
13958,gimbal,dynamic,none,14.8023,43.74,13.96,0.0560,0.1801,14.8557,0.4592,2.824,HOLD,0.0000,0.0000,0.0000,-0.0207
13958,gimbal,dynamic,none,14.8106,43.74,13.96,0.0577,0.1797,14.8656,0.4642,2.824,HOLD,0.0000,0.0000,0.0000,-0.0207
13958,gimbal,dynamic,none,14.8191,43.74,13.96,0.0597,0.1795,14.8759,0.4693,2.824,HOLD,0.0000,0.0000,0.0000,-0.0207
13958,gimbal,dynamic,none,14.8272,43.74,13.96,0.0624,0.1797,14.8866,0.4747,2.824,HOLD,0.0000,0.0000,0.0000,-0.0207
13958,gimbal,dynamic,none,14.8360,43.74,13.96,0.0648,0.1800,14.8978,0.4803,2.824,HOLD,0.0000,0.0000,0.0000,-0.0207
13958,gimbal,dynamic,none,14.8458,43.74,13.96,0.0667,0.1797,14.9094,0.4860,2.824,HOLD,0.0000,0.0000,0.0000,-0.0207
13958,gimbal,dynamic,none,14.8569,43.74,13.96,0.0678,0.1789,14.9213,0.4920,2.824,HOLD,0.0000,0.0000,0.0000,-0.0207
13958,gimbal,dynamic,none,14.8691,43.74,13.96,0.0681,0.1773,14.9338,0.4982,2.824,HOLD,0.0000,0.0000,0.0000,-0.0207
13958,gimbal,dynamic,none,14.8826,43.74,13.96,0.0676,0.1755,14.9466,0.5047,2.824,HOLD,0.0000,0.0000,0.0000,-0.0207
13958,gimbal,dynamic,none,14.8972,43.74,13.96,0.0666,0.1736,14.9599,0.5113,2.824,HOLD,0.0000,0.0000,0.0000,-0.0207
13958,gimbal,dynamic,none,14.9133,43.74,13.96,0.0643,0.1721,14.9736,0.5182,2.824,HOLD,0.0000,0.0000,0.0000,-0.0207
13958,gimbal,dynamic,none,14.9309,43.74,13.96,0.0611,0.1712,14.9878,0.5253,2.824,HOLD,0.0000,0.0000,0.0000,-0.0207
13958,gimbal,dynamic,none,14.9501,43.73,13.96,0.0568,0.1709,15.0025,0.5326,2.824,HOLD,0.0000,0.0000,0.0000,-0.0207
13958,gimbal,dynamic,none,14.9699,43.73,13.96,0.0522,0.1708,15.0176,0.5401,2.824,HOLD,0.0000,0.0000,0.0000,-0.0207
13958,gimbal,dynamic,none,14.9891,43.73,13.96,0.0488,0.1710,15.0331,0.5479,2.824,HOLD,0.0000,0.0000,0.0000,-0.0207
13958,gimbal,dynamic,none,15.0078,43.73,13.96,0.0463,0.1713,15.0491,0.5559,2.824,HOLD,0.0000,0.0000,0.0000,-0.0207
13958,gimbal,dynamic,none,15.0262,43.73,13.96,0.0445,0.1717,15.0656,0.5642,2.824,HOLD,0.0000,0.0000,0.0000,-0.0207
13958,gimbal,dynamic,none,15.0443,42.55,13.96,0.0437,0.1717,15.0826,0.5724,2.824,HOLD,0.0000,0.0000,0.0000,-0.0207
13958,gimbal,dynamic,none,15.0614,40.75,13.96,0.0441,0.1717,15.1000,0.5803,2.824,HOLD,0.0000,0.0000,0.0000,-0.0207
13958,gimbal,dynamic,none,15.0778,38.96,13.96,0.0458,0.1717,15.1179,0.5876,2.824,HOLD,0.0000,0.0000,0.0000,-0.0207
13958,gimbal,dynamic,none,15.0937,37.19,13.96,0.0485,0.1715,15.1363,0.5946,2.824,HOLD,0.0000,0.0000,0.0000,-0.0207
13958,gimbal,dynamic,none,15.1091,35.44,13.96,0.0522,0.1715,15.1552,0.6010,2.824,HOLD,0.0000,0.0000,0.0000,-0.0207
13958,gimbal,dynamic,none,15.1244,33.71,13.96,0.0565,0.1714,15.1746,0.6070,2.824,HOLD,0.0000,0.0000,0.0000,-0.0207
13958,gimbal,dynamic,none,15.1400,32.02,13.96,0.0609,0.1710,15.1944,0.6124,2.824,HOLD,0.0000,0.0000,0.0000,-0.0207
13958,gimbal,dynamic,none,15.1567,30.37,13.96,0.0647,0.1708,15.2148,0.6174,2.824,HOLD,0.0000,0.0000,0.0000,-0.0207
13958,gimbal,dynamic,none,15.1742,28.76,13.96,0.0681,0.1711,15.2356,0.6219,2.824,HOLD,0.0000,0.0000,0.0000,-0.0207
13958,gimbal,dynamic,none,15.1927,27.19,13.96,0.0710,0.1716,15.2569,0.6258,2.824,HOLD,0.0000,0.0000,0.0000,-0.0207
13958,gimbal,dynamic,none,15.2120,25.67,13.96,0.0736,0.1724,15.2787,0.6293,2.824,HOLD,0.0000,0.0000,0.0000,-0.0207
13958,gimbal,dynamic,none,15.2324,24.21,13.96,0.0756,0.1732,15.3011,0.6322,2.824,HOLD,0.0000,0.0000,0.0000,-0.0207
13958,gimbal,dynamic,none,15.2535,22.80,13.96,0.0773,0.1741,15.3239,0.6346,2.824,HOLD,0.0000,0.0000,0.0000,-0.0207
13958,gimbal,dynamic,none,15.2755,21.44,13.96,0.0787,0.1747,15.3472,0.6366,2.824,HOLD,0.0000,0.0000,0.0000,-0.0207
13958,gimbal,dynamic,none,15.2979,20.16,13.96,0.0801,0.1745,15.3710,0.6380,2.824,HOLD,0.0000,0.0000,0.0000,-0.0207
13958,gimbal,dynamic,none,15.3209,18.93,13.96,0.0814,0.1740,15.3953,0.6389,2.824,HOLD,0.0000,0.0000,0.0000,-0.0207
13958,gimbal,dynamic,none,15.3442,17.77,13.96,0.0830,0.1734,15.4201,0.6393,2.824,HOLD,0.0000,0.0000,0.0000,-0.0207
13958,gimbal,dynamic,none,15.3677,16.66,13.96,0.0848,0.1728,15.4455,0.6393,2.824,HOLD,0.0000,0.0000,0.0000,-0.0207
13958,gimbal,dynamic,none,15.3915,15.62,13.96,0.0869,0.1721,15.4713,0.6387,2.824,HOLD,0.0000,0.0000,0.0000,-0.0207
13958,gimbal,dynamic,none,15.4160,14.64,13.96,0.0886,0.1716,15.4976,0.6377,2.824,HOLD,0.0000,0.0000,0.0000,-0.0207
13958,gimbal,dynamic,none,15.4413,13.73,13.96,0.0901,0.1707,15.5244,0.6363,2.824,HOLD,0.0000,0.0000,0.0000,-0.0207
13958,gimbal,dynamic,none,15.4679,12.87,13.96,0.0908,0.1697,15.5517,0.6343,2.824,HOLD,0.0000,0.0000,0.0000,-0.0207
13958,gimbal,dynamic,none,15.4958,12.07,13.96,0.0907,0.1686,15.5795,0.6320,2.824,HOLD,0.0000,0.0000,0.0000,-0.0207
13958,gimbal,dynamic,none,15.5249,11.32,13.96,0.0897,0.1677,15.6078,0.6292,2.824,HOLD,0.0000,0.0000,0.0000,-0.0207
13958,gimbal,dynamic,none,15.5551,10.64,13.96,0.0883,0.1669,15.6366,0.6260,2.824,HOLD,0.0000,0.0000,0.0000,-0.0207
13958,gimbal,dynamic,none,15.5856,10.01,13.96,0.0870,0.1662,15.6659,0.6224,2.824,HOLD,0.0000,0.0000,0.0000,-0.0207
13958,gimbal,dynamic,none,15.6167,9.43,13.96,0.0856,0.1649,15.6957,0.6185,2.824,HOLD,0.0000,0.0000,0.0000,-0.0207
13958,gimbal,dynamic,none,15.6486,8.91,13.96,0.0839,0.1637,15.7260,0.6142,2.824,HOLD,0.0000,0.0000,0.0000,-0.0207
13958,gimbal,dynamic,none,15.6812,8.43,13.96,0.0819,0.1631,15.7567,0.6095,2.824,HOLD,0.0000,0.0000,0.0000,-0.0207
13958,gimbal,dynamic,none,15.7144,8.01,13.96,0.0798,0.1631,15.7880,0.6046,2.824,HOLD,0.0000,0.0000,0.0000,-0.0207
13958,gimbal,dynamic,none,15.7488,7.64,13.96,0.0770,0.1638,15.8197,0.5993,2.824,HOLD,0.0000,0.0000,0.0000,-0.0207
13958,gimbal,dynamic,none,15.7839,7.31,13.96,0.0738,0.1649,15.8519,0.5938,2.824,HOLD,0.0000,0.0000,0.0000,-0.0207
13958,gimbal,dynamic,none,15.8201,7.04,13.96,0.0701,0.1661,15.8846,0.5880,2.824,HOLD,0.0000,0.0000,0.0000,-0.0207
13958,gimbal,dynamic,none,15.8567,6.80,13.96,0.0665,0.1674,15.9178,0.5820,2.824,HOLD,0.0000,0.0000,0.0000,-0.0207
13958,gimbal,dynamic,none,15.8930,6.61,13.96,0.0636,0.1681,15.9514,0.5757,2.824,HOLD,0.0000,0.0000,0.0000,-0.0207
13958,gimbal,dynamic,none,15.9295,6.46,13.96,0.0610,0.1687,15.9855,0.5693,2.824,HOLD,0.0000,0.0000,0.0000,-0.0207
13958,gimbal,dynamic,none,15.9655,6.36,13.96,0.0594,0.1695,16.0201,0.5627,2.824,HOLD,0.0000,0.0000,0.0000,-0.0207
13958,gimbal,dynamic,none,16.0017,6.29,13.96,0.0580,0.1703,16.0551,0.5560,2.824,HOLD,0.0000,0.0000,0.0000,-0.0207
13958,gimbal,dynamic,none,16.0382,6.27,13.96,0.0568,0.1712,16.0906,0.5492,2.824,HOLD,0.0000,0.0000,0.0000,-0.0207
13958,gimbal,dynamic,none,16.0748,6.28,13.96,0.0559,0.1718,16.1265,0.5423,2.824,HOLD,0.0000,0.0000,0.0000,-0.0207
13958,gimbal,dynamic,none,16.1116,6.33,13.96,0.0554,0.1718,16.1629,0.5353,2.824,HOLD,0.0000,0.0000,0.0000,-0.0207
13958,gimbal,dynamic,none,16.1482,6.42,13.96,0.0554,0.1716,16.1997,0.5283,2.824,HOLD,0.0000,0.0000,0.0000,-0.0207
13958,gimbal,dynamic,none,16.1853,6.54,13.96,0.0555,0.1714,16.2370,0.5212,2.824,HOLD,0.0000,0.0000,0.0000,-0.0207
13958,gimbal,dynamic,none,16.2227,6.69,13.96,0.0556,0.1712,16.2747,0.5142,2.824,HOLD,0.0000,0.0000,0.0000,-0.0207
13958,gimbal,dynamic,none,16.2612,6.87,13.96,0.0551,0.1708,16.3128,0.5072,2.824,HOLD,0.0000,0.0000,0.0000,-0.0207
13958,gimbal,dynamic,none,16.3004,7.09,13.96,0.0543,0.1703,16.3513,0.5003,2.824,HOLD,0.0000,0.0000,0.0000,-0.0207
13958,gimbal,dynamic,none,16.3399,7.33,13.96,0.0536,0.1696,16.3903,0.4935,2.824,HOLD,0.0000,0.0000,0.0000,-0.0207
13958,gimbal,dynamic,none,16.3793,7.61,13.96,0.0534,0.1694,16.4297,0.4868,2.824,HOLD,0.0000,0.0000,0.0000,-0.0207
13958,gimbal,dynamic,none,16.4189,7.91,13.96,0.0535,0.1696,16.4694,0.4802,2.824,HOLD,0.0000,0.0000,0.0000,-0.0207
13958,gimbal,dynamic,none,16.4586,8.24,13.96,0.0539,0.1699,16.5096,0.4738,2.824,HOLD,0.0000,0.0000,0.0000,-0.0207
13958,gimbal,dynamic,none,16.4988,8.59,13.96,0.0540,0.1701,16.5502,0.4676,2.824,HOLD,0.0000,0.0000,0.0000,-0.0207
13958,gimbal,dynamic,none,16.5399,8.97,13.96,0.0539,0.1699,16.5912,0.4616,2.824,HOLD,0.0000,0.0000,0.0000,-0.0207
13958,gimbal,dynamic,none,16.5813,9.38,13.96,0.0537,0.1692,16.6325,0.4559,2.824,HOLD,0.0000,0.0000,0.0000,-0.0207
13958,gimbal,dynamic,none,16.6228,9.81,13.96,0.0538,0.1679,16.6742,0.4504,2.824,HOLD,0.0000,0.0000,0.0000,-0.0207
13958,gimbal,dynamic,none,16.6649,10.27,13.96,0.0538,0.1656,16.7163,0.4452,2.824,HOLD,0.0000,0.0000,0.0000,-0.0207
13958,gimbal,dynamic,none,16.7076,10.74,13.96,0.0535,0.1628,16.7588,0.4403,2.824,HOLD,0.0000,0.0000,0.0000,-0.0207
13958,gimbal,dynamic,none,16.7513,11.24,13.96,0.0526,0.1595,16.8016,0.4357,2.824,HOLD,0.0000,0.0000,0.0000,-0.0207
13958,gimbal,dynamic,none,16.7955,11.76,13.96,0.0515,0.1565,16.8447,0.4315,2.824,HOLD,0.0000,0.0000,0.0000,-0.0207
13958,gimbal,dynamic,none,16.8400,12.29,13.96,0.0504,0.1538,16.8882,0.4276,2.824,HOLD,0.0000,0.0000,0.0000,-0.0207
13958,gimbal,dynamic,none,16.8847,12.84,13.96,0.0495,0.1516,16.9320,0.4241,2.824,HOLD,0.0000,0.0000,0.0000,-0.0207
13958,gimbal,dynamic,none,16.9294,13.40,13.96,0.0489,0.1493,16.9762,0.4211,2.824,HOLD,0.0000,0.0000,0.0000,-0.0207
13958,gimbal,dynamic,none,16.9739,13.98,13.96,0.0490,0.1472,17.0207,0.4184,2.824,HOLD,0.0000,0.0000,0.0000,-0.0207
13958,gimbal,dynamic,none,17.0183,14.57,13.96,0.0493,0.1449,17.0654,0.4162,2.824,HOLD,0.0000,0.0000,0.0000,-0.0207
13958,gimbal,dynamic,none,17.0631,15.17,13.96,0.0496,0.1431,17.1105,0.4145,2.824,HOLD,0.0000,0.0000,0.0000,-0.0207
13958,gimbal,dynamic,none,17.1085,15.79,13.96,0.0495,0.1417,17.1559,0.4132,2.824,HOLD,0.0000,0.0000,0.0000,-0.0207
13958,gimbal,dynamic,none,17.1541,16.41,13.96,0.0496,0.1404,17.2015,0.4125,2.824,HOLD,0.0000,0.0000,0.0000,-0.0207
13958,gimbal,dynamic,none,17.1994,17.04,13.96,0.0502,0.1395,17.2475,0.4122,2.824,HOLD,0.0000,0.0000,0.0000,-0.0207
13958,gimbal,dynamic,none,17.2449,17.67,13.96,0.0510,0.1384,17.2937,0.4124,2.824,HOLD,0.0000,0.0000,0.0000,-0.0207
13958,gimbal,dynamic,none,17.2907,18.31,13.96,0.0517,0.1372,17.3401,0.4132,2.824,HOLD,0.0000,0.0000,0.0000,-0.0207
13958,gimbal,dynamic,none,17.3363,18.96,13.96,0.0528,0.1358,17.3869,0.4144,2.824,HOLD,0.0000,0.0000,0.0000,-0.0207
13958,gimbal,dynamic,none,17.3816,19.61,13.96,0.0545,0.1342,17.4338,0.4162,2.824,HOLD,0.0000,0.0000,0.0000,-0.0207
13958,gimbal,dynamic,none,17.4277,20.25,13.96,0.0557,0.1327,17.4810,0.4186,2.824,HOLD,0.0000,0.0000,0.0000,-0.0207
13958,gimbal,dynamic,none,17.4743,20.90,13.96,0.0565,0.1313,17.5284,0.4215,2.824,HOLD,0.0000,0.0000,0.0000,-0.0207
13958,gimbal,dynamic,none,17.5217,21.55,13.96,0.0568,0.1306,17.5761,0.4250,2.824,HOLD,0.0000,0.0000,0.0000,-0.0207
13958,gimbal,dynamic,none,17.5699,22.20,13.96,0.0565,0.1303,17.6239,0.4290,2.824,HOLD,0.0000,0.0000,0.0000,-0.0207
13958,gimbal,dynamic,none,17.6187,22.84,13.96,0.0559,0.1302,17.6720,0.4336,2.824,HOLD,0.0000,0.0000,0.0000,-0.0207
13958,gimbal,dynamic,none,17.6681,23.48,13.96,0.0548,0.1301,17.7202,0.4388,2.824,HOLD,0.0000,0.0000,0.0000,-0.0207
13958,gimbal,dynamic,none,17.7180,24.11,13.96,0.0534,0.1302,17.7686,0.4445,2.824,HOLD,0.0000,0.0000,0.0000,-0.0207
13958,gimbal,dynamic,none,17.7688,24.74,13.96,0.0513,0.1309,17.8172,0.4507,2.824,HOLD,0.0000,0.0000,0.0000,-0.0207
13958,gimbal,dynamic,none,17.8198,25.36,13.96,0.0491,0.1319,17.8659,0.4576,2.824,HOLD,0.0000,0.0000,0.0000,-0.0207
13958,gimbal,dynamic,none,17.8708,25.97,13.96,0.0471,0.1329,17.9148,0.4650,2.824,HOLD,0.0000,0.0000,0.0000,-0.0207
13958,gimbal,dynamic,none,17.9208,26.58,13.96,0.0463,0.1336,17.9639,0.4729,2.824,HOLD,0.0000,0.0000,0.0000,-0.0207
13958,gimbal,dynamic,none,17.9703,27.17,13.96,0.0461,0.1337,18.0130,0.4814,2.824,HOLD,0.0000,0.0000,0.0000,-0.0207
13958,gimbal,dynamic,none,18.0189,27.75,13.96,0.0469,0.1329,18.0623,0.4905,2.824,HOLD,0.0000,0.0000,0.0000,-0.0207
13958,gimbal,dynamic,none,18.0673,28.32,13.96,0.0482,0.1316,18.1117,0.5000,2.824,HOLD,0.0000,0.0000,0.0000,-0.0207
13958,gimbal,dynamic,none,18.1157,28.88,13.96,0.0495,0.1298,18.1613,0.5101,2.824,HOLD,0.0000,0.0000,0.0000,-0.0207
13958,gimbal,dynamic,none,18.1638,29.42,13.96,0.0513,0.1276,18.2109,0.5207,2.824,HOLD,0.0000,0.0000,0.0000,-0.0207
13958,gimbal,dynamic,none,18.2115,29.95,13.96,0.0536,0.1259,18.2605,0.5318,2.824,HOLD,0.0000,0.0000,0.0000,-0.0207
13958,gimbal,dynamic,none,18.2585,30.45,13.96,0.0566,0.1251,18.3103,0.5434,2.824,HOLD,0.0000,0.0000,0.0000,-0.0207
13958,gimbal,dynamic,none,18.3057,30.94,13.96,0.0595,0.1255,18.3601,0.5554,2.824,HOLD,0.0000,0.0000,0.0000,-0.0207
13958,gimbal,dynamic,none,18.3532,31.41,13.96,0.0621,0.1270,18.4100,0.5679,2.824,HOLD,0.0000,0.0000,0.0000,-0.0207
13958,gimbal,dynamic,none,18.4013,31.87,13.96,0.0641,0.1294,18.4599,0.5809,2.824,HOLD,0.0000,0.0000,0.0000,-0.0207
13958,gimbal,dynamic,none,18.4494,32.30,13.96,0.0663,0.1318,18.5099,0.5943,2.824,HOLD,0.0000,0.0000,0.0000,-0.0207
13958,gimbal,dynamic,none,18.4978,32.72,13.96,0.0682,0.1332,18.5599,0.6081,2.824,HOLD,0.0000,0.0000,0.0000,-0.0207
13958,gimbal,dynamic,none,18.5467,33.12,13.96,0.0696,0.1344,18.6099,0.6222,2.824,HOLD,0.0000,0.0000,0.0000,-0.0207
13958,gimbal,dynamic,none,18.5963,33.50,13.96,0.0703,0.1350,18.6599,0.6368,2.824,HOLD,0.0000,0.0000,0.0000,-0.0207
13958,gimbal,dynamic,none,18.6468,33.86,13.96,0.0702,0.1352,18.7099,0.6516,2.824,HOLD,0.0000,0.0000,0.0000,-0.0207
13958,gimbal,dynamic,none,18.6981,34.21,13.96,0.0693,0.1348,18.7598,0.6669,2.824,HOLD,0.0000,0.0000,0.0000,-0.0207
13958,gimbal,dynamic,none,18.7499,34.53,13.96,0.0679,0.1337,18.8098,0.6824,2.824,HOLD,0.0000,0.0000,0.0000,-0.0207
13958,gimbal,dynamic,none,18.8018,34.83,13.96,0.0664,0.1323,18.8597,0.6982,2.824,HOLD,0.0000,0.0000,0.0000,-0.0207
13958,gimbal,dynamic,none,18.8537,35.11,13.96,0.0649,0.1306,18.9096,0.7142,2.824,HOLD,0.0000,0.0000,0.0000,-0.0207
13958,gimbal,dynamic,none,18.9055,35.37,13.96,0.0634,0.1287,18.9594,0.7305,2.824,HOLD,0.0000,0.0000,0.0000,-0.0207
13958,gimbal,dynamic,none,18.9575,35.61,13.96,0.0618,0.1264,19.0091,0.7470,2.824,HOLD,0.0000,0.0000,0.0000,-0.0207
13958,gimbal,dynamic,none,19.0095,35.82,13.96,0.0601,0.1243,19.0588,0.7637,2.824,HOLD,0.0000,0.0000,0.0000,-0.0207
13958,gimbal,dynamic,none,19.0614,36.00,13.96,0.0584,0.1214,19.1084,0.7805,2.824,HOLD,0.0000,0.0000,0.0000,-0.0207
13958,gimbal,dynamic,none,19.1129,36.16,13.96,0.0571,0.1185,19.1579,0.7975,2.824,HOLD,0.0000,0.0000,0.0000,-0.0207
13958,gimbal,dynamic,none,19.1636,36.30,13.96,0.0565,0.1157,19.2073,0.8146,2.824,HOLD,0.0000,0.0000,0.0000,-0.0207
13958,gimbal,dynamic,none,19.2130,36.42,13.96,0.0570,0.1140,19.2566,0.8317,2.824,HOLD,0.0000,0.0000,0.0000,-0.0207
13958,gimbal,dynamic,none,19.2615,36.50,13.96,0.0583,0.1127,19.3057,0.8489,2.824,HOLD,0.0000,0.0000,0.0000,-0.0207
13958,gimbal,dynamic,none,19.3097,36.57,13.96,0.0598,0.1114,19.3547,0.8662,2.824,HOLD,0.0000,0.0000,0.0000,-0.0207
13958,gimbal,dynamic,none,19.3571,36.61,13.96,0.0620,0.1101,19.4036,0.8834,2.824,HOLD,0.0000,0.0000,0.0000,-0.0207
13958,gimbal,dynamic,none,19.4042,36.62,13.96,0.0642,0.1089,19.4523,0.9006,2.824,HOLD,0.0000,0.0000,0.0000,-0.0207
13958,gimbal,dynamic,none,19.4511,36.61,13.96,0.0666,0.1078,19.5009,0.9177,2.824,HOLD,0.0000,0.0000,0.0000,-0.0207
13958,gimbal,dynamic,none,19.4983,36.57,13.96,0.0685,0.1065,19.5492,0.9348,2.824,HOLD,0.0000,0.0000,0.0000,-0.0207
13958,gimbal,dynamic,none,19.5463,36.50,13.96,0.0695,0.1050,19.5974,0.9517,2.824,HOLD,0.0000,0.0000,0.0000,-0.0207
13958,gimbal,dynamic,none,19.5957,36.41,13.96,0.0688,0.1043,19.6454,0.9685,2.824,HOLD,0.0000,0.0000,0.0000,-0.0207
13958,gimbal,dynamic,none,19.6453,36.28,13.96,0.0677,0.1044,19.6933,0.9851,2.824,HOLD,0.0000,0.0000,0.0000,-0.0207
13958,gimbal,dynamic,none,19.6947,36.13,13.96,0.0665,0.1051,19.7408,1.0015,2.824,HOLD,0.0000,0.0000,0.0000,-0.0207
13958,gimbal,dynamic,none,19.7439,35.96,13.96,0.0654,0.1061,19.7882,1.0177,2.824,HOLD,0.0000,0.0000,0.0000,-0.0207
13958,gimbal,dynamic,none,19.7924,35.75,13.96,0.0647,0.1068,19.8354,1.0336,2.824,HOLD,0.0000,0.0000,0.0000,-0.0207
13958,gimbal,dynamic,none,19.8402,35.52,13.96,0.0644,0.1068,19.8823,1.0492,2.824,HOLD,0.0000,0.0000,0.0000,-0.0207
13958,gimbal,dynamic,none,19.8871,35.26,13.96,0.0650,0.1060,19.9290,1.0646,2.824,HOLD,0.0000,0.0000,0.0000,-0.0207
13958,gimbal,dynamic,none,19.9326,34.98,13.96,0.0667,0.1045,19.9754,1.0796,2.824,HOLD,0.0000,0.0000,0.0000,-0.0207
13958,gimbal,dynamic,none,19.9774,34.66,13.96,0.0688,0.1028,20.0216,1.0942,2.824,HOLD,0.0000,0.0000,0.0000,-0.0207
13958,gimbal,dynamic,none,20.0218,34.31,13.96,0.0711,0.1008,20.0674,1.1085,2.824,HOLD,0.0000,0.0000,0.0000,-0.0207
13958,gimbal,dynamic,none,20.0659,33.93,13.96,0.0732,0.0993,20.1130,1.1223,2.824,HOLD,0.0000,0.0000,0.0000,-0.0207
13958,gimbal,dynamic,none,20.1094,33.52,13.96,0.0757,0.0985,20.1584,1.1357,2.824,HOLD,0.0000,0.0000,0.0000,-0.0207
13958,gimbal,dynamic,none,20.1526,33.07,13.96,0.0782,0.0983,20.2034,1.1486,2.824,HOLD,0.0000,0.0000,0.0000,-0.0207
13958,gimbal,dynamic,none,20.1952,32.59,13.96,0.0809,0.0985,20.2481,1.1611,2.824,HOLD,0.0000,0.0000,0.0000,-0.0207
13958,gimbal,dynamic,none,20.2377,32.07,13.96,0.0834,0.0988,20.2925,1.1731,2.824,HOLD,0.0000,0.0000,0.0000,-0.0207
13958,gimbal,dynamic,none,20.2801,31.52,13.96,0.0856,0.0991,20.3366,1.1845,2.824,HOLD,0.0000,0.0000,0.0000,-0.0207
13958,gimbal,dynamic,none,20.3230,30.94,13.96,0.0869,0.0998,20.3804,1.1954,2.824,HOLD,0.0000,0.0000,0.0000,-0.0207
13958,gimbal,dynamic,none,20.3657,30.33,13.96,0.0881,0.1002,20.4238,1.2057,2.824,HOLD,0.0000,0.0000,0.0000,-0.0207
13958,gimbal,dynamic,none,20.4079,29.68,13.96,0.0895,0.1004,20.4669,1.2155,2.824,HOLD,0.0000,0.0000,0.0000,-0.0207
13958,gimbal,dynamic,none,20.4489,29.00,13.96,0.0917,0.1007,20.5096,1.2246,2.824,HOLD,0.0000,0.0000,0.0000,-0.0207
13958,gimbal,dynamic,none,20.4891,28.29,13.96,0.0942,0.1014,20.5520,1.2331,2.824,HOLD,0.0000,0.0000,0.0000,-0.0207
13958,gimbal,dynamic,none,20.5297,27.54,13.96,0.0960,0.1019,20.5941,1.2410,2.824,HOLD,0.0000,0.0000,0.0000,-0.0207
13958,gimbal,dynamic,none,20.5703,26.75,13.96,0.0973,0.1028,20.6357,1.2482,2.824,HOLD,0.0000,0.0000,0.0000,-0.0207
13958,gimbal,dynamic,none,20.6112,25.93,13.96,0.0979,0.1042,20.6770,1.2548,2.824,HOLD,0.0000,0.0000,0.0000,-0.0207
13958,gimbal,dynamic,none,20.6523,25.07,13.96,0.0979,0.1058,20.7179,1.2607,2.824,HOLD,0.0000,0.0000,0.0000,-0.0207
13958,gimbal,dynamic,none,20.6939,24.18,13.96,0.0970,0.1076,20.7584,1.2659,2.824,HOLD,0.0000,0.0000,0.0000,-0.0207
13958,gimbal,dynamic,none,20.7361,23.25,13.96,0.0949,0.1091,20.7985,1.2704,2.824,HOLD,0.0000,0.0000,0.0000,-0.0207
13958,gimbal,dynamic,none,20.7789,22.28,13.96,0.0919,0.1105,20.8382,1.2741,2.824,HOLD,0.0000,0.0000,0.0000,-0.0207
13958,gimbal,dynamic,none,20.8215,21.28,13.96,0.0886,0.1113,20.8775,1.2772,2.824,HOLD,0.0000,0.0000,0.0000,-0.0207
13958,gimbal,dynamic,none,20.8639,20.25,13.96,0.0852,0.1112,20.9164,1.2795,2.824,HOLD,0.0000,0.0000,0.0000,-0.0207
13958,gimbal,dynamic,none,20.9054,19.18,13.96,0.0823,0.1105,20.9549,1.2811,2.824,HOLD,0.0000,0.0000,0.0000,-0.0207
13958,gimbal,dynamic,none,20.9471,18.09,13.96,0.0786,0.1094,20.9929,1.2820,2.824,HOLD,0.0000,0.0000,0.0000,-0.0207
13958,gimbal,dynamic,none,20.9883,16.96,13.96,0.0751,0.1087,21.0305,1.2821,2.824,HOLD,0.0000,0.0000,0.0000,-0.0207
13958,gimbal,dynamic,none,21.0289,15.80,13.96,0.0716,0.1084,21.0677,1.2814,2.824,HOLD,0.0000,0.0000,0.0000,-0.0207
13958,gimbal,dynamic,none,21.0684,14.61,13.96,0.0687,0.1088,21.1045,1.2800,2.824,HOLD,0.0000,0.0000,0.0000,-0.0207
13958,gimbal,dynamic,none,21.1072,13.39,13.96,0.0659,0.1095,21.1408,1.2779,2.824,HOLD,0.0000,0.0000,0.0000,-0.0207
13958,gimbal,dynamic,none,21.1448,12.14,13.96,0.0639,0.1103,21.1766,1.2750,2.824,HOLD,0.0000,0.0000,0.0000,-0.0207
13958,gimbal,dynamic,none,21.1811,10.87,13.96,0.0626,0.1114,21.2120,1.2713,2.824,HOLD,0.0000,0.0000,0.0000,-0.0207
13958,gimbal,dynamic,none,21.2161,9.57,13.96,0.0623,0.1127,21.2469,1.2669,2.824,HOLD,0.0000,0.0000,0.0000,-0.0207
13958,gimbal,dynamic,none,21.2489,8.26,13.96,0.0635,0.1147,21.2814,1.2618,2.824,HOLD,0.0000,0.0000,0.0000,-0.0207
13958,gimbal,dynamic,none,21.2801,6.92,13.96,0.0659,0.1168,21.3154,1.2559,2.824,HOLD,0.0000,0.0000,0.0000,-0.0207
13958,gimbal,dynamic,none,21.3096,5.57,13.96,0.0693,0.1195,21.3490,1.2493,2.824,HOLD,0.0000,0.0000,0.0000,-0.0207
13958,gimbal,dynamic,none,21.3384,4.20,13.96,0.0731,0.1224,21.3821,1.2420,2.824,HOLD,0.0000,0.0000,0.0000,-0.0207
13958,gimbal,dynamic,none,21.3664,2.82,13.96,0.0770,0.1256,21.4147,1.2339,2.824,HOLD,0.0000,0.0000,0.0000,-0.0207
13958,gimbal,dynamic,none,21.3947,1.43,13.96,0.0803,0.1280,21.4468,1.2251,2.824,HOLD,0.0000,0.0000,0.0000,-0.0207
13958,gimbal,dynamic,none,21.4225,0.04,13.96,0.0835,0.1300,21.4784,1.2156,2.824,HOLD,0.0000,0.0000,0.0000,-0.0207
13958,gimbal,dynamic,none,21.4508,-1.36,13.96,0.0857,0.1316,21.5096,1.2055,2.824,HOLD,0.0000,0.0000,0.0000,-0.0207
13958,gimbal,dynamic,none,21.4793,-2.77,13.96,0.0872,0.1334,21.5403,1.1946,2.824,HOLD,0.0000,0.0000,0.0000,-0.0207
13958,gimbal,dynamic,none,21.5082,-4.16,13.96,0.0878,0.1347,21.5705,1.1831,2.824,HOLD,0.0000,0.0000,0.0000,-0.0207
13958,gimbal,dynamic,none,21.5371,-5.56,13.96,0.0879,0.1356,21.6002,1.1710,2.824,HOLD,0.0000,0.0000,0.0000,-0.0207
13958,gimbal,dynamic,none,21.5659,-6.95,13.96,0.0877,0.1358,21.6294,1.1582,2.824,HOLD,0.0000,0.0000,0.0000,-0.0207
13958,gimbal,dynamic,none,21.5942,-8.32,13.96,0.0875,0.1351,21.6581,1.1448,2.824,HOLD,0.0000,0.0000,0.0000,-0.0207
13958,gimbal,dynamic,none,21.6215,-9.39,13.96,0.0878,0.1340,21.6863,1.1308,2.824,HOLD,0.0000,0.0000,0.0000,-0.0207
13958,gimbal,dynamic,none,21.6477,-9.39,13.96,0.0887,0.1325,21.7140,1.1169,2.824,HOLD,0.0000,0.0000,0.0000,-0.0207
13958,gimbal,dynamic,none,21.6740,-9.39,13.96,0.0891,0.1314,21.7412,1.1033,2.824,HOLD,0.0000,0.0000,0.0000,-0.0207
13958,gimbal,dynamic,none,21.6999,-9.39,13.96,0.0893,0.1309,21.7680,1.0900,2.824,HOLD,0.0000,0.0000,0.0000,-0.0207
13958,gimbal,dynamic,none,21.7253,-9.39,13.96,0.0895,0.1304,21.7942,1.0769,2.824,HOLD,0.0000,0.0000,0.0000,-0.0207
13958,gimbal,dynamic,none,21.7501,-9.39,13.96,0.0899,0.1296,21.8199,1.0640,2.824,HOLD,0.0000,0.0000,0.0000,-0.0207
13958,gimbal,dynamic,none,21.7744,-9.39,13.96,0.0903,0.1287,21.8451,1.0514,2.824,HOLD,0.0000,0.0000,0.0000,-0.0207
13958,gimbal,dynamic,none,21.7988,-9.39,13.96,0.0901,0.1282,21.8699,1.0390,2.824,HOLD,0.0000,0.0000,0.0000,-0.0207
13958,gimbal,dynamic,none,21.8234,-9.39,13.96,0.0892,0.1282,21.8941,1.0269,2.824,HOLD,0.0000,0.0000,0.0000,-0.0207
13958,gimbal,dynamic,none,21.8477,-9.39,13.96,0.0882,0.1285,21.9178,1.0150,2.824,HOLD,0.0000,0.0000,0.0000,-0.0207
13958,gimbal,dynamic,none,21.8710,-9.39,13.96,0.0876,0.1290,21.9410,1.0034,2.824,HOLD,0.0000,0.0000,0.0000,-0.0207
13958,gimbal,dynamic,none,21.8938,-9.39,13.96,0.0869,0.1294,21.9638,0.9921,2.824,HOLD,0.0000,0.0000,0.0000,-0.0207
13958,gimbal,dynamic,none,21.9163,-9.40,13.96,0.0862,0.1293,21.9860,0.9810,2.824,HOLD,0.0000,0.0000,0.0000,-0.0207
13958,gimbal,dynamic,none,21.9380,-9.40,13.96,0.0859,0.1287,22.0077,0.9701,2.824,HOLD,0.0000,0.0000,0.0000,-0.0207
13958,gimbal,dynamic,none,21.9587,-9.40,13.96,0.0860,0.1277,22.0290,0.9595,2.824,HOLD,0.0000,0.0000,0.0000,-0.0207
13958,gimbal,dynamic,none,21.9782,-9.40,13.96,0.0869,0.1265,22.0497,0.9491,2.824,HOLD,0.0000,0.0000,0.0000,-0.0207
13958,gimbal,dynamic,none,21.9973,-9.40,13.96,0.0878,0.1249,22.0700,0.9390,2.824,HOLD,0.0000,0.0000,0.0000,-0.0207
13958,gimbal,dynamic,none,22.0164,-9.40,13.96,0.0881,0.1230,22.0897,0.9291,2.824,HOLD,0.0000,0.0000,0.0000,-0.0207
13958,gimbal,dynamic,none,22.0353,-9.40,13.96,0.0882,0.1215,22.1090,0.9194,2.824,HOLD,0.0000,0.0000,0.0000,-0.0207
13958,gimbal,dynamic,none,22.0532,-9.39,13.96,0.0887,0.1205,22.1278,0.9100,2.824,HOLD,0.0000,0.0000,0.0000,-0.0207
13958,gimbal,dynamic,none,22.0702,-9.39,13.96,0.0898,0.1204,22.1461,0.9009,2.824,HOLD,0.0000,0.0000,0.0000,-0.0207
13958,gimbal,dynamic,none,22.0858,-9.39,13.96,0.0916,0.1210,22.1639,0.8920,2.824,HOLD,0.0000,0.0000,0.0000,-0.0207
13958,gimbal,dynamic,none,22.1002,-9.39,13.96,0.0943,0.1217,22.1813,0.8833,2.824,HOLD,0.0000,0.0000,0.0000,-0.0207
13958,gimbal,dynamic,none,22.1136,-9.39,13.96,0.0974,0.1226,22.1982,0.8749,2.824,HOLD,0.0000,0.0000,0.0000,-0.0207
13958,gimbal,dynamic,none,22.1268,-9.39,13.96,0.1002,0.1234,22.2146,0.8667,2.824,HOLD,0.0000,0.0000,0.0000,-0.0207
13958,gimbal,dynamic,none,22.1398,-9.39,13.96,0.1029,0.1242,22.2305,0.8587,2.824,HOLD,0.0000,0.0000,0.0000,-0.0207
13958,gimbal,dynamic,none,22.1534,-9.39,13.96,0.1045,0.1248,22.2460,0.8510,2.824,HOLD,0.0000,0.0000,0.0000,-0.0207
13958,gimbal,dynamic,none,22.1662,-9.38,13.96,0.1065,0.1256,22.2610,0.8435,2.824,HOLD,0.0000,0.0000,0.0000,-0.0207
13958,gimbal,dynamic,none,22.1782,-9.39,13.96,0.1087,0.1264,22.2756,0.8362,2.824,HOLD,0.0000,0.0000,0.0000,-0.0207
13958,gimbal,dynamic,none,22.1898,-9.39,13.96,0.1109,0.1274,22.2897,0.8291,2.824,HOLD,0.0000,0.0000,0.0000,-0.0207
13958,gimbal,dynamic,none,22.2018,-9.39,13.96,0.1124,0.1278,22.3033,0.8223,2.824,HOLD,0.0000,0.0000,0.0000,-0.0207
13958,gimbal,dynamic,none,22.2139,-9.39,13.96,0.1133,0.1282,22.3165,0.8157,2.824,HOLD,0.0000,0.0000,0.0000,-0.0207
13958,gimbal,dynamic,none,22.2257,-9.39,13.96,0.1140,0.1280,22.3293,0.8093,2.824,HOLD,0.0000,0.0000,0.0000,-0.0207
13958,gimbal,dynamic,none,22.2371,-9.40,13.96,0.1148,0.1277,22.3416,0.8031,2.824,HOLD,0.0000,0.0000,0.0000,-0.0207
13958,gimbal,dynamic,none,22.2487,-9.40,13.96,0.1150,0.1273,22.3536,0.7972,2.824,HOLD,0.0000,0.0000,0.0000,-0.0207
13958,gimbal,dynamic,none,22.2607,-9.39,13.96,0.1143,0.1267,22.3650,0.7914,2.824,HOLD,0.0000,0.0000,0.0000,-0.0207
13958,gimbal,dynamic,none,22.2729,-9.40,13.96,0.1130,0.1258,22.3761,0.7859,2.824,HOLD,0.0000,0.0000,0.0000,-0.0207
13958,gimbal,dynamic,none,22.2846,-9.40,13.96,0.1118,0.1248,22.3868,0.7806,2.824,HOLD,0.0000,0.0000,0.0000,-0.0207
13958,gimbal,dynamic,none,22.2959,-9.40,13.96,0.1106,0.1239,22.3970,0.7754,2.824,HOLD,0.0000,0.0000,0.0000,-0.0207
13958,gimbal,dynamic,none,22.3068,-9.40,13.96,0.1095,0.1227,22.4069,0.7705,2.824,HOLD,0.0000,0.0000,0.0000,-0.0207
13958,gimbal,dynamic,none,22.3177,-9.39,13.96,0.1080,0.1217,22.4163,0.7658,2.824,HOLD,0.0000,0.0000,0.0000,-0.0207
13958,gimbal,dynamic,none,22.3286,-9.39,13.96,0.1060,0.1210,22.4254,0.7613,2.824,HOLD,0.0000,0.0000,0.0000,-0.0207
13958,gimbal,dynamic,none,22.3392,-9.39,13.96,0.1040,0.1207,22.4341,0.7569,2.824,HOLD,0.0000,0.0000,0.0000,-0.0207
13958,gimbal,dynamic,none,22.3498,-9.39,13.96,0.1015,0.1208,22.4424,0.7528,2.824,HOLD,0.0000,0.0000,0.0000,-0.0207
13958,gimbal,dynamic,none,22.3598,-9.39,13.96,0.0993,0.1209,22.4503,0.7488,2.824,HOLD,0.0000,0.0000,0.0000,-0.0207
13958,gimbal,dynamic,none,22.3695,-9.39,13.96,0.0972,0.1200,22.4579,0.7450,2.824,HOLD,0.0000,0.0000,0.0000,-0.0207
13958,gimbal,dynamic,none,22.3784,-9.39,13.96,0.0955,0.1182,22.4651,0.7414,2.824,HOLD,0.0000,0.0000,0.0000,-0.0207
13958,gimbal,dynamic,none,22.3869,-9.38,13.96,0.0938,0.1161,22.4720,0.7379,2.824,HOLD,0.0000,0.0000,0.0000,-0.0207
13958,gimbal,dynamic,none,22.3948,-9.38,13.96,0.0924,0.1141,22.4785,0.7347,2.824,HOLD,0.0000,0.0000,0.0000,-0.0207
13958,gimbal,dynamic,none,22.4015,-9.38,13.96,0.0918,0.1121,22.4847,0.7316,2.824,HOLD,0.0000,0.0000,0.0000,-0.0207
13958,gimbal,dynamic,none,22.4071,-9.38,13.96,0.0921,0.1105,22.4906,0.7286,2.824,HOLD,0.0000,0.0000,0.0000,-0.0207
13958,gimbal,dynamic,none,22.4115,-9.38,13.96,0.0932,0.1090,22.4962,0.7259,2.824,HOLD,0.0000,0.0000,0.0000,-0.0207
13958,gimbal,dynamic,none,22.4152,-9.39,13.96,0.0947,0.1084,22.5014,0.7232,2.824,HOLD,0.0000,0.0000,0.0000,-0.0207
13958,gimbal,dynamic,none,22.4186,-9.39,13.96,0.0961,0.1083,22.5064,0.7208,2.824,HOLD,0.0000,0.0000,0.0000,-0.0207
13958,gimbal,dynamic,none,22.4222,-9.39,13.96,0.0972,0.1081,22.5110,0.7184,2.824,HOLD,0.0000,0.0000,0.0000,-0.0207
13958,gimbal,dynamic,none,22.4254,-9.39,13.96,0.0983,0.1075,22.5154,0.7163,2.824,HOLD,0.0000,0.0000,0.0000,-0.0207
13958,gimbal,dynamic,none,22.4288,-9.39,13.96,0.0989,0.1068,22.5195,0.7142,2.824,HOLD,0.0000,0.0000,0.0000,-0.0207
13958,gimbal,dynamic,none,22.4329,-9.39,13.96,0.0985,0.1066,22.5233,0.7123,2.824,HOLD,0.0000,0.0000,0.0000,-0.0207
13958,gimbal,dynamic,none,22.4375,-9.39,13.96,0.0975,0.1071,22.5268,0.7105,2.824,HOLD,0.0000,0.0000,0.0000,-0.0207
13958,gimbal,dynamic,none,22.4421,-9.40,13.96,0.0961,0.1087,22.5302,0.7089,2.824,HOLD,0.0000,0.0000,0.0000,-0.0207
13958,gimbal,dynamic,none,22.4469,-9.40,13.96,0.0942,0.1110,22.5332,0.7073,2.824,HOLD,0.0000,0.0000,0.0000,-0.0207
13958,gimbal,dynamic,none,22.4526,-9.40,13.96,0.0912,0.1145,22.5360,0.7059,2.824,HOLD,0.0000,0.0000,0.0000,-0.0207
13958,gimbal,dynamic,none,22.4590,-9.40,13.96,0.0873,0.1188,22.5386,0.7046,2.824,HOLD,0.0000,0.0000,0.0000,-0.0207
13958,gimbal,dynamic,none,22.4646,-9.40,13.96,0.0839,0.1229,22.5410,0.7034,2.824,HOLD,0.0000,0.0000,0.0000,-0.0207
13958,gimbal,dynamic,none,22.4689,-9.40,13.96,0.0816,0.1271,22.5432,0.7024,2.824,HOLD,0.0000,0.0000,0.0000,-0.0207
13958,gimbal,dynamic,none,22.4718,-9.40,13.96,0.0806,0.1307,22.5452,0.7014,2.824,HOLD,0.0000,0.0000,0.0000,-0.0207
13958,gimbal,dynamic,none,22.4741,-9.40,13.96,0.0800,0.1350,22.5469,0.7005,2.824,HOLD,0.0000,0.0000,0.0000,-0.0207
13958,gimbal,dynamic,none,22.4758,-9.40,13.96,0.0798,0.1387,22.5485,0.6997,2.824,HOLD,0.0000,0.0000,0.0000,-0.0207
13958,gimbal,dynamic,none,22.4763,-9.39,13.96,0.0806,0.1420,22.5500,0.6990,2.824,HOLD,0.0000,0.0000,0.0000,-0.0207
13958,gimbal,dynamic,none,22.4761,-9.39,13.96,0.0820,0.1445,22.5512,0.6983,2.824,HOLD,0.0000,0.0000,0.0000,-0.0207
13958,gimbal,dynamic,none,22.4756,-9.38,13.96,0.0835,0.1465,22.5523,0.6978,2.824,HOLD,0.0000,0.0000,0.0000,-0.0207
13958,gimbal,dynamic,none,22.4747,-8.29,13.96,0.0853,0.1483,22.5533,0.6975,2.824,HOLD,0.0000,0.0000,0.0000,-0.0207
13958,gimbal,dynamic,none,22.4743,-8.29,13.96,0.0866,0.1499,22.5542,0.6978,2.824,HOLD,0.0000,0.0000,0.0000,-0.0207
13958,gimbal,dynamic,none,22.4740,-8.29,13.96,0.0875,0.1514,22.5549,0.6982,2.824,HOLD,0.0000,0.0000,0.0000,-0.0207
13958,gimbal,dynamic,none,22.4743,-8.29,13.96,0.0878,0.1521,22.5555,0.6985,2.824,HOLD,0.0000,0.0000,0.0000,-0.0207
13958,gimbal,dynamic,none,22.4750,-8.29,13.96,0.0876,0.1521,22.5560,0.6987,2.824,HOLD,0.0000,0.0000,0.0000,-0.0207
13958,gimbal,dynamic,none,22.4760,-8.29,13.96,0.0870,0.1515,22.5564,0.6989,2.824,HOLD,0.0000,0.0000,0.0000,-0.0207
13958,gimbal,dynamic,none,22.4770,-8.29,13.96,0.0864,0.1503,22.5567,0.6991,2.824,HOLD,0.0000,0.0000,0.0000,-0.0207
13958,gimbal,dynamic,none,22.4777,-8.29,13.96,0.0859,0.1493,22.5569,0.6992,2.824,HOLD,0.0000,0.0000,0.0000,-0.0207
13958,gimbal,dynamic,none,22.4779,-8.30,13.96,0.0860,0.1484,22.5571,0.6993,2.824,HOLD,0.0000,0.0000,0.0000,-0.0207
13958,gimbal,dynamic,none,22.4778,-8.30,13.96,0.0862,0.1480,22.5572,0.6994,2.824,HOLD,0.0000,0.0000,0.0000,-0.0207
13958,gimbal,dynamic,none,22.4778,-8.31,13.96,0.0863,0.1484,22.5573,0.6994,2.824,HOLD,0.0000,0.0000,0.0000,-0.0207
13958,gimbal,dynamic,none,22.4782,-8.31,13.96,0.0859,0.1496,22.5574,0.6994,2.824,HOLD,0.0000,0.0000,0.0000,-0.0207
13958,gimbal,dynamic,none,22.4792,-8.31,13.96,0.0848,0.1515,22.5574,0.6994,2.824,HOLD,0.0000,0.0000,0.0000,-0.0207
13958,gimbal,dynamic,none,22.4803,-8.32,13.96,0.0837,0.1534,22.5574,0.6994,2.824,HOLD,0.0000,0.0000,0.0000,-0.0207
13958,gimbal,dynamic,none,22.4817,-8.32,13.96,0.0823,0.1555,22.5574,0.6994,2.824,HOLD,0.0000,0.0000,0.0000,-0.0207
13958,gimbal,dynamic,none,22.4829,-8.32,13.96,0.0811,0.1573,22.5574,0.6994,2.824,HOLD,0.0000,0.0000,0.0000,-0.0207
13958,gimbal,dynamic,none,22.4841,-8.32,13.96,0.0798,0.1589,22.5574,0.6994,2.824,HOLD,0.0000,0.0000,0.0000,-0.0207
13958,gimbal,dynamic,none,22.4855,-8.32,13.96,0.0785,0.1594,22.5575,0.6995,2.824,HOLD,0.0000,0.0000,0.0000,-0.0207
13958,gimbal,dynamic,none,22.4869,-8.32,13.96,0.0772,0.1591,22.5576,0.6995,2.824,HOLD,0.0000,0.0000,0.0000,-0.0207
13958,gimbal,dynamic,none,22.4880,-8.31,13.96,0.0762,0.1581,22.5577,0.6996,2.824,HOLD,0.0000,0.0000,0.0000,-0.0207
13958,gimbal,dynamic,none,22.4890,-8.31,13.96,0.0754,0.1562,22.5579,0.6997,2.824,HOLD,0.0000,0.0000,0.0000,-0.0207
13958,gimbal,dynamic,none,22.4902,-8.31,13.96,0.0745,0.1532,22.5581,0.6998,2.824,HOLD,0.0000,0.0000,0.0000,-0.0207
13958,gimbal,dynamic,none,22.4923,-8.31,13.96,0.0729,0.1494,22.5584,0.6999,2.824,HOLD,0.0000,0.0000,0.0000,-0.0207
13958,gimbal,dynamic,none,22.4949,-8.31,13.96,0.0708,0.1459,22.5588,0.7001,2.824,HOLD,0.0000,0.0000,0.0000,-0.0207
13958,gimbal,dynamic,none,22.4981,-8.31,13.96,0.0681,0.1425,22.5593,0.7004,2.824,HOLD,0.0000,0.0000,0.0000,-0.0207
13958,gimbal,dynamic,none,22.5010,-8.30,13.96,0.0659,0.1395,22.5599,0.7007,2.824,HOLD,0.0000,0.0000,0.0000,-0.0207
13958,gimbal,dynamic,none,22.5039,-8.30,13.96,0.0639,0.1366,22.5607,0.7011,2.824,HOLD,0.0000,0.0000,0.0000,-0.0207
13958,gimbal,dynamic,none,22.5054,-8.30,13.96,0.0632,0.1340,22.5615,0.7015,2.824,HOLD,0.0000,0.0000,0.0000,-0.0207
13958,gimbal,dynamic,none,22.5061,43.75,13.96,0.0636,0.1324,22.5625,0.7020,2.824,HOLD,0.0000,0.0000,0.0000,-0.0207
13958,gimbal,dynamic,none,22.5062,43.74,13.96,0.0646,0.1318,22.5636,0.7025,2.824,HOLD,0.0000,0.0000,0.0000,-0.0207
13958,gimbal,dynamic,none,22.5053,43.74,13.96,0.0668,0.1317,22.5649,0.7032,2.824,HOLD,0.0000,0.0000,0.0000,-0.0207
13958,gimbal,dynamic,none,22.5037,43.74,13.96,0.0698,0.1320,22.5663,0.7039,2.824,HOLD,0.0000,0.0000,0.0000,-0.0207
13958,gimbal,dynamic,none,22.5014,43.73,13.96,0.0738,0.1328,22.5679,0.7047,2.824,HOLD,0.0000,0.0000,0.0000,-0.0207
13958,gimbal,dynamic,none,22.4997,43.73,13.96,0.0772,0.1339,22.5697,0.7056,2.824,HOLD,0.0000,0.0000,0.0000,-0.0207
13958,gimbal,dynamic,none,22.4981,43.73,13.96,0.0808,0.1351,22.5717,0.7066,2.824,HOLD,0.0000,0.0000,0.0000,-0.0207
13958,gimbal,dynamic,none,22.4969,43.73,13.96,0.0842,0.1366,22.5738,0.7076,2.824,HOLD,0.0000,0.0000,0.0000,-0.0207
13958,gimbal,dynamic,none,22.4956,43.73,13.96,0.0878,0.1390,22.5762,0.7088,2.824,HOLD,0.0000,0.0000,0.0000,-0.0207
13958,gimbal,dynamic,none,22.4952,43.73,13.96,0.0908,0.1416,22.5788,0.7101,2.824,HOLD,0.0000,0.0000,0.0000,-0.0207
13958,gimbal,dynamic,none,22.4959,43.73,13.96,0.0929,0.1444,22.5816,0.7115,2.824,HOLD,0.0000,0.0000,0.0000,-0.0207
13958,gimbal,dynamic,none,22.4984,43.73,13.96,0.0934,0.1466,22.5847,0.7131,2.824,HOLD,0.0000,0.0000,0.0000,-0.0207
13958,gimbal,dynamic,none,22.5021,43.73,13.96,0.0930,0.1491,22.5880,0.7147,2.824,HOLD,0.0000,0.0000,0.0000,-0.0207
13958,gimbal,dynamic,none,22.5066,43.72,13.96,0.0920,0.1515,22.5916,0.7165,2.824,HOLD,0.0000,0.0000,0.0000,-0.0207
13958,gimbal,dynamic,none,22.5118,43.73,13.96,0.0907,0.1535,22.5954,0.7184,2.824,HOLD,0.0000,0.0000,0.0000,-0.0207
13958,gimbal,dynamic,none,22.5171,43.73,13.96,0.0895,0.1546,22.5995,0.7205,2.824,HOLD,0.0000,0.0000,0.0000,-0.0207
13958,gimbal,dynamic,none,22.5222,43.73,13.96,0.0888,0.1553,22.6039,0.7227,2.824,HOLD,0.0000,0.0000,0.0000,-0.0207
13958,gimbal,dynamic,none,22.5270,43.73,13.96,0.0887,0.1548,22.6085,0.7250,2.824,HOLD,0.0000,0.0000,0.0000,-0.0207
13958,gimbal,dynamic,none,22.5311,43.74,13.96,0.0897,0.1531,22.6135,0.7275,2.824,HOLD,0.0000,0.0000,0.0000,-0.0207
13958,gimbal,dynamic,none,22.5349,43.75,13.96,0.0913,0.1507,22.6187,0.7301,2.824,HOLD,0.0000,0.0000,0.0000,-0.0207
13958,gimbal,dynamic,none,22.5383,43.75,13.96,0.0935,0.1479,22.6243,0.7329,2.824,HOLD,0.0000,0.0000,0.0000,-0.0207
13958,gimbal,dynamic,none,22.5425,43.76,13.96,0.0954,0.1458,22.6302,0.7358,2.824,HOLD,0.0000,0.0000,0.0000,-0.0207
13958,gimbal,dynamic,none,22.5473,43.76,13.96,0.0969,0.1443,22.6364,0.7389,2.824,HOLD,0.0000,0.0000,0.0000,-0.0207
13958,gimbal,dynamic,none,22.5524,43.76,13.96,0.0985,0.1438,22.6429,0.7422,2.824,HOLD,0.0000,0.0000,0.0000,-0.0207
13958,gimbal,dynamic,none,22.5580,43.76,13.96,0.0998,0.1440,22.6498,0.7456,2.824,HOLD,0.0000,0.0000,0.0000,-0.0207
13958,gimbal,dynamic,none,22.5640,43.76,13.96,0.1011,0.1446,22.6570,0.7492,2.824,HOLD,0.0000,0.0000,0.0000,-0.0207
13958,gimbal,dynamic,none,22.5702,43.75,13.96,0.1026,0.1461,22.6646,0.7530,2.824,HOLD,0.0000,0.0000,0.0000,-0.0207
13958,gimbal,dynamic,none,22.5769,43.75,13.96,0.1039,0.1479,22.6726,0.7570,2.824,HOLD,0.0000,0.0000,0.0000,-0.0207
13958,gimbal,dynamic,none,22.5840,43.74,13.96,0.1052,0.1489,22.6809,0.7612,2.824,HOLD,0.0000,0.0000,0.0000,-0.0207
13958,gimbal,dynamic,none,22.5912,43.74,13.96,0.1068,0.1490,22.6896,0.7655,2.824,HOLD,0.0000,0.0000,0.0000,-0.0207
13958,gimbal,dynamic,none,22.5983,43.74,13.96,0.1089,0.1480,22.6986,0.7700,2.824,HOLD,0.0000,0.0000,0.0000,-0.0207
13958,gimbal,dynamic,none,22.6060,43.74,13.96,0.1108,0.1468,22.7081,0.7748,2.824,HOLD,0.0000,0.0000,0.0000,-0.0207
13958,gimbal,dynamic,none,22.6145,43.73,13.96,0.1124,0.1448,22.7180,0.7797,2.824,HOLD,0.0000,0.0000,0.0000,-0.0207
13958,gimbal,dynamic,none,22.6237,43.73,13.96,0.1137,0.1413,22.7282,0.7848,2.824,HOLD,0.0000,0.0000,0.0000,-0.0207
13958,gimbal,dynamic,none,22.6335,43.74,13.96,0.1148,0.1373,22.7389,0.7902,2.824,HOLD,0.0000,0.0000,0.0000,-0.0207
13958,gimbal,dynamic,none,22.6439,43.74,13.96,0.1158,0.1332,22.7500,0.7957,2.824,HOLD,0.0000,0.0000,0.0000,-0.0207
13958,gimbal,dynamic,none,22.6549,43.74,13.96,0.1166,0.1287,22.7615,0.8015,2.824,HOLD,0.0000,0.0000,0.0000,-0.0207
13958,gimbal,dynamic,none,22.6667,43.75,13.96,0.1169,0.1247,22.7734,0.8074,2.824,HOLD,0.0000,0.0000,0.0000,-0.0207
13958,gimbal,dynamic,none,22.6792,43.74,13.96,0.1172,0.1205,22.7857,0.8136,2.824,HOLD,0.0000,0.0000,0.0000,-0.0207
13958,gimbal,dynamic,none,22.6918,43.74,13.96,0.1176,0.1170,22.7985,0.8200,2.824,HOLD,0.0000,0.0000,0.0000,-0.0207
13958,gimbal,dynamic,none,22.7048,43.74,13.96,0.1181,0.1138,22.8117,0.8266,2.824,HOLD,0.0000,0.0000,0.0000,-0.0207
13958,gimbal,dynamic,none,22.7180,43.74,13.96,0.1189,0.1116,22.8254,0.8334,2.824,HOLD,0.0000,0.0000,0.0000,-0.0207
13958,gimbal,dynamic,none,22.7317,43.74,13.96,0.1196,0.1102,22.8395,0.8405,2.824,HOLD,0.0000,0.0000,0.0000,-0.0207
13958,gimbal,dynamic,none,22.7464,43.74,13.96,0.1197,0.1097,22.8541,0.8478,2.824,HOLD,0.0000,0.0000,0.0000,-0.0207
13958,gimbal,dynamic,none,22.7621,42.32,13.96,0.1192,0.1098,22.8691,0.8550,2.824,HOLD,0.0000,0.0000,0.0000,-0.0207
13958,gimbal,dynamic,none,22.7786,40.61,13.96,0.1184,0.1096,22.8846,0.8619,2.824,HOLD,0.0000,0.0000,0.0000,-0.0207
13958,gimbal,dynamic,none,22.7964,38.94,13.96,0.1167,0.1093,22.9005,0.8684,2.824,HOLD,0.0000,0.0000,0.0000,-0.0207
13958,gimbal,dynamic,none,22.8154,37.33,13.96,0.1144,0.1087,22.9169,0.8747,2.824,HOLD,0.0000,0.0000,0.0000,-0.0207
13958,gimbal,dynamic,none,22.8355,35.78,13.96,0.1114,0.1078,22.9338,0.8805,2.824,HOLD,0.0000,0.0000,0.0000,-0.0207
13958,gimbal,dynamic,none,22.8555,34.29,13.96,0.1090,0.1075,22.9512,0.8860,2.824,HOLD,0.0000,0.0000,0.0000,-0.0207
13958,gimbal,dynamic,none,22.8758,32.85,13.96,0.1067,0.1074,22.9690,0.8912,2.824,HOLD,0.0000,0.0000,0.0000,-0.0207
13958,gimbal,dynamic,none,22.8960,31.48,13.96,0.1049,0.1081,22.9873,0.8960,2.824,HOLD,0.0000,0.0000,0.0000,-0.0207
13958,gimbal,dynamic,none,22.9165,30.17,13.96,0.1033,0.1097,23.0061,0.9005,2.824,HOLD,0.0000,0.0000,0.0000,-0.0207
13958,gimbal,dynamic,none,22.9371,28.92,13.96,0.1020,0.1112,23.0254,0.9047,2.824,HOLD,0.0000,0.0000,0.0000,-0.0207
13958,gimbal,dynamic,none,22.9581,27.73,13.96,0.1009,0.1125,23.0452,0.9085,2.824,HOLD,0.0000,0.0000,0.0000,-0.0207
13958,gimbal,dynamic,none,22.9798,26.60,13.96,0.0995,0.1135,23.0655,0.9120,2.824,HOLD,0.0000,0.0000,0.0000,-0.0207
13958,gimbal,dynamic,none,23.0021,25.53,13.96,0.0981,0.1140,23.0862,0.9152,2.824,HOLD,0.0000,0.0000,0.0000,-0.0207
13958,gimbal,dynamic,none,23.0247,24.52,13.96,0.0968,0.1144,23.1075,0.9180,2.824,HOLD,0.0000,0.0000,0.0000,-0.0207
13958,gimbal,dynamic,none,23.0473,23.56,13.96,0.0960,0.1148,23.1292,0.9206,2.824,HOLD,0.0000,0.0000,0.0000,-0.0207
13958,gimbal,dynamic,none,23.0698,22.66,13.96,0.0958,0.1147,23.1515,0.9228,2.824,HOLD,0.0000,0.0000,0.0000,-0.0207
13958,gimbal,dynamic,none,23.0923,21.81,13.96,0.0962,0.1145,23.1742,0.9248,2.824,HOLD,0.0000,0.0000,0.0000,-0.0207
13958,gimbal,dynamic,none,23.1149,21.02,13.96,0.0968,0.1145,23.1974,0.9265,2.824,HOLD,0.0000,0.0000,0.0000,-0.0207
13958,gimbal,dynamic,none,23.1382,20.28,13.96,0.0972,0.1153,23.2212,0.9278,2.824,HOLD,0.0000,0.0000,0.0000,-0.0207
13958,gimbal,dynamic,none,23.1627,19.59,13.96,0.0970,0.1166,23.2454,0.9290,2.824,HOLD,0.0000,0.0000,0.0000,-0.0207
13958,gimbal,dynamic,none,23.1880,18.94,13.96,0.0963,0.1180,23.2701,0.9298,2.824,HOLD,0.0000,0.0000,0.0000,-0.0207
13958,gimbal,dynamic,none,23.2138,18.34,13.96,0.0957,0.1198,23.2954,0.9304,2.824,HOLD,0.0000,0.0000,0.0000,-0.0207
13958,gimbal,dynamic,none,23.2400,17.78,13.96,0.0952,0.1215,23.3211,0.9308,2.824,HOLD,0.0000,0.0000,0.0000,-0.0207
13958,gimbal,dynamic,none,23.2666,17.26,13.96,0.0948,0.1232,23.3473,0.9309,2.824,HOLD,0.0000,0.0000,0.0000,-0.0207
13958,gimbal,dynamic,none,23.2938,16.79,13.96,0.0942,0.1250,23.3741,0.9308,2.824,HOLD,0.0000,0.0000,0.0000,-0.0207
13958,gimbal,dynamic,none,23.3216,16.36,13.96,0.0935,0.1270,23.4013,0.9305,2.824,HOLD,0.0000,0.0000,0.0000,-0.0207
13958,gimbal,dynamic,none,23.3498,15.96,13.96,0.0930,0.1289,23.4290,0.9299,2.824,HOLD,0.0000,0.0000,0.0000,-0.0207
13958,gimbal,dynamic,none,23.3789,15.60,13.96,0.0920,0.1303,23.4573,0.9292,2.824,HOLD,0.0000,0.0000,0.0000,-0.0207
13958,gimbal,dynamic,none,23.4093,15.28,13.96,0.0903,0.1313,23.4860,0.9283,2.824,HOLD,0.0000,0.0000,0.0000,-0.0207
13958,gimbal,dynamic,none,23.4400,14.98,13.96,0.0887,0.1320,23.5152,0.9273,2.824,HOLD,0.0000,0.0000,0.0000,-0.0207
13958,gimbal,dynamic,none,23.4712,14.73,13.96,0.0871,0.1328,23.5449,0.9260,2.824,HOLD,0.0000,0.0000,0.0000,-0.0207
13958,gimbal,dynamic,none,23.5028,14.50,13.96,0.0856,0.1337,23.5751,0.9247,2.824,HOLD,0.0000,0.0000,0.0000,-0.0207
13958,gimbal,dynamic,none,23.5347,14.29,13.96,0.0843,0.1341,23.6058,0.9231,2.824,HOLD,0.0000,0.0000,0.0000,-0.0207
13958,gimbal,dynamic,none,23.5666,14.12,13.96,0.0835,0.1343,23.6370,0.9215,2.824,HOLD,0.0000,0.0000,0.0000,-0.0207
13958,gimbal,dynamic,none,23.5987,13.98,13.96,0.0830,0.1346,23.6686,0.9198,2.824,HOLD,0.0000,0.0000,0.0000,-0.0207
13958,gimbal,dynamic,none,23.6313,13.85,13.96,0.0824,0.1350,23.7007,0.9179,2.824,HOLD,0.0000,0.0000,0.0000,-0.0207
13958,gimbal,dynamic,none,23.6650,13.76,13.96,0.0812,0.1353,23.7334,0.9160,2.824,HOLD,0.0000,0.0000,0.0000,-0.0207
13958,gimbal,dynamic,none,23.6996,13.68,13.96,0.0796,0.1358,23.7664,0.9140,2.824,HOLD,0.0000,0.0000,0.0000,-0.0207
13958,gimbal,dynamic,none,23.7351,13.63,13.96,0.0775,0.1366,23.8000,0.9119,2.824,HOLD,0.0000,0.0000,0.0000,-0.0207
13958,gimbal,dynamic,none,23.7702,13.59,13.96,0.0764,0.1379,23.8340,0.9098,2.824,HOLD,0.0000,0.0000,0.0000,-0.0207
13958,gimbal,dynamic,none,23.8046,13.58,13.96,0.0763,0.1395,23.8685,0.9076,2.824,HOLD,0.0000,0.0000,0.0000,-0.0207
13958,gimbal,dynamic,none,23.8388,13.59,13.96,0.0769,0.1412,23.9035,0.9054,2.824,HOLD,0.0000,0.0000,0.0000,-0.0207
13958,gimbal,dynamic,none,23.8728,13.61,13.96,0.0781,0.1432,23.9389,0.9032,2.824,HOLD,0.0000,0.0000,0.0000,-0.0207
13958,gimbal,dynamic,none,23.9073,13.66,13.96,0.0794,0.1446,23.9747,0.9010,2.824,HOLD,0.0000,0.0000,0.0000,-0.0207
13958,gimbal,dynamic,none,23.9425,13.72,13.96,0.0804,0.1456,24.0110,0.8988,2.824,HOLD,0.0000,0.0000,0.0000,-0.0207
13958,gimbal,dynamic,none,23.9786,13.79,13.96,0.0809,0.1462,24.0478,0.8966,2.824,HOLD,0.0000,0.0000,0.0000,-0.0207
13958,gimbal,dynamic,none,24.0151,13.88,13.96,0.0815,0.1462,24.0850,0.8944,2.824,HOLD,0.0000,0.0000,0.0000,-0.0207
13958,gimbal,dynamic,none,24.0520,13.99,13.96,0.0822,0.1455,24.1226,0.8923,2.824,HOLD,0.0000,0.0000,0.0000,-0.0207
13958,gimbal,dynamic,none,24.0893,14.10,13.96,0.0829,0.1440,24.1607,0.8902,2.824,HOLD,0.0000,0.0000,0.0000,-0.0207
13958,gimbal,dynamic,none,24.1267,14.23,13.96,0.0839,0.1425,24.1991,0.8882,2.824,HOLD,0.0000,0.0000,0.0000,-0.0207
13958,gimbal,dynamic,none,24.1651,14.37,13.96,0.0844,0.1419,24.2380,0.8863,2.824,HOLD,0.0000,0.0000,0.0000,-0.0207
13958,gimbal,dynamic,none,24.2044,14.52,13.96,0.0844,0.1420,24.2773,0.8844,2.824,HOLD,0.0000,0.0000,0.0000,-0.0207
13958,gimbal,dynamic,none,24.2446,14.68,13.96,0.0837,0.1426,24.3171,0.8827,2.824,HOLD,0.0000,0.0000,0.0000,-0.0207
13958,gimbal,dynamic,none,24.2861,14.85,13.96,0.0823,0.1431,24.3572,0.8810,2.824,HOLD,0.0000,0.0000,0.0000,-0.0207
13958,gimbal,dynamic,none,24.3288,15.02,13.96,0.0801,0.1433,24.3977,0.8794,2.824,HOLD,0.0000,0.0000,0.0000,-0.0207
13958,gimbal,dynamic,none,24.3730,15.21,13.96,0.0767,0.1432,24.4386,0.8780,2.824,HOLD,0.0000,0.0000,0.0000,-0.0207
13958,gimbal,dynamic,none,24.4185,15.40,13.96,0.0724,0.1428,24.4799,0.8767,2.824,HOLD,0.0000,0.0000,0.0000,-0.0207
13958,gimbal,dynamic,none,24.4640,15.60,13.96,0.0686,0.1419,24.5215,0.8755,2.824,HOLD,0.0000,0.0000,0.0000,-0.0207
13958,gimbal,dynamic,none,24.5090,15.80,13.96,0.0655,0.1409,24.5636,0.8744,2.824,HOLD,0.0000,0.0000,0.0000,-0.0207
13958,gimbal,dynamic,none,24.5534,16.01,13.96,0.0635,0.1404,24.6060,0.8735,2.824,HOLD,0.0000,0.0000,0.0000,-0.0207
13958,gimbal,dynamic,none,24.5976,16.22,13.96,0.0620,0.1402,24.6487,0.8727,2.824,HOLD,0.0000,0.0000,0.0000,-0.0207
13958,gimbal,dynamic,none,24.6413,16.43,13.96,0.0614,0.1400,24.6918,0.8721,2.824,HOLD,0.0000,0.0000,0.0000,-0.0207
13958,gimbal,dynamic,none,24.6849,16.65,13.96,0.0612,0.1398,24.7352,0.8717,2.824,HOLD,0.0000,0.0000,0.0000,-0.0207
13958,gimbal,dynamic,none,24.7284,16.87,13.96,0.0615,0.1405,24.7790,0.8714,2.824,HOLD,0.0000,0.0000,0.0000,-0.0207
13958,gimbal,dynamic,none,24.7719,17.10,13.96,0.0619,0.1417,24.8231,0.8713,2.824,HOLD,0.0000,0.0000,0.0000,-0.0207
13958,gimbal,dynamic,none,24.8157,17.32,13.96,0.0625,0.1431,24.8675,0.8713,2.824,HOLD,0.0000,0.0000,0.0000,-0.0207
13958,gimbal,dynamic,none,24.8599,17.55,13.96,0.0630,0.1447,24.9123,0.8716,2.824,HOLD,0.0000,0.0000,0.0000,-0.0207
13958,gimbal,dynamic,none,24.9039,17.77,13.96,0.0640,0.1462,24.9573,0.8720,2.824,HOLD,0.0000,0.0000,0.0000,-0.0207
13958,gimbal,dynamic,none,24.9469,17.99,13.96,0.0663,0.1477,25.0026,0.8726,2.824,HOLD,0.0000,0.0000,0.0000,-0.0207
13958,gimbal,dynamic,none,24.9894,18.22,13.96,0.0694,0.1486,25.0482,0.8733,2.824,HOLD,0.0000,0.0000,0.0000,-0.0207
13958,gimbal,dynamic,none,25.0312,18.44,13.96,0.0734,0.1493,25.0941,0.8743,2.824,HOLD,0.0000,0.0000,0.0000,-0.0207
13958,gimbal,dynamic,none,25.0730,18.66,13.96,0.0778,0.1492,25.1403,0.8754,2.824,HOLD,0.0000,0.0000,0.0000,-0.0207
13958,gimbal,dynamic,none,25.1150,18.88,13.96,0.0823,0.1480,25.1867,0.8767,2.824,HOLD,0.0000,0.0000,0.0000,-0.0207
13958,gimbal,dynamic,none,25.1578,19.09,13.96,0.0862,0.1465,25.2334,0.8782,2.824,HOLD,0.0000,0.0000,0.0000,-0.0207
13958,gimbal,dynamic,none,25.2009,19.30,13.96,0.0901,0.1446,25.2803,0.8799,2.824,HOLD,0.0000,0.0000,0.0000,-0.0207
13958,gimbal,dynamic,none,25.2453,19.50,13.96,0.0930,0.1430,25.3275,0.8818,2.824,HOLD,0.0000,0.0000,0.0000,-0.0207
13958,gimbal,dynamic,none,25.2904,19.69,13.96,0.0953,0.1414,25.3749,0.8838,2.824,HOLD,0.0000,0.0000,0.0000,-0.0207
13958,gimbal,dynamic,none,25.3367,19.88,13.96,0.0967,0.1400,25.4225,0.8860,2.824,HOLD,0.0000,0.0000,0.0000,-0.0207
13958,gimbal,dynamic,none,25.3841,20.06,13.96,0.0972,0.1386,25.4703,0.8883,2.824,HOLD,0.0000,0.0000,0.0000,-0.0207
13958,gimbal,dynamic,none,25.4319,20.24,13.96,0.0975,0.1373,25.5183,0.8908,2.824,HOLD,0.0000,0.0000,0.0000,-0.0207
13958,gimbal,dynamic,none,25.4801,20.40,13.96,0.0976,0.1358,25.5665,0.8935,2.824,HOLD,0.0000,0.0000,0.0000,-0.0207
13958,gimbal,dynamic,none,25.5290,20.56,13.96,0.0973,0.1343,25.6149,0.8963,2.824,HOLD,0.0000,0.0000,0.0000,-0.0207
13958,gimbal,dynamic,none,25.5784,20.72,13.96,0.0965,0.1324,25.6634,0.8993,2.824,HOLD,0.0000,0.0000,0.0000,-0.0207
13958,gimbal,dynamic,none,25.6277,20.87,13.96,0.0960,0.1310,25.7121,0.9024,2.824,HOLD,0.0000,0.0000,0.0000,-0.0207
13958,gimbal,dynamic,none,25.6768,21.01,13.96,0.0960,0.1299,25.7610,0.9057,2.824,HOLD,0.0000,0.0000,0.0000,-0.0207
13958,gimbal,dynamic,none,25.7256,21.14,13.96,0.0962,0.1291,25.8100,0.9090,2.824,HOLD,0.0000,0.0000,0.0000,-0.0207
13958,gimbal,dynamic,none,25.7744,21.26,13.96,0.0967,0.1283,25.8592,0.9125,2.824,HOLD,0.0000,0.0000,0.0000,-0.0207
13958,gimbal,dynamic,none,25.8237,21.37,13.96,0.0968,0.1280,25.9085,0.9161,2.824,HOLD,0.0000,0.0000,0.0000,-0.0207
13958,gimbal,dynamic,none,25.8734,21.47,13.96,0.0966,0.1271,25.9578,0.9198,2.824,HOLD,0.0000,0.0000,0.0000,-0.0207
13958,gimbal,dynamic,none,25.9236,21.56,13.96,0.0960,0.1260,26.0073,0.9236,2.824,HOLD,0.0000,0.0000,0.0000,-0.0207
13958,gimbal,dynamic,none,25.9742,21.64,13.96,0.0952,0.1247,26.0569,0.9274,2.824,HOLD,0.0000,0.0000,0.0000,-0.0207
13958,gimbal,dynamic,none,26.0248,21.71,13.96,0.0943,0.1231,26.1066,0.9313,2.824,HOLD,0.0000,0.0000,0.0000,-0.0207
13958,gimbal,dynamic,none,26.0750,21.76,13.96,0.0940,0.1218,26.1564,0.9353,2.824,HOLD,0.0000,0.0000,0.0000,-0.0207
13958,gimbal,dynamic,none,26.1251,21.80,13.96,0.0939,0.1211,26.2062,0.9393,2.824,HOLD,0.0000,0.0000,0.0000,-0.0207
13958,gimbal,dynamic,none,26.1754,21.83,13.96,0.0935,0.1209,26.2560,0.9434,2.824,HOLD,0.0000,0.0000,0.0000,-0.0207
13958,gimbal,dynamic,none,26.2259,21.84,13.96,0.0930,0.1212,26.3060,0.9474,2.824,HOLD,0.0000,0.0000,0.0000,-0.0207
13958,gimbal,dynamic,none,26.2763,21.85,13.96,0.0927,0.1219,26.3559,0.9515,2.824,HOLD,0.0000,0.0000,0.0000,-0.0207
13958,gimbal,dynamic,none,26.3263,21.83,13.96,0.0928,0.1224,26.4059,0.9556,2.824,HOLD,0.0000,0.0000,0.0000,-0.0207
13958,gimbal,dynamic,none,26.3758,21.81,13.96,0.0934,0.1232,26.4559,0.9597,2.824,HOLD,0.0000,0.0000,0.0000,-0.0207
13958,gimbal,dynamic,none,26.4254,21.77,13.96,0.0938,0.1243,26.5059,0.9637,2.824,HOLD,0.0000,0.0000,0.0000,-0.0207
13958,gimbal,dynamic,none,26.4760,21.72,13.96,0.0933,0.1254,26.5559,0.9677,2.824,HOLD,0.0000,0.0000,0.0000,-0.0207
13958,gimbal,dynamic,none,26.5272,21.65,13.96,0.0922,0.1259,26.6059,0.9716,2.824,HOLD,0.0000,0.0000,0.0000,-0.0207
13958,gimbal,dynamic,none,26.5780,21.57,13.96,0.0914,0.1258,26.6558,0.9755,2.824,HOLD,0.0000,0.0000,0.0000,-0.0207
13958,gimbal,dynamic,none,26.6281,21.47,13.96,0.0914,0.1252,26.7057,0.9793,2.824,HOLD,0.0000,0.0000,0.0000,-0.0207
13958,gimbal,dynamic,none,26.6778,21.36,13.96,0.0916,0.1241,26.7556,0.9830,2.824,HOLD,0.0000,0.0000,0.0000,-0.0207
13958,gimbal,dynamic,none,26.7276,21.24,13.96,0.0918,0.1229,26.8054,0.9865,2.824,HOLD,0.0000,0.0000,0.0000,-0.0207
13958,gimbal,dynamic,none,26.7773,21.09,13.96,0.0920,0.1211,26.8552,0.9900,2.824,HOLD,0.0000,0.0000,0.0000,-0.0207
13958,gimbal,dynamic,none,26.8270,20.93,13.96,0.0921,0.1197,26.9049,0.9933,2.824,HOLD,0.0000,0.0000,0.0000,-0.0207
13958,gimbal,dynamic,none,26.8768,20.76,13.96,0.0921,0.1189,26.9545,0.9964,2.824,HOLD,0.0000,0.0000,0.0000,-0.0207
13958,gimbal,dynamic,none,26.9264,20.56,13.96,0.0920,0.1186,27.0040,0.9994,2.824,HOLD,0.0000,0.0000,0.0000,-0.0207
13958,gimbal,dynamic,none,26.9756,20.35,13.96,0.0923,0.1186,27.0534,1.0022,2.824,HOLD,0.0000,0.0000,0.0000,-0.0207
13958,gimbal,dynamic,none,27.0245,20.12,13.96,0.0928,0.1185,27.1027,1.0048,2.824,HOLD,0.0000,0.0000,0.0000,-0.0207
13958,gimbal,dynamic,none,27.0731,19.88,13.96,0.0933,0.1187,27.1519,1.0072,2.824,HOLD,0.0000,0.0000,0.0000,-0.0207
13958,gimbal,dynamic,none,27.1214,19.61,13.96,0.0941,0.1194,27.2009,1.0094,2.824,HOLD,0.0000,0.0000,0.0000,-0.0207
13958,gimbal,dynamic,none,27.1690,19.33,13.96,0.0954,0.1201,27.2498,1.0113,2.824,HOLD,0.0000,0.0000,0.0000,-0.0207
13958,gimbal,dynamic,none,27.2164,19.03,13.96,0.0967,0.1202,27.2985,1.0130,2.824,HOLD,0.0000,0.0000,0.0000,-0.0207
13958,gimbal,dynamic,none,27.2637,18.72,13.96,0.0981,0.1203,27.3471,1.0144,2.824,HOLD,0.0000,0.0000,0.0000,-0.0207
13958,gimbal,dynamic,none,27.3109,18.39,13.96,0.0993,0.1202,27.3955,1.0155,2.824,HOLD,0.0000,0.0000,0.0000,-0.0207
13958,gimbal,dynamic,none,27.3574,18.04,13.96,0.1010,0.1197,27.4438,1.0163,2.824,HOLD,0.0000,0.0000,0.0000,-0.0207
13958,gimbal,dynamic,none,27.4033,17.68,13.96,0.1033,0.1186,27.4918,1.0168,2.824,HOLD,0.0000,0.0000,0.0000,-0.0207
13958,gimbal,dynamic,none,27.4486,17.30,13.96,0.1058,0.1172,27.5396,1.0171,2.824,HOLD,0.0000,0.0000,0.0000,-0.0207
13958,gimbal,dynamic,none,27.4938,16.90,13.96,0.1082,0.1155,27.5873,1.0169,2.824,HOLD,0.0000,0.0000,0.0000,-0.0207
13958,gimbal,dynamic,none,27.5394,16.48,13.96,0.1100,0.1148,27.6347,1.0165,2.824,HOLD,0.0000,0.0000,0.0000,-0.0207
13958,gimbal,dynamic,none,27.5855,16.04,13.96,0.1111,0.1147,27.6819,1.0157,2.824,HOLD,0.0000,0.0000,0.0000,-0.0207
13958,gimbal,dynamic,none,27.6317,15.59,13.96,0.1117,0.1158,27.7288,1.0145,2.824,HOLD,0.0000,0.0000,0.0000,-0.0207
13958,gimbal,dynamic,none,27.6775,15.12,13.96,0.1125,0.1175,27.7755,1.0129,2.824,HOLD,0.0000,0.0000,0.0000,-0.0207
13958,gimbal,dynamic,none,27.7225,14.63,13.96,0.1138,0.1198,27.8220,1.0110,2.824,HOLD,0.0000,0.0000,0.0000,-0.0207
13958,gimbal,dynamic,none,27.7671,14.13,13.96,0.1153,0.1221,27.8682,1.0087,2.824,HOLD,0.0000,0.0000,0.0000,-0.0207
13958,gimbal,dynamic,none,27.8110,13.61,13.96,0.1171,0.1250,27.9141,1.0060,2.824,HOLD,0.0000,0.0000,0.0000,-0.0207
13958,gimbal,dynamic,none,27.8546,13.07,13.96,0.1190,0.1279,27.9598,1.0028,2.824,HOLD,0.0000,0.0000,0.0000,-0.0207
13958,gimbal,dynamic,none,27.8979,12.52,13.96,0.1208,0.1301,28.0052,0.9993,2.824,HOLD,0.0000,0.0000,0.0000,-0.0207
13958,gimbal,dynamic,none,27.9409,11.95,13.96,0.1227,0.1317,28.0502,0.9953,2.824,HOLD,0.0000,0.0000,0.0000,-0.0207
13958,gimbal,dynamic,none,27.9834,11.38,13.96,0.1247,0.1329,28.0950,0.9910,2.824,HOLD,0.0000,0.0000,0.0000,-0.0207
13958,gimbal,dynamic,none,28.0255,10.79,13.96,0.1269,0.1335,28.1395,0.9861,2.824,HOLD,0.0000,0.0000,0.0000,-0.0207
13958,gimbal,dynamic,none,28.0673,10.18,13.96,0.1291,0.1333,28.1836,0.9809,2.824,HOLD,0.0000,0.0000,0.0000,-0.0207
13958,gimbal,dynamic,none,28.1090,9.56,13.96,0.1310,0.1326,28.2274,0.9752,2.824,HOLD,0.0000,0.0000,0.0000,-0.0207
13958,gimbal,dynamic,none,28.1506,8.93,13.96,0.1328,0.1309,28.2709,0.9690,2.824,HOLD,0.0000,0.0000,0.0000,-0.0207
13958,gimbal,dynamic,none,28.1924,8.28,13.96,0.1340,0.1289,28.3140,0.9624,2.824,HOLD,0.0000,0.0000,0.0000,-0.0207
13958,gimbal,dynamic,none,28.2342,7.62,13.96,0.1348,0.1271,28.3568,0.9554,2.824,HOLD,0.0000,0.0000,0.0000,-0.0207
13958,gimbal,dynamic,none,28.2761,6.95,13.96,0.1351,0.1259,28.3993,0.9479,2.824,HOLD,0.0000,0.0000,0.0000,-0.0207
13958,gimbal,dynamic,none,28.3184,6.27,13.96,0.1347,0.1246,28.4414,0.9400,2.824,HOLD,0.0000,0.0000,0.0000,-0.0207
13958,gimbal,dynamic,none,28.3612,5.58,13.96,0.1334,0.1235,28.4831,0.9316,2.824,HOLD,0.0000,0.0000,0.0000,-0.0207
13958,gimbal,dynamic,none,28.4048,4.88,13.96,0.1309,0.1221,28.5244,0.9228,2.824,HOLD,0.0000,0.0000,0.0000,-0.0207
13958,gimbal,dynamic,none,28.4479,4.17,13.96,0.1286,0.1209,28.5654,0.9135,2.824,HOLD,0.0000,0.0000,0.0000,-0.0207
13958,gimbal,dynamic,none,28.4899,3.46,13.96,0.1269,0.1200,28.6059,0.9037,2.824,HOLD,0.0000,0.0000,0.0000,-0.0207
13958,gimbal,dynamic,none,28.5304,2.74,13.96,0.1262,0.1191,28.6461,0.8936,2.824,HOLD,0.0000,0.0000,0.0000,-0.0207
13958,gimbal,dynamic,none,28.5694,2.01,13.96,0.1267,0.1180,28.6859,0.8830,2.824,HOLD,0.0000,0.0000,0.0000,-0.0207
13958,gimbal,dynamic,none,28.6071,1.28,13.96,0.1282,0.1168,28.7253,0.8720,2.824,HOLD,0.0000,0.0000,0.0000,-0.0207
13958,gimbal,dynamic,none,28.6435,0.55,13.96,0.1304,0.1154,28.7642,0.8605,2.824,HOLD,0.0000,0.0000,0.0000,-0.0207
13958,gimbal,dynamic,none,28.6794,-0.18,13.96,0.1327,0.1142,28.8027,0.8486,2.824,HOLD,0.0000,0.0000,0.0000,-0.0207
13958,gimbal,dynamic,none,28.7148,-0.92,13.96,0.1351,0.1134,28.8409,0.8364,2.824,HOLD,0.0000,0.0000,0.0000,-0.0207
13958,gimbal,dynamic,none,28.7496,-1.65,13.96,0.1377,0.1128,28.8785,0.8237,2.824,HOLD,0.0000,0.0000,0.0000,-0.0207
13958,gimbal,dynamic,none,28.7840,-2.39,13.96,0.1403,0.1127,28.9158,0.8107,2.824,HOLD,0.0000,0.0000,0.0000,-0.0207
13958,gimbal,dynamic,none,28.8179,-3.12,13.96,0.1428,0.1129,28.9526,0.7972,2.824,HOLD,0.0000,0.0000,0.0000,-0.0207
13958,gimbal,dynamic,none,28.8513,-3.85,13.96,0.1455,0.1130,28.9890,0.7834,2.824,HOLD,0.0000,0.0000,0.0000,-0.0207
13958,gimbal,dynamic,none,28.8846,-4.57,13.96,0.1478,0.1131,29.0249,0.7693,2.824,HOLD,0.0000,0.0000,0.0000,-0.0207
13958,gimbal,dynamic,none,28.9175,-5.30,13.96,0.1500,0.1135,29.0604,0.7548,2.824,HOLD,0.0000,0.0000,0.0000,-0.0207
13958,gimbal,dynamic,none,28.9500,-6.01,13.96,0.1522,0.1140,29.0954,0.7400,2.824,HOLD,0.0000,0.0000,0.0000,-0.0207
13958,gimbal,dynamic,none,28.9825,-6.72,13.96,0.1538,0.1143,29.1299,0.7248,2.824,HOLD,0.0000,0.0000,0.0000,-0.0207
13958,gimbal,dynamic,none,29.0151,-7.42,13.96,0.1551,0.1146,29.1640,0.7094,2.824,HOLD,0.0000,0.0000,0.0000,-0.0207
13958,gimbal,dynamic,none,29.0473,-8.11,13.96,0.1562,0.1147,29.1977,0.6937,2.824,HOLD,0.0000,0.0000,0.0000,-0.0207
13958,gimbal,dynamic,none,29.0792,-8.78,13.96,0.1570,0.1147,29.2308,0.6777,2.824,HOLD,0.0000,0.0000,0.0000,-0.0207
13958,gimbal,dynamic,none,29.1109,-9.39,13.96,0.1577,0.1144,29.2635,0.6615,2.824,HOLD,0.0000,0.0000,0.0000,-0.0207
13958,gimbal,dynamic,none,29.1430,-9.39,13.96,0.1575,0.1137,29.2957,0.6454,2.824,HOLD,0.0000,0.0000,0.0000,-0.0207
13958,gimbal,dynamic,none,29.1755,-9.39,13.96,0.1564,0.1129,29.3274,0.6295,2.824,HOLD,0.0000,0.0000,0.0000,-0.0207
13958,gimbal,dynamic,none,29.2079,-9.39,13.96,0.1550,0.1126,29.3587,0.6139,2.824,HOLD,0.0000,0.0000,0.0000,-0.0207
13958,gimbal,dynamic,none,29.2404,-9.39,13.96,0.1530,0.1123,29.3894,0.5985,2.824,HOLD,0.0000,0.0000,0.0000,-0.0207
13958,gimbal,dynamic,none,29.2724,-9.39,13.96,0.1511,0.1117,29.4197,0.5834,2.824,HOLD,0.0000,0.0000,0.0000,-0.0207
13958,gimbal,dynamic,none,29.3037,-9.39,13.96,0.1493,0.1106,29.4494,0.5685,2.824,HOLD,0.0000,0.0000,0.0000,-0.0207
13958,gimbal,dynamic,none,29.3344,-9.39,13.96,0.1477,0.1095,29.4787,0.5539,2.824,HOLD,0.0000,0.0000,0.0000,-0.0207
13958,gimbal,dynamic,none,29.3647,-9.39,13.96,0.1460,0.1079,29.5075,0.5395,2.824,HOLD,0.0000,0.0000,0.0000,-0.0207
13958,gimbal,dynamic,none,29.3948,-9.39,13.96,0.1440,0.1061,29.5358,0.5253,2.824,HOLD,0.0000,0.0000,0.0000,-0.0207
13958,gimbal,dynamic,none,29.4251,-9.39,13.96,0.1414,0.1043,29.5636,0.5114,2.824,HOLD,0.0000,0.0000,0.0000,-0.0207
13958,gimbal,dynamic,none,29.4543,-9.39,13.96,0.1392,0.1024,29.5909,0.4978,2.824,HOLD,0.0000,0.0000,0.0000,-0.0207
13958,gimbal,dynamic,none,29.4830,-9.39,13.96,0.1372,0.1001,29.6177,0.4844,2.824,HOLD,0.0000,0.0000,0.0000,-0.0207
13958,gimbal,dynamic,none,29.5108,-9.39,13.96,0.1356,0.0983,29.6440,0.4712,2.824,HOLD,0.0000,0.0000,0.0000,-0.0207
13958,gimbal,dynamic,none,29.5378,-9.39,13.96,0.1342,0.0966,29.6698,0.4583,2.824,HOLD,0.0000,0.0000,0.0000,-0.0207
13958,gimbal,dynamic,none,29.5645,-9.39,13.96,0.1327,0.0953,29.6951,0.4457,2.824,HOLD,0.0000,0.0000,0.0000,-0.0207
13958,gimbal,dynamic,none,29.5908,-9.39,13.96,0.1311,0.0940,29.7199,0.4333,2.824,HOLD,0.0000,0.0000,0.0000,-0.0207
13958,gimbal,dynamic,none,29.6168,-9.39,13.96,0.1293,0.0924,29.7442,0.4211,2.824,HOLD,0.0000,0.0000,0.0000,-0.0207
13958,gimbal,dynamic,none,29.6424,-9.39,13.96,0.1273,0.0909,29.7681,0.4092,2.824,HOLD,0.0000,0.0000,0.0000,-0.0207
13958,gimbal,dynamic,none,29.6679,-9.39,13.96,0.1250,0.0895,29.7914,0.3976,2.824,HOLD,0.0000,0.0000,0.0000,-0.0207
13958,gimbal,dynamic,none,29.6937,-9.39,13.96,0.1220,0.0883,29.8142,0.3862,2.824,HOLD,0.0000,0.0000,0.0000,-0.0207
13958,gimbal,dynamic,none,29.7186,-9.39,13.96,0.1193,0.0873,29.8365,0.3750,2.824,HOLD,0.0000,0.0000,0.0000,-0.0207
13958,gimbal,dynamic,none,29.7426,-9.39,13.96,0.1170,0.0860,29.8583,0.3641,2.824,HOLD,0.0000,0.0000,0.0000,-0.0207
13958,gimbal,dynamic,none,29.7649,-9.39,13.96,0.1159,0.0849,29.8796,0.3534,2.824,HOLD,0.0000,0.0000,0.0000,-0.0207
13958,gimbal,dynamic,none,29.7859,-9.39,13.96,0.1157,0.0839,29.9004,0.3430,2.824,HOLD,0.0000,0.0000,0.0000,-0.0207
13958,gimbal,dynamic,none,29.8052,-9.39,13.96,0.1166,0.0828,29.9208,0.3329,2.824,HOLD,0.0000,0.0000,0.0000,-0.0207
13958,gimbal,dynamic,none,29.8232,-9.39,13.96,0.1184,0.0817,29.9406,0.3229,2.824,HOLD,0.0000,0.0000,0.0000,-0.0207
13958,gimbal,dynamic,none,29.8397,-9.39,13.96,0.1211,0.0804,29.9600,0.3133,2.824,HOLD,0.0000,0.0000,0.0000,-0.0207
13958,gimbal,dynamic,none,29.8565,-9.39,13.96,0.1232,0.0789,29.9788,0.3038,2.824,HOLD,0.0000,0.0000,0.0000,-0.0207
13958,gimbal,dynamic,none,29.8737,-9.39,13.96,0.1243,0.0774,29.9972,0.2946,2.824,HOLD,0.0000,0.0000,0.0000,-0.0207
13958,gimbal,dynamic,none,29.8910,-9.39,13.96,0.1249,0.0757,30.0151,0.2857,2.824,HOLD,0.0000,0.0000,0.0000,-0.0207
13958,gimbal,dynamic,none,29.9086,-9.39,13.96,0.1246,0.0736,30.0325,0.2770,2.824,HOLD,0.0000,0.0000,0.0000,-0.0207
13958,gimbal,dynamic,none,29.9271,-9.39,13.96,0.1231,0.0707,30.0495,0.2685,2.824,HOLD,0.0000,0.0000,0.0000,-0.0207
13958,gimbal,dynamic,none,29.9454,-9.39,13.96,0.1212,0.0678,30.0660,0.2603,2.824,HOLD,0.0000,0.0000,0.0000,-0.0207
13958,gimbal,dynamic,none,29.9638,-9.39,13.96,0.1188,0.0649,30.0820,0.2523,2.824,HOLD,0.0000,0.0000,0.0000,-0.0207
13958,gimbal,dynamic,none,29.9818,-9.39,13.96,0.1163,0.0628,30.0975,0.2445,2.824,HOLD,0.0000,0.0000,0.0000,-0.0207
13958,gimbal,dynamic,none,29.9996,-9.40,13.96,0.1136,0.0610,30.1126,0.2369,2.824,HOLD,0.0000,0.0000,0.0000,-0.0207
13958,gimbal,dynamic,none,30.0169,-9.40,13.96,0.1108,0.0602,30.1272,0.2296,2.824,HOLD,0.0000,0.0000,0.0000,-0.0207
13958,gimbal,dynamic,none,30.0343,-9.40,13.96,0.1075,0.0604,30.1414,0.2225,2.824,HOLD,0.0000,0.0000,0.0000,-0.0207
13958,gimbal,dynamic,none,30.0510,-9.40,13.96,0.1046,0.0612,30.1551,0.2157,2.824,HOLD,0.0000,0.0000,0.0000,-0.0207
13958,gimbal,dynamic,none,30.0669,-9.40,13.96,0.1019,0.0625,30.1684,0.2090,2.824,HOLD,0.0000,0.0000,0.0000,-0.0207
13958,gimbal,dynamic,none,30.0813,-9.40,13.96,0.1003,0.0644,30.1813,0.2026,2.824,HOLD,0.0000,0.0000,0.0000,-0.0207
13958,gimbal,dynamic,none,30.0949,-8.38,13.96,0.0990,0.0670,30.1937,0.1965,2.824,HOLD,0.0000,0.0000,0.0000,-0.0207
13958,gimbal,dynamic,none,30.1079,-6.36,13.96,0.0980,0.0704,30.2057,0.1911,2.824,HOLD,0.0000,0.0000,0.0000,-0.0207
13958,gimbal,dynamic,none,30.1198,-4.05,13.96,0.0976,0.0749,30.2172,0.1865,2.824,HOLD,0.0000,0.0000,0.0000,-0.0207
13958,gimbal,dynamic,none,30.1304,-1.40,13.96,0.0981,0.0793,30.2284,0.1825,2.824,HOLD,0.0000,0.0000,0.0000,-0.0207
13958,gimbal,dynamic,none,30.1400,1.60,13.96,0.0992,0.0840,30.2391,0.1793,2.824,HOLD,0.0000,0.0000,0.0000,-0.0207
13958,gimbal,dynamic,none,30.1491,5.02,13.96,0.1004,0.0875,30.2494,0.1769,2.824,HOLD,0.0000,0.0000,0.0000,-0.0207
13958,gimbal,dynamic,none,30.1578,8.88,13.96,0.1016,0.0900,30.2593,0.1752,2.824,HOLD,0.0000,0.0000,0.0000,-0.0207
13958,gimbal,dynamic,none,30.1662,13.21,13.96,0.1028,0.0911,30.2688,0.1743,2.824,HOLD,0.0000,0.0000,0.0000,-0.0207
13958,gimbal,dynamic,none,30.1739,18.01,13.96,0.1042,0.0918,30.2780,0.1742,2.824,HOLD,0.0000,0.0000,0.0000,-0.0207
13958,gimbal,dynamic,none,30.1817,23.25,13.96,0.1051,0.0921,30.2867,0.1748,2.824,HOLD,0.0000,0.0000,0.0000,-0.0207
13958,gimbal,dynamic,none,30.1896,28.89,13.96,0.1056,0.0924,30.2951,0.1763,2.824,HOLD,0.0000,0.0000,0.0000,-0.0207
13958,gimbal,dynamic,none,30.1972,34.82,13.96,0.1060,0.0928,30.3031,0.1785,2.824,HOLD,0.0000,0.0000,0.0000,-0.0207
13958,gimbal,dynamic,none,30.2037,40.90,13.96,0.1071,0.0935,30.3107,0.1815,2.824,HOLD,0.0000,0.0000,0.0000,-0.0207
13958,gimbal,dynamic,none,30.2095,43.75,13.96,0.1086,0.0941,30.3180,0.1851,2.824,HOLD,0.0000,0.0000,0.0000,-0.0207
13958,gimbal,dynamic,none,30.2152,43.74,13.96,0.1099,0.0946,30.3249,0.1886,2.824,HOLD,0.0000,0.0000,0.0000,-0.0207
13958,gimbal,dynamic,none,30.2204,43.74,13.96,0.1113,0.0950,30.3315,0.1919,2.824,HOLD,0.0000,0.0000,0.0000,-0.0207
13958,gimbal,dynamic,none,30.2249,43.74,13.96,0.1130,0.0956,30.3378,0.1950,2.824,HOLD,0.0000,0.0000,0.0000,-0.0207
13958,gimbal,dynamic,none,30.2291,43.74,13.96,0.1148,0.0964,30.3437,0.1980,2.824,HOLD,0.0000,0.0000,0.0000,-0.0207
13958,gimbal,dynamic,none,30.2326,43.74,13.96,0.1169,0.0972,30.3493,0.2008,2.824,HOLD,0.0000,0.0000,0.0000,-0.0207
13958,gimbal,dynamic,none,30.2359,43.74,13.96,0.1189,0.0983,30.3546,0.2034,2.824,HOLD,0.0000,0.0000,0.0000,-0.0207
13958,gimbal,dynamic,none,30.2384,43.74,13.96,0.1214,0.0999,30.3596,0.2059,2.824,HOLD,0.0000,0.0000,0.0000,-0.0207
13958,gimbal,dynamic,none,30.2411,43.74,13.96,0.1234,0.1011,30.3643,0.2083,2.824,HOLD,0.0000,0.0000,0.0000,-0.0207
13958,gimbal,dynamic,none,30.2446,43.74,13.96,0.1243,0.1022,30.3687,0.2105,2.824,HOLD,0.0000,0.0000,0.0000,-0.0207
13958,gimbal,dynamic,none,30.2486,43.73,13.96,0.1244,0.1034,30.3728,0.2125,2.824,HOLD,0.0000,0.0000,0.0000,-0.0207
13958,gimbal,dynamic,none,30.2527,43.73,13.96,0.1242,0.1046,30.3767,0.2145,2.824,HOLD,0.0000,0.0000,0.0000,-0.0207
13958,gimbal,dynamic,none,30.2564,43.73,13.96,0.1241,0.1055,30.3803,0.2163,2.824,HOLD,0.0000,0.0000,0.0000,-0.0207
13958,gimbal,dynamic,none,30.2606,43.73,13.96,0.1232,0.1060,30.3836,0.2179,2.824,HOLD,0.0000,0.0000,0.0000,-0.0207
13958,gimbal,dynamic,none,30.2648,43.73,13.96,0.1221,0.1059,30.3867,0.2195,2.824,HOLD,0.0000,0.0000,0.0000,-0.0207
13958,gimbal,dynamic,none,30.2686,43.73,13.96,0.1212,0.1054,30.3896,0.2209,2.824,HOLD,0.0000,0.0000,0.0000,-0.0207
13958,gimbal,dynamic,none,30.2720,43.73,13.96,0.1204,0.1048,30.3922,0.2222,2.824,HOLD,0.0000,0.0000,0.0000,-0.0207
13958,gimbal,dynamic,none,30.2756,43.74,13.96,0.1193,0.1038,30.3946,0.2234,2.824,HOLD,0.0000,0.0000,0.0000,-0.0207
13958,gimbal,dynamic,none,30.2794,43.74,13.96,0.1177,0.1026,30.3968,0.2245,2.824,HOLD,0.0000,0.0000,0.0000,-0.0207
13958,gimbal,dynamic,none,30.2833,43.74,13.96,0.1158,0.1019,30.3988,0.2255,2.824,HOLD,0.0000,0.0000,0.0000,-0.0207
13958,gimbal,dynamic,none,30.2874,43.74,13.96,0.1135,0.1018,30.4006,0.2265,2.824,HOLD,0.0000,0.0000,0.0000,-0.0207
13958,gimbal,dynamic,none,30.2918,43.75,13.96,0.1107,0.1026,30.4023,0.2273,2.824,HOLD,0.0000,0.0000,0.0000,-0.0207
13958,gimbal,dynamic,none,30.2963,43.75,13.96,0.1077,0.1041,30.4037,0.2280,2.824,HOLD,0.0000,0.0000,0.0000,-0.0207
13958,gimbal,dynamic,none,30.3020,43.75,13.96,0.1033,0.1060,30.4050,0.2286,2.824,HOLD,0.0000,0.0000,0.0000,-0.0207
13958,gimbal,dynamic,none,30.3076,43.75,13.96,0.0988,0.1081,30.4062,0.2292,2.824,HOLD,0.0000,0.0000,0.0000,-0.0207
13958,gimbal,dynamic,none,30.3135,43.75,13.96,0.0939,0.1102,30.4072,0.2297,2.824,HOLD,0.0000,0.0000,0.0000,-0.0207
13958,gimbal,dynamic,none,30.3185,43.75,13.96,0.0898,0.1118,30.4080,0.2301,2.824,HOLD,0.0000,0.0000,0.0000,-0.0207
13958,gimbal,dynamic,none,30.3225,43.75,13.96,0.0865,0.1133,30.4088,0.2305,2.824,HOLD,0.0000,0.0000,0.0000,-0.0207
13958,gimbal,dynamic,none,30.3253,43.75,13.96,0.0843,0.1145,30.4094,0.2308,2.824,HOLD,0.0000,0.0000,0.0000,-0.0207
13958,gimbal,dynamic,none,30.3272,43.75,13.96,0.0829,0.1156,30.4099,0.2311,2.824,HOLD,0.0000,0.0000,0.0000,-0.0207
13958,gimbal,dynamic,none,30.3283,43.75,13.96,0.0822,0.1168,30.4103,0.2313,2.824,HOLD,0.0000,0.0000,0.0000,-0.0207
13958,gimbal,dynamic,none,30.3283,43.75,13.96,0.0825,0.1184,30.4106,0.2314,2.824,HOLD,0.0000,0.0000,0.0000,-0.0207
13958,gimbal,dynamic,none,30.3285,43.75,13.96,0.0826,0.1196,30.4109,0.2316,2.824,HOLD,0.0000,0.0000,0.0000,-0.0207
13958,gimbal,dynamic,none,30.3288,43.75,13.96,0.0825,0.1203,30.4111,0.2317,2.824,HOLD,0.0000,0.0000,0.0000,-0.0207
13958,gimbal,dynamic,none,30.3292,43.75,13.96,0.0822,0.1203,30.4112,0.2317,2.824,HOLD,0.0000,0.0000,0.0000,-0.0207
13958,gimbal,dynamic,none,30.3296,43.75,13.96,0.0819,0.1201,30.4113,0.2318,2.824,HOLD,0.0000,0.0000,0.0000,-0.0207
13958,gimbal,dynamic,none,30.3295,43.74,13.96,0.0820,0.1194,30.4113,0.2318,2.824,HOLD,0.0000,0.0000,0.0000,-0.0207
13958,gimbal,dynamic,none,30.3291,43.74,13.96,0.0825,0.1182,30.4114,0.2318,2.824,HOLD,0.0000,0.0000,0.0000,-0.0207
13958,gimbal,dynamic,none,30.3282,43.74,13.96,0.0834,0.1162,30.4114,0.2318,2.824,HOLD,0.0000,0.0000,0.0000,-0.0207
13958,gimbal,dynamic,none,30.3271,43.74,13.96,0.0845,0.1136,30.4114,0.2318,2.824,HOLD,0.0000,0.0000,0.0000,-0.0207
13958,gimbal,dynamic,none,30.3258,43.74,13.96,0.0858,0.1106,30.4114,0.2318,2.824,HOLD,0.0000,0.0000,0.0000,-0.0207
13958,gimbal,dynamic,none,30.3241,43.74,13.96,0.0875,0.1080,30.4114,0.2318,2.824,HOLD,0.0000,0.0000,0.0000,-0.0207
13958,gimbal,dynamic,none,30.3223,43.74,13.96,0.0894,0.1069,30.4114,0.2318,2.824,HOLD,0.0000,0.0000,0.0000,-0.0207
13958,gimbal,dynamic,none,30.3198,43.74,13.96,0.0920,0.1069,30.4115,0.2319,2.824,HOLD,0.0000,0.0000,0.0000,-0.0207
13958,gimbal,dynamic,none,30.3173,43.74,13.96,0.0945,0.1075,30.4116,0.2319,2.824,HOLD,0.0000,0.0000,0.0000,-0.0207
13958,gimbal,dynamic,none,30.3140,43.74,13.96,0.0981,0.1090,30.4118,0.2320,2.824,HOLD,0.0000,0.0000,0.0000,-0.0207
