time_ms,scenario,drone_x,drone_y,drone_yaw_rad,rotation_error_deg,altitude_m,pixel_err_x,pixel_err_y,ground_err_m,forward_err_m,lateral_err_m,gimbal_norm,locked,state,last_cmd_pitch,last_cmd_roll,last_cmd_yaw_vel,last_cmd_thrust
70,dynamic,-0.4579,0.7508,0.0109,67.45,1.899,-1.9033,-0.5546,1.9824,-1.9103,-0.5299,0.000,1,SEARCH,0.0000,0.0000,0.0000,0.1197
167,dynamic,-0.4606,0.7496,0.0073,0.00,1.903,0.0000,0.0000,0.0000,0.0000,0.0000,0.000,0,SEARCH,0.0000,0.0000,0.0000,0.1208
274,dynamic,-0.4632,0.7489,0.0030,0.00,1.906,0.0000,0.0000,0.0000,0.0000,0.0000,0.000,0,SEARCH,0.0000,0.0000,0.0000,0.1218
373,dynamic,-0.4642,0.7485,0.0002,57.99,1.909,-1.7560,-0.2249,1.7703,-1.7560,-0.2241,0.000,1,SEARCH,0.0000,0.0000,0.0000,0.1227
468,dynamic,-0.4666,0.7499,0.0009,58.27,1.909,-1.7117,-0.1460,1.7179,-1.7117,-0.1467,0.000,1,SEARCH,0.0000,0.0000,0.0000,0.1228
577,dynamic,-0.4674,0.7508,6.2815,58.27,1.912,-1.7117,-0.1460,1.7179,-1.7118,-0.1452,0.000,1,SEARCH,0.0000,0.0000,0.0000,0.1235
673,dynamic,-0.4667,0.7495,6.2815,52.08,1.914,-1.6201,0.0246,1.6203,-1.6201,0.0222,0.000,1,SEARCH,0.0000,0.0000,0.0000,0.1241
767,dynamic,-0.4662,0.7457,6.2792,48.12,1.916,-1.4932,0.1215,1.4982,-1.4936,0.1170,0.000,1,SEARCH,0.0000,0.0000,0.0000,0.1248
872,dynamic,-0.4663,0.7423,6.2781,48.12,1.917,-1.4932,0.1215,1.4982,-1.4939,0.1137,0.000,1,SEARCH,0.0000,0.0000,0.0000,0.1250
968,dynamic,-0.4668,0.7403,6.2758,48.79,1.917,-1.4254,0.2530,1.4477,-1.4267,0.2459,0.000,1,SEARCH,0.0000,0.0000,0.0000,0.1252
1070,dynamic,-0.4675,0.7366,6.2720,48.79,1.917,-1.4254,0.2530,1.4477,-1.4279,0.2385,0.000,1,SEARCH,0.0000,0.0000,0.0000,0.1251
1167,dynamic,-0.4691,0.7345,6.2682,44.14,1.919,-1.4071,0.3240,1.4439,-1.4109,0.3072,0.000,1,SEARCH,0.0000,0.0000,0.0000,0.1256
1274,dynamic,-0.4724,0.7351,6.2664,44.14,1.919,-1.4071,0.3240,1.4439,-1.4126,0.2992,0.000,1,SEARCH,0.0000,0.0000,0.0000,0.1258
1369,dynamic,-0.4763,0.7388,6.2625,44.47,1.920,-1.4123,0.3917,1.4656,-1.4193,0.3654,0.000,1,SEARCH,0.0000,0.0000,0.0000,0.1261
1469,dynamic,-0.4800,0.7450,6.2611,44.53,1.924,-1.3779,0.4076,1.4369,-1.3857,0.3800,0.000,1,SEARCH,0.0000,0.0000,0.0000,0.1271
1571,dynamic,-0.4831,0.7502,6.2612,44.92,1.928,-1.3505,0.4259,1.4161,-1.3591,0.3974,0.000,1,SEARCH,0.0000,0.0000,0.0000,0.1283
1668,dynamic,-0.4876,0.7542,6.2619,46.13,1.931,-1.3012,0.4380,1.3729,-1.3096,0.4122,0.000,1,SEARCH,0.0000,0.0000,0.0000,0.1293
1771,dynamic,-0.4924,0.7601,6.2679,46.13,1.934,-1.3012,0.4380,1.3729,-1.3089,0.4145,0.000,1,SEARCH,0.0000,0.0000,0.0000,0.1302
1867,dynamic,-0.4955,0.7653,6.2691,45.84,1.935,-1.2736,0.4210,1.3413,-1.2796,0.4023,0.000,1,SEARCH,0.0000,0.0000,0.0000,0.1306
1970,dynamic,-0.4984,0.7694,6.2724,45.84,1.937,-1.2736,0.4210,1.3413,-1.2788,0.4048,0.000,1,SEARCH,0.0000,0.0000,0.0000,0.1311
2074,dynamic,-0.5021,0.7744,6.2756,41.16,1.937,-1.2328,0.3878,1.2923,-1.2364,0.3760,0.000,1,SEARCH,0.0000,0.0000,0.0000,0.1312
2168,dynamic,-0.5048,0.7788,6.2753,42.89,1.939,-1.2278,0.4000,1.2913,-1.2306,0.3912,0.000,1,SEARCH,0.0000,0.0000,0.0000,0.1318
2273,dynamic,-0.5085,0.7821,6.2757,43.40,1.940,-1.2411,0.3687,1.2947,-1.2441,0.3586,0.000,1,SEARCH,0.0000,0.0000,0.0000,0.1321
2370,dynamic,-0.5135,0.7853,6.2756,42.85,1.945,-1.2461,0.3633,1.2980,-1.2487,0.3544,0.000,1,SEARCH,0.0000,0.0000,0.0000,0.1334
2467,dynamic,-0.5179,0.7872,6.2765,43.51,1.945,-1.2435,0.3664,1.2963,-1.2466,0.3555,0.000,1,SEARCH,0.0000,0.0000,0.0000,0.1336
2568,dynamic,-0.5219,0.7904,6.2720,43.28,1.944,-1.1821,0.3911,1.2451,-1.1861,0.3788,0.000,1,SEARCH,0.0000,0.0000,0.0000,0.1331
2668,dynamic,-0.5253,0.7943,6.2715,43.28,1.943,-1.1821,0.3911,1.2451,-1.1869,0.3763,0.000,1,SEARCH,0.0000,0.0000,0.0000,0.1329
2770,dynamic,-0.5258,0.7951,6.2691,43.28,1.943,-1.1821,0.3911,1.2451,-1.1872,0.3754,0.000,1,SEARCH,0.0000,0.0000,0.0000,0.1330
2873,dynamic,-0.5254,0.7931,6.2704,55.05,1.942,-1.0402,0.5344,1.1694,-1.0472,0.5205,0.000,1,SEARCH,0.0000,0.0000,0.0000,0.1325
2967,dynamic,-0.5248,0.7895,6.2727,56.47,1.938,-0.9703,0.5689,1.1248,-0.9765,0.5582,0.000,1,SEARCH,0.0000,0.0000,0.0000,0.1314
3073,dynamic,-0.5259,0.7858,6.2776,56.47,1.933,-0.9703,0.5689,1.1248,-0.9753,0.5602,0.000,1,SEARCH,0.0000,0.0000,0.0000,0.1300
3167,dynamic,-0.5293,0.7847,6.2795,52.12,1.927,-1.0146,0.5996,1.1785,-1.0179,0.5940,0.000,1,SEARCH,0.0000,0.0000,0.0000,0.1282
3272,dynamic,-0.5357,0.7880,0.0013,52.12,1.923,-1.0146,0.5996,1.1785,-1.0151,0.5987,0.000,1,SEARCH,0.0000,0.0000,0.0000,0.1268
3367,dynamic,-0.5441,0.7946,0.0079,50.93,1.920,-1.0158,0.6052,1.1824,-1.0124,0.6109,0.000,1,SEARCH,0.0000,0.0000,0.0000,0.1261
3469,dynamic,-0.5543,0.8043,0.0138,50.93,1.917,-1.0158,0.6052,1.1824,-1.0080,0.6181,0.000,1,SEARCH,0.0000,0.0000,0.0000,0.1251
3568,dynamic,-0.5667,0.8138,0.0192,45.35,1.915,-0.9331,0.4726,1.0459,-0.9247,0.4887,0.000,1,SEARCH,0.0000,0.0000,0.0000,0.1244
3668,dynamic,-0.5765,0.8201,0.0211,45.35,1.912,-0.9331,0.4726,1.0459,-0.9233,0.4914,0.000,1,SEARCH,0.0000,0.0000,0.0000,0.1237
3771,dynamic,-0.5915,0.8302,0.0232,45.35,1.911,-0.9331,0.4726,1.0459,-0.9223,0.4933,0.000,1,SEARCH,0.0000,0.0000,0.0000,0.1234
3868,dynamic,-0.6059,0.8393,0.0275,46.14,1.909,-0.8727,0.3359,0.9351,-0.8637,0.3585,0.000,1,SEARCH,0.0000,0.0000,0.0000,0.1226
3967,dynamic,-0.6195,0.8489,0.0279,43.72,1.910,-0.8685,0.3350,0.9309,-0.8586,0.3598,0.000,1,SEARCH,0.0000,0.0000,0.0000,0.1229
4070,dynamic,-0.6334,0.8568,0.0283,43.72,1.909,-0.8685,0.3350,0.9309,-0.8589,0.3591,0.000,1,SEARCH,0.0000,0.0000,0.0000,0.1226
4174,dynamic,-0.6468,0.8638,0.0235,44.58,1.907,-0.8594,0.3049,0.9119,-0.8514,0.3266,0.000,1,SEARCH,0.0000,0.0000,0.0000,0.1222
4267,dynamic,-0.6598,0.8708,0.0197,44.17,1.906,-0.7972,0.2790,0.8446,-0.7911,0.2958,0.000,1,SEARCH,0.0000,0.0000,0.0000,0.1217
4368,dynamic,-0.6711,0.8768,0.0162,44.17,1.907,-0.7972,0.2790,0.8446,-0.7921,0.2932,0.000,1,SEARCH,0.0000,0.0000,0.0000,0.1220
4473,dynamic,-0.6836,0.8818,0.0107,44.68,1.907,-0.7650,0.3199,0.8292,-0.7614,0.3285,0.000,1,SEARCH,0.0000,0.0000,0.0000,0.1222
4568,dynamic,-0.6964,0.8905,0.0051,45.59,1.907,-0.7537,0.3350,0.8248,-0.7512,0.3404,0.000,1,SEARCH,0.0000,0.0000,0.0000,0.1222
4670,dynamic,-0.7092,0.8989,0.0025,46.22,1.907,-0.7830,0.3857,0.8728,-0.7808,0.3902,0.000,1,SEARCH,0.0000,0.0000,0.0000,0.1220
4769,dynamic,-0.7242,0.9082,0.0019,46.22,1.907,-0.7830,0.3857,0.8728,-0.7819,0.3880,0.000,1,SEARCH,0.0000,0.0000,0.0000,0.1222
4869,dynamic,-0.7390,0.9176,0.0025,46.22,1.908,-0.7830,0.3857,0.8728,-0.7820,0.3877,0.000,1,SEARCH,0.0000,0.0000,0.0000,0.1224
4971,dynamic,-0.7550,0.9268,0.0056,0.00,1.911,0.0000,0.0000,0.0000,0.0000,0.0000,0.000,0,SEARCH,0.0000,0.0000,0.0000,0.1232
5068,dynamic,-0.7713,0.9362,0.0086,43.60,1.911,-0.6814,0.4301,0.8058,-0.6775,0.4362,0.000,1,SEARCH,0.0000,0.0000,0.0000,0.1234
5167,dynamic,-0.7862,0.9424,0.0123,43.60,1.913,-0.6814,0.4301,0.8058,-0.6769,0.4373,0.000,1,SEARCH,0.0000,0.0000,0.0000,0.1238
5268,dynamic,-0.8011,0.9478,0.0131,43.60,1.911,-0.6814,0.4301,0.8058,-0.6760,0.4386,0.000,1,SEARCH,0.0000,0.0000,0.0000,0.1234
5367,dynamic,-0.8132,0.9519,0.0115,40.72,1.911,-0.7022,0.4559,0.8372,-0.6968,0.4641,0.000,1,SEARCH,0.0000,0.0000,0.0000,0.1233
5468,dynamic,-0.8322,0.9600,0.0102,32.21,1.907,-0.5405,0.6496,0.8451,-0.5324,0.6562,0.000,1,SEARCH,0.0000,0.0000,0.0000,0.1222
5567,dynamic,-0.8473,0.9659,0.0096,32.21,1.905,-0.5405,0.6496,0.8451,-0.5340,0.6550,0.000,1,SEARCH,0.0000,0.0000,0.0000,0.1214
5670,dynamic,-0.8622,0.9709,0.0049,24.21,1.903,-0.4799,0.9681,1.0805,-0.4752,0.9704,0.000,1,SEARCH,0.0000,0.0000,0.0000,0.1209
5768,dynamic,-0.8778,0.9750,0.0040,24.21,1.904,-0.4799,0.9681,1.0805,-0.4773,0.9694,0.000,1,SEARCH,0.0000,0.0000,0.0000,0.1212
5867,dynamic,-0.8930,0.9804,0.0004,0.00,1.903,0.0000,0.0000,0.0000,0.0000,0.0000,0.000,0,SEARCH,0.0000,0.0000,0.0000,0.1209
5967,dynamic,-0.9076,0.9833,6.2828,0.00,1.905,0.0000,0.0000,0.0000,0.0000,0.0000,0.000,0,SEARCH,0.0000,0.0000,0.0000,0.1214
6077,dynamic,-0.9225,0.9853,6.2807,27.48,1.905,-0.3664,1.4375,1.4834,-0.3669,1.4374,0.000,1,SEARCH,0.0000,0.0000,0.0000,0.1215
6168,dynamic,-0.9369,0.9894,6.2778,0.00,1.908,0.0000,0.0000,0.0000,0.0000,0.0000,0.000,0,SEARCH,0.0000,0.0000,0.0000,0.1224
6267,dynamic,-0.9510,0.9945,6.2745,0.00,1.906,0.0000,0.0000,0.0000,0.0000,0.0000,0.000,0,SEARCH,0.0000,0.0000,0.0000,0.1218
6368,dynamic,-0.9639,1.0007,6.2721,0.00,1.909,0.0000,0.0000,0.0000,0.0000,0.0000,0.000,0,SEARCH,0.0000,0.0000,0.0000,0.1227
6470,dynamic,-0.9753,1.0064,6.2674,0.00,1.911,0.0000,0.0000,0.0000,0.0000,0.0000,0.000,0,SEARCH,0.0000,0.0000,0.0000,0.1233
6567,dynamic,-0.9882,1.0141,6.2662,0.00,1.913,0.0000,0.0000,0.0000,0.0000,0.0000,0.000,0,SEARCH,0.0000,0.0000,0.0000,0.1238
6675,dynamic,-1.0002,1.0224,6.2659,0.00,1.913,0.0000,0.0000,0.0000,0.0000,0.0000,0.000,0,SEARCH,0.0000,0.0000,0.0000,0.1240
6769,dynamic,-1.0119,1.0316,6.2667,29.39,1.917,-0.9436,1.6587,1.9084,-0.9734,1.6415,0.000,1,SEARCH,0.0000,0.0000,0.0000,0.1250
6874,dynamic,-1.0246,1.0422,6.2685,29.39,1.916,-0.9436,1.6587,1.9084,-0.9702,1.6433,0.000,1,SEARCH,0.0000,0.0000,0.0000,0.1247
6968,dynamic,-1.0362,1.0495,6.2722,27.96,1.918,-0.9361,1.6555,1.9018,-0.9565,1.6438,0.000,1,SEARCH,0.0000,0.0000,0.0000,0.1253
7070,dynamic,-1.0482,1.0567,6.2761,26.53,1.920,-0.9176,1.6901,1.9231,-0.9329,1.6817,0.000,1,SEARCH,0.0000,0.0000,0.0000,0.1259
7171,dynamic,-1.0621,1.0658,6.2790,24.72,1.925,-0.9340,1.7606,1.9931,-0.9418,1.7565,0.000,1,SEARCH,0.0000,0.0000,0.0000,0.1274
7267,dynamic,-1.0755,1.0777,6.2810,0.00,1.926,0.0000,0.0000,0.0000,0.0000,0.0000,0.000,0,SEARCH,0.0000,0.0000,0.0000,0.1279
7369,dynamic,-1.0881,1.0905,0.0008,0.00,1.929,0.0000,0.0000,0.0000,0.0000,0.0000,0.000,0,SEARCH,0.0000,0.0000,0.0000,0.1287
7470,dynamic,-1.1010,1.1025,0.0055,24.70,1.926,-0.9190,1.6914,1.9249,-0.9122,1.6950,0.000,1,SEARCH,0.0000,0.0000,0.0000,0.1279
7569,dynamic,-1.1119,1.1126,0.0069,24.31,1.924,-0.8979,1.6943,1.9175,-0.8891,1.6990,0.000,1,SEARCH,0.0000,0.0000,0.0000,0.1273
7670,dynamic,-1.1240,1.1243,0.0057,23.53,1.921,-0.9113,1.6663,1.8992,-0.9020,1.6714,0.000,1,SEARCH,0.0000,0.0000,0.0000,0.1263
7768,dynamic,-1.1360,1.1332,0.0046,22.52,1.920,-0.8891,1.6109,1.8400,-0.8819,1.6149,0.000,1,SEARCH,0.0000,0.0000,0.0000,0.1261
7868,dynamic,-1.1510,1.1445,0.0041,22.44,1.915,-0.8890,1.6064,1.8360,-0.8832,1.6096,0.000,1,SEARCH,0.0000,0.0000,0.0000,0.1246
7967,dynamic,-1.1657,1.1540,0.0036,0.00,1.910,0.0000,0.0000,0.0000,0.0000,0.0000,0.000,0,SEARCH,0.0000,0.0000,0.0000,0.1230
8071,dynamic,-1.1793,1.1626,0.0042,0.00,1.903,0.0000,0.0000,0.0000,0.0000,0.0000,0.000,0,SEARCH,0.0000,0.0000,0.0000,0.1210
8171,dynamic,-1.1913,1.1736,0.0019,23.20,1.899,-0.7827,1.5748,1.7586,-0.7778,1.5772,0.000,1,SEARCH,0.0000,0.0000,0.0000,0.1198
8268,dynamic,-1.2046,1.1880,0.0014,22.23,1.896,-0.6939,1.5914,1.7361,-0.6911,1.5927,0.000,1,SEARCH,0.0000,0.0000,0.0000,0.1189
8376,dynamic,-1.2154,1.2011,0.0017,22.23,1.893,-0.6939,1.5914,1.7361,-0.6905,1.5929,0.000,1,SEARCH,0.0000,0.0000,0.0000,0.1179
8473,dynamic,-1.2270,1.2123,6.2819,22.16,1.891,-0.6258,1.5801,1.6996,-0.6238,1.5809,0.000,1,SEARCH,0.0000,0.0000,0.0000,0.1173
8567,dynamic,-1.2372,1.2204,6.2828,23.07,1.891,-0.6179,1.5928,1.7084,-0.6180,1.5928,0.000,1,SEARCH,0.0000,0.0000,0.0000,0.1172
8671,dynamic,-1.2535,1.2339,6.2818,23.07,1.889,-0.6179,1.5928,1.7084,-0.6211,1.5915,0.000,1,SEARCH,0.0000,0.0000,0.0000,0.1166
8774,dynamic,-1.2665,1.2468,0.0005,22.13,1.889,-0.6644,1.5593,1.6949,-0.6629,1.5599,0.000,1,SEARCH,0.0000,0.0000,0.0000,0.1167
8874,dynamic,-1.2809,1.2621,0.0017,22.43,1.888,-0.6534,1.5455,1.6779,-0.6514,1.5463,0.000,1,SEARCH,0.0000,0.0000,0.0000,0.1163
8967,dynamic,-1.2951,1.2767,0.0027,23.50,1.887,-0.6538,1.5140,1.6491,-0.6490,1.5160,0.000,1,SEARCH,0.0000,0.0000,0.0000,0.1162
9069,dynamic,-1.3098,1.2904,0.0049,23.50,1.886,-0.6538,1.5140,1.6491,-0.6468,1.5170,0.000,1,SEARCH,0.0000,0.0000,0.0000,0.1159
9174,dynamic,-1.3203,1.3008,0.0066,23.50,1.886,-0.6538,1.5140,1.6491,-0.6436,1.5183,0.000,1,SEARCH,0.0000,0.0000,0.0000,0.1159
9267,dynamic,-1.3361,1.3157,0.0100,21.34,1.882,-0.5335,1.4860,1.5789,-0.5204,1.4907,0.000,1,SEARCH,0.0000,0.0000,0.0000,0.1145
9368,dynamic,-1.3494,1.3275,0.0130,21.34,1.880,-0.5335,1.4860,1.5789,-0.5175,1.4917,0.000,1,SEARCH,0.0000,0.0000,0.0000,0.1140
9469,dynamic,-1.3604,1.3366,0.0137,0.00,1.876,0.0000,0.0000,0.0000,0.0000,0.0000,0.000,0,SEARCH,0.0000,0.0000,0.0000,0.1127
9567,dynamic,-1.3720,1.3450,0.0133,21.13,1.873,-0.5340,1.4189,1.5160,-0.5145,1.4261,0.000,1,SEARCH,0.0000,0.0000,0.0000,0.1120
9667,dynamic,-1.3843,1.3519,0.0132,21.13,1.870,-0.5340,1.4189,1.5160,-0.5117,1.4270,0.000,1,SEARCH,0.0000,0.0000,0.0000,0.1110
9768,dynamic,-1.3951,1.3560,0.0132,20.54,1.872,-0.5144,1.4324,1.5220,-0.4910,1.4406,0.000,1,SEARCH,0.0000,0.0000,0.0000,0.1117
9875,dynamic,-1.4078,1.3600,0.0130,19.62,1.869,-0.5542,1.4074,1.5125,-0.5360,1.4144,0.000,1,SEARCH,0.0000,0.0000,0.0000,0.1108
9967,dynamic,-1.4183,1.3639,0.0123,20.92,1.869,-0.5085,1.4157,1.5043,-0.4912,1.4218,0.000,1,SEARCH,0.0000,0.0000,0.0000,0.1106
10068,dynamic,-1.4283,1.3705,0.0134,19.91,1.865,-0.5080,1.4012,1.4904,-0.4884,1.4081,0.000,1,SEARCH,0.0000,0.0000,0.0000,0.1094
10170,dynamic,-1.4369,1.3756,0.0117,19.91,1.863,-0.5080,1.4012,1.4904,-0.4917,1.4070,0.000,1,SEARCH,0.0000,0.0000,0.0000,0.1090
10272,dynamic,-1.4450,1.3810,0.0162,20.98,1.858,-0.4647,1.4234,1.4973,-0.4461,1.4293,0.000,1,SEARCH,0.0000,0.0000,0.0000,0.1074
10368,dynamic,-1.4536,1.3876,0.0148,19.49,1.849,-0.4576,1.3931,1.4663,-0.4379,1.3994,0.000,1,SEARCH,0.0000,0.0000,0.0000,0.1048
10478,dynamic,-1.4618,1.3964,0.0154,0.00,1.841,0.0000,0.0000,0.0000,0.0000,0.0000,0.000,0,SEARCH,0.0000,0.0000,0.0000,0.1022
10567,dynamic,-1.4680,1.4054,0.0129,19.53,1.841,-0.3761,1.3713,1.4219,-0.3580,1.3761,0.000,1,SEARCH,0.0000,0.0000,0.0000,0.1022
10676,dynamic,-1.4747,1.4137,0.0123,19.53,1.839,-0.3761,1.3713,1.4219,-0.3595,1.3757,0.000,1,SEARCH,0.0000,0.0000,0.0000,0.1017
10773,dynamic,-1.4825,1.4214,0.0095,18.89,1.838,-0.3711,1.3496,1.3996,-0.3569,1.3534,0.000,1,SEARCH,0.0000,0.0000,0.0000,0.1015
10867,dynamic,-1.4923,1.4298,0.0056,20.00,1.835,-0.3933,1.3428,1.3992,-0.3839,1.3455,0.000,1,SEARCH,0.0000,0.0000,0.0000,0.1004
10970,dynamic,-1.5018,1.4394,0.0012,20.00,1.830,-0.3933,1.3428,1.3992,-0.3907,1.3436,0.000,1,SEARCH,0.0000,0.0000,0.0000,0.0989
11072,dynamic,-1.5132,1.4517,6.2823,0.00,1.828,0.0000,0.0000,0.0000,0.0000,0.0000,0.000,0,SEARCH,0.0000,0.0000,0.0000,0.0983
11178,dynamic,-1.5250,1.4633,6.2775,0.00,1.828,0.0000,0.0000,0.0000,0.0000,0.0000,0.000,0,SEARCH,0.0000,0.0000,0.0000,0.0983
11269,dynamic,-1.5368,1.4753,6.2788,20.56,1.823,-0.2592,1.3663,1.3906,-0.2659,1.3650,0.000,1,SEARCH,0.0000,0.0000,0.0000,0.0969
11368,dynamic,-1.5492,1.4865,6.2783,20.32,1.822,-0.1929,1.3785,1.3919,-0.2011,1.3773,0.000,1,SEARCH,0.0000,0.0000,0.0000,0.0966
11471,dynamic,-1.5640,1.4998,6.2772,20.32,1.822,-0.1929,1.3785,1.3919,-0.2012,1.3773,0.000,1,SEARCH,0.0000,0.0000,0.0000,0.0965
11567,dynamic,-1.5771,1.5089,6.2757,0.00,1.823,0.0000,0.0000,0.0000,0.0000,0.0000,0.000,0,SEARCH,0.0000,0.0000,0.0000,0.0969
11679,dynamic,-1.5910,1.5151,6.2753,0.00,1.822,0.0000,0.0000,0.0000,0.0000,0.0000,0.000,0,SEARCH,0.0000,0.0000,0.0000,0.0965
11767,dynamic,-1.6069,1.5186,6.2731,0.00,1.819,0.0000,0.0000,0.0000,0.0000,0.0000,0.000,0,SEARCH,0.0000,0.0000,0.0000,0.0958
11868,dynamic,-1.6247,1.5200,6.2750,0.00,1.810,0.0000,0.0000,0.0000,0.0000,0.0000,0.000,0,SEARCH,0.0000,0.0000,0.0000,0.0931
11968,dynamic,-1.6400,1.5206,6.2747,0.00,1.811,0.0000,0.0000,0.0000,0.0000,0.0000,0.000,0,SEARCH,0.0000,0.0000,0.0000,0.0934
12068,dynamic,-1.6548,1.5191,6.2716,0.00,1.807,0.0000,0.0000,0.0000,0.0000,0.0000,0.000,0,SEARCH,0.0000,0.0000,0.0000,0.0920
12173,dynamic,-1.6694,1.5149,6.2683,0.00,1.809,0.0000,0.0000,0.0000,0.0000,0.0000,0.000,0,SEARCH,0.0000,0.0000,0.0000,0.0926
12272,dynamic,-1.6843,1.5116,6.2705,21.29,1.807,-0.0050,1.4536,1.4536,-0.0245,1.4534,0.000,1,SEARCH,0.0000,0.0000,0.0000,0.0920
12368,dynamic,-1.6977,1.5105,6.2719,21.12,1.805,0.0355,1.5070,1.5074,0.0164,1.5074,0.000,1,SEARCH,0.0000,0.0000,0.0000,0.0915
12467,dynamic,-1.7120,1.5111,6.2750,0.00,1.801,0.0000,0.0000,0.0000,0.0000,0.0000,0.000,0,SEARCH,0.0000,0.0000,0.0000,0.0903
12570,dynamic,-1.7248,1.5134,6.2801,0.00,1.802,0.0000,0.0000,0.0000,0.0000,0.0000,0.000,0,SEARCH,0.0000,0.0000,0.0000,0.0907
12671,dynamic,-1.7348,1.5143,0.0015,21.62,1.802,0.0944,1.5123,1.5153,0.0932,1.5124,0.000,1,SEARCH,0.0000,0.0000,0.0000,0.0905
12767,dynamic,-1.7425,1.5141,0.0072,19.71,1.804,0.0982,1.4884,1.4916,0.1031,1.4881,0.000,1,SEARCH,0.0000,0.0000,0.0000,0.0911
12871,dynamic,-1.7522,1.5147,0.0135,19.71,1.802,0.0982,1.4884,1.4916,0.1155,1.4872,0.000,1,SEARCH,0.0000,0.0000,0.0000,0.0905
12967,dynamic,-1.7611,1.5154,0.0174,0.00,1.803,0.0000,0.0000,0.0000,0.0000,0.0000,0.000,0,SEARCH,0.0000,0.0000,0.0000,0.0910
13067,dynamic,-1.7697,1.5147,0.0226,0.00,1.801,0.0000,0.0000,0.0000,0.0000,0.0000,0.000,0,SEARCH,0.0000,0.0000,0.0000,0.0904
13172,dynamic,-1.7802,1.5143,0.0267,0.00,1.803,0.0000,0.0000,0.0000,0.0000,0.0000,0.000,0,SEARCH,0.0000,0.0000,0.0000,0.0910
13279,dynamic,-1.7906,1.5139,0.0268,0.00,1.801,0.0000,0.0000,0.0000,0.0000,0.0000,0.000,0,SEARCH,0.0000,0.0000,0.0000,0.0902
13369,dynamic,-1.8010,1.5145,0.0271,0.00,1.802,0.0000,0.0000,0.0000,0.0000,0.0000,0.000,0,SEARCH,0.0000,0.0000,0.0000,0.0906
13467,dynamic,-1.8113,1.5167,0.0268,19.02,1.800,-0.0748,1.3373,1.3393,-0.0387,1.3388,0.000,1,SEARCH,0.0000,0.0000,0.0000,0.0899
13573,dynamic,-1.8227,1.5181,0.0269,19.02,1.799,-0.0748,1.3373,1.3393,-0.0404,1.3387,0.000,1,SEARCH,0.0000,0.0000,0.0000,0.0896
13686,dynamic,-1.8309,1.5192,0.0287,19.44,1.797,-0.0683,1.3617,1.3634,-0.0296,1.3631,0.000,1,SEARCH,0.0000,0.0000,0.0000,0.0892
13767,dynamic,-1.8430,1.5188,0.0287,18.16,1.805,-0.0289,1.3481,1.3484,0.0089,1.3484,0.000,1,SEARCH,0.0000,0.0000,0.0000,0.0914
13875,dynamic,-1.8529,1.5168,0.0300,18.16,1.812,-0.0289,1.3481,1.3484,0.0116,1.3484,0.000,1,SEARCH,0.0000,0.0000,0.0000,0.0935
13967,dynamic,-1.8655,1.5138,0.0273,17.04,1.815,-0.0302,1.3247,1.3251,0.0082,1.3251,0.000,1,SEARCH,0.0000,0.0000,0.0000,0.0946
14079,dynamic,-1.8806,1.5113,0.0225,17.04,1.811,-0.0302,1.3247,1.3251,0.0004,1.3251,0.000,1,SEARCH,0.0000,0.0000,0.0000,0.0934
14169,dynamic,-1.8962,1.5081,0.0116,0.00,1.808,0.0000,0.0000,0.0000,0.0000,0.0000,0.000,0,SEARCH,0.0000,0.0000,0.0000,0.0924
14273,dynamic,-1.9122,1.5048,0.0057,0.00,1.806,0.0000,0.0000,0.0000,0.0000,0.0000,0.000,0,SEARCH,0.0000,0.0000,0.0000,0.0917
14367,dynamic,-1.9279,1.5007,6.2826,17.82,1.810,0.0007,1.4088,1.4088,0.0039,1.4088,0.000,1,SEARCH,0.0000,0.0000,0.0000,0.0929
14469,dynamic,-1.9433,1.4970,6.2759,17.82,1.812,0.0007,1.4088,1.4088,-0.0070,1.4088,0.000,1,SEARCH,0.0000,0.0000,0.0000,0.0935
14576,dynamic,-1.9590,1.4951,6.2702,22.87,1.814,0.2871,1.6531,1.6778,0.2689,1.6561,0.000,1,SEARCH,0.0000,0.0000,0.0000,0.0943
14667,dynamic,-1.9751,1.4940,6.2658,22.98,1.817,0.3743,1.7459,1.7855,0.3441,1.7520,0.000,1,SEARCH,0.0000,0.0000,0.0000,0.0950
14775,dynamic,-1.9904,1.4940,6.2630,22.98,1.820,0.3743,1.7459,1.7855,0.3427,1.7523,0.000,1,SEARCH,0.0000,0.0000,0.0000,0.0961
14869,dynamic,-2.0087,1.4953,6.2609,23.34,1.822,0.3372,1.8013,1.8326,0.2950,1.8087,0.000,1,SEARCH,0.0000,0.0000,0.0000,0.0965
14968,dynamic,-2.0257,1.4989,6.2609,23.34,1.821,0.3372,1.8013,1.8326,0.2955,1.8086,0.000,1,SEARCH,0.0000,0.0000,0.0000,0.0964
15081,dynamic,-2.0428,1.5039,6.2554,24.37,1.820,0.4263,1.8743,1.9221,0.3797,1.8843,0.000,1,SEARCH,0.0000,0.0000,0.0000,0.0961
15167,dynamic,-2.0594,1.5080,6.2527,24.67,1.822,0.5066,1.8796,1.9467,0.4480,1.8944,0.000,1,SEARCH,0.0000,0.0000,0.0000,0.0966
15276,dynamic,-2.0726,1.5114,6.2483,24.67,1.819,0.5066,1.8796,1.9467,0.4422,1.8958,0.000,1,SEARCH,0.0000,0.0000,0.0000,0.0958
15372,dynamic,-2.0923,1.5156,6.2429,25.46,1.824,0.4793,1.9196,1.9785,0.4027,1.9371,0.000,1,SEARCH,0.0000,0.0000,0.0000,0.0971
15468,dynamic,-2.1083,1.5208,6.2398,0.00,1.824,0.0000,0.0000,0.0000,0.0000,0.0000,0.000,0,SEARCH,0.0000,0.0000,0.0000,0.0972
15567,dynamic,-2.1230,1.5283,6.2407,0.00,1.826,0.0000,0.0000,0.0000,0.0000,0.0000,0.000,0,SEARCH,0.0000,0.0000,0.0000,0.0979
15667,dynamic,-2.1347,1.5356,6.2426,30.09,1.825,0.6246,2.0456,2.1388,0.5402,2.0695,0.000,1,SEARCH,0.0000,0.0000,0.0000,0.0975
15769,dynamic,-2.1443,1.5419,6.2483,30.09,1.824,0.6246,2.0456,2.1388,0.5485,2.0673,0.000,1,SEARCH,0.0000,0.0000,0.0000,0.0973
15870,dynamic,-2.1552,1.5494,6.2566,0.00,1.824,0.0000,0.0000,0.0000,0.0000,0.0000,0.000,0,SEARCH,0.0000,0.0000,0.0000,0.0972
15971,dynamic,-2.1638,1.5548,6.2619,0.00,1.825,0.0000,0.0000,0.0000,0.0000,0.0000,0.000,0,SEARCH,0.0000,0.0000,0.0000,0.0975
16068,dynamic,-2.1747,1.5593,6.2673,0.00,1.823,0.0000,0.0000,0.0000,0.0000,0.0000,0.000,0,SEARCH,0.0000,0.0000,0.0000,0.0969
16170,dynamic,-2.1869,1.5671,6.2753,0.00,1.823,0.0000,0.0000,0.0000,0.0000,0.0000,0.000,0,SEARCH,0.0000,0.0000,0.0000,0.0970
16269,dynamic,-2.1989,1.5746,6.2809,0.00,1.821,0.0000,0.0000,0.0000,0.0000,0.0000,0.000,0,SEARCH,0.0000,0.0000,0.0000,0.0962
16377,dynamic,-2.2102,1.5805,0.0046,0.00,1.821,0.0000,0.0000,0.0000,0.0000,0.0000,0.000,0,SEARCH,0.0000,0.0000,0.0000,0.0964
16467,dynamic,-2.2248,1.5907,0.0116,0.00,1.818,0.0000,0.0000,0.0000,0.0000,0.0000,0.000,0,SEARCH,0.0000,0.0000,0.0000,0.0954
16570,dynamic,-2.2405,1.5983,0.0131,0.00,1.821,0.0000,0.0000,0.0000,0.0000,0.0000,0.000,0,SEARCH,0.0000,0.0000,0.0000,0.0963
16674,dynamic,-2.2562,1.6040,0.0180,0.00,1.824,0.0000,0.0000,0.0000,0.0000,0.0000,0.000,0,SEARCH,0.0000,0.0000,0.0000,0.0971
16767,dynamic,-2.2728,1.6088,0.0184,0.00,1.834,0.0000,0.0000,0.0000,0.0000,0.0000,0.000,0,SEARCH,0.0000,0.0000,0.0000,0.1003
16876,dynamic,-2.2910,1.6149,0.0199,0.00,1.839,0.0000,0.0000,0.0000,0.0000,0.0000,0.000,0,SEARCH,0.0000,0.0000,0.0000,0.1018
16969,dynamic,-2.3084,1.6221,0.0171,27.97,1.844,0.7447,1.5930,1.7585,0.7702,1.5809,0.000,1,SEARCH,0.0000,0.0000,0.0000,0.1031
17073,dynamic,-2.3198,1.6282,0.0177,0.00,1.844,0.0000,0.0000,0.0000,0.0000,0.0000,0.000,0,SEARCH,0.0000,0.0000,0.0000,0.1031
17175,dynamic,-2.3387,1.6386,0.0152,27.64,1.847,0.7898,1.6143,1.7972,0.8164,1.6011,0.000,1,SEARCH,0.0000,0.0000,0.0000,0.1042
17277,dynamic,-2.3552,1.6472,0.0144,0.00,1.846,0.0000,0.0000,0.0000,0.0000,0.0000,0.000,0,SEARCH,0.0000,0.0000,0.0000,0.1039
17367,dynamic,-2.3692,1.6562,0.0115,0.00,1.848,0.0000,0.0000,0.0000,0.0000,0.0000,0.000,0,SEARCH,0.0000,0.0000,0.0000,0.1045
17471,dynamic,-2.3804,1.6649,0.0119,0.00,1.848,0.0000,0.0000,0.0000,0.0000,0.0000,0.000,0,SEARCH,0.0000,0.0000,0.0000,0.1045
17573,dynamic,-2.3963,1.6775,0.0130,27.46,1.851,0.9901,1.6135,1.8931,1.0114,1.6003,0.000,1,SEARCH,0.0000,0.0000,0.0000,0.1052
17684,dynamic,-2.4080,1.6867,0.0147,0.00,1.851,0.0000,0.0000,0.0000,0.0000,0.0000,0.000,0,SEARCH,0.0000,0.0000,0.0000,0.1054
17773,dynamic,-2.4228,1.6986,0.0173,0.00,1.854,0.0000,0.0000,0.0000,0.0000,0.0000,0.000,0,SEARCH,0.0000,0.0000,0.0000,0.1062
17869,dynamic,-2.4337,1.7097,0.0169,0.00,1.854,0.0000,0.0000,0.0000,0.0000,0.0000,0.000,0,SEARCH,0.0000,0.0000,0.0000,0.1062
17968,dynamic,-2.4460,1.7201,0.0147,0.00,1.860,0.0000,0.0000,0.0000,0.0000,0.0000,0.000,0,SEARCH,0.0000,0.0000,0.0000,0.1080
18076,dynamic,-2.4579,1.7321,0.0090,0.00,1.857,0.0000,0.0000,0.0000,0.0000,0.0000,0.000,0,SEARCH,0.0000,0.0000,0.0000,0.1071
18167,dynamic,-2.4690,1.7444,0.0046,0.00,1.857,0.0000,0.0000,0.0000,0.0000,0.0000,0.000,0,SEARCH,0.0000,0.0000,0.0000,0.1072
18270,dynamic,-2.4793,1.7592,6.2797,0.00,1.850,0.0000,0.0000,0.0000,0.0000,0.0000,0.000,0,SEARCH,0.0000,0.0000,0.0000,0.1051
18371,dynamic,-2.4900,1.7756,6.2744,0.00,1.850,0.0000,0.0000,0.0000,0.0000,0.0000,0.000,0,SEARCH,0.0000,0.0000,0.0000,0.1050
18470,dynamic,-2.5005,1.7944,6.2727,0.00,1.846,0.0000,0.0000,0.0000,0.0000,0.0000,0.000,0,SEARCH,0.0000,0.0000,0.0000,0.1038
18573,dynamic,-2.5115,1.8154,6.2713,0.00,1.848,0.0000,0.0000,0.0000,0.0000,0.0000,0.000,0,SEARCH,0.0000,0.0000,0.0000,0.1043
18669,dynamic,-2.5213,1.8359,6.2710,0.00,1.848,0.0000,0.0000,0.0000,0.0000,0.0000,0.000,0,SEARCH,0.0000,0.0000,0.0000,0.1044
18774,dynamic,-2.5295,1.8550,6.2707,0.00,1.851,0.0000,0.0000,0.0000,0.0000,0.0000,0.000,0,SEARCH,0.0000,0.0000,0.0000,0.1053
18875,dynamic,-2.5388,1.8782,6.2700,0.00,1.850,0.0000,0.0000,0.0000,0.0000,0.0000,0.000,0,SEARCH,0.0000,0.0000,0.0000,0.1051
18967,dynamic,-2.5460,1.8983,6.2666,0.00,1.852,0.0000,0.0000,0.0000,0.0000,0.0000,0.000,0,SEARCH,0.0000,0.0000,0.0000,0.1056
19073,dynamic,-2.5538,1.9177,6.2699,0.00,1.850,0.0000,0.0000,0.0000,0.0000,0.0000,0.000,0,SEARCH,0.0000,0.0000,0.0000,0.1049
19173,dynamic,-2.5623,1.9366,6.2728,0.00,1.851,0.0000,0.0000,0.0000,0.0000,0.0000,0.000,0,SEARCH,0.0000,0.0000,0.0000,0.1053
19275,dynamic,-2.5697,1.9571,6.2805,0.00,1.845,0.0000,0.0000,0.0000,0.0000,0.0000,0.000,0,SEARCH,0.0000,0.0000,0.0000,0.1034
19368,dynamic,-2.5750,1.9793,0.0021,0.00,1.844,0.0000,0.0000,0.0000,0.0000,0.0000,0.000,0,SEARCH,0.0000,0.0000,0.0000,0.1032
19469,dynamic,-2.5789,2.0015,0.0100,0.00,1.834,0.0000,0.0000,0.0000,0.0000,0.0000,0.000,0,SEARCH,0.0000,0.0000,0.0000,0.1001
19568,dynamic,-2.5814,2.0253,0.0139,0.00,1.830,0.0000,0.0000,0.0000,0.0000,0.0000,0.000,0,SEARCH,0.0000,0.0000,0.0000,0.0989
19671,dynamic,-2.5825,2.0475,0.0174,0.00,1.825,0.0000,0.0000,0.0000,0.0000,0.0000,0.000,0,SEARCH,0.0000,0.0000,0.0000,0.0974
19773,dynamic,-2.5823,2.0758,0.0169,0.00,1.824,0.0000,0.0000,0.0000,0.0000,0.0000,0.000,0,SEARCH,0.0000,0.0000,0.0000,0.0971
19871,dynamic,-2.5793,2.0995,0.0168,0.00,1.819,0.0000,0.0000,0.0000,0.0000,0.0000,0.000,0,SEARCH,0.0000,0.0000,0.0000,0.0957
19974,dynamic,-2.5761,2.1213,0.0147,0.00,1.821,0.0000,0.0000,0.0000,0.0000,0.0000,0.000,0,SEARCH,0.0000,0.0000,0.0000,0.0963
20068,dynamic,-2.5727,2.1402,0.0148,0.00,1.822,0.0000,0.0000,0.0000,0.0000,0.0000,0.000,0,SEARCH,0.0000,0.0000,0.0000,0.0966
20167,dynamic,-2.5693,2.1575,0.0134,0.00,1.827,0.0000,0.0000,0.0000,0.0000,0.0000,0.000,0,SEARCH,0.0000,0.0000,0.0000,0.0980
20270,dynamic,-2.5659,2.1731,0.0128,0.00,1.832,0.0000,0.0000,0.0000,0.0000,0.0000,0.000,0,SEARCH,0.0000,0.0000,0.0000,0.0996
20370,dynamic,-2.5621,2.1901,0.0127,24.85,1.838,1.0458,0.8536,1.3500,1.0565,0.8404,0.000,1,SEARCH,0.0000,0.0000,0.0000,0.1014
20474,dynamic,-2.5573,2.2071,0.0132,0.00,1.837,0.0000,0.0000,0.0000,0.0000,0.0000,0.000,0,SEARCH,0.0000,0.0000,0.0000,0.1011
20568,dynamic,-2.5534,2.2259,0.0142,0.00,1.839,0.0000,0.0000,0.0000,0.0000,0.0000,0.000,0,SEARCH,0.0000,0.0000,0.0000,0.1017
20679,dynamic,-2.5493,2.2457,0.0171,0.00,1.839,0.0000,0.0000,0.0000,0.0000,0.0000,0.000,0,SEARCH,0.0000,0.0000,0.0000,0.1018
20772,dynamic,-2.5458,2.2689,0.0168,0.00,1.839,0.0000,0.0000,0.0000,0.0000,0.0000,0.000,0,SEARCH,0.0000,0.0000,0.0000,0.1018
20880,dynamic,-2.5431,2.2905,0.0195,0.00,1.832,0.0000,0.0000,0.0000,0.0000,0.0000,0.000,0,SEARCH,0.0000,0.0000,0.0000,0.0995
20979,dynamic,-2.5392,2.3157,0.0208,0.00,1.831,0.0000,0.0000,0.0000,0.0000,0.0000,0.000,0,SEARCH,0.0000,0.0000,0.0000,0.0993
21079,dynamic,-2.5347,2.3373,0.0242,0.00,1.826,0.0000,0.0000,0.0000,0.0000,0.0000,0.000,0,SEARCH,0.0000,0.0000,0.0000,0.0978
21173,dynamic,-2.5293,2.3592,0.0245,0.00,1.827,0.0000,0.0000,0.0000,0.0000,0.0000,0.000,0,SEARCH,0.0000,0.0000,0.0000,0.0982
21269,dynamic,-2.5206,2.3873,0.0221,0.00,1.828,0.0000,0.0000,0.0000,0.0000,0.0000,0.000,0,SEARCH,0.0000,0.0000,0.0000,0.0983
21375,dynamic,-2.5138,2.4096,0.0182,0.00,1.832,0.0000,0.0000,0.0000,0.0000,0.0000,0.000,0,SEARCH,0.0000,0.0000,0.0000,0.0996
21471,dynamic,-2.5069,2.4369,0.0076,0.00,1.832,0.0000,0.0000,0.0000,0.0000,0.0000,0.000,0,SEARCH,0.0000,0.0000,0.0000,0.0996
21570,dynamic,-2.5003,2.4638,6.2788,0.00,1.838,0.0000,0.0000,0.0000,0.0000,0.0000,0.000,0,SEARCH,0.0000,0.0000,0.0000,0.1013
21676,dynamic,-2.4948,2.4891,6.2651,0.00,1.840,0.0000,0.0000,0.0000,0.0000,0.0000,0.000,0,SEARCH,0.0000,0.0000,0.0000,0.1019
21772,dynamic,-2.4925,2.5115,6.2520,0.00,1.844,0.0000,0.0000,0.0000,0.0000,0.0000,0.000,0,SEARCH,0.0000,0.0000,0.0000,0.1032
21874,dynamic,-2.4913,2.5307,6.2418,0.00,1.845,0.0000,0.0000,0.0000,0.0000,0.0000,0.000,0,SEARCH,0.0000,0.0000,0.0000,0.1035
21975,dynamic,-2.4907,2.5468,6.2385,0.00,1.850,0.0000,0.0000,0.0000,0.0000,0.0000,0.000,0,SEARCH,0.0000,0.0000,0.0000,0.1050
22076,dynamic,-2.4927,2.5636,6.2392,0.00,1.851,0.0000,0.0000,0.0000,0.0000,0.0000,0.000,0,SEARCH,0.0000,0.0000,0.0000,0.1054
22170,dynamic,-2.4967,2.5843,6.2430,0.00,1.854,0.0000,0.0000,0.0000,0.0000,0.0000,0.000,0,SEARCH,0.0000,0.0000,0.0000,0.1062
22272,dynamic,-2.5014,2.6017,6.2513,0.00,1.853,0.0000,0.0000,0.0000,0.0000,0.0000,0.000,0,SEARCH,0.0000,0.0000,0.0000,0.1058
22370,dynamic,-2.5035,2.6251,6.2632,0.00,1.853,0.0000,0.0000,0.0000,0.0000,0.0000,0.000,0,SEARCH,0.0000,0.0000,0.0000,0.1059
22471,dynamic,-2.5056,2.6436,6.2733,0.00,1.841,0.0000,0.0000,0.0000,0.0000,0.0000,0.000,0,SEARCH,0.0000,0.0000,0.0000,0.1024
22568,dynamic,-2.5042,2.6630,6.2792,0.00,1.828,0.0000,0.0000,0.0000,0.0000,0.0000,0.000,0,SEARCH,0.0000,0.0000,0.0000,0.0984
22672,dynamic,-2.5035,2.6815,6.2812,0.00,1.813,0.0000,0.0000,0.0000,0.0000,0.0000,0.000,0,SEARCH,0.0000,0.0000,0.0000,0.0938
22770,dynamic,-2.5031,2.7021,6.2775,0.00,1.803,0.0000,0.0000,0.0000,0.0000,0.0000,0.000,0,SEARCH,0.0000,0.0000,0.0000,0.0909
22870,dynamic,-2.5033,2.7204,6.2723,0.00,1.797,0.0000,0.0000,0.0000,0.0000,0.0000,0.000,0,SEARCH,0.0000,0.0000,0.0000,0.0891
22972,dynamic,-2.5016,2.7438,6.2614,0.00,1.795,0.0000,0.0000,0.0000,0.0000,0.0000,0.000,0,SEARCH,0.0000,0.0000,0.0000,0.0885
23073,dynamic,-2.5011,2.7624,6.2543,0.00,1.793,0.0000,0.0000,0.0000,0.0000,0.0000,0.000,0,SEARCH,0.0000,0.0000,0.0000,0.0880
23176,dynamic,-2.4998,2.7817,6.2444,0.00,1.792,0.0000,0.0000,0.0000,0.0000,0.0000,0.000,0,SEARCH,0.0000,0.0000,0.0000,0.0876
23272,dynamic,-2.5002,2.7983,6.2371,0.00,1.784,0.0000,0.0000,0.0000,0.0000,0.0000,0.000,0,SEARCH,0.0000,0.0000,0.0000,0.0853
23374,dynamic,-2.4962,2.8113,6.2324,0.00,1.783,0.0000,0.0000,0.0000,0.0000,0.0000,0.000,0,SEARCH,0.0000,0.0000,0.0000,0.0848
23475,dynamic,-2.4932,2.8230,6.2284,0.00,1.783,0.0000,0.0000,0.0000,0.0000,0.0000,0.000,0,SEARCH,0.0000,0.0000,0.0000,0.0850
23570,dynamic,-2.4876,2.8307,6.2265,0.00,1.786,0.0000,0.0000,0.0000,0.0000,0.0000,0.000,0,SEARCH,0.0000,0.0000,0.0000,0.0858
23671,dynamic,-2.4815,2.8398,6.2286,0.00,1.788,0.0000,0.0000,0.0000,0.0000,0.0000,0.000,0,SEARCH,0.0000,0.0000,0.0000,0.0865
23775,dynamic,-2.4758,2.8458,6.2316,0.00,1.794,0.0000,0.0000,0.0000,0.0000,0.0000,0.000,0,SEARCH,0.0000,0.0000,0.0000,0.0883
23869,dynamic,-2.4695,2.8491,6.2409,0.00,1.800,0.0000,0.0000,0.0000,0.0000,0.0000,0.000,0,SEARCH,0.0000,0.0000,0.0000,0.0899
23968,dynamic,-2.4626,2.8503,6.2494,0.00,1.806,0.0000,0.0000,0.0000,0.0000,0.0000,0.000,0,SEARCH,0.0000,0.0000,0.0000,0.0918
24070,dynamic,-2.4574,2.8503,6.2575,0.00,1.806,0.0000,0.0000,0.0000,0.0000,0.0000,0.000,0,SEARCH,0.0000,0.0000,0.0000,0.0917
24169,dynamic,-2.4503,2.8520,6.2666,0.00,1.804,0.0000,0.0000,0.0000,0.0000,0.0000,0.000,0,SEARCH,0.0000,0.0000,0.0000,0.0911
24272,dynamic,-2.4471,2.8541,6.2739,0.00,1.798,0.0000,0.0000,0.0000,0.0000,0.0000,0.000,0,SEARCH,0.0000,0.0000,0.0000,0.0893
24372,dynamic,-2.4466,2.8586,6.2825,0.00,1.799,0.0000,0.0000,0.0000,0.0000,0.0000,0.000,0,SEARCH,0.0000,0.0000,0.0000,0.0896
24472,dynamic,-2.4502,2.8640,0.0059,0.00,1.798,0.0000,0.0000,0.0000,0.0000,0.0000,0.000,0,SEARCH,0.0000,0.0000,0.0000,0.0895
24569,dynamic,-2.4541,2.8686,0.0107,0.00,1.798,0.0000,0.0000,0.0000,0.0000,0.0000,0.000,0,SEARCH,0.0000,0.0000,0.0000,0.0893
24674,dynamic,-2.4616,2.8730,0.0182,0.00,1.799,0.0000,0.0000,0.0000,0.0000,0.0000,0.000,0,SEARCH,0.0000,0.0000,0.0000,0.0897
24773,dynamic,-2.4675,2.8765,0.0216,0.00,1.801,0.0000,0.0000,0.0000,0.0000,0.0000,0.000,0,SEARCH,0.0000,0.0000,0.0000,0.0902
24871,dynamic,-2.4733,2.8781,0.0279,0.00,1.799,0.0000,0.0000,0.0000,0.0000,0.0000,0.000,0,SEARCH,0.0000,0.0000,0.0000,0.0897
24972,dynamic,-2.4785,2.8784,0.0258,0.00,1.794,0.0000,0.0000,0.0000,0.0000,0.0000,0.000,0,SEARCH,0.0000,0.0000,0.0000,0.0883
25073,dynamic,-2.4840,2.8790,0.0263,0.00,1.788,0.0000,0.0000,0.0000,0.0000,0.0000,0.000,0,SEARCH,0.0000,0.0000,0.0000,0.0863
25174,dynamic,-2.4890,2.8793,0.0235,0.00,1.786,0.0000,0.0000,0.0000,0.0000,0.0000,0.000,0,SEARCH,0.0000,0.0000,0.0000,0.0859
25272,dynamic,-2.4955,2.8780,0.0186,0.00,1.785,0.0000,0.0000,0.0000,0.0000,0.0000,0.000,0,SEARCH,0.0000,0.0000,0.0000,0.0854
25370,dynamic,-2.5024,2.8790,0.0162,0.00,1.787,0.0000,0.0000,0.0000,0.0000,0.0000,0.000,0,SEARCH,0.0000,0.0000,0.0000,0.0862
25473,dynamic,-2.5105,2.8796,0.0104,0.00,1.786,0.0000,0.0000,0.0000,0.0000,0.0000,0.000,0,SEARCH,0.0000,0.0000,0.0000,0.0857
25576,dynamic,-2.5181,2.8805,0.0093,0.00,1.788,0.0000,0.0000,0.0000,0.0000,0.0000,0.000,0,SEARCH,0.0000,0.0000,0.0000,0.0863
25678,dynamic,-2.5253,2.8814,0.0055,0.00,1.786,0.0000,0.0000,0.0000,0.0000,0.0000,0.000,0,SEARCH,0.0000,0.0000,0.0000,0.0858
25770,dynamic,-2.5318,2.8813,0.0053,0.00,1.790,0.0000,0.0000,0.0000,0.0000,0.0000,0.000,0,SEARCH,0.0000,0.0000,0.0000,0.0871
25872,dynamic,-2.5393,2.8816,0.0015,27.50,1.792,1.2186,2.1804,2.4978,1.2272,2.1756,0.000,1,SEARCH,0.0000,0.0000,0.0000,0.0875
25968,dynamic,-2.5470,2.8844,0.0025,0.00,1.796,0.0000,0.0000,0.0000,0.0000,0.0000,0.000,0,SEARCH,0.0000,0.0000,0.0000,0.0888
26075,dynamic,-2.5553,2.8863,0.0019,0.00,1.796,0.0000,0.0000,0.0000,0.0000,0.0000,0.000,0,SEARCH,0.0000,0.0000,0.0000,0.0889
26182,dynamic,-2.5641,2.8872,0.0036,0.00,1.797,0.0000,0.0000,0.0000,0.0000,0.0000,0.000,0,SEARCH,0.0000,0.0000,0.0000,0.0891
26276,dynamic,-2.5721,2.8864,0.0022,0.00,1.792,0.0000,0.0000,0.0000,0.0000,0.0000,0.000,0,SEARCH,0.0000,0.0000,0.0000,0.0875
26376,dynamic,-2.5794,2.8839,0.0019,0.00,1.794,0.0000,0.0000,0.0000,0.0000,0.0000,0.000,0,SEARCH,0.0000,0.0000,0.0000,0.0882
26476,dynamic,-2.5843,2.8811,0.0027,0.00,1.798,0.0000,0.0000,0.0000,0.0000,0.0000,0.000,0,SEARCH,0.0000,0.0000,0.0000,0.0893
26575,dynamic,-2.5962,2.8760,0.0046,0.00,1.801,0.0000,0.0000,0.0000,0.0000,0.0000,0.000,0,SEARCH,0.0000,0.0000,0.0000,0.0902
26671,dynamic,-2.6045,2.8701,0.0054,0.00,1.798,0.0000,0.0000,0.0000,0.0000,0.0000,0.000,0,SEARCH,0.0000,0.0000,0.0000,0.0895
26771,dynamic,-2.6137,2.8654,0.0074,0.00,1.798,0.0000,0.0000,0.0000,0.0000,0.0000,0.000,0,SEARCH,0.0000,0.0000,0.0000,0.0895
26876,dynamic,-2.6233,2.8646,0.0111,0.00,1.796,0.0000,0.0000,0.0000,0.0000,0.0000,0.000,0,SEARCH,0.0000,0.0000,0.0000,0.0889
26969,dynamic,-2.6320,2.8642,0.0098,0.00,1.799,0.0000,0.0000,0.0000,0.0000,0.0000,0.000,0,SEARCH,0.0000,0.0000,0.0000,0.0896
27072,dynamic,-2.6440,2.8637,0.0108,0.00,1.799,0.0000,0.0000,0.0000,0.0000,0.0000,0.000,0,SEARCH,0.0000,0.0000,0.0000,0.0897
27180,dynamic,-2.6545,2.8642,0.0079,0.00,1.805,0.0000,0.0000,0.0000,0.0000,0.0000,0.000,0,SEARCH,0.0000,0.0000,0.0000,0.0915
27274,dynamic,-2.6700,2.8640,0.0080,0.00,1.807,0.0000,0.0000,0.0000,0.0000,0.0000,0.000,0,SEARCH,0.0000,0.0000,0.0000,0.0922
27370,dynamic,-2.6837,2.8643,0.0047,0.00,1.809,0.0000,0.0000,0.0000,0.0000,0.0000,0.000,0,SEARCH,0.0000,0.0000,0.0000,0.0927
27473,dynamic,-2.6986,2.8657,0.0025,0.00,1.800,0.0000,0.0000,0.0000,0.0000,0.0000,0.000,0,SEARCH,0.0000,0.0000,0.0000,0.0901
27571,dynamic,-2.7135,2.8641,6.2821,30.33,1.793,0.7933,2.1108,2.2550,0.7944,2.1104,0.000,1,SEARCH,0.0000,0.0000,0.0000,0.0879
27675,dynamic,-2.7305,2.8607,6.2825,30.33,1.792,0.7933,2.1108,2.2550,0.7887,2.1125,0.000,1,SEARCH,0.0000,0.0000,0.0000,0.0876
27769,dynamic,-2.7478,2.8582,6.2794,30.33,1.794,0.7933,2.1108,2.2550,0.7848,2.1140,0.000,1,SEARCH,0.0000,0.0000,0.0000,0.0883
27874,dynamic,-2.7636,2.8564,6.2815,0.00,1.799,0.0000,0.0000,0.0000,0.0000,0.0000,0.000,0,SEARCH,0.0000,0.0000,0.0000,0.0898
27971,dynamic,-2.7784,2.8534,0.0001,0.00,1.804,0.0000,0.0000,0.0000,0.0000,0.0000,0.000,0,SEARCH,0.0000,0.0000,0.0000,0.0913
28070,dynamic,-2.7928,2.8510,0.0029,0.00,1.802,0.0000,0.0000,0.0000,0.0000,0.0000,0.000,0,SEARCH,0.0000,0.0000,0.0000,0.0907
28170,dynamic,-2.8081,2.8494,0.0034,0.00,1.802,0.0000,0.0000,0.0000,0.0000,0.0000,0.000,0,SEARCH,0.0000,0.0000,0.0000,0.0905
28268,dynamic,-2.8238,2.8499,0.0081,0.00,1.799,0.0000,0.0000,0.0000,0.0000,0.0000,0.000,0,SEARCH,0.0000,0.0000,0.0000,0.0897
28379,dynamic,-2.8383,2.8492,0.0067,28.79,1.800,0.4938,2.1013,2.1586,0.5125,2.0969,0.000,1,SEARCH,0.0000,0.0000,0.0000,0.0899
28472,dynamic,-2.8528,2.8475,0.0048,0.00,1.794,0.0000,0.0000,0.0000,0.0000,0.0000,0.000,0,SEARCH,0.0000,0.0000,0.0000,0.0881
28571,dynamic,-2.8679,2.8472,0.0047,0.00,1.786,0.0000,0.0000,0.0000,0.0000,0.0000,0.000,0,SEARCH,0.0000,0.0000,0.0000,0.0858
28679,dynamic,-2.8810,2.8482,0.0011,0.00,1.775,0.0000,0.0000,0.0000,0.0000,0.0000,0.000,0,SEARCH,0.0000,0.0000,0.0000,0.0825
28770,dynamic,-2.8971,2.8471,6.2826,0.00,1.749,0.0000,0.0000,0.0000,0.0000,0.0000,0.000,0,SEARCH,0.0000,0.0000,0.0000,0.0746
28871,dynamic,-2.9122,2.8454,6.2796,0.00,1.724,0.0000,0.0000,0.0000,0.0000,0.0000,0.000,0,SEARCH,0.0000,0.0000,0.0000,0.0673
28976,dynamic,-2.9270,2.8441,6.2781,0.00,1.714,0.0000,0.0000,0.0000,0.0000,0.0000,0.000,0,SEARCH,0.0000,0.0000,0.0000,0.0643
29071,dynamic,-2.9424,2.8444,6.2771,0.00,1.690,0.0000,0.0000,0.0000,0.0000,0.0000,0.000,0,SEARCH,0.0000,0.0000,0.0000,0.0571
29174,dynamic,-2.9575,2.8450,6.2743,0.00,1.669,0.0000,0.0000,0.0000,0.0000,0.0000,0.000,0,SEARCH,0.0000,0.0000,0.0000,0.0508
29271,dynamic,-2.9724,2.8462,6.2768,29.85,1.653,0.5990,2.1201,2.2031,0.5862,2.1237,0.000,1,SEARCH,0.0000,0.0000,0.0000,0.0459
29370,dynamic,-2.9852,2.8481,6.2761,30.31,1.642,0.7505,2.1757,2.3015,0.7322,2.1819,0.000,1,SEARCH,0.0000,0.0000,0.0000,0.0427
29473,dynamic,-2.9998,2.8476,6.2732,30.31,1.633,0.7505,2.1757,2.3015,0.7324,2.1818,0.000,1,SEARCH,0.0000,0.0000,0.0000,0.0399
29571,dynamic,-3.0120,2.8400,6.2714,33.22,1.630,0.5251,2.0578,2.1237,0.5020,2.0635,0.000,1,SEARCH,0.0000,0.0000,0.0000,0.0389
29677,dynamic,-3.0255,2.8320,6.2717,33.22,1.628,0.5251,2.0578,2.1237,0.5026,2.0634,0.000,1,SEARCH,0.0000,0.0000,0.0000,0.0384
29771,dynamic,-3.0401,2.8234,6.2706,0.00,1.629,0.0000,0.0000,0.0000,0.0000,0.0000,0.000,0,SEARCH,0.0000,0.0000,0.0000,0.0388
29874,dynamic,-3.0523,2.8146,6.2706,31.18,1.625,0.3105,1.9336,1.9584,0.2857,1.9374,0.000,1,SEARCH,0.0000,0.0000,0.0000,0.0376
29977,dynamic,-3.0649,2.8020,6.2691,31.18,1.624,0.3105,1.9336,1.9584,0.2830,1.9378,0.000,1,SEARCH,0.0000,0.0000,0.0000,0.0373
30071,dynamic,-3.0789,2.7875,6.2700,30.49,1.627,0.3344,1.9339,1.9626,0.3113,1.9377,0.000,1,SEARCH,0.0000,0.0000,0.0000,0.0382
30171,dynamic,-3.0943,2.7733,6.2699,30.24,1.632,0.1900,1.8385,1.8483,0.1642,1.8410,0.000,1,SEARCH,0.0000,0.0000,0.0000,0.0397
30275,dynamic,-3.1109,2.7617,6.2732,30.24,1.636,0.1900,1.8385,1.8483,0.1691,1.8406,0.000,1,SEARCH,0.0000,0.0000,0.0000,0.0408
30370,dynamic,-3.1292,2.7516,6.2715,30.24,1.636,0.1900,1.8385,1.8483,0.1715,1.8404,0.000,1,SEARCH,0.0000,0.0000,0.0000,0.0409
30472,dynamic,-3.1486,2.7405,6.2755,30.24,1.635,0.1900,1.8385,1.8483,0.1755,1.8400,0.000,1,SEARCH,0.0000,0.0000,0.0000,0.0405
30569,dynamic,-3.1652,2.7293,6.2779,30.24,1.630,0.1900,1.8385,1.8483,0.1831,1.8392,0.000,1,SEARCH,0.0000,0.0000,0.0000,0.0389
30671,dynamic,-3.1855,2.7211,6.2817,0.00,1.628,0.0000,0.0000,0.0000,0.0000,0.0000,0.000,0,SEARCH,0.0000,0.0000,0.0000,0.0383
30769,dynamic,-3.2092,2.7155,0.0021,0.00,1.632,0.0000,0.0000,0.0000,0.0000,0.0000,0.000,0,SEARCH,0.0000,0.0000,0.0000,0.0397
30869,dynamic,-3.2307,2.7096,0.0084,0.00,1.629,0.0000,0.0000,0.0000,0.0000,0.0000,0.000,0,SEARCH,0.0000,0.0000,0.0000,0.0388
30971,dynamic,-3.2482,2.7024,0.0078,0.00,1.626,0.0000,0.0000,0.0000,0.0000,0.0000,0.000,0,SEARCH,0.0000,0.0000,0.0000,0.0377
31079,dynamic,-3.2636,2.6934,0.0077,0.00,1.627,0.0000,0.0000,0.0000,0.0000,0.0000,0.000,0,SEARCH,0.0000,0.0000,0.0000,0.0382
31172,dynamic,-3.2777,2.6824,0.0075,0.00,1.634,0.0000,0.0000,0.0000,0.0000,0.0000,0.000,0,SEARCH,0.0000,0.0000,0.0000,0.0403
31272,dynamic,-3.2917,2.6724,0.0092,0.00,1.641,0.0000,0.0000,0.0000,0.0000,0.0000,0.000,0,SEARCH,0.0000,0.0000,0.0000,0.0423
31372,dynamic,-3.3061,2.6633,0.0061,0.00,1.646,0.0000,0.0000,0.0000,0.0000,0.0000,0.000,0,SEARCH,0.0000,0.0000,0.0000,0.0438
31477,dynamic,-3.3204,2.6556,0.0032,0.00,1.647,0.0000,0.0000,0.0000,0.0000,0.0000,0.000,0,SEARCH,0.0000,0.0000,0.0000,0.0441
31569,dynamic,-3.3328,2.6468,0.0001,0.00,1.651,0.0000,0.0000,0.0000,0.0000,0.0000,0.000,0,SEARCH,0.0000,0.0000,0.0000,0.0452
31673,dynamic,-3.3465,2.6395,6.2802,0.00,1.655,0.0000,0.0000,0.0000,0.0000,0.0000,0.000,0,SEARCH,0.0000,0.0000,0.0000,0.0466
31769,dynamic,-3.3614,2.6305,6.2811,29.01,1.660,-0.6888,1.4967,1.6476,-0.6921,1.4951,0.000,1,SEARCH,0.0000,0.0000,0.0000,0.0479
31868,dynamic,-3.3770,2.6219,6.2778,29.01,1.663,-0.6888,1.4967,1.6476,-0.6968,1.4929,0.000,1,SEARCH,0.0000,0.0000,0.0000,0.0489
31969,dynamic,-3.3926,2.6161,6.2783,32.53,1.666,-0.7120,1.5271,1.6850,-0.7225,1.5222,0.000,1,SEARCH,0.0000,0.0000,0.0000,0.0499
32072,dynamic,-3.4063,2.6109,6.2765,32.53,1.669,-0.7120,1.5271,1.6850,-0.7205,1.5232,0.000,1,SEARCH,0.0000,0.0000,0.0000,0.0506
32172,dynamic,-3.4198,2.6083,6.2773,0.00,1.676,0.0000,0.0000,0.0000,0.0000,0.0000,0.000,0,SEARCH,0.0000,0.0000,0.0000,0.0528
32269,dynamic,-3.4347,2.6067,6.2792,0.00,1.680,0.0000,0.0000,0.0000,0.0000,0.0000,0.000,0,SEARCH,0.0000,0.0000,0.0000,0.0539
32370,dynamic,-3.4493,2.6060,6.2802,0.00,1.686,0.0000,0.0000,0.0000,0.0000,0.0000,0.000,0,SEARCH,0.0000,0.0000,0.0000,0.0557
32468,dynamic,-3.4644,2.6059,0.0017,0.00,1.686,0.0000,0.0000,0.0000,0.0000,0.0000,0.000,0,SEARCH,0.0000,0.0000,0.0000,0.0558
32568,dynamic,-3.4804,2.6051,0.0055,0.00,1.686,0.0000,0.0000,0.0000,0.0000,0.0000,0.000,0,SEARCH,0.0000,0.0000,0.0000,0.0558
32668,dynamic,-3.4960,2.6030,0.0093,0.00,1.685,0.0000,0.0000,0.0000,0.0000,0.0000,0.000,0,SEARCH,0.0000,0.0000,0.0000,0.0555
32773,dynamic,-3.5110,2.6017,0.0123,0.00,1.680,0.0000,0.0000,0.0000,0.0000,0.0000,0.000,0,SEARCH,0.0000,0.0000,0.0000,0.0540
32869,dynamic,-3.5251,2.6003,0.0109,33.51,1.675,-0.7479,1.4605,1.6409,-0.7309,1.4691,0.000,1,SEARCH,0.0000,0.0000,0.0000,0.0524
32978,dynamic,-3.5383,2.5978,0.0101,33.69,1.679,-0.7030,1.4938,1.6509,-0.6877,1.5009,0.000,1,SEARCH,0.0000,0.0000,0.0000,0.0536
33068,dynamic,-3.5524,2.5947,0.0098,33.70,1.683,-0.7059,1.4704,1.6311,-0.6907,1.4776,0.000,1,SEARCH,0.0000,0.0000,0.0000,0.0550
33168,dynamic,-3.5669,2.5913,0.0091,33.57,1.690,-0.6920,1.4723,1.6268,-0.6786,1.4785,0.000,1,SEARCH,0.0000,0.0000,0.0000,0.0569
33276,dynamic,-3.5837,2.5871,0.0098,33.57,1.694,-0.6920,1.4723,1.6268,-0.6780,1.4788,0.000,1,SEARCH,0.0000,0.0000,0.0000,0.0581
33368,dynamic,-3.5991,2.5838,0.0088,0.00,1.700,0.0000,0.0000,0.0000,0.0000,0.0000,0.000,0,SEARCH,0.0000,0.0000,0.0000,0.0601
33473,dynamic,-3.6181,2.5803,0.0122,0.00,1.702,0.0000,0.0000,0.0000,0.0000,0.0000,0.000,0,SEARCH,0.0000,0.0000,0.0000,0.0607
33567,dynamic,-3.6356,2.5735,0.0159,35.06,1.708,-0.6424,1.5325,1.6617,-0.6225,1.5407,0.000,1,SEARCH,0.0000,0.0000,0.0000,0.0623
33687,dynamic,-3.6541,2.5660,0.0151,35.06,1.708,-0.6424,1.5325,1.6617,-0.6227,1.5406,0.000,1,SEARCH,0.0000,0.0000,0.0000,0.0623
33768,dynamic,-3.6735,2.5580,0.0189,34.51,1.715,-0.6732,1.5410,1.6816,-0.6480,1.5517,0.000,1,SEARCH,0.0000,0.0000,0.0000,0.0644
33872,dynamic,-3.6939,2.5505,0.0195,34.51,1.716,-0.6732,1.5410,1.6816,-0.6426,1.5540,0.000,1,SEARCH,0.0000,0.0000,0.0000,0.0648
33972,dynamic,-3.7139,2.5417,0.0203,0.00,1.719,0.0000,0.0000,0.0000,0.0000,0.0000,0.000,0,SEARCH,0.0000,0.0000,0.0000,0.0657
34074,dynamic,-3.7335,2.5330,0.0205,0.00,1.720,0.0000,0.0000,0.0000,0.0000,0.0000,0.000,0,SEARCH,0.0000,0.0000,0.0000,0.0660
34168,dynamic,-3.7523,2.5238,0.0212,0.00,1.725,0.0000,0.0000,0.0000,0.0000,0.0000,0.000,0,SEARCH,0.0000,0.0000,0.0000,0.0674
34271,dynamic,-3.7687,2.5154,0.0212,0.00,1.726,0.0000,0.0000,0.0000,0.0000,0.0000,0.000,0,SEARCH,0.0000,0.0000,0.0000,0.0678
34367,dynamic,-3.7826,2.5081,0.0223,0.00,1.729,0.0000,0.0000,0.0000,0.0000,0.0000,0.000,0,SEARCH,0.0000,0.0000,0.0000,0.0686
34468,dynamic,-3.7953,2.5025,0.0262,0.00,1.727,0.0000,0.0000,0.0000,0.0000,0.0000,0.000,0,SEARCH,0.0000,0.0000,0.0000,0.0682
34570,dynamic,-3.8063,2.4973,0.0309,0.00,1.728,0.0000,0.0000,0.0000,0.0000,0.0000,0.000,0,SEARCH,0.0000,0.0000,0.0000,0.0684
34673,dynamic,-3.8161,2.4926,0.0308,0.00,1.727,0.0000,0.0000,0.0000,0.0000,0.0000,0.000,0,SEARCH,0.0000,0.0000,0.0000,0.0680
34768,dynamic,-3.8241,2.4903,0.0280,0.00,1.729,0.0000,0.0000,0.0000,0.0000,0.0000,0.000,0,SEARCH,0.0000,0.0000,0.0000,0.0687
34867,dynamic,-3.8326,2.4879,0.0268,0.00,1.729,0.0000,0.0000,0.0000,0.0000,0.0000,0.000,0,SEARCH,0.0000,0.0000,0.0000,0.0687
34971,dynamic,-3.8413,2.4851,0.0239,0.00,1.731,0.0000,0.0000,0.0000,0.0000,0.0000,0.000,0,SEARCH,0.0000,0.0000,0.0000,0.0693
35068,dynamic,-3.8503,2.4823,0.0209,0.00,1.731,0.0000,0.0000,0.0000,0.0000,0.0000,0.000,0,SEARCH,0.0000,0.0000,0.0000,0.0692
35173,dynamic,-3.8610,2.4792,0.0178,0.00,1.733,0.0000,0.0000,0.0000,0.0000,0.0000,0.000,0,SEARCH,0.0000,0.0000,0.0000,0.0698
35268,dynamic,-3.8716,2.4768,0.0154,35.38,1.730,-0.6966,1.6332,1.7755,-0.6709,1.6439,0.000,1,SEARCH,0.0000,0.0000,0.0000,0.0691
35368,dynamic,-3.8824,2.4753,0.0102,35.38,1.729,-0.6966,1.6332,1.7755,-0.6762,1.6417,0.000,1,SEARCH,0.0000,0.0000,0.0000,0.0687
35477,dynamic,-3.8924,2.4742,0.0078,0.00,1.725,0.0000,0.0000,0.0000,0.0000,0.0000,0.000,0,SEARCH,0.0000,0.0000,0.0000,0.0675
35568,dynamic,-3.9033,2.4743,0.0032,0.00,1.724,0.0000,0.0000,0.0000,0.0000,0.0000,0.000,0,SEARCH,0.0000,0.0000,0.0000,0.0672
35673,dynamic,-3.9114,2.4735,6.2818,0.00,1.722,0.0000,0.0000,0.0000,0.0000,0.0000,0.000,0,SEARCH,0.0000,0.0000,0.0000,0.0667
35768,dynamic,-3.9188,2.4741,6.2812,0.00,1.724,0.0000,0.0000,0.0000,0.0000,0.0000,0.000,0,SEARCH,0.0000,0.0000,0.0000,0.0672
35868,dynamic,-3.9261,2.4745,0.0008,38.18,1.719,-0.5922,1.7136,1.8131,-0.5954,1.7125,0.000,1,SEARCH,0.0000,0.0000,0.0000,0.0656
35967,dynamic,-3.9329,2.4730,0.0057,40.18,1.719,-0.5692,1.7276,1.8189,-0.5654,1.7288,0.000,1,SEARCH,0.0000,0.0000,0.0000,0.0657
36072,dynamic,-3.9391,2.4721,0.0095,40.18,1.717,-0.5692,1.7276,1.8189,-0.5560,1.7319,0.000,1,SEARCH,0.0000,0.0000,0.0000,0.0652
36168,dynamic,-3.9440,2.4701,0.0154,40.04,1.719,-0.4463,1.7237,1.7806,-0.4216,1.7300,0.000,1,SEARCH,0.0000,0.0000,0.0000,0.0656
36271,dynamic,-3.9486,2.4668,0.0195,40.04,1.721,-0.4463,1.7237,1.7806,-0.4143,1.7317,0.000,1,SEARCH,0.0000,0.0000,0.0000,0.0664
36368,dynamic,-3.9542,2.4645,0.0205,44.58,1.729,-0.6493,1.5738,1.7025,-0.6205,1.5854,0.000,1,SEARCH,0.0000,0.0000,0.0000,0.0686
36467,dynamic,-3.9634,2.4634,0.0197,40.05,1.733,-0.7081,1.5409,1.6958,-0.6736,1.5563,0.000,1,SEARCH,0.0000,0.0000,0.0000,0.0699
36567,dynamic,-3.9708,2.4612,0.0219,40.77,1.738,-0.8143,1.5212,1.7254,-0.7787,1.5397,0.000,1,SEARCH,0.0000,0.0000,0.0000,0.0713
36667,dynamic,-3.9780,2.4594,0.0209,40.77,1.743,-0.8143,1.5212,1.7254,-0.7823,1.5379,0.000,1,SEARCH,0.0000,0.0000,0.0000,0.0728
36768,dynamic,-3.9860,2.4596,0.0157,40.77,1.750,-0.8143,1.5212,1.7254,-0.7870,1.5355,0.000,1,SEARCH,0.0000,0.0000,0.0000,0.0751
36877,dynamic,-3.9939,2.4607,0.0116,43.28,1.753,-0.7448,1.5741,1.7415,-0.7249,1.5834,0.000,1,SEARCH,0.0000,0.0000,0.0000,0.0759
36967,dynamic,-3.9990,2.4615,0.0091,42.56,1.757,-0.7478,1.5790,1.7471,-0.7328,1.5860,0.000,1,SEARCH,0.0000,0.0000,0.0000,0.0772
37068,dynamic,-4.0030,2.4640,0.0029,42.62,1.759,-0.7028,1.6520,1.7953,-0.6940,1.6557,0.000,1,SEARCH,0.0000,0.0000,0.0000,0.0776
37168,dynamic,-4.0061,2.4664,0.0016,42.62,1.762,-0.7028,1.6520,1.7953,-0.7014,1.6526,0.000,1,SEARCH,0.0000,0.0000,0.0000,0.0786
37267,dynamic,-4.0101,2.4703,6.2786,39.71,1.764,-0.6423,1.6824,1.8008,-0.6460,1.6810,0.000,1,SEARCH,0.0000,0.0000,0.0000,0.0791
37367,dynamic,-4.0131,2.4729,6.2745,39.71,1.769,-0.6423,1.6824,1.8008,-0.6536,1.6780,0.000,1,SEARCH,0.0000,0.0000,0.0000,0.0806
37467,dynamic,-4.0156,2.4745,6.2678,35.71,1.770,-0.7066,1.6745,1.8174,-0.7294,1.6647,0.000,1,SEARCH,0.0000,0.0000,0.0000,0.0809
37571,dynamic,-4.0182,2.4747,6.2617,35.71,1.774,-0.7066,1.6745,1.8174,-0.7396,1.6601,0.000,1,SEARCH,0.0000,0.0000,0.0000,0.0823
37667,dynamic,-4.0196,2.4768,6.2539,35.57,1.777,-0.6590,1.7369,1.8577,-0.7057,1.7184,0.000,1,SEARCH,0.0000,0.0000,0.0000,0.0830
37771,dynamic,-4.0217,2.4789,6.2510,35.57,1.780,-0.6590,1.7369,1.8577,-0.7134,1.7152,0.000,1,SEARCH,0.0000,0.0000,0.0000,0.0840
37874,dynamic,-4.0240,2.4829,6.2515,36.34,1.780,-0.6622,1.7844,1.9033,-0.7215,1.7613,0.000,1,SEARCH,0.0000,0.0000,0.0000,0.0839
37967,dynamic,-4.0242,2.4870,6.2526,0.00,1.781,0.0000,0.0000,0.0000,0.0000,0.0000,0.000,0,SEARCH,0.0000,0.0000,0.0000,0.0843
38068,dynamic,-4.0237,2.4912,6.2574,0.00,1.776,0.0000,0.0000,0.0000,0.0000,0.0000,0.000,0,SEARCH,0.0000,0.0000,0.0000,0.0828
38167,dynamic,-4.0221,2.4930,6.2611,36.99,1.776,-0.6611,1.7456,1.8666,-0.7012,1.7299,0.000,1,SEARCH,0.0000,0.0000,0.0000,0.0829
38268,dynamic,-4.0215,2.4938,6.2622,36.99,1.778,-0.6611,1.7456,1.8666,-0.6984,1.7310,0.000,1,SEARCH,0.0000,0.0000,0.0000,0.0834
38367,dynamic,-4.0218,2.4963,6.2668,36.07,1.780,-0.6075,1.7431,1.8460,-0.6393,1.7317,0.000,1,SEARCH,0.0000,0.0000,0.0000,0.0840
38467,dynamic,-4.0225,2.4991,6.2689,35.36,1.778,-0.7175,1.6752,1.8224,-0.7451,1.6631,0.000,1,SEARCH,0.0000,0.0000,0.0000,0.0834
38568,dynamic,-4.0251,2.5018,6.2699,35.36,1.779,-0.7175,1.6752,1.8224,-0.7420,1.6645,0.000,1,SEARCH,0.0000,0.0000,0.0000,0.0837
38679,dynamic,-4.0274,2.5052,6.2682,34.74,1.780,-0.7637,1.6290,1.7991,-0.7874,1.6177,0.000,1,SEARCH,0.0000,0.0000,0.0000,0.0841
38769,dynamic,-4.0318,2.5082,6.2662,34.48,1.783,-0.7848,1.6132,1.7939,-0.8104,1.6005,0.000,1,SEARCH,0.0000,0.0000,0.0000,0.0848
38867,dynamic,-4.0374,2.5128,6.2620,33.25,1.783,-0.7487,1.6167,1.7816,-0.7789,1.6023,0.000,1,SEARCH,0.0000,0.0000,0.0000,0.0848
38972,dynamic,-4.0406,2.5181,6.2583,33.25,1.786,-0.7487,1.6167,1.7816,-0.7840,1.5998,0.000,1,SEARCH,0.0000,0.0000,0.0000,0.0859
39073,dynamic,-4.0447,2.5224,6.2560,32.51,1.788,-0.7313,1.6233,1.7805,-0.7729,1.6039,0.000,1,SEARCH,0.0000,0.0000,0.0000,0.0863
39167,dynamic,-4.0498,2.5265,6.2556,0.00,1.791,0.0000,0.0000,0.0000,0.0000,0.0000,0.000,0,SEARCH,0.0000,0.0000,0.0000,0.0874
39278,dynamic,-4.0537,2.5302,6.2610,0.00,1.793,0.0000,0.0000,0.0000,0.0000,0.0000,0.000,0,SEARCH,0.0000,0.0000,0.0000,0.0878
39373,dynamic,-4.0595,2.5317,6.2680,32.52,1.799,-0.6552,1.6350,1.7614,-0.6845,1.6230,0.000,1,SEARCH,0.0000,0.0000,0.0000,0.0896
39467,dynamic,-4.0660,2.5322,6.2729,31.15,1.800,-0.6489,1.6229,1.7478,-0.6716,1.6136,0.000,1,SEARCH,0.0000,0.0000,0.0000,0.0900
39569,dynamic,-4.0739,2.5339,6.2771,31.15,1.803,-0.6489,1.6229,1.7478,-0.6650,1.6163,0.000,1,SEARCH,0.0000,0.0000,0.0000,0.0909
39675,dynamic,-4.0798,2.5351,6.2805,28.76,1.806,-0.7120,1.5222,1.6805,-0.7160,1.5203,0.000,1,SEARCH,0.0000,0.0000,0.0000,0.0918
39767,dynamic,-4.0873,2.5372,0.0046,29.02,1.810,-0.6852,1.5159,1.6636,-0.6845,1.5162,0.000,1,SEARCH,0.0000,0.0000,0.0000,0.0931
39868,dynamic,-4.0935,2.5398,0.0045,29.02,1.797,-0.6852,1.5159,1.6636,-0.6773,1.5195,0.000,1,SEARCH,0.0000,0.0000,0.0000,0.0890
39967,dynamic,-4.0991,2.5404,0.0048,0.00,1.789,0.0000,0.0000,0.0000,0.0000,0.0000,0.000,0,SEARCH,0.0000,0.0000,0.0000,0.0866
40070,dynamic,-4.1049,2.5409,0.0059,0.00,1.784,0.0000,0.0000,0.0000,0.0000,0.0000,0.000,0,SEARCH,0.0000,0.0000,0.0000,0.0851
40168,dynamic,-4.1106,2.5424,0.0065,27.32,1.782,-0.6741,1.4770,1.6236,-0.6654,1.4810,0.000,1,SEARCH,0.0000,0.0000,0.0000,0.0846
40267,dynamic,-4.1138,2.5434,0.0068,26.82,1.780,-0.6755,1.4790,1.6260,-0.6662,1.4832,0.000,1,SEARCH,0.0000,0.0000,0.0000,0.0840
40373,dynamic,-4.1174,2.5462,0.0085,26.82,1.780,-0.6755,1.4790,1.6260,-0.6629,1.4847,0.000,1,SEARCH,0.0000,0.0000,0.0000,0.0841
40467,dynamic,-4.1209,2.5485,0.0073,26.79,1.779,-0.6045,1.4734,1.5926,-0.5932,1.4780,0.000,1,SEARCH,0.0000,0.0000,0.0000,0.0836
40567,dynamic,-4.1246,2.5528,0.0054,26.79,1.780,-0.6045,1.4734,1.5926,-0.5948,1.4773,0.000,1,SEARCH,0.0000,0.0000,0.0000,0.0839
40667,dynamic,-4.1255,2.5564,0.0039,26.79,1.778,-0.6045,1.4734,1.5926,-0.5987,1.4758,0.000,1,SEARCH,0.0000,0.0000,0.0000,0.0834
40767,dynamic,-4.1272,2.5610,0.0053,26.79,1.778,-0.6045,1.4734,1.5926,-0.5959,1.4769,0.000,1,SEARCH,0.0000,0.0000,0.0000,0.0835
40868,dynamic,-4.1280,2.5676,0.0062,27.47,1.777,-0.6532,1.4485,1.5890,-0.6446,1.4523,0.000,1,SEARCH,0.0000,0.0000,0.0000,0.0830
40971,dynamic,-4.1283,2.5737,0.0051,27.47,1.778,-0.6532,1.4485,1.5890,-0.6472,1.4512,0.000,1,SEARCH,0.0000,0.0000,0.0000,0.0834
41068,dynamic,-4.1266,2.5814,0.0051,26.24,1.778,-0.6638,1.4406,1.5862,-0.6573,1.4436,0.000,1,SEARCH,0.0000,0.0000,0.0000,0.0835
41169,dynamic,-4.1260,2.5891,0.0074,26.24,1.781,-0.6638,1.4406,1.5862,-0.6573,1.4436,0.000,1,SEARCH,0.0000,0.0000,0.0000,0.0843
41273,dynamic,-4.1260,2.5981,0.0085,0.00,1.783,0.0000,0.0000,0.0000,0.0000,0.0000,0.000,0,SEARCH,0.0000,0.0000,0.0000,0.0848
41367,dynamic,-4.1254,2.6072,0.0115,26.08,1.786,-0.6927,1.3828,1.5466,-0.6808,1.3887,0.000,1,SEARCH,0.0000,0.0000,0.0000,0.0857
41468,dynamic,-4.1249,2.6159,0.0124,0.00,1.785,0.0000,0.0000,0.0000,0.0000,0.0000,0.000,0,SEARCH,0.0000,0.0000,0.0000,0.0854
41568,dynamic,-4.1228,2.6252,0.0153,0.00,1.785,0.0000,0.0000,0.0000,0.0000,0.0000,0.000,0,SEARCH,0.0000,0.0000,0.0000,0.0855
41667,dynamic,-4.1212,2.6357,0.0194,26.07,1.783,-0.6907,1.3111,1.4819,-0.6666,1.3235,0.000,1,SEARCH,0.0000,0.0000,0.0000,0.0850
41769,dynamic,-4.1185,2.6450,0.0215,26.07,1.784,-0.6907,1.3111,1.4819,-0.6645,1.3246,0.000,1,SEARCH,0.0000,0.0000,0.0000,0.0852
41868,dynamic,-4.1159,2.6556,0.0222,24.63,1.780,-0.7497,1.2342,1.4441,-0.7218,1.2507,0.000,1,SEARCH,0.0000,0.0000,0.0000,0.0839
41967,dynamic,-4.1139,2.6662,0.0230,25.59,1.779,-0.6951,1.1987,1.3857,-0.6687,1.2136,0.000,1,SEARCH,0.0000,0.0000,0.0000,0.0836
42068,dynamic,-4.1124,2.6766,0.0216,24.65,1.775,-0.7358,1.1661,1.3789,-0.7082,1.1831,0.000,1,SEARCH,0.0000,0.0000,0.0000,0.0825
42172,dynamic,-4.1120,2.6850,0.0202,24.65,1.775,-0.7358,1.1661,1.3789,-0.7125,1.1805,0.000,1,SEARCH,0.0000,0.0000,0.0000,0.0826
42267,dynamic,-4.1130,2.6964,0.0168,23.77,1.772,-0.7229,1.1535,1.3613,-0.7014,1.1667,0.000,1,SEARCH,0.0000,0.0000,0.0000,0.0817
42367,dynamic,-4.1140,2.7086,0.0163,23.77,1.771,-0.7229,1.1535,1.3613,-0.7038,1.1653,0.000,1,SEARCH,0.0000,0.0000,0.0000,0.0814
42470,dynamic,-4.1141,2.7200,0.0128,23.77,1.769,-0.7229,1.1535,1.3613,-0.7077,1.1629,0.000,1,SEARCH,0.0000,0.0000,0.0000,0.0807
42571,dynamic,-4.1125,2.7357,0.0098,26.81,1.770,-0.7095,1.1513,1.3524,-0.6981,1.1582,0.000,1,SEARCH,0.0000,0.0000,0.0000,0.0809
42667,dynamic,-4.1116,2.7516,0.0116,25.73,1.768,-0.6652,1.1131,1.2967,-0.6531,1.1202,0.000,1,SEARCH,0.0000,0.0000,0.0000,0.0803
42767,dynamic,-4.1092,2.7648,0.0090,25.73,1.769,-0.6652,1.1131,1.2967,-0.6530,1.1203,0.000,1,SEARCH,0.0000,0.0000,0.0000,0.0806
42876,dynamic,-4.1064,2.7754,0.0109,25.73,1.768,-0.6652,1.1131,1.2967,-0.6535,1.1200,0.000,1,SEARCH,0.0000,0.0000,0.0000,0.0803
42969,dynamic,-4.1022,2.7895,0.0110,25.23,1.767,-0.6530,1.0518,1.2380,-0.6417,1.0586,0.000,1,SEARCH,0.0000,0.0000,0.0000,0.0801
43068,dynamic,-4.0965,2.7991,0.0086,25.23,1.765,-0.6530,1.0518,1.2380,-0.6424,1.0582,0.000,1,SEARCH,0.0000,0.0000,0.0000,0.0794
43168,dynamic,-4.0904,2.8061,0.0074,25.93,1.766,-0.6508,1.0707,1.2529,-0.6396,1.0774,0.000,1,SEARCH,0.0000,0.0000,0.0000,0.0799
43271,dynamic,-4.0844,2.8126,0.0076,24.97,1.764,-0.6758,1.0701,1.2656,-0.6673,1.0754,0.000,1,SEARCH,0.0000,0.0000,0.0000,0.0793
43369,dynamic,-4.0783,2.8180,0.0064,15.51,1.765,-0.6663,1.1686,1.3452,-0.6572,1.1737,0.000,1,SEARCH,0.0000,0.0000,0.0000,0.0794
43467,dynamic,-4.0718,2.8225,0.0067,17.47,1.763,-0.7121,1.2195,1.4121,-0.7046,1.2238,0.000,1,SEARCH,0.0000,0.0000,0.0000,0.0789
43570,dynamic,-4.0675,2.8276,0.0046,17.47,1.763,-0.7121,1.2195,1.4121,-0.7066,1.2226,0.000,1,SEARCH,0.0000,0.0000,0.0000,0.0788
43667,dynamic,-4.0624,2.8351,0.0009,19.92,1.762,-0.6874,1.2769,1.4502,-0.6862,1.2776,0.000,1,SEARCH,0.0000,0.0000,0.0000,0.0785
43770,dynamic,-4.0584,2.8392,6.2820,19.92,1.762,-0.6874,1.2769,1.4502,-0.6900,1.2755,0.000,1,SEARCH,0.0000,0.0000,0.0000,0.0787
43874,dynamic,-4.0556,2.8439,6.2764,23.11,1.761,-0.7099,1.3336,1.5108,-0.7143,1.3313,0.000,1,SEARCH,0.0000,0.0000,0.0000,0.0784
43967,dynamic,-4.0529,2.8516,6.2734,24.29,1.762,-0.6899,1.3426,1.5094,-0.7015,1.3365,0.000,1,SEARCH,0.0000,0.0000,0.0000,0.0787
44076,dynamic,-4.0511,2.8592,6.2684,24.29,1.762,-0.6899,1.3426,1.5094,-0.7070,1.3337,0.000,1,SEARCH,0.0000,0.0000,0.0000,0.0785
44167,dynamic,-4.0501,2.8674,6.2639,25.07,1.763,-0.7174,1.4192,1.5902,-0.7439,1.4055,0.000,1,SEARCH,0.0000,0.0000,0.0000,0.0788
44280,dynamic,-4.0483,2.8788,6.2627,25.07,1.760,-0.7174,1.4192,1.5902,-0.7460,1.4044,0.000,1,SEARCH,0.0000,0.0000,0.0000,0.0781
44367,dynamic,-4.0457,2.8891,6.2623,27.59,1.760,-0.6401,1.4672,1.6007,-0.6728,1.4525,0.000,1,SEARCH,0.0000,0.0000,0.0000,0.0780
44468,dynamic,-4.0411,2.8997,6.2584,27.59,1.756,-0.6401,1.4672,1.6007,-0.6752,1.4514,0.000,1,SEARCH,0.0000,0.0000,0.0000,0.0768
44572,dynamic,-4.0353,2.9064,6.2587,27.03,1.755,-0.6290,1.4377,1.5693,-0.6633,1.4222,0.000,1,SEARCH,0.0000,0.0000,0.0000,0.0766
44668,dynamic,-4.0302,2.9124,6.2592,27.54,1.754,-0.6327,1.4114,1.5467,-0.6666,1.3957,0.000,1,SEARCH,0.0000,0.0000,0.0000,0.0762
44772,dynamic,-4.0268,2.9176,6.2632,27.54,1.754,-0.6327,1.4114,1.5467,-0.6624,1.3977,0.000,1,SEARCH,0.0000,0.0000,0.0000,0.0762
44881,dynamic,-4.0218,2.9294,6.2691,25.19,1.751,-0.6067,1.3595,1.4887,-0.6290,1.3493,0.000,1,SEARCH,0.0000,0.0000,0.0000,0.0752
44973,dynamic,-4.0160,2.9420,6.2765,26.31,1.750,-0.6223,1.3204,1.4597,-0.6354,1.3142,0.000,1,SEARCH,0.0000,0.0000,0.0000,0.0750
45067,dynamic,-4.0105,2.9535,6.2796,26.18,1.747,-0.6053,1.2683,1.4053,-0.6113,1.2654,0.000,1,SEARCH,0.0000,0.0000,0.0000,0.0740
45167,dynamic,-4.0032,2.9662,0.0004,24.06,1.746,-0.5922,1.1958,1.3344,-0.5938,1.1950,0.000,1,SEARCH,0.0000,0.0000,0.0000,0.0738
45267,dynamic,-3.9961,2.9793,0.0025,26.00,1.742,-0.6040,1.1610,1.3087,-0.6018,1.1621,0.000,1,SEARCH,0.0000,0.0000,0.0000,0.0726
45375,dynamic,-3.9872,2.9916,0.0015,26.00,1.741,-0.6040,1.1610,1.3087,-0.6009,1.1626,0.000,1,SEARCH,0.0000,0.0000,0.0000,0.0722
45467,dynamic,-3.9779,3.0023,0.0009,26.02,1.737,-0.6089,1.1090,1.2651,-0.6085,1.1092,0.000,1,SEARCH,0.0000,0.0000,0.0000,0.0712
45576,dynamic,-3.9705,3.0133,6.2786,26.02,1.737,-0.6089,1.1090,1.2651,-0.6114,1.1075,0.000,1,SEARCH,0.0000,0.0000,0.0000,0.0712
45681,dynamic,-3.9640,3.0265,6.2774,28.33,1.735,-0.6452,1.1303,1.3015,-0.6517,1.1266,0.000,1,SEARCH,0.0000,0.0000,0.0000,0.0705
45767,dynamic,-3.9577,3.0408,6.2751,25.50,1.734,-0.5904,1.1798,1.3193,-0.5996,1.1752,0.000,1,SEARCH,0.0000,0.0000,0.0000,0.0701
45871,dynamic,-3.9496,3.0548,6.2754,25.50,1.731,-0.5904,1.1798,1.3193,-0.6007,1.1746,0.000,1,SEARCH,0.0000,0.0000,0.0000,0.0692
45967,dynamic,-3.9419,3.0664,6.2760,27.07,1.729,-0.5173,1.2097,1.3157,-0.5272,1.2055,0.000,1,SEARCH,0.0000,0.0000,0.0000,0.0687
46068,dynamic,-3.9337,3.0787,6.2763,27.07,1.725,-0.5173,1.2097,1.3157,-0.5250,1.2064,0.000,1,SEARCH,0.0000,0.0000,0.0000,0.0676
46171,dynamic,-3.9288,3.0897,6.2765,28.79,1.726,-0.5461,1.1938,1.3128,-0.5549,1.1898,0.000,1,SEARCH,0.0000,0.0000,0.0000,0.0677
46267,dynamic,-3.9244,3.1033,6.2805,25.54,1.723,-0.5673,1.1822,1.3112,-0.5723,1.1798,0.000,1,SEARCH,0.0000,0.0000,0.0000,0.0669
46370,dynamic,-3.9209,3.1134,6.2820,25.54,1.721,-0.5673,1.1822,1.3112,-0.5697,1.1810,0.000,1,SEARCH,0.0000,0.0000,0.0000,0.0664
46475,dynamic,-3.9161,3.1258,0.0077,24.78,1.718,-0.4850,1.1471,1.2454,-0.4804,1.1490,0.000,1,SEARCH,0.0000,0.0000,0.0000,0.0654
46567,dynamic,-3.9132,3.1372,0.0147,23.02,1.717,-0.4843,1.1345,1.2335,-0.4702,1.1404,0.000,1,SEARCH,0.0000,0.0000,0.0000,0.0650
46669,dynamic,-3.9099,3.1476,0.0193,23.02,1.714,-0.4843,1.1345,1.2335,-0.4647,1.1426,0.000,1,SEARCH,0.0000,0.0000,0.0000,0.0641
46773,dynamic,-3.9080,3.1596,0.0228,19.73,1.713,-0.4689,1.0873,1.1841,-0.4448,1.0974,0.000,1,SEARCH,0.0000,0.0000,0.0000,0.0640
46871,dynamic,-3.9060,3.1704,0.0259,20.48,1.709,-0.4668,1.0128,1.1152,-0.4414,1.0242,0.000,1,SEARCH,0.0000,0.0000,0.0000,0.0626
46967,dynamic,-3.9035,3.1827,0.0233,20.56,1.706,-0.4863,0.9867,1.1000,-0.4595,0.9995,0.000,1,SEARCH,0.0000,0.0000,0.0000,0.0617
47069,dynamic,-3.9023,3.1948,0.0221,20.56,1.701,-0.4863,0.9867,1.1000,-0.4615,0.9986,0.000,1,SEARCH,0.0000,0.0000,0.0000,0.0602
47171,dynamic,-3.9006,3.2050,0.0188,19.39,1.699,-0.4133,0.9650,1.0498,-0.3945,0.9729,0.000,1,SEARCH,0.0000,0.0000,0.0000,0.0598
47267,dynamic,-3.8992,3.2163,0.0130,19.40,1.698,-0.4343,0.9783,1.0704,-0.4195,0.9848,0.000,1,SEARCH,0.0000,0.0000,0.0000,0.0593
47372,dynamic,-3.8984,3.2259,0.0053,19.40,1.698,-0.4343,0.9783,1.0704,-0.4257,0.9821,0.000,1,SEARCH,0.0000,0.0000,0.0000,0.0595
47477,dynamic,-3.8982,3.2345,6.2818,18.70,1.697,-0.2358,1.0972,1.1222,-0.2344,1.0975,0.000,1,SEARCH,0.0000,0.0000,0.0000,0.0591
47567,dynamic,-3.8985,3.2456,6.2733,19.24,1.697,-0.1230,1.1706,1.1771,-0.1324,1.1696,0.000,1,SEARCH,0.0000,0.0000,0.0000,0.0590
47669,dynamic,-3.9004,3.2549,6.2693,19.24,1.693,-0.1230,1.1706,1.1771,-0.1361,1.1692,0.000,1,SEARCH,0.0000,0.0000,0.0000,0.0580
47774,dynamic,-3.9014,3.2657,6.2692,19.03,1.693,0.1670,1.4010,1.4109,0.1459,1.4034,0.000,1,SEARCH,0.0000,0.0000,0.0000,0.0579
47867,dynamic,-3.9007,3.2745,6.2677,19.22,1.691,0.1598,1.4275,1.4364,0.1369,1.4299,0.000,1,SEARCH,0.0000,0.0000,0.0000,0.0572
47969,dynamic,-3.9003,3.2800,6.2676,19.22,1.692,0.1598,1.4275,1.4364,0.1372,1.4299,0.000,1,SEARCH,0.0000,0.0000,0.0000,0.0575
48075,dynamic,-3.9005,3.2865,6.2689,0.00,1.691,0.0000,0.0000,0.0000,0.0000,0.0000,0.000,0,SEARCH,0.0000,0.0000,0.0000,0.0573
48167,dynamic,-3.9013,3.2939,6.2696,18.86,1.690,-0.0300,1.4044,1.4047,-0.0488,1.4038,0.000,1,SEARCH,0.0000,0.0000,0.0000,0.0571
48272,dynamic,-3.9010,3.3004,6.2734,18.86,1.689,-0.0300,1.4044,1.4047,-0.0463,1.4039,0.000,1,SEARCH,0.0000,0.0000,0.0000,0.0567
48367,dynamic,-3.9006,3.3055,6.2751,19.92,1.689,-0.0712,1.3710,1.3728,-0.0826,1.3703,0.000,1,SEARCH,0.0000,0.0000,0.0000,0.0567
48467,dynamic,-3.9008,3.3103,6.2799,19.92,1.688,-0.0712,1.3710,1.3728,-0.0761,1.3707,0.000,1,SEARCH,0.0000,0.0000,0.0000,0.0563
48571,dynamic,-3.9020,3.3170,6.2832,19.92,1.687,-0.0712,1.3710,1.3728,-0.0701,1.3710,0.000,1,SEARCH,0.0000,0.0000,0.0000,0.0560
48677,dynamic,-3.9018,3.3219,0.0056,18.55,1.685,-0.2482,1.3102,1.3335,-0.2448,1.3109,0.000,1,SEARCH,0.0000,0.0000,0.0000,0.0554
48767,dynamic,-3.9012,3.3297,0.0093,18.90,1.685,-0.2739,1.2694,1.2986,-0.2636,1.2716,0.000,1,SEARCH,0.0000,0.0000,0.0000,0.0556
48873,dynamic,-3.9008,3.3384,0.0134,18.90,1.683,-0.2739,1.2694,1.2986,-0.2606,1.2722,0.000,1,SEARCH,0.0000,0.0000,0.0000,0.0549
48971,dynamic,-3.9011,3.3454,0.0133,17.09,1.683,-0.2801,1.2863,1.3164,-0.2636,1.2898,0.000,1,SEARCH,0.0000,0.0000,0.0000,0.0548
49076,dynamic,-3.9002,3.3550,0.0107,14.13,1.681,-0.3412,1.2910,1.3353,-0.3252,1.2951,0.000,1,SEARCH,0.0000,0.0000,0.0000,0.0542
49167,dynamic,-3.9004,3.3643,0.0072,13.88,1.679,-0.3026,1.2898,1.3248,-0.2914,1.2924,0.000,1,SEARCH,0.0000,0.0000,0.0000,0.0537
49267,dynamic,-3.9012,3.3750,6.2828,13.88,1.677,-0.3026,1.2898,1.3248,-0.2980,1.2909,0.000,1,SEARCH,0.0000,0.0000,0.0000,0.0530
49369,dynamic,-3.9004,3.3859,6.2751,13.88,1.677,-0.3026,1.2898,1.3248,-0.3097,1.2881,0.000,1,SEARCH,0.0000,0.0000,0.0000,0.0530
49470,dynamic,-3.8983,3.3945,6.2705,16.32,1.674,-0.3475,1.2978,1.3435,-0.3623,1.2937,0.000,1,SEARCH,0.0000,0.0000,0.0000,0.0523
49568,dynamic,-3.8943,3.4051,6.2649,0.00,1.675,0.0000,0.0000,0.0000,0.0000,0.0000,0.000,0,SEARCH,0.0000,0.0000,0.0000,0.0524
49667,dynamic,-3.8899,3.4121,6.2591,0.00,1.675,0.0000,0.0000,0.0000,0.0000,0.0000,0.000,0,SEARCH,0.0000,0.0000,0.0000,0.0525
49767,dynamic,-3.8866,3.4172,6.2571,0.00,1.677,0.0000,0.0000,0.0000,0.0000,0.0000,0.000,0,SEARCH,0.0000,0.0000,0.0000,0.0532
49867,dynamic,-3.8844,3.4233,6.2572,0.00,1.677,0.0000,0.0000,0.0000,0.0000,0.0000,0.000,0,SEARCH,0.0000,0.0000,0.0000,0.0530
49968,dynamic,-3.8842,3.4330,6.2567,0.00,1.678,0.0000,0.0000,0.0000,0.0000,0.0000,0.000,0,SEARCH,0.0000,0.0000,0.0000,0.0533
50067,dynamic,-3.8853,3.4439,6.2602,0.00,1.677,0.0000,0.0000,0.0000,0.0000,0.0000,0.000,0,SEARCH,0.0000,0.0000,0.0000,0.0531
50177,dynamic,-3.8864,3.4563,6.2625,0.00,1.677,0.0000,0.0000,0.0000,0.0000,0.0000,0.000,0,SEARCH,0.0000,0.0000,0.0000,0.0531
50276,dynamic,-3.8874,3.4706,6.2680,0.00,1.675,0.0000,0.0000,0.0000,0.0000,0.0000,0.000,0,SEARCH,0.0000,0.0000,0.0000,0.0525
50367,dynamic,-3.8881,3.4861,6.2711,0.00,1.675,0.0000,0.0000,0.0000,0.0000,0.0000,0.000,0,SEARCH,0.0000,0.0000,0.0000,0.0526
50467,dynamic,-3.8874,3.5043,6.2771,0.00,1.674,0.0000,0.0000,0.0000,0.0000,0.0000,0.000,0,SEARCH,0.0000,0.0000,0.0000,0.0522
50567,dynamic,-3.8834,3.5213,6.2811,0.00,1.675,0.0000,0.0000,0.0000,0.0000,0.0000,0.000,0,SEARCH,0.0000,0.0000,0.0000,0.0524
50677,dynamic,-3.8790,3.5334,0.0019,0.00,1.674,0.0000,0.0000,0.0000,0.0000,0.0000,0.000,0,SEARCH,0.0000,0.0000,0.0000,0.0522
50768,dynamic,-3.8722,3.5449,0.0074,17.25,1.676,-0.5374,1.3826,1.4833,-0.5314,1.3849,0.000,1,SEARCH,0.0000,0.0000,0.0000,0.0527
50867,dynamic,-3.8665,3.5554,0.0103,0.00,1.675,0.0000,0.0000,0.0000,0.0000,0.0000,0.000,0,SEARCH,0.0000,0.0000,0.0000,0.0526
50970,dynamic,-3.8585,3.5650,0.0112,0.00,1.676,0.0000,0.0000,0.0000,0.0000,0.0000,0.000,0,SEARCH,0.0000,0.0000,0.0000,0.0529
51067,dynamic,-3.8507,3.5743,0.0131,15.35,1.675,-0.7870,1.2724,1.4962,-0.7715,1.2819,0.000,1,SEARCH,0.0000,0.0000,0.0000,0.0524
51167,dynamic,-3.8424,3.5825,0.0160,15.35,1.674,-0.7870,1.2724,1.4962,-0.7675,1.2843,0.000,1,SEARCH,0.0000,0.0000,0.0000,0.0522
51267,dynamic,-3.8341,3.5862,0.0168,15.35,1.672,-0.7870,1.2724,1.4962,-0.7667,1.2848,0.000,1,SEARCH,0.0000,0.0000,0.0000,0.0517
51367,dynamic,-3.8265,3.5892,0.0203,15.35,1.674,-0.7870,1.2724,1.4962,-0.7636,1.2866,0.000,1,SEARCH,0.0000,0.0000,0.0000,0.0522
51467,dynamic,-3.8193,3.5914,0.0197,15.35,1.671,-0.7870,1.2724,1.4962,-0.7597,1.2890,0.000,1,SEARCH,0.0000,0.0000,0.0000,0.0514
51567,dynamic,-3.8129,3.5918,0.0215,12.68,1.671,-0.8900,1.1937,1.4890,-0.8642,1.2125,0.000,1,SEARCH,0.0000,0.0000,0.0000,0.0512
51667,dynamic,-3.8074,3.5903,0.0223,12.68,1.670,-0.8900,1.1937,1.4890,-0.8635,1.2130,0.000,1,SEARCH,0.0000,0.0000,0.0000,0.0509
51769,dynamic,-3.8034,3.5891,0.0218,12.68,1.672,-0.8900,1.1937,1.4890,-0.8651,1.2119,0.000,1,SEARCH,0.0000,0.0000,0.0000,0.0516
51867,dynamic,-3.8003,3.5884,0.0227,15.74,1.673,-0.9955,1.1869,1.5491,-0.9707,1.2072,0.000,1,SEARCH,0.0000,0.0000,0.0000,0.0518
51971,dynamic,-3.7981,3.5883,0.0215,15.74,1.673,-0.9955,1.1869,1.5491,-0.9697,1.2080,0.000,1,SEARCH,0.0000,0.0000,0.0000,0.0520
52067,dynamic,-3.7972,3.5877,0.0242,14.92,1.673,-0.9048,1.2211,1.5198,-0.8770,1.2413,0.000,1,SEARCH,0.0000,0.0000,0.0000,0.0519
52168,dynamic,-3.7952,3.5873,0.0239,14.92,1.676,-0.9048,1.2211,1.5198,-0.8752,1.2425,0.000,1,SEARCH,0.0000,0.0000,0.0000,0.0527
52267,dynamic,-3.7943,3.5859,0.0248,13.29,1.676,-0.9215,1.2167,1.5263,-0.8908,1.2393,0.000,1,SEARCH,0.0000,0.0000,0.0000,0.0528
52376,dynamic,-3.7942,3.5836,0.0230,13.29,1.677,-0.9215,1.2167,1.5263,-0.8925,1.2381,0.000,1,SEARCH,0.0000,0.0000,0.0000,0.0531
52467,dynamic,-3.7946,3.5822,0.0195,14.20,1.676,-0.9749,1.1949,1.5422,-0.9499,1.2149,0.000,1,SEARCH,0.0000,0.0000,0.0000,0.0529
52570,dynamic,-3.7963,3.5777,0.0164,14.20,1.678,-0.9749,1.1949,1.5422,-0.9528,1.2127,0.000,1,SEARCH,0.0000,0.0000,0.0000,0.0534
52670,dynamic,-3.7999,3.5740,0.0143,15.04,1.676,-0.9381,1.2210,1.5398,-0.9190,1.2354,0.000,1,SEARCH,0.0000,0.0000,0.0000,0.0529
52769,dynamic,-3.8034,3.5704,0.0094,14.04,1.677,-0.9270,1.2365,1.5454,-0.9129,1.2470,0.000,1,SEARCH,0.0000,0.0000,0.0000,0.0531
52867,dynamic,-3.8081,3.5649,0.0046,16.42,1.677,-0.9000,1.3225,1.5997,-0.8929,1.3273,0.000,1,SEARCH,0.0000,0.0000,0.0000,0.0532
52967,dynamic,-3.8121,3.5590,0.0019,16.42,1.678,-0.9000,1.3225,1.5997,-0.8971,1.3245,0.000,1,SEARCH,0.0000,0.0000,0.0000,0.0533
53072,dynamic,-3.8178,3.5518,6.2823,16.42,1.677,-0.9000,1.3225,1.5997,-0.8998,1.3227,0.000,1,SEARCH,0.0000,0.0000,0.0000,0.0530
53167,dynamic,-3.8241,3.5432,6.2821,15.13,1.676,-0.7514,1.4215,1.6079,-0.7516,1.4214,0.000,1,SEARCH,0.0000,0.0000,0.0000,0.0527
53269,dynamic,-3.8279,3.5339,6.2827,15.13,1.675,-0.7514,1.4215,1.6079,-0.7548,1.4197,0.000,1,SEARCH,0.0000,0.0000,0.0000,0.0525
53367,dynamic,-3.8324,3.5259,6.2807,15.13,1.677,-0.7514,1.4215,1.6079,-0.7531,1.4206,0.000,1,SEARCH,0.0000,0.0000,0.0000,0.0530
53477,dynamic,-3.8383,3.5190,6.2801,15.13,1.677,-0.7514,1.4215,1.6079,-0.7560,1.4191,0.000,1,SEARCH,0.0000,0.0000,0.0000,0.0530
53568,dynamic,-3.8434,3.5136,6.2805,19.38,1.678,-0.7766,1.4980,1.6873,-0.7811,1.4957,0.000,1,SEARCH,0.0000,0.0000,0.0000,0.0535
53667,dynamic,-3.8504,3.5099,6.2774,18.07,1.677,-0.7973,1.4990,1.6979,-0.8061,1.4943,0.000,1,SEARCH,0.0000,0.0000,0.0000,0.0531
53767,dynamic,-3.8551,3.5067,6.2745,18.07,1.678,-0.7973,1.4990,1.6979,-0.8086,1.4930,0.000,1,SEARCH,0.0000,0.0000,0.0000,0.0533
53873,dynamic,-3.8595,3.5011,6.2706,18.07,1.678,-0.7973,1.4990,1.6979,-0.8117,1.4913,0.000,1,SEARCH,0.0000,0.0000,0.0000,0.0534
53972,dynamic,-3.8658,3.4970,6.2699,20.45,1.679,-0.7552,1.5471,1.7216,-0.7754,1.5371,0.000,1,SEARCH,0.0000,0.0000,0.0000,0.0537
54067,dynamic,-3.8703,3.4950,6.2671,18.90,1.679,-0.7013,1.5827,1.7311,-0.7258,1.5716,0.000,1,SEARCH,0.0000,0.0000,0.0000,0.0536
54169,dynamic,-3.8761,3.4928,6.2664,18.90,1.680,-0.7013,1.5827,1.7311,-0.7279,1.5706,0.000,1,SEARCH,0.0000,0.0000,0.0000,0.0540
54269,dynamic,-3.8805,3.4903,6.2648,19.82,1.680,-0.6919,1.6019,1.7449,-0.7223,1.5884,0.000,1,SEARCH,0.0000,0.0000,0.0000,0.0540
54376,dynamic,-3.8861,3.4889,6.2654,20.10,1.682,-0.7240,1.5894,1.7465,-0.7527,1.5759,0.000,1,SEARCH,0.0000,0.0000,0.0000,0.0546
54467,dynamic,-3.8910,3.4883,6.2671,19.53,1.682,-0.7474,1.6022,1.7680,-0.7746,1.5892,0.000,1,SEARCH,0.0000,0.0000,0.0000,0.0545
54568,dynamic,-3.8972,3.4868,6.2696,19.53,1.683,-0.7474,1.6022,1.7680,-0.7717,1.5906,0.000,1,SEARCH,0.0000,0.0000,0.0000,0.0548
54669,dynamic,-3.9023,3.4845,6.2761,19.42,1.682,-0.7406,1.6104,1.7725,-0.7580,1.6022,0.000,1,SEARCH,0.0000,0.0000,0.0000,0.0545
54769,dynamic,-3.9061,3.4794,6.2811,18.54,1.683,-0.6921,1.6389,1.7791,-0.6992,1.6359,0.000,1,SEARCH,0.0000,0.0000,0.0000,0.0549
54873,dynamic,-3.9090,3.4728,0.0031,19.65,1.683,-0.6893,1.6270,1.7670,-0.6883,1.6274,0.000,1,SEARCH,0.0000,0.0000,0.0000,0.0549
54967,dynamic,-3.9126,3.4646,0.0066,18.59,1.685,-0.6910,1.5906,1.7343,-0.6820,1.5946,0.000,1,SEARCH,0.0000,0.0000,0.0000,0.0554
55072,dynamic,-3.9174,3.4553,0.0098,18.59,1.683,-0.6910,1.5906,1.7343,-0.6780,1.5962,0.000,1,SEARCH,0.0000,0.0000,0.0000,0.0549
55167,dynamic,-3.9211,3.4472,0.0110,15.95,1.685,-0.6905,1.6029,1.7454,-0.6713,1.6111,0.000,1,SEARCH,0.0000,0.0000,0.0000,0.0555
55271,dynamic,-3.9258,3.4377,0.0130,15.95,1.684,-0.6905,1.6029,1.7454,-0.6693,1.6119,0.000,1,SEARCH,0.0000,0.0000,0.0000,0.0553
55370,dynamic,-3.9292,3.4320,0.0117,17.46,1.687,-0.7919,1.5813,1.7685,-0.7707,1.5917,0.000,1,SEARCH,0.0000,0.0000,0.0000,0.0562
55469,dynamic,-3.9334,3.4260,0.0111,17.80,1.688,-0.7822,1.5881,1.7703,-0.7627,1.5975,0.000,1,SEARCH,0.0000,0.0000,0.0000,0.0563
55567,dynamic,-3.9376,3.4209,0.0107,17.80,1.689,-0.7822,1.5881,1.7703,-0.7666,1.5957,0.000,1,SEARCH,0.0000,0.0000,0.0000,0.0568
55673,dynamic,-3.9433,3.4173,0.0068,17.80,1.688,-0.7822,1.5881,1.7703,-0.7680,1.5950,0.000,1,SEARCH,0.0000,0.0000,0.0000,0.0563
55773,dynamic,-3.9478,3.4139,0.0021,17.55,1.689,-0.7319,1.6484,1.8036,-0.7237,1.6520,0.000,1,SEARCH,0.0000,0.0000,0.0000,0.0567
55867,dynamic,-3.9528,3.4081,6.2831,19.41,1.686,-0.7049,1.6804,1.8223,-0.7027,1.6813,0.000,1,SEARCH,0.0000,0.0000,0.0000,0.0558
55968,dynamic,-3.9578,3.4033,6.2746,19.41,1.681,-0.7049,1.6804,1.8223,-0.7147,1.6763,0.000,1,SEARCH,0.0000,0.0000,0.0000,0.0544
56073,dynamic,-3.9640,3.3976,6.2694,19.41,1.681,-0.7049,1.6804,1.8223,-0.7241,1.6722,0.000,1,SEARCH,0.0000,0.0000,0.0000,0.0542
56167,dynamic,-3.9725,3.3913,6.2629,19.56,1.687,-0.6659,1.7539,1.8760,-0.6985,1.7411,0.000,1,SEARCH,0.0000,0.0000,0.0000,0.0560
56276,dynamic,-3.9808,3.3875,6.2615,19.56,1.688,-0.6659,1.7539,1.8760,-0.7038,1.7390,0.000,1,SEARCH,0.0000,0.0000,0.0000,0.0565
56367,dynamic,-3.9874,3.3846,6.2612,22.11,1.691,-0.6607,1.8242,1.9402,-0.7021,1.8087,0.000,1,SEARCH,0.0000,0.0000,0.0000,0.0574
56474,dynamic,-3.9911,3.3808,6.2652,22.11,1.691,-0.6607,1.8242,1.9402,-0.6968,1.8107,0.000,1,SEARCH,0.0000,0.0000,0.0000,0.0573
56569,dynamic,-3.9937,3.3758,6.2683,21.33,1.692,-0.5614,1.8720,1.9544,-0.5932,1.8622,0.000,1,SEARCH,0.0000,0.0000,0.0000,0.0575
56667,dynamic,-3.9973,3.3725,6.2765,20.30,1.691,-0.5880,1.8366,1.9285,-0.6063,1.8307,0.000,1,SEARCH,0.0000,0.0000,0.0000,0.0574
56770,dynamic,-4.0014,3.3712,6.2805,20.30,1.694,-0.5880,1.8366,1.9285,-0.5987,1.8332,0.000,1,SEARCH,0.0000,0.0000,0.0000,0.0581
56867,dynamic,-4.0049,3.3691,0.0007,21.62,1.695,-0.6335,1.7770,1.8865,-0.6346,1.7766,0.000,1,SEARCH,0.0000,0.0000,0.0000,0.0584
56967,dynamic,-4.0091,3.3702,0.0039,21.62,1.697,-0.6335,1.7770,1.8865,-0.6254,1.7798,0.000,1,SEARCH,0.0000,0.0000,0.0000,0.0590
57068,dynamic,-4.0142,3.3718,0.0048,19.02,1.697,-0.6165,1.7268,1.8336,-0.6094,1.7293,0.000,1,SEARCH,0.0000,0.0000,0.0000,0.0592
57169,dynamic,-4.0195,3.3746,0.0053,19.02,1.699,-0.6165,1.7268,1.8336,-0.6059,1.7306,0.000,1,SEARCH,0.0000,0.0000,0.0000,0.0598
57267,dynamic,-4.0261,3.3798,0.0031,18.67,1.700,-0.7107,1.6735,1.8182,-0.7032,1.6767,0.000,1,SEARCH,0.0000,0.0000,0.0000,0.0601
57367,dynamic,-4.0329,3.3868,6.2820,18.67,1.702,-0.7107,1.6735,1.8182,-0.7091,1.6742,0.000,1,SEARCH,0.0000,0.0000,0.0000,0.0607
57474,dynamic,-4.0400,3.3949,6.2765,18.69,1.703,-0.6734,1.6479,1.7802,-0.6809,1.6448,0.000,1,SEARCH,0.0000,0.0000,0.0000,0.0608
57573,dynamic,-4.0460,3.4032,6.2729,19.55,1.705,-0.6362,1.6531,1.7713,-0.6539,1.6462,0.000,1,SEARCH,0.0000,0.0000,0.0000,0.0614
57667,dynamic,-4.0538,3.4142,6.2653,19.05,1.704,-0.5690,1.6992,1.7920,-0.5948,1.6904,0.000,1,SEARCH,0.0000,0.0000,0.0000,0.0613
57770,dynamic,-4.0589,3.4242,6.2621,19.05,1.706,-0.5690,1.6992,1.7920,-0.6067,1.6861,0.000,1,SEARCH,0.0000,0.0000,0.0000,0.0618
57872,dynamic,-4.0637,3.4372,6.2589,20.73,1.703,-0.5625,1.7192,1.8089,-0.6052,1.7047,0.000,1,SEARCH,0.0000,0.0000,0.0000,0.0610
57970,dynamic,-4.0690,3.4470,6.2591,18.78,1.704,-0.5441,1.6901,1.7755,-0.5854,1.6762,0.000,1,SEARCH,0.0000,0.0000,0.0000,0.0612
58068,dynamic,-4.0737,3.4550,6.2639,20.95,1.706,-0.5258,1.6929,1.7727,-0.5635,1.6807,0.000,1,SEARCH,0.0000,0.0000,0.0000,0.0617
58168,dynamic,-4.0789,3.4674,6.2666,19.80,1.707,-0.4653,1.7627,1.8230,-0.4989,1.7534,0.000,1,SEARCH,0.0000,0.0000,0.0000,0.0622
58276,dynamic,-4.0828,3.4753,6.2684,19.68,1.707,-0.5153,1.6853,1.7623,-0.5428,1.6767,0.000,1,SEARCH,0.0000,0.0000,0.0000,0.0622
58368,dynamic,-4.0873,3.4886,6.2708,18.65,1.710,-0.5257,1.6090,1.6927,-0.5474,1.6017,0.000,1,SEARCH,0.0000,0.0000,0.0000,0.0629
58472,dynamic,-4.0915,3.4993,6.2747,18.65,1.708,-0.5257,1.6090,1.6927,-0.5422,1.6035,0.000,1,SEARCH,0.0000,0.0000,0.0000,0.0623
58572,dynamic,-4.0946,3.5112,6.2742,17.23,1.710,-0.4755,1.5745,1.6448,-0.4875,1.5709,0.000,1,SEARCH,0.0000,0.0000,0.0000,0.0630
58681,dynamic,-4.0962,3.5233,6.2756,18.22,1.711,-0.5844,1.5022,1.6118,-0.5973,1.4971,0.000,1,SEARCH,0.0000,0.0000,0.0000,0.0632
58773,dynamic,-4.0972,3.5396,6.2728,17.82,1.711,-0.5687,1.4951,1.5996,-0.5844,1.4890,0.000,1,SEARCH,0.0000,0.0000,0.0000,0.0634
58877,dynamic,-4.0999,3.5566,6.2707,18.93,1.710,-0.5597,1.4883,1.5900,-0.5753,1.4823,0.000,1,SEARCH,0.0000,0.0000,0.0000,0.0629
58979,dynamic,-4.1008,3.5723,6.2669,17.54,1.711,-0.5444,1.4830,1.5797,-0.5689,1.4737,0.000,1,SEARCH,0.0000,0.0000,0.0000,0.0632
59067,dynamic,-4.1025,3.5892,6.2594,0.00,1.710,0.0000,0.0000,0.0000,0.0000,0.0000,0.000,0,SEARCH,0.0000,0.0000,0.0000,0.0629
59171,dynamic,-4.1045,3.6040,6.2548,0.00,1.709,0.0000,0.0000,0.0000,0.0000,0.0000,0.000,0,SEARCH,0.0000,0.0000,0.0000,0.0628
59267,dynamic,-4.1069,3.6231,6.2518,20.69,1.708,-0.5303,1.4720,1.5646,-0.5762,1.4547,0.000,1,SEARCH,0.0000,0.0000,0.0000,0.0623
59367,dynamic,-4.1082,3.6413,6.2514,20.69,1.706,-0.5303,1.4720,1.5646,-0.5784,1.4538,0.000,1,SEARCH,0.0000,0.0000,0.0000,0.0617
59468,dynamic,-4.1090,3.6547,6.2526,20.69,1.703,-0.5303,1.4720,1.5646,-0.5777,1.4541,0.000,1,SEARCH,0.0000,0.0000,0.0000,0.0608
59567,dynamic,-4.1095,3.6646,6.2541,20.69,1.703,-0.5303,1.4720,1.5646,-0.5754,1.4550,0.000,1,SEARCH,0.0000,0.0000,0.0000,0.0610
59671,dynamic,-4.1106,3.6728,6.2586,20.69,1.704,-0.5303,1.4720,1.5646,-0.5683,1.4578,0.000,1,SEARCH,0.0000,0.0000,0.0000,0.0611
59775,dynamic,-4.1130,3.6817,6.2625,18.88,1.704,-0.4946,1.3951,1.4802,-0.5263,1.3835,0.000,1,SEARCH,0.0000,0.0000,0.0000,0.0613
59875,dynamic,-4.1136,3.6918,6.2686,16.72,1.703,-0.4610,1.3935,1.4677,-0.4849,1.3853,0.000,1,SEARCH,0.0000,0.0000,0.0000,0.0610
59969,dynamic,-4.1140,3.6986,6.2714,16.23,1.704,-0.4306,1.3406,1.4081,-0.4497,1.3343,0.000,1,SEARCH,0.0000,0.0000,0.0000,0.0613
60068,dynamic,-4.1141,3.7059,6.2729,15.51,1.705,-0.4608,1.3034,1.3824,-0.4759,1.2979,0.000,1,SEARCH,0.0000,0.0000,0.0000,0.0616
60169,dynamic,-4.1142,3.7131,6.2754,15.51,1.705,-0.4608,1.3034,1.3824,-0.4721,1.2993,0.000,1,SEARCH,0.0000,0.0000,0.0000,0.0616
60269,dynamic,-4.1138,3.7205,6.2813,15.85,1.705,-0.4711,1.2402,1.3267,-0.4768,1.2380,0.000,1,SEARCH,0.0000,0.0000,0.0000,0.0615
60372,dynamic,-4.1115,3.7267,0.0032,15.85,1.706,-0.4711,1.2402,1.3267,-0.4702,1.2405,0.000,1,SEARCH,0.0000,0.0000,0.0000,0.0619
60472,dynamic,-4.1106,3.7313,0.0085,13.66,1.706,-0.5504,1.1725,1.2952,-0.5438,1.1756,0.000,1,SEARCH,0.0000,0.0000,0.0000,0.0617
60575,dynamic,-4.1068,3.7402,0.0175,13.40,1.706,-0.5474,1.1390,1.2637,-0.5319,1.1463,0.000,1,SEARCH,0.0000,0.0000,0.0000,0.0619
60668,dynamic,-4.1044,3.7491,0.0227,13.24,1.705,-0.5406,1.0851,1.2123,-0.5172,1.0964,0.000,1,SEARCH,0.0000,0.0000,0.0000,0.0614
60774,dynamic,-4.1022,3.7572,0.0255,13.24,1.704,-0.5406,1.0851,1.2123,-0.5115,1.0991,0.000,1,SEARCH,0.0000,0.0000,0.0000,0.0613
60871,dynamic,-4.1007,3.7629,0.0295,12.29,1.705,-0.4958,0.9982,1.1146,-0.4675,1.0118,0.000,1,SEARCH,0.0000,0.0000,0.0000,0.0615
60968,dynamic,-4.0966,3.7736,0.0330,12.29,1.707,-0.4958,0.9982,1.1146,-0.4637,1.0135,0.000,1,SEARCH,0.0000,0.0000,0.0000,0.0621
61069,dynamic,-4.0955,3.7811,0.0310,10.55,1.706,-0.5349,0.9648,1.1032,-0.5041,0.9813,0.000,1,SEARCH,0.0000,0.0000,0.0000,0.0619
61167,dynamic,-4.0956,3.7934,0.0308,9.40,1.706,-0.5402,0.9360,1.0807,-0.5107,0.9524,0.000,1,SEARCH,0.0000,0.0000,0.0000,0.0618
61271,dynamic,-4.0957,3.8029,0.0285,9.40,1.704,-0.5402,0.9360,1.0807,-0.5124,0.9515,0.000,1,SEARCH,0.0000,0.0000,0.0000,0.0613
61369,dynamic,-4.0950,3.8141,0.0271,9.40,1.704,-0.5402,0.9360,1.0807,-0.5142,0.9506,0.000,1,SEARCH,0.0000,0.0000,0.0000,0.0613
61473,dynamic,-4.0950,3.8261,0.0244,10.26,1.703,-0.5927,0.9152,1.0903,-0.5690,0.9301,0.000,1,SEARCH,0.0000,0.0000,0.0000,0.0609
61568,dynamic,-4.0941,3.8353,0.0209,9.54,1.704,-0.6069,0.9031,1.0881,-0.5859,0.9168,0.000,1,SEARCH,0.0000,0.0000,0.0000,0.0611
61671,dynamic,-4.0926,3.8441,0.0200,9.54,1.705,-0.6069,0.9031,1.0881,-0.5877,0.9157,0.000,1,SEARCH,0.0000,0.0000,0.0000,0.0614
61774,dynamic,-4.0920,3.8504,0.0175,10.77,1.707,-0.6138,0.9181,1.1044,-0.5970,0.9292,0.000,1,SEARCH,0.0000,0.0000,0.0000,0.0621
61872,dynamic,-4.0927,3.8569,0.0147,10.11,1.706,-0.5590,0.9225,1.0787,-0.5436,0.9317,0.000,1,SEARCH,0.0000,0.0000,0.0000,0.0619
61969,dynamic,-4.0935,3.8625,0.0157,10.64,1.707,-0.5564,0.9263,1.0806,-0.5436,0.9339,0.000,1,SEARCH,0.0000,0.0000,0.0000,0.0620
62069,dynamic,-4.0957,3.8677,0.0144,11.51,1.706,-0.5614,0.9302,1.0865,-0.5474,0.9385,0.000,1,SEARCH,0.0000,0.0000,0.0000,0.0619
62171,dynamic,-4.0994,3.8725,0.0145,11.51,1.707,-0.5614,0.9302,1.0865,-0.5478,0.9383,0.000,1,SEARCH,0.0000,0.0000,0.0000,0.0620
62277,dynamic,-4.1039,3.8763,0.0127,10.77,1.705,-0.5357,0.9605,1.0998,-0.5232,0.9674,0.000,1,SEARCH,0.0000,0.0000,0.0000,0.0616
62375,dynamic,-4.1088,3.8791,0.0095,9.74,1.705,-0.5317,0.9503,1.0889,-0.5209,0.9563,0.000,1,SEARCH,0.0000,0.0000,0.0000,0.0614
62468,dynamic,-4.1147,3.8822,0.0068,11.76,1.703,-0.5237,0.9556,1.0897,-0.5167,0.9594,0.000,1,SEARCH,0.0000,0.0000,0.0000,0.0610
62572,dynamic,-4.1210,3.8840,0.0014,11.76,1.704,-0.5237,0.9556,1.0897,-0.5203,0.9574,0.000,1,SEARCH,0.0000,0.0000,0.0000,0.0611
62670,dynamic,-4.1282,3.8872,6.2794,10.60,1.702,-0.4489,1.0142,1.1091,-0.4495,1.0139,0.000,1,SEARCH,0.0000,0.0000,0.0000,0.0607
62775,dynamic,-4.1347,3.8893,6.2754,10.60,1.704,-0.4489,1.0142,1.1091,-0.4571,1.0105,0.000,1,SEARCH,0.0000,0.0000,0.0000,0.0613
62869,dynamic,-4.1413,3.8919,6.2670,13.68,1.703,-0.3662,1.0665,1.1276,-0.3803,1.0616,0.000,1,SEARCH,0.0000,0.0000,0.0000,0.0610
62971,dynamic,-4.1465,3.8937,6.2645,13.68,1.703,-0.3662,1.0665,1.1276,-0.3867,1.0592,0.000,1,SEARCH,0.0000,0.0000,0.0000,0.0608
63070,dynamic,-4.1522,3.8972,6.2604,15.05,1.700,-0.2930,1.1365,1.1737,-0.3170,1.1301,0.000,1,SEARCH,0.0000,0.0000,0.0000,0.0600
63171,dynamic,-4.1530,3.9015,6.2590,15.05,1.700,-0.2930,1.1365,1.1737,-0.3203,1.1292,0.000,1,SEARCH,0.0000,0.0000,0.0000,0.0599
63270,dynamic,-4.1530,3.9046,6.2599,16.13,1.698,-0.3724,1.1563,1.2148,-0.3993,1.1473,0.000,1,SEARCH,0.0000,0.0000,0.0000,0.0594
63370,dynamic,-4.1522,3.9080,6.2621,16.13,1.698,-0.3724,1.1563,1.2148,-0.3986,1.1475,0.000,1,SEARCH,0.0000,0.0000,0.0000,0.0593
63471,dynamic,-4.1497,3.9134,6.2642,15.71,1.695,-0.3510,1.1431,1.1957,-0.3746,1.1355,0.000,1,SEARCH,0.0000,0.0000,0.0000,0.0584
63567,dynamic,-4.1448,3.9161,6.2636,14.20,1.693,-0.3166,1.1454,1.1884,-0.3391,1.1390,0.000,1,SEARCH,0.0000,0.0000,0.0000,0.0580
63672,dynamic,-4.1405,3.9169,6.2647,14.20,1.690,-0.3166,1.1454,1.1884,-0.3376,1.1394,0.000,1,SEARCH,0.0000,0.0000,0.0000,0.0570
63770,dynamic,-4.1355,3.9179,6.2675,14.73,1.689,-0.3587,1.0848,1.1425,-0.3764,1.0787,0.000,1,SEARCH,0.0000,0.0000,0.0000,0.0566
63871,dynamic,-4.1309,3.9175,6.2720,14.73,1.687,-0.3587,1.0848,1.1425,-0.3722,1.0802,0.000,1,SEARCH,0.0000,0.0000,0.0000,0.0560
63968,dynamic,-4.1270,3.9177,6.2761,14.71,1.685,-0.4266,1.0263,1.1114,-0.4362,1.0222,0.000,1,SEARCH,0.0000,0.0000,0.0000,0.0555
64070,dynamic,-4.1239,3.9185,6.2784,14.71,1.681,-0.4266,1.0263,1.1114,-0.4312,1.0243,0.000,1,SEARCH,0.0000,0.0000,0.0000,0.0544
64170,dynamic,-4.1182,3.9175,6.2811,12.43,1.682,-0.4404,1.0147,1.1062,-0.4436,1.0133,0.000,1,SEARCH,0.0000,0.0000,0.0000,0.0545
64267,dynamic,-4.1132,3.9175,6.2832,12.11,1.680,-0.5015,0.9671,1.0894,-0.5018,0.9669,0.000,1,SEARCH,0.0000,0.0000,0.0000,0.0541
64375,dynamic,-4.1088,3.9158,0.0011,12.11,1.679,-0.5015,0.9671,1.0894,-0.5003,0.9677,0.000,1,SEARCH,0.0000,0.0000,0.0000,0.0538
64472,dynamic,-4.1061,3.9129,0.0046,10.15,1.676,-0.4842,0.9762,1.0897,-0.4828,0.9769,0.000,1,SEARCH,0.0000,0.0000,0.0000,0.0528
64572,dynamic,-4.1032,3.9104,0.0036,10.15,1.674,-0.4842,0.9762,1.0897,-0.4817,0.9775,0.000,1,SEARCH,0.0000,0.0000,0.0000,0.0521
64670,dynamic,-4.1016,3.9063,0.0010,13.24,1.671,-0.4667,0.9524,1.0606,-0.4660,0.9528,0.000,1,SEARCH,0.0000,0.0000,0.0000,0.0514
64776,dynamic,-4.1002,3.9027,0.0008,13.24,1.670,-0.4667,0.9524,1.0606,-0.4644,0.9535,0.000,1,SEARCH,0.0000,0.0000,0.0000,0.0511
64871,dynamic,-4.0997,3.8970,0.0030,12.80,1.669,-0.4551,0.9677,1.0694,-0.4521,0.9691,0.000,1,SEARCH,0.0000,0.0000,0.0000,0.0506
64973,dynamic,-4.0985,3.8928,0.0020,12.80,1.669,-0.4551,0.9677,1.0694,-0.4530,0.9687,0.000,1,SEARCH,0.0000,0.0000,0.0000,0.0506
65071,dynamic,-4.0977,3.8895,0.0054,12.87,1.667,-0.4787,0.9646,1.0768,-0.4759,0.9660,0.000,1,SEARCH,0.0000,0.0000,0.0000,0.0500
65168,dynamic,-4.0962,3.8859,0.0090,11.49,1.668,-0.4514,0.9690,1.0689,-0.4440,0.9723,0.000,1,SEARCH,0.0000,0.0000,0.0000,0.0504
65278,dynamic,-4.0958,3.8822,0.0136,11.49,1.667,-0.4514,0.9690,1.0689,-0.4406,0.9739,0.000,1,SEARCH,0.0000,0.0000,0.0000,0.0502
65371,dynamic,-4.0943,3.8789,0.0177,11.74,1.668,-0.4988,0.9568,1.0790,-0.4834,0.9647,0.000,1,SEARCH,0.0000,0.0000,0.0000,0.0505
65474,dynamic,-4.0926,3.8753,0.0211,11.74,1.667,-0.4988,0.9568,1.0790,-0.4833,0.9648,0.000,1,SEARCH,0.0000,0.0000,0.0000,0.0502
65571,dynamic,-4.0916,3.8725,0.0203,11.80,1.669,-0.5427,0.9129,1.0620,-0.5229,0.9243,0.000,1,SEARCH,0.0000,0.0000,0.0000,0.0506
65670,dynamic,-4.0918,3.8692,0.0221,9.52,1.668,-0.4709,0.9062,1.0212,-0.4493,0.9171,0.000,1,SEARCH,0.0000,0.0000,0.0000,0.0503
65768,dynamic,-4.0921,3.8661,0.0226,9.16,1.670,-0.4837,0.9046,1.0258,-0.4616,0.9160,0.000,1,SEARCH,0.0000,0.0000,0.0000,0.0511
65869,dynamic,-4.0928,3.8622,0.0238,9.16,1.670,-0.4837,0.9046,1.0258,-0.4611,0.9163,0.000,1,SEARCH,0.0000,0.0000,0.0000,0.0510
65969,dynamic,-4.0934,3.8586,0.0222,11.09,1.673,-0.5174,0.9192,1.0548,-0.4963,0.9308,0.000,1,SEARCH,0.0000,0.0000,0.0000,0.0518
66072,dynamic,-4.0953,3.8551,0.0218,10.14,1.673,-0.5094,0.9107,1.0435,-0.4891,0.9218,0.000,1,SEARCH,0.0000,0.0000,0.0000,0.0519
66169,dynamic,-4.0959,3.8513,0.0217,11.53,1.675,-0.5153,0.9396,1.0716,-0.4940,0.9510,0.000,1,SEARCH,0.0000,0.0000,0.0000,0.0526
66271,dynamic,-4.0965,3.8472,0.0182,11.53,1.675,-0.5153,0.9396,1.0716,-0.4970,0.9494,0.000,1,SEARCH,0.0000,0.0000,0.0000,0.0525
66368,dynamic,-4.0975,3.8432,0.0178,11.53,1.677,-0.5153,0.9396,1.0716,-0.4980,0.9489,0.000,1,SEARCH,0.0000,0.0000,0.0000,0.0531
66474,dynamic,-4.0995,3.8403,0.0160,11.53,1.677,-0.5153,0.9396,1.0716,-0.5011,0.9473,0.000,1,SEARCH,0.0000,0.0000,0.0000,0.0531
66569,dynamic,-4.0987,3.8372,0.0126,12.45,1.679,-0.5432,0.9889,1.1282,-0.5273,0.9974,0.000,1,SEARCH,0.0000,0.0000,0.0000,0.0536
66670,dynamic,-4.0982,3.8340,0.0143,11.16,1.679,-0.5613,0.9949,1.1423,-0.5462,1.0033,0.000,1,SEARCH,0.0000,0.0000,0.0000,0.0537
66771,dynamic,-4.0982,3.8313,0.0093,11.16,1.682,-0.5613,0.9949,1.1423,-0.5514,1.0004,0.000,1,SEARCH,0.0000,0.0000,0.0000,0.0545
66873,dynamic,-4.0981,3.8283,0.0078,12.56,1.682,-0.5892,1.0245,1.1818,-0.5801,1.0297,0.000,1,SEARCH,0.0000,0.0000,0.0000,0.0547
66973,dynamic,-4.0964,3.8263,0.0044,12.43,1.687,-0.5770,1.0635,1.2100,-0.5705,1.0671,0.000,1,SEARCH,0.0000,0.0000,0.0000,0.0561
67075,dynamic,-4.0949,3.8241,0.0025,12.43,1.689,-0.5770,1.0635,1.2100,-0.5726,1.0659,0.000,1,SEARCH,0.0000,0.0000,0.0000,0.0568
67168,dynamic,-4.0922,3.8221,0.0034,13.68,1.693,-0.5218,1.1164,1.2323,-0.5176,1.1183,0.000,1,SEARCH,0.0000,0.0000,0.0000,0.0578
67273,dynamic,-4.0906,3.8195,0.0051,14.12,1.693,-0.5305,1.1267,1.2454,-0.5254,1.1291,0.000,1,SEARCH,0.0000,0.0000,0.0000,0.0579
67370,dynamic,-4.0872,3.8168,0.0039,12.91,1.697,-0.5462,1.1369,1.2613,-0.5441,1.1379,0.000,1,SEARCH,0.0000,0.0000,0.0000,0.0592
67468,dynamic,-4.0847,3.8132,0.0007,0.00,1.700,0.0000,0.0000,0.0000,0.0000,0.0000,0.000,0,SEARCH,0.0000,0.0000,0.0000,0.0599
67581,dynamic,-4.0811,3.8103,6.2783,0.00,1.706,0.0000,0.0000,0.0000,0.0000,0.0000,0.000,0,SEARCH,0.0000,0.0000,0.0000,0.0617
67669,dynamic,-4.0787,3.8072,6.2740,15.10,1.708,-0.6926,1.1240,1.3202,-0.7009,1.1188,0.000,1,SEARCH,0.0000,0.0000,0.0000,0.0624
67768,dynamic,-4.0773,3.8044,6.2679,15.10,1.713,-0.6926,1.1240,1.3202,-0.7083,1.1141,0.000,1,SEARCH,0.0000,0.0000,0.0000,0.0638
67881,dynamic,-4.0757,3.8007,6.2592,16.32,1.714,-0.7545,1.1623,1.3857,-0.7766,1.1476,0.000,1,SEARCH,0.0000,0.0000,0.0000,0.0641
67968,dynamic,-4.0751,3.7979,6.2557,17.05,1.712,-0.6981,1.2163,1.4024,-0.7282,1.1985,0.000,1,SEARCH,0.0000,0.0000,0.0000,0.0637
68068,dynamic,-4.0758,3.7963,6.2507,17.05,1.705,-0.6981,1.2163,1.4024,-0.7370,1.1931,0.000,1,SEARCH,0.0000,0.0000,0.0000,0.0614
68171,dynamic,-4.0771,3.7942,6.2474,17.05,1.706,-0.6981,1.2163,1.4024,-0.7400,1.1913,0.000,1,SEARCH,0.0000,0.0000,0.0000,0.0618
68271,dynamic,-4.0786,3.7919,6.2474,17.05,1.707,-0.6981,1.2163,1.4024,-0.7403,1.1911,0.000,1,SEARCH,0.0000,0.0000,0.0000,0.0622
68368,dynamic,-4.0815,3.7900,6.2496,18.23,1.710,-0.6113,1.3384,1.4714,-0.6573,1.3164,0.000,1,SEARCH,0.0000,0.0000,0.0000,0.0630
68474,dynamic,-4.0852,3.7903,6.2544,18.23,1.708,-0.6113,1.3384,1.4714,-0.6521,1.3190,0.000,1,SEARCH,0.0000,0.0000,0.0000,0.0624
68570,dynamic,-4.0871,3.7929,6.2600,19.08,1.709,-0.5357,1.3509,1.4532,-0.5682,1.3375,0.000,1,SEARCH,0.0000,0.0000,0.0000,0.0627
68675,dynamic,-4.0874,3.7993,6.2678,17.18,1.708,-0.5560,1.2865,1.4015,-0.5784,1.2766,0.000,1,SEARCH,0.0000,0.0000,0.0000,0.0624
68771,dynamic,-4.0848,3.8066,6.2746,17.18,1.708,-0.5560,1.2865,1.4015,-0.5691,1.2807,0.000,1,SEARCH,0.0000,0.0000,0.0000,0.0624
68873,dynamic,-4.0828,3.8121,6.2822,16.13,1.705,-0.5024,1.2232,1.3223,-0.5082,1.2208,0.000,1,SEARCH,0.0000,0.0000,0.0000,0.0616
68968,dynamic,-4.0799,3.8155,0.0013,16.13,1.703,-0.5024,1.2232,1.3223,-0.5005,1.2240,0.000,1,SEARCH,0.0000,0.0000,0.0000,0.0610
69069,dynamic,-4.0759,3.8162,0.0044,16.13,1.700,-0.5024,1.2232,1.3223,-0.4994,1.2244,0.000,1,SEARCH,0.0000,0.0000,0.0000,0.0599
69170,dynamic,-4.0742,3.8149,0.0094,16.13,1.700,-0.5024,1.2232,1.3223,-0.4956,1.2260,0.000,1,SEARCH,0.0000,0.0000,0.0000,0.0601
69274,dynamic,-4.0724,3.8140,0.0113,13.17,1.698,-0.6013,1.1151,1.2669,-0.5884,1.1219,0.000,1,SEARCH,0.0000,0.0000,0.0000,0.0594
69370,dynamic,-4.0712,3.8130,0.0151,13.17,1.699,-0.6013,1.1151,1.2669,-0.5869,1.1228,0.000,1,SEARCH,0.0000,0.0000,0.0000,0.0597
69469,dynamic,-4.0722,3.8149,0.0197,13.35,1.696,-0.6871,1.0785,1.2788,-0.6657,1.0919,0.000,1,SEARCH,0.0000,0.0000,0.0000,0.0588
69570,dynamic,-4.0727,3.8153,0.0223,12.20,1.696,-0.6496,1.0609,1.2440,-0.6250,1.0756,0.000,1,SEARCH,0.0000,0.0000,0.0000,0.0588
69676,dynamic,-4.0740,3.8165,0.0294,12.20,1.694,-0.6496,1.0609,1.2440,-0.6196,1.0787,0.000,1,SEARCH,0.0000,0.0000,0.0000,0.0583
69770,dynamic,-4.0758,3.8181,0.0332,11.97,1.695,-0.7492,1.0191,1.2649,-0.7155,1.0431,0.000,1,SEARCH,0.0000,0.0000,0.0000,0.0584
69872,dynamic,-4.0784,3.8200,0.0401,9.66,1.693,-0.7007,0.9816,1.2060,-0.6638,1.0069,0.000,1,SEARCH,0.0000,0.0000,0.0000,0.0579
69970,dynamic,-4.0815,3.8210,0.0413,9.66,1.695,-0.7007,0.9816,1.2060,-0.6563,1.0118,0.000,1,SEARCH,0.0000,0.0000,0.0000,0.0585
70074,dynamic,-4.0883,3.8220,0.0461,9.66,1.695,-0.7007,0.9816,1.2060,-0.6551,1.0126,0.000,1,SEARCH,0.0000,0.0000,0.0000,0.0585
70170,dynamic,-4.0939,3.8222,0.0466,9.52,1.696,-0.6909,0.9274,1.1564,-0.6505,0.9561,0.000,1,SEARCH,0.0000,0.0000,0.0000,0.0589
70274,dynamic,-4.1012,3.8236,0.0421,9.37,1.695,-0.6879,0.9174,1.1466,-0.6484,0.9457,0.000,1,SEARCH,0.0000,0.0000,0.0000,0.0586
70370,dynamic,-4.1066,3.8232,0.0411,9.37,1.697,-0.6879,0.9174,1.1466,-0.6494,0.9450,0.000,1,SEARCH,0.0000,0.0000,0.0000,0.0592
70470,dynamic,-4.1121,3.8226,0.0360,10.11,1.697,-0.6477,0.9710,1.1672,-0.6113,0.9943,0.000,1,SEARCH,0.0000,0.0000,0.0000,0.0592
70569,dynamic,-4.1166,3.8205,0.0324,11.64,1.699,-0.5630,1.0130,1.1589,-0.5257,1.0329,0.000,1,SEARCH,0.0000,0.0000,0.0000,0.0598
70670,dynamic,-4.1226,3.8201,0.0290,11.64,1.700,-0.5630,1.0130,1.1589,-0.5308,1.0303,0.000,1,SEARCH,0.0000,0.0000,0.0000,0.0600
70769,dynamic,-4.1284,3.8178,0.0233,9.55,1.701,-0.5128,1.0427,1.1620,-0.4845,1.0561,0.000,1,SEARCH,0.0000,0.0000,0.0000,0.0604
70871,dynamic,-4.1347,3.8168,0.0180,9.55,1.700,-0.5128,1.0427,1.1620,-0.4911,1.0531,0.000,1,SEARCH,0.0000,0.0000,0.0000,0.0600
70970,dynamic,-4.1416,3.8153,0.0118,11.52,1.700,-0.5519,1.0957,1.2268,-0.5376,1.1028,0.000,1,SEARCH,0.0000,0.0000,0.0000,0.0601
71071,dynamic,-4.1474,3.8138,0.0022,13.91,1.699,-0.4905,1.1766,1.2747,-0.4838,1.1794,0.000,1,SEARCH,0.0000,0.0000,0.0000,0.0596
71171,dynamic,-4.1540,3.8116,6.2796,14.12,1.699,-0.4340,1.2455,1.3190,-0.4352,1.2451,0.000,1,SEARCH,0.0000,0.0000,0.0000,0.0598
71272,dynamic,-4.1593,3.8107,6.2753,14.12,1.697,-0.4340,1.2455,1.3190,-0.4413,1.2430,0.000,1,SEARCH,0.0000,0.0000,0.0000,0.0591
71369,dynamic,-4.1626,3.8068,6.2692,14.12,1.697,-0.4340,1.2455,1.3190,-0.4500,1.2398,0.000,1,SEARCH,0.0000,0.0000,0.0000,0.0592
71476,dynamic,-4.1663,3.8051,6.2682,16.24,1.696,-0.4191,1.3320,1.3963,-0.4400,1.3252,0.000,1,SEARCH,0.0000,0.0000,0.0000,0.0588
71570,dynamic,-4.1684,3.8018,6.2657,16.59,1.696,-0.3279,1.3910,1.4291,-0.3517,1.3852,0.000,1,SEARCH,0.0000,0.0000,0.0000,0.0588
71670,dynamic,-4.1684,3.7975,6.2676,17.56,1.694,-0.3858,1.4112,1.4630,-0.4088,1.4047,0.000,1,SEARCH,0.0000,0.0000,0.0000,0.0582
71772,dynamic,-4.1692,3.7916,6.2686,17.56,1.695,-0.3858,1.4112,1.4630,-0.4069,1.4053,0.000,1,SEARCH,0.0000,0.0000,0.0000,0.0584
71873,dynamic,-4.1704,3.7854,6.2713,17.74,1.694,-0.4110,1.4176,1.4760,-0.4297,1.4120,0.000,1,SEARCH,0.0000,0.0000,0.0000,0.0582
71971,dynamic,-4.1718,3.7785,6.2760,17.74,1.693,-0.4110,1.4176,1.4760,-0.4237,1.4138,0.000,1,SEARCH,0.0000,0.0000,0.0000,0.0579
72071,dynamic,-4.1755,3.7722,6.2805,17.74,1.690,-0.4110,1.4176,1.4760,-0.4167,1.4159,0.000,1,SEARCH,0.0000,0.0000,0.0000,0.0571
72174,dynamic,-4.1778,3.7660,6.2812,17.74,1.691,-0.4110,1.4176,1.4760,-0.4122,1.4172,0.000,1,SEARCH,0.0000,0.0000,0.0000,0.0573
72277,dynamic,-4.1807,3.7589,0.0006,16.60,1.690,-0.4293,1.3966,1.4611,-0.4290,1.3967,0.000,1,SEARCH,0.0000,0.0000,0.0000,0.0571
72370,dynamic,-4.1836,3.7541,0.0032,16.60,1.691,-0.4293,1.3966,1.4611,-0.4276,1.3971,0.000,1,SEARCH,0.0000,0.0000,0.0000,0.0572
72472,dynamic,-4.1890,3.7499,0.0022,14.85,1.688,-0.3563,1.4132,1.4574,-0.3530,1.4140,0.000,1,SEARCH,0.0000,0.0000,0.0000,0.0565
72571,dynamic,-4.1919,3.7440,6.2831,14.85,1.688,-0.3563,1.4132,1.4574,-0.3533,1.4140,0.000,1,SEARCH,0.0000,0.0000,0.0000,0.0564
72672,dynamic,-4.1961,3.7374,0.0003,16.54,1.687,-0.4001,1.4438,1.4982,-0.4001,1.4438,0.000,1,SEARCH,0.0000,0.0000,0.0000,0.0560
72772,dynamic,-4.2003,3.7322,6.2805,16.54,1.688,-0.4001,1.4438,1.4982,-0.4034,1.4428,0.000,1,SEARCH,0.0000,0.0000,0.0000,0.0564
72871,dynamic,-4.2046,3.7271,6.2800,17.03,1.686,-0.3707,1.4543,1.5008,-0.3747,1.4533,0.000,1,SEARCH,0.0000,0.0000,0.0000,0.0558
72971,dynamic,-4.2082,3.7224,6.2800,17.03,1.685,-0.3707,1.4543,1.5008,-0.3749,1.4532,0.000,1,SEARCH,0.0000,0.0000,0.0000,0.0556
73070,dynamic,-4.2120,3.7150,6.2763,17.03,1.684,-0.3707,1.4543,1.5008,-0.3769,1.4527,0.000,1,SEARCH,0.0000,0.0000,0.0000,0.0551
73169,dynamic,-4.2161,3.7098,6.2766,16.91,1.684,-0.2881,1.5489,1.5755,-0.2939,1.5478,0.000,1,SEARCH,0.0000,0.0000,0.0000,0.0552
73270,dynamic,-4.2203,3.7040,6.2758,17.26,1.680,-0.3029,1.5374,1.5669,-0.3122,1.5355,0.000,1,SEARCH,0.0000,0.0000,0.0000,0.0541
73370,dynamic,-4.2240,3.6970,6.2726,17.26,1.681,-0.3029,1.5374,1.5669,-0.3177,1.5344,0.000,1,SEARCH,0.0000,0.0000,0.0000,0.0543
73469,dynamic,-4.2284,3.6908,6.2714,17.26,1.680,-0.3029,1.5374,1.5669,-0.3170,1.5346,0.000,1,SEARCH,0.0000,0.0000,0.0000,0.0540
73576,dynamic,-4.2327,3.6840,6.2708,17.26,1.679,-0.3029,1.5374,1.5669,-0.3234,1.5332,0.000,1,SEARCH,0.0000,0.0000,0.0000,0.0538
73668,dynamic,-4.2382,3.6782,6.2691,18.66,1.678,-0.2671,1.6593,1.6806,-0.2878,1.6558,0.000,1,SEARCH,0.0000,0.0000,0.0000,0.0534
73770,dynamic,-4.2437,3.6744,6.2713,20.07,1.678,-0.2649,1.6612,1.6822,-0.2888,1.6572,0.000,1,SEARCH,0.0000,0.0000,0.0000,0.0535
73871,dynamic,-4.2497,3.6702,6.2720,19.21,1.676,-0.2006,1.6997,1.7115,-0.2215,1.6971,0.000,1,SEARCH,0.0000,0.0000,0.0000,0.0529
73971,dynamic,-4.2563,3.6657,6.2722,0.00,1.676,0.0000,0.0000,0.0000,0.0000,0.0000,0.000,0,SEARCH,0.0000,0.0000,0.0000,0.0529
74071,dynamic,-4.2628,3.6617,6.2739,0.00,1.675,0.0000,0.0000,0.0000,0.0000,0.0000,0.000,0,SEARCH,0.0000,0.0000,0.0000,0.0526
74172,dynamic,-4.2721,3.6598,6.2769,0.00,1.676,0.0000,0.0000,0.0000,0.0000,0.0000,0.000,0,SEARCH,0.0000,0.0000,0.0000,0.0527
74271,dynamic,-4.2815,3.6584,6.2800,18.44,1.673,-0.1410,1.7149,1.7206,-0.1482,1.7143,0.000,1,SEARCH,0.0000,0.0000,0.0000,0.0520
74372,dynamic,-4.2911,3.6556,6.2812,18.44,1.674,-0.1410,1.7149,1.7206,-0.1450,1.7145,0.000,1,SEARCH,0.0000,0.0000,0.0000,0.0522
74470,dynamic,-4.3009,3.6545,0.0001,18.44,1.673,-0.1410,1.7149,1.7206,-0.1391,1.7150,0.000,1,SEARCH,0.0000,0.0000,0.0000,0.0520
74575,dynamic,-4.3125,3.6543,0.0025,18.44,1.674,-0.1410,1.7149,1.7206,-0.1358,1.7153,0.000,1,SEARCH,0.0000,0.0000,0.0000,0.0522
74671,dynamic,-4.3251,3.6558,0.0056,17.88,1.673,-0.0948,1.7094,1.7120,-0.0868,1.7098,0.000,1,SEARCH,0.0000,0.0000,0.0000,0.0520
74768,dynamic,-4.3351,3.6558,0.0029,17.88,1.676,-0.0948,1.7094,1.7120,-0.0886,1.7097,0.000,1,SEARCH,0.0000,0.0000,0.0000,0.0527
74870,dynamic,-4.3470,3.6561,6.2824,18.86,1.676,-0.1098,1.7074,1.7109,-0.1090,1.7074,0.000,1,SEARCH,0.0000,0.0000,0.0000,0.0528
74970,dynamic,-4.3574,3.6582,6.2796,18.86,1.676,-0.1098,1.7074,1.7109,-0.1147,1.7071,0.000,1,SEARCH,0.0000,0.0000,0.0000,0.0527
75068,dynamic,-4.3684,3.6599,6.2755,18.86,1.674,-0.1098,1.7074,1.7109,-0.1197,1.7067,0.000,1,SEARCH,0.0000,0.0000,0.0000,0.0522
75169,dynamic,-4.3791,3.6629,6.2738,18.86,1.675,-0.1098,1.7074,1.7109,-0.1262,1.7063,0.000,1,SEARCH,0.0000,0.0000,0.0000,0.0524
75271,dynamic,-4.3890,3.6658,6.2736,18.86,1.673,-0.1098,1.7074,1.7109,-0.1240,1.7064,0.000,1,SEARCH,0.0000,0.0000,0.0000,0.0520
75369,dynamic,-4.3971,3.6671,6.2743,18.86,1.672,-0.1098,1.7074,1.7109,-0.1272,1.7062,0.000,1,SEARCH,0.0000,0.0000,0.0000,0.0517
75470,dynamic,-4.4045,3.6656,6.2757,18.86,1.669,-0.1098,1.7074,1.7109,-0.1258,1.7063,0.000,1,SEARCH,0.0000,0.0000,0.0000,0.0507
75568,dynamic,-4.4124,3.6627,6.2782,18.86,1.667,-0.1098,1.7074,1.7109,-0.1213,1.7066,0.000,1,SEARCH,0.0000,0.0000,0.0000,0.0501
75670,dynamic,-4.4207,3.6633,0.0004,19.25,1.663,0.1138,1.8027,1.8063,0.1113,1.8028,0.000,1,SEARCH,0.0000,0.0000,0.0000,0.0490
75769,dynamic,-4.4290,3.6641,6.2827,19.25,1.661,0.1138,1.8027,1.8063,0.1133,1.8027,0.000,1,SEARCH,0.0000,0.0000,0.0000,0.0484
75868,dynamic,-4.4366,3.6638,6.2823,19.25,1.659,0.1138,1.8027,1.8063,0.1138,1.8027,0.000,1,SEARCH,0.0000,0.0000,0.0000,0.0476
75968,dynamic,-4.4464,3.6643,6.2770,0.00,1.657,0.0000,0.0000,0.0000,0.0000,0.0000,0.000,0,SEARCH,0.0000,0.0000,0.0000,0.0472
76068,dynamic,-4.4568,3.6665,6.2732,0.00,1.655,0.0000,0.0000,0.0000,0.0000,0.0000,0.000,0,SEARCH,0.0000,0.0000,0.0000,0.0465
76177,dynamic,-4.4682,3.6683,6.2724,0.00,1.654,0.0000,0.0000,0.0000,0.0000,0.0000,0.000,0,SEARCH,0.0000,0.0000,0.0000,0.0462
76269,dynamic,-4.4807,3.6687,6.2717,18.20,1.652,0.2105,1.8204,1.8326,0.1901,1.8227,0.000,1,SEARCH,0.0000,0.0000,0.0000,0.0456
76368,dynamic,-4.4921,3.6714,6.2745,18.20,1.651,0.2105,1.8204,1.8326,0.1950,1.8222,0.000,1,SEARCH,0.0000,0.0000,0.0000,0.0454
76468,dynamic,-4.5050,3.6770,6.2779,18.20,1.648,0.2105,1.8204,1.8326,0.2009,1.8215,0.000,1,SEARCH,0.0000,0.0000,0.0000,0.0444
76568,dynamic,-4.5156,3.6810,6.2803,18.20,1.646,0.2105,1.8204,1.8326,0.2048,1.8211,0.000,1,SEARCH,0.0000,0.0000,0.0000,0.0439
76668,dynamic,-4.5271,3.6853,6.2824,18.20,1.643,0.2105,1.8204,1.8326,0.2086,1.8206,0.000,1,SEARCH,0.0000,0.0000,0.0000,0.0429
76767,dynamic,-4.5382,3.6902,0.0025,18.20,1.641,0.2105,1.8204,1.8326,0.2119,1.8203,0.000,1,SEARCH,0.0000,0.0000,0.0000,0.0423
76874,dynamic,-4.5496,3.6981,0.0032,18.20,1.637,0.2105,1.8204,1.8326,0.2185,1.8195,0.000,1,SEARCH,0.0000,0.0000,0.0000,0.0412
76973,dynamic,-4.5577,3.7018,0.0041,17.19,1.636,0.3711,1.7828,1.8210,0.3797,1.7810,0.000,1,SEARCH,0.0000,0.0000,0.0000,0.0407
77067,dynamic,-4.5672,3.7063,0.0039,16.88,1.632,0.3854,1.7777,1.8190,0.3917,1.7763,0.000,1,SEARCH,0.0000,0.0000,0.0000,0.0396
77167,dynamic,-4.5757,3.7100,0.0031,16.88,1.631,0.3854,1.7777,1.8190,0.3881,1.7771,0.000,1,SEARCH,0.0000,0.0000,0.0000,0.0393
77269,dynamic,-4.5840,3.7157,0.0008,0.00,1.629,0.0000,0.0000,0.0000,0.0000,0.0000,0.000,0,SEARCH,0.0000,0.0000,0.0000,0.0386
77367,dynamic,-4.5925,3.7181,6.2817,0.00,1.629,0.0000,0.0000,0.0000,0.0000,0.0000,0.000,0,SEARCH,0.0000,0.0000,0.0000,0.0388
77480,dynamic,-4.6005,3.7200,6.2803,0.00,1.629,0.0000,0.0000,0.0000,0.0000,0.0000,0.000,0,SEARCH,0.0000,0.0000,0.0000,0.0387
77572,dynamic,-4.6096,3.7204,6.2814,16.44,1.630,0.4174,1.7531,1.8021,0.4151,1.7536,0.000,1,SEARCH,0.0000,0.0000,0.0000,0.0389
77668,dynamic,-4.6202,3.7220,6.2818,0.00,1.628,0.0000,0.0000,0.0000,0.0000,0.0000,0.000,0,SEARCH,0.0000,0.0000,0.0000,0.0384
77772,dynamic,-4.6276,3.7237,0.0016,0.00,1.629,0.0000,0.0000,0.0000,0.0000,0.0000,0.000,0,SEARCH,0.0000,0.0000,0.0000,0.0386
77869,dynamic,-4.6383,3.7282,0.0028,0.00,1.627,0.0000,0.0000,0.0000,0.0000,0.0000,0.000,0,SEARCH,0.0000,0.0000,0.0000,0.0382
77973,dynamic,-4.6470,3.7312,0.0027,0.00,1.628,0.0000,0.0000,0.0000,0.0000,0.0000,0.000,0,SEARCH,0.0000,0.0000,0.0000,0.0384
78068,dynamic,-4.6550,3.7352,0.0043,16.89,1.628,0.4408,1.7469,1.8016,0.4445,1.7459,0.000,1,SEARCH,0.0000,0.0000,0.0000,0.0383
78168,dynamic,-4.6658,3.7410,0.0025,17.27,1.629,0.4474,1.7308,1.7877,0.4511,1.7298,0.000,1,SEARCH,0.0000,0.0000,0.0000,0.0387
78271,dynamic,-4.6761,3.7474,0.0030,17.27,1.629,0.4474,1.7308,1.7877,0.4534,1.7292,0.000,1,SEARCH,0.0000,0.0000,0.0000,0.0387
78371,dynamic,-4.6871,3.7568,0.0018,16.71,1.631,0.5181,1.7505,1.8255,0.5252,1.7484,0.000,1,SEARCH,0.0000,0.0000,0.0000,0.0394
78468,dynamic,-4.6953,3.7659,0.0046,16.55,1.632,0.6086,1.7872,1.8880,0.6161,1.7847,0.000,1,SEARCH,0.0000,0.0000,0.0000,0.0397
78568,dynamic,-4.7033,3.7745,0.0056,17.43,1.633,0.6125,1.7403,1.8449,0.6240,1.7362,0.000,1,SEARCH,0.0000,0.0000,0.0000,0.0400
78668,dynamic,-4.7096,3.7806,0.0084,0.00,1.634,0.0000,0.0000,0.0000,0.0000,0.0000,0.000,0,SEARCH,0.0000,0.0000,0.0000,0.0402
78768,dynamic,-4.7186,3.7886,0.0116,15.99,1.637,0.5040,1.6795,1.7535,0.5205,1.6745,0.000,1,SEARCH,0.0000,0.0000,0.0000,0.0411
78868,dynamic,-4.7252,3.7981,0.0110,15.99,1.637,0.5040,1.6795,1.7535,0.5240,1.6734,0.000,1,SEARCH,0.0000,0.0000,0.0000,0.0412
78968,dynamic,-4.7322,3.8058,0.0102,14.34,1.639,0.5791,1.6716,1.7691,0.5975,1.6652,0.000,1,SEARCH,0.0000,0.0000,0.0000,0.0417
79068,dynamic,-4.7402,3.8170,0.0074,0.00,1.639,0.0000,0.0000,0.0000,0.0000,0.0000,0.000,0,SEARCH,0.0000,0.0000,0.0000,0.0417
79168,dynamic,-4.7476,3.8276,0.0058,0.00,1.641,0.0000,0.0000,0.0000,0.0000,0.0000,0.000,0,SEARCH,0.0000,0.0000,0.0000,0.0422
79268,dynamic,-4.7559,3.8394,0.0030,0.00,1.640,0.0000,0.0000,0.0000,0.0000,0.0000,0.000,0,SEARCH,0.0000,0.0000,0.0000,0.0421
79368,dynamic,-4.7631,3.8515,0.0018,0.00,1.642,0.0000,0.0000,0.0000,0.0000,0.0000,0.000,0,SEARCH,0.0000,0.0000,0.0000,0.0426
79469,dynamic,-4.7686,3.8684,6.2761,17.01,1.642,0.6502,1.6037,1.7305,0.6436,1.6064,0.000,1,SEARCH,0.0000,0.0000,0.0000,0.0425
79568,dynamic,-4.7718,3.8797,6.2709,17.01,1.643,0.6502,1.6037,1.7305,0.6351,1.6098,0.000,1,SEARCH,0.0000,0.0000,0.0000,0.0430
79672,dynamic,-4.7751,3.8924,6.2614,0.00,1.644,0.0000,0.0000,0.0000,0.0000,0.0000,0.000,0,SEARCH,0.0000,0.0000,0.0000,0.0432
79768,dynamic,-4.7774,3.9012,6.2580,16.21,1.648,0.6627,1.6289,1.7585,0.6250,1.6437,0.000,1,SEARCH,0.0000,0.0000,0.0000,0.0443
79867,dynamic,-4.7806,3.9132,6.2534,0.00,1.651,0.0000,0.0000,0.0000,0.0000,0.0000,0.000,0,SEARCH,0.0000,0.0000,0.0000,0.0454
79967,dynamic,-4.7820,3.9264,6.2459,0.00,1.656,0.0000,0.0000,0.0000,0.0000,0.0000,0.000,0,SEARCH,0.0000,0.0000,0.0000,0.0469
80068,dynamic,-4.7797,3.9408,6.2416,0.00,1.659,0.0000,0.0000,0.0000,0.0000,0.0000,0.000,0,SEARCH,0.0000,0.0000,0.0000,0.0477
80168,dynamic,-4.7752,3.9573,6.2389,0.00,1.664,0.0000,0.0000,0.0000,0.0000,0.0000,0.000,0,SEARCH,0.0000,0.0000,0.0000,0.0491
80267,dynamic,-4.7706,3.9760,6.2376,0.00,1.665,0.0000,0.0000,0.0000,0.0000,0.0000,0.000,0,SEARCH,0.0000,0.0000,0.0000,0.0496
80368,dynamic,-4.7649,3.9948,6.2371,0.00,1.668,0.0000,0.0000,0.0000,0.0000,0.0000,0.000,0,SEARCH,0.0000,0.0000,0.0000,0.0505
80468,dynamic,-4.7576,4.0148,6.2382,30.04,1.668,0.8942,1.8687,2.0716,0.8082,1.9075,0.000,1,SEARCH,0.0000,0.0000,0.0000,0.0505
80570,dynamic,-4.7519,4.0302,6.2395,30.04,1.668,0.8942,1.8687,2.0716,0.8103,1.9065,0.000,1,SEARCH,0.0000,0.0000,0.0000,0.0503
80674,dynamic,-4.7433,4.0483,6.2453,0.00,1.665,0.0000,0.0000,0.0000,0.0000,0.0000,0.000,0,SEARCH,0.0000,0.0000,0.0000,0.0496
80767,dynamic,-4.7359,4.0630,6.2480,0.00,1.666,0.0000,0.0000,0.0000,0.0000,0.0000,0.000,0,SEARCH,0.0000,0.0000,0.0000,0.0499
80868,dynamic,-4.7248,4.0780,6.2534,29.62,1.665,1.0637,1.7714,2.0662,1.0064,1.8045,0.000,1,SEARCH,0.0000,0.0000,0.0000,0.0495
80968,dynamic,-4.7147,4.0857,6.2555,29.62,1.665,1.0637,1.7714,2.0662,1.0126,1.8010,0.000,1,SEARCH,0.0000,0.0000,0.0000,0.0494
81068,dynamic,-4.7029,4.0969,6.2596,0.00,1.664,0.0000,0.0000,0.0000,0.0000,0.0000,0.000,0,SEARCH,0.0000,0.0000,0.0000,0.0491
81169,dynamic,-4.6943,4.1056,6.2603,0.00,1.665,0.0000,0.0000,0.0000,0.0000,0.0000,0.000,0,SEARCH,0.0000,0.0000,0.0000,0.0494
81268,dynamic,-4.6842,4.1140,6.2624,28.25,1.664,0.9652,1.7495,1.9981,0.9257,1.7707,0.000,1,SEARCH,0.0000,0.0000,0.0000,0.0492
81369,dynamic,-4.6761,4.1218,6.2633,28.25,1.667,0.9652,1.7495,1.9981,0.9300,1.7685,0.000,1,SEARCH,0.0000,0.0000,0.0000,0.0500
81468,dynamic,-4.6661,4.1331,6.2646,0.00,1.668,0.0000,0.0000,0.0000,0.0000,0.0000,0.000,0,SEARCH,0.0000,0.0000,0.0000,0.0503
81568,dynamic,-4.6576,4.1405,6.2659,0.00,1.670,0.0000,0.0000,0.0000,0.0000,0.0000,0.000,0,SEARCH,0.0000,0.0000,0.0000,0.0511
81669,dynamic,-4.6500,4.1458,6.2700,28.12,1.671,1.1040,1.9608,2.2502,1.0725,1.9782,0.000,1,SEARCH,0.0000,0.0000,0.0000,0.0514
81767,dynamic,-4.6415,4.1488,6.2758,33.09,1.673,1.1255,1.9699,2.2687,1.1092,1.9791,0.000,1,SEARCH,0.0000,0.0000,0.0000,0.0520
81872,dynamic,-4.6325,4.1492,0.0008,33.09,1.673,1.1255,1.9699,2.2687,1.1205,1.9727,0.000,1,SEARCH,0.0000,0.0000,0.0000,0.0520
81969,dynamic,-4.6234,4.1484,0.0075,38.37,1.675,1.0417,1.9555,2.2157,1.0524,1.9498,0.000,1,SEARCH,0.0000,0.0000,0.0000,0.0525
82071,dynamic,-4.6162,4.1494,0.0146,38.37,1.675,1.1627,1.9927,2.3071,1.1877,1.9779,0.000,1,SEARCH,0.0000,0.0000,0.0000,0.0526
82167,dynamic,-4.6104,4.1556,0.0229,36.90,1.676,1.0400,1.9645,2.2228,1.0771,1.9444,0.000,1,SEARCH,0.0000,0.0000,0.0000,0.0528
82279,dynamic,-4.6043,4.1656,0.0276,36.90,1.675,1.0400,1.9645,2.2228,1.0913,1.9364,0.000,1,SEARCH,0.0000,0.0000,0.0000,0.0526
82367,dynamic,-4.5980,4.1773,0.0302,29.13,1.675,0.9679,2.0373,2.2555,1.0308,2.0062,0.000,1,SEARCH,0.0000,0.0000,0.0000,0.0525
82469,dynamic,-4.5906,4.1906,0.0334,29.13,1.674,0.9679,2.0373,2.2555,1.0346,2.0043,0.000,1,SEARCH,0.0000,0.0000,0.0000,0.0521
82571,dynamic,-4.5861,4.2027,0.0341,27.23,1.674,1.0704,2.0388,2.3027,1.1362,2.0029,0.000,1,SEARCH,0.0000,0.0000,0.0000,0.0523
82667,dynamic,-4.5831,4.2213,0.0362,0.00,1.674,0.0000,0.0000,0.0000,0.0000,0.0000,0.000,0,SEARCH,0.0000,0.0000,0.0000,0.0523
82768,dynamic,-4.5820,4.2429,0.0365,0.00,1.675,0.0000,0.0000,0.0000,0.0000,0.0000,0.000,0,SEARCH,0.0000,0.0000,0.0000,0.0526
82870,dynamic,-4.5801,4.2636,0.0377,26.35,1.676,1.1752,1.9432,2.2710,1.2491,1.8966,0.000,1,SEARCH,0.0000,0.0000,0.0000,0.0527
82977,dynamic,-4.5776,4.2864,0.0361,0.00,1.679,0.0000,0.0000,0.0000,0.0000,0.0000,0.000,0,SEARCH,0.0000,0.0000,0.0000,0.0536
83070,dynamic,-4.5745,4.3066,0.0346,0.00,1.680,0.0000,0.0000,0.0000,0.0000,0.0000,0.000,0,SEARCH,0.0000,0.0000,0.0000,0.0541
83168,dynamic,-4.5717,4.3317,0.0297,0.00,1.683,0.0000,0.0000,0.0000,0.0000,0.0000,0.000,0,SEARCH,0.0000,0.0000,0.0000,0.0548
83267,dynamic,-4.5680,4.3536,0.0236,23.79,1.684,1.3758,1.8530,2.3079,1.4244,1.8159,0.000,1,SEARCH,0.0000,0.0000,0.0000,0.0551
83369,dynamic,-4.5642,4.3725,0.0205,23.79,1.686,1.3758,1.8530,2.3079,1.4179,1.8209,0.000,1,SEARCH,0.0000,0.0000,0.0000,0.0557
83474,dynamic,-4.5600,4.3944,0.0174,0.00,1.686,0.0000,0.0000,0.0000,0.0000,0.0000,0.000,0,SEARCH,0.0000,0.0000,0.0000,0.0558
83569,dynamic,-4.5555,4.4226,0.0139,0.00,1.688,0.0000,0.0000,0.0000,0.0000,0.0000,0.000,0,SEARCH,0.0000,0.0000,0.0000,0.0564
83676,dynamic,-4.5504,4.4447,0.0121,0.00,1.687,0.0000,0.0000,0.0000,0.0000,0.0000,0.000,0,SEARCH,0.0000,0.0000,0.0000,0.0561
83767,dynamic,-4.5432,4.4683,0.0126,0.00,1.689,0.0000,0.0000,0.0000,0.0000,0.0000,0.000,0,SEARCH,0.0000,0.0000,0.0000,0.0566
83875,dynamic,-4.5382,4.4874,0.0148,0.00,1.689,0.0000,0.0000,0.0000,0.0000,0.0000,0.000,0,SEARCH,0.0000,0.0000,0.0000,0.0568
83969,dynamic,-4.5334,4.5098,0.0210,0.00,1.692,0.0000,0.0000,0.0000,0.0000,0.0000,0.000,0,SEARCH,0.0000,0.0000,0.0000,0.0575
84067,dynamic,-4.5261,4.5344,0.0235,0.00,1.691,0.0000,0.0000,0.0000,0.0000,0.0000,0.000,0,SEARCH,0.0000,0.0000,0.0000,0.0574
84167,dynamic,-4.5211,4.5555,0.0268,0.00,1.693,0.0000,0.0000,0.0000,0.0000,0.0000,0.000,0,SEARCH,0.0000,0.0000,0.0000,0.0578
84270,dynamic,-4.5183,4.5778,0.0303,0.00,1.693,0.0000,0.0000,0.0000,0.0000,0.0000,0.000,0,SEARCH,0.0000,0.0000,0.0000,0.0578
84367,dynamic,-4.5162,4.5989,0.0331,0.00,1.694,0.0000,0.0000,0.0000,0.0000,0.0000,0.000,0,SEARCH,0.0000,0.0000,0.0000,0.0581
84468,dynamic,-4.5144,4.6212,0.0334,0.00,1.692,0.0000,0.0000,0.0000,0.0000,0.0000,0.000,0,SEARCH,0.0000,0.0000,0.0000,0.0577
84570,dynamic,-4.5143,4.6438,0.0352,0.00,1.693,0.0000,0.0000,0.0000,0.0000,0.0000,0.000,0,SEARCH,0.0000,0.0000,0.0000,0.0578
84667,dynamic,-4.5138,4.6668,0.0348,14.82,1.691,1.5188,1.3330,2.0208,1.5652,1.2782,0.000,1,SEARCH,0.0000,0.0000,0.0000,0.0574
84767,dynamic,-4.5106,4.6958,0.0336,14.82,1.692,1.5188,1.3330,2.0208,1.5623,1.2817,0.000,1,SEARCH,0.0000,0.0000,0.0000,0.0576
84870,dynamic,-4.5063,4.7207,0.0298,14.82,1.691,1.5188,1.3330,2.0208,1.5596,1.2850,0.000,1,SEARCH,0.0000,0.0000,0.0000,0.0573
84969,dynamic,-4.5025,4.7450,0.0277,22.09,1.692,1.4625,1.2340,1.9136,1.4966,1.1924,0.000,1,SEARCH,0.0000,0.0000,0.0000,0.0576
85069,dynamic,-4.5007,4.7683,0.0248,0.00,1.692,0.0000,0.0000,0.0000,0.0000,0.0000,0.000,0,SEARCH,0.0000,0.0000,0.0000,0.0576
85167,dynamic,-4.4986,4.7979,0.0213,21.10,1.694,1.3731,1.1679,1.8026,1.3979,1.1381,0.000,1,SEARCH,0.0000,0.0000,0.0000,0.0582
85267,dynamic,-4.4958,4.8247,0.0167,21.10,1.693,1.3731,1.1679,1.8026,1.3956,1.1410,0.000,1,SEARCH,0.0000,0.0000,0.0000,0.0580
85368,dynamic,-4.4916,4.8489,0.0140,21.10,1.695,1.3731,1.1679,1.8026,1.3930,1.1441,0.000,1,SEARCH,0.0000,0.0000,0.0000,0.0586
85474,dynamic,-4.4882,4.8682,0.0123,0.00,1.696,0.0000,0.0000,0.0000,0.0000,0.0000,0.000,0,SEARCH,0.0000,0.0000,0.0000,0.0587
85567,dynamic,-4.4845,4.8907,0.0103,0.00,1.697,0.0000,0.0000,0.0000,0.0000,0.0000,0.000,0,SEARCH,0.0000,0.0000,0.0000,0.0590
85667,dynamic,-4.4829,4.9135,0.0071,0.00,1.697,0.0000,0.0000,0.0000,0.0000,0.0000,0.000,0,SEARCH,0.0000,0.0000,0.0000,0.0592
85767,dynamic,-4.4818,4.9362,0.0077,0.00,1.701,0.0000,0.0000,0.0000,0.0000,0.0000,0.000,0,SEARCH,0.0000,0.0000,0.0000,0.0603
85867,dynamic,-4.4791,4.9624,0.0111,4.12,1.702,1.5374,1.6110,2.2269,1.5535,1.5955,0.000,1,SEARCH,0.0000,0.0000,0.0000,0.0606
85967,dynamic,-4.4746,4.9887,0.0141,0.00,1.704,0.0000,0.0000,0.0000,0.0000,0.0000,0.000,0,SEARCH,0.0000,0.0000,0.0000,0.0611
86077,dynamic,-4.4698,5.0096,0.0155,0.00,1.706,0.0000,0.0000,0.0000,0.0000,0.0000,0.000,0,SEARCH,0.0000,0.0000,0.0000,0.0619
86167,dynamic,-4.4652,5.0300,0.0182,0.00,1.711,0.0000,0.0000,0.0000,0.0000,0.0000,0.000,0,SEARCH,0.0000,0.0000,0.0000,0.0634
86269,dynamic,-4.4589,5.0509,0.0174,0.00,1.713,0.0000,0.0000,0.0000,0.0000,0.0000,0.000,0,SEARCH,0.0000,0.0000,0.0000,0.0639
86369,dynamic,-4.4518,5.0672,0.0158,8.36,1.718,1.5699,1.4123,2.1116,1.5906,1.3889,0.000,1,SEARCH,0.0000,0.0000,0.0000,0.0654
86483,dynamic,-4.4431,5.0869,0.0115,8.40,1.720,1.4316,1.3819,1.9897,1.4522,1.3601,0.000,1,SEARCH,0.0000,0.0000,0.0000,0.0660
86572,dynamic,-4.4332,5.1058,0.0080,8.47,1.723,1.4355,1.3905,1.9986,1.4476,1.3779,0.000,1,SEARCH,0.0000,0.0000,0.0000,0.0670
86667,dynamic,-4.4197,5.1240,0.0014,9.81,1.724,1.4381,1.4808,2.0642,1.4432,1.4758,0.000,1,SEARCH,0.0000,0.0000,0.0000,0.0673
86767,dynamic,-4.4080,5.1373,6.2800,9.81,1.727,1.4381,1.4808,2.0642,1.4337,1.4851,0.000,1,SEARCH,0.0000,0.0000,0.0000,0.0681
86868,dynamic,-4.3930,5.1507,6.2721,9.81,1.728,1.4381,1.4808,2.0642,1.4277,1.4908,0.000,1,SEARCH,0.0000,0.0000,0.0000,0.0683
86969,dynamic,-4.3813,5.1583,6.2651,11.58,1.729,1.4340,1.5370,2.1021,1.4140,1.5555,0.000,1,SEARCH,0.0000,0.0000,0.0000,0.0687
87067,dynamic,-4.3675,5.1648,6.2576,14.42,1.727,1.3735,1.5425,2.0654,1.3368,1.5744,0.000,1,SEARCH,0.0000,0.0000,0.0000,0.0682
87173,dynamic,-4.3556,5.1679,6.2507,14.42,1.728,1.3735,1.5425,2.0654,1.3274,1.5824,0.000,1,SEARCH,0.0000,0.0000,0.0000,0.0683
87268,dynamic,-4.3462,5.1713,6.2466,16.34,1.724,1.3518,1.6258,2.1144,1.2935,1.6726,0.000,1,SEARCH,0.0000,0.0000,0.0000,0.0673
87369,dynamic,-4.3388,5.1778,6.2424,17.84,1.723,1.3534,1.7010,2.1737,1.2849,1.7533,0.000,1,SEARCH,0.0000,0.0000,0.0000,0.0668
87468,dynamic,-4.3327,5.1847,6.2392,17.84,1.720,1.3534,1.7010,2.1737,1.2779,1.7584,0.000,1,SEARCH,0.0000,0.0000,0.0000,0.0659
87567,dynamic,-4.3302,5.1922,6.2346,18.69,1.718,1.3728,1.7535,2.2270,1.2907,1.8148,0.000,1,SEARCH,0.0000,0.0000,0.0000,0.0655
87667,dynamic,-4.3297,5.1965,6.2280,18.69,1.715,1.3728,1.7535,2.2270,1.2785,1.8234,0.000,1,SEARCH,0.0000,0.0000,0.0000,0.0645
87767,dynamic,-4.3295,5.1991,6.2218,18.69,1.714,1.3728,1.7535,2.2270,1.2663,1.8319,0.000,1,SEARCH,0.0000,0.0000,0.0000,0.0642
87873,dynamic,-4.3304,5.2026,6.2156,18.69,1.711,1.3728,1.7535,2.2270,1.2567,1.8385,0.000,1,SEARCH,0.0000,0.0000,0.0000,0.0634
87971,dynamic,-4.3318,5.2050,6.2113,0.00,1.711,0.0000,0.0000,0.0000,0.0000,0.0000,0.000,0,SEARCH,0.0000,0.0000,0.0000,0.0634
88067,dynamic,-4.3329,5.2096,6.2068,20.86,1.711,1.5850,1.9249,2.4935,1.4350,2.0392,0.000,1,SEARCH,0.0000,0.0000,0.0000,0.0632
88169,dynamic,-4.3341,5.2126,6.2072,20.86,1.711,1.5850,1.9249,2.4935,1.4316,2.0416,0.000,1,SEARCH,0.0000,0.0000,0.0000,0.0633
88267,dynamic,-4.3351,5.2175,6.2091,21.58,1.708,1.7110,1.9670,2.6070,1.5561,2.0917,0.000,1,SEARCH,0.0000,0.0000,0.0000,0.0625
88372,dynamic,-4.3360,5.2212,6.2104,21.58,1.708,1.7110,1.9670,2.6070,1.5617,2.0875,0.000,1,SEARCH,0.0000,0.0000,0.0000,0.0624
88467,dynamic,-4.3362,5.2256,6.2135,0.00,1.705,0.0000,0.0000,0.0000,0.0000,0.0000,0.000,0,SEARCH,0.0000,0.0000,0.0000,0.0615
88575,dynamic,-4.3376,5.2270,6.2148,0.00,1.705,0.0000,0.0000,0.0000,0.0000,0.0000,0.000,0,SEARCH,0.0000,0.0000,0.0000,0.0616
88668,dynamic,-4.3369,5.2274,6.2168,19.70,1.703,1.7525,1.8377,2.5393,1.6266,1.9500,0.000,1,SEARCH,0.0000,0.0000,0.0000,0.0610
88768,dynamic,-4.3356,5.2285,6.2179,0.00,1.703,0.0000,0.0000,0.0000,0.0000,0.0000,0.000,0,SEARCH,0.0000,0.0000,0.0000,0.0609
88867,dynamic,-4.3348,5.2307,6.2210,19.69,1.701,1.3832,1.7216,2.2084,1.2723,1.8051,0.000,1,SEARCH,0.0000,0.0000,0.0000,0.0603
88967,dynamic,-4.3358,5.2340,6.2257,19.69,1.700,1.3832,1.7216,2.2084,1.2772,1.8016,0.000,1,SEARCH,0.0000,0.0000,0.0000,0.0600
89077,dynamic,-4.3368,5.2392,6.2312,19.79,1.696,1.2275,1.6557,2.0611,1.1343,1.7209,0.000,1,SEARCH,0.0000,0.0000,0.0000,0.0588
89170,dynamic,-4.3379,5.2443,6.2373,20.38,1.692,1.0455,1.6026,1.9135,0.9660,1.6517,0.000,1,SEARCH,0.0000,0.0000,0.0000,0.0577
89267,dynamic,-4.3388,5.2545,6.2401,19.51,1.688,1.0181,1.6071,1.9025,0.9470,1.6500,0.000,1,SEARCH,0.0000,0.0000,0.0000,0.0565
89367,dynamic,-4.3399,5.2684,6.2441,19.51,1.687,1.0181,1.6071,1.9025,0.9511,1.6477,0.000,1,SEARCH,0.0000,0.0000,0.0000,0.0561
89471,dynamic,-4.3410,5.2798,6.2470,18.52,1.682,0.9590,1.5246,1.8011,0.9014,1.5593,0.000,1,SEARCH,0.0000,0.0000,0.0000,0.0547
89567,dynamic,-4.3435,5.2944,6.2506,17.89,1.678,0.9673,1.4560,1.7481,0.9180,1.4876,0.000,1,SEARCH,0.0000,0.0000,0.0000,0.0535
89668,dynamic,-4.3467,5.3055,6.2499,17.89,1.674,0.9673,1.4560,1.7481,0.9181,1.4875,0.000,1,SEARCH,0.0000,0.0000,0.0000,0.0522
89767,dynamic,-4.3513,5.3172,6.2479,15.39,1.674,0.9189,1.3428,1.6271,0.8726,1.3733,0.000,1,SEARCH,0.0000,0.0000,0.0000,0.0523
89877,dynamic,-4.3561,5.3294,6.2470,15.39,1.675,0.9189,1.3428,1.6271,0.8693,1.3754,0.000,1,SEARCH,0.0000,0.0000,0.0000,0.0526
89967,dynamic,-4.3618,5.3435,6.2482,13.67,1.676,0.9250,1.3150,1.6077,0.8761,1.3481,0.000,1,SEARCH,0.0000,0.0000,0.0000,0.0528
90068,dynamic,-4.3687,5.3581,6.2492,13.67,1.675,0.9250,1.3150,1.6077,0.8788,1.3463,0.000,1,SEARCH,0.0000,0.0000,0.0000,0.0525
90172,dynamic,-4.3740,5.3724,6.2550,13.29,1.675,1.0159,1.2819,1.6356,0.9743,1.3138,0.000,1,SEARCH,0.0000,0.0000,0.0000,0.0526
90268,dynamic,-4.3789,5.3878,6.2640,12.36,1.674,1.0170,1.2382,1.6024,0.9860,1.2631,0.000,1,SEARCH,0.0000,0.0000,0.0000,0.0522
90373,dynamic,-4.3830,5.4041,6.2756,12.36,1.673,1.0170,1.2382,1.6024,1.0004,1.2517,0.000,1,SEARCH,0.0000,0.0000,0.0000,0.0520
90472,dynamic,-4.3899,5.4212,0.0054,9.82,1.671,0.8880,1.1190,1.4285,0.8909,1.1167,0.000,1,SEARCH,0.0000,0.0000,0.0000,0.0513
90567,dynamic,-4.3982,5.4384,0.0192,7.20,1.670,0.8225,0.9796,1.2792,0.8374,0.9670,0.000,1,SEARCH,0.0000,0.0000,0.0000,0.0510
90675,dynamic,-4.4081,5.4547,0.0293,7.20,1.670,0.8225,0.9796,1.2792,0.8475,0.9581,0.000,1,SEARCH,0.0000,0.0000,0.0000,0.0510
90767,dynamic,-4.4172,5.4675,0.0304,3.19,1.670,0.7770,0.7689,1.0931,0.8014,0.7433,0.000,1,SEARCH,0.0000,0.0000,0.0000,0.0511
90867,dynamic,-4.4275,5.4778,0.0317,3.19,1.671,0.7770,0.7689,1.0931,0.8012,0.7435,0.000,1,SEARCH,0.0000,0.0000,0.0000,0.0513
90970,dynamic,-4.4354,5.4867,0.0340,2.13,1.676,0.8087,0.7100,1.0761,0.8325,0.6819,0.000,1,SEARCH,0.0000,0.0000,0.0000,0.0528
91068,dynamic,-4.4457,5.4969,0.0343,0.43,1.675,0.8741,0.6598,1.0951,0.8955,0.6303,0.000,1,SEARCH,0.0000,0.0000,0.0000,0.0526
91175,dynamic,-4.4515,5.5042,0.0390,0.43,1.674,0.8741,0.6598,1.0951,0.8983,0.6263,0.000,1,SEARCH,0.0000,0.0000,0.0000,0.0522
91268,dynamic,-4.4596,5.5087,0.0497,1.16,1.672,0.9234,0.6700,1.1409,0.9511,0.6301,0.000,1,SEARCH,0.0000,0.0000,0.0000,0.0517
91374,dynamic,-4.4648,5.5113,0.0555,1.16,1.672,0.9234,0.6700,1.1409,0.9571,0.6209,0.000,1,SEARCH,0.0000,0.0000,0.0000,0.0517
91468,dynamic,-4.4715,5.5135,0.0641,-1.16,1.671,0.9149,0.5520,1.0685,0.9470,0.4949,0.000,1,SEARCH,0.0000,0.0000,0.0000,0.0513
91572,dynamic,-4.4764,5.5130,0.0708,-1.16,1.670,0.9149,0.5520,1.0685,0.9507,0.4877,0.000,1,SEARCH,0.0000,0.0000,0.0000,0.0510
91679,dynamic,-4.4810,5.5121,0.0769,-2.07,1.667,0.9419,0.4704,1.0529,0.9747,0.3982,0.000,1,SEARCH,0.0000,0.0000,0.0000,0.0502
91767,dynamic,-4.4837,5.5094,0.0791,-2.71,1.666,0.9651,0.4691,1.0731,0.9989,0.3921,0.000,1,SEARCH,0.0000,0.0000,0.0000,0.0497
91872,dynamic,-4.4849,5.5061,0.0799,-2.71,1.662,0.9651,0.4691,1.0731,0.9994,0.3908,0.000,1,SEARCH,0.0000,0.0000,0.0000,0.0487
91967,dynamic,-4.4846,5.5016,0.0790,-2.53,1.660,1.0042,0.4716,1.1094,1.0381,0.3912,0.000,1,SEARCH,0.0000,0.0000,0.0000,0.0479
92069,dynamic,-4.4841,5.4964,0.0784,-2.53,1.656,1.0042,0.4716,1.1094,1.0382,0.3910,0.000,1,SEARCH,0.0000,0.0000,0.0000,0.0469
92167,dynamic,-4.4810,5.4906,0.0781,-1.77,1.653,1.1508,0.5381,1.2704,1.1893,0.4465,0.000,1,SEARCH,0.0000,0.0000,0.0000,0.0460
92267,dynamic,-4.4770,5.4844,0.0763,-0.67,1.650,1.0009,0.5542,1.1441,1.0404,0.4760,0.000,1,SEARCH,0.0000,0.0000,0.0000,0.0450
92373,dynamic,-4.4701,5.4778,0.0770,-0.67,1.648,1.0009,0.5542,1.1441,1.0399,0.4772,0.000,1,SEARCH,0.0000,0.0000,0.0000,0.0444
92470,dynamic,-4.4648,5.4716,0.0710,-1.03,1.646,0.8267,0.5548,0.9956,0.8659,0.4915,0.000,1,STABILIZE_HIGH,0.0000,0.0000,0.0000,0.0439
92567,dynamic,-4.4564,5.4647,0.0643,-1.03,1.645,0.8267,0.5548,0.9956,0.8637,0.4953,0.000,1,STABILIZE_HIGH,0.4916,0.2341,0.0412,0.0435
92667,dynamic,-4.4439,5.4610,0.0541,-1.03,1.642,0.8267,0.5548,0.9956,0.8574,0.5060,0.000,1,STABILIZE_HIGH,0.4885,0.2394,0.0412,0.0427
92770,dynamic,-4.4294,5.4571,0.0464,-1.03,1.640,0.8267,0.5548,0.9956,0.8536,0.5125,0.000,1,STABILIZE_HIGH,0.4866,0.2427,0.0412,0.0420
92868,dynamic,-4.4104,5.4548,0.0433,4.32,1.636,1.4324,0.9031,1.6933,1.4713,0.8382,0.000,1,STABILIZE_HIGH,0.7964,0.4112,-0.1728,0.0408
92968,dynamic,-4.3854,5.4547,0.0362,4.32,1.632,1.4324,0.9031,1.6933,1.4666,0.8464,0.000,1,STABILIZE_HIGH,0.7941,0.4153,-0.1728,0.0396
93067,dynamic,-4.3509,5.4588,0.0312,4.73,1.626,1.3530,0.9555,1.6564,1.3829,0.9116,0.000,1,DESCEND_TO_LOW,0.7523,0.4483,-0.1892,0.3000
93170,dynamic,-4.3176,5.4632,0.0254,4.73,1.617,1.3530,0.9555,1.6564,1.3792,0.9172,0.000,1,DESCEND_TO_LOW,0.7504,0.4511,-0.1892,0.3000
93268,dynamic,-4.2761,5.4712,0.0252,4.96,1.587,1.5265,1.0449,1.8498,1.5539,1.0036,0.000,1,DESCEND_TO_LOW,0.8378,0.4945,-0.1984,0.3000
93368,dynamic,-4.2204,5.4839,0.0218,4.96,1.560,1.5265,1.0449,1.8498,1.5516,1.0072,0.000,1,DESCEND_TO_LOW,0.8367,0.4963,-0.1984,0.3000
93468,dynamic,-4.1701,5.4984,0.0192,4.96,1.529,1.4493,0.9706,1.7443,1.4667,0.9441,0.000,1,DESCEND_TO_LOW,0.7942,0.4648,-0.1984,0.3000
93570,dynamic,-4.1108,5.5133,0.0250,4.99,1.499,1.2159,0.8959,1.5103,1.2365,0.8673,0.000,1,DESCEND_TO_LOW,0.6796,0.4267,-0.1996,0.3000
93681,dynamic,-4.0514,5.5320,0.0234,0.00,1.465,0.0000,0.0000,0.0000,0.0000,0.0000,0.000,0,HOLD,0.6853,0.4288,-0.1996,0.3000
93767,dynamic,-3.9874,5.5505,0.0318,0.00,1.439,0.0000,0.0000,0.0000,0.0000,0.0000,0.000,0,HOLD,0.6690,0.4186,-0.1949,-0.0077
93873,dynamic,-3.9219,5.5727,0.0319,0.00,1.418,0.0000,0.0000,0.0000,0.0000,0.0000,0.000,0,HOLD,0.6509,0.4073,-0.1896,-0.0142
93979,dynamic,-3.8504,5.5939,0.0294,2.07,1.412,0.4751,0.3967,0.6189,0.4876,0.3812,0.000,1,DESCEND_TO_LOW,0.6431,0.4024,-0.1873,-0.0155
94068,dynamic,-3.7720,5.6188,0.0185,-1.02,1.410,0.4009,0.2784,0.4881,0.4073,0.2689,0.000,1,DESCEND_TO_LOW,0.2776,0.1274,0.0408,0.3000
94179,dynamic,-3.7100,5.6368,0.0118,-1.02,1.403,0.4009,0.2784,0.4881,0.4056,0.2715,0.000,1,DESCEND_TO_LOW,0.2778,0.1293,0.0408,0.3000
94279,dynamic,-3.6573,5.6538,0.0050,-2.67,1.382,0.1411,0.1333,0.1941,0.1420,0.1323,0.000,1,DESCEND_TO_LOW,0.1396,0.0545,0.1068,0.3000
94369,dynamic,-3.5821,5.6736,6.2751,-2.58,1.361,-0.0654,0.0825,0.1053,-0.0658,0.0823,0.000,1,DESCEND_TO_LOW,0.0287,0.0281,0.1032,0.3000
94467,dynamic,-3.5327,5.6889,6.2689,-4.21,1.336,-0.1074,0.0646,0.1253,-0.1083,0.0630,0.000,1,DESCEND_TO_LOW,0.0052,0.0161,0.1684,0.3000
94572,dynamic,-3.4796,5.7050,6.2568,-4.21,1.317,-0.1074,0.0646,0.1253,-0.1088,0.0621,0.000,1,DESCEND_TO_LOW,0.0050,0.0158,0.1684,0.3000
94671,dynamic,-3.4366,5.7192,6.2454,-3.80,1.294,-0.2501,0.0067,0.2502,-0.2501,-0.0027,0.000,1,STABILIZE_LOW,-0.0736,-0.0183,0.1520,0.3000
94769,dynamic,-3.3951,5.7312,6.2382,-4.21,1.273,-0.3172,-0.0065,0.3173,-0.3167,-0.0197,0.000,1,STABILIZE_LOW,-0.1130,-0.0304,0.1684,0.0818
94867,dynamic,-3.3603,5.7418,6.2304,-4.33,1.255,-0.2498,-0.0164,0.2503,-0.2487,-0.0289,0.000,1,STABILIZE_LOW,-0.0751,-0.0361,0.1732,0.0765
94977,dynamic,-3.3367,5.7485,6.2262,-4.33,1.245,-0.2498,-0.0164,0.2503,-0.2485,-0.0303,0.000,1,STABILIZE_LOW,-0.0754,-0.0371,0.1732,0.0736
95068,dynamic,-3.3115,5.7528,6.2196,-4.34,1.236,-0.1601,-0.0331,0.1635,-0.1579,-0.0424,0.000,1,STABILIZE_LOW,-0.0232,-0.0442,0.1736,0.0709
95174,dynamic,-3.2947,5.7553,6.2178,-4.34,1.227,-0.1601,-0.0331,0.1635,-0.1577,-0.0432,0.000,1,STABILIZE_LOW,-0.0232,-0.0449,0.1736,0.0681
95268,dynamic,-3.2827,5.7585,6.2190,-4.32,1.219,0.0265,-0.0029,0.0266,0.0266,-0.0012,0.000,1,STABILIZE_LOW,0.0844,-0.0205,0.1728,0.0658
95367,dynamic,-3.2637,5.7650,6.2198,-3.32,1.213,0.0761,-0.0061,0.0764,0.0764,-0.0012,0.000,1,STABILIZE_LOW,0.1141,-0.0194,0.1328,0.0640
95468,dynamic,-3.2466,5.7699,6.2254,-3.32,1.208,0.0761,-0.0061,0.0764,0.0764,-0.0016,0.000,1,STABILIZE_LOW,0.1144,-0.0197,0.1328,0.0623
95568,dynamic,-3.2315,5.7719,6.2348,-3.73,1.204,0.1429,0.0019,0.1429,0.1426,0.0096,0.000,1,STABILIZE_LOW,0.1535,-0.0136,0.1492,0.0613
95684,dynamic,-3.2187,5.7736,6.2445,-4.84,1.201,0.1967,-0.0197,0.1977,0.1973,-0.0111,0.000,1,TERMINAL_LAND,0.1856,-0.0272,0.1936,0.0604
95770,dynamic,-3.2052,5.7784,6.2574,-6.57,1.200,0.1975,-0.0270,0.1994,0.1983,-0.0206,-0.018,1,TERMINAL_LAND,0.1857,-0.0349,0.2628,0.0000
95873,dynamic,-3.1912,5.7861,6.2723,-9.04,1.200,0.2022,-0.0908,0.2216,0.2036,-0.0876,-0.038,1,TERMINAL_LAND,0.1878,-0.0774,0.3616,0.0000
95967,dynamic,-3.1737,5.7961,0.0041,-11.14,1.204,0.1394,-0.1777,0.2259,0.1401,-0.1771,-0.058,1,TERMINAL_LAND,0.1490,-0.1324,0.4456,0.0000
96075,dynamic,-3.1585,5.8011,0.0129,-11.14,1.207,0.1394,-0.1777,0.2259,0.1380,-0.1788,-0.079,1,TERMINAL_LAND,0.1475,-0.1332,0.4456,0.0000
96178,dynamic,-3.1430,5.8055,0.0244,-14.48,1.211,0.0713,-0.3007,0.3091,0.0653,-0.3021,-0.099,1,TERMINAL_LAND,0.1028,-0.2091,0.5792,0.0000
96268,dynamic,-3.1245,5.8075,0.0384,-16.57,1.211,-0.0072,-0.3830,0.3831,-0.0186,-0.3826,-0.118,1,TERMINAL_LAND,0.0524,-0.2586,0.6628,0.0000
96367,dynamic,-3.1087,5.8058,0.0518,-16.57,1.216,-0.0072,-0.3830,0.3831,-0.0248,-0.3823,-0.138,1,TERMINAL_LAND,0.0486,-0.2578,0.6628,0.0000
96467,dynamic,-3.0900,5.8037,0.0736,-16.57,1.219,-0.0072,-0.3830,0.3831,-0.0315,-0.3818,-0.158,1,TERMINAL_LAND,0.0446,-0.2570,0.6628,0.0000
96570,dynamic,-3.0721,5.8000,0.0956,-16.57,1.223,-0.0072,-0.3830,0.3831,-0.0386,-0.3811,-0.178,1,TERMINAL_LAND,0.0404,-0.2561,0.6628,0.0000
96667,dynamic,-3.0530,5.7925,0.1225,-19.15,1.227,0.1789,-0.5059,0.5366,0.1229,-0.5223,-0.198,1,TERMINAL_LAND,0.1327,-0.3405,0.7660,0.0000
96770,dynamic,-3.0366,5.7840,0.1453,-19.15,1.232,0.1789,-0.5059,0.5366,0.1096,-0.5252,-0.218,1,TERMINAL_LAND,0.1246,-0.3414,0.7660,0.0000
96875,dynamic,-3.0177,5.7716,0.1718,-31.36,1.234,0.2011,-0.9297,0.9512,0.0490,-0.9499,-0.239,1,TERMINAL_LAND,0.0803,-0.5992,1.2544,0.0000
96970,dynamic,-2.9974,5.7540,0.2016,-32.73,1.237,0.1744,-0.9904,1.0056,-0.0134,-1.0055,-0.258,1,TERMINAL_LAND,0.0429,-0.6319,1.3092,0.0000
97079,dynamic,-2.9784,5.7332,0.2241,0.00,1.233,0.0000,0.0000,0.0000,0.0000,0.0000,-0.268,0,TERMINAL_LAND,0.0347,-0.6311,1.3068,0.3000
97167,dynamic,-2.9587,5.7077,0.2483,0.00,1.232,0.0000,0.0000,0.0000,0.0000,0.0000,-0.268,0,TERMINAL_LAND,0.0339,-0.6166,1.2768,0.3000
97282,dynamic,-2.9380,5.6776,0.2647,0.00,1.220,0.0000,0.0000,0.0000,0.0000,0.0000,-0.268,0,TERMINAL_LAND,0.0330,-0.5999,1.2421,0.3000
97370,dynamic,-2.9164,5.6418,0.2924,0.00,1.201,0.0000,0.0000,0.0000,0.0000,0.0000,-0.268,0,TERMINAL_LAND,0.0322,-0.5848,1.2107,0.3000
97467,dynamic,-2.8931,5.5994,0.3153,0.00,1.178,0.0000,0.0000,0.0000,0.0000,0.0000,-0.268,0,TERMINAL_LAND,0.0313,-0.5692,1.1786,0.3000
97573,dynamic,-2.8723,5.5616,0.3351,0.00,1.152,0.0000,0.0000,0.0000,0.0000,0.0000,-0.268,0,TERMINAL_LAND,0.0304,-0.5526,1.1442,0.3000
97668,dynamic,-2.8483,5.5127,0.3661,0.00,1.129,0.0000,0.0000,0.0000,0.0000,0.0000,-0.268,0,TERMINAL_LAND,0.0296,-0.5376,1.1130,0.3000
97772,dynamic,-2.8278,5.4714,0.3923,0.00,1.106,0.0000,0.0000,0.0000,0.0000,0.0000,-0.268,0,TERMINAL_LAND,0.0287,-0.5211,1.0789,0.3000
97877,dynamic,-2.8039,5.4251,0.4296,0.00,1.080,0.0000,0.0000,0.0000,0.0000,0.0000,-0.268,0,TERMINAL_LAND,0.0278,-0.5046,1.0448,0.3000
97967,dynamic,-2.7804,5.3729,0.4680,0.00,1.054,0.0000,0.0000,0.0000,0.0000,0.0000,-0.268,0,TERMINAL_LAND,0.0270,-0.4902,1.0150,0.3000
98075,dynamic,-2.7626,5.3314,0.5026,0.00,1.029,0.0000,0.0000,0.0000,0.0000,0.0000,-0.268,0,TERMINAL_LAND,0.0261,-0.4740,0.9814,0.3000
98168,dynamic,-2.7426,5.2859,0.5411,-33.49,1.007,1.0712,-0.5724,1.2145,0.6393,-1.0327,-0.498,1,TERMINAL_LAND,0.4700,-0.7254,1.3396,0.0000
98271,dynamic,-2.7187,5.2419,0.5782,-33.49,0.987,1.0712,-0.5724,1.2145,0.5982,-1.0570,-0.518,1,TERMINAL_LAND,0.4475,-0.7480,1.3396,0.0000
98367,dynamic,-2.6919,5.1981,0.6187,-31.04,0.981,0.6934,-0.3438,0.7740,0.3764,-0.6763,-0.538,1,TERMINAL_LAND,0.3058,-0.4982,1.2416,0.0000
98478,dynamic,-2.6617,5.1595,0.6624,-31.04,0.980,0.6934,-0.3438,0.7740,0.3478,-0.6914,-0.560,1,TERMINAL_LAND,0.2871,-0.5082,1.2416,0.0000
98568,dynamic,-2.6271,5.1206,0.7008,-31.04,0.980,0.6934,-0.3438,0.7740,0.3184,-0.7055,-0.578,1,TERMINAL_LAND,0.2679,-0.5176,1.2416,0.0000
98667,dynamic,-2.5910,5.0854,0.7378,0.00,0.978,0.0000,0.0000,0.0000,0.0000,0.0000,-0.578,0,TERMINAL_LAND,0.2646,-0.5111,1.2262,0.3000
98767,dynamic,-2.5539,5.0545,0.7784,0.00,0.968,0.0000,0.0000,0.0000,0.0000,0.0000,-0.578,0,TERMINAL_LAND,0.2579,-0.4982,1.1951,0.3000
98869,dynamic,-2.5154,5.0283,0.8081,0.00,0.940,0.0000,0.0000,0.0000,0.0000,0.0000,-0.578,0,TERMINAL_LAND,0.2511,-0.4851,1.1637,0.3000
98969,dynamic,-2.4733,5.0068,0.8414,0.00,0.912,0.0000,0.0000,0.0000,0.0000,0.0000,-0.578,0,TERMINAL_LAND,0.2444,-0.4722,1.1328,0.3000
99069,dynamic,-2.4275,4.9899,0.8691,0.00,0.882,0.0000,0.0000,0.0000,0.0000,0.0000,-0.578,0,TERMINAL_LAND,0.2377,-0.4592,1.1015,0.3000
99168,dynamic,-2.3815,4.9788,0.8952,0.00,0.854,0.0000,0.0000,0.0000,0.0000,0.0000,-0.578,0,TERMINAL_LAND,0.2311,-0.4464,1.0709,0.3000
99273,dynamic,-2.3364,4.9709,0.9203,0.00,0.825,0.0000,0.0000,0.0000,0.0000,0.0000,-0.578,0,TERMINAL_LAND,0.2240,-0.4327,1.0381,0.3000
99367,dynamic,-2.2932,4.9674,0.9500,0.00,0.798,0.0000,0.0000,0.0000,0.0000,0.0000,-0.578,0,TERMINAL_LAND,0.2177,-0.4206,1.0089,0.3000
99478,dynamic,-2.2506,4.9680,0.9832,0.00,0.769,0.0000,0.0000,0.0000,0.0000,0.0000,-0.578,0,TERMINAL_LAND,0.2106,-0.4068,0.9758,0.3000
99567,dynamic,-2.2057,4.9694,1.0202,0.00,0.742,0.0000,0.0000,0.0000,0.0000,0.0000,-0.578,0,TERMINAL_LAND,0.2043,-0.3947,0.9469,0.3000
99676,dynamic,-2.1576,4.9729,1.0605,0.00,0.714,0.0000,0.0000,0.0000,0.0000,0.0000,-0.578,0,TERMINAL_LAND,0.1970,-0.3807,0.9132,0.3000
99767,dynamic,-2.1092,4.9787,1.1088,0.00,0.688,0.0000,0.0000,0.0000,0.0000,0.0000,-0.578,0,TERMINAL_LAND,0.1909,-0.3688,0.8847,0.3000
99873,dynamic,-2.0634,4.9871,1.1465,0.00,0.659,0.0000,0.0000,0.0000,0.0000,0.0000,-0.578,0,TERMINAL_LAND,0.1838,-0.3552,0.8520,0.3000
99970,dynamic,-2.0207,4.9971,1.1878,0.00,0.629,0.0000,0.0000,0.0000,0.0000,0.0000,-0.578,0,TERMINAL_LAND,0.1774,-0.3427,0.8220,0.3000
100068,dynamic,-1.9800,5.0083,1.2251,0.00,0.597,0.0000,0.0000,0.0000,0.0000,0.0000,-0.578,0,TERMINAL_LAND,0.1708,-0.3300,0.7915,0.3000
100168,dynamic,-1.9333,5.0227,1.2634,0.00,0.567,0.0000,0.0000,0.0000,0.0000,0.0000,-0.578,0,TERMINAL_LAND,0.1641,-0.3170,0.7604,0.3000
100268,dynamic,-1.8936,5.0345,1.2858,0.00,0.535,0.0000,0.0000,0.0000,0.0000,0.0000,-0.578,0,TERMINAL_LAND,0.1574,-0.3041,0.7295,0.3000
100370,dynamic,-1.8470,5.0503,1.3152,0.00,0.507,0.0000,0.0000,0.0000,0.0000,0.0000,-0.578,0,TERMINAL_LAND,0.1505,-0.2908,0.6975,0.3000
100473,dynamic,-1.8174,5.0629,1.3342,0.00,0.472,0.0000,0.0000,0.0000,0.0000,0.0000,-0.578,0,DONE,0.1505,-0.2908,0.6975,0.3000
