time_ms,scenario,drone_x,drone_y,drone_yaw_rad,rotation_error_deg,altitude_m,pixel_err_x,pixel_err_y,ground_err_m,forward_err_m,lateral_err_m,gimbal_norm,locked,state,last_cmd_pitch,last_cmd_roll,last_cmd_yaw_vel,last_cmd_thrust
77,dynamic,-0.7187,0.8079,6.2753,-32.89,2.188,0.7253,8.2079,8.2399,0.6502,8.2142,0.000,1,SEARCH,0.0000,0.0000,0.0000,0.0564
179,dynamic,-0.7332,0.8275,6.2765,27.45,2.196,0.4036,7.1208,7.1323,0.3486,7.1237,0.000,1,SEARCH,0.0000,0.0000,0.0000,0.0587
283,dynamic,-0.7440,0.8453,6.2780,27.45,2.205,0.4036,7.1208,7.1323,0.3641,7.1230,0.000,1,SEARCH,0.0000,0.0000,0.0000,0.0614
378,dynamic,-0.7563,0.8678,6.2774,47.20,2.210,0.1901,5.7191,5.7223,0.1537,5.7202,0.000,1,SEARCH,0.0000,0.0000,0.0000,0.0631
480,dynamic,-0.7663,0.8877,6.2815,47.20,2.216,0.1901,5.7191,5.7223,0.1598,5.7200,0.000,1,SEARCH,0.0000,0.0000,0.0000,0.0647
579,dynamic,-0.7756,0.9087,0.0006,48.61,2.220,0.2321,5.2569,5.2620,0.2290,5.2571,0.000,1,SEARCH,0.0000,0.0000,0.0000,0.0661
679,dynamic,-0.7825,0.9277,0.0026,48.05,2.226,0.1187,4.9201,4.9215,0.1153,4.9202,0.000,1,SEARCH,0.0000,0.0000,0.0000,0.0679
781,dynamic,-0.7910,0.9473,0.0020,46.64,2.232,-0.0117,4.5997,4.5997,-0.0023,4.5997,0.000,1,SEARCH,0.0000,0.0000,0.0000,0.0697
878,dynamic,-0.7978,0.9655,0.0023,47.00,2.237,-0.0524,4.4739,4.4742,-0.0433,4.4740,0.000,1,SEARCH,0.0000,0.0000,0.0000,0.0712
982,dynamic,-0.8032,0.9803,0.0026,44.02,2.240,-0.1829,4.0126,4.0168,-0.1627,4.0135,0.000,1,SEARCH,0.0000,0.0000,0.0000,0.0721
1083,dynamic,-0.8107,0.9980,0.0021,44.02,2.245,-0.1829,4.0126,4.0168,-0.1696,4.0132,0.000,1,SEARCH,0.0000,0.0000,0.0000,0.0736
1180,dynamic,-0.8185,1.0124,0.0004,42.27,2.251,-0.2528,3.7549,3.7634,-0.2455,3.7554,0.000,1,SEARCH,0.0000,0.0000,0.0000,0.0753
1277,dynamic,-0.8265,1.0248,6.2829,41.82,2.256,-0.3108,3.6705,3.6837,-0.3099,3.6706,0.000,1,SEARCH,0.0000,0.0000,0.0000,0.0769
1380,dynamic,-0.8341,1.0392,6.2818,41.97,2.261,-0.3646,3.5929,3.6113,-0.3741,3.5919,0.000,1,SEARCH,0.0000,0.0000,0.0000,0.0783
1479,dynamic,-0.8410,1.0533,6.2813,42.01,2.267,-0.3720,3.5701,3.5895,-0.3777,3.5695,0.000,1,SEARCH,0.0000,0.0000,0.0000,0.0801
1589,dynamic,-0.8470,1.0658,6.2790,41.97,2.270,-0.3603,3.5826,3.6007,-0.3679,3.5818,0.000,1,SEARCH,0.0000,0.0000,0.0000,0.0810
1679,dynamic,-0.8533,1.0812,6.2773,41.81,2.272,-0.3093,3.6118,3.6250,-0.3255,3.6104,0.000,1,SEARCH,0.0000,0.0000,0.0000,0.0817
1777,dynamic,-0.8590,1.0942,6.2757,41.63,2.274,-0.2563,3.6074,3.6165,-0.2779,3.6058,0.000,1,SEARCH,0.0000,0.0000,0.0000,0.0823
1879,dynamic,-0.8645,1.1060,6.2753,41.63,2.278,-0.2563,3.6074,3.6165,-0.2818,3.6055,0.000,1,SEARCH,0.0000,0.0000,0.0000,0.0834
1976,dynamic,-0.8694,1.1182,6.2731,39.61,2.282,-0.3339,3.4652,3.4813,-0.3629,3.4623,0.000,1,SEARCH,0.0000,0.0000,0.0000,0.0846
2077,dynamic,-0.8720,1.1304,6.2676,39.61,2.286,-0.3339,3.4652,3.4813,-0.3770,3.4608,0.000,1,SEARCH,0.0000,0.0000,0.0000,0.0859
2187,dynamic,-0.8771,1.1427,6.2662,40.39,2.288,-0.6115,3.2167,3.2743,-0.6645,3.2062,0.000,1,SEARCH,0.0000,0.0000,0.0000,0.0863
2279,dynamic,-0.8826,1.1536,6.2626,39.52,2.291,-0.6914,3.1413,3.2164,-0.7446,3.1291,0.000,1,SEARCH,0.0000,0.0000,0.0000,0.0872
2383,dynamic,-0.8907,1.1678,6.2605,40.26,2.292,-0.8885,2.9973,3.1263,-0.9469,2.9794,0.000,1,SEARCH,0.0000,0.0000,0.0000,0.0877
2478,dynamic,-0.8985,1.1816,6.2592,40.97,2.295,-0.9512,2.9270,3.0777,-1.0182,2.9044,0.000,1,SEARCH,0.0000,0.0000,0.0000,0.0886
2579,dynamic,-0.9072,1.1964,6.2569,40.54,2.297,-0.9522,2.9744,3.1231,-1.0274,2.9493,0.000,1,SEARCH,0.0000,0.0000,0.0000,0.0892
2679,dynamic,-0.9149,1.2111,6.2564,40.54,2.301,-0.9522,2.9744,3.1231,-1.0306,2.9482,0.000,1,SEARCH,0.0000,0.0000,0.0000,0.0902
2778,dynamic,-0.9225,1.2240,6.2586,40.54,2.302,-0.9522,2.9744,3.1231,-1.0288,2.9488,0.000,1,SEARCH,0.0000,0.0000,0.0000,0.0905
2878,dynamic,-0.9280,1.2366,6.2585,40.54,2.303,-0.9522,2.9744,3.1231,-1.0271,2.9494,0.000,1,SEARCH,0.0000,0.0000,0.0000,0.0910
2981,dynamic,-0.9330,1.2484,6.2597,40.54,2.304,-0.9522,2.9744,3.1231,-1.0272,2.9494,0.000,1,SEARCH,0.0000,0.0000,0.0000,0.0913
3078,dynamic,-0.9375,1.2611,6.2618,43.86,2.306,-0.9186,2.9794,3.1178,-0.9912,2.9560,0.000,1,SEARCH,0.0000,0.0000,0.0000,0.0919
3178,dynamic,-0.9428,1.2744,6.2640,43.86,2.308,-0.9186,2.9794,3.1178,-0.9782,2.9604,0.000,1,SEARCH,0.0000,0.0000,0.0000,0.0923
3280,dynamic,-0.9470,1.2873,6.2717,43.86,2.309,-0.9186,2.9794,3.1178,-0.9737,2.9618,0.000,1,SEARCH,0.0000,0.0000,0.0000,0.0927
3387,dynamic,-0.9516,1.3019,6.2781,43.86,2.308,-0.6833,3.1464,3.2197,-0.7165,3.1390,0.000,1,SEARCH,0.0000,0.0000,0.0000,0.0924
3478,dynamic,-0.9555,1.3149,0.0000,43.40,2.309,-0.6384,3.1708,3.2344,-0.6513,3.1682,0.000,1,SEARCH,0.0000,0.0000,0.0000,0.0926
3580,dynamic,-0.9608,1.3305,0.0057,42.60,2.307,-0.4180,3.2967,3.3231,-0.4162,3.2970,0.000,1,SEARCH,0.0000,0.0000,0.0000,0.0922
3676,dynamic,-0.9642,1.3427,0.0070,42.27,2.307,-0.3700,3.3408,3.3612,-0.3559,3.3423,0.000,1,SEARCH,0.0000,0.0000,0.0000,0.0922
3778,dynamic,-0.9674,1.3585,0.0095,42.27,2.307,-0.3700,3.3408,3.3612,-0.3425,3.3437,0.000,1,SEARCH,0.0000,0.0000,0.0000,0.0922
3877,dynamic,-0.9699,1.3739,0.0115,41.86,2.309,-0.2434,3.4021,3.4108,-0.2094,3.4044,0.000,1,SEARCH,0.0000,0.0000,0.0000,0.0927
3977,dynamic,-0.9723,1.3900,0.0109,42.35,2.311,-0.1832,3.4673,3.4721,-0.1421,3.4692,0.000,1,SEARCH,0.0000,0.0000,0.0000,0.0932
4077,dynamic,-0.9735,1.4053,0.0109,42.35,2.312,-0.1832,3.4673,3.4721,-0.1426,3.4692,0.000,1,SEARCH,0.0000,0.0000,0.0000,0.0937
4177,dynamic,-0.9748,1.4215,0.0107,42.35,2.312,-0.1832,3.4673,3.4721,-0.1457,3.4691,0.000,1,SEARCH,0.0000,0.0000,0.0000,0.0936
4276,dynamic,-0.9781,1.4372,0.0115,0.00,2.310,0.0000,0.0000,0.0000,0.0000,0.0000,0.000,0,SEARCH,0.0000,0.0000,0.0000,0.0930
4376,dynamic,-0.9818,1.4530,0.0111,0.00,2.308,0.0000,0.0000,0.0000,0.0000,0.0000,0.000,0,SEARCH,0.0000,0.0000,0.0000,0.0924
4479,dynamic,-0.9853,1.4675,0.0077,0.00,2.308,0.0000,0.0000,0.0000,0.0000,0.0000,0.000,0,SEARCH,0.0000,0.0000,0.0000,0.0923
4577,dynamic,-0.9903,1.4832,0.0048,0.00,2.307,0.0000,0.0000,0.0000,0.0000,0.0000,0.000,0,SEARCH,0.0000,0.0000,0.0000,0.0921
4677,dynamic,-0.9957,1.4980,0.0040,0.00,2.306,0.0000,0.0000,0.0000,0.0000,0.0000,0.000,0,SEARCH,0.0000,0.0000,0.0000,0.0917
4778,dynamic,-1.0024,1.5164,0.0046,0.00,2.302,0.0000,0.0000,0.0000,0.0000,0.0000,0.000,0,SEARCH,0.0000,0.0000,0.0000,0.0907
4884,dynamic,-1.0082,1.5331,6.2824,45.61,2.292,0.3332,4.2261,4.2392,0.3530,4.2245,0.000,1,SEARCH,0.0000,0.0000,0.0000,0.0876
4980,dynamic,-1.0132,1.5511,6.2773,45.45,2.279,0.4109,4.3248,4.3443,0.4032,4.3255,0.000,1,SEARCH,0.0000,0.0000,0.0000,0.0838
5078,dynamic,-1.0181,1.5676,6.2717,45.59,2.276,0.4713,4.3867,4.4120,0.4403,4.3899,0.000,1,SEARCH,0.0000,0.0000,0.0000,0.0828
5178,dynamic,-1.0237,1.5834,6.2665,46.38,2.274,0.4827,4.3873,4.4138,0.4322,4.3926,0.000,1,SEARCH,0.0000,0.0000,0.0000,0.0822
5276,dynamic,-1.0290,1.5997,6.2636,45.81,2.273,0.5450,4.4495,4.4827,0.4698,4.4580,0.000,1,SEARCH,0.0000,0.0000,0.0000,0.0820
5377,dynamic,-1.0341,1.6148,6.2614,46.27,2.271,0.6347,4.4767,4.5215,0.5397,4.4892,0.000,1,SEARCH,0.0000,0.0000,0.0000,0.0814
5481,dynamic,-1.0387,1.6290,6.2608,46.27,2.270,0.6347,4.4767,4.5215,0.5368,4.4895,0.000,1,SEARCH,0.0000,0.0000,0.0000,0.0811
5576,dynamic,-1.0434,1.6423,6.2594,46.23,2.267,0.7091,4.4793,4.5351,0.6055,4.4945,0.000,1,SEARCH,0.0000,0.0000,0.0000,0.0801
5676,dynamic,-1.0475,1.6554,6.2605,46.23,2.265,0.7091,4.4793,4.5351,0.6032,4.4948,0.000,1,SEARCH,0.0000,0.0000,0.0000,0.0794
5777,dynamic,-1.0522,1.6672,6.2601,46.23,2.262,0.7091,4.4793,4.5351,0.6037,4.4948,0.000,1,SEARCH,0.0000,0.0000,0.0000,0.0786
5879,dynamic,-1.0558,1.6793,6.2610,46.18,2.261,0.8688,4.5508,4.6330,0.7682,4.5688,0.000,1,SEARCH,0.0000,0.0000,0.0000,0.0783
5976,dynamic,-1.0591,1.6913,6.2632,45.88,2.259,0.8630,4.5220,4.6037,0.7717,4.5385,0.000,1,SEARCH,0.0000,0.0000,0.0000,0.0778
6076,dynamic,-1.0623,1.7037,6.2666,45.66,2.258,0.9373,4.6214,4.7155,0.8502,4.6382,0.000,1,SEARCH,0.0000,0.0000,0.0000,0.0773
6176,dynamic,-1.0669,1.7165,6.2694,45.66,2.255,0.9373,4.6214,4.7155,0.8593,4.6365,0.000,1,SEARCH,0.0000,0.0000,0.0000,0.0765
6280,dynamic,-1.0711,1.7302,6.2731,45.66,2.252,0.9373,4.6214,4.7155,0.8800,4.6326,0.000,1,SEARCH,0.0000,0.0000,0.0000,0.0757
6377,dynamic,-1.0776,1.7436,6.2740,42.58,2.250,1.2328,4.8006,4.9564,1.1806,4.8137,0.000,1,SEARCH,0.0000,0.0000,0.0000,0.0750
6489,dynamic,-1.0841,1.7575,6.2780,42.58,2.248,1.2328,4.8006,4.9564,1.2025,4.8083,0.000,1,SEARCH,0.0000,0.0000,0.0000,0.0743
6582,dynamic,-1.0908,1.7705,6.2802,41.20,2.244,1.3176,4.8312,5.0077,1.2932,4.8378,0.000,1,SEARCH,0.0000,0.0000,0.0000,0.0733
6677,dynamic,-1.0963,1.7832,6.2808,0.00,2.242,0.0000,0.0000,0.0000,0.0000,0.0000,0.000,0,SEARCH,0.0000,0.0000,0.0000,0.0727
6786,dynamic,-1.1015,1.7951,6.2819,0.00,2.239,0.0000,0.0000,0.0000,0.0000,0.0000,0.000,0,SEARCH,0.0000,0.0000,0.0000,0.0718
6880,dynamic,-1.1055,1.8073,6.2824,0.00,2.237,0.0000,0.0000,0.0000,0.0000,0.0000,0.000,0,SEARCH,0.0000,0.0000,0.0000,0.0712
6977,dynamic,-1.1085,1.8197,0.0027,41.30,2.235,1.7106,4.9916,5.2765,1.7187,4.9888,0.000,1,SEARCH,0.0000,0.0000,0.0000,0.0706
7079,dynamic,-1.1113,1.8333,0.0040,41.30,2.233,1.7106,4.9916,5.2765,1.7256,4.9864,0.000,1,SEARCH,0.0000,0.0000,0.0000,0.0699
7177,dynamic,-1.1147,1.8488,0.0071,0.00,2.230,0.0000,0.0000,0.0000,0.0000,0.0000,0.000,0,SEARCH,0.0000,0.0000,0.0000,0.0689
7277,dynamic,-1.1180,1.8647,0.0088,41.49,2.225,1.8730,5.0566,5.3923,1.9090,5.0431,0.000,1,SEARCH,0.0000,0.0000,0.0000,0.0676
7377,dynamic,-1.1219,1.8802,0.0109,41.49,2.220,1.8730,5.0566,5.3923,1.9288,5.0355,0.000,1,SEARCH,0.0000,0.0000,0.0000,0.0661
7483,dynamic,-1.1254,1.8969,0.0109,41.49,2.216,1.8730,5.0566,5.3923,1.9307,5.0348,0.000,1,SEARCH,0.0000,0.0000,0.0000,0.0648
7583,dynamic,-1.1282,1.9133,0.0106,41.87,2.213,2.1928,5.3184,5.7527,2.2525,5.2934,0.000,1,SEARCH,0.0000,0.0000,0.0000,0.0638
7681,dynamic,-1.1300,1.9298,0.0106,42.27,2.209,2.2243,5.3970,5.8374,2.2833,5.3723,0.000,1,SEARCH,0.0000,0.0000,0.0000,0.0627
7777,dynamic,-1.1309,1.9467,0.0115,43.10,2.205,2.3124,5.4906,5.9577,2.3682,5.4667,0.000,1,SEARCH,0.0000,0.0000,0.0000,0.0615
7877,dynamic,-1.1320,1.9634,0.0113,43.10,2.202,2.3124,5.4906,5.9577,2.3802,5.4615,0.000,1,SEARCH,0.0000,0.0000,0.0000,0.0606
7976,dynamic,-1.1336,1.9798,0.0122,44.74,2.200,2.3588,5.7359,6.2019,2.4207,5.7100,0.000,1,SEARCH,0.0000,0.0000,0.0000,0.0599
8078,dynamic,-1.1353,1.9963,0.0135,44.74,2.198,2.3588,5.7359,6.2019,2.4330,5.7047,0.000,1,SEARCH,0.0000,0.0000,0.0000,0.0595
8184,dynamic,-1.1362,2.0118,0.0121,45.64,2.197,2.3209,6.0264,6.4579,2.3991,5.9957,0.000,1,SEARCH,0.0000,0.0000,0.0000,0.0590
8276,dynamic,-1.1376,2.0262,0.0135,0.00,2.194,0.0000,0.0000,0.0000,0.0000,0.0000,0.000,0,SEARCH,0.0000,0.0000,0.0000,0.0581
8382,dynamic,-1.1386,2.0436,0.0132,0.00,2.191,0.0000,0.0000,0.0000,0.0000,0.0000,0.000,0,SEARCH,0.0000,0.0000,0.0000,0.0572
8479,dynamic,-1.1388,2.0579,0.0141,0.00,2.189,0.0000,0.0000,0.0000,0.0000,0.0000,0.000,0,SEARCH,0.0000,0.0000,0.0000,0.0568
8577,dynamic,-1.1372,2.0733,0.0137,0.00,2.187,0.0000,0.0000,0.0000,0.0000,0.0000,0.000,0,SEARCH,0.0000,0.0000,0.0000,0.0561
8678,dynamic,-1.1346,2.0876,0.0156,44.45,2.186,1.9095,5.9288,6.2287,1.9908,5.9020,0.000,1,SEARCH,0.0000,0.0000,0.0000,0.0558
8780,dynamic,-1.1303,2.1021,0.0152,44.71,2.181,1.6780,5.6725,5.9154,1.7622,5.6469,0.000,1,SEARCH,0.0000,0.0000,0.0000,0.0542
8878,dynamic,-1.1257,2.1171,0.0126,44.46,2.172,1.6677,5.5834,5.8271,1.7506,5.5579,0.000,1,SEARCH,0.0000,0.0000,0.0000,0.0515
8976,dynamic,-1.1199,2.1338,0.0139,43.76,2.169,1.3898,5.2041,5.3865,1.4554,5.1862,0.000,1,SEARCH,0.0000,0.0000,0.0000,0.0508
9076,dynamic,-1.1148,2.1513,0.0178,43.76,2.171,1.3898,5.2041,5.3865,1.4761,5.1803,0.000,1,SEARCH,0.0000,0.0000,0.0000,0.0514
9182,dynamic,-1.1109,2.1680,0.0211,43.76,2.172,1.3898,5.2041,5.3865,1.4880,5.1769,0.000,1,SEARCH,0.0000,0.0000,0.0000,0.0515
9279,dynamic,-1.1068,2.1837,0.0254,43.18,2.171,0.9676,4.7135,4.8118,1.0671,4.6920,0.000,1,SEARCH,0.0000,0.0000,0.0000,0.0512
9376,dynamic,-1.1045,2.1991,0.0277,42.66,2.170,0.8096,4.5185,4.5904,0.9240,4.4965,0.000,1,SEARCH,0.0000,0.0000,0.0000,0.0509
9476,dynamic,-1.1031,2.2143,0.0270,42.66,2.168,0.8096,4.5185,4.5904,0.9344,4.4943,0.000,1,SEARCH,0.0000,0.0000,0.0000,0.0505
9576,dynamic,-1.1012,2.2277,0.0235,42.03,2.167,0.7490,4.3471,4.4111,0.8664,4.3252,0.000,1,SEARCH,0.0000,0.0000,0.0000,0.0500
9679,dynamic,-1.0987,2.2402,0.0200,42.03,2.168,0.7490,4.3471,4.4111,0.8501,4.3285,0.000,1,SEARCH,0.0000,0.0000,0.0000,0.0504
9778,dynamic,-1.0974,2.2520,0.0162,42.32,2.168,0.5147,4.1271,4.1591,0.5928,4.1166,0.000,1,SEARCH,0.0000,0.0000,0.0000,0.0505
9887,dynamic,-1.0976,2.2643,0.0113,42.13,2.168,0.4805,4.1220,4.1499,0.5442,4.1141,0.000,1,SEARCH,0.0000,0.0000,0.0000,0.0504
9978,dynamic,-1.0969,2.2754,0.0042,42.01,2.168,0.4809,4.1761,4.2037,0.5191,4.1716,0.000,1,SEARCH,0.0000,0.0000,0.0000,0.0504
10077,dynamic,-1.0971,2.2877,0.0022,41.41,2.168,0.3610,4.1222,4.1380,0.3878,4.1198,0.000,1,SEARCH,0.0000,0.0000,0.0000,0.0504
10176,dynamic,-1.0957,2.3000,6.2818,41.77,2.167,0.3686,4.1417,4.1580,0.3757,4.1410,0.000,1,SEARCH,0.0000,0.0000,0.0000,0.0500
10279,dynamic,-1.0942,2.3127,6.2831,41.77,2.166,0.3686,4.1417,4.1580,0.3631,4.1422,0.000,1,SEARCH,0.0000,0.0000,0.0000,0.0499
10376,dynamic,-1.0898,2.3226,6.2825,42.67,2.166,0.2463,3.9939,4.0015,0.2431,3.9941,0.000,1,SEARCH,0.0000,0.0000,0.0000,0.0497
10479,dynamic,-1.0853,2.3318,0.0042,42.67,2.167,0.2463,3.9939,4.0015,0.2546,3.9934,0.000,1,SEARCH,0.0000,0.0000,0.0000,0.0500
10576,dynamic,-1.0805,2.3392,0.0063,42.38,2.166,0.1179,3.7139,3.7158,0.1347,3.7134,0.000,1,SEARCH,0.0000,0.0000,0.0000,0.0499
10688,dynamic,-1.0749,2.3467,0.0086,41.32,2.167,-0.0077,3.4882,3.4882,0.0084,3.4882,0.000,1,SEARCH,0.0000,0.0000,0.0000,0.0500
10776,dynamic,-1.0699,2.3535,0.0072,40.25,2.165,-0.0305,3.3824,3.3825,-0.0034,3.3825,0.000,1,SEARCH,0.0000,0.0000,0.0000,0.0496
10879,dynamic,-1.0660,2.3602,0.0083,40.25,2.165,-0.0305,3.3824,3.3825,0.0003,3.3825,0.000,1,SEARCH,0.0000,0.0000,0.0000,0.0494
10976,dynamic,-1.0626,2.3670,0.0096,36.82,2.165,-0.1004,3.0931,3.0947,-0.0752,3.0938,0.000,1,SEARCH,0.0000,0.0000,0.0000,0.0494
11077,dynamic,-1.0597,2.3757,0.0116,36.82,2.164,-0.1004,3.0931,3.0947,-0.0707,3.0939,0.000,1,SEARCH,0.0000,0.0000,0.0000,0.0492
11176,dynamic,-1.0567,2.3822,0.0126,33.28,2.162,-0.1462,2.7204,2.7243,-0.1173,2.7218,0.000,1,SEARCH,0.0000,0.0000,0.0000,0.0485
11283,dynamic,-1.0539,2.3875,0.0143,28.62,2.161,-0.1664,2.5145,2.5200,-0.1328,2.5165,0.000,1,SEARCH,0.0000,0.0000,0.0000,0.0483
11376,dynamic,-1.0506,2.3929,0.0155,25.33,2.159,-0.1794,2.4249,2.4315,-0.1379,2.4276,0.000,1,SEARCH,0.0000,0.0000,0.0000,0.0476
11476,dynamic,-1.0462,2.3965,0.0173,24.30,2.158,-0.2661,2.2070,2.2230,-0.2274,2.2113,0.000,1,SEARCH,0.0000,0.0000,0.0000,0.0474
11576,dynamic,-1.0444,2.3978,0.0162,22.07,2.156,-0.1650,2.0990,2.1054,-0.1291,2.1015,0.000,1,SEARCH,0.0000,0.0000,0.0000,0.0469
11678,dynamic,-1.0442,2.3983,0.0093,22.07,2.154,-0.1650,2.0990,2.1054,-0.1355,2.1011,0.000,1,SEARCH,0.0000,0.0000,0.0000,0.0463
11777,dynamic,-1.0439,2.3977,0.0073,22.04,2.151,-0.1960,2.0313,2.0407,-0.1790,2.0328,0.000,1,SEARCH,0.0000,0.0000,0.0000,0.0452
11877,dynamic,-1.0446,2.3967,0.0032,22.90,2.147,-0.1492,2.0104,2.0160,-0.1361,2.0114,0.000,1,SEARCH,0.0000,0.0000,0.0000,0.0442
11978,dynamic,-1.0451,2.3946,6.2799,23.47,2.144,-0.2482,2.0080,2.0233,-0.2432,2.0086,0.000,1,SEARCH,0.0000,0.0000,0.0000,0.0432
12076,dynamic,-1.0442,2.3914,6.2726,25.63,2.143,-0.2564,2.0605,2.0764,-0.2672,2.0592,0.000,1,SEARCH,0.0000,0.0000,0.0000,0.0429
12178,dynamic,-1.0440,2.3894,6.2661,25.83,2.142,-0.2988,2.1851,2.2054,-0.3231,2.1816,0.000,1,SEARCH,0.0000,0.0000,0.0000,0.0425
12282,dynamic,-1.0429,2.3883,6.2571,26.98,2.142,-0.2834,2.2852,2.3027,-0.3281,2.2793,0.000,1,SEARCH,0.0000,0.0000,0.0000,0.0425
12381,dynamic,-1.0415,2.3866,6.2431,28.49,2.142,-0.3682,2.3511,2.3797,-0.4373,2.3392,0.000,1,SEARCH,0.0000,0.0000,0.0000,0.0425
12479,dynamic,-1.0396,2.3870,6.2347,30.48,2.146,-0.3605,2.4605,2.4868,-0.4632,2.4433,0.000,1,SEARCH,0.0000,0.0000,0.0000,0.0437
12577,dynamic,-1.0375,2.3885,6.2351,34.65,2.149,-0.4150,2.6077,2.6405,-0.5410,2.5845,0.000,1,SEARCH,0.0000,0.0000,0.0000,0.0448
12676,dynamic,-1.0353,2.3928,6.2392,36.43,2.152,-0.4328,2.6958,2.7303,-0.5643,2.6714,0.000,1,SEARCH,0.0000,0.0000,0.0000,0.0457
12780,dynamic,-1.0327,2.3958,6.2443,36.43,2.154,-0.4328,2.6958,2.7303,-0.5510,2.6741,0.000,1,SEARCH,0.0000,0.0000,0.0000,0.0461
12878,dynamic,-1.0283,2.3991,6.2458,38.60,2.146,-0.4551,2.7674,2.8045,-0.5559,2.7489,0.000,1,SEARCH,0.0000,0.0000,0.0000,0.0438
12978,dynamic,-1.0223,2.4031,6.2448,39.32,2.141,-0.3713,2.7929,2.8175,-0.4754,2.7771,0.000,1,SEARCH,0.0000,0.0000,0.0000,0.0423
13078,dynamic,-1.0174,2.4080,6.2461,38.64,2.144,-0.3562,2.8146,2.8371,-0.4631,2.7990,0.000,1,SEARCH,0.0000,0.0000,0.0000,0.0431
13176,dynamic,-1.0146,2.4104,6.2490,39.66,2.146,-0.4011,2.7848,2.8136,-0.5053,2.7678,0.000,1,SEARCH,0.0000,0.0000,0.0000,0.0439
13277,dynamic,-1.0124,2.4132,6.2506,39.66,2.148,-0.4011,2.7848,2.8136,-0.4959,2.7695,0.000,1,SEARCH,0.0000,0.0000,0.0000,0.0445
13379,dynamic,-1.0097,2.4186,6.2571,40.67,2.153,-0.3051,2.9613,2.9769,-0.3967,2.9504,0.000,1,SEARCH,0.0000,0.0000,0.0000,0.0459
13476,dynamic,-1.0061,2.4242,6.2615,39.81,2.159,-0.1281,3.0458,3.0485,-0.2050,3.0416,0.000,1,SEARCH,0.0000,0.0000,0.0000,0.0478
13576,dynamic,-1.0018,2.4319,6.2639,39.81,2.162,-0.1281,3.0458,3.0485,-0.1976,3.0421,0.000,1,SEARCH,0.0000,0.0000,0.0000,0.0486
13676,dynamic,-0.9976,2.4400,6.2671,39.41,2.162,0.0945,3.2195,3.2208,0.0356,3.2206,0.000,1,SEARCH,0.0000,0.0000,0.0000,0.0487
13781,dynamic,-0.9929,2.4503,6.2733,39.41,2.162,0.0945,3.2195,3.2208,0.0488,3.2205,0.000,1,SEARCH,0.0000,0.0000,0.0000,0.0486
13878,dynamic,-0.9881,2.4604,6.2772,40.19,2.163,0.2073,3.2999,3.3065,0.1746,3.3018,0.000,1,SEARCH,0.0000,0.0000,0.0000,0.0490
13976,dynamic,-0.9833,2.4706,0.0008,41.28,2.162,0.2360,3.3260,3.3344,0.2190,3.3272,0.000,1,SEARCH,0.0000,0.0000,0.0000,0.0485
14076,dynamic,-0.9784,2.4782,0.0061,41.92,2.160,0.3123,3.4057,3.4199,0.3146,3.4055,0.000,1,SEARCH,0.0000,0.0000,0.0000,0.0479
14178,dynamic,-0.9727,2.4888,0.0125,41.92,2.158,0.3123,3.4057,3.4199,0.3428,3.4027,0.000,1,SEARCH,0.0000,0.0000,0.0000,0.0475
14276,dynamic,-0.9681,2.4978,0.0198,41.86,2.156,0.3447,3.4273,3.4446,0.3950,3.4219,0.000,1,SEARCH,0.0000,0.0000,0.0000,0.0469
14376,dynamic,-0.9647,2.5047,0.0225,41.86,2.153,0.3447,3.4273,3.4446,0.4148,3.4195,0.000,1,SEARCH,0.0000,0.0000,0.0000,0.0458
14476,dynamic,-0.9615,2.5095,0.0228,41.47,2.152,0.3589,3.6109,3.6287,0.4438,3.6015,0.000,1,SEARCH,0.0000,0.0000,0.0000,0.0455
14576,dynamic,-0.9598,2.5096,0.0239,41.47,2.149,0.3589,3.6109,3.6287,0.4403,3.6019,0.000,1,SEARCH,0.0000,0.0000,0.0000,0.0446
14678,dynamic,-0.9578,2.5090,0.0173,41.47,2.145,0.3589,3.6109,3.6287,0.4406,3.6018,0.000,1,SEARCH,0.0000,0.0000,0.0000,0.0435
14777,dynamic,-0.9560,2.5048,0.0114,41.99,2.142,0.7913,4.1720,4.2464,0.8608,4.1583,0.000,1,SEARCH,0.0000,0.0000,0.0000,0.0426
14876,dynamic,-0.9530,2.4989,0.0043,42.24,2.140,0.8532,4.3432,4.4262,0.8945,4.3349,0.000,1,SEARCH,0.0000,0.0000,0.0000,0.0421
14976,dynamic,-0.9510,2.4923,6.2797,44.12,2.138,0.8638,4.5612,4.6423,0.8737,4.5593,0.000,1,SEARCH,0.0000,0.0000,0.0000,0.0415
15080,dynamic,-0.9486,2.4858,6.2779,44.12,2.136,0.8638,4.5612,4.6423,0.8477,4.5642,0.000,1,SEARCH,0.0000,0.0000,0.0000,0.0409
15176,dynamic,-0.9462,2.4788,6.2751,45.55,2.136,1.1858,4.9764,5.1157,1.1468,4.9855,0.000,1,SEARCH,0.0000,0.0000,0.0000,0.0408
15276,dynamic,-0.9425,2.4718,6.2729,45.90,2.135,1.3275,5.1301,5.2991,1.2839,5.1412,0.000,1,SEARCH,0.0000,0.0000,0.0000,0.0405
15376,dynamic,-0.9399,2.4661,6.2709,46.32,2.134,1.3549,5.1248,5.3008,1.2999,5.1390,0.000,1,SEARCH,0.0000,0.0000,0.0000,0.0403
15476,dynamic,-0.9368,2.4604,6.2679,46.32,2.133,1.3549,5.1248,5.3008,1.2863,5.1424,0.000,1,SEARCH,0.0000,0.0000,0.0000,0.0399
15576,dynamic,-0.9334,2.4543,6.2625,46.27,2.132,1.5549,5.1925,5.4203,1.4729,5.2163,0.000,1,SEARCH,0.0000,0.0000,0.0000,0.0396
15676,dynamic,-0.9302,2.4493,6.2581,46.02,2.132,1.6517,5.1701,5.4275,1.5454,5.2029,0.000,1,SEARCH,0.0000,0.0000,0.0000,0.0395
15776,dynamic,-0.9263,2.4402,6.2542,45.71,2.130,1.8242,5.1845,5.4961,1.6890,5.2301,0.000,1,SEARCH,0.0000,0.0000,0.0000,0.0391
15876,dynamic,-0.9220,2.4317,6.2479,45.72,2.130,1.9746,5.1144,5.4824,1.8233,5.1703,0.000,1,SEARCH,0.0000,0.0000,0.0000,0.0390
15976,dynamic,-0.9182,2.4231,6.2432,44.32,2.130,2.0583,5.0811,5.4822,1.8774,5.1507,0.000,1,SEARCH,0.0000,0.0000,0.0000,0.0390
16077,dynamic,-0.9121,2.4116,6.2377,44.32,2.129,2.0583,5.0811,5.4822,1.8419,5.1635,0.000,1,SEARCH,0.0000,0.0000,0.0000,0.0387
16176,dynamic,-0.9081,2.4038,6.2369,43.96,2.127,2.2160,5.0816,5.5437,1.9765,5.1794,0.000,1,SEARCH,0.0000,0.0000,0.0000,0.0382
16277,dynamic,-0.9053,2.3959,6.2384,43.96,2.125,2.2160,5.0816,5.5437,1.9768,5.1793,0.000,1,SEARCH,0.0000,0.0000,0.0000,0.0376
16376,dynamic,-0.9040,2.3885,6.2421,43.15,2.122,2.0088,4.8143,5.2166,1.7921,4.8991,0.000,1,SEARCH,0.0000,0.0000,0.0000,0.0367
16476,dynamic,-0.9041,2.3834,6.2467,42.87,2.119,1.6826,4.5208,4.8238,1.4981,4.5853,0.000,1,SEARCH,0.0000,0.0000,0.0000,0.0357
16577,dynamic,-0.9047,2.3743,6.2577,41.59,2.116,1.3088,4.2656,4.4618,1.1610,4.3081,0.000,1,SEARCH,0.0000,0.0000,0.0000,0.0349
16677,dynamic,-0.9059,2.3684,6.2697,41.59,2.115,1.3088,4.2656,4.4618,1.2083,4.2951,0.000,1,SEARCH,0.0000,0.0000,0.0000,0.0344
16776,dynamic,-0.9092,2.3626,6.2817,40.47,2.112,0.9626,3.9692,4.0843,0.9181,3.9798,0.000,1,SEARCH,0.0000,0.0000,0.0000,0.0335
16876,dynamic,-0.9128,2.3585,0.0068,39.79,2.110,0.5571,3.6429,3.6853,0.5568,3.6430,0.000,1,SEARCH,0.0000,0.0000,0.0000,0.0331
16976,dynamic,-0.9162,2.3564,0.0192,38.84,2.108,0.3731,3.4848,3.5047,0.4036,3.4814,0.000,1,SEARCH,0.0000,0.0000,0.0000,0.0323
17076,dynamic,-0.9205,2.3559,0.0295,39.30,2.102,0.1893,3.3266,3.3319,0.2599,3.3218,0.000,1,SEARCH,0.0000,0.0000,0.0000,0.0305
17176,dynamic,-0.9264,2.3567,0.0412,39.30,2.097,0.1893,3.3266,3.3319,0.2942,3.3189,0.000,1,SEARCH,0.0000,0.0000,0.0000,0.0290
17276,dynamic,-0.9325,2.3582,0.0500,39.38,2.090,-0.1319,3.1521,3.1548,0.0043,3.1548,0.000,1,SEARCH,0.0000,0.0000,0.0000,0.0271
17376,dynamic,-0.9399,2.3584,0.0539,39.78,2.084,-0.2394,3.1149,3.1241,-0.0800,3.1231,0.000,1,SEARCH,0.0000,0.0000,0.0000,0.0253
17476,dynamic,-0.9459,2.3585,0.0565,39.29,2.080,-0.2085,3.1603,3.1671,-0.0401,3.1669,0.000,1,SEARCH,0.0000,0.0000,0.0000,0.0240
17577,dynamic,-0.9512,2.3557,0.0561,39.76,2.076,-0.1846,3.1882,3.1936,-0.0027,3.1936,0.000,1,SEARCH,0.0000,0.0000,0.0000,0.0227
17676,dynamic,-0.9574,2.3547,0.0580,39.64,2.072,-0.1310,3.2972,3.2998,0.0572,3.2993,0.000,1,SEARCH,0.0000,0.0000,0.0000,0.0215
17777,dynamic,-0.9644,2.3523,0.0533,39.98,2.067,-0.1864,3.3433,3.3485,0.0050,3.3485,0.000,1,SEARCH,0.0000,0.0000,0.0000,0.0202
17876,dynamic,-0.9702,2.3504,0.0440,39.98,2.063,-0.1864,3.3433,3.3485,-0.0054,3.3485,0.000,1,SEARCH,0.0000,0.0000,0.0000,0.0188
17976,dynamic,-0.9761,2.3504,0.0293,40.87,2.057,-0.3150,3.4125,3.4270,-0.1747,3.4226,0.000,1,SEARCH,0.0000,0.0000,0.0000,0.0170
18076,dynamic,-0.9821,2.3509,0.0095,44.12,2.050,-0.4514,3.3734,3.4035,-0.3640,3.3839,0.000,1,SEARCH,0.0000,0.0000,0.0000,0.0151
18176,dynamic,-0.9875,2.3541,6.2780,45.22,2.047,-0.5351,3.3373,3.3800,-0.5134,3.3408,0.000,1,SEARCH,0.0000,0.0000,0.0000,0.0142
18276,dynamic,-0.9935,2.3597,6.2651,46.61,2.046,-0.6619,3.2871,3.3531,-0.6932,3.2807,0.000,1,SEARCH,0.0000,0.0000,0.0000,0.0138
18376,dynamic,-1.0012,2.3664,6.2577,46.61,2.044,-0.6619,3.2871,3.3531,-0.7314,3.2724,0.000,1,SEARCH,0.0000,0.0000,0.0000,0.0131
18476,dynamic,-1.0085,2.3745,6.2566,48.64,2.039,-0.7119,3.1911,3.2695,-0.7924,3.1721,0.000,1,SEARCH,0.0000,0.0000,0.0000,0.0116
18576,dynamic,-1.0166,2.3839,6.2596,48.70,2.035,-0.7277,3.1455,3.2285,-0.8095,3.1254,0.000,1,SEARCH,0.0000,0.0000,0.0000,0.0104
18676,dynamic,-1.0236,2.3925,6.2634,48.39,2.031,-0.7689,3.0123,3.1089,-0.8362,2.9943,0.000,1,SEARCH,0.0000,0.0000,0.0000,0.0094
18776,dynamic,-1.0336,2.4050,6.2675,47.49,2.025,-0.8160,2.8804,2.9937,-0.8690,2.8648,0.000,1,SEARCH,0.0000,0.0000,0.0000,0.0074
18876,dynamic,-1.0424,2.4139,6.2768,48.45,2.017,-0.8550,2.7806,2.9091,-0.8944,2.7682,0.000,1,SEARCH,0.0000,0.0000,0.0000,0.0052
18976,dynamic,-1.0560,2.4213,0.0034,48.45,1.999,-0.8550,2.7806,2.9091,-0.8695,2.7761,0.000,1,SEARCH,0.0000,0.0000,0.0000,-0.0004
19076,dynamic,-1.0707,2.4258,0.0113,46.00,1.990,-0.9125,2.5391,2.6981,-0.9017,2.5430,0.000,1,SEARCH,0.0000,0.0000,0.0000,-0.0031
19176,dynamic,-1.0841,2.4267,0.0229,45.79,1.982,-1.0003,2.4234,2.6218,-0.9684,2.4364,0.000,1,SEARCH,0.0000,0.0000,0.0000,-0.0053
19276,dynamic,-1.0980,2.4232,0.0329,45.22,1.980,-0.9419,2.3938,2.5725,-0.8865,2.4149,0.000,1,SEARCH,0.0000,0.0000,0.0000,-0.0059
19376,dynamic,-1.1144,2.4172,0.0435,45.22,1.980,-0.9419,2.3938,2.5725,-0.8618,2.4238,0.000,1,SEARCH,0.0000,0.0000,0.0000,-0.0059
19476,dynamic,-1.1308,2.4098,0.0455,44.31,1.979,-0.8690,2.3736,2.5276,-0.7757,2.4057,0.000,1,SEARCH,0.0000,0.0000,0.0000,-0.0064
19576,dynamic,-1.1592,2.3952,0.0425,42.68,1.979,-0.9079,2.3414,2.5113,-0.8083,2.3777,0.000,1,SEARCH,0.0000,0.0000,0.0000,-0.0064
19676,dynamic,-1.1800,2.3835,0.0437,42.35,1.980,-0.8925,2.3773,2.5393,-0.7943,2.4119,0.000,1,SEARCH,0.0000,0.0000,0.0000,-0.0060
19778,dynamic,-1.2026,2.3673,0.0363,41.66,1.982,-0.7904,2.4556,2.5796,-0.6804,2.4883,0.000,1,SEARCH,0.0000,0.0000,0.0000,-0.0054
19876,dynamic,-1.2184,2.3528,0.0263,42.18,1.986,-0.6944,2.5586,2.6511,-0.6063,2.5809,0.000,1,SEARCH,0.0000,0.0000,0.0000,-0.0041
19976,dynamic,-1.2263,2.3392,0.0207,43.17,1.991,-0.6362,2.6208,2.6970,-0.5715,2.6357,0.000,1,SEARCH,0.0000,0.0000,0.0000,-0.0028
20081,dynamic,-1.2311,2.3270,0.0106,43.17,1.994,-0.6362,2.6208,2.6970,-0.5897,2.6317,0.000,1,SEARCH,0.0000,0.0000,0.0000,-0.0017
20176,dynamic,-1.2334,2.3170,0.0006,44.61,1.997,-0.4584,2.8874,2.9235,-0.4320,2.8914,0.000,1,SEARCH,0.0000,0.0000,0.0000,-0.0010
20280,dynamic,-1.2375,2.3094,6.2770,44.93,1.998,-0.2354,3.1098,3.1187,-0.2375,3.1096,0.000,1,SEARCH,0.0000,0.0000,0.0000,-0.0006
20376,dynamic,-1.2417,2.3046,6.2744,44.52,2.000,-0.2041,3.1795,3.1860,-0.2253,3.1781,0.000,1,SEARCH,0.0000,0.0000,0.0000,0.0001
20476,dynamic,-1.2451,2.3004,6.2757,44.88,2.003,-0.1048,3.3237,3.3254,-0.1345,3.3227,0.000,1,SEARCH,0.0000,0.0000,0.0000,0.0010
20576,dynamic,-1.2495,2.2980,6.2781,43.68,2.006,-0.1453,3.2741,3.2773,-0.1684,3.2730,0.000,1,SEARCH,0.0000,0.0000,0.0000,0.0019
20676,dynamic,-1.2532,2.2962,0.0016,43.68,2.006,-0.1453,3.2741,3.2773,-0.1601,3.2734,0.000,1,SEARCH,0.0000,0.0000,0.0000,0.0019
20776,dynamic,-1.2531,2.2948,0.0058,41.04,2.006,-0.1909,3.0044,3.0104,-0.1867,3.0047,0.000,1,SEARCH,0.0000,0.0000,0.0000,0.0019
20883,dynamic,-1.2522,2.2920,0.0084,41.04,2.008,-0.1909,3.0044,3.0104,-0.1665,3.0058,0.000,1,SEARCH,0.0000,0.0000,0.0000,0.0024
20980,dynamic,-1.2505,2.2919,0.0079,39.54,2.011,-0.2590,2.7703,2.7824,-0.2321,2.7727,0.000,1,SEARCH,0.0000,0.0000,0.0000,0.0034
21076,dynamic,-1.2475,2.2918,0.0031,38.00,2.014,-0.2265,2.6828,2.6923,-0.2043,2.6845,0.000,1,SEARCH,0.0000,0.0000,0.0000,0.0042
21177,dynamic,-1.2389,2.2906,6.2780,37.44,2.014,-0.2773,2.5523,2.5674,-0.2722,2.5529,0.000,1,SEARCH,0.0000,0.0000,0.0000,0.0043
21277,dynamic,-1.2324,2.2908,6.2674,37.44,2.009,-0.2773,2.5523,2.5674,-0.2906,2.5509,0.000,1,SEARCH,0.0000,0.0000,0.0000,0.0026
21378,dynamic,-1.2258,2.2920,6.2532,38.24,1.999,-0.1782,2.5138,2.5202,-0.2270,2.5099,0.000,1,SEARCH,0.0000,0.0000,0.0000,-0.0002
21482,dynamic,-1.2207,2.2943,6.2454,41.11,1.999,-0.2130,2.5330,2.5420,-0.2923,2.5251,0.000,1,SEARCH,0.0000,0.0000,0.0000,-0.0004
21576,dynamic,-1.2135,2.3003,6.2440,40.59,2.004,-0.2198,2.5445,2.5540,-0.3140,2.5346,0.000,1,SEARCH,0.0000,0.0000,0.0000,0.0012
21676,dynamic,-1.2069,2.3056,6.2451,40.59,2.009,-0.2198,2.5445,2.5540,-0.3211,2.5338,0.000,1,SEARCH,0.0000,0.0000,0.0000,0.0027
21776,dynamic,-1.1975,2.3130,6.2521,41.96,2.013,-0.3394,2.5057,2.5286,-0.4325,2.4913,0.000,1,SEARCH,0.0000,0.0000,0.0000,0.0040
21877,dynamic,-1.1906,2.3195,6.2580,40.61,2.018,-0.3084,2.4744,2.4935,-0.3817,2.4641,0.000,1,SEARCH,0.0000,0.0000,0.0000,0.0054
21976,dynamic,-1.1839,2.3257,6.2641,39.73,2.022,-0.2416,2.5141,2.5257,-0.3018,2.5076,0.000,1,SEARCH,0.0000,0.0000,0.0000,0.0065
22078,dynamic,-1.1788,2.3299,6.2713,39.73,2.023,-0.2416,2.5141,2.5257,-0.2852,2.5095,0.000,1,SEARCH,0.0000,0.0000,0.0000,0.0069
22180,dynamic,-1.1711,2.3332,6.2746,39.54,2.024,-0.2347,2.4194,2.4308,-0.2610,2.4167,0.000,1,SEARCH,0.0000,0.0000,0.0000,0.0071
22281,dynamic,-1.1638,2.3358,6.2784,38.36,2.026,-0.2321,2.4209,2.4320,-0.2498,2.4191,0.000,1,SEARCH,0.0000,0.0000,0.0000,0.0078
22382,dynamic,-1.1539,2.3381,6.2814,39.78,2.026,-0.2252,2.4234,2.4338,-0.2355,2.4224,0.000,1,SEARCH,0.0000,0.0000,0.0000,0.0078
22481,dynamic,-1.1439,2.3386,0.0004,39.43,2.025,-0.1705,2.4770,2.4829,-0.1728,2.4769,0.000,1,SEARCH,0.0000,0.0000,0.0000,0.0076
22576,dynamic,-1.1327,2.3383,0.0015,39.20,2.026,-0.1996,2.5197,2.5276,-0.1997,2.5197,0.000,1,SEARCH,0.0000,0.0000,0.0000,0.0077
22676,dynamic,-1.1201,2.3379,0.0042,40.01,2.026,-0.3509,2.4960,2.5205,-0.3437,2.4970,0.000,1,SEARCH,0.0000,0.0000,0.0000,0.0077
22776,dynamic,-1.1043,2.3360,0.0089,40.01,2.023,-0.3509,2.4960,2.5205,-0.3332,2.4984,0.000,1,SEARCH,0.0000,0.0000,0.0000,0.0070
22876,dynamic,-1.0926,2.3318,0.0098,40.90,2.022,-0.3988,2.5411,2.5722,-0.3746,2.5448,0.000,1,SEARCH,0.0000,0.0000,0.0000,0.0066
22976,dynamic,-1.0806,2.3260,0.0099,41.80,2.022,-0.5489,2.5316,2.5904,-0.5246,2.5368,0.000,1,SEARCH,0.0000,0.0000,0.0000,0.0066
23076,dynamic,-1.0702,2.3206,0.0131,41.80,2.021,-0.5489,2.5316,2.5904,-0.5239,2.5369,0.000,1,SEARCH,0.0000,0.0000,0.0000,0.0064
23176,dynamic,-1.0598,2.3144,0.0145,41.80,2.012,-0.5489,2.5316,2.5904,-0.5198,2.5377,0.000,1,SEARCH,0.0000,0.0000,0.0000,0.0036
23278,dynamic,-1.0501,2.3074,0.0146,41.80,2.004,-0.5489,2.5316,2.5904,-0.5108,2.5396,0.000,1,SEARCH,0.0000,0.0000,0.0000,0.0011
23376,dynamic,-1.0399,2.2967,0.0146,42.43,1.995,-0.4453,2.7814,2.8169,-0.4067,2.7873,0.000,1,SEARCH,0.0000,0.0000,0.0000,-0.0014
23479,dynamic,-1.0300,2.2862,0.0156,42.43,1.994,-0.4453,2.7814,2.8169,-0.4046,2.7877,0.000,1,SEARCH,0.0000,0.0000,0.0000,-0.0018
23576,dynamic,-1.0183,2.2763,0.0133,42.85,1.994,-0.4419,2.9119,2.9452,-0.3974,2.9183,0.000,1,SEARCH,0.0000,0.0000,0.0000,-0.0017
23676,dynamic,-1.0060,2.2668,0.0156,45.07,1.997,-0.4624,2.9991,3.0345,-0.4251,3.0046,0.000,1,SEARCH,0.0000,0.0000,0.0000,-0.0010
23776,dynamic,-0.9947,2.2545,0.0177,45.07,1.996,-0.4624,2.9991,3.0345,-0.4196,3.0054,0.000,1,SEARCH,0.0000,0.0000,0.0000,-0.0012
23879,dynamic,-0.9847,2.2411,0.0144,45.07,1.985,-0.4624,2.9991,3.0345,-0.4079,3.0070,0.000,1,SEARCH,0.0000,0.0000,0.0000,-0.0046
23977,dynamic,-0.9756,2.2272,0.0136,45.42,1.978,-0.4752,3.0594,3.0960,-0.4279,3.0663,0.000,1,SEARCH,0.0000,0.0000,0.0000,-0.0066
24078,dynamic,-0.9667,2.2131,0.0102,0.00,1.979,0.0000,0.0000,0.0000,0.0000,0.0000,0.000,0,SEARCH,0.0000,0.0000,0.0000,-0.0063
24176,dynamic,-0.9577,2.1967,0.0078,45.49,1.982,-0.3903,3.1259,3.1502,-0.3589,3.1297,0.000,1,SEARCH,0.0000,0.0000,0.0000,-0.0055
24278,dynamic,-0.9482,2.1789,0.0068,45.49,1.982,-0.3903,3.1259,3.1502,-0.3627,3.1292,0.000,1,SEARCH,0.0000,0.0000,0.0000,-0.0055
24376,dynamic,-0.9375,2.1624,0.0022,43.95,1.974,-0.5787,3.0043,3.0595,-0.5612,3.0076,0.000,1,SEARCH,0.0000,0.0000,0.0000,-0.0078
24478,dynamic,-0.9285,2.1461,0.0018,43.95,1.968,-0.5787,3.0043,3.0595,-0.5776,3.0045,0.000,1,SEARCH,0.0000,0.0000,0.0000,-0.0097
24576,dynamic,-0.9187,2.1316,0.0001,41.58,1.961,-0.5734,2.9161,2.9720,-0.5685,2.9171,0.000,1,SEARCH,0.0000,0.0000,0.0000,-0.0118
24678,dynamic,-0.9106,2.1167,6.2815,41.58,1.951,-0.5734,2.9161,2.9720,-0.5771,2.9154,0.000,1,SEARCH,0.0000,0.0000,0.0000,-0.0147
24776,dynamic,-0.9021,2.1022,6.2799,42.72,1.933,-0.6329,2.8243,2.8944,-0.6376,2.8233,0.000,1,SEARCH,0.0000,0.0000,0.0000,-0.0200
24879,dynamic,-0.8939,2.0885,6.2765,42.72,1.918,-0.6329,2.8243,2.8944,-0.6413,2.8224,0.000,1,SEARCH,0.0000,0.0000,0.0000,-0.0247
24986,dynamic,-0.8833,2.0744,6.2748,41.70,1.906,-0.4804,2.8486,2.8888,-0.4989,2.8454,0.000,1,SEARCH,0.0000,0.0000,0.0000,-0.0283
25077,dynamic,-0.8725,2.0605,6.2736,43.22,1.888,-0.6235,2.8029,2.8714,-0.6469,2.7976,0.000,1,SEARCH,0.0000,0.0000,0.0000,-0.0337
25178,dynamic,-0.8632,2.0481,6.2745,42.36,1.875,-0.4709,2.8688,2.9072,-0.5010,2.8637,0.000,1,SEARCH,0.0000,0.0000,0.0000,-0.0376
25276,dynamic,-0.8540,2.0359,6.2796,42.31,1.858,-0.4019,2.9217,2.9492,-0.4231,2.9187,0.000,1,SEARCH,0.0000,0.0000,0.0000,-0.0426
25381,dynamic,-0.8451,2.0239,6.2827,42.31,1.851,-0.4019,2.9217,2.9492,-0.4112,2.9204,0.000,1,SEARCH,0.0000,0.0000,0.0000,-0.0447
25481,dynamic,-0.8368,2.0131,0.0039,42.30,1.850,-0.4593,2.8629,2.8995,-0.4593,2.8629,0.000,1,SEARCH,0.0000,0.0000,0.0000,-0.0449
25585,dynamic,-0.8313,1.9992,0.0053,42.86,1.847,-0.4641,2.8367,2.8744,-0.4505,2.8389,0.000,1,SEARCH,0.0000,0.0000,0.0000,-0.0460
25676,dynamic,-0.8246,1.9826,0.0114,42.27,1.839,-0.6182,2.7537,2.8223,-0.5933,2.7592,0.000,1,SEARCH,0.0000,0.0000,0.0000,-0.0483
25776,dynamic,-0.8181,1.9667,0.0159,41.52,1.829,-0.5621,2.7715,2.8279,-0.5325,2.7773,0.000,1,SEARCH,0.0000,0.0000,0.0000,-0.0514
25876,dynamic,-0.8119,1.9503,0.0180,41.52,1.818,-0.5621,2.7715,2.8279,-0.5144,2.7807,0.000,1,SEARCH,0.0000,0.0000,0.0000,-0.0547
25976,dynamic,-0.8058,1.9346,0.0148,41.52,1.812,-0.5621,2.7715,2.8279,-0.5102,2.7815,0.000,1,SEARCH,0.0000,0.0000,0.0000,-0.0564
26076,dynamic,-0.7990,1.9198,0.0163,41.52,1.808,-0.5621,2.7715,2.8279,-0.5173,2.7802,0.000,1,SEARCH,0.0000,0.0000,0.0000,-0.0577
26176,dynamic,-0.7906,1.9050,0.0175,41.52,1.798,-0.5621,2.7715,2.8279,-0.5156,2.7805,0.000,1,SEARCH,0.0000,0.0000,0.0000,-0.0605
26276,dynamic,-0.7780,1.8907,0.0173,41.52,1.790,-0.5621,2.7715,2.8279,-0.5113,2.7813,0.000,1,SEARCH,0.0000,0.0000,0.0000,-0.0629
26376,dynamic,-0.7650,1.8761,0.0169,41.52,1.787,-0.5621,2.7715,2.8279,-0.5130,2.7810,0.000,1,SEARCH,0.0000,0.0000,0.0000,-0.0640
26478,dynamic,-0.7513,1.8614,0.0159,41.52,1.791,-0.5621,2.7715,2.8279,-0.5185,2.7800,0.000,1,SEARCH,0.0000,0.0000,0.0000,-0.0626
26576,dynamic,-0.7393,1.8437,0.0116,42.62,1.796,-0.5505,2.7599,2.8143,-0.5122,2.7673,0.000,1,SEARCH,0.0000,0.0000,0.0000,-0.0612
26676,dynamic,-0.7265,1.8260,0.0128,42.62,1.792,-0.5505,2.7599,2.8143,-0.5173,2.7663,0.000,1,SEARCH,0.0000,0.0000,0.0000,-0.0624
26778,dynamic,-0.7169,1.8070,0.0168,42.62,1.780,-0.5505,2.7599,2.8143,-0.5067,2.7683,0.000,1,SEARCH,0.0000,0.0000,0.0000,-0.0660
26879,dynamic,-0.7064,1.7869,0.0151,47.47,1.762,-0.6883,2.6717,2.7589,-0.6422,2.6831,0.000,1,SEARCH,0.0000,0.0000,0.0000,-0.0714
26977,dynamic,-0.6998,1.7716,0.0148,47.91,1.762,-0.6417,2.7688,2.8422,-0.5973,2.7787,0.000,1,SEARCH,0.0000,0.0000,0.0000,-0.0713
27081,dynamic,-0.6872,1.7482,0.0146,47.91,1.773,-0.6417,2.7688,2.8422,-0.5984,2.7785,0.000,1,SEARCH,0.0000,0.0000,0.0000,-0.0680
27176,dynamic,-0.6775,1.7296,0.0126,50.39,1.768,-0.7123,2.7373,2.8285,-0.6763,2.7465,0.000,1,SEARCH,0.0000,0.0000,0.0000,-0.0695
27279,dynamic,-0.6655,1.7116,0.0112,50.39,1.757,-0.7123,2.7373,2.8285,-0.6779,2.7461,0.000,1,SEARCH,0.0000,0.0000,0.0000,-0.0730
27380,dynamic,-0.6523,1.6928,0.0083,52.14,1.746,-0.6494,2.8509,2.9240,-0.6180,2.8579,0.000,1,SEARCH,0.0000,0.0000,0.0000,-0.0763
27479,dynamic,-0.6368,1.6744,0.0041,51.98,1.741,-0.6940,2.8696,2.9524,-0.6711,2.8751,0.000,1,SEARCH,0.0000,0.0000,0.0000,-0.0778
27579,dynamic,-0.6260,1.6583,0.0039,52.67,1.745,-0.7119,2.9079,2.9938,-0.6969,2.9115,0.000,1,SEARCH,0.0000,0.0000,0.0000,-0.0764
27676,dynamic,-0.6138,1.6414,0.0030,53.22,1.745,-0.5509,3.0378,3.0874,-0.5390,3.0399,0.000,1,SEARCH,0.0000,0.0000,0.0000,-0.0766
27781,dynamic,-0.6039,1.6262,0.0059,53.22,1.747,-0.5509,3.0378,3.0874,-0.5376,3.0402,0.000,1,SEARCH,0.0000,0.0000,0.0000,-0.0759
27876,dynamic,-0.5940,1.6111,0.0082,56.05,1.747,-0.7413,2.9770,3.0679,-0.7240,2.9813,0.000,1,SEARCH,0.0000,0.0000,0.0000,-0.0759
27982,dynamic,-0.5884,1.5980,0.0079,56.05,1.753,-0.7413,2.9770,3.0679,-0.7186,2.9826,0.000,1,SEARCH,0.0000,0.0000,0.0000,-0.0741
28076,dynamic,-0.5822,1.5863,0.0062,54.61,1.755,-0.6825,3.0231,3.0992,-0.6602,3.0281,0.000,1,SEARCH,0.0000,0.0000,0.0000,-0.0734
28188,dynamic,-0.5746,1.5716,0.0063,54.61,1.759,-0.6825,3.0231,3.0992,-0.6702,3.0259,0.000,1,SEARCH,0.0000,0.0000,0.0000,-0.0724
28282,dynamic,-0.5682,1.5593,0.0096,51.35,1.765,-0.5060,2.9900,3.0325,-0.4844,2.9936,0.000,1,SEARCH,0.0000,0.0000,0.0000,-0.0704
28376,dynamic,-0.5571,1.5470,0.0104,48.21,1.770,-0.5613,2.8445,2.8994,-0.5325,2.8501,0.000,1,SEARCH,0.0000,0.0000,0.0000,-0.0690
28476,dynamic,-0.5441,1.5350,0.0106,48.21,1.776,-0.5613,2.8445,2.8994,-0.5340,2.8498,0.000,1,SEARCH,0.0000,0.0000,0.0000,-0.0672
28577,dynamic,-0.5335,1.5258,0.0074,41.70,1.778,-0.7174,2.6030,2.7001,-0.6937,2.6095,0.000,1,SEARCH,0.0000,0.0000,0.0000,-0.0665
28676,dynamic,-0.5194,1.5139,0.0043,41.45,1.780,-0.7076,2.5904,2.6853,-0.6917,2.5947,0.000,1,SEARCH,0.0000,0.0000,0.0000,-0.0661
28777,dynamic,-0.5022,1.5032,0.0045,38.58,1.782,-0.7216,2.5687,2.6681,-0.7104,2.5718,0.000,1,SEARCH,0.0000,0.0000,0.0000,-0.0653
28876,dynamic,-0.4866,1.4906,0.0002,38.98,1.789,-0.7858,2.5162,2.6360,-0.7782,2.5185,0.000,1,SEARCH,0.0000,0.0000,0.0000,-0.0632
28979,dynamic,-0.4704,1.4805,6.2818,38.98,1.797,-0.7858,2.5162,2.6360,-0.7809,2.5177,0.000,1,SEARCH,0.0000,0.0000,0.0000,-0.0609
29080,dynamic,-0.4558,1.4707,6.2797,39.30,1.805,-0.9489,2.3776,2.5599,-0.9553,2.3750,0.000,1,SEARCH,0.0000,0.0000,0.0000,-0.0585
29177,dynamic,-0.4341,1.4573,6.2785,40.02,1.808,-0.9809,2.3511,2.5475,-0.9950,2.3452,0.000,1,SEARCH,0.0000,0.0000,0.0000,-0.0576
29276,dynamic,-0.4149,1.4444,6.2786,39.02,1.810,-1.0369,2.3103,2.5323,-1.0472,2.3057,0.000,1,SEARCH,0.0000,0.0000,0.0000,-0.0569
29378,dynamic,-0.3924,1.4349,6.2796,39.02,1.813,-1.0369,2.3103,2.5323,-1.0440,2.3071,0.000,1,SEARCH,0.0000,0.0000,0.0000,-0.0562
29476,dynamic,-0.3689,1.4258,6.2818,39.26,1.814,-1.0543,2.2363,2.4723,-1.0588,2.2341,0.000,1,SEARCH,0.0000,0.0000,0.0000,-0.0559
29580,dynamic,-0.3418,1.4167,0.0019,39.26,1.814,-1.0543,2.2363,2.4723,-1.0562,2.2353,0.000,1,SEARCH,0.0000,0.0000,0.0000,-0.0557
29676,dynamic,-0.3148,1.4068,0.0066,41.15,1.824,-1.1084,2.1918,2.4561,-1.1067,2.1927,0.000,1,SEARCH,0.0000,0.0000,0.0000,-0.0528
29776,dynamic,-0.2859,1.3964,0.0109,41.15,1.834,-1.1084,2.1918,2.4561,-1.0916,2.2002,0.000,1,SEARCH,0.0000,0.0000,0.0000,-0.0498
29876,dynamic,-0.2572,1.3843,0.0138,39.78,1.824,-1.2577,2.0748,2.4262,-1.2348,2.0885,0.000,1,SEARCH,0.0000,0.0000,0.0000,-0.0529
29976,dynamic,-0.2270,1.3748,0.0134,40.63,1.826,-1.3086,2.0259,2.4118,-1.2806,2.0437,0.000,1,SEARCH,0.0000,0.0000,0.0000,-0.0522
30076,dynamic,-0.1968,1.3641,0.0123,39.66,1.831,-1.3194,2.0367,2.4268,-1.2905,2.0552,0.000,1,SEARCH,0.0000,0.0000,0.0000,-0.0507
30176,dynamic,-0.1677,1.3563,0.0137,38.79,1.824,-1.3452,2.0693,2.4681,-1.3171,2.0873,0.000,1,SEARCH,0.0000,0.0000,0.0000,-0.0528
30276,dynamic,-0.1464,1.3496,0.0142,40.45,1.823,-1.4080,2.0595,2.4948,-1.3804,2.0781,0.000,1,SEARCH,0.0000,0.0000,0.0000,-0.0531
30376,dynamic,-0.1163,1.3419,0.0083,40.64,1.823,-1.3380,2.1222,2.5088,-1.3150,2.1365,0.000,1,SEARCH,0.0000,0.0000,0.0000,-0.0532
30476,dynamic,-0.0928,1.3379,0.0068,40.87,1.819,-1.2095,2.2260,2.5334,-1.1903,2.2364,0.000,1,SEARCH,0.0000,0.0000,0.0000,-0.0543
30576,dynamic,-0.0675,1.3360,0.0019,42.33,1.814,-1.2302,2.2653,2.5778,-1.2218,2.2698,0.000,1,SEARCH,0.0000,0.0000,0.0000,-0.0558
30676,dynamic,-0.0477,1.3324,6.2810,44.13,1.809,-1.1318,2.3554,2.6132,-1.1288,2.3569,0.000,1,SEARCH,0.0000,0.0000,0.0000,-0.0574
30777,dynamic,-0.0200,1.3319,6.2761,44.13,1.814,-1.1318,2.3554,2.6132,-1.1404,2.3513,0.000,1,SEARCH,0.0000,0.0000,0.0000,-0.0557
30876,dynamic,0.0044,1.3304,6.2746,46.95,1.823,-0.9009,2.5858,2.7383,-0.9208,2.5788,0.000,1,SEARCH,0.0000,0.0000,0.0000,-0.0531
30977,dynamic,0.0322,1.3300,6.2783,47.66,1.827,-0.8628,2.6716,2.8075,-0.8811,2.6657,0.000,1,SEARCH,0.0000,0.0000,0.0000,-0.0518
31076,dynamic,0.0584,1.3273,6.2796,47.64,1.836,-0.8286,2.7082,2.8321,-0.8419,2.7041,0.000,1,SEARCH,0.0000,0.0000,0.0000,-0.0491
31176,dynamic,0.0822,1.3260,6.2783,49.01,1.836,-0.8940,2.6914,2.8360,-0.9026,2.6885,0.000,1,SEARCH,0.0000,0.0000,0.0000,-0.0492
31276,dynamic,0.1070,1.3233,6.2799,49.60,1.838,-0.8421,2.7724,2.8975,-0.8543,2.7687,0.000,1,SEARCH,0.0000,0.0000,0.0000,-0.0485
31376,dynamic,0.1346,1.3219,6.2781,48.89,1.847,-0.8008,2.8071,2.9191,-0.8105,2.8043,0.000,1,SEARCH,0.0000,0.0000,0.0000,-0.0458
31481,dynamic,0.1608,1.3201,6.2728,48.56,1.858,-0.7714,2.8133,2.9171,-0.7888,2.8085,0.000,1,SEARCH,0.0000,0.0000,0.0000,-0.0427
31576,dynamic,0.1878,1.3212,6.2681,48.93,1.869,-0.7771,2.8024,2.9081,-0.8075,2.7938,0.000,1,SEARCH,0.0000,0.0000,0.0000,-0.0393
31676,dynamic,0.2137,1.3217,6.2640,49.41,1.883,-0.6814,2.9213,2.9997,-0.7276,2.9101,0.000,1,SEARCH,0.0000,0.0000,0.0000,-0.0350
31776,dynamic,0.2419,1.3241,6.2608,50.57,1.898,-0.7468,2.9012,2.9958,-0.8004,2.8869,0.000,1,SEARCH,0.0000,0.0000,0.0000,-0.0307
31877,dynamic,0.2702,1.3236,6.2577,51.48,1.912,-0.8167,2.8791,2.9927,-0.8796,2.8605,0.000,1,SEARCH,0.0000,0.0000,0.0000,-0.0265
31976,dynamic,0.2981,1.3233,6.2510,52.09,1.910,-0.7812,2.9003,3.0037,-0.8585,2.8784,0.000,1,SEARCH,0.0000,0.0000,0.0000,-0.0271
32076,dynamic,0.3249,1.3203,6.2518,52.49,1.904,-0.8046,2.8875,2.9975,-0.8939,2.8611,0.000,1,SEARCH,0.0000,0.0000,0.0000,-0.0289
32176,dynamic,0.3504,1.3179,6.2508,51.71,1.891,-0.9115,2.8253,2.9687,-1.0003,2.7951,0.000,1,SEARCH,0.0000,0.0000,0.0000,-0.0327
32276,dynamic,0.3688,1.3157,6.2508,51.26,1.890,-0.7435,2.8994,2.9933,-0.8384,2.8734,0.000,1,SEARCH,0.0000,0.0000,0.0000,-0.0329
32377,dynamic,0.3922,1.3159,6.2508,52.19,1.884,-0.7682,2.8609,2.9622,-0.8637,2.8335,0.000,1,SEARCH,0.0000,0.0000,0.0000,-0.0349
32479,dynamic,0.4148,1.3168,6.2536,52.98,1.888,-0.8277,2.7948,2.9148,-0.9156,2.7673,0.000,1,SEARCH,0.0000,0.0000,0.0000,-0.0337
32576,dynamic,0.4317,1.3182,6.2571,52.58,1.892,-0.7848,2.7973,2.9053,-0.8642,2.7738,0.000,1,SEARCH,0.0000,0.0000,0.0000,-0.0325
32676,dynamic,0.4559,1.3201,6.2637,50.77,1.887,-0.7425,2.8386,2.9341,-0.8083,2.8205,0.000,1,SEARCH,0.0000,0.0000,0.0000,-0.0340
32776,dynamic,0.4798,1.3230,6.2688,50.48,1.887,-0.7368,2.8424,2.9363,-0.7895,2.8282,0.000,1,SEARCH,0.0000,0.0000,0.0000,-0.0338
32876,dynamic,0.5006,1.3254,6.2722,50.24,1.894,-0.5674,2.9535,3.0075,-0.6068,2.9456,0.000,1,SEARCH,0.0000,0.0000,0.0000,-0.0319
32977,dynamic,0.5182,1.3288,6.2793,50.24,1.899,-0.5674,2.9535,3.0075,-0.5964,2.9477,0.000,1,SEARCH,0.0000,0.0000,0.0000,-0.0302
33076,dynamic,0.5314,1.3301,6.2830,49.61,1.901,-0.4854,2.9844,3.0236,-0.4958,2.9827,0.000,1,SEARCH,0.0000,0.0000,0.0000,-0.0296
33176,dynamic,0.5555,1.3299,0.0052,48.67,1.910,-0.5237,2.9780,3.0237,-0.5129,2.9799,0.000,1,SEARCH,0.0000,0.0000,0.0000,-0.0270
33281,dynamic,0.5741,1.3282,0.0081,46.72,1.912,-0.4971,3.0090,3.0497,-0.4798,3.0118,0.000,1,SEARCH,0.0000,0.0000,0.0000,-0.0264
33377,dynamic,0.5901,1.3278,0.0140,46.58,1.918,-0.5002,3.0196,3.0607,-0.4729,3.0240,0.000,1,SEARCH,0.0000,0.0000,0.0000,-0.0245
33481,dynamic,0.6052,1.3274,0.0163,45.78,1.920,-0.4820,3.0622,3.0999,-0.4372,3.0689,0.000,1,SEARCH,0.0000,0.0000,0.0000,-0.0241
33576,dynamic,0.6205,1.3257,0.0210,45.22,1.929,-0.2555,3.2411,3.2511,-0.1998,3.2450,0.000,1,SEARCH,0.0000,0.0000,0.0000,-0.0214
33677,dynamic,0.6355,1.3244,0.0206,44.43,1.936,-0.2214,3.1891,3.1968,-0.1520,3.1932,0.000,1,SEARCH,0.0000,0.0000,0.0000,-0.0191
33783,dynamic,0.6519,1.3218,0.0226,44.43,1.940,-0.2214,3.1891,3.1968,-0.1491,3.1933,0.000,1,SEARCH,0.0000,0.0000,0.0000,-0.0180
33884,dynamic,0.6672,1.3183,0.0196,44.45,1.945,-0.2833,3.0877,3.1007,-0.2138,3.0933,0.000,1,SEARCH,0.0000,0.0000,0.0000,-0.0164
33979,dynamic,0.6822,1.3136,0.0203,43.20,1.949,-0.3772,2.9739,2.9977,-0.3115,2.9815,0.000,1,SEARCH,0.0000,0.0000,0.0000,-0.0154
34077,dynamic,0.6971,1.3096,0.0186,0.00,1.952,0.0000,0.0000,0.0000,0.0000,0.0000,0.000,0,SEARCH,0.0000,0.0000,0.0000,-0.0143
34177,dynamic,0.7130,1.3013,0.0125,0.00,1.955,0.0000,0.0000,0.0000,0.0000,0.0000,0.000,0,SEARCH,0.0000,0.0000,0.0000,-0.0135
34276,dynamic,0.7286,1.2930,0.0045,0.00,1.951,0.0000,0.0000,0.0000,0.0000,0.0000,0.000,0,SEARCH,0.0000,0.0000,0.0000,-0.0147
34377,dynamic,0.7430,1.2847,6.2812,0.00,1.956,0.0000,0.0000,0.0000,0.0000,0.0000,0.000,0,SEARCH,0.0000,0.0000,0.0000,-0.0133
34478,dynamic,0.7571,1.2764,6.2777,0.00,1.961,0.0000,0.0000,0.0000,0.0000,0.0000,0.000,0,SEARCH,0.0000,0.0000,0.0000,-0.0116
34576,dynamic,0.7702,1.2670,6.2740,44.14,1.965,-0.8493,2.9020,3.0238,-0.8701,2.8959,0.000,1,SEARCH,0.0000,0.0000,0.0000,-0.0105
34676,dynamic,0.7829,1.2582,6.2721,45.47,1.963,-0.8922,2.8898,3.0244,-0.9180,2.8817,0.000,1,SEARCH,0.0000,0.0000,0.0000,-0.0110
34776,dynamic,0.7949,1.2464,6.2744,45.79,1.965,-0.9910,2.8524,3.0197,-1.0229,2.8412,0.000,1,SEARCH,0.0000,0.0000,0.0000,-0.0106
34880,dynamic,0.8041,1.2374,6.2727,45.79,1.963,-0.9910,2.8524,3.0197,-1.0150,2.8440,0.000,1,SEARCH,0.0000,0.0000,0.0000,-0.0110
34979,dynamic,0.8192,1.2213,6.2737,45.00,1.960,-1.1140,2.8228,3.0347,-1.1400,2.8124,0.000,1,SEARCH,0.0000,0.0000,0.0000,-0.0121
35076,dynamic,0.8321,1.2083,6.2744,44.74,1.962,-1.1310,2.7824,3.0035,-1.1577,2.7714,0.000,1,SEARCH,0.0000,0.0000,0.0000,-0.0115
35179,dynamic,0.8442,1.1920,6.2762,44.51,1.959,-1.1461,2.7229,2.9543,-1.1689,2.7132,0.000,1,SEARCH,0.0000,0.0000,0.0000,-0.0122
35276,dynamic,0.8573,1.1768,6.2780,43.39,1.963,-1.1661,2.7087,2.9490,-1.1826,2.7015,0.000,1,SEARCH,0.0000,0.0000,0.0000,-0.0110
35376,dynamic,0.8726,1.1586,6.2799,42.48,1.973,-1.2003,2.6312,2.8920,-1.2090,2.6272,0.000,1,SEARCH,0.0000,0.0000,0.0000,-0.0080
35480,dynamic,0.8888,1.1419,6.2829,39.80,1.974,-1.2594,2.5508,2.8447,-1.2614,2.5498,0.000,1,SEARCH,0.0000,0.0000,0.0000,-0.0078
35591,dynamic,0.9049,1.1245,6.2822,38.39,1.978,-1.3145,2.5115,2.8347,-1.3166,2.5104,0.000,1,SEARCH,0.0000,0.0000,0.0000,-0.0065
35676,dynamic,0.9193,1.1092,6.2816,38.19,1.983,-1.3071,2.5041,2.8247,-1.3141,2.5005,0.000,1,SEARCH,0.0000,0.0000,0.0000,-0.0051
35788,dynamic,0.9326,1.0909,6.2789,39.94,1.987,-1.2700,2.5506,2.8493,-1.2820,2.5445,0.000,1,SEARCH,0.0000,0.0000,0.0000,-0.0040
35881,dynamic,0.9470,1.0754,6.2789,40.30,1.987,-1.2373,2.6002,2.8796,-1.2456,2.5963,0.000,1,SEARCH,0.0000,0.0000,0.0000,-0.0038
35976,dynamic,0.9626,1.0577,6.2788,39.34,1.984,-1.0769,2.7380,2.9422,-1.0886,2.7334,0.000,1,SEARCH,0.0000,0.0000,0.0000,-0.0047
36080,dynamic,0.9780,1.0431,0.0002,39.34,1.984,-1.0769,2.7380,2.9422,-1.0914,2.7323,0.000,1,SEARCH,0.0000,0.0000,0.0000,-0.0047
36176,dynamic,0.9893,1.0266,0.0002,41.22,1.983,-0.9217,2.8224,2.9691,-0.9265,2.8208,0.000,1,SEARCH,0.0000,0.0000,0.0000,-0.0051
36280,dynamic,1.0012,1.0127,0.0033,40.85,1.984,-0.8482,2.8948,3.0165,-0.8454,2.8956,0.000,1,SEARCH,0.0000,0.0000,0.0000,-0.0047
36376,dynamic,1.0096,0.9941,0.0064,41.33,1.982,-0.7587,2.9326,3.0292,-0.7471,2.9356,0.000,1,SEARCH,0.0000,0.0000,0.0000,-0.0054
36476,dynamic,1.0176,0.9777,0.0046,41.33,1.984,-0.7587,2.9326,3.0292,-0.7452,2.9361,0.000,1,SEARCH,0.0000,0.0000,0.0000,-0.0047
36578,dynamic,1.0254,0.9586,0.0043,38.66,1.982,-0.7732,2.9012,3.0025,-0.7496,2.9074,0.000,1,SEARCH,0.0000,0.0000,0.0000,-0.0054
36688,dynamic,1.0339,0.9341,0.0065,37.95,1.984,-0.4822,3.1209,3.1579,-0.4544,3.1251,0.000,1,SEARCH,0.0000,0.0000,0.0000,-0.0048
36780,dynamic,1.0384,0.9096,0.0026,38.17,1.986,-0.4150,3.1911,3.2180,-0.3960,3.1935,0.000,1,SEARCH,0.0000,0.0000,0.0000,-0.0041
36880,dynamic,1.0453,0.8852,6.2790,38.24,1.987,-0.4064,3.3268,3.3515,-0.3957,3.3281,0.000,1,SEARCH,0.0000,0.0000,0.0000,-0.0038
36979,dynamic,1.0516,0.8607,6.2748,39.25,1.984,-0.3227,3.4441,3.4592,-0.3319,3.4432,0.000,1,SEARCH,0.0000,0.0000,0.0000,-0.0048
37086,dynamic,1.0577,0.8382,6.2689,40.18,1.974,-0.3235,3.5221,3.5369,-0.3529,3.5192,0.000,1,SEARCH,0.0000,0.0000,0.0000,-0.0077
37178,dynamic,1.0602,0.8157,6.2616,41.99,1.973,-0.2513,3.6451,3.6538,-0.3056,3.6410,0.000,1,SEARCH,0.0000,0.0000,0.0000,-0.0081
37284,dynamic,1.0642,0.7957,6.2553,43.74,1.975,-0.4167,3.6952,3.7187,-0.5045,3.6843,0.000,1,SEARCH,0.0000,0.0000,0.0000,-0.0076
37381,dynamic,1.0666,0.7753,6.2487,45.98,1.969,-0.4337,3.7676,3.7925,-0.5413,3.7537,0.000,1,SEARCH,0.0000,0.0000,0.0000,-0.0094
37476,dynamic,1.0701,0.7589,6.2459,45.79,1.967,-0.3529,3.8694,3.8854,-0.4928,3.8541,0.000,1,SEARCH,0.0000,0.0000,0.0000,-0.0098
37576,dynamic,1.0730,0.7388,6.2399,47.51,1.964,-0.4676,3.8487,3.8770,-0.6159,3.8277,0.000,1,SEARCH,0.0000,0.0000,0.0000,-0.0108
37682,dynamic,1.0765,0.7216,6.2400,47.51,1.972,-0.4676,3.8487,3.8770,-0.6326,3.8250,0.000,1,SEARCH,0.0000,0.0000,0.0000,-0.0085
37777,dynamic,1.0769,0.7019,6.2426,46.48,1.980,-0.7454,3.5809,3.6577,-0.9028,3.5445,0.000,1,SEARCH,0.0000,0.0000,0.0000,-0.0059
37879,dynamic,1.0775,0.6836,6.2460,44.22,1.989,-0.8379,3.4081,3.5096,-0.9796,3.3701,0.000,1,SEARCH,0.0000,0.0000,0.0000,-0.0033
37982,dynamic,1.0758,0.6660,6.2545,40.08,1.994,-0.9798,3.1439,3.2931,-1.0871,3.1085,0.000,1,SEARCH,0.0000,0.0000,0.0000,-0.0017
38087,dynamic,1.0744,0.6505,6.2602,30.27,1.998,-0.9752,2.9456,3.1028,-1.0547,2.9181,0.000,1,SEARCH,0.0000,0.0000,0.0000,-0.0006
38185,dynamic,1.0706,0.6333,6.2705,25.30,1.999,-0.9561,2.8248,2.9822,-1.0118,2.8053,0.000,1,SEARCH,0.0000,0.0000,0.0000,-0.0004
38281,dynamic,1.0693,0.6191,6.2797,24.54,2.003,-0.9591,2.7452,2.9080,-0.9915,2.7337,0.000,1,SEARCH,0.0000,0.0000,0.0000,0.0010
38378,dynamic,1.0681,0.6048,0.0024,17.20,2.004,-0.9796,2.3408,2.5375,-0.9837,2.3390,0.000,1,SEARCH,0.0000,0.0000,0.0000,0.0011
38478,dynamic,1.0682,0.5924,0.0053,18.41,2.007,-0.9821,2.0789,2.2992,-0.9758,2.0819,0.000,1,SEARCH,0.0000,0.0000,0.0000,0.0022
38577,dynamic,1.0705,0.5784,0.0110,22.86,2.011,-0.9694,1.8739,2.1098,-0.9581,1.8797,0.000,1,SEARCH,0.0000,0.0000,0.0000,0.0033
38677,dynamic,1.0732,0.5660,0.0141,22.86,2.016,-0.9694,1.8739,2.1098,-0.9471,1.8852,0.000,1,SEARCH,0.0000,0.0000,0.0000,0.0047
38777,dynamic,1.0729,0.5501,0.0177,24.46,2.021,-1.1082,1.6636,1.9989,-1.0843,1.6793,0.000,1,SEARCH,0.0000,0.0000,0.0000,0.0062
38879,dynamic,1.0724,0.5362,0.0154,26.12,2.021,-1.2351,1.6230,2.0395,-1.2090,1.6425,0.000,1,SEARCH,0.0000,0.0000,0.0000,0.0063
38980,dynamic,1.0699,0.5212,0.0143,28.06,2.021,-1.2023,1.6940,2.0773,-1.1784,1.7107,0.000,1,SEARCH,0.0000,0.0000,0.0000,0.0062
39079,dynamic,1.0679,0.5098,0.0110,29.98,2.020,-1.3304,1.7916,2.2316,-1.3081,1.8080,0.000,1,SEARCH,0.0000,0.0000,0.0000,0.0059
39186,dynamic,1.0612,0.4973,0.0119,32.75,2.016,-1.3076,1.9629,2.3585,-1.2850,1.9777,0.000,1,SEARCH,0.0000,0.0000,0.0000,0.0047
39280,dynamic,1.0562,0.4867,0.0094,36.49,2.012,-1.3308,2.0620,2.4541,-1.3084,2.0763,0.000,1,SEARCH,0.0000,0.0000,0.0000,0.0037
39376,dynamic,1.0464,0.4755,0.0081,39.53,2.000,-1.4170,2.1160,2.5466,-1.3980,2.1286,0.000,1,SEARCH,0.0000,0.0000,0.0000,0.0001
39484,dynamic,1.0351,0.4671,0.0096,39.53,1.991,-1.4170,2.1160,2.5466,-1.3994,2.1277,0.000,1,SEARCH,0.0000,0.0000,0.0000,-0.0026
39581,dynamic,1.0192,0.4559,0.0080,44.98,1.987,-1.3624,2.3381,2.7061,-1.3437,2.3489,0.000,1,SEARCH,0.0000,0.0000,0.0000,-0.0040
39679,dynamic,1.0055,0.4448,0.0053,46.90,1.986,-1.2718,2.4699,2.7781,-1.2541,2.4789,0.000,1,SEARCH,0.0000,0.0000,0.0000,-0.0042
39781,dynamic,0.9925,0.4322,0.0043,46.90,1.983,-1.2718,2.4699,2.7781,-1.2578,2.4771,0.000,1,SEARCH,0.0000,0.0000,0.0000,-0.0050
39887,dynamic,0.9822,0.4209,0.0054,49.88,1.981,-1.2259,2.5972,2.8720,-1.2116,2.6040,0.000,1,SEARCH,0.0000,0.0000,0.0000,-0.0056
39981,dynamic,0.9709,0.4104,0.0034,52.55,1.981,-1.2488,2.5804,2.8667,-1.2382,2.5855,0.000,1,SEARCH,0.0000,0.0000,0.0000,-0.0056
40080,dynamic,0.9611,0.4016,0.0033,53.69,1.982,-1.1929,2.6198,2.8786,-1.1807,2.6253,0.000,1,SEARCH,0.0000,0.0000,0.0000,-0.0055
40179,dynamic,0.9523,0.3935,0.0052,54.48,1.986,-1.1968,2.6294,2.8889,-1.1896,2.6326,0.000,1,SEARCH,0.0000,0.0000,0.0000,-0.0043
40279,dynamic,0.9460,0.3862,0.0034,54.97,1.990,-1.3216,2.6225,2.9367,-1.3083,2.6291,0.000,1,SEARCH,0.0000,0.0000,0.0000,-0.0030
40378,dynamic,0.9391,0.3783,6.2822,53.37,1.998,-1.2874,2.5633,2.8685,-1.2817,2.5662,0.000,1,SEARCH,0.0000,0.0000,0.0000,-0.0007
40487,dynamic,0.9354,0.3724,6.2829,53.37,2.005,-1.2874,2.5633,2.8685,-1.2853,2.5644,0.000,1,SEARCH,0.0000,0.0000,0.0000,0.0014
40578,dynamic,0.9338,0.3631,6.2801,47.24,2.011,-1.3484,2.3171,2.6808,-1.3491,2.3167,0.000,1,SEARCH,0.0000,0.0000,0.0000,0.0034
40679,dynamic,0.9347,0.3535,6.2800,41.38,2.020,-1.2790,2.1971,2.5423,-1.2860,2.1930,0.000,1,SEARCH,0.0000,0.0000,0.0000,0.0061
40779,dynamic,0.9366,0.3432,6.2797,39.48,2.024,-1.3248,2.0543,2.4444,-1.3287,2.0518,0.000,1,SEARCH,0.0000,0.0000,0.0000,0.0073
40878,dynamic,0.9409,0.3329,6.2762,34.20,2.027,-1.3622,1.9855,2.4078,-1.3685,1.9811,0.000,1,SEARCH,0.0000,0.0000,0.0000,0.0080
40983,dynamic,0.9429,0.3227,6.2773,31.90,2.032,-1.3169,1.9922,2.3881,-1.3315,1.9825,0.000,1,SEARCH,0.0000,0.0000,0.0000,0.0097
41085,dynamic,0.9437,0.3132,6.2765,0.00,2.036,0.0000,0.0000,0.0000,0.0000,0.0000,0.000,0,SEARCH,0.0000,0.0000,0.0000,0.0107
41179,dynamic,0.9384,0.3037,6.2760,0.00,2.039,0.0000,0.0000,0.0000,0.0000,0.0000,0.000,0,SEARCH,0.0000,0.0000,0.0000,0.0116
41280,dynamic,0.9343,0.2958,6.2771,0.00,2.040,0.0000,0.0000,0.0000,0.0000,0.0000,0.000,0,SEARCH,0.0000,0.0000,0.0000,0.0119
41383,dynamic,0.9283,0.2863,6.2738,0.00,2.041,0.0000,0.0000,0.0000,0.0000,0.0000,0.000,0,SEARCH,0.0000,0.0000,0.0000,0.0122
41482,dynamic,0.9228,0.2777,6.2729,0.00,2.046,0.0000,0.0000,0.0000,0.0000,0.0000,0.000,0,SEARCH,0.0000,0.0000,0.0000,0.0139
41578,dynamic,0.9144,0.2663,6.2721,0.00,2.051,0.0000,0.0000,0.0000,0.0000,0.0000,0.000,0,SEARCH,0.0000,0.0000,0.0000,0.0153
41686,dynamic,0.9086,0.2562,6.2727,0.00,2.053,0.0000,0.0000,0.0000,0.0000,0.0000,0.000,0,SEARCH,0.0000,0.0000,0.0000,0.0159
41777,dynamic,0.9037,0.2443,6.2748,0.00,2.054,0.0000,0.0000,0.0000,0.0000,0.0000,0.000,0,SEARCH,0.0000,0.0000,0.0000,0.0161
41882,dynamic,0.9017,0.2351,6.2795,0.00,2.056,0.0000,0.0000,0.0000,0.0000,0.0000,0.000,0,SEARCH,0.0000,0.0000,0.0000,0.0168
41979,dynamic,0.8957,0.2245,6.2806,34.84,2.055,-0.9985,2.1321,2.3544,-1.0060,2.1286,0.000,1,SEARCH,0.0000,0.0000,0.0000,0.0166
42081,dynamic,0.8918,0.2147,6.2802,39.10,2.056,-1.0079,2.1926,2.4132,-1.0127,2.1904,0.000,1,SEARCH,0.0000,0.0000,0.0000,0.0169
42179,dynamic,0.8861,0.2067,0.0010,38.92,2.058,-1.0376,2.1958,2.4286,-1.0410,2.1942,0.000,1,SEARCH,0.0000,0.0000,0.0000,0.0175
42278,dynamic,0.8816,0.1994,0.0050,42.12,2.062,-1.1523,2.2645,2.5409,-1.1495,2.2660,0.000,1,SEARCH,0.0000,0.0000,0.0000,0.0185
42378,dynamic,0.8736,0.1917,0.0072,42.55,2.064,-1.2169,2.2856,2.5894,-1.2032,2.2929,0.000,1,SEARCH,0.0000,0.0000,0.0000,0.0191
42477,dynamic,0.8673,0.1865,0.0068,42.93,2.069,-1.2911,2.3508,2.6820,-1.2733,2.3605,0.000,1,SEARCH,0.0000,0.0000,0.0000,0.0207
42577,dynamic,0.8561,0.1803,0.0101,46.71,2.077,-1.2671,2.4877,2.7918,-1.2456,2.4986,0.000,1,SEARCH,0.0000,0.0000,0.0000,0.0232
42681,dynamic,0.8497,0.1759,0.0126,46.71,2.084,-1.2671,2.4877,2.7918,-1.2386,2.5020,0.000,1,SEARCH,0.0000,0.0000,0.0000,0.0253
42779,dynamic,0.8379,0.1726,0.0148,49.29,2.091,-1.3353,2.6130,2.9345,-1.3020,2.6298,0.000,1,SEARCH,0.0000,0.0000,0.0000,0.0273
42885,dynamic,0.8274,0.1706,0.0124,50.46,2.091,-1.3065,2.7016,3.0010,-1.2661,2.7208,0.000,1,SEARCH,0.0000,0.0000,0.0000,0.0272
42981,dynamic,0.8165,0.1682,0.0105,50.74,2.086,-1.2854,2.7648,3.0490,-1.2524,2.7798,0.000,1,SEARCH,0.0000,0.0000,0.0000,0.0257
43077,dynamic,0.8077,0.1666,0.0050,49.99,2.084,-1.2448,2.7999,3.0641,-1.2148,2.8130,0.000,1,SEARCH,0.0000,0.0000,0.0000,0.0251
43177,dynamic,0.7996,0.1625,0.0030,49.99,2.081,-1.2448,2.7999,3.0641,-1.2284,2.8071,0.000,1,SEARCH,0.0000,0.0000,0.0000,0.0242
43281,dynamic,0.7970,0.1586,0.0025,47.34,2.080,-1.2726,2.6383,2.9292,-1.2666,2.6411,0.000,1,SEARCH,0.0000,0.0000,0.0000,0.0240
43377,dynamic,0.7940,0.1517,0.0015,47.34,2.073,-1.2726,2.6383,2.9292,-1.2662,2.6414,0.000,1,SEARCH,0.0000,0.0000,0.0000,0.0220
43480,dynamic,0.7931,0.1451,0.0022,47.34,2.072,-1.2726,2.6383,2.9292,-1.2660,2.6415,0.000,1,SEARCH,0.0000,0.0000,0.0000,0.0217
43578,dynamic,0.7911,0.1398,0.0004,43.14,2.072,-1.2253,2.3045,2.6100,-1.2234,2.3055,0.000,1,SEARCH,0.0000,0.0000,0.0000,0.0217
43681,dynamic,0.7921,0.1340,6.2809,42.67,2.073,-1.2893,2.1669,2.5214,-1.2935,2.1643,0.000,1,SEARCH,0.0000,0.0000,0.0000,0.0220
43778,dynamic,0.7896,0.1300,6.2818,41.87,2.077,-1.2898,2.1399,2.4986,-1.2896,2.1400,0.000,1,SEARCH,0.0000,0.0000,0.0000,0.0232
43884,dynamic,0.7899,0.1260,6.2792,41.19,2.081,-1.2922,2.1061,2.4709,-1.2962,2.1036,0.000,1,SEARCH,0.0000,0.0000,0.0000,0.0244
43981,dynamic,0.7861,0.1232,6.2818,39.74,2.087,-1.3650,2.0358,2.4511,-1.3735,2.0301,0.000,1,SEARCH,0.0000,0.0000,0.0000,0.0261
44082,dynamic,0.7851,0.1200,6.2820,40.15,2.090,-1.3060,2.0657,2.4439,-1.3139,2.0606,0.000,1,SEARCH,0.0000,0.0000,0.0000,0.0270
44180,dynamic,0.7823,0.1185,6.2829,39.49,2.088,-1.3498,2.0372,2.4438,-1.3510,2.0363,0.000,1,SEARCH,0.0000,0.0000,0.0000,0.0265
44277,dynamic,0.7816,0.1169,6.2828,39.17,2.079,-1.3679,1.9625,2.3922,-1.3676,1.9628,0.000,1,SEARCH,0.0000,0.0000,0.0000,0.0236
44386,dynamic,0.7755,0.1167,0.0023,39.17,2.071,-1.3679,1.9625,2.3922,-1.3640,1.9653,0.000,1,SEARCH,0.0000,0.0000,0.0000,0.0213
44484,dynamic,0.7693,0.1156,0.0015,38.36,2.066,-1.3118,1.8616,2.2774,-1.3080,1.8643,0.000,1,SEARCH,0.0000,0.0000,0.0000,0.0199
44578,dynamic,0.7604,0.1149,0.0032,35.91,2.065,-1.3603,1.7569,2.2219,-1.3572,1.7593,0.000,1,SEARCH,0.0000,0.0000,0.0000,0.0196
44682,dynamic,0.7536,0.1137,0.0043,35.91,2.066,-1.3603,1.7569,2.2219,-1.3556,1.7605,0.000,1,SEARCH,0.0000,0.0000,0.0000,0.0199
44778,dynamic,0.7444,0.1144,0.0033,35.60,2.069,-1.3042,1.7737,2.2016,-1.3006,1.7764,0.000,1,SEARCH,0.0000,0.0000,0.0000,0.0208
44879,dynamic,0.7377,0.1139,0.0008,34.80,2.070,-1.3632,1.7332,2.2051,-1.3586,1.7369,0.000,1,SEARCH,0.0000,0.0000,0.0000,0.0210
44979,dynamic,0.7310,0.1130,0.0005,35.70,2.072,-1.3760,1.7400,2.2183,-1.3741,1.7414,0.000,1,SEARCH,0.0000,0.0000,0.0000,0.0216
45083,dynamic,0.7269,0.1117,6.2832,37.21,2.073,-1.3837,1.7788,2.2536,-1.3829,1.7794,0.000,1,SEARCH,0.0000,0.0000,0.0000,0.0218
45180,dynamic,0.7255,0.1110,6.2827,36.76,2.077,-1.4083,1.7768,2.2672,-1.4091,1.7762,0.000,1,SEARCH,0.0000,0.0000,0.0000,0.0230
45284,dynamic,0.7258,0.1105,6.2812,38.71,2.076,-1.4194,1.8770,2.3532,-1.4236,1.8738,0.000,1,SEARCH,0.0000,0.0000,0.0000,0.0227
45378,dynamic,0.7258,0.1117,6.2807,39.84,2.078,-1.4312,1.9111,2.3875,-1.4335,1.9093,0.000,1,SEARCH,0.0000,0.0000,0.0000,0.0233
45479,dynamic,0.7264,0.1134,6.2823,42.77,2.076,-1.5572,1.8969,2.4542,-1.5620,1.8930,0.000,1,SEARCH,0.0000,0.0000,0.0000,0.0228
45576,dynamic,0.7253,0.1163,0.0000,42.98,2.073,-1.5867,1.8857,2.4644,-1.5893,1.8835,0.000,1,SEARCH,0.0000,0.0000,0.0000,0.0220
45681,dynamic,0.7260,0.1175,0.0018,42.98,2.074,-1.5867,1.8857,2.4644,-1.5858,1.8864,0.000,1,SEARCH,0.0000,0.0000,0.0000,0.0223
45779,dynamic,0.7281,0.1185,0.0009,45.21,2.076,-1.6178,1.9112,2.5040,-1.6125,1.9157,0.000,1,SEARCH,0.0000,0.0000,0.0000,0.0227
45878,dynamic,0.7326,0.1184,0.0027,46.99,2.079,-1.5901,1.9806,2.5400,-1.5859,1.9841,0.000,1,SEARCH,0.0000,0.0000,0.0000,0.0238
45985,dynamic,0.7369,0.1181,0.0016,46.99,2.081,-1.5901,1.9806,2.5400,-1.5849,1.9848,0.000,1,SEARCH,0.0000,0.0000,0.0000,0.0242
46077,dynamic,0.7448,0.1185,0.0037,46.28,2.082,-1.6556,1.9740,2.5764,-1.6537,1.9755,0.000,1,SEARCH,0.0000,0.0000,0.0000,0.0246
46177,dynamic,0.7503,0.1203,0.0029,45.15,2.082,-1.6983,1.9750,2.6047,-1.6908,1.9814,0.000,1,SEARCH,0.0000,0.0000,0.0000,0.0247
46279,dynamic,0.7548,0.1213,0.0033,42.93,2.083,-1.7087,1.9672,2.6056,-1.7019,1.9730,0.000,1,SEARCH,0.0000,0.0000,0.0000,0.0249
46384,dynamic,0.7582,0.1243,0.0033,42.93,2.082,-1.7087,1.9672,2.6056,-1.7045,1.9708,0.000,1,SEARCH,0.0000,0.0000,0.0000,0.0245
46477,dynamic,0.7600,0.1263,6.2815,43.00,2.083,-1.5773,2.0334,2.5735,-1.5751,2.0352,0.000,1,SEARCH,0.0000,0.0000,0.0000,0.0249
46578,dynamic,0.7602,0.1321,6.2819,44.15,2.086,-1.6189,2.0390,2.6035,-1.6216,2.0369,0.000,1,SEARCH,0.0000,0.0000,0.0000,0.0258
46677,dynamic,0.7620,0.1362,6.2813,44.15,2.086,-1.6189,2.0390,2.6035,-1.6245,2.0345,0.000,1,SEARCH,0.0000,0.0000,0.0000,0.0259
46777,dynamic,0.7626,0.1420,6.2791,44.15,2.082,-1.6189,2.0390,2.6035,-1.6221,2.0365,0.000,1,SEARCH,0.0000,0.0000,0.0000,0.0246
46883,dynamic,0.7656,0.1466,6.2803,43.70,2.080,-1.5858,2.0803,2.6158,-1.5938,2.0742,0.000,1,SEARCH,0.0000,0.0000,0.0000,0.0240
46980,dynamic,0.7682,0.1521,6.2815,43.43,2.075,-1.5317,2.1197,2.6151,-1.5365,2.1162,0.000,1,SEARCH,0.0000,0.0000,0.0000,0.0224
47088,dynamic,0.7707,0.1559,6.2785,41.42,2.070,-1.4182,2.2144,2.6296,-1.4242,2.2106,0.000,1,SEARCH,0.0000,0.0000,0.0000,0.0211
47176,dynamic,0.7731,0.1612,6.2806,41.60,2.068,-1.4274,2.2183,2.6379,-1.4380,2.2114,0.000,1,SEARCH,0.0000,0.0000,0.0000,0.0204
47277,dynamic,0.7762,0.1651,6.2769,41.60,2.067,-1.4274,2.2183,2.6379,-1.4347,2.2136,0.000,1,SEARCH,0.0000,0.0000,0.0000,0.0200
47385,dynamic,0.7736,0.1724,6.2773,40.72,2.067,-1.3768,2.3063,2.6860,-1.3884,2.2994,0.000,1,SEARCH,0.0000,0.0000,0.0000,0.0201
47477,dynamic,0.7720,0.1779,6.2735,41.17,2.069,-1.4007,2.3338,2.7219,-1.4175,2.3236,0.000,1,SEARCH,0.0000,0.0000,0.0000,0.0207
47577,dynamic,0.7679,0.1882,6.2751,39.83,2.070,-1.3584,2.3653,2.7277,-1.3774,2.3543,0.000,1,SEARCH,0.0000,0.0000,0.0000,0.0209
47680,dynamic,0.7657,0.1963,6.2789,39.90,2.066,-1.3891,2.3569,2.7357,-1.4052,2.3473,0.000,1,SEARCH,0.0000,0.0000,0.0000,0.0198
47778,dynamic,0.7633,0.2066,6.2814,39.03,2.060,-1.3728,2.3356,2.7091,-1.3839,2.3290,0.000,1,SEARCH,0.0000,0.0000,0.0000,0.0180
47878,dynamic,0.7623,0.2146,6.2811,38.36,2.053,-1.2127,2.3094,2.6084,-1.2222,2.3044,0.000,1,SEARCH,0.0000,0.0000,0.0000,0.0160
47980,dynamic,0.7591,0.2241,6.2801,38.36,2.049,-1.2127,2.3094,2.6084,-1.2208,2.3051,0.000,1,SEARCH,0.0000,0.0000,0.0000,0.0147
48080,dynamic,0.7564,0.2337,6.2802,38.97,2.050,-1.0343,2.3548,2.5719,-1.0405,2.3520,0.000,1,SEARCH,0.0000,0.0000,0.0000,0.0149
48184,dynamic,0.7536,0.2447,6.2796,38.12,2.046,-1.0360,2.3323,2.5520,-1.0440,2.3287,0.000,1,SEARCH,0.0000,0.0000,0.0000,0.0137
48278,dynamic,0.7530,0.2555,6.2828,39.06,2.038,-1.0933,2.2866,2.5345,-1.1021,2.2823,0.000,1,SEARCH,0.0000,0.0000,0.0000,0.0115
48378,dynamic,0.7488,0.2653,0.0005,39.06,2.029,-1.0933,2.2866,2.5345,-1.0923,2.2870,0.000,1,SEARCH,0.0000,0.0000,0.0000,0.0086
48480,dynamic,0.7461,0.2714,6.2826,38.10,2.020,-0.8474,2.4165,2.5608,-0.8479,2.4163,0.000,1,SEARCH,0.0000,0.0000,0.0000,0.0060
48582,dynamic,0.7380,0.2825,6.2800,38.10,2.014,-0.8474,2.4165,2.5608,-0.8474,2.4165,0.000,1,SEARCH,0.0000,0.0000,0.0000,0.0043
48677,dynamic,0.7313,0.2911,6.2799,37.63,2.015,-0.7629,2.4844,2.5989,-0.7711,2.4819,0.000,1,SEARCH,0.0000,0.0000,0.0000,0.0044
48778,dynamic,0.7213,0.3017,6.2771,37.63,2.017,-0.7629,2.4844,2.5989,-0.7765,2.4802,0.000,1,SEARCH,0.0000,0.0000,0.0000,0.0050
48877,dynamic,0.7132,0.3102,6.2753,39.40,2.019,-0.5977,2.6304,2.6974,-0.6177,2.6258,0.000,1,SEARCH,0.0000,0.0000,0.0000,0.0056
48980,dynamic,0.7056,0.3198,6.2729,39.38,2.018,-0.5104,2.6743,2.7225,-0.5311,2.6702,0.000,1,SEARCH,0.0000,0.0000,0.0000,0.0054
49081,dynamic,0.6995,0.3297,6.2710,39.42,2.018,-0.5452,2.6530,2.7085,-0.5732,2.6471,0.000,1,SEARCH,0.0000,0.0000,0.0000,0.0054
49180,dynamic,0.6927,0.3391,6.2716,40.10,2.009,-0.5752,2.5840,2.6473,-0.6015,2.5780,0.000,1,SEARCH,0.0000,0.0000,0.0000,0.0026
49279,dynamic,0.6872,0.3476,6.2688,40.58,2.004,-0.5919,2.5374,2.6055,-0.6212,2.5303,0.000,1,SEARCH,0.0000,0.0000,0.0000,0.0012
49379,dynamic,0.6836,0.3572,6.2708,42.00,1.996,-0.6565,2.4437,2.5303,-0.6918,2.4339,0.000,1,SEARCH,0.0000,0.0000,0.0000,-0.0012
49482,dynamic,0.6830,0.3649,6.2719,41.83,1.991,-0.7381,2.3540,2.4670,-0.7715,2.3433,0.000,1,SEARCH,0.0000,0.0000,0.0000,-0.0028
49585,dynamic,0.6816,0.3718,6.2727,41.73,1.987,-0.8344,2.2593,2.4085,-0.8611,2.2493,0.000,1,SEARCH,0.0000,0.0000,0.0000,-0.0038
49679,dynamic,0.6811,0.3766,6.2762,42.18,1.986,-1.1771,2.0389,2.3543,-1.1960,2.0278,0.000,1,SEARCH,0.0000,0.0000,0.0000,-0.0043
49783,dynamic,0.6779,0.3829,6.2809,42.18,1.985,-1.1771,2.0389,2.3543,-1.1899,2.0315,0.000,1,SEARCH,0.0000,0.0000,0.0000,-0.0045
49880,dynamic,0.6752,0.3864,6.2824,43.33,1.982,-1.3898,1.9094,2.3617,-1.3908,1.9087,0.000,1,SEARCH,0.0000,0.0000,0.0000,-0.0055
49978,dynamic,0.6707,0.3893,0.0013,42.53,1.979,-1.4761,1.8499,2.3667,-1.4725,1.8528,0.000,1,SEARCH,0.0000,0.0000,0.0000,-0.0063
50078,dynamic,0.6676,0.3906,0.0020,42.99,1.973,-1.5534,1.7956,2.3743,-1.5495,1.7990,0.000,1,SEARCH,0.0000,0.0000,0.0000,-0.0081
50177,dynamic,0.6627,0.3925,0.0026,44.68,1.971,-1.5930,1.7747,2.3848,-1.5930,1.7747,0.000,1,SEARCH,0.0000,0.0000,0.0000,-0.0086
50276,dynamic,0.6575,0.3927,0.0042,46.30,1.969,-1.5823,1.8209,2.4124,-1.5765,1.8260,0.000,1,SEARCH,0.0000,0.0000,0.0000,-0.0093
50380,dynamic,0.6530,0.3939,0.0069,46.30,1.969,-1.5823,1.8209,2.4124,-1.5753,1.8271,0.000,1,SEARCH,0.0000,0.0000,0.0000,-0.0093
50478,dynamic,0.6479,0.3940,0.0058,47.47,1.970,-1.4988,1.9258,2.4403,-1.4857,1.9360,0.000,1,SEARCH,0.0000,0.0000,0.0000,-0.0091
50580,dynamic,0.6440,0.3958,0.0054,48.76,1.971,-1.4690,1.9761,2.4623,-1.4573,1.9848,0.000,1,SEARCH,0.0000,0.0000,0.0000,-0.0086
50679,dynamic,0.6388,0.3966,0.0060,50.20,1.970,-1.3666,2.0990,2.5046,-1.3571,2.1051,0.000,1,SEARCH,0.0000,0.0000,0.0000,-0.0089
50778,dynamic,0.6335,0.3985,0.0093,50.48,1.967,-1.2428,2.1955,2.5228,-1.2266,2.2046,0.000,1,SEARCH,0.0000,0.0000,0.0000,-0.0099
50882,dynamic,0.6280,0.3987,0.0076,49.42,1.965,-1.2280,2.2379,2.5527,-1.2073,2.2492,0.000,1,SEARCH,0.0000,0.0000,0.0000,-0.0105
50980,dynamic,0.6243,0.4003,0.0053,49.42,1.966,-1.2280,2.2379,2.5527,-1.2170,2.2439,0.000,1,SEARCH,0.0000,0.0000,0.0000,-0.0102
51079,dynamic,0.6209,0.4024,0.0053,42.82,1.964,-1.0854,2.3894,2.6243,-1.0722,2.3953,0.000,1,SEARCH,0.0000,0.0000,0.0000,-0.0107
51178,dynamic,0.6166,0.4064,0.0104,41.62,1.962,-1.0795,2.4300,2.6590,-1.0631,2.4372,0.000,1,SEARCH,0.0000,0.0000,0.0000,-0.0115
51278,dynamic,0.6126,0.4104,0.0120,39.65,1.964,-1.0802,2.4654,2.6917,-1.0522,2.4775,0.000,1,SEARCH,0.0000,0.0000,0.0000,-0.0109
51383,dynamic,0.6095,0.4135,0.0203,39.65,1.960,-1.0802,2.4654,2.6917,-1.0455,2.4804,0.000,1,SEARCH,0.0000,0.0000,0.0000,-0.0121
51479,dynamic,0.6063,0.4163,0.0253,42.23,1.957,-0.9474,2.5381,2.7092,-0.8898,2.5589,0.000,1,SEARCH,0.0000,0.0000,0.0000,-0.0129
51579,dynamic,0.6025,0.4196,0.0291,42.84,1.957,-0.9089,2.5234,2.6821,-0.8434,2.5460,0.000,1,SEARCH,0.0000,0.0000,0.0000,-0.0128
51681,dynamic,0.5969,0.4224,0.0300,43.31,1.959,-0.8654,2.5494,2.6923,-0.7964,2.5718,0.000,1,SEARCH,0.0000,0.0000,0.0000,-0.0124
51779,dynamic,0.5954,0.4237,0.0234,47.22,1.959,-0.7011,2.6546,2.7456,-0.6232,2.6739,0.000,1,SEARCH,0.0000,0.0000,0.0000,-0.0122
51881,dynamic,0.5954,0.4247,0.0193,47.22,1.960,-0.7011,2.6546,2.7456,-0.6431,2.6692,0.000,1,SEARCH,0.0000,0.0000,0.0000,-0.0120
51978,dynamic,0.5960,0.4261,0.0123,49.72,1.962,-0.7042,2.7231,2.8127,-0.6573,2.7348,0.000,1,SEARCH,0.0000,0.0000,0.0000,-0.0114
52079,dynamic,0.5974,0.4272,0.0053,49.72,1.963,-0.7042,2.7231,2.8127,-0.6785,2.7296,0.000,1,SEARCH,0.0000,0.0000,0.0000,-0.0112
52186,dynamic,0.6016,0.4315,6.2832,0.00,1.966,0.0000,0.0000,0.0000,0.0000,0.0000,0.000,0,SEARCH,0.0000,0.0000,0.0000,-0.0103
52279,dynamic,0.6045,0.4360,6.2796,50.35,1.966,-0.7390,2.7660,2.8630,-0.7377,2.7663,0.000,1,SEARCH,0.0000,0.0000,0.0000,-0.0102
52385,dynamic,0.6060,0.4405,6.2774,50.35,1.969,-0.7390,2.7660,2.8630,-0.7527,2.7623,0.000,1,SEARCH,0.0000,0.0000,0.0000,-0.0094
52479,dynamic,0.6077,0.4442,6.2757,0.00,1.966,0.0000,0.0000,0.0000,0.0000,0.0000,0.000,0,SEARCH,0.0000,0.0000,0.0000,-0.0102
52580,dynamic,0.6084,0.4475,6.2756,0.00,1.962,0.0000,0.0000,0.0000,0.0000,0.0000,0.000,0,SEARCH,0.0000,0.0000,0.0000,-0.0114
52678,dynamic,0.6082,0.4498,6.2773,49.57,1.961,-0.7267,2.7799,2.8734,-0.7487,2.7741,0.000,1,SEARCH,0.0000,0.0000,0.0000,-0.0118
52782,dynamic,0.6077,0.4522,6.2754,49.57,1.960,-0.7267,2.7799,2.8734,-0.7411,2.7761,0.000,1,SEARCH,0.0000,0.0000,0.0000,-0.0121
52880,dynamic,0.6089,0.4536,6.2772,49.86,1.963,-0.7541,2.7533,2.8547,-0.7757,2.7473,0.000,1,SEARCH,0.0000,0.0000,0.0000,-0.0112
52985,dynamic,0.6103,0.4552,6.2773,0.00,1.963,0.0000,0.0000,0.0000,0.0000,0.0000,0.000,0,SEARCH,0.0000,0.0000,0.0000,-0.0111
53077,dynamic,0.6113,0.4567,6.2771,50.33,1.963,-0.7023,2.7761,2.8635,-0.7139,2.7731,0.000,1,SEARCH,0.0000,0.0000,0.0000,-0.0110
53179,dynamic,0.6127,0.4575,6.2787,50.24,1.963,-0.7376,2.7366,2.8343,-0.7547,2.7320,0.000,1,SEARCH,0.0000,0.0000,0.0000,-0.0110
53278,dynamic,0.6131,0.4593,6.2787,0.00,1.962,0.0000,0.0000,0.0000,0.0000,0.0000,0.000,0,SEARCH,0.0000,0.0000,0.0000,-0.0115
53380,dynamic,0.6126,0.4658,6.2814,0.00,1.961,0.0000,0.0000,0.0000,0.0000,0.0000,0.000,0,SEARCH,0.0000,0.0000,0.0000,-0.0116
53480,dynamic,0.6105,0.4717,6.2822,48.88,1.959,-0.7574,2.6830,2.7878,-0.7590,2.6825,0.000,1,SEARCH,0.0000,0.0000,0.0000,-0.0123
53580,dynamic,0.6103,0.4784,0.0004,0.00,1.960,0.0000,0.0000,0.0000,0.0000,0.0000,0.000,0,SEARCH,0.0000,0.0000,0.0000,-0.0119
53679,dynamic,0.6098,0.4860,0.0021,0.00,1.960,0.0000,0.0000,0.0000,0.0000,0.0000,0.000,0,SEARCH,0.0000,0.0000,0.0000,-0.0119
53779,dynamic,0.6116,0.4940,0.0032,0.00,1.959,0.0000,0.0000,0.0000,0.0000,0.0000,0.000,0,SEARCH,0.0000,0.0000,0.0000,-0.0124
53884,dynamic,0.6136,0.5000,0.0003,0.00,1.958,0.0000,0.0000,0.0000,0.0000,0.0000,0.000,0,SEARCH,0.0000,0.0000,0.0000,-0.0126
53977,dynamic,0.6165,0.5071,0.0014,50.39,1.955,-0.7922,2.5658,2.6853,-0.7880,2.5671,0.000,1,SEARCH,0.0000,0.0000,0.0000,-0.0134
54079,dynamic,0.6156,0.5131,0.0027,50.39,1.954,-0.7922,2.5658,2.6853,-0.7866,2.5675,0.000,1,SEARCH,0.0000,0.0000,0.0000,-0.0137
54177,dynamic,0.6177,0.5202,0.0052,50.39,1.956,-0.7922,2.5658,2.6853,-0.7815,2.5691,0.000,1,SEARCH,0.0000,0.0000,0.0000,-0.0133
54285,dynamic,0.6179,0.5266,0.0086,0.00,1.948,0.0000,0.0000,0.0000,0.0000,0.0000,0.000,0,SEARCH,0.0000,0.0000,0.0000,-0.0155
54378,dynamic,0.6205,0.5316,0.0117,0.00,1.945,0.0000,0.0000,0.0000,0.0000,0.0000,0.000,0,SEARCH,0.0000,0.0000,0.0000,-0.0164
54477,dynamic,0.6227,0.5395,0.0141,0.00,1.944,0.0000,0.0000,0.0000,0.0000,0.0000,0.000,0,SEARCH,0.0000,0.0000,0.0000,-0.0169
54578,dynamic,0.6271,0.5455,0.0148,50.67,1.944,-0.8028,2.4531,2.5812,-0.7662,2.4648,0.000,1,SEARCH,0.0000,0.0000,0.0000,-0.0169
54678,dynamic,0.6295,0.5495,0.0105,47.23,1.945,-0.7865,2.4324,2.5564,-0.7579,2.4415,0.000,1,SEARCH,0.0000,0.0000,0.0000,-0.0165
54778,dynamic,0.6344,0.5519,0.0049,47.23,1.948,-0.7865,2.4324,2.5564,-0.7625,2.4401,0.000,1,SEARCH,0.0000,0.0000,0.0000,-0.0155
54877,dynamic,0.6380,0.5535,6.2822,47.23,1.949,-0.7865,2.4324,2.5564,-0.7786,2.4350,0.000,1,SEARCH,0.0000,0.0000,0.0000,-0.0152
54985,dynamic,0.6492,0.5544,6.2790,49.03,1.953,-0.8404,2.4451,2.5855,-0.8476,2.4426,0.000,1,SEARCH,0.0000,0.0000,0.0000,-0.0142
55078,dynamic,0.6579,0.5542,6.2747,49.03,1.955,-0.8404,2.4451,2.5855,-0.8498,2.4419,0.000,1,SEARCH,0.0000,0.0000,0.0000,-0.0134
55176,dynamic,0.6698,0.5558,6.2722,48.71,1.961,-0.8542,2.4745,2.6178,-0.8699,2.4691,0.000,1,SEARCH,0.0000,0.0000,0.0000,-0.0118
55280,dynamic,0.6805,0.5562,6.2696,48.71,1.963,-0.8542,2.4745,2.6178,-0.8804,2.4653,0.000,1,SEARCH,0.0000,0.0000,0.0000,-0.0110
55378,dynamic,0.6925,0.5575,6.2688,50.00,1.966,-0.8844,2.5049,2.6564,-0.9201,2.4920,0.000,1,SEARCH,0.0000,0.0000,0.0000,-0.0101
55478,dynamic,0.7042,0.5587,6.2697,50.00,1.968,-0.8844,2.5049,2.6564,-0.9175,2.4930,0.000,1,SEARCH,0.0000,0.0000,0.0000,-0.0097
55582,dynamic,0.7188,0.5621,6.2660,51.58,1.972,-0.9513,2.4816,2.6577,-0.9841,2.4688,0.000,1,SEARCH,0.0000,0.0000,0.0000,-0.0085
55678,dynamic,0.7313,0.5647,6.2703,51.58,1.967,-0.9513,2.4816,2.6577,-0.9875,2.4674,0.000,1,SEARCH,0.0000,0.0000,0.0000,-0.0100
55779,dynamic,0.7430,0.5678,6.2701,51.58,1.966,-0.9513,2.4816,2.6577,-0.9829,2.4692,0.000,1,SEARCH,0.0000,0.0000,0.0000,-0.0103
55881,dynamic,0.7527,0.5709,6.2753,51.58,1.964,-0.9513,2.4816,2.6577,-0.9818,2.4697,0.000,1,SEARCH,0.0000,0.0000,0.0000,-0.0108
55981,dynamic,0.7665,0.5721,6.2730,49.94,1.963,-1.0693,2.4022,2.6295,-1.0925,2.3918,0.000,1,SEARCH,0.0000,0.0000,0.0000,-0.0110
56081,dynamic,0.7806,0.5724,6.2765,49.94,1.966,-1.0693,2.4022,2.6295,-1.0929,2.3916,0.000,1,SEARCH,0.0000,0.0000,0.0000,-0.0101
56178,dynamic,0.7963,0.5724,6.2761,49.94,1.971,-1.0693,2.4022,2.6295,-1.0922,2.3919,0.000,1,SEARCH,0.0000,0.0000,0.0000,-0.0087
56287,dynamic,0.8115,0.5727,6.2771,49.94,1.971,-1.0693,2.4022,2.6295,-1.0851,2.3951,0.000,1,SEARCH,0.0000,0.0000,0.0000,-0.0086
56383,dynamic,0.8291,0.5734,6.2764,54.41,1.973,-1.1405,2.3549,2.6165,-1.1567,2.3469,0.000,1,SEARCH,0.0000,0.0000,0.0000,-0.0080
56478,dynamic,0.8441,0.5741,6.2745,55.49,1.979,-1.1698,2.3299,2.6071,-1.1881,2.3207,0.000,1,SEARCH,0.0000,0.0000,0.0000,-0.0062
56578,dynamic,0.8615,0.5749,6.2758,55.49,1.985,-1.1698,2.3299,2.6071,-1.1841,2.3227,0.000,1,SEARCH,0.0000,0.0000,0.0000,-0.0046
56678,dynamic,0.8770,0.5759,6.2733,55.49,1.988,-1.1698,2.3299,2.6071,-1.1906,2.3194,0.000,1,SEARCH,0.0000,0.0000,0.0000,-0.0037
56778,dynamic,0.8946,0.5759,6.2754,55.49,1.992,-1.1698,2.3299,2.6071,-1.1868,2.3213,0.000,1,SEARCH,0.0000,0.0000,0.0000,-0.0025
56880,dynamic,0.9097,0.5761,6.2750,55.49,1.993,-1.1698,2.3299,2.6071,-1.1868,2.3213,0.000,1,SEARCH,0.0000,0.0000,0.0000,-0.0021
56978,dynamic,0.9274,0.5749,6.2750,0.00,2.000,0.0000,0.0000,0.0000,0.0000,0.0000,0.000,0,SEARCH,0.0000,0.0000,0.0000,-0.0001
57078,dynamic,0.9434,0.5740,6.2769,0.00,2.006,0.0000,0.0000,0.0000,0.0000,0.0000,0.000,0,SEARCH,0.0000,0.0000,0.0000,0.0017
57178,dynamic,0.9603,0.5712,6.2790,47.02,2.009,-1.0827,2.4435,2.6726,-1.0961,2.4375,0.000,1,SEARCH,0.0000,0.0000,0.0000,0.0028
57278,dynamic,0.9758,0.5696,6.2796,47.02,2.011,-1.0827,2.4435,2.6726,-1.0956,2.4377,0.000,1,SEARCH,0.0000,0.0000,0.0000,0.0033
57377,dynamic,0.9885,0.5680,6.2781,45.87,2.014,-1.0165,2.4537,2.6559,-1.0284,2.4487,0.000,1,SEARCH,0.0000,0.0000,0.0000,0.0042
57485,dynamic,1.0006,0.5657,6.2800,45.87,2.017,-1.0165,2.4537,2.6559,-1.0270,2.4493,0.000,1,SEARCH,0.0000,0.0000,0.0000,0.0052
57581,dynamic,1.0148,0.5642,6.2814,45.02,2.024,-0.9637,2.4726,2.6538,-0.9722,2.4693,0.000,1,SEARCH,0.0000,0.0000,0.0000,0.0071
57678,dynamic,1.0260,0.5633,6.2813,45.16,2.026,-0.9369,2.4949,2.6650,-0.9412,2.4932,0.000,1,SEARCH,0.0000,0.0000,0.0000,0.0079
57778,dynamic,1.0378,0.5617,6.2816,41.58,2.033,-0.8716,2.5351,2.6808,-0.8719,2.5350,0.000,1,SEARCH,0.0000,0.0000,0.0000,0.0100
57877,dynamic,1.0471,0.5613,0.0025,41.58,2.039,-0.8716,2.5351,2.6808,-0.8655,2.5372,0.000,1,SEARCH,0.0000,0.0000,0.0000,0.0118
57977,dynamic,1.0640,0.5581,0.0050,0.00,2.044,0.0000,0.0000,0.0000,0.0000,0.0000,0.000,0,SEARCH,0.0000,0.0000,0.0000,0.0133
58084,dynamic,1.0729,0.5567,0.0040,0.00,2.049,0.0000,0.0000,0.0000,0.0000,0.0000,0.000,0,SEARCH,0.0000,0.0000,0.0000,0.0147
58177,dynamic,1.0845,0.5523,0.0031,0.00,2.052,0.0000,0.0000,0.0000,0.0000,0.0000,0.000,0,SEARCH,0.0000,0.0000,0.0000,0.0156
58280,dynamic,1.0946,0.5491,0.0064,0.00,2.059,0.0000,0.0000,0.0000,0.0000,0.0000,0.000,0,SEARCH,0.0000,0.0000,0.0000,0.0176
58377,dynamic,1.1032,0.5449,0.0065,0.00,2.061,0.0000,0.0000,0.0000,0.0000,0.0000,0.000,0,SEARCH,0.0000,0.0000,0.0000,0.0184
58477,dynamic,1.1109,0.5417,0.0050,0.00,2.067,0.0000,0.0000,0.0000,0.0000,0.0000,0.000,0,SEARCH,0.0000,0.0000,0.0000,0.0200
58577,dynamic,1.1221,0.5343,0.0056,0.00,2.069,0.0000,0.0000,0.0000,0.0000,0.0000,0.000,0,SEARCH,0.0000,0.0000,0.0000,0.0207
58682,dynamic,1.1276,0.5304,0.0054,0.00,2.073,0.0000,0.0000,0.0000,0.0000,0.0000,0.000,0,SEARCH,0.0000,0.0000,0.0000,0.0218
58780,dynamic,1.1358,0.5253,0.0074,0.00,2.073,0.0000,0.0000,0.0000,0.0000,0.0000,0.000,0,SEARCH,0.0000,0.0000,0.0000,0.0220
58876,dynamic,1.1420,0.5221,0.0077,0.00,2.067,0.0000,0.0000,0.0000,0.0000,0.0000,0.000,0,SEARCH,0.0000,0.0000,0.0000,0.0201
58976,dynamic,1.1490,0.5160,0.0046,0.00,2.060,0.0000,0.0000,0.0000,0.0000,0.0000,0.000,0,SEARCH,0.0000,0.0000,0.0000,0.0179
59078,dynamic,1.1548,0.5112,0.0064,0.00,2.061,0.0000,0.0000,0.0000,0.0000,0.0000,0.000,0,SEARCH,0.0000,0.0000,0.0000,0.0182
59176,dynamic,1.1574,0.5055,0.0045,0.00,2.059,0.0000,0.0000,0.0000,0.0000,0.0000,0.000,0,SEARCH,0.0000,0.0000,0.0000,0.0178
59278,dynamic,1.1628,0.4974,0.0059,0.00,2.061,0.0000,0.0000,0.0000,0.0000,0.0000,0.000,0,SEARCH,0.0000,0.0000,0.0000,0.0182
59384,dynamic,1.1670,0.4900,0.0072,0.00,2.052,0.0000,0.0000,0.0000,0.0000,0.0000,0.000,0,SEARCH,0.0000,0.0000,0.0000,0.0155
59476,dynamic,1.1686,0.4859,0.0052,0.00,2.039,0.0000,0.0000,0.0000,0.0000,0.0000,0.000,0,SEARCH,0.0000,0.0000,0.0000,0.0116
59576,dynamic,1.1690,0.4825,0.0036,0.00,2.032,0.0000,0.0000,0.0000,0.0000,0.0000,0.000,0,SEARCH,0.0000,0.0000,0.0000,0.0097
59677,dynamic,1.1691,0.4809,0.0031,0.00,2.029,0.0000,0.0000,0.0000,0.0000,0.0000,0.000,0,SEARCH,0.0000,0.0000,0.0000,0.0088
59782,dynamic,1.1690,0.4791,6.2819,0.00,2.030,0.0000,0.0000,0.0000,0.0000,0.0000,0.000,0,SEARCH,0.0000,0.0000,0.0000,0.0091
59877,dynamic,1.1701,0.4772,6.2822,0.00,2.033,0.0000,0.0000,0.0000,0.0000,0.0000,0.000,0,SEARCH,0.0000,0.0000,0.0000,0.0099
59976,dynamic,1.1696,0.4720,6.2802,0.00,2.036,0.0000,0.0000,0.0000,0.0000,0.0000,0.000,0,SEARCH,0.0000,0.0000,0.0000,0.0107
60076,dynamic,1.1711,0.4662,6.2826,41.14,2.041,-0.1924,3.1620,3.1679,-0.1885,3.1623,0.000,1,SEARCH,0.0000,0.0000,0.0000,0.0124
60176,dynamic,1.1721,0.4602,0.0044,41.14,2.045,-0.1924,3.1620,3.1679,-0.1880,3.1623,0.000,1,SEARCH,0.0000,0.0000,0.0000,0.0135
60284,dynamic,1.1749,0.4541,0.0043,41.14,2.050,-0.1924,3.1620,3.1679,-0.1784,3.1629,0.000,1,SEARCH,0.0000,0.0000,0.0000,0.0151
60381,dynamic,1.1749,0.4502,0.0050,0.00,2.052,0.0000,0.0000,0.0000,0.0000,0.0000,0.000,0,SEARCH,0.0000,0.0000,0.0000,0.0157
60481,dynamic,1.1756,0.4469,0.0052,0.00,2.058,0.0000,0.0000,0.0000,0.0000,0.0000,0.000,0,SEARCH,0.0000,0.0000,0.0000,0.0173
60578,dynamic,1.1725,0.4414,0.0017,0.00,2.063,0.0000,0.0000,0.0000,0.0000,0.0000,0.000,0,SEARCH,0.0000,0.0000,0.0000,0.0188
60677,dynamic,1.1716,0.4370,6.2805,0.00,2.067,0.0000,0.0000,0.0000,0.0000,0.0000,0.000,0,SEARCH,0.0000,0.0000,0.0000,0.0201
60785,dynamic,1.1692,0.4329,6.2826,0.00,2.070,0.0000,0.0000,0.0000,0.0000,0.0000,0.000,0,SEARCH,0.0000,0.0000,0.0000,0.0210
60877,dynamic,1.1692,0.4298,6.2782,0.00,2.073,0.0000,0.0000,0.0000,0.0000,0.0000,0.000,0,SEARCH,0.0000,0.0000,0.0000,0.0219
60976,dynamic,1.1665,0.4265,6.2794,0.00,2.075,0.0000,0.0000,0.0000,0.0000,0.0000,0.000,0,SEARCH,0.0000,0.0000,0.0000,0.0226
61077,dynamic,1.1644,0.4234,6.2819,0.00,2.078,0.0000,0.0000,0.0000,0.0000,0.0000,0.000,0,SEARCH,0.0000,0.0000,0.0000,0.0233
61176,dynamic,1.1580,0.4207,6.2817,0.00,2.083,0.0000,0.0000,0.0000,0.0000,0.0000,0.000,0,SEARCH,0.0000,0.0000,0.0000,0.0249
61276,dynamic,1.1515,0.4199,0.0028,0.00,2.089,0.0000,0.0000,0.0000,0.0000,0.0000,0.000,0,SEARCH,0.0000,0.0000,0.0000,0.0268
61376,dynamic,1.1423,0.4177,0.0054,0.00,2.087,0.0000,0.0000,0.0000,0.0000,0.0000,0.000,0,SEARCH,0.0000,0.0000,0.0000,0.0262
61476,dynamic,1.1363,0.4161,0.0052,0.00,2.085,0.0000,0.0000,0.0000,0.0000,0.0000,0.000,0,SEARCH,0.0000,0.0000,0.0000,0.0254
61578,dynamic,1.1260,0.4149,0.0082,0.00,2.083,0.0000,0.0000,0.0000,0.0000,0.0000,0.000,0,SEARCH,0.0000,0.0000,0.0000,0.0248
61676,dynamic,1.1185,0.4144,0.0077,35.46,2.078,0.1892,3.3130,3.3184,0.2198,3.3111,0.000,1,SEARCH,0.0000,0.0000,0.0000,0.0234
61777,dynamic,1.1098,0.4120,0.0087,0.00,2.077,0.0000,0.0000,0.0000,0.0000,0.0000,0.000,0,SEARCH,0.0000,0.0000,0.0000,0.0230
61877,dynamic,1.1024,0.4109,0.0068,35.29,2.076,0.3402,3.4113,3.4282,0.3699,3.4082,0.000,1,SEARCH,0.0000,0.0000,0.0000,0.0229
61976,dynamic,1.0968,0.4093,0.0033,0.00,2.077,0.0000,0.0000,0.0000,0.0000,0.0000,0.000,0,SEARCH,0.0000,0.0000,0.0000,0.0232
62076,dynamic,1.0920,0.4060,0.0055,0.00,2.080,0.0000,0.0000,0.0000,0.0000,0.0000,0.000,0,SEARCH,0.0000,0.0000,0.0000,0.0239
62176,dynamic,1.0867,0.4007,0.0046,37.07,2.079,0.5683,3.6111,3.6555,0.5847,3.6084,0.000,1,SEARCH,0.0000,0.0000,0.0000,0.0238
62276,dynamic,1.0836,0.3985,0.0034,0.00,2.082,0.0000,0.0000,0.0000,0.0000,0.0000,0.000,0,SEARCH,0.0000,0.0000,0.0000,0.0245
62377,dynamic,1.0815,0.3935,0.0008,0.00,2.085,0.0000,0.0000,0.0000,0.0000,0.0000,0.000,0,SEARCH,0.0000,0.0000,0.0000,0.0256
62476,dynamic,1.0815,0.3906,0.0020,37.19,2.090,0.5964,3.6507,3.6991,0.5990,3.6502,0.000,1,SEARCH,0.0000,0.0000,0.0000,0.0271
62576,dynamic,1.0814,0.3869,0.0005,37.70,2.095,0.7124,3.7019,3.7699,0.7192,3.7006,0.000,1,SEARCH,0.0000,0.0000,0.0000,0.0286
62676,dynamic,1.0824,0.3859,0.0013,37.70,2.099,0.7124,3.7019,3.7699,0.7207,3.7003,0.000,1,SEARCH,0.0000,0.0000,0.0000,0.0297
62778,dynamic,1.0835,0.3833,6.2822,37.24,2.094,0.6964,3.6722,3.7377,0.6962,3.6723,0.000,1,SEARCH,0.0000,0.0000,0.0000,0.0282
62876,dynamic,1.0846,0.3820,6.2807,0.00,2.091,0.0000,0.0000,0.0000,0.0000,0.0000,0.000,0,SEARCH,0.0000,0.0000,0.0000,0.0272
62976,dynamic,1.0831,0.3804,6.2805,0.00,2.093,0.0000,0.0000,0.0000,0.0000,0.0000,0.000,0,SEARCH,0.0000,0.0000,0.0000,0.0278
63078,dynamic,1.0829,0.3789,6.2822,38.07,2.097,0.6104,3.6204,3.6715,0.6068,3.6210,0.000,1,SEARCH,0.0000,0.0000,0.0000,0.0291
63180,dynamic,1.0812,0.3758,0.0016,0.00,2.102,0.0000,0.0000,0.0000,0.0000,0.0000,0.000,0,SEARCH,0.0000,0.0000,0.0000,0.0305
63276,dynamic,1.0827,0.3730,0.0063,0.00,2.100,0.0000,0.0000,0.0000,0.0000,0.0000,0.000,0,SEARCH,0.0000,0.0000,0.0000,0.0301
63376,dynamic,1.0802,0.3685,0.0067,0.00,2.099,0.0000,0.0000,0.0000,0.0000,0.0000,0.000,0,SEARCH,0.0000,0.0000,0.0000,0.0298
63477,dynamic,1.0795,0.3645,0.0091,0.00,2.106,0.0000,0.0000,0.0000,0.0000,0.0000,0.000,0,SEARCH,0.0000,0.0000,0.0000,0.0317
63576,dynamic,1.0764,0.3597,0.0123,34.77,2.111,0.7333,3.6439,3.7169,0.7701,3.6363,0.000,1,SEARCH,0.0000,0.0000,0.0000,0.0332
63678,dynamic,1.0759,0.3563,0.0102,36.34,2.110,0.8269,3.7253,3.8160,0.8650,3.7167,0.000,1,SEARCH,0.0000,0.0000,0.0000,0.0329
63776,dynamic,1.0734,0.3542,0.0097,37.09,2.112,0.6360,3.5595,3.6159,0.6786,3.5516,0.000,1,SEARCH,0.0000,0.0000,0.0000,0.0336
63877,dynamic,1.0720,0.3529,0.0084,0.00,2.113,0.0000,0.0000,0.0000,0.0000,0.0000,0.000,0,SEARCH,0.0000,0.0000,0.0000,0.0339
63976,dynamic,1.0691,0.3508,0.0069,37.71,2.113,0.6483,3.6043,3.6621,0.6730,3.5997,0.000,1,SEARCH,0.0000,0.0000,0.0000,0.0340
64076,dynamic,1.0668,0.3499,0.0053,37.71,2.114,0.6483,3.6043,3.6621,0.6697,3.6003,0.000,1,SEARCH,0.0000,0.0000,0.0000,0.0341
64176,dynamic,1.0642,0.3476,0.0022,37.85,2.111,0.6868,3.6718,3.7355,0.7050,3.6684,0.000,1,SEARCH,0.0000,0.0000,0.0000,0.0332
64276,dynamic,1.0638,0.3461,6.2814,38.16,2.110,0.6155,3.6503,3.7019,0.6147,3.6505,0.000,1,SEARCH,0.0000,0.0000,0.0000,0.0329
64376,dynamic,1.0623,0.3443,6.2780,38.73,2.109,0.7335,3.7495,3.8206,0.7214,3.7519,0.000,1,SEARCH,0.0000,0.0000,0.0000,0.0326
64476,dynamic,1.0619,0.3423,6.2770,38.02,2.109,0.7706,3.7633,3.8413,0.7539,3.7666,0.000,1,SEARCH,0.0000,0.0000,0.0000,0.0326
64576,dynamic,1.0611,0.3405,6.2753,37.54,2.109,0.8752,3.8044,3.9038,0.8495,3.8102,0.000,1,SEARCH,0.0000,0.0000,0.0000,0.0328
64676,dynamic,1.0621,0.3398,6.2748,37.41,2.110,0.8317,3.7445,3.8358,0.8000,3.7514,0.000,1,SEARCH,0.0000,0.0000,0.0000,0.0330
64776,dynamic,1.0627,0.3393,6.2740,38.02,2.109,0.8359,3.6899,3.7834,0.8035,3.6971,0.000,1,SEARCH,0.0000,0.0000,0.0000,0.0328
64877,dynamic,1.0638,0.3398,6.2750,38.02,2.106,0.8359,3.6899,3.7834,0.8091,3.6958,0.000,1,SEARCH,0.0000,0.0000,0.0000,0.0318
64976,dynamic,1.0649,0.3419,6.2756,37.62,2.101,0.7387,3.5900,3.6652,0.7068,3.5964,0.000,1,SEARCH,0.0000,0.0000,0.0000,0.0303
65077,dynamic,1.0664,0.3439,6.2751,37.45,2.099,0.6537,3.5259,3.5860,0.6269,3.5308,0.000,1,SEARCH,0.0000,0.0000,0.0000,0.0297
65182,dynamic,1.0666,0.3477,6.2748,37.20,2.102,0.6658,3.5373,3.5994,0.6393,3.5421,0.000,1,SEARCH,0.0000,0.0000,0.0000,0.0307
65276,dynamic,1.0682,0.3516,6.2754,0.00,2.104,0.0000,0.0000,0.0000,0.0000,0.0000,0.000,0,SEARCH,0.0000,0.0000,0.0000,0.0313
65376,dynamic,1.0688,0.3541,6.2804,35.68,2.103,0.4817,3.3579,3.3923,0.4564,3.3615,0.000,1,SEARCH,0.0000,0.0000,0.0000,0.0310
65476,dynamic,1.0686,0.3565,6.2814,36.59,2.100,0.5108,3.3278,3.3668,0.4961,3.3301,0.000,1,SEARCH,0.0000,0.0000,0.0000,0.0301
65576,dynamic,1.0660,0.3604,0.0016,35.96,2.098,0.4930,3.2785,3.3154,0.4924,3.2786,0.000,1,SEARCH,0.0000,0.0000,0.0000,0.0295
65677,dynamic,1.0647,0.3633,0.0022,35.98,2.095,0.5208,3.2687,3.3099,0.5296,3.2673,0.000,1,SEARCH,0.0000,0.0000,0.0000,0.0285
65776,dynamic,1.0620,0.3677,0.0056,34.08,2.092,0.5093,3.2692,3.3086,0.5169,3.2680,0.000,1,SEARCH,0.0000,0.0000,0.0000,0.0276
65881,dynamic,1.0605,0.3720,0.0053,34.57,2.087,0.5353,3.2832,3.3265,0.5556,3.2798,0.000,1,SEARCH,0.0000,0.0000,0.0000,0.0262
65976,dynamic,1.0585,0.3772,0.0034,34.21,2.083,0.5392,3.3050,3.3487,0.5533,3.3027,0.000,1,SEARCH,0.0000,0.0000,0.0000,0.0250
66078,dynamic,1.0580,0.3823,0.0033,0.00,2.081,0.0000,0.0000,0.0000,0.0000,0.0000,0.000,0,SEARCH,0.0000,0.0000,0.0000,0.0244
66176,dynamic,1.0549,0.3882,0.0022,0.00,2.078,0.0000,0.0000,0.0000,0.0000,0.0000,0.000,0,SEARCH,0.0000,0.0000,0.0000,0.0234
66276,dynamic,1.0534,0.3938,0.0000,36.67,2.076,0.5011,3.2927,3.3306,0.5091,3.2915,0.000,1,SEARCH,0.0000,0.0000,0.0000,0.0228
66376,dynamic,1.0519,0.4000,6.2808,38.41,2.073,0.3770,3.1921,3.2142,0.3724,3.1926,0.000,1,SEARCH,0.0000,0.0000,0.0000,0.0220
66477,dynamic,1.0520,0.4074,6.2764,0.00,2.071,0.0000,0.0000,0.0000,0.0000,0.0000,0.000,0,SEARCH,0.0000,0.0000,0.0000,0.0213
66577,dynamic,1.0527,0.4136,6.2761,39.67,2.067,0.2919,3.1699,3.1833,0.2731,3.1716,0.000,1,SEARCH,0.0000,0.0000,0.0000,0.0202
66676,dynamic,1.0542,0.4201,6.2738,39.67,2.066,0.2919,3.1699,3.1833,0.2708,3.1717,0.000,1,SEARCH,0.0000,0.0000,0.0000,0.0198
66777,dynamic,1.0566,0.4273,6.2764,0.00,2.064,0.0000,0.0000,0.0000,0.0000,0.0000,0.000,0,SEARCH,0.0000,0.0000,0.0000,0.0193
66885,dynamic,1.0599,0.4343,6.2774,0.00,2.063,0.0000,0.0000,0.0000,0.0000,0.0000,0.000,0,SEARCH,0.0000,0.0000,0.0000,0.0188
66976,dynamic,1.0612,0.4432,6.2790,0.00,2.060,0.0000,0.0000,0.0000,0.0000,0.0000,0.000,0,SEARCH,0.0000,0.0000,0.0000,0.0181
67079,dynamic,1.0624,0.4521,6.2813,0.00,2.056,0.0000,0.0000,0.0000,0.0000,0.0000,0.000,0,SEARCH,0.0000,0.0000,0.0000,0.0168
67176,dynamic,1.0622,0.4622,6.2795,0.00,2.054,0.0000,0.0000,0.0000,0.0000,0.0000,0.000,0,SEARCH,0.0000,0.0000,0.0000,0.0163
67277,dynamic,1.0625,0.4715,6.2812,0.00,2.055,0.0000,0.0000,0.0000,0.0000,0.0000,0.000,0,SEARCH,0.0000,0.0000,0.0000,0.0164
67376,dynamic,1.0631,0.4793,6.2767,0.00,2.057,0.0000,0.0000,0.0000,0.0000,0.0000,0.000,0,SEARCH,0.0000,0.0000,0.0000,0.0172
67476,dynamic,1.0653,0.4864,6.2759,0.00,2.060,0.0000,0.0000,0.0000,0.0000,0.0000,0.000,0,SEARCH,0.0000,0.0000,0.0000,0.0180
67576,dynamic,1.0704,0.4948,6.2726,0.00,2.060,0.0000,0.0000,0.0000,0.0000,0.0000,0.000,0,SEARCH,0.0000,0.0000,0.0000,0.0181
67676,dynamic,1.0745,0.5001,6.2729,39.16,2.062,0.0242,3.1354,3.1355,-0.0055,3.1355,0.000,1,SEARCH,0.0000,0.0000,0.0000,0.0185
67777,dynamic,1.0839,0.5079,6.2707,0.00,2.061,0.0000,0.0000,0.0000,0.0000,0.0000,0.000,0,SEARCH,0.0000,0.0000,0.0000,0.0183
67880,dynamic,1.0924,0.5127,6.2693,0.00,2.059,0.0000,0.0000,0.0000,0.0000,0.0000,0.000,0,SEARCH,0.0000,0.0000,0.0000,0.0178
67984,dynamic,1.1035,0.5197,6.2665,0.00,2.056,0.0000,0.0000,0.0000,0.0000,0.0000,0.000,0,SEARCH,0.0000,0.0000,0.0000,0.0169
68076,dynamic,1.1156,0.5259,6.2661,0.00,2.060,0.0000,0.0000,0.0000,0.0000,0.0000,0.000,0,SEARCH,0.0000,0.0000,0.0000,0.0180
68186,dynamic,1.1299,0.5334,6.2658,0.00,2.061,0.0000,0.0000,0.0000,0.0000,0.0000,0.000,0,SEARCH,0.0000,0.0000,0.0000,0.0183
68276,dynamic,1.1438,0.5402,6.2678,0.00,2.059,0.0000,0.0000,0.0000,0.0000,0.0000,0.000,0,SEARCH,0.0000,0.0000,0.0000,0.0177
68376,dynamic,1.1550,0.5468,6.2704,0.00,2.052,0.0000,0.0000,0.0000,0.0000,0.0000,0.000,0,SEARCH,0.0000,0.0000,0.0000,0.0157
68481,dynamic,1.1688,0.5530,6.2734,0.00,2.051,0.0000,0.0000,0.0000,0.0000,0.0000,0.000,0,SEARCH,0.0000,0.0000,0.0000,0.0152
68577,dynamic,1.1810,0.5593,6.2765,41.82,2.053,-0.6509,2.5289,2.6114,-0.6721,2.5234,0.000,1,SEARCH,0.0000,0.0000,0.0000,0.0160
68676,dynamic,1.1897,0.5633,6.2806,39.20,2.054,-0.5986,2.3471,2.4222,-0.6133,2.3432,0.000,1,SEARCH,0.0000,0.0000,0.0000,0.0161
68776,dynamic,1.2045,0.5697,0.0028,39.22,2.050,-0.6722,2.1215,2.2255,-0.6699,2.1222,0.000,1,SEARCH,0.0000,0.0000,0.0000,0.0151
68878,dynamic,1.2155,0.5724,0.0084,39.22,2.050,-0.6722,2.1215,2.2255,-0.6644,2.1240,0.000,1,SEARCH,0.0000,0.0000,0.0000,0.0151
68976,dynamic,1.2250,0.5745,0.0099,39.19,2.051,-0.6957,1.9497,2.0700,-0.6795,1.9553,0.000,1,SEARCH,0.0000,0.0000,0.0000,0.0153
69076,dynamic,1.2341,0.5765,0.0152,39.19,2.053,-0.6957,1.9497,2.0700,-0.6690,1.9589,0.000,1,SEARCH,0.0000,0.0000,0.0000,0.0158
69176,dynamic,1.2449,0.5768,0.0163,36.88,2.050,-0.7458,2.0683,2.1987,-0.7121,2.0802,0.000,1,SEARCH,0.0000,0.0000,0.0000,0.0151
69284,dynamic,1.2568,0.5756,0.0130,36.92,2.050,-0.7583,2.1445,2.2746,-0.7224,2.1568,0.000,1,SEARCH,0.0000,0.0000,0.0000,0.0150
69381,dynamic,1.2673,0.5760,0.0135,37.70,2.053,-0.7680,2.2191,2.3482,-0.7400,2.2285,0.000,1,SEARCH,0.0000,0.0000,0.0000,0.0160
69476,dynamic,1.2762,0.5751,0.0113,0.00,2.053,0.0000,0.0000,0.0000,0.0000,0.0000,0.000,0,SEARCH,0.0000,0.0000,0.0000,0.0159
69576,dynamic,1.2813,0.5767,0.0069,0.00,2.051,0.0000,0.0000,0.0000,0.0000,0.0000,0.000,0,SEARCH,0.0000,0.0000,0.0000,0.0154
69676,dynamic,1.2856,0.5782,0.0036,0.00,2.046,0.0000,0.0000,0.0000,0.0000,0.0000,0.000,0,SEARCH,0.0000,0.0000,0.0000,0.0139
69776,dynamic,1.2882,0.5789,0.0002,0.00,2.047,0.0000,0.0000,0.0000,0.0000,0.0000,0.000,0,SEARCH,0.0000,0.0000,0.0000,0.0140
69876,dynamic,1.2930,0.5799,6.2823,0.00,2.049,0.0000,0.0000,0.0000,0.0000,0.0000,0.000,0,SEARCH,0.0000,0.0000,0.0000,0.0146
69977,dynamic,1.2965,0.5818,6.2829,40.25,2.045,-0.5011,2.9453,2.9876,-0.5026,2.9450,0.000,1,SEARCH,0.0000,0.0000,0.0000,0.0135
70076,dynamic,1.2993,0.5834,6.2806,40.83,2.039,-0.4923,2.9759,3.0164,-0.4980,2.9750,0.000,1,SEARCH,0.0000,0.0000,0.0000,0.0118
70176,dynamic,1.3024,0.5851,6.2797,40.83,2.037,-0.4923,2.9759,3.0164,-0.4977,2.9750,0.000,1,SEARCH,0.0000,0.0000,0.0000,0.0110
70280,dynamic,1.3064,0.5868,6.2800,43.75,2.034,-0.5390,3.0038,3.0518,-0.5467,3.0024,0.000,1,SEARCH,0.0000,0.0000,0.0000,0.0102
70376,dynamic,1.3101,0.5870,6.2824,43.74,2.030,-0.5603,3.0304,3.0817,-0.5656,3.0294,0.000,1,SEARCH,0.0000,0.0000,0.0000,0.0091
70477,dynamic,1.3155,0.5876,6.2811,44.49,2.027,-0.5383,3.1353,3.1811,-0.5464,3.1339,0.000,1,SEARCH,0.0000,0.0000,0.0000,0.0081
70576,dynamic,1.3201,0.5899,6.2818,44.05,2.021,-0.5567,3.1933,3.2415,-0.5598,3.1928,0.000,1,SEARCH,0.0000,0.0000,0.0000,0.0062
70680,dynamic,1.3255,0.5919,6.2820,43.90,2.017,-0.4057,3.4080,3.4321,-0.4069,3.4079,0.000,1,SEARCH,0.0000,0.0000,0.0000,0.0051
70782,dynamic,1.3316,0.5947,6.2816,44.59,2.017,-0.4282,3.4414,3.4679,-0.4270,3.4415,0.000,1,SEARCH,0.0000,0.0000,0.0000,0.0051
70876,dynamic,1.3385,0.5987,0.0019,45.60,2.015,-0.4263,3.5644,3.5898,-0.4329,3.5636,0.000,1,SEARCH,0.0000,0.0000,0.0000,0.0046
70984,dynamic,1.3484,0.6014,6.2821,45.60,2.010,-0.4263,3.5644,3.5898,-0.4253,3.5645,0.000,1,SEARCH,0.0000,0.0000,0.0000,0.0030
71076,dynamic,1.3570,0.6037,6.2830,46.66,2.004,-0.3917,3.8327,3.8527,-0.3859,3.8333,0.000,1,SEARCH,0.0000,0.0000,0.0000,0.0013
71177,dynamic,1.3668,0.6071,6.2792,49.25,1.997,-0.2821,4.0913,4.1010,-0.2865,4.0910,0.000,1,SEARCH,0.0000,0.0000,0.0000,-0.0008
71276,dynamic,1.3762,0.6106,6.2759,50.05,1.995,-0.2826,4.2336,4.2430,-0.3012,4.2323,0.000,1,SEARCH,0.0000,0.0000,0.0000,-0.0015
71376,dynamic,1.3825,0.6123,6.2715,49.57,1.994,-0.1864,4.4667,4.4706,-0.2219,4.4651,0.000,1,SEARCH,0.0000,0.0000,0.0000,-0.0018
71485,dynamic,1.3920,0.6148,6.2716,50.36,2.001,-0.1695,4.6222,4.6253,-0.2216,4.6200,0.000,1,SEARCH,0.0000,0.0000,0.0000,0.0003
71580,dynamic,1.4004,0.6187,6.2675,50.73,2.007,-0.1903,4.6080,4.6119,-0.2643,4.6043,0.000,1,SEARCH,0.0000,0.0000,0.0000,0.0020
71682,dynamic,1.4088,0.6211,6.2654,51.52,2.006,-0.0826,4.7865,4.7872,-0.1602,4.7845,0.000,1,SEARCH,0.0000,0.0000,0.0000,0.0019
71777,dynamic,1.4169,0.6242,6.2656,51.00,2.007,-0.1625,4.6536,4.6564,-0.2369,4.6504,0.000,1,SEARCH,0.0000,0.0000,0.0000,0.0021
71877,dynamic,1.4242,0.6273,6.2652,51.00,2.006,-0.1625,4.6536,4.6564,-0.2422,4.6501,0.000,1,SEARCH,0.0000,0.0000,0.0000,0.0018
71977,dynamic,1.4283,0.6309,6.2641,50.20,2.006,-0.3546,4.1478,4.1630,-0.4324,4.1405,0.000,1,SEARCH,0.0000,0.0000,0.0000,0.0017
72077,dynamic,1.4317,0.6341,6.2630,50.20,2.004,-0.3546,4.1478,4.1630,-0.4290,4.1408,0.000,1,SEARCH,0.0000,0.0000,0.0000,0.0012
72179,dynamic,1.4367,0.6370,6.2638,48.51,2.002,-0.4078,3.7946,3.8164,-0.4866,3.7853,0.000,1,SEARCH,0.0000,0.0000,0.0000,0.0007
72279,dynamic,1.4412,0.6405,6.2629,47.85,2.002,-0.4558,3.5200,3.5493,-0.5266,3.5101,0.000,1,SEARCH,0.0000,0.0000,0.0000,0.0007
72378,dynamic,1.4443,0.6458,6.2633,0.00,2.001,0.0000,0.0000,0.0000,0.0000,0.0000,0.000,0,SEARCH,0.0000,0.0000,0.0000,0.0004
72478,dynamic,1.4476,0.6518,6.2630,0.00,2.003,0.0000,0.0000,0.0000,0.0000,0.0000,0.000,0,SEARCH,0.0000,0.0000,0.0000,0.0010
72586,dynamic,1.4527,0.6573,6.2572,0.00,2.007,0.0000,0.0000,0.0000,0.0000,0.0000,0.000,0,SEARCH,0.0000,0.0000,0.0000,0.0021
72681,dynamic,1.4566,0.6608,6.2608,0.00,2.005,0.0000,0.0000,0.0000,0.0000,0.0000,0.000,0,SEARCH,0.0000,0.0000,0.0000,0.0016
72783,dynamic,1.4620,0.6659,6.2572,42.47,2.002,-0.3860,2.8040,2.8304,-0.4506,2.7943,0.000,1,SEARCH,0.0000,0.0000,0.0000,0.0005
72881,dynamic,1.4679,0.6702,6.2612,42.25,1.995,-0.3995,2.7348,2.7638,-0.4668,2.7241,0.000,1,SEARCH,0.0000,0.0000,0.0000,-0.0015
72978,dynamic,1.4752,0.6757,6.2605,41.62,1.988,-0.3741,2.6857,2.7116,-0.4363,2.6763,0.000,1,SEARCH,0.0000,0.0000,0.0000,-0.0036
73079,dynamic,1.4839,0.6803,6.2669,42.15,1.987,-0.3056,2.6564,2.6740,-0.3628,2.6493,0.000,1,SEARCH,0.0000,0.0000,0.0000,-0.0038
73181,dynamic,1.4946,0.6838,6.2729,42.88,1.990,-0.3582,2.5837,2.6084,-0.3954,2.5783,0.000,1,SEARCH,0.0000,0.0000,0.0000,-0.0030
73283,dynamic,1.5050,0.6854,6.2789,41.22,1.990,-0.3819,2.5395,2.5681,-0.4063,2.5357,0.000,1,SEARCH,0.0000,0.0000,0.0000,-0.0031
73381,dynamic,1.5139,0.6865,0.0072,40.56,1.996,-0.5643,2.4481,2.5123,-0.5673,2.4474,0.000,1,SEARCH,0.0000,0.0000,0.0000,-0.0012
73481,dynamic,1.5217,0.6869,0.0133,39.36,1.991,-0.4743,2.4921,2.5368,-0.4533,2.4960,0.000,1,SEARCH,0.0000,0.0000,0.0000,-0.0027
73576,dynamic,1.5312,0.6876,0.0168,38.60,1.977,-0.5950,2.4331,2.5048,-0.5586,2.4417,0.000,1,SEARCH,0.0000,0.0000,0.0000,-0.0070
73679,dynamic,1.5401,0.6863,0.0188,38.60,1.959,-0.5950,2.4331,2.5048,-0.5467,2.4444,0.000,1,SEARCH,0.0000,0.0000,0.0000,-0.0122
73777,dynamic,1.5501,0.6849,0.0206,40.62,1.946,-0.7649,2.3752,2.4953,-0.7152,2.3907,0.000,1,SEARCH,0.0000,0.0000,0.0000,-0.0161
73882,dynamic,1.5574,0.6821,0.0239,40.97,1.938,-0.7174,2.4460,2.5490,-0.6577,2.4627,0.000,1,SEARCH,0.0000,0.0000,0.0000,-0.0187
73978,dynamic,1.5665,0.6784,0.0268,41.76,1.934,-0.6982,2.4874,2.5836,-0.6395,2.5032,0.000,1,SEARCH,0.0000,0.0000,0.0000,-0.0197
74079,dynamic,1.5768,0.6738,0.0237,43.22,1.927,-0.6913,2.5213,2.6143,-0.6298,2.5374,0.000,1,SEARCH,0.0000,0.0000,0.0000,-0.0218
74180,dynamic,1.5914,0.6686,0.0246,43.04,1.924,-0.6782,2.5113,2.6013,-0.6173,2.5270,0.000,1,SEARCH,0.0000,0.0000,0.0000,-0.0228
74278,dynamic,1.6047,0.6625,0.0224,44.75,1.913,-0.7601,2.4647,2.5792,-0.7004,2.4823,0.000,1,SEARCH,0.0000,0.0000,0.0000,-0.0260
74381,dynamic,1.6183,0.6574,0.0208,43.85,1.896,-0.7701,2.4332,2.5522,-0.7151,2.4499,0.000,1,SEARCH,0.0000,0.0000,0.0000,-0.0312
74485,dynamic,1.6299,0.6501,0.0247,45.77,1.887,-0.8743,2.3688,2.5250,-0.8214,2.3877,0.000,1,SEARCH,0.0000,0.0000,0.0000,-0.0338
74578,dynamic,1.6445,0.6426,0.0239,46.11,1.884,-0.9020,2.3450,2.5124,-0.8421,2.3671,0.000,1,SEARCH,0.0000,0.0000,0.0000,-0.0349
74678,dynamic,1.6572,0.6323,0.0284,44.72,1.872,-0.9481,2.2859,2.4748,-0.8869,2.3104,0.000,1,SEARCH,0.0000,0.0000,0.0000,-0.0383
74782,dynamic,1.6714,0.6196,0.0309,44.72,1.869,-0.9481,2.2859,2.4748,-0.8834,2.3117,0.000,1,SEARCH,0.0000,0.0000,0.0000,-0.0393
74884,dynamic,1.6838,0.6077,0.0315,41.73,1.869,-0.8637,2.2617,2.4210,-0.7913,2.2881,0.000,1,SEARCH,0.0000,0.0000,0.0000,-0.0393
74987,dynamic,1.7002,0.5971,0.0319,42.01,1.868,-0.8955,2.2006,2.3758,-0.8274,2.2271,0.000,1,SEARCH,0.0000,0.0000,0.0000,-0.0395
75077,dynamic,1.7148,0.5867,0.0351,45.48,1.867,-0.8929,2.0900,2.2728,-0.8244,2.1180,0.000,1,SEARCH,0.0000,0.0000,0.0000,-0.0400
75182,dynamic,1.7317,0.5771,0.0374,45.60,1.868,-0.9750,1.9801,2.2072,-0.9038,2.0136,0.000,1,SEARCH,0.0000,0.0000,0.0000,-0.0397
75282,dynamic,1.7441,0.5678,0.0357,44.30,1.867,-0.9704,1.9569,2.1843,-0.8967,1.9918,0.000,1,SEARCH,0.0000,0.0000,0.0000,-0.0399
75380,dynamic,1.7578,0.5581,0.0356,40.67,1.866,-0.9845,1.9351,2.1712,-0.9166,1.9682,0.000,1,SEARCH,0.0000,0.0000,0.0000,-0.0402
75478,dynamic,1.7692,0.5491,0.0318,40.67,1.865,-0.9845,1.9351,2.1712,-0.9154,1.9688,0.000,1,SEARCH,0.0000,0.0000,0.0000,-0.0404
75577,dynamic,1.7834,0.5395,0.0304,40.67,1.867,-0.9845,1.9351,2.1712,-0.9195,1.9668,0.000,1,SEARCH,0.0000,0.0000,0.0000,-0.0400
75677,dynamic,1.7922,0.5314,0.0246,35.43,1.867,-1.0629,1.8546,2.1376,-1.0068,1.8857,0.000,1,SEARCH,0.0000,0.0000,0.0000,-0.0400
75781,dynamic,1.8024,0.5224,0.0216,35.50,1.864,-1.0242,1.9111,2.1683,-0.9747,1.9368,0.000,1,SEARCH,0.0000,0.0000,0.0000,-0.0407
75881,dynamic,1.8092,0.5135,0.0186,35.50,1.862,-1.0242,1.9111,2.1683,-0.9818,1.9333,0.000,1,SEARCH,0.0000,0.0000,0.0000,-0.0415
75978,dynamic,1.8172,0.5059,0.0156,42.18,1.862,-1.0745,1.9598,2.2350,-1.0433,1.9766,0.000,1,SEARCH,0.0000,0.0000,0.0000,-0.0414
76080,dynamic,1.8218,0.4997,0.0108,42.18,1.861,-1.0745,1.9598,2.2350,-1.0477,1.9742,0.000,1,SEARCH,0.0000,0.0000,0.0000,-0.0418
76177,dynamic,1.8273,0.4926,0.0103,50.28,1.860,-1.0345,2.0272,2.2759,-1.0139,2.0375,0.000,1,SEARCH,0.0000,0.0000,0.0000,-0.0421
76277,dynamic,1.8327,0.4869,0.0065,48.94,1.860,-1.0306,2.0580,2.3016,-1.0100,2.0682,0.000,1,SEARCH,0.0000,0.0000,0.0000,-0.0421
76379,dynamic,1.8394,0.4802,0.0036,48.94,1.859,-1.0306,2.0580,2.3016,-1.0168,2.0648,0.000,1,SEARCH,0.0000,0.0000,0.0000,-0.0423
76479,dynamic,1.8457,0.4742,0.0015,49.85,1.860,-0.9667,2.1268,2.3362,-0.9609,2.1295,0.000,1,SEARCH,0.0000,0.0000,0.0000,-0.0421
76578,dynamic,1.8540,0.4679,6.2803,49.85,1.863,-0.9667,2.1268,2.3362,-0.9645,2.1279,0.000,1,SEARCH,0.0000,0.0000,0.0000,-0.0412
76680,dynamic,1.8604,0.4627,6.2807,49.85,1.864,-0.9667,2.1268,2.3362,-0.9744,2.1234,0.000,1,SEARCH,0.0000,0.0000,0.0000,-0.0407
76777,dynamic,1.8658,0.4589,6.2794,50.67,1.868,-1.0273,2.1609,2.3927,-1.0327,2.1584,0.000,1,SEARCH,0.0000,0.0000,0.0000,-0.0397
76891,dynamic,1.8690,0.4564,6.2813,49.88,1.870,-0.9936,2.1766,2.3926,-1.0031,2.1722,0.000,1,SEARCH,0.0000,0.0000,0.0000,-0.0390
76978,dynamic,1.8733,0.4541,0.0008,50.88,1.873,-1.0150,2.1713,2.3968,-1.0182,2.1698,0.000,1,SEARCH,0.0000,0.0000,0.0000,-0.0381
77078,dynamic,1.8754,0.4535,6.2823,50.55,1.877,-1.0519,2.1478,2.3916,-1.0501,2.1487,0.000,1,SEARCH,0.0000,0.0000,0.0000,-0.0370
77179,dynamic,1.8786,0.4521,0.0021,50.68,1.878,-1.0451,2.1655,2.4045,-1.0470,2.1646,0.000,1,SEARCH,0.0000,0.0000,0.0000,-0.0367
77280,dynamic,1.8813,0.4505,0.0028,51.19,1.880,-1.0990,2.1255,2.3928,-1.0932,2.1285,0.000,1,SEARCH,0.0000,0.0000,0.0000,-0.0359
77381,dynamic,1.8862,0.4483,0.0009,50.22,1.883,-1.1500,2.0993,2.3936,-1.1434,2.1029,0.000,1,SEARCH,0.0000,0.0000,0.0000,-0.0352
77478,dynamic,1.8890,0.4452,0.0030,51.37,1.883,-1.1438,2.1225,2.4111,-1.1419,2.1236,0.000,1,SEARCH,0.0000,0.0000,0.0000,-0.0352
77578,dynamic,1.8929,0.4391,0.0000,51.37,1.886,-1.1438,2.1225,2.4111,-1.1378,2.1258,0.000,1,SEARCH,0.0000,0.0000,0.0000,-0.0343
77679,dynamic,1.8945,0.4345,6.2797,51.64,1.888,-1.1509,2.1137,2.4067,-1.1507,2.1138,0.000,1,SEARCH,0.0000,0.0000,0.0000,-0.0336
77781,dynamic,1.8979,0.4287,6.2775,51.64,1.891,-1.1509,2.1137,2.4067,-1.1596,2.1089,0.000,1,SEARCH,0.0000,0.0000,0.0000,-0.0328
77886,dynamic,1.9005,0.4241,6.2763,50.50,1.896,-1.0825,2.2104,2.4612,-1.0967,2.2034,0.000,1,SEARCH,0.0000,0.0000,0.0000,-0.0313
77979,dynamic,1.9047,0.4184,6.2768,50.99,1.900,-1.0774,2.2314,2.4779,-1.0936,2.2235,0.000,1,SEARCH,0.0000,0.0000,0.0000,-0.0301
78081,dynamic,1.9083,0.4130,6.2753,50.59,1.904,-1.0840,2.2553,2.5023,-1.0977,2.2487,0.000,1,SEARCH,0.0000,0.0000,0.0000,-0.0288
78179,dynamic,1.9112,0.4066,6.2765,50.59,1.910,-1.0840,2.2553,2.5023,-1.1001,2.2475,0.000,1,SEARCH,0.0000,0.0000,0.0000,-0.0271
78281,dynamic,1.9128,0.4007,6.2748,50.59,1.915,-1.0840,2.2553,2.5023,-1.1027,2.2462,0.000,1,SEARCH,0.0000,0.0000,0.0000,-0.0255
78379,dynamic,1.9147,0.3927,6.2773,52.43,1.921,-1.1610,2.2491,2.5311,-1.1755,2.2416,0.000,1,SEARCH,0.0000,0.0000,0.0000,-0.0236
78479,dynamic,1.9136,0.3861,6.2782,51.00,1.927,-1.1318,2.2770,2.5427,-1.1412,2.2723,0.000,1,SEARCH,0.0000,0.0000,0.0000,-0.0220
78577,dynamic,1.9129,0.3802,6.2812,51.00,1.932,-1.1318,2.2770,2.5427,-1.1435,2.2711,0.000,1,SEARCH,0.0000,0.0000,0.0000,-0.0204
78678,dynamic,1.9108,0.3762,0.0003,51.78,1.934,-1.1773,2.2448,2.5348,-1.1813,2.2427,0.000,1,SEARCH,0.0000,0.0000,0.0000,-0.0197
78779,dynamic,1.9092,0.3727,0.0018,51.71,1.934,-1.2144,2.2512,2.5578,-1.2126,2.2521,0.000,1,SEARCH,0.0000,0.0000,0.0000,-0.0197
78879,dynamic,1.9073,0.3696,0.0060,51.04,1.937,-1.2023,2.2419,2.5440,-1.1943,2.2462,0.000,1,SEARCH,0.0000,0.0000,0.0000,-0.0190
78985,dynamic,1.9067,0.3670,0.0053,52.37,1.937,-1.1909,2.2480,2.5440,-1.1773,2.2552,0.000,1,SEARCH,0.0000,0.0000,0.0000,-0.0190
79079,dynamic,1.9049,0.3650,0.0067,50.19,1.937,-1.1633,2.2674,2.5484,-1.1466,2.2759,0.000,1,SEARCH,0.0000,0.0000,0.0000,-0.0188
79184,dynamic,1.9075,0.3624,0.0098,50.19,1.941,-1.1633,2.2674,2.5484,-1.1453,2.2765,0.000,1,SEARCH,0.0000,0.0000,0.0000,-0.0178
79280,dynamic,1.9106,0.3607,0.0086,50.80,1.940,-1.1803,2.2415,2.5333,-1.1679,2.2480,0.000,1,SEARCH,0.0000,0.0000,0.0000,-0.0180
79378,dynamic,1.9129,0.3605,0.0071,49.91,1.935,-1.1848,2.2395,2.5336,-1.1661,2.2493,0.000,1,SEARCH,0.0000,0.0000,0.0000,-0.0194
79478,dynamic,1.9129,0.3598,0.0068,51.18,1.924,-1.1793,2.2384,2.5300,-1.1641,2.2463,0.000,1,SEARCH,0.0000,0.0000,0.0000,-0.0227
79581,dynamic,1.9126,0.3587,0.0015,51.61,1.922,-1.1876,2.2336,2.5297,-1.1751,2.2401,0.000,1,SEARCH,0.0000,0.0000,0.0000,-0.0234
79676,dynamic,1.9112,0.3582,0.0007,50.79,1.925,-1.2065,2.2300,2.5355,-1.1980,2.2346,0.000,1,SEARCH,0.0000,0.0000,0.0000,-0.0226
79780,dynamic,1.9122,0.3565,6.2805,51.59,1.928,-1.1647,2.2860,2.5655,-1.1678,2.2843,0.000,1,SEARCH,0.0000,0.0000,0.0000,-0.0217
79878,dynamic,1.9128,0.3547,6.2783,51.59,1.933,-1.1647,2.2860,2.5655,-1.1715,2.2824,0.000,1,SEARCH,0.0000,0.0000,0.0000,-0.0201
79977,dynamic,1.9144,0.3531,6.2731,51.59,1.938,-1.1647,2.2860,2.5655,-1.1818,2.2771,0.000,1,SEARCH,0.0000,0.0000,0.0000,-0.0186
80078,dynamic,1.9152,0.3519,6.2696,51.64,1.940,-1.1689,2.3299,2.6067,-1.1905,2.3190,0.000,1,SEARCH,0.0000,0.0000,0.0000,-0.0179
80180,dynamic,1.9168,0.3519,6.2672,51.64,1.946,-1.1689,2.3299,2.6067,-1.2014,2.3133,0.000,1,SEARCH,0.0000,0.0000,0.0000,-0.0162
80276,dynamic,1.9167,0.3534,6.2614,52.56,1.949,-1.1849,2.3642,2.6445,-1.2273,2.3424,0.000,1,SEARCH,0.0000,0.0000,0.0000,-0.0152
80377,dynamic,1.9176,0.3546,6.2609,52.56,1.950,-1.1849,2.3642,2.6445,-1.2374,2.3371,0.000,1,SEARCH,0.0000,0.0000,0.0000,-0.0149
80477,dynamic,1.9177,0.3557,6.2603,52.56,1.948,-1.1849,2.3642,2.6445,-1.2341,2.3389,0.000,1,SEARCH,0.0000,0.0000,0.0000,-0.0155
80576,dynamic,1.9198,0.3589,6.2617,52.99,1.952,-1.1484,2.3985,2.6593,-1.1969,2.3747,0.000,1,SEARCH,0.0000,0.0000,0.0000,-0.0143
80677,dynamic,1.9197,0.3615,6.2638,52.93,1.959,-1.1452,2.3914,2.6515,-1.1924,2.3683,0.000,1,SEARCH,0.0000,0.0000,0.0000,-0.0122
80779,dynamic,1.9236,0.3630,6.2619,52.93,1.963,-1.1452,2.3914,2.6515,-1.1941,2.3674,0.000,1,SEARCH,0.0000,0.0000,0.0000,-0.0112
80876,dynamic,1.9270,0.3636,6.2645,52.10,1.967,-1.2280,2.3455,2.6476,-1.2761,2.3197,0.000,1,SEARCH,0.0000,0.0000,0.0000,-0.0100
80977,dynamic,1.9343,0.3633,6.2650,53.12,1.968,-1.2557,2.3416,2.6570,-1.3006,2.3169,0.000,1,SEARCH,0.0000,0.0000,0.0000,-0.0095
81076,dynamic,1.9399,0.3626,6.2676,53.12,1.963,-1.2557,2.3416,2.6570,-1.2980,2.3184,0.000,1,SEARCH,0.0000,0.0000,0.0000,-0.0111
81179,dynamic,1.9478,0.3619,6.2698,53.12,1.958,-1.2557,2.3416,2.6570,-1.2871,2.3245,0.000,1,SEARCH,0.0000,0.0000,0.0000,-0.0126
81276,dynamic,1.9542,0.3616,6.2708,51.59,1.958,-1.2375,2.3213,2.6306,-1.2705,2.3034,0.000,1,SEARCH,0.0000,0.0000,0.0000,-0.0125
81376,dynamic,1.9609,0.3612,6.2693,51.98,1.959,-1.2342,2.3252,2.6324,-1.2612,2.3107,0.000,1,SEARCH,0.0000,0.0000,0.0000,-0.0123
81477,dynamic,1.9671,0.3595,6.2698,51.84,1.963,-1.2318,2.3424,2.6465,-1.2621,2.3262,0.000,1,SEARCH,0.0000,0.0000,0.0000,-0.0111
81577,dynamic,1.9723,0.3563,6.2670,52.69,1.962,-1.2598,2.3194,2.6395,-1.2943,2.3003,0.000,1,SEARCH,0.0000,0.0000,0.0000,-0.0113
81677,dynamic,1.9773,0.3525,6.2680,52.70,1.961,-1.2797,2.3286,2.6570,-1.3193,2.3063,0.000,1,SEARCH,0.0000,0.0000,0.0000,-0.0116
81781,dynamic,1.9793,0.3497,6.2719,52.70,1.962,-1.2797,2.3286,2.6570,-1.3140,2.3094,0.000,1,SEARCH,0.0000,0.0000,0.0000,-0.0113
81877,dynamic,1.9793,0.3483,6.2747,52.74,1.959,-1.2526,2.3420,2.6560,-1.2812,2.3265,0.000,1,SEARCH,0.0000,0.0000,0.0000,-0.0122
81976,dynamic,1.9796,0.3486,6.2752,52.74,1.952,-1.2526,2.3420,2.6560,-1.2719,2.3316,0.000,1,SEARCH,0.0000,0.0000,0.0000,-0.0144
82077,dynamic,1.9789,0.3501,6.2802,52.88,1.950,-1.2189,2.3166,2.6177,-1.2366,2.3072,0.000,1,SEARCH,0.0000,0.0000,0.0000,-0.0150
82176,dynamic,1.9782,0.3513,6.2808,52.88,1.944,-1.2189,2.3166,2.6177,-1.2237,2.3140,0.000,1,SEARCH,0.0000,0.0000,0.0000,-0.0168
82285,dynamic,1.9778,0.3525,6.2825,51.57,1.941,-1.1853,2.3164,2.6021,-1.1922,2.3129,0.000,1,SEARCH,0.0000,0.0000,0.0000,-0.0176
82376,dynamic,1.9788,0.3548,0.0014,51.98,1.940,-1.1940,2.3065,2.5973,-1.1896,2.3088,0.000,1,SEARCH,0.0000,0.0000,0.0000,-0.0179
82476,dynamic,1.9805,0.3567,6.2831,51.98,1.938,-1.1940,2.3065,2.5973,-1.1921,2.3075,0.000,1,SEARCH,0.0000,0.0000,0.0000,-0.0185
82576,dynamic,1.9781,0.3595,0.0023,51.37,1.937,-1.1972,2.2645,2.5615,-1.1960,2.2651,0.000,1,SEARCH,0.0000,0.0000,0.0000,-0.0188
82676,dynamic,1.9756,0.3616,6.2832,51.78,1.937,-1.2066,2.2558,2.5582,-1.2030,2.2577,0.000,1,SEARCH,0.0000,0.0000,0.0000,-0.0188
82776,dynamic,1.9716,0.3655,0.0029,51.88,1.939,-1.1857,2.2578,2.5502,-1.1861,2.2575,0.000,1,SEARCH,0.0000,0.0000,0.0000,-0.0182
82876,dynamic,1.9677,0.3690,6.2830,51.24,1.938,-1.2241,2.2370,2.5500,-1.2186,2.2400,0.000,1,SEARCH,0.0000,0.0000,0.0000,-0.0185
82977,dynamic,1.9640,0.3727,6.2826,50.76,1.941,-1.1962,2.2447,2.5435,-1.1969,2.2443,0.000,1,SEARCH,0.0000,0.0000,0.0000,-0.0177
83076,dynamic,1.9604,0.3757,6.2822,51.86,1.941,-1.2000,2.2267,2.5295,-1.1988,2.2274,0.000,1,SEARCH,0.0000,0.0000,0.0000,-0.0178
83176,dynamic,1.9552,0.3804,6.2812,52.03,1.942,-1.1838,2.2572,2.5488,-1.1881,2.2550,0.000,1,SEARCH,0.0000,0.0000,0.0000,-0.0174
83278,dynamic,1.9492,0.3847,6.2821,51.95,1.942,-1.1817,2.2293,2.5232,-1.1834,2.2284,0.000,1,SEARCH,0.0000,0.0000,0.0000,-0.0173
83376,dynamic,1.9425,0.3900,6.2799,52.54,1.948,-1.1850,2.2528,2.5455,-1.1873,2.2516,0.000,1,SEARCH,0.0000,0.0000,0.0000,-0.0156
83476,dynamic,1.9367,0.3957,6.2800,50.57,1.958,-1.0923,2.2890,2.5363,-1.0961,2.2872,0.000,1,SEARCH,0.0000,0.0000,0.0000,-0.0127
83577,dynamic,1.9311,0.4020,6.2817,50.57,1.962,-1.0923,2.2890,2.5363,-1.0983,2.2861,0.000,1,SEARCH,0.0000,0.0000,0.0000,-0.0113
83676,dynamic,1.9252,0.4084,6.2803,51.55,1.961,-1.1473,2.2791,2.5515,-1.1507,2.2773,0.000,1,SEARCH,0.0000,0.0000,0.0000,-0.0116
83779,dynamic,1.9194,0.4147,6.2811,51.09,1.963,-1.1698,2.2634,2.5479,-1.1692,2.2638,0.000,1,SEARCH,0.0000,0.0000,0.0000,-0.0110
83876,dynamic,1.9146,0.4214,6.2825,50.69,1.963,-1.1508,2.2629,2.5388,-1.1519,2.2624,0.000,1,SEARCH,0.0000,0.0000,0.0000,-0.0112
83976,dynamic,1.9093,0.4268,0.0035,50.92,1.962,-1.1885,2.2230,2.5208,-1.1895,2.2224,0.000,1,SEARCH,0.0000,0.0000,0.0000,-0.0114
84076,dynamic,1.9056,0.4321,0.0011,51.10,1.955,-1.1541,2.2252,2.5067,-1.1491,2.2278,0.000,1,SEARCH,0.0000,0.0000,0.0000,-0.0134
84176,dynamic,1.8997,0.4362,0.0024,51.10,1.952,-1.1541,2.2252,2.5067,-1.1498,2.2274,0.000,1,SEARCH,0.0000,0.0000,0.0000,-0.0145
84277,dynamic,1.8968,0.4399,0.0009,52.00,1.949,-1.1435,2.2149,2.4926,-1.1374,2.2180,0.000,1,SEARCH,0.0000,0.0000,0.0000,-0.0153
84376,dynamic,1.8921,0.4443,0.0031,52.00,1.943,-1.1435,2.2149,2.4926,-1.1417,2.2158,0.000,1,SEARCH,0.0000,0.0000,0.0000,-0.0170
84477,dynamic,1.8879,0.4469,0.0011,50.79,1.939,-1.0814,2.2513,2.4976,-1.0747,2.2545,0.000,1,SEARCH,0.0000,0.0000,0.0000,-0.0183
84576,dynamic,1.8794,0.4480,0.0024,50.32,1.937,-1.0792,2.2165,2.4652,-1.0729,2.2195,0.000,1,SEARCH,0.0000,0.0000,0.0000,-0.0190
84676,dynamic,1.8713,0.4501,0.0037,50.32,1.937,-1.0792,2.2165,2.4652,-1.0711,2.2204,0.000,1,SEARCH,0.0000,0.0000,0.0000,-0.0188
84776,dynamic,1.8579,0.4503,0.0052,51.18,1.936,-1.0769,2.2272,2.4739,-1.0661,2.2324,0.000,1,SEARCH,0.0000,0.0000,0.0000,-0.0191
84876,dynamic,1.8485,0.4509,0.0048,50.87,1.933,-1.0720,2.2176,2.4631,-1.0615,2.2226,0.000,1,SEARCH,0.0000,0.0000,0.0000,-0.0202
84978,dynamic,1.8332,0.4510,0.0082,50.87,1.928,-1.0720,2.2176,2.4631,-1.0556,2.2254,0.000,1,SEARCH,0.0000,0.0000,0.0000,-0.0217
85076,dynamic,1.8198,0.4516,0.0087,50.25,1.925,-0.9019,2.2778,2.4498,-0.8844,2.2846,0.000,1,SEARCH,0.0000,0.0000,0.0000,-0.0225
85176,dynamic,1.8026,0.4533,0.0121,49.89,1.923,-0.9189,2.2439,2.4247,-0.8974,2.2525,0.000,1,SEARCH,0.0000,0.0000,0.0000,-0.0231
85276,dynamic,1.7873,0.4551,0.0099,49.73,1.920,-0.8607,2.2795,2.4366,-0.8325,2.2900,0.000,1,SEARCH,0.0000,0.0000,0.0000,-0.0240
85376,dynamic,1.7718,0.4558,0.0093,50.55,1.916,-0.8559,2.2618,2.4184,-0.8320,2.2707,0.000,1,SEARCH,0.0000,0.0000,0.0000,-0.0251
85478,dynamic,1.7579,0.4571,0.0059,49.47,1.906,-0.7851,2.2856,2.4167,-0.7688,2.2912,0.000,1,SEARCH,0.0000,0.0000,0.0000,-0.0283
85578,dynamic,1.7403,0.4571,0.0035,48.84,1.907,-0.7095,2.3045,2.4112,-0.6957,2.3087,0.000,1,SEARCH,0.0000,0.0000,0.0000,-0.0280
85676,dynamic,1.7277,0.4576,0.0026,49.04,1.909,-0.6778,2.3250,2.4218,-0.6680,2.3278,0.000,1,SEARCH,0.0000,0.0000,0.0000,-0.0273
85776,dynamic,1.7132,0.4603,6.2820,49.04,1.912,-0.6778,2.3250,2.4218,-0.6742,2.3261,0.000,1,SEARCH,0.0000,0.0000,0.0000,-0.0264
85880,dynamic,1.7022,0.4634,6.2811,49.52,1.906,-0.7099,2.3413,2.4466,-0.7128,2.3405,0.000,1,SEARCH,0.0000,0.0000,0.0000,-0.0283
85976,dynamic,1.6906,0.4676,6.2819,49.40,1.899,-0.6405,2.3990,2.4830,-0.6465,2.3974,0.000,1,SEARCH,0.0000,0.0000,0.0000,-0.0304
86076,dynamic,1.6804,0.4727,6.2784,49.38,1.891,-0.5720,2.4138,2.4806,-0.5780,2.4123,0.000,1,SEARCH,0.0000,0.0000,0.0000,-0.0328
86176,dynamic,1.6649,0.4813,6.2776,49.55,1.887,-0.6167,2.3846,2.4631,-0.6232,2.3829,0.000,1,SEARCH,0.0000,0.0000,0.0000,-0.0340
86278,dynamic,1.6514,0.4892,6.2752,49.41,1.881,-0.5755,2.3958,2.4639,-0.5904,2.3922,0.000,1,SEARCH,0.0000,0.0000,0.0000,-0.0358
86376,dynamic,1.6360,0.4954,6.2759,49.29,1.872,-0.6018,2.3761,2.4511,-0.6150,2.3727,0.000,1,SEARCH,0.0000,0.0000,0.0000,-0.0384
86476,dynamic,1.6199,0.5015,6.2730,48.92,1.863,-0.4375,2.4150,2.4543,-0.4584,2.4111,0.000,1,SEARCH,0.0000,0.0000,0.0000,-0.0412
86576,dynamic,1.6058,0.5066,6.2726,49.01,1.858,-0.3483,2.4386,2.4634,-0.3704,2.4354,0.000,1,SEARCH,0.0000,0.0000,0.0000,-0.0427
86676,dynamic,1.5941,0.5114,6.2750,48.17,1.861,-0.3776,2.4187,2.4480,-0.4021,2.4148,0.000,1,SEARCH,0.0000,0.0000,0.0000,-0.0416
86777,dynamic,1.5823,0.5154,6.2745,48.17,1.867,-0.3776,2.4187,2.4480,-0.3972,2.4156,0.000,1,SEARCH,0.0000,0.0000,0.0000,-0.0399
86876,dynamic,1.5714,0.5206,6.2768,49.99,1.870,-0.4446,2.3742,2.4155,-0.4650,2.3703,0.000,1,SEARCH,0.0000,0.0000,0.0000,-0.0389
86976,dynamic,1.5604,0.5269,6.2757,49.43,1.873,-0.4528,2.3689,2.4117,-0.4684,2.3658,0.000,1,SEARCH,0.0000,0.0000,0.0000,-0.0382
87077,dynamic,1.5507,0.5328,6.2799,50.37,1.875,-0.5075,2.3398,2.3943,-0.5230,2.3364,0.000,1,SEARCH,0.0000,0.0000,0.0000,-0.0376
87181,dynamic,1.5416,0.5385,6.2805,50.27,1.876,-0.4769,2.3444,2.3924,-0.4839,2.3429,0.000,1,SEARCH,0.0000,0.0000,0.0000,-0.0372
87281,dynamic,1.5349,0.5431,6.2792,47.91,1.886,-0.4445,2.3459,2.3876,-0.4517,2.3445,0.000,1,SEARCH,0.0000,0.0000,0.0000,-0.0341
87382,dynamic,1.5313,0.5476,6.2813,47.27,1.896,-0.4238,2.3311,2.3693,-0.4270,2.3305,0.000,1,SEARCH,0.0000,0.0000,0.0000,-0.0311
87482,dynamic,1.5311,0.5513,6.2809,48.76,1.890,-0.3875,2.3151,2.3473,-0.3926,2.3143,0.000,1,SEARCH,0.0000,0.0000,0.0000,-0.0329
87576,dynamic,1.5312,0.5536,6.2807,47.00,1.891,-0.1683,2.3891,2.3951,-0.1721,2.3889,0.000,1,SEARCH,0.0000,0.0000,0.0000,-0.0327
87681,dynamic,1.5325,0.5529,6.2823,47.00,1.891,-0.1683,2.3891,2.3951,-0.1775,2.3885,0.000,1,SEARCH,0.0000,0.0000,0.0000,-0.0326
87781,dynamic,1.5336,0.5517,6.2830,47.21,1.897,-0.2576,2.3694,2.3833,-0.2593,2.3692,0.000,1,SEARCH,0.0000,0.0000,0.0000,-0.0308
87880,dynamic,1.5343,0.5503,0.0012,0.00,1.898,0.0000,0.0000,0.0000,0.0000,0.0000,0.000,0,SEARCH,0.0000,0.0000,0.0000,-0.0307
87980,dynamic,1.5331,0.5491,0.0063,48.70,1.897,-0.5978,2.2650,2.3426,-0.5864,2.2680,0.000,1,SEARCH,0.0000,0.0000,0.0000,-0.0310
88076,dynamic,1.5295,0.5479,0.0082,49.78,1.893,-0.6513,2.2366,2.3295,-0.6366,2.2408,0.000,1,SEARCH,0.0000,0.0000,0.0000,-0.0320
88177,dynamic,1.5273,0.5477,0.0117,49.06,1.896,-0.6701,2.2030,2.3027,-0.6521,2.2084,0.000,1,SEARCH,0.0000,0.0000,0.0000,-0.0311
88276,dynamic,1.5244,0.5480,0.0106,49.26,1.897,-0.6820,2.2066,2.3096,-0.6570,2.2141,0.000,1,SEARCH,0.0000,0.0000,0.0000,-0.0310
88376,dynamic,1.5220,0.5497,0.0140,49.33,1.899,-0.6644,2.1891,2.2878,-0.6410,2.1961,0.000,1,SEARCH,0.0000,0.0000,0.0000,-0.0302
88476,dynamic,1.5187,0.5512,0.0126,47.85,1.897,-0.6234,2.1980,2.2847,-0.5976,2.2052,0.000,1,SEARCH,0.0000,0.0000,0.0000,-0.0308
88576,dynamic,1.5158,0.5536,0.0076,47.99,1.896,-0.6099,2.2278,2.3097,-0.5823,2.2351,0.000,1,SEARCH,0.0000,0.0000,0.0000,-0.0312
88676,dynamic,1.5138,0.5581,0.0055,49.10,1.897,-0.5642,2.2390,2.3090,-0.5425,2.2443,0.000,1,SEARCH,0.0000,0.0000,0.0000,-0.0309
88780,dynamic,1.5136,0.5636,0.0020,49.10,1.895,-0.5642,2.2390,2.3090,-0.5550,2.2413,0.000,1,SEARCH,0.0000,0.0000,0.0000,-0.0315
88882,dynamic,1.5144,0.5701,0.0015,48.39,1.894,-0.5430,2.2694,2.3335,-0.5371,2.2708,0.000,1,SEARCH,0.0000,0.0000,0.0000,-0.0317
88980,dynamic,1.5172,0.5760,6.2822,48.35,1.895,-0.5673,2.2451,2.3156,-0.5663,2.2453,0.000,1,SEARCH,0.0000,0.0000,0.0000,-0.0314
89076,dynamic,1.5192,0.5836,6.2806,49.58,1.898,-0.5656,2.2342,2.3047,-0.5663,2.2340,0.000,1,SEARCH,0.0000,0.0000,0.0000,-0.0307
89176,dynamic,1.5213,0.5921,0.0001,49.31,1.900,-0.5613,2.2244,2.2941,-0.5679,2.2227,0.000,1,SEARCH,0.0000,0.0000,0.0000,-0.0300
89280,dynamic,1.5226,0.6019,0.0003,49.31,1.903,-0.5613,2.2244,2.2941,-0.5602,2.2247,0.000,1,SEARCH,0.0000,0.0000,0.0000,-0.0292
89380,dynamic,1.5231,0.6098,0.0025,47.93,1.904,-0.5619,2.2034,2.2739,-0.5563,2.2048,0.000,1,SEARCH,0.0000,0.0000,0.0000,-0.0288
89477,dynamic,1.5215,0.6236,0.0028,48.24,1.902,-0.5935,2.1690,2.2488,-0.5837,2.1717,0.000,1,SEARCH,0.0000,0.0000,0.0000,-0.0293
89577,dynamic,1.5205,0.6352,0.0003,48.57,1.902,-0.5848,2.1354,2.2140,-0.5804,2.1366,0.000,1,SEARCH,0.0000,0.0000,0.0000,-0.0294
89676,dynamic,1.5193,0.6470,6.2808,47.07,1.902,-33.8966,7.2183,34.6567,-33.8969,7.2170,0.000,1,SEARCH,0.0000,0.0000,0.0000,-0.0293
89776,dynamic,1.5188,0.6592,6.2760,47.07,1.902,-33.8966,7.2183,34.6567,-33.9233,7.0921,0.000,1,SEARCH,0.0000,0.0000,0.0000,-0.0294
89876,dynamic,1.5166,0.6716,6.2749,0.00,1.901,0.0000,0.0000,0.0000,0.0000,0.0000,0.000,0,SEARCH,0.0000,0.0000,0.0000,-0.0296
89976,dynamic,1.5151,0.6850,6.2736,0.00,1.902,0.0000,0.0000,0.0000,0.0000,0.0000,0.000,0,SEARCH,0.0000,0.0000,0.0000,-0.0293
90076,dynamic,1.5128,0.6990,6.2757,0.00,1.903,0.0000,0.0000,0.0000,0.0000,0.0000,0.000,0,SEARCH,0.0000,0.0000,0.0000,-0.0291
90180,dynamic,1.5100,0.7126,6.2788,0.00,1.904,0.0000,0.0000,0.0000,0.0000,0.0000,0.000,0,SEARCH,0.0000,0.0000,0.0000,-0.0289
90276,dynamic,1.5070,0.7268,6.2821,0.00,1.902,0.0000,0.0000,0.0000,0.0000,0.0000,0.000,0,SEARCH,0.0000,0.0000,0.0000,-0.0294
90376,dynamic,1.5059,0.7404,0.0022,0.00,1.904,0.0000,0.0000,0.0000,0.0000,0.0000,0.000,0,SEARCH,0.0000,0.0000,0.0000,-0.0288
90476,dynamic,1.5049,0.7544,0.0066,0.00,1.906,0.0000,0.0000,0.0000,0.0000,0.0000,0.000,0,SEARCH,0.0000,0.0000,0.0000,-0.0281
90576,dynamic,1.5062,0.7686,0.0078,0.00,1.908,0.0000,0.0000,0.0000,0.0000,0.0000,0.000,0,SEARCH,0.0000,0.0000,0.0000,-0.0276
90676,dynamic,1.5072,0.7831,0.0083,0.00,1.909,0.0000,0.0000,0.0000,0.0000,0.0000,0.000,0,SEARCH,0.0000,0.0000,0.0000,-0.0273
90776,dynamic,1.5084,0.7976,0.0074,0.00,1.911,0.0000,0.0000,0.0000,0.0000,0.0000,0.000,0,SEARCH,0.0000,0.0000,0.0000,-0.0266
90876,dynamic,1.5085,0.8124,0.0072,0.00,1.913,0.0000,0.0000,0.0000,0.0000,0.0000,0.000,0,SEARCH,0.0000,0.0000,0.0000,-0.0260
90976,dynamic,1.5084,0.8264,0.0020,0.00,1.915,0.0000,0.0000,0.0000,0.0000,0.0000,0.000,0,SEARCH,0.0000,0.0000,0.0000,-0.0256
91076,dynamic,1.5079,0.8403,6.2824,0.00,1.919,0.0000,0.0000,0.0000,0.0000,0.0000,0.000,0,SEARCH,0.0000,0.0000,0.0000,-0.0244
91176,dynamic,1.5087,0.8533,6.2782,0.00,1.921,0.0000,0.0000,0.0000,0.0000,0.0000,0.000,0,SEARCH,0.0000,0.0000,0.0000,-0.0236
91276,dynamic,1.5086,0.8650,6.2801,0.00,1.924,0.0000,0.0000,0.0000,0.0000,0.0000,0.000,0,SEARCH,0.0000,0.0000,0.0000,-0.0228
91381,dynamic,1.5094,0.8793,6.2826,0.00,1.926,0.0000,0.0000,0.0000,0.0000,0.0000,0.000,0,SEARCH,0.0000,0.0000,0.0000,-0.0223
91476,dynamic,1.5100,0.8919,6.2816,0.00,1.927,0.0000,0.0000,0.0000,0.0000,0.0000,0.000,0,SEARCH,0.0000,0.0000,0.0000,-0.0218
91576,dynamic,1.5093,0.9028,6.2792,0.00,1.928,0.0000,0.0000,0.0000,0.0000,0.0000,0.000,0,SEARCH,0.0000,0.0000,0.0000,-0.0215
91677,dynamic,1.5060,0.9142,6.2769,0.00,1.929,0.0000,0.0000,0.0000,0.0000,0.0000,0.000,0,SEARCH,0.0000,0.0000,0.0000,-0.0212
91776,dynamic,1.5037,0.9247,6.2760,0.00,1.929,0.0000,0.0000,0.0000,0.0000,0.0000,0.000,0,SEARCH,0.0000,0.0000,0.0000,-0.0214
91876,dynamic,1.5014,0.9352,6.2742,0.00,1.929,0.0000,0.0000,0.0000,0.0000,0.0000,0.000,0,SEARCH,0.0000,0.0000,0.0000,-0.0213
91976,dynamic,1.5014,0.9445,6.2710,0.00,1.929,0.0000,0.0000,0.0000,0.0000,0.0000,0.000,0,SEARCH,0.0000,0.0000,0.0000,-0.0214
92076,dynamic,1.5005,0.9536,6.2705,0.00,1.929,0.0000,0.0000,0.0000,0.0000,0.0000,0.000,0,SEARCH,0.0000,0.0000,0.0000,-0.0212
92176,dynamic,1.4987,0.9613,6.2724,0.00,1.930,0.0000,0.0000,0.0000,0.0000,0.0000,0.000,0,SEARCH,0.0000,0.0000,0.0000,-0.0209
92279,dynamic,1.4949,0.9715,6.2754,0.00,1.930,0.0000,0.0000,0.0000,0.0000,0.0000,0.000,0,SEARCH,0.0000,0.0000,0.0000,-0.0211
92384,dynamic,1.4881,0.9825,6.2776,38.72,1.929,0.8371,1.9795,2.1493,0.8202,1.9866,0.000,1,STABILIZE_HIGH,0.3883,0.8531,3.8720,-0.0213
92476,dynamic,1.4822,0.9978,6.2775,38.67,1.929,0.8020,1.9458,2.1046,0.7926,1.9496,0.000,1,STABILIZE_HIGH,0.3768,0.8377,3.8670,-0.0213
92579,dynamic,1.4760,1.0147,0.0029,38.67,1.930,0.8020,1.9458,2.1046,0.7941,1.9490,0.000,1,STABILIZE_HIGH,0.3773,0.8371,3.8670,-0.0211
92686,dynamic,1.4719,1.0405,0.0160,37.50,1.931,0.8580,2.0337,2.2073,0.8610,2.0324,0.000,1,STABILIZE_HIGH,0.4053,0.8702,3.7500,-0.0207
92777,dynamic,1.4764,1.0742,0.0353,0.00,1.934,0.0000,0.0000,0.0000,0.0000,0.0000,0.000,0,HOLD,0.4002,0.8593,3.7031,0.0003
92876,dynamic,1.4841,1.1176,0.0619,0.00,1.933,0.0000,0.0000,0.0000,0.0000,0.0000,0.000,0,HOLD,0.3901,0.8376,3.6094,0.0000
92983,dynamic,1.4931,1.1634,0.0873,0.00,1.926,0.0000,0.0000,0.0000,0.0000,0.0000,0.000,0,HOLD,0.3794,0.8146,3.5104,-0.0019
93076,dynamic,1.5033,1.2179,0.1159,0.00,1.918,0.0000,0.0000,0.0000,0.0000,0.0000,0.000,0,HOLD,0.3699,0.7941,3.4220,-0.0046
93180,dynamic,1.5150,1.2764,0.1475,0.00,1.908,0.0000,0.0000,0.0000,0.0000,0.0000,0.000,0,HOLD,0.3594,0.7717,3.3253,-0.0074
93279,dynamic,1.5262,1.3332,0.1764,0.00,1.906,0.0000,0.0000,0.0000,0.0000,0.0000,0.000,0,HOLD,0.3493,0.7500,3.2318,-0.0082
93376,dynamic,1.5381,1.4029,0.2196,0.00,1.908,0.0000,0.0000,0.0000,0.0000,0.0000,0.000,0,HOLD,0.3394,0.7288,3.1406,-0.0076
93478,dynamic,1.5477,1.4679,0.2525,0.00,1.911,0.0000,0.0000,0.0000,0.0000,0.0000,0.000,0,HOLD,0.3291,0.7066,3.0450,-0.0066
93576,dynamic,1.5547,1.5326,0.2901,0.00,1.913,0.0000,0.0000,0.0000,0.0000,0.0000,0.000,0,HOLD,0.3192,0.6853,2.9532,-0.0061
93678,dynamic,1.5604,1.5986,0.3300,0.00,1.909,0.0000,0.0000,0.0000,0.0000,0.0000,0.000,0,HOLD,0.3089,0.6633,2.8584,-0.0071
93778,dynamic,1.5660,1.6647,0.3673,-8.56,1.906,1.8310,-1.2135,2.1966,1.3270,-1.7505,0.000,1,STABILIZE_HIGH,0.3040,0.6527,2.8126,-0.0079
93877,dynamic,1.5727,1.7280,0.4033,-8.56,1.906,1.8310,-1.2135,2.1966,1.2591,-1.8000,0.000,1,STABILIZE_HIGH,0.5819,-0.7803,-0.8560,-0.0282
93994,dynamic,1.5843,1.7847,0.4306,0.00,1.906,0.0000,0.0000,0.0000,0.0000,0.0000,0.000,0,HOLD,0.5648,-0.7920,-0.8560,-0.0282
94076,dynamic,1.5990,1.8275,0.4457,0.00,1.911,0.0000,0.0000,0.0000,0.0000,0.0000,0.000,0,HOLD,0.5520,-0.7741,-0.8367,0.0014
94180,dynamic,1.6219,1.8637,0.4558,0.00,1.916,0.0000,0.0000,0.0000,0.0000,0.0000,0.000,0,HOLD,0.5373,-0.7535,-0.8144,0.0028
94276,dynamic,1.6512,1.8846,0.4466,0.00,1.921,0.0000,0.0000,0.0000,0.0000,0.0000,0.000,0,HOLD,0.5238,-0.7345,-0.7939,0.0043
94376,dynamic,1.6873,1.8976,0.4416,0.00,1.923,0.0000,0.0000,0.0000,0.0000,0.0000,0.000,0,HOLD,0.5097,-0.7147,-0.7725,0.0049
94476,dynamic,1.7201,1.9014,0.4276,0.00,1.921,0.0000,0.0000,0.0000,0.0000,0.0000,0.000,0,HOLD,0.4955,-0.6949,-0.7511,0.0044
94587,dynamic,1.7592,1.9043,0.4017,0.00,1.919,0.0000,0.0000,0.0000,0.0000,0.0000,0.000,0,HOLD,0.4805,-0.6738,-0.7283,0.0039
94680,dynamic,1.7982,1.9018,0.3807,0.00,1.916,0.0000,0.0000,0.0000,0.0000,0.0000,0.000,0,HOLD,0.4669,-0.6548,-0.7077,0.0030
94787,dynamic,1.8434,1.8976,0.3462,0.00,1.912,0.0000,0.0000,0.0000,0.0000,0.0000,0.000,0,HOLD,0.4528,-0.6350,-0.6863,0.0017
94876,dynamic,1.8867,1.8871,0.3167,0.00,1.910,0.0000,0.0000,0.0000,0.0000,0.0000,0.000,0,HOLD,0.4391,-0.6157,-0.6655,0.0010
94981,dynamic,1.9363,1.8780,0.2837,0.00,1.907,0.0000,0.0000,0.0000,0.0000,0.0000,0.000,0,HOLD,0.4242,-0.5949,-0.6430,0.0002
95077,dynamic,1.9818,1.8659,0.2577,0.00,1.904,0.0000,0.0000,0.0000,0.0000,0.0000,0.000,0,HOLD,0.0000,0.0000,0.0000,0.3000
95185,dynamic,2.0246,1.8567,0.2356,0.00,1.886,0.0000,0.0000,0.0000,0.0000,0.0000,0.000,0,HOLD,0.0000,0.0000,0.0000,0.3000
95278,dynamic,2.0713,1.8472,0.2074,4.84,1.858,-0.5447,-1.5273,1.6215,-0.8694,-1.3687,0.000,1,STABILIZE_HIGH,-0.3256,-0.6024,0.4840,-0.0425
95382,dynamic,2.1147,1.8377,0.1878,8.92,1.831,-0.7667,-1.2756,1.4883,-1.0066,-1.0963,0.000,1,STABILIZE_HIGH,-0.3910,-0.4875,0.8920,-0.0507
95478,dynamic,2.1433,1.8295,0.1788,19.19,1.820,-0.8783,-1.0968,1.4051,-1.0665,-0.9149,0.000,1,STABILIZE_HIGH,-0.4204,-0.4000,1.9190,-0.0539
95577,dynamic,2.1669,1.8180,0.1769,15.95,1.823,-1.0270,-1.1875,1.5699,-1.2211,-0.9867,0.000,1,STABILIZE_HIGH,-0.4881,-0.4343,1.5950,-0.0530
95688,dynamic,2.1789,1.8047,0.1857,15.95,1.823,-1.0270,-1.1875,1.5699,-1.2226,-0.9849,0.000,1,STABILIZE_HIGH,-0.4888,-0.4335,1.5950,-0.0530
95779,dynamic,2.1907,1.7840,0.2021,16.74,1.824,-1.0302,-1.2006,1.5820,-1.2393,-0.9833,0.000,1,DESCEND_TO_LOW,-0.4960,-0.4318,1.6740,-0.0527
95879,dynamic,2.1962,1.7571,0.2303,16.74,1.824,-1.0302,-1.2006,1.5820,-1.2588,-0.9582,0.000,1,DESCEND_TO_LOW,-0.5047,-0.4208,1.6740,0.3000
95977,dynamic,2.2016,1.7289,0.2610,13.36,1.809,-0.9128,-1.2431,1.5422,-1.1796,-0.9935,0.000,1,DESCEND_TO_LOW,-0.4733,-0.4434,1.3360,0.3000
96080,dynamic,2.2020,1.7013,0.2950,13.36,1.784,-0.9128,-1.2431,1.5422,-1.2095,-0.9569,0.000,1,DESCEND_TO_LOW,-0.4935,-0.4329,1.3360,0.3000
96177,dynamic,2.2013,1.6618,0.3370,10.82,1.753,-0.7414,-1.3561,1.5455,-1.1147,-1.0706,0.000,1,DESCEND_TO_LOW,-0.4581,-0.4953,1.0820,0.3000
96281,dynamic,2.1953,1.6197,0.3706,10.82,1.724,-0.7414,-1.3561,1.5455,-1.1564,-1.0254,0.000,1,DESCEND_TO_LOW,-0.4849,-0.4819,1.0820,0.3000
96382,dynamic,2.1870,1.5745,0.4099,0.00,1.694,0.0000,0.0000,0.0000,0.0000,0.0000,0.000,0,HOLD,-0.4785,-0.4755,1.0676,-0.0036
96476,dynamic,2.1759,1.5260,0.4491,0.00,1.665,0.0000,0.0000,0.0000,0.0000,0.0000,0.000,0,HOLD,-0.4667,-0.4638,1.0414,-0.0121
96579,dynamic,2.1633,1.4704,0.4870,0.00,1.650,0.0000,0.0000,0.0000,0.0000,0.0000,0.000,0,HOLD,-0.4543,-0.4515,1.0138,-0.0167
96683,dynamic,2.1485,1.4118,0.5241,0.00,1.644,0.0000,0.0000,0.0000,0.0000,0.0000,0.000,0,HOLD,-0.4417,-0.4390,0.9856,-0.0184
96779,dynamic,2.1356,1.3488,0.5567,0.00,1.633,0.0000,0.0000,0.0000,0.0000,0.0000,0.000,0,HOLD,-0.4301,-0.4274,0.9596,-0.0219
96879,dynamic,2.1231,1.2848,0.5900,0.00,1.624,0.0000,0.0000,0.0000,0.0000,0.0000,0.000,0,HOLD,-0.4179,-0.4153,0.9324,-0.0246
96986,dynamic,2.1131,1.2170,0.6201,0.00,1.612,0.0000,0.0000,0.0000,0.0000,0.0000,0.000,0,HOLD,-0.4052,-0.4027,0.9042,-0.0282
97081,dynamic,2.1034,1.1499,0.6524,0.00,1.610,0.0000,0.0000,0.0000,0.0000,0.0000,0.000,0,HOLD,-0.3933,-0.3909,0.8777,-0.0286
97180,dynamic,2.0938,1.0815,0.6849,0.00,1.612,0.0000,0.0000,0.0000,0.0000,0.0000,0.000,0,HOLD,-0.3814,-0.3790,0.8509,-0.0281
97282,dynamic,2.0834,1.0143,0.7156,0.00,1.612,0.0000,0.0000,0.0000,0.0000,0.0000,0.000,0,HOLD,-0.3693,-0.3670,0.8240,-0.0280
97380,dynamic,2.0755,0.9467,0.7526,0.00,1.610,0.0000,0.0000,0.0000,0.0000,0.0000,0.000,0,HOLD,0.0000,0.0000,0.0000,0.3000
97477,dynamic,2.0676,0.8841,0.7787,0.00,1.601,0.0000,0.0000,0.0000,0.0000,0.0000,0.000,0,HOLD,0.0000,0.0000,0.0000,0.3000
97578,dynamic,2.0579,0.8157,0.8019,0.00,1.582,0.0000,0.0000,0.0000,0.0000,0.0000,0.000,0,HOLD,0.0000,0.0000,0.0000,0.3000
97677,dynamic,2.0500,0.7672,0.8209,0.00,1.559,0.0000,0.0000,0.0000,0.0000,0.0000,0.000,0,HOLD,0.0000,0.0000,0.0000,0.3000
97777,dynamic,2.0412,0.7126,0.8333,0.00,1.536,0.0000,0.0000,0.0000,0.0000,0.0000,0.000,0,HOLD,0.0000,0.0000,0.0000,0.3000
97883,dynamic,2.0336,0.6743,0.8424,0.00,1.514,0.0000,0.0000,0.0000,0.0000,0.0000,0.000,0,HOLD,0.0000,0.0000,0.0000,0.3000
97977,dynamic,2.0248,0.6334,0.8455,0.00,1.489,0.0000,0.0000,0.0000,0.0000,0.0000,0.000,0,HOLD,0.0000,0.0000,0.0000,0.3000
98081,dynamic,2.0160,0.5962,0.8492,0.00,1.468,0.0000,0.0000,0.0000,0.0000,0.0000,0.000,0,HOLD,0.0000,0.0000,0.0000,0.3000
98177,dynamic,2.0068,0.5618,0.8519,0.00,1.441,0.0000,0.0000,0.0000,0.0000,0.0000,0.000,0,HOLD,0.0000,0.0000,0.0000,0.3000
98279,dynamic,1.9967,0.5326,0.8539,0.00,1.415,0.0000,0.0000,0.0000,0.0000,0.0000,0.000,0,HOLD,0.0000,0.0000,0.0000,0.3000
98381,dynamic,1.9863,0.5041,0.8522,0.00,1.394,0.0000,0.0000,0.0000,0.0000,0.0000,0.000,0,HOLD,0.0000,0.0000,0.0000,0.3000
98478,dynamic,1.9755,0.4793,0.8500,0.00,1.366,0.0000,0.0000,0.0000,0.0000,0.0000,0.000,0,HOLD,0.0000,0.0000,0.0000,0.3000
98579,dynamic,1.9626,0.4554,0.8482,0.00,1.338,0.0000,0.0000,0.0000,0.0000,0.0000,0.000,0,HOLD,0.0000,0.0000,0.0000,0.3000
98688,dynamic,1.9500,0.4337,0.8474,0.00,1.311,0.0000,0.0000,0.0000,0.0000,0.0000,0.000,0,HOLD,0.0000,0.0000,0.0000,0.3000
98776,dynamic,1.9362,0.4134,0.8441,0.00,1.285,0.0000,0.0000,0.0000,0.0000,0.0000,0.000,0,HOLD,0.0000,0.0000,0.0000,0.3000
98884,dynamic,1.9224,0.3940,0.8454,0.00,1.260,0.0000,0.0000,0.0000,0.0000,0.0000,0.000,0,HOLD,0.0000,0.0000,0.0000,0.3000
98976,dynamic,1.9075,0.3752,0.8448,0.00,1.231,0.0000,0.0000,0.0000,0.0000,0.0000,0.000,0,HOLD,0.0000,0.0000,0.0000,0.3000
99085,dynamic,1.8940,0.3573,0.8415,0.00,1.204,0.0000,0.0000,0.0000,0.0000,0.0000,0.000,0,HOLD,0.0000,0.0000,0.0000,0.3000
99177,dynamic,1.8804,0.3410,0.8424,0.00,1.179,0.0000,0.0000,0.0000,0.0000,0.0000,0.000,0,HOLD,0.0000,0.0000,0.0000,0.3000
99278,dynamic,1.8660,0.3261,0.8396,0.00,1.158,0.0000,0.0000,0.0000,0.0000,0.0000,0.000,0,HOLD,0.0000,0.0000,0.0000,0.3000
99380,dynamic,1.8486,0.3105,0.8368,0.00,1.131,0.0000,0.0000,0.0000,0.0000,0.0000,0.000,0,HOLD,0.0000,0.0000,0.0000,0.3000
99478,dynamic,1.8340,0.2992,0.8397,0.00,1.098,0.0000,0.0000,0.0000,0.0000,0.0000,0.000,0,HOLD,0.0000,0.0000,0.0000,0.3000
99579,dynamic,1.8134,0.2838,0.8370,0.00,1.070,0.0000,0.0000,0.0000,0.0000,0.0000,0.000,0,HOLD,0.0000,0.0000,0.0000,0.3000
99677,dynamic,1.7967,0.2723,0.8361,0.00,1.036,0.0000,0.0000,0.0000,0.0000,0.0000,0.000,0,HOLD,0.0000,0.0000,0.0000,0.3000
99784,dynamic,1.7816,0.2613,0.8323,0.00,1.008,0.0000,0.0000,0.0000,0.0000,0.0000,0.000,0,HOLD,0.0000,0.0000,0.0000,0.3000
99880,dynamic,1.7684,0.2517,0.8318,0.00,0.982,0.0000,0.0000,0.0000,0.0000,0.0000,0.000,0,HOLD,0.0000,0.0000,0.0000,0.3000
99983,dynamic,1.7553,0.2397,0.8284,0.00,0.956,0.0000,0.0000,0.0000,0.0000,0.0000,0.000,0,HOLD,0.0000,0.0000,0.0000,0.3000
100083,dynamic,1.7447,0.2296,0.8262,0.00,0.930,0.0000,0.0000,0.0000,0.0000,0.0000,0.000,0,HOLD,0.0000,0.0000,0.0000,0.3000
100179,dynamic,1.7298,0.2154,0.8240,0.00,0.905,0.0000,0.0000,0.0000,0.0000,0.0000,0.000,0,HOLD,0.0000,0.0000,0.0000,0.3000
100280,dynamic,1.7199,0.2057,0.8200,0.00,0.874,0.0000,0.0000,0.0000,0.0000,0.0000,0.000,0,HOLD,0.0000,0.0000,0.0000,0.3000
100376,dynamic,1.7099,0.1966,0.8179,0.00,0.843,0.0000,0.0000,0.0000,0.0000,0.0000,0.000,0,HOLD,0.0000,0.0000,0.0000,0.3000
100484,dynamic,1.7005,0.1883,0.8139,0.00,0.820,0.0000,0.0000,0.0000,0.0000,0.0000,0.000,0,HOLD,0.0000,0.0000,0.0000,0.3000
100578,dynamic,1.6902,0.1794,0.8100,0.00,0.796,0.0000,0.0000,0.0000,0.0000,0.0000,0.000,0,HOLD,0.0000,0.0000,0.0000,0.3000
100676,dynamic,1.6797,0.1718,0.8073,0.00,0.763,0.0000,0.0000,0.0000,0.0000,0.0000,0.000,0,HOLD,0.0000,0.0000,0.0000,0.3000
100778,dynamic,1.6712,0.1663,0.8090,0.00,0.731,0.0000,0.0000,0.0000,0.0000,0.0000,0.000,0,HOLD,0.0000,0.0000,0.0000,0.3000
100882,dynamic,1.6596,0.1603,0.8065,0.00,0.701,0.0000,0.0000,0.0000,0.0000,0.0000,0.000,0,HOLD,0.0000,0.0000,0.0000,0.3000
100977,dynamic,1.6507,0.1550,0.8089,0.00,0.668,0.0000,0.0000,0.0000,0.0000,0.0000,0.000,0,HOLD,0.0000,0.0000,0.0000,0.3000
101081,dynamic,1.6400,0.1489,0.8106,0.00,0.639,0.0000,0.0000,0.0000,0.0000,0.0000,0.000,0,HOLD,0.0000,0.0000,0.0000,0.3000
101179,dynamic,1.6284,0.1421,0.8119,0.00,0.604,0.0000,0.0000,0.0000,0.0000,0.0000,0.000,0,HOLD,0.0000,0.0000,0.0000,0.3000
101281,dynamic,1.6191,0.1374,0.8174,0.00,0.574,0.0000,0.0000,0.0000,0.0000,0.0000,0.000,0,HOLD,0.0000,0.0000,0.0000,0.3000
101387,dynamic,1.6070,0.1311,0.8169,0.00,0.543,0.0000,0.0000,0.0000,0.0000,0.0000,0.000,0,HOLD,0.0000,0.0000,0.0000,0.3000
101477,dynamic,1.5911,0.1225,0.8215,0.00,0.514,0.0000,0.0000,0.0000,0.0000,0.0000,0.000,0,HOLD,0.0000,0.0000,0.0000,0.3000
101580,dynamic,1.5754,0.1153,0.8290,0.00,0.484,0.0000,0.0000,0.0000,0.0000,0.0000,0.000,0,HOLD,0.0000,0.0000,0.0000,0.3000
101679,dynamic,1.5635,0.1100,0.8308,0.00,0.443,0.0000,0.0000,0.0000,0.0000,0.0000,0.000,0,HOLD,0.0000,0.0000,0.0000,0.3000
101784,dynamic,1.5451,0.1041,0.8256,0.00,0.401,0.0000,0.0000,0.0000,0.0000,0.0000,0.000,0,HOLD,0.0000,0.0000,0.0000,0.3000
101878,dynamic,1.5417,0.1032,0.8277,0.00,0.350,0.0000,0.0000,0.0000,0.0000,0.0000,0.000,0,DONE,0.0000,0.0000,0.0000,0.3000
