time_ms,scenario,drone_x,drone_y,drone_yaw_rad,rotation_error_deg,altitude_m,pixel_err_x,pixel_err_y,ground_err_m,forward_err_m,lateral_err_m,gimbal_norm,locked,state,last_cmd_pitch,last_cmd_roll,last_cmd_yaw_vel,last_cmd_thrust
86,static,0.5583,-0.2119,0.0032,54.74,2.120,-0.0635,6.5435,6.5438,-0.0433,6.5436,0.000,1,SEARCH,0.4450,0.0000,0.0000,0.0359
187,static,0.5970,-0.2162,0.0024,0.00,2.135,0.0000,0.0000,0.0000,0.0000,0.0000,0.000,0,SEARCH,0.4411,0.0000,0.0000,0.0406
290,static,0.6398,-0.2223,6.2806,0.00,2.148,0.0000,0.0000,0.0000,0.0000,0.0000,0.000,0,SEARCH,0.4369,0.0000,0.0000,0.0445
389,static,0.6784,-0.2282,6.2789,0.00,2.158,0.0000,0.0000,0.0000,0.0000,0.0000,0.000,0,SEARCH,0.4326,0.0000,0.0000,0.0475
490,static,0.7230,-0.2331,6.2767,0.00,2.166,0.0000,0.0000,0.0000,0.0000,0.0000,0.000,0,SEARCH,0.4281,0.0000,0.0000,0.0498
587,static,0.7692,-0.2381,6.2763,0.00,2.173,0.0000,0.0000,0.0000,0.0000,0.0000,0.000,0,SEARCH,0.4239,0.0000,0.0000,0.0519
689,static,0.8106,-0.2431,6.2764,0.00,2.179,0.0000,0.0000,0.0000,0.0000,0.0000,0.000,0,SEARCH,0.4197,0.0000,0.0000,0.0538
785,static,0.8418,-0.2473,6.2746,55.96,2.184,-0.5168,6.2721,6.2933,-0.5660,6.2678,0.000,1,SEARCH,0.4170,0.0000,0.0000,0.0552
884,static,0.8837,-0.2510,6.2770,0.00,2.193,0.0000,0.0000,0.0000,0.0000,0.0000,0.000,0,SEARCH,0.4128,0.0000,0.0000,0.0579
987,static,0.9250,-0.2542,6.2788,0.00,2.201,0.0000,0.0000,0.0000,0.0000,0.0000,0.000,0,SEARCH,0.4090,0.0000,0.0000,0.0602
1089,static,0.9649,-0.2571,6.2815,0.00,2.208,0.0000,0.0000,0.0000,0.0000,0.0000,0.000,0,SEARCH,0.4055,0.0000,0.0000,0.0623
1189,static,1.0001,-0.2577,0.0002,0.00,2.215,0.0000,0.0000,0.0000,0.0000,0.0000,0.000,0,SEARCH,0.4004,0.0000,0.0000,0.0645
1284,static,1.0408,-0.2582,0.0005,0.00,2.222,0.0000,0.0000,0.0000,0.0000,0.0000,0.000,0,SEARCH,0.3967,0.0000,0.0000,0.0665
1384,static,1.0742,-0.2584,6.2829,0.00,2.227,0.0000,0.0000,0.0000,0.0000,0.0000,0.000,0,SEARCH,0.3929,0.0000,0.0000,0.0680
1484,static,1.1154,-0.2577,0.0019,0.00,2.230,0.0000,0.0000,0.0000,0.0000,0.0000,0.000,0,SEARCH,0.3903,0.0000,0.0000,0.0689
1594,static,1.1469,-0.2576,0.0011,0.00,2.234,0.0000,0.0000,0.0000,0.0000,0.0000,0.000,0,SEARCH,0.3857,0.0000,0.0000,0.0701
1687,static,1.1875,-0.2580,0.0011,0.00,2.237,0.0000,0.0000,0.0000,0.0000,0.0000,0.000,0,SEARCH,0.3820,0.0000,0.0000,0.0710
1786,static,1.2194,-0.2582,6.2816,0.00,2.242,0.0000,0.0000,0.0000,0.0000,0.0000,0.000,0,SEARCH,0.3784,0.0000,0.0000,0.0725
1886,static,1.2576,-0.2560,6.2815,0.00,2.247,0.0000,0.0000,0.0000,0.0000,0.0000,0.000,0,SEARCH,0.3749,0.0000,0.0000,0.0742
1992,static,1.2914,-0.2535,6.2808,0.00,2.250,0.0000,0.0000,0.0000,0.0000,0.0000,0.000,0,SEARCH,0.3725,0.0000,0.0000,0.0751
2096,static,1.3210,-0.2524,6.2798,57.32,2.254,-1.3405,5.5384,5.6983,-1.3590,5.5338,0.000,1,SEARCH,0.3692,0.0000,0.0000,0.0763
2186,static,1.3547,-0.2505,6.2808,55.96,2.259,-1.4004,5.4525,5.6295,-1.4162,5.4484,0.000,1,SEARCH,0.3652,0.0000,0.0000,0.0776
2287,static,1.3901,-0.2472,6.2809,55.96,2.261,-1.4004,5.4525,5.6295,-1.4127,5.4493,0.000,1,SEARCH,0.3622,0.0000,0.0000,0.0784
2385,static,1.4215,-0.2451,6.2802,0.00,2.266,0.0000,0.0000,0.0000,0.0000,0.0000,0.000,0,SEARCH,0.3585,0.0000,0.0000,0.0799
2487,static,1.4538,-0.2437,6.2790,0.00,2.270,0.0000,0.0000,0.0000,0.0000,0.0000,0.000,0,SEARCH,0.3556,0.0000,0.0000,0.0811
2588,static,1.4812,-0.2419,6.2796,0.00,2.272,0.0000,0.0000,0.0000,0.0000,0.0000,0.000,0,SEARCH,0.3522,0.0000,0.0000,0.0817
2687,static,1.5134,-0.2412,6.2760,0.00,2.275,0.0000,0.0000,0.0000,0.0000,0.0000,0.000,0,SEARCH,0.3492,0.0000,0.0000,0.0825
2792,static,1.5387,-0.2399,6.2773,0.00,2.276,0.0000,0.0000,0.0000,0.0000,0.0000,0.000,0,SEARCH,0.3472,0.0000,0.0000,0.0828
2891,static,1.5701,-0.2382,6.2761,0.00,2.279,0.0000,0.0000,0.0000,0.0000,0.0000,0.000,0,SEARCH,0.3436,0.0000,0.0000,0.0838
2989,static,1.5989,-0.2378,6.2761,0.00,2.281,0.0000,0.0000,0.0000,0.0000,0.0000,0.000,0,SEARCH,0.3407,0.0000,0.0000,0.0844
3087,static,1.6260,-0.2362,6.2776,0.00,2.286,0.0000,0.0000,0.0000,0.0000,0.0000,0.000,0,SEARCH,0.3382,0.0000,0.0000,0.0857
3187,static,1.6520,-0.2345,6.2797,0.00,2.289,0.0000,0.0000,0.0000,0.0000,0.0000,0.000,0,SEARCH,0.3351,0.0000,0.0000,0.0866
3286,static,1.6770,-0.2319,0.0002,0.00,2.291,0.0000,0.0000,0.0000,0.0000,0.0000,0.000,0,SEARCH,0.3325,0.0000,0.0000,0.0873
3384,static,1.7007,-0.2297,0.0021,0.00,2.292,0.0000,0.0000,0.0000,0.0000,0.0000,0.000,0,SEARCH,0.3302,0.0000,0.0000,0.0875
3487,static,1.7291,-0.2250,0.0049,0.00,2.292,0.0000,0.0000,0.0000,0.0000,0.0000,0.000,0,SEARCH,0.3276,0.0000,0.0000,0.0876
3587,static,1.7513,-0.2211,0.0045,0.00,2.293,0.0000,0.0000,0.0000,0.0000,0.0000,0.000,0,SEARCH,0.3259,0.0000,0.0000,0.0880
3687,static,1.7776,-0.2142,0.0064,0.00,2.298,0.0000,0.0000,0.0000,0.0000,0.0000,0.000,0,SEARCH,0.3230,0.0000,0.0000,0.0893
3784,static,1.7991,-0.2086,0.0028,0.00,2.299,0.0000,0.0000,0.0000,0.0000,0.0000,0.000,0,SEARCH,0.3203,0.0000,0.0000,0.0898
3885,static,1.8204,-0.2026,0.0007,0.00,2.302,0.0000,0.0000,0.0000,0.0000,0.0000,0.000,0,SEARCH,0.3184,0.0000,0.0000,0.0905
3986,static,1.8466,-0.1953,6.2817,0.00,2.303,0.0000,0.0000,0.0000,0.0000,0.0000,0.000,0,SEARCH,0.3161,0.0000,0.0000,0.0908
4088,static,1.8655,-0.1894,6.2822,0.00,2.305,0.0000,0.0000,0.0000,0.0000,0.0000,0.000,0,SEARCH,0.3137,0.0000,0.0000,0.0915
4186,static,1.8871,-0.1824,0.0000,0.00,2.306,0.0000,0.0000,0.0000,0.0000,0.0000,0.000,0,SEARCH,0.3117,0.0000,0.0000,0.0918
4286,static,1.9087,-0.1739,0.0012,0.00,2.306,0.0000,0.0000,0.0000,0.0000,0.0000,0.000,0,SEARCH,0.3097,0.0000,0.0000,0.0917
4384,static,1.9266,-0.1682,0.0006,0.00,2.306,0.0000,0.0000,0.0000,0.0000,0.0000,0.000,0,SEARCH,0.3081,0.0000,0.0000,0.0917
4484,static,1.9463,-0.1611,6.2829,0.00,2.305,0.0000,0.0000,0.0000,0.0000,0.0000,0.000,0,SEARCH,0.3062,0.0000,0.0000,0.0916
4584,static,1.9671,-0.1560,6.2813,0.00,2.308,0.0000,0.0000,0.0000,0.0000,0.0000,0.000,0,SEARCH,0.3035,0.0000,0.0000,0.0923
4688,static,1.9878,-0.1487,6.2798,0.00,2.310,0.0000,0.0000,0.0000,0.0000,0.0000,0.000,0,SEARCH,0.3016,0.0000,0.0000,0.0929
4788,static,2.0052,-0.1417,6.2787,0.00,2.311,0.0000,0.0000,0.0000,0.0000,0.0000,0.000,0,SEARCH,0.2997,0.0000,0.0000,0.0934
4885,static,2.0249,-0.1347,6.2763,0.00,2.314,0.0000,0.0000,0.0000,0.0000,0.0000,0.000,0,SEARCH,0.2983,0.0000,0.0000,0.0943
4988,static,2.0436,-0.1274,6.2762,0.00,2.314,0.0000,0.0000,0.0000,0.0000,0.0000,0.000,0,SEARCH,0.2960,0.0000,0.0000,0.0943
5085,static,2.0584,-0.1222,6.2735,0.00,2.313,0.0000,0.0000,0.0000,0.0000,0.0000,0.000,0,SEARCH,0.2943,0.0000,0.0000,0.0940
5186,static,2.0770,-0.1170,6.2732,0.00,2.313,0.0000,0.0000,0.0000,0.0000,0.0000,0.000,0,SEARCH,0.2926,0.0000,0.0000,0.0940
5285,static,2.0913,-0.1128,6.2691,0.00,2.318,0.0000,0.0000,0.0000,0.0000,0.0000,0.000,0,SEARCH,0.2912,0.0000,0.0000,0.0954
5385,static,2.1060,-0.1104,6.2683,0.00,2.321,0.0000,0.0000,0.0000,0.0000,0.0000,0.000,0,SEARCH,0.2896,0.0000,0.0000,0.0964
5488,static,2.1234,-0.1069,6.2690,0.00,2.328,0.0000,0.0000,0.0000,0.0000,0.0000,0.000,0,SEARCH,0.2885,0.0000,0.0000,0.0983
5586,static,2.1412,-0.1031,6.2716,0.00,2.334,0.0000,0.0000,0.0000,0.0000,0.0000,0.000,0,SEARCH,0.2861,0.0000,0.0000,0.1002
5685,static,2.1621,-0.0974,6.2734,0.00,2.338,0.0000,0.0000,0.0000,0.0000,0.0000,0.000,0,SEARCH,0.2842,0.0000,0.0000,0.1015
5784,static,2.1796,-0.0941,6.2735,0.00,2.341,0.0000,0.0000,0.0000,0.0000,0.0000,0.000,0,SEARCH,0.2822,0.0000,0.0000,0.1024
5884,static,2.1970,-0.0891,6.2729,0.00,2.347,0.0000,0.0000,0.0000,0.0000,0.0000,0.000,0,SEARCH,0.2806,0.0000,0.0000,0.1040
5984,static,2.2130,-0.0867,6.2737,0.00,2.349,0.0000,0.0000,0.0000,0.0000,0.0000,0.000,0,SEARCH,0.2791,0.0000,0.0000,0.1048
6084,static,2.2307,-0.0833,6.2777,0.00,2.351,0.0000,0.0000,0.0000,0.0000,0.0000,0.000,0,SEARCH,0.2774,0.0000,0.0000,0.1053
6189,static,2.2459,-0.0800,6.2814,0.00,2.353,0.0000,0.0000,0.0000,0.0000,0.0000,0.000,0,SEARCH,0.2760,0.0000,0.0000,0.1058
6289,static,2.2595,-0.0775,0.0015,55.18,2.356,-2.1960,4.3614,4.8831,-2.1950,4.3619,0.000,1,SEARCH,0.2742,0.0000,0.0000,0.1069
6384,static,2.2776,-0.0730,0.0074,55.18,2.355,-2.1960,4.3614,4.8831,-2.1705,4.3742,0.000,1,SEARCH,0.2725,0.0000,0.0000,0.1065
6485,static,2.2904,-0.0678,0.0095,0.00,2.356,0.0000,0.0000,0.0000,0.0000,0.0000,0.000,0,SEARCH,0.2714,0.0000,0.0000,0.1069
6589,static,2.3049,-0.0630,0.0109,59.98,2.355,-1.8246,4.6862,5.0289,-1.7710,4.7067,0.000,1,SEARCH,0.2701,0.0000,0.0000,0.1066
6684,static,2.3211,-0.0607,0.0108,0.00,2.356,0.0000,0.0000,0.0000,0.0000,0.0000,0.000,0,SEARCH,0.2682,0.0000,0.0000,0.1067
6785,static,2.3350,-0.0570,0.0083,0.00,2.355,0.0000,0.0000,0.0000,0.0000,0.0000,0.000,0,SEARCH,0.2671,0.0000,0.0000,0.1065
6887,static,2.3508,-0.0530,0.0055,0.00,2.354,0.0000,0.0000,0.0000,0.0000,0.0000,0.000,0,SEARCH,0.2657,0.0000,0.0000,0.1063
6994,static,2.3661,-0.0478,0.0015,0.00,2.350,0.0000,0.0000,0.0000,0.0000,0.0000,0.000,0,SEARCH,0.2638,0.0000,0.0000,0.1050
7084,static,2.3821,-0.0421,6.2797,0.00,2.347,0.0000,0.0000,0.0000,0.0000,0.0000,0.000,0,SEARCH,0.2621,0.0000,0.0000,0.1041
7186,static,2.3981,-0.0383,6.2761,0.00,2.347,0.0000,0.0000,0.0000,0.0000,0.0000,0.000,0,SEARCH,0.2609,0.0000,0.0000,0.1040
7287,static,2.4159,-0.0327,6.2715,52.16,2.346,-1.1652,4.0726,4.2360,-1.2067,4.0605,0.000,1,SEARCH,0.2591,0.0000,0.0000,0.1039
7389,static,2.4357,-0.0273,6.2730,52.04,2.345,-1.1654,3.7955,3.9704,-1.1992,3.7849,0.000,1,SEARCH,0.2571,0.0000,0.0000,0.1035
7490,static,2.4528,-0.0182,6.2794,49.39,2.337,-1.2891,3.4771,3.7084,-1.3067,3.4706,0.000,1,SEARCH,0.2551,0.0000,0.0000,0.1010
7588,static,2.4705,-0.0085,0.0017,48.45,2.333,-1.3053,3.2717,3.5225,-1.3068,3.2711,0.000,1,SEARCH,0.2536,0.0000,0.0000,0.0998
7685,static,2.4879,0.0022,0.0078,48.25,2.332,-1.4198,3.0777,3.3894,-1.4007,3.0864,0.000,1,SEARCH,0.2519,0.0000,0.0000,0.0997
7791,static,2.5065,0.0146,0.0091,46.63,2.330,-1.5302,2.9680,3.3392,-1.5031,2.9817,0.000,1,SEARCH,0.2495,0.0000,0.0000,0.0990
7889,static,2.5252,0.0288,0.0087,46.53,2.330,-1.5203,2.9491,3.3179,-1.4929,2.9630,0.000,1,SEARCH,0.2482,0.0000,0.0000,0.0990
7986,static,2.5403,0.0390,0.0081,43.74,2.330,-1.5510,2.9173,3.3040,-1.5272,2.9298,0.000,1,SEARCH,0.2460,0.0000,0.0000,0.0991
8088,static,2.5683,0.0533,0.0082,43.13,2.330,-1.6161,2.8399,3.2675,-1.5935,2.8526,0.000,1,SEARCH,0.2443,0.0000,0.0000,0.0991
8186,static,2.5886,0.0648,0.0063,42.70,2.328,-1.6222,2.7966,3.2330,-1.6023,2.8080,0.000,1,SEARCH,0.2421,0.0000,0.0000,0.0985
8287,static,2.6073,0.0734,0.0038,42.36,2.328,-1.6597,2.7640,3.2241,-1.6483,2.7709,0.000,1,SEARCH,0.2396,0.0000,0.0000,0.0985
8388,static,2.6242,0.0805,0.0023,44.35,2.326,-1.6624,2.7710,3.2314,-1.6563,2.7746,0.000,1,SEARCH,0.2381,0.0000,0.0000,0.0979
8484,static,2.6486,0.0892,0.0008,42.87,2.326,-1.6426,2.7783,3.2275,-1.6411,2.7792,0.000,1,SEARCH,0.2362,0.0000,0.0000,0.0978
8584,static,2.6674,0.0958,6.2815,44.21,2.324,-1.6311,2.7789,3.2222,-1.6353,2.7764,0.000,1,SEARCH,0.2335,0.0000,0.0000,0.0972
8690,static,2.6917,0.1038,6.2825,44.21,2.325,-1.6311,2.7789,3.2222,-1.6327,2.7779,0.000,1,SEARCH,0.2313,0.0000,0.0000,0.0974
8796,static,2.7116,0.1115,6.2825,43.51,2.323,-1.7280,2.7011,3.2065,-1.7281,2.7010,0.000,1,SEARCH,0.2297,0.0000,0.0000,0.0968
8890,static,2.7357,0.1204,6.2799,43.73,2.321,-1.7102,2.6939,3.1909,-1.7156,2.6905,0.000,1,SEARCH,0.2275,0.0000,0.0000,0.0964
8984,static,2.7562,0.1279,6.2756,44.96,2.321,-1.7277,2.6610,3.1727,-1.7468,2.6485,0.000,1,SEARCH,0.2250,0.0000,0.0000,0.0962
9084,static,2.7705,0.1334,6.2736,44.96,2.322,-1.7277,2.6610,3.1727,-1.7532,2.6443,0.000,1,SEARCH,0.2230,0.0000,0.0000,0.0965
9184,static,2.7952,0.1439,6.2705,45.06,2.319,-1.7519,2.6382,3.1669,-1.7820,2.6179,0.000,1,SEARCH,0.2207,0.0000,0.0000,0.0956
9293,static,2.8169,0.1534,6.2693,45.06,2.319,-1.7519,2.6382,3.1669,-1.7889,2.6132,0.000,1,SEARCH,0.2187,0.0000,0.0000,0.0956
9385,static,2.8407,0.1625,6.2731,42.67,2.319,-1.7637,2.6102,3.1502,-1.7942,2.5893,0.000,1,SEARCH,0.2168,0.0000,0.0000,0.0957
9487,static,2.8581,0.1716,6.2704,45.21,2.321,-1.7732,2.5943,3.1423,-1.8043,2.5727,0.000,1,SEARCH,0.2150,0.0000,0.0000,0.0962
9589,static,2.8796,0.1830,6.2710,42.74,2.324,-1.7929,2.5545,3.1209,-1.8231,2.5330,0.000,1,SEARCH,0.2128,0.0000,0.0000,0.0971
9684,static,2.8983,0.1932,6.2700,45.43,2.328,-1.8456,2.5147,3.1192,-1.8779,2.4906,0.000,1,SEARCH,0.2106,0.0000,0.0000,0.0984
9784,static,2.9153,0.2040,6.2671,43.98,2.326,-1.8620,2.4971,3.1149,-1.8977,2.4700,0.000,1,SEARCH,0.2087,0.0000,0.0000,0.0978
9890,static,2.9345,0.2164,6.2647,43.24,2.328,-1.8863,2.4810,3.1167,-1.9326,2.4451,0.000,1,SEARCH,0.2069,0.0000,0.0000,0.0983
9984,static,2.9529,0.2286,6.2640,43.17,2.329,-1.9232,2.4453,3.1110,-1.9684,2.4091,0.000,1,SEARCH,0.2049,0.0000,0.0000,0.0988
10083,static,2.9727,0.2433,6.2624,42.83,2.330,-1.9112,2.4306,3.0920,-1.9604,2.3912,0.000,1,SEARCH,0.2031,0.0000,0.0000,0.0989
10183,static,2.9888,0.2579,6.2600,46.25,2.328,-1.9378,2.3969,3.0822,-1.9918,2.3522,0.000,1,SEARCH,0.2016,0.0000,0.0000,0.0985
10286,static,3.0003,0.2680,6.2630,46.25,2.330,-1.9378,2.3969,3.0822,-1.9889,2.3547,0.000,1,SEARCH,0.2003,0.0000,0.0000,0.0990
10389,static,3.0199,0.2835,6.2666,45.62,2.331,-1.9854,2.3415,3.0700,-2.0264,2.3062,0.000,1,SEARCH,0.1987,0.0000,0.0000,0.0993
10483,static,3.0366,0.2989,6.2713,44.81,2.331,-1.9831,2.3056,3.0411,-2.0123,2.2802,0.000,1,SEARCH,0.1968,0.0000,0.0000,0.0993
10586,static,3.0486,0.3109,6.2742,44.81,2.331,-1.9831,2.3056,3.0411,-2.0079,2.2841,0.000,1,SEARCH,0.1957,0.0000,0.0000,0.0992
10690,static,3.0600,0.3261,6.2802,43.19,2.331,-2.0011,2.2294,2.9958,-2.0133,2.2184,0.000,1,SEARCH,0.1943,0.0000,0.0000,0.0994
10791,static,3.0742,0.3400,0.0023,44.95,2.331,-2.0073,2.1720,2.9575,-2.0060,2.1731,0.000,1,SEARCH,0.1929,0.0000,0.0000,0.0992
10883,static,3.0899,0.3559,0.0075,40.63,2.331,-1.9963,2.1115,2.9058,-1.9815,2.1254,0.000,1,SEARCH,0.1913,0.0000,0.0000,0.0992
10994,static,3.1024,0.3690,0.0075,40.63,2.330,-1.9963,2.1115,2.9058,-1.9799,2.1269,0.000,1,SEARCH,0.1903,0.0000,0.0000,0.0990
11083,static,3.1164,0.3856,0.0097,40.20,2.331,-2.0250,2.0486,2.8805,-2.0071,2.0661,0.000,1,SEARCH,0.1886,0.0000,0.0000,0.0992
11183,static,3.1313,0.4002,0.0110,40.20,2.330,-2.0250,2.0486,2.8805,-2.0022,2.0708,0.000,1,SEARCH,0.1873,0.0000,0.0000,0.0991
11295,static,3.1428,0.4133,0.0104,40.20,2.330,-2.0250,2.0486,2.8805,-2.0027,2.0703,0.000,1,SEARCH,0.1860,0.0000,0.0000,0.0991
11383,static,3.1584,0.4292,0.0097,42.57,2.327,-2.1225,1.9069,2.8533,-2.1039,1.9273,0.000,1,SEARCH,0.1842,0.0000,0.0000,0.0981
11493,static,3.1753,0.4477,0.0126,42.71,2.328,-2.1571,1.8500,2.8417,-2.1372,1.8729,0.000,1,SEARCH,0.1831,0.0000,0.0000,0.0985
11587,static,3.1923,0.4645,0.0158,42.67,2.328,-2.1795,1.8174,2.8378,-2.1524,1.8494,0.000,1,SEARCH,0.1814,0.0000,0.0000,0.0984
11693,static,3.2090,0.4822,0.0182,40.52,2.331,-2.1734,1.7697,2.8028,-2.1400,1.8099,0.000,1,SEARCH,0.1794,0.0000,0.0000,0.0992
11783,static,3.2246,0.5004,0.0200,38.91,2.332,-2.2301,1.6832,2.7940,-2.1964,1.7269,0.000,1,SEARCH,0.1777,0.0000,0.0000,0.0995
11884,static,3.2383,0.5172,0.0219,38.91,2.334,-2.2301,1.6832,2.7940,-2.1940,1.7300,0.000,1,SEARCH,0.1768,0.0000,0.0000,0.1002
11989,static,3.2552,0.5350,0.0250,42.16,2.333,-2.2780,1.5907,2.7784,-2.2384,1.6460,0.000,1,SEARCH,0.1749,0.0000,0.0000,0.1000
12083,static,3.2679,0.5518,0.0270,36.93,2.332,-2.2762,1.5474,2.7524,-2.2336,1.6083,0.000,1,SEARCH,0.1734,0.0000,0.0000,0.0996
12186,static,3.2782,0.5668,0.0282,36.93,2.331,-2.2762,1.5474,2.7524,-2.2328,1.6094,0.000,1,SEARCH,0.1726,0.0000,0.0000,0.0993
12283,static,3.2909,0.5827,0.0284,37.44,2.329,-2.2987,1.4593,2.7228,-2.2559,1.5246,0.000,1,SEARCH,0.1711,0.0000,0.0000,0.0987
12388,static,3.3019,0.5965,0.0291,37.44,2.327,-2.2987,1.4593,2.7228,-2.2547,1.5265,0.000,1,SEARCH,0.1703,0.0000,0.0000,0.0982
12483,static,3.3141,0.6125,0.0297,40.55,2.326,-2.3225,1.3919,2.7076,-2.2810,1.4588,0.000,1,SEARCH,0.1687,0.0000,0.0000,0.0979
12584,static,3.3252,0.6284,0.0278,41.51,2.324,-2.3300,1.3716,2.7037,-2.2895,1.4381,0.000,1,SEARCH,0.1677,0.0000,0.0000,0.0972
12684,static,3.3326,0.6410,0.0250,41.51,2.324,-2.3300,1.3716,2.7037,-2.2949,1.4294,0.000,1,SEARCH,0.1667,0.0000,0.0000,0.0973
12786,static,3.3436,0.6559,0.0223,42.27,2.324,-2.3383,1.3478,2.6989,-2.3065,1.4016,0.000,1,SEARCH,0.1660,0.0000,0.0000,0.0971
12885,static,3.3535,0.6690,0.0193,40.09,2.325,-2.3323,1.3489,2.6942,-2.3052,1.3945,0.000,1,SEARCH,0.1648,0.0000,0.0000,0.0974
12983,static,3.3639,0.6810,0.0155,39.49,2.324,-2.3247,1.3509,2.6887,-2.3034,1.3870,0.000,1,SEARCH,0.1638,0.0000,0.0000,0.0973
13083,static,3.3746,0.6941,0.0153,38.99,2.323,-2.3240,1.3573,2.6913,-2.3028,1.3930,0.000,1,SEARCH,0.1628,0.0000,0.0000,0.0970
13186,static,3.3820,0.7053,0.0130,38.99,2.323,-2.3240,1.3573,2.6913,-2.3046,1.3900,0.000,1,SEARCH,0.1621,0.0000,0.0000,0.0970
13291,static,3.3915,0.7173,0.0126,37.05,2.324,-2.3186,1.3332,2.6746,-2.3012,1.3630,0.000,1,SEARCH,0.1612,0.0000,0.0000,0.0971
13383,static,3.3986,0.7300,0.0111,36.88,2.322,-2.2984,1.3319,2.6564,-2.2827,1.3587,0.000,1,SEARCH,0.1603,0.0000,0.0000,0.0966
13483,static,3.4056,0.7390,0.0070,36.04,2.323,-2.3026,1.3280,2.6581,-2.2925,1.3455,0.000,1,SEARCH,0.1595,0.0000,0.0000,0.0968
13587,static,3.4133,0.7497,0.0036,40.39,2.321,-2.3113,1.3288,2.6661,-2.3057,1.3386,0.000,1,SEARCH,0.1588,0.0000,0.0000,0.0963
13683,static,3.4201,0.7614,6.2820,42.27,2.324,-2.3348,1.3371,2.6906,-2.3356,1.3357,0.000,1,SEARCH,0.1581,0.0000,0.0000,0.0972
13783,static,3.4279,0.7731,0.0000,41.84,2.324,-2.3419,1.3130,2.6848,-2.3427,1.3115,0.000,1,SEARCH,0.1574,0.0000,0.0000,0.0972
13883,static,3.4334,0.7845,0.0000,37.78,2.325,-2.3217,1.2939,2.6579,-2.3212,1.2947,0.000,1,SEARCH,0.1567,0.0000,0.0000,0.0976
13983,static,3.4401,0.7988,6.2818,41.27,2.322,-2.3081,1.2859,2.6421,-2.3094,1.2836,0.000,1,SEARCH,0.1561,0.0000,0.0000,0.0967
14084,static,3.4481,0.8133,6.2784,37.92,2.320,-2.3083,1.2812,2.6401,-2.3141,1.2709,0.000,1,SEARCH,0.1554,0.0000,0.0000,0.0960
14183,static,3.4568,0.8271,6.2807,40.83,2.318,-2.3312,1.2677,2.6536,-2.3348,1.2611,0.000,1,SEARCH,0.1544,0.0000,0.0000,0.0955
14285,static,3.4654,0.8411,6.2806,40.69,2.318,-2.3277,1.2182,2.6272,-2.3308,1.2123,0.000,1,SEARCH,0.1538,0.0000,0.0000,0.0954
14385,static,3.4747,0.8565,6.2814,41.80,2.315,-2.3129,1.2201,2.6150,-2.3167,1.2128,0.000,1,SEARCH,0.1529,0.0000,0.0000,0.0944
14483,static,3.4855,0.8714,6.2831,38.10,2.313,-2.3383,1.1886,2.6230,-2.3383,1.1886,0.000,1,SEARCH,0.1516,0.0000,0.0000,0.0939
14583,static,3.4982,0.8883,6.2795,38.13,2.308,-2.3585,1.1329,2.6165,-2.3617,1.1262,0.000,1,SEARCH,0.1504,0.0000,0.0000,0.0925
14686,static,3.5050,0.8987,6.2811,38.13,2.309,-2.3585,1.1329,2.6165,-2.3609,1.1279,0.000,1,SEARCH,0.1497,0.0000,0.0000,0.0926
14785,static,3.5166,0.9178,6.2780,41.98,2.308,-2.3685,1.1001,2.6115,-2.3737,1.0888,0.000,1,SEARCH,0.1486,0.0000,0.0000,0.0923
14883,static,3.5268,0.9324,6.2797,39.85,2.309,-2.3866,1.0678,2.6146,-2.3904,1.0594,0.000,1,SEARCH,0.1476,0.0000,0.0000,0.0927
14988,static,3.5354,0.9458,6.2785,39.85,2.307,-2.3866,1.0678,2.6146,-2.3910,1.0580,0.000,1,SEARCH,0.1468,0.0000,0.0000,0.0920
15083,static,3.5463,0.9637,6.2820,37.29,2.302,-2.3660,1.0387,2.5839,-2.3678,1.0346,0.000,1,SEARCH,0.1456,0.0000,0.0000,0.0907
15184,static,3.5554,0.9795,6.2819,37.29,2.297,-2.3660,1.0387,2.5839,-2.3673,1.0357,0.000,1,SEARCH,0.1447,0.0000,0.0000,0.0890
15283,static,3.5636,0.9956,0.0022,39.93,2.295,-2.3714,0.9375,2.5500,-2.3693,0.9427,0.000,1,SEARCH,0.1436,0.0000,0.0000,0.0886
15383,static,3.5743,1.0173,0.0090,38.27,2.294,-2.3962,0.8656,2.5477,-2.3885,0.8864,0.000,1,SEARCH,0.1428,0.0000,0.0000,0.0881
15483,static,3.5854,1.0351,0.0138,39.68,2.296,-2.4142,0.7855,2.5388,-2.4042,0.8156,0.000,1,SEARCH,0.1417,0.0000,0.0000,0.0887
15587,static,3.5957,1.0516,0.0174,41.12,2.295,-2.4255,0.7416,2.5363,-2.4126,0.7823,0.000,1,SEARCH,0.1409,0.0000,0.0000,0.0885
15683,static,3.6076,1.0700,0.0190,34.76,2.295,-2.4528,0.6433,2.5357,-2.4400,0.6904,0.000,1,SEARCH,0.1396,0.0000,0.0000,0.0884
15783,static,3.6189,1.0846,0.0208,37.70,2.293,-2.4436,0.6038,2.5170,-2.4302,0.6555,0.000,1,SEARCH,0.1384,0.0000,0.0000,0.0878
15885,static,3.6300,1.1014,0.0191,34.45,2.292,-2.4409,0.5625,2.5049,-2.4292,0.6109,0.000,1,SEARCH,0.1374,0.0000,0.0000,0.0877
15983,static,3.6402,1.1153,0.0165,39.15,2.290,-2.4600,0.5586,2.5227,-2.4505,0.5990,0.000,1,SEARCH,0.1360,0.0000,0.0000,0.0869
16084,static,3.6554,1.1319,0.0118,0.00,2.287,0.0000,0.0000,0.0000,0.0000,0.0000,0.000,0,SEARCH,0.1347,0.0000,0.0000,0.0861
16185,static,3.6710,1.1470,0.0081,0.00,2.285,0.0000,0.0000,0.0000,0.0000,0.0000,0.000,0,SEARCH,0.1336,0.0000,0.0000,0.0856
16283,static,3.6838,1.1626,0.0071,0.00,2.285,0.0000,0.0000,0.0000,0.0000,0.0000,0.000,0,SEARCH,0.1319,0.0000,0.0000,0.0856
16383,static,3.6972,1.1750,0.0055,0.00,2.284,0.0000,0.0000,0.0000,0.0000,0.0000,0.000,0,SEARCH,0.1304,0.0000,0.0000,0.0853
16483,static,3.7122,1.1910,0.0059,0.00,2.283,0.0000,0.0000,0.0000,0.0000,0.0000,0.000,0,SEARCH,0.1290,0.0000,0.0000,0.0849
16583,static,3.7206,1.2025,0.0026,0.00,2.279,0.0000,0.0000,0.0000,0.0000,0.0000,0.000,0,SEARCH,0.1279,0.0000,0.0000,0.0837
16684,static,3.7308,1.2149,6.2821,0.00,2.278,0.0000,0.0000,0.0000,0.0000,0.0000,0.000,0,SEARCH,0.1269,0.0000,0.0000,0.0834
16783,static,3.7414,1.2301,6.2772,0.00,2.276,0.0000,0.0000,0.0000,0.0000,0.0000,0.000,0,SEARCH,0.1260,0.0000,0.0000,0.0829
16883,static,3.7483,1.2435,6.2776,0.00,2.274,0.0000,0.0000,0.0000,0.0000,0.0000,0.000,0,SEARCH,0.1252,0.0000,0.0000,0.0823
16983,static,3.7560,1.2573,6.2740,0.00,2.271,0.0000,0.0000,0.0000,0.0000,0.0000,0.000,0,SEARCH,0.1246,0.0000,0.0000,0.0813
17083,static,3.7605,1.2697,6.2723,0.00,2.265,0.0000,0.0000,0.0000,0.0000,0.0000,0.000,0,SEARCH,0.1240,0.0000,0.0000,0.0796
17183,static,3.7627,1.2823,6.2688,0.00,2.261,0.0000,0.0000,0.0000,0.0000,0.0000,0.000,0,SEARCH,0.1237,0.0000,0.0000,0.0784
17283,static,3.7638,1.2946,6.2600,0.00,2.259,0.0000,0.0000,0.0000,0.0000,0.0000,0.000,0,SEARCH,0.1236,0.0000,0.0000,0.0778
17383,static,3.7640,1.3062,6.2563,0.00,2.256,0.0000,0.0000,0.0000,0.0000,0.0000,0.000,0,SEARCH,0.1236,0.0000,0.0000,0.0768
17483,static,3.7640,1.3168,6.2493,0.00,2.253,0.0000,0.0000,0.0000,0.0000,0.0000,0.000,0,SEARCH,0.1236,0.0000,0.0000,0.0760
17586,static,3.7642,1.3336,6.2434,0.00,2.251,0.0000,0.0000,0.0000,0.0000,0.0000,0.000,0,SEARCH,0.1236,0.0000,0.0000,0.0753
17683,static,3.7621,1.3491,6.2358,0.00,2.242,0.0000,0.0000,0.0000,0.0000,0.0000,0.000,0,SEARCH,0.1238,0.0000,0.0000,0.0727
17783,static,3.7605,1.3652,6.2337,0.00,2.239,0.0000,0.0000,0.0000,0.0000,0.0000,0.000,0,SEARCH,0.1239,0.0000,0.0000,0.0717
17883,static,3.7596,1.3786,6.2343,0.00,2.242,0.0000,0.0000,0.0000,0.0000,0.0000,0.000,0,SEARCH,0.1240,0.0000,0.0000,0.0725
17983,static,3.7603,1.3908,6.2346,0.00,2.242,0.0000,0.0000,0.0000,0.0000,0.0000,0.000,0,SEARCH,0.1240,0.0000,0.0000,0.0726
18083,static,3.7644,1.4000,6.2397,0.00,2.243,0.0000,0.0000,0.0000,0.0000,0.0000,0.000,0,SEARCH,0.1236,0.0000,0.0000,0.0728
18183,static,3.7695,1.4102,6.2405,0.00,2.243,0.0000,0.0000,0.0000,0.0000,0.0000,0.000,0,SEARCH,0.1232,0.0000,0.0000,0.0728
18283,static,3.7770,1.4195,6.2470,0.00,2.242,0.0000,0.0000,0.0000,0.0000,0.0000,0.000,0,SEARCH,0.1224,0.0000,0.0000,0.0726
18383,static,3.7862,1.4280,6.2510,0.00,2.240,0.0000,0.0000,0.0000,0.0000,0.0000,0.000,0,SEARCH,0.1216,0.0000,0.0000,0.0719
18483,static,3.7961,1.4362,6.2583,0.00,2.239,0.0000,0.0000,0.0000,0.0000,0.0000,0.000,0,SEARCH,0.1205,0.0000,0.0000,0.0716
18584,static,3.8075,1.4449,6.2616,0.00,2.237,0.0000,0.0000,0.0000,0.0000,0.0000,0.000,0,SEARCH,0.1196,0.0000,0.0000,0.0711
18683,static,3.8209,1.4529,6.2645,0.00,2.236,0.0000,0.0000,0.0000,0.0000,0.0000,0.000,0,SEARCH,0.1182,0.0000,0.0000,0.0708
18785,static,3.8353,1.4625,6.2714,0.00,2.229,0.0000,0.0000,0.0000,0.0000,0.0000,0.000,0,SEARCH,0.1170,0.0000,0.0000,0.0687
18883,static,3.8478,1.4709,6.2759,0.00,2.224,0.0000,0.0000,0.0000,0.0000,0.0000,0.000,0,SEARCH,0.1153,0.0000,0.0000,0.0671
18983,static,3.8611,1.4821,6.2779,0.00,2.220,0.0000,0.0000,0.0000,0.0000,0.0000,0.000,0,SEARCH,0.1141,0.0000,0.0000,0.0659
19085,static,3.8727,1.4906,6.2823,0.00,2.218,0.0000,0.0000,0.0000,0.0000,0.0000,0.000,0,SEARCH,0.1131,0.0000,0.0000,0.0653
19183,static,3.8858,1.5007,0.0014,0.00,2.214,0.0000,0.0000,0.0000,0.0000,0.0000,0.000,0,SEARCH,0.1115,0.0000,0.0000,0.0643
19285,static,3.9024,1.5116,0.0062,0.00,2.213,0.0000,0.0000,0.0000,0.0000,0.0000,0.000,0,SEARCH,0.1104,0.0000,0.0000,0.0638
19383,static,3.9175,1.5212,0.0060,0.00,2.209,0.0000,0.0000,0.0000,0.0000,0.0000,0.000,0,SEARCH,0.1087,0.0000,0.0000,0.0628
19483,static,3.9326,1.5291,0.0089,0.00,2.207,0.0000,0.0000,0.0000,0.0000,0.0000,0.000,0,SEARCH,0.1067,0.0000,0.0000,0.0622
19583,static,3.9539,1.5409,0.0102,0.00,2.203,0.0000,0.0000,0.0000,0.0000,0.0000,0.000,0,SEARCH,0.1049,0.0000,0.0000,0.0610
19683,static,3.9751,1.5510,0.0137,0.00,2.200,0.0000,0.0000,0.0000,0.0000,0.0000,0.000,0,SEARCH,0.1029,0.0000,0.0000,0.0601
19783,static,3.9940,1.5607,0.0130,0.00,2.197,0.0000,0.0000,0.0000,0.0000,0.0000,0.000,0,SEARCH,0.1010,0.0000,0.0000,0.0592
19883,static,4.0140,1.5715,0.0113,0.00,2.195,0.0000,0.0000,0.0000,0.0000,0.0000,0.000,0,SEARCH,0.0992,0.0000,0.0000,0.0585
19983,static,4.0315,1.5812,0.0102,0.00,2.191,0.0000,0.0000,0.0000,0.0000,0.0000,0.000,0,SEARCH,0.0972,0.0000,0.0000,0.0572
20083,static,4.0482,1.5910,0.0068,0.00,2.186,0.0000,0.0000,0.0000,0.0000,0.0000,0.000,0,SEARCH,0.0957,0.0000,0.0000,0.0559
20183,static,4.0604,1.6002,0.0019,0.00,2.181,0.0000,0.0000,0.0000,0.0000,0.0000,0.000,0,SEARCH,0.0942,0.0000,0.0000,0.0542
20283,static,4.0779,1.6121,6.2829,0.00,2.177,0.0000,0.0000,0.0000,0.0000,0.0000,0.000,0,SEARCH,0.0924,0.0000,0.0000,0.0531
20383,static,4.0947,1.6252,6.2797,0.00,2.172,0.0000,0.0000,0.0000,0.0000,0.0000,0.000,0,SEARCH,0.0908,0.0000,0.0000,0.0517
20483,static,4.1127,1.6383,6.2765,0.00,2.169,0.0000,0.0000,0.0000,0.0000,0.0000,0.000,0,SEARCH,0.0891,0.0000,0.0000,0.0507
20583,static,4.1280,1.6513,6.2748,0.00,2.165,0.0000,0.0000,0.0000,0.0000,0.0000,0.000,0,SEARCH,0.0877,0.0000,0.0000,0.0494
20683,static,4.1425,1.6636,6.2686,0.00,2.160,0.0000,0.0000,0.0000,0.0000,0.0000,0.000,0,SEARCH,0.0859,0.0000,0.0000,0.0481
20783,static,4.1555,1.6766,6.2652,0.00,2.157,0.0000,0.0000,0.0000,0.0000,0.0000,0.000,0,SEARCH,0.0847,0.0000,0.0000,0.0471
20883,static,4.1686,1.6881,6.2603,0.00,2.153,0.0000,0.0000,0.0000,0.0000,0.0000,0.000,0,SEARCH,0.0833,0.0000,0.0000,0.0459
20983,static,4.1818,1.7003,6.2576,0.00,2.146,0.0000,0.0000,0.0000,0.0000,0.0000,0.000,0,SEARCH,0.0822,0.0000,0.0000,0.0439
21083,static,4.1964,1.7100,6.2577,0.00,2.144,0.0000,0.0000,0.0000,0.0000,0.0000,0.000,0,SEARCH,0.0806,0.0000,0.0000,0.0431
21183,static,4.2068,1.7190,6.2619,0.00,2.143,0.0000,0.0000,0.0000,0.0000,0.0000,0.000,0,SEARCH,0.0794,0.0000,0.0000,0.0428
21283,static,4.2208,1.7292,6.2630,0.00,2.141,0.0000,0.0000,0.0000,0.0000,0.0000,0.000,0,SEARCH,0.0781,0.0000,0.0000,0.0422
21386,static,4.2335,1.7400,6.2666,0.00,2.139,0.0000,0.0000,0.0000,0.0000,0.0000,0.000,0,SEARCH,0.0770,0.0000,0.0000,0.0417
21483,static,4.2452,1.7519,6.2693,0.00,2.136,0.0000,0.0000,0.0000,0.0000,0.0000,0.000,0,SEARCH,0.0757,0.0000,0.0000,0.0407
21583,static,4.2536,1.7614,6.2694,0.00,2.133,0.0000,0.0000,0.0000,0.0000,0.0000,0.000,0,SEARCH,0.0747,0.0000,0.0000,0.0398
21683,static,4.2645,1.7704,6.2718,0.00,2.132,0.0000,0.0000,0.0000,0.0000,0.0000,0.000,0,SEARCH,0.0737,0.0000,0.0000,0.0396
21783,static,4.2745,1.7800,6.2742,0.00,2.130,0.0000,0.0000,0.0000,0.0000,0.0000,0.000,0,SEARCH,0.0727,0.0000,0.0000,0.0389
21889,static,4.2842,1.7883,6.2740,0.00,2.127,0.0000,0.0000,0.0000,0.0000,0.0000,0.000,0,SEARCH,0.0719,0.0000,0.0000,0.0382
21984,static,4.2937,1.7980,6.2760,0.00,2.123,0.0000,0.0000,0.0000,0.0000,0.0000,0.000,0,SEARCH,0.0708,0.0000,0.0000,0.0370
22083,static,4.3041,1.8086,6.2760,0.00,2.121,0.0000,0.0000,0.0000,0.0000,0.0000,0.000,0,SEARCH,0.0697,0.0000,0.0000,0.0363
22183,static,4.3135,1.8184,6.2786,0.00,2.120,0.0000,0.0000,0.0000,0.0000,0.0000,0.000,0,SEARCH,0.0688,0.0000,0.0000,0.0360
22283,static,4.3221,1.8283,6.2803,0.00,2.120,0.0000,0.0000,0.0000,0.0000,0.0000,0.000,0,SEARCH,0.0679,0.0000,0.0000,0.0359
22383,static,4.3296,1.8374,0.0014,0.00,2.120,0.0000,0.0000,0.0000,0.0000,0.0000,0.000,0,SEARCH,0.0671,0.0000,0.0000,0.0359
22486,static,4.3364,1.8449,0.0005,0.00,2.120,0.0000,0.0000,0.0000,0.0000,0.0000,0.000,0,SEARCH,0.0665,0.0000,0.0000,0.0359
22587,static,4.3412,1.8521,0.0048,0.00,2.120,0.0000,0.0000,0.0000,0.0000,0.0000,0.000,0,SEARCH,0.0660,0.0000,0.0000,0.0359
22683,static,4.3454,1.8585,0.0068,0.00,2.118,0.0000,0.0000,0.0000,0.0000,0.0000,0.000,0,SEARCH,0.0655,0.0000,0.0000,0.0353
22786,static,4.3473,1.8656,0.0113,0.00,2.116,0.0000,0.0000,0.0000,0.0000,0.0000,0.000,0,SEARCH,0.0653,0.0000,0.0000,0.0347
22883,static,4.3502,1.8739,0.0117,0.00,2.113,0.0000,0.0000,0.0000,0.0000,0.0000,0.000,0,SEARCH,0.0651,0.0000,0.0000,0.0340
22983,static,4.3530,1.8829,0.0134,0.00,2.111,0.0000,0.0000,0.0000,0.0000,0.0000,0.000,0,SEARCH,0.0647,0.0000,0.0000,0.0332
23083,static,4.3589,1.8904,0.0151,0.00,2.109,0.0000,0.0000,0.0000,0.0000,0.0000,0.000,0,SEARCH,0.0642,0.0000,0.0000,0.0328
23183,static,4.3642,1.8996,0.0123,0.00,2.106,0.0000,0.0000,0.0000,0.0000,0.0000,0.000,0,SEARCH,0.0637,0.0000,0.0000,0.0318
23283,static,4.3704,1.9060,0.0155,0.00,2.105,0.0000,0.0000,0.0000,0.0000,0.0000,0.000,0,SEARCH,0.0630,0.0000,0.0000,0.0315
23388,static,4.3767,1.9135,0.0139,0.00,2.103,0.0000,0.0000,0.0000,0.0000,0.0000,0.000,0,SEARCH,0.0624,0.0000,0.0000,0.0308
23483,static,4.3853,1.9191,0.0145,18.03,2.101,-1.6293,1.2597,2.0595,-1.6115,1.2825,0.000,1,SEARCH,0.0616,0.0000,0.0000,0.0303
23583,static,4.3931,1.9251,0.0141,18.03,2.097,-1.6293,1.2597,2.0595,-1.6110,1.2830,0.000,1,SEARCH,0.0609,0.0000,0.0000,0.0292
23690,static,4.4005,1.9291,0.0119,0.00,2.094,0.0000,0.0000,0.0000,0.0000,0.0000,0.000,0,SEARCH,0.0601,0.0000,0.0000,0.0283
23783,static,4.4049,1.9345,0.0104,0.00,2.093,0.0000,0.0000,0.0000,0.0000,0.0000,0.000,0,SEARCH,0.0596,0.0000,0.0000,0.0278
23886,static,4.4089,1.9388,0.0040,0.00,2.091,0.0000,0.0000,0.0000,0.0000,0.0000,0.000,0,SEARCH,0.0592,0.0000,0.0000,0.0273
23983,static,4.4115,1.9448,0.0014,22.40,2.089,-1.6601,1.4124,2.1797,-1.6570,1.4161,0.000,1,SEARCH,0.0589,0.0000,0.0000,0.0266
24085,static,4.4159,1.9503,6.2795,0.00,2.087,0.0000,0.0000,0.0000,0.0000,0.0000,0.000,0,SEARCH,0.0586,0.0000,0.0000,0.0262
24191,static,4.4213,1.9571,6.2775,0.00,2.086,0.0000,0.0000,0.0000,0.0000,0.0000,0.000,0,SEARCH,0.0581,0.0000,0.0000,0.0258
24284,static,4.4284,1.9625,6.2751,0.00,2.082,0.0000,0.0000,0.0000,0.0000,0.0000,0.000,0,SEARCH,0.0573,0.0000,0.0000,0.0247
24383,static,4.4369,1.9703,6.2749,0.00,2.078,0.0000,0.0000,0.0000,0.0000,0.0000,0.000,0,SEARCH,0.0565,0.0000,0.0000,0.0235
24483,static,4.4462,1.9765,6.2793,0.00,2.075,0.0000,0.0000,0.0000,0.0000,0.0000,0.000,0,SEARCH,0.0556,0.0000,0.0000,0.0226
24583,static,4.4537,1.9827,6.2824,0.00,2.072,0.0000,0.0000,0.0000,0.0000,0.0000,0.000,0,SEARCH,0.0547,0.0000,0.0000,0.0217
24692,static,4.4654,1.9873,0.0071,0.00,2.072,0.0000,0.0000,0.0000,0.0000,0.0000,0.000,0,SEARCH,0.0538,0.0000,0.0000,0.0215
24783,static,4.4790,1.9932,0.0083,27.34,2.065,-1.5404,1.4507,2.1159,-1.5277,1.4640,0.000,1,SEARCH,0.0523,0.0000,0.0000,0.0195
24886,static,4.4916,1.9967,0.0142,27.34,2.065,-1.5404,1.4507,2.1159,-1.5225,1.4695,0.000,1,SEARCH,0.0512,0.0000,0.0000,0.0195
24983,static,4.5054,2.0009,0.0134,27.73,2.063,-1.5976,1.3867,2.1155,-1.5787,1.4083,0.000,1,SEARCH,0.0497,0.0000,0.0000,0.0189
25083,static,4.5161,2.0039,0.0177,26.73,2.059,-1.6530,1.3914,2.1607,-1.6292,1.4192,0.000,1,SEARCH,0.0485,0.0000,0.0000,0.0176
25190,static,4.5257,2.0066,0.0214,26.73,2.056,-1.6530,1.3914,2.1607,-1.6253,1.4237,0.000,1,SEARCH,0.0477,0.0000,0.0000,0.0167
25283,static,4.5348,2.0111,0.0297,27.10,2.052,-1.6855,1.3251,2.1440,-1.6475,1.3719,0.000,1,SEARCH,0.0467,0.0000,0.0000,0.0157
25383,static,4.5407,2.0156,0.0351,27.10,2.049,-1.6855,1.3251,2.1440,-1.6385,1.3827,0.000,1,SEARCH,0.0460,0.0000,0.0000,0.0146
25488,static,4.5470,2.0189,0.0398,20.91,2.046,-1.6592,1.2877,2.1003,-1.6085,1.3505,0.000,1,SEARCH,0.0454,0.0000,0.0000,0.0137
25583,static,4.5519,2.0217,0.0419,20.27,2.043,-1.6500,1.2623,2.0775,-1.5964,1.3294,0.000,1,SEARCH,0.0449,0.0000,0.0000,0.0130
25683,static,4.5554,2.0239,0.0426,20.27,2.042,-1.6500,1.2623,2.0775,-1.5936,1.3329,0.000,1,SEARCH,0.0445,0.0000,0.0000,0.0127
25784,static,4.5558,2.0272,0.0416,24.30,2.041,-1.6605,1.2095,2.0543,-1.6082,1.2782,0.000,1,SEARCH,0.0444,0.0000,0.0000,0.0124
25885,static,4.5543,2.0261,0.0386,26.32,2.040,-1.6637,1.2190,2.0625,-1.6148,1.2831,0.000,1,SEARCH,0.0445,0.0000,0.0000,0.0121
25983,static,4.5532,2.0260,0.0343,23.79,2.038,-1.6248,1.2984,2.0799,-1.5781,1.3548,0.000,1,SEARCH,0.0447,0.0000,0.0000,0.0114
26089,static,4.5516,2.0253,0.0337,23.79,2.037,-1.6248,1.2984,2.0799,-1.5787,1.3540,0.000,1,SEARCH,0.0448,0.0000,0.0000,0.0111
26193,static,4.5497,2.0225,0.0291,27.56,2.037,-1.5866,1.3688,2.0954,-1.5436,1.4171,0.000,1,SEARCH,0.0450,0.0000,0.0000,0.0111
26283,static,4.5501,2.0174,0.0271,25.60,2.035,-1.5654,1.4328,2.1221,-1.5246,1.4762,0.000,1,SEARCH,0.0450,0.0000,0.0000,0.0105
26386,static,4.5487,2.0131,0.0186,25.60,2.033,-1.5654,1.4328,2.1221,-1.5327,1.4678,0.000,1,SEARCH,0.0451,0.0000,0.0000,0.0099
26489,static,4.5473,2.0078,0.0080,25.41,2.030,-1.5878,1.4884,2.1764,-1.5678,1.5095,0.000,1,SEARCH,0.0452,0.0000,0.0000,0.0091
26583,static,4.5464,2.0029,6.2818,26.38,2.029,-1.5743,1.5233,2.1906,-1.5745,1.5230,0.000,1,SEARCH,0.0454,0.0000,0.0000,0.0087
26683,static,4.5441,2.0002,6.2757,26.38,2.027,-1.5743,1.5233,2.1906,-1.5836,1.5135,0.000,1,SEARCH,0.0456,0.0000,0.0000,0.0082
26783,static,4.5428,2.0000,6.2724,41.29,2.025,-1.4504,1.6465,2.1943,-1.4684,1.6306,0.000,1,SEARCH,0.0457,0.0000,0.0000,0.0074
26883,static,4.5413,2.0007,6.2724,41.29,2.025,-1.4504,1.6465,2.1943,-1.4684,1.6306,0.000,1,SEARCH,0.0458,0.0000,0.0000,0.0074
26985,static,4.5410,2.0021,6.2786,41.41,2.024,-1.4142,1.6570,2.1784,-1.4263,1.6466,0.000,1,SEARCH,0.0459,0.0000,0.0000,0.0072
27083,static,4.5386,2.0032,0.0008,44.44,2.022,-1.4197,1.6332,2.1640,-1.4201,1.6328,0.000,1,SEARCH,0.0461,0.0000,0.0000,0.0066
27183,static,4.5367,2.0056,0.0105,43.53,2.021,-1.4274,1.5564,2.1119,-1.4137,1.5689,0.000,1,SEARCH,0.0463,0.0000,0.0000,0.0062
27283,static,4.5331,2.0062,0.0190,43.53,2.020,-1.4274,1.5564,2.1119,-1.4000,1.5811,0.000,1,SEARCH,0.0466,0.0000,0.0000,0.0061
27383,static,4.5297,2.0094,0.0252,43.53,2.019,-1.4274,1.5564,2.1119,-1.3896,1.5903,0.000,1,SEARCH,0.0469,0.0000,0.0000,0.0058
27487,static,4.5263,2.0112,0.0262,43.53,2.018,-1.4274,1.5564,2.1119,-1.3860,1.5934,0.000,1,SEARCH,0.0473,0.0000,0.0000,0.0055
27583,static,4.5252,2.0130,0.0250,39.53,2.016,-1.4830,1.3919,2.0339,-1.4479,1.4284,0.000,1,SEARCH,0.0475,0.0000,0.0000,0.0048
27691,static,4.5223,2.0169,0.0219,39.53,2.015,-1.4830,1.3919,2.0339,-1.4501,1.4261,0.000,1,SEARCH,0.0477,0.0000,0.0000,0.0045
27783,static,4.5211,2.0196,0.0170,40.19,2.015,-1.4569,1.4391,2.0478,-1.4307,1.4651,0.000,1,SEARCH,0.0479,0.0000,0.0000,0.0045
27883,static,4.5193,2.0211,0.0130,40.19,2.017,-1.4569,1.4391,2.0478,-1.4370,1.4589,0.000,1,SEARCH,0.0481,0.0000,0.0000,0.0050
27983,static,4.5199,2.0235,0.0094,40.19,2.016,-1.4569,1.4391,2.0478,-1.4419,1.4542,0.000,1,SEARCH,0.0480,0.0000,0.0000,0.0048
28083,static,4.5175,2.0257,0.0000,40.19,2.015,-1.4569,1.4391,2.0478,-1.4539,1.4421,0.000,1,SEARCH,0.0482,0.0000,0.0000,0.0046
28183,static,4.5151,2.0273,6.2796,39.37,2.017,-1.4316,1.5891,2.1388,-1.4360,1.5851,0.000,1,SEARCH,0.0484,0.0000,0.0000,0.0052
28283,static,4.5108,2.0286,6.2741,39.37,2.018,-1.4316,1.5891,2.1388,-1.4446,1.5772,0.000,1,SEARCH,0.0489,0.0000,0.0000,0.0053
28383,static,4.5080,2.0316,6.2697,39.37,2.017,-1.4316,1.5891,2.1388,-1.4521,1.5703,0.000,1,SEARCH,0.0492,0.0000,0.0000,0.0052
28484,static,4.5029,2.0344,6.2681,40.69,2.017,-1.3862,1.6552,2.1590,-1.4094,1.6354,0.000,1,SEARCH,0.0496,0.0000,0.0000,0.0052
28583,static,4.4994,2.0371,6.2654,40.69,2.016,-1.3862,1.6552,2.1590,-1.4156,1.6301,0.000,1,SEARCH,0.0500,0.0000,0.0000,0.0048
28683,static,4.4902,2.0400,6.2677,40.69,2.016,-1.3862,1.6552,2.1590,-1.4123,1.6330,0.000,1,SEARCH,0.0508,0.0000,0.0000,0.0049
28783,static,4.4828,2.0423,6.2685,39.87,2.017,-1.3289,1.6706,2.1347,-1.3531,1.6511,0.000,1,SEARCH,0.0515,0.0000,0.0000,0.0052
28883,static,4.4727,2.0419,6.2736,39.87,2.020,-1.3289,1.6706,2.1347,-1.3475,1.6557,0.000,1,SEARCH,0.0525,0.0000,0.0000,0.0059
28983,static,4.4652,2.0418,6.2790,39.87,2.022,-1.3289,1.6706,2.1347,-1.3366,1.6645,0.000,1,SEARCH,0.0533,0.0000,0.0000,0.0065
29083,static,4.4556,2.0430,6.2814,39.87,2.021,-1.3289,1.6706,2.1347,-1.3330,1.6674,0.000,1,SEARCH,0.0542,0.0000,0.0000,0.0063
29183,static,4.4459,2.0442,0.0034,36.73,2.021,-1.2972,1.5968,2.0573,-1.2934,1.5999,0.000,1,SEARCH,0.0552,0.0000,0.0000,0.0064
29283,static,4.4337,2.0457,0.0082,35.50,2.023,-1.2803,1.5737,2.0287,-1.2682,1.5835,0.000,1,SEARCH,0.0564,0.0000,0.0000,0.0069
29383,static,4.4256,2.0477,0.0090,35.50,2.022,-1.2803,1.5737,2.0287,-1.2675,1.5840,0.000,1,SEARCH,0.0572,0.0000,0.0000,0.0065
29483,static,4.4169,2.0498,0.0116,34.34,2.018,-1.2552,1.5356,1.9833,-1.2382,1.5493,0.000,1,SEARCH,0.0581,0.0000,0.0000,0.0055
29583,static,4.4092,2.0521,0.0131,33.86,2.016,-1.2589,1.5385,1.9879,-1.2389,1.5547,0.000,1,SEARCH,0.0590,0.0000,0.0000,0.0049
29683,static,4.3981,2.0542,0.0154,33.86,2.015,-1.2589,1.5385,1.9879,-1.2362,1.5568,0.000,1,SEARCH,0.0599,0.0000,0.0000,0.0045
29783,static,4.3895,2.0569,0.0175,33.86,2.013,-1.2589,1.5385,1.9879,-1.2322,1.5600,0.000,1,SEARCH,0.0610,0.0000,0.0000,0.0040
29884,static,4.3767,2.0613,0.0167,32.09,2.014,-1.2883,1.5331,2.0026,-1.2611,1.5556,0.000,1,SEARCH,0.0620,0.0000,0.0000,0.0042
29983,static,4.3685,2.0652,0.0159,32.09,2.015,-1.2883,1.5331,2.0026,-1.2634,1.5537,0.000,1,SEARCH,0.0629,0.0000,0.0000,0.0045
30083,static,4.3569,2.0706,0.0140,32.09,2.016,-1.2883,1.5331,2.0026,-1.2668,1.5510,0.000,1,SEARCH,0.0640,0.0000,0.0000,0.0049
30183,static,4.3491,2.0745,0.0105,32.09,2.019,-1.2883,1.5331,2.0026,-1.2700,1.5483,0.000,1,SEARCH,0.0650,0.0000,0.0000,0.0058
30283,static,4.3342,2.0818,0.0094,32.09,2.022,-1.2883,1.5331,2.0026,-1.2740,1.5451,0.000,1,SEARCH,0.0662,0.0000,0.0000,0.0067
30384,static,4.3232,2.0889,0.0064,34.40,2.024,-1.1861,1.5850,1.9796,-1.1752,1.5931,0.000,1,SEARCH,0.0674,0.0000,0.0000,0.0073
30483,static,4.3128,2.0950,0.0058,31.00,2.025,-1.1326,1.6105,1.9689,-1.1235,1.6168,0.000,1,SEARCH,0.0686,0.0000,0.0000,0.0076
30583,static,4.3007,2.1040,0.0019,31.00,2.025,-1.1326,1.6105,1.9689,-1.1280,1.6137,0.000,1,SEARCH,0.0696,0.0000,0.0000,0.0075
30683,static,4.2893,2.1110,6.2809,31.00,2.027,-1.1326,1.6105,1.9689,-1.1345,1.6091,0.000,1,SEARCH,0.0709,0.0000,0.0000,0.0080
30783,static,4.2782,2.1187,6.2771,33.89,2.029,-1.1134,1.6471,1.9881,-1.1222,1.6411,0.000,1,SEARCH,0.0719,0.0000,0.0000,0.0087
30883,static,4.2682,2.1283,6.2767,34.09,2.033,-1.1120,1.6552,1.9940,-1.1222,1.6483,0.000,1,SEARCH,0.0730,0.0000,0.0000,0.0098
30983,static,4.2605,2.1384,6.2743,32.82,2.033,-1.0674,1.6710,1.9828,-1.0823,1.6614,0.000,1,SEARCH,0.0738,0.0000,0.0000,0.0099
31083,static,4.2522,2.1481,6.2723,34.88,2.034,-1.0843,1.6619,1.9844,-1.1029,1.6497,0.000,1,SEARCH,0.0747,0.0000,0.0000,0.0103
31183,static,4.2454,2.1589,6.2740,34.88,2.035,-1.0843,1.6619,1.9844,-1.0997,1.6518,0.000,1,SEARCH,0.0754,0.0000,0.0000,0.0104
31283,static,4.2374,2.1690,6.2722,34.88,2.035,-1.0843,1.6619,1.9844,-1.1014,1.6507,0.000,1,SEARCH,0.0761,0.0000,0.0000,0.0106
31383,static,4.2321,2.1774,6.2734,34.88,2.036,-1.0843,1.6619,1.9844,-1.1016,1.6505,0.000,1,SEARCH,0.0767,0.0000,0.0000,0.0109
31483,static,4.2285,2.1877,6.2732,34.88,2.035,-1.0843,1.6619,1.9844,-1.1023,1.6501,0.000,1,SEARCH,0.0771,0.0000,0.0000,0.0104
31583,static,4.2285,2.1960,6.2714,34.88,2.033,-1.0843,1.6619,1.9844,-1.1033,1.6494,0.000,1,SEARCH,0.0772,0.0000,0.0000,0.0099
31694,static,4.2272,2.2063,6.2729,34.88,2.034,-1.0843,1.6619,1.9844,-1.1022,1.6501,0.000,1,SEARCH,0.0773,0.0000,0.0000,0.0102
31783,static,4.2306,2.2160,6.2717,32.82,2.034,-1.1488,1.5090,1.8965,-1.1647,1.4968,0.000,1,SEARCH,0.0770,0.0000,0.0000,0.0102
31891,static,4.2318,2.2225,6.2736,32.82,2.035,-1.1488,1.5090,1.8965,-1.1648,1.4966,0.000,1,SEARCH,0.0769,0.0000,0.0000,0.0104
31983,static,4.2358,2.2314,6.2769,33.27,2.036,-1.1598,1.4918,1.8896,-1.1696,1.4842,0.000,1,SEARCH,0.0765,0.0000,0.0000,0.0108
32083,static,4.2376,2.2366,6.2766,33.27,2.035,-1.1598,1.4918,1.8896,-1.1704,1.4835,0.000,1,SEARCH,0.0763,0.0000,0.0000,0.0106
32183,static,4.2405,2.2398,6.2813,33.27,2.036,-1.1598,1.4918,1.8896,-1.1646,1.4881,0.000,1,SEARCH,0.0760,0.0000,0.0000,0.0108
32283,static,4.2400,2.2470,0.0029,33.27,2.036,-1.1598,1.4918,1.8896,-1.1566,1.4943,0.000,1,SEARCH,0.0760,0.0000,0.0000,0.0109
32383,static,4.2400,2.2520,0.0032,33.27,2.035,-1.1598,1.4918,1.8896,-1.1548,1.4957,0.000,1,SEARCH,0.0760,0.0000,0.0000,0.0106
32483,static,4.2393,2.2605,0.0038,31.09,2.036,-1.2504,1.3090,1.8103,-1.2455,1.3137,0.000,1,SEARCH,0.0761,0.0000,0.0000,0.0108
32583,static,4.2411,2.2647,0.0063,29.80,2.036,-1.2587,1.2931,1.8046,-1.2517,1.3000,0.000,1,SEARCH,0.0759,0.0000,0.0000,0.0109
32684,static,4.2406,2.2706,0.0071,29.90,2.036,-1.2526,1.2629,1.7788,-1.2453,1.2702,0.000,1,SEARCH,0.0759,0.0000,0.0000,0.0108
32785,static,4.2383,2.2767,0.0092,31.22,2.036,-1.2271,1.2680,1.7646,-1.2147,1.2799,0.000,1,SEARCH,0.0761,0.0000,0.0000,0.0108
32883,static,4.2386,2.2830,0.0100,32.04,2.038,-1.2175,1.2605,1.7525,-1.2054,1.2721,0.000,1,SEARCH,0.0761,0.0000,0.0000,0.0115
32986,static,4.2381,2.2879,0.0093,32.39,2.039,-1.2279,1.2464,1.7496,-1.2146,1.2594,0.000,1,SEARCH,0.0761,0.0000,0.0000,0.0117
33084,static,4.2377,2.2928,0.0091,31.66,2.040,-1.2641,1.2257,1.7607,-1.2529,1.2371,0.000,1,SEARCH,0.0762,0.0000,0.0000,0.0120
33183,static,4.2393,2.2970,0.0075,31.66,2.042,-1.2641,1.2257,1.7607,-1.2551,1.2349,0.000,1,SEARCH,0.0761,0.0000,0.0000,0.0125
33283,static,4.2394,2.3050,0.0045,32.05,2.043,-1.2801,1.2336,1.7778,-1.2730,1.2409,0.000,1,SEARCH,0.0761,0.0000,0.0000,0.0129
33394,static,4.2400,2.3100,0.0025,31.73,2.044,-1.2618,1.2383,1.7679,-1.2584,1.2417,0.000,1,SEARCH,0.0761,0.0000,0.0000,0.0132
33487,static,4.2390,2.3186,6.2820,29.16,2.046,-1.2446,1.2400,1.7569,-1.2443,1.2404,0.000,1,SEARCH,0.0761,0.0000,0.0000,0.0139
33584,static,4.2397,2.3235,6.2804,31.06,2.049,-1.2310,1.2338,1.7429,-1.2341,1.2307,0.000,1,SEARCH,0.0761,0.0000,0.0000,0.0146
33688,static,4.2422,2.3309,6.2778,30.96,2.049,-1.1831,1.2580,1.7270,-1.1884,1.2530,0.000,1,SEARCH,0.0758,0.0000,0.0000,0.0148
33783,static,4.2431,2.3360,6.2723,32.39,2.048,-1.1833,1.2595,1.7281,-1.1942,1.2491,0.000,1,SEARCH,0.0757,0.0000,0.0000,0.0145
33883,static,4.2457,2.3425,6.2667,29.90,2.049,-1.1970,1.2869,1.7576,-1.2175,1.2675,0.000,1,SEARCH,0.0755,0.0000,0.0000,0.0147
33985,static,4.2503,2.3459,6.2655,32.33,2.050,-1.2115,1.2878,1.7681,-1.2330,1.2672,0.000,1,SEARCH,0.0750,0.0000,0.0000,0.0150
34094,static,4.2554,2.3489,6.2634,32.33,2.049,-1.2115,1.2878,1.7681,-1.2359,1.2645,0.000,1,SEARCH,0.0745,0.0000,0.0000,0.0148
34185,static,4.2625,2.3526,6.2670,0.00,2.050,0.0000,0.0000,0.0000,0.0000,0.0000,0.000,0,SEARCH,0.0740,0.0000,0.0000,0.0149
34285,static,4.2707,2.3568,6.2677,0.00,2.047,0.0000,0.0000,0.0000,0.0000,0.0000,0.000,0,SEARCH,0.0731,0.0000,0.0000,0.0142
34390,static,4.2801,2.3607,6.2696,0.00,2.047,0.0000,0.0000,0.0000,0.0000,0.0000,0.000,0,SEARCH,0.0723,0.0000,0.0000,0.0140
34484,static,4.2913,2.3648,6.2702,0.00,2.050,0.0000,0.0000,0.0000,0.0000,0.0000,0.000,0,SEARCH,0.0710,0.0000,0.0000,0.0150
34587,static,4.3032,2.3673,6.2726,24.56,2.050,-1.0032,1.7843,2.0470,-1.0232,1.7729,0.000,1,SEARCH,0.0701,0.0000,0.0000,0.0151
34686,static,4.3103,2.3702,6.2714,21.96,2.050,-0.9149,1.9495,2.1535,-0.9357,1.9396,0.000,1,SEARCH,0.0692,0.0000,0.0000,0.0149
34788,static,4.3161,2.3713,6.2731,0.00,2.051,0.0000,0.0000,0.0000,0.0000,0.0000,0.000,0,SEARCH,0.0685,0.0000,0.0000,0.0152
34884,static,4.3207,2.3747,6.2714,23.68,2.049,-0.7823,2.3029,2.4321,-0.8051,2.2950,0.000,1,SEARCH,0.0681,0.0000,0.0000,0.0148
34987,static,4.3248,2.3766,6.2728,23.68,2.041,-0.7823,2.3029,2.4321,-0.8055,2.2949,0.000,1,SEARCH,0.0677,0.0000,0.0000,0.0124
35083,static,4.3303,2.3808,6.2749,25.78,2.038,-0.5664,2.6696,2.7290,-0.5891,2.6647,0.000,1,SEARCH,0.0670,0.0000,0.0000,0.0115
35187,static,4.3339,2.3831,6.2755,26.80,2.039,-0.5766,2.7139,2.7745,-0.5988,2.7091,0.000,1,SEARCH,0.0667,0.0000,0.0000,0.0117
35287,static,4.3372,2.3856,6.2779,28.34,2.040,-0.5901,2.7307,2.7937,-0.6095,2.7264,0.000,1,SEARCH,0.0664,0.0000,0.0000,0.0121
35386,static,4.3403,2.3868,6.2801,27.94,2.043,-0.6504,2.7486,2.8245,-0.6616,2.7459,0.000,1,SEARCH,0.0661,0.0000,0.0000,0.0128
35484,static,4.3440,2.3902,6.2807,28.57,2.043,-0.6857,2.7742,2.8577,-0.6927,2.7724,0.000,1,SEARCH,0.0657,0.0000,0.0000,0.0130
35586,static,4.3470,2.3919,6.2824,26.88,2.044,-0.7432,2.7710,2.8689,-0.7488,2.7695,0.000,1,SEARCH,0.0654,0.0000,0.0000,0.0133
35692,static,4.3526,2.3948,0.0004,28.86,2.047,-0.8113,2.7544,2.8714,-0.8132,2.7539,0.000,1,SEARCH,0.0650,0.0000,0.0000,0.0140
35791,static,4.3595,2.3971,0.0023,29.89,2.045,-0.7924,2.7954,2.9055,-0.7862,2.7971,0.000,1,SEARCH,0.0643,0.0000,0.0000,0.0136
35898,static,4.3664,2.4016,6.2831,31.96,2.044,-0.7440,2.8344,2.9304,-0.7431,2.8346,0.000,1,SEARCH,0.0635,0.0000,0.0000,0.0133
35986,static,4.3742,2.4041,6.2821,32.61,2.044,-0.7401,2.8765,2.9702,-0.7414,2.8762,0.000,1,SEARCH,0.0629,0.0000,0.0000,0.0133
36091,static,4.3808,2.4070,6.2796,32.74,2.043,-0.7293,2.8939,2.9844,-0.7363,2.8921,0.000,1,SEARCH,0.0620,0.0000,0.0000,0.0130
36189,static,4.3891,2.4109,6.2786,33.45,2.044,-0.7538,2.8708,2.9682,-0.7690,2.8668,0.000,1,SEARCH,0.0613,0.0000,0.0000,0.0132
36287,static,4.3964,2.4161,6.2760,35.02,2.046,-0.8231,2.8236,2.9412,-0.8367,2.8196,0.000,1,SEARCH,0.0607,0.0000,0.0000,0.0137
36389,static,4.4038,2.4208,6.2759,34.33,2.046,-0.8208,2.8149,2.9321,-0.8453,2.8076,0.000,1,SEARCH,0.0599,0.0000,0.0000,0.0138
36496,static,4.4086,2.4274,6.2734,35.39,2.048,-0.8559,2.8018,2.9297,-0.8788,2.7947,0.000,1,SEARCH,0.0592,0.0000,0.0000,0.0143
36587,static,4.4166,2.4373,6.2756,34.39,2.049,-0.8616,2.7848,2.9151,-0.8870,2.7768,0.000,1,SEARCH,0.0586,0.0000,0.0000,0.0146
36684,static,4.4231,2.4463,6.2775,34.61,2.045,-0.8905,2.7525,2.8930,-0.9065,2.7473,0.000,1,SEARCH,0.0579,0.0000,0.0000,0.0134
36790,static,4.4295,2.4545,0.0016,36.38,2.043,-0.8800,2.7410,2.8788,-0.8845,2.7396,0.000,1,SEARCH,0.0573,0.0000,0.0000,0.0128
36889,static,4.4368,2.4623,0.0090,36.33,2.044,-0.9537,2.6328,2.8002,-0.9382,2.6384,0.000,1,SEARCH,0.0566,0.0000,0.0000,0.0133
36987,static,4.4436,2.4676,0.0179,35.17,2.045,-1.0199,2.5319,2.7296,-0.9846,2.5459,0.000,1,SEARCH,0.0559,0.0000,0.0000,0.0135
37088,static,4.4494,2.4717,0.0268,36.49,2.046,-1.1181,2.4037,2.6510,-1.0628,2.4286,0.000,1,SEARCH,0.0553,0.0000,0.0000,0.0137
37186,static,4.4564,2.4742,0.0338,35.12,2.044,-1.1402,2.3395,2.6026,-1.0651,2.3747,0.000,1,SEARCH,0.0546,0.0000,0.0000,0.0133
37285,static,4.4649,2.4758,0.0392,34.27,2.043,-1.1751,2.2949,2.5782,-1.0895,2.3367,0.000,1,SEARCH,0.0538,0.0000,0.0000,0.0130
37384,static,4.4709,2.4756,0.0378,34.27,2.043,-1.1751,2.2949,2.5782,-1.0860,2.3383,0.000,1,SEARCH,0.0530,0.0000,0.0000,0.0130
37485,static,4.4780,2.4719,0.0362,34.83,2.045,-1.1268,2.3732,2.6271,-1.0391,2.4129,0.000,1,SEARCH,0.0524,0.0000,0.0000,0.0134
37589,static,4.4842,2.4685,0.0347,35.82,2.045,-1.1261,2.3917,2.6436,-1.0387,2.4309,0.000,1,SEARCH,0.0518,0.0000,0.0000,0.0134
37694,static,4.4944,2.4653,0.0304,37.71,2.047,-1.0986,2.4492,2.6843,-1.0208,2.4827,0.000,1,SEARCH,0.0506,0.0000,0.0000,0.0141
37788,static,4.5051,2.4610,0.0215,38.55,2.050,-1.0869,2.4867,2.7138,-1.0213,2.5143,0.000,1,SEARCH,0.0499,0.0000,0.0000,0.0149
37895,static,4.5148,2.4565,0.0185,39.55,2.053,-1.0619,2.5061,2.7218,-1.0128,2.5263,0.000,1,SEARCH,0.0490,0.0000,0.0000,0.0158
37989,static,4.5226,2.4525,0.0110,40.38,2.055,-0.9961,2.5656,2.7522,-0.9602,2.5793,0.000,1,SEARCH,0.0479,0.0000,0.0000,0.0164
38086,static,4.5305,2.4454,0.0085,41.43,2.056,-1.0233,2.5642,2.7608,-0.9994,2.5735,0.000,1,SEARCH,0.0473,0.0000,0.0000,0.0167
38191,static,4.5371,2.4390,0.0036,41.48,2.056,-1.0186,2.5940,2.7868,-1.0024,2.6003,0.000,1,SEARCH,0.0464,0.0000,0.0000,0.0168
38287,static,4.5450,2.4337,6.2822,42.70,2.055,-1.0216,2.6120,2.8047,-1.0149,2.6146,0.000,1,SEARCH,0.0457,0.0000,0.0000,0.0165
38385,static,4.5517,2.4282,6.2768,45.63,2.055,-1.0494,2.6291,2.8308,-1.0606,2.6246,0.000,1,SEARCH,0.0450,0.0000,0.0000,0.0166
38491,static,4.5582,2.4237,6.2764,48.40,2.058,-1.1048,2.6294,2.8521,-1.1239,2.6213,0.000,1,SEARCH,0.0444,0.0000,0.0000,0.0173
38584,static,4.5629,2.4218,6.2733,50.64,2.059,-1.0204,2.7437,2.9274,-1.0446,2.7346,0.000,1,SEARCH,0.0437,0.0000,0.0000,0.0177
38684,static,4.5699,2.4190,6.2718,50.64,2.062,-1.0204,2.7437,2.9274,-1.0519,2.7318,0.000,1,SEARCH,0.0431,0.0000,0.0000,0.0185
38784,static,4.5746,2.4160,6.2729,49.88,2.064,-1.0126,2.8561,3.0303,-1.0428,2.8453,0.000,1,SEARCH,0.0427,0.0000,0.0000,0.0193
38885,static,4.5829,2.4137,6.2710,49.88,2.066,-1.0126,2.8561,3.0303,-1.0450,2.8444,0.000,1,SEARCH,0.0419,0.0000,0.0000,0.0198
38983,static,4.5912,2.4112,6.2731,49.21,2.066,-1.0337,2.9231,3.1005,-1.0664,2.9113,0.000,1,SEARCH,0.0410,0.0000,0.0000,0.0199
39095,static,4.5984,2.4101,6.2733,49.21,2.067,-1.0337,2.9231,3.1005,-1.0630,2.9126,0.000,1,SEARCH,0.0404,0.0000,0.0000,0.0201
39185,static,4.6089,2.4096,6.2728,51.20,2.067,-1.0549,2.9530,3.1358,-1.0850,2.9421,0.000,1,SEARCH,0.0392,0.0000,0.0000,0.0200
39288,static,4.6222,2.4096,6.2711,51.20,2.067,-1.0549,2.9530,3.1358,-1.0872,2.9413,0.000,1,SEARCH,0.0382,0.0000,0.0000,0.0202
39387,static,4.6361,2.4088,6.2729,55.83,2.067,-1.1561,2.9688,3.1860,-1.1858,2.9571,0.000,1,SEARCH,0.0368,0.0000,0.0000,0.0201
39484,static,4.6537,2.4080,6.2775,58.03,2.069,-1.2033,2.9547,3.1903,-1.2282,2.9444,0.000,1,SEARCH,0.0353,0.0000,0.0000,0.0206
39587,static,4.6690,2.4075,6.2793,58.03,2.071,-1.2033,2.9547,3.1903,-1.2156,2.9496,0.000,1,SEARCH,0.0337,0.0000,0.0000,0.0213
39685,static,4.6861,2.4071,0.0017,60.06,2.071,-1.3014,2.9574,3.2310,-1.3044,2.9560,0.000,1,SEARCH,0.0321,0.0000,0.0000,0.0214
39785,static,4.7041,2.4073,0.0031,60.06,2.072,-1.3014,2.9574,3.2310,-1.2928,2.9611,0.000,1,SEARCH,0.0300,0.0000,0.0000,0.0217
39891,static,4.7242,2.4061,0.0085,60.06,2.075,-1.3014,2.9574,3.2310,-1.2782,2.9674,0.000,1,SEARCH,0.0280,0.0000,0.0000,0.0224
39986,static,4.7462,2.4067,0.0093,60.26,2.074,-1.4010,2.9732,3.2867,-1.3716,2.9868,0.000,1,SEARCH,0.0257,0.0000,0.0000,0.0223
40090,static,4.7650,2.4077,0.0094,60.26,2.075,-1.4010,2.9732,3.2867,-1.3763,2.9847,0.000,1,SEARCH,0.0243,0.0000,0.0000,0.0224
40185,static,4.7866,2.4081,0.0119,59.37,2.077,-1.4304,2.9615,3.2888,-1.3954,2.9781,0.000,1,SEARCH,0.0218,0.0000,0.0000,0.0231
40284,static,4.8062,2.4081,0.0084,59.37,2.080,-1.4304,2.9615,3.2888,-1.4051,2.9736,0.000,1,SEARCH,0.0198,0.0000,0.0000,0.0239
40386,static,4.8223,2.4078,0.0089,59.37,2.081,-1.4304,2.9615,3.2888,-1.4029,2.9746,0.000,1,SEARCH,0.0185,0.0000,0.0000,0.0244
40486,static,4.8438,2.4075,0.0058,59.37,2.084,-1.4304,2.9615,3.2888,-1.4125,2.9700,0.000,1,SEARCH,0.0160,0.0000,0.0000,0.0252
40585,static,4.8643,2.4070,0.0068,58.25,2.088,-1.4344,2.9648,3.2935,-1.4135,2.9748,0.000,1,SEARCH,0.0140,0.0000,0.0000,0.0264
40685,static,4.8855,2.4093,0.0061,58.25,2.088,-1.4344,2.9648,3.2935,-1.4138,2.9746,0.000,1,SEARCH,0.0119,0.0000,0.0000,0.0264
40785,static,4.9031,2.4107,0.0082,58.25,2.087,-1.4344,2.9648,3.2935,-1.4129,2.9750,0.000,1,SEARCH,0.0099,0.0000,0.0000,0.0261
40885,static,4.9278,2.4106,0.0134,58.25,2.089,-1.4344,2.9648,3.2935,-1.3961,2.9830,0.000,1,SEARCH,0.0079,0.0000,0.0000,0.0266
40985,static,4.9497,2.4105,0.0171,58.25,2.089,-1.4344,2.9648,3.2935,-1.3864,2.9875,0.000,1,SEARCH,0.0061,0.0000,0.0000,0.0266
41086,static,4.9753,2.4091,0.0233,58.25,2.089,-1.4344,2.9648,3.2935,-1.3668,2.9965,0.000,1,SEARCH,0.0032,0.0000,0.0000,0.0266
41185,static,4.9946,2.4067,0.0259,58.25,2.090,-1.4344,2.9648,3.2935,-1.3591,3.0000,0.000,1,SEARCH,0.0009,0.0000,0.0000,0.0271
41285,static,5.0174,2.4021,0.0228,58.25,2.092,-1.4344,2.9648,3.2935,-1.3613,2.9990,0.000,1,SEARCH,-0.0007,0.0000,0.0000,0.0276
41389,static,5.0355,2.3975,0.0228,52.96,2.094,-1.4550,2.8300,3.1821,-1.3922,2.8614,0.000,1,SEARCH,-0.0030,0.0000,0.0000,0.0283
41485,static,5.0566,2.3891,0.0206,52.59,2.097,-1.4227,2.8629,3.1970,-1.3620,2.8923,0.000,1,SEARCH,-0.0053,0.0000,0.0000,0.0290
41586,static,5.0769,2.3807,0.0167,52.59,2.096,-1.4227,2.8629,3.1970,-1.3693,2.8889,0.000,1,SEARCH,-0.0068,0.0000,0.0000,0.0287
41685,static,5.0952,2.3735,0.0093,53.36,2.095,-1.4206,2.8276,3.1644,-1.3889,2.8434,0.000,1,SEARCH,-0.0089,0.0000,0.0000,0.0284
41787,static,5.1158,2.3636,0.0067,53.36,2.092,-1.4206,2.8276,3.1644,-1.4002,2.8378,0.000,1,SEARCH,-0.0110,0.0000,0.0000,0.0277
41891,static,5.1320,2.3534,0.0037,53.34,2.091,-1.4320,2.8233,3.1657,-1.4180,2.8304,0.000,1,SEARCH,-0.0125,0.0000,0.0000,0.0274
41989,static,5.1478,2.3427,6.2812,54.26,2.091,-1.3857,2.8945,3.2091,-1.3866,2.8941,0.000,1,SEARCH,-0.0144,0.0000,0.0000,0.0272
42085,static,5.1679,2.3300,6.2788,54.39,2.092,-1.4774,2.8728,3.2305,-1.4901,2.8663,0.000,1,SEARCH,-0.0160,0.0000,0.0000,0.0277
42187,static,5.1840,2.3190,6.2769,54.39,2.095,-1.4774,2.8728,3.2305,-1.4910,2.8658,0.000,1,SEARCH,-0.0177,0.0000,0.0000,0.0285
42285,static,5.2027,2.3019,6.2746,54.73,2.097,-1.4901,2.8874,3.2492,-1.5133,2.8753,0.000,1,SEARCH,-0.0198,0.0000,0.0000,0.0292
42389,static,5.2147,2.2899,6.2713,53.71,2.100,-1.4589,2.9193,3.2635,-1.4881,2.9045,0.000,1,SEARCH,-0.0212,0.0000,0.0000,0.0299
42487,static,5.2315,2.2715,6.2699,53.70,2.100,-1.5036,2.9051,3.2711,-1.5417,2.8851,0.000,1,SEARCH,-0.0224,0.0000,0.0000,0.0301
42587,static,5.2439,2.2575,6.2724,53.70,2.100,-1.5036,2.9051,3.2711,-1.5380,2.8870,0.000,1,SEARCH,-0.0239,0.0000,0.0000,0.0300
42689,static,5.2601,2.2408,6.2748,54.40,2.098,-1.5662,2.9035,3.2990,-1.5927,2.8891,0.000,1,SEARCH,-0.0255,0.0000,0.0000,0.0295
42785,static,5.2711,2.2288,6.2730,55.42,2.095,-1.6115,2.9013,3.3188,-1.6390,2.8858,0.000,1,SEARCH,-0.0267,0.0000,0.0000,0.0284
42888,static,5.2841,2.2162,6.2756,55.42,2.092,-1.6115,2.9013,3.3188,-1.6385,2.8861,0.000,1,SEARCH,-0.0278,0.0000,0.0000,0.0277
42983,static,5.2958,2.2034,6.2776,55.96,2.091,-1.6890,2.8973,3.3537,-1.7056,2.8876,0.000,1,SEARCH,-0.0294,0.0000,0.0000,0.0272
43089,static,5.3091,2.1905,6.2796,55.77,2.088,-1.6950,2.9268,3.3822,-1.7067,2.9200,0.000,1,SEARCH,-0.0307,0.0000,0.0000,0.0264
43187,static,5.3181,2.1788,6.2798,56.94,2.088,-1.7510,2.9248,3.4089,-1.7634,2.9173,0.000,1,SEARCH,-0.0314,0.0000,0.0000,0.0263
43288,static,5.3282,2.1659,6.2810,56.35,2.089,-1.8170,2.9229,3.4416,-1.8207,2.9206,0.000,1,SEARCH,-0.0325,0.0000,0.0000,0.0266
43388,static,5.3373,2.1536,6.2807,57.12,2.089,-1.8366,2.9407,3.4671,-1.8442,2.9360,0.000,1,SEARCH,-0.0336,0.0000,0.0000,0.0267
43491,static,5.3465,2.1399,6.2821,56.70,2.088,-1.8204,2.9995,3.5086,-1.8238,2.9974,0.000,1,SEARCH,-0.0343,0.0000,0.0000,0.0264
43589,static,5.3526,2.1276,6.2795,57.65,2.087,-1.8576,3.0235,3.5486,-1.8645,3.0192,0.000,1,SEARCH,-0.0350,0.0000,0.0000,0.0260
43684,static,5.3589,2.1159,6.2783,56.57,2.085,-1.8743,3.0218,3.5559,-1.8873,3.0137,0.000,1,SEARCH,-0.0357,0.0000,0.0000,0.0256
43787,static,5.3646,2.1042,6.2804,58.16,2.085,-1.8990,2.9733,3.5280,-1.9081,2.9675,0.000,1,SEARCH,-0.0364,0.0000,0.0000,0.0254
43885,static,5.3699,2.0944,6.2803,59.50,2.082,-1.8597,2.9571,3.4933,-1.8683,2.9517,0.000,1,SEARCH,-0.0368,0.0000,0.0000,0.0247
43984,static,5.3717,2.0871,6.2796,59.46,2.075,-1.8373,2.9567,3.4810,-1.8458,2.9514,0.000,1,SEARCH,-0.0371,0.0000,0.0000,0.0225
44087,static,5.3724,2.0778,6.2821,57.90,2.072,-1.6435,2.9921,3.4138,-1.6518,2.9875,0.000,1,SEARCH,-0.0372,0.0000,0.0000,0.0216
44185,static,5.3733,2.0681,0.0016,57.90,2.071,-1.6435,2.9921,3.4138,-1.6419,2.9930,0.000,1,SEARCH,-0.0373,0.0000,0.0000,0.0214
44290,static,5.3741,2.0577,0.0035,55.79,2.068,-1.5950,2.9197,3.3269,-1.5853,2.9249,0.000,1,SEARCH,-0.0374,0.0000,0.0000,0.0205
44386,static,5.3740,2.0490,0.0039,57.03,2.066,-1.5889,2.9040,3.3102,-1.5769,2.9105,0.000,1,SEARCH,-0.0374,0.0000,0.0000,0.0197
44487,static,5.3738,2.0369,0.0010,56.91,2.063,-1.6449,2.7666,3.2186,-1.6392,2.7700,0.000,1,SEARCH,-0.0374,0.0000,0.0000,0.0190
44586,static,5.3744,2.0264,0.0018,56.91,2.063,-1.6449,2.7666,3.2186,-1.6386,2.7703,0.000,1,SEARCH,-0.0374,0.0000,0.0000,0.0189
44684,static,5.3721,2.0156,0.0003,53.79,2.061,-1.6292,2.7896,3.2305,-1.6272,2.7908,0.000,1,SEARCH,-0.0373,0.0000,0.0000,0.0183
44785,static,5.3675,2.0053,6.2821,53.79,2.058,-1.6292,2.7896,3.2305,-1.6321,2.7879,0.000,1,SEARCH,-0.0370,0.0000,0.0000,0.0174
44887,static,5.3632,1.9972,6.2785,52.10,2.055,-1.6130,2.8206,3.2492,-1.6251,2.8137,0.000,1,SEARCH,-0.0364,0.0000,0.0000,0.0166
44988,static,5.3568,1.9861,6.2774,52.20,2.054,-1.5995,2.8395,3.2590,-1.6120,2.8324,0.000,1,SEARCH,-0.0358,0.0000,0.0000,0.0161
45084,static,5.3517,1.9758,6.2793,49.92,2.051,-1.5359,2.9189,3.2983,-1.5500,2.9114,0.000,1,SEARCH,-0.0353,0.0000,0.0000,0.0152
45184,static,5.3436,1.9664,6.2773,51.19,2.045,-1.4598,2.9474,3.2891,-1.4708,2.9420,0.000,1,SEARCH,-0.0346,0.0000,0.0000,0.0135
45284,static,5.3366,1.9551,6.2777,52.45,2.042,-1.4589,2.9170,3.2615,-1.4779,2.9074,0.000,1,SEARCH,-0.0339,0.0000,0.0000,0.0126
45386,static,5.3308,1.9453,6.2756,51.83,2.041,-1.4059,2.9370,3.2562,-1.4274,2.9266,0.000,1,SEARCH,-0.0332,0.0000,0.0000,0.0122
45487,static,5.3274,1.9353,6.2708,51.47,2.040,-1.3984,2.9238,3.2411,-1.4288,2.9091,0.000,1,SEARCH,-0.0329,0.0000,0.0000,0.0119
45584,static,5.3230,1.9246,6.2721,52.23,2.040,-1.3918,2.9204,3.2351,-1.4264,2.9037,0.000,1,SEARCH,-0.0324,0.0000,0.0000,0.0120
45684,static,5.3189,1.9154,6.2722,52.23,2.041,-1.3918,2.9204,3.2351,-1.4237,2.9050,0.000,1,SEARCH,-0.0320,0.0000,0.0000,0.0122
45787,static,5.3150,1.9075,6.2718,52.23,2.039,-1.3918,2.9204,3.2351,-1.4247,2.9045,0.000,1,SEARCH,-0.0316,0.0000,0.0000,0.0117
45885,static,5.3119,1.8983,6.2734,51.31,2.039,-1.4303,2.7829,3.1289,-1.4582,2.7684,0.000,1,SEARCH,-0.0313,0.0000,0.0000,0.0116
45986,static,5.3107,1.8907,6.2745,51.31,2.037,-1.4303,2.7829,3.1289,-1.4564,2.7693,0.000,1,SEARCH,-0.0311,0.0000,0.0000,0.0112
46085,static,5.3098,1.8816,6.2740,46.60,2.036,-1.3951,2.7921,3.1213,-1.4200,2.7796,0.000,1,SEARCH,-0.0310,0.0000,0.0000,0.0109
46187,static,5.3083,1.8762,6.2735,46.60,2.036,-1.3951,2.7921,3.1213,-1.4225,2.7783,0.000,1,SEARCH,-0.0309,0.0000,0.0000,0.0107
46288,static,5.3058,1.8686,6.2755,48.65,2.038,-1.4281,2.7350,3.0855,-1.4517,2.7226,0.000,1,SEARCH,-0.0306,0.0000,0.0000,0.0114
46390,static,5.3039,1.8638,6.2786,48.65,2.040,-1.4281,2.7350,3.0855,-1.4412,2.7282,0.000,1,SEARCH,-0.0304,0.0000,0.0000,0.0119
46485,static,5.3012,1.8564,6.2798,48.05,2.043,-1.3688,2.7994,3.1161,-1.3797,2.7940,0.000,1,SEARCH,-0.0302,0.0000,0.0000,0.0130
46587,static,5.2976,1.8525,6.2791,48.05,2.045,-1.3688,2.7994,3.1161,-1.3799,2.7939,0.000,1,SEARCH,-0.0298,0.0000,0.0000,0.0135
46685,static,5.2941,1.8466,6.2791,49.93,2.047,-1.3934,2.7969,3.1248,-1.4074,2.7899,0.000,1,SEARCH,-0.0295,0.0000,0.0000,0.0142
46785,static,5.2925,1.8424,6.2816,48.46,2.051,-1.3863,2.8189,3.1414,-1.3920,2.8161,0.000,1,SEARCH,-0.0293,0.0000,0.0000,0.0152
46891,static,5.2917,1.8371,6.2818,49.11,2.052,-1.3800,2.8449,3.1620,-1.3886,2.8408,0.000,1,SEARCH,-0.0292,0.0000,0.0000,0.0156
46985,static,5.2920,1.8342,0.0003,49.91,2.052,-1.3637,2.8631,3.1712,-1.3603,2.8647,0.000,1,SEARCH,-0.0292,0.0000,0.0000,0.0155
47089,static,5.2916,1.8304,6.2824,50.09,2.054,-1.3747,2.8368,3.1523,-1.3783,2.8350,0.000,1,SEARCH,-0.0292,0.0000,0.0000,0.0161
47188,static,5.2923,1.8277,6.2831,50.09,2.058,-1.3747,2.8368,3.1523,-1.3747,2.8368,0.000,1,SEARCH,-0.0292,0.0000,0.0000,0.0174
47294,static,5.2930,1.8237,0.0034,48.05,2.060,-1.4315,2.8022,3.1467,-1.4260,2.8050,0.000,1,SEARCH,-0.0293,0.0000,0.0000,0.0179
47386,static,5.2930,1.8224,0.0033,49.30,2.060,-1.4779,2.7033,3.0809,-1.4645,2.7106,0.000,1,SEARCH,-0.0293,0.0000,0.0000,0.0181
47486,static,5.2933,1.8191,0.0033,49.30,2.064,-1.4779,2.7033,3.0809,-1.4689,2.7082,0.000,1,SEARCH,-0.0293,0.0000,0.0000,0.0192
47586,static,5.2943,1.8168,0.0029,50.55,2.068,-1.5750,2.6132,3.0511,-1.5677,2.6175,0.000,1,SEARCH,-0.0294,0.0000,0.0000,0.0204
47685,static,5.2933,1.8146,0.0027,50.13,2.071,-1.6970,2.5143,3.0334,-1.6892,2.5195,0.000,1,SEARCH,-0.0293,0.0000,0.0000,0.0214
47786,static,5.2937,1.8149,0.0042,49.34,2.072,-1.7412,2.5046,3.0504,-1.7316,2.5112,0.000,1,SEARCH,-0.0294,0.0000,0.0000,0.0217
47885,static,5.2933,1.8140,0.0056,0.00,2.073,0.0000,0.0000,0.0000,0.0000,0.0000,0.000,0,SEARCH,-0.0293,0.0000,0.0000,0.0220
47989,static,5.2936,1.8144,0.0035,0.00,2.073,0.0000,0.0000,0.0000,0.0000,0.0000,0.000,0,SEARCH,-0.0294,0.0000,0.0000,0.0219
48086,static,5.2924,1.8148,0.0009,46.71,2.076,-1.7425,2.5815,3.1145,-1.7405,2.5828,0.000,1,SEARCH,-0.0293,0.0000,0.0000,0.0227
48187,static,5.2925,1.8142,6.2832,46.71,2.083,-1.7425,2.5815,3.1145,-1.7394,2.5836,0.000,1,SEARCH,-0.0292,0.0000,0.0000,0.0250
48289,static,5.2928,1.8114,6.2818,47.69,2.088,-1.7615,2.7086,3.2310,-1.7642,2.7069,0.000,1,SEARCH,-0.0293,0.0000,0.0000,0.0263
48390,static,5.2927,1.8093,6.2823,47.69,2.090,-1.7615,2.7086,3.2310,-1.7640,2.7070,0.000,1,SEARCH,-0.0293,0.0000,0.0000,0.0269
48489,static,5.2918,1.8079,6.2827,47.53,2.092,-1.7731,2.7362,3.2605,-1.7742,2.7355,0.000,1,SEARCH,-0.0292,0.0000,0.0000,0.0276
48588,static,5.2901,1.8051,6.2820,43.53,2.093,-1.7580,2.7215,3.2399,-1.7613,2.7194,0.000,1,SEARCH,-0.0291,0.0000,0.0000,0.0280
48687,static,5.2871,1.8040,6.2802,42.62,2.096,-1.7575,2.7294,3.2463,-1.7635,2.7256,0.000,1,SEARCH,-0.0288,0.0000,0.0000,0.0289
48787,static,5.2839,1.8014,6.2754,42.62,2.098,-1.7575,2.7294,3.2463,-1.7756,2.7177,0.000,1,SEARCH,-0.0284,0.0000,0.0000,0.0295
48890,static,5.2806,1.7989,6.2723,48.00,2.102,-1.7382,2.8075,3.3020,-1.7676,2.7890,0.000,1,SEARCH,-0.0282,0.0000,0.0000,0.0304
48986,static,5.2787,1.7962,6.2686,48.00,2.106,-1.7382,2.8075,3.3020,-1.7753,2.7841,0.000,1,SEARCH,-0.0279,0.0000,0.0000,0.0318
49087,static,5.2743,1.7939,6.2669,48.00,2.109,-1.7382,2.8075,3.3020,-1.7845,2.7783,0.000,1,SEARCH,-0.0275,0.0000,0.0000,0.0327
49188,static,5.2702,1.7921,6.2639,48.00,2.111,-1.7382,2.8075,3.3020,-1.7899,2.7748,0.000,1,SEARCH,-0.0271,0.0000,0.0000,0.0333
49287,static,5.2650,1.7896,6.2642,48.06,2.114,-1.7080,2.8688,3.3387,-1.7669,2.8329,0.000,1,SEARCH,-0.0267,0.0000,0.0000,0.0341
49388,static,5.2607,1.7848,6.2673,48.34,2.119,-1.7188,2.8635,3.3397,-1.7651,2.8352,0.000,1,SEARCH,-0.0262,0.0000,0.0000,0.0356
49486,static,5.2523,1.7808,6.2699,48.34,2.121,-1.7188,2.8635,3.3397,-1.7579,2.8397,0.000,1,SEARCH,-0.0255,0.0000,0.0000,0.0363
49589,static,5.2439,1.7759,6.2744,48.34,2.123,-1.7188,2.8635,3.3397,-1.7463,2.8468,0.000,1,SEARCH,-0.0246,0.0000,0.0000,0.0368
49685,static,5.2346,1.7717,6.2808,47.08,2.125,-1.7253,2.7763,3.2688,-1.7357,2.7698,0.000,1,SEARCH,-0.0237,0.0000,0.0000,0.0376
49788,static,5.2270,1.7662,0.0008,47.08,2.127,-1.7253,2.7763,3.2688,-1.7238,2.7773,0.000,1,SEARCH,-0.0228,0.0000,0.0000,0.0382
49885,static,5.2160,1.7594,0.0046,48.93,2.129,-1.6459,2.6658,3.1330,-1.6353,2.6724,0.000,1,SEARCH,-0.0218,0.0000,0.0000,0.0386
49987,static,5.2071,1.7529,0.0015,48.93,2.129,-1.6459,2.6658,3.1330,-1.6398,2.6696,0.000,1,SEARCH,-0.0209,0.0000,0.0000,0.0387
50085,static,5.1989,1.7451,0.0019,48.93,2.130,-1.6459,2.6658,3.1330,-1.6415,2.6685,0.000,1,SEARCH,-0.0201,0.0000,0.0000,0.0389
50187,static,5.1928,1.7384,6.2816,48.93,2.130,-1.6459,2.6658,3.1330,-1.6463,2.6656,0.000,1,SEARCH,-0.0194,0.0000,0.0000,0.0390
50285,static,5.1851,1.7299,6.2787,48.93,2.132,-1.6459,2.6658,3.1330,-1.6582,2.6582,0.000,1,SEARCH,-0.0186,0.0000,0.0000,0.0397
50387,static,5.1804,1.7196,6.2796,48.93,2.134,-1.6459,2.6658,3.1330,-1.6564,2.6593,0.000,1,SEARCH,-0.0182,0.0000,0.0000,0.0402
50487,static,5.1741,1.7086,6.2798,51.94,2.135,-1.5372,2.6138,3.0324,-1.5455,2.6089,0.000,1,SEARCH,-0.0175,0.0000,0.0000,0.0406
50586,static,5.1698,1.6996,6.2798,51.94,2.134,-1.5372,2.6138,3.0324,-1.5481,2.6074,0.000,1,SEARCH,-0.0170,0.0000,0.0000,0.0401
50685,static,5.1623,1.6883,6.2812,51.94,2.132,-1.5372,2.6138,3.0324,-1.5437,2.6100,0.000,1,SEARCH,-0.0164,0.0000,0.0000,0.0397
50786,static,5.1569,1.6756,0.0025,51.94,2.132,-1.5372,2.6138,3.0324,-1.5304,2.6178,0.000,1,SEARCH,-0.0158,0.0000,0.0000,0.0397
50887,static,5.1513,1.6644,0.0054,59.15,2.133,-1.4163,2.6890,3.0392,-1.4059,2.6945,0.000,1,SEARCH,-0.0152,0.0000,0.0000,0.0399
50984,static,5.1451,1.6524,0.0039,59.15,2.133,-1.4163,2.6890,3.0392,-1.3988,2.6982,0.000,1,SEARCH,-0.0148,0.0000,0.0000,0.0398
51085,static,5.1390,1.6420,0.0041,55.53,2.132,-1.4400,2.7017,3.0615,-1.4289,2.7076,0.000,1,SEARCH,-0.0139,0.0000,0.0000,0.0395
51187,static,5.1283,1.6281,0.0000,54.24,2.134,-1.4130,2.7275,3.0718,-1.4102,2.7290,0.000,1,SEARCH,-0.0131,0.0000,0.0000,0.0401
51285,static,5.1170,1.6150,6.2792,53.66,2.138,-1.4393,2.7566,3.1097,-1.4519,2.7500,0.000,1,SEARCH,-0.0119,0.0000,0.0000,0.0414
51385,static,5.1108,1.6072,6.2797,53.66,2.139,-1.4393,2.7566,3.1097,-1.4488,2.7516,0.000,1,SEARCH,-0.0111,0.0000,0.0000,0.0418
51485,static,5.1004,1.5930,6.2786,52.81,2.139,-1.3616,2.8358,3.1458,-1.3727,2.8305,0.000,1,SEARCH,-0.0101,0.0000,0.0000,0.0417
51584,static,5.0953,1.5840,6.2816,53.76,2.137,-1.3451,2.8627,3.1630,-1.3563,2.8575,0.000,1,SEARCH,-0.0097,0.0000,0.0000,0.0410
51685,static,5.0882,1.5727,0.0020,54.62,2.134,-1.3176,2.8855,3.1721,-1.3133,2.8875,0.000,1,SEARCH,-0.0089,0.0000,0.0000,0.0401
51791,static,5.0828,1.5650,0.0052,54.62,2.133,-1.3176,2.8855,3.1721,-1.3077,2.8901,0.000,1,SEARCH,-0.0085,0.0000,0.0000,0.0399
51886,static,5.0727,1.5559,0.0079,53.91,2.134,-1.3619,2.8567,3.1648,-1.3397,2.8672,0.000,1,SEARCH,-0.0074,0.0000,0.0000,0.0402
51984,static,5.0668,1.5481,0.0098,53.91,2.134,-1.3619,2.8567,3.1648,-1.3347,2.8695,0.000,1,SEARCH,-0.0068,0.0000,0.0000,0.0401
52087,static,5.0566,1.5403,0.0095,52.18,2.133,-1.4570,2.8423,3.1940,-1.4293,2.8563,0.000,1,SEARCH,-0.0059,0.0000,0.0000,0.0398
52185,static,5.0471,1.5356,0.0062,52.18,2.132,-1.4570,2.8423,3.1940,-1.4378,2.8521,0.000,1,SEARCH,-0.0049,0.0000,0.0000,0.0396
52290,static,5.0299,1.5278,0.0022,52.18,2.131,-1.4570,2.8423,3.1940,-1.4450,2.8484,0.000,1,SEARCH,-0.0037,0.0000,0.0000,0.0394
52385,static,5.0174,1.5234,0.0007,54.18,2.129,-1.4179,2.9525,3.2753,-1.4169,2.9530,0.000,1,SEARCH,-0.0019,0.0000,0.0000,0.0386
52486,static,4.9988,1.5176,0.0001,54.18,2.127,-1.4179,2.9525,3.2753,-1.4167,2.9530,0.000,1,SEARCH,-0.0002,0.0000,0.0000,0.0381
52584,static,4.9858,1.5146,6.2811,52.70,2.122,-1.3463,3.0343,3.3196,-1.3510,3.0322,0.000,1,SEARCH,0.0013,0.0000,0.0000,0.0367
52686,static,4.9709,1.5097,6.2789,52.70,2.120,-1.3463,3.0343,3.3196,-1.3572,3.0294,0.000,1,SEARCH,0.0023,0.0000,0.0000,0.0360
52784,static,4.9589,1.5034,6.2789,50.76,2.116,-1.3363,3.0798,3.3573,-1.3521,3.0729,0.000,1,SEARCH,0.0036,0.0000,0.0000,0.0349
52887,static,4.9442,1.4976,6.2815,51.00,2.115,-1.3300,3.0765,3.3517,-1.3387,3.0728,0.000,1,SEARCH,0.0052,0.0000,0.0000,0.0345
52984,static,4.9333,1.4916,0.0021,50.86,2.112,-1.3084,3.0983,3.3633,-1.3032,3.1005,0.000,1,SEARCH,0.0065,0.0000,0.0000,0.0337
53084,static,4.9217,1.4855,0.0033,51.19,2.111,-1.2876,3.0554,3.3156,-1.2772,3.0597,0.000,1,SEARCH,0.0076,0.0000,0.0000,0.0334
53191,static,4.9119,1.4778,0.0013,51.19,2.112,-1.2876,3.0554,3.3156,-1.2820,3.0577,0.000,1,SEARCH,0.0083,0.0000,0.0000,0.0336
53284,static,4.9021,1.4692,6.2831,50.46,2.116,-1.2850,3.0667,3.3250,-1.2850,3.0667,0.000,1,SEARCH,0.0096,0.0000,0.0000,0.0347
53385,static,4.8976,1.4600,0.0008,50.46,2.116,-1.2850,3.0667,3.3250,-1.2859,3.0663,0.000,1,SEARCH,0.0101,0.0000,0.0000,0.0348
53489,static,4.8886,1.4484,0.0014,51.65,2.117,-1.1891,3.1529,3.3697,-1.1832,3.1552,0.000,1,SEARCH,0.0108,0.0000,0.0000,0.0350
53585,static,4.8856,1.4380,0.0050,52.45,2.115,-1.1822,3.1846,3.3970,-1.1682,3.1898,0.000,1,SEARCH,0.0114,0.0000,0.0000,0.0346
53684,static,4.8785,1.4264,0.0062,51.92,2.115,-1.1064,3.2478,3.4311,-1.0864,3.2545,0.000,1,SEARCH,0.0118,0.0000,0.0000,0.0344
53783,static,4.8745,1.4144,0.0097,50.85,2.115,-1.1724,3.1795,3.3888,-1.1454,3.1894,0.000,1,SEARCH,0.0124,0.0000,0.0000,0.0345
53886,static,4.8671,1.4039,0.0126,50.85,2.118,-1.1724,3.1795,3.3888,-1.1336,3.1935,0.000,1,SEARCH,0.0131,0.0000,0.0000,0.0355
53984,static,4.8653,1.3923,0.0120,51.44,2.122,-1.1763,3.1245,3.3386,-1.1401,3.1379,0.000,1,SEARCH,0.0135,0.0000,0.0000,0.0365
54088,static,4.8635,1.3805,0.0151,51.44,2.123,-1.1763,3.1245,3.3386,-1.1317,3.1409,0.000,1,SEARCH,0.0136,0.0000,0.0000,0.0370
54184,static,4.8630,1.3710,0.0170,52.15,2.127,-1.2361,3.0259,3.2687,-1.1848,3.0464,0.000,1,SEARCH,0.0137,0.0000,0.0000,0.0381
54286,static,4.8585,1.3608,0.0158,49.59,2.131,-1.3856,2.8445,3.1641,-1.3408,2.8659,0.000,1,SEARCH,0.0140,0.0000,0.0000,0.0392
54384,static,4.8570,1.3493,0.0159,50.30,2.136,-1.4656,2.7437,3.1106,-1.4214,2.7669,0.000,1,SEARCH,0.0143,0.0000,0.0000,0.0408
54484,static,4.8544,1.3381,0.0185,49.46,2.142,-1.5249,2.6755,3.0795,-1.4769,2.7022,0.000,1,SEARCH,0.0145,0.0000,0.0000,0.0427
54588,static,4.8556,1.3304,0.0196,48.62,2.147,-1.5979,2.6325,3.0795,-1.5461,2.6633,0.000,1,SEARCH,0.0145,0.0000,0.0000,0.0441
54683,static,4.8528,1.3236,0.0228,47.23,2.156,-1.7631,2.5523,3.1021,-1.7069,2.5902,0.000,1,SEARCH,0.0147,0.0000,0.0000,0.0469
54786,static,4.8513,1.3146,0.0257,47.23,2.159,-1.7631,2.5523,3.1021,-1.6997,2.5950,0.000,1,SEARCH,0.0148,0.0000,0.0000,0.0477
54890,static,4.8427,1.3041,0.0248,46.97,2.164,-1.8289,2.5195,3.1133,-1.7652,2.5646,0.000,1,SEARCH,0.0156,0.0000,0.0000,0.0491
54990,static,4.8399,1.2928,0.0209,46.50,2.168,-1.8722,2.4993,3.1228,-1.8201,2.5375,0.000,1,SEARCH,0.0160,0.0000,0.0000,0.0505
55084,static,4.8398,1.2828,0.0218,46.75,2.173,-1.8189,2.5285,3.1147,-1.7650,2.5664,0.000,1,SEARCH,0.0160,0.0000,0.0000,0.0519
55186,static,4.8400,1.2723,0.0207,46.75,2.177,-1.8189,2.5285,3.1147,-1.7638,2.5672,0.000,1,SEARCH,0.0160,0.0000,0.0000,0.0531
55284,static,4.8401,1.2618,0.0067,47.28,2.179,-1.8652,2.5006,3.1197,-1.8419,2.5179,0.000,1,SEARCH,0.0160,0.0000,0.0000,0.0537
55384,static,4.8432,1.2519,0.0039,48.51,2.179,-1.9395,2.4786,3.1473,-1.9284,2.4873,0.000,1,SEARCH,0.0157,0.0000,0.0000,0.0537
55487,static,4.8417,1.2460,6.2819,48.87,2.180,-1.9056,2.5289,3.1665,-1.9045,2.5297,0.000,1,SEARCH,0.0157,0.0000,0.0000,0.0540
55586,static,4.8384,1.2398,6.2779,48.89,2.179,-1.8571,2.5693,3.1702,-1.8650,2.5636,0.000,1,SEARCH,0.0160,0.0000,0.0000,0.0538
55684,static,4.8319,1.2348,6.2704,49.86,2.178,-1.8711,2.5630,3.1734,-1.8964,2.5444,0.000,1,SEARCH,0.0166,0.0000,0.0000,0.0534
55784,static,4.8283,1.2295,6.2668,49.74,2.173,-1.8208,2.6090,3.1816,-1.8616,2.5801,0.000,1,SEARCH,0.0171,0.0000,0.0000,0.0520
55886,static,4.8249,1.2284,6.2629,49.74,2.171,-1.8208,2.6090,3.1816,-1.8722,2.5724,0.000,1,SEARCH,0.0174,0.0000,0.0000,0.0513
55985,static,4.8217,1.2246,6.2663,49.38,2.169,-1.7897,2.6132,3.1673,-1.8356,2.5812,0.000,1,SEARCH,0.0178,0.0000,0.0000,0.0508
56086,static,4.8197,1.2239,6.2676,51.28,2.169,-1.8539,2.5717,3.1703,-1.8966,2.5404,0.000,1,SEARCH,0.0180,0.0000,0.0000,0.0508
56183,static,4.8189,1.2232,6.2736,50.95,2.167,-1.8238,2.5686,3.1502,-1.8540,2.5469,0.000,1,SEARCH,0.0181,0.0000,0.0000,0.0502
56286,static,4.8144,1.2256,6.2755,51.17,2.165,-1.8077,2.5359,3.1142,-1.8274,2.5217,0.000,1,SEARCH,0.0184,0.0000,0.0000,0.0495
56385,static,4.8104,1.2242,6.2751,50.81,2.163,-1.8404,2.4674,3.0782,-1.8589,2.4535,0.000,1,SEARCH,0.0188,0.0000,0.0000,0.0490
56485,static,4.8080,1.2245,6.2715,49.59,2.161,-1.8407,2.4354,3.0527,-1.8688,2.4139,0.000,1,SEARCH,0.0192,0.0000,0.0000,0.0484
56584,static,4.8066,1.2235,6.2716,48.96,2.159,-1.7968,2.4435,3.0330,-1.8241,2.4232,0.000,1,SEARCH,0.0193,0.0000,0.0000,0.0478
56684,static,4.8047,1.2264,6.2662,49.27,2.157,-1.7210,2.4671,3.0080,-1.7599,2.4395,0.000,1,SEARCH,0.0195,0.0000,0.0000,0.0472
56784,static,4.8040,1.2278,6.2602,48.33,2.154,-1.7075,2.4496,2.9860,-1.7600,2.4121,0.000,1,SEARCH,0.0196,0.0000,0.0000,0.0461
56884,static,4.8039,1.2311,6.2541,48.33,2.153,-1.7075,2.4496,2.9860,-1.7753,2.4009,0.000,1,SEARCH,0.0196,0.0000,0.0000,0.0459
56988,static,4.8049,1.2303,6.2539,49.84,2.153,-1.7324,2.4466,2.9979,-1.8027,2.3953,0.000,1,SEARCH,0.0195,0.0000,0.0000,0.0458
57084,static,4.8051,1.2319,6.2532,50.98,2.150,-1.7023,2.4612,2.9925,-1.7745,2.4096,0.000,1,SEARCH,0.0195,0.0000,0.0000,0.0451
57186,static,4.8052,1.2317,6.2544,50.68,2.146,-1.6684,2.4630,2.9749,-1.7416,2.4118,0.000,1,SEARCH,0.0195,0.0000,0.0000,0.0437
57283,static,4.8071,1.2347,6.2592,50.01,2.143,-1.6517,2.4626,2.9652,-1.7116,2.4213,0.000,1,SEARCH,0.0193,0.0000,0.0000,0.0429
57383,static,4.8105,1.2354,6.2619,50.01,2.141,-1.6517,2.4626,2.9652,-1.7071,2.4244,0.000,1,SEARCH,0.0190,0.0000,0.0000,0.0424
57484,static,4.8146,1.2395,6.2663,50.01,2.139,-1.6517,2.4626,2.9652,-1.6957,2.4325,0.000,1,SEARCH,0.0187,0.0000,0.0000,0.0417
57584,static,4.8203,1.2393,6.2735,45.88,2.136,-1.6491,2.4241,2.9319,-1.6754,2.4060,0.000,1,SEARCH,0.0181,0.0000,0.0000,0.0409
57683,static,4.8239,1.2417,6.2828,46.25,2.132,-1.6619,2.3888,2.9100,-1.6674,2.3850,0.000,1,SEARCH,0.0176,0.0000,0.0000,0.0397
57784,static,4.8278,1.2412,0.0033,46.25,2.129,-1.6619,2.3888,2.9100,-1.6576,2.3918,0.000,1,SEARCH,0.0173,0.0000,0.0000,0.0386
57884,static,4.8365,1.2402,0.0087,43.93,2.125,-1.6767,2.3215,2.8636,-1.6610,2.3327,0.000,1,SEARCH,0.0167,0.0000,0.0000,0.0374
57983,static,4.8430,1.2376,0.0114,41.34,2.118,-1.6390,2.3194,2.8401,-1.6141,2.3368,0.000,1,SEARCH,0.0158,0.0000,0.0000,0.0354
58083,static,4.8508,1.2360,0.0129,41.34,2.115,-1.6390,2.3194,2.8401,-1.6090,2.3403,0.000,1,SEARCH,0.0151,0.0000,0.0000,0.0344
58183,static,4.8581,1.2340,0.0146,41.34,2.110,-1.6390,2.3194,2.8401,-1.6056,2.3427,0.000,1,SEARCH,0.0143,0.0000,0.0000,0.0331
58283,static,4.8685,1.2364,0.0144,41.37,2.106,-1.7306,2.2303,2.8230,-1.6981,2.2551,0.000,1,SEARCH,0.0133,0.0000,0.0000,0.0317
58384,static,4.8763,1.2357,0.0126,41.37,2.103,-1.7306,2.2303,2.8230,-1.7007,2.2532,0.000,1,SEARCH,0.0128,0.0000,0.0000,0.0309
58484,static,4.8846,1.2378,0.0127,41.52,2.098,-1.6827,2.2570,2.8152,-1.6535,2.2785,0.000,1,SEARCH,0.0117,0.0000,0.0000,0.0295
58584,static,4.8904,1.2386,0.0106,41.52,2.096,-1.6827,2.2570,2.8152,-1.6579,2.2752,0.000,1,SEARCH,0.0111,0.0000,0.0000,0.0287
58685,static,4.8977,1.2400,0.0081,41.52,2.094,-1.6827,2.2570,2.8152,-1.6604,2.2734,0.000,1,SEARCH,0.0105,0.0000,0.0000,0.0283
58784,static,4.9066,1.2400,0.0014,40.05,2.091,-1.7553,2.2254,2.8344,-1.7462,2.2326,0.000,1,SEARCH,0.0098,0.0000,0.0000,0.0274
58883,static,4.9170,1.2419,6.2790,40.67,2.086,-1.7436,2.2584,2.8532,-1.7507,2.2529,0.000,1,SEARCH,0.0085,0.0000,0.0000,0.0258
58984,static,4.9253,1.2412,6.2741,40.67,2.083,-1.7436,2.2584,2.8532,-1.7637,2.2428,0.000,1,SEARCH,0.0076,0.0000,0.0000,0.0249
59083,static,4.9326,1.2425,6.2741,40.67,2.083,-1.7436,2.2584,2.8532,-1.7637,2.2427,0.000,1,SEARCH,0.0069,0.0000,0.0000,0.0249
59183,static,4.9370,1.2424,6.2728,40.67,2.081,-1.7436,2.2584,2.8532,-1.7674,2.2398,0.000,1,SEARCH,0.0063,0.0000,0.0000,0.0243
59290,static,4.9457,1.2433,6.2701,41.75,2.080,-1.7019,2.3553,2.9058,-1.7315,2.3336,0.000,1,SEARCH,0.0056,0.0000,0.0000,0.0239
59383,static,4.9507,1.2416,6.2677,40.27,2.078,-1.7299,2.3477,2.9162,-1.7653,2.3212,0.000,1,SEARCH,0.0050,0.0000,0.0000,0.0233
59483,static,4.9584,1.2420,6.2670,40.27,2.079,-1.7299,2.3477,2.9162,-1.7677,2.3194,0.000,1,SEARCH,0.0043,0.0000,0.0000,0.0236
59584,static,4.9632,1.2407,6.2688,40.27,2.081,-1.7299,2.3477,2.9162,-1.7646,2.3218,0.000,1,SEARCH,0.0039,0.0000,0.0000,0.0242
59687,static,4.9720,1.2401,6.2701,40.61,2.083,-1.8034,2.3051,2.9268,-1.8358,2.2794,0.000,1,SEARCH,0.0030,0.0000,0.0000,0.0248
59787,static,4.9791,1.2397,6.2705,40.15,2.082,-1.8243,2.2913,2.9288,-1.8522,2.2688,0.000,1,SEARCH,0.0024,0.0000,0.0000,0.0246
59884,static,4.9850,1.2386,6.2691,41.53,2.084,-1.8376,2.2902,2.9363,-1.8696,2.2641,0.000,1,SEARCH,0.0015,0.0000,0.0000,0.0251
59984,static,4.9909,1.2353,6.2692,40.83,2.086,-1.8501,2.2988,2.9509,-1.8822,2.2727,0.000,1,SEARCH,0.0010,0.0000,0.0000,0.0259
60083,static,4.9993,1.2329,6.2676,38.54,2.088,-1.8883,2.2861,2.9651,-1.9228,2.2571,0.000,1,SEARCH,0.0003,0.0000,0.0000,0.0265
60186,static,5.0064,1.2310,6.2697,38.54,2.090,-1.8883,2.2861,2.9651,-1.9215,2.2582,0.000,1,SEARCH,-0.0004,0.0000,0.0000,0.0269
60283,static,5.0170,1.2296,6.2712,38.34,2.092,-1.7946,2.3830,2.9832,-1.8235,2.3610,0.000,1,SEARCH,-0.0016,0.0000,0.0000,0.0276
60383,static,5.0256,1.2299,6.2728,38.34,2.092,-1.7946,2.3830,2.9832,-1.8179,2.3653,0.000,1,SEARCH,-0.0024,0.0000,0.0000,0.0276
60483,static,5.0353,1.2305,6.2734,42.61,2.094,-1.6704,2.4099,2.9322,-1.6941,2.3933,0.000,1,SEARCH,-0.0034,0.0000,0.0000,0.0282
60584,static,5.0423,1.2293,6.2752,45.15,2.095,-1.6509,2.4010,2.9138,-1.6713,2.3869,0.000,1,SEARCH,-0.0041,0.0000,0.0000,0.0285
60683,static,5.0523,1.2282,6.2763,44.79,2.098,-1.6432,2.3997,2.9084,-1.6608,2.3876,0.000,1,SEARCH,-0.0050,0.0000,0.0000,0.0293
60785,static,5.0582,1.2266,6.2772,44.79,2.100,-1.6432,2.3997,2.9084,-1.6560,2.3909,0.000,1,SEARCH,-0.0056,0.0000,0.0000,0.0300
60883,static,5.0646,1.2260,6.2799,46.67,2.102,-1.5890,2.4473,2.9179,-1.5976,2.4418,0.000,1,SEARCH,-0.0064,0.0000,0.0000,0.0306
60987,static,5.0670,1.2232,6.2804,46.67,2.103,-1.5890,2.4473,2.9179,-1.5962,2.4426,0.000,1,SEARCH,-0.0066,0.0000,0.0000,0.0309
61086,static,5.0749,1.2221,6.2780,46.49,2.103,-1.5657,2.5067,2.9555,-1.5737,2.5017,0.000,1,SEARCH,-0.0071,0.0000,0.0000,0.0308
61183,static,5.0803,1.2198,6.2742,47.28,2.104,-1.6142,2.5397,3.0093,-1.6342,2.5269,0.000,1,SEARCH,-0.0079,0.0000,0.0000,0.0312
61284,static,5.0885,1.2182,6.2719,47.28,2.107,-1.6142,2.5397,3.0093,-1.6413,2.5222,0.000,1,SEARCH,-0.0086,0.0000,0.0000,0.0320
61388,static,5.0952,1.2152,6.2721,47.28,2.109,-1.6142,2.5397,3.0093,-1.6432,2.5210,0.000,1,SEARCH,-0.0092,0.0000,0.0000,0.0328
61486,static,5.1090,1.2132,6.2728,45.09,2.112,-1.6551,2.5357,3.0281,-1.6805,2.5190,0.000,1,SEARCH,-0.0104,0.0000,0.0000,0.0337
61584,static,5.1169,1.2118,6.2708,46.86,2.114,-1.6501,2.5352,3.0249,-1.6802,2.5154,0.000,1,SEARCH,-0.0115,0.0000,0.0000,0.0342
61683,static,5.1290,1.2109,6.2718,47.90,2.117,-1.6328,2.5690,3.0440,-1.6625,2.5498,0.000,1,SEARCH,-0.0128,0.0000,0.0000,0.0350
61783,static,5.1392,1.2078,6.2738,47.22,2.119,-1.6259,2.6019,3.0681,-1.6500,2.5867,0.000,1,SEARCH,-0.0138,0.0000,0.0000,0.0356
61884,static,5.1529,1.2071,6.2768,47.22,2.119,-1.6259,2.6019,3.0681,-1.6458,2.5894,0.000,1,SEARCH,-0.0149,0.0000,0.0000,0.0358
61983,static,5.1606,1.2057,6.2766,47.79,2.118,-1.5459,2.7236,3.1317,-1.5637,2.7134,0.000,1,SEARCH,-0.0161,0.0000,0.0000,0.0355
62083,static,5.1759,1.2026,6.2757,45.88,2.120,-1.4983,2.8139,3.1880,-1.5197,2.8024,0.000,1,SEARCH,-0.0174,0.0000,0.0000,0.0359
62184,static,5.1838,1.1997,6.2766,45.88,2.122,-1.4983,2.8139,3.1880,-1.5168,2.8040,0.000,1,SEARCH,-0.0184,0.0000,0.0000,0.0367
62283,static,5.1992,1.1978,6.2806,44.78,2.125,-1.4288,2.9499,3.2777,-1.4386,2.9452,0.000,1,SEARCH,-0.0197,0.0000,0.0000,0.0374
62383,static,5.2095,1.1950,6.2804,43.41,2.124,-1.3840,3.0201,3.3221,-1.3927,3.0161,0.000,1,SEARCH,-0.0207,0.0000,0.0000,0.0372
62483,static,5.2207,1.1925,6.2772,43.10,2.126,-1.3865,3.0469,3.3475,-1.4022,3.0397,0.000,1,SEARCH,-0.0220,0.0000,0.0000,0.0377
62586,static,5.2297,1.1871,6.2705,44.50,2.126,-1.3757,3.0905,3.3829,-1.4051,3.0773,0.000,1,SEARCH,-0.0226,0.0000,0.0000,0.0378
62683,static,5.2405,1.1833,6.2664,44.09,2.127,-1.3367,3.1396,3.4124,-1.3891,3.1168,0.000,1,SEARCH,-0.0240,0.0000,0.0000,0.0380
62784,static,5.2540,1.1785,6.2579,46.29,2.126,-1.3031,3.1994,3.4546,-1.3801,3.1669,0.000,1,SEARCH,-0.0250,0.0000,0.0000,0.0377
62883,static,5.2648,1.1748,6.2520,46.29,2.123,-1.3031,3.1994,3.4546,-1.4020,3.1573,0.000,1,SEARCH,-0.0264,0.0000,0.0000,0.0368
62983,static,5.2734,1.1698,6.2476,48.00,2.122,-1.0090,3.4559,3.6002,-1.1283,3.4189,0.000,1,SEARCH,-0.0272,0.0000,0.0000,0.0367
63083,static,5.2839,1.1650,6.2463,48.29,2.123,-0.8975,3.5170,3.6297,-1.0238,3.4823,0.000,1,SEARCH,-0.0282,0.0000,0.0000,0.0370
63183,static,5.2920,1.1595,6.2473,48.69,2.126,-0.7529,3.5573,3.6361,-0.8842,3.5269,0.000,1,SEARCH,-0.0290,0.0000,0.0000,0.0377
63283,static,5.2979,1.1544,6.2504,48.34,2.129,-0.7224,3.4365,3.5116,-0.8347,3.4110,0.000,1,SEARCH,-0.0298,0.0000,0.0000,0.0387
63384,static,5.3020,1.1476,6.2548,47.88,2.128,-0.6859,3.3413,3.4110,-0.7849,3.3195,0.000,1,SEARCH,-0.0301,0.0000,0.0000,0.0383
63483,static,5.3075,1.1412,6.2596,46.80,2.128,-0.7477,3.1010,3.1899,-0.8206,3.0825,0.000,1,SEARCH,-0.0307,0.0000,0.0000,0.0384
63583,static,5.3100,1.1357,6.2626,44.36,2.126,-0.7599,2.8991,2.9971,-0.8228,2.8819,0.000,1,SEARCH,-0.0310,0.0000,0.0000,0.0377
63683,static,5.3151,1.1304,6.2656,42.36,2.129,-0.7235,2.7758,2.8685,-0.7753,2.7618,0.000,1,SEARCH,-0.0314,0.0000,0.0000,0.0388
63783,static,5.3186,1.1263,6.2689,42.36,2.128,-0.7235,2.7758,2.8685,-0.7648,2.7647,0.000,1,SEARCH,-0.0318,0.0000,0.0000,0.0383
63883,static,5.3233,1.1238,6.2749,42.36,2.126,-0.7235,2.7758,2.8685,-0.7493,2.7689,0.000,1,SEARCH,-0.0323,0.0000,0.0000,0.0377
63983,static,5.3255,1.1222,6.2766,38.87,2.121,-0.7646,2.4987,2.6131,-0.7807,2.4938,0.000,1,SEARCH,-0.0325,0.0000,0.0000,0.0364
64083,static,5.3263,1.1182,6.2786,36.42,2.118,-0.7755,2.4478,2.5677,-0.7908,2.4429,0.000,1,SEARCH,-0.0326,0.0000,0.0000,0.0354
64183,static,5.3258,1.1137,6.2830,35.89,2.115,-0.8090,2.4003,2.5330,-0.8105,2.3998,0.000,1,SEARCH,-0.0326,0.0000,0.0000,0.0346
64283,static,5.3249,1.1086,0.0007,33.87,2.112,-0.7284,2.3982,2.5064,-0.7269,2.3987,0.000,1,SEARCH,-0.0325,0.0000,0.0000,0.0337
64383,static,5.3224,1.1042,0.0078,31.09,2.111,-0.7602,2.3798,2.4983,-0.7450,2.3846,0.000,1,SEARCH,-0.0323,0.0000,0.0000,0.0333
64483,static,5.3209,1.1002,0.0115,27.55,2.110,-0.8399,2.3445,2.4904,-0.8159,2.3530,0.000,1,SEARCH,-0.0321,0.0000,0.0000,0.0331
64585,static,5.3196,1.0961,0.0213,23.61,2.109,-0.8309,2.3588,2.5009,-0.7847,2.3746,0.000,1,SEARCH,-0.0320,0.0000,0.0000,0.0327
64683,static,5.3165,1.0913,0.0276,22.39,2.105,-0.8248,2.3588,2.4988,-0.7613,2.3800,0.000,1,SEARCH,-0.0318,0.0000,0.0000,0.0316
64783,static,5.3102,1.0875,0.0317,19.47,2.103,-0.9792,2.2662,2.4687,-0.9080,2.2957,0.000,1,SEARCH,-0.0311,0.0000,0.0000,0.0308
64883,static,5.3019,1.0811,0.0333,15.69,2.101,-0.9931,2.2306,2.4417,-0.9199,2.2618,0.000,1,SEARCH,-0.0303,0.0000,0.0000,0.0303
64983,static,5.2918,1.0728,0.0362,10.64,2.100,-0.9865,2.1461,2.3620,-0.9096,2.1798,0.000,1,SEARCH,-0.0294,0.0000,0.0000,0.0300
65085,static,5.2857,1.0654,0.0380,2.52,2.102,-0.9892,2.0334,2.2613,-0.9120,2.0692,0.000,1,SEARCH,-0.0288,0.0000,0.0000,0.0306
65183,static,5.2787,1.0615,0.0428,2.52,2.103,-0.9892,2.0334,2.2613,-0.9015,2.0738,0.000,1,SEARCH,-0.0280,0.0000,0.0000,0.0309
65283,static,5.2695,1.0584,0.0451,0.31,2.104,-1.0714,1.8771,2.1613,-0.9869,1.9228,0.000,1,SEARCH,-0.0271,0.0000,0.0000,0.0311
65383,static,5.2586,1.0581,0.0393,-2.19,2.102,-1.1519,1.8004,2.1374,-1.0787,1.8452,0.000,1,SEARCH,-0.0260,0.0000,0.0000,0.0305
65483,static,5.2466,1.0576,0.0389,-0.72,2.101,-1.1003,1.8118,2.1197,-1.0282,1.8536,0.000,1,SEARCH,-0.0248,0.0000,0.0000,0.0304
65583,static,5.2330,1.0558,0.0303,2.73,2.102,-0.9879,1.8369,2.0857,-0.9283,1.8677,0.000,1,SEARCH,-0.0234,0.0000,0.0000,0.0306
65683,static,5.2197,1.0479,0.0238,4.95,2.104,-0.9829,1.8522,2.0968,-0.9360,1.8763,0.000,1,SEARCH,-0.0222,0.0000,0.0000,0.0311
65785,static,5.2093,1.0418,0.0165,7.15,2.104,-0.9235,1.9340,2.1432,-0.8895,1.9499,0.000,1,SEARCH,-0.0211,0.0000,0.0000,0.0312
65883,static,5.1988,1.0327,0.0136,7.70,2.100,-0.8961,2.0478,2.2353,-0.8677,2.0600,0.000,1,SEARCH,-0.0201,0.0000,0.0000,0.0300
65983,static,5.1883,1.0274,0.0056,8.47,2.095,-0.8936,2.0740,2.2583,-0.8795,2.0800,0.000,1,SEARCH,-0.0190,0.0000,0.0000,0.0284
66084,static,5.1823,1.0201,0.0039,10.70,2.096,-0.9297,2.0927,2.2899,-0.9207,2.0967,0.000,1,SEARCH,-0.0184,0.0000,0.0000,0.0287
66183,static,5.1760,1.0134,0.0006,10.70,2.096,-0.9297,2.0927,2.2899,-0.9273,2.0938,0.000,1,SEARCH,-0.0177,0.0000,0.0000,0.0288
66283,static,5.1715,1.0059,6.2813,12.29,2.096,-0.8522,2.1663,2.3279,-0.8563,2.1647,0.000,1,SEARCH,-0.0172,0.0000,0.0000,0.0288
66383,static,5.1651,0.9941,6.2798,14.08,2.097,-0.9418,2.1030,2.3042,-0.9475,2.1004,0.000,1,SEARCH,-0.0165,0.0000,0.0000,0.0291
66483,static,5.1608,0.9823,6.2801,13.29,2.100,-1.0039,2.0154,2.2516,-1.0113,2.0117,0.000,1,SEARCH,-0.0161,0.0000,0.0000,0.0300
66583,static,5.1558,0.9727,6.2801,13.29,2.100,-1.0039,2.0154,2.2516,-1.0100,2.0123,0.000,1,SEARCH,-0.0156,0.0000,0.0000,0.0300
66683,static,5.1532,0.9597,6.2786,6.76,2.098,-0.9850,1.8843,2.1262,-0.9924,1.8804,0.000,1,SEARCH,-0.0154,0.0000,0.0000,0.0295
66786,static,5.1502,0.9479,6.2774,6.70,2.097,-1.0433,1.7849,2.0674,-1.0551,1.7779,0.000,1,SEARCH,-0.0151,0.0000,0.0000,0.0292
66885,static,5.1470,0.9350,6.2750,4.74,2.099,-1.1066,1.7213,2.0463,-1.1171,1.7144,0.000,1,SEARCH,-0.0148,0.0000,0.0000,0.0297
66983,static,5.1420,0.9233,6.2801,3.78,2.099,-1.1094,1.7044,2.0337,-1.1165,1.6998,0.000,1,SEARCH,-0.0143,0.0000,0.0000,0.0296
67083,static,5.1368,0.9098,6.2785,3.78,2.098,-1.1094,1.7044,2.0337,-1.1177,1.6989,0.000,1,SEARCH,-0.0138,0.0000,0.0000,0.0295
67184,static,5.1317,0.9003,6.2776,3.78,2.095,-1.1094,1.7044,2.0337,-1.1179,1.6989,0.000,1,SEARCH,-0.0133,0.0000,0.0000,0.0285
67283,static,5.1265,0.8866,6.2772,-1.04,2.096,-1.1080,1.7488,2.0702,-1.1195,1.7414,0.000,1,SEARCH,-0.0127,0.0000,0.0000,0.0287
67386,static,5.1222,0.8742,6.2766,-1.46,2.099,-1.1548,1.7330,2.0825,-1.1645,1.7266,0.000,1,SEARCH,-0.0124,0.0000,0.0000,0.0297
67483,static,5.1183,0.8592,6.2802,-2.03,2.103,-1.1482,1.7352,2.0807,-1.1545,1.7310,0.000,1,SEARCH,-0.0119,0.0000,0.0000,0.0308
67583,static,5.1127,0.8478,6.2813,-1.71,2.102,-1.1138,1.7896,2.1079,-1.1175,1.7873,0.000,1,SEARCH,-0.0113,0.0000,0.0000,0.0307
67684,static,5.1052,0.8314,6.2812,-3.04,2.103,-1.1626,1.7951,2.1387,-1.1660,1.7929,0.000,1,SEARCH,-0.0107,0.0000,0.0000,0.0310
67784,static,5.0971,0.8183,6.2800,-0.92,2.104,-1.2017,1.7642,2.1346,-1.2064,1.7610,0.000,1,SEARCH,-0.0100,0.0000,0.0000,0.0311
67883,static,5.0885,0.8052,6.2804,-0.92,2.107,-1.2017,1.7642,2.1346,-1.2060,1.7613,0.000,1,SEARCH,-0.0089,0.0000,0.0000,0.0320
67983,static,5.0788,0.7940,6.2795,1.09,2.108,-1.1270,1.7559,2.0865,-1.1339,1.7515,0.000,1,SEARCH,-0.0081,0.0000,0.0000,0.0323
68084,static,5.0691,0.7817,6.2811,1.09,2.108,-1.1270,1.7559,2.0865,-1.1316,1.7530,0.000,1,SEARCH,-0.0071,0.0000,0.0000,0.0324
68183,static,5.0578,0.7713,6.2818,2.85,2.107,-1.0890,1.6301,1.9604,-1.0901,1.6294,0.000,1,SEARCH,-0.0059,0.0000,0.0000,0.0320
68283,static,5.0458,0.7573,6.2807,1.15,2.109,-1.1393,1.5628,1.9340,-1.1439,1.5595,0.000,1,SEARCH,-0.0047,0.0000,0.0000,0.0328
68383,static,5.0354,0.7454,6.2821,1.15,2.111,-1.1393,1.5628,1.9340,-1.1415,1.5612,0.000,1,SEARCH,-0.0037,0.0000,0.0000,0.0334
68485,static,5.0229,0.7306,6.2815,-4.26,2.113,-1.1312,1.4079,1.8060,-1.1342,1.4054,0.000,1,SEARCH,-0.0027,0.0000,0.0000,0.0338
68583,static,5.0113,0.7178,0.0005,-5.49,2.113,-1.0773,1.3511,1.7281,-1.0769,1.3515,0.000,1,SEARCH,-0.0014,0.0000,0.0000,0.0338
68683,static,5.0006,0.7064,6.2801,-6.63,2.108,-1.0869,1.3198,1.7097,-1.0935,1.3143,0.000,1,SEARCH,-0.0003,0.0000,0.0000,0.0323
68783,static,4.9869,0.6946,0.0013,-7.90,2.101,-1.1251,1.2878,1.7101,-1.1244,1.2885,0.000,1,SEARCH,0.0011,0.0000,0.0000,0.0303
68883,static,4.9686,0.6818,6.2811,-8.90,2.102,-1.0669,1.2814,1.6673,-1.0687,1.2798,0.000,1,SEARCH,0.0030,0.0000,0.0000,0.0305
68983,static,4.9528,0.6707,6.2825,-8.90,2.103,-1.0669,1.2814,1.6673,-1.0681,1.2803,0.000,1,SEARCH,0.0046,0.0000,0.0000,0.0308
69083,static,4.9360,0.6603,0.0007,-8.90,2.104,-1.0669,1.2814,1.6673,-1.0663,1.2818,0.000,1,SEARCH,0.0061,0.0000,0.0000,0.0311
69191,static,4.9218,0.6526,0.0001,-8.90,2.103,-1.0669,1.2814,1.6673,-1.0661,1.2820,0.000,1,SEARCH,0.0074,0.0000,0.0000,0.0309
69285,static,4.9113,0.6423,6.2810,-4.95,2.102,-1.1377,1.4316,1.8286,-1.1396,1.4301,0.000,1,SEARCH,0.0085,0.0000,0.0000,0.0306
69383,static,4.9023,0.6307,6.2823,-4.87,2.101,-1.1554,1.4544,1.8575,-1.1572,1.4530,0.000,1,SEARCH,0.0096,0.0000,0.0000,0.0303
69483,static,4.8957,0.6213,6.2819,-4.87,2.104,-1.1554,1.4544,1.8575,-1.1562,1.4538,0.000,1,SEARCH,0.0104,0.0000,0.0000,0.0311
69588,static,4.8913,0.6130,0.0015,-4.87,2.103,-1.1554,1.4544,1.8575,-1.1556,1.4543,0.000,1,SEARCH,0.0108,0.0000,0.0000,0.0309
69683,static,4.8852,0.6031,0.0032,5.31,2.103,-1.2118,1.7141,2.0992,-1.2059,1.7183,0.000,1,SEARCH,0.0114,0.0000,0.0000,0.0308
69784,static,4.8790,0.5946,0.0033,11.57,2.101,-1.2624,1.8635,2.2509,-1.2560,1.8679,0.000,1,SEARCH,0.0120,0.0000,0.0000,0.0304
69883,static,4.8714,0.5869,0.0019,16.00,2.102,-1.2719,1.9501,2.3282,-1.2668,1.9534,0.000,1,SEARCH,0.0127,0.0000,0.0000,0.0306
69983,static,4.8654,0.5786,0.0056,16.00,2.103,-1.2719,1.9501,2.3282,-1.2632,1.9557,0.000,1,SEARCH,0.0133,0.0000,0.0000,0.0309
70083,static,4.8578,0.5722,0.0089,16.00,2.103,-1.2719,1.9501,2.3282,-1.2554,1.9607,0.000,1,SEARCH,0.0141,0.0000,0.0000,0.0310
70183,static,4.8502,0.5672,0.0105,16.00,2.102,-1.2719,1.9501,2.3282,-1.2506,1.9638,0.000,1,SEARCH,0.0148,0.0000,0.0000,0.0306
70290,static,4.8429,0.5631,0.0107,16.00,2.102,-1.2719,1.9501,2.3282,-1.2506,1.9638,0.000,1,SEARCH,0.0156,0.0000,0.0000,0.0305
70383,static,4.8349,0.5576,0.0130,29.37,2.102,-1.2001,2.1996,2.5056,-1.1720,2.2146,0.000,1,SEARCH,0.0165,0.0000,0.0000,0.0305
70483,static,4.8259,0.5534,0.0121,32.27,2.102,-1.2539,2.2587,2.5834,-1.2258,2.2741,0.000,1,SEARCH,0.0172,0.0000,0.0000,0.0307
70589,static,4.8179,0.5506,0.0090,32.27,2.102,-1.2539,2.2587,2.5834,-1.2321,2.2707,0.000,1,SEARCH,0.0180,0.0000,0.0000,0.0305
70696,static,4.8092,0.5476,0.0057,37.90,2.102,-1.1701,2.4395,2.7056,-1.1532,2.4475,0.000,1,SEARCH,0.0189,0.0000,0.0000,0.0306
70783,static,4.8005,0.5447,0.0032,42.03,2.103,-1.1416,2.5662,2.8087,-1.1337,2.5697,0.000,1,SEARCH,0.0199,0.0000,0.0000,0.0309
70889,static,4.7939,0.5415,0.0007,42.03,2.105,-1.1416,2.5662,2.8087,-1.1368,2.5683,0.000,1,SEARCH,0.0204,0.0000,0.0000,0.0316
70992,static,4.7890,0.5390,0.0008,49.32,2.107,-1.0972,2.7805,2.9891,-1.0971,2.7805,0.000,1,SEARCH,0.0210,0.0000,0.0000,0.0322
71083,static,4.7827,0.5363,0.0013,51.80,2.112,-1.0594,2.8647,3.0543,-1.0562,2.8659,0.000,1,SEARCH,0.0217,0.0000,0.0000,0.0336
71185,static,4.7775,0.5361,0.0023,51.80,2.114,-1.0594,2.8647,3.0543,-1.0529,2.8671,0.000,1,SEARCH,0.0221,0.0000,0.0000,0.0343
71283,static,4.7698,0.5345,6.2823,54.98,2.119,-0.9722,2.9838,3.1382,-0.9721,2.9838,0.000,1,SEARCH,0.0230,0.0000,0.0000,0.0356
71383,static,4.7634,0.5332,6.2828,54.98,2.121,-0.9722,2.9838,3.1382,-0.9739,2.9832,0.000,1,SEARCH,0.0236,0.0000,0.0000,0.0363
71483,static,4.7556,0.5312,0.0005,56.98,2.123,-0.8924,3.2206,3.3419,-0.8908,3.2210,0.000,1,SEARCH,0.0244,0.0000,0.0000,0.0370
71586,static,4.7474,0.5297,0.0010,56.98,2.124,-0.8924,3.2206,3.3419,-0.8889,3.2215,0.000,1,SEARCH,0.0250,0.0000,0.0000,0.0373
71683,static,4.7384,0.5258,0.0033,59.33,2.126,-0.9473,3.3518,3.4830,-0.9385,3.3542,0.000,1,SEARCH,0.0261,0.0000,0.0000,0.0378
71783,static,4.7293,0.5233,0.0047,59.33,2.127,-0.9473,3.3518,3.4830,-0.9329,3.3558,0.000,1,SEARCH,0.0270,0.0000,0.0000,0.0382
71890,static,4.7181,0.5194,0.0054,62.25,2.130,-1.0571,3.4321,3.5912,-1.0382,3.4379,0.000,1,SEARCH,0.0278,0.0000,0.0000,0.0390
71986,static,4.7108,0.5161,0.0066,62.63,2.133,-1.1015,3.4347,3.6070,-1.0812,3.4411,0.000,1,SEARCH,0.0286,0.0000,0.0000,0.0400
72083,static,4.7010,0.5139,0.0093,63.34,2.138,-1.0929,3.4798,3.6474,-1.0598,3.4900,0.000,1,SEARCH,0.0297,0.0000,0.0000,0.0415
72183,static,4.6897,0.5113,0.0106,64.04,2.141,-1.1597,3.4876,3.6753,-1.1204,3.5004,0.000,1,SEARCH,0.0309,0.0000,0.0000,0.0424
72290,static,4.6775,0.5081,0.0068,64.52,2.145,-1.1665,3.5055,3.6945,-1.1415,3.5137,0.000,1,SEARCH,0.0320,0.0000,0.0000,0.0436
72393,static,4.6650,0.5069,0.0076,64.41,2.149,-1.1729,3.5371,3.7265,-1.1428,3.5470,0.000,1,SEARCH,0.0330,0.0000,0.0000,0.0446
72487,static,4.6495,0.5062,0.0037,63.32,2.150,-1.1782,3.5409,3.7318,-1.1612,3.5465,0.000,1,SEARCH,0.0346,0.0000,0.0000,0.0451
72586,static,4.6361,0.5059,0.0007,62.37,2.151,-1.2007,3.5392,3.7373,-1.1937,3.5415,0.000,1,SEARCH,0.0360,0.0000,0.0000,0.0452
72683,static,4.6231,0.5056,6.2782,59.36,2.152,-1.3038,3.4777,3.7141,-1.3156,3.4733,0.000,1,SEARCH,0.0376,0.0000,0.0000,0.0456
72783,static,4.6119,0.5055,6.2755,53.07,2.154,-1.3794,3.4520,3.7174,-1.4052,3.4416,0.000,1,SEARCH,0.0387,0.0000,0.0000,0.0461
72884,static,4.6004,0.5056,6.2767,50.28,2.158,-1.4441,3.3445,3.6429,-1.4662,3.3349,0.000,1,SEARCH,0.0398,0.0000,0.0000,0.0473
72983,static,4.5899,0.5079,6.2820,47.95,2.159,-1.4745,3.2440,3.5634,-1.4842,3.2396,0.000,1,SEARCH,0.0408,0.0000,0.0000,0.0478
73083,static,4.5794,0.5073,6.2829,44.92,2.163,-1.5186,3.1138,3.4644,-1.5197,3.1133,0.000,1,SEARCH,0.0420,0.0000,0.0000,0.0490
73189,static,4.5685,0.5078,0.0048,44.92,2.166,-1.5186,3.1138,3.4644,-1.5107,3.1177,0.000,1,SEARCH,0.0428,0.0000,0.0000,0.0497
73283,static,4.5572,0.5091,0.0073,39.69,2.170,-1.5540,2.9214,3.3090,-1.5340,2.9319,0.000,1,SEARCH,0.0440,0.0000,0.0000,0.0509
73383,static,4.5457,0.5096,0.0072,37.90,2.171,-1.5352,2.8489,3.2362,-1.5149,2.8597,0.000,1,SEARCH,0.0453,0.0000,0.0000,0.0514
73483,static,4.5345,0.5060,0.0088,37.90,2.175,-1.5352,2.8489,3.2362,-1.5104,2.8620,0.000,1,SEARCH,0.0464,0.0000,0.0000,0.0525
73593,static,4.5245,0.5022,0.0100,37.90,2.177,-1.5352,2.8489,3.2362,-1.5078,2.8634,0.000,1,SEARCH,0.0473,0.0000,0.0000,0.0530
73685,static,4.5152,0.4979,0.0102,37.44,2.180,-1.3865,2.7545,3.0838,-1.3578,2.7688,0.000,1,SEARCH,0.0482,0.0000,0.0000,0.0539
73785,static,4.5053,0.4955,0.0085,38.53,2.182,-1.3092,2.8110,3.1009,-1.2838,2.8227,0.000,1,SEARCH,0.0491,0.0000,0.0000,0.0546
73883,static,4.4950,0.4921,0.0084,42.84,2.187,-1.1789,2.9200,3.1489,-1.1547,2.9296,0.000,1,SEARCH,0.0504,0.0000,0.0000,0.0561
73983,static,4.4845,0.4886,0.0052,42.84,2.188,-1.1789,2.9200,3.1489,-1.1603,2.9274,0.000,1,SEARCH,0.0513,0.0000,0.0000,0.0563
74089,static,4.4768,0.4845,0.0035,43.24,2.189,-0.9851,3.0413,3.1969,-0.9738,3.0449,0.000,1,SEARCH,0.0521,0.0000,0.0000,0.0568
74183,static,4.4693,0.4811,0.0007,44.32,2.190,-0.9210,3.0877,3.2221,-0.9158,3.0892,0.000,1,SEARCH,0.0529,0.0000,0.0000,0.0570
74283,static,4.4611,0.4802,6.2789,44.32,2.192,-0.9210,3.0877,3.2221,-0.9334,3.0840,0.000,1,SEARCH,0.0537,0.0000,0.0000,0.0577
74385,static,4.4538,0.4788,6.2752,44.32,2.196,-0.9210,3.0877,3.2221,-0.9417,3.0815,0.000,1,SEARCH,0.0544,0.0000,0.0000,0.0587
74483,static,4.4470,0.4791,6.2735,43.32,2.203,-0.4898,3.2568,3.2934,-0.5224,3.2517,0.000,1,SEARCH,0.0552,0.0000,0.0000,0.0608
74583,static,4.4437,0.4792,6.2727,43.32,2.207,-0.4898,3.2568,3.2934,-0.5240,3.2515,0.000,1,SEARCH,0.0556,0.0000,0.0000,0.0621
74683,static,4.4396,0.4795,6.2760,42.58,2.210,-0.0699,3.4050,3.4057,-0.0987,3.4043,0.000,1,SEARCH,0.0559,0.0000,0.0000,0.0630
74783,static,4.4369,0.4785,6.2745,42.58,2.211,-0.0699,3.4050,3.4057,-0.0964,3.4044,0.000,1,SEARCH,0.0563,0.0000,0.0000,0.0633
74884,static,4.4373,0.4738,6.2750,42.79,2.213,0.0292,3.4802,3.4803,0.0012,3.4803,0.000,1,SEARCH,0.0563,0.0000,0.0000,0.0640
74983,static,4.4394,0.4680,6.2735,43.15,2.214,0.0834,3.5240,3.5250,0.0481,3.5246,0.000,1,SEARCH,0.0561,0.0000,0.0000,0.0642
75083,static,4.4432,0.4635,6.2755,43.15,2.215,0.0834,3.5240,3.5250,0.0535,3.5246,0.000,1,SEARCH,0.0557,0.0000,0.0000,0.0644
75183,static,4.4494,0.4593,6.2772,43.15,2.215,0.0834,3.5240,3.5250,0.0615,3.5244,0.000,1,SEARCH,0.0552,0.0000,0.0000,0.0645
75283,static,4.4550,0.4546,6.2808,43.15,2.217,0.0834,3.5240,3.5250,0.0730,3.5242,0.000,1,SEARCH,0.0546,0.0000,0.0000,0.0651
75395,static,4.4615,0.4516,6.2825,43.15,2.215,0.0834,3.5240,3.5250,0.0786,3.5241,0.000,1,SEARCH,0.0540,0.0000,0.0000,0.0644
75483,static,4.4681,0.4483,0.0006,44.75,2.213,0.0368,3.6268,3.6270,0.0411,3.6268,0.000,1,SEARCH,0.0533,0.0000,0.0000,0.0639
75583,static,4.4749,0.4438,0.0027,44.75,2.211,0.0368,3.6268,3.6270,0.0443,3.6267,0.000,1,SEARCH,0.0527,0.0000,0.0000,0.0633
75685,static,4.4813,0.4388,0.0028,43.50,2.212,0.0840,3.6506,3.6515,0.0921,3.6504,0.000,1,SEARCH,0.0519,0.0000,0.0000,0.0635
75784,static,4.4876,0.4353,0.0059,41.83,2.211,0.2173,3.7213,3.7276,0.2375,3.7201,0.000,1,SEARCH,0.0513,0.0000,0.0000,0.0632
75883,static,4.4924,0.4309,0.0066,41.92,2.212,0.2581,3.7460,3.7549,0.2843,3.7441,0.000,1,SEARCH,0.0509,0.0000,0.0000,0.0636
75985,static,4.4965,0.4291,0.0065,42.25,2.209,0.2166,3.7273,3.7336,0.2433,3.7257,0.000,1,SEARCH,0.0504,0.0000,0.0000,0.0628
76083,static,4.5008,0.4255,0.0054,41.88,2.209,0.2436,3.7487,3.7566,0.2609,3.7476,0.000,1,SEARCH,0.0501,0.0000,0.0000,0.0628
76183,static,4.5057,0.4228,0.0027,41.88,2.210,0.2436,3.7487,3.7566,0.2566,3.7479,0.000,1,SEARCH,0.0495,0.0000,0.0000,0.0629
76283,static,4.5077,0.4184,0.0010,42.37,2.211,0.5157,3.9751,4.0084,0.5207,3.9744,0.000,1,SEARCH,0.0493,0.0000,0.0000,0.0634
76383,static,4.5103,0.4157,6.2816,42.37,2.210,0.5157,3.9751,4.0084,0.5121,3.9755,0.000,1,SEARCH,0.0490,0.0000,0.0000,0.0629
76483,static,4.5120,0.4104,6.2775,43.74,2.212,0.5929,4.0381,4.0814,0.5711,4.0413,0.000,1,SEARCH,0.0489,0.0000,0.0000,0.0636
76590,static,4.5154,0.4066,6.2738,43.74,2.213,0.5929,4.0381,4.0814,0.5636,4.0423,0.000,1,SEARCH,0.0486,0.0000,0.0000,0.0638
76684,static,4.5172,0.4031,6.2720,42.68,2.219,0.6097,4.0247,4.0706,0.5643,4.0313,0.000,1,SEARCH,0.0483,0.0000,0.0000,0.0657
76783,static,4.5223,0.4014,6.2724,41.95,2.222,0.7867,4.1233,4.1977,0.7405,4.1318,0.000,1,SEARCH,0.0479,0.0000,0.0000,0.0665
76885,static,4.5240,0.3990,6.2714,41.63,2.223,1.0370,4.2637,4.3880,0.9879,4.2753,0.000,1,SEARCH,0.0476,0.0000,0.0000,0.0668
76983,static,4.5266,0.3971,6.2689,41.84,2.222,1.0066,4.2339,4.3519,0.9502,4.2469,0.000,1,SEARCH,0.0474,0.0000,0.0000,0.0666
77083,static,4.5284,0.3949,6.2704,41.84,2.225,1.0066,4.2339,4.3519,0.9492,4.2472,0.000,1,SEARCH,0.0472,0.0000,0.0000,0.0674
77183,static,4.5317,0.3932,6.2748,42.31,2.227,1.0990,4.2967,4.4350,1.0610,4.3062,0.000,1,SEARCH,0.0469,0.0000,0.0000,0.0681
77296,static,4.5322,0.3888,6.2770,41.42,2.230,1.1432,4.3039,4.4531,1.1135,4.3116,0.000,1,SEARCH,0.0468,0.0000,0.0000,0.0691
77383,static,4.5322,0.3863,6.2743,41.48,2.232,1.0932,4.2612,4.3992,1.0560,4.2706,0.000,1,SEARCH,0.0468,0.0000,0.0000,0.0696
77484,static,4.5309,0.3844,6.2754,40.27,2.239,0.8450,4.1852,4.2696,0.8162,4.1909,0.000,1,SEARCH,0.0469,0.0000,0.0000,0.0718
77583,static,4.5304,0.3839,6.2728,40.55,2.241,0.8217,4.1825,4.2625,0.7803,4.1904,0.000,1,SEARCH,0.0470,0.0000,0.0000,0.0722
77691,static,4.5280,0.3828,6.2707,40.55,2.241,0.8217,4.1825,4.2625,0.7729,4.1918,0.000,1,SEARCH,0.0471,0.0000,0.0000,0.0723
77783,static,4.5270,0.3814,6.2691,39.28,2.240,0.4241,4.0114,4.0337,0.3673,4.0170,0.000,1,SEARCH,0.0473,0.0000,0.0000,0.0721
77883,static,4.5260,0.3804,6.2730,39.28,2.242,0.4241,4.0114,4.0337,0.3828,4.0155,0.000,1,SEARCH,0.0474,0.0000,0.0000,0.0726
77984,static,4.5271,0.3810,6.2747,38.56,2.240,0.0678,3.8332,3.8338,0.0333,3.8336,0.000,1,SEARCH,0.0473,0.0000,0.0000,0.0720
78083,static,4.5283,0.3813,6.2768,38.56,2.239,0.0678,3.8332,3.8338,0.0379,3.8336,0.000,1,SEARCH,0.0472,0.0000,0.0000,0.0716
78183,static,4.5315,0.3813,6.2792,38.56,2.238,0.0678,3.8332,3.8338,0.0538,3.8334,0.000,1,SEARCH,0.0469,0.0000,0.0000,0.0713
78284,static,4.5322,0.3804,6.2770,37.32,2.238,-0.4541,3.5392,3.5682,-0.4754,3.5364,0.000,1,SEARCH,0.0468,0.0000,0.0000,0.0715
78383,static,4.5337,0.3805,6.2748,37.32,2.237,-0.4541,3.5392,3.5682,-0.4803,3.5357,0.000,1,SEARCH,0.0466,0.0000,0.0000,0.0711
78483,static,4.5344,0.3813,6.2762,37.53,2.238,-0.7436,3.2972,3.3800,-0.7692,3.2913,0.000,1,SEARCH,0.0466,0.0000,0.0000,0.0715
78583,static,4.5355,0.3825,6.2788,36.53,2.237,-0.7804,3.2641,3.3561,-0.8026,3.2587,0.000,1,SEARCH,0.0465,0.0000,0.0000,0.0711
78683,static,4.5362,0.3832,6.2796,31.80,2.237,-0.9352,3.1068,3.2445,-0.9481,3.1029,0.000,1,SEARCH,0.0464,0.0000,0.0000,0.0710
78783,static,4.5358,0.3838,6.2795,34.61,2.235,-0.9930,3.0173,3.1765,-1.0055,3.0131,0.000,1,SEARCH,0.0464,0.0000,0.0000,0.0706
78884,static,4.5359,0.3857,6.2819,33.50,2.237,-1.1053,2.9257,3.1275,-1.1105,2.9237,0.000,1,SEARCH,0.0464,0.0000,0.0000,0.0712
78983,static,4.5359,0.3895,0.0011,33.50,2.237,-1.1053,2.9257,3.1275,-1.1011,2.9272,0.000,1,SEARCH,0.0464,0.0000,0.0000,0.0710
79084,static,4.5353,0.3927,0.0012,33.50,2.236,-1.1053,2.9257,3.1275,-1.1024,2.9267,0.000,1,SEARCH,0.0464,0.0000,0.0000,0.0708
79183,static,4.5346,0.3969,0.0026,35.42,2.231,-1.2337,2.8439,3.1000,-1.2272,2.8467,0.000,1,SEARCH,0.0465,0.0000,0.0000,0.0694
79283,static,4.5318,0.4007,0.0027,34.27,2.226,-1.2759,2.8047,3.0813,-1.2669,2.8088,0.000,1,SEARCH,0.0468,0.0000,0.0000,0.0679
79383,static,4.5287,0.4033,0.0021,34.27,2.222,-1.2759,2.8047,3.0813,-1.2716,2.8066,0.000,1,SEARCH,0.0471,0.0000,0.0000,0.0665
79485,static,4.5228,0.4083,0.0050,37.40,2.222,-1.2575,2.7102,2.9877,-1.2461,2.7154,0.000,1,SEARCH,0.0476,0.0000,0.0000,0.0666
79583,static,4.5198,0.4126,0.0089,37.40,2.221,-1.2575,2.7102,2.9877,-1.2361,2.7200,0.000,1,SEARCH,0.0480,0.0000,0.0000,0.0664
79686,static,4.5152,0.4165,0.0127,37.40,2.221,-1.2575,2.7102,2.9877,-1.2267,2.7243,0.000,1,SEARCH,0.0483,0.0000,0.0000,0.0664
79784,static,4.5104,0.4205,0.0156,38.71,2.218,-1.1863,2.6348,2.8895,-1.1471,2.6521,0.000,1,SEARCH,0.0489,0.0000,0.0000,0.0655
79884,static,4.5080,0.4262,0.0174,38.71,2.217,-1.1863,2.6348,2.8895,-1.1413,2.6546,0.000,1,SEARCH,0.0491,0.0000,0.0000,0.0652
79985,static,4.5051,0.4328,0.0187,35.28,2.216,-1.2056,2.5203,2.7938,-1.1586,2.5422,0.000,1,SEARCH,0.0494,0.0000,0.0000,0.0647
80084,static,4.4997,0.4400,0.0206,35.42,2.215,-1.1226,2.4772,2.7197,-1.0722,2.4994,0.000,1,SEARCH,0.0499,0.0000,0.0000,0.0644
80187,static,4.4958,0.4457,0.0217,34.98,2.213,-1.0934,2.4161,2.6520,-1.0413,2.4390,0.000,1,SEARCH,0.0504,0.0000,0.0000,0.0638
80283,static,4.4907,0.4547,0.0227,34.98,2.213,-1.0934,2.4161,2.6520,-1.0386,2.4402,0.000,1,SEARCH,0.0508,0.0000,0.0000,0.0638
80384,static,4.4856,0.4634,0.0231,33.73,2.212,-0.9304,2.3757,2.5514,-0.8754,2.3965,0.000,1,SEARCH,0.0512,0.0000,0.0000,0.0635
80484,static,4.4802,0.4731,0.0205,33.45,2.211,-0.8398,2.3883,2.5317,-0.7884,2.4058,0.000,1,SEARCH,0.0519,0.0000,0.0000,0.0632
80583,static,4.4774,0.4801,0.0206,34.26,2.209,-0.7775,2.4218,2.5435,-0.7276,2.4373,0.000,1,SEARCH,0.0522,0.0000,0.0000,0.0626
80684,static,4.4750,0.4889,0.0214,36.66,2.207,-0.7538,2.4445,2.5581,-0.7021,2.4599,0.000,1,SEARCH,0.0525,0.0000,0.0000,0.0622
80783,static,4.4723,0.4988,0.0225,36.74,2.205,-0.7778,2.4912,2.6098,-0.7199,2.5086,0.000,1,SEARCH,0.0527,0.0000,0.0000,0.0616
80886,static,4.4717,0.5060,0.0201,37.45,2.205,-0.8176,2.5502,2.6781,-0.7655,2.5663,0.000,1,SEARCH,0.0528,0.0000,0.0000,0.0615
80983,static,4.4703,0.5160,0.0173,36.24,2.202,-0.8328,2.6162,2.7455,-0.7858,2.6307,0.000,1,SEARCH,0.0530,0.0000,0.0000,0.0607
81084,static,4.4717,0.5226,0.0173,36.24,2.203,-0.8328,2.6162,2.7455,-0.7872,2.6302,0.000,1,SEARCH,0.0529,0.0000,0.0000,0.0608
81186,static,4.4730,0.5319,0.0173,36.24,2.202,-0.8328,2.6162,2.7455,-0.7881,2.6300,0.000,1,SEARCH,0.0528,0.0000,0.0000,0.0605
81291,static,4.4719,0.5402,0.0186,38.06,2.200,-0.8407,2.8949,3.0145,-0.7891,2.9094,0.000,1,SEARCH,0.0527,0.0000,0.0000,0.0599
81384,static,4.4684,0.5497,0.0218,38.91,2.193,-0.8855,2.9394,3.0698,-0.8203,2.9582,0.000,1,SEARCH,0.0531,0.0000,0.0000,0.0580
81483,static,4.4633,0.5577,0.0207,38.91,2.189,-0.8855,2.9394,3.0698,-0.8256,2.9567,0.000,1,SEARCH,0.0536,0.0000,0.0000,0.0567
81584,static,4.4622,0.5639,0.0190,38.91,2.186,-0.8855,2.9394,3.0698,-0.8281,2.9560,0.000,1,SEARCH,0.0538,0.0000,0.0000,0.0558
81688,static,4.4630,0.5719,0.0192,38.91,2.184,-0.8855,2.9394,3.0698,-0.8271,2.9563,0.000,1,SEARCH,0.0537,0.0000,0.0000,0.0552
81786,static,4.4619,0.5811,0.0171,43.66,2.181,-0.7352,3.2070,3.2902,-0.6770,3.2198,0.000,1,SEARCH,0.0537,0.0000,0.0000,0.0543
81884,static,4.4607,0.5911,0.0115,43.34,2.177,-0.6946,3.2041,3.2785,-0.6499,3.2134,0.000,1,SEARCH,0.0539,0.0000,0.0000,0.0531
81989,static,4.4595,0.6029,0.0081,44.79,2.173,-0.6338,3.2215,3.2832,-0.6066,3.2267,0.000,1,SEARCH,0.0540,0.0000,0.0000,0.0520
82085,static,4.4578,0.6139,0.0006,45.18,2.171,-0.5354,3.2244,3.2686,-0.5259,3.2260,0.000,1,SEARCH,0.0541,0.0000,0.0000,0.0512
82186,static,4.4570,0.6266,6.2814,44.87,2.169,-0.4336,3.2176,3.2467,-0.4360,3.2173,0.000,1,SEARCH,0.0543,0.0000,0.0000,0.0507
82287,static,4.4566,0.6416,6.2782,44.70,2.167,-0.3087,3.2148,3.2296,-0.3198,3.2138,0.000,1,SEARCH,0.0543,0.0000,0.0000,0.0502
82388,static,4.4549,0.6546,6.2747,44.34,2.163,-0.1691,3.1884,3.1929,-0.1951,3.1869,0.000,1,SEARCH,0.0545,0.0000,0.0000,0.0489
82485,static,4.4559,0.6695,6.2760,42.91,2.162,-0.1834,3.0674,3.0729,-0.2078,3.0659,0.000,1,SEARCH,0.0544,0.0000,0.0000,0.0486
82588,static,4.4560,0.6811,6.2741,41.75,2.159,-0.2037,3.0303,3.0371,-0.2270,3.0286,0.000,1,SEARCH,0.0544,0.0000,0.0000,0.0476
82699,static,4.4573,0.6938,6.2710,41.36,2.156,-0.1538,2.9925,2.9964,-0.1882,2.9905,0.000,1,SEARCH,0.0543,0.0000,0.0000,0.0469
82787,static,4.4578,0.7043,6.2725,41.26,2.156,-0.1662,2.9362,2.9409,-0.1982,2.9342,0.000,1,SEARCH,0.0542,0.0000,0.0000,0.0468
82883,static,4.4592,0.7148,6.2682,40.97,2.155,-0.1995,2.8758,2.8827,-0.2391,2.8728,0.000,1,SEARCH,0.0541,0.0000,0.0000,0.0466
82984,static,4.4597,0.7246,6.2674,39.27,2.155,-0.1702,2.8621,2.8672,-0.2153,2.8591,0.000,1,SEARCH,0.0540,0.0000,0.0000,0.0465
83092,static,4.4627,0.7347,6.2683,39.81,2.155,-0.1518,2.8779,2.8819,-0.1958,2.8753,0.000,1,SEARCH,0.0538,0.0000,0.0000,0.0466
83188,static,4.4654,0.7451,6.2676,39.13,2.152,-0.1022,2.9038,2.9056,-0.1471,2.9019,0.000,1,SEARCH,0.0535,0.0000,0.0000,0.0455
83286,static,4.4699,0.7544,6.2715,40.10,2.151,-0.0925,2.8886,2.8900,-0.1301,2.8871,0.000,1,SEARCH,0.0531,0.0000,0.0000,0.0453
83390,static,4.4746,0.7624,6.2714,40.03,2.150,-0.1614,2.8533,2.8578,-0.1943,2.8512,0.000,1,SEARCH,0.0527,0.0000,0.0000,0.0449
83483,static,4.4835,0.7708,6.2705,38.89,2.150,-0.1621,2.8331,2.8378,-0.1931,2.8312,0.000,1,SEARCH,0.0518,0.0000,0.0000,0.0451
83590,static,4.4896,0.7766,6.2706,38.89,2.150,-0.1621,2.8331,2.8378,-0.1967,2.8309,0.000,1,SEARCH,0.0513,0.0000,0.0000,0.0451
83696,static,4.4945,0.7832,6.2657,39.43,2.150,-0.2022,2.8479,2.8550,-0.2479,2.8442,0.000,1,SEARCH,0.0507,0.0000,0.0000,0.0451
83784,static,4.4978,0.7905,6.2658,39.42,2.148,-0.1263,2.9104,2.9131,-0.1774,2.9077,0.000,1,SEARCH,0.0503,0.0000,0.0000,0.0445
83891,static,4.5018,0.7980,6.2606,39.42,2.146,-0.1263,2.9104,2.9131,-0.1918,2.9068,0.000,1,SEARCH,0.0499,0.0000,0.0000,0.0438
83991,static,4.5057,0.8063,6.2614,39.90,2.143,-0.0948,2.9787,2.9802,-0.1591,2.9759,0.000,1,SEARCH,0.0496,0.0000,0.0000,0.0430
84085,static,4.5113,0.8155,6.2671,41.88,2.142,-0.1344,2.9747,2.9777,-0.1897,2.9716,0.000,1,SEARCH,0.0490,0.0000,0.0000,0.0425
84186,static,4.5171,0.8249,6.2701,40.89,2.139,-0.1849,2.9560,2.9618,-0.2266,2.9531,0.000,1,SEARCH,0.0484,0.0000,0.0000,0.0417
84290,static,4.5223,0.8316,6.2775,40.89,2.139,-0.1849,2.9560,2.9618,-0.2070,2.9546,0.000,1,SEARCH,0.0478,0.0000,0.0000,0.0418
84387,static,4.5304,0.8415,6.2828,40.34,2.137,-0.2443,2.8886,2.8989,-0.2509,2.8881,0.000,1,SEARCH,0.0472,0.0000,0.0000,0.0410
84488,static,4.5407,0.8496,0.0080,38.42,2.135,-0.3038,2.8157,2.8321,-0.2895,2.8172,0.000,1,SEARCH,0.0463,0.0000,0.0000,0.0406
84588,static,4.5522,0.8574,0.0163,38.55,2.132,-0.3639,2.7403,2.7643,-0.3282,2.7448,0.000,1,SEARCH,0.0452,0.0000,0.0000,0.0397
84685,static,4.5680,0.8657,0.0198,36.64,2.127,-0.4554,2.6251,2.6643,-0.4017,2.6338,0.000,1,SEARCH,0.0435,0.0000,0.0000,0.0382
84784,static,4.5795,0.8725,0.0237,37.32,2.125,-0.5778,2.5412,2.6061,-0.5210,2.5535,0.000,1,SEARCH,0.0425,0.0000,0.0000,0.0375
84886,static,4.5923,0.8816,0.0230,37.32,2.129,-0.5778,2.5412,2.6061,-0.5132,2.5551,0.000,1,SEARCH,0.0412,0.0000,0.0000,0.0387
84989,static,4.6077,0.8918,0.0243,37.37,2.128,-0.7262,2.4459,2.5514,-0.6687,2.4622,0.000,1,SEARCH,0.0399,0.0000,0.0000,0.0384
85084,static,4.6200,0.9020,0.0232,37.78,2.125,-0.7335,2.4688,2.5755,-0.6759,2.4852,0.000,1,SEARCH,0.0382,0.0000,0.0000,0.0374
85187,static,4.6284,0.9108,0.0224,36.38,2.122,-0.7542,2.4845,2.5965,-0.6967,2.5013,0.000,1,SEARCH,0.0374,0.0000,0.0000,0.0365
85285,static,4.6411,0.9219,0.0211,36.21,2.119,-0.7392,2.5312,2.6369,-0.6850,2.5464,0.000,1,SEARCH,0.0364,0.0000,0.0000,0.0358
85384,static,4.6497,0.9309,0.0175,36.21,2.115,-0.7392,2.5312,2.6369,-0.6928,2.5443,0.000,1,SEARCH,0.0352,0.0000,0.0000,0.0346
85486,static,4.6618,0.9415,0.0140,36.21,2.115,-0.7392,2.5312,2.6369,-0.6994,2.5425,0.000,1,SEARCH,0.0342,0.0000,0.0000,0.0344
85590,static,4.6715,0.9501,0.0090,36.21,2.113,-0.7392,2.5312,2.6369,-0.7115,2.5391,0.000,1,SEARCH,0.0332,0.0000,0.0000,0.0339
85689,static,4.6800,0.9592,0.0084,40.37,2.113,-0.8408,2.6773,2.8063,-0.8183,2.6843,0.000,1,SEARCH,0.0324,0.0000,0.0000,0.0338
85792,static,4.6865,0.9685,0.0046,40.37,2.112,-0.8408,2.6773,2.8063,-0.8209,2.6835,0.000,1,SEARCH,0.0316,0.0000,0.0000,0.0336
85891,static,4.6922,0.9779,0.0029,40.35,2.113,-0.7449,2.7567,2.8555,-0.7356,2.7592,0.000,1,SEARCH,0.0309,0.0000,0.0000,0.0340
85986,static,4.6973,0.9886,0.0051,40.66,2.115,-0.7531,2.7513,2.8525,-0.7407,2.7547,0.000,1,SEARCH,0.0304,0.0000,0.0000,0.0344
86084,static,4.7001,0.9974,0.0006,40.66,2.118,-0.7531,2.7513,2.8525,-0.7478,2.7527,0.000,1,SEARCH,0.0301,0.0000,0.0000,0.0353
86186,static,4.7023,1.0046,0.0012,40.66,2.118,-0.7531,2.7513,2.8525,-0.7503,2.7521,0.000,1,SEARCH,0.0298,0.0000,0.0000,0.0355
86287,static,4.7026,1.0136,0.0020,39.93,2.118,-0.6197,2.7357,2.8050,-0.6148,2.7368,0.000,1,SEARCH,0.0298,0.0000,0.0000,0.0355
86386,static,4.7047,1.0226,0.0026,39.93,2.116,-0.6197,2.7357,2.8050,-0.6123,2.7374,0.000,1,SEARCH,0.0296,0.0000,0.0000,0.0348
86484,static,4.7068,1.0330,0.0016,40.19,2.115,-0.3842,2.7179,2.7450,-0.3782,2.7188,0.000,1,SEARCH,0.0294,0.0000,0.0000,0.0346
86589,static,4.7082,1.0407,0.0018,39.25,2.113,-0.4026,2.6826,2.7127,-0.3984,2.6832,0.000,1,SEARCH,0.0292,0.0000,0.0000,0.0339
86687,static,4.7099,1.0480,0.0037,39.05,2.115,-0.4139,2.6470,2.6791,-0.4051,2.6483,0.000,1,SEARCH,0.0290,0.0000,0.0000,0.0344
86784,static,4.7148,1.0600,0.0046,39.05,2.113,-0.3765,2.5962,2.6233,-0.3635,2.5980,0.000,1,SEARCH,0.0286,0.0000,0.0000,0.0339
86891,static,4.7189,1.0699,0.0031,36.65,2.111,-0.3923,2.5015,2.5321,-0.3794,2.5035,0.000,1,SEARCH,0.0283,0.0000,0.0000,0.0334
86991,static,4.7229,1.0793,0.0003,36.01,2.110,-0.4624,2.4187,2.4625,-0.4604,2.4191,0.000,1,SEARCH,0.0279,0.0000,0.0000,0.0329
87085,static,4.7248,1.0890,0.0013,37.10,2.112,-0.5001,2.3805,2.4324,-0.4984,2.3808,0.000,1,SEARCH,0.0275,0.0000,0.0000,0.0335
87184,static,4.7256,1.0992,0.0026,37.10,2.112,-0.5001,2.3805,2.4324,-0.4947,2.3816,0.000,1,SEARCH,0.0274,0.0000,0.0000,0.0337
87291,static,4.7244,1.1091,0.0027,37.10,2.112,-0.5001,2.3805,2.4324,-0.4935,2.3818,0.000,1,SEARCH,0.0275,0.0000,0.0000,0.0337
87389,static,4.7226,1.1195,6.2828,34.16,2.113,-0.6421,2.1185,2.2137,-0.6411,2.1188,0.000,1,SEARCH,0.0277,0.0000,0.0000,0.0338
87488,static,4.7207,1.1285,0.0005,33.37,2.120,-0.7539,2.0283,2.1639,-0.7528,2.0287,0.000,1,SEARCH,0.0279,0.0000,0.0000,0.0360
87587,static,4.7185,1.1428,0.0029,31.89,2.121,-0.8144,1.9799,2.1409,-0.8092,1.9821,0.000,1,SEARCH,0.0281,0.0000,0.0000,0.0364
87687,static,4.7146,1.1556,0.0058,30.46,2.123,-0.8005,1.9564,2.1138,-0.7888,1.9611,0.000,1,SEARCH,0.0285,0.0000,0.0000,0.0369
87786,static,4.7096,1.1683,0.0024,27.50,2.124,-0.9033,1.8831,2.0885,-0.8968,1.8861,0.000,1,SEARCH,0.0289,0.0000,0.0000,0.0372
87888,static,4.7053,1.1815,0.0061,27.50,2.127,-0.9033,1.8831,2.0885,-0.8930,1.8880,0.000,1,SEARCH,0.0294,0.0000,0.0000,0.0380
87986,static,4.7027,1.1968,0.0063,26.25,2.128,-0.9241,1.8671,2.0833,-0.9109,1.8736,0.000,1,SEARCH,0.0296,0.0000,0.0000,0.0385
88083,static,4.6992,1.2087,0.0035,25.46,2.127,-0.9625,1.8734,2.1061,-0.9540,1.8777,0.000,1,SEARCH,0.0300,0.0000,0.0000,0.0382
88186,static,4.6961,1.2184,0.0024,25.46,2.128,-0.9625,1.8734,2.1061,-0.9580,1.8757,0.000,1,SEARCH,0.0303,0.0000,0.0000,0.0383
88287,static,4.6909,1.2292,0.0014,25.46,2.129,-0.9625,1.8734,2.1061,-0.9599,1.8747,0.000,1,SEARCH,0.0307,0.0000,0.0000,0.0386
88385,static,4.6864,1.2386,6.2805,28.95,2.128,-1.1373,1.9123,2.2249,-1.1386,1.9115,0.000,1,SEARCH,0.0312,0.0000,0.0000,0.0383
88490,static,4.6792,1.2483,6.2765,31.06,2.126,-1.1241,2.0869,2.3704,-1.1392,2.0787,0.000,1,SEARCH,0.0319,0.0000,0.0000,0.0379
88585,static,4.6721,1.2570,6.2748,30.98,2.127,-1.1573,2.2058,2.4909,-1.1734,2.1973,0.000,1,SEARCH,0.0325,0.0000,0.0000,0.0382
88684,static,4.6622,1.2665,6.2722,32.76,2.128,-1.1481,2.3130,2.5823,-1.1732,2.3004,0.000,1,SEARCH,0.0334,0.0000,0.0000,0.0383
88789,static,4.6554,1.2737,6.2741,32.76,2.128,-1.1481,2.3130,2.5823,-1.1688,2.3026,0.000,1,SEARCH,0.0343,0.0000,0.0000,0.0384
88886,static,4.6448,1.2835,6.2733,33.42,2.128,-1.1367,2.4349,2.6871,-1.1600,2.4239,0.000,1,SEARCH,0.0353,0.0000,0.0000,0.0384
88987,static,4.6352,1.2938,6.2758,34.91,2.128,-1.0970,2.5972,2.8194,-1.1212,2.5868,0.000,1,SEARCH,0.0361,0.0000,0.0000,0.0383
89087,static,4.6260,1.3043,6.2775,34.91,2.128,-1.0970,2.5972,2.8194,-1.1128,2.5905,0.000,1,SEARCH,0.0372,0.0000,0.0000,0.0384
89191,static,4.6187,1.3161,6.2778,34.14,2.127,-1.0654,2.7043,2.9066,-1.0822,2.6976,0.000,1,SEARCH,0.0378,0.0000,0.0000,0.0380
89288,static,4.6115,1.3278,0.0003,34.79,2.127,-1.0611,2.7652,2.9618,-1.0654,2.7636,0.000,1,SEARCH,0.0387,0.0000,0.0000,0.0381
89392,static,4.6053,1.3412,0.0032,34.26,2.124,-1.0677,2.8172,3.0127,-1.0639,2.8186,0.000,1,SEARCH,0.0393,0.0000,0.0000,0.0371
89487,static,4.5998,1.3535,0.0047,34.93,2.122,-1.0059,2.9104,3.0794,-0.9937,2.9146,0.000,1,SEARCH,0.0398,0.0000,0.0000,0.0367
89588,static,4.5938,1.3659,0.0035,36.61,2.122,-0.9584,2.9961,3.1457,-0.9458,3.0001,0.000,1,SEARCH,0.0405,0.0000,0.0000,0.0365
89696,static,4.5887,1.3767,0.0049,35.58,2.122,-0.9767,3.0725,3.2240,-0.9650,3.0762,0.000,1,SEARCH,0.0411,0.0000,0.0000,0.0365
89786,static,4.5830,1.3938,0.0039,36.24,2.122,-0.9314,3.1802,3.3138,-0.9183,3.1840,0.000,1,SEARCH,0.0416,0.0000,0.0000,0.0365
89889,static,4.5791,1.4069,0.0013,38.74,2.123,-0.9138,3.2630,3.3885,-0.9107,3.2638,0.000,1,SEARCH,0.0420,0.0000,0.0000,0.0368
89987,static,4.5777,1.4182,0.0022,38.44,2.123,-0.9408,3.3282,3.4586,-0.9337,3.3302,0.000,1,SEARCH,0.0422,0.0000,0.0000,0.0368
90084,static,4.5765,1.4308,0.0039,38.29,2.122,-0.8903,3.4379,3.5513,-0.8779,3.4411,0.000,1,SEARCH,0.0423,0.0000,0.0000,0.0366
90185,static,4.5753,1.4399,0.0043,41.73,2.121,-0.7890,3.6077,3.6929,-0.7738,3.6110,0.000,1,SEARCH,0.0424,0.0000,0.0000,0.0364
90289,static,4.5740,1.4490,0.0048,42.29,2.122,-0.7273,3.7942,3.8633,-0.7095,3.7976,0.000,1,SEARCH,0.0426,0.0000,0.0000,0.0365
90384,static,4.5745,1.4564,0.0067,44.06,2.122,-0.7468,3.7957,3.8685,-0.7283,3.7993,0.000,1,SEARCH,0.0426,0.0000,0.0000,0.0365
90488,static,4.5747,1.4639,0.0080,44.61,2.122,-0.7512,3.8892,3.9610,-0.7186,3.8953,0.000,1,SEARCH,0.0425,0.0000,0.0000,0.0365
90586,static,4.5750,1.4718,0.0057,46.40,2.121,-0.6035,4.1272,4.1711,-0.5730,4.1315,0.000,1,SEARCH,0.0425,0.0000,0.0000,0.0364
90685,static,4.5729,1.4773,0.0024,46.40,2.120,-0.6035,4.1272,4.1711,-0.5897,4.1292,0.000,1,SEARCH,0.0427,0.0000,0.0000,0.0360
90784,static,4.5714,1.4828,0.0021,46.40,2.118,-0.6035,4.1272,4.1711,-0.5942,4.1285,0.000,1,SEARCH,0.0428,0.0000,0.0000,0.0353
90883,static,4.5703,1.4878,6.2795,46.40,2.117,-0.6035,4.1272,4.1711,-0.6133,4.1257,0.000,1,SEARCH,0.0430,0.0000,0.0000,0.0352
90985,static,4.5686,1.4921,6.2752,48.28,2.118,-0.1117,4.5749,4.5763,-0.1387,4.5742,0.000,1,SEARCH,0.0430,0.0000,0.0000,0.0353
91091,static,4.5658,1.4953,6.2720,48.27,2.119,0.0354,4.7194,4.7196,-0.0165,4.7195,0.000,1,SEARCH,0.0433,0.0000,0.0000,0.0358
91189,static,4.5642,1.4990,6.2709,47.84,2.121,0.1637,4.8166,4.8193,0.1094,4.8181,0.000,1,SEARCH,0.0435,0.0000,0.0000,0.0363
91284,static,4.5637,1.5031,6.2687,48.51,2.122,0.2793,4.9092,4.9171,0.2083,4.9127,0.000,1,SEARCH,0.0436,0.0000,0.0000,0.0365
91386,static,4.5637,1.5058,6.2720,47.97,2.123,0.5489,5.0104,5.0404,0.4892,5.0166,0.000,1,SEARCH,0.0436,0.0000,0.0000,0.0368
91486,static,4.5622,1.5098,6.2687,47.97,2.123,0.5489,5.0104,5.0404,0.4816,5.0173,0.000,1,SEARCH,0.0437,0.0000,0.0000,0.0370
91589,static,4.5615,1.5139,6.2719,47.90,2.124,0.7851,5.1083,5.1683,0.7196,5.1180,0.000,1,SEARCH,0.0438,0.0000,0.0000,0.0373
91685,static,4.5606,1.5177,6.2753,47.67,2.125,0.8647,5.0818,5.1548,0.8199,5.0892,0.000,1,SEARCH,0.0439,0.0000,0.0000,0.0376
91788,static,4.5600,1.5246,6.2741,46.54,2.122,0.9442,4.9977,5.0861,0.9013,5.0056,0.000,1,SEARCH,0.0440,0.0000,0.0000,0.0365
91885,static,4.5609,1.5297,6.2746,46.54,2.120,0.9442,4.9977,5.0861,0.8983,5.0061,0.000,1,SEARCH,0.0440,0.0000,0.0000,0.0359
91984,static,4.5631,1.5358,6.2753,46.99,2.117,1.0918,4.8864,5.0069,1.0547,4.8946,0.000,1,SEARCH,0.0438,0.0000,0.0000,0.0351
92087,static,4.5673,1.5421,6.2743,46.27,2.115,1.2230,4.8336,4.9859,1.1830,4.8436,0.000,1,SEARCH,0.0434,0.0000,0.0000,0.0345
92189,static,4.5708,1.5485,6.2755,44.34,2.114,1.3488,4.7529,4.9405,1.3146,4.7624,0.000,1,SEARCH,0.0431,0.0000,0.0000,0.0342
92284,static,4.5731,1.5564,6.2785,43.32,2.114,1.3648,4.6591,4.8549,1.3400,4.6663,0.000,1,SEARCH,0.0428,0.0000,0.0000,0.0343
92387,static,4.5758,1.5662,6.2827,41.17,2.113,1.3924,4.5152,4.7250,1.3867,4.5170,0.000,1,SEARCH,0.0425,0.0000,0.0000,0.0338
92484,static,4.5765,1.5755,6.2825,38.69,2.110,1.2720,4.2757,4.4609,1.2702,4.2762,0.000,1,SEARCH,0.0424,0.0000,0.0000,0.0330
92585,static,4.5775,1.5836,0.0016,38.69,2.108,1.2720,4.2757,4.4609,1.2766,4.2743,0.000,1,SEARCH,0.0423,0.0000,0.0000,0.0325
92685,static,4.5786,1.5917,0.0048,36.38,2.107,1.0916,3.9167,4.0660,1.1081,3.9121,0.000,1,SEARCH,0.0422,0.0000,0.0000,0.0322
92786,static,4.5800,1.5992,0.0055,36.38,2.107,1.0916,3.9167,4.0660,1.1142,3.9103,0.000,1,SEARCH,0.0421,0.0000,0.0000,0.0321
92884,static,4.5809,1.6080,0.0024,34.30,2.105,0.9147,3.6396,3.7528,0.9267,3.6365,0.000,1,SEARCH,0.0419,0.0000,0.0000,0.0316
92984,static,4.5810,1.6141,6.2819,33.57,2.101,0.7659,3.5438,3.6256,0.7619,3.5447,0.000,1,SEARCH,0.0419,0.0000,0.0000,0.0303
93087,static,4.5816,1.6210,6.2780,34.14,2.100,0.6485,3.4823,3.5422,0.6347,3.4848,0.000,1,SEARCH,0.0419,0.0000,0.0000,0.0299
93186,static,4.5819,1.6282,6.2729,34.45,2.098,0.6647,3.5288,3.5909,0.6288,3.5354,0.000,1,SEARCH,0.0418,0.0000,0.0000,0.0293
93287,static,4.5821,1.6362,6.2700,35.12,2.097,0.5911,3.5396,3.5887,0.5505,3.5462,0.000,1,SEARCH,0.0418,0.0000,0.0000,0.0292
93385,static,4.5835,1.6442,6.2656,35.77,2.095,0.5675,3.5750,3.6198,0.5044,3.5845,0.000,1,SEARCH,0.0417,0.0000,0.0000,0.0284
93484,static,4.5838,1.6542,6.2638,36.29,2.092,0.4483,3.5658,3.5939,0.3857,3.5732,0.000,1,SEARCH,0.0416,0.0000,0.0000,0.0277
93585,static,4.5848,1.6648,6.2658,37.02,2.089,0.4181,3.5597,3.5842,0.3498,3.5671,0.000,1,SEARCH,0.0416,0.0000,0.0000,0.0266
93688,static,4.5843,1.6765,6.2670,37.02,2.085,0.4181,3.5597,3.5842,0.3574,3.5663,0.000,1,SEARCH,0.0416,0.0000,0.0000,0.0256
93786,static,4.5847,1.6887,6.2744,37.02,2.083,0.4181,3.5597,3.5842,0.3769,3.5643,0.000,1,SEARCH,0.0416,0.0000,0.0000,0.0250
93885,static,4.5855,1.7015,6.2781,37.02,2.081,0.4181,3.5597,3.5842,0.3953,3.5623,0.000,1,SEARCH,0.0415,0.0000,0.0000,0.0242
93984,static,4.5869,1.7143,0.0041,35.72,2.079,-0.1785,3.2636,3.2685,-0.1779,3.2637,0.000,1,SEARCH,0.0414,0.0000,0.0000,0.0236
94086,static,4.5850,1.7268,0.0091,36.65,2.078,-0.2105,3.2394,3.2462,-0.1836,3.2411,0.000,1,SEARCH,0.0415,0.0000,0.0000,0.0235
94184,static,4.5835,1.7389,0.0153,37.54,2.077,-0.3396,3.1779,3.1960,-0.3003,3.1818,0.000,1,SEARCH,0.0416,0.0000,0.0000,0.0232
94290,static,4.5835,1.7480,0.0243,39.16,2.078,-0.4158,3.1958,3.2227,-0.3552,3.2031,0.000,1,SEARCH,0.0417,0.0000,0.0000,0.0235
94387,static,4.5859,1.7561,0.0270,39.82,2.076,-0.4418,3.2232,3.2534,-0.3581,3.2336,0.000,1,SEARCH,0.0415,0.0000,0.0000,0.0228
94486,static,4.5889,1.7663,0.0308,41.08,2.074,-0.4779,3.2611,3.2959,-0.3793,3.2740,0.000,1,SEARCH,0.0411,0.0000,0.0000,0.0223
94588,static,4.5903,1.7754,0.0333,41.08,2.073,-0.4779,3.2611,3.2959,-0.3739,3.2747,0.000,1,SEARCH,0.0410,0.0000,0.0000,0.0220
94685,static,4.5907,1.7830,0.0338,41.65,2.073,-0.5184,3.2469,3.2880,-0.4099,3.2624,0.000,1,SEARCH,0.0410,0.0000,0.0000,0.0218
94786,static,4.5909,1.7936,0.0356,41.03,2.071,-0.5359,3.1852,3.2299,-0.4229,3.2021,0.000,1,SEARCH,0.0409,0.0000,0.0000,0.0214
94888,static,4.5911,1.8050,0.0346,41.03,2.071,-0.5359,3.1852,3.2299,-0.4239,3.2020,0.000,1,SEARCH,0.0409,0.0000,0.0000,0.0212
94990,static,4.5922,1.8153,0.0356,41.45,2.069,-0.5559,2.9601,3.0118,-0.4532,2.9775,0.000,1,SEARCH,0.0408,0.0000,0.0000,0.0208
95086,static,4.5938,1.8265,0.0386,40.27,2.068,-0.5560,2.8042,2.8588,-0.4497,2.8232,0.000,1,SEARCH,0.0406,0.0000,0.0000,0.0205
95187,static,4.5935,1.8376,0.0415,39.35,2.067,-0.6185,2.6124,2.6847,-0.5093,2.6359,0.000,1,SEARCH,0.0406,0.0000,0.0000,0.0201
95288,static,4.5906,1.8486,0.0443,38.44,2.067,-0.6836,2.4274,2.5218,-0.5775,2.4548,0.000,1,SEARCH,0.0408,0.0000,0.0000,0.0200
95386,static,4.5875,1.8566,0.0490,38.44,2.066,-0.6836,2.4274,2.5218,-0.5646,2.4578,0.000,1,SEARCH,0.0412,0.0000,0.0000,0.0198
95488,static,4.5866,1.8642,0.0539,35.10,2.066,-0.8188,2.1171,2.2700,-0.7056,2.1575,0.000,1,SEARCH,0.0413,0.0000,0.0000,0.0199
95586,static,4.5865,1.8720,0.0472,35.10,2.065,-0.8188,2.1171,2.2700,-0.7169,2.1538,0.000,1,SEARCH,0.0413,0.0000,0.0000,0.0195
95684,static,4.5855,1.8769,0.0460,35.10,2.067,-0.8188,2.1171,2.2700,-0.7194,2.1530,0.000,1,SEARCH,0.0414,0.0000,0.0000,0.0201
95787,static,4.5826,1.8794,0.0426,31.36,2.068,-0.9961,1.9939,2.2288,-0.9074,2.0358,0.000,1,SEARCH,0.0417,0.0000,0.0000,0.0204
95887,static,4.5770,1.8833,0.0334,31.36,2.070,-0.9961,1.9939,2.2288,-0.9263,2.0272,0.000,1,SEARCH,0.0422,0.0000,0.0000,0.0209
95993,static,4.5718,1.8859,0.0284,32.55,2.071,-1.0397,2.1332,2.3731,-0.9767,2.1628,0.000,1,SEARCH,0.0427,0.0000,0.0000,0.0213
96086,static,4.5659,1.8906,0.0240,31.70,2.074,-1.0185,2.1645,2.3922,-0.9626,2.1899,0.000,1,SEARCH,0.0432,0.0000,0.0000,0.0221
96188,static,4.5625,1.8953,0.0209,31.70,2.078,-1.0185,2.1645,2.3922,-0.9738,2.1850,0.000,1,SEARCH,0.0437,0.0000,0.0000,0.0234
96288,static,4.5652,1.9028,0.0195,34.36,2.082,-1.0962,2.3112,2.5580,-1.0507,2.3323,0.000,1,SEARCH,0.0435,0.0000,0.0000,0.0245
96386,static,4.5683,1.9112,0.0171,34.36,2.082,-1.0962,2.3112,2.5580,-1.0556,2.3301,0.000,1,SEARCH,0.0432,0.0000,0.0000,0.0246
96486,static,4.5716,1.9251,0.0127,34.36,2.082,-1.0962,2.3112,2.5580,-1.0641,2.3262,0.000,1,SEARCH,0.0429,0.0000,0.0000,0.0245
96587,static,4.5720,1.9354,0.0062,34.36,2.081,-1.0962,2.3112,2.5580,-1.0786,2.3195,0.000,1,SEARCH,0.0428,0.0000,0.0000,0.0242
96687,static,4.5722,1.9488,6.2823,34.36,2.082,-1.0962,2.3112,2.5580,-1.0949,2.3118,0.000,1,SEARCH,0.0428,0.0000,0.0000,0.0245
96788,static,4.5723,1.9617,6.2769,34.36,2.083,-1.0962,2.3112,2.5580,-1.1085,2.3053,0.000,1,SEARCH,0.0428,0.0000,0.0000,0.0248
96885,static,4.5756,1.9787,6.2694,37.86,2.086,-1.3607,2.5059,2.8515,-1.3907,2.4894,0.000,1,SEARCH,0.0425,0.0000,0.0000,0.0259
96985,static,4.5778,1.9948,6.2611,38.43,2.088,-1.3563,2.5239,2.8652,-1.4075,2.4957,0.000,1,SEARCH,0.0423,0.0000,0.0000,0.0265
97085,static,4.5838,2.0112,6.2562,37.25,2.091,-1.3553,2.5342,2.8738,-1.4199,2.4985,0.000,1,SEARCH,0.0417,0.0000,0.0000,0.0273
97186,static,4.5895,2.0246,6.2520,39.12,2.091,-1.3228,2.5512,2.8738,-1.3993,2.5101,0.000,1,SEARCH,0.0412,0.0000,0.0000,0.0274
97288,static,4.5998,2.0393,6.2484,39.12,2.094,-1.3228,2.5512,2.8738,-1.4124,2.5027,0.000,1,SEARCH,0.0401,0.0000,0.0000,0.0281
97386,static,4.6087,2.0512,6.2500,39.12,2.096,-1.3228,2.5512,2.8738,-1.4074,2.5055,0.000,1,SEARCH,0.0392,0.0000,0.0000,0.0287
97485,static,4.6239,2.0663,6.2492,39.12,2.099,-1.3228,2.5512,2.8738,-1.4086,2.5048,0.000,1,SEARCH,0.0377,0.0000,0.0000,0.0297
97585,static,4.6379,2.0790,6.2547,39.12,2.101,-1.3228,2.5512,2.8738,-1.3982,2.5107,0.000,1,SEARCH,0.0363,0.0000,0.0000,0.0303
97685,static,4.6536,2.0940,6.2586,39.12,2.103,-1.3228,2.5512,2.8738,-1.3871,2.5168,0.000,1,SEARCH,0.0349,0.0000,0.0000,0.0308
97785,static,4.6656,2.1043,6.2589,39.12,2.103,-1.3228,2.5512,2.8738,-1.3828,2.5192,0.000,1,SEARCH,0.0336,0.0000,0.0000,0.0309
97884,static,4.6827,2.1163,6.2620,35.47,2.107,-1.3964,2.1256,2.5433,-1.4430,2.0943,0.000,1,SEARCH,0.0319,0.0000,0.0000,0.0322
97985,static,4.6997,2.1275,6.2657,35.47,2.110,-1.3964,2.1256,2.5433,-1.4340,2.1005,0.000,1,SEARCH,0.0303,0.0000,0.0000,0.0331
98085,static,4.7175,2.1377,6.2677,34.30,2.112,-1.4949,1.9494,2.4566,-1.5259,1.9252,0.000,1,SEARCH,0.0286,0.0000,0.0000,0.0335
98193,static,4.7320,2.1472,6.2683,34.30,2.113,-1.4949,1.9494,2.4566,-1.5237,1.9270,0.000,1,SEARCH,0.0271,0.0000,0.0000,0.0339
98285,static,4.7536,2.1581,6.2743,31.27,2.117,-1.5540,1.8351,2.4047,-1.5723,1.8195,0.000,1,SEARCH,0.0250,0.0000,0.0000,0.0352
98386,static,4.7712,2.1674,6.2760,31.27,2.118,-1.5540,1.8351,2.4047,-1.5667,1.8243,0.000,1,SEARCH,0.0233,0.0000,0.0000,0.0355
98484,static,4.7918,2.1763,6.2779,28.92,2.121,-1.6280,1.7056,2.3578,-1.6373,1.6967,0.000,1,SEARCH,0.0214,0.0000,0.0000,0.0362
98585,static,4.8071,2.1826,6.2795,29.39,2.123,-1.6528,1.6845,2.3600,-1.6596,1.6779,0.000,1,SEARCH,0.0195,0.0000,0.0000,0.0368
98687,static,4.8316,2.1907,6.2829,30.85,2.126,-1.6795,1.6604,2.3617,-1.6810,1.6589,0.000,1,SEARCH,0.0173,0.0000,0.0000,0.0378
98800,static,4.8487,2.1973,0.0035,30.27,2.127,-1.7009,1.6814,2.3917,-1.6968,1.6854,0.000,1,SEARCH,0.0159,0.0000,0.0000,0.0380
98889,static,4.8739,2.2050,0.0064,28.68,2.128,-1.7226,1.6847,2.4095,-1.7135,1.6940,0.000,1,SEARCH,0.0130,0.0000,0.0000,0.0384
98984,static,4.8911,2.2108,0.0081,31.67,2.129,-1.9221,1.6766,2.5505,-1.9073,1.6934,0.000,1,SEARCH,0.0112,0.0000,0.0000,0.0386
99084,static,4.9079,2.2152,0.0080,33.04,2.131,-2.0136,1.6960,2.6327,-2.0002,1.7119,0.000,1,SEARCH,0.0094,0.0000,0.0000,0.0394
99189,static,4.9255,2.2192,0.0054,32.16,2.133,-2.0328,1.7433,2.6779,-2.0231,1.7546,0.000,1,SEARCH,0.0078,0.0000,0.0000,0.0400
99285,static,4.9446,2.2229,0.0007,32.16,2.138,-2.0328,1.7433,2.6779,-2.0302,1.7463,0.000,1,SEARCH,0.0059,0.0000,0.0000,0.0413
99384,static,4.9586,2.2257,6.2823,32.16,2.141,-2.0328,1.7433,2.6779,-2.0336,1.7424,0.000,1,SEARCH,0.0043,0.0000,0.0000,0.0422
99487,static,4.9745,2.2288,6.2825,34.22,2.144,-2.0239,2.0145,2.8556,-2.0246,2.0138,0.000,1,SEARCH,0.0031,0.0000,0.0000,0.0431
99585,static,4.9857,2.2320,6.2808,36.21,2.146,-2.0079,2.0469,2.8673,-2.0113,2.0435,0.000,1,SEARCH,0.0018,0.0000,0.0000,0.0437
99686,static,4.9997,2.2340,6.2783,36.80,2.147,-1.9606,2.1026,2.8749,-1.9701,2.0937,0.000,1,SEARCH,0.0005,0.0000,0.0000,0.0442
99784,static,5.0115,2.2343,6.2815,36.15,2.151,-1.9396,2.0924,2.8531,-1.9437,2.0886,0.000,1,SEARCH,-0.0010,0.0000,0.0000,0.0453
99885,static,5.0239,2.2351,0.0005,36.15,2.153,-1.9396,2.0924,2.8531,-1.9430,2.0892,0.000,1,SEARCH,-0.0019,0.0000,0.0000,0.0460
99984,static,5.0312,2.2354,0.0020,35.36,2.154,-1.8994,2.0562,2.7993,-1.8953,2.0600,0.000,1,SEARCH,-0.0030,0.0000,0.0000,0.0461
100084,static,5.0420,2.2348,0.0040,35.36,2.156,-1.8994,2.0562,2.7993,-1.8922,2.0629,0.000,1,SEARCH,-0.0041,0.0000,0.0000,0.0467
100183,static,5.0512,2.2347,0.0021,37.05,2.156,-1.7535,2.0509,2.6983,-1.7476,2.0559,0.000,1,SEARCH,-0.0049,0.0000,0.0000,0.0467
100285,static,5.0617,2.2321,0.0004,37.05,2.157,-1.7535,2.0509,2.6983,-1.7503,2.0536,0.000,1,SEARCH,-0.0057,0.0000,0.0000,0.0472
100387,static,5.0721,2.2293,6.2805,36.11,2.159,-1.7508,2.0089,2.6648,-1.7549,2.0054,0.000,1,SEARCH,-0.0069,0.0000,0.0000,0.0478
100485,static,5.0833,2.2271,6.2806,34.82,2.163,-1.7559,1.9834,2.6490,-1.7615,1.9784,0.000,1,SEARCH,-0.0078,0.0000,0.0000,0.0489
100584,static,5.0942,2.2265,6.2829,33.16,2.166,-1.7619,1.9498,2.6280,-1.7640,1.9479,0.000,1,SEARCH,-0.0093,0.0000,0.0000,0.0497
100688,static,5.1045,2.2238,0.0021,31.00,2.167,-1.7468,1.8960,2.5780,-1.7433,1.8992,0.000,1,SEARCH,-0.0100,0.0000,0.0000,0.0501
100784,static,5.1130,2.2219,0.0018,31.69,2.169,-1.7960,1.8653,2.5894,-1.7923,1.8688,0.000,1,SEARCH,-0.0112,0.0000,0.0000,0.0506
100887,static,5.1237,2.2190,0.0064,31.69,2.172,-1.7960,1.8653,2.5894,-1.7869,1.8741,0.000,1,SEARCH,-0.0120,0.0000,0.0000,0.0515
100988,static,5.1335,2.2178,0.0106,30.05,2.173,-1.8783,1.8025,2.6033,-1.8631,1.8182,0.000,1,SEARCH,-0.0130,0.0000,0.0000,0.0519
101086,static,5.1410,2.2141,0.0144,30.15,2.174,-1.9173,1.7607,2.6031,-1.8936,1.7861,0.000,1,SEARCH,-0.0138,0.0000,0.0000,0.0523
101183,static,5.1477,2.2113,0.0162,30.76,2.175,-1.9738,1.6752,2.5888,-1.9470,1.7062,0.000,1,SEARCH,-0.0146,0.0000,0.0000,0.0526
101284,static,5.1574,2.2055,0.0204,30.76,2.177,-1.9738,1.6752,2.5888,-1.9395,1.7147,0.000,1,SEARCH,-0.0157,0.0000,0.0000,0.0530
101384,static,5.1619,2.2015,0.0199,30.76,2.177,-1.9738,1.6752,2.5888,-1.9397,1.7145,0.000,1,SEARCH,-0.0162,0.0000,0.0000,0.0530
101484,static,5.1654,2.1952,0.0172,30.76,2.178,-1.9738,1.6752,2.5888,-1.9435,1.7102,0.000,1,SEARCH,-0.0165,0.0000,0.0000,0.0535
101584,static,5.1669,2.1900,0.0126,30.47,2.178,-2.1407,1.5178,2.6242,-2.1198,1.5469,0.000,1,SEARCH,-0.0167,0.0000,0.0000,0.0535
101684,static,5.1699,2.1835,0.0084,30.47,2.179,-2.1407,1.5178,2.6242,-2.1265,1.5376,0.000,1,SEARCH,-0.0169,0.0000,0.0000,0.0538
101785,static,5.1706,2.1798,0.0035,28.26,2.179,-2.1290,1.5569,2.6375,-2.1223,1.5659,0.000,1,SEARCH,-0.0170,0.0000,0.0000,0.0537
101887,static,5.1752,2.1732,0.0005,25.52,2.179,-2.0872,1.6058,2.6335,-2.0836,1.6105,0.000,1,SEARCH,-0.0174,0.0000,0.0000,0.0538
101984,static,5.1780,2.1686,6.2759,27.86,2.177,-2.0673,1.6319,2.6337,-2.0771,1.6193,0.000,1,SEARCH,-0.0178,0.0000,0.0000,0.0532
102086,static,5.1814,2.1652,6.2723,27.86,2.178,-2.0673,1.6319,2.6337,-2.0839,1.6106,0.000,1,SEARCH,-0.0180,0.0000,0.0000,0.0532
102195,static,5.1864,2.1619,6.2695,29.74,2.178,-2.1009,1.6548,2.6744,-2.1216,1.6282,0.000,1,SEARCH,-0.0184,0.0000,0.0000,0.0533
102286,static,5.1935,2.1589,6.2681,29.68,2.175,-2.0691,1.6804,2.6655,-2.0935,1.6498,0.000,1,SEARCH,-0.0191,0.0000,0.0000,0.0525
102386,static,5.1995,2.1587,6.2733,28.07,2.174,-2.0189,1.7049,2.6425,-2.0381,1.6819,0.000,1,SEARCH,-0.0197,0.0000,0.0000,0.0521
102485,static,5.2043,2.1589,6.2777,30.52,2.175,-2.0259,1.6777,2.6304,-2.0378,1.6632,0.000,1,SEARCH,-0.0202,0.0000,0.0000,0.0525
102589,static,5.2081,2.1623,6.2823,28.89,2.176,-2.0111,1.6371,2.5932,-2.0146,1.6328,0.000,1,SEARCH,-0.0207,0.0000,0.0000,0.0529
102684,static,5.2121,2.1663,0.0038,30.71,2.178,-2.0158,1.5409,2.5373,-2.0115,1.5465,0.000,1,SEARCH,-0.0211,0.0000,0.0000,0.0534
102783,static,5.2145,2.1730,0.0067,30.71,2.177,-2.0158,1.5409,2.5373,-2.0059,1.5538,0.000,1,SEARCH,-0.0214,0.0000,0.0000,0.0531
102886,static,5.2136,2.1751,0.0059,30.71,2.177,-2.0158,1.5409,2.5373,-2.0056,1.5542,0.000,1,SEARCH,-0.0214,0.0000,0.0000,0.0530
102986,static,5.2102,2.1780,0.0033,33.24,2.176,-1.9463,1.3097,2.3459,-1.9410,1.3175,0.000,1,SEARCH,-0.0212,0.0000,0.0000,0.0528
103083,static,5.2057,2.1805,0.0040,32.33,2.176,-1.8857,1.3345,2.3101,-1.8818,1.3399,0.000,1,SEARCH,-0.0207,0.0000,0.0000,0.0527
103189,static,5.2003,2.1836,0.0021,32.33,2.178,-1.8857,1.3345,2.3101,-1.8810,1.3410,0.000,1,SEARCH,-0.0201,0.0000,0.0000,0.0533
103285,static,5.1987,2.1862,0.0001,34.68,2.179,-1.7757,1.4629,2.3007,-1.7759,1.4628,0.000,1,SEARCH,-0.0199,0.0000,0.0000,0.0538
103385,static,5.1978,2.1905,0.0015,35.49,2.179,-1.7424,1.5430,2.3274,-1.7405,1.5452,0.000,1,SEARCH,-0.0198,0.0000,0.0000,0.0536
103484,static,5.1939,2.1938,6.2817,36.87,2.178,-1.7410,1.6497,2.3984,-1.7417,1.6490,0.000,1,SEARCH,-0.0194,0.0000,0.0000,0.0534
103583,static,5.1904,2.1978,6.2805,38.32,2.177,-1.7778,1.7250,2.4771,-1.7815,1.7211,0.000,1,SEARCH,-0.0191,0.0000,0.0000,0.0531
103683,static,5.1858,2.2019,6.2802,37.90,2.179,-1.7932,1.7702,2.5198,-1.7992,1.7641,0.000,1,SEARCH,-0.0186,0.0000,0.0000,0.0537
103788,static,5.1832,2.2080,6.2804,37.90,2.180,-1.7932,1.7702,2.5198,-1.7976,1.7657,0.000,1,SEARCH,-0.0184,0.0000,0.0000,0.0539
103884,static,5.1765,2.2120,6.2804,38.17,2.180,-1.7596,1.8733,2.5701,-1.7642,1.8689,0.000,1,SEARCH,-0.0179,0.0000,0.0000,0.0541
103983,static,5.1695,2.2170,6.2773,38.69,2.179,-1.6785,1.9736,2.5908,-1.6883,1.9652,0.000,1,SEARCH,-0.0170,0.0000,0.0000,0.0538
104083,static,5.1607,2.2221,6.2733,38.69,2.180,-1.6785,1.9736,2.5908,-1.6955,1.9590,0.000,1,SEARCH,-0.0162,0.0000,0.0000,0.0541
104183,static,5.1530,2.2258,6.2721,39.46,2.182,-1.5700,2.0579,2.5884,-1.5925,2.0406,0.000,1,SEARCH,-0.0154,0.0000,0.0000,0.0546
104283,static,5.1422,2.2306,6.2736,39.46,2.185,-1.5700,2.0579,2.5884,-1.5901,2.0424,0.000,1,SEARCH,-0.0145,0.0000,0.0000,0.0554
104383,static,5.1351,2.2364,6.2753,39.35,2.185,-1.3277,2.1751,2.5483,-1.3459,2.1638,0.000,1,SEARCH,-0.0136,0.0000,0.0000,0.0556
104485,static,5.1238,2.2402,6.2735,39.48,2.186,-1.2836,2.1970,2.5445,-1.3042,2.1849,0.000,1,SEARCH,-0.0126,0.0000,0.0000,0.0558
104588,static,5.1144,2.2443,6.2753,39.85,2.187,-1.2963,2.1833,2.5391,-1.3135,2.1730,0.000,1,SEARCH,-0.0118,0.0000,0.0000,0.0561
104684,static,5.1044,2.2496,6.2769,38.79,2.190,-1.3105,2.1449,2.5135,-1.3251,2.1359,0.000,1,SEARCH,-0.0106,0.0000,0.0000,0.0571
104788,static,5.0956,2.2573,6.2760,38.29,2.191,-1.2516,2.1191,2.4611,-1.2634,2.1121,0.000,1,SEARCH,-0.0099,0.0000,0.0000,0.0572
104883,static,5.0870,2.2641,6.2744,37.72,2.196,-1.2179,2.0714,2.4029,-1.2349,2.0614,0.000,1,SEARCH,-0.0088,0.0000,0.0000,0.0587
104983,static,5.0790,2.2720,6.2794,36.44,2.195,-1.2033,2.0440,2.3718,-1.2141,2.0375,0.000,1,SEARCH,-0.0081,0.0000,0.0000,0.0585
105083,static,5.0695,2.2789,6.2831,36.44,2.194,-1.2033,2.0440,2.3718,-1.2049,2.0430,0.000,1,SEARCH,-0.0071,0.0000,0.0000,0.0583
105187,static,5.0617,2.2866,0.0004,36.44,2.192,-1.2033,2.0440,2.3718,-1.2024,2.0444,0.000,1,SEARCH,-0.0065,0.0000,0.0000,0.0577
105286,static,5.0551,2.2958,6.2830,34.18,2.192,-1.0316,2.0299,2.2770,-1.0320,2.0297,0.000,1,SEARCH,-0.0058,0.0000,0.0000,0.0575
105384,static,5.0510,2.3038,6.2816,35.01,2.191,-1.0895,2.0668,2.3364,-1.0915,2.0657,0.000,1,SEARCH,-0.0051,0.0000,0.0000,0.0572
105484,static,5.0452,2.3113,6.2809,35.01,2.191,-1.0895,2.0668,2.3364,-1.0958,2.0635,0.000,1,SEARCH,-0.0047,0.0000,0.0000,0.0572
105583,static,5.0410,2.3190,6.2787,37.85,2.189,-0.8598,2.4210,2.5692,-0.8672,2.4184,0.000,1,SEARCH,-0.0042,0.0000,0.0000,0.0568
105686,static,5.0387,2.3267,6.2742,37.85,2.190,-0.8598,2.4210,2.5692,-0.8797,2.4139,0.000,1,SEARCH,-0.0040,0.0000,0.0000,0.0570
105783,static,5.0378,2.3349,6.2704,41.37,2.189,-0.8824,2.6746,2.8164,-0.9143,2.6639,0.000,1,SEARCH,-0.0038,0.0000,0.0000,0.0568
105883,static,5.0389,2.3421,6.2638,41.37,2.188,-0.8824,2.6746,2.8164,-0.9307,2.6582,0.000,1,SEARCH,-0.0039,0.0000,0.0000,0.0565
105986,static,5.0400,2.3506,6.2632,44.01,2.189,-0.9893,2.9533,3.1146,-1.0473,2.9333,0.000,1,SEARCH,-0.0040,0.0000,0.0000,0.0566
106083,static,5.0400,2.3589,6.2603,44.59,2.188,-1.1086,3.0000,3.1983,-1.1761,2.9742,0.000,1,SEARCH,-0.0040,0.0000,0.0000,0.0565
106183,static,5.0389,2.3663,6.2606,45.11,2.188,-1.1503,3.0958,3.3026,-1.2223,3.0681,0.000,1,SEARCH,-0.0039,0.0000,0.0000,0.0563
106284,static,5.0384,2.3752,6.2660,46.06,2.188,-1.1964,3.1156,3.3375,-1.2563,3.0920,0.000,1,SEARCH,-0.0039,0.0000,0.0000,0.0565
106383,static,5.0374,2.3838,6.2664,45.68,2.186,-1.2123,3.1490,3.3743,-1.2652,3.1282,0.000,1,SEARCH,-0.0037,0.0000,0.0000,0.0557
106483,static,5.0349,2.3955,6.2654,46.44,2.187,-1.2619,3.2123,3.4513,-1.3167,3.1902,0.000,1,SEARCH,-0.0035,0.0000,0.0000,0.0561
106587,static,5.0343,2.4047,6.2648,46.44,2.187,-1.2619,3.2123,3.4513,-1.3195,3.1891,0.000,1,SEARCH,-0.0034,0.0000,0.0000,0.0562
106685,static,5.0353,2.4124,6.2600,46.74,2.187,-1.3591,3.2258,3.5004,-1.4289,3.1955,0.000,1,SEARCH,-0.0035,0.0000,0.0000,0.0562
106785,static,5.0364,2.4238,6.2591,46.64,2.189,-1.3923,3.1788,3.4703,-1.4693,3.1439,0.000,1,SEARCH,-0.0036,0.0000,0.0000,0.0566
106884,static,5.0377,2.4349,6.2595,47.15,2.191,-1.4841,2.9708,3.3209,-1.5527,2.9355,0.000,1,SEARCH,-0.0037,0.0000,0.0000,0.0572
106986,static,5.0393,2.4442,6.2663,47.32,2.191,-1.4257,2.7771,3.1217,-1.4816,2.7477,0.000,1,SEARCH,-0.0039,0.0000,0.0000,0.0574
107085,static,5.0405,2.4531,6.2678,45.36,2.192,-1.3675,2.3252,2.6976,-1.4032,2.3039,0.000,1,SEARCH,-0.0041,0.0000,0.0000,0.0576
107185,static,5.0437,2.4661,6.2732,46.06,2.192,-1.3388,2.2280,2.5993,-1.3678,2.2103,0.000,1,SEARCH,-0.0043,0.0000,0.0000,0.0576
107286,static,5.0461,2.4773,6.2765,44.33,2.194,-1.3025,1.9509,2.3457,-1.3169,1.9412,0.000,1,SEARCH,-0.0045,0.0000,0.0000,0.0582
107383,static,5.0495,2.4900,6.2793,41.82,2.194,-1.4148,1.4794,2.0470,-1.4229,1.4716,0.000,1,SEARCH,-0.0049,0.0000,0.0000,0.0582
107491,static,5.0524,2.5007,0.0008,41.82,2.196,-1.4148,1.4794,2.0470,-1.4149,1.4793,0.000,1,SEARCH,-0.0052,0.0000,0.0000,0.0588
107583,static,5.0577,2.5126,0.0029,38.96,2.195,-1.5411,1.1391,1.9164,-1.5390,1.1419,0.000,1,SEARCH,-0.0057,0.0000,0.0000,0.0586
107683,static,5.0651,2.5258,0.0106,38.96,2.197,-1.5411,1.1391,1.9164,-1.5309,1.1528,0.000,1,SEARCH,-0.0063,0.0000,0.0000,0.0591
107783,static,5.0727,2.5369,0.0210,38.96,2.197,-1.5411,1.1391,1.9164,-1.5201,1.1670,0.000,1,SEARCH,-0.0072,0.0000,0.0000,0.0591
107887,static,5.0827,2.5490,0.0302,29.22,2.198,-1.9352,0.6276,2.0344,-1.9178,0.6790,0.000,1,SEARCH,-0.0079,0.0000,0.0000,0.0593
107983,static,5.0933,2.5612,0.0394,0.00,2.199,0.0000,0.0000,0.0000,0.0000,0.0000,0.000,0,SEARCH,-0.0091,0.0000,0.0000,0.0597
108085,static,5.1012,2.5732,0.0469,0.00,2.200,0.0000,0.0000,0.0000,0.0000,0.0000,0.000,0,SEARCH,-0.0098,0.0000,0.0000,0.0600
108185,static,5.1073,2.5848,0.0487,0.00,2.201,0.0000,0.0000,0.0000,0.0000,0.0000,0.000,0,SEARCH,-0.0105,0.0000,0.0000,0.0602
108283,static,5.1108,2.5933,0.0501,0.00,2.202,0.0000,0.0000,0.0000,0.0000,0.0000,0.000,0,SEARCH,-0.0111,0.0000,0.0000,0.0607
108384,static,5.1130,2.6028,0.0467,0.00,2.204,0.0000,0.0000,0.0000,0.0000,0.0000,0.000,0,SEARCH,-0.0113,0.0000,0.0000,0.0612
108488,static,5.1182,2.6074,0.0437,0.00,2.206,0.0000,0.0000,0.0000,0.0000,0.0000,0.000,0,SEARCH,-0.0116,0.0000,0.0000,0.0618
108583,static,5.1244,2.6119,0.0340,0.00,2.204,0.0000,0.0000,0.0000,0.0000,0.0000,0.000,0,SEARCH,-0.0123,0.0000,0.0000,0.0613
108685,static,5.1359,2.6137,0.0272,0.00,2.203,0.0000,0.0000,0.0000,0.0000,0.0000,0.000,0,SEARCH,-0.0131,0.0000,0.0000,0.0609
108783,static,5.1484,2.6160,0.0209,0.00,2.200,0.0000,0.0000,0.0000,0.0000,0.0000,0.000,0,SEARCH,-0.0146,0.0000,0.0000,0.0600
108883,static,5.1626,2.6232,0.0124,0.00,2.200,0.0000,0.0000,0.0000,0.0000,0.0000,0.000,0,SEARCH,-0.0160,0.0000,0.0000,0.0599
108983,static,5.1760,2.6294,0.0092,0.00,2.200,0.0000,0.0000,0.0000,0.0000,0.0000,0.000,0,SEARCH,-0.0173,0.0000,0.0000,0.0599
109083,static,5.1915,2.6358,0.0059,0.00,2.200,0.0000,0.0000,0.0000,0.0000,0.0000,0.000,0,SEARCH,-0.0190,0.0000,0.0000,0.0599
109183,static,5.2053,2.6437,0.0002,0.00,2.198,0.0000,0.0000,0.0000,0.0000,0.0000,0.000,0,SEARCH,-0.0203,0.0000,0.0000,0.0595
109283,static,5.2211,2.6526,6.2817,0.00,2.200,0.0000,0.0000,0.0000,0.0000,0.0000,0.000,0,SEARCH,-0.0218,0.0000,0.0000,0.0599
109387,static,5.2361,2.6599,6.2800,0.00,2.201,0.0000,0.0000,0.0000,0.0000,0.0000,0.000,0,SEARCH,-0.0230,0.0000,0.0000,0.0604
109483,static,5.2529,2.6670,6.2796,0.00,2.202,0.0000,0.0000,0.0000,0.0000,0.0000,0.000,0,SEARCH,-0.0250,0.0000,0.0000,0.0607
109583,static,5.2683,2.6730,0.0006,0.00,2.205,0.0000,0.0000,0.0000,0.0000,0.0000,0.000,0,SEARCH,-0.0267,0.0000,0.0000,0.0616
109683,static,5.2831,2.6797,0.0036,39.71,2.207,-2.0428,1.9696,2.8376,-2.0361,1.9765,0.000,1,SEARCH,-0.0280,0.0000,0.0000,0.0621
109783,static,5.2966,2.6858,0.0071,39.71,2.208,-2.0428,1.9696,2.8376,-2.0308,1.9819,0.000,1,SEARCH,-0.0295,0.0000,0.0000,0.0625
109883,static,5.3158,2.6917,0.0122,38.89,2.211,-1.8432,1.8567,2.6162,-1.8235,1.8761,0.000,1,SEARCH,-0.0310,0.0000,0.0000,0.0632
109983,static,5.3319,2.6953,0.0179,39.25,2.214,-1.8326,1.7806,2.5552,-1.8007,1.8128,0.000,1,SEARCH,-0.0330,0.0000,0.0000,0.0642
110083,static,5.3494,2.6986,0.0260,38.54,2.215,-1.8128,1.7286,2.5048,-1.7687,1.7737,0.000,1,SEARCH,-0.0346,0.0000,0.0000,0.0645
110183,static,5.3655,2.6991,0.0223,38.54,2.213,-1.8128,1.7286,2.5048,-1.7714,1.7710,0.000,1,SEARCH,-0.0364,0.0000,0.0000,0.0640
110284,static,5.3856,2.6977,0.0198,36.52,2.211,-1.7734,1.7425,2.4862,-1.7346,1.7812,0.000,1,SEARCH,-0.0378,0.0000,0.0000,0.0633
110383,static,5.4033,2.6948,0.0110,37.90,2.206,-1.7302,1.8468,2.5307,-1.7052,1.8699,0.000,1,SEARCH,-0.0400,0.0000,0.0000,0.0618
110483,static,5.4231,2.6927,0.0037,37.97,2.204,-1.7320,1.8964,2.5683,-1.7224,1.9051,0.000,1,SEARCH,-0.0421,0.0000,0.0000,0.0611
110585,static,5.4424,2.6898,6.2823,37.97,2.202,-1.7320,1.8964,2.5683,-1.7297,1.8985,0.000,1,SEARCH,-0.0435,0.0000,0.0000,0.0607
110683,static,5.4630,2.6884,6.2780,38.64,2.200,-1.6378,1.9729,2.5641,-1.6480,1.9644,0.000,1,SEARCH,-0.0461,0.0000,0.0000,0.0599
110783,static,5.4811,2.6869,6.2748,40.30,2.196,-1.5537,2.0769,2.5938,-1.5684,2.0659,0.000,1,SEARCH,-0.0479,0.0000,0.0000,0.0587
110883,static,5.4997,2.6859,6.2697,40.50,2.193,-1.5213,2.1430,2.6281,-1.5492,2.1229,0.000,1,SEARCH,-0.0498,0.0000,0.0000,0.0578
110983,static,5.5170,2.6835,6.2696,41.23,2.192,-1.5429,2.1725,2.6646,-1.5707,2.1525,0.000,1,SEARCH,-0.0515,0.0000,0.0000,0.0575
111083,static,5.5341,2.6826,6.2685,41.94,2.187,-1.5373,2.1970,2.6814,-1.5688,2.1746,0.000,1,SEARCH,-0.0532,0.0000,0.0000,0.0561
111183,static,5.5493,2.6807,6.2656,41.94,2.182,-1.5373,2.1970,2.6814,-1.5756,2.1697,0.000,1,SEARCH,-0.0547,0.0000,0.0000,0.0547
111283,static,5.5642,2.6783,6.2675,40.91,2.180,-1.5940,2.1922,2.7105,-1.6292,2.1662,0.000,1,SEARCH,-0.0561,0.0000,0.0000,0.0541
111384,static,5.5786,2.6754,6.2667,39.91,2.178,-1.6671,2.1609,2.7293,-1.7007,2.1346,0.000,1,SEARCH,-0.0577,0.0000,0.0000,0.0534
111483,static,5.5936,2.6709,6.2662,39.72,2.176,-1.6938,2.1803,2.7610,-1.7319,2.1502,0.000,1,SEARCH,-0.0592,0.0000,0.0000,0.0529
111583,static,5.6076,2.6651,6.2671,39.72,2.174,-1.6938,2.1803,2.7610,-1.7278,2.1535,0.000,1,SEARCH,-0.0606,0.0000,0.0000,0.0523
111683,static,5.6188,2.6621,6.2660,39.01,2.172,-1.7654,2.1595,2.7893,-1.8021,2.1289,0.000,1,SEARCH,-0.0618,0.0000,0.0000,0.0515
111783,static,5.6283,2.6588,6.2689,38.48,2.169,-1.8264,2.1656,2.8329,-1.8591,2.1376,0.000,1,SEARCH,-0.0627,0.0000,0.0000,0.0506
111883,static,5.6372,2.6563,6.2682,39.76,2.164,-1.8488,2.1852,2.8624,-1.8809,2.1576,0.000,1,SEARCH,-0.0636,0.0000,0.0000,0.0492
111983,static,5.6444,2.6539,6.2686,39.32,2.159,-1.8716,2.2230,2.9060,-1.9054,2.1941,0.000,1,SEARCH,-0.0644,0.0000,0.0000,0.0477
112083,static,5.6515,2.6520,6.2706,40.38,2.154,-1.9112,2.2102,2.9220,-1.9391,2.1858,0.000,1,SEARCH,-0.0651,0.0000,0.0000,0.0462
112183,static,5.6575,2.6516,6.2681,40.38,2.148,-1.9112,2.2102,2.9220,-1.9438,2.1817,0.000,1,SEARCH,-0.0656,0.0000,0.0000,0.0444
112283,static,5.6647,2.6508,6.2703,40.48,2.142,-1.8900,2.2486,2.9374,-1.9189,2.2240,0.000,1,SEARCH,-0.0665,0.0000,0.0000,0.0426
112383,static,5.6740,2.6500,6.2695,40.97,2.137,-1.8757,2.2462,2.9264,-1.9051,2.2213,0.000,1,SEARCH,-0.0673,0.0000,0.0000,0.0411
112484,static,5.6820,2.6496,6.2698,40.22,2.133,-1.8744,2.2430,2.9231,-1.9073,2.2151,0.000,1,SEARCH,-0.0680,0.0000,0.0000,0.0400
112584,static,5.6950,2.6488,6.2688,40.20,2.130,-1.8978,2.2182,2.9193,-1.9251,2.1945,0.000,1,SEARCH,-0.0691,0.0000,0.0000,0.0391
112683,static,5.7034,2.6478,6.2644,41.21,2.127,-1.9343,2.1384,2.8834,-1.9730,2.1027,0.000,1,SEARCH,-0.0702,0.0000,0.0000,0.0381
112783,static,5.7122,2.6461,6.2617,41.21,2.126,-1.9343,2.1384,2.8834,-1.9775,2.0985,0.000,1,SEARCH,-0.0711,0.0000,0.0000,0.0378
112883,static,5.7202,2.6464,6.2545,38.43,2.127,-1.9957,2.0561,2.8654,-2.0538,1.9981,0.000,1,SEARCH,-0.0719,0.0000,0.0000,0.0381
112983,static,5.7279,2.6471,6.2516,37.04,2.127,-1.9677,2.0818,2.8645,-2.0314,2.0196,0.000,1,SEARCH,-0.0726,0.0000,0.0000,0.0382
113083,static,5.7354,2.6474,6.2479,36.52,2.124,-1.9450,2.0768,2.8453,-2.0173,2.0066,0.000,1,SEARCH,-0.0734,0.0000,0.0000,0.0373
113183,static,5.7430,2.6478,6.2504,36.52,2.121,-1.9450,2.0768,2.8453,-2.0114,2.0126,0.000,1,SEARCH,-0.0742,0.0000,0.0000,0.0362
113283,static,5.7500,2.6489,6.2544,36.52,2.118,-1.9450,2.0768,2.8453,-2.0068,2.0171,0.000,1,SEARCH,-0.0749,0.0000,0.0000,0.0354
113383,static,5.7567,2.6500,6.2580,38.55,2.115,-1.9680,1.9597,2.7773,-2.0167,1.9096,0.000,1,SEARCH,-0.0757,0.0000,0.0000,0.0346
113483,static,5.7638,2.6520,6.2633,37.52,2.113,-1.9502,1.9304,2.7440,-1.9903,1.8890,0.000,1,SEARCH,-0.0763,0.0000,0.0000,0.0338
113583,static,5.7701,2.6548,6.2628,38.67,2.108,-1.9767,1.8677,2.7195,-2.0132,1.8283,0.000,1,SEARCH,-0.0769,0.0000,0.0000,0.0325
113683,static,5.7773,2.6575,6.2636,40.54,2.105,-1.9655,1.8600,2.7060,-2.0021,1.8204,0.000,1,SEARCH,-0.0776,0.0000,0.0000,0.0314
113783,static,5.7858,2.6599,6.2606,40.54,2.101,-1.9655,1.8600,2.7060,-2.0049,1.8174,0.000,1,SEARCH,-0.0785,0.0000,0.0000,0.0303
113883,static,5.7953,2.6623,6.2606,42.15,2.099,-1.9884,1.8590,2.7221,-2.0290,1.8146,0.000,1,SEARCH,-0.0793,0.0000,0.0000,0.0298
113985,static,5.8053,2.6646,6.2611,42.15,2.097,-1.9884,1.8590,2.7221,-2.0307,1.8127,0.000,1,SEARCH,-0.0801,0.0000,0.0000,0.0292
114083,static,5.8152,2.6686,6.2632,41.84,2.094,-2.0336,1.8258,2.7330,-2.0684,1.7864,0.000,1,SEARCH,-0.0813,0.0000,0.0000,0.0282
114188,static,5.8257,2.6730,6.2662,41.84,2.092,-2.0336,1.8258,2.7330,-2.0693,1.7853,0.000,1,SEARCH,-0.0821,0.0000,0.0000,0.0277
114283,static,5.8330,2.6788,6.2704,40.02,2.090,-2.1987,1.6472,2.7473,-2.2192,1.6195,0.000,1,SEARCH,-0.0832,0.0000,0.0000,0.0270
114383,static,5.8378,2.6823,6.2735,0.00,2.086,0.0000,0.0000,0.0000,0.0000,0.0000,0.000,0,SEARCH,-0.0837,0.0000,0.0000,0.0259
114485,static,5.8402,2.6857,6.2793,0.00,2.085,0.0000,0.0000,0.0000,0.0000,0.0000,0.000,0,SEARCH,-0.0839,0.0000,0.0000,0.0255
114583,static,5.8450,2.6889,6.2797,0.00,2.079,0.0000,0.0000,0.0000,0.0000,0.0000,0.000,0,SEARCH,-0.0844,0.0000,0.0000,0.0237
114689,static,5.8471,2.6932,0.0064,0.00,2.077,0.0000,0.0000,0.0000,0.0000,0.0000,0.000,0,SEARCH,-0.0846,0.0000,0.0000,0.0232
114783,static,5.8485,2.6968,0.0112,0.00,2.073,0.0000,0.0000,0.0000,0.0000,0.0000,0.000,0,SEARCH,-0.0848,0.0000,0.0000,0.0220
114886,static,5.8491,2.6979,0.0153,0.00,2.067,0.0000,0.0000,0.0000,0.0000,0.0000,0.000,0,SEARCH,-0.0849,0.0000,0.0000,0.0201
114983,static,5.8500,2.7000,0.0140,0.00,2.061,0.0000,0.0000,0.0000,0.0000,0.0000,0.000,0,SEARCH,-0.0850,0.0000,0.0000,0.0182
115083,static,5.8499,2.7019,0.0138,0.00,2.057,0.0000,0.0000,0.0000,0.0000,0.0000,0.000,0,SEARCH,-0.0850,0.0000,0.0000,0.0172
115183,static,5.8498,2.7039,0.0104,0.00,2.052,0.0000,0.0000,0.0000,0.0000,0.0000,0.000,0,SEARCH,-0.0850,0.0000,0.0000,0.0155
115283,static,5.8482,2.7050,0.0056,0.00,2.048,0.0000,0.0000,0.0000,0.0000,0.0000,0.000,0,SEARCH,-0.0849,0.0000,0.0000,0.0145
115386,static,5.8448,2.7064,0.0048,0.00,2.046,0.0000,0.0000,0.0000,0.0000,0.0000,0.000,0,SEARCH,-0.0846,0.0000,0.0000,0.0139
115483,static,5.8404,2.7086,0.0001,0.00,2.042,0.0000,0.0000,0.0000,0.0000,0.0000,0.000,0,SEARCH,-0.0841,0.0000,0.0000,0.0127
115583,static,5.8357,2.7104,6.2815,0.00,2.041,0.0000,0.0000,0.0000,0.0000,0.0000,0.000,0,SEARCH,-0.0837,0.0000,0.0000,0.0122
115683,static,5.8306,2.7124,6.2769,0.00,2.039,0.0000,0.0000,0.0000,0.0000,0.0000,0.000,0,SEARCH,-0.0832,0.0000,0.0000,0.0117
115783,static,5.8260,2.7150,6.2756,0.00,2.039,0.0000,0.0000,0.0000,0.0000,0.0000,0.000,0,SEARCH,-0.0826,0.0000,0.0000,0.0116
115883,static,5.8235,2.7174,6.2736,0.00,2.036,0.0000,0.0000,0.0000,0.0000,0.0000,0.000,0,SEARCH,-0.0824,0.0000,0.0000,0.0109
115983,static,5.8222,2.7202,6.2727,0.00,2.035,0.0000,0.0000,0.0000,0.0000,0.0000,0.000,0,SEARCH,-0.0822,0.0000,0.0000,0.0105
116083,static,5.8195,2.7226,6.2719,0.00,2.032,0.0000,0.0000,0.0000,0.0000,0.0000,0.000,0,SEARCH,-0.0820,0.0000,0.0000,0.0097
116183,static,5.8148,2.7246,6.2734,0.00,2.030,0.0000,0.0000,0.0000,0.0000,0.0000,0.000,0,SEARCH,-0.0816,0.0000,0.0000,0.0089
116290,static,5.8097,2.7270,6.2721,0.00,2.026,0.0000,0.0000,0.0000,0.0000,0.0000,0.000,0,SEARCH,-0.0811,0.0000,0.0000,0.0078
116383,static,5.8056,2.7306,6.2714,0.00,2.025,0.0000,0.0000,0.0000,0.0000,0.0000,0.000,0,SEARCH,-0.0806,0.0000,0.0000,0.0075
116483,static,5.8056,2.7351,6.2721,0.00,2.023,0.0000,0.0000,0.0000,0.0000,0.0000,0.000,0,SEARCH,-0.0805,0.0000,0.0000,0.0069
116583,static,5.8078,2.7410,6.2717,0.00,2.021,0.0000,0.0000,0.0000,0.0000,0.0000,0.000,0,SEARCH,-0.0807,0.0000,0.0000,0.0063
116683,static,5.8122,2.7449,6.2738,0.00,2.019,0.0000,0.0000,0.0000,0.0000,0.0000,0.000,0,SEARCH,-0.0811,0.0000,0.0000,0.0056
116788,static,5.8196,2.7495,6.2744,0.00,2.017,0.0000,0.0000,0.0000,0.0000,0.0000,0.000,0,SEARCH,-0.0816,0.0000,0.0000,0.0050
116884,static,5.8291,2.7515,6.2719,0.00,2.016,0.0000,0.0000,0.0000,0.0000,0.0000,0.000,0,SEARCH,-0.0826,0.0000,0.0000,0.0047
116989,static,5.8487,2.7538,6.2756,0.00,2.016,0.0000,0.0000,0.0000,0.0000,0.0000,0.000,0,SEARCH,-0.0845,0.0000,0.0000,0.0048
117090,static,5.8681,2.7539,6.2785,0.00,2.017,0.0000,0.0000,0.0000,0.0000,0.0000,0.000,0,SEARCH,-0.0860,0.0000,0.0000,0.0050
117183,static,5.8893,2.7536,6.2801,0.00,2.019,0.0000,0.0000,0.0000,0.0000,0.0000,0.000,0,SEARCH,-0.0885,0.0000,0.0000,0.0056
117283,static,5.9140,2.7536,6.2773,0.00,2.021,0.0000,0.0000,0.0000,0.0000,0.0000,0.000,0,SEARCH,-0.0909,0.0000,0.0000,0.0062
117383,static,5.9399,2.7531,6.2729,0.00,2.022,0.0000,0.0000,0.0000,0.0000,0.0000,0.000,0,SEARCH,-0.0935,0.0000,0.0000,0.0067
117483,static,5.9662,2.7535,6.2678,0.00,2.024,0.0000,0.0000,0.0000,0.0000,0.0000,0.000,0,SEARCH,-0.0961,0.0000,0.0000,0.0071
117591,static,5.9929,2.7546,6.2661,0.00,2.027,0.0000,0.0000,0.0000,0.0000,0.0000,0.000,0,SEARCH,-0.0982,0.0000,0.0000,0.0080
117687,static,6.0214,2.7558,6.2654,0.00,2.031,0.0000,0.0000,0.0000,0.0000,0.0000,0.000,0,SEARCH,-0.1010,0.0000,0.0000,0.0093
117788,static,6.0496,2.7573,6.2668,0.00,2.041,0.0000,0.0000,0.0000,0.0000,0.0000,0.000,0,SEARCH,-0.1044,0.0000,0.0000,0.0123
117887,static,6.0761,2.7587,6.2721,0.00,2.043,0.0000,0.0000,0.0000,0.0000,0.0000,0.000,0,SEARCH,-0.1071,0.0000,0.0000,0.0128
117986,static,6.1003,2.7603,6.2722,0.00,2.042,0.0000,0.0000,0.0000,0.0000,0.0000,0.000,0,SEARCH,-0.1091,0.0000,0.0000,0.0126
118085,static,6.1264,2.7628,6.2735,0.00,2.042,0.0000,0.0000,0.0000,0.0000,0.0000,0.000,0,SEARCH,-0.1116,0.0000,0.0000,0.0126
118188,static,6.1533,2.7657,6.2762,0.00,2.041,0.0000,0.0000,0.0000,0.0000,0.0000,0.000,0,SEARCH,-0.1148,0.0000,0.0000,0.0124
118294,static,6.1761,2.7685,6.2777,0.00,2.039,0.0000,0.0000,0.0000,0.0000,0.0000,0.000,0,SEARCH,-0.1170,0.0000,0.0000,0.0117
118383,static,6.2082,2.7720,6.2787,0.00,2.037,0.0000,0.0000,0.0000,0.0000,0.0000,0.000,0,SEARCH,-0.1203,0.0000,0.0000,0.0111
118484,static,6.2365,2.7767,6.2831,0.00,2.035,0.0000,0.0000,0.0000,0.0000,0.0000,0.000,0,SEARCH,-0.1225,0.0000,0.0000,0.0105
118583,static,6.2633,2.7821,0.0022,0.00,2.032,0.0000,0.0000,0.0000,0.0000,0.0000,0.000,0,SEARCH,-0.1258,0.0000,0.0000,0.0095
118685,static,6.2944,2.7881,0.0025,0.00,2.029,0.0000,0.0000,0.0000,0.0000,0.0000,0.000,0,SEARCH,-0.1282,0.0000,0.0000,0.0088
118785,static,6.3228,2.7934,0.0008,0.00,2.028,0.0000,0.0000,0.0000,0.0000,0.0000,0.000,0,SEARCH,-0.1317,0.0000,0.0000,0.0083
118883,static,6.3533,2.7984,6.2831,0.00,2.024,0.0000,0.0000,0.0000,0.0000,0.0000,0.000,0,SEARCH,-0.1347,0.0000,0.0000,0.0073
118991,static,6.3819,2.8016,6.2803,0.00,2.020,0.0000,0.0000,0.0000,0.0000,0.0000,0.000,0,SEARCH,-0.1377,0.0000,0.0000,0.0061
119089,static,6.4128,2.8052,6.2771,0.00,2.017,0.0000,0.0000,0.0000,0.0000,0.0000,0.000,0,SEARCH,-0.1400,0.0000,0.0000,0.0050
119186,static,6.4448,2.8065,6.2754,0.00,2.012,0.0000,0.0000,0.0000,0.0000,0.0000,0.000,0,SEARCH,-0.1439,0.0000,0.0000,0.0035
119286,static,6.4734,2.8087,6.2790,0.00,2.008,0.0000,0.0000,0.0000,0.0000,0.0000,0.000,0,SEARCH,-0.1473,0.0000,0.0000,0.0025
119386,static,6.5107,2.8088,6.2793,0.00,2.009,0.0000,0.0000,0.0000,0.0000,0.0000,0.000,0,SEARCH,-0.1505,0.0000,0.0000,0.0026
119484,static,6.5432,2.8074,0.0014,0.00,2.009,0.0000,0.0000,0.0000,0.0000,0.0000,0.000,0,SEARCH,-0.1537,0.0000,0.0000,0.0028
119584,static,6.5727,2.8039,0.0068,0.00,2.008,0.0000,0.0000,0.0000,0.0000,0.0000,0.000,0,SEARCH,-0.1561,0.0000,0.0000,0.0024
119684,static,6.6035,2.8017,0.0087,0.00,2.001,0.0000,0.0000,0.0000,0.0000,0.0000,0.000,0,SEARCH,-0.1592,0.0000,0.0000,0.0002
119789,static,6.6308,2.7979,0.0087,0.00,1.994,0.0000,0.0000,0.0000,0.0000,0.0000,0.000,0,SEARCH,-0.1620,0.0000,0.0000,-0.0018
119884,static,6.6575,2.7954,0.0063,0.00,1.985,0.0000,0.0000,0.0000,0.0000,0.0000,0.000,0,SEARCH,-0.1647,0.0000,0.0000,-0.0045
119983,static,6.6809,2.7919,0.0045,0.00,1.981,0.0000,0.0000,0.0000,0.0000,0.0000,0.000,0,SEARCH,-0.1676,0.0000,0.0000,-0.0057
120085,static,6.7047,2.7896,0.0055,0.00,1.973,0.0000,0.0000,0.0000,0.0000,0.0000,0.000,0,SEARCH,-0.1700,0.0000,0.0000,-0.0081
120183,static,6.7232,2.7865,0.0016,0.00,1.964,0.0000,0.0000,0.0000,0.0000,0.0000,0.000,0,SEARCH,-0.1720,0.0000,0.0000,-0.0108
120292,static,6.7395,2.7859,0.0034,0.00,1.956,0.0000,0.0000,0.0000,0.0000,0.0000,0.000,0,SEARCH,-0.1736,0.0000,0.0000,-0.0132
120383,static,6.7530,2.7851,0.0036,0.00,1.945,0.0000,0.0000,0.0000,0.0000,0.0000,0.000,0,SEARCH,-0.1751,0.0000,0.0000,-0.0166
120490,static,6.7714,2.7854,0.0040,0.00,1.940,0.0000,0.0000,0.0000,0.0000,0.0000,0.000,0,SEARCH,-0.1768,0.0000,0.0000,-0.0179
120586,static,6.7886,2.7859,0.0050,0.00,1.937,0.0000,0.0000,0.0000,0.0000,0.0000,0.000,0,SEARCH,-0.1782,0.0000,0.0000,-0.0189
120688,static,6.8065,2.7875,0.0051,0.00,1.932,0.0000,0.0000,0.0000,0.0000,0.0000,0.000,0,SEARCH,-0.1800,0.0000,0.0000,-0.0205
120783,static,6.8203,2.7895,0.0074,0.00,1.924,0.0000,0.0000,0.0000,0.0000,0.0000,0.000,0,SEARCH,-0.1818,0.0000,0.0000,-0.0228
120883,static,6.8333,2.7928,0.0070,0.00,1.917,0.0000,0.0000,0.0000,0.0000,0.0000,0.000,0,SEARCH,-0.1831,0.0000,0.0000,-0.0250
120987,static,6.8407,2.7954,0.0059,0.00,1.913,0.0000,0.0000,0.0000,0.0000,0.0000,0.000,0,SEARCH,-0.1839,0.0000,0.0000,-0.0260
121087,static,6.8501,2.7988,0.0076,0.00,1.908,0.0000,0.0000,0.0000,0.0000,0.0000,0.000,0,SEARCH,-0.1847,0.0000,0.0000,-0.0277
121183,static,6.8569,2.8026,0.0046,0.00,1.898,0.0000,0.0000,0.0000,0.0000,0.0000,0.000,0,SEARCH,-0.1856,0.0000,0.0000,-0.0306
121283,static,6.8639,2.8068,0.0013,0.00,1.886,0.0000,0.0000,0.0000,0.0000,0.0000,0.000,0,SEARCH,-0.1863,0.0000,0.0000,-0.0341
121391,static,6.8668,2.8102,6.2821,0.00,1.878,0.0000,0.0000,0.0000,0.0000,0.0000,0.000,0,SEARCH,-0.1866,0.0000,0.0000,-0.0366
121488,static,6.8678,2.8149,0.0018,0.00,1.873,0.0000,0.0000,0.0000,0.0000,0.0000,0.000,0,SEARCH,-0.1867,0.0000,0.0000,-0.0382
121584,static,6.8672,2.8214,6.2812,0.00,1.860,0.0000,0.0000,0.0000,0.0000,0.0000,0.000,0,SEARCH,-0.1867,0.0000,0.0000,-0.0421
121688,static,6.8681,2.8263,6.2814,0.00,1.852,0.0000,0.0000,0.0000,0.0000,0.0000,0.000,0,SEARCH,-0.1868,0.0000,0.0000,-0.0444
121783,static,6.8680,2.8322,6.2787,0.00,1.845,0.0000,0.0000,0.0000,0.0000,0.0000,0.000,0,SEARCH,-0.1868,0.0000,0.0000,-0.0466
121889,static,6.8684,2.8390,6.2782,0.00,1.839,0.0000,0.0000,0.0000,0.0000,0.0000,0.000,0,SEARCH,-0.1868,0.0000,0.0000,-0.0483
121983,static,6.8658,2.8468,6.2806,0.00,1.834,0.0000,0.0000,0.0000,0.0000,0.0000,0.000,0,SEARCH,-0.1867,0.0000,0.0000,-0.0498
122088,static,6.8613,2.8558,6.2803,0.00,1.825,0.0000,0.0000,0.0000,0.0000,0.0000,0.000,0,SEARCH,-0.1862,0.0000,0.0000,-0.0525
122188,static,6.8570,2.8662,6.2804,0.00,1.818,0.0000,0.0000,0.0000,0.0000,0.0000,0.000,0,SEARCH,-0.1859,0.0000,0.0000,-0.0547
122284,static,6.8496,2.8742,6.2821,0.00,1.811,0.0000,0.0000,0.0000,0.0000,0.0000,0.000,0,SEARCH,-0.1851,0.0000,0.0000,-0.0568
122386,static,6.8422,2.8826,6.2829,0.00,1.813,0.0000,0.0000,0.0000,0.0000,0.0000,0.000,0,SEARCH,-0.1845,0.0000,0.0000,-0.0562
122487,static,6.8343,2.8935,0.0008,0.00,1.812,0.0000,0.0000,0.0000,0.0000,0.0000,0.000,0,SEARCH,-0.1838,0.0000,0.0000,-0.0563
122588,static,6.8261,2.9045,0.0055,0.00,1.811,0.0000,0.0000,0.0000,0.0000,0.0000,0.000,0,SEARCH,-0.1828,0.0000,0.0000,-0.0568
122683,static,6.8186,2.9169,0.0087,0.00,1.807,0.0000,0.0000,0.0000,0.0000,0.0000,0.000,0,SEARCH,-0.1820,0.0000,0.0000,-0.0580
122783,static,6.8110,2.9293,0.0098,0.00,1.805,0.0000,0.0000,0.0000,0.0000,0.0000,0.000,0,SEARCH,-0.1812,0.0000,0.0000,-0.0585
122883,static,6.8004,2.9386,0.0112,0.00,1.802,0.0000,0.0000,0.0000,0.0000,0.0000,0.000,0,SEARCH,-0.1802,0.0000,0.0000,-0.0593
122983,static,6.7903,2.9488,0.0144,0.00,1.801,0.0000,0.0000,0.0000,0.0000,0.0000,0.000,0,SEARCH,-0.1792,0.0000,0.0000,-0.0597
123083,static,6.7793,2.9594,0.0134,0.00,1.798,0.0000,0.0000,0.0000,0.0000,0.0000,0.000,0,SEARCH,-0.1782,0.0000,0.0000,-0.0605
123187,static,6.7676,2.9706,0.0112,0.00,1.798,0.0000,0.0000,0.0000,0.0000,0.0000,0.000,0,SEARCH,-0.1772,0.0000,0.0000,-0.0607
123284,static,6.7530,2.9809,0.0098,0.00,1.799,0.0000,0.0000,0.0000,0.0000,0.0000,0.000,0,SEARCH,-0.1759,0.0000,0.0000,-0.0603
123389,static,6.7374,2.9920,0.0137,0.00,1.801,0.0000,0.0000,0.0000,0.0000,0.0000,0.000,0,SEARCH,-0.1741,0.0000,0.0000,-0.0597
123484,static,6.7214,3.0032,0.0126,0.00,1.799,0.0000,0.0000,0.0000,0.0000,0.0000,0.000,0,SEARCH,-0.1728,0.0000,0.0000,-0.0603
123587,static,6.7045,3.0152,0.0166,0.00,1.798,0.0000,0.0000,0.0000,0.0000,0.0000,0.000,0,SEARCH,-0.1711,0.0000,0.0000,-0.0607
123686,static,6.6880,3.0253,0.0166,0.00,1.797,0.0000,0.0000,0.0000,0.0000,0.0000,0.000,0,SEARCH,-0.1691,0.0000,0.0000,-0.0609
123787,static,6.6719,3.0362,0.0191,0.00,1.800,0.0000,0.0000,0.0000,0.0000,0.0000,0.000,0,SEARCH,-0.1678,0.0000,0.0000,-0.0601
123883,static,6.6517,3.0486,0.0172,0.00,1.803,0.0000,0.0000,0.0000,0.0000,0.0000,0.000,0,SEARCH,-0.1656,0.0000,0.0000,-0.0591
123989,static,6.6335,3.0601,0.0150,0.00,1.808,0.0000,0.0000,0.0000,0.0000,0.0000,0.000,0,SEARCH,-0.1640,0.0000,0.0000,-0.0575
124087,static,6.6153,3.0713,0.0139,0.00,1.812,0.0000,0.0000,0.0000,0.0000,0.0000,0.000,0,SEARCH,-0.1625,0.0000,0.0000,-0.0563
124188,static,6.5985,3.0830,0.0098,0.00,1.819,0.0000,0.0000,0.0000,0.0000,0.0000,0.000,0,SEARCH,-0.1602,0.0000,0.0000,-0.0544
124284,static,6.5823,3.0952,0.0099,0.00,1.824,0.0000,0.0000,0.0000,0.0000,0.0000,0.000,0,SEARCH,-0.1589,0.0000,0.0000,-0.0527
124388,static,6.5677,3.1076,0.0074,0.00,1.830,0.0000,0.0000,0.0000,0.0000,0.0000,0.000,0,SEARCH,-0.1574,0.0000,0.0000,-0.0511
124483,static,6.5529,3.1204,0.0085,0.00,1.837,0.0000,0.0000,0.0000,0.0000,0.0000,0.000,0,SEARCH,-0.1556,0.0000,0.0000,-0.0488
124584,static,6.5387,3.1339,0.0085,0.00,1.840,0.0000,0.0000,0.0000,0.0000,0.0000,0.000,0,SEARCH,-0.1544,0.0000,0.0000,-0.0480
124683,static,6.5269,3.1498,0.0090,0.00,1.840,0.0000,0.0000,0.0000,0.0000,0.0000,0.000,0,SEARCH,-0.1529,0.0000,0.0000,-0.0479
124799,static,6.5165,3.1658,0.0076,0.00,1.837,0.0000,0.0000,0.0000,0.0000,0.0000,0.000,0,SEARCH,-0.1519,0.0000,0.0000,-0.0488
124892,static,6.5047,3.1811,0.0063,0.00,1.837,0.0000,0.0000,0.0000,0.0000,0.0000,0.000,0,SEARCH,-0.1507,0.0000,0.0000,-0.0488
124983,static,6.4941,3.1968,0.0045,0.00,1.836,0.0000,0.0000,0.0000,0.0000,0.0000,0.000,0,SEARCH,-0.1496,0.0000,0.0000,-0.0491
125088,static,6.4848,3.2124,0.0030,0.00,1.835,0.0000,0.0000,0.0000,0.0000,0.0000,0.000,0,SEARCH,-0.1488,0.0000,0.0000,-0.0495
125185,static,6.4765,3.2276,0.0041,0.00,1.834,0.0000,0.0000,0.0000,0.0000,0.0000,0.000,0,SEARCH,-0.1480,0.0000,0.0000,-0.0498
125283,static,6.4663,3.2416,0.0024,0.00,1.833,0.0000,0.0000,0.0000,0.0000,0.0000,0.000,0,SEARCH,-0.1468,0.0000,0.0000,-0.0501
125384,static,6.4572,3.2557,6.2807,0.00,1.834,0.0000,0.0000,0.0000,0.0000,0.0000,0.000,0,SEARCH,-0.1461,0.0000,0.0000,-0.0497
125484,static,6.4463,3.2718,6.2736,0.00,1.839,0.0000,0.0000,0.0000,0.0000,0.0000,0.000,0,SEARCH,-0.1448,0.0000,0.0000,-0.0484
125584,static,6.4362,3.2889,6.2692,0.00,1.842,0.0000,0.0000,0.0000,0.0000,0.0000,0.000,0,SEARCH,-0.1438,0.0000,0.0000,-0.0475
125684,static,6.4285,3.3093,6.2678,0.00,1.842,0.0000,0.0000,0.0000,0.0000,0.0000,0.000,0,SEARCH,-0.1430,0.0000,0.0000,-0.0474
125784,static,6.4226,3.3309,6.2693,0.00,1.839,0.0000,0.0000,0.0000,0.0000,0.0000,0.000,0,SEARCH,-0.1424,0.0000,0.0000,-0.0484
125887,static,6.4163,3.3543,6.2735,0.00,1.839,0.0000,0.0000,0.0000,0.0000,0.0000,0.000,0,SEARCH,-0.1419,0.0000,0.0000,-0.0483
125984,static,6.4100,3.3772,6.2800,0.00,1.841,0.0000,0.0000,0.0000,0.0000,0.0000,0.000,0,SEARCH,-0.1411,0.0000,0.0000,-0.0477
126084,static,6.4043,3.3990,0.0051,0.00,1.844,0.0000,0.0000,0.0000,0.0000,0.0000,0.000,0,SEARCH,-0.1406,0.0000,0.0000,-0.0468
126184,static,6.3986,3.4187,0.0149,0.00,1.848,0.0000,0.0000,0.0000,0.0000,0.0000,0.000,0,SEARCH,-0.1400,0.0000,0.0000,-0.0455
126283,static,6.3906,3.4347,0.0224,0.00,1.849,0.0000,0.0000,0.0000,0.0000,0.0000,0.000,0,SEARCH,-0.1392,0.0000,0.0000,-0.0452
126383,static,6.3815,3.4473,0.0333,0.00,1.853,0.0000,0.0000,0.0000,0.0000,0.0000,0.000,0,SEARCH,-0.1383,0.0000,0.0000,-0.0441
126483,static,6.3730,3.4585,0.0379,0.00,1.856,0.0000,0.0000,0.0000,0.0000,0.0000,0.000,0,SEARCH,-0.1375,0.0000,0.0000,-0.0432
126583,static,6.3648,3.4688,0.0394,0.00,1.859,0.0000,0.0000,0.0000,0.0000,0.0000,0.000,0,SEARCH,-0.1367,0.0000,0.0000,-0.0422
126683,static,6.3576,3.4762,0.0413,0.00,1.864,0.0000,0.0000,0.0000,0.0000,0.0000,0.000,0,SEARCH,-0.1359,0.0000,0.0000,-0.0407
126783,static,6.3506,3.4841,0.0406,0.00,1.867,0.0000,0.0000,0.0000,0.0000,0.0000,0.000,0,SEARCH,-0.1352,0.0000,0.0000,-0.0400
126885,static,6.3438,3.4901,0.0395,0.00,1.869,0.0000,0.0000,0.0000,0.0000,0.0000,0.000,0,SEARCH,-0.1345,0.0000,0.0000,-0.0393
126988,static,6.3357,3.4946,0.0380,0.00,1.871,0.0000,0.0000,0.0000,0.0000,0.0000,0.000,0,SEARCH,-0.1337,0.0000,0.0000,-0.0387
127084,static,6.3227,3.4968,0.0371,0.00,1.873,0.0000,0.0000,0.0000,0.0000,0.0000,0.000,0,SEARCH,-0.1328,0.0000,0.0000,-0.0381
127194,static,6.3087,3.4987,0.0289,0.00,1.877,0.0000,0.0000,0.0000,0.0000,0.0000,0.000,0,SEARCH,-0.1314,0.0000,0.0000,-0.0368
127283,static,6.2940,3.4981,0.0264,0.00,1.881,0.0000,0.0000,0.0000,0.0000,0.0000,0.000,0,SEARCH,-0.1297,0.0000,0.0000,-0.0358
127383,static,6.2797,3.4987,0.0144,0.00,1.883,0.0000,0.0000,0.0000,0.0000,0.0000,0.000,0,SEARCH,-0.1283,0.0000,0.0000,-0.0352
127483,static,6.2663,3.4973,0.0113,0.00,1.885,0.0000,0.0000,0.0000,0.0000,0.0000,0.000,0,SEARCH,-0.1269,0.0000,0.0000,-0.0345
127584,static,6.2534,3.4976,0.0056,0.00,1.886,0.0000,0.0000,0.0000,0.0000,0.0000,0.000,0,SEARCH,-0.1256,0.0000,0.0000,-0.0343
127683,static,6.2399,3.4961,0.0048,0.00,1.886,0.0000,0.0000,0.0000,0.0000,0.0000,0.000,0,SEARCH,-0.1243,0.0000,0.0000,-0.0343
127783,static,6.2264,3.4952,0.0034,0.00,1.887,0.0000,0.0000,0.0000,0.0000,0.0000,0.000,0,SEARCH,-0.1229,0.0000,0.0000,-0.0339
127883,static,6.2152,3.4938,6.2821,0.00,1.887,0.0000,0.0000,0.0000,0.0000,0.0000,0.000,0,SEARCH,-0.1218,0.0000,0.0000,-0.0338
127984,static,6.2032,3.4938,6.2791,0.00,1.889,0.0000,0.0000,0.0000,0.0000,0.0000,0.000,0,SEARCH,-0.1208,0.0000,0.0000,-0.0333
128086,static,6.1891,3.4925,6.2769,0.00,1.892,0.0000,0.0000,0.0000,0.0000,0.0000,0.000,0,SEARCH,-0.1195,0.0000,0.0000,-0.0325
128184,static,6.1738,3.4925,6.2741,0.00,1.897,0.0000,0.0000,0.0000,0.0000,0.0000,0.000,0,SEARCH,-0.1177,0.0000,0.0000,-0.0308
128283,static,6.1585,3.4906,6.2708,0.00,1.900,0.0000,0.0000,0.0000,0.0000,0.0000,0.000,0,SEARCH,-0.1162,0.0000,0.0000,-0.0300
128383,static,6.1434,3.4906,6.2659,0.00,1.903,0.0000,0.0000,0.0000,0.0000,0.0000,0.000,0,SEARCH,-0.1146,0.0000,0.0000,-0.0291
128483,static,6.1288,3.4893,6.2598,0.00,1.905,0.0000,0.0000,0.0000,0.0000,0.0000,0.000,0,SEARCH,-0.1132,0.0000,0.0000,-0.0284
128583,static,6.1137,3.4906,6.2604,0.00,1.909,0.0000,0.0000,0.0000,0.0000,0.0000,0.000,0,SEARCH,-0.1117,0.0000,0.0000,-0.0272
128685,static,6.0966,3.4935,6.2567,0.00,1.910,0.0000,0.0000,0.0000,0.0000,0.0000,0.000,0,SEARCH,-0.1103,0.0000,0.0000,-0.0269
128786,static,6.0796,3.4984,6.2593,0.00,1.913,0.0000,0.0000,0.0000,0.0000,0.0000,0.000,0,SEARCH,-0.1086,0.0000,0.0000,-0.0260
128886,static,6.0649,3.5036,6.2589,0.00,1.916,0.0000,0.0000,0.0000,0.0000,0.0000,0.000,0,SEARCH,-0.1068,0.0000,0.0000,-0.0252
128993,static,6.0510,3.5108,6.2635,0.00,1.921,0.0000,0.0000,0.0000,0.0000,0.0000,0.000,0,SEARCH,-0.1057,0.0000,0.0000,-0.0238
129096,static,6.0341,3.5175,6.2651,0.00,1.923,0.0000,0.0000,0.0000,0.0000,0.0000,0.000,0,SEARCH,-0.1041,0.0000,0.0000,-0.0231
129184,static,6.0188,3.5246,6.2715,0.00,1.921,0.0000,0.0000,0.0000,0.0000,0.0000,0.000,0,SEARCH,-0.1022,0.0000,0.0000,-0.0236
129284,static,6.0067,3.5284,6.2809,0.00,1.915,0.0000,0.0000,0.0000,0.0000,0.0000,0.000,0,SEARCH,-0.1009,0.0000,0.0000,-0.0256
129384,static,5.9947,3.5334,0.0032,0.00,1.907,0.0000,0.0000,0.0000,0.0000,0.0000,0.000,0,SEARCH,-0.0997,0.0000,0.0000,-0.0280
129484,static,5.9835,3.5385,0.0008,0.00,1.905,0.0000,0.0000,0.0000,0.0000,0.0000,0.000,0,SEARCH,-0.0986,0.0000,0.0000,-0.0284
129584,static,5.9741,3.5458,0.0009,0.00,1.906,0.0000,0.0000,0.0000,0.0000,0.0000,0.000,0,SEARCH,-0.0976,0.0000,0.0000,-0.0282
129684,static,5.9677,3.5527,6.2780,69.53,1.902,-1.9600,-0.2451,1.9752,-1.9588,-0.2541,0.000,1,SEARCH,-0.0969,0.0000,0.0000,-0.0293
129787,static,5.9642,3.5621,6.2798,69.53,1.903,-1.9600,-0.2451,1.9752,-1.9590,-0.2526,0.000,1,SEARCH,-0.0965,0.0000,0.0000,-0.0290
129892,static,5.9622,3.5688,6.2759,72.64,1.902,-1.9475,-0.2689,1.9659,-1.9454,-0.2837,0.000,1,SEARCH,-0.0963,0.0000,0.0000,-0.0294
129987,static,5.9604,3.5748,6.2731,0.00,1.903,0.0000,0.0000,0.0000,0.0000,0.0000,0.000,0,SEARCH,-0.0961,0.0000,0.0000,-0.0291
130085,static,5.9547,3.5831,6.2699,74.21,1.904,-1.9624,-0.3000,1.9852,-1.9584,-0.3252,0.000,1,SEARCH,-0.0956,0.0000,0.0000,-0.0287
130187,static,5.9496,3.5897,6.2674,0.00,1.893,0.0000,0.0000,0.0000,0.0000,0.0000,0.000,0,SEARCH,-0.0951,0.0000,0.0000,-0.0320
130287,static,5.9456,3.5935,6.2637,0.00,1.887,0.0000,0.0000,0.0000,0.0000,0.0000,0.000,0,SEARCH,-0.0947,0.0000,0.0000,-0.0339
130385,static,5.9425,3.5967,6.2627,0.00,1.888,0.0000,0.0000,0.0000,0.0000,0.0000,0.000,0,SEARCH,-0.0943,0.0000,0.0000,-0.0336
130489,static,5.9395,3.5990,6.2629,82.76,1.890,-1.8187,-0.3693,1.8558,-1.8107,-0.4067,0.000,1,SEARCH,-0.0940,0.0000,0.0000,-0.0330
130585,static,5.9373,3.6028,6.2644,84.60,1.892,-1.7844,-0.3714,1.8226,-1.7775,-0.4031,0.000,1,SEARCH,-0.0937,0.0000,0.0000,-0.0325
130683,static,5.9369,3.6067,6.2673,84.60,1.891,-1.7844,-0.3714,1.8226,-1.7778,-0.4017,0.000,1,SEARCH,-0.0937,0.0000,0.0000,-0.0328
130784,static,5.9373,3.6121,6.2669,84.60,1.887,-1.7844,-0.3714,1.8226,-1.7785,-0.3987,0.000,1,SEARCH,-0.0937,0.0000,0.0000,-0.0338
130884,static,5.9377,3.6159,6.2638,84.60,1.892,-1.7844,-0.3714,1.8226,-1.7768,-0.4062,0.000,1,SEARCH,-0.0937,0.0000,0.0000,-0.0324
130984,static,5.9409,3.6200,6.2559,84.60,1.895,-1.7844,-0.3714,1.8226,-1.7747,-0.4153,0.000,1,SEARCH,-0.0940,0.0000,0.0000,-0.0315
131085,static,5.9458,3.6259,6.2461,84.60,1.896,-1.7844,-0.3714,1.8226,-1.7717,-0.4277,0.000,1,SEARCH,-0.0944,0.0000,0.0000,-0.0313
131186,static,5.9532,3.6321,6.2437,94.81,1.895,-1.7841,-0.3386,1.8159,-1.7696,-0.4074,0.000,1,SEARCH,-0.0950,0.0000,0.0000,-0.0316
131289,static,5.9594,3.6419,6.2451,95.52,1.897,-1.7556,-0.3462,1.7895,-1.7411,-0.4134,0.000,1,SEARCH,-0.0958,0.0000,0.0000,-0.0310
131390,static,5.9669,3.6544,6.2535,95.52,1.901,-1.7556,-0.3462,1.7895,-1.7438,-0.4016,0.000,1,SEARCH,-0.0965,0.0000,0.0000,-0.0298
131485,static,5.9724,3.6685,6.2627,95.73,1.902,-1.7993,-0.3973,1.8426,-1.7904,-0.4356,0.000,1,SEARCH,-0.0971,0.0000,0.0000,-0.0295
131586,static,5.9794,3.6834,6.2745,94.44,1.902,-1.8190,-0.4473,1.8732,-1.8128,-0.4717,0.000,1,SEARCH,-0.0977,0.0000,0.0000,-0.0293
131685,static,5.9834,3.6975,6.2786,95.16,1.900,-1.8522,-0.5822,1.9416,-1.8481,-0.5951,0.000,1,SEARCH,-0.0982,0.0000,0.0000,-0.0300
131790,static,5.9874,3.7119,6.2815,94.20,1.901,-1.8803,-0.6350,1.9846,-1.8779,-0.6420,0.000,1,SEARCH,-0.0986,0.0000,0.0000,-0.0297
131890,static,5.9915,3.7280,6.2810,94.47,1.907,-1.8727,-0.7043,2.0007,-1.8717,-0.7069,0.000,1,SEARCH,-0.0990,0.0000,0.0000,-0.0279
131988,static,5.9960,3.7445,6.2805,94.49,1.909,-1.8723,-0.7144,2.0040,-1.8715,-0.7168,0.000,1,SEARCH,-0.0994,0.0000,0.0000,-0.0273
132085,static,6.0013,3.7632,6.2824,94.22,1.915,-1.9102,-0.7078,2.0371,-1.9089,-0.7114,0.000,1,SEARCH,-0.1000,0.0000,0.0000,-0.0254
132189,static,6.0080,3.7832,0.0008,94.22,1.922,-1.9102,-0.7078,2.0371,-1.9106,-0.7069,0.000,1,SEARCH,-0.1007,0.0000,0.0000,-0.0235
132284,static,6.0159,3.8055,0.0012,94.22,1.926,-1.9102,-0.7078,2.0371,-1.9119,-0.7033,0.000,1,SEARCH,-0.1013,0.0000,0.0000,-0.0223
132386,static,6.0235,3.8268,0.0015,94.36,1.932,-1.9669,-0.8298,2.1347,-1.9690,-0.8247,0.000,1,SEARCH,-0.1020,0.0000,0.0000,-0.0204
132485,static,6.0342,3.8488,0.0018,0.00,1.938,0.0000,0.0000,0.0000,0.0000,0.0000,0.000,0,SEARCH,-0.1030,0.0000,0.0000,-0.0185
132588,static,6.0430,3.8702,0.0048,0.00,1.946,0.0000,0.0000,0.0000,0.0000,0.0000,0.000,0,SEARCH,-0.1040,0.0000,0.0000,-0.0161
132685,static,6.0482,3.8822,0.0058,0.00,1.950,0.0000,0.0000,0.0000,0.0000,0.0000,0.000,0,DONE,-0.1040,0.0000,0.0000,-0.0161
