time_ms,scenario,drone_x,drone_y,drone_yaw_rad,rotation_error_deg,altitude_m,pixel_err_x,pixel_err_y,ground_err_m,forward_err_m,lateral_err_m,gimbal_norm,locked,state,last_cmd_pitch,last_cmd_roll,last_cmd_yaw_vel,last_cmd_thrust
52,dynamic,-0.2083,0.0878,0.0537,45.96,2.000,-1.3051,1.9387,2.3371,-1.1978,2.0068,0.000,1,SEARCH,0.0000,0.0000,0.0000,-0.0000
152,dynamic,-0.2054,0.0912,0.0502,45.96,2.000,-1.3051,1.9387,2.3371,-1.2026,2.0039,0.000,1,SEARCH,0.0000,0.0000,0.0000,-0.0000
252,dynamic,-0.2014,0.0922,0.0463,45.96,2.000,-1.3051,1.9387,2.3371,-1.2114,1.9986,0.000,1,SEARCH,0.0000,0.0000,0.0000,-0.0000
352,dynamic,-0.1975,0.0939,0.0451,45.96,2.000,-1.3051,1.9387,2.3371,-1.2155,1.9961,0.000,1,SEARCH,0.0000,0.0000,0.0000,-0.0000
452,dynamic,-0.1919,0.0964,0.0439,45.96,2.000,-1.3051,1.9387,2.3371,-1.2176,1.9948,0.000,1,SEARCH,0.0000,0.0000,0.0000,-0.0000
552,dynamic,-0.1894,0.0992,0.0445,45.96,2.000,-1.3051,1.9387,2.3371,-1.2189,1.9940,0.000,1,SEARCH,0.0000,0.0000,0.0000,-0.0000
652,dynamic,-0.1867,0.0991,0.0490,45.96,2.000,-1.3051,1.9387,2.3371,-1.2128,1.9978,0.000,1,SEARCH,0.0000,0.0000,0.0000,-0.0000
752,dynamic,-0.1835,0.0972,0.0503,45.96,2.000,-1.3051,1.9387,2.3371,-1.2053,2.0023,0.000,1,SEARCH,0.0000,0.0000,0.0000,-0.0000
855,dynamic,-0.1793,0.0942,0.0481,45.96,2.000,-1.3051,1.9387,2.3371,-1.2093,1.9999,0.000,1,SEARCH,0.0000,0.0000,0.0000,-0.0000
952,dynamic,-0.1724,0.0917,0.0450,45.18,2.000,-1.0218,2.0292,2.2720,-0.9272,2.0741,0.000,1,SEARCH,0.0000,0.0000,0.0000,-0.0000
1052,dynamic,-0.1693,0.0914,0.0586,45.18,2.000,-1.0218,2.0292,2.2720,-0.9199,2.0774,0.000,1,SEARCH,0.0000,0.0000,0.0000,-0.0000
1152,dynamic,-0.1682,0.0907,0.0863,45.18,2.000,-1.0218,2.0292,2.2720,-0.8682,2.0995,0.000,1,SEARCH,0.0000,0.0000,0.0000,-0.0000
1253,dynamic,-0.1655,0.0910,0.1056,45.18,2.000,-1.0218,2.0292,2.2720,-0.8125,2.1217,0.000,1,SEARCH,0.0000,0.0000,0.0000,-0.0000
1352,dynamic,-0.1589,0.0914,0.1051,45.18,2.000,-1.0218,2.0292,2.2720,-0.7966,2.1277,0.000,1,SEARCH,0.0000,0.0000,0.0000,-0.0000
1453,dynamic,-0.1498,0.0939,0.0868,45.18,2.000,-1.0218,2.0292,2.2720,-0.8238,2.1173,0.000,1,SEARCH,0.0000,0.0000,0.0000,-0.0000
1553,dynamic,-0.1398,0.0974,0.0673,45.18,2.000,-1.0218,2.0292,2.2720,-0.8701,2.0987,0.000,1,SEARCH,0.0000,0.0000,0.0000,-0.0000
1652,dynamic,-0.1266,0.1033,0.0607,45.18,2.000,-1.0218,2.0292,2.2720,-0.8933,2.0890,0.000,1,SEARCH,0.0000,0.0000,0.0000,-0.0000
1756,dynamic,-0.1050,0.1140,0.0361,45.18,2.000,-1.0218,2.0292,2.2720,-0.9235,2.0758,0.000,1,SEARCH,0.0000,0.0000,0.0000,-0.0000
1853,dynamic,-0.0888,0.1214,0.0158,43.41,2.000,-1.0368,1.8355,2.1081,-0.9979,1.8569,0.000,1,SEARCH,0.0000,0.0000,0.0000,-0.0000
1952,dynamic,-0.0701,0.1321,0.0101,43.41,2.000,-1.0368,1.8355,2.1081,-1.0134,1.8485,0.000,1,SEARCH,0.0000,0.0000,0.0000,-0.0000
2052,dynamic,-0.0509,0.1460,6.2831,43.41,2.000,-1.0368,1.8355,2.1081,-1.0290,1.8399,0.000,1,SEARCH,0.0000,0.0000,0.0000,-0.0000
2153,dynamic,-0.0330,0.1586,0.0024,43.41,2.000,-1.0368,1.8355,2.1081,-1.0385,1.8346,0.000,1,SEARCH,0.0000,0.0000,0.0000,-0.0000
2252,dynamic,-0.0203,0.1720,0.0143,43.41,2.000,-1.0368,1.8355,2.1081,-1.0185,1.8457,0.000,1,SEARCH,0.0000,0.0000,0.0000,-0.0000
2352,dynamic,-0.0123,0.1844,0.0165,43.41,2.000,-1.0368,1.8355,2.1081,-1.0068,1.8521,0.000,1,SEARCH,0.0000,0.0000,0.0000,-0.0000
2456,dynamic,-0.0030,0.1916,0.0248,43.41,2.000,-1.0368,1.8355,2.1081,-1.0027,1.8544,0.000,1,SEARCH,0.0000,0.0000,0.0000,-0.0000
2552,dynamic,0.0095,0.1989,0.0396,42.82,2.000,-0.8149,1.7212,1.9044,-0.7573,1.7473,0.000,1,SEARCH,0.0000,0.0000,0.0000,-0.0000
2652,dynamic,0.0229,0.2048,0.0495,42.82,2.000,-0.8149,1.7212,1.9044,-0.7324,1.7579,0.000,1,SEARCH,0.0000,0.0000,0.0000,-0.0000
2752,dynamic,0.0340,0.2084,0.0502,42.82,2.000,-0.8149,1.7212,1.9044,-0.7268,1.7602,0.000,1,SEARCH,0.0000,0.0000,0.0000,-0.0000
2852,dynamic,0.0426,0.2096,0.0421,42.82,2.000,-0.8149,1.7212,1.9044,-0.7345,1.7570,0.000,1,SEARCH,0.0000,0.0000,0.0000,-0.0000
2952,dynamic,0.0493,0.2079,0.0372,42.82,2.000,-0.8149,1.7212,1.9044,-0.7498,1.7506,0.000,1,SEARCH,0.0000,0.0000,0.0000,-0.0000
3052,dynamic,0.0555,0.2047,0.0416,42.82,2.000,-0.8149,1.7212,1.9044,-0.7452,1.7525,0.000,1,SEARCH,0.0000,0.0000,0.0000,-0.0000
3160,dynamic,0.0624,0.2047,0.0399,42.82,2.000,-0.8149,1.7212,1.9044,-0.7430,1.7535,0.000,1,SEARCH,0.0000,0.0000,0.0000,-0.0000
3252,dynamic,0.0701,0.2044,0.0313,43.53,2.000,-0.7017,1.6752,1.8162,-0.6398,1.6998,0.000,1,SEARCH,0.0000,0.0000,0.0000,-0.0000
3352,dynamic,0.0744,0.2010,0.0117,43.53,2.000,-0.7017,1.6752,1.8162,-0.6670,1.6893,0.000,1,SEARCH,0.0000,0.0000,0.0000,-0.0000
3452,dynamic,0.0786,0.1953,6.2785,43.53,2.000,-0.7017,1.6752,1.8162,-0.7010,1.6755,0.000,1,SEARCH,0.0000,0.0000,0.0000,-0.0000
3552,dynamic,0.0847,0.1957,6.2737,43.53,2.000,-0.7017,1.6752,1.8162,-0.7157,1.6692,0.000,1,SEARCH,0.0000,0.0000,0.0000,-0.0000
3652,dynamic,0.0971,0.2004,6.2767,43.53,2.000,-0.7017,1.6752,1.8162,-0.7176,1.6684,0.000,1,SEARCH,0.0000,0.0000,0.0000,-0.0000
3752,dynamic,0.1154,0.2066,0.0031,43.53,2.000,-0.7017,1.6752,1.8162,-0.7001,1.6759,0.000,1,SEARCH,0.0000,0.0000,0.0000,-0.0000
3853,dynamic,0.1405,0.2164,6.2810,43.53,2.000,-0.7017,1.6752,1.8162,-0.6993,1.6762,0.000,1,SEARCH,0.0000,0.0000,0.0000,-0.0000
3961,dynamic,0.1664,0.2246,6.2647,43.53,2.000,-0.7017,1.6752,1.8162,-0.7211,1.6669,0.000,1,SEARCH,0.0000,0.0000,0.0000,-0.0000
4052,dynamic,0.1915,0.2300,6.2589,44.37,2.000,-0.6106,1.5472,1.6633,-0.6468,1.5324,0.000,1,SEARCH,0.0000,0.0000,0.0000,-0.0000
4152,dynamic,0.2126,0.2385,6.2759,44.37,2.000,-0.6106,1.5472,1.6633,-0.6360,1.5369,0.000,1,SEARCH,0.0000,0.0000,0.0000,-0.0000
4253,dynamic,0.2301,0.2449,0.0174,44.37,2.000,-0.6106,1.5472,1.6633,-0.5981,1.5520,0.000,1,SEARCH,0.0000,0.0000,0.0000,-0.0000
4352,dynamic,0.2456,0.2472,0.0398,44.37,2.000,-0.6106,1.5472,1.6633,-0.5623,1.5654,0.000,1,SEARCH,0.0000,0.0000,0.0000,-0.0000
4452,dynamic,0.2603,0.2476,0.0570,44.37,2.000,-0.6106,1.5472,1.6633,-0.5305,1.5764,0.000,1,SEARCH,0.0000,0.0000,0.0000,-0.0000
4552,dynamic,0.2748,0.2482,0.0533,44.37,2.000,-0.6106,1.5472,1.6633,-0.5193,1.5802,0.000,1,SEARCH,0.0000,0.0000,0.0000,-0.0000
4652,dynamic,0.2911,0.2470,0.0319,44.37,2.000,-0.6106,1.5472,1.6633,-0.5466,1.5709,0.000,1,SEARCH,0.0000,0.0000,0.0000,-0.0000
4752,dynamic,0.3061,0.2423,0.0167,44.37,2.000,-0.6106,1.5472,1.6633,-0.5762,1.5603,0.000,1,SEARCH,0.0000,0.0000,0.0000,-0.0000
4853,dynamic,0.3178,0.2347,0.0131,44.48,2.000,-0.5136,1.5555,1.6381,-0.4938,1.5619,0.000,1,SEARCH,0.0000,0.0000,0.0000,-0.0000
4952,dynamic,0.3294,0.2247,0.0199,44.48,2.000,-0.5136,1.5555,1.6381,-0.4884,1.5636,0.000,1,SEARCH,0.0000,0.0000,0.0000,-0.0000
5053,dynamic,0.3426,0.2152,0.0317,44.48,2.000,-0.5136,1.5555,1.6381,-0.4721,1.5686,0.000,1,SEARCH,0.0000,0.0000,0.0000,-0.0000
5152,dynamic,0.3573,0.2071,0.0402,44.48,2.000,-0.5136,1.5555,1.6381,-0.4536,1.5741,0.000,1,SEARCH,0.0000,0.0000,0.0000,-0.0000
5252,dynamic,0.3756,0.1965,0.0424,44.48,2.000,-0.5136,1.5555,1.6381,-0.4494,1.5752,0.000,1,SEARCH,0.0000,0.0000,0.0000,-0.0000
5353,dynamic,0.3927,0.1877,0.0596,44.48,2.000,-0.5136,1.5555,1.6381,-0.4350,1.5793,0.000,1,SEARCH,0.0000,0.0000,0.0000,-0.0000
5452,dynamic,0.4087,0.1806,0.0942,44.48,2.000,-0.5136,1.5555,1.6381,-0.3928,1.5903,0.000,1,SEARCH,0.0000,0.0000,0.0000,-0.0000
5557,dynamic,0.4244,0.1729,0.1358,44.48,2.000,-0.5136,1.5555,1.6381,-0.3233,1.6059,0.000,1,SEARCH,0.0000,0.0000,0.0000,-0.0000
5652,dynamic,0.4451,0.1666,0.1654,43.86,2.000,-0.5314,1.4625,1.5560,-0.3008,1.5267,0.000,1,SEARCH,0.0000,0.0000,0.0000,-0.0000
5752,dynamic,0.4683,0.1643,0.1754,43.86,2.000,-0.5314,1.4625,1.5560,-0.2723,1.5320,0.000,1,SEARCH,0.0000,0.0000,0.0000,-0.0000
5852,dynamic,0.4897,0.1676,0.1828,43.86,2.000,-0.5314,1.4625,1.5560,-0.2606,1.5341,0.000,1,SEARCH,0.0000,0.0000,0.0000,-0.0000
5952,dynamic,0.5082,0.1672,0.1881,43.86,2.000,-0.5314,1.4625,1.5560,-0.2521,1.5355,0.000,1,SEARCH,0.0000,0.0000,0.0000,-0.0000
6052,dynamic,0.5228,0.1634,0.1899,43.86,2.000,-0.5314,1.4625,1.5560,-0.2456,1.5365,0.000,1,SEARCH,0.0000,0.0000,0.0000,-0.0000
6152,dynamic,0.5343,0.1602,0.1909,43.86,2.000,-0.5314,1.4625,1.5560,-0.2457,1.5365,0.000,1,SEARCH,0.0000,0.0000,0.0000,-0.0000
6252,dynamic,0.5444,0.1578,0.1912,43.86,2.000,-0.5314,1.4625,1.5560,-0.2420,1.5371,0.000,1,SEARCH,0.0000,0.0000,0.0000,-0.0000
6352,dynamic,0.5590,0.1572,0.1821,43.86,2.000,-0.5314,1.4625,1.5560,-0.2505,1.5357,0.000,1,SEARCH,0.0000,0.0000,0.0000,-0.0000
6452,dynamic,0.5762,0.1621,0.1660,43.86,2.000,-0.5314,1.4625,1.5560,-0.2735,1.5318,0.000,1,SEARCH,0.0000,0.0000,0.0000,-0.0000
6552,dynamic,0.5933,0.1711,0.1643,43.86,2.000,-0.5314,1.4625,1.5560,-0.2872,1.5293,0.000,1,SEARCH,0.0000,0.0000,0.0000,-0.0000
6652,dynamic,0.6068,0.1785,0.1625,43.86,2.000,-0.5314,1.4625,1.5560,-0.2838,1.5299,0.000,1,SEARCH,0.0000,0.0000,0.0000,-0.0000
6752,dynamic,0.6196,0.1810,0.1538,43.86,2.000,-0.5314,1.4625,1.5560,-0.2953,1.5278,0.000,1,SEARCH,0.0000,0.0000,0.0000,-0.0000
6852,dynamic,0.6299,0.1828,0.1441,43.86,2.000,-0.5314,1.4625,1.5560,-0.3093,1.5250,0.000,1,SEARCH,0.0000,0.0000,0.0000,-0.0000
6953,dynamic,0.6420,0.1859,0.1321,43.86,2.000,-0.5314,1.4625,1.5560,-0.3266,1.5214,0.000,1,SEARCH,0.0000,0.0000,0.0000,-0.0000
7053,dynamic,0.6572,0.1931,0.1105,43.86,2.000,-0.5314,1.4625,1.5560,-0.3508,1.5160,0.000,1,SEARCH,0.0000,0.0000,0.0000,-0.0000
7153,dynamic,0.6748,0.2017,0.0822,43.86,2.000,-0.5314,1.4625,1.5560,-0.3932,1.5055,0.000,1,SEARCH,0.0000,0.0000,0.0000,-0.0000
7252,dynamic,0.6924,0.2054,0.0649,43.86,2.000,-0.5314,1.4625,1.5560,-0.4283,1.4959,0.000,1,SEARCH,0.0000,0.0000,0.0000,-0.0000
7354,dynamic,0.7081,0.2059,0.0580,43.86,2.000,-0.5314,1.4625,1.5560,-0.4423,1.4918,0.000,1,SEARCH,0.0000,0.0000,0.0000,-0.0000
7453,dynamic,0.7211,0.2013,0.0565,36.89,2.000,-0.7655,1.0966,1.3373,-0.7022,1.1381,0.000,1,SEARCH,0.0000,0.0000,0.0000,-0.0000
7553,dynamic,0.7391,0.1925,0.0577,36.89,2.000,-0.7655,1.0966,1.3373,-0.7022,1.1382,0.000,1,SEARCH,0.0000,0.0000,0.0000,-0.0000
7653,dynamic,0.7619,0.1825,0.0612,36.89,2.000,-0.7655,1.0966,1.3373,-0.6985,1.1404,0.000,1,SEARCH,0.0000,0.0000,0.0000,-0.0000
7752,dynamic,0.7873,0.1724,0.0614,36.89,2.000,-0.7655,1.0966,1.3373,-0.6960,1.1420,0.000,1,SEARCH,0.0000,0.0000,0.0000,-0.0000
7852,dynamic,0.8149,0.1632,0.0572,36.89,2.000,-0.7655,1.0966,1.3373,-0.6995,1.1398,0.000,1,SEARCH,0.0000,0.0000,0.0000,-0.0000
7952,dynamic,0.8434,0.1576,0.0569,36.89,2.000,-0.7655,1.0966,1.3373,-0.7028,1.1378,0.000,1,SEARCH,0.0000,0.0000,0.0000,-0.0000
8052,dynamic,0.8705,0.1582,0.0656,36.89,2.000,-0.7655,1.0966,1.3373,-0.6970,1.1413,0.000,1,SEARCH,0.0000,0.0000,0.0000,-0.0000
8152,dynamic,0.8985,0.1620,0.0715,36.89,2.000,-0.7655,1.0966,1.3373,-0.6872,1.1473,0.000,1,SEARCH,0.0000,0.0000,0.0000,-0.0000
8252,dynamic,0.9270,0.1663,0.0789,36.89,2.000,-0.7655,1.0966,1.3373,-0.6814,1.1508,0.000,1,SEARCH,0.0000,0.0000,0.0000,-0.0000
8353,dynamic,0.9567,0.1656,0.0957,36.89,2.000,-0.7655,1.0966,1.3373,-0.6659,1.1597,0.000,1,SEARCH,0.0000,0.0000,0.0000,-0.0000
8453,dynamic,0.9835,0.1619,0.1187,36.89,2.000,-0.7655,1.0966,1.3373,-0.6434,1.1724,0.000,1,SEARCH,0.0000,0.0000,0.0000,-0.0000
8554,dynamic,1.0103,0.1598,0.1377,36.89,2.000,-0.7655,1.0966,1.3373,-0.6136,1.1883,0.000,1,SEARCH,0.0000,0.0000,0.0000,-0.0000
8652,dynamic,1.0411,0.1593,0.1207,36.89,2.000,-0.7655,1.0966,1.3373,-0.6124,1.1889,0.000,1,SEARCH,0.0000,0.0000,0.0000,-0.0000
8753,dynamic,1.0776,0.1588,0.0742,36.89,2.000,-0.7655,1.0966,1.3373,-0.6571,1.1648,0.000,1,SEARCH,0.0000,0.0000,0.0000,-0.0000
8853,dynamic,1.1118,0.1645,0.0369,36.89,2.000,-0.7655,1.0966,1.3373,-0.7101,1.1333,0.000,1,SEARCH,0.0000,0.0000,0.0000,-0.0000
8952,dynamic,1.1427,0.1721,0.0117,36.89,2.000,-0.7655,1.0966,1.3373,-0.7436,1.1116,0.000,1,SEARCH,0.0000,0.0000,0.0000,-0.0000
9052,dynamic,1.1712,0.1774,0.0005,36.89,2.000,-0.7655,1.0966,1.3373,-0.7625,1.0987,0.000,1,SEARCH,0.0000,0.0000,0.0000,-0.0000
9166,dynamic,1.1992,0.1834,6.2822,36.89,2.000,-0.7655,1.0966,1.3373,-0.7669,1.0956,0.000,1,SEARCH,0.0000,0.0000,0.0000,-0.0000
9252,dynamic,1.2227,0.1892,0.0044,39.77,2.000,-0.7212,1.2438,1.4378,-0.7193,1.2450,0.000,1,SEARCH,0.0000,0.0000,0.0000,-0.0000
9354,dynamic,1.2463,0.1927,0.0108,39.77,2.000,-0.7212,1.2438,1.4378,-0.7106,1.2499,0.000,1,SEARCH,0.0000,0.0000,0.0000,-0.0000
9453,dynamic,1.2668,0.1963,0.0177,39.77,2.000,-0.7212,1.2438,1.4378,-0.7026,1.2544,0.000,1,SEARCH,0.0000,0.0000,0.0000,-0.0000
9553,dynamic,1.2882,0.1968,0.0112,39.77,2.000,-0.7212,1.2438,1.4378,-0.6999,1.2560,0.000,1,SEARCH,0.0000,0.0000,0.0000,-0.0000
9652,dynamic,1.3090,0.1923,6.2679,39.77,2.000,-0.7212,1.2438,1.4378,-0.7265,1.2408,0.000,1,SEARCH,0.0000,0.0000,0.0000,-0.0000
9752,dynamic,1.3300,0.1863,6.2547,39.77,2.000,-0.7212,1.2438,1.4378,-0.7530,1.2248,0.000,1,SEARCH,0.0000,0.0000,0.0000,-0.0000
9854,dynamic,1.3540,0.1802,6.2548,39.77,2.000,-0.7212,1.2438,1.4378,-0.7565,1.2227,0.000,1,SEARCH,0.0000,0.0000,0.0000,-0.0000
9952,dynamic,1.3800,0.1724,6.2477,39.77,2.000,-0.7212,1.2438,1.4378,-0.7594,1.2209,0.000,1,SEARCH,0.0000,0.0000,0.0000,-0.0000
10066,dynamic,1.4043,0.1611,6.2330,39.77,2.000,-0.7212,1.2438,1.4378,-0.7730,1.2124,0.000,1,SEARCH,0.0000,0.0000,0.0000,-0.0000
10153,dynamic,1.4277,0.1458,6.2329,0.00,2.000,0.0000,0.0000,0.0000,0.0000,0.0000,0.000,0,SEARCH,0.0000,0.0000,0.0000,-0.0000
10253,dynamic,1.4498,0.1301,6.2527,0.00,2.000,0.0000,0.0000,0.0000,0.0000,0.0000,0.000,0,SEARCH,0.0000,0.0000,0.0000,-0.0000
10353,dynamic,1.4711,0.1233,6.2720,0.00,2.000,0.0000,0.0000,0.0000,0.0000,0.0000,0.000,0,SEARCH,0.0000,0.0000,0.0000,-0.0000
10453,dynamic,1.4940,0.1224,0.0072,0.00,2.000,0.0000,0.0000,0.0000,0.0000,0.0000,0.000,0,SEARCH,0.0000,0.0000,0.0000,-0.0000
10552,dynamic,1.5140,0.1197,0.0306,0.00,2.000,0.0000,0.0000,0.0000,0.0000,0.0000,0.000,0,SEARCH,0.0000,0.0000,0.0000,-0.0000
10653,dynamic,1.5283,0.1096,0.0710,0.00,2.000,0.0000,0.0000,0.0000,0.0000,0.0000,0.000,0,SEARCH,0.0000,0.0000,0.0000,-0.0000
10753,dynamic,1.5416,0.0963,0.1063,0.00,2.000,0.0000,0.0000,0.0000,0.0000,0.0000,0.000,0,SEARCH,0.0000,0.0000,0.0000,-0.0000
10856,dynamic,1.5559,0.0838,0.1265,0.00,2.000,0.0000,0.0000,0.0000,0.0000,0.0000,0.000,0,SEARCH,0.0000,0.0000,0.0000,-0.0000
10955,dynamic,1.5715,0.0744,0.1489,39.07,2.000,-1.0101,1.0782,1.4775,-0.8477,1.2101,0.000,1,SEARCH,0.0000,0.0000,0.0000,-0.0000
11052,dynamic,1.5846,0.0679,0.1631,39.07,2.000,-1.0101,1.0782,1.4775,-0.8287,1.2232,0.000,1,SEARCH,0.0000,0.0000,0.0000,-0.0000
11153,dynamic,1.5954,0.0598,0.1670,39.07,2.000,-1.0101,1.0782,1.4775,-0.8166,1.2313,0.000,1,SEARCH,0.0000,0.0000,0.0000,-0.0000
11253,dynamic,1.6063,0.0505,0.1533,39.07,2.000,-1.0101,1.0782,1.4775,-0.8230,1.2270,0.000,1,SEARCH,0.0000,0.0000,0.0000,-0.0000
11353,dynamic,1.6207,0.0415,0.1308,39.07,2.000,-1.0101,1.0782,1.4775,-0.8507,1.2079,0.000,1,SEARCH,0.0000,0.0000,0.0000,-0.0000
11453,dynamic,1.6346,0.0367,0.1138,39.07,2.000,-1.0101,1.0782,1.4775,-0.8740,1.1912,0.000,1,SEARCH,0.0000,0.0000,0.0000,-0.0000
11553,dynamic,1.6495,0.0374,0.1044,39.07,2.000,-1.0101,1.0782,1.4775,-0.8892,1.1799,0.000,1,SEARCH,0.0000,0.0000,0.0000,-0.0000
11660,dynamic,1.6662,0.0399,0.1007,39.07,2.000,-1.0101,1.0782,1.4775,-0.8945,1.1759,0.000,1,SEARCH,0.0000,0.0000,0.0000,-0.0000
11752,dynamic,1.6837,0.0435,0.0925,33.26,2.000,-0.8013,1.2171,1.4572,-0.6808,1.2884,0.000,1,SEARCH,0.0000,0.0000,0.0000,-0.0000
11853,dynamic,1.7007,0.0474,0.0775,33.26,2.000,-0.8013,1.2171,1.4572,-0.6953,1.2806,0.000,1,SEARCH,0.0000,0.0000,0.0000,-0.0000
11952,dynamic,1.7189,0.0512,0.0588,33.26,2.000,-0.8013,1.2171,1.4572,-0.7188,1.2676,0.000,1,SEARCH,0.0000,0.0000,0.0000,-0.0000
12052,dynamic,1.7387,0.0539,0.0377,33.26,2.000,-0.8013,1.2171,1.4572,-0.7435,1.2533,0.000,1,SEARCH,0.0000,0.0000,0.0000,-0.0000
12153,dynamic,1.7597,0.0577,0.0140,33.26,2.000,-0.8013,1.2171,1.4572,-0.7737,1.2349,0.000,1,SEARCH,0.0000,0.0000,0.0000,-0.0000
12254,dynamic,1.7792,0.0626,0.0070,33.26,2.000,-0.8013,1.2171,1.4572,-0.7925,1.2229,0.000,1,SEARCH,0.0000,0.0000,0.0000,-0.0000
12352,dynamic,1.7994,0.0679,0.0176,33.26,2.000,-0.8013,1.2171,1.4572,-0.7861,1.2270,0.000,1,SEARCH,0.0000,0.0000,0.0000,-0.0000
12452,dynamic,1.8188,0.0733,0.0303,33.26,2.000,-0.8013,1.2171,1.4572,-0.7712,1.2364,0.000,1,SEARCH,0.0000,0.0000,0.0000,-0.0000
12553,dynamic,1.8381,0.0793,0.0517,33.26,2.000,-0.8013,1.2171,1.4572,-0.7479,1.2506,0.000,1,SEARCH,0.0000,0.0000,0.0000,-0.0000
12654,dynamic,1.8571,0.0864,0.0671,33.26,2.000,-0.8013,1.2171,1.4572,-0.7225,1.2655,0.000,1,SEARCH,0.0000,0.0000,0.0000,-0.0000
12764,dynamic,1.8769,0.0949,0.0540,33.26,2.000,-0.8013,1.2171,1.4572,-0.7229,1.2653,0.000,1,SEARCH,0.0000,0.0000,0.0000,-0.0000
12854,dynamic,1.8941,0.1035,0.0265,28.09,2.000,-0.6916,1.1059,1.3044,-0.6505,1.1306,0.000,1,SEARCH,0.0000,0.0000,0.0000,-0.0000
12952,dynamic,1.9073,0.1086,0.0182,28.09,2.000,-0.6916,1.1059,1.3044,-0.6714,1.1183,0.000,1,SEARCH,0.0000,0.0000,0.0000,-0.0000
13052,dynamic,1.9181,0.1096,0.0399,28.09,2.000,-0.6916,1.1059,1.3044,-0.6607,1.1247,0.000,1,SEARCH,0.0000,0.0000,0.0000,-0.0000
13152,dynamic,1.9294,0.1138,0.0830,28.09,2.000,-0.6916,1.1059,1.3044,-0.6185,1.1484,0.000,1,SEARCH,0.0000,0.0000,0.0000,-0.0000
13253,dynamic,1.9407,0.1188,0.1221,28.09,2.000,-0.6916,1.1059,1.3044,-0.5683,1.1741,0.000,1,SEARCH,0.0000,0.0000,0.0000,-0.0000
13352,dynamic,1.9506,0.1215,0.1398,28.09,2.000,-0.6916,1.1059,1.3044,-0.5346,1.1898,0.000,1,SEARCH,0.0000,0.0000,0.0000,-0.0000
13453,dynamic,1.9584,0.1244,0.1301,28.09,2.000,-0.6916,1.1059,1.3044,-0.5342,1.1900,0.000,1,SEARCH,0.0000,0.0000,0.0000,-0.0000
13556,dynamic,1.9648,0.1252,0.1146,28.09,2.000,-0.6916,1.1059,1.3044,-0.5541,1.1808,0.000,1,SEARCH,0.0000,0.0000,0.0000,-0.0000
13652,dynamic,1.9678,0.1221,0.1150,28.09,2.000,-0.6916,1.1059,1.3044,-0.5633,1.1765,0.000,1,SEARCH,0.0000,0.0000,0.0000,-0.0000
13753,dynamic,1.9680,0.1206,0.1324,28.09,2.000,-0.6916,1.1059,1.3044,-0.5494,1.1830,0.000,1,SEARCH,0.0000,0.0000,0.0000,-0.0000
13852,dynamic,1.9670,0.1194,0.1548,28.09,2.000,-0.6916,1.1059,1.3044,-0.5231,1.1949,0.000,1,SEARCH,0.0000,0.0000,0.0000,-0.0000
13954,dynamic,1.9665,0.1188,0.1701,28.09,2.000,-0.6916,1.1059,1.3044,-0.5006,1.2045,0.000,1,SEARCH,0.0000,0.0000,0.0000,-0.0000
14056,dynamic,1.9652,0.1170,0.1820,28.09,2.000,-0.6916,1.1059,1.3044,-0.4867,1.2102,0.000,1,SEARCH,0.0000,0.0000,0.0000,-0.0000
14154,dynamic,1.9601,0.1125,0.1967,28.09,2.000,-0.6916,1.1059,1.3044,-0.4698,1.2168,0.000,1,SEARCH,0.0000,0.0000,0.0000,-0.0000
14256,dynamic,1.9501,0.1060,0.2123,28.09,2.000,-0.6916,1.1059,1.3044,-0.4532,1.2231,0.000,1,SEARCH,0.0000,0.0000,0.0000,-0.0000
14357,dynamic,1.9380,0.0985,0.2188,39.63,2.000,-0.8478,1.3683,1.6097,-0.5326,1.5190,0.000,1,SEARCH,0.0000,0.0000,0.0000,-0.0000
14453,dynamic,1.9246,0.0921,0.2118,39.63,2.000,-0.8478,1.3683,1.6097,-0.5344,1.5184,0.000,1,SEARCH,0.0000,0.0000,0.0000,-0.0000
14553,dynamic,1.9111,0.0873,0.1924,39.63,2.000,-0.8478,1.3683,1.6097,-0.5567,1.5104,0.000,1,SEARCH,0.0000,0.0000,0.0000,-0.0000
14652,dynamic,1.8962,0.0817,0.1688,39.63,2.000,-0.8478,1.3683,1.6097,-0.5925,1.4966,0.000,1,SEARCH,0.0000,0.0000,0.0000,-0.0000
14753,dynamic,1.8819,0.0792,0.1552,39.63,2.000,-0.8478,1.3683,1.6097,-0.6209,1.4851,0.000,1,SEARCH,0.0000,0.0000,0.0000,-0.0000
14854,dynamic,1.8697,0.0799,0.1543,39.63,2.000,-0.8478,1.3683,1.6097,-0.6297,1.4814,0.000,1,SEARCH,0.0000,0.0000,0.0000,-0.0000
14953,dynamic,1.8582,0.0841,0.1754,39.63,2.000,-0.8478,1.3683,1.6097,-0.6122,1.4887,0.000,1,SEARCH,0.0000,0.0000,0.0000,-0.0000
15053,dynamic,1.8494,0.0925,0.1922,39.63,2.000,-0.8478,1.3683,1.6097,-0.5752,1.5034,0.000,1,SEARCH,0.0000,0.0000,0.0000,-0.0000
15152,dynamic,1.8464,0.1032,0.1760,39.63,2.000,-0.8478,1.3683,1.6097,-0.5822,1.5007,0.000,1,SEARCH,0.0000,0.0000,0.0000,-0.0000
15253,dynamic,1.8467,0.1144,0.1551,39.63,2.000,-0.8478,1.3683,1.6097,-0.6136,1.4882,0.000,1,SEARCH,0.0000,0.0000,0.0000,-0.0000
15354,dynamic,1.8479,0.1217,0.1317,39.63,2.000,-0.8478,1.3683,1.6097,-0.6462,1.4743,0.000,1,SEARCH,0.0000,0.0000,0.0000,-0.0000
15453,dynamic,1.8516,0.1263,0.1020,39.63,2.000,-0.8478,1.3683,1.6097,-0.6865,1.4560,0.000,1,SEARCH,0.0000,0.0000,0.0000,-0.0000
15553,dynamic,1.8580,0.1349,0.0861,39.63,2.000,-0.8478,1.3683,1.6097,-0.7245,1.4374,0.000,1,SEARCH,0.0000,0.0000,0.0000,-0.0000
15654,dynamic,1.8610,0.1419,0.1169,39.63,2.000,-0.8478,1.3683,1.6097,-0.7114,1.4439,0.000,1,SEARCH,0.0000,0.0000,0.0000,-0.0000
15753,dynamic,1.8638,0.1420,0.1819,39.63,2.000,-0.8478,1.3683,1.6097,-0.6275,1.4823,0.000,1,SEARCH,0.0000,0.0000,0.0000,-0.0000
15863,dynamic,1.8667,0.1384,0.2485,39.63,2.000,-0.8478,1.3683,1.6097,-0.5285,1.5205,0.000,1,SEARCH,0.0000,0.0000,0.0000,-0.0000
15952,dynamic,1.8721,0.1368,0.2911,30.57,2.000,-0.5566,1.6261,1.7187,-0.0894,1.7164,0.000,1,SEARCH,0.0000,0.0000,0.0000,-0.0000
16053,dynamic,1.8818,0.1371,0.3043,30.57,2.000,-0.5566,1.6261,1.7187,-0.0468,1.7180,0.000,1,SEARCH,0.0000,0.0000,0.0000,-0.0000
16153,dynamic,1.8918,0.1371,0.2917,30.57,2.000,-0.5566,1.6261,1.7187,-0.0525,1.7179,0.000,1,SEARCH,0.0000,0.0000,0.0000,-0.0000
16254,dynamic,1.9033,0.1396,0.2608,30.57,2.000,-0.5566,1.6261,1.7187,-0.0900,1.7163,0.000,1,SEARCH,0.0000,0.0000,0.0000,-0.0000
16354,dynamic,1.9181,0.1435,0.2200,30.57,2.000,-0.5566,1.6261,1.7187,-0.1601,1.7112,0.000,1,SEARCH,0.0000,0.0000,0.0000,-0.0000
16452,dynamic,1.9370,0.1511,0.1788,30.57,2.000,-0.5566,1.6261,1.7187,-0.2304,1.7032,0.000,1,SEARCH,0.0000,0.0000,0.0000,-0.0000
16553,dynamic,1.9588,0.1627,0.1423,30.57,2.000,-0.5566,1.6261,1.7187,-0.2986,1.6925,0.000,1,SEARCH,0.0000,0.0000,0.0000,-0.0000
16652,dynamic,1.9808,0.1747,0.1233,30.57,2.000,-0.5566,1.6261,1.7187,-0.3418,1.6843,0.000,1,SEARCH,0.0000,0.0000,0.0000,-0.0000
16754,dynamic,2.0035,0.1812,0.1214,30.57,2.000,-0.5566,1.6261,1.7187,-0.3567,1.6813,0.000,1,SEARCH,0.0000,0.0000,0.0000,-0.0000
16853,dynamic,2.0222,0.1830,0.1251,30.57,2.000,-0.5566,1.6261,1.7187,-0.3521,1.6822,0.000,1,SEARCH,0.0000,0.0000,0.0000,-0.0000
16954,dynamic,2.0407,0.1795,0.1331,30.57,2.000,-0.5566,1.6261,1.7187,-0.3431,1.6841,0.000,1,SEARCH,0.0000,0.0000,0.0000,-0.0000
17052,dynamic,2.0601,0.1739,0.1444,30.57,2.000,-0.5566,1.6261,1.7187,-0.3238,1.6879,0.000,1,SEARCH,0.0000,0.0000,0.0000,-0.0000
17153,dynamic,2.0776,0.1663,0.1555,30.57,2.000,-0.5566,1.6261,1.7187,-0.3048,1.6914,0.000,1,SEARCH,0.0000,0.0000,0.0000,-0.0000
17253,dynamic,2.0914,0.1598,0.1653,30.57,2.000,-0.5566,1.6261,1.7187,-0.2870,1.6945,0.000,1,SEARCH,0.0000,0.0000,0.0000,-0.0000
17354,dynamic,2.1029,0.1549,0.1747,30.57,2.000,-0.5566,1.6261,1.7187,-0.2729,1.6969,0.000,1,SEARCH,0.0000,0.0000,0.0000,-0.0000
17457,dynamic,2.1134,0.1524,0.1856,30.57,2.000,-0.5566,1.6261,1.7187,-0.2532,1.6999,0.000,1,SEARCH,0.0000,0.0000,0.0000,-0.0000
17554,dynamic,2.1239,0.1486,0.1908,30.57,2.000,-0.5566,1.6261,1.7187,-0.2417,1.7016,0.000,1,SEARCH,0.0000,0.0000,0.0000,-0.0000
17657,dynamic,2.1322,0.1455,0.1986,30.57,2.000,-0.5566,1.6261,1.7187,-0.2317,1.7030,0.000,1,SEARCH,0.0000,0.0000,0.0000,-0.0000
17752,dynamic,2.1370,0.1440,0.2029,30.57,2.000,-0.5566,1.6261,1.7187,-0.2178,1.7048,0.000,1,SEARCH,0.0000,0.0000,0.0000,-0.0000
17854,dynamic,2.1368,0.1431,0.1941,30.57,2.000,-0.5566,1.6261,1.7187,-0.2236,1.7041,0.000,1,SEARCH,0.0000,0.0000,0.0000,-0.0000
17952,dynamic,2.1344,0.1423,0.1781,30.57,2.000,-0.5566,1.6261,1.7187,-0.2469,1.7009,0.000,1,SEARCH,0.0000,0.0000,0.0000,-0.0000
18059,dynamic,2.1289,0.1422,0.1629,32.77,2.000,-1.4146,0.9675,1.7138,-1.2326,1.1907,0.000,1,SEARCH,0.0000,0.0000,0.0000,-0.0000
18159,dynamic,2.1220,0.1436,0.1551,32.77,2.000,-1.4146,0.9675,1.7138,-1.2458,1.1769,0.000,1,SEARCH,0.0000,0.0000,0.0000,-0.0000
18257,dynamic,2.1142,0.1441,0.1552,32.77,2.000,-1.4146,0.9675,1.7138,-1.2487,1.1738,0.000,1,SEARCH,0.0000,0.0000,0.0000,-0.0000
18357,dynamic,2.1078,0.1468,0.1541,32.77,2.000,-1.4146,0.9675,1.7138,-1.2483,1.1742,0.000,1,SEARCH,0.0000,0.0000,0.0000,-0.0000
18456,dynamic,2.1020,0.1522,0.1488,32.77,2.000,-1.4146,0.9675,1.7138,-1.2521,1.1701,0.000,1,SEARCH,0.0000,0.0000,0.0000,-0.0000
18555,dynamic,2.0990,0.1589,0.1307,32.77,2.000,-1.4146,0.9675,1.7138,-1.2660,1.1551,0.000,1,SEARCH,0.0000,0.0000,0.0000,-0.0000
18655,dynamic,2.0967,0.1634,0.1047,32.77,2.000,-1.4146,0.9675,1.7138,-1.2951,1.1223,0.000,1,SEARCH,0.0000,0.0000,0.0000,-0.0000
18753,dynamic,2.0965,0.1665,0.0964,32.77,2.000,-1.4146,0.9675,1.7138,-1.3137,1.1005,0.000,1,SEARCH,0.0000,0.0000,0.0000,-0.0000
18855,dynamic,2.0968,0.1688,0.1001,38.33,2.000,-0.5150,2.1901,2.2498,-0.2983,2.2299,0.000,1,SEARCH,0.0000,0.0000,0.0000,-0.0000
18959,dynamic,2.0984,0.1725,0.1048,38.33,2.000,-0.5150,2.1901,2.2498,-0.2866,2.2315,0.000,1,SEARCH,0.0000,0.0000,0.0000,-0.0000
19053,dynamic,2.1016,0.1777,0.1060,38.33,2.000,-0.5150,2.1901,2.2498,-0.2805,2.2322,0.000,1,SEARCH,0.0000,0.0000,0.0000,-0.0000
19155,dynamic,2.1048,0.1820,0.1060,38.33,2.000,-0.5150,2.1901,2.2498,-0.2805,2.2322,0.000,1,SEARCH,0.0000,0.0000,0.0000,-0.0000
19258,dynamic,2.1060,0.1833,0.1001,38.33,2.000,-0.5150,2.1901,2.2498,-0.2853,2.2316,0.000,1,SEARCH,0.0000,0.0000,0.0000,-0.0000
19357,dynamic,2.1084,0.1821,0.0813,38.33,2.000,-0.5150,2.1901,2.2498,-0.3154,2.2276,0.000,1,SEARCH,0.0000,0.0000,0.0000,-0.0000
19456,dynamic,2.1120,0.1825,0.0577,38.33,2.000,-0.5150,2.1901,2.2498,-0.3681,2.2195,0.000,1,SEARCH,0.0000,0.0000,0.0000,-0.0000
19559,dynamic,2.1190,0.1852,0.0377,38.33,2.000,-0.5150,2.1901,2.2498,-0.4077,2.2125,0.000,1,SEARCH,0.0000,0.0000,0.0000,-0.0000
19659,dynamic,2.1279,0.1889,0.0228,29.55,2.000,-0.9804,1.4485,1.7491,-0.9391,1.4756,0.000,1,SEARCH,0.0000,0.0000,0.0000,-0.0000
19756,dynamic,2.1366,0.1934,0.0200,29.55,2.000,-0.9804,1.4485,1.7491,-0.9525,1.4669,0.000,1,SEARCH,0.0000,0.0000,0.0000,-0.0000
19856,dynamic,2.1415,0.1971,0.0438,29.55,2.000,-0.9804,1.4485,1.7491,-0.9363,1.4774,0.000,1,SEARCH,0.0000,0.0000,0.0000,-0.0000
19957,dynamic,2.1460,0.1987,0.0867,29.55,2.000,-0.9804,1.4485,1.7491,-0.8761,1.5138,0.000,1,SEARCH,0.0000,0.0000,0.0000,-0.0000
20053,dynamic,2.1507,0.2004,0.1134,29.55,2.000,-0.9804,1.4485,1.7491,-0.8238,1.5429,0.000,1,SEARCH,0.0000,0.0000,0.0000,-0.0000
20155,dynamic,2.1541,0.2020,0.1311,29.55,2.000,-0.9804,1.4485,1.7491,-0.7921,1.5594,0.000,1,SEARCH,0.0000,0.0000,0.0000,-0.0000
20256,dynamic,2.1563,0.2038,0.1291,29.55,2.000,-0.9804,1.4485,1.7491,-0.7797,1.5657,0.000,1,SEARCH,0.0000,0.0000,0.0000,-0.0000
20353,dynamic,2.1566,0.2042,0.1081,29.55,2.000,-0.9804,1.4485,1.7491,-0.8037,1.5535,0.000,1,SEARCH,0.0000,0.0000,0.0000,-0.0000
20453,dynamic,2.1554,0.2049,0.0926,29.55,2.000,-0.9804,1.4485,1.7491,-0.8365,1.5361,0.000,1,SEARCH,0.0000,0.0000,0.0000,-0.0000
20559,dynamic,2.1535,0.2084,0.0920,40.96,2.000,-0.6043,2.2689,2.3480,-0.3942,2.3147,0.000,1,SEARCH,0.0000,0.0000,0.0000,-0.0000
20654,dynamic,2.1502,0.2129,0.0909,40.96,2.000,-0.6043,2.2689,2.3480,-0.3942,2.3147,0.000,1,SEARCH,0.0000,0.0000,0.0000,-0.0000
20754,dynamic,2.1478,0.2172,0.0954,40.96,2.000,-0.6043,2.2689,2.3480,-0.3920,2.3150,0.000,1,SEARCH,0.0000,0.0000,0.0000,-0.0000
20857,dynamic,2.1467,0.2226,0.0961,40.96,2.000,-0.6043,2.2689,2.3480,-0.3798,2.3171,0.000,1,SEARCH,0.0000,0.0000,0.0000,-0.0000
20956,dynamic,2.1472,0.2277,0.0801,40.96,2.000,-0.6043,2.2689,2.3480,-0.4002,2.3136,0.000,1,SEARCH,0.0000,0.0000,0.0000,-0.0000
21056,dynamic,2.1511,0.2317,0.0575,40.96,2.000,-0.6043,2.2689,2.3480,-0.4528,2.3039,0.000,1,SEARCH,0.0000,0.0000,0.0000,-0.0000
21156,dynamic,2.1576,0.2344,0.0447,40.96,2.000,-0.6043,2.2689,2.3480,-0.4954,2.2951,0.000,1,SEARCH,0.0000,0.0000,0.0000,-0.0000
21260,dynamic,2.1644,0.2372,0.0457,40.96,2.000,-0.6043,2.2689,2.3480,-0.5021,2.2937,0.000,1,SEARCH,0.0000,0.0000,0.0000,-0.0000
21355,dynamic,2.1688,0.2395,0.0529,42.91,2.000,-0.2600,2.5967,2.6097,-0.1302,2.6065,0.000,1,SEARCH,0.0000,0.0000,0.0000,-0.0000
21457,dynamic,2.1711,0.2382,0.0632,42.91,2.000,-0.2600,2.5967,2.6097,-0.1088,2.6075,0.000,1,SEARCH,0.0000,0.0000,0.0000,-0.0000
21555,dynamic,2.1742,0.2356,0.0671,42.91,2.000,-0.2600,2.5967,2.6097,-0.0853,2.6083,0.000,1,SEARCH,0.0000,0.0000,0.0000,-0.0000
21653,dynamic,2.1800,0.2317,0.0599,42.91,2.000,-0.2600,2.5967,2.6097,-0.0938,2.6080,0.000,1,SEARCH,0.0000,0.0000,0.0000,-0.0000
21756,dynamic,2.1898,0.2244,0.0481,42.91,2.000,-0.2600,2.5967,2.6097,-0.1216,2.6069,0.000,1,SEARCH,0.0000,0.0000,0.0000,-0.0000
21854,dynamic,2.2039,0.2158,0.0409,42.91,2.000,-0.2600,2.5967,2.6097,-0.1491,2.6055,0.000,1,SEARCH,0.0000,0.0000,0.0000,-0.0000
21955,dynamic,2.2209,0.2086,0.0469,42.91,2.000,-0.2600,2.5967,2.6097,-0.1502,2.6054,0.000,1,SEARCH,0.0000,0.0000,0.0000,-0.0000
22055,dynamic,2.2407,0.2039,0.0747,42.91,2.000,-0.2600,2.5967,2.6097,-0.1035,2.6077,0.000,1,SEARCH,0.0000,0.0000,0.0000,-0.0000
22162,dynamic,2.2611,0.2023,0.0976,42.91,2.000,-0.2600,2.5967,2.6097,-0.0260,2.6096,0.000,1,SEARCH,0.0000,0.0000,0.0000,-0.0000
22255,dynamic,2.2784,0.1995,0.1174,30.36,2.000,-0.9638,1.4028,1.7020,-0.8069,1.4985,0.000,1,SEARCH,0.0000,0.0000,0.0000,-0.0000
22355,dynamic,2.2901,0.1901,0.1459,30.36,2.000,-0.9638,1.4028,1.7020,-0.7664,1.5197,0.000,1,SEARCH,0.0000,0.0000,0.0000,-0.0000
22455,dynamic,2.2981,0.1794,0.1649,30.36,2.000,-0.9638,1.4028,1.7020,-0.7307,1.5371,0.000,1,SEARCH,0.0000,0.0000,0.0000,-0.0000
22555,dynamic,2.3065,0.1739,0.1571,30.36,2.000,-0.9638,1.4028,1.7020,-0.7225,1.5410,0.000,1,SEARCH,0.0000,0.0000,0.0000,-0.0000
22660,dynamic,2.3180,0.1714,0.1295,30.36,2.000,-0.9638,1.4028,1.7020,-0.7557,1.5250,0.000,1,SEARCH,0.0000,0.0000,0.0000,-0.0000
22754,dynamic,2.3301,0.1732,0.0990,30.36,2.000,-0.9638,1.4028,1.7020,-0.8016,1.5014,0.000,1,SEARCH,0.0000,0.0000,0.0000,-0.0000
22858,dynamic,2.3421,0.1798,0.0672,30.36,2.000,-0.9638,1.4028,1.7020,-0.8485,1.4754,0.000,1,SEARCH,0.0000,0.0000,0.0000,-0.0000
22953,dynamic,2.3558,0.1907,0.0294,36.75,2.000,-1.0442,1.5317,1.8538,-0.9730,1.5779,0.000,1,SEARCH,0.0000,0.0000,0.0000,-0.0000
23056,dynamic,2.3711,0.2030,6.2718,36.75,2.000,-1.0442,1.5317,1.8538,-1.0369,1.5366,0.000,1,SEARCH,0.0000,0.0000,0.0000,-0.0000
23157,dynamic,2.3885,0.2172,6.2337,36.75,2.000,-1.0442,1.5317,1.8538,-1.0958,1.4952,0.000,1,SEARCH,0.0000,0.0000,0.0000,-0.0000
23258,dynamic,2.4075,0.2354,6.1985,36.75,2.000,-1.0442,1.5317,1.8538,-1.1500,1.4540,0.000,1,SEARCH,0.0000,0.0000,0.0000,-0.0000
23357,dynamic,2.4287,0.2564,6.1778,36.75,2.000,-1.0442,1.5317,1.8538,-1.1879,1.4231,0.000,1,SEARCH,0.0000,0.0000,0.0000,-0.0000
23455,dynamic,2.4504,0.2774,6.1593,36.75,2.000,-1.0442,1.5317,1.8538,-1.2170,1.3983,0.000,1,SEARCH,0.0000,0.0000,0.0000,-0.0000
23559,dynamic,2.4722,0.2953,6.1500,36.75,2.000,-1.0442,1.5317,1.8538,-1.2333,1.3840,0.000,1,SEARCH,0.0000,0.0000,0.0000,-0.0000
23656,dynamic,2.4921,0.3085,6.1415,36.75,2.000,-1.0442,1.5317,1.8538,-1.2460,1.3725,0.000,1,SEARCH,0.0000,0.0000,0.0000,-0.0000
23759,dynamic,2.5132,0.3186,6.1473,37.06,2.000,-0.5149,1.9439,2.0109,-0.7819,1.8527,0.000,1,SEARCH,0.0000,0.0000,0.0000,-0.0000
23857,dynamic,2.5356,0.3255,6.1685,37.06,2.000,-0.5149,1.9439,2.0109,-0.7534,1.8645,0.000,1,SEARCH,0.0000,0.0000,0.0000,-0.0000
23961,dynamic,2.5586,0.3291,6.2055,37.06,2.000,-0.5149,1.9439,2.0109,-0.6967,1.8864,0.000,1,SEARCH,0.0000,0.0000,0.0000,-0.0000
24055,dynamic,2.5822,0.3295,6.2541,37.06,2.000,-0.5149,1.9439,2.0109,-0.6136,1.9150,0.000,1,SEARCH,0.0000,0.0000,0.0000,-0.0000
24155,dynamic,2.6035,0.3271,0.0105,37.06,2.000,-0.5149,1.9439,2.0109,-0.5217,1.9421,0.000,1,SEARCH,0.0000,0.0000,0.0000,-0.0000
24257,dynamic,2.6226,0.3231,0.0366,37.06,2.000,-0.5149,1.9439,2.0109,-0.4625,1.9570,0.000,1,SEARCH,0.0000,0.0000,0.0000,-0.0000
24357,dynamic,2.6364,0.3170,0.0436,37.06,2.000,-0.5149,1.9439,2.0109,-0.4312,1.9642,0.000,1,SEARCH,0.0000,0.0000,0.0000,-0.0000
24468,dynamic,2.6484,0.3075,0.0349,37.06,2.000,-0.5149,1.9439,2.0109,-0.4367,1.9630,0.000,1,SEARCH,0.0000,0.0000,0.0000,-0.0000
24557,dynamic,2.6604,0.2964,0.0240,27.64,2.000,-0.1783,2.3461,2.3529,-0.1122,2.3502,0.000,1,SEARCH,0.0000,0.0000,0.0000,-0.0000
24656,dynamic,2.6720,0.2846,0.0144,27.64,2.000,-0.1783,2.3461,2.3529,-0.1369,2.3489,0.000,1,SEARCH,0.0000,0.0000,0.0000,-0.0000
24755,dynamic,2.6799,0.2736,0.0168,27.64,2.000,-0.1783,2.3461,2.3529,-0.1477,2.3482,0.000,1,SEARCH,0.0000,0.0000,0.0000,-0.0000
24855,dynamic,2.6830,0.2641,0.0418,27.64,2.000,-0.1783,2.3461,2.3529,-0.1097,2.3503,0.000,1,SEARCH,0.0000,0.0000,0.0000,-0.0000
24956,dynamic,2.6826,0.2589,0.0785,27.64,2.000,-0.1783,2.3461,2.3529,-0.0268,2.3527,0.000,1,SEARCH,0.0000,0.0000,0.0000,-0.0000
25058,dynamic,2.6780,0.2580,0.1076,27.64,2.000,-0.1783,2.3461,2.3529,0.0468,2.3524,0.000,1,SEARCH,0.0000,0.0000,0.0000,-0.0000
25157,dynamic,2.6700,0.2582,0.1207,27.64,2.000,-0.1783,2.3461,2.3529,0.0986,2.3508,0.000,1,SEARCH,0.0000,0.0000,0.0000,-0.0000
25254,dynamic,2.6604,0.2569,0.1131,27.64,2.000,-0.1783,2.3461,2.3529,0.1011,2.3507,0.000,1,SEARCH,0.0000,0.0000,0.0000,-0.0000
25357,dynamic,2.6483,0.2550,0.0914,27.64,2.000,-0.1783,2.3461,2.3529,0.0579,2.3522,0.000,1,SEARCH,0.0000,0.0000,0.0000,-0.0000
25456,dynamic,2.6321,0.2529,0.0890,27.64,2.000,-0.1783,2.3461,2.3529,0.0224,2.3528,0.000,1,SEARCH,0.0000,0.0000,0.0000,-0.0000
25553,dynamic,2.6129,0.2525,0.1215,27.64,2.000,-0.1783,2.3461,2.3529,0.0694,2.3518,0.000,1,SEARCH,0.0000,0.0000,0.0000,-0.0000
25657,dynamic,2.5913,0.2535,0.1568,9.92,2.000,-0.6139,1.8227,1.9233,-0.3462,1.8919,0.000,1,SEARCH,0.0000,0.0000,0.0000,-0.0000
25756,dynamic,2.5664,0.2573,0.1652,9.92,2.000,-0.6139,1.8227,1.9233,-0.3056,1.8989,0.000,1,SEARCH,0.0000,0.0000,0.0000,-0.0000
25856,dynamic,2.5415,0.2621,0.1551,9.92,2.000,-0.6139,1.8227,1.9233,-0.3137,1.8976,0.000,1,SEARCH,0.0000,0.0000,0.0000,-0.0000
25955,dynamic,2.5172,0.2674,0.1265,9.92,2.000,-0.6139,1.8227,1.9233,-0.3532,1.8906,0.000,1,SEARCH,0.0000,0.0000,0.0000,-0.0000
26055,dynamic,2.4939,0.2728,0.0880,9.92,2.000,-0.6139,1.8227,1.9233,-0.4239,1.8760,0.000,1,SEARCH,0.0000,0.0000,0.0000,-0.0000
26156,dynamic,2.4714,0.2833,0.0627,9.92,2.000,-0.6139,1.8227,1.9233,-0.4825,1.8618,0.000,1,SEARCH,0.0000,0.0000,0.0000,-0.0000
26257,dynamic,2.4520,0.2933,0.0452,9.92,2.000,-0.6139,1.8227,1.9233,-0.5198,1.8518,0.000,1,SEARCH,0.0000,0.0000,0.0000,-0.0000
26356,dynamic,2.4352,0.3040,0.0292,9.92,2.000,-0.6139,1.8227,1.9233,-0.5487,1.8434,0.000,1,SEARCH,0.0000,0.0000,0.0000,-0.0000
26456,dynamic,2.4213,0.3175,0.0155,9.92,2.000,-0.6139,1.8227,1.9233,-0.5779,1.8344,0.000,1,SEARCH,0.0000,0.0000,0.0000,-0.0000
26556,dynamic,2.4097,0.3330,0.0093,9.92,2.000,-0.6139,1.8227,1.9233,-0.5939,1.8293,0.000,1,SEARCH,0.0000,0.0000,0.0000,-0.0000
26659,dynamic,2.4019,0.3473,0.0094,9.92,2.000,-0.6139,1.8227,1.9233,-0.5973,1.8282,0.000,1,SEARCH,0.0000,0.0000,0.0000,-0.0000
26753,dynamic,2.3960,0.3615,0.0091,26.93,2.000,-0.8270,1.5200,1.7304,-0.8135,1.5273,0.000,1,SEARCH,0.0000,0.0000,0.0000,-0.0000
26852,dynamic,2.3912,0.3715,0.0122,26.93,2.000,-0.8270,1.5200,1.7304,-0.8114,1.5284,0.000,1,SEARCH,0.0000,0.0000,0.0000,-0.0000
26956,dynamic,2.3873,0.3785,0.0193,26.93,2.000,-0.8270,1.5200,1.7304,-0.8018,1.5335,0.000,1,SEARCH,0.0000,0.0000,0.0000,-0.0000
27055,dynamic,2.3845,0.3858,0.0236,26.93,2.000,-0.8270,1.5200,1.7304,-0.7945,1.5373,0.000,1,SEARCH,0.0000,0.0000,0.0000,-0.0000
27154,dynamic,2.3813,0.3934,0.0289,26.93,2.000,-0.8270,1.5200,1.7304,-0.7858,1.5417,0.000,1,SEARCH,0.0000,0.0000,0.0000,-0.0000
27255,dynamic,2.3793,0.3999,0.0330,26.93,2.000,-0.8270,1.5200,1.7304,-0.7785,1.5454,0.000,1,SEARCH,0.0000,0.0000,0.0000,-0.0000
27357,dynamic,2.3780,0.4045,0.0328,26.93,2.000,-0.8270,1.5200,1.7304,-0.7746,1.5474,0.000,1,SEARCH,0.0000,0.0000,0.0000,-0.0000
27453,dynamic,2.3800,0.4111,0.0224,26.93,2.000,-0.8270,1.5200,1.7304,-0.7837,1.5428,0.000,1,SEARCH,0.0000,0.0000,0.0000,-0.0000
27554,dynamic,2.3847,0.4178,0.0156,28.38,2.000,-0.2833,1.7605,1.7831,-0.2543,1.7649,0.000,1,SEARCH,0.0000,0.0000,0.0000,-0.0000
27654,dynamic,2.3903,0.4224,0.0239,28.38,2.000,-0.2833,1.7605,1.7831,-0.2501,1.7655,0.000,1,SEARCH,0.0000,0.0000,0.0000,-0.0000
27756,dynamic,2.3955,0.4269,0.0386,28.38,2.000,-0.2833,1.7605,1.7831,-0.2249,1.7689,0.000,1,SEARCH,0.0000,0.0000,0.0000,-0.0000
27859,dynamic,2.4019,0.4348,0.0486,28.38,2.000,-0.2833,1.7605,1.7831,-0.2030,1.7715,0.000,1,SEARCH,0.0000,0.0000,0.0000,-0.0000
27955,dynamic,2.4096,0.4446,0.0529,28.38,2.000,-0.2833,1.7605,1.7831,-0.1930,1.7726,0.000,1,SEARCH,0.0000,0.0000,0.0000,-0.0000
28057,dynamic,2.4209,0.4551,0.0459,28.38,2.000,-0.2833,1.7605,1.7831,-0.1934,1.7726,0.000,1,SEARCH,0.0000,0.0000,0.0000,-0.0000
28154,dynamic,2.4341,0.4632,0.0177,28.38,2.000,-0.2833,1.7605,1.7831,-0.2284,1.7684,0.000,1,SEARCH,0.0000,0.0000,0.0000,-0.0000
28258,dynamic,2.4453,0.4684,6.2720,28.38,2.000,-0.2833,1.7605,1.7831,-0.2865,1.7599,0.000,1,SEARCH,0.0000,0.0000,0.0000,-0.0000
28353,dynamic,2.4542,0.4715,6.2609,33.08,2.000,0.1051,2.0717,2.0744,0.0658,2.0733,0.000,1,SEARCH,0.0000,0.0000,0.0000,-0.0000
28453,dynamic,2.4614,0.4730,6.2459,33.08,2.000,0.1051,2.0717,2.0744,0.0440,2.0739,0.000,1,SEARCH,0.0000,0.0000,0.0000,-0.0000
28557,dynamic,2.4675,0.4721,6.2270,33.08,2.000,0.1051,2.0717,2.0744,-0.0000,2.0744,0.000,1,SEARCH,0.0000,0.0000,0.0000,-0.0000
28659,dynamic,2.4710,0.4712,6.2284,33.08,2.000,0.1051,2.0717,2.0744,-0.0155,2.0743,0.000,1,SEARCH,0.0000,0.0000,0.0000,-0.0000
28759,dynamic,2.4769,0.4702,6.2332,33.08,2.000,0.1051,2.0717,2.0744,0.0012,2.0744,0.000,1,SEARCH,0.0000,0.0000,0.0000,-0.0000
28854,dynamic,2.4843,0.4694,6.2293,33.08,2.000,0.1051,2.0717,2.0744,-0.0026,2.0744,0.000,1,SEARCH,0.0000,0.0000,0.0000,-0.0000
28954,dynamic,2.4912,0.4689,6.2186,33.08,2.000,0.1051,2.0717,2.0744,-0.0140,2.0743,0.000,1,SEARCH,0.0000,0.0000,0.0000,-0.0000
29054,dynamic,2.5001,0.4670,6.1898,30.00,2.000,0.1252,1.7376,1.7421,-0.0158,1.7420,0.000,1,SEARCH,0.0000,0.0000,0.0000,-0.0000
29153,dynamic,2.5095,0.4613,6.1623,30.00,2.000,0.1252,1.7376,1.7421,-0.0682,1.7408,0.000,1,SEARCH,0.0000,0.0000,0.0000,-0.0000
29253,dynamic,2.5197,0.4545,6.1445,30.00,2.000,0.1252,1.7376,1.7421,-0.1035,1.7390,0.000,1,SEARCH,0.0000,0.0000,0.0000,-0.0000
29353,dynamic,2.5300,0.4490,6.1367,30.00,2.000,0.1252,1.7376,1.7421,-0.1275,1.7374,0.000,1,SEARCH,0.0000,0.0000,0.0000,-0.0000
29452,dynamic,2.5440,0.4451,6.1349,30.00,2.000,0.1252,1.7376,1.7421,-0.1310,1.7372,0.000,1,SEARCH,0.0000,0.0000,0.0000,-0.0000
29552,dynamic,2.5604,0.4403,6.1393,30.00,2.000,0.1252,1.7376,1.7421,-0.1317,1.7371,0.000,1,SEARCH,0.0000,0.0000,0.0000,-0.0000
29652,dynamic,2.5775,0.4325,6.1491,30.00,2.000,0.1252,1.7376,1.7421,-0.1136,1.7384,0.000,1,SEARCH,0.0000,0.0000,0.0000,-0.0000
29752,dynamic,2.5910,0.4238,6.1537,30.00,2.000,0.1252,1.7376,1.7421,-0.1052,1.7389,0.000,1,SEARCH,0.0000,0.0000,0.0000,-0.0000
29853,dynamic,2.6008,0.4150,6.1595,30.00,2.000,0.1252,1.7376,1.7421,-0.0930,1.7396,0.000,1,SEARCH,0.0000,0.0000,0.0000,-0.0000
29954,dynamic,2.6059,0.4040,6.1549,30.00,2.000,0.1252,1.7376,1.7421,-0.0916,1.7397,0.000,1,SEARCH,0.0000,0.0000,0.0000,-0.0000
30052,dynamic,2.6043,0.3911,6.1356,28.61,2.000,0.0629,1.4238,1.4251,-0.1335,1.4189,0.000,1,SEARCH,0.0000,0.0000,0.0000,-0.0000
30152,dynamic,2.5938,0.3881,6.1237,28.61,2.000,0.0629,1.4238,1.4251,-0.1570,1.4165,0.000,1,SEARCH,0.0000,0.0000,0.0000,-0.0000
30252,dynamic,2.5748,0.3888,6.1110,28.61,2.000,0.0629,1.4238,1.4251,-0.1743,1.4144,0.000,1,SEARCH,0.0000,0.0000,0.0000,-0.0000
30352,dynamic,2.5473,0.3904,6.0901,28.61,2.000,0.0629,1.4238,1.4251,-0.1976,1.4114,0.000,1,SEARCH,0.0000,0.0000,0.0000,-0.0000
30453,dynamic,2.5092,0.4021,6.0573,28.61,2.000,0.0629,1.4238,1.4251,-0.2379,1.4052,0.000,1,SEARCH,0.0000,0.0000,0.0000,-0.0000
30552,dynamic,2.4634,0.4229,6.0244,28.61,2.000,0.0629,1.4238,1.4251,-0.2837,1.3966,0.000,1,SEARCH,0.0000,0.0000,0.0000,-0.0000
30653,dynamic,2.3985,0.4521,5.9858,28.61,2.000,0.0629,1.4238,1.4251,-0.3330,1.3857,0.000,1,SEARCH,0.0000,0.0000,0.0000,-0.0000
30752,dynamic,2.3279,0.4887,5.9178,28.61,2.000,0.0629,1.4238,1.4251,-0.4069,1.3658,0.000,1,SEARCH,0.0000,0.0000,0.0000,-0.0000
30852,dynamic,2.2552,0.5300,5.8199,28.61,2.000,0.0629,1.4238,1.4251,-0.5254,1.3247,0.000,1,SEARCH,0.0000,0.0000,0.0000,-0.0000
30952,dynamic,2.1862,0.5798,5.7124,33.57,2.000,0.5739,1.6325,1.7304,-0.3238,1.6999,0.000,1,SEARCH,0.0000,0.0000,0.0000,-0.0000
31053,dynamic,2.1272,0.6410,5.5868,33.57,2.000,0.5739,1.6325,1.7304,-0.5099,1.6536,0.000,1,SEARCH,0.0000,0.0000,0.0000,-0.0000
31153,dynamic,2.0708,0.7059,5.4435,33.57,2.000,0.5739,1.6325,1.7304,-0.7411,1.5637,0.000,1,SEARCH,0.0000,0.0000,0.0000,-0.0000
31252,dynamic,2.0171,0.7664,5.2985,33.57,2.000,0.5739,1.6325,1.7304,-0.9667,1.4353,0.000,1,SEARCH,0.0000,0.0000,0.0000,-0.0000
31352,dynamic,1.9696,0.8285,5.1349,33.57,2.000,0.5739,1.6325,1.7304,-1.1764,1.2691,0.000,1,SEARCH,0.0000,0.0000,0.0000,-0.0000
31458,dynamic,1.9282,0.8829,4.9946,33.57,2.000,0.5739,1.6325,1.7304,-1.3243,1.1138,0.000,1,SEARCH,0.0000,0.0000,0.0000,-0.0000
31552,dynamic,1.8759,0.9468,4.8714,35.59,2.000,1.8070,0.8237,1.9859,-0.4363,1.9374,0.000,1,SEARCH,0.0000,0.0000,0.0000,-0.0000
31652,dynamic,1.8326,0.9961,4.7814,35.59,2.000,1.8070,0.8237,1.9859,-0.6218,1.8861,0.000,1,SEARCH,0.0000,0.0000,0.0000,-0.0000
31752,dynamic,1.8097,1.0433,4.7109,35.59,2.000,1.8070,0.8237,1.9859,-0.7780,1.8272,0.000,1,SEARCH,0.0000,0.0000,0.0000,-0.0000
31852,dynamic,1.7882,1.0809,4.6454,35.59,2.000,1.8070,0.8237,1.9859,-0.8949,1.7729,0.000,1,SEARCH,0.0000,0.0000,0.0000,-0.0000
31952,dynamic,1.7447,1.1053,4.5894,35.59,2.000,1.8070,0.8237,1.9859,-0.9963,1.7179,0.000,1,SEARCH,0.0000,0.0000,0.0000,-0.0000
32052,dynamic,1.6892,1.1175,4.5377,35.59,2.000,1.8070,0.8237,1.9859,-1.0914,1.6591,0.000,1,SEARCH,0.0000,0.0000,0.0000,-0.0000
32152,dynamic,1.6167,1.1198,4.5138,35.59,2.000,1.8070,0.8237,1.9859,-1.1567,1.6143,0.000,1,SEARCH,0.0000,0.0000,0.0000,-0.0000
32253,dynamic,1.5284,1.1085,4.5461,35.59,2.000,1.8070,0.8237,1.9859,-1.1443,1.6231,0.000,1,SEARCH,0.0000,0.0000,0.0000,-0.0000
32352,dynamic,1.4281,1.0876,4.6423,34.91,2.000,1.3655,0.2880,1.3956,-0.4449,1.3227,0.000,1,SEARCH,0.0000,0.0000,0.0000,-0.0000
32452,dynamic,1.3293,1.0565,4.7854,34.91,2.000,1.3655,0.2880,1.3956,-0.2711,1.3690,0.000,1,SEARCH,0.0000,0.0000,0.0000,-0.0000
32552,dynamic,1.2298,1.0239,4.9525,34.91,2.000,1.3655,0.2880,1.3956,-0.0620,1.3942,0.000,1,SEARCH,0.0000,0.0000,0.0000,-0.0000
32652,dynamic,1.1239,0.9880,5.1000,34.91,2.000,1.3655,0.2880,1.3956,0.1757,1.3844,0.000,1,SEARCH,0.0000,0.0000,0.0000,-0.0000
32752,dynamic,1.0279,0.9629,5.2053,34.91,2.000,1.3655,0.2880,1.3956,0.3415,1.3531,0.000,1,SEARCH,0.0000,0.0000,0.0000,-0.0000
32852,dynamic,0.9107,0.9324,5.2570,34.91,2.000,1.3655,0.2880,1.3956,0.4410,1.3240,0.000,1,SEARCH,0.0000,0.0000,0.0000,-0.0000
32952,dynamic,0.7992,0.8965,5.2864,34.91,2.000,1.3655,0.2880,1.3956,0.4871,1.3078,0.000,1,SEARCH,0.0000,0.0000,0.0000,-0.0000
33052,dynamic,0.6954,0.8622,5.3277,0.00,2.000,0.0000,0.0000,0.0000,0.0000,0.0000,0.000,0,SEARCH,0.0000,0.0000,0.0000,-0.0000
33152,dynamic,0.5801,0.8227,5.3895,0.00,2.000,0.0000,0.0000,0.0000,0.0000,0.0000,0.000,0,SEARCH,0.0000,0.0000,0.0000,-0.0000
33255,dynamic,0.4501,0.7801,5.4690,0.00,2.000,0.0000,0.0000,0.0000,0.0000,0.0000,0.000,0,SEARCH,0.0000,0.0000,0.0000,-0.0000
33354,dynamic,0.3206,0.7239,5.5712,0.00,2.000,0.0000,0.0000,0.0000,0.0000,0.0000,0.000,0,SEARCH,0.0000,0.0000,0.0000,-0.0000
33452,dynamic,0.2033,0.6582,5.6779,0.00,2.000,0.0000,0.0000,0.0000,0.0000,0.0000,0.000,0,SEARCH,0.0000,0.0000,0.0000,-0.0000
33553,dynamic,0.1125,0.5860,5.7519,0.00,2.000,0.0000,0.0000,0.0000,0.0000,0.0000,0.000,0,SEARCH,0.0000,0.0000,0.0000,-0.0000
33652,dynamic,0.0546,0.5214,5.8102,0.00,2.000,0.0000,0.0000,0.0000,0.0000,0.0000,0.000,0,SEARCH,0.0000,0.0000,0.0000,-0.0000
33752,dynamic,0.0125,0.4610,5.8761,0.00,2.000,0.0000,0.0000,0.0000,0.0000,0.0000,0.000,0,SEARCH,0.0000,0.0000,0.0000,-0.0000
33853,dynamic,-0.0332,0.4105,5.9613,0.00,2.000,0.0000,0.0000,0.0000,0.0000,0.0000,0.000,0,SEARCH,0.0000,0.0000,0.0000,-0.0000
33952,dynamic,-0.0751,0.3684,6.0552,0.00,2.000,0.0000,0.0000,0.0000,0.0000,0.0000,0.000,0,SEARCH,0.0000,0.0000,0.0000,-0.0000
34053,dynamic,-0.1166,0.3301,6.1149,0.00,2.000,0.0000,0.0000,0.0000,0.0000,0.0000,0.000,0,SEARCH,0.0000,0.0000,0.0000,-0.0000
34157,dynamic,-0.1492,0.2912,6.1193,0.00,2.000,0.0000,0.0000,0.0000,0.0000,0.0000,0.000,0,SEARCH,0.0000,0.0000,0.0000,-0.0000
34252,dynamic,-0.1721,0.2529,6.0849,0.00,2.000,0.0000,0.0000,0.0000,0.0000,0.0000,0.000,0,SEARCH,0.0000,0.0000,0.0000,-0.0000
34355,dynamic,-0.1800,0.2221,6.0408,0.00,2.000,0.0000,0.0000,0.0000,0.0000,0.0000,0.000,0,SEARCH,0.0000,0.0000,0.0000,-0.0000
34454,dynamic,-0.1756,0.1940,5.9972,0.00,2.000,0.0000,0.0000,0.0000,0.0000,0.0000,0.000,0,SEARCH,0.0000,0.0000,0.0000,-0.0000
34558,dynamic,-0.1687,0.1718,6.0115,0.00,2.000,0.0000,0.0000,0.0000,0.0000,0.0000,0.000,0,SEARCH,0.0000,0.0000,0.0000,-0.0000
34659,dynamic,-0.1638,0.1584,6.1053,0.00,2.000,0.0000,0.0000,0.0000,0.0000,0.0000,0.000,0,SEARCH,0.0000,0.0000,0.0000,-0.0000
34755,dynamic,-0.1545,0.1498,6.2414,0.00,2.000,0.0000,0.0000,0.0000,0.0000,0.0000,0.000,0,SEARCH,0.0000,0.0000,0.0000,-0.0000
34857,dynamic,-0.1430,0.1422,0.0487,0.00,2.000,0.0000,0.0000,0.0000,0.0000,0.0000,0.000,0,SEARCH,0.0000,0.0000,0.0000,-0.0000
34955,dynamic,-0.1316,0.1292,0.1322,0.00,2.000,0.0000,0.0000,0.0000,0.0000,0.0000,0.000,0,SEARCH,0.0000,0.0000,0.0000,-0.0000
35054,dynamic,-0.1242,0.1087,0.1411,0.00,2.000,0.0000,0.0000,0.0000,0.0000,0.0000,0.000,0,SEARCH,0.0000,0.0000,0.0000,-0.0000
35152,dynamic,-0.1186,0.0920,0.1266,0.00,2.000,0.0000,0.0000,0.0000,0.0000,0.0000,0.000,0,SEARCH,0.0000,0.0000,0.0000,-0.0000
35256,dynamic,-0.1138,0.0855,0.1397,0.00,2.000,0.0000,0.0000,0.0000,0.0000,0.0000,0.000,0,SEARCH,0.0000,0.0000,0.0000,-0.0000
35356,dynamic,-0.1108,0.0835,0.1756,0.00,2.000,0.0000,0.0000,0.0000,0.0000,0.0000,0.000,0,SEARCH,0.0000,0.0000,0.0000,-0.0000
35461,dynamic,-0.1096,0.0759,0.1953,0.00,2.000,0.0000,0.0000,0.0000,0.0000,0.0000,0.000,0,SEARCH,0.0000,0.0000,0.0000,-0.0000
35557,dynamic,-0.1092,0.0633,0.1965,0.00,2.000,0.0000,0.0000,0.0000,0.0000,0.0000,0.000,0,SEARCH,0.0000,0.0000,0.0000,-0.0000
35652,dynamic,-0.1093,0.0578,0.1761,0.00,2.000,0.0000,0.0000,0.0000,0.0000,0.0000,0.000,0,SEARCH,0.0000,0.0000,0.0000,-0.0000
35758,dynamic,-0.1098,0.0588,0.1633,0.00,2.000,0.0000,0.0000,0.0000,0.0000,0.0000,0.000,0,SEARCH,0.0000,0.0000,0.0000,-0.0000
35855,dynamic,-0.1099,0.0608,0.1630,0.00,2.000,0.0000,0.0000,0.0000,0.0000,0.0000,0.000,0,SEARCH,0.0000,0.0000,0.0000,-0.0000
35955,dynamic,-0.1088,0.0593,0.1503,0.00,2.000,0.0000,0.0000,0.0000,0.0000,0.0000,0.000,0,SEARCH,0.0000,0.0000,0.0000,-0.0000
36055,dynamic,-0.1019,0.0540,0.1299,0.00,2.000,0.0000,0.0000,0.0000,0.0000,0.0000,0.000,0,SEARCH,0.0000,0.0000,0.0000,-0.0000
36156,dynamic,-0.0840,0.0475,0.1252,0.00,2.000,0.0000,0.0000,0.0000,0.0000,0.0000,0.000,0,SEARCH,0.0000,0.0000,0.0000,-0.0000
36253,dynamic,-0.0587,0.0536,0.1287,0.00,2.000,0.0000,0.0000,0.0000,0.0000,0.0000,0.000,0,SEARCH,0.0000,0.0000,0.0000,-0.0000
36353,dynamic,-0.0327,0.0672,0.1444,0.00,2.000,0.0000,0.0000,0.0000,0.0000,0.0000,0.000,0,SEARCH,0.0000,0.0000,0.0000,-0.0000
36453,dynamic,-0.0156,0.0805,0.1800,0.00,2.000,0.0000,0.0000,0.0000,0.0000,0.0000,0.000,0,SEARCH,0.0000,0.0000,0.0000,-0.0000
36553,dynamic,-0.0053,0.0943,0.2218,0.00,2.000,0.0000,0.0000,0.0000,0.0000,0.0000,0.000,0,SEARCH,0.0000,0.0000,0.0000,-0.0000
36653,dynamic,0.0053,0.1071,0.2235,0.00,2.000,0.0000,0.0000,0.0000,0.0000,0.0000,0.000,0,SEARCH,0.0000,0.0000,0.0000,-0.0000
36753,dynamic,0.0154,0.1198,0.2192,0.00,2.000,0.0000,0.0000,0.0000,0.0000,0.0000,0.000,0,SEARCH,0.0000,0.0000,0.0000,-0.0000
36853,dynamic,0.0244,0.1262,0.2170,0.00,2.000,0.0000,0.0000,0.0000,0.0000,0.0000,0.000,0,SEARCH,0.0000,0.0000,0.0000,-0.0000
36952,dynamic,0.0336,0.1166,0.1864,0.00,2.000,0.0000,0.0000,0.0000,0.0000,0.0000,0.000,0,SEARCH,0.0000,0.0000,0.0000,-0.0000
37052,dynamic,0.0505,0.1005,0.1748,0.00,2.000,0.0000,0.0000,0.0000,0.0000,0.0000,0.000,0,SEARCH,0.0000,0.0000,0.0000,-0.0000
37152,dynamic,0.0643,0.0989,0.1832,0.00,2.000,0.0000,0.0000,0.0000,0.0000,0.0000,0.000,0,SEARCH,0.0000,0.0000,0.0000,-0.0000
37252,dynamic,0.0693,0.1046,0.1729,0.00,2.000,0.0000,0.0000,0.0000,0.0000,0.0000,0.000,0,SEARCH,0.0000,0.0000,0.0000,-0.0000
37353,dynamic,0.0633,0.1023,0.1452,0.00,2.000,0.0000,0.0000,0.0000,0.0000,0.0000,0.000,0,SEARCH,0.0000,0.0000,0.0000,-0.0000
37452,dynamic,0.0555,0.0974,0.0931,0.00,2.000,0.0000,0.0000,0.0000,0.0000,0.0000,0.000,0,SEARCH,0.0000,0.0000,0.0000,-0.0000
37552,dynamic,0.0533,0.0926,0.0259,0.00,2.000,0.0000,0.0000,0.0000,0.0000,0.0000,0.000,0,SEARCH,0.0000,0.0000,0.0000,-0.0000
37652,dynamic,0.0571,0.0936,6.2407,0.00,2.000,0.0000,0.0000,0.0000,0.0000,0.0000,0.000,0,SEARCH,0.0000,0.0000,0.0000,-0.0000
37752,dynamic,0.0582,0.0947,6.2101,0.00,2.000,0.0000,0.0000,0.0000,0.0000,0.0000,0.000,0,SEARCH,0.0000,0.0000,0.0000,-0.0000
37852,dynamic,0.0555,0.0974,6.2365,0.00,2.000,0.0000,0.0000,0.0000,0.0000,0.0000,0.000,0,SEARCH,0.0000,0.0000,0.0000,-0.0000
37952,dynamic,0.0459,0.1037,0.0323,0.00,2.000,0.0000,0.0000,0.0000,0.0000,0.0000,0.000,0,SEARCH,0.0000,0.0000,0.0000,-0.0000
38052,dynamic,0.0398,0.1093,0.1260,0.00,2.000,0.0000,0.0000,0.0000,0.0000,0.0000,0.000,0,SEARCH,0.0000,0.0000,0.0000,-0.0000
38152,dynamic,0.0326,0.1184,0.1949,0.00,2.000,0.0000,0.0000,0.0000,0.0000,0.0000,0.000,0,SEARCH,0.0000,0.0000,0.0000,-0.0000
38252,dynamic,0.0330,0.1249,0.1747,0.00,2.000,0.0000,0.0000,0.0000,0.0000,0.0000,0.000,0,SEARCH,0.0000,0.0000,0.0000,-0.0000
38352,dynamic,0.0284,0.1330,0.1451,0.00,2.000,0.0000,0.0000,0.0000,0.0000,0.0000,0.000,0,SEARCH,0.0000,0.0000,0.0000,-0.0000
38452,dynamic,0.0201,0.1300,0.1421,0.00,2.000,0.0000,0.0000,0.0000,0.0000,0.0000,0.000,0,SEARCH,0.0000,0.0000,0.0000,-0.0000
38553,dynamic,0.0288,0.1276,0.1479,0.00,2.000,0.0000,0.0000,0.0000,0.0000,0.0000,0.000,0,SEARCH,0.0000,0.0000,0.0000,-0.0000
38652,dynamic,0.0438,0.1264,0.1444,0.00,2.000,0.0000,0.0000,0.0000,0.0000,0.0000,0.000,0,SEARCH,0.0000,0.0000,0.0000,-0.0000
38752,dynamic,0.0451,0.1279,0.1410,0.00,2.000,0.0000,0.0000,0.0000,0.0000,0.0000,0.000,0,SEARCH,0.0000,0.0000,0.0000,-0.0000
38852,dynamic,0.0363,0.1277,0.1411,0.00,2.000,0.0000,0.0000,0.0000,0.0000,0.0000,0.000,0,SEARCH,0.0000,0.0000,0.0000,-0.0000
38952,dynamic,0.0294,0.1300,0.1416,0.00,2.000,0.0000,0.0000,0.0000,0.0000,0.0000,0.000,0,SEARCH,0.0000,0.0000,0.0000,-0.0000
39052,dynamic,0.0354,0.1299,0.1425,0.00,2.000,0.0000,0.0000,0.0000,0.0000,0.0000,0.000,0,SEARCH,0.0000,0.0000,0.0000,-0.0000
39152,dynamic,0.0419,0.1288,0.1424,0.00,2.000,0.0000,0.0000,0.0000,0.0000,0.0000,0.000,0,SEARCH,0.0000,0.0000,0.0000,-0.0000
39252,dynamic,0.0452,0.1271,0.1426,0.00,2.000,0.0000,0.0000,0.0000,0.0000,0.0000,0.000,0,SEARCH,0.0000,0.0000,0.0000,-0.0000
39352,dynamic,0.0456,0.1269,0.1428,0.00,2.000,0.0000,0.0000,0.0000,0.0000,0.0000,0.000,0,SEARCH,0.0000,0.0000,0.0000,-0.0000
39452,dynamic,0.0472,0.1260,0.1430,0.00,2.000,0.0000,0.0000,0.0000,0.0000,0.0000,0.000,0,SEARCH,0.0000,0.0000,0.0000,-0.0000
39552,dynamic,0.0477,0.1284,0.1434,0.00,2.000,0.0000,0.0000,0.0000,0.0000,0.0000,0.000,0,SEARCH,0.0000,0.0000,0.0000,-0.0000
39652,dynamic,0.0493,0.1240,0.1436,0.00,2.000,0.0000,0.0000,0.0000,0.0000,0.0000,0.000,0,SEARCH,0.0000,0.0000,0.0000,-0.0000
39758,dynamic,0.0499,0.1219,0.1436,0.00,2.000,0.0000,0.0000,0.0000,0.0000,0.0000,0.000,0,SEARCH,0.0000,0.0000,0.0000,-0.0000
39852,dynamic,0.0534,0.1191,0.1437,0.00,2.000,0.0000,0.0000,0.0000,0.0000,0.0000,0.000,0,SEARCH,0.0000,0.0000,0.0000,-0.0000
39952,dynamic,0.0555,0.1190,0.1440,0.00,2.000,0.0000,0.0000,0.0000,0.0000,0.0000,0.000,0,SEARCH,0.0000,0.0000,0.0000,-0.0000
40052,dynamic,0.0575,0.1194,0.1441,0.00,2.000,0.0000,0.0000,0.0000,0.0000,0.0000,0.000,0,SEARCH,0.0000,0.0000,0.0000,-0.0000
40153,dynamic,0.0589,0.1182,0.1443,0.00,2.000,0.0000,0.0000,0.0000,0.0000,0.0000,0.000,0,SEARCH,0.0000,0.0000,0.0000,-0.0000
40252,dynamic,0.0608,0.1139,0.1444,0.00,2.000,0.0000,0.0000,0.0000,0.0000,0.0000,0.000,0,SEARCH,0.0000,0.0000,0.0000,-0.0000
40353,dynamic,0.0620,0.1121,0.1446,0.00,2.000,0.0000,0.0000,0.0000,0.0000,0.0000,0.000,0,SEARCH,0.0000,0.0000,0.0000,-0.0000
40452,dynamic,0.0630,0.1121,0.1447,0.00,2.000,0.0000,0.0000,0.0000,0.0000,0.0000,0.000,0,SEARCH,0.0000,0.0000,0.0000,-0.0000
40552,dynamic,0.0644,0.1129,0.1449,0.00,2.000,0.0000,0.0000,0.0000,0.0000,0.0000,0.000,0,SEARCH,0.0000,0.0000,0.0000,-0.0000
40653,dynamic,0.0679,0.1123,0.1451,0.00,2.000,0.0000,0.0000,0.0000,0.0000,0.0000,0.000,0,SEARCH,0.0000,0.0000,0.0000,-0.0000
40752,dynamic,0.0702,0.1125,0.1453,0.00,2.000,0.0000,0.0000,0.0000,0.0000,0.0000,0.000,0,SEARCH,0.0000,0.0000,0.0000,-0.0000
40853,dynamic,0.0723,0.1109,0.1454,0.00,2.000,0.0000,0.0000,0.0000,0.0000,0.0000,0.000,0,SEARCH,0.0000,0.0000,0.0000,-0.0000
40952,dynamic,0.0735,0.1111,0.1456,0.00,2.000,0.0000,0.0000,0.0000,0.0000,0.0000,0.000,0,SEARCH,0.0000,0.0000,0.0000,-0.0000
41052,dynamic,0.0759,0.1094,0.1457,0.00,2.000,0.0000,0.0000,0.0000,0.0000,0.0000,0.000,0,SEARCH,0.0000,0.0000,0.0000,-0.0000
41152,dynamic,0.0783,0.1083,0.1459,0.00,2.000,0.0000,0.0000,0.0000,0.0000,0.0000,0.000,0,SEARCH,0.0000,0.0000,0.0000,-0.0000
41252,dynamic,0.0815,0.1067,0.1460,0.00,2.000,0.0000,0.0000,0.0000,0.0000,0.0000,0.000,0,SEARCH,0.0000,0.0000,0.0000,-0.0000
41352,dynamic,0.0840,0.1061,0.1462,0.00,2.000,0.0000,0.0000,0.0000,0.0000,0.0000,0.000,0,SEARCH,0.0000,0.0000,0.0000,-0.0000
41452,dynamic,0.0873,0.1043,0.1463,0.00,2.000,0.0000,0.0000,0.0000,0.0000,0.0000,0.000,0,SEARCH,0.0000,0.0000,0.0000,-0.0000
41552,dynamic,0.0900,0.1035,0.1465,0.00,2.000,0.0000,0.0000,0.0000,0.0000,0.0000,0.000,0,SEARCH,0.0000,0.0000,0.0000,-0.0000
41653,dynamic,0.0929,0.1014,0.1466,0.00,2.000,0.0000,0.0000,0.0000,0.0000,0.0000,0.000,0,SEARCH,0.0000,0.0000,0.0000,-0.0000
41752,dynamic,0.0956,0.1004,0.1467,0.00,2.000,0.0000,0.0000,0.0000,0.0000,0.0000,0.000,0,SEARCH,0.0000,0.0000,0.0000,-0.0000
41853,dynamic,0.0983,0.0987,0.1468,0.00,2.000,0.0000,0.0000,0.0000,0.0000,0.0000,0.000,0,SEARCH,0.0000,0.0000,0.0000,-0.0000
41953,dynamic,0.1008,0.0984,0.1470,0.00,2.000,0.0000,0.0000,0.0000,0.0000,0.0000,0.000,0,SEARCH,0.0000,0.0000,0.0000,-0.0000
42053,dynamic,0.1038,0.0965,0.1472,0.00,2.000,0.0000,0.0000,0.0000,0.0000,0.0000,0.000,0,SEARCH,0.0000,0.0000,0.0000,-0.0000
42153,dynamic,0.1058,0.0959,0.1473,0.00,2.000,0.0000,0.0000,0.0000,0.0000,0.0000,0.000,0,SEARCH,0.0000,0.0000,0.0000,-0.0000
42254,dynamic,0.1079,0.0935,0.1474,0.00,2.000,0.0000,0.0000,0.0000,0.0000,0.0000,0.000,0,SEARCH,0.0000,0.0000,0.0000,-0.0000
42353,dynamic,0.1095,0.0926,0.1476,0.00,2.000,0.0000,0.0000,0.0000,0.0000,0.0000,0.000,0,SEARCH,0.0000,0.0000,0.0000,-0.0000
42453,dynamic,0.1114,0.0903,0.1477,0.00,2.000,0.0000,0.0000,0.0000,0.0000,0.0000,0.000,0,SEARCH,0.0000,0.0000,0.0000,-0.0000
42554,dynamic,0.1129,0.0893,0.1479,0.00,2.000,0.0000,0.0000,0.0000,0.0000,0.0000,0.000,0,SEARCH,0.0000,0.0000,0.0000,-0.0000
42653,dynamic,0.1149,0.0869,0.1480,0.00,2.000,0.0000,0.0000,0.0000,0.0000,0.0000,0.000,0,SEARCH,0.0000,0.0000,0.0000,-0.0000
42753,dynamic,0.1164,0.0860,0.1482,0.00,2.000,0.0000,0.0000,0.0000,0.0000,0.0000,0.000,0,SEARCH,0.0000,0.0000,0.0000,-0.0000
42854,dynamic,0.1180,0.0841,0.1483,0.00,2.000,0.0000,0.0000,0.0000,0.0000,0.0000,0.000,0,SEARCH,0.0000,0.0000,0.0000,-0.0000
42954,dynamic,0.1191,0.0843,0.1485,0.00,2.000,0.0000,0.0000,0.0000,0.0000,0.0000,0.000,0,SEARCH,0.0000,0.0000,0.0000,-0.0000
43056,dynamic,0.1211,0.0816,0.1486,0.00,2.000,0.0000,0.0000,0.0000,0.0000,0.0000,0.000,0,SEARCH,0.0000,0.0000,0.0000,-0.0000
43154,dynamic,0.1227,0.0805,0.1488,0.00,2.000,0.0000,0.0000,0.0000,0.0000,0.0000,0.000,0,SEARCH,0.0000,0.0000,0.0000,-0.0000
43254,dynamic,0.1239,0.0789,0.1489,0.00,2.000,0.0000,0.0000,0.0000,0.0000,0.0000,0.000,0,SEARCH,0.0000,0.0000,0.0000,-0.0000
43353,dynamic,0.1249,0.0783,0.1491,0.00,2.000,0.0000,0.0000,0.0000,0.0000,0.0000,0.000,0,SEARCH,0.0000,0.0000,0.0000,-0.0000
43460,dynamic,0.1260,0.0759,0.1492,0.00,2.000,0.0000,0.0000,0.0000,0.0000,0.0000,0.000,0,SEARCH,0.0000,0.0000,0.0000,-0.0000
43557,dynamic,0.1270,0.0748,0.1493,0.00,2.000,0.0000,0.0000,0.0000,0.0000,0.0000,0.000,0,SEARCH,0.0000,0.0000,0.0000,-0.0000
43652,dynamic,0.1282,0.0730,0.1495,0.00,2.000,0.0000,0.0000,0.0000,0.0000,0.0000,0.000,0,SEARCH,0.0000,0.0000,0.0000,-0.0000
43756,dynamic,0.1293,0.0721,0.1496,0.00,2.000,0.0000,0.0000,0.0000,0.0000,0.0000,0.000,0,SEARCH,0.0000,0.0000,0.0000,-0.0000
43860,dynamic,0.1305,0.0700,0.1497,0.00,2.000,0.0000,0.0000,0.0000,0.0000,0.0000,0.000,0,SEARCH,0.0000,0.0000,0.0000,-0.0000
43953,dynamic,0.1317,0.0697,0.1499,0.00,2.000,0.0000,0.0000,0.0000,0.0000,0.0000,0.000,0,SEARCH,0.0000,0.0000,0.0000,-0.0000
44056,dynamic,0.1328,0.0677,0.1500,0.00,2.000,0.0000,0.0000,0.0000,0.0000,0.0000,0.000,0,SEARCH,0.0000,0.0000,0.0000,-0.0000
44153,dynamic,0.1337,0.0670,0.1501,0.00,2.000,0.0000,0.0000,0.0000,0.0000,0.0000,0.000,0,SEARCH,0.0000,0.0000,0.0000,-0.0000
44253,dynamic,0.1347,0.0652,0.1503,0.00,2.000,0.0000,0.0000,0.0000,0.0000,0.0000,0.000,0,SEARCH,0.0000,0.0000,0.0000,-0.0000
44357,dynamic,0.1355,0.0646,0.1504,0.00,2.000,0.0000,0.0000,0.0000,0.0000,0.0000,0.000,0,SEARCH,0.0000,0.0000,0.0000,-0.0000
44461,dynamic,0.1362,0.0625,0.1506,0.00,2.000,0.0000,0.0000,0.0000,0.0000,0.0000,0.000,0,SEARCH,0.0000,0.0000,0.0000,-0.0000
44556,dynamic,0.1370,0.0615,0.1507,0.00,2.000,0.0000,0.0000,0.0000,0.0000,0.0000,0.000,0,SEARCH,0.0000,0.0000,0.0000,-0.0000
44654,dynamic,0.1375,0.0597,0.1509,0.00,2.000,0.0000,0.0000,0.0000,0.0000,0.0000,0.000,0,SEARCH,0.0000,0.0000,0.0000,-0.0000
44755,dynamic,0.1381,0.0587,0.1510,0.00,2.000,0.0000,0.0000,0.0000,0.0000,0.0000,0.000,0,SEARCH,0.0000,0.0000,0.0000,-0.0000
44857,dynamic,0.1386,0.0573,0.1511,0.00,2.000,0.0000,0.0000,0.0000,0.0000,0.0000,0.000,0,SEARCH,0.0000,0.0000,0.0000,-0.0000
44956,dynamic,0.1393,0.0570,0.1512,0.00,2.000,0.0000,0.0000,0.0000,0.0000,0.0000,0.000,0,SEARCH,0.0000,0.0000,0.0000,-0.0000
45056,dynamic,0.1408,0.0554,0.1514,0.00,2.000,0.0000,0.0000,0.0000,0.0000,0.0000,0.000,0,SEARCH,0.0000,0.0000,0.0000,-0.0000
45154,dynamic,0.1420,0.0544,0.1515,0.00,2.000,0.0000,0.0000,0.0000,0.0000,0.0000,0.000,0,SEARCH,0.0000,0.0000,0.0000,-0.0000
45254,dynamic,0.1423,0.0529,0.1517,0.00,2.000,0.0000,0.0000,0.0000,0.0000,0.0000,0.000,0,SEARCH,0.0000,0.0000,0.0000,-0.0000
45362,dynamic,0.1427,0.0522,0.1518,0.00,2.000,0.0000,0.0000,0.0000,0.0000,0.0000,0.000,0,SEARCH,0.0000,0.0000,0.0000,-0.0000
45453,dynamic,0.1423,0.0505,0.1520,0.00,2.000,0.0000,0.0000,0.0000,0.0000,0.0000,0.000,0,SEARCH,0.0000,0.0000,0.0000,-0.0000
45553,dynamic,0.1425,0.0499,0.1521,0.00,2.000,0.0000,0.0000,0.0000,0.0000,0.0000,0.000,0,SEARCH,0.0000,0.0000,0.0000,-0.0000
45653,dynamic,0.1431,0.0486,0.1523,0.00,2.000,0.0000,0.0000,0.0000,0.0000,0.0000,0.000,0,SEARCH,0.0000,0.0000,0.0000,-0.0000
45753,dynamic,0.1438,0.0480,0.1524,0.00,2.000,0.0000,0.0000,0.0000,0.0000,0.0000,0.000,0,SEARCH,0.0000,0.0000,0.0000,-0.0000
45853,dynamic,0.1435,0.0470,0.1526,0.00,2.000,0.0000,0.0000,0.0000,0.0000,0.0000,0.000,0,SEARCH,0.0000,0.0000,0.0000,-0.0000
45953,dynamic,0.1438,0.0468,0.1527,0.00,2.000,0.0000,0.0000,0.0000,0.0000,0.0000,0.000,0,SEARCH,0.0000,0.0000,0.0000,-0.0000
46052,dynamic,0.1439,0.0460,0.1529,0.00,2.000,0.0000,0.0000,0.0000,0.0000,0.0000,0.000,0,SEARCH,0.0000,0.0000,0.0000,-0.0000
46152,dynamic,0.1443,0.0454,0.1530,0.00,2.000,0.0000,0.0000,0.0000,0.0000,0.0000,0.000,0,SEARCH,0.0000,0.0000,0.0000,-0.0000
46252,dynamic,0.1437,0.0445,0.1532,0.00,2.000,0.0000,0.0000,0.0000,0.0000,0.0000,0.000,0,SEARCH,0.0000,0.0000,0.0000,-0.0000
46352,dynamic,0.1433,0.0440,0.1533,0.00,2.000,0.0000,0.0000,0.0000,0.0000,0.0000,0.000,0,SEARCH,0.0000,0.0000,0.0000,-0.0000
46454,dynamic,0.1426,0.0430,0.1534,0.00,2.000,0.0000,0.0000,0.0000,0.0000,0.0000,0.000,0,SEARCH,0.0000,0.0000,0.0000,-0.0000
46552,dynamic,0.1423,0.0424,0.1536,0.00,2.000,0.0000,0.0000,0.0000,0.0000,0.0000,0.000,0,SEARCH,0.0000,0.0000,0.0000,-0.0000
46652,dynamic,0.1414,0.0411,0.1537,0.00,2.000,0.0000,0.0000,0.0000,0.0000,0.0000,0.000,0,SEARCH,0.0000,0.0000,0.0000,-0.0000
46752,dynamic,0.1409,0.0403,0.1539,0.00,2.000,0.0000,0.0000,0.0000,0.0000,0.0000,0.000,0,SEARCH,0.0000,0.0000,0.0000,-0.0000
46852,dynamic,0.1403,0.0389,0.1540,0.00,2.000,0.0000,0.0000,0.0000,0.0000,0.0000,0.000,0,SEARCH,0.0000,0.0000,0.0000,-0.0000
46952,dynamic,0.1403,0.0381,0.1542,0.00,2.000,0.0000,0.0000,0.0000,0.0000,0.0000,0.000,0,SEARCH,0.0000,0.0000,0.0000,-0.0000
47052,dynamic,0.1404,0.0368,0.1543,0.00,2.000,0.0000,0.0000,0.0000,0.0000,0.0000,0.000,0,SEARCH,0.0000,0.0000,0.0000,-0.0000
47152,dynamic,0.1408,0.0358,0.1544,0.00,2.000,0.0000,0.0000,0.0000,0.0000,0.0000,0.000,0,SEARCH,0.0000,0.0000,0.0000,-0.0000
47252,dynamic,0.1406,0.0352,0.1546,0.00,2.000,0.0000,0.0000,0.0000,0.0000,0.0000,0.000,0,SEARCH,0.0000,0.0000,0.0000,-0.0000
47352,dynamic,0.1408,0.0349,0.1547,0.00,2.000,0.0000,0.0000,0.0000,0.0000,0.0000,0.000,0,SEARCH,0.0000,0.0000,0.0000,-0.0000
47455,dynamic,0.1408,0.0346,0.1549,0.00,2.000,0.0000,0.0000,0.0000,0.0000,0.0000,0.000,0,SEARCH,0.0000,0.0000,0.0000,-0.0000
47553,dynamic,0.1412,0.0344,0.1551,0.00,2.000,0.0000,0.0000,0.0000,0.0000,0.0000,0.000,0,SEARCH,0.0000,0.0000,0.0000,-0.0000
47653,dynamic,0.1412,0.0338,0.1552,0.00,2.000,0.0000,0.0000,0.0000,0.0000,0.0000,0.000,0,SEARCH,0.0000,0.0000,0.0000,-0.0000
47753,dynamic,0.1416,0.0334,0.1554,0.00,2.000,0.0000,0.0000,0.0000,0.0000,0.0000,0.000,0,SEARCH,0.0000,0.0000,0.0000,-0.0000
47852,dynamic,0.1419,0.0329,0.1556,0.00,2.000,0.0000,0.0000,0.0000,0.0000,0.0000,0.000,0,SEARCH,0.0000,0.0000,0.0000,-0.0000
47953,dynamic,0.1425,0.0325,0.1558,0.00,2.000,0.0000,0.0000,0.0000,0.0000,0.0000,0.000,0,SEARCH,0.0000,0.0000,0.0000,-0.0000
48052,dynamic,0.1419,0.0321,0.1559,0.00,2.000,0.0000,0.0000,0.0000,0.0000,0.0000,0.000,0,SEARCH,0.0000,0.0000,0.0000,-0.0000
48152,dynamic,0.1418,0.0319,0.1561,0.00,2.000,0.0000,0.0000,0.0000,0.0000,0.0000,0.000,0,SEARCH,0.0000,0.0000,0.0000,-0.0000
48253,dynamic,0.1417,0.0318,0.1563,0.00,2.000,0.0000,0.0000,0.0000,0.0000,0.0000,0.000,0,SEARCH,0.0000,0.0000,0.0000,-0.0000
48352,dynamic,0.1419,0.0317,0.1564,0.00,2.000,0.0000,0.0000,0.0000,0.0000,0.0000,0.000,0,SEARCH,0.0000,0.0000,0.0000,-0.0000
48453,dynamic,0.1420,0.0314,0.1565,0.00,2.000,0.0000,0.0000,0.0000,0.0000,0.0000,0.000,0,SEARCH,0.0000,0.0000,0.0000,-0.0000
48552,dynamic,0.1424,0.0311,0.1567,0.00,2.000,0.0000,0.0000,0.0000,0.0000,0.0000,0.000,0,SEARCH,0.0000,0.0000,0.0000,-0.0000
48652,dynamic,0.1423,0.0306,0.1569,0.00,2.000,0.0000,0.0000,0.0000,0.0000,0.0000,0.000,0,SEARCH,0.0000,0.0000,0.0000,-0.0000
48752,dynamic,0.1425,0.0302,0.1570,0.00,2.000,0.0000,0.0000,0.0000,0.0000,0.0000,0.000,0,SEARCH,0.0000,0.0000,0.0000,-0.0000
48852,dynamic,0.1424,0.0297,0.1572,0.00,2.000,0.0000,0.0000,0.0000,0.0000,0.0000,0.000,0,SEARCH,0.0000,0.0000,0.0000,-0.0000
48952,dynamic,0.1428,0.0293,0.1573,0.00,2.000,0.0000,0.0000,0.0000,0.0000,0.0000,0.000,0,SEARCH,0.0000,0.0000,0.0000,-0.0000
49052,dynamic,0.1424,0.0292,0.1575,0.00,2.000,0.0000,0.0000,0.0000,0.0000,0.0000,0.000,0,SEARCH,0.0000,0.0000,0.0000,-0.0000
49152,dynamic,0.1422,0.0292,0.1576,0.00,2.000,0.0000,0.0000,0.0000,0.0000,0.0000,0.000,0,SEARCH,0.0000,0.0000,0.0000,-0.0000
49252,dynamic,0.1414,0.0296,0.1578,0.00,2.000,0.0000,0.0000,0.0000,0.0000,0.0000,0.000,0,SEARCH,0.0000,0.0000,0.0000,-0.0000
49352,dynamic,0.1412,0.0299,0.1580,0.00,2.000,0.0000,0.0000,0.0000,0.0000,0.0000,0.000,0,SEARCH,0.0000,0.0000,0.0000,-0.0000
49452,dynamic,0.1413,0.0295,0.1581,0.00,2.000,0.0000,0.0000,0.0000,0.0000,0.0000,0.000,0,SEARCH,0.0000,0.0000,0.0000,-0.0000
49552,dynamic,0.1417,0.0291,0.1582,0.00,2.000,0.0000,0.0000,0.0000,0.0000,0.0000,0.000,0,SEARCH,0.0000,0.0000,0.0000,-0.0000
49652,dynamic,0.1414,0.0293,0.1584,0.00,2.000,0.0000,0.0000,0.0000,0.0000,0.0000,0.000,0,SEARCH,0.0000,0.0000,0.0000,-0.0000
49752,dynamic,0.1415,0.0294,0.1586,0.00,2.000,0.0000,0.0000,0.0000,0.0000,0.0000,0.000,0,SEARCH,0.0000,0.0000,0.0000,-0.0000
49852,dynamic,0.1412,0.0300,0.1587,0.00,2.000,0.0000,0.0000,0.0000,0.0000,0.0000,0.000,0,SEARCH,0.0000,0.0000,0.0000,-0.0000
49952,dynamic,0.1414,0.0304,0.1589,0.00,2.000,0.0000,0.0000,0.0000,0.0000,0.0000,0.000,0,SEARCH,0.0000,0.0000,0.0000,-0.0000
50052,dynamic,0.1411,0.0306,0.1591,0.00,2.000,0.0000,0.0000,0.0000,0.0000,0.0000,0.000,0,SEARCH,0.0000,0.0000,0.0000,-0.0000
50159,dynamic,0.1413,0.0308,0.1592,0.00,2.000,0.0000,0.0000,0.0000,0.0000,0.0000,0.000,0,SEARCH,0.0000,0.0000,0.0000,-0.0000
50252,dynamic,0.1412,0.0310,0.1594,0.00,2.000,0.0000,0.0000,0.0000,0.0000,0.0000,0.000,0,SEARCH,0.0000,0.0000,0.0000,-0.0000
50352,dynamic,0.1414,0.0311,0.1595,0.00,2.000,0.0000,0.0000,0.0000,0.0000,0.0000,0.000,0,SEARCH,0.0000,0.0000,0.0000,-0.0000
50452,dynamic,0.1412,0.0308,0.1597,0.00,2.000,0.0000,0.0000,0.0000,0.0000,0.0000,0.000,0,SEARCH,0.0000,0.0000,0.0000,-0.0000
50553,dynamic,0.1414,0.0305,0.1598,0.00,2.000,0.0000,0.0000,0.0000,0.0000,0.0000,0.000,0,SEARCH,0.0000,0.0000,0.0000,-0.0000
50652,dynamic,0.1405,0.0308,0.1599,0.00,2.000,0.0000,0.0000,0.0000,0.0000,0.0000,0.000,0,SEARCH,0.0000,0.0000,0.0000,-0.0000
50753,dynamic,0.1401,0.0310,0.1601,0.00,2.000,0.0000,0.0000,0.0000,0.0000,0.0000,0.000,0,SEARCH,0.0000,0.0000,0.0000,-0.0000
50852,dynamic,0.1403,0.0309,0.1602,0.00,2.000,0.0000,0.0000,0.0000,0.0000,0.0000,0.000,0,SEARCH,0.0000,0.0000,0.0000,-0.0000
50952,dynamic,0.1406,0.0308,0.1604,0.00,2.000,0.0000,0.0000,0.0000,0.0000,0.0000,0.000,0,SEARCH,0.0000,0.0000,0.0000,-0.0000
51059,dynamic,0.1405,0.0308,0.1606,0.00,2.000,0.0000,0.0000,0.0000,0.0000,0.0000,0.000,0,SEARCH,0.0000,0.0000,0.0000,-0.0000
51153,dynamic,0.1407,0.0307,0.1607,0.00,2.000,0.0000,0.0000,0.0000,0.0000,0.0000,0.000,0,SEARCH,0.0000,0.0000,0.0000,-0.0000
51253,dynamic,0.1401,0.0309,0.1609,0.00,2.000,0.0000,0.0000,0.0000,0.0000,0.0000,0.000,0,SEARCH,0.0000,0.0000,0.0000,-0.0000
51352,dynamic,0.1399,0.0309,0.1611,0.00,2.000,0.0000,0.0000,0.0000,0.0000,0.0000,0.000,0,SEARCH,0.0000,0.0000,0.0000,-0.0000
51453,dynamic,0.1399,0.0313,0.1612,0.00,2.000,0.0000,0.0000,0.0000,0.0000,0.0000,0.000,0,SEARCH,0.0000,0.0000,0.0000,-0.0000
51552,dynamic,0.1401,0.0316,0.1614,0.00,2.000,0.0000,0.0000,0.0000,0.0000,0.0000,0.000,0,SEARCH,0.0000,0.0000,0.0000,-0.0000
51652,dynamic,0.1403,0.0314,0.1615,0.00,2.000,0.0000,0.0000,0.0000,0.0000,0.0000,0.000,0,SEARCH,0.0000,0.0000,0.0000,-0.0000
51752,dynamic,0.1406,0.0312,0.1616,0.00,2.000,0.0000,0.0000,0.0000,0.0000,0.0000,0.000,0,SEARCH,0.0000,0.0000,0.0000,-0.0000
51852,dynamic,0.1405,0.0315,0.1618,0.00,2.000,0.0000,0.0000,0.0000,0.0000,0.0000,0.000,0,SEARCH,0.0000,0.0000,0.0000,-0.0000
51952,dynamic,0.1406,0.0316,0.1619,0.00,2.000,0.0000,0.0000,0.0000,0.0000,0.0000,0.000,0,SEARCH,0.0000,0.0000,0.0000,-0.0000
52052,dynamic,0.1402,0.0317,0.1621,0.00,2.000,0.0000,0.0000,0.0000,0.0000,0.0000,0.000,0,SEARCH,0.0000,0.0000,0.0000,-0.0000
52152,dynamic,0.1402,0.0317,0.1622,0.00,2.000,0.0000,0.0000,0.0000,0.0000,0.0000,0.000,0,SEARCH,0.0000,0.0000,0.0000,-0.0000
52255,dynamic,0.1403,0.0317,0.1624,0.00,2.000,0.0000,0.0000,0.0000,0.0000,0.0000,0.000,0,SEARCH,0.0000,0.0000,0.0000,-0.0000
52352,dynamic,0.1408,0.0315,0.1625,0.00,2.000,0.0000,0.0000,0.0000,0.0000,0.0000,0.000,0,SEARCH,0.0000,0.0000,0.0000,-0.0000
52454,dynamic,0.1408,0.0320,0.1627,0.00,2.000,0.0000,0.0000,0.0000,0.0000,0.0000,0.000,0,SEARCH,0.0000,0.0000,0.0000,-0.0000
52554,dynamic,0.1411,0.0323,0.1628,0.00,2.000,0.0000,0.0000,0.0000,0.0000,0.0000,0.000,0,SEARCH,0.0000,0.0000,0.0000,-0.0000
52652,dynamic,0.1408,0.0326,0.1630,0.00,2.000,0.0000,0.0000,0.0000,0.0000,0.0000,0.000,0,SEARCH,0.0000,0.0000,0.0000,-0.0000
52753,dynamic,0.1408,0.0329,0.1631,0.00,2.000,0.0000,0.0000,0.0000,0.0000,0.0000,0.000,0,SEARCH,0.0000,0.0000,0.0000,-0.0000
52852,dynamic,0.1411,0.0330,0.1632,0.00,2.000,0.0000,0.0000,0.0000,0.0000,0.0000,0.000,0,SEARCH,0.0000,0.0000,0.0000,-0.0000
52953,dynamic,0.1417,0.0332,0.1634,0.00,2.000,0.0000,0.0000,0.0000,0.0000,0.0000,0.000,0,SEARCH,0.0000,0.0000,0.0000,-0.0000
53052,dynamic,0.1421,0.0333,0.1635,0.00,2.000,0.0000,0.0000,0.0000,0.0000,0.0000,0.000,0,SEARCH,0.0000,0.0000,0.0000,-0.0000
53152,dynamic,0.1426,0.0333,0.1637,0.00,2.000,0.0000,0.0000,0.0000,0.0000,0.0000,0.000,0,SEARCH,0.0000,0.0000,0.0000,-0.0000
53254,dynamic,0.1422,0.0337,0.1638,0.00,2.000,0.0000,0.0000,0.0000,0.0000,0.0000,0.000,0,SEARCH,0.0000,0.0000,0.0000,-0.0000
53354,dynamic,0.1419,0.0340,0.1640,0.00,2.000,0.0000,0.0000,0.0000,0.0000,0.0000,0.000,0,SEARCH,0.0000,0.0000,0.0000,-0.0000
53454,dynamic,0.1416,0.0343,0.1642,0.00,2.000,0.0000,0.0000,0.0000,0.0000,0.0000,0.000,0,SEARCH,0.0000,0.0000,0.0000,-0.0000
53556,dynamic,0.1416,0.0347,0.1643,0.00,2.000,0.0000,0.0000,0.0000,0.0000,0.0000,0.000,0,SEARCH,0.0000,0.0000,0.0000,-0.0000
53660,dynamic,0.1415,0.0350,0.1645,0.00,2.000,0.0000,0.0000,0.0000,0.0000,0.0000,0.000,0,SEARCH,0.0000,0.0000,0.0000,-0.0000
53754,dynamic,0.1417,0.0353,0.1646,0.00,2.000,0.0000,0.0000,0.0000,0.0000,0.0000,0.000,0,SEARCH,0.0000,0.0000,0.0000,-0.0000
53856,dynamic,0.1415,0.0359,0.1648,0.00,2.000,0.0000,0.0000,0.0000,0.0000,0.0000,0.000,0,SEARCH,0.0000,0.0000,0.0000,-0.0000
53956,dynamic,0.1417,0.0364,0.1649,0.00,2.000,0.0000,0.0000,0.0000,0.0000,0.0000,0.000,0,SEARCH,0.0000,0.0000,0.0000,-0.0000
54053,dynamic,0.1412,0.0371,0.1650,0.00,2.000,0.0000,0.0000,0.0000,0.0000,0.0000,0.000,0,SEARCH,0.0000,0.0000,0.0000,-0.0000
54155,dynamic,0.1409,0.0376,0.1652,0.00,2.000,0.0000,0.0000,0.0000,0.0000,0.0000,0.000,0,SEARCH,0.0000,0.0000,0.0000,-0.0000
54256,dynamic,0.1415,0.0377,0.1653,0.00,2.000,0.0000,0.0000,0.0000,0.0000,0.0000,0.000,0,SEARCH,0.0000,0.0000,0.0000,-0.0000
54354,dynamic,0.1423,0.0376,0.1654,0.00,2.000,0.0000,0.0000,0.0000,0.0000,0.0000,0.000,0,SEARCH,0.0000,0.0000,0.0000,-0.0000
54456,dynamic,0.1424,0.0374,0.1656,0.00,2.000,0.0000,0.0000,0.0000,0.0000,0.0000,0.000,0,SEARCH,0.0000,0.0000,0.0000,-0.0000
54554,dynamic,0.1428,0.0372,0.1657,0.00,2.000,0.0000,0.0000,0.0000,0.0000,0.0000,0.000,0,SEARCH,0.0000,0.0000,0.0000,-0.0000
54656,dynamic,0.1425,0.0368,0.1658,0.00,2.000,0.0000,0.0000,0.0000,0.0000,0.0000,0.000,0,SEARCH,0.0000,0.0000,0.0000,-0.0000
54754,dynamic,0.1425,0.0365,0.1659,0.00,2.000,0.0000,0.0000,0.0000,0.0000,0.0000,0.000,0,SEARCH,0.0000,0.0000,0.0000,-0.0000
54855,dynamic,0.1425,0.0369,0.1661,0.00,2.000,0.0000,0.0000,0.0000,0.0000,0.0000,0.000,0,SEARCH,0.0000,0.0000,0.0000,-0.0000
54955,dynamic,0.1428,0.0372,0.1662,0.00,2.000,0.0000,0.0000,0.0000,0.0000,0.0000,0.000,0,SEARCH,0.0000,0.0000,0.0000,-0.0000
55058,dynamic,0.1426,0.0375,0.1664,0.00,2.000,0.0000,0.0000,0.0000,0.0000,0.0000,0.000,0,SEARCH,0.0000,0.0000,0.0000,-0.0000
55156,dynamic,0.1425,0.0377,0.1665,0.00,2.000,0.0000,0.0000,0.0000,0.0000,0.0000,0.000,0,SEARCH,0.0000,0.0000,0.0000,-0.0000
55257,dynamic,0.1419,0.0381,0.1666,0.00,2.000,0.0000,0.0000,0.0000,0.0000,0.0000,0.000,0,SEARCH,0.0000,0.0000,0.0000,-0.0000
55356,dynamic,0.1416,0.0385,0.1668,0.00,2.000,0.0000,0.0000,0.0000,0.0000,0.0000,0.000,0,SEARCH,0.0000,0.0000,0.0000,-0.0000
55464,dynamic,0.1408,0.0386,0.1669,0.00,2.000,0.0000,0.0000,0.0000,0.0000,0.0000,0.000,0,SEARCH,0.0000,0.0000,0.0000,-0.0000
55562,dynamic,0.1404,0.0388,0.1670,0.00,2.000,0.0000,0.0000,0.0000,0.0000,0.0000,0.000,0,SEARCH,0.0000,0.0000,0.0000,-0.0000
55657,dynamic,0.1398,0.0391,0.1672,0.00,2.000,0.0000,0.0000,0.0000,0.0000,0.0000,0.000,0,SEARCH,0.0000,0.0000,0.0000,-0.0000
55753,dynamic,0.1395,0.0393,0.1673,0.00,2.000,0.0000,0.0000,0.0000,0.0000,0.0000,0.000,0,SEARCH,0.0000,0.0000,0.0000,-0.0000
55858,dynamic,0.1389,0.0397,0.1674,0.00,2.000,0.0000,0.0000,0.0000,0.0000,0.0000,0.000,0,SEARCH,0.0000,0.0000,0.0000,-0.0000
55957,dynamic,0.1385,0.0401,0.1676,0.00,2.000,0.0000,0.0000,0.0000,0.0000,0.0000,0.000,0,SEARCH,0.0000,0.0000,0.0000,-0.0000
56055,dynamic,0.1383,0.0402,0.1677,0.00,2.000,0.0000,0.0000,0.0000,0.0000,0.0000,0.000,0,SEARCH,0.0000,0.0000,0.0000,-0.0000
56154,dynamic,0.1383,0.0403,0.1678,0.00,2.000,0.0000,0.0000,0.0000,0.0000,0.0000,0.000,0,SEARCH,0.0000,0.0000,0.0000,-0.0000
56257,dynamic,0.1380,0.0404,0.1679,0.00,2.000,0.0000,0.0000,0.0000,0.0000,0.0000,0.000,0,SEARCH,0.0000,0.0000,0.0000,-0.0000
56354,dynamic,0.1380,0.0406,0.1680,0.00,2.000,0.0000,0.0000,0.0000,0.0000,0.0000,0.000,0,SEARCH,0.0000,0.0000,0.0000,-0.0000
56456,dynamic,0.1377,0.0405,0.1681,0.00,2.000,0.0000,0.0000,0.0000,0.0000,0.0000,0.000,0,SEARCH,0.0000,0.0000,0.0000,-0.0000
56553,dynamic,0.1376,0.0404,0.1682,0.00,2.000,0.0000,0.0000,0.0000,0.0000,0.0000,0.000,0,SEARCH,0.0000,0.0000,0.0000,-0.0000
56661,dynamic,0.1373,0.0404,0.1683,0.00,2.000,0.0000,0.0000,0.0000,0.0000,0.0000,0.000,0,SEARCH,0.0000,0.0000,0.0000,-0.0000
56754,dynamic,0.1373,0.0404,0.1684,0.00,2.000,0.0000,0.0000,0.0000,0.0000,0.0000,0.000,0,SEARCH,0.0000,0.0000,0.0000,-0.0000
56853,dynamic,0.1369,0.0405,0.1686,0.00,2.000,0.0000,0.0000,0.0000,0.0000,0.0000,0.000,0,SEARCH,0.0000,0.0000,0.0000,-0.0000
56954,dynamic,0.1368,0.0407,0.1687,0.00,2.000,0.0000,0.0000,0.0000,0.0000,0.0000,0.000,0,SEARCH,0.0000,0.0000,0.0000,-0.0000
57053,dynamic,0.1360,0.0407,0.1688,0.00,2.000,0.0000,0.0000,0.0000,0.0000,0.0000,0.000,0,SEARCH,0.0000,0.0000,0.0000,-0.0000
57153,dynamic,0.1355,0.0408,0.1689,0.00,2.000,0.0000,0.0000,0.0000,0.0000,0.0000,0.000,0,SEARCH,0.0000,0.0000,0.0000,-0.0000
57253,dynamic,0.1353,0.0405,0.1690,0.00,2.000,0.0000,0.0000,0.0000,0.0000,0.0000,0.000,0,SEARCH,0.0000,0.0000,0.0000,-0.0000
57352,dynamic,0.1353,0.0404,0.1691,0.00,2.000,0.0000,0.0000,0.0000,0.0000,0.0000,0.000,0,SEARCH,0.0000,0.0000,0.0000,-0.0000
57452,dynamic,0.1344,0.0403,0.1692,0.00,2.000,0.0000,0.0000,0.0000,0.0000,0.0000,0.000,0,SEARCH,0.0000,0.0000,0.0000,-0.0000
57553,dynamic,0.1339,0.0402,0.1693,0.00,2.000,0.0000,0.0000,0.0000,0.0000,0.0000,0.000,0,SEARCH,0.0000,0.0000,0.0000,-0.0000
57652,dynamic,0.1334,0.0400,0.1694,0.00,2.000,0.0000,0.0000,0.0000,0.0000,0.0000,0.000,0,SEARCH,0.0000,0.0000,0.0000,-0.0000
57753,dynamic,0.1331,0.0398,0.1695,0.00,2.000,0.0000,0.0000,0.0000,0.0000,0.0000,0.000,0,SEARCH,0.0000,0.0000,0.0000,-0.0000
57852,dynamic,0.1328,0.0397,0.1696,0.00,2.000,0.0000,0.0000,0.0000,0.0000,0.0000,0.000,0,SEARCH,0.0000,0.0000,0.0000,-0.0000
57952,dynamic,0.1327,0.0396,0.1697,0.00,2.000,0.0000,0.0000,0.0000,0.0000,0.0000,0.000,0,SEARCH,0.0000,0.0000,0.0000,-0.0000
58052,dynamic,0.1329,0.0399,0.1698,0.00,2.000,0.0000,0.0000,0.0000,0.0000,0.0000,0.000,0,SEARCH,0.0000,0.0000,0.0000,-0.0000
58152,dynamic,0.1332,0.0403,0.1699,0.00,2.000,0.0000,0.0000,0.0000,0.0000,0.0000,0.000,0,SEARCH,0.0000,0.0000,0.0000,-0.0000
58253,dynamic,0.1325,0.0411,0.1701,0.00,2.000,0.0000,0.0000,0.0000,0.0000,0.0000,0.000,0,SEARCH,0.0000,0.0000,0.0000,-0.0000
58352,dynamic,0.1320,0.0418,0.1702,0.00,2.000,0.0000,0.0000,0.0000,0.0000,0.0000,0.000,0,SEARCH,0.0000,0.0000,0.0000,-0.0000
58452,dynamic,0.1315,0.0419,0.1703,0.00,2.000,0.0000,0.0000,0.0000,0.0000,0.0000,0.000,0,SEARCH,0.0000,0.0000,0.0000,-0.0000
58552,dynamic,0.1311,0.0420,0.1704,0.00,2.000,0.0000,0.0000,0.0000,0.0000,0.0000,0.000,0,SEARCH,0.0000,0.0000,0.0000,-0.0000
58652,dynamic,0.1315,0.0419,0.1705,0.00,2.000,0.0000,0.0000,0.0000,0.0000,0.0000,0.000,0,SEARCH,0.0000,0.0000,0.0000,-0.0000
58761,dynamic,0.1319,0.0419,0.1706,0.00,2.000,0.0000,0.0000,0.0000,0.0000,0.0000,0.000,0,SEARCH,0.0000,0.0000,0.0000,-0.0000
58852,dynamic,0.1318,0.0420,0.1707,0.00,2.000,0.0000,0.0000,0.0000,0.0000,0.0000,0.000,0,SEARCH,0.0000,0.0000,0.0000,-0.0000
58952,dynamic,0.1318,0.0422,0.1708,0.00,2.000,0.0000,0.0000,0.0000,0.0000,0.0000,0.000,0,SEARCH,0.0000,0.0000,0.0000,-0.0000
59053,dynamic,0.1318,0.0425,0.1709,0.00,2.000,0.0000,0.0000,0.0000,0.0000,0.0000,0.000,0,SEARCH,0.0000,0.0000,0.0000,-0.0000
59152,dynamic,0.1318,0.0428,0.1710,0.00,2.000,0.0000,0.0000,0.0000,0.0000,0.0000,0.000,0,SEARCH,0.0000,0.0000,0.0000,-0.0000
59252,dynamic,0.1317,0.0427,0.1711,0.00,2.000,0.0000,0.0000,0.0000,0.0000,0.0000,0.000,0,SEARCH,0.0000,0.0000,0.0000,-0.0000
59352,dynamic,0.1317,0.0428,0.1712,0.00,2.000,0.0000,0.0000,0.0000,0.0000,0.0000,0.000,0,SEARCH,0.0000,0.0000,0.0000,-0.0000
59452,dynamic,0.1317,0.0432,0.1713,0.00,2.000,0.0000,0.0000,0.0000,0.0000,0.0000,0.000,0,SEARCH,0.0000,0.0000,0.0000,-0.0000
59552,dynamic,0.1318,0.0436,0.1714,0.00,2.000,0.0000,0.0000,0.0000,0.0000,0.0000,0.000,0,SEARCH,0.0000,0.0000,0.0000,-0.0000
59653,dynamic,0.1320,0.0440,0.1715,0.00,2.000,0.0000,0.0000,0.0000,0.0000,0.0000,0.000,0,SEARCH,0.0000,0.0000,0.0000,-0.0000
59753,dynamic,0.1322,0.0445,0.1716,0.00,2.000,0.0000,0.0000,0.0000,0.0000,0.0000,0.000,0,SEARCH,0.0000,0.0000,0.0000,-0.0000
59853,dynamic,0.1325,0.0448,0.1717,0.00,2.000,0.0000,0.0000,0.0000,0.0000,0.0000,0.000,0,SEARCH,0.0000,0.0000,0.0000,-0.0000
59953,dynamic,0.1328,0.0452,0.1718,0.00,2.000,0.0000,0.0000,0.0000,0.0000,0.0000,0.000,0,SEARCH,0.0000,0.0000,0.0000,-0.0000
60053,dynamic,0.1325,0.0454,0.1719,0.00,2.000,0.0000,0.0000,0.0000,0.0000,0.0000,0.000,0,SEARCH,0.0000,0.0000,0.0000,-0.0000
60153,dynamic,0.1323,0.0456,0.1720,0.00,2.000,0.0000,0.0000,0.0000,0.0000,0.0000,0.000,0,SEARCH,0.0000,0.0000,0.0000,-0.0000
60253,dynamic,0.1324,0.0457,0.1721,0.00,2.000,0.0000,0.0000,0.0000,0.0000,0.0000,0.000,0,SEARCH,0.0000,0.0000,0.0000,-0.0000
60353,dynamic,0.1324,0.0458,0.1722,0.00,2.000,0.0000,0.0000,0.0000,0.0000,0.0000,0.000,0,SEARCH,0.0000,0.0000,0.0000,-0.0000
60453,dynamic,0.1321,0.0451,0.1723,0.00,2.000,0.0000,0.0000,0.0000,0.0000,0.0000,0.000,0,SEARCH,0.0000,0.0000,0.0000,-0.0000
60552,dynamic,0.1319,0.0446,0.1724,0.00,2.000,0.0000,0.0000,0.0000,0.0000,0.0000,0.000,0,SEARCH,0.0000,0.0000,0.0000,-0.0000
60652,dynamic,0.1321,0.0447,0.1725,0.00,2.000,0.0000,0.0000,0.0000,0.0000,0.0000,0.000,0,SEARCH,0.0000,0.0000,0.0000,-0.0000
60759,dynamic,0.1324,0.0449,0.1726,0.00,2.000,0.0000,0.0000,0.0000,0.0000,0.0000,0.000,0,SEARCH,0.0000,0.0000,0.0000,-0.0000
60852,dynamic,0.1327,0.0448,0.1727,0.00,2.000,0.0000,0.0000,0.0000,0.0000,0.0000,0.000,0,SEARCH,0.0000,0.0000,0.0000,-0.0000
60952,dynamic,0.1330,0.0448,0.1728,0.00,2.000,0.0000,0.0000,0.0000,0.0000,0.0000,0.000,0,SEARCH,0.0000,0.0000,0.0000,-0.0000
61052,dynamic,0.1334,0.0447,0.1728,0.00,2.000,0.0000,0.0000,0.0000,0.0000,0.0000,0.000,0,SEARCH,0.0000,0.0000,0.0000,-0.0000
61152,dynamic,0.1338,0.0446,0.1729,0.00,2.000,0.0000,0.0000,0.0000,0.0000,0.0000,0.000,0,SEARCH,0.0000,0.0000,0.0000,-0.0000
61253,dynamic,0.1339,0.0445,0.1730,0.00,2.000,0.0000,0.0000,0.0000,0.0000,0.0000,0.000,0,SEARCH,0.0000,0.0000,0.0000,-0.0000
61352,dynamic,0.1341,0.0445,0.1731,0.00,2.000,0.0000,0.0000,0.0000,0.0000,0.0000,0.000,0,SEARCH,0.0000,0.0000,0.0000,-0.0000
61452,dynamic,0.1343,0.0444,0.1732,0.00,2.000,0.0000,0.0000,0.0000,0.0000,0.0000,0.000,0,SEARCH,0.0000,0.0000,0.0000,-0.0000
61552,dynamic,0.1346,0.0442,0.1734,0.00,2.000,0.0000,0.0000,0.0000,0.0000,0.0000,0.000,0,SEARCH,0.0000,0.0000,0.0000,-0.0000
61652,dynamic,0.1347,0.0440,0.1735,0.00,2.000,0.0000,0.0000,0.0000,0.0000,0.0000,0.000,0,SEARCH,0.0000,0.0000,0.0000,-0.0000
61752,dynamic,0.1348,0.0439,0.1735,0.00,2.000,0.0000,0.0000,0.0000,0.0000,0.0000,0.000,0,SEARCH,0.0000,0.0000,0.0000,-0.0000
61853,dynamic,0.1346,0.0436,0.1736,0.00,2.000,0.0000,0.0000,0.0000,0.0000,0.0000,0.000,0,SEARCH,0.0000,0.0000,0.0000,-0.0000
61952,dynamic,0.1344,0.0433,0.1737,0.00,2.000,0.0000,0.0000,0.0000,0.0000,0.0000,0.000,0,SEARCH,0.0000,0.0000,0.0000,-0.0000
62052,dynamic,0.1347,0.0432,0.1738,0.00,2.000,0.0000,0.0000,0.0000,0.0000,0.0000,0.000,0,SEARCH,0.0000,0.0000,0.0000,-0.0000
62152,dynamic,0.1352,0.0430,0.1740,0.00,2.000,0.0000,0.0000,0.0000,0.0000,0.0000,0.000,0,SEARCH,0.0000,0.0000,0.0000,-0.0000
62252,dynamic,0.1354,0.0430,0.1741,0.00,2.000,0.0000,0.0000,0.0000,0.0000,0.0000,0.000,0,SEARCH,0.0000,0.0000,0.0000,-0.0000
62352,dynamic,0.1357,0.0430,0.1741,0.00,2.000,0.0000,0.0000,0.0000,0.0000,0.0000,0.000,0,SEARCH,0.0000,0.0000,0.0000,-0.0000
62452,dynamic,0.1355,0.0431,0.1742,0.00,2.000,0.0000,0.0000,0.0000,0.0000,0.0000,0.000,0,SEARCH,0.0000,0.0000,0.0000,-0.0000
62563,dynamic,0.1354,0.0431,0.1743,0.00,2.000,0.0000,0.0000,0.0000,0.0000,0.0000,0.000,0,SEARCH,0.0000,0.0000,0.0000,-0.0000
62652,dynamic,0.1350,0.0431,0.1744,0.00,2.000,0.0000,0.0000,0.0000,0.0000,0.0000,0.000,0,SEARCH,0.0000,0.0000,0.0000,-0.0000
62752,dynamic,0.1347,0.0431,0.1745,0.00,2.000,0.0000,0.0000,0.0000,0.0000,0.0000,0.000,0,SEARCH,0.0000,0.0000,0.0000,-0.0000
62852,dynamic,0.1343,0.0433,0.1746,0.00,2.000,0.0000,0.0000,0.0000,0.0000,0.0000,0.000,0,SEARCH,0.0000,0.0000,0.0000,-0.0000
62952,dynamic,0.1341,0.0436,0.1747,0.00,2.000,0.0000,0.0000,0.0000,0.0000,0.0000,0.000,0,SEARCH,0.0000,0.0000,0.0000,-0.0000
63052,dynamic,0.1339,0.0434,0.1748,0.00,2.000,0.0000,0.0000,0.0000,0.0000,0.0000,0.000,0,SEARCH,0.0000,0.0000,0.0000,-0.0000
63152,dynamic,0.1338,0.0429,0.1749,0.00,2.000,0.0000,0.0000,0.0000,0.0000,0.0000,0.000,0,SEARCH,0.0000,0.0000,0.0000,-0.0000
63252,dynamic,0.1339,0.0426,0.1750,0.00,2.000,0.0000,0.0000,0.0000,0.0000,0.0000,0.000,0,SEARCH,0.0000,0.0000,0.0000,-0.0000
63353,dynamic,0.1340,0.0423,0.1751,0.00,2.000,0.0000,0.0000,0.0000,0.0000,0.0000,0.000,0,SEARCH,0.0000,0.0000,0.0000,-0.0000
63452,dynamic,0.1339,0.0423,0.1752,0.00,2.000,0.0000,0.0000,0.0000,0.0000,0.0000,0.000,0,SEARCH,0.0000,0.0000,0.0000,-0.0000
63552,dynamic,0.1336,0.0422,0.1753,0.00,2.000,0.0000,0.0000,0.0000,0.0000,0.0000,0.000,0,SEARCH,0.0000,0.0000,0.0000,-0.0000
63652,dynamic,0.1335,0.0421,0.1754,0.00,2.000,0.0000,0.0000,0.0000,0.0000,0.0000,0.000,0,SEARCH,0.0000,0.0000,0.0000,-0.0000
63752,dynamic,0.1334,0.0420,0.1755,0.00,2.000,0.0000,0.0000,0.0000,0.0000,0.0000,0.000,0,SEARCH,0.0000,0.0000,0.0000,-0.0000
63852,dynamic,0.1332,0.0421,0.1756,0.00,2.000,0.0000,0.0000,0.0000,0.0000,0.0000,0.000,0,SEARCH,0.0000,0.0000,0.0000,-0.0000
63952,dynamic,0.1329,0.0423,0.1756,0.00,2.000,0.0000,0.0000,0.0000,0.0000,0.0000,0.000,0,SEARCH,0.0000,0.0000,0.0000,-0.0000
64052,dynamic,0.1328,0.0424,0.1757,0.00,2.000,0.0000,0.0000,0.0000,0.0000,0.0000,0.000,0,SEARCH,0.0000,0.0000,0.0000,-0.0000
64152,dynamic,0.1329,0.0424,0.1758,0.00,2.000,0.0000,0.0000,0.0000,0.0000,0.0000,0.000,0,SEARCH,0.0000,0.0000,0.0000,-0.0000
64252,dynamic,0.1327,0.0425,0.1759,0.00,2.000,0.0000,0.0000,0.0000,0.0000,0.0000,0.000,0,SEARCH,0.0000,0.0000,0.0000,-0.0000
64352,dynamic,0.1326,0.0425,0.1760,0.00,2.000,0.0000,0.0000,0.0000,0.0000,0.0000,0.000,0,SEARCH,0.0000,0.0000,0.0000,-0.0000
64452,dynamic,0.1323,0.0426,0.1761,0.00,2.000,0.0000,0.0000,0.0000,0.0000,0.0000,0.000,0,SEARCH,0.0000,0.0000,0.0000,-0.0000
64562,dynamic,0.1320,0.0428,0.1762,0.00,2.000,0.0000,0.0000,0.0000,0.0000,0.0000,0.000,0,SEARCH,0.0000,0.0000,0.0000,-0.0000
64652,dynamic,0.1317,0.0428,0.1763,0.00,2.000,0.0000,0.0000,0.0000,0.0000,0.0000,0.000,0,SEARCH,0.0000,0.0000,0.0000,-0.0000
64753,dynamic,0.1316,0.0428,0.1764,0.00,2.000,0.0000,0.0000,0.0000,0.0000,0.0000,0.000,0,SEARCH,0.0000,0.0000,0.0000,-0.0000
64853,dynamic,0.1314,0.0429,0.1765,0.00,2.000,0.0000,0.0000,0.0000,0.0000,0.0000,0.000,0,SEARCH,0.0000,0.0000,0.0000,-0.0000
64952,dynamic,0.1313,0.0432,0.1766,0.00,2.000,0.0000,0.0000,0.0000,0.0000,0.0000,0.000,0,SEARCH,0.0000,0.0000,0.0000,-0.0000
65052,dynamic,0.1312,0.0430,0.1767,0.00,2.000,0.0000,0.0000,0.0000,0.0000,0.0000,0.000,0,SEARCH,0.0000,0.0000,0.0000,-0.0000
65153,dynamic,0.1309,0.0427,0.1767,0.00,2.000,0.0000,0.0000,0.0000,0.0000,0.0000,0.000,0,SEARCH,0.0000,0.0000,0.0000,-0.0000
65254,dynamic,0.1308,0.0424,0.1768,0.00,2.000,0.0000,0.0000,0.0000,0.0000,0.0000,0.000,0,SEARCH,0.0000,0.0000,0.0000,-0.0000
65354,dynamic,0.1308,0.0423,0.1769,0.00,2.000,0.0000,0.0000,0.0000,0.0000,0.0000,0.000,0,SEARCH,0.0000,0.0000,0.0000,-0.0000
65454,dynamic,0.1305,0.0421,0.1770,0.00,2.000,0.0000,0.0000,0.0000,0.0000,0.0000,0.000,0,SEARCH,0.0000,0.0000,0.0000,-0.0000
65553,dynamic,0.1301,0.0420,0.1771,0.00,2.000,0.0000,0.0000,0.0000,0.0000,0.0000,0.000,0,SEARCH,0.0000,0.0000,0.0000,-0.0000
65657,dynamic,0.1299,0.0419,0.1771,0.00,2.000,0.0000,0.0000,0.0000,0.0000,0.0000,0.000,0,SEARCH,0.0000,0.0000,0.0000,-0.0000
65757,dynamic,0.1295,0.0418,0.1772,0.00,2.000,0.0000,0.0000,0.0000,0.0000,0.0000,0.000,0,SEARCH,0.0000,0.0000,0.0000,-0.0000
65856,dynamic,0.1293,0.0416,0.1773,0.00,2.000,0.0000,0.0000,0.0000,0.0000,0.0000,0.000,0,SEARCH,0.0000,0.0000,0.0000,-0.0000
65956,dynamic,0.1291,0.0413,0.1774,0.00,2.000,0.0000,0.0000,0.0000,0.0000,0.0000,0.000,0,SEARCH,0.0000,0.0000,0.0000,-0.0000
66055,dynamic,0.1285,0.0413,0.1774,0.00,2.000,0.0000,0.0000,0.0000,0.0000,0.0000,0.000,0,SEARCH,0.0000,0.0000,0.0000,-0.0000
66154,dynamic,0.1276,0.0414,0.1775,0.00,2.000,0.0000,0.0000,0.0000,0.0000,0.0000,0.000,0,SEARCH,0.0000,0.0000,0.0000,-0.0000
66257,dynamic,0.1273,0.0413,0.1776,0.00,2.000,0.0000,0.0000,0.0000,0.0000,0.0000,0.000,0,SEARCH,0.0000,0.0000,0.0000,-0.0000
66354,dynamic,0.1272,0.0410,0.1777,0.00,2.000,0.0000,0.0000,0.0000,0.0000,0.0000,0.000,0,SEARCH,0.0000,0.0000,0.0000,-0.0000
66453,dynamic,0.1268,0.0412,0.1777,0.00,2.000,0.0000,0.0000,0.0000,0.0000,0.0000,0.000,0,SEARCH,0.0000,0.0000,0.0000,-0.0000
66553,dynamic,0.1264,0.0413,0.1778,0.00,2.000,0.0000,0.0000,0.0000,0.0000,0.0000,0.000,0,SEARCH,0.0000,0.0000,0.0000,-0.0000
66652,dynamic,0.1262,0.0411,0.1779,0.00,2.000,0.0000,0.0000,0.0000,0.0000,0.0000,0.000,0,SEARCH,0.0000,0.0000,0.0000,-0.0000
66753,dynamic,0.1261,0.0408,0.1780,0.00,2.000,0.0000,0.0000,0.0000,0.0000,0.0000,0.000,0,SEARCH,0.0000,0.0000,0.0000,-0.0000
66855,dynamic,0.1260,0.0410,0.1780,0.00,2.000,0.0000,0.0000,0.0000,0.0000,0.0000,0.000,0,SEARCH,0.0000,0.0000,0.0000,-0.0000
66955,dynamic,0.1258,0.0413,0.1781,0.00,2.000,0.0000,0.0000,0.0000,0.0000,0.0000,0.000,0,SEARCH,0.0000,0.0000,0.0000,-0.0000
67054,dynamic,0.1258,0.0413,0.1782,0.00,2.000,0.0000,0.0000,0.0000,0.0000,0.0000,0.000,0,SEARCH,0.0000,0.0000,0.0000,-0.0000
67154,dynamic,0.1261,0.0410,0.1783,0.00,2.000,0.0000,0.0000,0.0000,0.0000,0.0000,0.000,0,SEARCH,0.0000,0.0000,0.0000,-0.0000
67255,dynamic,0.1264,0.0410,0.1784,0.00,2.000,0.0000,0.0000,0.0000,0.0000,0.0000,0.000,0,SEARCH,0.0000,0.0000,0.0000,-0.0000
67361,dynamic,0.1267,0.0410,0.1785,0.00,2.000,0.0000,0.0000,0.0000,0.0000,0.0000,0.000,0,SEARCH,0.0000,0.0000,0.0000,-0.0000
67454,dynamic,0.1264,0.0409,0.1786,0.00,2.000,0.0000,0.0000,0.0000,0.0000,0.0000,0.000,0,SEARCH,0.0000,0.0000,0.0000,-0.0000
67555,dynamic,0.1258,0.0407,0.1786,0.00,2.000,0.0000,0.0000,0.0000,0.0000,0.0000,0.000,0,SEARCH,0.0000,0.0000,0.0000,-0.0000
67657,dynamic,0.1260,0.0406,0.1787,0.00,2.000,0.0000,0.0000,0.0000,0.0000,0.0000,0.000,0,SEARCH,0.0000,0.0000,0.0000,-0.0000
67753,dynamic,0.1264,0.0405,0.1788,0.00,2.000,0.0000,0.0000,0.0000,0.0000,0.0000,0.000,0,SEARCH,0.0000,0.0000,0.0000,-0.0000
67856,dynamic,0.1266,0.0402,0.1788,0.00,2.000,0.0000,0.0000,0.0000,0.0000,0.0000,0.000,0,SEARCH,0.0000,0.0000,0.0000,-0.0000
67955,dynamic,0.1266,0.0400,0.1789,0.00,2.000,0.0000,0.0000,0.0000,0.0000,0.0000,0.000,0,SEARCH,0.0000,0.0000,0.0000,-0.0000
68054,dynamic,0.1269,0.0398,0.1790,0.00,2.000,0.0000,0.0000,0.0000,0.0000,0.0000,0.000,0,SEARCH,0.0000,0.0000,0.0000,-0.0000
68156,dynamic,0.1274,0.0396,0.1791,0.00,2.000,0.0000,0.0000,0.0000,0.0000,0.0000,0.000,0,SEARCH,0.0000,0.0000,0.0000,-0.0000
68256,dynamic,0.1274,0.0394,0.1792,0.00,2.000,0.0000,0.0000,0.0000,0.0000,0.0000,0.000,0,SEARCH,0.0000,0.0000,0.0000,-0.0000
68356,dynamic,0.1273,0.0391,0.1792,0.00,2.000,0.0000,0.0000,0.0000,0.0000,0.0000,0.000,0,SEARCH,0.0000,0.0000,0.0000,-0.0000
68455,dynamic,0.1274,0.0390,0.1793,0.00,2.000,0.0000,0.0000,0.0000,0.0000,0.0000,0.000,0,SEARCH,0.0000,0.0000,0.0000,-0.0000
68559,dynamic,0.1274,0.0390,0.1793,0.00,2.000,0.0000,0.0000,0.0000,0.0000,0.0000,0.000,0,SEARCH,0.0000,0.0000,0.0000,-0.0000
68656,dynamic,0.1276,0.0389,0.1794,0.00,2.000,0.0000,0.0000,0.0000,0.0000,0.0000,0.000,0,SEARCH,0.0000,0.0000,0.0000,-0.0000
68755,dynamic,0.1278,0.0388,0.1794,0.00,2.000,0.0000,0.0000,0.0000,0.0000,0.0000,0.000,0,SEARCH,0.0000,0.0000,0.0000,-0.0000
68854,dynamic,0.1281,0.0388,0.1795,0.00,2.000,0.0000,0.0000,0.0000,0.0000,0.0000,0.000,0,SEARCH,0.0000,0.0000,0.0000,-0.0000
68955,dynamic,0.1285,0.0388,0.1796,0.00,2.000,0.0000,0.0000,0.0000,0.0000,0.0000,0.000,0,SEARCH,0.0000,0.0000,0.0000,-0.0000
69055,dynamic,0.1283,0.0387,0.1797,0.00,2.000,0.0000,0.0000,0.0000,0.0000,0.0000,0.000,0,SEARCH,0.0000,0.0000,0.0000,-0.0000
69156,dynamic,0.1279,0.0386,0.1797,0.00,2.000,0.0000,0.0000,0.0000,0.0000,0.0000,0.000,0,SEARCH,0.0000,0.0000,0.0000,-0.0000
69256,dynamic,0.1274,0.0385,0.1798,0.00,2.000,0.0000,0.0000,0.0000,0.0000,0.0000,0.000,0,SEARCH,0.0000,0.0000,0.0000,-0.0000
69358,dynamic,0.1268,0.0384,0.1799,0.00,2.000,0.0000,0.0000,0.0000,0.0000,0.0000,0.000,0,SEARCH,0.0000,0.0000,0.0000,-0.0000
69456,dynamic,0.1267,0.0383,0.1799,0.00,2.000,0.0000,0.0000,0.0000,0.0000,0.0000,0.000,0,SEARCH,0.0000,0.0000,0.0000,-0.0000
69556,dynamic,0.1266,0.0382,0.1800,0.00,2.000,0.0000,0.0000,0.0000,0.0000,0.0000,0.000,0,SEARCH,0.0000,0.0000,0.0000,-0.0000
69655,dynamic,0.1267,0.0380,0.1801,0.00,2.000,0.0000,0.0000,0.0000,0.0000,0.0000,0.000,0,SEARCH,0.0000,0.0000,0.0000,-0.0000
69755,dynamic,0.1269,0.0377,0.1801,0.00,2.000,0.0000,0.0000,0.0000,0.0000,0.0000,0.000,0,SEARCH,0.0000,0.0000,0.0000,-0.0000
69854,dynamic,0.1275,0.0375,0.1802,0.00,2.000,0.0000,0.0000,0.0000,0.0000,0.0000,0.000,0,SEARCH,0.0000,0.0000,0.0000,-0.0000
69954,dynamic,0.1280,0.0373,0.1802,0.00,2.000,0.0000,0.0000,0.0000,0.0000,0.0000,0.000,0,SEARCH,0.0000,0.0000,0.0000,-0.0000
70059,dynamic,0.1283,0.0373,0.1803,0.00,2.000,0.0000,0.0000,0.0000,0.0000,0.0000,0.000,0,SEARCH,0.0000,0.0000,0.0000,-0.0000
70153,dynamic,0.1284,0.0372,0.1804,0.00,2.000,0.0000,0.0000,0.0000,0.0000,0.0000,0.000,0,SEARCH,0.0000,0.0000,0.0000,-0.0000
70254,dynamic,0.1283,0.0373,0.1805,0.00,2.000,0.0000,0.0000,0.0000,0.0000,0.0000,0.000,0,SEARCH,0.0000,0.0000,0.0000,-0.0000
70353,dynamic,0.1280,0.0375,0.1805,0.00,2.000,0.0000,0.0000,0.0000,0.0000,0.0000,0.000,0,SEARCH,0.0000,0.0000,0.0000,-0.0000
70453,dynamic,0.1280,0.0375,0.1806,0.00,2.000,0.0000,0.0000,0.0000,0.0000,0.0000,0.000,0,SEARCH,0.0000,0.0000,0.0000,-0.0000
70553,dynamic,0.1279,0.0373,0.1806,0.00,2.000,0.0000,0.0000,0.0000,0.0000,0.0000,0.000,0,SEARCH,0.0000,0.0000,0.0000,-0.0000
70653,dynamic,0.1275,0.0367,0.1807,0.00,2.000,0.0000,0.0000,0.0000,0.0000,0.0000,0.000,0,SEARCH,0.0000,0.0000,0.0000,-0.0000
70753,dynamic,0.1270,0.0360,0.1808,0.00,2.000,0.0000,0.0000,0.0000,0.0000,0.0000,0.000,0,SEARCH,0.0000,0.0000,0.0000,-0.0000
70853,dynamic,0.1269,0.0359,0.1808,0.00,2.000,0.0000,0.0000,0.0000,0.0000,0.0000,0.000,0,SEARCH,0.0000,0.0000,0.0000,-0.0000
70953,dynamic,0.1268,0.0359,0.1809,0.00,2.000,0.0000,0.0000,0.0000,0.0000,0.0000,0.000,0,SEARCH,0.0000,0.0000,0.0000,-0.0000
71053,dynamic,0.1272,0.0358,0.1809,0.00,2.000,0.0000,0.0000,0.0000,0.0000,0.0000,0.000,0,SEARCH,0.0000,0.0000,0.0000,-0.0000
71157,dynamic,0.1278,0.0357,0.1810,0.00,2.000,0.0000,0.0000,0.0000,0.0000,0.0000,0.000,0,SEARCH,0.0000,0.0000,0.0000,-0.0000
71253,dynamic,0.1280,0.0358,0.1811,0.00,2.000,0.0000,0.0000,0.0000,0.0000,0.0000,0.000,0,SEARCH,0.0000,0.0000,0.0000,-0.0000
71353,dynamic,0.1280,0.0359,0.1811,0.00,2.000,0.0000,0.0000,0.0000,0.0000,0.0000,0.000,0,SEARCH,0.0000,0.0000,0.0000,-0.0000
71452,dynamic,0.1280,0.0359,0.1812,0.00,2.000,0.0000,0.0000,0.0000,0.0000,0.0000,0.000,0,SEARCH,0.0000,0.0000,0.0000,-0.0000
71552,dynamic,0.1280,0.0359,0.1813,0.00,2.000,0.0000,0.0000,0.0000,0.0000,0.0000,0.000,0,SEARCH,0.0000,0.0000,0.0000,-0.0000
71652,dynamic,0.1282,0.0358,0.1813,0.00,2.000,0.0000,0.0000,0.0000,0.0000,0.0000,0.000,0,SEARCH,0.0000,0.0000,0.0000,-0.0000
71752,dynamic,0.1284,0.0356,0.1814,0.00,2.000,0.0000,0.0000,0.0000,0.0000,0.0000,0.000,0,SEARCH,0.0000,0.0000,0.0000,-0.0000
71853,dynamic,0.1288,0.0357,0.1814,0.00,2.000,0.0000,0.0000,0.0000,0.0000,0.0000,0.000,0,SEARCH,0.0000,0.0000,0.0000,-0.0000
71952,dynamic,0.1292,0.0359,0.1815,0.00,2.000,0.0000,0.0000,0.0000,0.0000,0.0000,0.000,0,SEARCH,0.0000,0.0000,0.0000,-0.0000
72059,dynamic,0.1294,0.0361,0.1816,0.00,2.000,0.0000,0.0000,0.0000,0.0000,0.0000,0.000,0,SEARCH,0.0000,0.0000,0.0000,-0.0000
72152,dynamic,0.1295,0.0362,0.1816,0.00,2.000,0.0000,0.0000,0.0000,0.0000,0.0000,0.000,0,SEARCH,0.0000,0.0000,0.0000,-0.0000
72253,dynamic,0.1300,0.0363,0.1816,0.00,2.000,0.0000,0.0000,0.0000,0.0000,0.0000,0.000,0,SEARCH,0.0000,0.0000,0.0000,-0.0000
72353,dynamic,0.1306,0.0363,0.1817,0.00,2.000,0.0000,0.0000,0.0000,0.0000,0.0000,0.000,0,SEARCH,0.0000,0.0000,0.0000,-0.0000
72453,dynamic,0.1304,0.0365,0.1818,0.00,2.000,0.0000,0.0000,0.0000,0.0000,0.0000,0.000,0,SEARCH,0.0000,0.0000,0.0000,-0.0000
72552,dynamic,0.1298,0.0367,0.1818,0.00,2.000,0.0000,0.0000,0.0000,0.0000,0.0000,0.000,0,SEARCH,0.0000,0.0000,0.0000,-0.0000
72653,dynamic,0.1297,0.0371,0.1819,0.00,2.000,0.0000,0.0000,0.0000,0.0000,0.0000,0.000,0,SEARCH,0.0000,0.0000,0.0000,-0.0000
72753,dynamic,0.1298,0.0375,0.1819,0.00,2.000,0.0000,0.0000,0.0000,0.0000,0.0000,0.000,0,SEARCH,0.0000,0.0000,0.0000,-0.0000
72853,dynamic,0.1300,0.0376,0.1819,0.00,2.000,0.0000,0.0000,0.0000,0.0000,0.0000,0.000,0,SEARCH,0.0000,0.0000,0.0000,-0.0000
72952,dynamic,0.1300,0.0377,0.1820,0.00,2.000,0.0000,0.0000,0.0000,0.0000,0.0000,0.000,0,SEARCH,0.0000,0.0000,0.0000,-0.0000
73052,dynamic,0.1299,0.0377,0.1820,0.00,2.000,0.0000,0.0000,0.0000,0.0000,0.0000,0.000,0,SEARCH,0.0000,0.0000,0.0000,-0.0000
73153,dynamic,0.1297,0.0377,0.1821,0.00,2.000,0.0000,0.0000,0.0000,0.0000,0.0000,0.000,0,SEARCH,0.0000,0.0000,0.0000,-0.0000
73252,dynamic,0.1297,0.0378,0.1821,0.00,2.000,0.0000,0.0000,0.0000,0.0000,0.0000,0.000,0,SEARCH,0.0000,0.0000,0.0000,-0.0000
73353,dynamic,0.1297,0.0379,0.1822,0.00,2.000,0.0000,0.0000,0.0000,0.0000,0.0000,0.000,0,SEARCH,0.0000,0.0000,0.0000,-0.0000
73453,dynamic,0.1302,0.0380,0.1822,0.00,2.000,0.0000,0.0000,0.0000,0.0000,0.0000,0.000,0,SEARCH,0.0000,0.0000,0.0000,-0.0000
73553,dynamic,0.1309,0.0380,0.1823,0.00,2.000,0.0000,0.0000,0.0000,0.0000,0.0000,0.000,0,SEARCH,0.0000,0.0000,0.0000,-0.0000
73653,dynamic,0.1312,0.0381,0.1823,0.00,2.000,0.0000,0.0000,0.0000,0.0000,0.0000,0.000,0,SEARCH,0.0000,0.0000,0.0000,-0.0000
73752,dynamic,0.1313,0.0381,0.1824,0.00,2.000,0.0000,0.0000,0.0000,0.0000,0.0000,0.000,0,SEARCH,0.0000,0.0000,0.0000,-0.0000
73853,dynamic,0.1315,0.0381,0.1824,0.00,2.000,0.0000,0.0000,0.0000,0.0000,0.0000,0.000,0,SEARCH,0.0000,0.0000,0.0000,-0.0000
73952,dynamic,0.1316,0.0382,0.1825,0.00,2.000,0.0000,0.0000,0.0000,0.0000,0.0000,0.000,0,SEARCH,0.0000,0.0000,0.0000,-0.0000
74052,dynamic,0.1318,0.0383,0.1825,0.00,2.000,0.0000,0.0000,0.0000,0.0000,0.0000,0.000,0,SEARCH,0.0000,0.0000,0.0000,-0.0000
74152,dynamic,0.1322,0.0385,0.1826,0.00,2.000,0.0000,0.0000,0.0000,0.0000,0.0000,0.000,0,SEARCH,0.0000,0.0000,0.0000,-0.0000
74252,dynamic,0.1324,0.0384,0.1826,0.00,2.000,0.0000,0.0000,0.0000,0.0000,0.0000,0.000,0,SEARCH,0.0000,0.0000,0.0000,-0.0000
74352,dynamic,0.1325,0.0382,0.1827,0.00,2.000,0.0000,0.0000,0.0000,0.0000,0.0000,0.000,0,SEARCH,0.0000,0.0000,0.0000,-0.0000
74458,dynamic,0.1327,0.0381,0.1827,0.00,2.000,0.0000,0.0000,0.0000,0.0000,0.0000,0.000,0,SEARCH,0.0000,0.0000,0.0000,-0.0000
74552,dynamic,0.1328,0.0380,0.1828,0.00,2.000,0.0000,0.0000,0.0000,0.0000,0.0000,0.000,0,SEARCH,0.0000,0.0000,0.0000,-0.0000
74652,dynamic,0.1328,0.0376,0.1828,0.00,2.000,0.0000,0.0000,0.0000,0.0000,0.0000,0.000,0,SEARCH,0.0000,0.0000,0.0000,-0.0000
74752,dynamic,0.1328,0.0372,0.1828,0.00,2.000,0.0000,0.0000,0.0000,0.0000,0.0000,0.000,0,SEARCH,0.0000,0.0000,0.0000,-0.0000
74852,dynamic,0.1331,0.0369,0.1829,0.00,2.000,0.0000,0.0000,0.0000,0.0000,0.0000,0.000,0,SEARCH,0.0000,0.0000,0.0000,-0.0000
74952,dynamic,0.1335,0.0368,0.1829,0.00,2.000,0.0000,0.0000,0.0000,0.0000,0.0000,0.000,0,SEARCH,0.0000,0.0000,0.0000,-0.0000
75052,dynamic,0.1336,0.0369,0.1830,0.00,2.000,0.0000,0.0000,0.0000,0.0000,0.0000,0.000,0,SEARCH,0.0000,0.0000,0.0000,-0.0000
75152,dynamic,0.1333,0.0375,0.1830,0.00,2.000,0.0000,0.0000,0.0000,0.0000,0.0000,0.000,0,SEARCH,0.0000,0.0000,0.0000,-0.0000
75253,dynamic,0.1332,0.0377,0.1831,0.00,2.000,0.0000,0.0000,0.0000,0.0000,0.0000,0.000,0,SEARCH,0.0000,0.0000,0.0000,-0.0000
75352,dynamic,0.1331,0.0377,0.1831,0.00,2.000,0.0000,0.0000,0.0000,0.0000,0.0000,0.000,0,SEARCH,0.0000,0.0000,0.0000,-0.0000
75453,dynamic,0.1330,0.0374,0.1832,0.00,2.000,0.0000,0.0000,0.0000,0.0000,0.0000,0.000,0,SEARCH,0.0000,0.0000,0.0000,-0.0000
75552,dynamic,0.1330,0.0371,0.1832,0.00,2.000,0.0000,0.0000,0.0000,0.0000,0.0000,0.000,0,SEARCH,0.0000,0.0000,0.0000,-0.0000
75653,dynamic,0.1330,0.0369,0.1832,0.00,2.000,0.0000,0.0000,0.0000,0.0000,0.0000,0.000,0,SEARCH,0.0000,0.0000,0.0000,-0.0000
75752,dynamic,0.1331,0.0367,0.1833,0.00,2.000,0.0000,0.0000,0.0000,0.0000,0.0000,0.000,0,SEARCH,0.0000,0.0000,0.0000,-0.0000
75852,dynamic,0.1330,0.0365,0.1833,0.00,2.000,0.0000,0.0000,0.0000,0.0000,0.0000,0.000,0,SEARCH,0.0000,0.0000,0.0000,-0.0000
75952,dynamic,0.1329,0.0362,0.1834,0.00,2.000,0.0000,0.0000,0.0000,0.0000,0.0000,0.000,0,SEARCH,0.0000,0.0000,0.0000,-0.0000
76052,dynamic,0.1328,0.0362,0.1834,0.00,2.000,0.0000,0.0000,0.0000,0.0000,0.0000,0.000,0,SEARCH,0.0000,0.0000,0.0000,-0.0000
76152,dynamic,0.1328,0.0365,0.1834,0.00,2.000,0.0000,0.0000,0.0000,0.0000,0.0000,0.000,0,SEARCH,0.0000,0.0000,0.0000,-0.0000
76252,dynamic,0.1325,0.0366,0.1835,0.00,2.000,0.0000,0.0000,0.0000,0.0000,0.0000,0.000,0,SEARCH,0.0000,0.0000,0.0000,-0.0000
76352,dynamic,0.1319,0.0366,0.1835,0.00,2.000,0.0000,0.0000,0.0000,0.0000,0.0000,0.000,0,SEARCH,0.0000,0.0000,0.0000,-0.0000
76452,dynamic,0.1319,0.0365,0.1836,0.00,2.000,0.0000,0.0000,0.0000,0.0000,0.0000,0.000,0,SEARCH,0.0000,0.0000,0.0000,-0.0000
76552,dynamic,0.1321,0.0362,0.1836,0.00,2.000,0.0000,0.0000,0.0000,0.0000,0.0000,0.000,0,SEARCH,0.0000,0.0000,0.0000,-0.0000
76652,dynamic,0.1319,0.0358,0.1837,0.00,2.000,0.0000,0.0000,0.0000,0.0000,0.0000,0.000,0,SEARCH,0.0000,0.0000,0.0000,-0.0000
76752,dynamic,0.1316,0.0353,0.1837,0.00,2.000,0.0000,0.0000,0.0000,0.0000,0.0000,0.000,0,SEARCH,0.0000,0.0000,0.0000,-0.0000
76852,dynamic,0.1311,0.0350,0.1838,0.00,2.000,0.0000,0.0000,0.0000,0.0000,0.0000,0.000,0,SEARCH,0.0000,0.0000,0.0000,-0.0000
76953,dynamic,0.1305,0.0348,0.1838,0.00,2.000,0.0000,0.0000,0.0000,0.0000,0.0000,0.000,0,SEARCH,0.0000,0.0000,0.0000,-0.0000
77052,dynamic,0.1302,0.0346,0.1839,0.00,2.000,0.0000,0.0000,0.0000,0.0000,0.0000,0.000,0,SEARCH,0.0000,0.0000,0.0000,-0.0000
77152,dynamic,0.1302,0.0344,0.1839,0.00,2.000,0.0000,0.0000,0.0000,0.0000,0.0000,0.000,0,SEARCH,0.0000,0.0000,0.0000,-0.0000
77252,dynamic,0.1300,0.0343,0.1840,0.00,2.000,0.0000,0.0000,0.0000,0.0000,0.0000,0.000,0,SEARCH,0.0000,0.0000,0.0000,-0.0000
77352,dynamic,0.1297,0.0343,0.1840,0.00,2.000,0.0000,0.0000,0.0000,0.0000,0.0000,0.000,0,SEARCH,0.0000,0.0000,0.0000,-0.0000
77452,dynamic,0.1293,0.0344,0.1841,0.00,2.000,0.0000,0.0000,0.0000,0.0000,0.0000,0.000,0,SEARCH,0.0000,0.0000,0.0000,-0.0000
77552,dynamic,0.1286,0.0346,0.1841,0.00,2.000,0.0000,0.0000,0.0000,0.0000,0.0000,0.000,0,SEARCH,0.0000,0.0000,0.0000,-0.0000
77652,dynamic,0.1282,0.0345,0.1842,0.00,2.000,0.0000,0.0000,0.0000,0.0000,0.0000,0.000,0,SEARCH,0.0000,0.0000,0.0000,-0.0000
77752,dynamic,0.1280,0.0344,0.1842,0.00,2.000,0.0000,0.0000,0.0000,0.0000,0.0000,0.000,0,SEARCH,0.0000,0.0000,0.0000,-0.0000
77852,dynamic,0.1277,0.0346,0.1842,0.00,2.000,0.0000,0.0000,0.0000,0.0000,0.0000,0.000,0,SEARCH,0.0000,0.0000,0.0000,-0.0000
77952,dynamic,0.1272,0.0349,0.1843,0.00,2.000,0.0000,0.0000,0.0000,0.0000,0.0000,0.000,0,SEARCH,0.0000,0.0000,0.0000,-0.0000
78052,dynamic,0.1269,0.0350,0.1843,0.00,2.000,0.0000,0.0000,0.0000,0.0000,0.0000,0.000,0,SEARCH,0.0000,0.0000,0.0000,-0.0000
78152,dynamic,0.1268,0.0347,0.1843,0.00,2.000,0.0000,0.0000,0.0000,0.0000,0.0000,0.000,0,SEARCH,0.0000,0.0000,0.0000,-0.0000
78252,dynamic,0.1270,0.0349,0.1843,0.00,2.000,0.0000,0.0000,0.0000,0.0000,0.0000,0.000,0,SEARCH,0.0000,0.0000,0.0000,-0.0000
78352,dynamic,0.1274,0.0354,0.1844,0.00,2.000,0.0000,0.0000,0.0000,0.0000,0.0000,0.000,0,SEARCH,0.0000,0.0000,0.0000,-0.0000
78455,dynamic,0.1275,0.0352,0.1844,0.00,2.000,0.0000,0.0000,0.0000,0.0000,0.0000,0.000,0,SEARCH,0.0000,0.0000,0.0000,-0.0000
78552,dynamic,0.1275,0.0344,0.1845,0.00,2.000,0.0000,0.0000,0.0000,0.0000,0.0000,0.000,0,SEARCH,0.0000,0.0000,0.0000,-0.0000
78652,dynamic,0.1273,0.0337,0.1845,0.00,2.000,0.0000,0.0000,0.0000,0.0000,0.0000,0.000,0,SEARCH,0.0000,0.0000,0.0000,-0.0000
78753,dynamic,0.1266,0.0336,0.1845,0.00,2.000,0.0000,0.0000,0.0000,0.0000,0.0000,0.000,0,SEARCH,0.0000,0.0000,0.0000,-0.0000
78852,dynamic,0.1262,0.0336,0.1846,0.00,2.000,0.0000,0.0000,0.0000,0.0000,0.0000,0.000,0,SEARCH,0.0000,0.0000,0.0000,-0.0000
78952,dynamic,0.1259,0.0337,0.1846,0.00,2.000,0.0000,0.0000,0.0000,0.0000,0.0000,0.000,0,SEARCH,0.0000,0.0000,0.0000,-0.0000
79052,dynamic,0.1257,0.0339,0.1846,0.00,2.000,0.0000,0.0000,0.0000,0.0000,0.0000,0.000,0,SEARCH,0.0000,0.0000,0.0000,-0.0000
79152,dynamic,0.1256,0.0343,0.1847,0.00,2.000,0.0000,0.0000,0.0000,0.0000,0.0000,0.000,0,SEARCH,0.0000,0.0000,0.0000,-0.0000
79252,dynamic,0.1258,0.0347,0.1847,0.00,2.000,0.0000,0.0000,0.0000,0.0000,0.0000,0.000,0,SEARCH,0.0000,0.0000,0.0000,-0.0000
79352,dynamic,0.1261,0.0351,0.1848,0.00,2.000,0.0000,0.0000,0.0000,0.0000,0.0000,0.000,0,SEARCH,0.0000,0.0000,0.0000,-0.0000
79452,dynamic,0.1261,0.0352,0.1848,0.00,2.000,0.0000,0.0000,0.0000,0.0000,0.0000,0.000,0,SEARCH,0.0000,0.0000,0.0000,-0.0000
79552,dynamic,0.1257,0.0351,0.1849,0.00,2.000,0.0000,0.0000,0.0000,0.0000,0.0000,0.000,0,SEARCH,0.0000,0.0000,0.0000,-0.0000
79653,dynamic,0.1254,0.0347,0.1849,0.00,2.000,0.0000,0.0000,0.0000,0.0000,0.0000,0.000,0,SEARCH,0.0000,0.0000,0.0000,-0.0000
79752,dynamic,0.1251,0.0342,0.1849,0.00,2.000,0.0000,0.0000,0.0000,0.0000,0.0000,0.000,0,SEARCH,0.0000,0.0000,0.0000,-0.0000
79852,dynamic,0.1252,0.0338,0.1849,0.00,2.000,0.0000,0.0000,0.0000,0.0000,0.0000,0.000,0,SEARCH,0.0000,0.0000,0.0000,-0.0000
79952,dynamic,0.1255,0.0335,0.1849,0.00,2.000,0.0000,0.0000,0.0000,0.0000,0.0000,0.000,0,SEARCH,0.0000,0.0000,0.0000,-0.0000
80052,dynamic,0.1256,0.0331,0.1849,0.00,2.000,0.0000,0.0000,0.0000,0.0000,0.0000,0.000,0,SEARCH,0.0000,0.0000,0.0000,-0.0000
80152,dynamic,0.1254,0.0326,0.1850,0.00,2.000,0.0000,0.0000,0.0000,0.0000,0.0000,0.000,0,SEARCH,0.0000,0.0000,0.0000,-0.0000
80253,dynamic,0.1253,0.0325,0.1850,0.00,2.000,0.0000,0.0000,0.0000,0.0000,0.0000,0.000,0,SEARCH,0.0000,0.0000,0.0000,-0.0000
80352,dynamic,0.1252,0.0327,0.1851,0.00,2.000,0.0000,0.0000,0.0000,0.0000,0.0000,0.000,0,SEARCH,0.0000,0.0000,0.0000,-0.0000
80452,dynamic,0.1250,0.0328,0.1851,0.00,2.000,0.0000,0.0000,0.0000,0.0000,0.0000,0.000,0,SEARCH,0.0000,0.0000,0.0000,-0.0000
80553,dynamic,0.1247,0.0327,0.1852,0.00,2.000,0.0000,0.0000,0.0000,0.0000,0.0000,0.000,0,SEARCH,0.0000,0.0000,0.0000,-0.0000
80652,dynamic,0.1245,0.0328,0.1852,0.00,2.000,0.0000,0.0000,0.0000,0.0000,0.0000,0.000,0,SEARCH,0.0000,0.0000,0.0000,-0.0000
80753,dynamic,0.1244,0.0329,0.1852,0.00,2.000,0.0000,0.0000,0.0000,0.0000,0.0000,0.000,0,SEARCH,0.0000,0.0000,0.0000,-0.0000
80852,dynamic,0.1246,0.0327,0.1853,0.00,2.000,0.0000,0.0000,0.0000,0.0000,0.0000,0.000,0,SEARCH,0.0000,0.0000,0.0000,-0.0000
80953,dynamic,0.1249,0.0322,0.1853,0.00,2.000,0.0000,0.0000,0.0000,0.0000,0.0000,0.000,0,SEARCH,0.0000,0.0000,0.0000,-0.0000
81052,dynamic,0.1252,0.0317,0.1853,0.00,2.000,0.0000,0.0000,0.0000,0.0000,0.0000,0.000,0,SEARCH,0.0000,0.0000,0.0000,-0.0000
81153,dynamic,0.1254,0.0313,0.1854,0.00,2.000,0.0000,0.0000,0.0000,0.0000,0.0000,0.000,0,SEARCH,0.0000,0.0000,0.0000,-0.0000
81252,dynamic,0.1251,0.0313,0.1854,0.00,2.000,0.0000,0.0000,0.0000,0.0000,0.0000,0.000,0,SEARCH,0.0000,0.0000,0.0000,-0.0000
81352,dynamic,0.1245,0.0315,0.1854,0.00,2.000,0.0000,0.0000,0.0000,0.0000,0.0000,0.000,0,SEARCH,0.0000,0.0000,0.0000,-0.0000
81456,dynamic,0.1243,0.0316,0.1854,0.00,2.000,0.0000,0.0000,0.0000,0.0000,0.0000,0.000,0,SEARCH,0.0000,0.0000,0.0000,-0.0000
81552,dynamic,0.1242,0.0316,0.1855,0.00,2.000,0.0000,0.0000,0.0000,0.0000,0.0000,0.000,0,SEARCH,0.0000,0.0000,0.0000,-0.0000
81653,dynamic,0.1242,0.0315,0.1855,0.00,2.000,0.0000,0.0000,0.0000,0.0000,0.0000,0.000,0,SEARCH,0.0000,0.0000,0.0000,-0.0000
81755,dynamic,0.1242,0.0314,0.1855,0.00,2.000,0.0000,0.0000,0.0000,0.0000,0.0000,0.000,0,SEARCH,0.0000,0.0000,0.0000,-0.0000
81852,dynamic,0.1243,0.0317,0.1856,0.00,2.000,0.0000,0.0000,0.0000,0.0000,0.0000,0.000,0,SEARCH,0.0000,0.0000,0.0000,-0.0000
81954,dynamic,0.1244,0.0321,0.1856,0.00,2.000,0.0000,0.0000,0.0000,0.0000,0.0000,0.000,0,SEARCH,0.0000,0.0000,0.0000,-0.0000
82054,dynamic,0.1244,0.0324,0.1857,0.00,2.000,0.0000,0.0000,0.0000,0.0000,0.0000,0.000,0,SEARCH,0.0000,0.0000,0.0000,-0.0000
82154,dynamic,0.1243,0.0327,0.1857,0.00,2.000,0.0000,0.0000,0.0000,0.0000,0.0000,0.000,0,SEARCH,0.0000,0.0000,0.0000,-0.0000
82266,dynamic,0.1242,0.0328,0.1858,0.00,2.000,0.0000,0.0000,0.0000,0.0000,0.0000,0.000,0,SEARCH,0.0000,0.0000,0.0000,-0.0000
82355,dynamic,0.1240,0.0326,0.1858,0.00,2.000,0.0000,0.0000,0.0000,0.0000,0.0000,0.000,0,SEARCH,0.0000,0.0000,0.0000,-0.0000
82452,dynamic,0.1240,0.0327,0.1858,0.00,2.000,0.0000,0.0000,0.0000,0.0000,0.0000,0.000,0,SEARCH,0.0000,0.0000,0.0000,-0.0000
82557,dynamic,0.1241,0.0329,0.1859,0.00,2.000,0.0000,0.0000,0.0000,0.0000,0.0000,0.000,0,SEARCH,0.0000,0.0000,0.0000,-0.0000
82657,dynamic,0.1244,0.0330,0.1859,0.00,2.000,0.0000,0.0000,0.0000,0.0000,0.0000,0.000,0,SEARCH,0.0000,0.0000,0.0000,-0.0000
82754,dynamic,0.1247,0.0331,0.1859,0.00,2.000,0.0000,0.0000,0.0000,0.0000,0.0000,0.000,0,SEARCH,0.0000,0.0000,0.0000,-0.0000
82854,dynamic,0.1249,0.0333,0.1859,0.00,2.000,0.0000,0.0000,0.0000,0.0000,0.0000,0.000,0,SEARCH,0.0000,0.0000,0.0000,-0.0000
82953,dynamic,0.1250,0.0336,0.1859,0.00,2.000,0.0000,0.0000,0.0000,0.0000,0.0000,0.000,0,SEARCH,0.0000,0.0000,0.0000,-0.0000
83057,dynamic,0.1253,0.0338,0.1860,0.00,2.000,0.0000,0.0000,0.0000,0.0000,0.0000,0.000,0,SEARCH,0.0000,0.0000,0.0000,-0.0000
83154,dynamic,0.1258,0.0340,0.1860,0.00,2.000,0.0000,0.0000,0.0000,0.0000,0.0000,0.000,0,SEARCH,0.0000,0.0000,0.0000,-0.0000
83254,dynamic,0.1263,0.0341,0.1860,0.00,2.000,0.0000,0.0000,0.0000,0.0000,0.0000,0.000,0,SEARCH,0.0000,0.0000,0.0000,-0.0000
83354,dynamic,0.1265,0.0343,0.1860,0.00,2.000,0.0000,0.0000,0.0000,0.0000,0.0000,0.000,0,SEARCH,0.0000,0.0000,0.0000,-0.0000
83457,dynamic,0.1267,0.0343,0.1860,0.00,2.000,0.0000,0.0000,0.0000,0.0000,0.0000,0.000,0,SEARCH,0.0000,0.0000,0.0000,-0.0000
83556,dynamic,0.1269,0.0341,0.1861,0.00,2.000,0.0000,0.0000,0.0000,0.0000,0.0000,0.000,0,SEARCH,0.0000,0.0000,0.0000,-0.0000
83655,dynamic,0.1267,0.0340,0.1861,0.00,2.000,0.0000,0.0000,0.0000,0.0000,0.0000,0.000,0,SEARCH,0.0000,0.0000,0.0000,-0.0000
83758,dynamic,0.1264,0.0340,0.1861,0.00,2.000,0.0000,0.0000,0.0000,0.0000,0.0000,0.000,0,SEARCH,0.0000,0.0000,0.0000,-0.0000
83854,dynamic,0.1265,0.0341,0.1861,0.00,2.000,0.0000,0.0000,0.0000,0.0000,0.0000,0.000,0,SEARCH,0.0000,0.0000,0.0000,-0.0000
83955,dynamic,0.1269,0.0342,0.1862,0.00,2.000,0.0000,0.0000,0.0000,0.0000,0.0000,0.000,0,SEARCH,0.0000,0.0000,0.0000,-0.0000
84058,dynamic,0.1269,0.0344,0.1862,0.00,2.000,0.0000,0.0000,0.0000,0.0000,0.0000,0.000,0,SEARCH,0.0000,0.0000,0.0000,-0.0000
84154,dynamic,0.1265,0.0347,0.1863,0.00,2.000,0.0000,0.0000,0.0000,0.0000,0.0000,0.000,0,SEARCH,0.0000,0.0000,0.0000,-0.0000
84258,dynamic,0.1263,0.0350,0.1863,0.00,2.000,0.0000,0.0000,0.0000,0.0000,0.0000,0.000,0,SEARCH,0.0000,0.0000,0.0000,-0.0000
84355,dynamic,0.1260,0.0351,0.1863,0.00,2.000,0.0000,0.0000,0.0000,0.0000,0.0000,0.000,0,SEARCH,0.0000,0.0000,0.0000,-0.0000
84458,dynamic,0.1262,0.0354,0.1864,0.00,2.000,0.0000,0.0000,0.0000,0.0000,0.0000,0.000,0,SEARCH,0.0000,0.0000,0.0000,-0.0000
84555,dynamic,0.1265,0.0356,0.1864,0.00,2.000,0.0000,0.0000,0.0000,0.0000,0.0000,0.000,0,SEARCH,0.0000,0.0000,0.0000,-0.0000
84658,dynamic,0.1268,0.0357,0.1865,0.00,2.000,0.0000,0.0000,0.0000,0.0000,0.0000,0.000,0,SEARCH,0.0000,0.0000,0.0000,-0.0000
84756,dynamic,0.1272,0.0357,0.1865,0.00,2.000,0.0000,0.0000,0.0000,0.0000,0.0000,0.000,0,SEARCH,0.0000,0.0000,0.0000,-0.0000
84855,dynamic,0.1275,0.0362,0.1865,0.00,2.000,0.0000,0.0000,0.0000,0.0000,0.0000,0.000,0,SEARCH,0.0000,0.0000,0.0000,-0.0000
84958,dynamic,0.1277,0.0368,0.1866,0.00,2.000,0.0000,0.0000,0.0000,0.0000,0.0000,0.000,0,SEARCH,0.0000,0.0000,0.0000,-0.0000
85058,dynamic,0.1277,0.0371,0.1866,0.00,2.000,0.0000,0.0000,0.0000,0.0000,0.0000,0.000,0,SEARCH,0.0000,0.0000,0.0000,-0.0000
85157,dynamic,0.1278,0.0369,0.1866,0.00,2.000,0.0000,0.0000,0.0000,0.0000,0.0000,0.000,0,SEARCH,0.0000,0.0000,0.0000,-0.0000
85257,dynamic,0.1279,0.0372,0.1866,0.00,2.000,0.0000,0.0000,0.0000,0.0000,0.0000,0.000,0,SEARCH,0.0000,0.0000,0.0000,-0.0000
85355,dynamic,0.1281,0.0377,0.1865,0.00,2.000,0.0000,0.0000,0.0000,0.0000,0.0000,0.000,0,SEARCH,0.0000,0.0000,0.0000,-0.0000
85455,dynamic,0.1284,0.0382,0.1866,0.00,2.000,0.0000,0.0000,0.0000,0.0000,0.0000,0.000,0,SEARCH,0.0000,0.0000,0.0000,-0.0000
85556,dynamic,0.1287,0.0387,0.1866,0.00,2.000,0.0000,0.0000,0.0000,0.0000,0.0000,0.000,0,SEARCH,0.0000,0.0000,0.0000,-0.0000
85654,dynamic,0.1288,0.0389,0.1866,0.00,2.000,0.0000,0.0000,0.0000,0.0000,0.0000,0.000,0,SEARCH,0.0000,0.0000,0.0000,-0.0000
85760,dynamic,0.1286,0.0389,0.1865,0.00,2.000,0.0000,0.0000,0.0000,0.0000,0.0000,0.000,0,SEARCH,0.0000,0.0000,0.0000,-0.0000
85855,dynamic,0.1286,0.0391,0.1865,0.00,2.000,0.0000,0.0000,0.0000,0.0000,0.0000,0.000,0,SEARCH,0.0000,0.0000,0.0000,-0.0000
85955,dynamic,0.1287,0.0395,0.1864,0.00,2.000,0.0000,0.0000,0.0000,0.0000,0.0000,0.000,0,SEARCH,0.0000,0.0000,0.0000,-0.0000
86055,dynamic,0.1288,0.0398,0.1864,0.00,2.000,0.0000,0.0000,0.0000,0.0000,0.0000,0.000,0,SEARCH,0.0000,0.0000,0.0000,-0.0000
86155,dynamic,0.1288,0.0399,0.1863,0.00,2.000,0.0000,0.0000,0.0000,0.0000,0.0000,0.000,0,SEARCH,0.0000,0.0000,0.0000,-0.0000
86260,dynamic,0.1289,0.0401,0.1863,0.00,2.000,0.0000,0.0000,0.0000,0.0000,0.0000,0.000,0,SEARCH,0.0000,0.0000,0.0000,-0.0000
86357,dynamic,0.1291,0.0403,0.1863,0.00,2.000,0.0000,0.0000,0.0000,0.0000,0.0000,0.000,0,SEARCH,0.0000,0.0000,0.0000,-0.0000
86455,dynamic,0.1294,0.0403,0.1862,0.00,2.000,0.0000,0.0000,0.0000,0.0000,0.0000,0.000,0,SEARCH,0.0000,0.0000,0.0000,-0.0000
86557,dynamic,0.1297,0.0403,0.1862,0.00,2.000,0.0000,0.0000,0.0000,0.0000,0.0000,0.000,0,SEARCH,0.0000,0.0000,0.0000,-0.0000
86659,dynamic,0.1296,0.0402,0.1861,0.00,2.000,0.0000,0.0000,0.0000,0.0000,0.0000,0.000,0,SEARCH,0.0000,0.0000,0.0000,-0.0000
86756,dynamic,0.1294,0.0401,0.1861,0.00,2.000,0.0000,0.0000,0.0000,0.0000,0.0000,0.000,0,SEARCH,0.0000,0.0000,0.0000,-0.0000
86854,dynamic,0.1292,0.0402,0.1861,0.00,2.000,0.0000,0.0000,0.0000,0.0000,0.0000,0.000,0,SEARCH,0.0000,0.0000,0.0000,-0.0000
86955,dynamic,0.1291,0.0407,0.1861,0.00,2.000,0.0000,0.0000,0.0000,0.0000,0.0000,0.000,0,SEARCH,0.0000,0.0000,0.0000,-0.0000
87054,dynamic,0.1290,0.0410,0.1860,0.00,2.000,0.0000,0.0000,0.0000,0.0000,0.0000,0.000,0,SEARCH,0.0000,0.0000,0.0000,-0.0000
87155,dynamic,0.1290,0.0411,0.1860,0.00,2.000,0.0000,0.0000,0.0000,0.0000,0.0000,0.000,0,SEARCH,0.0000,0.0000,0.0000,-0.0000
87253,dynamic,0.1291,0.0415,0.1859,0.00,2.000,0.0000,0.0000,0.0000,0.0000,0.0000,0.000,0,SEARCH,0.0000,0.0000,0.0000,-0.0000
87358,dynamic,0.1292,0.0421,0.1859,0.00,2.000,0.0000,0.0000,0.0000,0.0000,0.0000,0.000,0,SEARCH,0.0000,0.0000,0.0000,-0.0000
87453,dynamic,0.1290,0.0426,0.1860,0.00,2.000,0.0000,0.0000,0.0000,0.0000,0.0000,0.000,0,SEARCH,0.0000,0.0000,0.0000,-0.0000
87553,dynamic,0.1287,0.0421,0.1861,0.00,2.000,0.0000,0.0000,0.0000,0.0000,0.0000,0.000,0,SEARCH,0.0000,0.0000,0.0000,-0.0000
87653,dynamic,0.1289,0.0406,6.2252,0.00,2.000,0.0000,0.0000,0.0000,0.0000,0.0000,0.000,0,SEARCH,0.0000,0.0000,0.0000,-0.0000
87756,dynamic,0.1294,0.0385,6.2253,0.00,2.000,0.0000,0.0000,0.0000,0.0000,0.0000,0.000,0,SEARCH,0.0000,0.0000,0.0000,-0.0000
87853,dynamic,0.1298,0.0360,6.2254,0.00,2.000,0.0000,0.0000,0.0000,0.0000,0.0000,0.000,0,SEARCH,0.0000,0.0000,0.0000,-0.0000
87965,dynamic,0.1299,0.0346,6.2252,0.00,2.000,0.0000,0.0000,0.0000,0.0000,0.0000,0.000,0,SEARCH,0.0000,0.0000,0.0000,-0.0000
88053,dynamic,0.1301,0.0331,6.2248,0.00,2.000,0.0000,0.0000,0.0000,0.0000,0.0000,0.000,0,SEARCH,0.0000,0.0000,0.0000,-0.0000
88153,dynamic,0.1306,0.0324,6.2245,0.00,2.000,0.0000,0.0000,0.0000,0.0000,0.0000,0.000,0,SEARCH,0.0000,0.0000,0.0000,-0.0000
88253,dynamic,0.1306,0.0324,6.2243,0.00,2.000,0.0000,0.0000,0.0000,0.0000,0.0000,0.000,0,SEARCH,0.0000,0.0000,0.0000,-0.0000
88353,dynamic,0.1304,0.0329,6.2242,0.00,2.000,0.0000,0.0000,0.0000,0.0000,0.0000,0.000,0,SEARCH,0.0000,0.0000,0.0000,-0.0000
88453,dynamic,0.1301,0.0339,6.2241,0.00,2.000,0.0000,0.0000,0.0000,0.0000,0.0000,0.000,0,SEARCH,0.0000,0.0000,0.0000,-0.0000
88554,dynamic,0.1298,0.0351,6.2241,0.00,2.000,0.0000,0.0000,0.0000,0.0000,0.0000,0.000,0,SEARCH,0.0000,0.0000,0.0000,-0.0000
88654,dynamic,0.1297,0.0363,6.2242,0.00,2.000,0.0000,0.0000,0.0000,0.0000,0.0000,0.000,0,SEARCH,0.0000,0.0000,0.0000,-0.0000
88752,dynamic,0.1299,0.0376,6.2242,0.00,2.000,0.0000,0.0000,0.0000,0.0000,0.0000,0.000,0,SEARCH,0.0000,0.0000,0.0000,-0.0000
88853,dynamic,0.1294,0.0388,6.2243,0.00,2.000,0.0000,0.0000,0.0000,0.0000,0.0000,0.000,0,SEARCH,0.0000,0.0000,0.0000,-0.0000
88952,dynamic,0.1285,0.0400,6.2243,0.00,2.000,0.0000,0.0000,0.0000,0.0000,0.0000,0.000,0,SEARCH,0.0000,0.0000,0.0000,-0.0000
89053,dynamic,0.1278,0.0411,6.2244,0.00,2.000,0.0000,0.0000,0.0000,0.0000,0.0000,0.000,0,SEARCH,0.0000,0.0000,0.0000,-0.0000
89153,dynamic,0.1275,0.0422,6.2244,0.00,2.000,0.0000,0.0000,0.0000,0.0000,0.0000,0.000,0,SEARCH,0.0000,0.0000,0.0000,-0.0000
89252,dynamic,0.1270,0.0429,6.2245,0.00,2.000,0.0000,0.0000,0.0000,0.0000,0.0000,0.000,0,SEARCH,0.0000,0.0000,0.0000,-0.0000
89353,dynamic,0.1266,0.0433,6.2246,0.00,2.000,0.0000,0.0000,0.0000,0.0000,0.0000,0.000,0,SEARCH,0.0000,0.0000,0.0000,-0.0000
89452,dynamic,0.1259,0.0441,6.2246,0.00,2.000,0.0000,0.0000,0.0000,0.0000,0.0000,0.000,0,SEARCH,0.0000,0.0000,0.0000,-0.0000
89552,dynamic,0.1252,0.0451,6.2246,0.00,2.000,0.0000,0.0000,0.0000,0.0000,0.0000,0.000,0,SEARCH,0.0000,0.0000,0.0000,-0.0000
89652,dynamic,0.1245,0.0454,6.2247,0.00,2.000,0.0000,0.0000,0.0000,0.0000,0.0000,0.000,0,SEARCH,0.0000,0.0000,0.0000,-0.0000
89752,dynamic,0.1240,0.0452,6.2247,0.00,2.000,0.0000,0.0000,0.0000,0.0000,0.0000,0.000,0,SEARCH,0.0000,0.0000,0.0000,-0.0000
89852,dynamic,0.1237,0.0454,6.2248,0.00,2.000,0.0000,0.0000,0.0000,0.0000,0.0000,0.000,0,SEARCH,0.0000,0.0000,0.0000,-0.0000
89953,dynamic,0.1237,0.0461,6.2248,0.00,2.000,0.0000,0.0000,0.0000,0.0000,0.0000,0.000,0,SEARCH,0.0000,0.0000,0.0000,-0.0000
90052,dynamic,0.1238,0.0466,6.2249,0.00,2.000,0.0000,0.0000,0.0000,0.0000,0.0000,0.000,0,SEARCH,0.0000,0.0000,0.0000,-0.0000
90152,dynamic,0.1239,0.0468,6.2250,0.00,2.000,0.0000,0.0000,0.0000,0.0000,0.0000,0.000,0,SEARCH,0.0000,0.0000,0.0000,-0.0000
90252,dynamic,0.1241,0.0471,6.2250,0.00,2.000,0.0000,0.0000,0.0000,0.0000,0.0000,0.000,0,SEARCH,0.0000,0.0000,0.0000,-0.0000
90354,dynamic,0.1244,0.0474,6.2251,0.00,2.000,0.0000,0.0000,0.0000,0.0000,0.0000,0.000,0,SEARCH,0.0000,0.0000,0.0000,-0.0000
90452,dynamic,0.1250,0.0473,6.2251,0.00,2.000,0.0000,0.0000,0.0000,0.0000,0.0000,0.000,0,SEARCH,0.0000,0.0000,0.0000,-0.0000
90552,dynamic,0.1258,0.0467,6.2251,0.00,2.000,0.0000,0.0000,0.0000,0.0000,0.0000,0.000,0,SEARCH,0.0000,0.0000,0.0000,-0.0000
90652,dynamic,0.1263,0.0463,6.2252,0.00,2.000,0.0000,0.0000,0.0000,0.0000,0.0000,0.000,0,SEARCH,0.0000,0.0000,0.0000,-0.0000
90752,dynamic,0.1265,0.0460,6.2253,0.00,2.000,0.0000,0.0000,0.0000,0.0000,0.0000,0.000,0,SEARCH,0.0000,0.0000,0.0000,-0.0000
90852,dynamic,0.1266,0.0460,6.2253,0.00,2.000,0.0000,0.0000,0.0000,0.0000,0.0000,0.000,0,SEARCH,0.0000,0.0000,0.0000,-0.0000
90952,dynamic,0.1264,0.0464,6.2253,0.00,2.000,0.0000,0.0000,0.0000,0.0000,0.0000,0.000,0,SEARCH,0.0000,0.0000,0.0000,-0.0000
91052,dynamic,0.1265,0.0466,6.2254,0.00,2.000,0.0000,0.0000,0.0000,0.0000,0.0000,0.000,0,SEARCH,0.0000,0.0000,0.0000,-0.0000
91154,dynamic,0.1273,0.0465,6.2254,0.00,2.000,0.0000,0.0000,0.0000,0.0000,0.0000,0.000,0,SEARCH,0.0000,0.0000,0.0000,-0.0000
91252,dynamic,0.1279,0.0468,6.2255,0.00,2.000,0.0000,0.0000,0.0000,0.0000,0.0000,0.000,0,SEARCH,0.0000,0.0000,0.0000,-0.0000
91352,dynamic,0.1281,0.0474,6.2255,0.00,2.000,0.0000,0.0000,0.0000,0.0000,0.0000,0.000,0,SEARCH,0.0000,0.0000,0.0000,-0.0000
91453,dynamic,0.1283,0.0476,6.2256,0.00,2.000,0.0000,0.0000,0.0000,0.0000,0.0000,0.000,0,SEARCH,0.0000,0.0000,0.0000,-0.0000
91552,dynamic,0.1284,0.0474,6.2256,0.00,2.000,0.0000,0.0000,0.0000,0.0000,0.0000,0.000,0,SEARCH,0.0000,0.0000,0.0000,-0.0000
91653,dynamic,0.1283,0.0475,6.2257,0.00,2.000,0.0000,0.0000,0.0000,0.0000,0.0000,0.000,0,SEARCH,0.0000,0.0000,0.0000,-0.0000
91752,dynamic,0.1280,0.0477,6.2257,0.00,2.000,0.0000,0.0000,0.0000,0.0000,0.0000,0.000,0,SEARCH,0.0000,0.0000,0.0000,-0.0000
91852,dynamic,0.1281,0.0482,6.2258,0.00,2.000,0.0000,0.0000,0.0000,0.0000,0.0000,0.000,0,SEARCH,0.0000,0.0000,0.0000,-0.0000
91956,dynamic,0.1286,0.0488,6.2258,0.00,2.000,0.0000,0.0000,0.0000,0.0000,0.0000,0.000,0,SEARCH,0.0000,0.0000,0.0000,-0.0000
92052,dynamic,0.1292,0.0491,6.2259,0.00,2.000,0.0000,0.0000,0.0000,0.0000,0.0000,0.000,0,SEARCH,0.0000,0.0000,0.0000,-0.0000
92152,dynamic,0.1300,0.0490,6.2259,0.00,2.000,0.0000,0.0000,0.0000,0.0000,0.0000,0.000,0,SEARCH,0.0000,0.0000,0.0000,-0.0000
92252,dynamic,0.1304,0.0492,6.2260,0.00,2.000,0.0000,0.0000,0.0000,0.0000,0.0000,0.000,0,SEARCH,0.0000,0.0000,0.0000,-0.0000
92352,dynamic,0.1306,0.0495,6.2260,0.00,2.000,0.0000,0.0000,0.0000,0.0000,0.0000,0.000,0,SEARCH,0.0000,0.0000,0.0000,-0.0000
92452,dynamic,0.1304,0.0498,6.2261,0.00,2.000,0.0000,0.0000,0.0000,0.0000,0.0000,0.000,0,SEARCH,0.0000,0.0000,0.0000,-0.0000
92552,dynamic,0.1299,0.0501,6.2261,0.00,2.000,0.0000,0.0000,0.0000,0.0000,0.0000,0.000,0,SEARCH,0.0000,0.0000,0.0000,-0.0000
92652,dynamic,0.1298,0.0503,6.2261,0.00,2.000,0.0000,0.0000,0.0000,0.0000,0.0000,0.000,0,SEARCH,0.0000,0.0000,0.0000,-0.0000
92754,dynamic,0.1302,0.0502,6.2262,0.00,2.000,0.0000,0.0000,0.0000,0.0000,0.0000,0.000,0,SEARCH,0.0000,0.0000,0.0000,-0.0000
92852,dynamic,0.1305,0.0502,6.2262,0.00,2.000,0.0000,0.0000,0.0000,0.0000,0.0000,0.000,0,SEARCH,0.0000,0.0000,0.0000,-0.0000
92953,dynamic,0.1310,0.0499,6.2262,0.00,2.000,0.0000,0.0000,0.0000,0.0000,0.0000,0.000,0,SEARCH,0.0000,0.0000,0.0000,-0.0000
93053,dynamic,0.1310,0.0500,6.2263,0.00,2.000,0.0000,0.0000,0.0000,0.0000,0.0000,0.000,0,SEARCH,0.0000,0.0000,0.0000,-0.0000
93152,dynamic,0.1306,0.0502,6.2263,0.00,2.000,0.0000,0.0000,0.0000,0.0000,0.0000,0.000,0,SEARCH,0.0000,0.0000,0.0000,-0.0000
93252,dynamic,0.1303,0.0505,6.2264,0.00,2.000,0.0000,0.0000,0.0000,0.0000,0.0000,0.000,0,SEARCH,0.0000,0.0000,0.0000,-0.0000
93352,dynamic,0.1303,0.0507,6.2264,0.00,2.000,0.0000,0.0000,0.0000,0.0000,0.0000,0.000,0,SEARCH,0.0000,0.0000,0.0000,-0.0000
93453,dynamic,0.1306,0.0507,6.2265,0.00,2.000,0.0000,0.0000,0.0000,0.0000,0.0000,0.000,0,SEARCH,0.0000,0.0000,0.0000,-0.0000
93552,dynamic,0.1310,0.0507,6.2265,0.00,2.000,0.0000,0.0000,0.0000,0.0000,0.0000,0.000,0,SEARCH,0.0000,0.0000,0.0000,-0.0000
93652,dynamic,0.1313,0.0509,6.2265,0.00,2.000,0.0000,0.0000,0.0000,0.0000,0.0000,0.000,0,SEARCH,0.0000,0.0000,0.0000,-0.0000
93752,dynamic,0.1314,0.0511,6.2265,0.00,2.000,0.0000,0.0000,0.0000,0.0000,0.0000,0.000,0,DONE,0.0000,0.0000,0.0000,0.0000
