time_ms,scenario,drone_x,drone_y,drone_yaw_rad,rotation_error_deg,altitude_m,pixel_err_x,pixel_err_y,ground_err_m,forward_err_m,lateral_err_m,gimbal_norm,locked,state,last_cmd_pitch,last_cmd_roll,last_cmd_yaw_vel,last_cmd_thrust
992,dynamic,-2.6543,0.0697,3.2027,33.17,0.694,0.9876,-0.8031,1.2729,-0.9366,0.8620,0.000,1,TAKEOFF,0.0000,0.0000,0.0000,-0.3919
1101,dynamic,-2.6538,0.0695,3.2027,33.17,0.763,0.9876,-0.8031,1.2729,-0.9367,0.8620,0.000,1,TAKEOFF,0.0000,0.0000,0.0000,-0.3710
1190,dynamic,-2.6537,0.0693,3.2027,33.19,0.826,0.9864,-0.8034,1.2721,-0.9355,0.8621,0.000,1,TAKEOFF,0.0000,0.0000,0.0000,-0.3522
1290,dynamic,-2.6538,0.0693,3.2027,33.19,0.893,0.9864,-0.8034,1.2721,-0.9355,0.8621,0.000,1,TAKEOFF,0.0000,0.0000,0.0000,-0.3321
1391,dynamic,-2.6538,0.0693,3.2027,33.19,0.959,0.9864,-0.8034,1.2721,-0.9355,0.8621,0.000,1,TAKEOFF,0.0000,0.0000,0.0000,-0.3122
1491,dynamic,-2.6538,0.0693,3.2027,33.19,1.026,0.9864,-0.8034,1.2721,-0.9355,0.8621,0.000,1,TAKEOFF,0.0000,0.0000,0.0000,-0.2922
1590,dynamic,-2.6541,0.0693,3.2027,33.19,1.093,0.9864,-0.8034,1.2721,-0.9355,0.8621,0.000,1,TAKEOFF,0.0000,0.0000,0.0000,-0.2721
1693,dynamic,-2.6547,0.0695,3.2027,33.19,1.160,0.9864,-0.8034,1.2721,-0.9355,0.8621,0.000,1,TAKEOFF,0.0000,0.0000,0.0000,-0.2521
1792,dynamic,-2.6550,0.0695,3.2027,33.19,1.228,0.9852,-0.8025,1.2707,-0.9343,0.8612,0.000,1,TAKEOFF,0.0000,0.0000,0.0000,-0.2317
1893,dynamic,-2.6550,0.0694,3.2027,33.19,1.294,0.9852,-0.8025,1.2707,-0.9343,0.8612,0.000,1,TAKEOFF,0.0000,0.0000,0.0000,-0.2118
1992,dynamic,-2.6551,0.0698,3.2027,33.19,1.361,0.9852,-0.8025,1.2707,-0.9343,0.8612,0.000,1,TAKEOFF,0.0000,0.0000,0.0000,-0.1916
2091,dynamic,-2.6551,0.0703,3.2027,33.19,1.426,0.9852,-0.8025,1.2707,-0.9343,0.8612,0.000,1,TAKEOFF,0.0000,0.0000,0.0000,-0.1721
2091,dynamic,-2.6551,0.0707,3.2028,33.19,1.426,0.9852,-0.8025,1.2707,-0.9343,0.8612,0.000,1,TAKEOFF,0.0000,0.0000,0.0000,-0.1721
2296,dynamic,-2.6551,0.0711,3.2027,33.48,1.562,0.9860,-0.8030,1.2716,-0.9350,0.8617,0.000,1,TAKEOFF,0.0000,0.0000,0.0000,-0.1315
2392,dynamic,-2.6550,0.0711,3.2027,33.48,1.627,0.9860,-0.8030,1.2716,-0.9350,0.8617,0.000,1,TAKEOFF,0.0000,0.0000,0.0000,-0.1119
2492,dynamic,-2.6549,0.0709,3.2027,33.48,1.694,0.9860,-0.8030,1.2716,-0.9351,0.8617,0.000,1,TAKEOFF,0.0000,0.0000,0.0000,-0.0917
2592,dynamic,-2.6553,0.0705,3.2027,33.48,1.760,0.9860,-0.8030,1.2716,-0.9351,0.8617,0.000,1,TAKEOFF,0.0000,0.0000,0.0000,-0.0719
2694,dynamic,-2.6560,0.0701,3.2027,33.48,1.827,0.9860,-0.8030,1.2716,-0.9351,0.8617,0.000,1,TAKEOFF,0.0000,0.0000,0.0000,-0.0518
2798,dynamic,-2.6563,0.0703,3.2027,33.48,1.895,0.9860,-0.8030,1.2716,-0.9351,0.8617,0.000,1,TAKEOFF,0.0000,0.0000,0.0000,-0.0314
2893,dynamic,-2.6566,0.0708,3.2027,33.19,1.961,0.9818,-0.7996,1.2662,-0.9311,0.8580,0.000,1,TAKEOFF,0.0000,0.0000,0.0000,-0.0118
2995,dynamic,-2.6574,0.0713,3.2027,33.19,2.000,0.9818,-0.7996,1.2662,-0.9311,0.8580,0.000,1,SEARCH,0.0000,0.0000,0.0000,-0.0000
3096,dynamic,-2.6584,0.0719,3.2028,33.19,2.000,0.9818,-0.7996,1.2662,-0.9311,0.8581,0.000,1,SEARCH,0.0000,0.0000,0.0000,-0.0000
3191,dynamic,-2.6586,0.0721,3.2027,33.19,2.000,0.9818,-0.7996,1.2662,-0.9311,0.8581,0.000,1,SEARCH,0.0000,0.0000,0.0000,-0.0000
3295,dynamic,-2.6584,0.0721,3.2027,33.19,2.000,0.9818,-0.7996,1.2662,-0.9311,0.8581,0.000,1,SEARCH,0.0000,0.0000,0.0000,-0.0000
3398,dynamic,-2.6587,0.0721,3.2027,33.19,2.000,0.9774,-0.7959,1.2604,-0.9269,0.8541,0.000,1,SEARCH,0.0000,0.0000,0.0000,-0.0000
3494,dynamic,-2.6593,0.0719,3.2027,33.19,2.000,0.9774,-0.7959,1.2604,-0.9269,0.8541,0.000,1,SEARCH,0.0000,0.0000,0.0000,-0.0000
3597,dynamic,-2.6592,0.0716,3.2027,33.19,2.000,0.9774,-0.7959,1.2604,-0.9270,0.8540,0.000,1,SEARCH,0.0000,0.0000,0.0000,-0.0000
3691,dynamic,-2.6587,0.0712,3.2027,33.19,2.000,0.9774,-0.7959,1.2604,-0.9270,0.8540,0.000,1,SEARCH,0.0000,0.0000,0.0000,-0.0000
3791,dynamic,-2.6580,0.0709,3.2027,33.19,2.000,0.9774,-0.7959,1.2604,-0.9270,0.8540,0.000,1,SEARCH,0.0000,0.0000,0.0000,-0.0000
3905,dynamic,-2.6574,0.0709,3.2027,33.19,2.000,0.9774,-0.7959,1.2604,-0.9270,0.8540,0.000,1,SEARCH,0.0000,0.0000,0.0000,-0.0000
3992,dynamic,-2.6570,0.0709,3.2027,33.19,2.000,0.9696,-0.7896,1.2504,-0.9196,0.8473,0.000,1,SEARCH,0.0000,0.0000,0.0000,-0.0000
4095,dynamic,-2.6569,0.0710,3.2027,33.19,2.000,0.9696,-0.7896,1.2504,-0.9196,0.8473,0.000,1,SEARCH,0.0000,0.0000,0.0000,-0.0000
4193,dynamic,-2.6570,0.0709,3.2027,33.19,2.000,0.9696,-0.7896,1.2504,-0.9196,0.8473,0.000,1,SEARCH,0.0000,0.0000,0.0000,-0.0000
4294,dynamic,-2.6571,0.0707,3.2027,33.19,2.000,0.9696,-0.7896,1.2504,-0.9196,0.8473,0.000,1,SEARCH,0.0000,0.0000,0.0000,-0.0000
4395,dynamic,-2.6570,0.0706,3.2027,33.19,2.000,0.9696,-0.7896,1.2504,-0.9196,0.8473,0.000,1,SEARCH,0.0000,0.0000,0.0000,-0.0000
4497,dynamic,-2.6567,0.0706,3.2027,33.19,2.000,0.9696,-0.7896,1.2504,-0.9196,0.8473,0.000,1,SEARCH,0.0000,0.0000,0.0000,-0.0000
4594,dynamic,-2.6566,0.0706,3.2027,32.91,2.000,0.9549,-0.7815,1.2339,-0.9054,0.8384,0.000,1,SEARCH,0.0000,0.0000,0.0000,-0.0000
4691,dynamic,-2.6565,0.0707,3.2027,32.91,2.000,0.9549,-0.7815,1.2339,-0.9054,0.8383,0.000,1,SEARCH,0.0000,0.0000,0.0000,-0.0000
4792,dynamic,-2.6566,0.0704,3.2026,32.91,2.000,0.9549,-0.7815,1.2339,-0.9053,0.8384,0.000,1,SEARCH,0.0000,0.0000,0.0000,-0.0000
4893,dynamic,-2.6568,0.0701,3.2026,32.91,2.000,0.9549,-0.7815,1.2339,-0.9054,0.8384,0.000,1,SEARCH,0.0000,0.0000,0.0000,-0.0000
4997,dynamic,-2.6574,0.0699,3.2026,32.91,2.000,0.9549,-0.7815,1.2339,-0.9055,0.8383,0.000,1,SEARCH,0.0000,0.0000,0.0000,-0.0000
5092,dynamic,-2.6580,0.0699,3.2026,32.90,2.000,0.9458,-0.7747,1.2226,-0.8968,0.8310,0.000,1,SEARCH,0.0000,0.0000,0.0000,-0.0000
5193,dynamic,-2.6577,0.0697,3.2026,32.90,2.000,0.9458,-0.7747,1.2226,-0.8968,0.8309,0.000,1,SEARCH,0.0000,0.0000,0.0000,-0.0000
5294,dynamic,-2.6568,0.0695,3.2026,32.90,2.000,0.9458,-0.7747,1.2226,-0.8968,0.8309,0.000,1,SEARCH,0.0000,0.0000,0.0000,-0.0000
5396,dynamic,-2.6570,0.0693,3.2026,32.90,2.000,0.9458,-0.7747,1.2226,-0.8968,0.8309,0.000,1,SEARCH,0.0000,0.0000,0.0000,-0.0000
5491,dynamic,-2.6576,0.0693,3.2025,32.90,2.000,0.9458,-0.7747,1.2226,-0.8968,0.8310,0.000,1,SEARCH,0.0000,0.0000,0.0000,-0.0000
5599,dynamic,-2.6570,0.0690,3.2025,32.90,2.000,0.9458,-0.7747,1.2226,-0.8968,0.8309,0.000,1,SEARCH,0.0000,0.0000,0.0000,-0.0000
5692,dynamic,-2.6555,0.0684,3.2025,33.16,2.000,0.9387,-0.7686,1.2132,-0.8901,0.8243,0.000,1,SEARCH,0.0000,0.0000,0.0000,-0.0000
5794,dynamic,-2.6557,0.0685,3.2025,33.16,2.000,0.9387,-0.7686,1.2132,-0.8900,0.8244,0.000,1,SEARCH,0.0000,0.0000,0.0000,-0.0000
5892,dynamic,-2.6563,0.0688,3.2026,33.16,2.000,0.9387,-0.7686,1.2132,-0.8901,0.8243,0.000,1,SEARCH,0.0000,0.0000,0.0000,-0.0000
5992,dynamic,-2.6560,0.0684,3.2025,33.16,2.000,0.9387,-0.7686,1.2132,-0.8901,0.8244,0.000,1,SEARCH,0.0000,0.0000,0.0000,-0.0000
6091,dynamic,-2.6553,0.0678,3.2025,33.16,2.000,0.9387,-0.7686,1.2132,-0.8901,0.8243,0.000,1,SEARCH,0.0000,0.0000,0.0000,-0.0000
6199,dynamic,-2.6547,0.0666,3.2026,33.16,2.000,0.9387,-0.7686,1.2132,-0.8901,0.8243,0.000,1,SEARCH,0.0000,0.0000,0.0000,-0.0000
6296,dynamic,-2.6543,0.0654,3.2025,32.90,2.000,0.9388,-0.7684,1.2131,-0.8902,0.8241,0.000,1,SEARCH,0.0000,0.0000,0.0000,-0.0000
6394,dynamic,-2.6544,0.0653,3.2025,32.90,2.000,0.9388,-0.7684,1.2131,-0.8902,0.8242,0.000,1,SEARCH,0.0000,0.0000,0.0000,-0.0000
6493,dynamic,-2.6549,0.0661,3.2026,32.90,2.000,0.9388,-0.7684,1.2131,-0.8903,0.8241,0.000,1,SEARCH,0.0000,0.0000,0.0000,-0.0000
6593,dynamic,-2.6546,0.0652,3.2025,32.90,2.000,0.9388,-0.7684,1.2131,-0.8902,0.8242,0.000,1,SEARCH,0.0000,0.0000,0.0000,-0.0000
6700,dynamic,-2.6542,0.0640,3.2026,32.90,2.000,0.9388,-0.7684,1.2131,-0.8902,0.8242,0.000,1,SEARCH,0.0000,0.0000,0.0000,-0.0000
6792,dynamic,-2.6547,0.0624,3.2025,33.18,2.000,0.9437,-0.7723,1.2195,-0.8949,0.8284,0.000,1,SEARCH,0.0000,0.0000,0.0000,-0.0000
6897,dynamic,-2.6555,0.0611,3.2025,33.18,2.000,0.9437,-0.7723,1.2195,-0.8949,0.8284,0.000,1,SEARCH,0.0000,0.0000,0.0000,-0.0000
7000,dynamic,-2.6551,0.0606,3.2026,33.18,2.000,0.9437,-0.7723,1.2195,-0.8949,0.8284,0.000,1,SEARCH,0.0000,0.0000,0.0000,-0.0000
7094,dynamic,-2.6543,0.0605,3.2025,33.18,2.000,0.9437,-0.7723,1.2195,-0.8949,0.8284,0.000,1,SEARCH,0.0000,0.0000,0.0000,-0.0000
7193,dynamic,-2.6539,0.0605,3.2025,33.18,2.000,0.9437,-0.7723,1.2195,-0.8949,0.8284,0.000,1,SEARCH,0.0000,0.0000,0.0000,-0.0000
7193,dynamic,-2.6538,0.0605,3.2025,33.18,2.000,0.9437,-0.7723,1.2195,-0.8949,0.8284,0.000,1,SEARCH,0.0000,0.0000,0.0000,-0.0000
7396,dynamic,-2.6541,0.0606,3.2025,33.47,2.000,0.9463,-0.7759,1.2237,-0.8974,0.8320,0.000,1,SEARCH,0.0000,0.0000,0.0000,-0.0000
7492,dynamic,-2.6549,0.0607,3.2025,33.47,2.000,0.9463,-0.7759,1.2237,-0.8974,0.8320,0.000,1,SEARCH,0.0000,0.0000,0.0000,-0.0000
7593,dynamic,-2.6549,0.0611,3.2025,33.47,2.000,0.9463,-0.7759,1.2237,-0.8974,0.8320,0.000,1,SEARCH,0.0000,0.0000,0.0000,-0.0000
7698,dynamic,-2.6547,0.0614,3.2025,33.47,2.000,0.9463,-0.7759,1.2237,-0.8974,0.8320,0.000,1,SEARCH,0.0000,0.0000,0.0000,-0.0000
7796,dynamic,-2.6552,0.0618,3.2025,33.47,2.000,0.9463,-0.7759,1.2237,-0.8974,0.8320,0.000,1,SEARCH,0.0000,0.0000,0.0000,-0.0000
7898,dynamic,-2.6559,0.0620,3.2025,33.47,2.000,0.9463,-0.7759,1.2237,-0.8974,0.8320,0.000,1,SEARCH,0.0000,0.0000,0.0000,-0.0000
7995,dynamic,-2.6564,0.0624,3.2025,32.89,2.000,0.9579,-0.7851,1.2386,-0.9084,0.8419,0.000,1,SEARCH,0.0000,0.0000,0.0000,-0.0000
8093,dynamic,-2.6565,0.0627,3.2024,32.89,2.000,0.9579,-0.7851,1.2386,-0.9084,0.8419,0.000,1,SEARCH,0.0000,0.0000,0.0000,-0.0000
8192,dynamic,-2.6562,0.0630,3.2024,32.89,2.000,0.9579,-0.7851,1.2386,-0.9084,0.8419,0.000,1,SEARCH,0.0000,0.0000,0.0000,-0.0000
8294,dynamic,-2.6559,0.0632,3.2025,32.89,2.000,0.9579,-0.7851,1.2386,-0.9084,0.8419,0.000,1,SEARCH,0.0000,0.0000,0.0000,-0.0000
8396,dynamic,-2.6556,0.0633,3.2025,32.89,2.000,0.9579,-0.7851,1.2386,-0.9084,0.8419,0.000,1,SEARCH,0.0000,0.0000,0.0000,-0.0000
8497,dynamic,-2.6554,0.0631,3.2025,33.18,2.000,0.9667,-0.7928,1.2502,-0.9167,0.8502,0.000,1,SEARCH,0.0000,0.0000,0.0000,-0.0000
8594,dynamic,-2.6558,0.0633,3.2025,33.18,2.000,0.9667,-0.7928,1.2502,-0.9166,0.8502,0.000,1,SEARCH,0.0000,0.0000,0.0000,-0.0000
8699,dynamic,-2.6564,0.0636,3.2025,33.18,2.000,0.9667,-0.7928,1.2502,-0.9167,0.8502,0.000,1,SEARCH,0.0000,0.0000,0.0000,-0.0000
8793,dynamic,-2.6568,0.0638,3.2025,33.18,2.000,0.9667,-0.7928,1.2502,-0.9167,0.8502,0.000,1,SEARCH,0.0000,0.0000,0.0000,-0.0000
8893,dynamic,-2.6570,0.0641,3.2025,33.18,2.000,0.9667,-0.7928,1.2502,-0.9167,0.8502,0.000,1,SEARCH,0.0000,0.0000,0.0000,-0.0000
9007,dynamic,-2.6572,0.0643,3.2025,33.18,2.000,0.9667,-0.7928,1.2502,-0.9167,0.8502,0.000,1,SEARCH,0.0000,0.0000,0.0000,-0.0000
9096,dynamic,-2.6574,0.0645,3.2025,32.89,2.000,0.9709,-0.7951,1.2549,-0.9207,0.8527,0.000,1,SEARCH,0.0000,0.0000,0.0000,-0.0000
9194,dynamic,-2.6578,0.0649,3.2025,32.89,2.000,0.9709,-0.7951,1.2549,-0.9207,0.8527,0.000,1,SEARCH,0.0000,0.0000,0.0000,-0.0000
9292,dynamic,-2.6583,0.0653,3.2025,32.89,2.000,0.9709,-0.7951,1.2549,-0.9207,0.8527,0.000,1,SEARCH,0.0000,0.0000,0.0000,-0.0000
9391,dynamic,-2.6591,0.0657,3.2025,32.89,2.000,0.9709,-0.7951,1.2549,-0.9207,0.8527,0.000,1,SEARCH,0.0000,0.0000,0.0000,-0.0000
9497,dynamic,-2.6599,0.0659,3.2025,32.89,2.000,0.9709,-0.7951,1.2549,-0.9207,0.8527,0.000,1,SEARCH,0.0000,0.0000,0.0000,-0.0000
9596,dynamic,-2.6598,0.0663,3.2025,33.43,2.000,0.9743,-0.7978,1.2593,-0.9239,0.8557,0.000,1,SEARCH,0.0000,0.0000,0.0000,-0.0000
9690,dynamic,-2.6590,0.0668,3.2025,33.43,2.000,0.9743,-0.7978,1.2593,-0.9239,0.8557,0.000,1,SEARCH,0.0000,0.0000,0.0000,-0.0000
9796,dynamic,-2.6586,0.0670,3.2025,33.43,2.000,0.9743,-0.7978,1.2593,-0.9239,0.8557,0.000,1,SEARCH,0.0000,0.0000,0.0000,-0.0000
9891,dynamic,-2.6587,0.0671,3.2025,33.43,2.000,0.9743,-0.7978,1.2593,-0.9239,0.8557,0.000,1,SEARCH,0.0000,0.0000,0.0000,-0.0000
9991,dynamic,-2.6586,0.0674,3.2025,33.43,2.000,0.9743,-0.7978,1.2593,-0.9239,0.8557,0.000,1,SEARCH,0.0000,0.0000,0.0000,-0.0000
10100,dynamic,-2.6586,0.0678,3.2025,33.43,2.000,0.9743,-0.7978,1.2593,-0.9239,0.8557,0.000,1,SEARCH,0.0000,0.0000,0.0000,-0.0000
10198,dynamic,-2.6587,0.0682,3.2025,33.14,2.000,0.9741,-0.7965,1.2583,-0.9238,0.8543,0.000,1,SEARCH,0.0000,0.0000,0.0000,-0.0000
10291,dynamic,-2.6590,0.0686,3.2025,33.14,2.000,0.9741,-0.7965,1.2583,-0.9238,0.8543,0.000,1,SEARCH,0.0000,0.0000,0.0000,-0.0000
10390,dynamic,-2.6588,0.0687,3.2025,33.14,2.000,0.9741,-0.7965,1.2583,-0.9238,0.8543,0.000,1,SEARCH,0.0000,0.0000,0.0000,-0.0000
10490,dynamic,-2.6584,0.0686,3.2025,33.14,2.000,0.9741,-0.7965,1.2583,-0.9238,0.8543,0.000,1,SEARCH,0.0000,0.0000,0.0000,-0.0000
10592,dynamic,-2.6580,0.0688,3.2025,33.14,2.000,0.9741,-0.7965,1.2583,-0.9238,0.8543,0.000,1,SEARCH,0.0000,0.0000,0.0000,-0.0000
10697,dynamic,-2.6575,0.0692,3.2025,33.43,2.000,0.9715,-0.7956,1.2557,-0.9212,0.8533,0.000,1,SEARCH,0.0000,0.0000,0.0000,-0.0000
10791,dynamic,-2.6575,0.0698,3.2026,33.43,2.000,0.9715,-0.7956,1.2557,-0.9212,0.8533,0.000,1,SEARCH,0.0000,0.0000,0.0000,-0.0000
10892,dynamic,-2.6577,0.0707,3.2026,33.43,2.000,0.9715,-0.7956,1.2557,-0.9212,0.8533,0.000,1,SEARCH,0.0000,0.0000,0.0000,-0.0000
10992,dynamic,-2.6574,0.0709,3.2026,33.43,2.000,0.9715,-0.7956,1.2557,-0.9211,0.8533,0.000,1,SEARCH,0.0000,0.0000,0.0000,-0.0000
11092,dynamic,-2.6568,0.0709,3.2026,33.43,2.000,0.9715,-0.7956,1.2557,-0.9211,0.8533,0.000,1,SEARCH,0.0000,0.0000,0.0000,-0.0000
11195,dynamic,-2.6567,0.0710,3.2026,33.43,2.000,0.9715,-0.7956,1.2557,-0.9211,0.8533,0.000,1,SEARCH,0.0000,0.0000,0.0000,-0.0000
11294,dynamic,-2.6569,0.0712,3.2026,33.15,2.000,0.9668,-0.7918,1.2497,-0.9168,0.8492,0.000,1,SEARCH,0.0000,0.0000,0.0000,-0.0000
11390,dynamic,-2.6567,0.0714,3.2026,33.15,2.000,0.9668,-0.7918,1.2497,-0.9167,0.8492,0.000,1,SEARCH,0.0000,0.0000,0.0000,-0.0000
11490,dynamic,-2.6564,0.0715,3.2026,33.15,2.000,0.9668,-0.7918,1.2497,-0.9167,0.8493,0.000,1,SEARCH,0.0000,0.0000,0.0000,-0.0000
11590,dynamic,-2.6562,0.0714,3.2026,33.15,2.000,0.9668,-0.7918,1.2497,-0.9167,0.8493,0.000,1,SEARCH,0.0000,0.0000,0.0000,-0.0000
11690,dynamic,-2.6560,0.0713,3.2026,33.15,2.000,0.9668,-0.7918,1.2497,-0.9167,0.8493,0.000,1,SEARCH,0.0000,0.0000,0.0000,-0.0000
11802,dynamic,-2.6559,0.0714,3.2026,33.15,2.000,0.9668,-0.7918,1.2497,-0.9167,0.8493,0.000,1,SEARCH,0.0000,0.0000,0.0000,-0.0000
11890,dynamic,-2.6558,0.0716,3.2026,33.15,2.000,0.9622,-0.7880,1.2437,-0.9123,0.8452,0.000,1,SEARCH,0.0000,0.0000,0.0000,-0.0000
11990,dynamic,-2.6558,0.0716,3.2026,33.15,2.000,0.9622,-0.7880,1.2437,-0.9123,0.8452,0.000,1,SEARCH,0.0000,0.0000,0.0000,-0.0000
12090,dynamic,-2.6559,0.0715,3.2027,33.15,2.000,0.9622,-0.7880,1.2437,-0.9123,0.8452,0.000,1,SEARCH,0.0000,0.0000,0.0000,-0.0000
12190,dynamic,-2.6559,0.0714,3.2027,33.15,2.000,0.9622,-0.7880,1.2437,-0.9123,0.8452,0.000,1,SEARCH,0.0000,0.0000,0.0000,-0.0000
12290,dynamic,-2.6560,0.0713,3.2027,33.15,2.000,0.9622,-0.7880,1.2437,-0.9123,0.8453,0.000,1,SEARCH,0.0000,0.0000,0.0000,-0.0000
12392,dynamic,-2.6561,0.0714,3.2027,33.15,2.000,0.9622,-0.7880,1.2437,-0.9123,0.8453,0.000,1,SEARCH,0.0000,0.0000,0.0000,-0.0000
12490,dynamic,-2.6563,0.0717,3.2027,44.16,2.000,0.8124,-0.8790,1.1969,-0.7572,0.9270,0.000,1,SEARCH,0.0000,0.0000,0.0000,-0.0000
12590,dynamic,-2.6568,0.0719,3.2027,44.16,2.000,0.8124,-0.8790,1.1969,-0.7572,0.9270,0.000,1,SEARCH,0.0000,0.0000,0.0000,-0.0000
12690,dynamic,-2.6572,0.0721,3.2027,44.16,2.000,0.8124,-0.8790,1.1969,-0.7572,0.9270,0.000,1,SEARCH,0.0000,0.0000,0.0000,-0.0000
12789,dynamic,-2.6569,0.0720,3.2027,44.16,2.000,0.8124,-0.8790,1.1969,-0.7572,0.9270,0.000,1,SEARCH,0.0000,0.0000,0.0000,-0.0000
12899,dynamic,-2.6562,0.0720,3.2027,44.16,2.000,0.8124,-0.8790,1.1969,-0.7572,0.9270,0.000,1,SEARCH,0.0000,0.0000,0.0000,-0.0000
12989,dynamic,-2.6558,0.0721,3.2027,42.91,2.000,0.7209,-0.9349,1.1806,-0.6625,0.9772,0.000,1,SEARCH,0.0000,0.0000,0.0000,-0.0000
13091,dynamic,-2.6557,0.0722,3.2026,42.91,2.000,0.7209,-0.9349,1.1806,-0.6626,0.9772,0.000,1,SEARCH,0.0000,0.0000,0.0000,-0.0000
13190,dynamic,-2.6562,0.0722,3.2026,42.91,2.000,0.7209,-0.9349,1.1806,-0.6626,0.9772,0.000,1,SEARCH,0.0000,0.0000,0.0000,-0.0000
13290,dynamic,-2.6571,0.0721,3.2026,42.91,2.000,0.7209,-0.9349,1.1806,-0.6626,0.9772,0.000,1,SEARCH,0.0000,0.0000,0.0000,-0.0000
13391,dynamic,-2.6571,0.0723,3.2026,42.91,2.000,0.7209,-0.9349,1.1806,-0.6626,0.9772,0.000,1,SEARCH,0.0000,0.0000,0.0000,-0.0000
13490,dynamic,-2.6563,0.0728,3.2026,42.91,2.000,0.7209,-0.9349,1.1806,-0.6626,0.9772,0.000,1,SEARCH,0.0000,0.0000,0.0000,-0.0000
13593,dynamic,-2.6563,0.0727,3.2026,42.91,2.000,0.7209,-0.9349,1.1806,-0.6626,0.9772,0.000,1,SEARCH,0.0000,0.0000,0.0000,-0.0000
13690,dynamic,-2.6566,0.0726,3.2026,41.93,2.000,0.7001,-0.9474,1.1780,-0.6410,0.9883,0.000,1,SEARCH,0.0000,0.0000,0.0000,-0.0000
13790,dynamic,-2.6565,0.0721,3.2027,41.93,2.000,0.7001,-0.9474,1.1780,-0.6410,0.9883,0.000,1,SEARCH,0.0000,0.0000,0.0000,-0.0000
13890,dynamic,-2.6563,0.0714,3.2026,41.93,2.000,0.7001,-0.9474,1.1780,-0.6410,0.9883,0.000,1,SEARCH,0.0000,0.0000,0.0000,-0.0000
13990,dynamic,-2.6557,0.0711,3.2026,41.93,2.000,0.7001,-0.9474,1.1780,-0.6410,0.9883,0.000,1,SEARCH,0.0000,0.0000,0.0000,-0.0000
14090,dynamic,-2.6549,0.0710,3.2026,41.93,2.000,0.7001,-0.9474,1.1780,-0.6410,0.9883,0.000,1,SEARCH,0.0000,0.0000,0.0000,-0.0000
14190,dynamic,-2.6546,0.0703,3.2026,0.00,2.000,0.0000,0.0000,0.0000,-0.0000,0.0000,0.000,0,SEARCH,0.0000,0.0000,0.0000,-0.0000
14290,dynamic,-2.6547,0.0695,3.2027,0.00,2.000,0.0000,0.0000,0.0000,-0.0000,0.0000,0.000,0,SEARCH,0.0000,0.0000,0.0000,-0.0000
14390,dynamic,-2.6547,0.0690,3.2026,0.00,2.000,0.0000,0.0000,0.0000,-0.0000,0.0000,0.000,0,SEARCH,0.0000,0.0000,0.0000,-0.0000
14490,dynamic,-2.6544,0.0688,3.2026,0.00,2.000,0.0000,0.0000,0.0000,-0.0000,0.0000,0.000,0,SEARCH,0.0000,0.0000,0.0000,-0.0000
14590,dynamic,-2.6544,0.0687,3.2027,0.00,2.000,0.0000,0.0000,0.0000,-0.0000,0.0000,0.000,0,SEARCH,0.0000,0.0000,0.0000,-0.0000
14697,dynamic,-2.6543,0.0685,3.2027,0.00,2.000,0.0000,0.0000,0.0000,-0.0000,0.0000,0.000,0,SEARCH,0.0000,0.0000,0.0000,-0.0000
14789,dynamic,-2.6548,0.0682,3.2026,38.06,2.000,0.5192,-1.0385,1.1610,-0.4549,1.0682,0.000,1,SEARCH,0.0000,0.0000,0.0000,-0.0000
14889,dynamic,-2.6554,0.0678,3.2026,38.06,2.000,0.5192,-1.0385,1.1610,-0.4549,1.0682,0.000,1,SEARCH,0.0000,0.0000,0.0000,-0.0000
14990,dynamic,-2.6562,0.0679,3.2027,38.06,2.000,0.5192,-1.0385,1.1610,-0.4549,1.0682,0.000,1,SEARCH,0.0000,0.0000,0.0000,-0.0000
15090,dynamic,-2.6570,0.0681,3.2027,38.06,2.000,0.5192,-1.0385,1.1610,-0.4549,1.0682,0.000,1,SEARCH,0.0000,0.0000,0.0000,-0.0000
15199,dynamic,-2.6577,0.0684,3.2026,38.06,2.000,0.5192,-1.0385,1.1610,-0.4549,1.0682,0.000,1,SEARCH,0.0000,0.0000,0.0000,-0.0000
15290,dynamic,-2.6585,0.0686,3.2026,0.00,2.000,0.0000,0.0000,0.0000,-0.0000,0.0000,0.000,0,SEARCH,0.0000,0.0000,0.0000,-0.0000
15390,dynamic,-2.6592,0.0685,3.2026,0.00,2.000,0.0000,0.0000,0.0000,-0.0000,0.0000,0.000,0,SEARCH,0.0000,0.0000,0.0000,-0.0000
15490,dynamic,-2.6600,0.0683,3.2026,0.00,2.000,0.0000,0.0000,0.0000,-0.0000,0.0000,0.000,0,SEARCH,0.0000,0.0000,0.0000,-0.0000
15589,dynamic,-2.6600,0.0684,3.2026,0.00,2.000,0.0000,0.0000,0.0000,-0.0000,0.0000,0.000,0,SEARCH,0.0000,0.0000,0.0000,-0.0000
15693,dynamic,-2.6599,0.0687,3.2026,0.00,2.000,0.0000,0.0000,0.0000,-0.0000,0.0000,0.000,0,SEARCH,0.0000,0.0000,0.0000,-0.0000
15792,dynamic,-2.6598,0.0688,3.2026,0.00,2.000,0.0000,0.0000,0.0000,-0.0000,0.0000,0.000,0,SEARCH,0.0000,0.0000,0.0000,-0.0000
15890,dynamic,-2.6599,0.0688,3.2026,0.00,2.000,0.0000,0.0000,0.0000,-0.0000,0.0000,0.000,0,SEARCH,0.0000,0.0000,0.0000,-0.0000
15990,dynamic,-2.6598,0.0690,3.2026,0.00,2.000,0.0000,0.0000,0.0000,-0.0000,0.0000,0.000,0,SEARCH,0.0000,0.0000,0.0000,-0.0000
16089,dynamic,-2.6595,0.0691,3.2026,0.00,2.000,0.0000,0.0000,0.0000,-0.0000,0.0000,0.000,0,SEARCH,0.0000,0.0000,0.0000,-0.0000
16190,dynamic,-2.6594,0.0692,3.2026,0.00,2.000,0.0000,0.0000,0.0000,-0.0000,0.0000,0.000,0,SEARCH,0.0000,0.0000,0.0000,-0.0000
16297,dynamic,-2.6594,0.0692,3.2027,0.00,2.000,0.0000,0.0000,0.0000,-0.0000,0.0000,0.000,0,SEARCH,0.0000,0.0000,0.0000,-0.0000
16389,dynamic,-2.6593,0.0692,3.2026,0.00,2.000,0.0000,0.0000,0.0000,-0.0000,0.0000,0.000,0,SEARCH,0.0000,0.0000,0.0000,-0.0000
16489,dynamic,-2.6592,0.0693,3.2027,0.00,2.000,0.0000,0.0000,0.0000,-0.0000,0.0000,0.000,0,SEARCH,0.0000,0.0000,0.0000,-0.0000
16589,dynamic,-2.6582,0.0697,3.2027,0.00,2.000,0.0000,0.0000,0.0000,-0.0000,0.0000,0.000,0,SEARCH,0.0000,0.0000,0.0000,-0.0000
16690,dynamic,-2.6570,0.0700,3.2027,0.00,2.000,0.0000,0.0000,0.0000,-0.0000,0.0000,0.000,0,SEARCH,0.0000,0.0000,0.0000,-0.0000
16800,dynamic,-2.6570,0.0701,3.2027,0.00,2.000,0.0000,0.0000,0.0000,-0.0000,0.0000,0.000,0,SEARCH,0.0000,0.0000,0.0000,-0.0000
16889,dynamic,-2.6577,0.0701,3.2027,0.00,2.000,0.0000,0.0000,0.0000,-0.0000,0.0000,0.000,0,SEARCH,0.0000,0.0000,0.0000,-0.0000
16989,dynamic,-2.6577,0.0702,3.2027,0.00,2.000,0.0000,0.0000,0.0000,-0.0000,0.0000,0.000,0,SEARCH,0.0000,0.0000,0.0000,-0.0000
17090,dynamic,-2.6575,0.0704,3.2027,0.00,2.000,0.0000,0.0000,0.0000,-0.0000,0.0000,0.000,0,SEARCH,0.0000,0.0000,0.0000,-0.0000
17190,dynamic,-2.6571,0.0706,3.2026,0.00,2.000,0.0000,0.0000,0.0000,-0.0000,0.0000,0.000,0,SEARCH,0.0000,0.0000,0.0000,-0.0000
17289,dynamic,-2.6566,0.0708,3.2027,0.00,2.000,0.0000,0.0000,0.0000,-0.0000,0.0000,0.000,0,SEARCH,0.0000,0.0000,0.0000,-0.0000
17392,dynamic,-2.6561,0.0709,3.2027,0.00,2.000,0.0000,0.0000,0.0000,-0.0000,0.0000,0.000,0,SEARCH,0.0000,0.0000,0.0000,-0.0000
17489,dynamic,-2.6552,0.0708,3.2027,0.00,2.000,0.0000,0.0000,0.0000,-0.0000,0.0000,0.000,0,SEARCH,0.0000,0.0000,0.0000,-0.0000
17589,dynamic,-2.6557,0.0711,3.2027,0.00,2.000,0.0000,0.0000,0.0000,-0.0000,0.0000,0.000,0,SEARCH,0.0000,0.0000,0.0000,-0.0000
17689,dynamic,-2.6566,0.0715,3.2027,0.00,2.000,0.0000,0.0000,0.0000,-0.0000,0.0000,0.000,0,SEARCH,0.0000,0.0000,0.0000,-0.0000
17789,dynamic,-2.6566,0.0715,3.2027,0.00,2.000,0.0000,0.0000,0.0000,-0.0000,0.0000,0.000,0,SEARCH,0.0000,0.0000,0.0000,-0.0000
17889,dynamic,-2.6560,0.0712,3.2027,0.00,2.000,0.0000,0.0000,0.0000,-0.0000,0.0000,0.000,0,SEARCH,0.0000,0.0000,0.0000,-0.0000
17992,dynamic,-2.6561,0.0709,3.2028,0.00,2.000,0.0000,0.0000,0.0000,-0.0000,0.0000,0.000,0,SEARCH,0.0000,0.0000,0.0000,-0.0000
18090,dynamic,-2.6568,0.0706,3.2028,0.00,2.000,0.0000,0.0000,0.0000,-0.0000,0.0000,0.000,0,SEARCH,0.0000,0.0000,0.0000,-0.0000
18189,dynamic,-2.6569,0.0704,3.2028,0.00,2.000,0.0000,0.0000,0.0000,-0.0000,0.0000,0.000,0,SEARCH,0.0000,0.0000,0.0000,-0.0000
18289,dynamic,-2.6568,0.0704,3.2028,0.00,2.000,0.0000,0.0000,0.0000,-0.0000,0.0000,0.000,0,SEARCH,0.0000,0.0000,0.0000,-0.0000
18389,dynamic,-2.6567,0.0702,3.2028,0.00,2.000,0.0000,0.0000,0.0000,-0.0000,0.0000,0.000,0,SEARCH,0.0000,0.0000,0.0000,-0.0000
18490,dynamic,-2.6566,0.0699,3.2028,0.00,2.000,0.0000,0.0000,0.0000,-0.0000,0.0000,0.000,0,SEARCH,0.0000,0.0000,0.0000,-0.0000
18602,dynamic,-2.6566,0.0698,3.2028,0.00,2.000,0.0000,0.0000,0.0000,-0.0000,0.0000,0.000,0,SEARCH,0.0000,0.0000,0.0000,-0.0000
18689,dynamic,-2.6569,0.0699,3.2028,59.17,2.000,-0.0825,-1.9502,1.9519,0.2016,1.9415,0.000,1,SEARCH,0.0000,0.0000,0.0000,-0.0000
18789,dynamic,-2.6570,0.0700,3.2028,59.17,2.000,-0.0825,-1.9502,1.9519,0.2016,1.9415,0.000,1,SEARCH,0.0000,0.0000,0.0000,-0.0000
18889,dynamic,-2.6570,0.0703,3.2028,59.17,2.000,-0.0825,-1.9502,1.9519,0.2016,1.9415,0.000,1,SEARCH,0.0000,0.0000,0.0000,-0.0000
18989,dynamic,-2.6570,0.0703,3.2028,59.17,2.000,-0.0825,-1.9502,1.9519,0.2017,1.9415,0.000,1,SEARCH,0.0000,0.0000,0.0000,-0.0000
19089,dynamic,-2.6571,0.0701,3.2028,59.17,2.000,-0.0825,-1.9502,1.9519,0.2017,1.9414,0.000,1,SEARCH,0.0000,0.0000,0.0000,-0.0000
19191,dynamic,-2.6571,0.0700,3.2028,59.17,2.000,-0.0825,-1.9502,1.9519,0.2017,1.9415,0.000,1,SEARCH,0.0000,0.0000,0.0000,-0.0000
19289,dynamic,-2.6571,0.0700,3.2028,58.18,2.000,-0.0992,-1.9717,1.9742,0.2197,1.9619,0.000,1,SEARCH,0.0000,0.0000,0.0000,-0.0000
19389,dynamic,-2.6572,0.0702,3.2028,58.18,2.000,-0.0992,-1.9717,1.9742,0.2196,1.9619,0.000,1,SEARCH,0.0000,0.0000,0.0000,-0.0000
19489,dynamic,-2.6574,0.0704,3.2028,58.18,2.000,-0.0992,-1.9717,1.9742,0.2197,1.9619,0.000,1,SEARCH,0.0000,0.0000,0.0000,-0.0000
19589,dynamic,-2.6577,0.0703,3.2029,58.18,2.000,-0.0992,-1.9717,1.9742,0.2197,1.9619,0.000,1,SEARCH,0.0000,0.0000,0.0000,-0.0000
19689,dynamic,-2.6580,0.0702,3.2028,58.18,2.000,-0.0992,-1.9717,1.9742,0.2197,1.9619,0.000,1,SEARCH,0.0000,0.0000,0.0000,-0.0000
19789,dynamic,-2.6580,0.0701,3.2028,58.18,2.000,-0.0992,-1.9717,1.9742,0.2197,1.9619,0.000,1,SEARCH,0.0000,0.0000,0.0000,-0.0000
19891,dynamic,-2.6578,0.0701,3.2029,58.18,2.000,-0.0992,-1.9717,1.9742,0.2197,1.9619,0.000,1,SEARCH,0.0000,0.0000,0.0000,-0.0000
19989,dynamic,-2.6577,0.0700,3.2029,58.18,2.000,-0.0987,-1.9640,1.9665,0.2188,1.9543,0.000,1,SEARCH,0.0000,0.0000,0.0000,-0.0000
20089,dynamic,-2.6577,0.0698,3.2029,58.18,2.000,-0.0987,-1.9640,1.9665,0.2188,1.9543,0.000,1,SEARCH,0.0000,0.0000,0.0000,-0.0000
20190,dynamic,-2.6571,0.0694,3.2029,58.18,2.000,-0.0987,-1.9640,1.9665,0.2188,1.9543,0.000,1,SEARCH,0.0000,0.0000,0.0000,-0.0000
20289,dynamic,-2.6562,0.0688,3.2029,58.18,2.000,-0.0987,-1.9640,1.9665,0.2188,1.9543,0.000,1,SEARCH,0.0000,0.0000,0.0000,-0.0000
20390,dynamic,-2.6555,0.0686,3.2029,58.18,2.000,-0.0987,-1.9640,1.9665,0.2188,1.9543,0.000,1,SEARCH,0.0000,0.0000,0.0000,-0.0000
20496,dynamic,-2.6551,0.0686,3.2029,58.18,2.000,-0.0987,-1.9640,1.9665,0.2188,1.9543,0.000,1,SEARCH,0.0000,0.0000,0.0000,-0.0000
20589,dynamic,-2.6545,0.0683,3.2028,58.18,2.000,-0.0982,-1.9562,1.9586,0.2178,1.9465,0.000,1,SEARCH,0.0000,0.0000,0.0000,-0.0000
20689,dynamic,-2.6538,0.0679,3.2028,58.18,2.000,-0.0982,-1.9562,1.9586,0.2178,1.9465,0.000,1,SEARCH,0.0000,0.0000,0.0000,-0.0000
20789,dynamic,-2.6532,0.0678,3.2029,58.18,2.000,-0.0982,-1.9562,1.9586,0.2178,1.9465,0.000,1,SEARCH,0.0000,0.0000,0.0000,-0.0000
20889,dynamic,-2.6528,0.0679,3.2029,58.18,2.000,-0.0982,-1.9562,1.9586,0.2178,1.9465,0.000,1,SEARCH,0.0000,0.0000,0.0000,-0.0000
20990,dynamic,-2.6524,0.0681,3.2028,58.18,2.000,-0.0982,-1.9562,1.9586,0.2178,1.9465,0.000,1,SEARCH,0.0000,0.0000,0.0000,-0.0000
21090,dynamic,-2.6520,0.0684,3.2028,58.18,2.000,-0.0982,-1.9562,1.9586,0.2178,1.9465,0.000,1,SEARCH,0.0000,0.0000,0.0000,-0.0000
21197,dynamic,-2.6519,0.0685,3.2028,58.18,2.000,-0.0982,-1.9562,1.9586,0.2178,1.9465,0.000,1,SEARCH,0.0000,0.0000,0.0000,-0.0000
21289,dynamic,-2.6519,0.0684,3.2028,50.07,2.000,-0.1375,-1.9651,1.9699,0.2575,1.9530,0.000,1,SEARCH,0.0000,0.0000,0.0000,-0.0000
21389,dynamic,-2.6516,0.0683,3.2028,50.07,2.000,-0.1375,-1.9651,1.9699,0.2575,1.9530,0.000,1,SEARCH,0.0000,0.0000,0.0000,-0.0000
21489,dynamic,-2.6512,0.0683,3.2028,50.07,2.000,-0.1375,-1.9651,1.9699,0.2575,1.9530,0.000,1,SEARCH,0.0000,0.0000,0.0000,-0.0000
21590,dynamic,-2.6514,0.0683,3.2028,50.07,2.000,-0.1375,-1.9651,1.9699,0.2575,1.9530,0.000,1,SEARCH,0.0000,0.0000,0.0000,-0.0000
21689,dynamic,-2.6520,0.0683,3.2029,50.07,2.000,-0.1375,-1.9651,1.9699,0.2575,1.9530,0.000,1,SEARCH,0.0000,0.0000,0.0000,-0.0000
21798,dynamic,-2.6525,0.0685,3.2029,50.07,2.000,-0.1375,-1.9651,1.9699,0.2576,1.9530,0.000,1,SEARCH,0.0000,0.0000,0.0000,-0.0000
21890,dynamic,-2.6530,0.0689,3.2029,46.27,2.000,-0.1685,-1.9872,1.9943,0.2899,1.9732,0.000,1,SEARCH,0.0000,0.0000,0.0000,-0.0000
21989,dynamic,-2.6535,0.0691,3.2028,46.27,2.000,-0.1685,-1.9872,1.9943,0.2899,1.9732,0.000,1,SEARCH,0.0000,0.0000,0.0000,-0.0000
22089,dynamic,-2.6542,0.0692,3.2028,46.27,2.000,-0.1685,-1.9872,1.9943,0.2899,1.9732,0.000,1,SEARCH,0.0000,0.0000,0.0000,-0.0000
22190,dynamic,-2.6546,0.0693,3.2028,46.27,2.000,-0.1685,-1.9872,1.9943,0.2898,1.9732,0.000,1,SEARCH,0.0000,0.0000,0.0000,-0.0000
22290,dynamic,-2.6547,0.0694,3.2028,46.27,2.000,-0.1685,-1.9872,1.9943,0.2898,1.9732,0.000,1,SEARCH,0.0000,0.0000,0.0000,-0.0000
22394,dynamic,-2.6556,0.0697,3.2029,46.27,2.000,-0.1685,-1.9872,1.9943,0.2899,1.9732,0.000,1,SEARCH,0.0000,0.0000,0.0000,-0.0000
22489,dynamic,-2.6568,0.0701,3.2029,42.65,2.000,-0.2007,-2.0100,2.0200,0.3234,1.9940,0.000,1,SEARCH,0.0000,0.0000,0.0000,-0.0000
22589,dynamic,-2.6577,0.0704,3.2029,42.65,2.000,-0.2007,-2.0100,2.0200,0.3234,1.9940,0.000,1,SEARCH,0.0000,0.0000,0.0000,-0.0000
22689,dynamic,-2.6582,0.0707,3.2029,42.65,2.000,-0.2007,-2.0100,2.0200,0.3234,1.9939,0.000,1,SEARCH,0.0000,0.0000,0.0000,-0.0000
22790,dynamic,-2.6580,0.0707,3.2029,42.65,2.000,-0.2007,-2.0100,2.0200,0.3234,1.9940,0.000,1,SEARCH,0.0000,0.0000,0.0000,-0.0000
22890,dynamic,-2.6574,0.0705,3.2029,42.65,2.000,-0.2007,-2.0100,2.0200,0.3233,1.9940,0.000,1,SEARCH,0.0000,0.0000,0.0000,-0.0000
22995,dynamic,-2.6575,0.0703,3.2029,42.65,2.000,-0.2007,-2.0100,2.0200,0.3234,1.9940,0.000,1,SEARCH,0.0000,0.0000,0.0000,-0.0000
23090,dynamic,-2.6580,0.0701,3.2029,38.54,2.000,-0.2527,-2.0441,2.0597,0.3774,2.0248,0.000,1,SEARCH,0.0000,0.0000,0.0000,-0.0000
23190,dynamic,-2.6583,0.0700,3.2029,38.54,2.000,-0.2527,-2.0441,2.0597,0.3774,2.0248,0.000,1,SEARCH,0.0000,0.0000,0.0000,-0.0000
23289,dynamic,-2.6585,0.0698,3.2029,38.54,2.000,-0.2527,-2.0441,2.0597,0.3774,2.0248,0.000,1,SEARCH,0.0000,0.0000,0.0000,-0.0000
23389,dynamic,-2.6588,0.0697,3.2029,38.54,2.000,-0.2527,-2.0441,2.0597,0.3774,2.0248,0.000,1,SEARCH,0.0000,0.0000,0.0000,-0.0000
23489,dynamic,-2.6592,0.0695,3.2029,38.54,2.000,-0.2527,-2.0441,2.0597,0.3774,2.0248,0.000,1,SEARCH,0.0000,0.0000,0.0000,-0.0000
23592,dynamic,-2.6603,0.0696,3.2029,38.54,2.000,-0.2527,-2.0441,2.0597,0.3775,2.0248,0.000,1,SEARCH,0.0000,0.0000,0.0000,-0.0000
23690,dynamic,-2.6615,0.0698,3.2029,36.25,2.000,-0.3585,-2.1106,2.1408,0.4872,2.0846,0.000,1,SEARCH,0.0000,0.0000,0.0000,-0.0000
23789,dynamic,-2.6622,0.0696,3.2029,36.25,2.000,-0.3585,-2.1106,2.1408,0.4872,2.0846,0.000,1,SEARCH,0.0000,0.0000,0.0000,-0.0000
23890,dynamic,-2.6627,0.0693,3.2029,36.25,2.000,-0.3585,-2.1106,2.1408,0.4872,2.0846,0.000,1,SEARCH,0.0000,0.0000,0.0000,-0.0000
23990,dynamic,-2.6631,0.0694,3.2029,36.25,2.000,-0.3585,-2.1106,2.1408,0.4872,2.0846,0.000,1,SEARCH,0.0000,0.0000,0.0000,-0.0000
24091,dynamic,-2.6636,0.0697,3.2029,36.25,2.000,-0.3585,-2.1106,2.1408,0.4872,2.0846,0.000,1,SEARCH,0.0000,0.0000,0.0000,-0.0000
24189,dynamic,-2.6639,0.0697,3.2029,37.29,2.000,-0.4222,-2.1581,2.1990,0.5537,2.1282,0.000,1,SEARCH,0.0000,0.0000,0.0000,-0.0000
24289,dynamic,-2.6643,0.0696,3.2029,37.29,2.000,-0.4222,-2.1581,2.1990,0.5537,2.1282,0.000,1,SEARCH,0.0000,0.0000,0.0000,-0.0000
24389,dynamic,-2.6640,0.0694,3.2029,37.29,2.000,-0.4222,-2.1581,2.1990,0.5537,2.1282,0.000,1,SEARCH,0.0000,0.0000,0.0000,-0.0000
24490,dynamic,-2.6635,0.0692,3.2029,37.29,2.000,-0.4222,-2.1581,2.1990,0.5537,2.1282,0.000,1,SEARCH,0.0000,0.0000,0.0000,-0.0000
24589,dynamic,-2.6631,0.0687,3.2029,37.29,2.000,-0.4222,-2.1581,2.1990,0.5537,2.1282,0.000,1,SEARCH,0.0000,0.0000,0.0000,-0.0000
24689,dynamic,-2.6628,0.0681,3.2029,37.29,2.000,-0.4222,-2.1581,2.1990,0.5536,2.1282,0.000,1,SEARCH,0.0000,0.0000,0.0000,-0.0000
24789,dynamic,-2.6622,0.0679,3.2029,40.27,2.000,-0.5122,-2.2056,2.2643,0.6464,2.1701,0.000,1,SEARCH,0.0000,0.0000,0.0000,-0.0000
24889,dynamic,-2.6617,0.0680,3.2029,40.27,2.000,-0.5122,-2.2056,2.2643,0.6464,2.1700,0.000,1,SEARCH,0.0000,0.0000,0.0000,-0.0000
24990,dynamic,-2.6612,0.0678,3.2029,40.27,2.000,-0.5122,-2.2056,2.2643,0.6464,2.1701,0.000,1,SEARCH,0.0000,0.0000,0.0000,-0.0000
25089,dynamic,-2.6609,0.0676,3.2029,40.27,2.000,-0.5122,-2.2056,2.2643,0.6465,2.1700,0.000,1,SEARCH,0.0000,0.0000,0.0000,-0.0000
25189,dynamic,-2.6603,0.0676,3.2029,40.27,2.000,-0.5122,-2.2056,2.2643,0.6465,2.1700,0.000,1,SEARCH,0.0000,0.0000,0.0000,-0.0000
25295,dynamic,-2.6595,0.0678,3.2030,40.27,2.000,-0.5122,-2.2056,2.2643,0.6465,2.1700,0.000,1,SEARCH,0.0000,0.0000,0.0000,-0.0000
25389,dynamic,-2.6592,0.0677,3.2030,39.56,2.000,-0.5244,-2.2205,2.2815,0.6596,2.1841,0.000,1,SEARCH,0.0000,0.0000,0.0000,-0.0000
25490,dynamic,-2.6595,0.0674,3.2030,39.56,2.000,-0.5244,-2.2205,2.2815,0.6597,2.1841,0.000,1,SEARCH,0.0000,0.0000,0.0000,-0.0000
25589,dynamic,-2.6592,0.0671,3.2030,39.56,2.000,-0.5244,-2.2205,2.2815,0.6597,2.1841,0.000,1,SEARCH,0.0000,0.0000,0.0000,-0.0000
25690,dynamic,-2.6586,0.0668,3.2030,39.56,2.000,-0.5244,-2.2205,2.2815,0.6598,2.1841,0.000,1,SEARCH,0.0000,0.0000,0.0000,-0.0000
25789,dynamic,-2.6586,0.0666,3.2030,39.56,2.000,-0.5244,-2.2205,2.2815,0.6598,2.1841,0.000,1,SEARCH,0.0000,0.0000,0.0000,-0.0000
25893,dynamic,-2.6587,0.0666,3.2031,39.56,2.000,-0.5244,-2.2205,2.2815,0.6599,2.1840,0.000,1,SEARCH,0.0000,0.0000,0.0000,-0.0000
25989,dynamic,-2.6592,0.0664,3.2031,39.71,2.000,-0.5413,-2.2282,2.2930,0.6772,2.1907,0.000,1,SEARCH,0.0000,0.0000,0.0000,-0.0000
26089,dynamic,-2.6598,0.0663,3.2031,39.71,2.000,-0.5413,-2.2282,2.2930,0.6772,2.1907,0.000,1,SEARCH,0.0000,0.0000,0.0000,-0.0000
26189,dynamic,-2.6602,0.0663,3.2031,39.71,2.000,-0.5413,-2.2282,2.2930,0.6772,2.1907,0.000,1,SEARCH,0.0000,0.0000,0.0000,-0.0000
26290,dynamic,-2.6606,0.0664,3.2031,39.71,2.000,-0.5413,-2.2282,2.2930,0.6772,2.1907,0.000,1,SEARCH,0.0000,0.0000,0.0000,-0.0000
26389,dynamic,-2.6612,0.0664,3.2031,39.71,2.000,-0.5413,-2.2282,2.2930,0.6772,2.1907,0.000,1,SEARCH,0.0000,0.0000,0.0000,-0.0000
26491,dynamic,-2.6618,0.0665,3.2031,39.71,2.000,-0.5413,-2.2282,2.2930,0.6772,2.1907,0.000,1,SEARCH,0.0000,0.0000,0.0000,-0.0000
26589,dynamic,-2.6622,0.0662,3.2031,38.80,2.000,-0.5825,-2.2523,2.3264,0.7199,2.2122,0.000,1,SEARCH,0.0000,0.0000,0.0000,-0.0000
26689,dynamic,-2.6622,0.0657,3.2031,38.80,2.000,-0.5825,-2.2523,2.3264,0.7198,2.2122,0.000,1,SEARCH,0.0000,0.0000,0.0000,-0.0000
26790,dynamic,-2.6622,0.0657,3.2031,38.80,2.000,-0.5825,-2.2523,2.3264,0.7198,2.2122,0.000,1,SEARCH,0.0000,0.0000,0.0000,-0.0000
26889,dynamic,-2.6622,0.0660,3.2031,38.80,2.000,-0.5825,-2.2523,2.3264,0.7198,2.2122,0.000,1,SEARCH,0.0000,0.0000,0.0000,-0.0000
26991,dynamic,-2.6624,0.0660,3.2031,38.80,2.000,-0.5825,-2.2523,2.3264,0.7198,2.2122,0.000,1,SEARCH,0.0000,0.0000,0.0000,-0.0000
27090,dynamic,-2.6626,0.0659,3.2031,39.06,2.000,-0.5867,-2.2537,2.3288,0.7241,2.2134,0.000,1,SEARCH,0.0000,0.0000,0.0000,-0.0000
27190,dynamic,-2.6627,0.0659,3.2031,39.06,2.000,-0.5867,-2.2537,2.3288,0.7241,2.2134,0.000,1,SEARCH,0.0000,0.0000,0.0000,-0.0000
27289,dynamic,-2.6627,0.0659,3.2031,39.06,2.000,-0.5867,-2.2537,2.3288,0.7241,2.2134,0.000,1,SEARCH,0.0000,0.0000,0.0000,-0.0000
27389,dynamic,-2.6621,0.0659,3.2031,39.06,2.000,-0.5867,-2.2537,2.3288,0.7241,2.2134,0.000,1,SEARCH,0.0000,0.0000,0.0000,-0.0000
27489,dynamic,-2.6613,0.0657,3.2031,39.06,2.000,-0.5867,-2.2537,2.3288,0.7241,2.2134,0.000,1,SEARCH,0.0000,0.0000,0.0000,-0.0000
27595,dynamic,-2.6613,0.0657,3.2031,39.06,2.000,-0.5867,-2.2537,2.3288,0.7241,2.2134,0.000,1,SEARCH,0.0000,0.0000,0.0000,-0.0000
27689,dynamic,-2.6616,0.0658,3.2030,0.00,2.000,0.0000,0.0000,0.0000,-0.0000,0.0000,0.000,0,SEARCH,0.0000,0.0000,0.0000,-0.0000
27790,dynamic,-2.6618,0.0657,3.2031,0.00,2.000,0.0000,0.0000,0.0000,-0.0000,0.0000,0.000,0,SEARCH,0.0000,0.0000,0.0000,-0.0000
27889,dynamic,-2.6619,0.0656,3.2031,0.00,2.000,0.0000,0.0000,0.0000,-0.0000,0.0000,0.000,0,SEARCH,0.0000,0.0000,0.0000,-0.0000
27989,dynamic,-2.6620,0.0657,3.2031,0.00,2.000,0.0000,0.0000,0.0000,-0.0000,0.0000,0.000,0,SEARCH,0.0000,0.0000,0.0000,-0.0000
28089,dynamic,-2.6620,0.0661,3.2031,0.00,2.000,0.0000,0.0000,0.0000,-0.0000,0.0000,0.000,0,SEARCH,0.0000,0.0000,0.0000,-0.0000
28190,dynamic,-2.6620,0.0663,3.2031,0.00,2.000,0.0000,0.0000,0.0000,-0.0000,0.0000,0.000,0,SEARCH,0.0000,0.0000,0.0000,-0.0000
28289,dynamic,-2.6620,0.0663,3.2031,35.05,2.000,-0.8720,-2.4091,2.5620,1.0185,2.3509,0.000,1,SEARCH,0.0000,0.0000,0.0000,-0.0000
28389,dynamic,-2.6618,0.0662,3.2031,35.05,2.000,-0.8720,-2.4091,2.5620,1.0185,2.3509,0.000,1,SEARCH,0.0000,0.0000,0.0000,-0.0000
28490,dynamic,-2.6614,0.0659,3.2031,35.05,2.000,-0.8720,-2.4091,2.5620,1.0185,2.3509,0.000,1,SEARCH,0.0000,0.0000,0.0000,-0.0000
28589,dynamic,-2.6609,0.0658,3.2031,35.05,2.000,-0.8720,-2.4091,2.5620,1.0185,2.3509,0.000,1,SEARCH,0.0000,0.0000,0.0000,-0.0000
28689,dynamic,-2.6604,0.0659,3.2031,35.05,2.000,-0.8720,-2.4091,2.5620,1.0185,2.3509,0.000,1,SEARCH,0.0000,0.0000,0.0000,-0.0000
28802,dynamic,-2.6598,0.0663,3.2031,35.05,2.000,-0.8720,-2.4091,2.5620,1.0185,2.3509,0.000,1,SEARCH,0.0000,0.0000,0.0000,-0.0000
28889,dynamic,-2.6592,0.0667,3.2031,0.00,2.000,0.0000,0.0000,0.0000,-0.0000,0.0000,0.000,0,SEARCH,0.0000,0.0000,0.0000,-0.0000
28989,dynamic,-2.6589,0.0670,3.2031,0.00,2.000,0.0000,0.0000,0.0000,-0.0000,0.0000,0.000,0,SEARCH,0.0000,0.0000,0.0000,-0.0000
29089,dynamic,-2.6588,0.0671,3.2031,0.00,2.000,0.0000,0.0000,0.0000,-0.0000,0.0000,0.000,0,SEARCH,0.0000,0.0000,0.0000,-0.0000
29189,dynamic,-2.6583,0.0672,3.2031,0.00,2.000,0.0000,0.0000,0.0000,-0.0000,0.0000,0.000,0,SEARCH,0.0000,0.0000,0.0000,-0.0000
29289,dynamic,-2.6578,0.0672,3.2031,0.00,2.000,0.0000,0.0000,0.0000,-0.0000,0.0000,0.000,0,SEARCH,0.0000,0.0000,0.0000,-0.0000
29390,dynamic,-2.6573,0.0672,3.2031,0.00,2.000,0.0000,0.0000,0.0000,-0.0000,0.0000,0.000,0,SEARCH,0.0000,0.0000,0.0000,-0.0000
29489,dynamic,-2.6568,0.0674,3.2031,0.00,2.000,0.0000,0.0000,0.0000,-0.0000,0.0000,0.000,0,SEARCH,0.0000,0.0000,0.0000,-0.0000
29589,dynamic,-2.6567,0.0675,3.2031,0.00,2.000,0.0000,0.0000,0.0000,-0.0000,0.0000,0.000,0,SEARCH,0.0000,0.0000,0.0000,-0.0000
29689,dynamic,-2.6567,0.0675,3.2031,0.00,2.000,0.0000,0.0000,0.0000,-0.0000,0.0000,0.000,0,SEARCH,0.0000,0.0000,0.0000,-0.0000
29789,dynamic,-2.6562,0.0677,3.2032,0.00,2.000,0.0000,0.0000,0.0000,-0.0000,0.0000,0.000,0,SEARCH,0.0000,0.0000,0.0000,-0.0000
29889,dynamic,-2.6554,0.0679,3.2032,0.00,2.000,0.0000,0.0000,0.0000,-0.0000,0.0000,0.000,0,SEARCH,0.0000,0.0000,0.0000,-0.0000
29994,dynamic,-2.6548,0.0680,3.2032,0.00,2.000,0.0000,0.0000,0.0000,-0.0000,0.0000,0.000,0,SEARCH,0.0000,0.0000,0.0000,-0.0000
30089,dynamic,-2.6544,0.0681,3.2032,0.00,2.000,0.0000,0.0000,0.0000,-0.0000,0.0000,0.000,0,SEARCH,0.0000,0.0000,0.0000,-0.0000
30189,dynamic,-2.6540,0.0683,3.2032,0.00,2.000,0.0000,0.0000,0.0000,-0.0000,0.0000,0.000,0,SEARCH,0.0000,0.0000,0.0000,-0.0000
30289,dynamic,-2.6535,0.0685,3.2032,0.00,2.000,0.0000,0.0000,0.0000,-0.0000,0.0000,0.000,0,SEARCH,0.0000,0.0000,0.0000,-0.0000
30389,dynamic,-2.6531,0.0687,3.2032,0.00,2.000,0.0000,0.0000,0.0000,-0.0000,0.0000,0.000,0,SEARCH,0.0000,0.0000,0.0000,-0.0000
30499,dynamic,-2.6528,0.0688,3.2032,0.00,2.000,0.0000,0.0000,0.0000,-0.0000,0.0000,0.000,0,SEARCH,0.0000,0.0000,0.0000,-0.0000
30590,dynamic,-2.6520,0.0687,3.2032,0.00,2.000,0.0000,0.0000,0.0000,-0.0000,0.0000,0.000,0,SEARCH,0.0000,0.0000,0.0000,-0.0000
30689,dynamic,-2.6510,0.0686,3.2032,0.00,2.000,0.0000,0.0000,0.0000,-0.0000,0.0000,0.000,0,SEARCH,0.0000,0.0000,0.0000,-0.0000
30789,dynamic,-2.6505,0.0684,3.2032,0.00,2.000,0.0000,0.0000,0.0000,-0.0000,0.0000,0.000,0,SEARCH,0.0000,0.0000,0.0000,-0.0000
30889,dynamic,-2.6502,0.0682,3.2032,0.00,2.000,0.0000,0.0000,0.0000,-0.0000,0.0000,0.000,0,SEARCH,0.0000,0.0000,0.0000,-0.0000
30989,dynamic,-2.6507,0.0682,3.2032,0.00,2.000,0.0000,0.0000,0.0000,-0.0000,0.0000,0.000,0,SEARCH,0.0000,0.0000,0.0000,-0.0000
31090,dynamic,-2.6518,0.0682,3.2032,36.07,2.000,-1.1802,-2.5653,2.8237,1.3358,2.4878,0.000,1,SEARCH,0.0000,0.0000,0.0000,-0.0000
31190,dynamic,-2.6520,0.0679,3.2032,36.07,2.000,-1.1802,-2.5653,2.8237,1.3358,2.4878,0.000,1,SEARCH,0.0000,0.0000,0.0000,-0.0000
31289,dynamic,-2.6516,0.0676,3.2031,36.07,2.000,-1.1802,-2.5653,2.8237,1.3357,2.4878,0.000,1,SEARCH,0.0000,0.0000,0.0000,-0.0000
31389,dynamic,-2.6520,0.0674,3.2031,36.07,2.000,-1.1802,-2.5653,2.8237,1.3357,2.4879,0.000,1,SEARCH,0.0000,0.0000,0.0000,-0.0000
31489,dynamic,-2.6530,0.0674,3.2031,36.07,2.000,-1.1802,-2.5653,2.8237,1.3357,2.4878,0.000,1,SEARCH,0.0000,0.0000,0.0000,-0.0000
31598,dynamic,-2.6539,0.0673,3.2032,36.07,2.000,-1.1802,-2.5653,2.8237,1.3358,2.4878,0.000,1,SEARCH,0.0000,0.0000,0.0000,-0.0000
31689,dynamic,-2.6549,0.0671,3.2031,0.00,2.000,0.0000,0.0000,0.0000,-0.0000,0.0000,0.000,0,SEARCH,0.0000,0.0000,0.0000,-0.0000
31789,dynamic,-2.6557,0.0670,3.2031,0.00,2.000,0.0000,0.0000,0.0000,-0.0000,0.0000,0.000,0,SEARCH,0.0000,0.0000,0.0000,-0.0000
31889,dynamic,-2.6564,0.0668,3.2031,0.00,2.000,0.0000,0.0000,0.0000,-0.0000,0.0000,0.000,0,SEARCH,0.0000,0.0000,0.0000,-0.0000
31989,dynamic,-2.6575,0.0670,3.2032,0.00,2.000,0.0000,0.0000,0.0000,-0.0000,0.0000,0.000,0,SEARCH,0.0000,0.0000,0.0000,-0.0000
32089,dynamic,-2.6588,0.0672,3.2032,0.00,2.000,0.0000,0.0000,0.0000,-0.0000,0.0000,0.000,0,SEARCH,0.0000,0.0000,0.0000,-0.0000
32196,dynamic,-2.6598,0.0672,3.2032,0.00,2.000,0.0000,0.0000,0.0000,-0.0000,0.0000,0.000,0,SEARCH,0.0000,0.0000,0.0000,-0.0000
32290,dynamic,-2.6606,0.0670,3.2032,0.00,2.000,0.0000,0.0000,0.0000,-0.0000,0.0000,0.000,0,SEARCH,0.0000,0.0000,0.0000,-0.0000
32389,dynamic,-2.6613,0.0668,3.2032,0.00,2.000,0.0000,0.0000,0.0000,-0.0000,0.0000,0.000,0,SEARCH,0.0000,0.0000,0.0000,-0.0000
32489,dynamic,-2.6621,0.0666,3.2032,0.00,2.000,0.0000,0.0000,0.0000,-0.0000,0.0000,0.000,0,SEARCH,0.0000,0.0000,0.0000,-0.0000
32589,dynamic,-2.6627,0.0667,3.2032,0.00,2.000,0.0000,0.0000,0.0000,-0.0000,0.0000,0.000,0,SEARCH,0.0000,0.0000,0.0000,-0.0000
32689,dynamic,-2.6632,0.0669,3.2032,0.00,2.000,0.0000,0.0000,0.0000,-0.0000,0.0000,0.000,0,SEARCH,0.0000,0.0000,0.0000,-0.0000
32791,dynamic,-2.6632,0.0667,3.2032,0.00,2.000,0.0000,0.0000,0.0000,-0.0000,0.0000,0.000,0,SEARCH,0.0000,0.0000,0.0000,-0.0000
32889,dynamic,-2.6630,0.0664,3.2032,0.00,2.000,0.0000,0.0000,0.0000,-0.0000,0.0000,0.000,0,SEARCH,0.0000,0.0000,0.0000,-0.0000
32990,dynamic,-2.6633,0.0665,3.2032,0.00,2.000,0.0000,0.0000,0.0000,-0.0000,0.0000,0.000,0,SEARCH,0.0000,0.0000,0.0000,-0.0000
33089,dynamic,-2.6639,0.0667,3.2033,0.00,2.000,0.0000,0.0000,0.0000,-0.0000,0.0000,0.000,0,SEARCH,0.0000,0.0000,0.0000,-0.0000
33189,dynamic,-2.6642,0.0666,3.2032,0.00,2.000,0.0000,0.0000,0.0000,-0.0000,0.0000,0.000,0,SEARCH,0.0000,0.0000,0.0000,-0.0000
33296,dynamic,-2.6644,0.0665,3.2032,0.00,2.000,0.0000,0.0000,0.0000,-0.0000,0.0000,0.000,0,SEARCH,0.0000,0.0000,0.0000,-0.0000
33394,dynamic,-2.6648,0.0663,3.2032,0.00,2.000,0.0000,0.0000,0.0000,-0.0000,0.0000,0.000,0,SEARCH,0.0000,0.0000,0.0000,-0.0000
33489,dynamic,-2.6654,0.0662,3.2033,0.00,2.000,0.0000,0.0000,0.0000,-0.0000,0.0000,0.000,0,SEARCH,0.0000,0.0000,0.0000,-0.0000
33589,dynamic,-2.6659,0.0662,3.2033,0.00,2.000,0.0000,0.0000,0.0000,-0.0000,0.0000,0.000,0,SEARCH,0.0000,0.0000,0.0000,-0.0000
33689,dynamic,-2.6666,0.0663,3.2033,0.00,2.000,0.0000,0.0000,0.0000,-0.0000,0.0000,0.000,0,SEARCH,0.0000,0.0000,0.0000,-0.0000
33789,dynamic,-2.6672,0.0666,3.2033,0.00,2.000,0.0000,0.0000,0.0000,-0.0000,0.0000,0.000,0,SEARCH,0.0000,0.0000,0.0000,-0.0000
33889,dynamic,-2.6676,0.0668,3.2033,0.00,2.000,0.0000,0.0000,0.0000,-0.0000,0.0000,0.000,0,SEARCH,0.0000,0.0000,0.0000,-0.0000
33989,dynamic,-2.6682,0.0672,3.2033,0.00,2.000,0.0000,0.0000,0.0000,-0.0000,0.0000,0.000,0,SEARCH,0.0000,0.0000,0.0000,-0.0000
34089,dynamic,-2.6688,0.0675,3.2033,0.00,2.000,0.0000,0.0000,0.0000,-0.0000,0.0000,0.000,0,SEARCH,0.0000,0.0000,0.0000,-0.0000
34189,dynamic,-2.6686,0.0675,3.2033,0.00,2.000,0.0000,0.0000,0.0000,-0.0000,0.0000,0.000,0,SEARCH,0.0000,0.0000,0.0000,-0.0000
34289,dynamic,-2.6677,0.0674,3.2033,0.00,2.000,0.0000,0.0000,0.0000,-0.0000,0.0000,0.000,0,SEARCH,0.0000,0.0000,0.0000,-0.0000
34402,dynamic,-2.6673,0.0675,3.2033,0.00,2.000,0.0000,0.0000,0.0000,-0.0000,0.0000,0.000,0,SEARCH,0.0000,0.0000,0.0000,-0.0000
34490,dynamic,-2.6671,0.0676,3.2033,0.00,2.000,0.0000,0.0000,0.0000,-0.0000,0.0000,0.000,0,SEARCH,0.0000,0.0000,0.0000,-0.0000
34589,dynamic,-2.6666,0.0675,3.2033,0.00,2.000,0.0000,0.0000,0.0000,-0.0000,0.0000,0.000,0,SEARCH,0.0000,0.0000,0.0000,-0.0000
34689,dynamic,-2.6660,0.0674,3.2033,0.00,2.000,0.0000,0.0000,0.0000,-0.0000,0.0000,0.000,0,SEARCH,0.0000,0.0000,0.0000,-0.0000
34789,dynamic,-2.6647,0.0671,3.2033,0.00,2.000,0.0000,0.0000,0.0000,-0.0000,0.0000,0.000,0,SEARCH,0.0000,0.0000,0.0000,-0.0000
34889,dynamic,-2.6633,0.0667,3.2033,0.00,2.000,0.0000,0.0000,0.0000,-0.0000,0.0000,0.000,0,SEARCH,0.0000,0.0000,0.0000,-0.0000
34998,dynamic,-2.6629,0.0666,3.2033,0.00,2.000,0.0000,0.0000,0.0000,-0.0000,0.0000,0.000,0,SEARCH,0.0000,0.0000,0.0000,-0.0000
35089,dynamic,-2.6632,0.0667,3.2034,0.00,2.000,0.0000,0.0000,0.0000,-0.0000,0.0000,0.000,0,SEARCH,0.0000,0.0000,0.0000,-0.0000
35190,dynamic,-2.6631,0.0669,3.2034,0.00,2.000,0.0000,0.0000,0.0000,-0.0000,0.0000,0.000,0,SEARCH,0.0000,0.0000,0.0000,-0.0000
35289,dynamic,-2.6631,0.0671,3.2034,0.00,2.000,0.0000,0.0000,0.0000,-0.0000,0.0000,0.000,0,SEARCH,0.0000,0.0000,0.0000,-0.0000
35389,dynamic,-2.6630,0.0670,3.2034,0.00,2.000,0.0000,0.0000,0.0000,-0.0000,0.0000,0.000,0,SEARCH,0.0000,0.0000,0.0000,-0.0000
35489,dynamic,-2.6626,0.0667,3.2034,0.00,2.000,0.0000,0.0000,0.0000,-0.0000,0.0000,0.000,0,SEARCH,0.0000,0.0000,0.0000,-0.0000
35589,dynamic,-2.6626,0.0668,3.2033,0.00,2.000,0.0000,0.0000,0.0000,-0.0000,0.0000,0.000,0,SEARCH,0.0000,0.0000,0.0000,-0.0000
35690,dynamic,-2.6627,0.0672,3.2033,0.00,2.000,0.0000,0.0000,0.0000,-0.0000,0.0000,0.000,0,SEARCH,0.0000,0.0000,0.0000,-0.0000
35789,dynamic,-2.6628,0.0676,3.2033,0.00,2.000,0.0000,0.0000,0.0000,-0.0000,0.0000,0.000,0,SEARCH,0.0000,0.0000,0.0000,-0.0000
35889,dynamic,-2.6627,0.0680,3.2033,0.00,2.000,0.0000,0.0000,0.0000,-0.0000,0.0000,0.000,0,SEARCH,0.0000,0.0000,0.0000,-0.0000
35989,dynamic,-2.6621,0.0683,3.2034,0.00,2.000,0.0000,0.0000,0.0000,-0.0000,0.0000,0.000,0,SEARCH,0.0000,0.0000,0.0000,-0.0000
35989,dynamic,-2.6613,0.0686,3.2034,0.00,2.000,0.0000,0.0000,0.0000,-0.0000,0.0000,0.000,0,SEARCH,0.0000,0.0000,0.0000,-0.0000
36189,dynamic,-2.6604,0.0687,3.2034,0.00,2.000,0.0000,0.0000,0.0000,-0.0000,0.0000,0.000,0,SEARCH,0.0000,0.0000,0.0000,-0.0000
36289,dynamic,-2.6594,0.0687,3.2034,0.00,2.000,0.0000,0.0000,0.0000,-0.0000,0.0000,0.000,0,SEARCH,0.0000,0.0000,0.0000,-0.0000
36390,dynamic,-2.6592,0.0688,3.2034,0.00,2.000,0.0000,0.0000,0.0000,-0.0000,0.0000,0.000,0,SEARCH,0.0000,0.0000,0.0000,-0.0000
36489,dynamic,-2.6595,0.0688,3.2033,0.00,2.000,0.0000,0.0000,0.0000,-0.0000,0.0000,0.000,0,SEARCH,0.0000,0.0000,0.0000,-0.0000
36589,dynamic,-2.6595,0.0690,3.2033,0.00,2.000,0.0000,0.0000,0.0000,-0.0000,0.0000,0.000,0,SEARCH,0.0000,0.0000,0.0000,-0.0000
36692,dynamic,-2.6593,0.0692,3.2033,0.00,2.000,0.0000,0.0000,0.0000,-0.0000,0.0000,0.000,0,SEARCH,0.0000,0.0000,0.0000,-0.0000
36789,dynamic,-2.6591,0.0695,3.2033,0.00,2.000,0.0000,0.0000,0.0000,-0.0000,0.0000,0.000,0,SEARCH,0.0000,0.0000,0.0000,-0.0000
36890,dynamic,-2.6588,0.0700,3.2033,0.00,2.000,0.0000,0.0000,0.0000,-0.0000,0.0000,0.000,0,SEARCH,0.0000,0.0000,0.0000,-0.0000
36989,dynamic,-2.6589,0.0698,3.2033,0.00,2.000,0.0000,0.0000,0.0000,-0.0000,0.0000,0.000,0,SEARCH,0.0000,0.0000,0.0000,-0.0000
37091,dynamic,-2.6593,0.0695,3.2033,0.00,2.000,0.0000,0.0000,0.0000,-0.0000,0.0000,0.000,0,SEARCH,0.0000,0.0000,0.0000,-0.0000
37191,dynamic,-2.6595,0.0697,3.2033,0.00,2.000,0.0000,0.0000,0.0000,-0.0000,0.0000,0.000,0,SEARCH,0.0000,0.0000,0.0000,-0.0000
37291,dynamic,-2.6595,0.0703,3.2033,0.00,2.000,0.0000,0.0000,0.0000,-0.0000,0.0000,0.000,0,SEARCH,0.0000,0.0000,0.0000,-0.0000
37389,dynamic,-2.6595,0.0708,3.2033,0.00,2.000,0.0000,0.0000,0.0000,-0.0000,0.0000,0.000,0,SEARCH,0.0000,0.0000,0.0000,-0.0000
37489,dynamic,-2.6595,0.0712,3.2033,0.00,2.000,0.0000,0.0000,0.0000,-0.0000,0.0000,0.000,0,SEARCH,0.0000,0.0000,0.0000,-0.0000
37589,dynamic,-2.6595,0.0717,3.2033,0.00,2.000,0.0000,0.0000,0.0000,-0.0000,0.0000,0.000,0,SEARCH,0.0000,0.0000,0.0000,-0.0000
37689,dynamic,-2.6595,0.0721,3.2033,0.00,2.000,0.0000,0.0000,0.0000,-0.0000,0.0000,0.000,0,SEARCH,0.0000,0.0000,0.0000,-0.0000
37793,dynamic,-2.6593,0.0722,3.2033,0.00,2.000,0.0000,0.0000,0.0000,-0.0000,0.0000,0.000,0,SEARCH,0.0000,0.0000,0.0000,-0.0000
37889,dynamic,-2.6588,0.0721,3.2033,0.00,2.000,0.0000,0.0000,0.0000,-0.0000,0.0000,0.000,0,SEARCH,0.0000,0.0000,0.0000,-0.0000
37989,dynamic,-2.6585,0.0722,3.2033,0.00,2.000,0.0000,0.0000,0.0000,-0.0000,0.0000,0.000,0,SEARCH,0.0000,0.0000,0.0000,-0.0000
38091,dynamic,-2.6584,0.0725,3.2033,0.00,2.000,0.0000,0.0000,0.0000,-0.0000,0.0000,0.000,0,SEARCH,0.0000,0.0000,0.0000,-0.0000
38189,dynamic,-2.6586,0.0727,3.2033,0.00,2.000,0.0000,0.0000,0.0000,-0.0000,0.0000,0.000,0,SEARCH,0.0000,0.0000,0.0000,-0.0000
38289,dynamic,-2.6589,0.0729,3.2033,0.00,2.000,0.0000,0.0000,0.0000,-0.0000,0.0000,0.000,0,SEARCH,0.0000,0.0000,0.0000,-0.0000
38396,dynamic,-2.6590,0.0732,3.2033,0.00,2.000,0.0000,0.0000,0.0000,-0.0000,0.0000,0.000,0,SEARCH,0.0000,0.0000,0.0000,-0.0000
38489,dynamic,-2.6590,0.0734,3.2033,0.00,2.000,0.0000,0.0000,0.0000,-0.0000,0.0000,0.000,0,SEARCH,0.0000,0.0000,0.0000,-0.0000
38590,dynamic,-2.6589,0.0735,3.2033,0.00,2.000,0.0000,0.0000,0.0000,-0.0000,0.0000,0.000,0,SEARCH,0.0000,0.0000,0.0000,-0.0000
38690,dynamic,-2.6588,0.0736,3.2034,0.00,2.000,0.0000,0.0000,0.0000,-0.0000,0.0000,0.000,0,SEARCH,0.0000,0.0000,0.0000,-0.0000
38789,dynamic,-2.6583,0.0737,3.2033,0.00,2.000,0.0000,0.0000,0.0000,-0.0000,0.0000,0.000,0,SEARCH,0.0000,0.0000,0.0000,-0.0000
38906,dynamic,-2.6578,0.0738,3.2033,0.00,2.000,0.0000,0.0000,0.0000,-0.0000,0.0000,0.000,0,SEARCH,0.0000,0.0000,0.0000,-0.0000
38990,dynamic,-2.6578,0.0736,3.2033,0.00,2.000,0.0000,0.0000,0.0000,-0.0000,0.0000,0.000,0,SEARCH,0.0000,0.0000,0.0000,-0.0000
39089,dynamic,-2.6581,0.0734,3.2033,0.00,2.000,0.0000,0.0000,0.0000,-0.0000,0.0000,0.000,0,SEARCH,0.0000,0.0000,0.0000,-0.0000
39189,dynamic,-2.6580,0.0732,3.2033,0.00,2.000,0.0000,0.0000,0.0000,-0.0000,0.0000,0.000,0,SEARCH,0.0000,0.0000,0.0000,-0.0000
39289,dynamic,-2.6578,0.0730,3.2033,0.00,2.000,0.0000,0.0000,0.0000,-0.0000,0.0000,0.000,0,SEARCH,0.0000,0.0000,0.0000,-0.0000
39389,dynamic,-2.6575,0.0728,3.2033,0.00,2.000,0.0000,0.0000,0.0000,-0.0000,0.0000,0.000,0,SEARCH,0.0000,0.0000,0.0000,-0.0000
39490,dynamic,-2.6573,0.0727,3.2033,0.00,2.000,0.0000,0.0000,0.0000,-0.0000,0.0000,0.000,0,SEARCH,0.0000,0.0000,0.0000,-0.0000
39589,dynamic,-2.6574,0.0726,3.2034,0.00,2.000,0.0000,0.0000,0.0000,-0.0000,0.0000,0.000,0,SEARCH,0.0000,0.0000,0.0000,-0.0000
39692,dynamic,-2.6576,0.0725,3.2033,0.00,2.000,0.0000,0.0000,0.0000,-0.0000,0.0000,0.000,0,SEARCH,0.0000,0.0000,0.0000,-0.0000
39790,dynamic,-2.6573,0.0725,3.2034,0.00,2.000,0.0000,0.0000,0.0000,-0.0000,0.0000,0.000,0,SEARCH,0.0000,0.0000,0.0000,-0.0000
39889,dynamic,-2.6568,0.0724,3.2034,0.00,2.000,0.0000,0.0000,0.0000,-0.0000,0.0000,0.000,0,SEARCH,0.0000,0.0000,0.0000,-0.0000
39989,dynamic,-2.6566,0.0721,3.2034,0.00,2.000,0.0000,0.0000,0.0000,-0.0000,0.0000,0.000,0,SEARCH,0.0000,0.0000,0.0000,-0.0000
40089,dynamic,-2.6565,0.0719,3.2034,0.00,2.000,0.0000,0.0000,0.0000,-0.0000,0.0000,0.000,0,SEARCH,0.0000,0.0000,0.0000,-0.0000
40190,dynamic,-2.6566,0.0714,3.2034,0.00,2.000,0.0000,0.0000,0.0000,-0.0000,0.0000,0.000,0,SEARCH,0.0000,0.0000,0.0000,-0.0000
40295,dynamic,-2.6570,0.0708,3.2034,0.00,2.000,0.0000,0.0000,0.0000,-0.0000,0.0000,0.000,0,SEARCH,0.0000,0.0000,0.0000,-0.0000
40390,dynamic,-2.6569,0.0707,3.2034,0.00,2.000,0.0000,0.0000,0.0000,-0.0000,0.0000,0.000,0,SEARCH,0.0000,0.0000,0.0000,-0.0000
40491,dynamic,-2.6565,0.0709,3.2034,0.00,2.000,0.0000,0.0000,0.0000,-0.0000,0.0000,0.000,0,SEARCH,0.0000,0.0000,0.0000,-0.0000
40590,dynamic,-2.6561,0.0711,3.2034,0.00,2.000,0.0000,0.0000,0.0000,-0.0000,0.0000,0.000,0,SEARCH,0.0000,0.0000,0.0000,-0.0000
40690,dynamic,-2.6557,0.0714,3.2034,0.00,2.000,0.0000,0.0000,0.0000,-0.0000,0.0000,0.000,0,SEARCH,0.0000,0.0000,0.0000,-0.0000
40798,dynamic,-2.6554,0.0716,3.2034,0.00,2.000,0.0000,0.0000,0.0000,-0.0000,0.0000,0.000,0,SEARCH,0.0000,0.0000,0.0000,-0.0000
40891,dynamic,-2.6549,0.0717,3.2034,0.00,2.000,0.0000,0.0000,0.0000,-0.0000,0.0000,0.000,0,SEARCH,0.0000,0.0000,0.0000,-0.0000
40991,dynamic,-2.6544,0.0718,3.2034,0.00,2.000,0.0000,0.0000,0.0000,-0.0000,0.0000,0.000,0,SEARCH,0.0000,0.0000,0.0000,-0.0000
41090,dynamic,-2.6539,0.0718,3.2034,0.00,2.000,0.0000,0.0000,0.0000,-0.0000,0.0000,0.000,0,SEARCH,0.0000,0.0000,0.0000,-0.0000
41189,dynamic,-2.6538,0.0715,3.2034,0.00,2.000,0.0000,0.0000,0.0000,-0.0000,0.0000,0.000,0,SEARCH,0.0000,0.0000,0.0000,-0.0000
41292,dynamic,-2.6538,0.0710,3.2034,0.00,2.000,0.0000,0.0000,0.0000,-0.0000,0.0000,0.000,0,SEARCH,0.0000,0.0000,0.0000,-0.0000
41391,dynamic,-2.6533,0.0707,3.2034,0.00,2.000,0.0000,0.0000,0.0000,-0.0000,0.0000,0.000,0,SEARCH,0.0000,0.0000,0.0000,-0.0000
41491,dynamic,-2.6526,0.0705,3.2034,0.00,2.000,0.0000,0.0000,0.0000,-0.0000,0.0000,0.000,0,SEARCH,0.0000,0.0000,0.0000,-0.0000
41590,dynamic,-2.6525,0.0704,3.2034,0.00,2.000,0.0000,0.0000,0.0000,-0.0000,0.0000,0.000,0,SEARCH,0.0000,0.0000,0.0000,-0.0000
41689,dynamic,-2.6524,0.0704,3.2034,0.00,2.000,0.0000,0.0000,0.0000,-0.0000,0.0000,0.000,0,SEARCH,0.0000,0.0000,0.0000,-0.0000
41790,dynamic,-2.6523,0.0702,3.2034,0.00,2.000,0.0000,0.0000,0.0000,-0.0000,0.0000,0.000,0,SEARCH,0.0000,0.0000,0.0000,-0.0000
41902,dynamic,-2.6522,0.0699,3.2034,0.00,2.000,0.0000,0.0000,0.0000,-0.0000,0.0000,0.000,0,SEARCH,0.0000,0.0000,0.0000,-0.0000
41989,dynamic,-2.6520,0.0698,3.2034,0.00,2.000,0.0000,0.0000,0.0000,-0.0000,0.0000,0.000,0,SEARCH,0.0000,0.0000,0.0000,-0.0000
42091,dynamic,-2.6517,0.0698,3.2034,0.00,2.000,0.0000,0.0000,0.0000,-0.0000,0.0000,0.000,0,SEARCH,0.0000,0.0000,0.0000,-0.0000
42190,dynamic,-2.6518,0.0697,3.2034,0.00,2.000,0.0000,0.0000,0.0000,-0.0000,0.0000,0.000,0,SEARCH,0.0000,0.0000,0.0000,-0.0000
42292,dynamic,-2.6520,0.0695,3.2034,0.00,2.000,0.0000,0.0000,0.0000,-0.0000,0.0000,0.000,0,SEARCH,0.0000,0.0000,0.0000,-0.0000
42389,dynamic,-2.6524,0.0696,3.2034,0.00,2.000,0.0000,0.0000,0.0000,-0.0000,0.0000,0.000,0,SEARCH,0.0000,0.0000,0.0000,-0.0000
42495,dynamic,-2.6528,0.0700,3.2034,0.00,2.000,0.0000,0.0000,0.0000,-0.0000,0.0000,0.000,0,SEARCH,0.0000,0.0000,0.0000,-0.0000
42590,dynamic,-2.6532,0.0700,3.2034,0.00,2.000,0.0000,0.0000,0.0000,-0.0000,0.0000,0.000,0,SEARCH,0.0000,0.0000,0.0000,-0.0000
42692,dynamic,-2.6534,0.0697,3.2034,0.00,2.000,0.0000,0.0000,0.0000,-0.0000,0.0000,0.000,0,SEARCH,0.0000,0.0000,0.0000,-0.0000
42794,dynamic,-2.6533,0.0694,3.2034,0.00,2.000,0.0000,0.0000,0.0000,-0.0000,0.0000,0.000,0,SEARCH,0.0000,0.0000,0.0000,-0.0000
42891,dynamic,-2.6530,0.0693,3.2034,0.00,2.000,0.0000,0.0000,0.0000,-0.0000,0.0000,0.000,0,SEARCH,0.0000,0.0000,0.0000,-0.0000
42993,dynamic,-2.6528,0.0693,3.2034,0.00,2.000,0.0000,0.0000,0.0000,-0.0000,0.0000,0.000,0,SEARCH,0.0000,0.0000,0.0000,-0.0000
43091,dynamic,-2.6527,0.0694,3.2034,0.00,2.000,0.0000,0.0000,0.0000,-0.0000,0.0000,0.000,0,SEARCH,0.0000,0.0000,0.0000,-0.0000
43192,dynamic,-2.6526,0.0691,3.2035,0.00,2.000,0.0000,0.0000,0.0000,-0.0000,0.0000,0.000,0,SEARCH,0.0000,0.0000,0.0000,-0.0000
43291,dynamic,-2.6525,0.0685,3.2033,0.00,2.000,0.0000,0.0000,0.0000,-0.0000,0.0000,0.000,0,SEARCH,0.0000,0.0000,0.0000,-0.0000
43391,dynamic,-2.6522,0.0682,3.2034,0.00,2.000,0.0000,0.0000,0.0000,-0.0000,0.0000,0.000,0,SEARCH,0.0000,0.0000,0.0000,-0.0000
43491,dynamic,-2.6519,0.0680,3.2035,0.00,2.000,0.0000,0.0000,0.0000,-0.0000,0.0000,0.000,0,SEARCH,0.0000,0.0000,0.0000,-0.0000
43600,dynamic,-2.6517,0.0677,3.2034,0.00,2.000,0.0000,0.0000,0.0000,-0.0000,0.0000,0.000,0,SEARCH,0.0000,0.0000,0.0000,-0.0000
43693,dynamic,-2.6517,0.0675,3.2032,0.00,2.000,0.0000,0.0000,0.0000,-0.0000,0.0000,0.000,0,SEARCH,0.0000,0.0000,0.0000,-0.0000
43790,dynamic,-2.6517,0.0672,3.2034,0.00,2.000,0.0000,0.0000,0.0000,-0.0000,0.0000,0.000,0,SEARCH,0.0000,0.0000,0.0000,-0.0000
43890,dynamic,-2.6516,0.0668,3.2034,0.00,2.000,0.0000,0.0000,0.0000,-0.0000,0.0000,0.000,0,SEARCH,0.0000,0.0000,0.0000,-0.0000
43993,dynamic,-2.6515,0.0666,3.2033,0.00,2.000,0.0000,0.0000,0.0000,-0.0000,0.0000,0.000,0,SEARCH,0.0000,0.0000,0.0000,-0.0000
44106,dynamic,-2.6512,0.0664,3.2034,0.00,2.000,0.0000,0.0000,0.0000,-0.0000,0.0000,0.000,0,SEARCH,0.0000,0.0000,0.0000,-0.0000
44191,dynamic,-2.6516,0.0661,3.2034,0.00,2.000,0.0000,0.0000,0.0000,-0.0000,0.0000,0.000,0,SEARCH,0.0000,0.0000,0.0000,-0.0000
44292,dynamic,-2.6520,0.0657,3.2033,0.00,2.000,0.0000,0.0000,0.0000,-0.0000,0.0000,0.000,0,SEARCH,0.0000,0.0000,0.0000,-0.0000
44390,dynamic,-2.6521,0.0656,3.2033,0.00,2.000,0.0000,0.0000,0.0000,-0.0000,0.0000,0.000,0,SEARCH,0.0000,0.0000,0.0000,-0.0000
44490,dynamic,-2.6518,0.0656,3.2035,0.00,2.000,0.0000,0.0000,0.0000,-0.0000,0.0000,0.000,0,SEARCH,0.0000,0.0000,0.0000,-0.0000
44591,dynamic,-2.6519,0.0659,3.2033,0.00,2.000,0.0000,0.0000,0.0000,-0.0000,0.0000,0.000,0,SEARCH,0.0000,0.0000,0.0000,-0.0000
44692,dynamic,-2.6520,0.0663,3.2033,0.00,2.000,0.0000,0.0000,0.0000,-0.0000,0.0000,0.000,0,SEARCH,0.0000,0.0000,0.0000,-0.0000
44792,dynamic,-2.6518,0.0664,3.2035,0.00,2.000,0.0000,0.0000,0.0000,-0.0000,0.0000,0.000,0,SEARCH,0.0000,0.0000,0.0000,-0.0000
44891,dynamic,-2.6515,0.0662,3.2034,0.00,2.000,0.0000,0.0000,0.0000,-0.0000,0.0000,0.000,0,SEARCH,0.0000,0.0000,0.0000,-0.0000
44993,dynamic,-2.6516,0.0663,3.2033,0.00,2.000,0.0000,0.0000,0.0000,-0.0000,0.0000,0.000,0,SEARCH,0.0000,0.0000,0.0000,-0.0000
45091,dynamic,-2.6519,0.0665,3.2034,0.00,2.000,0.0000,0.0000,0.0000,-0.0000,0.0000,0.000,0,SEARCH,0.0000,0.0000,0.0000,-0.0000
45194,dynamic,-2.6523,0.0665,3.2033,0.00,2.000,0.0000,0.0000,0.0000,-0.0000,0.0000,0.000,0,SEARCH,0.0000,0.0000,0.0000,-0.0000
45292,dynamic,-2.6536,0.0663,3.2034,0.00,2.000,0.0000,0.0000,0.0000,-0.0000,0.0000,0.000,0,SEARCH,0.0000,0.0000,0.0000,-0.0000
45391,dynamic,-2.6531,0.0658,3.2034,0.00,2.000,0.0000,0.0000,0.0000,-0.0000,0.0000,0.000,0,SEARCH,0.0000,0.0000,0.0000,-0.0000
45491,dynamic,-2.6518,0.0653,3.2033,0.00,2.000,0.0000,0.0000,0.0000,-0.0000,0.0000,0.000,0,SEARCH,0.0000,0.0000,0.0000,-0.0000
45593,dynamic,-2.6513,0.0646,3.2035,0.00,2.000,0.0000,0.0000,0.0000,-0.0000,0.0000,0.000,0,SEARCH,0.0000,0.0000,0.0000,-0.0000
45692,dynamic,-2.6510,0.0638,3.2033,0.00,2.000,0.0000,0.0000,0.0000,-0.0000,0.0000,0.000,0,SEARCH,0.0000,0.0000,0.0000,-0.0000
45803,dynamic,-2.6510,0.0633,3.2033,0.00,2.000,0.0000,0.0000,0.0000,-0.0000,0.0000,0.000,0,SEARCH,0.0000,0.0000,0.0000,-0.0000
45893,dynamic,-2.6511,0.0628,3.2034,0.00,2.000,0.0000,0.0000,0.0000,-0.0000,0.0000,0.000,0,SEARCH,0.0000,0.0000,0.0000,-0.0000
45994,dynamic,-2.6517,0.0627,3.2033,0.00,2.000,0.0000,0.0000,0.0000,-0.0000,0.0000,0.000,0,SEARCH,0.0000,0.0000,0.0000,-0.0000
46093,dynamic,-2.6523,0.0626,3.2033,0.00,2.000,0.0000,0.0000,0.0000,-0.0000,0.0000,0.000,0,SEARCH,0.0000,0.0000,0.0000,-0.0000
46190,dynamic,-2.6524,0.0625,3.2034,0.00,2.000,0.0000,0.0000,0.0000,-0.0000,0.0000,0.000,0,SEARCH,0.0000,0.0000,0.0000,-0.0000
46293,dynamic,-2.6522,0.0624,3.2034,0.00,2.000,0.0000,0.0000,0.0000,-0.0000,0.0000,0.000,0,SEARCH,0.0000,0.0000,0.0000,-0.0000
46391,dynamic,-2.6520,0.0622,3.2033,0.00,2.000,0.0000,0.0000,0.0000,-0.0000,0.0000,0.000,0,SEARCH,0.0000,0.0000,0.0000,-0.0000
46494,dynamic,-2.6520,0.0619,3.2034,0.00,2.000,0.0000,0.0000,0.0000,-0.0000,0.0000,0.000,0,SEARCH,0.0000,0.0000,0.0000,-0.0000
46592,dynamic,-2.6513,0.0621,3.2033,0.00,2.000,0.0000,0.0000,0.0000,-0.0000,0.0000,0.000,0,SEARCH,0.0000,0.0000,0.0000,-0.0000
46692,dynamic,-2.6505,0.0623,3.2034,0.00,2.000,0.0000,0.0000,0.0000,-0.0000,0.0000,0.000,0,SEARCH,0.0000,0.0000,0.0000,-0.0000
46791,dynamic,-2.6504,0.0623,3.2034,0.00,2.000,0.0000,0.0000,0.0000,-0.0000,0.0000,0.000,0,SEARCH,0.0000,0.0000,0.0000,-0.0000
46902,dynamic,-2.6505,0.0622,3.2034,0.00,2.000,0.0000,0.0000,0.0000,-0.0000,0.0000,0.000,0,SEARCH,0.0000,0.0000,0.0000,-0.0000
46992,dynamic,-2.6509,0.0623,3.2034,0.00,2.000,0.0000,0.0000,0.0000,-0.0000,0.0000,0.000,0,SEARCH,0.0000,0.0000,0.0000,-0.0000
47092,dynamic,-2.6515,0.0625,3.2034,0.00,2.000,0.0000,0.0000,0.0000,-0.0000,0.0000,0.000,0,SEARCH,0.0000,0.0000,0.0000,-0.0000
47195,dynamic,-2.6519,0.0627,3.2034,0.00,2.000,0.0000,0.0000,0.0000,-0.0000,0.0000,0.000,0,SEARCH,0.0000,0.0000,0.0000,-0.0000
47293,dynamic,-2.6520,0.0629,3.2034,0.00,2.000,0.0000,0.0000,0.0000,-0.0000,0.0000,0.000,0,SEARCH,0.0000,0.0000,0.0000,-0.0000
47390,dynamic,-2.6524,0.0630,3.2034,0.00,2.000,0.0000,0.0000,0.0000,-0.0000,0.0000,0.000,0,SEARCH,0.0000,0.0000,0.0000,-0.0000
47491,dynamic,-2.6532,0.0631,3.2034,0.00,2.000,0.0000,0.0000,0.0000,-0.0000,0.0000,0.000,0,SEARCH,0.0000,0.0000,0.0000,-0.0000
47591,dynamic,-2.6532,0.0632,3.2035,0.00,2.000,0.0000,0.0000,0.0000,-0.0000,0.0000,0.000,0,SEARCH,0.0000,0.0000,0.0000,-0.0000
47691,dynamic,-2.6530,0.0631,3.2035,0.00,2.000,0.0000,0.0000,0.0000,-0.0000,0.0000,0.000,0,SEARCH,0.0000,0.0000,0.0000,-0.0000
47794,dynamic,-2.6529,0.0632,3.2034,0.00,2.000,0.0000,0.0000,0.0000,-0.0000,0.0000,0.000,0,SEARCH,0.0000,0.0000,0.0000,-0.0000
47892,dynamic,-2.6529,0.0633,3.2035,0.00,2.000,0.0000,0.0000,0.0000,-0.0000,0.0000,0.000,0,SEARCH,0.0000,0.0000,0.0000,-0.0000
47997,dynamic,-2.6529,0.0633,3.2035,0.00,2.000,0.0000,0.0000,0.0000,-0.0000,0.0000,0.000,0,SEARCH,0.0000,0.0000,0.0000,-0.0000
48092,dynamic,-2.6530,0.0632,3.2034,0.00,2.000,0.0000,0.0000,0.0000,-0.0000,0.0000,0.000,0,SEARCH,0.0000,0.0000,0.0000,-0.0000
48193,dynamic,-2.6536,0.0633,3.2034,0.00,2.000,0.0000,0.0000,0.0000,-0.0000,0.0000,0.000,0,SEARCH,0.0000,0.0000,0.0000,-0.0000
48292,dynamic,-2.6547,0.0634,3.2035,0.00,2.000,0.0000,0.0000,0.0000,-0.0000,0.0000,0.000,0,SEARCH,0.0000,0.0000,0.0000,-0.0000
48393,dynamic,-2.6553,0.0634,3.2034,0.00,2.000,0.0000,0.0000,0.0000,-0.0000,0.0000,0.000,0,SEARCH,0.0000,0.0000,0.0000,-0.0000
48495,dynamic,-2.6554,0.0634,3.2034,0.00,2.000,0.0000,0.0000,0.0000,-0.0000,0.0000,0.000,0,SEARCH,0.0000,0.0000,0.0000,-0.0000
48594,dynamic,-2.6552,0.0635,3.2035,0.00,2.000,0.0000,0.0000,0.0000,-0.0000,0.0000,0.000,0,SEARCH,0.0000,0.0000,0.0000,-0.0000
48693,dynamic,-2.6549,0.0635,3.2034,0.00,2.000,0.0000,0.0000,0.0000,-0.0000,0.0000,0.000,0,SEARCH,0.0000,0.0000,0.0000,-0.0000
48791,dynamic,-2.6552,0.0635,3.2034,0.00,2.000,0.0000,0.0000,0.0000,-0.0000,0.0000,0.000,0,SEARCH,0.0000,0.0000,0.0000,-0.0000
48893,dynamic,-2.6557,0.0634,3.2035,0.00,2.000,0.0000,0.0000,0.0000,-0.0000,0.0000,0.000,0,SEARCH,0.0000,0.0000,0.0000,-0.0000
48991,dynamic,-2.6559,0.0636,3.2035,0.00,2.000,0.0000,0.0000,0.0000,-0.0000,0.0000,0.000,0,SEARCH,0.0000,0.0000,0.0000,-0.0000
49097,dynamic,-2.6560,0.0638,3.2035,0.00,2.000,0.0000,0.0000,0.0000,-0.0000,0.0000,0.000,0,SEARCH,0.0000,0.0000,0.0000,-0.0000
49192,dynamic,-2.6566,0.0638,3.2035,0.00,2.000,0.0000,0.0000,0.0000,-0.0000,0.0000,0.000,0,SEARCH,0.0000,0.0000,0.0000,-0.0000
49290,dynamic,-2.6573,0.0635,3.2035,0.00,2.000,0.0000,0.0000,0.0000,-0.0000,0.0000,0.000,0,SEARCH,0.0000,0.0000,0.0000,-0.0000
49391,dynamic,-2.6575,0.0632,3.2035,0.00,2.000,0.0000,0.0000,0.0000,-0.0000,0.0000,0.000,0,SEARCH,0.0000,0.0000,0.0000,-0.0000
49494,dynamic,-2.6575,0.0628,3.2035,0.00,2.000,0.0000,0.0000,0.0000,-0.0000,0.0000,0.000,0,SEARCH,0.0000,0.0000,0.0000,-0.0000
49609,dynamic,-2.6573,0.0627,3.2035,0.00,2.000,0.0000,0.0000,0.0000,-0.0000,0.0000,0.000,0,SEARCH,0.0000,0.0000,0.0000,-0.0000
49694,dynamic,-2.6570,0.0626,3.2035,0.00,2.000,0.0000,0.0000,0.0000,-0.0000,0.0000,0.000,0,SEARCH,0.0000,0.0000,0.0000,-0.0000
49795,dynamic,-2.6568,0.0626,3.2035,0.00,2.000,0.0000,0.0000,0.0000,-0.0000,0.0000,0.000,0,SEARCH,0.0000,0.0000,0.0000,-0.0000
49895,dynamic,-2.6567,0.0626,3.2035,0.00,2.000,0.0000,0.0000,0.0000,-0.0000,0.0000,0.000,0,SEARCH,0.0000,0.0000,0.0000,-0.0000
49991,dynamic,-2.6568,0.0624,3.2035,0.00,2.000,0.0000,0.0000,0.0000,-0.0000,0.0000,0.000,0,SEARCH,0.0000,0.0000,0.0000,-0.0000
50104,dynamic,-2.6569,0.0621,3.2035,0.00,2.000,0.0000,0.0000,0.0000,-0.0000,0.0000,0.000,0,SEARCH,0.0000,0.0000,0.0000,-0.0000
50190,dynamic,-2.6572,0.0618,3.2035,0.00,2.000,0.0000,0.0000,0.0000,-0.0000,0.0000,0.000,0,SEARCH,0.0000,0.0000,0.0000,-0.0000
50290,dynamic,-2.6574,0.0617,3.2035,0.00,2.000,0.0000,0.0000,0.0000,-0.0000,0.0000,0.000,0,SEARCH,0.0000,0.0000,0.0000,-0.0000
50390,dynamic,-2.6575,0.0618,3.2035,0.00,2.000,0.0000,0.0000,0.0000,-0.0000,0.0000,0.000,0,SEARCH,0.0000,0.0000,0.0000,-0.0000
50492,dynamic,-2.6576,0.0620,3.2035,0.00,2.000,0.0000,0.0000,0.0000,-0.0000,0.0000,0.000,0,SEARCH,0.0000,0.0000,0.0000,-0.0000
50593,dynamic,-2.6578,0.0620,3.2035,0.00,2.000,0.0000,0.0000,0.0000,-0.0000,0.0000,0.000,0,SEARCH,0.0000,0.0000,0.0000,-0.0000
50690,dynamic,-2.6582,0.0618,3.2035,0.00,2.000,0.0000,0.0000,0.0000,-0.0000,0.0000,0.000,0,SEARCH,0.0000,0.0000,0.0000,-0.0000
50791,dynamic,-2.6581,0.0618,3.2035,0.00,2.000,0.0000,0.0000,0.0000,-0.0000,0.0000,0.000,0,SEARCH,0.0000,0.0000,0.0000,-0.0000
50890,dynamic,-2.6578,0.0618,3.2035,0.00,2.000,0.0000,0.0000,0.0000,-0.0000,0.0000,0.000,0,SEARCH,0.0000,0.0000,0.0000,-0.0000
50991,dynamic,-2.6578,0.0620,3.2035,0.00,2.000,0.0000,0.0000,0.0000,-0.0000,0.0000,0.000,0,SEARCH,0.0000,0.0000,0.0000,-0.0000
51092,dynamic,-2.6580,0.0621,3.2035,0.00,2.000,0.0000,0.0000,0.0000,-0.0000,0.0000,0.000,0,SEARCH,0.0000,0.0000,0.0000,-0.0000
51197,dynamic,-2.6580,0.0626,3.2035,0.00,2.000,0.0000,0.0000,0.0000,-0.0000,0.0000,0.000,0,SEARCH,0.0000,0.0000,0.0000,-0.0000
51293,dynamic,-2.6578,0.0633,3.2035,0.00,2.000,0.0000,0.0000,0.0000,-0.0000,0.0000,0.000,0,SEARCH,0.0000,0.0000,0.0000,-0.0000
51395,dynamic,-2.6580,0.0638,3.2035,0.00,2.000,0.0000,0.0000,0.0000,-0.0000,0.0000,0.000,0,SEARCH,0.0000,0.0000,0.0000,-0.0000
51495,dynamic,-2.6582,0.0641,3.2035,0.00,2.000,0.0000,0.0000,0.0000,-0.0000,0.0000,0.000,0,SEARCH,0.0000,0.0000,0.0000,-0.0000
51591,dynamic,-2.6585,0.0642,3.2035,0.00,2.000,0.0000,0.0000,0.0000,-0.0000,0.0000,0.000,0,SEARCH,0.0000,0.0000,0.0000,-0.0000
51691,dynamic,-2.6588,0.0642,3.2035,0.00,2.000,0.0000,0.0000,0.0000,-0.0000,0.0000,0.000,0,SEARCH,0.0000,0.0000,0.0000,-0.0000
51796,dynamic,-2.6587,0.0643,3.2035,0.00,2.000,0.0000,0.0000,0.0000,-0.0000,0.0000,0.000,0,SEARCH,0.0000,0.0000,0.0000,-0.0000
51892,dynamic,-2.6584,0.0645,3.2035,0.00,2.000,0.0000,0.0000,0.0000,-0.0000,0.0000,0.000,0,SEARCH,0.0000,0.0000,0.0000,-0.0000
51995,dynamic,-2.6585,0.0646,3.2035,0.00,2.000,0.0000,0.0000,0.0000,-0.0000,0.0000,0.000,0,SEARCH,0.0000,0.0000,0.0000,-0.0000
52093,dynamic,-2.6587,0.0647,3.2035,0.00,2.000,0.0000,0.0000,0.0000,-0.0000,0.0000,0.000,0,SEARCH,0.0000,0.0000,0.0000,-0.0000
52194,dynamic,-2.6590,0.0647,3.2035,0.00,2.000,0.0000,0.0000,0.0000,-0.0000,0.0000,0.000,0,SEARCH,0.0000,0.0000,0.0000,-0.0000
52303,dynamic,-2.6593,0.0647,3.2036,0.00,2.000,0.0000,0.0000,0.0000,-0.0000,0.0000,0.000,0,SEARCH,0.0000,0.0000,0.0000,-0.0000
52391,dynamic,-2.6591,0.0646,3.2035,0.00,2.000,0.0000,0.0000,0.0000,-0.0000,0.0000,0.000,0,SEARCH,0.0000,0.0000,0.0000,-0.0000
52497,dynamic,-2.6585,0.0644,3.2035,0.00,2.000,0.0000,0.0000,0.0000,-0.0000,0.0000,0.000,0,SEARCH,0.0000,0.0000,0.0000,-0.0000
52593,dynamic,-2.6581,0.0644,3.2036,0.00,2.000,0.0000,0.0000,0.0000,-0.0000,0.0000,0.000,0,SEARCH,0.0000,0.0000,0.0000,-0.0000
52692,dynamic,-2.6578,0.0645,3.2036,0.00,2.000,0.0000,0.0000,0.0000,-0.0000,0.0000,0.000,0,SEARCH,0.0000,0.0000,0.0000,-0.0000
52792,dynamic,-2.6576,0.0647,3.2036,0.00,2.000,0.0000,0.0000,0.0000,-0.0000,0.0000,0.000,0,SEARCH,0.0000,0.0000,0.0000,-0.0000
52894,dynamic,-2.6573,0.0649,3.2036,0.00,2.000,0.0000,0.0000,0.0000,-0.0000,0.0000,0.000,0,SEARCH,0.0000,0.0000,0.0000,-0.0000
52995,dynamic,-2.6573,0.0652,3.2036,0.00,2.000,0.0000,0.0000,0.0000,-0.0000,0.0000,0.000,0,SEARCH,0.0000,0.0000,0.0000,-0.0000
53091,dynamic,-2.6574,0.0654,3.2036,0.00,2.000,0.0000,0.0000,0.0000,-0.0000,0.0000,0.000,0,SEARCH,0.0000,0.0000,0.0000,-0.0000
53191,dynamic,-2.6572,0.0655,3.2036,0.00,2.000,0.0000,0.0000,0.0000,-0.0000,0.0000,0.000,0,SEARCH,0.0000,0.0000,0.0000,-0.0000
53296,dynamic,-2.6570,0.0655,3.2036,0.00,2.000,0.0000,0.0000,0.0000,-0.0000,0.0000,0.000,0,SEARCH,0.0000,0.0000,0.0000,-0.0000
53405,dynamic,-2.6566,0.0654,3.2036,0.00,2.000,0.0000,0.0000,0.0000,-0.0000,0.0000,0.000,0,SEARCH,0.0000,0.0000,0.0000,-0.0000
53497,dynamic,-2.6555,0.0652,3.2035,0.00,2.000,0.0000,0.0000,0.0000,-0.0000,0.0000,0.000,0,SEARCH,0.0000,0.0000,0.0000,-0.0000
53593,dynamic,-2.6555,0.0650,3.2035,0.00,2.000,0.0000,0.0000,0.0000,-0.0000,0.0000,0.000,0,SEARCH,0.0000,0.0000,0.0000,-0.0000
53692,dynamic,-2.6556,0.0646,3.2035,0.00,2.000,0.0000,0.0000,0.0000,-0.0000,0.0000,0.000,0,SEARCH,0.0000,0.0000,0.0000,-0.0000
53793,dynamic,-2.6553,0.0645,3.2034,0.00,2.000,0.0000,0.0000,0.0000,-0.0000,0.0000,0.000,0,SEARCH,0.0000,0.0000,0.0000,-0.0000
53896,dynamic,-2.6548,0.0644,3.2034,0.00,2.000,0.0000,0.0000,0.0000,-0.0000,0.0000,0.000,0,SEARCH,0.0000,0.0000,0.0000,-0.0000
53999,dynamic,-2.6548,0.0644,3.2034,0.00,2.000,0.0000,0.0000,0.0000,-0.0000,0.0000,0.000,0,SEARCH,0.0000,0.0000,0.0000,-0.0000
54093,dynamic,-2.6550,0.0645,3.2034,0.00,2.000,0.0000,0.0000,0.0000,-0.0000,0.0000,0.000,0,SEARCH,0.0000,0.0000,0.0000,-0.0000
54196,dynamic,-2.6545,0.0647,3.2034,0.00,2.000,0.0000,0.0000,0.0000,-0.0000,0.0000,0.000,0,SEARCH,0.0000,0.0000,0.0000,-0.0000
54292,dynamic,-2.6536,0.0649,3.2034,0.00,2.000,0.0000,0.0000,0.0000,-0.0000,0.0000,0.000,0,SEARCH,0.0000,0.0000,0.0000,-0.0000
54393,dynamic,-2.6531,0.0650,3.2034,0.00,2.000,0.0000,0.0000,0.0000,-0.0000,0.0000,0.000,0,SEARCH,0.0000,0.0000,0.0000,-0.0000
54494,dynamic,-2.6528,0.0649,3.2034,0.00,2.000,0.0000,0.0000,0.0000,-0.0000,0.0000,0.000,0,SEARCH,0.0000,0.0000,0.0000,-0.0000
54590,dynamic,-2.6527,0.0648,3.2034,0.00,2.000,0.0000,0.0000,0.0000,-0.0000,0.0000,0.000,0,SEARCH,0.0000,0.0000,0.0000,-0.0000
54693,dynamic,-2.6527,0.0647,3.2034,0.00,2.000,0.0000,0.0000,0.0000,-0.0000,0.0000,0.000,0,SEARCH,0.0000,0.0000,0.0000,-0.0000
54795,dynamic,-2.6528,0.0647,3.2034,0.00,2.000,0.0000,0.0000,0.0000,-0.0000,0.0000,0.000,0,SEARCH,0.0000,0.0000,0.0000,-0.0000
54893,dynamic,-2.6529,0.0647,3.2033,0.00,2.000,0.0000,0.0000,0.0000,-0.0000,0.0000,0.000,0,SEARCH,0.0000,0.0000,0.0000,-0.0000
54994,dynamic,-2.6532,0.0648,3.2033,0.00,2.000,0.0000,0.0000,0.0000,-0.0000,0.0000,0.000,0,SEARCH,0.0000,0.0000,0.0000,-0.0000
55093,dynamic,-2.6535,0.0648,3.2033,0.00,2.000,0.0000,0.0000,0.0000,-0.0000,0.0000,0.000,0,SEARCH,0.0000,0.0000,0.0000,-0.0000
55200,dynamic,-2.6535,0.0650,3.2033,0.00,2.000,0.0000,0.0000,0.0000,-0.0000,0.0000,0.000,0,SEARCH,0.0000,0.0000,0.0000,-0.0000
55294,dynamic,-2.6533,0.0650,3.2033,0.00,2.000,0.0000,0.0000,0.0000,-0.0000,0.0000,0.000,0,SEARCH,0.0000,0.0000,0.0000,-0.0000
55392,dynamic,-2.6531,0.0647,3.2033,0.00,2.000,0.0000,0.0000,0.0000,-0.0000,0.0000,0.000,0,SEARCH,0.0000,0.0000,0.0000,-0.0000
55494,dynamic,-2.6529,0.0643,3.2033,0.00,2.000,0.0000,0.0000,0.0000,-0.0000,0.0000,0.000,0,SEARCH,0.0000,0.0000,0.0000,-0.0000
55595,dynamic,-2.6531,0.0647,3.2034,0.00,2.000,0.0000,0.0000,0.0000,-0.0000,0.0000,0.000,0,SEARCH,0.0000,0.0000,0.0000,-0.0000
55696,dynamic,-2.6532,0.0651,3.2034,0.00,2.000,0.0000,0.0000,0.0000,-0.0000,0.0000,0.000,0,SEARCH,0.0000,0.0000,0.0000,-0.0000
55796,dynamic,-2.6533,0.0653,3.2034,0.00,2.000,0.0000,0.0000,0.0000,-0.0000,0.0000,0.000,0,SEARCH,0.0000,0.0000,0.0000,-0.0000
55894,dynamic,-2.6532,0.0652,3.2034,0.00,2.000,0.0000,0.0000,0.0000,-0.0000,0.0000,0.000,0,SEARCH,0.0000,0.0000,0.0000,-0.0000
55993,dynamic,-2.6531,0.0652,3.2034,0.00,2.000,0.0000,0.0000,0.0000,-0.0000,0.0000,0.000,0,SEARCH,0.0000,0.0000,0.0000,-0.0000
56092,dynamic,-2.6529,0.0652,3.2034,0.00,2.000,0.0000,0.0000,0.0000,-0.0000,0.0000,0.000,0,SEARCH,0.0000,0.0000,0.0000,-0.0000
56195,dynamic,-2.6530,0.0651,3.2034,0.00,2.000,0.0000,0.0000,0.0000,-0.0000,0.0000,0.000,0,SEARCH,0.0000,0.0000,0.0000,-0.0000
56293,dynamic,-2.6533,0.0651,3.2034,0.00,2.000,0.0000,0.0000,0.0000,-0.0000,0.0000,0.000,0,SEARCH,0.0000,0.0000,0.0000,-0.0000
56395,dynamic,-2.6540,0.0653,3.2034,0.00,2.000,0.0000,0.0000,0.0000,-0.0000,0.0000,0.000,0,SEARCH,0.0000,0.0000,0.0000,-0.0000
56492,dynamic,-2.6549,0.0657,3.2034,0.00,2.000,0.0000,0.0000,0.0000,-0.0000,0.0000,0.000,0,SEARCH,0.0000,0.0000,0.0000,-0.0000
56594,dynamic,-2.6554,0.0658,3.2034,0.00,2.000,0.0000,0.0000,0.0000,-0.0000,0.0000,0.000,0,SEARCH,0.0000,0.0000,0.0000,-0.0000
56692,dynamic,-2.6555,0.0657,3.2034,0.00,2.000,0.0000,0.0000,0.0000,-0.0000,0.0000,0.000,0,SEARCH,0.0000,0.0000,0.0000,-0.0000
56797,dynamic,-2.6554,0.0658,3.2034,0.00,2.000,0.0000,0.0000,0.0000,-0.0000,0.0000,0.000,0,SEARCH,0.0000,0.0000,0.0000,-0.0000
56893,dynamic,-2.6552,0.0658,3.2034,0.00,2.000,0.0000,0.0000,0.0000,-0.0000,0.0000,0.000,0,SEARCH,0.0000,0.0000,0.0000,-0.0000
56991,dynamic,-2.6551,0.0658,3.2034,0.00,2.000,0.0000,0.0000,0.0000,-0.0000,0.0000,0.000,0,SEARCH,0.0000,0.0000,0.0000,-0.0000
57095,dynamic,-2.6550,0.0658,3.2034,0.00,2.000,0.0000,0.0000,0.0000,-0.0000,0.0000,0.000,0,SEARCH,0.0000,0.0000,0.0000,-0.0000
57197,dynamic,-2.6544,0.0657,3.2034,0.00,2.000,0.0000,0.0000,0.0000,-0.0000,0.0000,0.000,0,SEARCH,0.0000,0.0000,0.0000,-0.0000
57303,dynamic,-2.6535,0.0656,3.2033,0.00,2.000,0.0000,0.0000,0.0000,-0.0000,0.0000,0.000,0,SEARCH,0.0000,0.0000,0.0000,-0.0000
57391,dynamic,-2.6527,0.0655,3.2034,0.00,2.000,0.0000,0.0000,0.0000,-0.0000,0.0000,0.000,0,SEARCH,0.0000,0.0000,0.0000,-0.0000
57492,dynamic,-2.6523,0.0654,3.2034,0.00,2.000,0.0000,0.0000,0.0000,-0.0000,0.0000,0.000,0,SEARCH,0.0000,0.0000,0.0000,-0.0000
57592,dynamic,-2.6526,0.0657,3.2034,0.00,2.000,0.0000,0.0000,0.0000,-0.0000,0.0000,0.000,0,SEARCH,0.0000,0.0000,0.0000,-0.0000
57691,dynamic,-2.6531,0.0660,3.2034,0.00,2.000,0.0000,0.0000,0.0000,-0.0000,0.0000,0.000,0,SEARCH,0.0000,0.0000,0.0000,-0.0000
57791,dynamic,-2.6531,0.0661,3.2034,0.00,2.000,0.0000,0.0000,0.0000,-0.0000,0.0000,0.000,0,SEARCH,0.0000,0.0000,0.0000,-0.0000
57891,dynamic,-2.6529,0.0659,3.2034,0.00,2.000,0.0000,0.0000,0.0000,-0.0000,0.0000,0.000,0,SEARCH,0.0000,0.0000,0.0000,-0.0000
57991,dynamic,-2.6532,0.0656,3.2034,0.00,2.000,0.0000,0.0000,0.0000,-0.0000,0.0000,0.000,0,SEARCH,0.0000,0.0000,0.0000,-0.0000
58092,dynamic,-2.6536,0.0652,3.2034,0.00,2.000,0.0000,0.0000,0.0000,-0.0000,0.0000,0.000,0,SEARCH,0.0000,0.0000,0.0000,-0.0000
58190,dynamic,-2.6539,0.0648,3.2034,0.00,2.000,0.0000,0.0000,0.0000,-0.0000,0.0000,0.000,0,SEARCH,0.0000,0.0000,0.0000,-0.0000
58290,dynamic,-2.6542,0.0644,3.2034,0.00,2.000,0.0000,0.0000,0.0000,-0.0000,0.0000,0.000,0,SEARCH,0.0000,0.0000,0.0000,-0.0000
58403,dynamic,-2.6545,0.0642,3.2034,0.00,2.000,0.0000,0.0000,0.0000,-0.0000,0.0000,0.000,0,SEARCH,0.0000,0.0000,0.0000,-0.0000
58490,dynamic,-2.6549,0.0646,3.2034,0.00,2.000,0.0000,0.0000,0.0000,-0.0000,0.0000,0.000,0,SEARCH,0.0000,0.0000,0.0000,-0.0000
58590,dynamic,-2.6548,0.0646,3.2034,0.00,2.000,0.0000,0.0000,0.0000,-0.0000,0.0000,0.000,0,SEARCH,0.0000,0.0000,0.0000,-0.0000
58690,dynamic,-2.6546,0.0646,3.2034,0.00,2.000,0.0000,0.0000,0.0000,-0.0000,0.0000,0.000,0,SEARCH,0.0000,0.0000,0.0000,-0.0000
58795,dynamic,-2.6545,0.0647,3.2035,0.00,2.000,0.0000,0.0000,0.0000,-0.0000,0.0000,0.000,0,SEARCH,0.0000,0.0000,0.0000,-0.0000
58890,dynamic,-2.6545,0.0648,3.2035,0.00,2.000,0.0000,0.0000,0.0000,-0.0000,0.0000,0.000,0,SEARCH,0.0000,0.0000,0.0000,-0.0000
58989,dynamic,-2.6547,0.0648,3.2035,0.00,2.000,0.0000,0.0000,0.0000,-0.0000,0.0000,0.000,0,SEARCH,0.0000,0.0000,0.0000,-0.0000
59090,dynamic,-2.6550,0.0647,3.2035,0.00,2.000,0.0000,0.0000,0.0000,-0.0000,0.0000,0.000,0,SEARCH,0.0000,0.0000,0.0000,-0.0000
59190,dynamic,-2.6549,0.0646,3.2035,0.00,2.000,0.0000,0.0000,0.0000,-0.0000,0.0000,0.000,0,SEARCH,0.0000,0.0000,0.0000,-0.0000
59290,dynamic,-2.6547,0.0645,3.2035,0.00,2.000,0.0000,0.0000,0.0000,-0.0000,0.0000,0.000,0,SEARCH,0.0000,0.0000,0.0000,-0.0000
59390,dynamic,-2.6546,0.0644,3.2035,0.00,2.000,0.0000,0.0000,0.0000,-0.0000,0.0000,0.000,0,SEARCH,0.0000,0.0000,0.0000,-0.0000
59496,dynamic,-2.6545,0.0644,3.2035,0.00,2.000,0.0000,0.0000,0.0000,-0.0000,0.0000,0.000,0,SEARCH,0.0000,0.0000,0.0000,-0.0000
59590,dynamic,-2.6553,0.0644,3.2035,0.00,2.000,0.0000,0.0000,0.0000,-0.0000,0.0000,0.000,0,SEARCH,0.0000,0.0000,0.0000,-0.0000
59690,dynamic,-2.6563,0.0644,3.2035,0.00,2.000,0.0000,0.0000,0.0000,-0.0000,0.0000,0.000,0,SEARCH,0.0000,0.0000,0.0000,-0.0000
59790,dynamic,-2.6563,0.0646,3.2035,0.00,2.000,0.0000,0.0000,0.0000,-0.0000,0.0000,0.000,0,SEARCH,0.0000,0.0000,0.0000,-0.0000
59890,dynamic,-2.6560,0.0647,3.2035,0.00,2.000,0.0000,0.0000,0.0000,-0.0000,0.0000,0.000,0,SEARCH,0.0000,0.0000,0.0000,-0.0000
59997,dynamic,-2.6561,0.0648,3.2035,0.00,2.000,0.0000,0.0000,0.0000,-0.0000,0.0000,0.000,0,SEARCH,0.0000,0.0000,0.0000,-0.0000
60090,dynamic,-2.6563,0.0648,3.2035,0.00,2.000,0.0000,0.0000,0.0000,-0.0000,0.0000,0.000,0,SEARCH,0.0000,0.0000,0.0000,-0.0000
60190,dynamic,-2.6564,0.0649,3.2035,0.00,2.000,0.0000,0.0000,0.0000,-0.0000,0.0000,0.000,0,SEARCH,0.0000,0.0000,0.0000,-0.0000
60290,dynamic,-2.6564,0.0649,3.2035,0.00,2.000,0.0000,0.0000,0.0000,-0.0000,0.0000,0.000,0,SEARCH,0.0000,0.0000,0.0000,-0.0000
60390,dynamic,-2.6564,0.0651,3.2035,0.00,2.000,0.0000,0.0000,0.0000,-0.0000,0.0000,0.000,0,SEARCH,0.0000,0.0000,0.0000,-0.0000
60490,dynamic,-2.6563,0.0655,3.2036,0.00,2.000,0.0000,0.0000,0.0000,-0.0000,0.0000,0.000,0,SEARCH,0.0000,0.0000,0.0000,-0.0000
60598,dynamic,-2.6561,0.0656,3.2036,0.00,2.000,0.0000,0.0000,0.0000,-0.0000,0.0000,0.000,0,SEARCH,0.0000,0.0000,0.0000,-0.0000
60690,dynamic,-2.6559,0.0656,3.2036,0.00,2.000,0.0000,0.0000,0.0000,-0.0000,0.0000,0.000,0,SEARCH,0.0000,0.0000,0.0000,-0.0000
60790,dynamic,-2.6554,0.0656,3.2036,0.00,2.000,0.0000,0.0000,0.0000,-0.0000,0.0000,0.000,0,SEARCH,0.0000,0.0000,0.0000,-0.0000
60890,dynamic,-2.6548,0.0656,3.2036,0.00,2.000,0.0000,0.0000,0.0000,-0.0000,0.0000,0.000,0,SEARCH,0.0000,0.0000,0.0000,-0.0000
60990,dynamic,-2.6543,0.0660,3.2036,0.00,2.000,0.0000,0.0000,0.0000,-0.0000,0.0000,0.000,0,SEARCH,0.0000,0.0000,0.0000,-0.0000
61090,dynamic,-2.6540,0.0666,3.2036,0.00,2.000,0.0000,0.0000,0.0000,-0.0000,0.0000,0.000,0,SEARCH,0.0000,0.0000,0.0000,-0.0000
61200,dynamic,-2.6539,0.0669,3.2036,0.00,2.000,0.0000,0.0000,0.0000,-0.0000,0.0000,0.000,0,SEARCH,0.0000,0.0000,0.0000,-0.0000
61290,dynamic,-2.6541,0.0670,3.2036,0.00,2.000,0.0000,0.0000,0.0000,-0.0000,0.0000,0.000,0,SEARCH,0.0000,0.0000,0.0000,-0.0000
61390,dynamic,-2.6539,0.0669,3.2036,0.00,2.000,0.0000,0.0000,0.0000,-0.0000,0.0000,0.000,0,SEARCH,0.0000,0.0000,0.0000,-0.0000
61490,dynamic,-2.6535,0.0668,3.2036,0.00,2.000,0.0000,0.0000,0.0000,-0.0000,0.0000,0.000,0,SEARCH,0.0000,0.0000,0.0000,-0.0000
61590,dynamic,-2.6530,0.0671,3.2036,0.00,2.000,0.0000,0.0000,0.0000,-0.0000,0.0000,0.000,0,SEARCH,0.0000,0.0000,0.0000,-0.0000
61695,dynamic,-2.6525,0.0673,3.2036,0.00,2.000,0.0000,0.0000,0.0000,-0.0000,0.0000,0.000,0,SEARCH,0.0000,0.0000,0.0000,-0.0000
61793,dynamic,-2.6530,0.0676,3.2036,0.00,2.000,0.0000,0.0000,0.0000,-0.0000,0.0000,0.000,0,SEARCH,0.0000,0.0000,0.0000,-0.0000
61890,dynamic,-2.6538,0.0677,3.2036,0.00,2.000,0.0000,0.0000,0.0000,-0.0000,0.0000,0.000,0,SEARCH,0.0000,0.0000,0.0000,-0.0000
61990,dynamic,-2.6543,0.0679,3.2036,0.00,2.000,0.0000,0.0000,0.0000,-0.0000,0.0000,0.000,0,SEARCH,0.0000,0.0000,0.0000,-0.0000
62090,dynamic,-2.6545,0.0681,3.2036,0.00,2.000,0.0000,0.0000,0.0000,-0.0000,0.0000,0.000,0,SEARCH,0.0000,0.0000,0.0000,-0.0000
62189,dynamic,-2.6545,0.0681,3.2036,0.00,2.000,0.0000,0.0000,0.0000,-0.0000,0.0000,0.000,0,SEARCH,0.0000,0.0000,0.0000,-0.0000
62297,dynamic,-2.6544,0.0681,3.2036,0.00,2.000,0.0000,0.0000,0.0000,-0.0000,0.0000,0.000,0,SEARCH,0.0000,0.0000,0.0000,-0.0000
62390,dynamic,-2.6544,0.0681,3.2037,0.00,2.000,0.0000,0.0000,0.0000,-0.0000,0.0000,0.000,0,SEARCH,0.0000,0.0000,0.0000,-0.0000
62489,dynamic,-2.6543,0.0682,3.2037,0.00,2.000,0.0000,0.0000,0.0000,-0.0000,0.0000,0.000,0,SEARCH,0.0000,0.0000,0.0000,-0.0000
62590,dynamic,-2.6546,0.0682,3.2037,0.00,2.000,0.0000,0.0000,0.0000,-0.0000,0.0000,0.000,0,SEARCH,0.0000,0.0000,0.0000,-0.0000
62690,dynamic,-2.6550,0.0681,3.2037,0.00,2.000,0.0000,0.0000,0.0000,-0.0000,0.0000,0.000,0,SEARCH,0.0000,0.0000,0.0000,-0.0000
62790,dynamic,-2.6550,0.0684,3.2037,0.00,2.000,0.0000,0.0000,0.0000,-0.0000,0.0000,0.000,0,SEARCH,0.0000,0.0000,0.0000,-0.0000
62894,dynamic,-2.6548,0.0688,3.2037,0.00,2.000,0.0000,0.0000,0.0000,-0.0000,0.0000,0.000,0,SEARCH,0.0000,0.0000,0.0000,-0.0000
62990,dynamic,-2.6544,0.0691,3.2037,0.00,2.000,0.0000,0.0000,0.0000,-0.0000,0.0000,0.000,0,SEARCH,0.0000,0.0000,0.0000,-0.0000
63090,dynamic,-2.6539,0.0692,3.2037,0.00,2.000,0.0000,0.0000,0.0000,-0.0000,0.0000,0.000,0,SEARCH,0.0000,0.0000,0.0000,-0.0000
63189,dynamic,-2.6535,0.0694,3.2037,0.00,2.000,0.0000,0.0000,0.0000,-0.0000,0.0000,0.000,0,SEARCH,0.0000,0.0000,0.0000,-0.0000
63289,dynamic,-2.6533,0.0696,3.2037,0.00,2.000,0.0000,0.0000,0.0000,-0.0000,0.0000,0.000,0,SEARCH,0.0000,0.0000,0.0000,-0.0000
63389,dynamic,-2.6532,0.0699,3.2037,0.00,2.000,0.0000,0.0000,0.0000,-0.0000,0.0000,0.000,0,SEARCH,0.0000,0.0000,0.0000,-0.0000
63493,dynamic,-2.6534,0.0702,3.2037,0.00,2.000,0.0000,0.0000,0.0000,-0.0000,0.0000,0.000,0,SEARCH,0.0000,0.0000,0.0000,-0.0000
63589,dynamic,-2.6537,0.0702,3.2037,0.00,2.000,0.0000,0.0000,0.0000,-0.0000,0.0000,0.000,0,SEARCH,0.0000,0.0000,0.0000,-0.0000
63690,dynamic,-2.6540,0.0701,3.2037,0.00,2.000,0.0000,0.0000,0.0000,-0.0000,0.0000,0.000,0,SEARCH,0.0000,0.0000,0.0000,-0.0000
63789,dynamic,-2.6540,0.0701,3.2037,0.00,2.000,0.0000,0.0000,0.0000,-0.0000,0.0000,0.000,0,SEARCH,0.0000,0.0000,0.0000,-0.0000
63889,dynamic,-2.6539,0.0700,3.2037,0.00,2.000,0.0000,0.0000,0.0000,-0.0000,0.0000,0.000,0,SEARCH,0.0000,0.0000,0.0000,-0.0000
64004,dynamic,-2.6544,0.0700,3.2037,0.00,2.000,0.0000,0.0000,0.0000,-0.0000,0.0000,0.000,0,SEARCH,0.0000,0.0000,0.0000,-0.0000
64089,dynamic,-2.6551,0.0701,3.2037,0.00,2.000,0.0000,0.0000,0.0000,-0.0000,0.0000,0.000,0,SEARCH,0.0000,0.0000,0.0000,-0.0000
64189,dynamic,-2.6554,0.0702,3.2037,0.00,2.000,0.0000,0.0000,0.0000,-0.0000,0.0000,0.000,0,SEARCH,0.0000,0.0000,0.0000,-0.0000
64289,dynamic,-2.6554,0.0703,3.2037,0.00,2.000,0.0000,0.0000,0.0000,-0.0000,0.0000,0.000,0,SEARCH,0.0000,0.0000,0.0000,-0.0000
64390,dynamic,-2.6555,0.0703,3.2037,0.00,2.000,0.0000,0.0000,0.0000,-0.0000,0.0000,0.000,0,SEARCH,0.0000,0.0000,0.0000,-0.0000
64489,dynamic,-2.6556,0.0702,3.2038,0.00,2.000,0.0000,0.0000,0.0000,-0.0000,0.0000,0.000,0,SEARCH,0.0000,0.0000,0.0000,-0.0000
64593,dynamic,-2.6558,0.0699,3.2038,0.00,2.000,0.0000,0.0000,0.0000,-0.0000,0.0000,0.000,0,SEARCH,0.0000,0.0000,0.0000,-0.0000
64690,dynamic,-2.6560,0.0695,3.2038,0.00,2.000,0.0000,0.0000,0.0000,-0.0000,0.0000,0.000,0,SEARCH,0.0000,0.0000,0.0000,-0.0000
64789,dynamic,-2.6561,0.0692,3.2037,0.00,2.000,0.0000,0.0000,0.0000,-0.0000,0.0000,0.000,0,SEARCH,0.0000,0.0000,0.0000,-0.0000
64889,dynamic,-2.6560,0.0690,3.2037,0.00,2.000,0.0000,0.0000,0.0000,-0.0000,0.0000,0.000,0,SEARCH,0.0000,0.0000,0.0000,-0.0000
64990,dynamic,-2.6561,0.0690,3.2037,0.00,2.000,0.0000,0.0000,0.0000,-0.0000,0.0000,0.000,0,SEARCH,0.0000,0.0000,0.0000,-0.0000
65099,dynamic,-2.6562,0.0691,3.2037,0.00,2.000,0.0000,0.0000,0.0000,-0.0000,0.0000,0.000,0,SEARCH,0.0000,0.0000,0.0000,-0.0000
65189,dynamic,-2.6558,0.0690,3.2037,0.00,2.000,0.0000,0.0000,0.0000,-0.0000,0.0000,0.000,0,SEARCH,0.0000,0.0000,0.0000,-0.0000
65289,dynamic,-2.6552,0.0686,3.2037,0.00,2.000,0.0000,0.0000,0.0000,-0.0000,0.0000,0.000,0,SEARCH,0.0000,0.0000,0.0000,-0.0000
65389,dynamic,-2.6546,0.0682,3.2037,0.00,2.000,0.0000,0.0000,0.0000,-0.0000,0.0000,0.000,0,SEARCH,0.0000,0.0000,0.0000,-0.0000
65489,dynamic,-2.6542,0.0679,3.2037,0.00,2.000,0.0000,0.0000,0.0000,-0.0000,0.0000,0.000,0,SEARCH,0.0000,0.0000,0.0000,-0.0000
65589,dynamic,-2.6542,0.0677,3.2037,0.00,2.000,0.0000,0.0000,0.0000,-0.0000,0.0000,0.000,0,SEARCH,0.0000,0.0000,0.0000,-0.0000
65694,dynamic,-2.6544,0.0676,3.2037,0.00,2.000,0.0000,0.0000,0.0000,-0.0000,0.0000,0.000,0,SEARCH,0.0000,0.0000,0.0000,-0.0000
65789,dynamic,-2.6543,0.0678,3.2037,0.00,2.000,0.0000,0.0000,0.0000,-0.0000,0.0000,0.000,0,SEARCH,0.0000,0.0000,0.0000,-0.0000
65890,dynamic,-2.6541,0.0681,3.2037,0.00,2.000,0.0000,0.0000,0.0000,-0.0000,0.0000,0.000,0,SEARCH,0.0000,0.0000,0.0000,-0.0000
65989,dynamic,-2.6539,0.0682,3.2037,0.00,2.000,0.0000,0.0000,0.0000,-0.0000,0.0000,0.000,0,SEARCH,0.0000,0.0000,0.0000,-0.0000
66089,dynamic,-2.6537,0.0681,3.2037,0.00,2.000,0.0000,0.0000,0.0000,-0.0000,0.0000,0.000,0,SEARCH,0.0000,0.0000,0.0000,-0.0000
66189,dynamic,-2.6535,0.0683,3.2037,0.00,2.000,0.0000,0.0000,0.0000,-0.0000,0.0000,0.000,0,SEARCH,0.0000,0.0000,0.0000,-0.0000
66290,dynamic,-2.6535,0.0686,3.2037,0.00,2.000,0.0000,0.0000,0.0000,-0.0000,0.0000,0.000,0,SEARCH,0.0000,0.0000,0.0000,-0.0000
66389,dynamic,-2.6536,0.0688,3.2037,0.00,2.000,0.0000,0.0000,0.0000,-0.0000,0.0000,0.000,0,SEARCH,0.0000,0.0000,0.0000,-0.0000
66489,dynamic,-2.6538,0.0689,3.2037,0.00,2.000,0.0000,0.0000,0.0000,-0.0000,0.0000,0.000,0,SEARCH,0.0000,0.0000,0.0000,-0.0000
66590,dynamic,-2.6541,0.0691,3.2037,0.00,2.000,0.0000,0.0000,0.0000,-0.0000,0.0000,0.000,0,SEARCH,0.0000,0.0000,0.0000,-0.0000
66689,dynamic,-2.6544,0.0692,3.2037,0.00,2.000,0.0000,0.0000,0.0000,-0.0000,0.0000,0.000,0,SEARCH,0.0000,0.0000,0.0000,-0.0000
66809,dynamic,-2.6548,0.0693,3.2037,0.00,2.000,0.0000,0.0000,0.0000,-0.0000,0.0000,0.000,0,SEARCH,0.0000,0.0000,0.0000,-0.0000
66889,dynamic,-2.6553,0.0695,3.2037,0.00,2.000,0.0000,0.0000,0.0000,-0.0000,0.0000,0.000,0,SEARCH,0.0000,0.0000,0.0000,-0.0000
66990,dynamic,-2.6564,0.0694,3.2037,0.00,2.000,0.0000,0.0000,0.0000,-0.0000,0.0000,0.000,0,SEARCH,0.0000,0.0000,0.0000,-0.0000
67090,dynamic,-2.6576,0.0692,3.2037,0.00,2.000,0.0000,0.0000,0.0000,-0.0000,0.0000,0.000,0,SEARCH,0.0000,0.0000,0.0000,-0.0000
67189,dynamic,-2.6582,0.0693,3.2037,0.00,2.000,0.0000,0.0000,0.0000,-0.0000,0.0000,0.000,0,SEARCH,0.0000,0.0000,0.0000,-0.0000
67289,dynamic,-2.6581,0.0697,3.2037,0.00,2.000,0.0000,0.0000,0.0000,-0.0000,0.0000,0.000,0,SEARCH,0.0000,0.0000,0.0000,-0.0000
67389,dynamic,-2.6584,0.0699,3.2037,0.00,2.000,0.0000,0.0000,0.0000,-0.0000,0.0000,0.000,0,SEARCH,0.0000,0.0000,0.0000,-0.0000
67489,dynamic,-2.6591,0.0700,3.2037,0.00,2.000,0.0000,0.0000,0.0000,-0.0000,0.0000,0.000,0,SEARCH,0.0000,0.0000,0.0000,-0.0000
67590,dynamic,-2.6592,0.0701,3.2037,0.00,2.000,0.0000,0.0000,0.0000,-0.0000,0.0000,0.000,0,SEARCH,0.0000,0.0000,0.0000,-0.0000
67690,dynamic,-2.6590,0.0702,3.2038,0.00,2.000,0.0000,0.0000,0.0000,-0.0000,0.0000,0.000,0,SEARCH,0.0000,0.0000,0.0000,-0.0000
67789,dynamic,-2.6589,0.0703,3.2038,0.00,2.000,0.0000,0.0000,0.0000,-0.0000,0.0000,0.000,0,SEARCH,0.0000,0.0000,0.0000,-0.0000
67897,dynamic,-2.6590,0.0704,3.2038,0.00,2.000,0.0000,0.0000,0.0000,-0.0000,0.0000,0.000,0,SEARCH,0.0000,0.0000,0.0000,-0.0000
67989,dynamic,-2.6594,0.0705,3.2038,0.00,2.000,0.0000,0.0000,0.0000,-0.0000,0.0000,0.000,0,SEARCH,0.0000,0.0000,0.0000,-0.0000
68089,dynamic,-2.6601,0.0707,3.2038,0.00,2.000,0.0000,0.0000,0.0000,-0.0000,0.0000,0.000,0,SEARCH,0.0000,0.0000,0.0000,-0.0000
68189,dynamic,-2.6607,0.0705,3.2038,0.00,2.000,0.0000,0.0000,0.0000,-0.0000,0.0000,0.000,0,SEARCH,0.0000,0.0000,0.0000,-0.0000
68289,dynamic,-2.6613,0.0700,3.2038,0.00,2.000,0.0000,0.0000,0.0000,-0.0000,0.0000,0.000,0,SEARCH,0.0000,0.0000,0.0000,-0.0000
68390,dynamic,-2.6612,0.0697,3.2038,0.00,2.000,0.0000,0.0000,0.0000,-0.0000,0.0000,0.000,0,SEARCH,0.0000,0.0000,0.0000,-0.0000
68500,dynamic,-2.6603,0.0696,3.2038,0.00,2.000,0.0000,0.0000,0.0000,-0.0000,0.0000,0.000,0,SEARCH,0.0000,0.0000,0.0000,-0.0000
68589,dynamic,-2.6600,0.0694,3.2038,0.00,2.000,0.0000,0.0000,0.0000,-0.0000,0.0000,0.000,0,SEARCH,0.0000,0.0000,0.0000,-0.0000
68689,dynamic,-2.6601,0.0693,3.2038,0.00,2.000,0.0000,0.0000,0.0000,-0.0000,0.0000,0.000,0,SEARCH,0.0000,0.0000,0.0000,-0.0000
68789,dynamic,-2.6597,0.0691,3.2038,0.00,2.000,0.0000,0.0000,0.0000,-0.0000,0.0000,0.000,0,SEARCH,0.0000,0.0000,0.0000,-0.0000
68890,dynamic,-2.6591,0.0689,3.2038,0.00,2.000,0.0000,0.0000,0.0000,-0.0000,0.0000,0.000,0,SEARCH,0.0000,0.0000,0.0000,-0.0000
68992,dynamic,-2.6589,0.0687,3.2038,0.00,2.000,0.0000,0.0000,0.0000,-0.0000,0.0000,0.000,0,SEARCH,0.0000,0.0000,0.0000,-0.0000
69089,dynamic,-2.6592,0.0687,3.2038,0.00,2.000,0.0000,0.0000,0.0000,-0.0000,0.0000,0.000,0,SEARCH,0.0000,0.0000,0.0000,-0.0000
69189,dynamic,-2.6592,0.0685,3.2038,0.00,2.000,0.0000,0.0000,0.0000,-0.0000,0.0000,0.000,0,SEARCH,0.0000,0.0000,0.0000,-0.0000
69289,dynamic,-2.6591,0.0684,3.2038,0.00,2.000,0.0000,0.0000,0.0000,-0.0000,0.0000,0.000,0,SEARCH,0.0000,0.0000,0.0000,-0.0000
69390,dynamic,-2.6592,0.0684,3.2038,0.00,2.000,0.0000,0.0000,0.0000,-0.0000,0.0000,0.000,0,SEARCH,0.0000,0.0000,0.0000,-0.0000
69489,dynamic,-2.6595,0.0686,3.2038,0.00,2.000,0.0000,0.0000,0.0000,-0.0000,0.0000,0.000,0,SEARCH,0.0000,0.0000,0.0000,-0.0000
69593,dynamic,-2.6592,0.0688,3.2038,0.00,2.000,0.0000,0.0000,0.0000,-0.0000,0.0000,0.000,0,SEARCH,0.0000,0.0000,0.0000,-0.0000
69689,dynamic,-2.6587,0.0692,3.2039,0.00,2.000,0.0000,0.0000,0.0000,-0.0000,0.0000,0.000,0,SEARCH,0.0000,0.0000,0.0000,-0.0000
69789,dynamic,-2.6582,0.0691,3.2039,0.00,2.000,0.0000,0.0000,0.0000,-0.0000,0.0000,0.000,0,SEARCH,0.0000,0.0000,0.0000,-0.0000
69889,dynamic,-2.6578,0.0689,3.2039,0.00,2.000,0.0000,0.0000,0.0000,-0.0000,0.0000,0.000,0,SEARCH,0.0000,0.0000,0.0000,-0.0000
69989,dynamic,-2.6577,0.0687,3.2039,0.00,2.000,0.0000,0.0000,0.0000,-0.0000,0.0000,0.000,0,SEARCH,0.0000,0.0000,0.0000,-0.0000
70090,dynamic,-2.6578,0.0684,3.2039,0.00,2.000,0.0000,0.0000,0.0000,-0.0000,0.0000,0.000,0,SEARCH,0.0000,0.0000,0.0000,-0.0000
70190,dynamic,-2.6574,0.0684,3.2039,0.00,2.000,0.0000,0.0000,0.0000,-0.0000,0.0000,0.000,0,SEARCH,0.0000,0.0000,0.0000,-0.0000
70289,dynamic,-2.6567,0.0685,3.2039,0.00,2.000,0.0000,0.0000,0.0000,-0.0000,0.0000,0.000,0,SEARCH,0.0000,0.0000,0.0000,-0.0000
70389,dynamic,-2.6559,0.0684,3.2039,0.00,2.000,0.0000,0.0000,0.0000,-0.0000,0.0000,0.000,0,SEARCH,0.0000,0.0000,0.0000,-0.0000
70489,dynamic,-2.6552,0.0680,3.2039,0.00,2.000,0.0000,0.0000,0.0000,-0.0000,0.0000,0.000,0,SEARCH,0.0000,0.0000,0.0000,-0.0000
70590,dynamic,-2.6550,0.0680,3.2039,0.00,2.000,0.0000,0.0000,0.0000,-0.0000,0.0000,0.000,0,SEARCH,0.0000,0.0000,0.0000,-0.0000
70698,dynamic,-2.6554,0.0681,3.2039,0.00,2.000,0.0000,0.0000,0.0000,-0.0000,0.0000,0.000,0,SEARCH,0.0000,0.0000,0.0000,-0.0000
70789,dynamic,-2.6556,0.0683,3.2039,0.00,2.000,0.0000,0.0000,0.0000,-0.0000,0.0000,0.000,0,SEARCH,0.0000,0.0000,0.0000,-0.0000
70889,dynamic,-2.6558,0.0684,3.2039,0.00,2.000,0.0000,0.0000,0.0000,-0.0000,0.0000,0.000,0,SEARCH,0.0000,0.0000,0.0000,-0.0000
70989,dynamic,-2.6554,0.0685,3.2039,0.00,2.000,0.0000,0.0000,0.0000,-0.0000,0.0000,0.000,0,SEARCH,0.0000,0.0000,0.0000,-0.0000
71089,dynamic,-2.6546,0.0687,3.2040,0.00,2.000,0.0000,0.0000,0.0000,-0.0000,0.0000,0.000,0,SEARCH,0.0000,0.0000,0.0000,-0.0000
71194,dynamic,-2.6540,0.0687,3.2040,0.00,2.000,0.0000,0.0000,0.0000,-0.0000,0.0000,0.000,0,SEARCH,0.0000,0.0000,0.0000,-0.0000
71289,dynamic,-2.6536,0.0685,3.2040,0.00,2.000,0.0000,0.0000,0.0000,-0.0000,0.0000,0.000,0,SEARCH,0.0000,0.0000,0.0000,-0.0000
71389,dynamic,-2.6529,0.0683,3.2040,0.00,2.000,0.0000,0.0000,0.0000,-0.0000,0.0000,0.000,0,SEARCH,0.0000,0.0000,0.0000,-0.0000
71489,dynamic,-2.6517,0.0679,3.2039,0.00,2.000,0.0000,0.0000,0.0000,-0.0000,0.0000,0.000,0,SEARCH,0.0000,0.0000,0.0000,-0.0000
71589,dynamic,-2.6509,0.0678,3.2039,0.00,2.000,0.0000,0.0000,0.0000,-0.0000,0.0000,0.000,0,SEARCH,0.0000,0.0000,0.0000,-0.0000
71689,dynamic,-2.6501,0.0677,3.2039,0.00,2.000,0.0000,0.0000,0.0000,-0.0000,0.0000,0.000,0,SEARCH,0.0000,0.0000,0.0000,-0.0000
71794,dynamic,-2.6497,0.0676,3.2039,0.00,2.000,0.0000,0.0000,0.0000,-0.0000,0.0000,0.000,0,SEARCH,0.0000,0.0000,0.0000,-0.0000
71890,dynamic,-2.6492,0.0674,3.2039,0.00,2.000,0.0000,0.0000,0.0000,-0.0000,0.0000,0.000,0,SEARCH,0.0000,0.0000,0.0000,-0.0000
71989,dynamic,-2.6494,0.0670,3.2039,0.00,2.000,0.0000,0.0000,0.0000,-0.0000,0.0000,0.000,0,SEARCH,0.0000,0.0000,0.0000,-0.0000
72089,dynamic,-2.6501,0.0665,3.2039,0.00,2.000,0.0000,0.0000,0.0000,-0.0000,0.0000,0.000,0,SEARCH,0.0000,0.0000,0.0000,-0.0000
72189,dynamic,-2.6503,0.0665,3.2039,0.00,2.000,0.0000,0.0000,0.0000,-0.0000,0.0000,0.000,0,SEARCH,0.0000,0.0000,0.0000,-0.0000
72289,dynamic,-2.6504,0.0669,3.2039,0.00,2.000,0.0000,0.0000,0.0000,-0.0000,0.0000,0.000,0,SEARCH,0.0000,0.0000,0.0000,-0.0000
72396,dynamic,-2.6501,0.0669,3.2039,0.00,2.000,0.0000,0.0000,0.0000,-0.0000,0.0000,0.000,0,SEARCH,0.0000,0.0000,0.0000,-0.0000
72489,dynamic,-2.6494,0.0669,3.2039,0.00,2.000,0.0000,0.0000,0.0000,-0.0000,0.0000,0.000,0,SEARCH,0.0000,0.0000,0.0000,-0.0000
72590,dynamic,-2.6488,0.0669,3.2039,0.00,2.000,0.0000,0.0000,0.0000,-0.0000,0.0000,0.000,0,SEARCH,0.0000,0.0000,0.0000,-0.0000
72690,dynamic,-2.6483,0.0670,3.2040,0.00,2.000,0.0000,0.0000,0.0000,-0.0000,0.0000,0.000,0,SEARCH,0.0000,0.0000,0.0000,-0.0000
72789,dynamic,-2.6482,0.0671,3.2040,0.00,2.000,0.0000,0.0000,0.0000,-0.0000,0.0000,0.000,0,SEARCH,0.0000,0.0000,0.0000,-0.0000
72894,dynamic,-2.6485,0.0674,3.2040,0.00,2.000,0.0000,0.0000,0.0000,-0.0000,0.0000,0.000,0,SEARCH,0.0000,0.0000,0.0000,-0.0000
72989,dynamic,-2.6487,0.0672,3.2040,0.00,2.000,0.0000,0.0000,0.0000,-0.0000,0.0000,0.000,0,SEARCH,0.0000,0.0000,0.0000,-0.0000
73089,dynamic,-2.6489,0.0668,3.2040,0.00,2.000,0.0000,0.0000,0.0000,-0.0000,0.0000,0.000,0,SEARCH,0.0000,0.0000,0.0000,-0.0000
73189,dynamic,-2.6491,0.0665,3.2039,0.00,2.000,0.0000,0.0000,0.0000,-0.0000,0.0000,0.000,0,SEARCH,0.0000,0.0000,0.0000,-0.0000
73290,dynamic,-2.6494,0.0662,3.2039,0.00,2.000,0.0000,0.0000,0.0000,-0.0000,0.0000,0.000,0,SEARCH,0.0000,0.0000,0.0000,-0.0000
73389,dynamic,-2.6496,0.0659,3.2039,0.00,2.000,0.0000,0.0000,0.0000,-0.0000,0.0000,0.000,0,SEARCH,0.0000,0.0000,0.0000,-0.0000
73490,dynamic,-2.6495,0.0657,3.2039,0.00,2.000,0.0000,0.0000,0.0000,-0.0000,0.0000,0.000,0,SEARCH,0.0000,0.0000,0.0000,-0.0000
73589,dynamic,-2.6499,0.0657,3.2039,0.00,2.000,0.0000,0.0000,0.0000,-0.0000,0.0000,0.000,0,SEARCH,0.0000,0.0000,0.0000,-0.0000
73690,dynamic,-2.6507,0.0657,3.2039,0.00,2.000,0.0000,0.0000,0.0000,-0.0000,0.0000,0.000,0,SEARCH,0.0000,0.0000,0.0000,-0.0000
73789,dynamic,-2.6509,0.0657,3.2039,0.00,2.000,0.0000,0.0000,0.0000,-0.0000,0.0000,0.000,0,SEARCH,0.0000,0.0000,0.0000,-0.0000
73889,dynamic,-2.6508,0.0658,3.2039,0.00,2.000,0.0000,0.0000,0.0000,-0.0000,0.0000,0.000,0,SEARCH,0.0000,0.0000,0.0000,-0.0000
73989,dynamic,-2.6515,0.0659,3.2039,0.00,2.000,0.0000,0.0000,0.0000,-0.0000,0.0000,0.000,0,SEARCH,0.0000,0.0000,0.0000,-0.0000
74098,dynamic,-2.6527,0.0661,3.2039,0.00,2.000,0.0000,0.0000,0.0000,-0.0000,0.0000,0.000,0,SEARCH,0.0000,0.0000,0.0000,-0.0000
74189,dynamic,-2.6530,0.0660,3.2039,0.00,2.000,0.0000,0.0000,0.0000,-0.0000,0.0000,0.000,0,SEARCH,0.0000,0.0000,0.0000,-0.0000
74289,dynamic,-2.6528,0.0657,3.2039,0.00,2.000,0.0000,0.0000,0.0000,-0.0000,0.0000,0.000,0,SEARCH,0.0000,0.0000,0.0000,-0.0000
74389,dynamic,-2.6526,0.0655,3.2039,0.00,2.000,0.0000,0.0000,0.0000,-0.0000,0.0000,0.000,0,SEARCH,0.0000,0.0000,0.0000,-0.0000
74489,dynamic,-2.6523,0.0654,3.2039,0.00,2.000,0.0000,0.0000,0.0000,-0.0000,0.0000,0.000,0,SEARCH,0.0000,0.0000,0.0000,-0.0000
74592,dynamic,-2.6522,0.0654,3.2038,0.00,2.000,0.0000,0.0000,0.0000,-0.0000,0.0000,0.000,0,SEARCH,0.0000,0.0000,0.0000,-0.0000
74689,dynamic,-2.6521,0.0656,3.2038,0.00,2.000,0.0000,0.0000,0.0000,-0.0000,0.0000,0.000,0,SEARCH,0.0000,0.0000,0.0000,-0.0000
74789,dynamic,-2.6525,0.0659,3.2038,0.00,2.000,0.0000,0.0000,0.0000,-0.0000,0.0000,0.000,0,SEARCH,0.0000,0.0000,0.0000,-0.0000
74890,dynamic,-2.6532,0.0662,3.2038,0.00,2.000,0.0000,0.0000,0.0000,-0.0000,0.0000,0.000,0,SEARCH,0.0000,0.0000,0.0000,-0.0000
74989,dynamic,-2.6532,0.0668,3.2038,0.00,2.000,0.0000,0.0000,0.0000,-0.0000,0.0000,0.000,0,SEARCH,0.0000,0.0000,0.0000,-0.0000
75089,dynamic,-2.6528,0.0676,3.2039,0.00,2.000,0.0000,0.0000,0.0000,-0.0000,0.0000,0.000,0,SEARCH,0.0000,0.0000,0.0000,-0.0000
75199,dynamic,-2.6526,0.0684,3.2039,0.00,2.000,0.0000,0.0000,0.0000,-0.0000,0.0000,0.000,0,SEARCH,0.0000,0.0000,0.0000,-0.0000
75289,dynamic,-2.6526,0.0691,3.2039,0.00,2.000,0.0000,0.0000,0.0000,-0.0000,0.0000,0.000,0,SEARCH,0.0000,0.0000,0.0000,-0.0000
75389,dynamic,-2.6525,0.0696,3.2039,0.00,2.000,0.0000,0.0000,0.0000,-0.0000,0.0000,0.000,0,SEARCH,0.0000,0.0000,0.0000,-0.0000
75489,dynamic,-2.6524,0.0700,3.2039,0.00,2.000,0.0000,0.0000,0.0000,-0.0000,0.0000,0.000,0,SEARCH,0.0000,0.0000,0.0000,-0.0000
75589,dynamic,-2.6522,0.0704,3.2039,0.00,2.000,0.0000,0.0000,0.0000,-0.0000,0.0000,0.000,0,SEARCH,0.0000,0.0000,0.0000,-0.0000
75689,dynamic,-2.6521,0.0707,3.2039,0.00,2.000,0.0000,0.0000,0.0000,-0.0000,0.0000,0.000,0,SEARCH,0.0000,0.0000,0.0000,-0.0000
75797,dynamic,-2.6512,0.0710,3.2039,0.00,2.000,0.0000,0.0000,0.0000,-0.0000,0.0000,0.000,0,SEARCH,0.0000,0.0000,0.0000,-0.0000
75890,dynamic,-2.6501,0.0712,3.2040,0.00,2.000,0.0000,0.0000,0.0000,-0.0000,0.0000,0.000,0,SEARCH,0.0000,0.0000,0.0000,-0.0000
75989,dynamic,-2.6492,0.0715,3.2040,0.00,2.000,0.0000,0.0000,0.0000,-0.0000,0.0000,0.000,0,SEARCH,0.0000,0.0000,0.0000,-0.0000
76089,dynamic,-2.6485,0.0720,3.2040,0.00,2.000,0.0000,0.0000,0.0000,-0.0000,0.0000,0.000,0,SEARCH,0.0000,0.0000,0.0000,-0.0000
76189,dynamic,-2.6480,0.0723,3.2040,0.00,2.000,0.0000,0.0000,0.0000,-0.0000,0.0000,0.000,0,SEARCH,0.0000,0.0000,0.0000,-0.0000
76289,dynamic,-2.6478,0.0725,3.2040,0.00,2.000,0.0000,0.0000,0.0000,-0.0000,0.0000,0.000,0,SEARCH,0.0000,0.0000,0.0000,-0.0000
76390,dynamic,-2.6476,0.0728,3.2040,0.00,2.000,0.0000,0.0000,0.0000,-0.0000,0.0000,0.000,0,SEARCH,0.0000,0.0000,0.0000,-0.0000
76489,dynamic,-2.6476,0.0733,3.2040,0.00,2.000,0.0000,0.0000,0.0000,-0.0000,0.0000,0.000,0,SEARCH,0.0000,0.0000,0.0000,-0.0000
76589,dynamic,-2.6474,0.0735,3.2040,0.00,2.000,0.0000,0.0000,0.0000,-0.0000,0.0000,0.000,0,SEARCH,0.0000,0.0000,0.0000,-0.0000
76690,dynamic,-2.6471,0.0736,3.2040,0.00,2.000,0.0000,0.0000,0.0000,-0.0000,0.0000,0.000,0,SEARCH,0.0000,0.0000,0.0000,-0.0000
76789,dynamic,-2.6474,0.0738,3.2040,0.00,2.000,0.0000,0.0000,0.0000,-0.0000,0.0000,0.000,0,SEARCH,0.0000,0.0000,0.0000,-0.0000
76904,dynamic,-2.6481,0.0741,3.2040,0.00,2.000,0.0000,0.0000,0.0000,-0.0000,0.0000,0.000,0,SEARCH,0.0000,0.0000,0.0000,-0.0000
76990,dynamic,-2.6483,0.0743,3.2040,0.00,2.000,0.0000,0.0000,0.0000,-0.0000,0.0000,0.000,0,SEARCH,0.0000,0.0000,0.0000,-0.0000
77089,dynamic,-2.6483,0.0744,3.2040,0.00,2.000,0.0000,0.0000,0.0000,-0.0000,0.0000,0.000,0,SEARCH,0.0000,0.0000,0.0000,-0.0000
77189,dynamic,-2.6487,0.0747,3.2040,0.00,2.000,0.0000,0.0000,0.0000,-0.0000,0.0000,0.000,0,SEARCH,0.0000,0.0000,0.0000,-0.0000
77289,dynamic,-2.6495,0.0751,3.2040,0.00,2.000,0.0000,0.0000,0.0000,-0.0000,0.0000,0.000,0,SEARCH,0.0000,0.0000,0.0000,-0.0000
77390,dynamic,-2.6501,0.0753,3.2041,0.00,2.000,0.0000,0.0000,0.0000,-0.0000,0.0000,0.000,0,SEARCH,0.0000,0.0000,0.0000,-0.0000
77494,dynamic,-2.6504,0.0753,3.2040,0.00,2.000,0.0000,0.0000,0.0000,-0.0000,0.0000,0.000,0,SEARCH,0.0000,0.0000,0.0000,-0.0000
77589,dynamic,-2.6511,0.0753,3.2040,0.00,2.000,0.0000,0.0000,0.0000,-0.0000,0.0000,0.000,0,SEARCH,0.0000,0.0000,0.0000,-0.0000
77689,dynamic,-2.6520,0.0753,3.2040,0.00,2.000,0.0000,0.0000,0.0000,-0.0000,0.0000,0.000,0,SEARCH,0.0000,0.0000,0.0000,-0.0000
77789,dynamic,-2.6522,0.0753,3.2040,0.00,2.000,0.0000,0.0000,0.0000,-0.0000,0.0000,0.000,0,SEARCH,0.0000,0.0000,0.0000,-0.0000
77889,dynamic,-2.6521,0.0753,3.2040,0.00,2.000,0.0000,0.0000,0.0000,-0.0000,0.0000,0.000,0,SEARCH,0.0000,0.0000,0.0000,-0.0000
77989,dynamic,-2.6519,0.0754,3.2040,0.00,2.000,0.0000,0.0000,0.0000,-0.0000,0.0000,0.000,0,SEARCH,0.0000,0.0000,0.0000,-0.0000
78090,dynamic,-2.6518,0.0756,3.2040,0.00,2.000,0.0000,0.0000,0.0000,-0.0000,0.0000,0.000,0,SEARCH,0.0000,0.0000,0.0000,-0.0000
78189,dynamic,-2.6517,0.0760,3.2040,0.00,2.000,0.0000,0.0000,0.0000,-0.0000,0.0000,0.000,0,SEARCH,0.0000,0.0000,0.0000,-0.0000
78289,dynamic,-2.6517,0.0762,3.2040,0.00,2.000,0.0000,0.0000,0.0000,-0.0000,0.0000,0.000,0,SEARCH,0.0000,0.0000,0.0000,-0.0000
78389,dynamic,-2.6521,0.0762,3.2040,0.00,2.000,0.0000,0.0000,0.0000,-0.0000,0.0000,0.000,0,SEARCH,0.0000,0.0000,0.0000,-0.0000
78489,dynamic,-2.6527,0.0759,3.2040,0.00,2.000,0.0000,0.0000,0.0000,-0.0000,0.0000,0.000,0,SEARCH,0.0000,0.0000,0.0000,-0.0000
78489,dynamic,-2.6531,0.0758,3.2040,0.00,2.000,0.0000,0.0000,0.0000,-0.0000,0.0000,0.000,0,SEARCH,0.0000,0.0000,0.0000,-0.0000
78691,dynamic,-2.6534,0.0755,3.2040,0.00,2.000,0.0000,0.0000,0.0000,-0.0000,0.0000,0.000,0,SEARCH,0.0000,0.0000,0.0000,-0.0000
78789,dynamic,-2.6535,0.0753,3.2040,0.00,2.000,0.0000,0.0000,0.0000,-0.0000,0.0000,0.000,0,SEARCH,0.0000,0.0000,0.0000,-0.0000
78889,dynamic,-2.6535,0.0752,3.2040,0.00,2.000,0.0000,0.0000,0.0000,-0.0000,0.0000,0.000,0,SEARCH,0.0000,0.0000,0.0000,-0.0000
78989,dynamic,-2.6535,0.0751,3.2039,0.00,2.000,0.0000,0.0000,0.0000,-0.0000,0.0000,0.000,0,SEARCH,0.0000,0.0000,0.0000,-0.0000
79089,dynamic,-2.6535,0.0751,3.2039,0.00,2.000,0.0000,0.0000,0.0000,-0.0000,0.0000,0.000,0,SEARCH,0.0000,0.0000,0.0000,-0.0000
79195,dynamic,-2.6537,0.0750,3.2039,0.00,2.000,0.0000,0.0000,0.0000,-0.0000,0.0000,0.000,0,SEARCH,0.0000,0.0000,0.0000,-0.0000
79289,dynamic,-2.6541,0.0750,3.2039,0.00,2.000,0.0000,0.0000,0.0000,-0.0000,0.0000,0.000,0,SEARCH,0.0000,0.0000,0.0000,-0.0000
79389,dynamic,-2.6543,0.0749,3.2039,0.00,2.000,0.0000,0.0000,0.0000,-0.0000,0.0000,0.000,0,SEARCH,0.0000,0.0000,0.0000,-0.0000
79489,dynamic,-2.6544,0.0747,3.2039,0.00,2.000,0.0000,0.0000,0.0000,-0.0000,0.0000,0.000,0,SEARCH,0.0000,0.0000,0.0000,-0.0000
79589,dynamic,-2.6543,0.0744,3.2039,0.00,2.000,0.0000,0.0000,0.0000,-0.0000,0.0000,0.000,0,SEARCH,0.0000,0.0000,0.0000,-0.0000
79695,dynamic,-2.6542,0.0740,3.2039,0.00,2.000,0.0000,0.0000,0.0000,-0.0000,0.0000,0.000,0,SEARCH,0.0000,0.0000,0.0000,-0.0000
79789,dynamic,-2.6534,0.0737,3.2039,0.00,2.000,0.0000,0.0000,0.0000,-0.0000,0.0000,0.000,0,SEARCH,0.0000,0.0000,0.0000,-0.0000
79889,dynamic,-2.6526,0.0734,3.2039,0.00,2.000,0.0000,0.0000,0.0000,-0.0000,0.0000,0.000,0,SEARCH,0.0000,0.0000,0.0000,-0.0000
79989,dynamic,-2.6527,0.0731,3.2039,0.00,2.000,0.0000,0.0000,0.0000,-0.0000,0.0000,0.000,0,SEARCH,0.0000,0.0000,0.0000,-0.0000
80090,dynamic,-2.6534,0.0728,3.2039,0.00,2.000,0.0000,0.0000,0.0000,-0.0000,0.0000,0.000,0,SEARCH,0.0000,0.0000,0.0000,-0.0000
80189,dynamic,-2.6537,0.0724,3.2039,0.00,2.000,0.0000,0.0000,0.0000,-0.0000,0.0000,0.000,0,SEARCH,0.0000,0.0000,0.0000,-0.0000
80290,dynamic,-2.6539,0.0718,3.2039,0.00,2.000,0.0000,0.0000,0.0000,-0.0000,0.0000,0.000,0,SEARCH,0.0000,0.0000,0.0000,-0.0000
80390,dynamic,-2.6538,0.0715,3.2039,0.00,2.000,0.0000,0.0000,0.0000,-0.0000,0.0000,0.000,0,SEARCH,0.0000,0.0000,0.0000,-0.0000
80489,dynamic,-2.6535,0.0716,3.2039,0.00,2.000,0.0000,0.0000,0.0000,-0.0000,0.0000,0.000,0,SEARCH,0.0000,0.0000,0.0000,-0.0000
80589,dynamic,-2.6531,0.0713,3.2039,0.00,2.000,0.0000,0.0000,0.0000,-0.0000,0.0000,0.000,0,SEARCH,0.0000,0.0000,0.0000,-0.0000
80689,dynamic,-2.6526,0.0710,3.2039,0.00,2.000,0.0000,0.0000,0.0000,-0.0000,0.0000,0.000,0,SEARCH,0.0000,0.0000,0.0000,-0.0000
80789,dynamic,-2.6521,0.0708,3.2039,0.00,2.000,0.0000,0.0000,0.0000,-0.0000,0.0000,0.000,0,SEARCH,0.0000,0.0000,0.0000,-0.0000
80895,dynamic,-2.6517,0.0707,3.2039,0.00,2.000,0.0000,0.0000,0.0000,-0.0000,0.0000,0.000,0,SEARCH,0.0000,0.0000,0.0000,-0.0000
80989,dynamic,-2.6520,0.0708,3.2038,0.00,2.000,0.0000,0.0000,0.0000,-0.0000,0.0000,0.000,0,SEARCH,0.0000,0.0000,0.0000,-0.0000
81090,dynamic,-2.6527,0.0711,3.2038,0.00,2.000,0.0000,0.0000,0.0000,-0.0000,0.0000,0.000,0,SEARCH,0.0000,0.0000,0.0000,-0.0000
81189,dynamic,-2.6528,0.0710,3.2038,0.00,2.000,0.0000,0.0000,0.0000,-0.0000,0.0000,0.000,0,SEARCH,0.0000,0.0000,0.0000,-0.0000
81289,dynamic,-2.6524,0.0706,3.2038,0.00,2.000,0.0000,0.0000,0.0000,-0.0000,0.0000,0.000,0,SEARCH,0.0000,0.0000,0.0000,-0.0000
81289,dynamic,-2.6521,0.0703,3.2038,0.00,2.000,0.0000,0.0000,0.0000,-0.0000,0.0000,0.000,0,SEARCH,0.0000,0.0000,0.0000,-0.0000
81489,dynamic,-2.6519,0.0702,3.2038,0.00,2.000,0.0000,0.0000,0.0000,-0.0000,0.0000,0.000,0,SEARCH,0.0000,0.0000,0.0000,-0.0000
81589,dynamic,-2.6512,0.0700,3.2038,0.00,2.000,0.0000,0.0000,0.0000,-0.0000,0.0000,0.000,0,SEARCH,0.0000,0.0000,0.0000,-0.0000
81689,dynamic,-2.6497,0.0694,3.2038,0.00,2.000,0.0000,0.0000,0.0000,-0.0000,0.0000,0.000,0,SEARCH,0.0000,0.0000,0.0000,-0.0000
81789,dynamic,-2.6496,0.0696,3.2039,0.00,2.000,0.0000,0.0000,0.0000,-0.0000,0.0000,0.000,0,SEARCH,0.0000,0.0000,0.0000,-0.0000
81889,dynamic,-2.6501,0.0701,3.2039,0.00,2.000,0.0000,0.0000,0.0000,-0.0000,0.0000,0.000,0,SEARCH,0.0000,0.0000,0.0000,-0.0000
81992,dynamic,-2.6500,0.0703,3.2039,0.00,2.000,0.0000,0.0000,0.0000,-0.0000,0.0000,0.000,0,SEARCH,0.0000,0.0000,0.0000,-0.0000
82089,dynamic,-2.6496,0.0702,3.2039,0.00,2.000,0.0000,0.0000,0.0000,-0.0000,0.0000,0.000,0,SEARCH,0.0000,0.0000,0.0000,-0.0000
82189,dynamic,-2.6489,0.0701,3.2038,0.00,2.000,0.0000,0.0000,0.0000,-0.0000,0.0000,0.000,0,SEARCH,0.0000,0.0000,0.0000,-0.0000
82289,dynamic,-2.6481,0.0699,3.2038,0.00,2.000,0.0000,0.0000,0.0000,-0.0000,0.0000,0.000,0,SEARCH,0.0000,0.0000,0.0000,-0.0000
82389,dynamic,-2.6476,0.0696,3.2038,0.00,2.000,0.0000,0.0000,0.0000,-0.0000,0.0000,0.000,0,SEARCH,0.0000,0.0000,0.0000,-0.0000
82504,dynamic,-2.6477,0.0692,3.2038,0.00,2.000,0.0000,0.0000,0.0000,-0.0000,0.0000,0.000,0,SEARCH,0.0000,0.0000,0.0000,-0.0000
82589,dynamic,-2.6475,0.0687,3.2038,0.00,2.000,0.0000,0.0000,0.0000,-0.0000,0.0000,0.000,0,SEARCH,0.0000,0.0000,0.0000,-0.0000
82689,dynamic,-2.6472,0.0681,3.2038,0.00,2.000,0.0000,0.0000,0.0000,-0.0000,0.0000,0.000,0,SEARCH,0.0000,0.0000,0.0000,-0.0000
82789,dynamic,-2.6470,0.0679,3.2038,0.00,2.000,0.0000,0.0000,0.0000,-0.0000,0.0000,0.000,0,SEARCH,0.0000,0.0000,0.0000,-0.0000
82889,dynamic,-2.6468,0.0679,3.2038,0.00,2.000,0.0000,0.0000,0.0000,-0.0000,0.0000,0.000,0,SEARCH,0.0000,0.0000,0.0000,-0.0000
82989,dynamic,-2.6467,0.0680,3.2038,0.00,2.000,0.0000,0.0000,0.0000,-0.0000,0.0000,0.000,0,SEARCH,0.0000,0.0000,0.0000,-0.0000
83089,dynamic,-2.6465,0.0681,3.2038,0.00,2.000,0.0000,0.0000,0.0000,-0.0000,0.0000,0.000,0,SEARCH,0.0000,0.0000,0.0000,-0.0000
83189,dynamic,-2.6461,0.0680,3.2038,0.00,2.000,0.0000,0.0000,0.0000,-0.0000,0.0000,0.000,0,SEARCH,0.0000,0.0000,0.0000,-0.0000
83289,dynamic,-2.6456,0.0679,3.2038,0.00,2.000,0.0000,0.0000,0.0000,-0.0000,0.0000,0.000,0,SEARCH,0.0000,0.0000,0.0000,-0.0000
83389,dynamic,-2.6451,0.0677,3.2038,0.00,2.000,0.0000,0.0000,0.0000,-0.0000,0.0000,0.000,0,SEARCH,0.0000,0.0000,0.0000,-0.0000
83489,dynamic,-2.6445,0.0673,3.2038,0.00,2.000,0.0000,0.0000,0.0000,-0.0000,0.0000,0.000,0,SEARCH,0.0000,0.0000,0.0000,-0.0000
83594,dynamic,-2.6443,0.0669,3.2038,0.00,2.000,0.0000,0.0000,0.0000,-0.0000,0.0000,0.000,0,SEARCH,0.0000,0.0000,0.0000,-0.0000
83689,dynamic,-2.6444,0.0666,3.2038,0.00,2.000,0.0000,0.0000,0.0000,-0.0000,0.0000,0.000,0,SEARCH,0.0000,0.0000,0.0000,-0.0000
83789,dynamic,-2.6449,0.0661,3.2038,0.00,2.000,0.0000,0.0000,0.0000,-0.0000,0.0000,0.000,0,SEARCH,0.0000,0.0000,0.0000,-0.0000
83889,dynamic,-2.6456,0.0655,3.2038,0.00,2.000,0.0000,0.0000,0.0000,-0.0000,0.0000,0.000,0,SEARCH,0.0000,0.0000,0.0000,-0.0000
83989,dynamic,-2.6458,0.0652,3.2038,0.00,2.000,0.0000,0.0000,0.0000,-0.0000,0.0000,0.000,0,SEARCH,0.0000,0.0000,0.0000,-0.0000
84090,dynamic,-2.6457,0.0650,3.2038,0.00,2.000,0.0000,0.0000,0.0000,-0.0000,0.0000,0.000,0,SEARCH,0.0000,0.0000,0.0000,-0.0000
84198,dynamic,-2.6457,0.0649,3.2038,0.00,2.000,0.0000,0.0000,0.0000,-0.0000,0.0000,0.000,0,SEARCH,0.0000,0.0000,0.0000,-0.0000
84289,dynamic,-2.6456,0.0648,3.2038,0.00,2.000,0.0000,0.0000,0.0000,-0.0000,0.0000,0.000,0,SEARCH,0.0000,0.0000,0.0000,-0.0000
84389,dynamic,-2.6457,0.0649,3.2037,0.00,2.000,0.0000,0.0000,0.0000,-0.0000,0.0000,0.000,0,SEARCH,0.0000,0.0000,0.0000,-0.0000
84489,dynamic,-2.6458,0.0649,3.2037,0.00,2.000,0.0000,0.0000,0.0000,-0.0000,0.0000,0.000,0,SEARCH,0.0000,0.0000,0.0000,-0.0000
84589,dynamic,-2.6462,0.0650,3.2038,0.00,2.000,0.0000,0.0000,0.0000,-0.0000,0.0000,0.000,0,SEARCH,0.0000,0.0000,0.0000,-0.0000
84689,dynamic,-2.6465,0.0650,3.2037,0.00,2.000,0.0000,0.0000,0.0000,-0.0000,0.0000,0.000,0,SEARCH,0.0000,0.0000,0.0000,-0.0000
84795,dynamic,-2.6470,0.0651,3.2037,0.00,2.000,0.0000,0.0000,0.0000,-0.0000,0.0000,0.000,0,SEARCH,0.0000,0.0000,0.0000,-0.0000
84889,dynamic,-2.6476,0.0653,3.2037,0.00,2.000,0.0000,0.0000,0.0000,-0.0000,0.0000,0.000,0,SEARCH,0.0000,0.0000,0.0000,-0.0000
84989,dynamic,-2.6480,0.0655,3.2037,0.00,2.000,0.0000,0.0000,0.0000,-0.0000,0.0000,0.000,0,SEARCH,0.0000,0.0000,0.0000,-0.0000
85089,dynamic,-2.6482,0.0656,3.2037,0.00,2.000,0.0000,0.0000,0.0000,-0.0000,0.0000,0.000,0,SEARCH,0.0000,0.0000,0.0000,-0.0000
85189,dynamic,-2.6485,0.0657,3.2037,0.00,2.000,0.0000,0.0000,0.0000,-0.0000,0.0000,0.000,0,SEARCH,0.0000,0.0000,0.0000,-0.0000
85309,dynamic,-2.6489,0.0658,3.2037,0.00,2.000,0.0000,0.0000,0.0000,-0.0000,0.0000,0.000,0,SEARCH,0.0000,0.0000,0.0000,-0.0000
85389,dynamic,-2.6493,0.0658,3.2037,0.00,2.000,0.0000,0.0000,0.0000,-0.0000,0.0000,0.000,0,SEARCH,0.0000,0.0000,0.0000,-0.0000
85489,dynamic,-2.6496,0.0659,3.2037,0.00,2.000,0.0000,0.0000,0.0000,-0.0000,0.0000,0.000,0,SEARCH,0.0000,0.0000,0.0000,-0.0000
85590,dynamic,-2.6502,0.0660,3.2037,0.00,2.000,0.0000,0.0000,0.0000,-0.0000,0.0000,0.000,0,SEARCH,0.0000,0.0000,0.0000,-0.0000
85689,dynamic,-2.6510,0.0662,3.2037,0.00,2.000,0.0000,0.0000,0.0000,-0.0000,0.0000,0.000,0,SEARCH,0.0000,0.0000,0.0000,-0.0000
85800,dynamic,-2.6513,0.0664,3.2038,0.00,2.000,0.0000,0.0000,0.0000,-0.0000,0.0000,0.000,0,SEARCH,0.0000,0.0000,0.0000,-0.0000
85889,dynamic,-2.6517,0.0666,3.2037,0.00,2.000,0.0000,0.0000,0.0000,-0.0000,0.0000,0.000,0,SEARCH,0.0000,0.0000,0.0000,-0.0000
85990,dynamic,-2.6518,0.0667,3.2037,0.00,2.000,0.0000,0.0000,0.0000,-0.0000,0.0000,0.000,0,SEARCH,0.0000,0.0000,0.0000,-0.0000
86089,dynamic,-2.6518,0.0667,3.2037,0.00,2.000,0.0000,0.0000,0.0000,-0.0000,0.0000,0.000,0,SEARCH,0.0000,0.0000,0.0000,-0.0000
86190,dynamic,-2.6518,0.0669,3.2037,0.00,2.000,0.0000,0.0000,0.0000,-0.0000,0.0000,0.000,0,SEARCH,0.0000,0.0000,0.0000,-0.0000
86289,dynamic,-2.6518,0.0671,3.2037,0.00,2.000,0.0000,0.0000,0.0000,-0.0000,0.0000,0.000,0,SEARCH,0.0000,0.0000,0.0000,-0.0000
86399,dynamic,-2.6518,0.0672,3.2037,0.00,2.000,0.0000,0.0000,0.0000,-0.0000,0.0000,0.000,0,SEARCH,0.0000,0.0000,0.0000,-0.0000
86489,dynamic,-2.6518,0.0671,3.2037,0.00,2.000,0.0000,0.0000,0.0000,-0.0000,0.0000,0.000,0,SEARCH,0.0000,0.0000,0.0000,-0.0000
86589,dynamic,-2.6521,0.0672,3.2037,0.00,2.000,0.0000,0.0000,0.0000,-0.0000,0.0000,0.000,0,SEARCH,0.0000,0.0000,0.0000,-0.0000
86690,dynamic,-2.6525,0.0672,3.2037,0.00,2.000,0.0000,0.0000,0.0000,-0.0000,0.0000,0.000,0,SEARCH,0.0000,0.0000,0.0000,-0.0000
86789,dynamic,-2.6526,0.0672,3.2037,0.00,2.000,0.0000,0.0000,0.0000,-0.0000,0.0000,0.000,0,SEARCH,0.0000,0.0000,0.0000,-0.0000
86895,dynamic,-2.6526,0.0671,3.2037,0.00,2.000,0.0000,0.0000,0.0000,-0.0000,0.0000,0.000,0,SEARCH,0.0000,0.0000,0.0000,-0.0000
86992,dynamic,-2.6525,0.0672,3.2037,0.00,2.000,0.0000,0.0000,0.0000,-0.0000,0.0000,0.000,0,SEARCH,0.0000,0.0000,0.0000,-0.0000
87090,dynamic,-2.6525,0.0672,3.2037,0.00,2.000,0.0000,0.0000,0.0000,-0.0000,0.0000,0.000,0,SEARCH,0.0000,0.0000,0.0000,-0.0000
87189,dynamic,-2.6522,0.0671,3.2037,0.00,2.000,0.0000,0.0000,0.0000,-0.0000,0.0000,0.000,0,SEARCH,0.0000,0.0000,0.0000,-0.0000
87289,dynamic,-2.6516,0.0669,3.2037,0.00,2.000,0.0000,0.0000,0.0000,-0.0000,0.0000,0.000,0,SEARCH,0.0000,0.0000,0.0000,-0.0000
87390,dynamic,-2.6509,0.0667,3.2037,0.00,2.000,0.0000,0.0000,0.0000,-0.0000,0.0000,0.000,0,SEARCH,0.0000,0.0000,0.0000,-0.0000
87499,dynamic,-2.6500,0.0665,3.2037,0.00,2.000,0.0000,0.0000,0.0000,-0.0000,0.0000,0.000,0,SEARCH,0.0000,0.0000,0.0000,-0.0000
87591,dynamic,-2.6494,0.0667,3.2037,0.00,2.000,0.0000,0.0000,0.0000,-0.0000,0.0000,0.000,0,SEARCH,0.0000,0.0000,0.0000,-0.0000
87691,dynamic,-2.6489,0.0670,3.2037,0.00,2.000,0.0000,0.0000,0.0000,-0.0000,0.0000,0.000,0,SEARCH,0.0000,0.0000,0.0000,-0.0000
87791,dynamic,-2.6483,0.0672,3.2037,0.00,2.000,0.0000,0.0000,0.0000,-0.0000,0.0000,0.000,0,SEARCH,0.0000,0.0000,0.0000,-0.0000
87891,dynamic,-2.6476,0.0673,3.2038,0.00,2.000,0.0000,0.0000,0.0000,-0.0000,0.0000,0.000,0,SEARCH,0.0000,0.0000,0.0000,-0.0000
87989,dynamic,-2.6472,0.0672,3.2038,0.00,2.000,0.0000,0.0000,0.0000,-0.0000,0.0000,0.000,0,SEARCH,0.0000,0.0000,0.0000,-0.0000
88091,dynamic,-2.6468,0.0669,3.2038,0.00,2.000,0.0000,0.0000,0.0000,-0.0000,0.0000,0.000,0,SEARCH,0.0000,0.0000,0.0000,-0.0000
88189,dynamic,-2.6458,0.0670,3.2038,0.00,2.000,0.0000,0.0000,0.0000,-0.0000,0.0000,0.000,0,SEARCH,0.0000,0.0000,0.0000,-0.0000
88291,dynamic,-2.6445,0.0673,3.2038,0.00,2.000,0.0000,0.0000,0.0000,-0.0000,0.0000,0.000,0,SEARCH,0.0000,0.0000,0.0000,-0.0000
88389,dynamic,-2.6440,0.0676,3.2038,0.00,2.000,0.0000,0.0000,0.0000,-0.0000,0.0000,0.000,0,SEARCH,0.0000,0.0000,0.0000,-0.0000
88490,dynamic,-2.6440,0.0678,3.2038,0.00,2.000,0.0000,0.0000,0.0000,-0.0000,0.0000,0.000,0,SEARCH,0.0000,0.0000,0.0000,-0.0000
88590,dynamic,-2.6442,0.0679,3.2038,0.00,2.000,0.0000,0.0000,0.0000,-0.0000,0.0000,0.000,0,SEARCH,0.0000,0.0000,0.0000,-0.0000
88691,dynamic,-2.6443,0.0678,3.2038,0.00,2.000,0.0000,0.0000,0.0000,-0.0000,0.0000,0.000,0,SEARCH,0.0000,0.0000,0.0000,-0.0000
88791,dynamic,-2.6443,0.0678,3.2038,0.00,2.000,0.0000,0.0000,0.0000,-0.0000,0.0000,0.000,0,SEARCH,0.0000,0.0000,0.0000,-0.0000
88892,dynamic,-2.6441,0.0679,3.2038,0.00,2.000,0.0000,0.0000,0.0000,-0.0000,0.0000,0.000,0,SEARCH,0.0000,0.0000,0.0000,-0.0000
88990,dynamic,-2.6441,0.0679,3.2038,0.00,2.000,0.0000,0.0000,0.0000,-0.0000,0.0000,0.000,0,SEARCH,0.0000,0.0000,0.0000,-0.0000
89092,dynamic,-2.6442,0.0679,3.2038,0.00,2.000,0.0000,0.0000,0.0000,-0.0000,0.0000,0.000,0,SEARCH,0.0000,0.0000,0.0000,-0.0000
89191,dynamic,-2.6437,0.0679,3.2038,0.00,2.000,0.0000,0.0000,0.0000,-0.0000,0.0000,0.000,0,SEARCH,0.0000,0.0000,0.0000,-0.0000
89290,dynamic,-2.6429,0.0680,3.2038,0.00,2.000,0.0000,0.0000,0.0000,-0.0000,0.0000,0.000,0,SEARCH,0.0000,0.0000,0.0000,-0.0000
89392,dynamic,-2.6424,0.0680,3.2039,0.00,2.000,0.0000,0.0000,0.0000,-0.0000,0.0000,0.000,0,SEARCH,0.0000,0.0000,0.0000,-0.0000
89489,dynamic,-2.6424,0.0681,3.2039,0.00,2.000,0.0000,0.0000,0.0000,-0.0000,0.0000,0.000,0,SEARCH,0.0000,0.0000,0.0000,-0.0000
89589,dynamic,-2.6427,0.0681,3.2039,0.00,2.000,0.0000,0.0000,0.0000,-0.0000,0.0000,0.000,0,SEARCH,0.0000,0.0000,0.0000,-0.0000
89692,dynamic,-2.6432,0.0679,3.2039,0.00,2.000,0.0000,0.0000,0.0000,-0.0000,0.0000,0.000,0,SEARCH,0.0000,0.0000,0.0000,-0.0000
89800,dynamic,-2.6435,0.0680,3.2039,0.00,2.000,0.0000,0.0000,0.0000,-0.0000,0.0000,0.000,0,SEARCH,0.0000,0.0000,0.0000,-0.0000
89892,dynamic,-2.6436,0.0682,3.2039,0.00,2.000,0.0000,0.0000,0.0000,-0.0000,0.0000,0.000,0,SEARCH,0.0000,0.0000,0.0000,-0.0000
89990,dynamic,-2.6442,0.0684,3.2039,0.00,2.000,0.0000,0.0000,0.0000,-0.0000,0.0000,0.000,0,SEARCH,0.0000,0.0000,0.0000,-0.0000
90092,dynamic,-2.6449,0.0687,3.2039,0.00,2.000,0.0000,0.0000,0.0000,-0.0000,0.0000,0.000,0,SEARCH,0.0000,0.0000,0.0000,-0.0000
90191,dynamic,-2.6455,0.0688,3.2039,0.00,2.000,0.0000,0.0000,0.0000,-0.0000,0.0000,0.000,0,SEARCH,0.0000,0.0000,0.0000,-0.0000
90302,dynamic,-2.6459,0.0686,3.2039,0.00,2.000,0.0000,0.0000,0.0000,-0.0000,0.0000,0.000,0,SEARCH,0.0000,0.0000,0.0000,-0.0000
90390,dynamic,-2.6463,0.0685,3.2039,0.00,2.000,0.0000,0.0000,0.0000,-0.0000,0.0000,0.000,0,SEARCH,0.0000,0.0000,0.0000,-0.0000
90489,dynamic,-2.6465,0.0684,3.2039,0.00,2.000,0.0000,0.0000,0.0000,-0.0000,0.0000,0.000,0,SEARCH,0.0000,0.0000,0.0000,-0.0000
90592,dynamic,-2.6472,0.0683,3.2039,0.00,2.000,0.0000,0.0000,0.0000,-0.0000,0.0000,0.000,0,SEARCH,0.0000,0.0000,0.0000,-0.0000
90692,dynamic,-2.6480,0.0681,3.2039,0.00,2.000,0.0000,0.0000,0.0000,-0.0000,0.0000,0.000,0,SEARCH,0.0000,0.0000,0.0000,-0.0000
90791,dynamic,-2.6485,0.0680,3.2039,0.00,2.000,0.0000,0.0000,0.0000,-0.0000,0.0000,0.000,0,SEARCH,0.0000,0.0000,0.0000,-0.0000
90892,dynamic,-2.6493,0.0679,3.2039,0.00,2.000,0.0000,0.0000,0.0000,-0.0000,0.0000,0.000,0,SEARCH,0.0000,0.0000,0.0000,-0.0000
90993,dynamic,-2.6499,0.0679,3.2039,0.00,2.000,0.0000,0.0000,0.0000,-0.0000,0.0000,0.000,0,SEARCH,0.0000,0.0000,0.0000,-0.0000
91093,dynamic,-2.6505,0.0679,3.2039,0.00,2.000,0.0000,0.0000,0.0000,-0.0000,0.0000,0.000,0,SEARCH,0.0000,0.0000,0.0000,-0.0000
91193,dynamic,-2.6507,0.0681,3.2039,0.00,2.000,0.0000,0.0000,0.0000,-0.0000,0.0000,0.000,0,SEARCH,0.0000,0.0000,0.0000,-0.0000
91292,dynamic,-2.6505,0.0684,3.2039,0.00,2.000,0.0000,0.0000,0.0000,-0.0000,0.0000,0.000,0,SEARCH,0.0000,0.0000,0.0000,-0.0000
91391,dynamic,-2.6505,0.0686,3.2039,0.00,2.000,0.0000,0.0000,0.0000,-0.0000,0.0000,0.000,0,SEARCH,0.0000,0.0000,0.0000,-0.0000
91490,dynamic,-2.6507,0.0686,3.2039,0.00,2.000,0.0000,0.0000,0.0000,-0.0000,0.0000,0.000,0,SEARCH,0.0000,0.0000,0.0000,-0.0000
91590,dynamic,-2.6508,0.0686,3.2039,0.00,2.000,0.0000,0.0000,0.0000,-0.0000,0.0000,0.000,0,SEARCH,0.0000,0.0000,0.0000,-0.0000
91691,dynamic,-2.6508,0.0684,3.2039,0.00,2.000,0.0000,0.0000,0.0000,-0.0000,0.0000,0.000,0,SEARCH,0.0000,0.0000,0.0000,-0.0000
91793,dynamic,-2.6512,0.0682,3.2039,0.00,2.000,0.0000,0.0000,0.0000,-0.0000,0.0000,0.000,0,SEARCH,0.0000,0.0000,0.0000,-0.0000
91907,dynamic,-2.6517,0.0679,3.2039,0.00,2.000,0.0000,0.0000,0.0000,-0.0000,0.0000,0.000,0,SEARCH,0.0000,0.0000,0.0000,-0.0000
91992,dynamic,-2.6523,0.0678,3.2039,0.00,2.000,0.0000,0.0000,0.0000,-0.0000,0.0000,0.000,0,SEARCH,0.0000,0.0000,0.0000,-0.0000
92093,dynamic,-2.6528,0.0678,3.2039,0.00,2.000,0.0000,0.0000,0.0000,-0.0000,0.0000,0.000,0,SEARCH,0.0000,0.0000,0.0000,-0.0000
92191,dynamic,-2.6533,0.0678,3.2039,0.00,2.000,0.0000,0.0000,0.0000,-0.0000,0.0000,0.000,0,SEARCH,0.0000,0.0000,0.0000,-0.0000
92291,dynamic,-2.6538,0.0678,3.2039,0.00,2.000,0.0000,0.0000,0.0000,-0.0000,0.0000,0.000,0,SEARCH,0.0000,0.0000,0.0000,-0.0000
92392,dynamic,-2.6539,0.0679,3.2039,0.00,2.000,0.0000,0.0000,0.0000,-0.0000,0.0000,0.000,0,SEARCH,0.0000,0.0000,0.0000,-0.0000
92501,dynamic,-2.6537,0.0679,3.2039,0.00,2.000,0.0000,0.0000,0.0000,-0.0000,0.0000,0.000,0,SEARCH,0.0000,0.0000,0.0000,-0.0000
92593,dynamic,-2.6533,0.0679,3.2039,0.00,2.000,0.0000,0.0000,0.0000,-0.0000,0.0000,0.000,0,SEARCH,0.0000,0.0000,0.0000,-0.0000
92691,dynamic,-2.6531,0.0679,3.2039,0.00,2.000,0.0000,0.0000,0.0000,-0.0000,0.0000,0.000,0,SEARCH,0.0000,0.0000,0.0000,-0.0000
92789,dynamic,-2.6532,0.0679,3.2038,0.00,2.000,0.0000,0.0000,0.0000,-0.0000,0.0000,0.000,0,SEARCH,0.0000,0.0000,0.0000,-0.0000
92892,dynamic,-2.6535,0.0679,3.2038,0.00,2.000,0.0000,0.0000,0.0000,-0.0000,0.0000,0.000,0,SEARCH,0.0000,0.0000,0.0000,-0.0000
92992,dynamic,-2.6535,0.0680,3.2038,0.00,2.000,0.0000,0.0000,0.0000,-0.0000,0.0000,0.000,0,SEARCH,0.0000,0.0000,0.0000,-0.0000
93095,dynamic,-2.6535,0.0681,3.2038,0.00,2.000,0.0000,0.0000,0.0000,-0.0000,0.0000,0.000,0,SEARCH,0.0000,0.0000,0.0000,-0.0000
93194,dynamic,-2.6537,0.0683,3.2038,0.00,2.000,0.0000,0.0000,0.0000,-0.0000,0.0000,0.000,0,SEARCH,0.0000,0.0000,0.0000,-0.0000
93293,dynamic,-2.6540,0.0685,3.2038,0.00,2.000,0.0000,0.0000,0.0000,-0.0000,0.0000,0.000,0,SEARCH,0.0000,0.0000,0.0000,-0.0000
93393,dynamic,-2.6541,0.0686,3.2038,0.00,2.000,0.0000,0.0000,0.0000,-0.0000,0.0000,0.000,0,SEARCH,0.0000,0.0000,0.0000,-0.0000
93492,dynamic,-2.6539,0.0686,3.2038,0.00,2.000,0.0000,0.0000,0.0000,-0.0000,0.0000,0.000,0,SEARCH,0.0000,0.0000,0.0000,-0.0000
93590,dynamic,-2.6538,0.0686,3.2038,0.00,2.000,0.0000,0.0000,0.0000,-0.0000,0.0000,0.000,0,SEARCH,0.0000,0.0000,0.0000,-0.0000
93694,dynamic,-2.6537,0.0685,3.2038,0.00,2.000,0.0000,0.0000,0.0000,-0.0000,0.0000,0.000,0,SEARCH,0.0000,0.0000,0.0000,-0.0000
93794,dynamic,-2.6536,0.0687,3.2038,0.00,2.000,0.0000,0.0000,0.0000,-0.0000,0.0000,0.000,0,SEARCH,0.0000,0.0000,0.0000,-0.0000
93893,dynamic,-2.6533,0.0689,3.2038,0.00,2.000,0.0000,0.0000,0.0000,-0.0000,0.0000,0.000,0,SEARCH,0.0000,0.0000,0.0000,-0.0000
93994,dynamic,-2.6530,0.0690,3.2038,0.00,2.000,0.0000,0.0000,0.0000,-0.0000,0.0000,0.000,0,SEARCH,0.0000,0.0000,0.0000,-0.0000
94097,dynamic,-2.6528,0.0690,3.2038,0.00,2.000,0.0000,0.0000,0.0000,-0.0000,0.0000,0.000,0,SEARCH,0.0000,0.0000,0.0000,-0.0000
94195,dynamic,-2.6526,0.0690,3.2038,0.00,2.000,0.0000,0.0000,0.0000,-0.0000,0.0000,0.000,0,SEARCH,0.0000,0.0000,0.0000,-0.0000
94296,dynamic,-2.6524,0.0691,3.2038,0.00,2.000,0.0000,0.0000,0.0000,-0.0000,0.0000,0.000,0,SEARCH,0.0000,0.0000,0.0000,-0.0000
94392,dynamic,-2.6523,0.0689,3.2038,0.00,2.000,0.0000,0.0000,0.0000,-0.0000,0.0000,0.000,0,SEARCH,0.0000,0.0000,0.0000,-0.0000
94490,dynamic,-2.6523,0.0686,3.2038,0.00,2.000,0.0000,0.0000,0.0000,-0.0000,0.0000,0.000,0,SEARCH,0.0000,0.0000,0.0000,-0.0000
94592,dynamic,-2.6520,0.0687,3.2038,0.00,2.000,0.0000,0.0000,0.0000,-0.0000,0.0000,0.000,0,SEARCH,0.0000,0.0000,0.0000,-0.0000
94698,dynamic,-2.6517,0.0689,3.2038,0.00,2.000,0.0000,0.0000,0.0000,-0.0000,0.0000,0.000,0,SEARCH,0.0000,0.0000,0.0000,-0.0000
94795,dynamic,-2.6514,0.0691,3.2038,0.00,2.000,0.0000,0.0000,0.0000,-0.0000,0.0000,0.000,0,SEARCH,0.0000,0.0000,0.0000,-0.0000
94891,dynamic,-2.6513,0.0692,3.2038,0.00,2.000,0.0000,0.0000,0.0000,-0.0000,0.0000,0.000,0,SEARCH,0.0000,0.0000,0.0000,-0.0000
94994,dynamic,-2.6514,0.0694,3.2038,0.00,2.000,0.0000,0.0000,0.0000,-0.0000,0.0000,0.000,0,SEARCH,0.0000,0.0000,0.0000,-0.0000
95096,dynamic,-2.6517,0.0698,3.2038,0.00,2.000,0.0000,0.0000,0.0000,-0.0000,0.0000,0.000,0,SEARCH,0.0000,0.0000,0.0000,-0.0000
95206,dynamic,-2.6521,0.0701,3.2038,0.00,2.000,0.0000,0.0000,0.0000,-0.0000,0.0000,0.000,0,SEARCH,0.0000,0.0000,0.0000,-0.0000
95291,dynamic,-2.6524,0.0702,3.2038,0.00,2.000,0.0000,0.0000,0.0000,-0.0000,0.0000,0.000,0,SEARCH,0.0000,0.0000,0.0000,-0.0000
95393,dynamic,-2.6526,0.0705,3.2038,0.00,2.000,0.0000,0.0000,0.0000,-0.0000,0.0000,0.000,0,SEARCH,0.0000,0.0000,0.0000,-0.0000
95493,dynamic,-2.6527,0.0710,3.2038,0.00,2.000,0.0000,0.0000,0.0000,-0.0000,0.0000,0.000,0,SEARCH,0.0000,0.0000,0.0000,-0.0000
95592,dynamic,-2.6524,0.0714,3.2038,0.00,2.000,0.0000,0.0000,0.0000,-0.0000,0.0000,0.000,0,SEARCH,0.0000,0.0000,0.0000,-0.0000
95692,dynamic,-2.6518,0.0715,3.2038,0.00,2.000,0.0000,0.0000,0.0000,-0.0000,0.0000,0.000,0,SEARCH,0.0000,0.0000,0.0000,-0.0000
95795,dynamic,-2.6519,0.0716,3.2039,0.00,2.000,0.0000,0.0000,0.0000,-0.0000,0.0000,0.000,0,SEARCH,0.0000,0.0000,0.0000,-0.0000
95894,dynamic,-2.6525,0.0717,3.2039,0.00,2.000,0.0000,0.0000,0.0000,-0.0000,0.0000,0.000,0,SEARCH,0.0000,0.0000,0.0000,-0.0000
95991,dynamic,-2.6529,0.0718,3.2039,0.00,2.000,0.0000,0.0000,0.0000,-0.0000,0.0000,0.000,0,SEARCH,0.0000,0.0000,0.0000,-0.0000
96090,dynamic,-2.6533,0.0719,3.2039,0.00,2.000,0.0000,0.0000,0.0000,-0.0000,0.0000,0.000,0,SEARCH,0.0000,0.0000,0.0000,-0.0000
96192,dynamic,-2.6531,0.0719,3.2039,0.00,2.000,0.0000,0.0000,0.0000,-0.0000,0.0000,0.000,0,SEARCH,0.0000,0.0000,0.0000,-0.0000
96303,dynamic,-2.6527,0.0719,3.2039,0.00,2.000,0.0000,0.0000,0.0000,-0.0000,0.0000,0.000,0,SEARCH,0.0000,0.0000,0.0000,-0.0000
96392,dynamic,-2.6528,0.0718,3.2039,0.00,2.000,0.0000,0.0000,0.0000,-0.0000,0.0000,0.000,0,SEARCH,0.0000,0.0000,0.0000,-0.0000
96492,dynamic,-2.6532,0.0717,3.2039,0.00,2.000,0.0000,0.0000,0.0000,-0.0000,0.0000,0.000,0,SEARCH,0.0000,0.0000,0.0000,-0.0000
96591,dynamic,-2.6536,0.0719,3.2039,0.00,2.000,0.0000,0.0000,0.0000,-0.0000,0.0000,0.000,0,SEARCH,0.0000,0.0000,0.0000,-0.0000
96696,dynamic,-2.6542,0.0722,3.2039,0.00,2.000,0.0000,0.0000,0.0000,-0.0000,0.0000,0.000,0,SEARCH,0.0000,0.0000,0.0000,-0.0000
96792,dynamic,-2.6544,0.0722,3.2040,0.00,2.000,0.0000,0.0000,0.0000,-0.0000,0.0000,0.000,0,SEARCH,0.0000,0.0000,0.0000,-0.0000
96903,dynamic,-2.6546,0.0720,3.2039,0.00,2.000,0.0000,0.0000,0.0000,-0.0000,0.0000,0.000,0,SEARCH,0.0000,0.0000,0.0000,-0.0000
96993,dynamic,-2.6543,0.0720,3.2039,0.00,2.000,0.0000,0.0000,0.0000,-0.0000,0.0000,0.000,0,SEARCH,0.0000,0.0000,0.0000,-0.0000
97092,dynamic,-2.6540,0.0722,3.2040,0.00,2.000,0.0000,0.0000,0.0000,-0.0000,0.0000,0.000,0,SEARCH,0.0000,0.0000,0.0000,-0.0000
97193,dynamic,-2.6537,0.0723,3.2039,0.00,2.000,0.0000,0.0000,0.0000,-0.0000,0.0000,0.000,0,SEARCH,0.0000,0.0000,0.0000,-0.0000
97296,dynamic,-2.6535,0.0725,3.2040,0.00,2.000,0.0000,0.0000,0.0000,-0.0000,0.0000,0.000,0,SEARCH,0.0000,0.0000,0.0000,-0.0000
97392,dynamic,-2.6533,0.0726,3.2040,0.00,2.000,0.0000,0.0000,0.0000,-0.0000,0.0000,0.000,0,SEARCH,0.0000,0.0000,0.0000,-0.0000
97491,dynamic,-2.6532,0.0725,3.2040,0.00,2.000,0.0000,0.0000,0.0000,-0.0000,0.0000,0.000,0,SEARCH,0.0000,0.0000,0.0000,-0.0000
97591,dynamic,-2.6525,0.0726,3.2040,0.00,2.000,0.0000,0.0000,0.0000,-0.0000,0.0000,0.000,0,SEARCH,0.0000,0.0000,0.0000,-0.0000
97691,dynamic,-2.6517,0.0728,3.2040,0.00,2.000,0.0000,0.0000,0.0000,-0.0000,0.0000,0.000,0,SEARCH,0.0000,0.0000,0.0000,-0.0000
97794,dynamic,-2.6514,0.0730,3.2040,0.00,2.000,0.0000,0.0000,0.0000,-0.0000,0.0000,0.000,0,SEARCH,0.0000,0.0000,0.0000,-0.0000
97891,dynamic,-2.6514,0.0733,3.2041,0.00,2.000,0.0000,0.0000,0.0000,-0.0000,0.0000,0.000,0,SEARCH,0.0000,0.0000,0.0000,-0.0000
97994,dynamic,-2.6514,0.0734,3.2041,0.00,2.000,0.0000,0.0000,0.0000,-0.0000,0.0000,0.000,0,SEARCH,0.0000,0.0000,0.0000,-0.0000
98093,dynamic,-2.6513,0.0734,3.2041,0.00,2.000,0.0000,0.0000,0.0000,-0.0000,0.0000,0.000,0,SEARCH,0.0000,0.0000,0.0000,-0.0000
98196,dynamic,-2.6509,0.0734,3.2041,0.00,2.000,0.0000,0.0000,0.0000,-0.0000,0.0000,0.000,0,SEARCH,0.0000,0.0000,0.0000,-0.0000
98291,dynamic,-2.6504,0.0735,3.2040,0.00,2.000,0.0000,0.0000,0.0000,-0.0000,0.0000,0.000,0,SEARCH,0.0000,0.0000,0.0000,-0.0000
98392,dynamic,-2.6504,0.0735,3.2041,0.00,2.000,0.0000,0.0000,0.0000,-0.0000,0.0000,0.000,0,SEARCH,0.0000,0.0000,0.0000,-0.0000
98495,dynamic,-2.6507,0.0735,3.2041,0.00,2.000,0.0000,0.0000,0.0000,-0.0000,0.0000,0.000,0,SEARCH,0.0000,0.0000,0.0000,-0.0000
98593,dynamic,-2.6509,0.0736,3.2040,0.00,2.000,0.0000,0.0000,0.0000,-0.0000,0.0000,0.000,0,SEARCH,0.0000,0.0000,0.0000,-0.0000
98694,dynamic,-2.6508,0.0737,3.2041,0.00,2.000,0.0000,0.0000,0.0000,-0.0000,0.0000,0.000,0,SEARCH,0.0000,0.0000,0.0000,-0.0000
98796,dynamic,-2.6503,0.0739,3.2041,0.00,2.000,0.0000,0.0000,0.0000,-0.0000,0.0000,0.000,0,SEARCH,0.0000,0.0000,0.0000,-0.0000
98894,dynamic,-2.6498,0.0743,3.2040,0.00,2.000,0.0000,0.0000,0.0000,-0.0000,0.0000,0.000,0,SEARCH,0.0000,0.0000,0.0000,-0.0000
98995,dynamic,-2.6498,0.0745,3.2041,0.00,2.000,0.0000,0.0000,0.0000,-0.0000,0.0000,0.000,0,SEARCH,0.0000,0.0000,0.0000,-0.0000
99094,dynamic,-2.6500,0.0746,3.2041,0.00,2.000,0.0000,0.0000,0.0000,-0.0000,0.0000,0.000,0,SEARCH,0.0000,0.0000,0.0000,-0.0000
99194,dynamic,-2.6501,0.0747,3.2040,0.00,2.000,0.0000,0.0000,0.0000,-0.0000,0.0000,0.000,0,SEARCH,0.0000,0.0000,0.0000,-0.0000
99293,dynamic,-2.6500,0.0749,3.2042,0.00,2.000,0.0000,0.0000,0.0000,-0.0000,0.0000,0.000,0,SEARCH,0.0000,0.0000,0.0000,-0.0000
99394,dynamic,-2.6501,0.0748,3.2041,0.00,2.000,0.0000,0.0000,0.0000,-0.0000,0.0000,0.000,0,SEARCH,0.0000,0.0000,0.0000,-0.0000
99491,dynamic,-2.6503,0.0746,3.2041,0.00,2.000,0.0000,0.0000,0.0000,-0.0000,0.0000,0.000,0,SEARCH,0.0000,0.0000,0.0000,-0.0000
99593,dynamic,-2.6507,0.0746,3.2042,0.00,2.000,0.0000,0.0000,0.0000,-0.0000,0.0000,0.000,0,SEARCH,0.0000,0.0000,0.0000,-0.0000
99694,dynamic,-2.6511,0.0750,3.2041,0.00,2.000,0.0000,0.0000,0.0000,-0.0000,0.0000,0.000,0,SEARCH,0.0000,0.0000,0.0000,-0.0000
99792,dynamic,-2.6511,0.0750,3.2041,0.00,2.000,0.0000,0.0000,0.0000,-0.0000,0.0000,0.000,0,SEARCH,0.0000,0.0000,0.0000,-0.0000
99903,dynamic,-2.6508,0.0747,3.2041,0.00,2.000,0.0000,0.0000,0.0000,-0.0000,0.0000,0.000,0,SEARCH,0.0000,0.0000,0.0000,-0.0000
99993,dynamic,-2.6510,0.0745,3.2042,0.00,2.000,0.0000,0.0000,0.0000,-0.0000,0.0000,0.000,0,SEARCH,0.0000,0.0000,0.0000,-0.0000
100094,dynamic,-2.6514,0.0743,3.2041,0.00,2.000,0.0000,0.0000,0.0000,-0.0000,0.0000,0.000,0,SEARCH,0.0000,0.0000,0.0000,-0.0000
100195,dynamic,-2.6516,0.0744,3.2040,0.00,2.000,0.0000,0.0000,0.0000,-0.0000,0.0000,0.000,0,SEARCH,0.0000,0.0000,0.0000,-0.0000
100295,dynamic,-2.6517,0.0745,3.2042,0.00,2.000,0.0000,0.0000,0.0000,-0.0000,0.0000,0.000,0,SEARCH,0.0000,0.0000,0.0000,-0.0000
100391,dynamic,-2.6512,0.0743,3.2042,0.00,2.000,0.0000,0.0000,0.0000,-0.0000,0.0000,0.000,0,SEARCH,0.0000,0.0000,0.0000,-0.0000
100496,dynamic,-2.6504,0.0738,3.2039,0.00,2.000,0.0000,0.0000,0.0000,-0.0000,0.0000,0.000,0,SEARCH,0.0000,0.0000,0.0000,-0.0000
100593,dynamic,-2.6496,0.0734,3.2042,0.00,2.000,0.0000,0.0000,0.0000,-0.0000,0.0000,0.000,0,SEARCH,0.0000,0.0000,0.0000,-0.0000
100694,dynamic,-2.6489,0.0731,3.2041,0.00,2.000,0.0000,0.0000,0.0000,-0.0000,0.0000,0.000,0,SEARCH,0.0000,0.0000,0.0000,-0.0000
100794,dynamic,-2.6486,0.0729,3.2040,0.00,2.000,0.0000,0.0000,0.0000,-0.0000,0.0000,0.000,0,SEARCH,0.0000,0.0000,0.0000,-0.0000
100894,dynamic,-2.6487,0.0728,3.2041,0.00,2.000,0.0000,0.0000,0.0000,-0.0000,0.0000,0.000,0,SEARCH,0.0000,0.0000,0.0000,-0.0000
101000,dynamic,-2.6487,0.0727,3.2042,0.00,2.000,0.0000,0.0000,0.0000,-0.0000,0.0000,0.000,0,SEARCH,0.0000,0.0000,0.0000,-0.0000
101098,dynamic,-2.6487,0.0726,3.2041,0.00,2.000,0.0000,0.0000,0.0000,-0.0000,0.0000,0.000,0,SEARCH,0.0000,0.0000,0.0000,-0.0000
101195,dynamic,-2.6489,0.0726,3.2041,0.00,2.000,0.0000,0.0000,0.0000,-0.0000,0.0000,0.000,0,SEARCH,0.0000,0.0000,0.0000,-0.0000
101292,dynamic,-2.6493,0.0727,3.2042,0.00,2.000,0.0000,0.0000,0.0000,-0.0000,0.0000,0.000,0,SEARCH,0.0000,0.0000,0.0000,-0.0000
101396,dynamic,-2.6497,0.0727,3.2041,0.00,2.000,0.0000,0.0000,0.0000,-0.0000,0.0000,0.000,0,SEARCH,0.0000,0.0000,0.0000,-0.0000
101495,dynamic,-2.6503,0.0727,3.2041,0.00,2.000,0.0000,0.0000,0.0000,-0.0000,0.0000,0.000,0,SEARCH,0.0000,0.0000,0.0000,-0.0000
101591,dynamic,-2.6513,0.0728,3.2041,0.00,2.000,0.0000,0.0000,0.0000,-0.0000,0.0000,0.000,0,SEARCH,0.0000,0.0000,0.0000,-0.0000
101693,dynamic,-2.6524,0.0731,3.2041,0.00,2.000,0.0000,0.0000,0.0000,-0.0000,0.0000,0.000,0,SEARCH,0.0000,0.0000,0.0000,-0.0000
101794,dynamic,-2.6528,0.0730,3.2041,0.00,2.000,0.0000,0.0000,0.0000,-0.0000,0.0000,0.000,0,SEARCH,0.0000,0.0000,0.0000,-0.0000
101894,dynamic,-2.6527,0.0730,3.2041,0.00,2.000,0.0000,0.0000,0.0000,-0.0000,0.0000,0.000,0,SEARCH,0.0000,0.0000,0.0000,-0.0000
101994,dynamic,-2.6537,0.0731,3.2041,0.00,2.000,0.0000,0.0000,0.0000,-0.0000,0.0000,0.000,0,SEARCH,0.0000,0.0000,0.0000,-0.0000
102110,dynamic,-2.6550,0.0733,3.2041,0.00,2.000,0.0000,0.0000,0.0000,-0.0000,0.0000,0.000,0,SEARCH,0.0000,0.0000,0.0000,-0.0000
102192,dynamic,-2.6562,0.0735,3.2041,0.00,2.000,0.0000,0.0000,0.0000,-0.0000,0.0000,0.000,0,SEARCH,0.0000,0.0000,0.0000,-0.0000
102296,dynamic,-2.6572,0.0737,3.2040,0.00,2.000,0.0000,0.0000,0.0000,-0.0000,0.0000,0.000,0,SEARCH,0.0000,0.0000,0.0000,-0.0000
102394,dynamic,-2.6572,0.0736,3.2040,0.00,2.000,0.0000,0.0000,0.0000,-0.0000,0.0000,0.000,0,SEARCH,0.0000,0.0000,0.0000,-0.0000
102493,dynamic,-2.6569,0.0735,3.2040,0.00,2.000,0.0000,0.0000,0.0000,-0.0000,0.0000,0.000,0,SEARCH,0.0000,0.0000,0.0000,-0.0000
102592,dynamic,-2.6573,0.0738,3.2040,0.00,2.000,0.0000,0.0000,0.0000,-0.0000,0.0000,0.000,0,SEARCH,0.0000,0.0000,0.0000,-0.0000
102699,dynamic,-2.6581,0.0742,3.2040,0.00,2.000,0.0000,0.0000,0.0000,-0.0000,0.0000,0.000,0,SEARCH,0.0000,0.0000,0.0000,-0.0000
102795,dynamic,-2.6577,0.0743,3.2040,0.00,2.000,0.0000,0.0000,0.0000,-0.0000,0.0000,0.000,0,SEARCH,0.0000,0.0000,0.0000,-0.0000
102894,dynamic,-2.6571,0.0745,3.2040,0.00,2.000,0.0000,0.0000,0.0000,-0.0000,0.0000,0.000,0,SEARCH,0.0000,0.0000,0.0000,-0.0000
102992,dynamic,-2.6565,0.0743,3.2040,0.00,2.000,0.0000,0.0000,0.0000,-0.0000,0.0000,0.000,0,SEARCH,0.0000,0.0000,0.0000,-0.0000
103093,dynamic,-2.6560,0.0740,3.2040,0.00,2.000,0.0000,0.0000,0.0000,-0.0000,0.0000,0.000,0,SEARCH,0.0000,0.0000,0.0000,-0.0000
103205,dynamic,-2.6557,0.0739,3.2040,0.00,2.000,0.0000,0.0000,0.0000,-0.0000,0.0000,0.000,0,SEARCH,0.0000,0.0000,0.0000,-0.0000
103293,dynamic,-2.6556,0.0739,3.2040,0.00,2.000,0.0000,0.0000,0.0000,-0.0000,0.0000,0.000,0,SEARCH,0.0000,0.0000,0.0000,-0.0000
103393,dynamic,-2.6551,0.0739,3.2040,0.00,2.000,0.0000,0.0000,0.0000,-0.0000,0.0000,0.000,0,SEARCH,0.0000,0.0000,0.0000,-0.0000
103495,dynamic,-2.6543,0.0738,3.2039,0.00,2.000,0.0000,0.0000,0.0000,-0.0000,0.0000,0.000,0,SEARCH,0.0000,0.0000,0.0000,-0.0000
103598,dynamic,-2.6539,0.0737,3.2039,0.00,2.000,0.0000,0.0000,0.0000,-0.0000,0.0000,0.000,0,SEARCH,0.0000,0.0000,0.0000,-0.0000
103695,dynamic,-2.6537,0.0735,3.2039,0.00,2.000,0.0000,0.0000,0.0000,-0.0000,0.0000,0.000,0,SEARCH,0.0000,0.0000,0.0000,-0.0000
103802,dynamic,-2.6537,0.0736,3.2039,0.00,2.000,0.0000,0.0000,0.0000,-0.0000,0.0000,0.000,0,SEARCH,0.0000,0.0000,0.0000,-0.0000
103894,dynamic,-2.6537,0.0738,3.2040,0.00,2.000,0.0000,0.0000,0.0000,-0.0000,0.0000,0.000,0,SEARCH,0.0000,0.0000,0.0000,-0.0000
103994,dynamic,-2.6531,0.0738,3.2040,0.00,2.000,0.0000,0.0000,0.0000,-0.0000,0.0000,0.000,0,SEARCH,0.0000,0.0000,0.0000,-0.0000
104095,dynamic,-2.6523,0.0737,3.2039,0.00,2.000,0.0000,0.0000,0.0000,-0.0000,0.0000,0.000,0,SEARCH,0.0000,0.0000,0.0000,-0.0000
104194,dynamic,-2.6516,0.0735,3.2039,0.00,2.000,0.0000,0.0000,0.0000,-0.0000,0.0000,0.000,0,SEARCH,0.0000,0.0000,0.0000,-0.0000
104301,dynamic,-2.6511,0.0734,3.2039,0.00,2.000,0.0000,0.0000,0.0000,-0.0000,0.0000,0.000,0,SEARCH,0.0000,0.0000,0.0000,-0.0000
104392,dynamic,-2.6508,0.0734,3.2039,0.00,2.000,0.0000,0.0000,0.0000,-0.0000,0.0000,0.000,0,SEARCH,0.0000,0.0000,0.0000,-0.0000
104491,dynamic,-2.6506,0.0735,3.2039,0.00,2.000,0.0000,0.0000,0.0000,-0.0000,0.0000,0.000,0,SEARCH,0.0000,0.0000,0.0000,-0.0000
104593,dynamic,-2.6504,0.0736,3.2039,0.00,2.000,0.0000,0.0000,0.0000,-0.0000,0.0000,0.000,0,SEARCH,0.0000,0.0000,0.0000,-0.0000
104695,dynamic,-2.6501,0.0738,3.2039,0.00,2.000,0.0000,0.0000,0.0000,-0.0000,0.0000,0.000,0,SEARCH,0.0000,0.0000,0.0000,-0.0000
104791,dynamic,-2.6501,0.0739,3.2039,0.00,2.000,0.0000,0.0000,0.0000,-0.0000,0.0000,0.000,0,SEARCH,0.0000,0.0000,0.0000,-0.0000
104892,dynamic,-2.6503,0.0742,3.2039,0.00,2.000,0.0000,0.0000,0.0000,-0.0000,0.0000,0.000,0,SEARCH,0.0000,0.0000,0.0000,-0.0000
104994,dynamic,-2.6504,0.0741,3.2039,0.00,2.000,0.0000,0.0000,0.0000,-0.0000,0.0000,0.000,0,SEARCH,0.0000,0.0000,0.0000,-0.0000
105092,dynamic,-2.6505,0.0740,3.2039,34.50,2.000,-0.3918,-1.9073,1.9472,0.5098,1.8793,0.000,1,SEARCH,0.0000,0.0000,0.0000,-0.0000
105195,dynamic,-2.6504,0.0738,3.2039,34.50,2.000,-0.3918,-1.9073,1.9472,0.5098,1.8793,0.000,1,SEARCH,0.0000,0.0000,0.0000,-0.0000
105294,dynamic,-2.6502,0.0737,3.2039,34.50,2.000,-0.3918,-1.9073,1.9472,0.5099,1.8792,0.000,1,SEARCH,0.0000,0.0000,0.0000,-0.0000
105394,dynamic,-2.6501,0.0735,3.2039,34.50,2.000,-0.3918,-1.9073,1.9472,0.5099,1.8792,0.000,1,SEARCH,0.0000,0.0000,0.0000,-0.0000
105495,dynamic,-2.6500,0.0732,3.2039,34.50,2.000,-0.3918,-1.9073,1.9472,0.5099,1.8792,0.000,1,SEARCH,0.0000,0.0000,0.0000,-0.0000
105590,dynamic,-2.6503,0.0729,3.2039,34.45,2.000,0.0283,-1.5925,1.5927,0.0709,1.5911,0.000,1,SEARCH,0.0000,0.0000,0.0000,-0.0000
105692,dynamic,-2.6510,0.0725,3.2039,34.45,2.000,0.0283,-1.5925,1.5927,0.0709,1.5911,0.000,1,SEARCH,0.0000,0.0000,0.0000,-0.0000
105791,dynamic,-2.6514,0.0725,3.2039,34.45,2.000,0.0283,-1.5925,1.5927,0.0709,1.5911,0.000,1,SEARCH,0.0000,0.0000,0.0000,-0.0000
105896,dynamic,-2.6515,0.0726,3.2039,34.45,2.000,0.0283,-1.5925,1.5927,0.0709,1.5911,0.000,1,SEARCH,0.0000,0.0000,0.0000,-0.0000
105990,dynamic,-2.6516,0.0726,3.2039,34.45,2.000,0.0283,-1.5925,1.5927,0.0709,1.5912,0.000,1,SEARCH,0.0000,0.0000,0.0000,-0.0000
106092,dynamic,-2.6516,0.0724,3.2039,34.45,2.000,0.0283,-1.5925,1.5927,0.0709,1.5912,0.000,1,SEARCH,0.0000,0.0000,0.0000,-0.0000
106190,dynamic,-2.6521,0.0726,3.2039,34.54,2.000,0.0828,-1.5417,1.5439,0.0134,1.5438,0.000,1,SEARCH,0.0000,0.0000,0.0000,-0.0000
106292,dynamic,-2.6529,0.0729,3.2039,34.54,2.000,0.0828,-1.5417,1.5439,0.0134,1.5438,0.000,1,SEARCH,0.0000,0.0000,0.0000,-0.0000
106392,dynamic,-2.6529,0.0733,3.2039,34.54,2.000,0.0828,-1.5417,1.5439,0.0134,1.5438,0.000,1,SEARCH,0.0000,0.0000,0.0000,-0.0000
106490,dynamic,-2.6526,0.0739,3.2039,34.54,2.000,0.0828,-1.5417,1.5439,0.0134,1.5438,0.000,1,SEARCH,0.0000,0.0000,0.0000,-0.0000
106592,dynamic,-2.6525,0.0739,3.2039,34.54,2.000,0.0828,-1.5417,1.5439,0.0135,1.5438,0.000,1,SEARCH,0.0000,0.0000,0.0000,-0.0000
106691,dynamic,-2.6524,0.0737,3.2039,32.79,2.000,0.0752,-1.5490,1.5508,0.0214,1.5507,0.000,1,SEARCH,0.0000,0.0000,0.0000,-0.0000
106790,dynamic,-2.6523,0.0738,3.2039,32.79,2.000,0.0752,-1.5490,1.5508,0.0214,1.5507,0.000,1,SEARCH,0.0000,0.0000,0.0000,-0.0000
106890,dynamic,-2.6524,0.0740,3.2039,32.79,2.000,0.0752,-1.5490,1.5508,0.0214,1.5507,0.000,1,SEARCH,0.0000,0.0000,0.0000,-0.0000
106990,dynamic,-2.6527,0.0738,3.2039,32.79,2.000,0.0752,-1.5490,1.5508,0.0214,1.5507,0.000,1,SEARCH,0.0000,0.0000,0.0000,-0.0000
107092,dynamic,-2.6531,0.0736,3.2039,32.79,2.000,0.0752,-1.5490,1.5508,0.0214,1.5507,0.000,1,SEARCH,0.0000,0.0000,0.0000,-0.0000
107189,dynamic,-2.6533,0.0733,3.2039,33.90,2.000,0.1021,-1.5208,1.5242,-0.0071,1.5242,0.000,1,SEARCH,0.0000,0.0000,0.0000,-0.0000
107290,dynamic,-2.6534,0.0730,3.2039,33.90,2.000,0.1021,-1.5208,1.5242,-0.0071,1.5242,0.000,1,SEARCH,0.0000,0.0000,0.0000,-0.0000
107390,dynamic,-2.6537,0.0729,3.2040,33.90,2.000,0.1021,-1.5208,1.5242,-0.0071,1.5242,0.000,1,SEARCH,0.0000,0.0000,0.0000,-0.0000
107490,dynamic,-2.6541,0.0728,3.2040,33.90,2.000,0.1021,-1.5208,1.5242,-0.0071,1.5242,0.000,1,SEARCH,0.0000,0.0000,0.0000,-0.0000
107590,dynamic,-2.6544,0.0727,3.2040,33.90,2.000,0.1021,-1.5208,1.5242,-0.0071,1.5242,0.000,1,SEARCH,0.0000,0.0000,0.0000,-0.0000
107698,dynamic,-2.6546,0.0725,3.2039,33.90,2.000,0.1021,-1.5208,1.5242,-0.0071,1.5242,0.000,1,SEARCH,0.0000,0.0000,0.0000,-0.0000
107790,dynamic,-2.6548,0.0724,3.2039,31.41,2.000,0.3836,-1.3140,1.3689,-0.3010,1.3354,0.000,1,SEARCH,0.0000,0.0000,0.0000,-0.0000
107890,dynamic,-2.6551,0.0723,3.2039,31.41,2.000,0.3836,-1.3140,1.3689,-0.3010,1.3354,0.000,1,SEARCH,0.0000,0.0000,0.0000,-0.0000
107991,dynamic,-2.6554,0.0723,3.2039,31.41,2.000,0.3836,-1.3140,1.3689,-0.3010,1.3354,0.000,1,SEARCH,0.0000,0.0000,0.0000,-0.0000
108090,dynamic,-2.6558,0.0722,3.2039,31.41,2.000,0.3836,-1.3140,1.3689,-0.3011,1.3354,0.000,1,SEARCH,0.0000,0.0000,0.0000,-0.0000
108207,dynamic,-2.6561,0.0722,3.2039,31.41,2.000,0.3836,-1.3140,1.3689,-0.3011,1.3354,0.000,1,SEARCH,0.0000,0.0000,0.0000,-0.0000
108290,dynamic,-2.6564,0.0721,3.2039,31.06,2.000,0.3838,-1.3116,1.3666,-0.3014,1.3330,0.000,1,SEARCH,0.0000,0.0000,0.0000,-0.0000
108390,dynamic,-2.6563,0.0722,3.2039,31.06,2.000,0.3838,-1.3116,1.3666,-0.3014,1.3330,0.000,1,SEARCH,0.0000,0.0000,0.0000,-0.0000
108490,dynamic,-2.6563,0.0725,3.2039,31.06,2.000,0.3838,-1.3116,1.3666,-0.3014,1.3330,0.000,1,SEARCH,0.0000,0.0000,0.0000,-0.0000
108590,dynamic,-2.6557,0.0723,3.2039,31.06,2.000,0.3838,-1.3116,1.3666,-0.3014,1.3330,0.000,1,SEARCH,0.0000,0.0000,0.0000,-0.0000
108690,dynamic,-2.6551,0.0721,3.2039,31.06,2.000,0.3838,-1.3116,1.3666,-0.3015,1.3330,0.000,1,SEARCH,0.0000,0.0000,0.0000,-0.0000
108791,dynamic,-2.6548,0.0721,3.2038,31.06,2.000,0.3838,-1.3116,1.3666,-0.3015,1.3330,0.000,1,SEARCH,0.0000,0.0000,0.0000,-0.0000
108889,dynamic,-2.6547,0.0721,3.2039,31.45,2.000,0.3823,-1.3112,1.3658,-0.3000,1.3325,0.000,1,SEARCH,0.0000,0.0000,0.0000,-0.0000
108990,dynamic,-2.6541,0.0720,3.2038,31.45,2.000,0.3823,-1.3112,1.3658,-0.3000,1.3325,0.000,1,SEARCH,0.0000,0.0000,0.0000,-0.0000
109090,dynamic,-2.6535,0.0718,3.2039,31.45,2.000,0.3823,-1.3112,1.3658,-0.3000,1.3325,0.000,1,SEARCH,0.0000,0.0000,0.0000,-0.0000
109190,dynamic,-2.6535,0.0717,3.2038,31.45,2.000,0.3823,-1.3112,1.3658,-0.3000,1.3325,0.000,1,SEARCH,0.0000,0.0000,0.0000,-0.0000
109303,dynamic,-2.6538,0.0716,3.2038,31.45,2.000,0.3823,-1.3112,1.3658,-0.3000,1.3325,0.000,1,SEARCH,0.0000,0.0000,0.0000,-0.0000
109390,dynamic,-2.6539,0.0717,3.2039,31.79,2.000,0.3828,-1.3084,1.3632,-0.3006,1.3297,0.000,1,SEARCH,0.0000,0.0000,0.0000,-0.0000
109490,dynamic,-2.6535,0.0718,3.2039,31.79,2.000,0.3828,-1.3084,1.3632,-0.3006,1.3297,0.000,1,SEARCH,0.0000,0.0000,0.0000,-0.0000
109590,dynamic,-2.6540,0.0718,3.2039,31.79,2.000,0.3828,-1.3084,1.3632,-0.3006,1.3297,0.000,1,SEARCH,0.0000,0.0000,0.0000,-0.0000
109690,dynamic,-2.6550,0.0717,3.2038,31.79,2.000,0.3828,-1.3084,1.3632,-0.3006,1.3297,0.000,1,SEARCH,0.0000,0.0000,0.0000,-0.0000
109794,dynamic,-2.6556,0.0717,3.2038,31.79,2.000,0.3828,-1.3084,1.3632,-0.3006,1.3297,0.000,1,SEARCH,0.0000,0.0000,0.0000,-0.0000
109890,dynamic,-2.6560,0.0719,3.2039,31.46,2.000,0.3805,-1.3052,1.3595,-0.2986,1.3263,0.000,1,SEARCH,0.0000,0.0000,0.0000,-0.0000
109989,dynamic,-2.6559,0.0717,3.2038,31.46,2.000,0.3805,-1.3052,1.3595,-0.2986,1.3263,0.000,1,SEARCH,0.0000,0.0000,0.0000,-0.0000
110090,dynamic,-2.6555,0.0713,3.2038,31.46,2.000,0.3805,-1.3052,1.3595,-0.2986,1.3263,0.000,1,SEARCH,0.0000,0.0000,0.0000,-0.0000
110190,dynamic,-2.6556,0.0713,3.2038,31.46,2.000,0.3805,-1.3052,1.3595,-0.2986,1.3263,0.000,1,SEARCH,0.0000,0.0000,0.0000,-0.0000
110290,dynamic,-2.6559,0.0714,3.2038,31.46,2.000,0.3805,-1.3052,1.3595,-0.2986,1.3263,0.000,1,SEARCH,0.0000,0.0000,0.0000,-0.0000
110390,dynamic,-2.6560,0.0715,3.2038,31.46,2.000,0.3805,-1.3052,1.3595,-0.2986,1.3263,0.000,1,SEARCH,0.0000,0.0000,0.0000,-0.0000
110490,dynamic,-2.6559,0.0716,3.2038,31.46,2.000,0.3805,-1.3052,1.3595,-0.2986,1.3263,0.000,1,SEARCH,0.0000,0.0000,0.0000,-0.0000
110589,dynamic,-2.6561,0.0717,3.2039,31.79,2.000,0.3803,-1.3001,1.3546,-0.2987,1.3212,0.000,1,SEARCH,0.0000,0.0000,0.0000,-0.0000
110689,dynamic,-2.6564,0.0719,3.2039,31.79,2.000,0.3803,-1.3001,1.3546,-0.2987,1.3212,0.000,1,SEARCH,0.0000,0.0000,0.0000,-0.0000
110789,dynamic,-2.6566,0.0718,3.2039,31.79,2.000,0.3803,-1.3001,1.3546,-0.2987,1.3212,0.000,1,SEARCH,0.0000,0.0000,0.0000,-0.0000
110890,dynamic,-2.6568,0.0717,3.2039,31.79,2.000,0.3803,-1.3001,1.3546,-0.2987,1.3212,0.000,1,SEARCH,0.0000,0.0000,0.0000,-0.0000
110989,dynamic,-2.6567,0.0717,3.2039,31.79,2.000,0.3803,-1.3001,1.3546,-0.2987,1.3212,0.000,1,SEARCH,0.0000,0.0000,0.0000,-0.0000
111090,dynamic,-2.6566,0.0719,3.2038,31.79,2.000,0.3803,-1.3001,1.3546,-0.2986,1.3212,0.000,1,SEARCH,0.0000,0.0000,0.0000,-0.0000
111189,dynamic,-2.6564,0.0720,3.2040,31.46,2.000,0.3780,-1.2965,1.3505,-0.2967,1.3175,0.000,1,SEARCH,0.0000,0.0000,0.0000,-0.0000
111289,dynamic,-2.6561,0.0720,3.2039,31.46,2.000,0.3780,-1.2965,1.3505,-0.2964,1.3175,0.000,1,SEARCH,0.0000,0.0000,0.0000,-0.0000
111389,dynamic,-2.6560,0.0720,3.2038,31.46,2.000,0.3780,-1.2965,1.3505,-0.2967,1.3175,0.000,1,SEARCH,0.0000,0.0000,0.0000,-0.0000
111490,dynamic,-2.6558,0.0719,3.2039,31.46,2.000,0.3780,-1.2965,1.3505,-0.2967,1.3175,0.000,1,SEARCH,0.0000,0.0000,0.0000,-0.0000
111600,dynamic,-2.6558,0.0716,3.2040,31.46,2.000,0.3780,-1.2965,1.3505,-0.2966,1.3175,0.000,1,SEARCH,0.0000,0.0000,0.0000,-0.0000
111689,dynamic,-2.6560,0.0716,3.2040,31.15,2.000,0.3766,-1.2950,1.3486,-0.2958,1.3158,0.000,1,SEARCH,0.0000,0.0000,0.0000,-0.0000
111789,dynamic,-2.6558,0.0717,3.2040,31.15,2.000,0.3766,-1.2950,1.3486,-0.2950,1.3160,0.000,1,SEARCH,0.0000,0.0000,0.0000,-0.0000
111889,dynamic,-2.6555,0.0720,3.2036,31.15,2.000,0.3766,-1.2950,1.3486,-0.2952,1.3159,0.000,1,SEARCH,0.0000,0.0000,0.0000,-0.0000
111990,dynamic,-2.6551,0.0723,3.2038,31.15,2.000,0.3766,-1.2950,1.3486,-0.2956,1.3158,0.000,1,SEARCH,0.0000,0.0000,0.0000,-0.0000
112089,dynamic,-2.6547,0.0725,3.2039,31.15,2.000,0.3766,-1.2950,1.3486,-0.2952,1.3159,0.000,1,SEARCH,0.0000,0.0000,0.0000,-0.0000
112189,dynamic,-2.6545,0.0726,3.2039,31.15,2.000,0.3766,-1.2950,1.3486,-0.2952,1.3159,0.000,1,SEARCH,0.0000,0.0000,0.0000,-0.0000
112302,dynamic,-2.6542,0.0727,3.2038,31.15,2.000,0.3766,-1.2950,1.3486,-0.2951,1.3159,0.000,1,SEARCH,0.0000,0.0000,0.0000,-0.0000
112389,dynamic,-2.6541,0.0729,3.2040,31.50,2.000,0.3764,-1.2951,1.3487,-0.2950,1.3161,0.000,1,SEARCH,0.0000,0.0000,0.0000,-0.0000
112489,dynamic,-2.6541,0.0729,3.2039,31.50,2.000,0.3764,-1.2951,1.3487,-0.2949,1.3161,0.000,1,SEARCH,0.0000,0.0000,0.0000,-0.0000
112589,dynamic,-2.6536,0.0731,3.2039,31.50,2.000,0.3764,-1.2951,1.3487,-0.2951,1.3160,0.000,1,SEARCH,0.0000,0.0000,0.0000,-0.0000
112689,dynamic,-2.6531,0.0733,3.2040,31.50,2.000,0.3764,-1.2951,1.3487,-0.2949,1.3161,0.000,1,SEARCH,0.0000,0.0000,0.0000,-0.0000
112792,dynamic,-2.6527,0.0735,3.2040,31.50,2.000,0.3764,-1.2951,1.3487,-0.2950,1.3161,0.000,1,SEARCH,0.0000,0.0000,0.0000,-0.0000
112889,dynamic,-2.6523,0.0737,3.2039,31.11,2.000,0.3781,-1.2955,1.3496,-0.2965,1.3166,0.000,1,SEARCH,0.0000,0.0000,0.0000,-0.0000
112990,dynamic,-2.6516,0.0742,3.2039,31.11,2.000,0.3781,-1.2955,1.3496,-0.2967,1.3166,0.000,1,SEARCH,0.0000,0.0000,0.0000,-0.0000
113090,dynamic,-2.6509,0.0747,3.2040,31.11,2.000,0.3781,-1.2955,1.3496,-0.2965,1.3166,0.000,1,SEARCH,0.0000,0.0000,0.0000,-0.0000
113189,dynamic,-2.6507,0.0752,3.2039,31.11,2.000,0.3781,-1.2955,1.3496,-0.2968,1.3165,0.000,1,SEARCH,0.0000,0.0000,0.0000,-0.0000
113289,dynamic,-2.6508,0.0752,3.2042,31.11,2.000,0.3781,-1.2955,1.3496,-0.2964,1.3166,0.000,1,SEARCH,0.0000,0.0000,0.0000,-0.0000
113396,dynamic,-2.6510,0.0751,3.2036,31.11,2.000,0.3781,-1.2955,1.3496,-0.2962,1.3167,0.000,1,SEARCH,0.0000,0.0000,0.0000,-0.0000
113489,dynamic,-2.6511,0.0747,3.2040,31.11,2.000,0.3822,-1.3025,1.3575,-0.3007,1.3237,0.000,1,SEARCH,0.0000,0.0000,0.0000,-0.0000
113589,dynamic,-2.6509,0.0746,3.2041,31.11,2.000,0.3822,-1.3025,1.3575,-0.3001,1.3239,0.000,1,SEARCH,0.0000,0.0000,0.0000,-0.0000
113690,dynamic,-2.6507,0.0745,3.2038,31.11,2.000,0.3822,-1.3025,1.3575,-0.3002,1.3238,0.000,1,SEARCH,0.0000,0.0000,0.0000,-0.0000
113789,dynamic,-2.6505,0.0744,3.2038,31.11,2.000,0.3822,-1.3025,1.3575,-0.3005,1.3238,0.000,1,SEARCH,0.0000,0.0000,0.0000,-0.0000
113889,dynamic,-2.6504,0.0742,3.2040,31.11,2.000,0.3822,-1.3025,1.3575,-0.3006,1.3238,0.000,1,SEARCH,0.0000,0.0000,0.0000,-0.0000
113994,dynamic,-2.6500,0.0744,3.2038,31.11,2.000,0.3822,-1.3025,1.3575,-0.3005,1.3238,0.000,1,SEARCH,0.0000,0.0000,0.0000,-0.0000
114089,dynamic,-2.6495,0.0748,3.2037,31.79,2.000,0.3828,-1.3092,1.3640,-0.3007,1.3305,0.000,1,SEARCH,0.0000,0.0000,0.0000,-0.0000
114189,dynamic,-2.6497,0.0751,3.2039,31.79,2.000,0.3828,-1.3092,1.3640,-0.3007,1.3305,0.000,1,SEARCH,0.0000,0.0000,0.0000,-0.0000
114290,dynamic,-2.6502,0.0753,3.2038,31.79,2.000,0.3828,-1.3092,1.3640,-0.3005,1.3305,0.000,1,SEARCH,0.0000,0.0000,0.0000,-0.0000
114389,dynamic,-2.6501,0.0754,3.2038,31.79,2.000,0.3828,-1.3092,1.3640,-0.3006,1.3305,0.000,1,SEARCH,0.0000,0.0000,0.0000,-0.0000
114490,dynamic,-2.6498,0.0756,3.2039,31.79,2.000,0.3828,-1.3092,1.3640,-0.3006,1.3305,0.000,1,SEARCH,0.0000,0.0000,0.0000,-0.0000
114590,dynamic,-2.6501,0.0756,3.2040,31.79,2.000,0.3828,-1.3092,1.3640,-0.3005,1.3305,0.000,1,SEARCH,0.0000,0.0000,0.0000,-0.0000
114689,dynamic,-2.6509,0.0755,3.2039,31.10,2.000,0.3876,-1.3218,1.3774,-0.3045,1.3433,0.000,1,SEARCH,0.0000,0.0000,0.0000,-0.0000
114789,dynamic,-2.6511,0.0754,3.2039,31.10,2.000,0.3876,-1.3218,1.3774,-0.3046,1.3433,0.000,1,SEARCH,0.0000,0.0000,0.0000,-0.0000
114889,dynamic,-2.6510,0.0754,3.2040,31.10,2.000,0.3876,-1.3218,1.3774,-0.3045,1.3433,0.000,1,SEARCH,0.0000,0.0000,0.0000,-0.0000
114989,dynamic,-2.6512,0.0754,3.2039,31.10,2.000,0.3876,-1.3218,1.3774,-0.3045,1.3433,0.000,1,SEARCH,0.0000,0.0000,0.0000,-0.0000
115089,dynamic,-2.6515,0.0755,3.2039,31.10,2.000,0.3876,-1.3218,1.3774,-0.3046,1.3433,0.000,1,SEARCH,0.0000,0.0000,0.0000,-0.0000
115201,dynamic,-2.6524,0.0755,3.2039,31.10,2.000,0.3876,-1.3218,1.3774,-0.3046,1.3433,0.000,1,SEARCH,0.0000,0.0000,0.0000,-0.0000
115289,dynamic,-2.6537,0.0752,3.2039,31.82,2.000,0.3888,-1.3329,1.3885,-0.3050,1.3545,0.000,1,SEARCH,0.0000,0.0000,0.0000,-0.0000
115390,dynamic,-2.6540,0.0752,3.2040,31.82,2.000,0.3888,-1.3329,1.3885,-0.3050,1.3546,0.000,1,SEARCH,0.0000,0.0000,0.0000,-0.0000
115489,dynamic,-2.6534,0.0754,3.2040,31.82,2.000,0.3888,-1.3329,1.3885,-0.3049,1.3546,0.000,1,SEARCH,0.0000,0.0000,0.0000,-0.0000
115590,dynamic,-2.6526,0.0754,3.2039,31.82,2.000,0.3888,-1.3329,1.3885,-0.3049,1.3546,0.000,1,SEARCH,0.0000,0.0000,0.0000,-0.0000
115691,dynamic,-2.6517,0.0755,3.2040,31.82,2.000,0.3888,-1.3329,1.3885,-0.3050,1.3546,0.000,1,SEARCH,0.0000,0.0000,0.0000,-0.0000
115791,dynamic,-2.6513,0.0754,3.2040,31.79,2.000,0.3918,-1.3394,1.3955,-0.3076,1.3612,0.000,1,SEARCH,0.0000,0.0000,0.0000,-0.0000
115889,dynamic,-2.6513,0.0753,3.2040,31.79,2.000,0.3918,-1.3394,1.3955,-0.3076,1.3612,0.000,1,SEARCH,0.0000,0.0000,0.0000,-0.0000
115989,dynamic,-2.6512,0.0752,3.2039,31.79,2.000,0.3918,-1.3394,1.3955,-0.3076,1.3612,0.000,1,SEARCH,0.0000,0.0000,0.0000,-0.0000
116090,dynamic,-2.6512,0.0751,3.2039,31.79,2.000,0.3918,-1.3394,1.3955,-0.3076,1.3612,0.000,1,SEARCH,0.0000,0.0000,0.0000,-0.0000
116189,dynamic,-2.6514,0.0749,3.2039,31.79,2.000,0.3918,-1.3394,1.3955,-0.3076,1.3612,0.000,1,SEARCH,0.0000,0.0000,0.0000,-0.0000
116301,dynamic,-2.6517,0.0747,3.2039,31.79,2.000,0.3918,-1.3394,1.3955,-0.3076,1.3612,0.000,1,SEARCH,0.0000,0.0000,0.0000,-0.0000
116389,dynamic,-2.6516,0.0746,3.2039,31.79,2.000,0.3934,-1.3446,1.4010,-0.3089,1.3665,0.000,1,SEARCH,0.0000,0.0000,0.0000,-0.0000
116489,dynamic,-2.6509,0.0747,3.2039,31.79,2.000,0.3934,-1.3446,1.4010,-0.3088,1.3665,0.000,1,SEARCH,0.0000,0.0000,0.0000,-0.0000
116589,dynamic,-2.6512,0.0744,3.2039,31.79,2.000,0.3934,-1.3446,1.4010,-0.3089,1.3665,0.000,1,SEARCH,0.0000,0.0000,0.0000,-0.0000
116689,dynamic,-2.6518,0.0741,3.2040,31.79,2.000,0.3934,-1.3446,1.4010,-0.3088,1.3665,0.000,1,SEARCH,0.0000,0.0000,0.0000,-0.0000
116789,dynamic,-2.6526,0.0739,3.2039,31.79,2.000,0.3934,-1.3446,1.4010,-0.3088,1.3665,0.000,1,SEARCH,0.0000,0.0000,0.0000,-0.0000
116889,dynamic,-2.6535,0.0738,3.2039,31.79,2.000,0.3934,-1.3446,1.4010,-0.3089,1.3665,0.000,1,SEARCH,0.0000,0.0000,0.0000,-0.0000
116990,dynamic,-2.6539,0.0737,3.2040,31.79,2.000,0.3939,-1.3470,1.4034,-0.3092,1.3690,0.000,1,SEARCH,0.0000,0.0000,0.0000,-0.0000
117089,dynamic,-2.6541,0.0736,3.2039,31.79,2.000,0.3939,-1.3470,1.4034,-0.3092,1.3690,0.000,1,SEARCH,0.0000,0.0000,0.0000,-0.0000
117189,dynamic,-2.6544,0.0735,3.2039,31.79,2.000,0.3939,-1.3470,1.4034,-0.3092,1.3690,0.000,1,SEARCH,0.0000,0.0000,0.0000,-0.0000
117291,dynamic,-2.6546,0.0735,3.2040,31.79,2.000,0.3939,-1.3470,1.4034,-0.3092,1.3690,0.000,1,SEARCH,0.0000,0.0000,0.0000,-0.0000
117392,dynamic,-2.6548,0.0733,3.2040,31.79,2.000,0.3939,-1.3470,1.4034,-0.3092,1.3690,0.000,1,SEARCH,0.0000,0.0000,0.0000,-0.0000
117489,dynamic,-2.6552,0.0726,3.2040,31.45,2.000,0.3924,-1.3460,1.4021,-0.3078,1.3679,0.000,1,SEARCH,0.0000,0.0000,0.0000,-0.0000
117589,dynamic,-2.6557,0.0722,3.2040,31.45,2.000,0.3924,-1.3460,1.4021,-0.3078,1.3679,0.000,1,SEARCH,0.0000,0.0000,0.0000,-0.0000
117689,dynamic,-2.6563,0.0719,3.2040,31.45,2.000,0.3924,-1.3460,1.4021,-0.3078,1.3679,0.000,1,SEARCH,0.0000,0.0000,0.0000,-0.0000
117789,dynamic,-2.6567,0.0717,3.2039,31.45,2.000,0.3924,-1.3460,1.4021,-0.3078,1.3679,0.000,1,SEARCH,0.0000,0.0000,0.0000,-0.0000
117890,dynamic,-2.6572,0.0716,3.2039,31.45,2.000,0.3924,-1.3460,1.4021,-0.3078,1.3679,0.000,1,SEARCH,0.0000,0.0000,0.0000,-0.0000
117890,dynamic,-2.6571,0.0715,3.2039,31.45,2.000,0.3924,-1.3460,1.4021,-0.3078,1.3679,0.000,1,SEARCH,0.0000,0.0000,0.0000,-0.0000
118089,dynamic,-2.6569,0.0714,3.2039,31.45,2.000,0.3915,-1.3424,1.3984,-0.3071,1.3642,0.000,1,SEARCH,0.0000,0.0000,0.0000,-0.0000
118189,dynamic,-2.6565,0.0711,3.2040,31.45,2.000,0.3915,-1.3424,1.3984,-0.3071,1.3642,0.000,1,SEARCH,0.0000,0.0000,0.0000,-0.0000
118289,dynamic,-2.6561,0.0708,3.2040,31.45,2.000,0.3915,-1.3424,1.3984,-0.3071,1.3642,0.000,1,SEARCH,0.0000,0.0000,0.0000,-0.0000
118389,dynamic,-2.6556,0.0705,3.2040,31.45,2.000,0.3915,-1.3424,1.3984,-0.3071,1.3642,0.000,1,SEARCH,0.0000,0.0000,0.0000,-0.0000
118492,dynamic,-2.6553,0.0703,3.2040,31.45,2.000,0.3915,-1.3424,1.3984,-0.3071,1.3642,0.000,1,SEARCH,0.0000,0.0000,0.0000,-0.0000
118589,dynamic,-2.6548,0.0702,3.2040,31.45,2.000,0.3906,-1.3392,1.3950,-0.3063,1.3610,0.000,1,SEARCH,0.0000,0.0000,0.0000,-0.0000
118689,dynamic,-2.6544,0.0702,3.2040,31.45,2.000,0.3906,-1.3392,1.3950,-0.3063,1.3610,0.000,1,SEARCH,0.0000,0.0000,0.0000,-0.0000
118789,dynamic,-2.6541,0.0701,3.2040,31.45,2.000,0.3906,-1.3392,1.3950,-0.3063,1.3610,0.000,1,SEARCH,0.0000,0.0000,0.0000,-0.0000
118890,dynamic,-2.6539,0.0701,3.2040,31.45,2.000,0.3906,-1.3392,1.3950,-0.3063,1.3610,0.000,1,SEARCH,0.0000,0.0000,0.0000,-0.0000
118989,dynamic,-2.6541,0.0702,3.2040,31.45,2.000,0.3906,-1.3392,1.3950,-0.3063,1.3610,0.000,1,SEARCH,0.0000,0.0000,0.0000,-0.0000
119093,dynamic,-2.6546,0.0702,3.2040,31.45,2.000,0.3906,-1.3392,1.3950,-0.3063,1.3610,0.000,1,SEARCH,0.0000,0.0000,0.0000,-0.0000
119189,dynamic,-2.6549,0.0702,3.2040,31.45,2.000,0.3899,-1.3366,1.3923,-0.3058,1.3583,0.000,1,SEARCH,0.0000,0.0000,0.0000,-0.0000
119290,dynamic,-2.6551,0.0701,3.2040,31.45,2.000,0.3899,-1.3366,1.3923,-0.3058,1.3583,0.000,1,SEARCH,0.0000,0.0000,0.0000,-0.0000
119389,dynamic,-2.6547,0.0701,3.2040,31.45,2.000,0.3899,-1.3366,1.3923,-0.3058,1.3583,0.000,1,SEARCH,0.0000,0.0000,0.0000,-0.0000
119489,dynamic,-2.6538,0.0703,3.2040,31.45,2.000,0.3899,-1.3366,1.3923,-0.3058,1.3583,0.000,1,SEARCH,0.0000,0.0000,0.0000,-0.0000
119594,dynamic,-2.6533,0.0701,3.2040,31.45,2.000,0.3899,-1.3366,1.3923,-0.3058,1.3583,0.000,1,SEARCH,0.0000,0.0000,0.0000,-0.0000
119690,dynamic,-2.6532,0.0696,3.2040,31.45,2.000,0.3899,-1.3366,1.3923,-0.3058,1.3583,0.000,1,SEARCH,0.0000,0.0000,0.0000,-0.0000
119790,dynamic,-2.6530,0.0697,3.2040,31.45,2.000,0.3888,-1.3332,1.3887,-0.3049,1.3548,0.000,1,SEARCH,0.0000,0.0000,0.0000,-0.0000
119889,dynamic,-2.6529,0.0698,3.2040,31.45,2.000,0.3888,-1.3332,1.3887,-0.3049,1.3548,0.000,1,SEARCH,0.0000,0.0000,0.0000,-0.0000
119989,dynamic,-2.6526,0.0698,3.2040,31.45,2.000,0.3888,-1.3332,1.3887,-0.3049,1.3548,0.000,1,SEARCH,0.0000,0.0000,0.0000,-0.0000
120090,dynamic,-2.6524,0.0698,3.2040,31.45,2.000,0.3888,-1.3332,1.3887,-0.3049,1.3548,0.000,1,SEARCH,0.0000,0.0000,0.0000,-0.0000
120200,dynamic,-2.6525,0.0698,3.2040,31.45,2.000,0.3888,-1.3332,1.3887,-0.3049,1.3548,0.000,1,SEARCH,0.0000,0.0000,0.0000,-0.0000
120290,dynamic,-2.6527,0.0697,3.2040,31.45,2.000,0.3882,-1.3307,1.3862,-0.3044,1.3524,0.000,1,SEARCH,0.0000,0.0000,0.0000,-0.0000
120389,dynamic,-2.6526,0.0695,3.2040,31.45,2.000,0.3882,-1.3307,1.3862,-0.3044,1.3524,0.000,1,SEARCH,0.0000,0.0000,0.0000,-0.0000
120489,dynamic,-2.6523,0.0692,3.2040,31.45,2.000,0.3882,-1.3307,1.3862,-0.3044,1.3524,0.000,1,SEARCH,0.0000,0.0000,0.0000,-0.0000
120589,dynamic,-2.6531,0.0694,3.2040,31.45,2.000,0.3882,-1.3307,1.3862,-0.3044,1.3524,0.000,1,SEARCH,0.0000,0.0000,0.0000,-0.0000
120690,dynamic,-2.6542,0.0699,3.2040,31.45,2.000,0.3882,-1.3307,1.3862,-0.3044,1.3524,0.000,1,SEARCH,0.0000,0.0000,0.0000,-0.0000
120793,dynamic,-2.6546,0.0701,3.2040,31.45,2.000,0.3882,-1.3307,1.3862,-0.3044,1.3524,0.000,1,SEARCH,0.0000,0.0000,0.0000,-0.0000
120890,dynamic,-2.6544,0.0703,3.2040,31.45,2.000,0.3867,-1.3257,1.3809,-0.3033,1.3472,0.000,1,SEARCH,0.0000,0.0000,0.0000,-0.0000
120989,dynamic,-2.6543,0.0703,3.2040,31.45,2.000,0.3867,-1.3257,1.3809,-0.3033,1.3472,0.000,1,SEARCH,0.0000,0.0000,0.0000,-0.0000
121089,dynamic,-2.6543,0.0703,3.2040,31.45,2.000,0.3867,-1.3257,1.3809,-0.3033,1.3472,0.000,1,SEARCH,0.0000,0.0000,0.0000,-0.0000
121189,dynamic,-2.6546,0.0703,3.2040,31.45,2.000,0.3867,-1.3257,1.3809,-0.3033,1.3472,0.000,1,SEARCH,0.0000,0.0000,0.0000,-0.0000
121294,dynamic,-2.6551,0.0704,3.2040,31.45,2.000,0.3867,-1.3257,1.3809,-0.3033,1.3472,0.000,1,SEARCH,0.0000,0.0000,0.0000,-0.0000
121389,dynamic,-2.6558,0.0703,3.2040,31.45,2.000,0.3853,-1.3206,1.3756,-0.3022,1.3420,0.000,1,SEARCH,0.0000,0.0000,0.0000,-0.0000
121489,dynamic,-2.6562,0.0700,3.2040,31.45,2.000,0.3853,-1.3206,1.3756,-0.3021,1.3421,0.000,1,SEARCH,0.0000,0.0000,0.0000,-0.0000
121589,dynamic,-2.6563,0.0700,3.2040,31.45,2.000,0.3853,-1.3206,1.3756,-0.3021,1.3421,0.000,1,SEARCH,0.0000,0.0000,0.0000,-0.0000
121690,dynamic,-2.6563,0.0702,3.2040,31.45,2.000,0.3853,-1.3206,1.3756,-0.3021,1.3421,0.000,1,SEARCH,0.0000,0.0000,0.0000,-0.0000
121798,dynamic,-2.6568,0.0700,3.2040,31.45,2.000,0.3853,-1.3206,1.3756,-0.3021,1.3421,0.000,1,SEARCH,0.0000,0.0000,0.0000,-0.0000
121889,dynamic,-2.6577,0.0696,3.2040,31.10,2.000,0.3845,-1.3174,1.3723,-0.3016,1.3388,0.000,1,SEARCH,0.0000,0.0000,0.0000,-0.0000
121989,dynamic,-2.6578,0.0695,3.2040,31.10,2.000,0.3845,-1.3174,1.3723,-0.3016,1.3388,0.000,1,SEARCH,0.0000,0.0000,0.0000,-0.0000
122089,dynamic,-2.6575,0.0695,3.2040,31.10,2.000,0.3845,-1.3174,1.3723,-0.3016,1.3388,0.000,1,SEARCH,0.0000,0.0000,0.0000,-0.0000
122189,dynamic,-2.6571,0.0695,3.2040,31.10,2.000,0.3845,-1.3174,1.3723,-0.3016,1.3388,0.000,1,SEARCH,0.0000,0.0000,0.0000,-0.0000
122289,dynamic,-2.6566,0.0694,3.2040,31.10,2.000,0.3845,-1.3174,1.3723,-0.3016,1.3388,0.000,1,SEARCH,0.0000,0.0000,0.0000,-0.0000
122403,dynamic,-2.6567,0.0694,3.2040,31.10,2.000,0.3845,-1.3174,1.3723,-0.3016,1.3388,0.000,1,SEARCH,0.0000,0.0000,0.0000,-0.0000
122489,dynamic,-2.6572,0.0694,3.2041,31.10,2.000,0.3851,-1.3193,1.3743,-0.3020,1.3407,0.000,1,SEARCH,0.0000,0.0000,0.0000,-0.0000
122590,dynamic,-2.6579,0.0693,3.2041,31.10,2.000,0.3851,-1.3193,1.3743,-0.3020,1.3407,0.000,1,SEARCH,0.0000,0.0000,0.0000,-0.0000
122689,dynamic,-2.6587,0.0693,3.2041,31.10,2.000,0.3851,-1.3193,1.3743,-0.3020,1.3407,0.000,1,SEARCH,0.0000,0.0000,0.0000,-0.0000
122789,dynamic,-2.6590,0.0693,3.2041,31.10,2.000,0.3851,-1.3193,1.3743,-0.3019,1.3407,0.000,1,SEARCH,0.0000,0.0000,0.0000,-0.0000
122889,dynamic,-2.6592,0.0693,3.2042,31.10,2.000,0.3851,-1.3193,1.3743,-0.3019,1.3408,0.000,1,SEARCH,0.0000,0.0000,0.0000,-0.0000
122991,dynamic,-2.6599,0.0695,3.2042,31.10,2.000,0.3851,-1.3193,1.3743,-0.3019,1.3408,0.000,1,SEARCH,0.0000,0.0000,0.0000,-0.0000
123089,dynamic,-2.6609,0.0699,3.2042,31.45,2.000,0.3854,-1.3203,1.3754,-0.3020,1.3418,0.000,1,SEARCH,0.0000,0.0000,0.0000,-0.0000
123189,dynamic,-2.6617,0.0701,3.2042,31.45,2.000,0.3854,-1.3203,1.3754,-0.3020,1.3418,0.000,1,SEARCH,0.0000,0.0000,0.0000,-0.0000
123289,dynamic,-2.6625,0.0703,3.2042,31.45,2.000,0.3854,-1.3203,1.3754,-0.3021,1.3418,0.000,1,SEARCH,0.0000,0.0000,0.0000,-0.0000
123389,dynamic,-2.6630,0.0702,3.2042,31.45,2.000,0.3854,-1.3203,1.3754,-0.3020,1.3418,0.000,1,SEARCH,0.0000,0.0000,0.0000,-0.0000
123496,dynamic,-2.6636,0.0700,3.2042,31.45,2.000,0.3854,-1.3203,1.3754,-0.3020,1.3418,0.000,1,SEARCH,0.0000,0.0000,0.0000,-0.0000
123589,dynamic,-2.6637,0.0695,3.2042,31.10,2.000,0.3857,-1.3202,1.3754,-0.3023,1.3417,0.000,1,SEARCH,0.0000,0.0000,0.0000,-0.0000
123690,dynamic,-2.6638,0.0690,3.2042,31.10,2.000,0.3857,-1.3202,1.3754,-0.3023,1.3417,0.000,1,SEARCH,0.0000,0.0000,0.0000,-0.0000
123789,dynamic,-2.6636,0.0689,3.2042,31.10,2.000,0.3857,-1.3202,1.3754,-0.3024,1.3417,0.000,1,SEARCH,0.0000,0.0000,0.0000,-0.0000
123890,dynamic,-2.6634,0.0692,3.2041,31.10,2.000,0.3857,-1.3202,1.3754,-0.3024,1.3417,0.000,1,SEARCH,0.0000,0.0000,0.0000,-0.0000
123989,dynamic,-2.6630,0.0692,3.2042,31.10,2.000,0.3857,-1.3202,1.3754,-0.3024,1.3417,0.000,1,SEARCH,0.0000,0.0000,0.0000,-0.0000
124090,dynamic,-2.6627,0.0691,3.2042,31.10,2.000,0.3857,-1.3202,1.3754,-0.3023,1.3417,0.000,1,SEARCH,0.0000,0.0000,0.0000,-0.0000
124189,dynamic,-2.6620,0.0687,3.2042,31.10,2.000,0.3858,-1.3204,1.3757,-0.3025,1.3420,0.000,1,SEARCH,0.0000,0.0000,0.0000,-0.0000
124289,dynamic,-2.6612,0.0682,3.2042,31.10,2.000,0.3858,-1.3204,1.3757,-0.3024,1.3420,0.000,1,SEARCH,0.0000,0.0000,0.0000,-0.0000
124389,dynamic,-2.6605,0.0680,3.2041,31.10,2.000,0.3858,-1.3204,1.3757,-0.3025,1.3420,0.000,1,SEARCH,0.0000,0.0000,0.0000,-0.0000
124489,dynamic,-2.6599,0.0682,3.2041,31.10,2.000,0.3858,-1.3204,1.3757,-0.3025,1.3420,0.000,1,SEARCH,0.0000,0.0000,0.0000,-0.0000
124590,dynamic,-2.6595,0.0681,3.2041,31.10,2.000,0.3858,-1.3204,1.3757,-0.3025,1.3420,0.000,1,SEARCH,0.0000,0.0000,0.0000,-0.0000
124689,dynamic,-2.6589,0.0678,3.2042,31.10,2.000,0.3869,-1.3238,1.3791,-0.3034,1.3454,0.000,1,SEARCH,0.0000,0.0000,0.0000,-0.0000
124789,dynamic,-2.6580,0.0677,3.2042,31.10,2.000,0.3869,-1.3238,1.3791,-0.3034,1.3454,0.000,1,SEARCH,0.0000,0.0000,0.0000,-0.0000
124890,dynamic,-2.6572,0.0676,3.2042,31.10,2.000,0.3869,-1.3238,1.3791,-0.3033,1.3454,0.000,1,SEARCH,0.0000,0.0000,0.0000,-0.0000
124989,dynamic,-2.6565,0.0677,3.2042,31.10,2.000,0.3869,-1.3238,1.3791,-0.3033,1.3454,0.000,1,SEARCH,0.0000,0.0000,0.0000,-0.0000
125089,dynamic,-2.6560,0.0679,3.2042,31.10,2.000,0.3869,-1.3238,1.3791,-0.3033,1.3454,0.000,1,SEARCH,0.0000,0.0000,0.0000,-0.0000
125191,dynamic,-2.6558,0.0679,3.2042,31.10,2.000,0.3869,-1.3238,1.3791,-0.3033,1.3454,0.000,1,SEARCH,0.0000,0.0000,0.0000,-0.0000
125289,dynamic,-2.6559,0.0678,3.2042,31.11,2.000,0.3876,-1.3260,1.3814,-0.3039,1.3476,0.000,1,SEARCH,0.0000,0.0000,0.0000,-0.0000
125390,dynamic,-2.6556,0.0678,3.2042,31.11,2.000,0.3876,-1.3260,1.3814,-0.3039,1.3476,0.000,1,SEARCH,0.0000,0.0000,0.0000,-0.0000
125489,dynamic,-2.6552,0.0677,3.2042,31.11,2.000,0.3876,-1.3260,1.3814,-0.3039,1.3476,0.000,1,SEARCH,0.0000,0.0000,0.0000,-0.0000
125589,dynamic,-2.6546,0.0674,3.2042,31.11,2.000,0.3876,-1.3260,1.3814,-0.3039,1.3476,0.000,1,SEARCH,0.0000,0.0000,0.0000,-0.0000
125696,dynamic,-2.6540,0.0670,3.2042,31.11,2.000,0.3876,-1.3260,1.3814,-0.3039,1.3476,0.000,1,SEARCH,0.0000,0.0000,0.0000,-0.0000
125789,dynamic,-2.6534,0.0667,3.2042,31.11,2.000,0.3880,-1.3273,1.3829,-0.3042,1.3490,0.000,1,SEARCH,0.0000,0.0000,0.0000,-0.0000
125889,dynamic,-2.6529,0.0665,3.2042,31.11,2.000,0.3880,-1.3273,1.3829,-0.3041,1.3490,0.000,1,SEARCH,0.0000,0.0000,0.0000,-0.0000
125989,dynamic,-2.6524,0.0664,3.2042,31.11,2.000,0.3880,-1.3273,1.3829,-0.3042,1.3490,0.000,1,SEARCH,0.0000,0.0000,0.0000,-0.0000
126089,dynamic,-2.6520,0.0664,3.2042,31.11,2.000,0.3880,-1.3273,1.3829,-0.3042,1.3490,0.000,1,SEARCH,0.0000,0.0000,0.0000,-0.0000
126194,dynamic,-2.6517,0.0665,3.2042,31.11,2.000,0.3880,-1.3273,1.3829,-0.3042,1.3490,0.000,1,SEARCH,0.0000,0.0000,0.0000,-0.0000
126289,dynamic,-2.6515,0.0668,3.2042,31.11,2.000,0.3880,-1.3271,1.3826,-0.3042,1.3487,0.000,1,SEARCH,0.0000,0.0000,0.0000,-0.0000
126389,dynamic,-2.6513,0.0670,3.2042,31.11,2.000,0.3880,-1.3271,1.3826,-0.3042,1.3487,0.000,1,SEARCH,0.0000,0.0000,0.0000,-0.0000
126490,dynamic,-2.6512,0.0670,3.2042,31.11,2.000,0.3880,-1.3271,1.3826,-0.3042,1.3487,0.000,1,SEARCH,0.0000,0.0000,0.0000,-0.0000
126589,dynamic,-2.6508,0.0671,3.2042,31.11,2.000,0.3880,-1.3271,1.3826,-0.3042,1.3487,0.000,1,SEARCH,0.0000,0.0000,0.0000,-0.0000
126689,dynamic,-2.6503,0.0672,3.2042,31.11,2.000,0.3880,-1.3271,1.3826,-0.3042,1.3487,0.000,1,SEARCH,0.0000,0.0000,0.0000,-0.0000
126794,dynamic,-2.6500,0.0672,3.2042,31.11,2.000,0.3880,-1.3271,1.3826,-0.3042,1.3487,0.000,1,SEARCH,0.0000,0.0000,0.0000,-0.0000
126889,dynamic,-2.6498,0.0673,3.2042,31.11,2.000,0.3885,-1.3291,1.3848,-0.3046,1.3508,0.000,1,SEARCH,0.0000,0.0000,0.0000,-0.0000
126989,dynamic,-2.6493,0.0675,3.2042,31.11,2.000,0.3885,-1.3291,1.3848,-0.3046,1.3508,0.000,1,SEARCH,0.0000,0.0000,0.0000,-0.0000
127090,dynamic,-2.6487,0.0677,3.2042,31.11,2.000,0.3885,-1.3291,1.3848,-0.3046,1.3508,0.000,1,SEARCH,0.0000,0.0000,0.0000,-0.0000
127189,dynamic,-2.6485,0.0678,3.2042,31.11,2.000,0.3885,-1.3291,1.3848,-0.3046,1.3508,0.000,1,SEARCH,0.0000,0.0000,0.0000,-0.0000
127299,dynamic,-2.6486,0.0678,3.2042,31.11,2.000,0.3885,-1.3291,1.3848,-0.3046,1.3508,0.000,1,SEARCH,0.0000,0.0000,0.0000,-0.0000
127389,dynamic,-2.6484,0.0678,3.2042,31.11,2.000,0.3885,-1.3291,1.3848,-0.3046,1.3508,0.000,1,SEARCH,0.0000,0.0000,0.0000,-0.0000
127490,dynamic,-2.6480,0.0678,3.2042,31.46,2.000,0.3882,-1.3288,1.3844,-0.3043,1.3505,0.000,1,SEARCH,0.0000,0.0000,0.0000,-0.0000
127589,dynamic,-2.6478,0.0679,3.2042,31.46,2.000,0.3882,-1.3288,1.3844,-0.3042,1.3505,0.000,1,SEARCH,0.0000,0.0000,0.0000,-0.0000
127689,dynamic,-2.6476,0.0681,3.2042,31.46,2.000,0.3882,-1.3288,1.3844,-0.3042,1.3505,0.000,1,SEARCH,0.0000,0.0000,0.0000,-0.0000
127789,dynamic,-2.6475,0.0680,3.2042,31.46,2.000,0.3882,-1.3288,1.3844,-0.3042,1.3505,0.000,1,SEARCH,0.0000,0.0000,0.0000,-0.0000
127894,dynamic,-2.6475,0.0678,3.2043,31.46,2.000,0.3882,-1.3288,1.3844,-0.3042,1.3505,0.000,1,SEARCH,0.0000,0.0000,0.0000,-0.0000
127989,dynamic,-2.6464,0.0677,3.2043,31.11,2.000,0.3891,-1.3310,1.3867,-0.3049,1.3527,0.000,1,SEARCH,0.0000,0.0000,0.0000,-0.0000
128090,dynamic,-2.6448,0.0675,3.2043,31.11,2.000,0.3891,-1.3310,1.3867,-0.3049,1.3527,0.000,1,SEARCH,0.0000,0.0000,0.0000,-0.0000
128189,dynamic,-2.6442,0.0673,3.2042,31.11,2.000,0.3891,-1.3310,1.3867,-0.3050,1.3527,0.000,1,SEARCH,0.0000,0.0000,0.0000,-0.0000
128290,dynamic,-2.6441,0.0672,3.2043,31.11,2.000,0.3891,-1.3310,1.3867,-0.3050,1.3527,0.000,1,SEARCH,0.0000,0.0000,0.0000,-0.0000
128389,dynamic,-2.6442,0.0670,3.2042,31.11,2.000,0.3891,-1.3310,1.3867,-0.3050,1.3527,0.000,1,SEARCH,0.0000,0.0000,0.0000,-0.0000
128491,dynamic,-2.6445,0.0666,3.2042,31.11,2.000,0.3891,-1.3310,1.3867,-0.3050,1.3527,0.000,1,SEARCH,0.0000,0.0000,0.0000,-0.0000
128589,dynamic,-2.6444,0.0664,3.2042,31.11,2.000,0.3900,-1.3340,1.3899,-0.3058,1.3558,0.000,1,SEARCH,0.0000,0.0000,0.0000,-0.0000
128689,dynamic,-2.6443,0.0661,3.2042,31.11,2.000,0.3900,-1.3340,1.3899,-0.3058,1.3558,0.000,1,SEARCH,0.0000,0.0000,0.0000,-0.0000
128789,dynamic,-2.6445,0.0657,3.2042,31.11,2.000,0.3900,-1.3340,1.3899,-0.3058,1.3558,0.000,1,SEARCH,0.0000,0.0000,0.0000,-0.0000
128889,dynamic,-2.6448,0.0653,3.2042,31.11,2.000,0.3900,-1.3340,1.3899,-0.3058,1.3558,0.000,1,SEARCH,0.0000,0.0000,0.0000,-0.0000
128996,dynamic,-2.6451,0.0649,3.2042,31.11,2.000,0.3900,-1.3340,1.3899,-0.3058,1.3558,0.000,1,SEARCH,0.0000,0.0000,0.0000,-0.0000
129089,dynamic,-2.6455,0.0644,3.2042,31.11,2.000,0.3915,-1.3394,1.3955,-0.3070,1.3613,0.000,1,SEARCH,0.0000,0.0000,0.0000,-0.0000
129189,dynamic,-2.6452,0.0643,3.2041,31.11,2.000,0.3915,-1.3394,1.3955,-0.3070,1.3613,0.000,1,SEARCH,0.0000,0.0000,0.0000,-0.0000
129289,dynamic,-2.6446,0.0643,3.2041,31.11,2.000,0.3915,-1.3394,1.3955,-0.3070,1.3613,0.000,1,SEARCH,0.0000,0.0000,0.0000,-0.0000
129390,dynamic,-2.6439,0.0640,3.2042,31.11,2.000,0.3915,-1.3394,1.3955,-0.3070,1.3613,0.000,1,SEARCH,0.0000,0.0000,0.0000,-0.0000
129489,dynamic,-2.6429,0.0637,3.2041,31.11,2.000,0.3915,-1.3394,1.3955,-0.3070,1.3613,0.000,1,SEARCH,0.0000,0.0000,0.0000,-0.0000
129592,dynamic,-2.6427,0.0634,3.2042,31.11,2.000,0.3915,-1.3394,1.3955,-0.3070,1.3613,0.000,1,SEARCH,0.0000,0.0000,0.0000,-0.0000
129689,dynamic,-2.6428,0.0631,3.2042,31.15,2.000,0.3929,-1.3483,1.4043,-0.3078,1.3702,0.000,1,SEARCH,0.0000,0.0000,0.0000,-0.0000
129790,dynamic,-2.6428,0.0630,3.2042,31.15,2.000,0.3929,-1.3483,1.4043,-0.3078,1.3702,0.000,1,SEARCH,0.0000,0.0000,0.0000,-0.0000
129889,dynamic,-2.6427,0.0631,3.2042,31.15,2.000,0.3929,-1.3483,1.4043,-0.3078,1.3702,0.000,1,SEARCH,0.0000,0.0000,0.0000,-0.0000
129989,dynamic,-2.6426,0.0628,3.2042,31.15,2.000,0.3929,-1.3483,1.4043,-0.3078,1.3702,0.000,1,SEARCH,0.0000,0.0000,0.0000,-0.0000
130089,dynamic,-2.6425,0.0625,3.2042,31.15,2.000,0.3929,-1.3483,1.4043,-0.3078,1.3702,0.000,1,SEARCH,0.0000,0.0000,0.0000,-0.0000
130194,dynamic,-2.6429,0.0622,3.2042,31.15,2.000,0.3929,-1.3483,1.4043,-0.3078,1.3702,0.000,1,SEARCH,0.0000,0.0000,0.0000,-0.0000
130290,dynamic,-2.6445,0.0618,3.2042,31.12,2.000,0.3935,-1.3541,1.4101,-0.3080,1.3761,0.000,1,SEARCH,0.0000,0.0000,0.0000,-0.0000
130389,dynamic,-2.6452,0.0617,3.2042,31.12,2.000,0.3935,-1.3541,1.4101,-0.3079,1.3761,0.000,1,SEARCH,0.0000,0.0000,0.0000,-0.0000
130489,dynamic,-2.6453,0.0618,3.2042,31.12,2.000,0.3935,-1.3541,1.4101,-0.3079,1.3761,0.000,1,SEARCH,0.0000,0.0000,0.0000,-0.0000
130589,dynamic,-2.6463,0.0620,3.2042,31.12,2.000,0.3935,-1.3541,1.4101,-0.3079,1.3761,0.000,1,SEARCH,0.0000,0.0000,0.0000,-0.0000
130689,dynamic,-2.6476,0.0622,3.2042,31.12,2.000,0.3935,-1.3541,1.4101,-0.3079,1.3761,0.000,1,SEARCH,0.0000,0.0000,0.0000,-0.0000
130796,dynamic,-2.6480,0.0626,3.2043,31.12,2.000,0.3935,-1.3541,1.4101,-0.3079,1.3761,0.000,1,SEARCH,0.0000,0.0000,0.0000,-0.0000
130889,dynamic,-2.6481,0.0633,3.2043,31.12,2.000,0.3956,-1.3611,1.4174,-0.3095,1.3832,0.000,1,SEARCH,0.0000,0.0000,0.0000,-0.0000
130990,dynamic,-2.6481,0.0633,3.2043,31.12,2.000,0.3956,-1.3611,1.4174,-0.3095,1.3832,0.000,1,SEARCH,0.0000,0.0000,0.0000,-0.0000
131089,dynamic,-2.6481,0.0631,3.2043,31.12,2.000,0.3956,-1.3611,1.4174,-0.3095,1.3832,0.000,1,SEARCH,0.0000,0.0000,0.0000,-0.0000
131189,dynamic,-2.6479,0.0628,3.2043,31.12,2.000,0.3956,-1.3611,1.4174,-0.3094,1.3832,0.000,1,SEARCH,0.0000,0.0000,0.0000,-0.0000
131291,dynamic,-2.6477,0.0625,3.2043,31.12,2.000,0.3956,-1.3611,1.4174,-0.3094,1.3832,0.000,1,SEARCH,0.0000,0.0000,0.0000,-0.0000
131389,dynamic,-2.6479,0.0623,3.2044,31.12,2.000,0.3974,-1.3676,1.4241,-0.3109,1.3898,0.000,1,SEARCH,0.0000,0.0000,0.0000,-0.0000
131489,dynamic,-2.6488,0.0622,3.2044,31.12,2.000,0.3974,-1.3676,1.4241,-0.3109,1.3898,0.000,1,SEARCH,0.0000,0.0000,0.0000,-0.0000
131589,dynamic,-2.6494,0.0623,3.2044,31.12,2.000,0.3974,-1.3676,1.4241,-0.3108,1.3898,0.000,1,SEARCH,0.0000,0.0000,0.0000,-0.0000
131689,dynamic,-2.6499,0.0627,3.2044,31.12,2.000,0.3974,-1.3676,1.4241,-0.3108,1.3898,0.000,1,SEARCH,0.0000,0.0000,0.0000,-0.0000
131797,dynamic,-2.6502,0.0630,3.2044,31.12,2.000,0.3974,-1.3676,1.4241,-0.3108,1.3898,0.000,1,SEARCH,0.0000,0.0000,0.0000,-0.0000
131890,dynamic,-2.6504,0.0634,3.2044,31.12,2.000,0.3974,-1.3676,1.4241,-0.3108,1.3898,0.000,1,SEARCH,0.0000,0.0000,0.0000,-0.0000
131989,dynamic,-2.6507,0.0637,3.2044,31.12,2.000,0.3981,-1.3693,1.4260,-0.3113,1.3916,0.000,1,SEARCH,0.0000,0.0000,0.0000,-0.0000
132089,dynamic,-2.6512,0.0639,3.2044,31.12,2.000,0.3981,-1.3693,1.4260,-0.3113,1.3916,0.000,1,SEARCH,0.0000,0.0000,0.0000,-0.0000
132190,dynamic,-2.6515,0.0640,3.2044,31.12,2.000,0.3981,-1.3693,1.4260,-0.3113,1.3916,0.000,1,SEARCH,0.0000,0.0000,0.0000,-0.0000
132290,dynamic,-2.6516,0.0641,3.2044,31.12,2.000,0.3981,-1.3693,1.4260,-0.3113,1.3916,0.000,1,SEARCH,0.0000,0.0000,0.0000,-0.0000
132397,dynamic,-2.6512,0.0644,3.2044,31.12,2.000,0.3981,-1.3693,1.4260,-0.3113,1.3916,0.000,1,SEARCH,0.0000,0.0000,0.0000,-0.0000
132490,dynamic,-2.6506,0.0648,3.2044,31.12,2.000,0.3979,-1.3689,1.4255,-0.3112,1.3911,0.000,1,SEARCH,0.0000,0.0000,0.0000,-0.0000
132589,dynamic,-2.6504,0.0653,3.2044,31.12,2.000,0.3979,-1.3689,1.4255,-0.3112,1.3911,0.000,1,SEARCH,0.0000,0.0000,0.0000,-0.0000
132689,dynamic,-2.6504,0.0656,3.2044,31.12,2.000,0.3979,-1.3689,1.4255,-0.3112,1.3911,0.000,1,SEARCH,0.0000,0.0000,0.0000,-0.0000
132790,dynamic,-2.6507,0.0658,3.2044,31.12,2.000,0.3979,-1.3689,1.4255,-0.3112,1.3911,0.000,1,SEARCH,0.0000,0.0000,0.0000,-0.0000
132889,dynamic,-2.6509,0.0658,3.2044,31.12,2.000,0.3979,-1.3689,1.4255,-0.3112,1.3911,0.000,1,SEARCH,0.0000,0.0000,0.0000,-0.0000
132995,dynamic,-2.6508,0.0661,3.2044,31.12,2.000,0.3979,-1.3689,1.4255,-0.3112,1.3911,0.000,1,SEARCH,0.0000,0.0000,0.0000,-0.0000
133089,dynamic,-2.6504,0.0665,3.2044,31.13,2.000,0.3972,-1.3663,1.4229,-0.3107,1.3886,0.000,1,SEARCH,0.0000,0.0000,0.0000,-0.0000
133191,dynamic,-2.6507,0.0668,3.2044,31.13,2.000,0.3972,-1.3663,1.4229,-0.3106,1.3886,0.000,1,SEARCH,0.0000,0.0000,0.0000,-0.0000
133289,dynamic,-2.6512,0.0669,3.2044,31.13,2.000,0.3972,-1.3663,1.4229,-0.3106,1.3886,0.000,1,SEARCH,0.0000,0.0000,0.0000,-0.0000
133389,dynamic,-2.6513,0.0668,3.2044,31.13,2.000,0.3972,-1.3663,1.4229,-0.3106,1.3886,0.000,1,SEARCH,0.0000,0.0000,0.0000,-0.0000
133489,dynamic,-2.6512,0.0666,3.2044,31.13,2.000,0.3972,-1.3663,1.4229,-0.3107,1.3886,0.000,1,SEARCH,0.0000,0.0000,0.0000,-0.0000
133590,dynamic,-2.6513,0.0664,3.2044,31.13,2.000,0.3972,-1.3663,1.4229,-0.3107,1.3886,0.000,1,SEARCH,0.0000,0.0000,0.0000,-0.0000
133690,dynamic,-2.6515,0.0663,3.2044,31.13,2.000,0.3964,-1.3635,1.4200,-0.3100,1.3857,0.000,1,SEARCH,0.0000,0.0000,0.0000,-0.0000
133790,dynamic,-2.6512,0.0662,3.2044,31.13,2.000,0.3964,-1.3635,1.4200,-0.3100,1.3857,0.000,1,SEARCH,0.0000,0.0000,0.0000,-0.0000
133890,dynamic,-2.6509,0.0660,3.2044,31.13,2.000,0.3964,-1.3635,1.4200,-0.3101,1.3857,0.000,1,SEARCH,0.0000,0.0000,0.0000,-0.0000
133990,dynamic,-2.6506,0.0662,3.2044,31.13,2.000,0.3964,-1.3635,1.4200,-0.3101,1.3857,0.000,1,SEARCH,0.0000,0.0000,0.0000,-0.0000
134091,dynamic,-2.6504,0.0665,3.2044,31.13,2.000,0.3964,-1.3635,1.4200,-0.3101,1.3857,0.000,1,SEARCH,0.0000,0.0000,0.0000,-0.0000
134189,dynamic,-2.6503,0.0666,3.2044,31.48,2.000,0.3927,-1.3594,1.4150,-0.3066,1.3813,0.000,1,SEARCH,0.0000,0.0000,0.0000,-0.0000
134289,dynamic,-2.6503,0.0668,3.2044,31.48,2.000,0.3927,-1.3594,1.4150,-0.3066,1.3813,0.000,1,SEARCH,0.0000,0.0000,0.0000,-0.0000
134389,dynamic,-2.6503,0.0667,3.2044,31.48,2.000,0.3927,-1.3594,1.4150,-0.3066,1.3813,0.000,1,SEARCH,0.0000,0.0000,0.0000,-0.0000
134489,dynamic,-2.6502,0.0666,3.2044,31.48,2.000,0.3927,-1.3594,1.4150,-0.3066,1.3813,0.000,1,SEARCH,0.0000,0.0000,0.0000,-0.0000
134597,dynamic,-2.6501,0.0665,3.2044,31.48,2.000,0.3927,-1.3594,1.4150,-0.3066,1.3813,0.000,1,SEARCH,0.0000,0.0000,0.0000,-0.0000
134689,dynamic,-2.6500,0.0662,3.2044,31.13,2.000,0.3927,-1.3507,1.4067,-0.3072,1.3727,0.000,1,SEARCH,0.0000,0.0000,0.0000,-0.0000
134790,dynamic,-2.6494,0.0658,3.2044,31.13,2.000,0.3927,-1.3507,1.4067,-0.3072,1.3727,0.000,1,SEARCH,0.0000,0.0000,0.0000,-0.0000
134889,dynamic,-2.6488,0.0655,3.2044,31.13,2.000,0.3927,-1.3507,1.4067,-0.3072,1.3727,0.000,1,SEARCH,0.0000,0.0000,0.0000,-0.0000
134989,dynamic,-2.6485,0.0654,3.2044,31.13,2.000,0.3927,-1.3507,1.4067,-0.3072,1.3727,0.000,1,SEARCH,0.0000,0.0000,0.0000,-0.0000
135089,dynamic,-2.6484,0.0654,3.2044,31.13,2.000,0.3927,-1.3507,1.4067,-0.3071,1.3727,0.000,1,SEARCH,0.0000,0.0000,0.0000,-0.0000
135191,dynamic,-2.6486,0.0652,3.2044,31.13,2.000,0.3927,-1.3507,1.4067,-0.3072,1.3727,0.000,1,SEARCH,0.0000,0.0000,0.0000,-0.0000
135290,dynamic,-2.6491,0.0651,3.2044,31.13,2.000,0.3905,-1.3426,1.3982,-0.3055,1.3644,0.000,1,SEARCH,0.0000,0.0000,0.0000,-0.0000
135390,dynamic,-2.6496,0.0647,3.2044,31.13,2.000,0.3905,-1.3426,1.3982,-0.3055,1.3644,0.000,1,SEARCH,0.0000,0.0000,0.0000,-0.0000
135490,dynamic,-2.6500,0.0643,3.2044,31.13,2.000,0.3905,-1.3426,1.3982,-0.3055,1.3644,0.000,1,SEARCH,0.0000,0.0000,0.0000,-0.0000
135591,dynamic,-2.6498,0.0643,3.2044,31.13,2.000,0.3905,-1.3426,1.3982,-0.3055,1.3644,0.000,1,SEARCH,0.0000,0.0000,0.0000,-0.0000
135691,dynamic,-2.6491,0.0644,3.2044,31.13,2.000,0.3905,-1.3426,1.3982,-0.3055,1.3644,0.000,1,SEARCH,0.0000,0.0000,0.0000,-0.0000
135790,dynamic,-2.6493,0.0644,3.2043,31.13,2.000,0.3886,-1.3363,1.3917,-0.3040,1.3580,0.000,1,SEARCH,0.0000,0.0000,0.0000,-0.0000
135891,dynamic,-2.6498,0.0644,3.2043,31.13,2.000,0.3886,-1.3363,1.3917,-0.3040,1.3580,0.000,1,SEARCH,0.0000,0.0000,0.0000,-0.0000
135990,dynamic,-2.6494,0.0644,3.2043,31.13,2.000,0.3886,-1.3363,1.3917,-0.3040,1.3580,0.000,1,SEARCH,0.0000,0.0000,0.0000,-0.0000
136091,dynamic,-2.6487,0.0644,3.2044,31.13,2.000,0.3886,-1.3363,1.3917,-0.3040,1.3580,0.000,1,SEARCH,0.0000,0.0000,0.0000,-0.0000
136192,dynamic,-2.6485,0.0644,3.2044,31.13,2.000,0.3886,-1.3363,1.3917,-0.3040,1.3580,0.000,1,SEARCH,0.0000,0.0000,0.0000,-0.0000
136290,dynamic,-2.6487,0.0644,3.2044,31.09,2.000,0.3872,-1.3280,1.3833,-0.3031,1.3496,0.000,1,SEARCH,0.0000,0.0000,0.0000,-0.0000
136390,dynamic,-2.6484,0.0644,3.2044,31.09,2.000,0.3872,-1.3280,1.3833,-0.3031,1.3496,0.000,1,SEARCH,0.0000,0.0000,0.0000,-0.0000
136490,dynamic,-2.6478,0.0644,3.2044,31.09,2.000,0.3872,-1.3280,1.3833,-0.3031,1.3496,0.000,1,SEARCH,0.0000,0.0000,0.0000,-0.0000
136592,dynamic,-2.6474,0.0646,3.2044,31.09,2.000,0.3872,-1.3280,1.3833,-0.3031,1.3496,0.000,1,SEARCH,0.0000,0.0000,0.0000,-0.0000
136690,dynamic,-2.6471,0.0648,3.2044,31.09,2.000,0.3872,-1.3280,1.3833,-0.3031,1.3496,0.000,1,SEARCH,0.0000,0.0000,0.0000,-0.0000
136791,dynamic,-2.6467,0.0650,3.2044,31.09,2.000,0.3872,-1.3280,1.3833,-0.3031,1.3496,0.000,1,SEARCH,0.0000,0.0000,0.0000,-0.0000
136892,dynamic,-2.6464,0.0650,3.2044,31.13,2.000,0.3847,-1.3230,1.3778,-0.3008,1.3446,0.000,1,SEARCH,0.0000,0.0000,0.0000,-0.0000
136991,dynamic,-2.6456,0.0653,3.2045,31.13,2.000,0.3847,-1.3230,1.3778,-0.3008,1.3446,0.000,1,SEARCH,0.0000,0.0000,0.0000,-0.0000
137091,dynamic,-2.6445,0.0656,3.2045,31.13,2.000,0.3847,-1.3230,1.3778,-0.3008,1.3446,0.000,1,SEARCH,0.0000,0.0000,0.0000,-0.0000
137192,dynamic,-2.6439,0.0657,3.2045,31.13,2.000,0.3847,-1.3230,1.3778,-0.3008,1.3446,0.000,1,SEARCH,0.0000,0.0000,0.0000,-0.0000
137192,dynamic,-2.6435,0.0657,3.2045,31.13,2.000,0.3847,-1.3230,1.3778,-0.3008,1.3446,0.000,1,SEARCH,0.0000,0.0000,0.0000,-0.0000
137392,dynamic,-2.6428,0.0657,3.2045,31.13,2.000,0.3847,-1.3230,1.3778,-0.3007,1.3446,0.000,1,SEARCH,0.0000,0.0000,0.0000,-0.0000
137492,dynamic,-2.6423,0.0658,3.2045,31.13,2.000,0.3826,-1.3154,1.3699,-0.2991,1.3369,0.000,1,SEARCH,0.0000,0.0000,0.0000,-0.0000
137590,dynamic,-2.6419,0.0659,3.2045,31.13,2.000,0.3826,-1.3154,1.3699,-0.2992,1.3369,0.000,1,SEARCH,0.0000,0.0000,0.0000,-0.0000
137693,dynamic,-2.6416,0.0658,3.2045,31.13,2.000,0.3826,-1.3154,1.3699,-0.2992,1.3368,0.000,1,SEARCH,0.0000,0.0000,0.0000,-0.0000
137792,dynamic,-2.6417,0.0660,3.2045,31.13,2.000,0.3826,-1.3154,1.3699,-0.2992,1.3369,0.000,1,SEARCH,0.0000,0.0000,0.0000,-0.0000
137902,dynamic,-2.6417,0.0663,3.2045,31.13,2.000,0.3826,-1.3154,1.3699,-0.2992,1.3369,0.000,1,SEARCH,0.0000,0.0000,0.0000,-0.0000
137993,dynamic,-2.6415,0.0664,3.2045,31.13,2.000,0.3808,-1.3091,1.3633,-0.2977,1.3304,0.000,1,SEARCH,0.0000,0.0000,0.0000,-0.0000
138091,dynamic,-2.6411,0.0666,3.2045,31.13,2.000,0.3808,-1.3091,1.3633,-0.2978,1.3304,0.000,1,SEARCH,0.0000,0.0000,0.0000,-0.0000
138192,dynamic,-2.6406,0.0666,3.2045,31.13,2.000,0.3808,-1.3091,1.3633,-0.2978,1.3304,0.000,1,SEARCH,0.0000,0.0000,0.0000,-0.0000
138293,dynamic,-2.6400,0.0665,3.2045,31.13,2.000,0.3808,-1.3091,1.3633,-0.2978,1.3304,0.000,1,SEARCH,0.0000,0.0000,0.0000,-0.0000
138390,dynamic,-2.6397,0.0664,3.2045,31.13,2.000,0.3808,-1.3091,1.3633,-0.2978,1.3304,0.000,1,SEARCH,0.0000,0.0000,0.0000,-0.0000
138492,dynamic,-2.6395,0.0663,3.2045,31.13,2.000,0.3808,-1.3091,1.3633,-0.2978,1.3304,0.000,1,SEARCH,0.0000,0.0000,0.0000,-0.0000
138592,dynamic,-2.6395,0.0664,3.2045,31.48,2.000,0.3763,-1.3097,1.3627,-0.2932,1.3307,0.000,1,SEARCH,0.0000,0.0000,0.0000,-0.0000
138692,dynamic,-2.6396,0.0666,3.2044,31.48,2.000,0.3763,-1.3097,1.3627,-0.2933,1.3307,0.000,1,SEARCH,0.0000,0.0000,0.0000,-0.0000
138790,dynamic,-2.6401,0.0669,3.2045,31.48,2.000,0.3763,-1.3097,1.3627,-0.2933,1.3307,0.000,1,SEARCH,0.0000,0.0000,0.0000,-0.0000
138890,dynamic,-2.6407,0.0672,3.2045,31.48,2.000,0.3763,-1.3097,1.3627,-0.2932,1.3307,0.000,1,SEARCH,0.0000,0.0000,0.0000,-0.0000
138992,dynamic,-2.6412,0.0675,3.2044,31.48,2.000,0.3763,-1.3097,1.3627,-0.2933,1.3307,0.000,1,SEARCH,0.0000,0.0000,0.0000,-0.0000
139093,dynamic,-2.6417,0.0679,3.2044,31.81,2.000,0.3771,-1.3004,1.3540,-0.2947,1.3215,0.000,1,SEARCH,0.0000,0.0000,0.0000,-0.0000
139193,dynamic,-2.6420,0.0681,3.2044,31.81,2.000,0.3771,-1.3004,1.3540,-0.2947,1.3215,0.000,1,SEARCH,0.0000,0.0000,0.0000,-0.0000
139289,dynamic,-2.6422,0.0684,3.2044,31.81,2.000,0.3771,-1.3004,1.3540,-0.2947,1.3215,0.000,1,SEARCH,0.0000,0.0000,0.0000,-0.0000
139393,dynamic,-2.6428,0.0685,3.2044,31.81,2.000,0.3771,-1.3004,1.3540,-0.2947,1.3215,0.000,1,SEARCH,0.0000,0.0000,0.0000,-0.0000
139492,dynamic,-2.6433,0.0685,3.2044,31.81,2.000,0.3771,-1.3004,1.3540,-0.2947,1.3215,0.000,1,SEARCH,0.0000,0.0000,0.0000,-0.0000
139597,dynamic,-2.6437,0.0685,3.2044,31.81,2.000,0.3771,-1.3004,1.3540,-0.2948,1.3215,0.000,1,SEARCH,0.0000,0.0000,0.0000,-0.0000
139690,dynamic,-2.6440,0.0686,3.2044,31.12,2.000,0.3758,-1.2927,1.3462,-0.2940,1.3137,0.000,1,SEARCH,0.0000,0.0000,0.0000,-0.0000
139793,dynamic,-2.6455,0.0687,3.2044,31.12,2.000,0.3758,-1.2927,1.3462,-0.2940,1.3137,0.000,1,SEARCH,0.0000,0.0000,0.0000,-0.0000
139892,dynamic,-2.6474,0.0690,3.2044,31.12,2.000,0.3758,-1.2927,1.3462,-0.2940,1.3137,0.000,1,SEARCH,0.0000,0.0000,0.0000,-0.0000
139991,dynamic,-2.6487,0.0691,3.2044,31.12,2.000,0.3758,-1.2927,1.3462,-0.2940,1.3137,0.000,1,SEARCH,0.0000,0.0000,0.0000,-0.0000
140093,dynamic,-2.6494,0.0690,3.2043,31.12,2.000,0.3758,-1.2927,1.3462,-0.2940,1.3137,0.000,1,SEARCH,0.0000,0.0000,0.0000,-0.0000
140191,dynamic,-2.6502,0.0689,3.2043,31.12,2.000,0.3758,-1.2927,1.3462,-0.2940,1.3137,0.000,1,SEARCH,0.0000,0.0000,0.0000,-0.0000
140293,dynamic,-2.6516,0.0689,3.2043,31.51,2.000,0.3717,-1.2908,1.3432,-0.2901,1.3115,0.000,1,SEARCH,0.0000,0.0000,0.0000,-0.0000
140394,dynamic,-2.6528,0.0688,3.2043,31.51,2.000,0.3717,-1.2908,1.3432,-0.2901,1.3115,0.000,1,SEARCH,0.0000,0.0000,0.0000,-0.0000
140492,dynamic,-2.6540,0.0685,3.2043,31.51,2.000,0.3717,-1.2908,1.3432,-0.2901,1.3115,0.000,1,SEARCH,0.0000,0.0000,0.0000,-0.0000
140592,dynamic,-2.6551,0.0682,3.2043,31.51,2.000,0.3717,-1.2908,1.3432,-0.2901,1.3115,0.000,1,SEARCH,0.0000,0.0000,0.0000,-0.0000
140691,dynamic,-2.6561,0.0679,3.2043,31.51,2.000,0.3717,-1.2908,1.3432,-0.2901,1.3115,0.000,1,SEARCH,0.0000,0.0000,0.0000,-0.0000
140794,dynamic,-2.6563,0.0680,3.2043,31.80,2.000,0.3723,-1.2847,1.3375,-0.2911,1.3055,0.000,1,SEARCH,0.0000,0.0000,0.0000,-0.0000
140892,dynamic,-2.6560,0.0681,3.2043,31.80,2.000,0.3723,-1.2847,1.3375,-0.2911,1.3055,0.000,1,SEARCH,0.0000,0.0000,0.0000,-0.0000
140990,dynamic,-2.6565,0.0678,3.2043,31.80,2.000,0.3723,-1.2847,1.3375,-0.2911,1.3055,0.000,1,SEARCH,0.0000,0.0000,0.0000,-0.0000
141091,dynamic,-2.6573,0.0673,3.2043,31.80,2.000,0.3723,-1.2847,1.3375,-0.2910,1.3055,0.000,1,SEARCH,0.0000,0.0000,0.0000,-0.0000
141191,dynamic,-2.6585,0.0674,3.2044,31.80,2.000,0.3723,-1.2847,1.3375,-0.2910,1.3055,0.000,1,SEARCH,0.0000,0.0000,0.0000,-0.0000
141301,dynamic,-2.6597,0.0677,3.2044,31.80,2.000,0.3723,-1.2847,1.3375,-0.2910,1.3055,0.000,1,SEARCH,0.0000,0.0000,0.0000,-0.0000
141397,dynamic,-2.6604,0.0679,3.2044,31.80,2.000,0.3723,-1.2847,1.3375,-0.2909,1.3055,0.000,1,SEARCH,0.0000,0.0000,0.0000,-0.0000
141491,dynamic,-2.6605,0.0679,3.2044,31.47,2.000,0.3699,-1.2807,1.3330,-0.2887,1.3014,0.000,1,SEARCH,0.0000,0.0000,0.0000,-0.0000
141593,dynamic,-2.6604,0.0677,3.2044,31.47,2.000,0.3699,-1.2807,1.3330,-0.2887,1.3014,0.000,1,SEARCH,0.0000,0.0000,0.0000,-0.0000
141692,dynamic,-2.6602,0.0673,3.2044,31.47,2.000,0.3699,-1.2807,1.3330,-0.2887,1.3014,0.000,1,SEARCH,0.0000,0.0000,0.0000,-0.0000
141791,dynamic,-2.6604,0.0673,3.2044,31.47,2.000,0.3699,-1.2807,1.3330,-0.2888,1.3014,0.000,1,SEARCH,0.0000,0.0000,0.0000,-0.0000
141899,dynamic,-2.6609,0.0674,3.2044,31.47,2.000,0.3699,-1.2807,1.3330,-0.2888,1.3014,0.000,1,SEARCH,0.0000,0.0000,0.0000,-0.0000
141994,dynamic,-2.6610,0.0674,3.2044,31.12,2.000,0.3706,-1.2750,1.3278,-0.2899,1.2958,0.000,1,SEARCH,0.0000,0.0000,0.0000,-0.0000
142092,dynamic,-2.6608,0.0673,3.2044,31.12,2.000,0.3706,-1.2750,1.3278,-0.2899,1.2958,0.000,1,SEARCH,0.0000,0.0000,0.0000,-0.0000
142194,dynamic,-2.6609,0.0673,3.2044,31.12,2.000,0.3706,-1.2750,1.3278,-0.2899,1.2958,0.000,1,SEARCH,0.0000,0.0000,0.0000,-0.0000
142293,dynamic,-2.6612,0.0673,3.2044,31.12,2.000,0.3706,-1.2750,1.3278,-0.2899,1.2958,0.000,1,SEARCH,0.0000,0.0000,0.0000,-0.0000
142395,dynamic,-2.6615,0.0672,3.2044,31.12,2.000,0.3706,-1.2750,1.3278,-0.2899,1.2958,0.000,1,SEARCH,0.0000,0.0000,0.0000,-0.0000
142494,dynamic,-2.6620,0.0671,3.2044,31.12,2.000,0.3706,-1.2750,1.3278,-0.2898,1.2958,0.000,1,SEARCH,0.0000,0.0000,0.0000,-0.0000
142592,dynamic,-2.6619,0.0671,3.2045,31.12,2.000,0.3719,-1.2797,1.3326,-0.2908,1.3005,0.000,1,SEARCH,0.0000,0.0000,0.0000,-0.0000
142690,dynamic,-2.6616,0.0671,3.2045,31.12,2.000,0.3719,-1.2797,1.3326,-0.2908,1.3005,0.000,1,SEARCH,0.0000,0.0000,0.0000,-0.0000
142790,dynamic,-2.6613,0.0673,3.2045,31.12,2.000,0.3719,-1.2797,1.3326,-0.2908,1.3005,0.000,1,SEARCH,0.0000,0.0000,0.0000,-0.0000
142891,dynamic,-2.6608,0.0675,3.2044,31.12,2.000,0.3719,-1.2797,1.3326,-0.2908,1.3005,0.000,1,SEARCH,0.0000,0.0000,0.0000,-0.0000
142999,dynamic,-2.6607,0.0676,3.2044,31.12,2.000,0.3719,-1.2797,1.3326,-0.2908,1.3005,0.000,1,SEARCH,0.0000,0.0000,0.0000,-0.0000
143091,dynamic,-2.6609,0.0675,3.2044,31.51,2.000,0.3723,-1.2852,1.3381,-0.2908,1.3061,0.000,1,SEARCH,0.0000,0.0000,0.0000,-0.0000
143192,dynamic,-2.6603,0.0674,3.2044,31.51,2.000,0.3723,-1.2852,1.3381,-0.2909,1.3061,0.000,1,SEARCH,0.0000,0.0000,0.0000,-0.0000
143290,dynamic,-2.6597,0.0672,3.2044,31.51,2.000,0.3723,-1.2852,1.3381,-0.2909,1.3060,0.000,1,SEARCH,0.0000,0.0000,0.0000,-0.0000
143392,dynamic,-2.6593,0.0671,3.2044,31.51,2.000,0.3723,-1.2852,1.3381,-0.2909,1.3060,0.000,1,SEARCH,0.0000,0.0000,0.0000,-0.0000
143494,dynamic,-2.6591,0.0669,3.2043,31.51,2.000,0.3723,-1.2852,1.3381,-0.2909,1.3060,0.000,1,SEARCH,0.0000,0.0000,0.0000,-0.0000
143595,dynamic,-2.6586,0.0669,3.2044,31.51,2.000,0.3723,-1.2852,1.3381,-0.2909,1.3060,0.000,1,SEARCH,0.0000,0.0000,0.0000,-0.0000
143691,dynamic,-2.6580,0.0671,3.2043,31.51,2.000,0.3726,-1.2872,1.3400,-0.2912,1.3080,0.000,1,SEARCH,0.0000,0.0000,0.0000,-0.0000
143791,dynamic,-2.6577,0.0671,3.2043,31.51,2.000,0.3726,-1.2872,1.3400,-0.2912,1.3080,0.000,1,SEARCH,0.0000,0.0000,0.0000,-0.0000
143891,dynamic,-2.6576,0.0670,3.2043,31.51,2.000,0.3726,-1.2872,1.3400,-0.2912,1.3080,0.000,1,SEARCH,0.0000,0.0000,0.0000,-0.0000
143995,dynamic,-2.6572,0.0670,3.2043,31.51,2.000,0.3726,-1.2872,1.3400,-0.2912,1.3080,0.000,1,SEARCH,0.0000,0.0000,0.0000,-0.0000
143995,dynamic,-2.6566,0.0670,3.2044,31.51,2.000,0.3726,-1.2872,1.3400,-0.2912,1.3080,0.000,1,SEARCH,0.0000,0.0000,0.0000,-0.0000
144192,dynamic,-2.6559,0.0670,3.2044,31.81,2.000,0.3736,-1.2901,1.3432,-0.2920,1.3110,0.000,1,SEARCH,0.0000,0.0000,0.0000,-0.0000
144293,dynamic,-2.6556,0.0668,3.2044,31.81,2.000,0.3736,-1.2901,1.3432,-0.2920,1.3110,0.000,1,SEARCH,0.0000,0.0000,0.0000,-0.0000
144393,dynamic,-2.6552,0.0667,3.2044,31.81,2.000,0.3736,-1.2901,1.3432,-0.2920,1.3110,0.000,1,SEARCH,0.0000,0.0000,0.0000,-0.0000
144492,dynamic,-2.6550,0.0667,3.2044,31.81,2.000,0.3736,-1.2901,1.3432,-0.2920,1.3110,0.000,1,SEARCH,0.0000,0.0000,0.0000,-0.0000
144591,dynamic,-2.6545,0.0665,3.2044,31.81,2.000,0.3736,-1.2901,1.3432,-0.2920,1.3110,0.000,1,SEARCH,0.0000,0.0000,0.0000,-0.0000
144700,dynamic,-2.6540,0.0663,3.2043,31.81,2.000,0.3736,-1.2901,1.3432,-0.2920,1.3110,0.000,1,SEARCH,0.0000,0.0000,0.0000,-0.0000
144791,dynamic,-2.6541,0.0663,3.2043,31.13,2.000,0.3755,-1.2926,1.3460,-0.2937,1.3136,0.000,1,SEARCH,0.0000,0.0000,0.0000,-0.0000
144894,dynamic,-2.6544,0.0665,3.2043,31.13,2.000,0.3755,-1.2926,1.3460,-0.2937,1.3136,0.000,1,SEARCH,0.0000,0.0000,0.0000,-0.0000
144992,dynamic,-2.6540,0.0665,3.2043,31.13,2.000,0.3755,-1.2926,1.3460,-0.2937,1.3136,0.000,1,SEARCH,0.0000,0.0000,0.0000,-0.0000
145092,dynamic,-2.6534,0.0666,3.2043,31.13,2.000,0.3755,-1.2926,1.3460,-0.2937,1.3136,0.000,1,SEARCH,0.0000,0.0000,0.0000,-0.0000
145197,dynamic,-2.6528,0.0665,3.2043,31.13,2.000,0.3755,-1.2926,1.3460,-0.2938,1.3136,0.000,1,SEARCH,0.0000,0.0000,0.0000,-0.0000
145293,dynamic,-2.6518,0.0663,3.2043,31.12,2.000,0.3759,-1.2945,1.3480,-0.2941,1.3155,0.000,1,SEARCH,0.0000,0.0000,0.0000,-0.0000
145391,dynamic,-2.6513,0.0662,3.2043,31.12,2.000,0.3759,-1.2945,1.3480,-0.2941,1.3155,0.000,1,SEARCH,0.0000,0.0000,0.0000,-0.0000
145493,dynamic,-2.6509,0.0663,3.2043,31.12,2.000,0.3759,-1.2945,1.3480,-0.2941,1.3155,0.000,1,SEARCH,0.0000,0.0000,0.0000,-0.0000
145594,dynamic,-2.6506,0.0663,3.2043,31.12,2.000,0.3759,-1.2945,1.3480,-0.2941,1.3155,0.000,1,SEARCH,0.0000,0.0000,0.0000,-0.0000
145699,dynamic,-2.6504,0.0664,3.2043,31.12,2.000,0.3759,-1.2945,1.3480,-0.2941,1.3155,0.000,1,SEARCH,0.0000,0.0000,0.0000,-0.0000
145794,dynamic,-2.6498,0.0664,3.2043,31.08,2.000,0.3771,-1.2948,1.3486,-0.2951,1.3159,0.000,1,SEARCH,0.0000,0.0000,0.0000,-0.0000
145892,dynamic,-2.6491,0.0665,3.2043,31.08,2.000,0.3771,-1.2948,1.3486,-0.2952,1.3159,0.000,1,SEARCH,0.0000,0.0000,0.0000,-0.0000
145991,dynamic,-2.6486,0.0666,3.2043,31.08,2.000,0.3771,-1.2948,1.3486,-0.2952,1.3159,0.000,1,SEARCH,0.0000,0.0000,0.0000,-0.0000
146090,dynamic,-2.6483,0.0669,3.2043,31.08,2.000,0.3771,-1.2948,1.3486,-0.2952,1.3159,0.000,1,SEARCH,0.0000,0.0000,0.0000,-0.0000
146195,dynamic,-2.6482,0.0672,3.2043,31.08,2.000,0.3771,-1.2948,1.3486,-0.2952,1.3159,0.000,1,SEARCH,0.0000,0.0000,0.0000,-0.0000
146296,dynamic,-2.6482,0.0675,3.2043,31.08,2.000,0.3771,-1.2948,1.3486,-0.2952,1.3159,0.000,1,SEARCH,0.0000,0.0000,0.0000,-0.0000
146394,dynamic,-2.6481,0.0676,3.2042,31.13,2.000,0.3760,-1.2950,1.3484,-0.2942,1.3160,0.000,1,SEARCH,0.0000,0.0000,0.0000,-0.0000
146493,dynamic,-2.6481,0.0676,3.2042,31.13,2.000,0.3760,-1.2950,1.3484,-0.2942,1.3160,0.000,1,SEARCH,0.0000,0.0000,0.0000,-0.0000
146592,dynamic,-2.6482,0.0677,3.2042,31.13,2.000,0.3760,-1.2950,1.3484,-0.2943,1.3159,0.000,1,SEARCH,0.0000,0.0000,0.0000,-0.0000
146694,dynamic,-2.6484,0.0679,3.2042,31.13,2.000,0.3760,-1.2950,1.3484,-0.2942,1.3159,0.000,1,SEARCH,0.0000,0.0000,0.0000,-0.0000
146797,dynamic,-2.6485,0.0683,3.2042,31.13,2.000,0.3760,-1.2950,1.3484,-0.2942,1.3160,0.000,1,SEARCH,0.0000,0.0000,0.0000,-0.0000
146890,dynamic,-2.6486,0.0689,3.2043,31.08,2.000,0.3763,-1.2921,1.3458,-0.2946,1.3131,0.000,1,SEARCH,0.0000,0.0000,0.0000,-0.0000
146993,dynamic,-2.6489,0.0692,3.2043,31.08,2.000,0.3763,-1.2921,1.3458,-0.2946,1.3131,0.000,1,SEARCH,0.0000,0.0000,0.0000,-0.0000
147092,dynamic,-2.6491,0.0693,3.2043,31.08,2.000,0.3763,-1.2921,1.3458,-0.2946,1.3131,0.000,1,SEARCH,0.0000,0.0000,0.0000,-0.0000
147192,dynamic,-2.6489,0.0694,3.2043,31.08,2.000,0.3763,-1.2921,1.3458,-0.2946,1.3131,0.000,1,SEARCH,0.0000,0.0000,0.0000,-0.0000
147293,dynamic,-2.6484,0.0694,3.2043,31.08,2.000,0.3763,-1.2921,1.3458,-0.2946,1.3131,0.000,1,SEARCH,0.0000,0.0000,0.0000,-0.0000
147401,dynamic,-2.6485,0.0696,3.2043,31.08,2.000,0.3763,-1.2921,1.3458,-0.2946,1.3131,0.000,1,SEARCH,0.0000,0.0000,0.0000,-0.0000
147495,dynamic,-2.6487,0.0700,3.2043,30.85,2.000,0.4739,-1.2125,1.3018,-0.3970,1.2398,0.000,1,SEARCH,0.0000,0.0000,0.0000,-0.0000
147593,dynamic,-2.6487,0.0702,3.2043,30.85,2.000,0.4739,-1.2125,1.3018,-0.3970,1.2398,0.000,1,SEARCH,0.0000,0.0000,0.0000,-0.0000
147691,dynamic,-2.6486,0.0704,3.2043,30.85,2.000,0.4739,-1.2125,1.3018,-0.3970,1.2398,0.000,1,SEARCH,0.0000,0.0000,0.0000,-0.0000
147793,dynamic,-2.6489,0.0707,3.2042,30.85,2.000,0.4739,-1.2125,1.3018,-0.3970,1.2398,0.000,1,SEARCH,0.0000,0.0000,0.0000,-0.0000
147897,dynamic,-2.6493,0.0710,3.2043,30.85,2.000,0.4739,-1.2125,1.3018,-0.3970,1.2398,0.000,1,SEARCH,0.0000,0.0000,0.0000,-0.0000
148001,dynamic,-2.6494,0.0711,3.2043,30.85,2.000,0.4739,-1.2125,1.3018,-0.3970,1.2398,0.000,1,SEARCH,0.0000,0.0000,0.0000,-0.0000
148093,dynamic,-2.6494,0.0710,3.2043,31.17,2.000,0.4735,-1.2111,1.3004,-0.3968,1.2384,0.000,1,SEARCH,0.0000,0.0000,0.0000,-0.0000
148193,dynamic,-2.6497,0.0710,3.2043,31.17,2.000,0.4735,-1.2111,1.3004,-0.3967,1.2384,0.000,1,SEARCH,0.0000,0.0000,0.0000,-0.0000
148295,dynamic,-2.6505,0.0709,3.2043,31.17,2.000,0.4735,-1.2111,1.3004,-0.3967,1.2384,0.000,1,SEARCH,0.0000,0.0000,0.0000,-0.0000
148392,dynamic,-2.6511,0.0710,3.2043,31.17,2.000,0.4735,-1.2111,1.3004,-0.3967,1.2384,0.000,1,SEARCH,0.0000,0.0000,0.0000,-0.0000
148498,dynamic,-2.6517,0.0712,3.2043,31.17,2.000,0.4735,-1.2111,1.3004,-0.3967,1.2384,0.000,1,SEARCH,0.0000,0.0000,0.0000,-0.0000
148596,dynamic,-2.6516,0.0712,3.2043,31.61,2.000,0.4743,-1.2081,1.2979,-0.3977,1.2355,0.000,1,SEARCH,0.0000,0.0000,0.0000,-0.0000
148693,dynamic,-2.6513,0.0712,3.2043,31.61,2.000,0.4743,-1.2081,1.2979,-0.3977,1.2355,0.000,1,SEARCH,0.0000,0.0000,0.0000,-0.0000
148793,dynamic,-2.6518,0.0708,3.2043,31.61,2.000,0.4743,-1.2081,1.2979,-0.3977,1.2355,0.000,1,SEARCH,0.0000,0.0000,0.0000,-0.0000
148891,dynamic,-2.6525,0.0704,3.2042,31.61,2.000,0.4743,-1.2081,1.2979,-0.3977,1.2354,0.000,1,SEARCH,0.0000,0.0000,0.0000,-0.0000
149004,dynamic,-2.6531,0.0701,3.2042,31.61,2.000,0.4743,-1.2081,1.2979,-0.3977,1.2354,0.000,1,SEARCH,0.0000,0.0000,0.0000,-0.0000
149096,dynamic,-2.6538,0.0698,3.2042,31.61,2.000,0.4743,-1.2081,1.2979,-0.3977,1.2354,0.000,1,SEARCH,0.0000,0.0000,0.0000,-0.0000
149195,dynamic,-2.6547,0.0697,3.2042,31.47,2.000,0.1943,-1.4362,1.4493,-0.1040,1.4455,0.000,1,SEARCH,0.0000,0.0000,0.0000,-0.0000
149295,dynamic,-2.6556,0.0697,3.2042,31.47,2.000,0.1943,-1.4362,1.4493,-0.1040,1.4455,0.000,1,SEARCH,0.0000,0.0000,0.0000,-0.0000
149394,dynamic,-2.6557,0.0694,3.2042,31.47,2.000,0.1943,-1.4362,1.4493,-0.1040,1.4455,0.000,1,SEARCH,0.0000,0.0000,0.0000,-0.0000
149493,dynamic,-2.6554,0.0689,3.2042,31.47,2.000,0.1943,-1.4362,1.4493,-0.1040,1.4455,0.000,1,SEARCH,0.0000,0.0000,0.0000,-0.0000
149598,dynamic,-2.6551,0.0687,3.2042,31.47,2.000,0.1943,-1.4362,1.4493,-0.1040,1.4455,0.000,1,SEARCH,0.0000,0.0000,0.0000,-0.0000
149695,dynamic,-2.6547,0.0687,3.2042,32.13,2.000,0.1921,-1.4391,1.4519,-0.1016,1.4483,0.000,1,SEARCH,0.0000,0.0000,0.0000,-0.0000
149793,dynamic,-2.6549,0.0685,3.2042,32.13,2.000,0.1921,-1.4391,1.4519,-0.1017,1.4483,0.000,1,SEARCH,0.0000,0.0000,0.0000,-0.0000
149895,dynamic,-2.6553,0.0683,3.2042,32.13,2.000,0.1921,-1.4391,1.4519,-0.1016,1.4483,0.000,1,SEARCH,0.0000,0.0000,0.0000,-0.0000
149994,dynamic,-2.6557,0.0683,3.2042,32.13,2.000,0.1921,-1.4391,1.4519,-0.1017,1.4483,0.000,1,SEARCH,0.0000,0.0000,0.0000,-0.0000
150094,dynamic,-2.6560,0.0684,3.2042,32.13,2.000,0.1921,-1.4391,1.4519,-0.1017,1.4483,0.000,1,SEARCH,0.0000,0.0000,0.0000,-0.0000
150194,dynamic,-2.6560,0.0682,3.2042,32.13,2.000,0.1921,-1.4391,1.4519,-0.1017,1.4483,0.000,1,SEARCH,0.0000,0.0000,0.0000,-0.0000
150298,dynamic,-2.6559,0.0678,3.2042,31.83,2.000,0.1914,-1.4450,1.4576,-0.1007,1.4541,0.000,1,SEARCH,0.0000,0.0000,0.0000,-0.0000
150394,dynamic,-2.6560,0.0676,3.2042,31.83,2.000,0.1914,-1.4450,1.4576,-0.1007,1.4541,0.000,1,SEARCH,0.0000,0.0000,0.0000,-0.0000
150494,dynamic,-2.6562,0.0675,3.2042,31.83,2.000,0.1914,-1.4450,1.4576,-0.1007,1.4541,0.000,1,SEARCH,0.0000,0.0000,0.0000,-0.0000
150591,dynamic,-2.6562,0.0673,3.2042,31.83,2.000,0.1914,-1.4450,1.4576,-0.1007,1.4541,0.000,1,SEARCH,0.0000,0.0000,0.0000,-0.0000
150698,dynamic,-2.6560,0.0671,3.2042,31.83,2.000,0.1914,-1.4450,1.4576,-0.1007,1.4541,0.000,1,SEARCH,0.0000,0.0000,0.0000,-0.0000
150799,dynamic,-2.6553,0.0672,3.2042,31.83,2.000,0.1914,-1.4456,1.4583,-0.1006,1.4548,0.000,1,SEARCH,0.0000,0.0000,0.0000,-0.0000
150898,dynamic,-2.6547,0.0673,3.2041,31.83,2.000,0.1914,-1.4456,1.4583,-0.1007,1.4548,0.000,1,SEARCH,0.0000,0.0000,0.0000,-0.0000
150994,dynamic,-2.6540,0.0673,3.2041,31.83,2.000,0.1914,-1.4456,1.4583,-0.1007,1.4548,0.000,1,SEARCH,0.0000,0.0000,0.0000,-0.0000
151092,dynamic,-2.6533,0.0674,3.2041,31.83,2.000,0.1914,-1.4456,1.4583,-0.1007,1.4548,0.000,1,SEARCH,0.0000,0.0000,0.0000,-0.0000
151194,dynamic,-2.6531,0.0674,3.2041,31.83,2.000,0.1914,-1.4456,1.4583,-0.1007,1.4548,0.000,1,SEARCH,0.0000,0.0000,0.0000,-0.0000
151291,dynamic,-2.6533,0.0675,3.2041,31.83,2.000,0.1914,-1.4456,1.4583,-0.1007,1.4548,0.000,1,SEARCH,0.0000,0.0000,0.0000,-0.0000
151391,dynamic,-2.6534,0.0677,3.2041,33.24,2.000,-0.4759,-1.9809,2.0373,0.5987,1.9473,0.000,1,SEARCH,0.0000,0.0000,0.0000,-0.0000
151493,dynamic,-2.6534,0.0680,3.2041,33.24,2.000,-0.4759,-1.9809,2.0373,0.5987,1.9473,0.000,1,SEARCH,0.0000,0.0000,0.0000,-0.0000
151597,dynamic,-2.6535,0.0681,3.2041,33.24,2.000,-0.4759,-1.9809,2.0373,0.5988,1.9473,0.000,1,SEARCH,0.0000,0.0000,0.0000,-0.0000
151696,dynamic,-2.6537,0.0682,3.2041,33.24,2.000,-0.4759,-1.9809,2.0373,0.5987,1.9473,0.000,1,SEARCH,0.0000,0.0000,0.0000,-0.0000
151798,dynamic,-2.6537,0.0681,3.2041,33.24,2.000,-0.4759,-1.9809,2.0373,0.5987,1.9473,0.000,1,SEARCH,0.0000,0.0000,0.0000,-0.0000
151893,dynamic,-2.6536,0.0680,3.2041,33.10,2.000,-0.5203,-2.0158,2.0818,0.6452,1.9793,0.000,1,SEARCH,0.0000,0.0000,0.0000,-0.0000
151991,dynamic,-2.6532,0.0679,3.2041,33.10,2.000,-0.5203,-2.0158,2.0818,0.6451,1.9794,0.000,1,SEARCH,0.0000,0.0000,0.0000,-0.0000
152092,dynamic,-2.6527,0.0680,3.2041,33.10,2.000,-0.5203,-2.0158,2.0818,0.6451,1.9794,0.000,1,SEARCH,0.0000,0.0000,0.0000,-0.0000
152194,dynamic,-2.6523,0.0682,3.2041,33.10,2.000,-0.5203,-2.0158,2.0818,0.6451,1.9794,0.000,1,SEARCH,0.0000,0.0000,0.0000,-0.0000
152291,dynamic,-2.6519,0.0686,3.2041,33.10,2.000,-0.5203,-2.0158,2.0818,0.6452,1.9794,0.000,1,SEARCH,0.0000,0.0000,0.0000,-0.0000
152395,dynamic,-2.6519,0.0690,3.2041,33.10,2.000,-0.5203,-2.0158,2.0818,0.6452,1.9793,0.000,1,SEARCH,0.0000,0.0000,0.0000,-0.0000
152493,dynamic,-2.6520,0.0695,3.2041,32.94,2.000,-0.5382,-2.0239,2.0943,0.6635,1.9864,0.000,1,SEARCH,0.0000,0.0000,0.0000,-0.0000
152591,dynamic,-2.6521,0.0698,3.2041,32.94,2.000,-0.5382,-2.0239,2.0943,0.6636,1.9864,0.000,1,SEARCH,0.0000,0.0000,0.0000,-0.0000
152695,dynamic,-2.6523,0.0699,3.2041,32.94,2.000,-0.5382,-2.0239,2.0943,0.6636,1.9864,0.000,1,SEARCH,0.0000,0.0000,0.0000,-0.0000
152791,dynamic,-2.6524,0.0699,3.2041,32.94,2.000,-0.5382,-2.0239,2.0943,0.6636,1.9864,0.000,1,SEARCH,0.0000,0.0000,0.0000,-0.0000
152894,dynamic,-2.6525,0.0699,3.2041,32.94,2.000,-0.5382,-2.0239,2.0943,0.6636,1.9863,0.000,1,SEARCH,0.0000,0.0000,0.0000,-0.0000
152994,dynamic,-2.6525,0.0697,3.2041,32.94,2.000,-0.5382,-2.0239,2.0943,0.6637,1.9863,0.000,1,SEARCH,0.0000,0.0000,0.0000,-0.0000
153091,dynamic,-2.6523,0.0695,3.2041,32.93,2.000,-0.5448,-2.0274,2.0993,0.6704,1.9894,0.000,1,SEARCH,0.0000,0.0000,0.0000,-0.0000
153193,dynamic,-2.6525,0.0696,3.2041,32.93,2.000,-0.5448,-2.0274,2.0993,0.6703,1.9894,0.000,1,SEARCH,0.0000,0.0000,0.0000,-0.0000
153292,dynamic,-2.6529,0.0699,3.2041,32.93,2.000,-0.5448,-2.0274,2.0993,0.6704,1.9894,0.000,1,SEARCH,0.0000,0.0000,0.0000,-0.0000
153390,dynamic,-2.6527,0.0701,3.2041,32.93,2.000,-0.5448,-2.0274,2.0993,0.6703,1.9894,0.000,1,SEARCH,0.0000,0.0000,0.0000,-0.0000
153390,dynamic,-2.6524,0.0704,3.2041,32.93,2.000,-0.5448,-2.0274,2.0993,0.6703,1.9894,0.000,1,SEARCH,0.0000,0.0000,0.0000,-0.0000
153593,dynamic,-2.6522,0.0706,3.2041,32.92,2.000,-0.5453,-2.0299,2.1018,0.6711,1.9918,0.000,1,SEARCH,0.0000,0.0000,0.0000,-0.0000
153692,dynamic,-2.6523,0.0708,3.2041,32.92,2.000,-0.5453,-2.0299,2.1018,0.6711,1.9918,0.000,1,SEARCH,0.0000,0.0000,0.0000,-0.0000
153791,dynamic,-2.6526,0.0710,3.2041,32.92,2.000,-0.5453,-2.0299,2.1018,0.6711,1.9918,0.000,1,SEARCH,0.0000,0.0000,0.0000,-0.0000
153890,dynamic,-2.6529,0.0714,3.2041,32.92,2.000,-0.5453,-2.0299,2.1018,0.6711,1.9918,0.000,1,SEARCH,0.0000,0.0000,0.0000,-0.0000
153991,dynamic,-2.6531,0.0715,3.2041,32.92,2.000,-0.5453,-2.0299,2.1018,0.6711,1.9918,0.000,1,SEARCH,0.0000,0.0000,0.0000,-0.0000
154098,dynamic,-2.6533,0.0717,3.2041,32.92,2.000,-0.5453,-2.0299,2.1018,0.6711,1.9918,0.000,1,SEARCH,0.0000,0.0000,0.0000,-0.0000
154190,dynamic,-2.6540,0.0721,3.2041,32.92,2.000,-0.5461,-2.0329,2.1049,0.6720,1.9948,0.000,1,SEARCH,0.0000,0.0000,0.0000,-0.0000
154291,dynamic,-2.6550,0.0725,3.2041,32.92,2.000,-0.5461,-2.0329,2.1049,0.6720,1.9948,0.000,1,SEARCH,0.0000,0.0000,0.0000,-0.0000
154390,dynamic,-2.6557,0.0728,3.2042,32.92,2.000,-0.5461,-2.0329,2.1049,0.6721,1.9947,0.000,1,SEARCH,0.0000,0.0000,0.0000,-0.0000
154490,dynamic,-2.6561,0.0730,3.2041,32.92,2.000,-0.5461,-2.0329,2.1049,0.6721,1.9947,0.000,1,SEARCH,0.0000,0.0000,0.0000,-0.0000
154595,dynamic,-2.6557,0.0730,3.2041,32.92,2.000,-0.5461,-2.0329,2.1049,0.6720,1.9948,0.000,1,SEARCH,0.0000,0.0000,0.0000,-0.0000
154694,dynamic,-2.6548,0.0731,3.2041,32.92,2.000,-0.5461,-2.0329,2.1049,0.6721,1.9948,0.000,1,SEARCH,0.0000,0.0000,0.0000,-0.0000
154790,dynamic,-2.6549,0.0730,3.2041,32.92,2.000,-0.5474,-2.0382,2.1104,0.6736,2.0000,0.000,1,SEARCH,0.0000,0.0000,0.0000,-0.0000
154890,dynamic,-2.6553,0.0728,3.2041,32.92,2.000,-0.5474,-2.0382,2.1104,0.6736,2.0000,0.000,1,SEARCH,0.0000,0.0000,0.0000,-0.0000
154989,dynamic,-2.6561,0.0727,3.2041,32.92,2.000,-0.5474,-2.0382,2.1104,0.6736,2.0000,0.000,1,SEARCH,0.0000,0.0000,0.0000,-0.0000
155089,dynamic,-2.6568,0.0727,3.2041,32.92,2.000,-0.5474,-2.0382,2.1104,0.6736,2.0000,0.000,1,SEARCH,0.0000,0.0000,0.0000,-0.0000
155089,dynamic,-2.6571,0.0724,3.2041,32.92,2.000,-0.5474,-2.0382,2.1104,0.6736,2.0000,0.000,1,SEARCH,0.0000,0.0000,0.0000,-0.0000
155289,dynamic,-2.6572,0.0718,3.2041,32.93,2.000,-0.5468,-2.0356,2.1078,0.6729,1.9975,0.000,1,SEARCH,0.0000,0.0000,0.0000,-0.0000
155390,dynamic,-2.6573,0.0716,3.2041,32.93,2.000,-0.5468,-2.0356,2.1078,0.6729,1.9975,0.000,1,SEARCH,0.0000,0.0000,0.0000,-0.0000
155490,dynamic,-2.6575,0.0716,3.2041,32.93,2.000,-0.5468,-2.0356,2.1078,0.6729,1.9975,0.000,1,SEARCH,0.0000,0.0000,0.0000,-0.0000
155590,dynamic,-2.6579,0.0714,3.2041,32.93,2.000,-0.5468,-2.0356,2.1078,0.6728,1.9975,0.000,1,SEARCH,0.0000,0.0000,0.0000,-0.0000
155690,dynamic,-2.6584,0.0712,3.2041,32.93,2.000,-0.5468,-2.0356,2.1078,0.6728,1.9975,0.000,1,SEARCH,0.0000,0.0000,0.0000,-0.0000
155791,dynamic,-2.6588,0.0712,3.2040,32.93,2.000,-0.5468,-2.0356,2.1078,0.6728,1.9975,0.000,1,SEARCH,0.0000,0.0000,0.0000,-0.0000
155890,dynamic,-2.6593,0.0714,3.2040,33.12,2.000,-0.5514,-2.0368,2.1101,0.6775,1.9984,0.000,1,SEARCH,0.0000,0.0000,0.0000,-0.0000
155990,dynamic,-2.6596,0.0714,3.2040,33.12,2.000,-0.5514,-2.0368,2.1101,0.6775,1.9984,0.000,1,SEARCH,0.0000,0.0000,0.0000,-0.0000
156090,dynamic,-2.6598,0.0713,3.2040,33.12,2.000,-0.5514,-2.0368,2.1101,0.6775,1.9984,0.000,1,SEARCH,0.0000,0.0000,0.0000,-0.0000
156190,dynamic,-2.6598,0.0711,3.2040,33.12,2.000,-0.5514,-2.0368,2.1101,0.6775,1.9984,0.000,1,SEARCH,0.0000,0.0000,0.0000,-0.0000
156303,dynamic,-2.6598,0.0708,3.2040,33.12,2.000,-0.5514,-2.0368,2.1101,0.6774,1.9984,0.000,1,SEARCH,0.0000,0.0000,0.0000,-0.0000
156390,dynamic,-2.6597,0.0705,3.2040,32.94,2.000,-0.5534,-2.0356,2.1094,0.6793,1.9971,0.000,1,SEARCH,0.0000,0.0000,0.0000,-0.0000
156490,dynamic,-2.6596,0.0700,3.2040,32.94,2.000,-0.5534,-2.0356,2.1094,0.6793,1.9971,0.000,1,SEARCH,0.0000,0.0000,0.0000,-0.0000
156590,dynamic,-2.6593,0.0695,3.2040,32.94,2.000,-0.5534,-2.0356,2.1094,0.6793,1.9971,0.000,1,SEARCH,0.0000,0.0000,0.0000,-0.0000
156690,dynamic,-2.6588,0.0689,3.2040,32.94,2.000,-0.5534,-2.0356,2.1094,0.6792,1.9971,0.000,1,SEARCH,0.0000,0.0000,0.0000,-0.0000
156790,dynamic,-2.6583,0.0684,3.2040,32.94,2.000,-0.5534,-2.0356,2.1094,0.6792,1.9971,0.000,1,SEARCH,0.0000,0.0000,0.0000,-0.0000
156890,dynamic,-2.6577,0.0681,3.2039,32.94,2.000,-0.5534,-2.0356,2.1094,0.6791,1.9971,0.000,1,SEARCH,0.0000,0.0000,0.0000,-0.0000
156990,dynamic,-2.6578,0.0676,3.2039,32.93,2.000,-0.5527,-2.0329,2.1067,0.6783,1.9945,0.000,1,SEARCH,0.0000,0.0000,0.0000,-0.0000
157090,dynamic,-2.6581,0.0671,3.2039,32.93,2.000,-0.5527,-2.0329,2.1067,0.6782,1.9945,0.000,1,SEARCH,0.0000,0.0000,0.0000,-0.0000
157190,dynamic,-2.6583,0.0668,3.2039,32.93,2.000,-0.5527,-2.0329,2.1067,0.6782,1.9945,0.000,1,SEARCH,0.0000,0.0000,0.0000,-0.0000
157290,dynamic,-2.6585,0.0666,3.2039,32.93,2.000,-0.5527,-2.0329,2.1067,0.6782,1.9946,0.000,1,SEARCH,0.0000,0.0000,0.0000,-0.0000
157403,dynamic,-2.6586,0.0666,3.2039,32.93,2.000,-0.5527,-2.0329,2.1067,0.6782,1.9946,0.000,1,SEARCH,0.0000,0.0000,0.0000,-0.0000
157490,dynamic,-2.6587,0.0668,3.2039,31.10,2.000,0.7042,-1.0290,1.2469,-0.6387,1.0709,0.000,1,SEARCH,0.0000,0.0000,0.0000,-0.0000
157590,dynamic,-2.6584,0.0668,3.2039,31.10,2.000,0.7042,-1.0290,1.2469,-0.6387,1.0709,0.000,1,SEARCH,0.0000,0.0000,0.0000,-0.0000
157689,dynamic,-2.6581,0.0668,3.2039,31.10,2.000,0.7042,-1.0290,1.2469,-0.6387,1.0709,0.000,1,SEARCH,0.0000,0.0000,0.0000,-0.0000
157789,dynamic,-2.6576,0.0666,3.2039,31.10,2.000,0.7042,-1.0290,1.2469,-0.6387,1.0709,0.000,1,SEARCH,0.0000,0.0000,0.0000,-0.0000
157897,dynamic,-2.6569,0.0664,3.2039,31.10,2.000,0.7042,-1.0290,1.2469,-0.6387,1.0709,0.000,1,SEARCH,0.0000,0.0000,0.0000,-0.0000
157989,dynamic,-2.6563,0.0665,3.2039,28.47,2.000,0.8996,-0.8876,1.2637,-0.8425,0.9419,0.000,1,SEARCH,0.0000,0.0000,0.0000,-0.0000
158089,dynamic,-2.6558,0.0666,3.2040,28.47,2.000,0.8996,-0.8876,1.2637,-0.8425,0.9419,0.000,1,SEARCH,0.0000,0.0000,0.0000,-0.0000
158190,dynamic,-2.6552,0.0667,3.2040,28.47,2.000,0.8996,-0.8876,1.2637,-0.8425,0.9419,0.000,1,SEARCH,0.0000,0.0000,0.0000,-0.0000
158289,dynamic,-2.6546,0.0669,3.2040,28.47,2.000,0.8996,-0.8876,1.2637,-0.8425,0.9419,0.000,1,SEARCH,0.0000,0.0000,0.0000,-0.0000
158390,dynamic,-2.6540,0.0669,3.2039,28.47,2.000,0.8996,-0.8876,1.2637,-0.8425,0.9419,0.000,1,SEARCH,0.0000,0.0000,0.0000,-0.0000
158492,dynamic,-2.6532,0.0667,3.2039,28.47,2.000,0.8996,-0.8876,1.2637,-0.8425,0.9419,0.000,1,SEARCH,0.0000,0.0000,0.0000,-0.0000
158589,dynamic,-2.6527,0.0665,3.2039,29.39,2.000,0.9083,-0.8896,1.2714,-0.8511,0.9445,0.000,1,SEARCH,0.0000,0.0000,0.0000,-0.0000
158689,dynamic,-2.6523,0.0663,3.2039,29.39,2.000,0.9083,-0.8896,1.2714,-0.8511,0.9444,0.000,1,SEARCH,0.0000,0.0000,0.0000,-0.0000
158790,dynamic,-2.6522,0.0665,3.2039,29.39,2.000,0.9083,-0.8896,1.2714,-0.8511,0.9444,0.000,1,SEARCH,0.0000,0.0000,0.0000,-0.0000
158889,dynamic,-2.6523,0.0667,3.2039,29.39,2.000,0.9083,-0.8896,1.2714,-0.8511,0.9444,0.000,1,SEARCH,0.0000,0.0000,0.0000,-0.0000
159000,dynamic,-2.6524,0.0667,3.2039,29.39,2.000,0.9083,-0.8896,1.2714,-0.8511,0.9444,0.000,1,SEARCH,0.0000,0.0000,0.0000,-0.0000
159089,dynamic,-2.6525,0.0666,3.2039,28.97,2.000,0.9195,-0.8907,1.2801,-0.8622,0.9462,0.000,1,SEARCH,0.0000,0.0000,0.0000,-0.0000
159189,dynamic,-2.6519,0.0665,3.2039,28.97,2.000,0.9195,-0.8907,1.2801,-0.8622,0.9462,0.000,1,SEARCH,0.0000,0.0000,0.0000,-0.0000
159289,dynamic,-2.6511,0.0665,3.2039,28.97,2.000,0.9195,-0.8907,1.2801,-0.8623,0.9462,0.000,1,SEARCH,0.0000,0.0000,0.0000,-0.0000
159389,dynamic,-2.6500,0.0666,3.2039,28.97,2.000,0.9195,-0.8907,1.2801,-0.8623,0.9462,0.000,1,SEARCH,0.0000,0.0000,0.0000,-0.0000
159489,dynamic,-2.6490,0.0668,3.2039,28.97,2.000,0.9195,-0.8907,1.2801,-0.8623,0.9462,0.000,1,SEARCH,0.0000,0.0000,0.0000,-0.0000
159589,dynamic,-2.6482,0.0670,3.2039,28.97,2.000,0.9195,-0.8907,1.2801,-0.8623,0.9462,0.000,1,SEARCH,0.0000,0.0000,0.0000,-0.0000
159690,dynamic,-2.6475,0.0672,3.2039,28.97,2.000,0.9195,-0.8907,1.2801,-0.8623,0.9462,0.000,1,SEARCH,0.0000,0.0000,0.0000,-0.0000
159789,dynamic,-2.6467,0.0674,3.2039,28.97,2.000,0.9195,-0.8907,1.2801,-0.8623,0.9462,0.000,1,SEARCH,0.0000,0.0000,0.0000,-0.0000
159889,dynamic,-2.6458,0.0676,3.2039,28.97,2.000,0.9261,-0.8971,1.2893,-0.8685,0.9530,0.000,1,SEARCH,0.0000,0.0000,0.0000,-0.0000
159989,dynamic,-2.6450,0.0675,3.2038,28.97,2.000,0.9261,-0.8971,1.2893,-0.8685,0.9529,0.000,1,SEARCH,0.0000,0.0000,0.0000,-0.0000
160089,dynamic,-2.6443,0.0674,3.2039,28.97,2.000,0.9261,-0.8971,1.2893,-0.8685,0.9530,0.000,1,SEARCH,0.0000,0.0000,0.0000,-0.0000
160189,dynamic,-2.6436,0.0675,3.2039,28.97,2.000,0.9261,-0.8971,1.2893,-0.8685,0.9530,0.000,1,SEARCH,0.0000,0.0000,0.0000,-0.0000
160289,dynamic,-2.6430,0.0677,3.2039,28.97,2.000,0.9261,-0.8971,1.2893,-0.8685,0.9530,0.000,1,SEARCH,0.0000,0.0000,0.0000,-0.0000
160389,dynamic,-2.6427,0.0678,3.2039,28.97,2.000,0.9261,-0.8971,1.2893,-0.8685,0.9530,0.000,1,SEARCH,0.0000,0.0000,0.0000,-0.0000
160493,dynamic,-2.6426,0.0678,3.2038,28.97,2.000,0.9261,-0.8971,1.2893,-0.8685,0.9529,0.000,1,SEARCH,0.0000,0.0000,0.0000,-0.0000
160590,dynamic,-2.6432,0.0679,3.2038,29.42,2.000,0.9258,-0.8963,1.2886,-0.8683,0.9521,0.000,1,SEARCH,0.0000,0.0000,0.0000,-0.0000
160689,dynamic,-2.6440,0.0681,3.2038,29.42,2.000,0.9258,-0.8963,1.2886,-0.8683,0.9521,0.000,1,SEARCH,0.0000,0.0000,0.0000,-0.0000
160789,dynamic,-2.6442,0.0680,3.2038,29.42,2.000,0.9258,-0.8963,1.2886,-0.8683,0.9521,0.000,1,SEARCH,0.0000,0.0000,0.0000,-0.0000
160890,dynamic,-2.6441,0.0678,3.2038,29.42,2.000,0.9258,-0.8963,1.2886,-0.8683,0.9521,0.000,1,SEARCH,0.0000,0.0000,0.0000,-0.0000
160991,dynamic,-2.6440,0.0679,3.2038,29.42,2.000,0.9258,-0.8963,1.2886,-0.8683,0.9521,0.000,1,SEARCH,0.0000,0.0000,0.0000,-0.0000
161089,dynamic,-2.6438,0.0679,3.2038,28.52,2.000,0.9259,-0.8976,1.2896,-0.8683,0.9535,0.000,1,SEARCH,0.0000,0.0000,0.0000,-0.0000
161189,dynamic,-2.6441,0.0680,3.2038,28.52,2.000,0.9259,-0.8976,1.2896,-0.8684,0.9534,0.000,1,SEARCH,0.0000,0.0000,0.0000,-0.0000
161289,dynamic,-2.6446,0.0680,3.2038,28.52,2.000,0.9259,-0.8976,1.2896,-0.8683,0.9535,0.000,1,SEARCH,0.0000,0.0000,0.0000,-0.0000
161389,dynamic,-2.6453,0.0680,3.2038,28.52,2.000,0.9259,-0.8976,1.2896,-0.8683,0.9535,0.000,1,SEARCH,0.0000,0.0000,0.0000,-0.0000
161490,dynamic,-2.6459,0.0679,3.2038,28.52,2.000,0.9259,-0.8976,1.2896,-0.8683,0.9535,0.000,1,SEARCH,0.0000,0.0000,0.0000,-0.0000
161589,dynamic,-2.6461,0.0679,3.2038,28.51,2.000,0.9249,-0.8968,1.2883,-0.8674,0.9525,0.000,1,SEARCH,0.0000,0.0000,0.0000,-0.0000
161689,dynamic,-2.6460,0.0680,3.2038,28.51,2.000,0.9249,-0.8968,1.2883,-0.8674,0.9525,0.000,1,SEARCH,0.0000,0.0000,0.0000,-0.0000
161790,dynamic,-2.6460,0.0681,3.2038,28.51,2.000,0.9249,-0.8968,1.2883,-0.8674,0.9526,0.000,1,SEARCH,0.0000,0.0000,0.0000,-0.0000
161889,dynamic,-2.6461,0.0683,3.2038,28.51,2.000,0.9249,-0.8968,1.2883,-0.8674,0.9525,0.000,1,SEARCH,0.0000,0.0000,0.0000,-0.0000
161989,dynamic,-2.6464,0.0688,3.2038,28.51,2.000,0.9249,-0.8968,1.2883,-0.8674,0.9526,0.000,1,SEARCH,0.0000,0.0000,0.0000,-0.0000
162091,dynamic,-2.6466,0.0693,3.2038,28.51,2.000,0.9249,-0.8968,1.2883,-0.8674,0.9526,0.000,1,SEARCH,0.0000,0.0000,0.0000,-0.0000
162190,dynamic,-2.6465,0.0697,3.2038,27.94,2.000,0.9227,-0.8934,1.2843,-0.8654,0.9490,0.000,1,SEARCH,0.0000,0.0000,0.0000,-0.0000
162290,dynamic,-2.6461,0.0700,3.2038,27.94,2.000,0.9227,-0.8934,1.2843,-0.8654,0.9490,0.000,1,SEARCH,0.0000,0.0000,0.0000,-0.0000
162389,dynamic,-2.6453,0.0696,3.2038,27.94,2.000,0.9227,-0.8934,1.2843,-0.8654,0.9490,0.000,1,SEARCH,0.0000,0.0000,0.0000,-0.0000
162489,dynamic,-2.6443,0.0688,3.2038,27.94,2.000,0.9227,-0.8934,1.2843,-0.8654,0.9490,0.000,1,SEARCH,0.0000,0.0000,0.0000,-0.0000
162591,dynamic,-2.6436,0.0679,3.2038,27.94,2.000,0.9227,-0.8934,1.2843,-0.8654,0.9490,0.000,1,SEARCH,0.0000,0.0000,0.0000,-0.0000
162689,dynamic,-2.6431,0.0670,3.2038,27.94,2.000,0.9197,-0.8903,1.2800,-0.8625,0.9458,0.000,1,SEARCH,0.0000,0.0000,0.0000,-0.0000
162789,dynamic,-2.6429,0.0664,3.2038,27.94,2.000,0.9197,-0.8903,1.2800,-0.8625,0.9458,0.000,1,SEARCH,0.0000,0.0000,0.0000,-0.0000
162889,dynamic,-2.6428,0.0660,3.2038,27.94,2.000,0.9197,-0.8903,1.2800,-0.8625,0.9458,0.000,1,SEARCH,0.0000,0.0000,0.0000,-0.0000
162989,dynamic,-2.6429,0.0656,3.2038,27.94,2.000,0.9197,-0.8903,1.2800,-0.8625,0.9458,0.000,1,SEARCH,0.0000,0.0000,0.0000,-0.0000
163089,dynamic,-2.6431,0.0652,3.2038,27.94,2.000,0.9197,-0.8903,1.2800,-0.8625,0.9458,0.000,1,SEARCH,0.0000,0.0000,0.0000,-0.0000
163190,dynamic,-2.6433,0.0649,3.2038,28.40,2.000,0.9152,-0.8854,1.2733,-0.8584,0.9405,0.000,1,SEARCH,0.0000,0.0000,0.0000,-0.0000
163289,dynamic,-2.6435,0.0648,3.2038,28.40,2.000,0.9152,-0.8854,1.2733,-0.8584,0.9405,0.000,1,SEARCH,0.0000,0.0000,0.0000,-0.0000
163389,dynamic,-2.6437,0.0648,3.2038,28.40,2.000,0.9152,-0.8854,1.2733,-0.8584,0.9405,0.000,1,SEARCH,0.0000,0.0000,0.0000,-0.0000
163489,dynamic,-2.6438,0.0649,3.2038,28.40,2.000,0.9152,-0.8854,1.2733,-0.8584,0.9405,0.000,1,SEARCH,0.0000,0.0000,0.0000,-0.0000
163590,dynamic,-2.6438,0.0650,3.2038,28.40,2.000,0.9152,-0.8854,1.2733,-0.8584,0.9405,0.000,1,SEARCH,0.0000,0.0000,0.0000,-0.0000
163700,dynamic,-2.6439,0.0650,3.2037,28.40,2.000,0.9152,-0.8854,1.2733,-0.8584,0.9405,0.000,1,SEARCH,0.0000,0.0000,0.0000,-0.0000
163789,dynamic,-2.6439,0.0651,3.2037,28.40,2.000,0.9146,-0.8850,1.2727,-0.8579,0.9400,0.000,1,SEARCH,0.0000,0.0000,0.0000,-0.0000
163890,dynamic,-2.6439,0.0653,3.2037,28.40,2.000,0.9146,-0.8850,1.2727,-0.8579,0.9400,0.000,1,SEARCH,0.0000,0.0000,0.0000,-0.0000
163989,dynamic,-2.6444,0.0652,3.2037,28.40,2.000,0.9146,-0.8850,1.2727,-0.8580,0.9400,0.000,1,SEARCH,0.0000,0.0000,0.0000,-0.0000
164089,dynamic,-2.6452,0.0648,3.2037,28.40,2.000,0.9146,-0.8850,1.2727,-0.8580,0.9400,0.000,1,SEARCH,0.0000,0.0000,0.0000,-0.0000
164200,dynamic,-2.6459,0.0645,3.2037,28.40,2.000,0.9146,-0.8850,1.2727,-0.8580,0.9400,0.000,1,SEARCH,0.0000,0.0000,0.0000,-0.0000
164289,dynamic,-2.6466,0.0642,3.2037,29.00,2.000,0.9179,-0.8907,1.2790,-0.8608,0.9459,0.000,1,SEARCH,0.0000,0.0000,0.0000,-0.0000
164390,dynamic,-2.6472,0.0640,3.2037,29.00,2.000,0.9179,-0.8907,1.2790,-0.8608,0.9460,0.000,1,SEARCH,0.0000,0.0000,0.0000,-0.0000
164489,dynamic,-2.6477,0.0640,3.2037,29.00,2.000,0.9179,-0.8907,1.2790,-0.8608,0.9460,0.000,1,SEARCH,0.0000,0.0000,0.0000,-0.0000
164589,dynamic,-2.6483,0.0639,3.2038,29.00,2.000,0.9179,-0.8907,1.2790,-0.8608,0.9460,0.000,1,SEARCH,0.0000,0.0000,0.0000,-0.0000
164689,dynamic,-2.6489,0.0638,3.2037,29.00,2.000,0.9179,-0.8907,1.2790,-0.8608,0.9460,0.000,1,SEARCH,0.0000,0.0000,0.0000,-0.0000
164806,dynamic,-2.6496,0.0637,3.2038,29.00,2.000,0.9179,-0.8907,1.2790,-0.8608,0.9460,0.000,1,SEARCH,0.0000,0.0000,0.0000,-0.0000
164890,dynamic,-2.6501,0.0637,3.2037,27.93,2.000,0.9219,-0.8926,1.2832,-0.8647,0.9482,0.000,1,SEARCH,0.0000,0.0000,0.0000,-0.0000
164989,dynamic,-2.6501,0.0635,3.2038,27.93,2.000,0.9219,-0.8926,1.2832,-0.8647,0.9482,0.000,1,SEARCH,0.0000,0.0000,0.0000,-0.0000
165089,dynamic,-2.6499,0.0632,3.2038,27.93,2.000,0.9219,-0.8926,1.2832,-0.8647,0.9482,0.000,1,SEARCH,0.0000,0.0000,0.0000,-0.0000
165189,dynamic,-2.6505,0.0630,3.2038,27.93,2.000,0.9219,-0.8926,1.2832,-0.8647,0.9482,0.000,1,SEARCH,0.0000,0.0000,0.0000,-0.0000
165289,dynamic,-2.6513,0.0629,3.2038,27.93,2.000,0.9219,-0.8926,1.2832,-0.8647,0.9482,0.000,1,SEARCH,0.0000,0.0000,0.0000,-0.0000
165404,dynamic,-2.6512,0.0626,3.2038,27.93,2.000,0.9219,-0.8926,1.2832,-0.8646,0.9482,0.000,1,SEARCH,0.0000,0.0000,0.0000,-0.0000
165490,dynamic,-2.6504,0.0622,3.2038,28.51,2.000,0.9236,-0.8956,1.2865,-0.8661,0.9513,0.000,1,SEARCH,0.0000,0.0000,0.0000,-0.0000
165589,dynamic,-2.6499,0.0616,3.2038,28.51,2.000,0.9236,-0.8956,1.2865,-0.8661,0.9512,0.000,1,SEARCH,0.0000,0.0000,0.0000,-0.0000
165689,dynamic,-2.6496,0.0609,3.2038,28.51,2.000,0.9236,-0.8956,1.2865,-0.8662,0.9512,0.000,1,SEARCH,0.0000,0.0000,0.0000,-0.0000
165789,dynamic,-2.6496,0.0603,3.2038,28.51,2.000,0.9236,-0.8956,1.2865,-0.8661,0.9512,0.000,1,SEARCH,0.0000,0.0000,0.0000,-0.0000
165889,dynamic,-2.6498,0.0598,3.2038,28.51,2.000,0.9236,-0.8956,1.2865,-0.8662,0.9512,0.000,1,SEARCH,0.0000,0.0000,0.0000,-0.0000
165993,dynamic,-2.6495,0.0595,3.2038,28.51,2.000,0.9236,-0.8956,1.2865,-0.8661,0.9512,0.000,1,SEARCH,0.0000,0.0000,0.0000,-0.0000
166089,dynamic,-2.6490,0.0593,3.2038,27.94,2.000,0.9228,-0.8933,1.2844,-0.8655,0.9490,0.000,1,SEARCH,0.0000,0.0000,0.0000,-0.0000
166189,dynamic,-2.6490,0.0592,3.2038,27.94,2.000,0.9228,-0.8933,1.2844,-0.8655,0.9490,0.000,1,SEARCH,0.0000,0.0000,0.0000,-0.0000
166289,dynamic,-2.6492,0.0591,3.2038,27.94,2.000,0.9228,-0.8933,1.2844,-0.8655,0.9490,0.000,1,SEARCH,0.0000,0.0000,0.0000,-0.0000
166389,dynamic,-2.6493,0.0591,3.2038,27.94,2.000,0.9228,-0.8933,1.2844,-0.8655,0.9490,0.000,1,SEARCH,0.0000,0.0000,0.0000,-0.0000
166495,dynamic,-2.6492,0.0592,3.2038,27.94,2.000,0.9228,-0.8933,1.2844,-0.8655,0.9490,0.000,1,SEARCH,0.0000,0.0000,0.0000,-0.0000
166589,dynamic,-2.6494,0.0591,3.2038,27.94,2.000,0.9199,-0.8905,1.2803,-0.8627,0.9459,0.000,1,SEARCH,0.0000,0.0000,0.0000,-0.0000
166689,dynamic,-2.6495,0.0590,3.2038,27.94,2.000,0.9199,-0.8905,1.2803,-0.8627,0.9459,0.000,1,SEARCH,0.0000,0.0000,0.0000,-0.0000
166789,dynamic,-2.6489,0.0590,3.2038,27.94,2.000,0.9199,-0.8905,1.2803,-0.8627,0.9460,0.000,1,SEARCH,0.0000,0.0000,0.0000,-0.0000
166889,dynamic,-2.6479,0.0590,3.2038,27.94,2.000,0.9199,-0.8905,1.2803,-0.8627,0.9460,0.000,1,SEARCH,0.0000,0.0000,0.0000,-0.0000
166989,dynamic,-2.6476,0.0592,3.2038,27.94,2.000,0.9199,-0.8905,1.2803,-0.8627,0.9460,0.000,1,SEARCH,0.0000,0.0000,0.0000,-0.0000
167090,dynamic,-2.6477,0.0595,3.2038,27.94,2.000,0.9199,-0.8905,1.2803,-0.8627,0.9460,0.000,1,SEARCH,0.0000,0.0000,0.0000,-0.0000
167189,dynamic,-2.6481,0.0599,3.2038,28.44,2.000,0.9190,-0.8903,1.2795,-0.8619,0.9457,0.000,1,SEARCH,0.0000,0.0000,0.0000,-0.0000
167290,dynamic,-2.6486,0.0603,3.2038,28.44,2.000,0.9190,-0.8903,1.2795,-0.8619,0.9457,0.000,1,SEARCH,0.0000,0.0000,0.0000,-0.0000
167389,dynamic,-2.6485,0.0607,3.2038,28.44,2.000,0.9190,-0.8903,1.2795,-0.8619,0.9457,0.000,1,SEARCH,0.0000,0.0000,0.0000,-0.0000
167489,dynamic,-2.6484,0.0611,3.2038,28.44,2.000,0.9190,-0.8903,1.2795,-0.8619,0.9457,0.000,1,SEARCH,0.0000,0.0000,0.0000,-0.0000
167597,dynamic,-2.6482,0.0613,3.2038,28.44,2.000,0.9190,-0.8903,1.2795,-0.8619,0.9457,0.000,1,SEARCH,0.0000,0.0000,0.0000,-0.0000
167689,dynamic,-2.6481,0.0613,3.2038,27.94,2.000,0.9189,-0.8897,1.2790,-0.8618,0.9451,0.000,1,SEARCH,0.0000,0.0000,0.0000,-0.0000
167789,dynamic,-2.6479,0.0614,3.2038,27.94,2.000,0.9189,-0.8897,1.2790,-0.8618,0.9451,0.000,1,SEARCH,0.0000,0.0000,0.0000,-0.0000
167889,dynamic,-2.6478,0.0613,3.2038,27.94,2.000,0.9189,-0.8897,1.2790,-0.8618,0.9451,0.000,1,SEARCH,0.0000,0.0000,0.0000,-0.0000
167989,dynamic,-2.6477,0.0616,3.2038,27.94,2.000,0.9189,-0.8897,1.2790,-0.8618,0.9451,0.000,1,SEARCH,0.0000,0.0000,0.0000,-0.0000
168089,dynamic,-2.6476,0.0620,3.2038,27.94,2.000,0.9189,-0.8897,1.2790,-0.8618,0.9451,0.000,1,SEARCH,0.0000,0.0000,0.0000,-0.0000
168192,dynamic,-2.6477,0.0626,3.2038,27.94,2.000,0.9189,-0.8897,1.2790,-0.8618,0.9451,0.000,1,SEARCH,0.0000,0.0000,0.0000,-0.0000
168289,dynamic,-2.6478,0.0633,3.2038,27.94,2.000,0.9190,-0.8899,1.2792,-0.8619,0.9453,0.000,1,SEARCH,0.0000,0.0000,0.0000,-0.0000
168389,dynamic,-2.6479,0.0637,3.2038,27.94,2.000,0.9190,-0.8899,1.2792,-0.8619,0.9453,0.000,1,SEARCH,0.0000,0.0000,0.0000,-0.0000
168489,dynamic,-2.6479,0.0639,3.2038,27.94,2.000,0.9190,-0.8899,1.2792,-0.8619,0.9453,0.000,1,SEARCH,0.0000,0.0000,0.0000,-0.0000
168589,dynamic,-2.6481,0.0643,3.2039,27.94,2.000,0.9190,-0.8899,1.2792,-0.8619,0.9453,0.000,1,SEARCH,0.0000,0.0000,0.0000,-0.0000
168700,dynamic,-2.6482,0.0645,3.2038,27.94,2.000,0.9190,-0.8899,1.2792,-0.8619,0.9453,0.000,1,SEARCH,0.0000,0.0000,0.0000,-0.0000
168790,dynamic,-2.6479,0.0649,3.2038,27.94,2.000,0.9223,-0.8931,1.2839,-0.8650,0.9487,0.000,1,SEARCH,0.0000,0.0000,0.0000,-0.0000
168889,dynamic,-2.6475,0.0653,3.2038,27.94,2.000,0.9223,-0.8931,1.2839,-0.8650,0.9488,0.000,1,SEARCH,0.0000,0.0000,0.0000,-0.0000
168989,dynamic,-2.6471,0.0655,3.2038,27.94,2.000,0.9223,-0.8931,1.2839,-0.8650,0.9488,0.000,1,SEARCH,0.0000,0.0000,0.0000,-0.0000
169090,dynamic,-2.6466,0.0656,3.2038,27.94,2.000,0.9223,-0.8931,1.2839,-0.8650,0.9487,0.000,1,SEARCH,0.0000,0.0000,0.0000,-0.0000
169197,dynamic,-2.6463,0.0659,3.2038,27.94,2.000,0.9223,-0.8931,1.2839,-0.8650,0.9488,0.000,1,SEARCH,0.0000,0.0000,0.0000,-0.0000
169289,dynamic,-2.6460,0.0662,3.2039,27.26,2.000,1.1209,-0.7517,1.3496,-1.0719,0.8200,0.000,1,SEARCH,0.0000,0.0000,0.0000,-0.0000
169389,dynamic,-2.6458,0.0663,3.2039,27.26,2.000,1.1209,-0.7517,1.3496,-1.0719,0.8200,0.000,1,SEARCH,0.0000,0.0000,0.0000,-0.0000
169489,dynamic,-2.6457,0.0662,3.2039,27.26,2.000,1.1209,-0.7517,1.3496,-1.0719,0.8200,0.000,1,SEARCH,0.0000,0.0000,0.0000,-0.0000
169589,dynamic,-2.6456,0.0661,3.2039,27.26,2.000,1.1209,-0.7517,1.3496,-1.0719,0.8200,0.000,1,SEARCH,0.0000,0.0000,0.0000,-0.0000
169692,dynamic,-2.6456,0.0660,3.2039,27.26,2.000,1.1209,-0.7517,1.3496,-1.0719,0.8200,0.000,1,SEARCH,0.0000,0.0000,0.0000,-0.0000
169789,dynamic,-2.6457,0.0660,3.2039,27.04,2.000,1.1408,-0.7441,1.3621,-1.0923,0.8137,0.000,1,SEARCH,0.0000,0.0000,0.0000,-0.0000
169889,dynamic,-2.6458,0.0661,3.2039,27.04,2.000,1.1408,-0.7441,1.3621,-1.0923,0.8137,0.000,1,SEARCH,0.0000,0.0000,0.0000,-0.0000
169989,dynamic,-2.6460,0.0663,3.2039,27.04,2.000,1.1408,-0.7441,1.3621,-1.0923,0.8137,0.000,1,SEARCH,0.0000,0.0000,0.0000,-0.0000
170090,dynamic,-2.6461,0.0665,3.2039,27.04,2.000,1.1408,-0.7441,1.3621,-1.0923,0.8137,0.000,1,SEARCH,0.0000,0.0000,0.0000,-0.0000
170192,dynamic,-2.6461,0.0668,3.2039,27.04,2.000,1.1408,-0.7441,1.3621,-1.0923,0.8137,0.000,1,SEARCH,0.0000,0.0000,0.0000,-0.0000
170289,dynamic,-2.6459,0.0671,3.2039,27.04,2.000,1.1454,-0.7470,1.3675,-1.0967,0.8169,0.000,1,SEARCH,0.0000,0.0000,0.0000,-0.0000
170389,dynamic,-2.6460,0.0674,3.2039,27.04,2.000,1.1454,-0.7470,1.3675,-1.0968,0.8168,0.000,1,SEARCH,0.0000,0.0000,0.0000,-0.0000
170489,dynamic,-2.6462,0.0677,3.2039,27.04,2.000,1.1454,-0.7470,1.3675,-1.0967,0.8168,0.000,1,SEARCH,0.0000,0.0000,0.0000,-0.0000
170589,dynamic,-2.6470,0.0678,3.2039,27.04,2.000,1.1454,-0.7470,1.3675,-1.0967,0.8169,0.000,1,SEARCH,0.0000,0.0000,0.0000,-0.0000
170689,dynamic,-2.6478,0.0679,3.2039,27.04,2.000,1.1454,-0.7470,1.3675,-1.0967,0.8168,0.000,1,SEARCH,0.0000,0.0000,0.0000,-0.0000
170792,dynamic,-2.6485,0.0678,3.2039,27.04,2.000,1.1454,-0.7470,1.3675,-1.0967,0.8168,0.000,1,SEARCH,0.0000,0.0000,0.0000,-0.0000
170889,dynamic,-2.6490,0.0676,3.2039,27.04,2.000,1.1531,-0.7520,1.3766,-1.1040,0.8223,0.000,1,SEARCH,0.0000,0.0000,0.0000,-0.0000
170989,dynamic,-2.6492,0.0677,3.2039,27.04,2.000,1.1531,-0.7520,1.3766,-1.1040,0.8223,0.000,1,SEARCH,0.0000,0.0000,0.0000,-0.0000
171089,dynamic,-2.6494,0.0679,3.2039,27.04,2.000,1.1531,-0.7520,1.3766,-1.1040,0.8223,0.000,1,SEARCH,0.0000,0.0000,0.0000,-0.0000
171189,dynamic,-2.6501,0.0680,3.2039,27.04,2.000,1.1531,-0.7520,1.3766,-1.1040,0.8223,0.000,1,SEARCH,0.0000,0.0000,0.0000,-0.0000
171297,dynamic,-2.6511,0.0681,3.2039,27.04,2.000,1.1531,-0.7520,1.3766,-1.1040,0.8224,0.000,1,SEARCH,0.0000,0.0000,0.0000,-0.0000
171389,dynamic,-2.6517,0.0681,3.2039,30.43,2.000,0.6879,-1.1161,1.3111,-0.6171,1.1568,0.000,1,SEARCH,0.0000,0.0000,0.0000,-0.0000
171489,dynamic,-2.6521,0.0679,3.2039,30.43,2.000,0.6879,-1.1161,1.3111,-0.6171,1.1568,0.000,1,SEARCH,0.0000,0.0000,0.0000,-0.0000
171589,dynamic,-2.6527,0.0677,3.2039,30.43,2.000,0.6879,-1.1161,1.3111,-0.6171,1.1568,0.000,1,SEARCH,0.0000,0.0000,0.0000,-0.0000
171689,dynamic,-2.6534,0.0674,3.2039,30.43,2.000,0.6879,-1.1161,1.3111,-0.6171,1.1567,0.000,1,SEARCH,0.0000,0.0000,0.0000,-0.0000
171804,dynamic,-2.6543,0.0672,3.2039,30.43,2.000,0.6879,-1.1161,1.3111,-0.6171,1.1567,0.000,1,SEARCH,0.0000,0.0000,0.0000,-0.0000
171889,dynamic,-2.6552,0.0672,3.2039,30.49,2.000,0.6807,-1.1219,1.3122,-0.6096,1.1620,0.000,1,SEARCH,0.0000,0.0000,0.0000,-0.0000
171989,dynamic,-2.6562,0.0673,3.2038,30.49,2.000,0.6807,-1.1219,1.3122,-0.6096,1.1620,0.000,1,SEARCH,0.0000,0.0000,0.0000,-0.0000
172089,dynamic,-2.6573,0.0675,3.2038,30.49,2.000,0.6807,-1.1219,1.3122,-0.6096,1.1620,0.000,1,SEARCH,0.0000,0.0000,0.0000,-0.0000
172190,dynamic,-2.6580,0.0675,3.2038,30.49,2.000,0.6807,-1.1219,1.3122,-0.6097,1.1620,0.000,1,SEARCH,0.0000,0.0000,0.0000,-0.0000
172289,dynamic,-2.6585,0.0675,3.2038,30.49,2.000,0.6807,-1.1219,1.3122,-0.6096,1.1620,0.000,1,SEARCH,0.0000,0.0000,0.0000,-0.0000
172394,dynamic,-2.6597,0.0675,3.2038,30.49,2.000,0.6807,-1.1219,1.3122,-0.6097,1.1620,0.000,1,SEARCH,0.0000,0.0000,0.0000,-0.0000
172489,dynamic,-2.6616,0.0674,3.2038,30.49,2.000,0.6780,-1.1176,1.3072,-0.6072,1.1576,0.000,1,SEARCH,0.0000,0.0000,0.0000,-0.0000
172589,dynamic,-2.6630,0.0673,3.2038,30.49,2.000,0.6780,-1.1176,1.3072,-0.6072,1.1576,0.000,1,SEARCH,0.0000,0.0000,0.0000,-0.0000
172689,dynamic,-2.6641,0.0673,3.2039,30.49,2.000,0.6780,-1.1176,1.3072,-0.6071,1.1577,0.000,1,SEARCH,0.0000,0.0000,0.0000,-0.0000
172789,dynamic,-2.6644,0.0671,3.2039,30.49,2.000,0.6780,-1.1176,1.3072,-0.6071,1.1577,0.000,1,SEARCH,0.0000,0.0000,0.0000,-0.0000
172890,dynamic,-2.6642,0.0670,3.2038,30.49,2.000,0.6780,-1.1176,1.3072,-0.6071,1.1577,0.000,1,SEARCH,0.0000,0.0000,0.0000,-0.0000
172992,dynamic,-2.6627,0.0670,3.2038,30.49,2.000,0.6780,-1.1176,1.3072,-0.6072,1.1576,0.000,1,SEARCH,0.0000,0.0000,0.0000,-0.0000
173089,dynamic,-2.6608,0.0671,3.2038,30.07,2.000,0.6760,-1.1138,1.3029,-0.6055,1.1537,0.000,1,SEARCH,0.0000,0.0000,0.0000,-0.0000
173189,dynamic,-2.6591,0.0672,3.2038,30.07,2.000,0.6760,-1.1138,1.3029,-0.6055,1.1537,0.000,1,SEARCH,0.0000,0.0000,0.0000,-0.0000
173289,dynamic,-2.6577,0.0673,3.2038,30.07,2.000,0.6760,-1.1138,1.3029,-0.6055,1.1537,0.000,1,SEARCH,0.0000,0.0000,0.0000,-0.0000
173389,dynamic,-2.6568,0.0675,3.2038,30.07,2.000,0.6760,-1.1138,1.3029,-0.6054,1.1537,0.000,1,SEARCH,0.0000,0.0000,0.0000,-0.0000
173497,dynamic,-2.6565,0.0677,3.2038,30.07,2.000,0.6760,-1.1138,1.3029,-0.6054,1.1537,0.000,1,SEARCH,0.0000,0.0000,0.0000,-0.0000
173591,dynamic,-2.6565,0.0677,3.2039,30.08,2.000,0.6733,-1.1094,1.2977,-0.6030,1.1491,0.000,1,SEARCH,0.0000,0.0000,0.0000,-0.0000
173689,dynamic,-2.6568,0.0677,3.2039,30.08,2.000,0.6733,-1.1094,1.2977,-0.6030,1.1491,0.000,1,SEARCH,0.0000,0.0000,0.0000,-0.0000
173789,dynamic,-2.6563,0.0676,3.2039,30.08,2.000,0.6733,-1.1094,1.2977,-0.6029,1.1491,0.000,1,SEARCH,0.0000,0.0000,0.0000,-0.0000
173890,dynamic,-2.6555,0.0674,3.2039,30.08,2.000,0.6733,-1.1094,1.2977,-0.6030,1.1491,0.000,1,SEARCH,0.0000,0.0000,0.0000,-0.0000
173989,dynamic,-2.6552,0.0675,3.2039,30.08,2.000,0.6733,-1.1094,1.2977,-0.6030,1.1491,0.000,1,SEARCH,0.0000,0.0000,0.0000,-0.0000
174097,dynamic,-2.6552,0.0677,3.2039,30.08,2.000,0.6733,-1.1094,1.2977,-0.6030,1.1491,0.000,1,SEARCH,0.0000,0.0000,0.0000,-0.0000
174190,dynamic,-2.6553,0.0677,3.2039,30.08,2.000,0.6713,-1.1058,1.2936,-0.6012,1.1454,0.000,1,SEARCH,0.0000,0.0000,0.0000,-0.0000
174289,dynamic,-2.6555,0.0675,3.2039,30.08,2.000,0.6713,-1.1058,1.2936,-0.6012,1.1454,0.000,1,SEARCH,0.0000,0.0000,0.0000,-0.0000
174389,dynamic,-2.6555,0.0676,3.2039,30.08,2.000,0.6713,-1.1058,1.2936,-0.6011,1.1454,0.000,1,SEARCH,0.0000,0.0000,0.0000,-0.0000
174489,dynamic,-2.6551,0.0678,3.2039,30.08,2.000,0.6713,-1.1058,1.2936,-0.6011,1.1454,0.000,1,SEARCH,0.0000,0.0000,0.0000,-0.0000
174589,dynamic,-2.6543,0.0677,3.2039,30.08,2.000,0.6713,-1.1058,1.2936,-0.6011,1.1454,0.000,1,SEARCH,0.0000,0.0000,0.0000,-0.0000
174697,dynamic,-2.6535,0.0676,3.2039,30.08,2.000,0.6713,-1.1058,1.2936,-0.6011,1.1454,0.000,1,SEARCH,0.0000,0.0000,0.0000,-0.0000
174789,dynamic,-2.6533,0.0676,3.2039,30.08,2.000,0.6706,-1.1046,1.2922,-0.6005,1.1442,0.000,1,SEARCH,0.0000,0.0000,0.0000,-0.0000
174889,dynamic,-2.6534,0.0677,3.2039,30.08,2.000,0.6706,-1.1046,1.2922,-0.6006,1.1442,0.000,1,SEARCH,0.0000,0.0000,0.0000,-0.0000
174989,dynamic,-2.6536,0.0676,3.2039,30.08,2.000,0.6706,-1.1046,1.2922,-0.6006,1.1442,0.000,1,SEARCH,0.0000,0.0000,0.0000,-0.0000
175089,dynamic,-2.6538,0.0675,3.2038,30.08,2.000,0.6706,-1.1046,1.2922,-0.6006,1.1442,0.000,1,SEARCH,0.0000,0.0000,0.0000,-0.0000
175189,dynamic,-2.6541,0.0677,3.2038,30.08,2.000,0.6706,-1.1046,1.2922,-0.6006,1.1442,0.000,1,SEARCH,0.0000,0.0000,0.0000,-0.0000
175290,dynamic,-2.6545,0.0679,3.2039,30.08,2.000,0.6695,-1.1029,1.2902,-0.5996,1.1424,0.000,1,SEARCH,0.0000,0.0000,0.0000,-0.0000
175389,dynamic,-2.6548,0.0682,3.2038,30.08,2.000,0.6695,-1.1029,1.2902,-0.5996,1.1424,0.000,1,SEARCH,0.0000,0.0000,0.0000,-0.0000
175489,dynamic,-2.6552,0.0683,3.2038,30.08,2.000,0.6695,-1.1029,1.2902,-0.5996,1.1424,0.000,1,SEARCH,0.0000,0.0000,0.0000,-0.0000
175589,dynamic,-2.6547,0.0686,3.2038,30.08,2.000,0.6695,-1.1029,1.2902,-0.5996,1.1424,0.000,1,SEARCH,0.0000,0.0000,0.0000,-0.0000
175689,dynamic,-2.6542,0.0689,3.2038,30.08,2.000,0.6695,-1.1029,1.2902,-0.5996,1.1424,0.000,1,SEARCH,0.0000,0.0000,0.0000,-0.0000
175802,dynamic,-2.6546,0.0692,3.2038,30.08,2.000,0.6695,-1.1029,1.2902,-0.5996,1.1424,0.000,1,SEARCH,0.0000,0.0000,0.0000,-0.0000
175889,dynamic,-2.6554,0.0695,3.2038,30.08,2.000,0.6689,-1.1021,1.2892,-0.5991,1.1416,0.000,1,SEARCH,0.0000,0.0000,0.0000,-0.0000
175989,dynamic,-2.6552,0.0693,3.2038,30.08,2.000,0.6689,-1.1021,1.2892,-0.5990,1.1416,0.000,1,SEARCH,0.0000,0.0000,0.0000,-0.0000
176089,dynamic,-2.6547,0.0692,3.2038,30.08,2.000,0.6689,-1.1021,1.2892,-0.5990,1.1416,0.000,1,SEARCH,0.0000,0.0000,0.0000,-0.0000
176189,dynamic,-2.6543,0.0691,3.2038,30.08,2.000,0.6689,-1.1021,1.2892,-0.5991,1.1416,0.000,1,SEARCH,0.0000,0.0000,0.0000,-0.0000
176298,dynamic,-2.6539,0.0691,3.2038,30.08,2.000,0.6689,-1.1021,1.2892,-0.5990,1.1416,0.000,1,SEARCH,0.0000,0.0000,0.0000,-0.0000
176393,dynamic,-2.6539,0.0692,3.2038,30.08,2.000,0.6699,-1.1037,1.2910,-0.5999,1.1432,0.000,1,SEARCH,0.0000,0.0000,0.0000,-0.0000
176489,dynamic,-2.6541,0.0694,3.2039,30.08,2.000,0.6699,-1.1037,1.2910,-0.5999,1.1432,0.000,1,SEARCH,0.0000,0.0000,0.0000,-0.0000
176589,dynamic,-2.6546,0.0695,3.2038,30.08,2.000,0.6699,-1.1037,1.2910,-0.5999,1.1432,0.000,1,SEARCH,0.0000,0.0000,0.0000,-0.0000
176689,dynamic,-2.6552,0.0696,3.2039,30.08,2.000,0.6699,-1.1037,1.2910,-0.5999,1.1432,0.000,1,SEARCH,0.0000,0.0000,0.0000,-0.0000
176789,dynamic,-2.6559,0.0698,3.2039,30.08,2.000,0.6699,-1.1037,1.2910,-0.5999,1.1432,0.000,1,SEARCH,0.0000,0.0000,0.0000,-0.0000
176892,dynamic,-2.6565,0.0700,3.2039,30.08,2.000,0.6699,-1.1037,1.2910,-0.5999,1.1432,0.000,1,SEARCH,0.0000,0.0000,0.0000,-0.0000
176989,dynamic,-2.6567,0.0701,3.2039,30.08,2.000,0.6695,-1.1030,1.2902,-0.5995,1.1425,0.000,1,SEARCH,0.0000,0.0000,0.0000,-0.0000
177089,dynamic,-2.6567,0.0702,3.2039,30.08,2.000,0.6695,-1.1030,1.2902,-0.5995,1.1425,0.000,1,SEARCH,0.0000,0.0000,0.0000,-0.0000
177189,dynamic,-2.6569,0.0703,3.2038,30.08,2.000,0.6695,-1.1030,1.2902,-0.5996,1.1425,0.000,1,SEARCH,0.0000,0.0000,0.0000,-0.0000
177290,dynamic,-2.6573,0.0705,3.2038,30.08,2.000,0.6695,-1.1030,1.2902,-0.5996,1.1425,0.000,1,SEARCH,0.0000,0.0000,0.0000,-0.0000
177399,dynamic,-2.6578,0.0705,3.2039,30.08,2.000,0.6695,-1.1030,1.2902,-0.5996,1.1425,0.000,1,SEARCH,0.0000,0.0000,0.0000,-0.0000
177491,dynamic,-2.6583,0.0705,3.2039,32.72,2.000,-0.1869,-1.7818,1.7915,0.2974,1.7667,0.000,1,SEARCH,0.0000,0.0000,0.0000,-0.0000
177589,dynamic,-2.6584,0.0703,3.2039,32.72,2.000,-0.1869,-1.7818,1.7915,0.2974,1.7667,0.000,1,SEARCH,0.0000,0.0000,0.0000,-0.0000
177689,dynamic,-2.6584,0.0702,3.2038,32.72,2.000,-0.1869,-1.7818,1.7915,0.2973,1.7667,0.000,1,SEARCH,0.0000,0.0000,0.0000,-0.0000
177789,dynamic,-2.6591,0.0702,3.2039,32.72,2.000,-0.1869,-1.7818,1.7915,0.2974,1.7667,0.000,1,SEARCH,0.0000,0.0000,0.0000,-0.0000
177889,dynamic,-2.6600,0.0703,3.2039,32.72,2.000,-0.1869,-1.7818,1.7915,0.2974,1.7667,0.000,1,SEARCH,0.0000,0.0000,0.0000,-0.0000
178000,dynamic,-2.6606,0.0702,3.2039,32.72,2.000,-0.1869,-1.7818,1.7915,0.2974,1.7667,0.000,1,SEARCH,0.0000,0.0000,0.0000,-0.0000
178089,dynamic,-2.6612,0.0700,3.2039,32.44,2.000,-0.1879,-1.7768,1.7867,0.2982,1.7616,0.000,1,SEARCH,0.0000,0.0000,0.0000,-0.0000
178189,dynamic,-2.6619,0.0701,3.2039,32.44,2.000,-0.1879,-1.7768,1.7867,0.2981,1.7617,0.000,1,SEARCH,0.0000,0.0000,0.0000,-0.0000
178289,dynamic,-2.6627,0.0702,3.2039,32.44,2.000,-0.1879,-1.7768,1.7867,0.2982,1.7616,0.000,1,SEARCH,0.0000,0.0000,0.0000,-0.0000
178389,dynamic,-2.6632,0.0704,3.2039,32.44,2.000,-0.1879,-1.7768,1.7867,0.2982,1.7616,0.000,1,SEARCH,0.0000,0.0000,0.0000,-0.0000
178489,dynamic,-2.6636,0.0707,3.2039,32.44,2.000,-0.1879,-1.7768,1.7867,0.2981,1.7616,0.000,1,SEARCH,0.0000,0.0000,0.0000,-0.0000
178591,dynamic,-2.6642,0.0707,3.2039,32.44,2.000,-0.1879,-1.7768,1.7867,0.2982,1.7616,0.000,1,SEARCH,0.0000,0.0000,0.0000,-0.0000
178689,dynamic,-2.6649,0.0707,3.2039,32.63,2.000,-0.1890,-1.7717,1.7818,0.2989,1.7565,0.000,1,SEARCH,0.0000,0.0000,0.0000,-0.0000
178789,dynamic,-2.6652,0.0709,3.2039,32.63,2.000,-0.1890,-1.7717,1.7818,0.2990,1.7565,0.000,1,SEARCH,0.0000,0.0000,0.0000,-0.0000
178889,dynamic,-2.6650,0.0713,3.2039,32.63,2.000,-0.1890,-1.7717,1.7818,0.2990,1.7565,0.000,1,SEARCH,0.0000,0.0000,0.0000,-0.0000
178989,dynamic,-2.6652,0.0713,3.2039,32.63,2.000,-0.1890,-1.7717,1.7818,0.2989,1.7565,0.000,1,SEARCH,0.0000,0.0000,0.0000,-0.0000
179089,dynamic,-2.6658,0.0712,3.2039,32.63,2.000,-0.1890,-1.7717,1.7818,0.2989,1.7565,0.000,1,SEARCH,0.0000,0.0000,0.0000,-0.0000
179192,dynamic,-2.6656,0.0710,3.2039,32.63,2.000,-0.1890,-1.7717,1.7818,0.2989,1.7565,0.000,1,SEARCH,0.0000,0.0000,0.0000,-0.0000
179289,dynamic,-2.6653,0.0708,3.2039,0.00,2.000,0.0000,0.0000,0.0000,-0.0000,0.0000,0.000,0,SEARCH,0.0000,0.0000,0.0000,-0.0000
179389,dynamic,-2.6651,0.0706,3.2039,0.00,2.000,0.0000,0.0000,0.0000,-0.0000,0.0000,0.000,0,SEARCH,0.0000,0.0000,0.0000,-0.0000
179489,dynamic,-2.6649,0.0702,3.2039,0.00,2.000,0.0000,0.0000,0.0000,-0.0000,0.0000,0.000,0,SEARCH,0.0000,0.0000,0.0000,-0.0000
179589,dynamic,-2.6644,0.0701,3.2039,0.00,2.000,0.0000,0.0000,0.0000,-0.0000,0.0000,0.000,0,SEARCH,0.0000,0.0000,0.0000,-0.0000
179689,dynamic,-2.6640,0.0701,3.2039,0.00,2.000,0.0000,0.0000,0.0000,-0.0000,0.0000,0.000,0,SEARCH,0.0000,0.0000,0.0000,-0.0000
179799,dynamic,-2.6635,0.0698,3.2039,0.00,2.000,0.0000,0.0000,0.0000,-0.0000,0.0000,0.000,0,SEARCH,0.0000,0.0000,0.0000,-0.0000
179889,dynamic,-2.6631,0.0694,3.2039,0.00,2.000,0.0000,0.0000,0.0000,-0.0000,0.0000,0.000,0,SEARCH,0.0000,0.0000,0.0000,-0.0000
179989,dynamic,-2.6630,0.0693,3.2039,0.00,2.000,0.0000,0.0000,0.0000,-0.0000,0.0000,0.000,0,SEARCH,0.0000,0.0000,0.0000,-0.0000
180090,dynamic,-2.6631,0.0691,3.2038,0.00,2.000,0.0000,0.0000,0.0000,-0.0000,0.0000,0.000,0,SEARCH,0.0000,0.0000,0.0000,-0.0000
180190,dynamic,-2.6624,0.0690,3.2038,0.00,2.000,0.0000,0.0000,0.0000,-0.0000,0.0000,0.000,0,SEARCH,0.0000,0.0000,0.0000,-0.0000
180301,dynamic,-2.6615,0.0690,3.2038,0.00,2.000,0.0000,0.0000,0.0000,-0.0000,0.0000,0.000,0,SEARCH,0.0000,0.0000,0.0000,-0.0000
180389,dynamic,-2.6611,0.0688,3.2038,0.00,2.000,0.0000,0.0000,0.0000,-0.0000,0.0000,0.000,0,SEARCH,0.0000,0.0000,0.0000,-0.0000
180490,dynamic,-2.6611,0.0685,3.2038,0.00,2.000,0.0000,0.0000,0.0000,-0.0000,0.0000,0.000,0,SEARCH,0.0000,0.0000,0.0000,-0.0000
180589,dynamic,-2.6608,0.0682,3.2038,0.00,2.000,0.0000,0.0000,0.0000,-0.0000,0.0000,0.000,0,SEARCH,0.0000,0.0000,0.0000,-0.0000
180689,dynamic,-2.6605,0.0681,3.2038,0.00,2.000,0.0000,0.0000,0.0000,-0.0000,0.0000,0.000,0,SEARCH,0.0000,0.0000,0.0000,-0.0000
180789,dynamic,-2.6605,0.0678,3.2039,0.00,2.000,0.0000,0.0000,0.0000,-0.0000,0.0000,0.000,0,SEARCH,0.0000,0.0000,0.0000,-0.0000
180889,dynamic,-2.6607,0.0674,3.2039,0.00,2.000,0.0000,0.0000,0.0000,-0.0000,0.0000,0.000,0,SEARCH,0.0000,0.0000,0.0000,-0.0000
180989,dynamic,-2.6605,0.0671,3.2039,0.00,2.000,0.0000,0.0000,0.0000,-0.0000,0.0000,0.000,0,SEARCH,0.0000,0.0000,0.0000,-0.0000
181089,dynamic,-2.6601,0.0669,3.2039,0.00,2.000,0.0000,0.0000,0.0000,-0.0000,0.0000,0.000,0,SEARCH,0.0000,0.0000,0.0000,-0.0000
181191,dynamic,-2.6602,0.0669,3.2039,0.00,2.000,0.0000,0.0000,0.0000,-0.0000,0.0000,0.000,0,SEARCH,0.0000,0.0000,0.0000,-0.0000
181290,dynamic,-2.6606,0.0669,3.2039,0.00,2.000,0.0000,0.0000,0.0000,-0.0000,0.0000,0.000,0,SEARCH,0.0000,0.0000,0.0000,-0.0000
181390,dynamic,-2.6603,0.0667,3.2039,0.00,2.000,0.0000,0.0000,0.0000,-0.0000,0.0000,0.000,0,SEARCH,0.0000,0.0000,0.0000,-0.0000
181493,dynamic,-2.6599,0.0664,3.2039,0.00,2.000,0.0000,0.0000,0.0000,-0.0000,0.0000,0.000,0,SEARCH,0.0000,0.0000,0.0000,-0.0000
181590,dynamic,-2.6593,0.0662,3.2039,0.00,2.000,0.0000,0.0000,0.0000,-0.0000,0.0000,0.000,0,SEARCH,0.0000,0.0000,0.0000,-0.0000
181689,dynamic,-2.6587,0.0662,3.2039,0.00,2.000,0.0000,0.0000,0.0000,-0.0000,0.0000,0.000,0,SEARCH,0.0000,0.0000,0.0000,-0.0000
181790,dynamic,-2.6580,0.0662,3.2039,0.00,2.000,0.0000,0.0000,0.0000,-0.0000,0.0000,0.000,0,SEARCH,0.0000,0.0000,0.0000,-0.0000
181889,dynamic,-2.6573,0.0662,3.2039,0.00,2.000,0.0000,0.0000,0.0000,-0.0000,0.0000,0.000,0,SEARCH,0.0000,0.0000,0.0000,-0.0000
181989,dynamic,-2.6565,0.0663,3.2039,0.00,2.000,0.0000,0.0000,0.0000,-0.0000,0.0000,0.000,0,SEARCH,0.0000,0.0000,0.0000,-0.0000
182096,dynamic,-2.6555,0.0666,3.2039,0.00,2.000,0.0000,0.0000,0.0000,-0.0000,0.0000,0.000,0,SEARCH,0.0000,0.0000,0.0000,-0.0000
182189,dynamic,-2.6553,0.0668,3.2039,0.00,2.000,0.0000,0.0000,0.0000,-0.0000,0.0000,0.000,0,SEARCH,0.0000,0.0000,0.0000,-0.0000
182290,dynamic,-2.6555,0.0670,3.2039,0.00,2.000,0.0000,0.0000,0.0000,-0.0000,0.0000,0.000,0,SEARCH,0.0000,0.0000,0.0000,-0.0000
182391,dynamic,-2.6553,0.0673,3.2039,0.00,2.000,0.0000,0.0000,0.0000,-0.0000,0.0000,0.000,0,SEARCH,0.0000,0.0000,0.0000,-0.0000
182490,dynamic,-2.6549,0.0675,3.2039,0.00,2.000,0.0000,0.0000,0.0000,-0.0000,0.0000,0.000,0,SEARCH,0.0000,0.0000,0.0000,-0.0000
182591,dynamic,-2.6549,0.0677,3.2039,0.00,2.000,0.0000,0.0000,0.0000,-0.0000,0.0000,0.000,0,SEARCH,0.0000,0.0000,0.0000,-0.0000
182700,dynamic,-2.6550,0.0677,3.2039,0.00,2.000,0.0000,0.0000,0.0000,-0.0000,0.0000,0.000,0,SEARCH,0.0000,0.0000,0.0000,-0.0000
182790,dynamic,-2.6554,0.0676,3.2039,0.00,2.000,0.0000,0.0000,0.0000,-0.0000,0.0000,0.000,0,SEARCH,0.0000,0.0000,0.0000,-0.0000
182890,dynamic,-2.6560,0.0674,3.2039,0.00,2.000,0.0000,0.0000,0.0000,-0.0000,0.0000,0.000,0,SEARCH,0.0000,0.0000,0.0000,-0.0000
182989,dynamic,-2.6563,0.0673,3.2039,0.00,2.000,0.0000,0.0000,0.0000,-0.0000,0.0000,0.000,0,SEARCH,0.0000,0.0000,0.0000,-0.0000
183090,dynamic,-2.6564,0.0673,3.2039,0.00,2.000,0.0000,0.0000,0.0000,-0.0000,0.0000,0.000,0,SEARCH,0.0000,0.0000,0.0000,-0.0000
183191,dynamic,-2.6565,0.0676,3.2039,0.00,2.000,0.0000,0.0000,0.0000,-0.0000,0.0000,0.000,0,SEARCH,0.0000,0.0000,0.0000,-0.0000
183298,dynamic,-2.6567,0.0678,3.2039,0.00,2.000,0.0000,0.0000,0.0000,-0.0000,0.0000,0.000,0,SEARCH,0.0000,0.0000,0.0000,-0.0000
183389,dynamic,-2.6571,0.0679,3.2039,32.94,2.000,-0.4456,-1.9814,2.0309,0.5683,1.9497,0.000,1,SEARCH,0.0000,0.0000,0.0000,-0.0000
183489,dynamic,-2.6574,0.0679,3.2039,32.94,2.000,-0.4456,-1.9814,2.0309,0.5682,1.9498,0.000,1,SEARCH,0.0000,0.0000,0.0000,-0.0000
183591,dynamic,-2.6578,0.0681,3.2040,32.94,2.000,-0.4456,-1.9814,2.0309,0.5682,1.9498,0.000,1,SEARCH,0.0000,0.0000,0.0000,-0.0000
183691,dynamic,-2.6581,0.0684,3.2039,32.94,2.000,-0.4456,-1.9814,2.0309,0.5682,1.9498,0.000,1,SEARCH,0.0000,0.0000,0.0000,-0.0000
183790,dynamic,-2.6578,0.0686,3.2039,32.94,2.000,-0.4456,-1.9814,2.0309,0.5682,1.9498,0.000,1,SEARCH,0.0000,0.0000,0.0000,-0.0000
183891,dynamic,-2.6574,0.0687,3.2040,32.94,2.000,-0.4456,-1.9814,2.0309,0.5682,1.9498,0.000,1,SEARCH,0.0000,0.0000,0.0000,-0.0000
183993,dynamic,-2.6569,0.0687,3.2040,32.94,2.000,-0.4456,-1.9814,2.0309,0.5683,1.9497,0.000,1,SEARCH,0.0000,0.0000,0.0000,-0.0000
184090,dynamic,-2.6565,0.0686,3.2039,32.95,2.000,-0.4461,-1.9832,2.0327,0.5688,1.9515,0.000,1,SEARCH,0.0000,0.0000,0.0000,-0.0000
184190,dynamic,-2.6563,0.0687,3.2039,32.95,2.000,-0.4461,-1.9832,2.0327,0.5688,1.9515,0.000,1,SEARCH,0.0000,0.0000,0.0000,-0.0000
184291,dynamic,-2.6562,0.0689,3.2040,32.95,2.000,-0.4461,-1.9832,2.0327,0.5688,1.9515,0.000,1,SEARCH,0.0000,0.0000,0.0000,-0.0000
184390,dynamic,-2.6561,0.0691,3.2040,32.95,2.000,-0.4461,-1.9832,2.0327,0.5689,1.9515,0.000,1,SEARCH,0.0000,0.0000,0.0000,-0.0000
184490,dynamic,-2.6562,0.0692,3.2040,32.95,2.000,-0.4461,-1.9832,2.0327,0.5688,1.9515,0.000,1,SEARCH,0.0000,0.0000,0.0000,-0.0000
184592,dynamic,-2.6563,0.0693,3.2039,32.95,2.000,-0.4461,-1.9832,2.0327,0.5688,1.9515,0.000,1,SEARCH,0.0000,0.0000,0.0000,-0.0000
184691,dynamic,-2.6564,0.0693,3.2039,33.15,2.000,-0.4441,-1.9830,2.0321,0.5668,1.9515,0.000,1,SEARCH,0.0000,0.0000,0.0000,-0.0000
184791,dynamic,-2.6567,0.0696,3.2039,33.15,2.000,-0.4441,-1.9830,2.0321,0.5667,1.9515,0.000,1,SEARCH,0.0000,0.0000,0.0000,-0.0000
184889,dynamic,-2.6571,0.0700,3.2039,33.15,2.000,-0.4441,-1.9830,2.0321,0.5667,1.9515,0.000,1,SEARCH,0.0000,0.0000,0.0000,-0.0000
184990,dynamic,-2.6572,0.0698,3.2039,33.15,2.000,-0.4441,-1.9830,2.0321,0.5667,1.9515,0.000,1,SEARCH,0.0000,0.0000,0.0000,-0.0000
185090,dynamic,-2.6570,0.0693,3.2039,33.15,2.000,-0.4441,-1.9830,2.0321,0.5667,1.9515,0.000,1,SEARCH,0.0000,0.0000,0.0000,-0.0000
185192,dynamic,-2.6566,0.0692,3.2039,33.15,2.000,-0.4441,-1.9830,2.0321,0.5667,1.9515,0.000,1,SEARCH,0.0000,0.0000,0.0000,-0.0000
185291,dynamic,-2.6562,0.0693,3.2039,32.95,2.000,-0.4457,-1.9804,2.0299,0.5680,1.9489,0.000,1,SEARCH,0.0000,0.0000,0.0000,-0.0000
185390,dynamic,-2.6564,0.0692,3.2039,32.95,2.000,-0.4457,-1.9804,2.0299,0.5681,1.9488,0.000,1,SEARCH,0.0000,0.0000,0.0000,-0.0000
185490,dynamic,-2.6570,0.0688,3.2039,32.95,2.000,-0.4457,-1.9804,2.0299,0.5681,1.9488,0.000,1,SEARCH,0.0000,0.0000,0.0000,-0.0000
185592,dynamic,-2.6571,0.0686,3.2039,32.95,2.000,-0.4457,-1.9804,2.0299,0.5681,1.9488,0.000,1,SEARCH,0.0000,0.0000,0.0000,-0.0000
185692,dynamic,-2.6571,0.0684,3.2039,32.95,2.000,-0.4457,-1.9804,2.0299,0.5681,1.9488,0.000,1,SEARCH,0.0000,0.0000,0.0000,-0.0000
185796,dynamic,-2.6576,0.0684,3.2039,32.95,2.000,-0.4457,-1.9804,2.0299,0.5681,1.9488,0.000,1,SEARCH,0.0000,0.0000,0.0000,-0.0000
185891,dynamic,-2.6583,0.0683,3.2038,32.95,2.000,-0.4446,-1.9754,2.0248,0.5666,1.9439,0.000,1,SEARCH,0.0000,0.0000,0.0000,-0.0000
185991,dynamic,-2.6591,0.0682,3.2038,32.95,2.000,-0.4446,-1.9754,2.0248,0.5665,1.9440,0.000,1,SEARCH,0.0000,0.0000,0.0000,-0.0000
186089,dynamic,-2.6600,0.0681,3.2038,32.95,2.000,-0.4446,-1.9754,2.0248,0.5666,1.9440,0.000,1,SEARCH,0.0000,0.0000,0.0000,-0.0000
186192,dynamic,-2.6606,0.0681,3.2038,32.95,2.000,-0.4446,-1.9754,2.0248,0.5666,1.9439,0.000,1,SEARCH,0.0000,0.0000,0.0000,-0.0000
186291,dynamic,-2.6611,0.0680,3.2038,32.95,2.000,-0.4446,-1.9754,2.0248,0.5665,1.9440,0.000,1,SEARCH,0.0000,0.0000,0.0000,-0.0000
186400,dynamic,-2.6611,0.0677,3.2038,32.95,2.000,-0.4446,-1.9754,2.0248,0.5665,1.9440,0.000,1,SEARCH,0.0000,0.0000,0.0000,-0.0000
186492,dynamic,-2.6610,0.0673,3.2038,32.95,2.000,-0.4441,-1.9730,2.0224,0.5659,1.9416,0.000,1,SEARCH,0.0000,0.0000,0.0000,-0.0000
186591,dynamic,-2.6606,0.0670,3.2038,32.95,2.000,-0.4441,-1.9730,2.0224,0.5659,1.9416,0.000,1,SEARCH,0.0000,0.0000,0.0000,-0.0000
186692,dynamic,-2.6601,0.0668,3.2038,32.95,2.000,-0.4441,-1.9730,2.0224,0.5659,1.9416,0.000,1,SEARCH,0.0000,0.0000,0.0000,-0.0000
186791,dynamic,-2.6600,0.0667,3.2038,32.95,2.000,-0.4441,-1.9730,2.0224,0.5660,1.9416,0.000,1,SEARCH,0.0000,0.0000,0.0000,-0.0000
186891,dynamic,-2.6602,0.0668,3.2038,32.95,2.000,-0.4441,-1.9730,2.0224,0.5659,1.9416,0.000,1,SEARCH,0.0000,0.0000,0.0000,-0.0000
186996,dynamic,-2.6604,0.0668,3.2038,32.95,2.000,-0.4441,-1.9730,2.0224,0.5660,1.9416,0.000,1,SEARCH,0.0000,0.0000,0.0000,-0.0000
187092,dynamic,-2.6607,0.0667,3.2038,33.16,2.000,-0.4412,-1.9682,2.0170,0.5626,1.9370,0.000,1,SEARCH,0.0000,0.0000,0.0000,-0.0000
187190,dynamic,-2.6607,0.0669,3.2038,33.16,2.000,-0.4412,-1.9682,2.0170,0.5627,1.9370,0.000,1,SEARCH,0.0000,0.0000,0.0000,-0.0000
187293,dynamic,-2.6607,0.0671,3.2039,33.16,2.000,-0.4412,-1.9682,2.0170,0.5627,1.9369,0.000,1,SEARCH,0.0000,0.0000,0.0000,-0.0000
187391,dynamic,-2.6607,0.0672,3.2038,33.16,2.000,-0.4412,-1.9682,2.0170,0.5627,1.9369,0.000,1,SEARCH,0.0000,0.0000,0.0000,-0.0000
187493,dynamic,-2.6608,0.0675,3.2039,33.16,2.000,-0.4412,-1.9682,2.0170,0.5627,1.9370,0.000,1,SEARCH,0.0000,0.0000,0.0000,-0.0000
187594,dynamic,-2.6602,0.0674,3.2039,33.16,2.000,-0.4412,-1.9682,2.0170,0.5628,1.9369,0.000,1,SEARCH,0.0000,0.0000,0.0000,-0.0000
187691,dynamic,-2.6592,0.0672,3.2038,32.96,2.000,-0.4423,-1.9647,2.0139,0.5637,1.9334,0.000,1,SEARCH,0.0000,0.0000,0.0000,-0.0000
187792,dynamic,-2.6583,0.0670,3.2038,32.96,2.000,-0.4423,-1.9647,2.0139,0.5636,1.9334,0.000,1,SEARCH,0.0000,0.0000,0.0000,-0.0000
187889,dynamic,-2.6573,0.0668,3.2038,32.96,2.000,-0.4423,-1.9647,2.0139,0.5636,1.9334,0.000,1,SEARCH,0.0000,0.0000,0.0000,-0.0000
187995,dynamic,-2.6570,0.0667,3.2038,32.96,2.000,-0.4423,-1.9647,2.0139,0.5635,1.9334,0.000,1,SEARCH,0.0000,0.0000,0.0000,-0.0000
188092,dynamic,-2.6567,0.0666,3.2038,32.96,2.000,-0.4423,-1.9647,2.0139,0.5635,1.9334,0.000,1,SEARCH,0.0000,0.0000,0.0000,-0.0000
188199,dynamic,-2.6565,0.0665,3.2037,32.96,2.000,-0.4423,-1.9647,2.0139,0.5634,1.9335,0.000,1,SEARCH,0.0000,0.0000,0.0000,-0.0000
188290,dynamic,-2.6561,0.0664,3.2037,32.96,2.000,-0.4406,-1.9561,2.0051,0.5612,1.9250,0.000,1,SEARCH,0.0000,0.0000,0.0000,-0.0000
188393,dynamic,-2.6557,0.0663,3.2037,32.96,2.000,-0.4406,-1.9561,2.0051,0.5612,1.9250,0.000,1,SEARCH,0.0000,0.0000,0.0000,-0.0000
188492,dynamic,-2.6551,0.0663,3.2037,32.96,2.000,-0.4406,-1.9561,2.0051,0.5612,1.9250,0.000,1,SEARCH,0.0000,0.0000,0.0000,-0.0000
188593,dynamic,-2.6560,0.0665,3.2037,32.96,2.000,-0.4406,-1.9561,2.0051,0.5612,1.9250,0.000,1,SEARCH,0.0000,0.0000,0.0000,-0.0000
188692,dynamic,-2.6576,0.0668,3.2037,32.96,2.000,-0.4406,-1.9561,2.0051,0.5611,1.9250,0.000,1,SEARCH,0.0000,0.0000,0.0000,-0.0000
188792,dynamic,-2.6574,0.0670,3.2037,32.96,2.000,-0.4406,-1.9561,2.0051,0.5611,1.9250,0.000,1,SEARCH,0.0000,0.0000,0.0000,-0.0000
188895,dynamic,-2.6563,0.0671,3.2037,32.96,2.000,-0.4392,-1.9496,1.9984,0.5593,1.9186,0.000,1,SEARCH,0.0000,0.0000,0.0000,-0.0000
188992,dynamic,-2.6553,0.0669,3.2037,32.96,2.000,-0.4392,-1.9496,1.9984,0.5593,1.9186,0.000,1,SEARCH,0.0000,0.0000,0.0000,-0.0000
189091,dynamic,-2.6543,0.0666,3.2037,32.96,2.000,-0.4392,-1.9496,1.9984,0.5593,1.9186,0.000,1,SEARCH,0.0000,0.0000,0.0000,-0.0000
189192,dynamic,-2.6536,0.0666,3.2037,32.96,2.000,-0.4392,-1.9496,1.9984,0.5593,1.9186,0.000,1,SEARCH,0.0000,0.0000,0.0000,-0.0000
189291,dynamic,-2.6529,0.0666,3.2037,32.96,2.000,-0.4392,-1.9496,1.9984,0.5593,1.9186,0.000,1,SEARCH,0.0000,0.0000,0.0000,-0.0000
189401,dynamic,-2.6525,0.0666,3.2037,32.96,2.000,-0.4392,-1.9496,1.9984,0.5593,1.9186,0.000,1,SEARCH,0.0000,0.0000,0.0000,-0.0000
189492,dynamic,-2.6523,0.0665,3.2037,32.96,2.000,-0.4374,-1.9417,1.9904,0.5570,1.9109,0.000,1,SEARCH,0.0000,0.0000,0.0000,-0.0000
189592,dynamic,-2.6515,0.0664,3.2037,32.96,2.000,-0.4374,-1.9417,1.9904,0.5570,1.9109,0.000,1,SEARCH,0.0000,0.0000,0.0000,-0.0000
189691,dynamic,-2.6505,0.0662,3.2036,32.96,2.000,-0.4374,-1.9417,1.9904,0.5570,1.9109,0.000,1,SEARCH,0.0000,0.0000,0.0000,-0.0000
189790,dynamic,-2.6500,0.0660,3.2036,32.96,2.000,-0.4374,-1.9417,1.9904,0.5569,1.9109,0.000,1,SEARCH,0.0000,0.0000,0.0000,-0.0000
189890,dynamic,-2.6498,0.0658,3.2036,32.96,2.000,-0.4374,-1.9417,1.9904,0.5569,1.9109,0.000,1,SEARCH,0.0000,0.0000,0.0000,-0.0000
190002,dynamic,-2.6492,0.0658,3.2036,32.96,2.000,-0.4374,-1.9417,1.9904,0.5569,1.9109,0.000,1,SEARCH,0.0000,0.0000,0.0000,-0.0000
190090,dynamic,-2.6485,0.0658,3.2036,32.96,2.000,-0.4366,-1.9379,1.9865,0.5559,1.9071,0.000,1,SEARCH,0.0000,0.0000,0.0000,-0.0000
190192,dynamic,-2.6477,0.0658,3.2036,32.96,2.000,-0.4366,-1.9379,1.9865,0.5559,1.9071,0.000,1,SEARCH,0.0000,0.0000,0.0000,-0.0000
190291,dynamic,-2.6467,0.0658,3.2036,32.96,2.000,-0.4366,-1.9379,1.9865,0.5559,1.9071,0.000,1,SEARCH,0.0000,0.0000,0.0000,-0.0000
190393,dynamic,-2.6459,0.0658,3.2036,32.96,2.000,-0.4366,-1.9379,1.9865,0.5559,1.9071,0.000,1,SEARCH,0.0000,0.0000,0.0000,-0.0000
190495,dynamic,-2.6452,0.0658,3.2036,32.96,2.000,-0.4366,-1.9379,1.9865,0.5559,1.9071,0.000,1,SEARCH,0.0000,0.0000,0.0000,-0.0000
190599,dynamic,-2.6446,0.0658,3.2036,32.96,2.000,-0.4366,-1.9379,1.9865,0.5559,1.9071,0.000,1,SEARCH,0.0000,0.0000,0.0000,-0.0000
190692,dynamic,-2.6441,0.0658,3.2037,32.76,2.000,-0.4381,-1.9382,1.9871,0.5574,1.9073,0.000,1,SEARCH,0.0000,0.0000,0.0000,-0.0000
190792,dynamic,-2.6433,0.0657,3.2037,32.76,2.000,-0.4381,-1.9382,1.9871,0.5574,1.9073,0.000,1,SEARCH,0.0000,0.0000,0.0000,-0.0000
190890,dynamic,-2.6425,0.0654,3.2036,32.76,2.000,-0.4381,-1.9382,1.9871,0.5574,1.9073,0.000,1,SEARCH,0.0000,0.0000,0.0000,-0.0000
190991,dynamic,-2.6417,0.0654,3.2036,32.76,2.000,-0.4381,-1.9382,1.9871,0.5574,1.9073,0.000,1,SEARCH,0.0000,0.0000,0.0000,-0.0000
191092,dynamic,-2.6408,0.0655,3.2037,32.76,2.000,-0.4381,-1.9382,1.9871,0.5575,1.9073,0.000,1,SEARCH,0.0000,0.0000,0.0000,-0.0000
191193,dynamic,-2.6408,0.0655,3.2037,32.76,2.000,-0.4381,-1.9382,1.9871,0.5575,1.9073,0.000,1,SEARCH,0.0000,0.0000,0.0000,-0.0000
191292,dynamic,-2.6413,0.0656,3.2037,32.76,2.000,-0.4381,-1.9382,1.9871,0.5576,1.9073,0.000,1,SEARCH,0.0000,0.0000,0.0000,-0.0000
191390,dynamic,-2.6416,0.0654,3.2037,32.76,2.000,-0.4381,-1.9382,1.9871,0.5575,1.9073,0.000,1,SEARCH,0.0000,0.0000,0.0000,-0.0000
191491,dynamic,-2.6415,0.0651,3.2037,32.96,2.000,-0.4353,-1.9342,1.9825,0.5545,1.9034,0.000,1,SEARCH,0.0000,0.0000,0.0000,-0.0000
191591,dynamic,-2.6413,0.0647,3.2037,32.96,2.000,-0.4353,-1.9342,1.9825,0.5545,1.9034,0.000,1,SEARCH,0.0000,0.0000,0.0000,-0.0000
191692,dynamic,-2.6408,0.0644,3.2037,32.96,2.000,-0.4353,-1.9342,1.9825,0.5544,1.9034,0.000,1,SEARCH,0.0000,0.0000,0.0000,-0.0000
191792,dynamic,-2.6421,0.0644,3.2037,32.96,2.000,-0.4353,-1.9342,1.9825,0.5544,1.9034,0.000,1,SEARCH,0.0000,0.0000,0.0000,-0.0000
191891,dynamic,-2.6431,0.0645,3.2037,32.96,2.000,-0.4353,-1.9342,1.9825,0.5544,1.9035,0.000,1,SEARCH,0.0000,0.0000,0.0000,-0.0000
191999,dynamic,-2.6433,0.0650,3.2037,32.96,2.000,-0.4353,-1.9342,1.9825,0.5544,1.9034,0.000,1,SEARCH,0.0000,0.0000,0.0000,-0.0000
192090,dynamic,-2.6429,0.0656,3.2037,32.76,2.000,-0.4364,-1.9312,1.9798,0.5554,1.9003,0.000,1,SEARCH,0.0000,0.0000,0.0000,-0.0000
192195,dynamic,-2.6432,0.0657,3.2037,32.76,2.000,-0.4364,-1.9312,1.9798,0.5554,1.9003,0.000,1,SEARCH,0.0000,0.0000,0.0000,-0.0000
192292,dynamic,-2.6435,0.0656,3.2037,32.76,2.000,-0.4364,-1.9312,1.9798,0.5554,1.9003,0.000,1,SEARCH,0.0000,0.0000,0.0000,-0.0000
192391,dynamic,-2.6438,0.0656,3.2037,32.76,2.000,-0.4364,-1.9312,1.9798,0.5555,1.9003,0.000,1,SEARCH,0.0000,0.0000,0.0000,-0.0000
192493,dynamic,-2.6441,0.0657,3.2038,32.76,2.000,-0.4364,-1.9312,1.9798,0.5555,1.9003,0.000,1,SEARCH,0.0000,0.0000,0.0000,-0.0000
192599,dynamic,-2.6443,0.0659,3.2038,32.76,2.000,-0.4364,-1.9312,1.9798,0.5556,1.9003,0.000,1,SEARCH,0.0000,0.0000,0.0000,-0.0000
192691,dynamic,-2.6445,0.0662,3.2038,32.76,2.000,-0.4361,-1.9300,1.9787,0.5552,1.8992,0.000,1,SEARCH,0.0000,0.0000,0.0000,-0.0000
192792,dynamic,-2.6446,0.0663,3.2037,32.76,2.000,-0.4361,-1.9300,1.9787,0.5551,1.8992,0.000,1,SEARCH,0.0000,0.0000,0.0000,-0.0000
192893,dynamic,-2.6447,0.0662,3.2037,32.76,2.000,-0.4361,-1.9300,1.9787,0.5551,1.8992,0.000,1,SEARCH,0.0000,0.0000,0.0000,-0.0000
192995,dynamic,-2.6448,0.0662,3.2038,32.76,2.000,-0.4361,-1.9300,1.9787,0.5552,1.8992,0.000,1,SEARCH,0.0000,0.0000,0.0000,-0.0000
193098,dynamic,-2.6448,0.0662,3.2038,32.76,2.000,-0.4361,-1.9300,1.9787,0.5552,1.8992,0.000,1,SEARCH,0.0000,0.0000,0.0000,-0.0000
193197,dynamic,-2.6451,0.0662,3.2038,32.75,2.000,-0.4368,-1.9329,1.9816,0.5561,1.9020,0.000,1,SEARCH,0.0000,0.0000,0.0000,-0.0000
193292,dynamic,-2.6455,0.0662,3.2037,32.75,2.000,-0.4368,-1.9329,1.9816,0.5560,1.9020,0.000,1,SEARCH,0.0000,0.0000,0.0000,-0.0000
193396,dynamic,-2.6457,0.0661,3.2037,32.75,2.000,-0.4368,-1.9329,1.9816,0.5560,1.9020,0.000,1,SEARCH,0.0000,0.0000,0.0000,-0.0000
193493,dynamic,-2.6456,0.0661,3.2037,32.75,2.000,-0.4368,-1.9329,1.9816,0.5559,1.9020,0.000,1,SEARCH,0.0000,0.0000,0.0000,-0.0000
193590,dynamic,-2.6462,0.0661,3.2037,32.75,2.000,-0.4368,-1.9329,1.9816,0.5559,1.9020,0.000,1,SEARCH,0.0000,0.0000,0.0000,-0.0000
193702,dynamic,-2.6466,0.0661,3.2037,32.75,2.000,-0.4368,-1.9329,1.9816,0.5559,1.9020,0.000,1,SEARCH,0.0000,0.0000,0.0000,-0.0000
193792,dynamic,-2.6469,0.0662,3.2037,32.95,2.000,-0.4362,-1.9387,1.9872,0.5558,1.9079,0.000,1,SEARCH,0.0000,0.0000,0.0000,-0.0000
193895,dynamic,-2.6470,0.0663,3.2038,32.95,2.000,-0.4362,-1.9387,1.9872,0.5558,1.9079,0.000,1,SEARCH,0.0000,0.0000,0.0000,-0.0000
193992,dynamic,-2.6472,0.0664,3.2038,32.95,2.000,-0.4362,-1.9387,1.9872,0.5559,1.9079,0.000,1,SEARCH,0.0000,0.0000,0.0000,-0.0000
194092,dynamic,-2.6472,0.0664,3.2038,32.95,2.000,-0.4362,-1.9387,1.9872,0.5559,1.9079,0.000,1,SEARCH,0.0000,0.0000,0.0000,-0.0000
194192,dynamic,-2.6479,0.0664,3.2038,32.95,2.000,-0.4362,-1.9387,1.9872,0.5559,1.9079,0.000,1,SEARCH,0.0000,0.0000,0.0000,-0.0000
194291,dynamic,-2.6491,0.0663,3.2038,32.95,2.000,-0.4362,-1.9387,1.9872,0.5559,1.9079,0.000,1,SEARCH,0.0000,0.0000,0.0000,-0.0000
194392,dynamic,-2.6502,0.0664,3.2038,32.95,2.000,-0.4372,-1.9440,1.9925,0.5572,1.9130,0.000,1,SEARCH,0.0000,0.0000,0.0000,-0.0000
194495,dynamic,-2.6511,0.0667,3.2038,32.95,2.000,-0.4372,-1.9440,1.9925,0.5572,1.9130,0.000,1,SEARCH,0.0000,0.0000,0.0000,-0.0000
194593,dynamic,-2.6521,0.0672,3.2038,32.95,2.000,-0.4372,-1.9440,1.9925,0.5572,1.9130,0.000,1,SEARCH,0.0000,0.0000,0.0000,-0.0000
194693,dynamic,-2.6530,0.0677,3.2038,32.95,2.000,-0.4372,-1.9440,1.9925,0.5572,1.9130,0.000,1,SEARCH,0.0000,0.0000,0.0000,-0.0000
194804,dynamic,-2.6544,0.0688,3.2038,32.95,2.000,-0.4372,-1.9440,1.9925,0.5572,1.9130,0.000,1,SEARCH,0.0000,0.0000,0.0000,-0.0000
194894,dynamic,-2.6558,0.0700,3.2038,32.95,2.000,-0.4375,-1.9454,1.9940,0.5576,1.9144,0.000,1,SEARCH,0.0000,0.0000,0.0000,-0.0000
194995,dynamic,-2.6566,0.0709,3.2038,32.95,2.000,-0.4375,-1.9454,1.9940,0.5576,1.9144,0.000,1,SEARCH,0.0000,0.0000,0.0000,-0.0000
195094,dynamic,-2.6569,0.0716,3.2038,32.95,2.000,-0.4375,-1.9454,1.9940,0.5576,1.9144,0.000,1,SEARCH,0.0000,0.0000,0.0000,-0.0000
195192,dynamic,-2.6572,0.0720,3.2038,32.95,2.000,-0.4375,-1.9454,1.9940,0.5576,1.9144,0.000,1,SEARCH,0.0000,0.0000,0.0000,-0.0000
195296,dynamic,-2.6576,0.0721,3.2038,32.95,2.000,-0.4375,-1.9454,1.9940,0.5576,1.9144,0.000,1,SEARCH,0.0000,0.0000,0.0000,-0.0000
195400,dynamic,-2.6583,0.0723,3.2038,32.95,2.000,-0.4375,-1.9454,1.9940,0.5576,1.9144,0.000,1,SEARCH,0.0000,0.0000,0.0000,-0.0000
195498,dynamic,-2.6592,0.0724,3.2038,32.75,2.000,-0.4417,-1.9555,2.0048,0.5625,1.9243,0.000,1,SEARCH,0.0000,0.0000,0.0000,-0.0000
195591,dynamic,-2.6596,0.0726,3.2038,32.75,2.000,-0.4417,-1.9555,2.0048,0.5625,1.9243,0.000,1,SEARCH,0.0000,0.0000,0.0000,-0.0000
195693,dynamic,-2.6599,0.0729,3.2038,32.75,2.000,-0.4417,-1.9555,2.0048,0.5625,1.9243,0.000,1,SEARCH,0.0000,0.0000,0.0000,-0.0000
195794,dynamic,-2.6599,0.0730,3.2038,32.75,2.000,-0.4417,-1.9555,2.0048,0.5625,1.9243,0.000,1,SEARCH,0.0000,0.0000,0.0000,-0.0000
195904,dynamic,-2.6597,0.0730,3.2038,32.75,2.000,-0.4417,-1.9555,2.0048,0.5624,1.9243,0.000,1,SEARCH,0.0000,0.0000,0.0000,-0.0000
195995,dynamic,-2.6600,0.0730,3.2038,32.75,2.000,-0.4427,-1.9602,2.0096,0.5637,1.9289,0.000,1,SEARCH,0.0000,0.0000,0.0000,-0.0000
196095,dynamic,-2.6603,0.0730,3.2038,32.75,2.000,-0.4427,-1.9602,2.0096,0.5637,1.9289,0.000,1,SEARCH,0.0000,0.0000,0.0000,-0.0000
196192,dynamic,-2.6604,0.0731,3.2038,32.75,2.000,-0.4427,-1.9602,2.0096,0.5637,1.9289,0.000,1,SEARCH,0.0000,0.0000,0.0000,-0.0000
196296,dynamic,-2.6605,0.0733,3.2038,32.75,2.000,-0.4427,-1.9602,2.0096,0.5637,1.9289,0.000,1,SEARCH,0.0000,0.0000,0.0000,-0.0000
196394,dynamic,-2.6605,0.0733,3.2038,32.75,2.000,-0.4427,-1.9602,2.0096,0.5638,1.9289,0.000,1,SEARCH,0.0000,0.0000,0.0000,-0.0000
196499,dynamic,-2.6604,0.0732,3.2038,32.75,2.000,-0.4427,-1.9602,2.0096,0.5638,1.9289,0.000,1,SEARCH,0.0000,0.0000,0.0000,-0.0000
196595,dynamic,-2.6605,0.0729,3.2038,32.95,2.000,-0.4408,-1.9598,2.0088,0.5618,1.9286,0.000,1,SEARCH,0.0000,0.0000,0.0000,-0.0000
196694,dynamic,-2.6608,0.0724,3.2038,32.95,2.000,-0.4408,-1.9598,2.0088,0.5618,1.9286,0.000,1,SEARCH,0.0000,0.0000,0.0000,-0.0000
196792,dynamic,-2.6609,0.0719,3.2038,32.95,2.000,-0.4408,-1.9598,2.0088,0.5618,1.9287,0.000,1,SEARCH,0.0000,0.0000,0.0000,-0.0000
196894,dynamic,-2.6608,0.0714,3.2038,32.95,2.000,-0.4408,-1.9598,2.0088,0.5618,1.9287,0.000,1,SEARCH,0.0000,0.0000,0.0000,-0.0000
196998,dynamic,-2.6606,0.0712,3.2038,32.95,2.000,-0.4408,-1.9598,2.0088,0.5618,1.9287,0.000,1,SEARCH,0.0000,0.0000,0.0000,-0.0000
197098,dynamic,-2.6603,0.0712,3.2038,32.95,2.000,-0.4408,-1.9598,2.0088,0.5618,1.9287,0.000,1,SEARCH,0.0000,0.0000,0.0000,-0.0000
197194,dynamic,-2.6598,0.0710,3.2038,32.75,2.000,-0.4432,-1.9619,2.0114,0.5643,1.9306,0.000,1,SEARCH,0.0000,0.0000,0.0000,-0.0000
197294,dynamic,-2.6592,0.0707,3.2038,32.75,2.000,-0.4432,-1.9619,2.0114,0.5644,1.9305,0.000,1,SEARCH,0.0000,0.0000,0.0000,-0.0000
197392,dynamic,-2.6590,0.0708,3.2038,32.75,2.000,-0.4432,-1.9619,2.0114,0.5644,1.9305,0.000,1,SEARCH,0.0000,0.0000,0.0000,-0.0000
197494,dynamic,-2.6590,0.0710,3.2038,32.75,2.000,-0.4432,-1.9619,2.0114,0.5644,1.9305,0.000,1,SEARCH,0.0000,0.0000,0.0000,-0.0000
197599,dynamic,-2.6591,0.0710,3.2038,32.75,2.000,-0.4432,-1.9619,2.0114,0.5644,1.9305,0.000,1,SEARCH,0.0000,0.0000,0.0000,-0.0000
197693,dynamic,-2.6593,0.0709,3.2038,33.15,2.000,-0.4395,-1.9599,2.0086,0.5606,1.9288,0.000,1,SEARCH,0.0000,0.0000,0.0000,-0.0000
197795,dynamic,-2.6590,0.0707,3.2038,33.15,2.000,-0.4395,-1.9599,2.0086,0.5605,1.9288,0.000,1,SEARCH,0.0000,0.0000,0.0000,-0.0000
197895,dynamic,-2.6586,0.0705,3.2038,33.15,2.000,-0.4395,-1.9599,2.0086,0.5605,1.9288,0.000,1,SEARCH,0.0000,0.0000,0.0000,-0.0000
197994,dynamic,-2.6585,0.0701,3.2037,33.15,2.000,-0.4395,-1.9599,2.0086,0.5605,1.9288,0.000,1,SEARCH,0.0000,0.0000,0.0000,-0.0000
198097,dynamic,-2.6585,0.0696,3.2037,33.15,2.000,-0.4395,-1.9599,2.0086,0.5604,1.9288,0.000,1,SEARCH,0.0000,0.0000,0.0000,-0.0000
198193,dynamic,-2.6591,0.0694,3.2038,33.15,2.000,-0.4395,-1.9599,2.0086,0.5604,1.9288,0.000,1,SEARCH,0.0000,0.0000,0.0000,-0.0000
198293,dynamic,-2.6600,0.0693,3.2038,32.96,2.000,-0.4416,-1.9594,2.0086,0.5625,1.9282,0.000,1,SEARCH,0.0000,0.0000,0.0000,-0.0000
198395,dynamic,-2.6602,0.0692,3.2037,32.96,2.000,-0.4416,-1.9594,2.0086,0.5625,1.9282,0.000,1,SEARCH,0.0000,0.0000,0.0000,-0.0000
198495,dynamic,-2.6601,0.0692,3.2038,32.96,2.000,-0.4416,-1.9594,2.0086,0.5624,1.9282,0.000,1,SEARCH,0.0000,0.0000,0.0000,-0.0000
198593,dynamic,-2.6598,0.0691,3.2038,32.96,2.000,-0.4416,-1.9594,2.0086,0.5625,1.9282,0.000,1,SEARCH,0.0000,0.0000,0.0000,-0.0000
198694,dynamic,-2.6594,0.0690,3.2038,32.96,2.000,-0.4416,-1.9594,2.0086,0.5625,1.9282,0.000,1,SEARCH,0.0000,0.0000,0.0000,-0.0000
198796,dynamic,-2.6594,0.0690,3.2038,32.96,2.000,-0.4416,-1.9594,2.0086,0.5626,1.9282,0.000,1,SEARCH,0.0000,0.0000,0.0000,-0.0000
198897,dynamic,-2.6596,0.0691,3.2038,33.16,2.000,-0.4395,-1.9590,2.0077,0.5604,1.9279,0.000,1,SEARCH,0.0000,0.0000,0.0000,-0.0000
198993,dynamic,-2.6596,0.0691,3.2038,33.16,2.000,-0.4395,-1.9590,2.0077,0.5605,1.9279,0.000,1,SEARCH,0.0000,0.0000,0.0000,-0.0000
199091,dynamic,-2.6596,0.0690,3.2039,33.16,2.000,-0.4395,-1.9590,2.0077,0.5605,1.9279,0.000,1,SEARCH,0.0000,0.0000,0.0000,-0.0000
199196,dynamic,-2.6597,0.0691,3.2039,33.16,2.000,-0.4395,-1.9590,2.0077,0.5605,1.9279,0.000,1,SEARCH,0.0000,0.0000,0.0000,-0.0000
199301,dynamic,-2.6598,0.0692,3.2039,33.16,2.000,-0.4395,-1.9590,2.0077,0.5605,1.9279,0.000,1,SEARCH,0.0000,0.0000,0.0000,-0.0000
199390,dynamic,-2.6601,0.0691,3.2039,32.96,2.000,-0.4425,-1.9643,2.0135,0.5639,1.9330,0.000,1,SEARCH,0.0000,0.0000,0.0000,-0.0000
199494,dynamic,-2.6605,0.0688,3.2039,32.96,2.000,-0.4425,-1.9643,2.0135,0.5639,1.9329,0.000,1,SEARCH,0.0000,0.0000,0.0000,-0.0000
199591,dynamic,-2.6604,0.0687,3.2039,32.96,2.000,-0.4425,-1.9643,2.0135,0.5639,1.9329,0.000,1,SEARCH,0.0000,0.0000,0.0000,-0.0000
199693,dynamic,-2.6599,0.0686,3.2039,32.96,2.000,-0.4425,-1.9643,2.0135,0.5639,1.9329,0.000,1,SEARCH,0.0000,0.0000,0.0000,-0.0000
199793,dynamic,-2.6590,0.0685,3.2039,32.96,2.000,-0.4425,-1.9643,2.0135,0.5640,1.9329,0.000,1,SEARCH,0.0000,0.0000,0.0000,-0.0000
199892,dynamic,-2.6581,0.0684,3.2039,32.96,2.000,-0.4425,-1.9643,2.0135,0.5639,1.9329,0.000,1,SEARCH,0.0000,0.0000,0.0000,-0.0000
199991,dynamic,-2.6582,0.0684,3.2039,32.96,2.000,-0.4428,-1.9670,2.0162,0.5645,1.9356,0.000,1,SEARCH,0.0000,0.0000,0.0000,-0.0000
200096,dynamic,-2.6586,0.0684,3.2039,32.96,2.000,-0.4428,-1.9670,2.0162,0.5645,1.9356,0.000,1,SEARCH,0.0000,0.0000,0.0000,-0.0000
200190,dynamic,-2.6590,0.0686,3.2039,32.96,2.000,-0.4428,-1.9670,2.0162,0.5645,1.9356,0.000,1,SEARCH,0.0000,0.0000,0.0000,-0.0000
200291,dynamic,-2.6593,0.0689,3.2039,32.96,2.000,-0.4428,-1.9670,2.0162,0.5646,1.9355,0.000,1,SEARCH,0.0000,0.0000,0.0000,-0.0000
200395,dynamic,-2.6592,0.0692,3.2040,32.96,2.000,-0.4428,-1.9670,2.0162,0.5646,1.9355,0.000,1,SEARCH,0.0000,0.0000,0.0000,-0.0000
200492,dynamic,-2.6590,0.0696,3.2040,32.96,2.000,-0.4428,-1.9670,2.0162,0.5646,1.9355,0.000,1,SEARCH,0.0000,0.0000,0.0000,-0.0000
200590,dynamic,-2.6597,0.0698,3.2040,32.75,2.000,-0.4447,-1.9700,2.0195,0.5666,1.9384,0.000,1,SEARCH,0.0000,0.0000,0.0000,-0.0000
200691,dynamic,-2.6609,0.0699,3.2040,32.75,2.000,-0.4447,-1.9700,2.0195,0.5667,1.9384,0.000,1,SEARCH,0.0000,0.0000,0.0000,-0.0000
200790,dynamic,-2.6609,0.0697,3.2040,32.75,2.000,-0.4447,-1.9700,2.0195,0.5667,1.9384,0.000,1,SEARCH,0.0000,0.0000,0.0000,-0.0000
200890,dynamic,-2.6606,0.0695,3.2040,32.75,2.000,-0.4447,-1.9700,2.0195,0.5667,1.9384,0.000,1,SEARCH,0.0000,0.0000,0.0000,-0.0000
200992,dynamic,-2.6605,0.0694,3.2040,32.75,2.000,-0.4447,-1.9700,2.0195,0.5667,1.9384,0.000,1,SEARCH,0.0000,0.0000,0.0000,-0.0000
201091,dynamic,-2.6603,0.0693,3.2040,33.16,2.000,-0.4424,-1.9749,2.0238,0.5647,1.9434,0.000,1,SEARCH,0.0000,0.0000,0.0000,-0.0000
201190,dynamic,-2.6603,0.0691,3.2040,33.16,2.000,-0.4424,-1.9749,2.0238,0.5647,1.9434,0.000,1,SEARCH,0.0000,0.0000,0.0000,-0.0000
201293,dynamic,-2.6602,0.0689,3.2041,33.16,2.000,-0.4424,-1.9749,2.0238,0.5648,1.9434,0.000,1,SEARCH,0.0000,0.0000,0.0000,-0.0000
201390,dynamic,-2.6603,0.0690,3.2041,33.16,2.000,-0.4424,-1.9749,2.0238,0.5648,1.9434,0.000,1,SEARCH,0.0000,0.0000,0.0000,-0.0000
201490,dynamic,-2.6605,0.0694,3.2041,33.16,2.000,-0.4424,-1.9749,2.0238,0.5649,1.9434,0.000,1,SEARCH,0.0000,0.0000,0.0000,-0.0000
201592,dynamic,-2.6600,0.0693,3.2041,33.16,2.000,-0.4424,-1.9749,2.0238,0.5649,1.9434,0.000,1,SEARCH,0.0000,0.0000,0.0000,-0.0000
201690,dynamic,-2.6593,0.0691,3.2041,33.15,2.000,-0.4431,-1.9789,2.0279,0.5659,1.9473,0.000,1,SEARCH,0.0000,0.0000,0.0000,-0.0000
201790,dynamic,-2.6592,0.0690,3.2041,33.15,2.000,-0.4431,-1.9789,2.0279,0.5659,1.9473,0.000,1,SEARCH,0.0000,0.0000,0.0000,-0.0000
201898,dynamic,-2.6593,0.0688,3.2041,33.15,2.000,-0.4431,-1.9789,2.0279,0.5659,1.9473,0.000,1,SEARCH,0.0000,0.0000,0.0000,-0.0000
201989,dynamic,-2.6596,0.0686,3.2041,33.15,2.000,-0.4431,-1.9789,2.0279,0.5658,1.9473,0.000,1,SEARCH,0.0000,0.0000,0.0000,-0.0000
202090,dynamic,-2.6598,0.0684,3.2041,33.15,2.000,-0.4431,-1.9789,2.0279,0.5658,1.9474,0.000,1,SEARCH,0.0000,0.0000,0.0000,-0.0000
202193,dynamic,-2.6602,0.0681,3.2041,33.15,2.000,-0.4431,-1.9789,2.0279,0.5659,1.9473,0.000,1,SEARCH,0.0000,0.0000,0.0000,-0.0000
202297,dynamic,-2.6607,0.0677,3.2041,32.95,2.000,-0.4469,-1.9874,2.0370,0.5702,1.9556,0.000,1,SEARCH,0.0000,0.0000,0.0000,-0.0000
202391,dynamic,-2.6605,0.0676,3.2041,32.95,2.000,-0.4469,-1.9874,2.0370,0.5701,1.9556,0.000,1,SEARCH,0.0000,0.0000,0.0000,-0.0000
202491,dynamic,-2.6598,0.0676,3.2041,32.95,2.000,-0.4469,-1.9874,2.0370,0.5701,1.9556,0.000,1,SEARCH,0.0000,0.0000,0.0000,-0.0000
202590,dynamic,-2.6594,0.0672,3.2041,32.95,2.000,-0.4469,-1.9874,2.0370,0.5701,1.9556,0.000,1,SEARCH,0.0000,0.0000,0.0000,-0.0000
202691,dynamic,-2.6591,0.0668,3.2041,32.95,2.000,-0.4469,-1.9874,2.0370,0.5702,1.9556,0.000,1,SEARCH,0.0000,0.0000,0.0000,-0.0000
202794,dynamic,-2.6583,0.0667,3.2041,32.95,2.000,-0.4469,-1.9874,2.0370,0.5702,1.9556,0.000,1,SEARCH,0.0000,0.0000,0.0000,-0.0000
202890,dynamic,-2.6572,0.0667,3.2042,32.75,2.000,-0.4493,-1.9921,2.0422,0.5730,1.9601,0.000,1,SEARCH,0.0000,0.0000,0.0000,-0.0000
202990,dynamic,-2.6574,0.0667,3.2042,32.75,2.000,-0.4493,-1.9921,2.0422,0.5730,1.9601,0.000,1,SEARCH,0.0000,0.0000,0.0000,-0.0000
203090,dynamic,-2.6582,0.0666,3.2042,32.75,2.000,-0.4493,-1.9921,2.0422,0.5730,1.9601,0.000,1,SEARCH,0.0000,0.0000,0.0000,-0.0000
203191,dynamic,-2.6586,0.0665,3.2042,32.75,2.000,-0.4493,-1.9921,2.0422,0.5731,1.9601,0.000,1,SEARCH,0.0000,0.0000,0.0000,-0.0000
203300,dynamic,-2.6587,0.0664,3.2042,32.75,2.000,-0.4493,-1.9921,2.0422,0.5731,1.9601,0.000,1,SEARCH,0.0000,0.0000,0.0000,-0.0000
203401,dynamic,-2.6589,0.0664,3.2042,32.75,2.000,-0.4493,-1.9921,2.0422,0.5731,1.9601,0.000,1,SEARCH,0.0000,0.0000,0.0000,-0.0000
203490,dynamic,-2.6589,0.0666,3.2042,32.96,2.000,-0.4486,-1.9949,2.0447,0.5726,1.9629,0.000,1,SEARCH,0.0000,0.0000,0.0000,-0.0000
203590,dynamic,-2.6585,0.0668,3.2042,32.96,2.000,-0.4486,-1.9949,2.0447,0.5726,1.9629,0.000,1,SEARCH,0.0000,0.0000,0.0000,-0.0000
203690,dynamic,-2.6578,0.0672,3.2042,32.96,2.000,-0.4486,-1.9949,2.0447,0.5726,1.9629,0.000,1,SEARCH,0.0000,0.0000,0.0000,-0.0000
203790,dynamic,-2.6577,0.0673,3.2042,32.96,2.000,-0.4486,-1.9949,2.0447,0.5726,1.9629,0.000,1,SEARCH,0.0000,0.0000,0.0000,-0.0000
203894,dynamic,-2.6577,0.0673,3.2042,32.96,2.000,-0.4486,-1.9949,2.0447,0.5725,1.9629,0.000,1,SEARCH,0.0000,0.0000,0.0000,-0.0000
203991,dynamic,-2.6575,0.0674,3.2042,32.95,2.000,-0.4502,-2.0056,2.0555,0.5748,1.9735,0.000,1,SEARCH,0.0000,0.0000,0.0000,-0.0000
204090,dynamic,-2.6572,0.0675,3.2042,32.95,2.000,-0.4502,-2.0056,2.0555,0.5748,1.9735,0.000,1,SEARCH,0.0000,0.0000,0.0000,-0.0000
204190,dynamic,-2.6574,0.0679,3.2042,32.95,2.000,-0.4502,-2.0056,2.0555,0.5748,1.9735,0.000,1,SEARCH,0.0000,0.0000,0.0000,-0.0000
204290,dynamic,-2.6575,0.0683,3.2042,32.95,2.000,-0.4502,-2.0056,2.0555,0.5748,1.9735,0.000,1,SEARCH,0.0000,0.0000,0.0000,-0.0000
204389,dynamic,-2.6572,0.0688,3.2042,32.95,2.000,-0.4502,-2.0056,2.0555,0.5748,1.9735,0.000,1,SEARCH,0.0000,0.0000,0.0000,-0.0000
204500,dynamic,-2.6568,0.0690,3.2042,32.95,2.000,-0.4502,-2.0056,2.0555,0.5748,1.9735,0.000,1,SEARCH,0.0000,0.0000,0.0000,-0.0000
204590,dynamic,-2.6564,0.0692,3.2042,32.95,2.000,-0.4508,-2.0082,2.0582,0.5755,1.9760,0.000,1,SEARCH,0.0000,0.0000,0.0000,-0.0000
204690,dynamic,-2.6563,0.0692,3.2042,32.95,2.000,-0.4508,-2.0082,2.0582,0.5756,1.9760,0.000,1,SEARCH,0.0000,0.0000,0.0000,-0.0000
204790,dynamic,-2.6565,0.0695,3.2042,32.95,2.000,-0.4508,-2.0082,2.0582,0.5755,1.9760,0.000,1,SEARCH,0.0000,0.0000,0.0000,-0.0000
204889,dynamic,-2.6568,0.0698,3.2042,32.95,2.000,-0.4508,-2.0082,2.0582,0.5755,1.9760,0.000,1,SEARCH,0.0000,0.0000,0.0000,-0.0000
204990,dynamic,-2.6572,0.0702,3.2042,32.95,2.000,-0.4508,-2.0082,2.0582,0.5756,1.9760,0.000,1,SEARCH,0.0000,0.0000,0.0000,-0.0000
205090,dynamic,-2.6575,0.0704,3.2042,32.95,2.000,-0.4508,-2.0082,2.0582,0.5756,1.9760,0.000,1,SEARCH,0.0000,0.0000,0.0000,-0.0000
205190,dynamic,-2.6583,0.0705,3.2042,32.75,2.000,-0.4532,-2.0099,2.0603,0.5781,1.9775,0.000,1,SEARCH,0.0000,0.0000,0.0000,-0.0000
205289,dynamic,-2.6592,0.0705,3.2042,32.75,2.000,-0.4532,-2.0099,2.0603,0.5781,1.9775,0.000,1,SEARCH,0.0000,0.0000,0.0000,-0.0000
205390,dynamic,-2.6591,0.0704,3.2042,32.75,2.000,-0.4532,-2.0099,2.0603,0.5781,1.9776,0.000,1,SEARCH,0.0000,0.0000,0.0000,-0.0000
205490,dynamic,-2.6577,0.0702,3.2042,32.75,2.000,-0.4532,-2.0099,2.0603,0.5780,1.9776,0.000,1,SEARCH,0.0000,0.0000,0.0000,-0.0000
205598,dynamic,-2.6583,0.0699,3.2042,32.75,2.000,-0.4532,-2.0099,2.0603,0.5780,1.9776,0.000,1,SEARCH,0.0000,0.0000,0.0000,-0.0000
205689,dynamic,-2.6598,0.0697,3.2042,32.75,2.000,-0.4521,-2.0060,2.0563,0.5767,1.9738,0.000,1,SEARCH,0.0000,0.0000,0.0000,-0.0000
205789,dynamic,-2.6595,0.0696,3.2042,32.75,2.000,-0.4521,-2.0060,2.0563,0.5767,1.9738,0.000,1,SEARCH,0.0000,0.0000,0.0000,-0.0000
205889,dynamic,-2.6588,0.0696,3.2042,32.75,2.000,-0.4521,-2.0060,2.0563,0.5767,1.9738,0.000,1,SEARCH,0.0000,0.0000,0.0000,-0.0000
205989,dynamic,-2.6584,0.0696,3.2042,32.75,2.000,-0.4521,-2.0060,2.0563,0.5768,1.9738,0.000,1,SEARCH,0.0000,0.0000,0.0000,-0.0000
206089,dynamic,-2.6582,0.0696,3.2042,32.75,2.000,-0.4521,-2.0060,2.0563,0.5768,1.9737,0.000,1,SEARCH,0.0000,0.0000,0.0000,-0.0000
206205,dynamic,-2.6574,0.0695,3.2042,32.75,2.000,-0.4521,-2.0060,2.0563,0.5768,1.9738,0.000,1,SEARCH,0.0000,0.0000,0.0000,-0.0000
206289,dynamic,-2.6566,0.0693,3.2042,32.95,2.000,-0.4485,-1.9979,2.0477,0.5727,1.9660,0.000,1,SEARCH,0.0000,0.0000,0.0000,-0.0000
206389,dynamic,-2.6559,0.0689,3.2042,32.95,2.000,-0.4485,-1.9979,2.0477,0.5727,1.9660,0.000,1,SEARCH,0.0000,0.0000,0.0000,-0.0000
206489,dynamic,-2.6554,0.0685,3.2042,32.95,2.000,-0.4485,-1.9979,2.0477,0.5727,1.9659,0.000,1,SEARCH,0.0000,0.0000,0.0000,-0.0000
206589,dynamic,-2.6550,0.0682,3.2043,32.95,2.000,-0.4485,-1.9979,2.0477,0.5728,1.9659,0.000,1,SEARCH,0.0000,0.0000,0.0000,-0.0000
206689,dynamic,-2.6546,0.0680,3.2043,32.95,2.000,-0.4485,-1.9979,2.0477,0.5728,1.9659,0.000,1,SEARCH,0.0000,0.0000,0.0000,-0.0000
206789,dynamic,-2.6542,0.0677,3.2043,32.95,2.000,-0.4485,-1.9979,2.0477,0.5729,1.9659,0.000,1,SEARCH,0.0000,0.0000,0.0000,-0.0000
206890,dynamic,-2.6541,0.0674,3.2043,32.75,2.000,-0.4486,-1.9901,2.0400,0.5725,1.9581,0.000,1,SEARCH,0.0000,0.0000,0.0000,-0.0000
206989,dynamic,-2.6540,0.0673,3.2043,32.75,2.000,-0.4486,-1.9901,2.0400,0.5724,1.9581,0.000,1,SEARCH,0.0000,0.0000,0.0000,-0.0000
207089,dynamic,-2.6540,0.0673,3.2043,32.75,2.000,-0.4486,-1.9901,2.0400,0.5724,1.9581,0.000,1,SEARCH,0.0000,0.0000,0.0000,-0.0000
207189,dynamic,-2.6547,0.0672,3.2043,32.75,2.000,-0.4486,-1.9901,2.0400,0.5724,1.9581,0.000,1,SEARCH,0.0000,0.0000,0.0000,-0.0000
207293,dynamic,-2.6556,0.0670,3.2043,32.75,2.000,-0.4486,-1.9901,2.0400,0.5724,1.9581,0.000,1,SEARCH,0.0000,0.0000,0.0000,-0.0000
207390,dynamic,-2.6560,0.0671,3.2043,32.75,2.000,-0.4457,-1.9777,2.0273,0.5688,1.9459,0.000,1,SEARCH,0.0000,0.0000,0.0000,-0.0000
207489,dynamic,-2.6559,0.0673,3.2043,32.75,2.000,-0.4457,-1.9777,2.0273,0.5688,1.9459,0.000,1,SEARCH,0.0000,0.0000,0.0000,-0.0000
207590,dynamic,-2.6558,0.0671,3.2043,32.75,2.000,-0.4457,-1.9777,2.0273,0.5689,1.9459,0.000,1,SEARCH,0.0000,0.0000,0.0000,-0.0000
207689,dynamic,-2.6557,0.0667,3.2043,32.75,2.000,-0.4457,-1.9777,2.0273,0.5689,1.9459,0.000,1,SEARCH,0.0000,0.0000,0.0000,-0.0000
207789,dynamic,-2.6558,0.0666,3.2044,32.75,2.000,-0.4457,-1.9777,2.0273,0.5689,1.9459,0.000,1,SEARCH,0.0000,0.0000,0.0000,-0.0000
207890,dynamic,-2.6560,0.0665,3.2044,32.75,2.000,-0.4457,-1.9777,2.0273,0.5689,1.9458,0.000,1,SEARCH,0.0000,0.0000,0.0000,-0.0000
207989,dynamic,-2.6553,0.0661,3.2044,32.75,2.000,-0.4454,-1.9769,2.0264,0.5686,1.9450,0.000,1,SEARCH,0.0000,0.0000,0.0000,-0.0000
208089,dynamic,-2.6544,0.0656,3.2044,32.75,2.000,-0.4454,-1.9769,2.0264,0.5686,1.9450,0.000,1,SEARCH,0.0000,0.0000,0.0000,-0.0000
208189,dynamic,-2.6544,0.0657,3.2044,32.75,2.000,-0.4454,-1.9769,2.0264,0.5685,1.9451,0.000,1,SEARCH,0.0000,0.0000,0.0000,-0.0000
208289,dynamic,-2.6549,0.0662,3.2044,32.75,2.000,-0.4454,-1.9769,2.0264,0.5686,1.9450,0.000,1,SEARCH,0.0000,0.0000,0.0000,-0.0000
208390,dynamic,-2.6551,0.0663,3.2044,32.75,2.000,-0.4454,-1.9769,2.0264,0.5686,1.9450,0.000,1,SEARCH,0.0000,0.0000,0.0000,-0.0000
208489,dynamic,-2.6551,0.0661,3.2044,32.95,2.000,-0.4436,-1.9782,2.0273,0.5669,1.9465,0.000,1,SEARCH,0.0000,0.0000,0.0000,-0.0000
208589,dynamic,-2.6552,0.0658,3.2044,32.95,2.000,-0.4436,-1.9782,2.0273,0.5669,1.9465,0.000,1,SEARCH,0.0000,0.0000,0.0000,-0.0000
208689,dynamic,-2.6554,0.0654,3.2044,32.95,2.000,-0.4436,-1.9782,2.0273,0.5669,1.9465,0.000,1,SEARCH,0.0000,0.0000,0.0000,-0.0000
208789,dynamic,-2.6554,0.0655,3.2044,32.95,2.000,-0.4436,-1.9782,2.0273,0.5668,1.9465,0.000,1,SEARCH,0.0000,0.0000,0.0000,-0.0000
208889,dynamic,-2.6553,0.0657,3.2044,32.95,2.000,-0.4436,-1.9782,2.0273,0.5668,1.9465,0.000,1,SEARCH,0.0000,0.0000,0.0000,-0.0000
208990,dynamic,-2.6552,0.0660,3.2044,32.95,2.000,-0.4436,-1.9782,2.0273,0.5668,1.9465,0.000,1,SEARCH,0.0000,0.0000,0.0000,-0.0000
209090,dynamic,-2.6550,0.0663,3.2043,32.75,2.000,-0.4449,-1.9750,2.0245,0.5679,1.9432,0.000,1,SEARCH,0.0000,0.0000,0.0000,-0.0000
209189,dynamic,-2.6550,0.0663,3.2044,32.75,2.000,-0.4449,-1.9750,2.0245,0.5679,1.9432,0.000,1,SEARCH,0.0000,0.0000,0.0000,-0.0000
209289,dynamic,-2.6552,0.0662,3.2044,32.75,2.000,-0.4449,-1.9750,2.0245,0.5679,1.9432,0.000,1,SEARCH,0.0000,0.0000,0.0000,-0.0000
209390,dynamic,-2.6555,0.0662,3.2044,32.75,2.000,-0.4449,-1.9750,2.0245,0.5680,1.9431,0.000,1,SEARCH,0.0000,0.0000,0.0000,-0.0000
209490,dynamic,-2.6559,0.0664,3.2044,32.75,2.000,-0.4449,-1.9750,2.0245,0.5680,1.9431,0.000,1,SEARCH,0.0000,0.0000,0.0000,-0.0000
209593,dynamic,-2.6556,0.0664,3.2045,32.75,2.000,-0.4449,-1.9750,2.0245,0.5681,1.9431,0.000,1,SEARCH,0.0000,0.0000,0.0000,-0.0000
209689,dynamic,-2.6549,0.0662,3.2045,32.95,2.000,-0.4424,-1.9727,2.0217,0.5655,1.9410,0.000,1,SEARCH,0.0000,0.0000,0.0000,-0.0000
209789,dynamic,-2.6540,0.0665,3.2045,32.95,2.000,-0.4424,-1.9727,2.0217,0.5655,1.9410,0.000,1,SEARCH,0.0000,0.0000,0.0000,-0.0000
209890,dynamic,-2.6532,0.0667,3.2045,32.95,2.000,-0.4424,-1.9727,2.0217,0.5655,1.9410,0.000,1,SEARCH,0.0000,0.0000,0.0000,-0.0000
209990,dynamic,-2.6533,0.0672,3.2045,32.95,2.000,-0.4424,-1.9727,2.0217,0.5656,1.9410,0.000,1,SEARCH,0.0000,0.0000,0.0000,-0.0000
210092,dynamic,-2.6540,0.0677,3.2046,32.95,2.000,-0.4424,-1.9727,2.0217,0.5656,1.9410,0.000,1,SEARCH,0.0000,0.0000,0.0000,-0.0000
210189,dynamic,-2.6541,0.0680,3.2046,32.95,2.000,-0.4424,-1.9727,2.0217,0.5657,1.9410,0.000,1,SEARCH,0.0000,0.0000,0.0000,-0.0000
210289,dynamic,-2.6538,0.0682,3.2046,32.75,2.000,-0.4439,-1.9716,2.0210,0.5672,1.9398,0.000,1,SEARCH,0.0000,0.0000,0.0000,-0.0000
210389,dynamic,-2.6537,0.0682,3.2046,32.75,2.000,-0.4439,-1.9716,2.0210,0.5672,1.9397,0.000,1,SEARCH,0.0000,0.0000,0.0000,-0.0000
210489,dynamic,-2.6535,0.0680,3.2046,32.75,2.000,-0.4439,-1.9716,2.0210,0.5672,1.9397,0.000,1,SEARCH,0.0000,0.0000,0.0000,-0.0000
210589,dynamic,-2.6532,0.0680,3.2047,32.75,2.000,-0.4439,-1.9716,2.0210,0.5673,1.9397,0.000,1,SEARCH,0.0000,0.0000,0.0000,-0.0000
210689,dynamic,-2.6529,0.0681,3.2047,32.75,2.000,-0.4439,-1.9716,2.0210,0.5673,1.9397,0.000,1,SEARCH,0.0000,0.0000,0.0000,-0.0000
210795,dynamic,-2.6526,0.0682,3.2047,32.75,2.000,-0.4439,-1.9716,2.0210,0.5673,1.9397,0.000,1,SEARCH,0.0000,0.0000,0.0000,-0.0000
210889,dynamic,-2.6524,0.0684,3.2047,32.75,2.000,-0.4442,-1.9738,2.0231,0.5677,1.9418,0.000,1,SEARCH,0.0000,0.0000,0.0000,-0.0000
210989,dynamic,-2.6519,0.0684,3.2047,32.75,2.000,-0.4442,-1.9738,2.0231,0.5678,1.9418,0.000,1,SEARCH,0.0000,0.0000,0.0000,-0.0000
211090,dynamic,-2.6513,0.0684,3.2047,32.75,2.000,-0.4442,-1.9738,2.0231,0.5677,1.9418,0.000,1,SEARCH,0.0000,0.0000,0.0000,-0.0000
211189,dynamic,-2.6510,0.0683,3.2047,32.75,2.000,-0.4442,-1.9738,2.0231,0.5678,1.9418,0.000,1,SEARCH,0.0000,0.0000,0.0000,-0.0000
211293,dynamic,-2.6510,0.0682,3.2047,32.75,2.000,-0.4442,-1.9738,2.0231,0.5678,1.9418,0.000,1,SEARCH,0.0000,0.0000,0.0000,-0.0000
211389,dynamic,-2.6509,0.0684,3.2047,32.76,2.000,-0.4438,-1.9718,2.0211,0.5673,1.9399,0.000,1,SEARCH,0.0000,0.0000,0.0000,-0.0000
211489,dynamic,-2.6507,0.0687,3.2047,32.76,2.000,-0.4438,-1.9718,2.0211,0.5672,1.9399,0.000,1,SEARCH,0.0000,0.0000,0.0000,-0.0000
211589,dynamic,-2.6511,0.0691,3.2047,32.76,2.000,-0.4438,-1.9718,2.0211,0.5672,1.9399,0.000,1,SEARCH,0.0000,0.0000,0.0000,-0.0000
211689,dynamic,-2.6515,0.0696,3.2047,32.76,2.000,-0.4438,-1.9718,2.0211,0.5672,1.9399,0.000,1,SEARCH,0.0000,0.0000,0.0000,-0.0000
211789,dynamic,-2.6522,0.0699,3.2047,32.76,2.000,-0.4438,-1.9718,2.0211,0.5672,1.9399,0.000,1,SEARCH,0.0000,0.0000,0.0000,-0.0000
211896,dynamic,-2.6529,0.0702,3.2047,32.76,2.000,-0.4438,-1.9718,2.0211,0.5672,1.9399,0.000,1,SEARCH,0.0000,0.0000,0.0000,-0.0000
211989,dynamic,-2.6530,0.0703,3.2047,32.75,2.000,-0.4439,-1.9722,2.0216,0.5674,1.9403,0.000,1,SEARCH,0.0000,0.0000,0.0000,-0.0000
212089,dynamic,-2.6527,0.0705,3.2047,32.75,2.000,-0.4439,-1.9722,2.0216,0.5674,1.9403,0.000,1,SEARCH,0.0000,0.0000,0.0000,-0.0000
212189,dynamic,-2.6524,0.0708,3.2047,32.75,2.000,-0.4439,-1.9722,2.0216,0.5674,1.9403,0.000,1,SEARCH,0.0000,0.0000,0.0000,-0.0000
212290,dynamic,-2.6520,0.0712,3.2047,32.75,2.000,-0.4439,-1.9722,2.0216,0.5674,1.9403,0.000,1,SEARCH,0.0000,0.0000,0.0000,-0.0000
212393,dynamic,-2.6517,0.0715,3.2048,32.75,2.000,-0.4439,-1.9722,2.0216,0.5675,1.9403,0.000,1,SEARCH,0.0000,0.0000,0.0000,-0.0000
212489,dynamic,-2.6514,0.0717,3.2047,32.75,2.000,-0.4436,-1.9721,2.0213,0.5672,1.9401,0.000,1,SEARCH,0.0000,0.0000,0.0000,-0.0000
212589,dynamic,-2.6516,0.0717,3.2047,32.75,2.000,-0.4436,-1.9721,2.0213,0.5672,1.9401,0.000,1,SEARCH,0.0000,0.0000,0.0000,-0.0000
212689,dynamic,-2.6521,0.0715,3.2047,32.75,2.000,-0.4436,-1.9721,2.0213,0.5672,1.9401,0.000,1,SEARCH,0.0000,0.0000,0.0000,-0.0000
212789,dynamic,-2.6524,0.0714,3.2048,32.75,2.000,-0.4436,-1.9721,2.0213,0.5672,1.9401,0.000,1,SEARCH,0.0000,0.0000,0.0000,-0.0000
212889,dynamic,-2.6527,0.0713,3.2047,32.75,2.000,-0.4436,-1.9721,2.0213,0.5672,1.9401,0.000,1,SEARCH,0.0000,0.0000,0.0000,-0.0000
212996,dynamic,-2.6531,0.0711,3.2047,32.75,2.000,-0.4436,-1.9721,2.0213,0.5672,1.9401,0.000,1,SEARCH,0.0000,0.0000,0.0000,-0.0000
213089,dynamic,-2.6534,0.0710,3.2047,32.95,2.000,-0.4415,-1.9713,2.0202,0.5650,1.9396,0.000,1,SEARCH,0.0000,0.0000,0.0000,-0.0000
213189,dynamic,-2.6540,0.0710,3.2047,32.95,2.000,-0.4415,-1.9713,2.0202,0.5650,1.9396,0.000,1,SEARCH,0.0000,0.0000,0.0000,-0.0000
213289,dynamic,-2.6546,0.0711,3.2047,32.95,2.000,-0.4415,-1.9713,2.0202,0.5650,1.9396,0.000,1,SEARCH,0.0000,0.0000,0.0000,-0.0000
213389,dynamic,-2.6546,0.0709,3.2047,32.95,2.000,-0.4415,-1.9713,2.0202,0.5650,1.9396,0.000,1,SEARCH,0.0000,0.0000,0.0000,-0.0000
213489,dynamic,-2.6541,0.0706,3.2047,32.95,2.000,-0.4415,-1.9713,2.0202,0.5649,1.9396,0.000,1,SEARCH,0.0000,0.0000,0.0000,-0.0000
213592,dynamic,-2.6542,0.0702,3.2047,32.95,2.000,-0.4415,-1.9713,2.0202,0.5649,1.9396,0.000,1,SEARCH,0.0000,0.0000,0.0000,-0.0000
213690,dynamic,-2.6546,0.0699,3.2047,32.95,2.000,-0.4417,-1.9721,2.0209,0.5652,1.9403,0.000,1,SEARCH,0.0000,0.0000,0.0000,-0.0000
213789,dynamic,-2.6546,0.0698,3.2048,32.95,2.000,-0.4417,-1.9721,2.0209,0.5652,1.9403,0.000,1,SEARCH,0.0000,0.0000,0.0000,-0.0000
213889,dynamic,-2.6544,0.0698,3.2048,32.95,2.000,-0.4417,-1.9721,2.0209,0.5653,1.9402,0.000,1,SEARCH,0.0000,0.0000,0.0000,-0.0000
213989,dynamic,-2.6544,0.0697,3.2048,32.95,2.000,-0.4417,-1.9721,2.0209,0.5653,1.9402,0.000,1,SEARCH,0.0000,0.0000,0.0000,-0.0000
214101,dynamic,-2.6543,0.0695,3.2048,32.95,2.000,-0.4417,-1.9721,2.0209,0.5653,1.9402,0.000,1,SEARCH,0.0000,0.0000,0.0000,-0.0000
214190,dynamic,-2.6545,0.0693,3.2048,32.75,2.000,-0.4439,-1.9738,2.0231,0.5677,1.9418,0.000,1,SEARCH,0.0000,0.0000,0.0000,-0.0000
214289,dynamic,-2.6547,0.0689,3.2048,32.75,2.000,-0.4439,-1.9738,2.0231,0.5678,1.9418,0.000,1,SEARCH,0.0000,0.0000,0.0000,-0.0000
214389,dynamic,-2.6546,0.0687,3.2049,32.75,2.000,-0.4439,-1.9738,2.0231,0.5678,1.9418,0.000,1,SEARCH,0.0000,0.0000,0.0000,-0.0000
214489,dynamic,-2.6542,0.0683,3.2048,32.75,2.000,-0.4439,-1.9738,2.0231,0.5678,1.9418,0.000,1,SEARCH,0.0000,0.0000,0.0000,-0.0000
214597,dynamic,-2.6540,0.0683,3.2048,32.75,2.000,-0.4439,-1.9738,2.0231,0.5678,1.9418,0.000,1,SEARCH,0.0000,0.0000,0.0000,-0.0000
214689,dynamic,-2.6539,0.0684,3.2048,32.75,2.000,-0.4441,-1.9758,2.0251,0.5681,1.9438,0.000,1,SEARCH,0.0000,0.0000,0.0000,-0.0000
214790,dynamic,-2.6539,0.0684,3.2048,32.75,2.000,-0.4441,-1.9758,2.0251,0.5681,1.9438,0.000,1,SEARCH,0.0000,0.0000,0.0000,-0.0000
214889,dynamic,-2.6538,0.0684,3.2048,32.75,2.000,-0.4441,-1.9758,2.0251,0.5681,1.9438,0.000,1,SEARCH,0.0000,0.0000,0.0000,-0.0000
214989,dynamic,-2.6534,0.0681,3.2048,32.75,2.000,-0.4441,-1.9758,2.0251,0.5680,1.9438,0.000,1,SEARCH,0.0000,0.0000,0.0000,-0.0000
215089,dynamic,-2.6528,0.0678,3.2048,32.75,2.000,-0.4441,-1.9758,2.0251,0.5680,1.9438,0.000,1,SEARCH,0.0000,0.0000,0.0000,-0.0000
215196,dynamic,-2.6530,0.0676,3.2048,32.75,2.000,-0.4441,-1.9758,2.0251,0.5680,1.9438,0.000,1,SEARCH,0.0000,0.0000,0.0000,-0.0000
215290,dynamic,-2.6535,0.0673,3.2048,32.74,2.000,-0.4442,-1.9767,2.0260,0.5681,1.9447,0.000,1,SEARCH,0.0000,0.0000,0.0000,-0.0000
215390,dynamic,-2.6538,0.0671,3.2048,32.74,2.000,-0.4442,-1.9767,2.0260,0.5681,1.9447,0.000,1,SEARCH,0.0000,0.0000,0.0000,-0.0000
215489,dynamic,-2.6538,0.0671,3.2048,32.74,2.000,-0.4442,-1.9767,2.0260,0.5682,1.9447,0.000,1,SEARCH,0.0000,0.0000,0.0000,-0.0000
215589,dynamic,-2.6536,0.0670,3.2048,32.74,2.000,-0.4442,-1.9767,2.0260,0.5682,1.9447,0.000,1,SEARCH,0.0000,0.0000,0.0000,-0.0000
215692,dynamic,-2.6534,0.0667,3.2048,32.74,2.000,-0.4442,-1.9767,2.0260,0.5682,1.9447,0.000,1,SEARCH,0.0000,0.0000,0.0000,-0.0000
215789,dynamic,-2.6529,0.0666,3.2048,32.74,2.000,-0.4442,-1.9767,2.0260,0.5682,1.9447,0.000,1,SEARCH,0.0000,0.0000,0.0000,-0.0000
215889,dynamic,-2.6523,0.0665,3.2048,32.74,2.000,-0.4444,-1.9775,2.0269,0.5685,1.9455,0.000,1,SEARCH,0.0000,0.0000,0.0000,-0.0000
215989,dynamic,-2.6519,0.0665,3.2049,32.74,2.000,-0.4444,-1.9775,2.0269,0.5686,1.9455,0.000,1,SEARCH,0.0000,0.0000,0.0000,-0.0000
216090,dynamic,-2.6518,0.0666,3.2049,32.74,2.000,-0.4444,-1.9775,2.0269,0.5686,1.9455,0.000,1,SEARCH,0.0000,0.0000,0.0000,-0.0000
216189,dynamic,-2.6508,0.0664,3.2049,32.74,2.000,-0.4444,-1.9775,2.0269,0.5686,1.9455,0.000,1,SEARCH,0.0000,0.0000,0.0000,-0.0000
216291,dynamic,-2.6495,0.0661,3.2049,32.74,2.000,-0.4444,-1.9775,2.0269,0.5686,1.9455,0.000,1,SEARCH,0.0000,0.0000,0.0000,-0.0000
216389,dynamic,-2.6482,0.0659,3.2049,32.74,2.000,-0.4430,-1.9720,2.0211,0.5669,1.9400,0.000,1,SEARCH,0.0000,0.0000,0.0000,-0.0000
216489,dynamic,-2.6475,0.0660,3.2049,32.74,2.000,-0.4430,-1.9720,2.0211,0.5669,1.9400,0.000,1,SEARCH,0.0000,0.0000,0.0000,-0.0000
216589,dynamic,-2.6472,0.0661,3.2049,32.74,2.000,-0.4430,-1.9720,2.0211,0.5669,1.9400,0.000,1,SEARCH,0.0000,0.0000,0.0000,-0.0000
216689,dynamic,-2.6471,0.0662,3.2049,32.74,2.000,-0.4430,-1.9720,2.0211,0.5669,1.9400,0.000,1,SEARCH,0.0000,0.0000,0.0000,-0.0000
216792,dynamic,-2.6479,0.0662,3.2049,32.74,2.000,-0.4430,-1.9720,2.0211,0.5670,1.9400,0.000,1,SEARCH,0.0000,0.0000,0.0000,-0.0000
216889,dynamic,-2.6491,0.0661,3.2049,32.95,2.000,-0.4389,-1.9630,2.0115,0.5623,1.9313,0.000,1,SEARCH,0.0000,0.0000,0.0000,-0.0000
216989,dynamic,-2.6490,0.0663,3.2049,32.95,2.000,-0.4389,-1.9630,2.0115,0.5623,1.9313,0.000,1,SEARCH,0.0000,0.0000,0.0000,-0.0000
217089,dynamic,-2.6486,0.0666,3.2049,32.95,2.000,-0.4389,-1.9630,2.0115,0.5623,1.9313,0.000,1,SEARCH,0.0000,0.0000,0.0000,-0.0000
217189,dynamic,-2.6490,0.0667,3.2049,32.95,2.000,-0.4389,-1.9630,2.0115,0.5622,1.9313,0.000,1,SEARCH,0.0000,0.0000,0.0000,-0.0000
217290,dynamic,-2.6497,0.0667,3.2049,32.95,2.000,-0.4389,-1.9630,2.0115,0.5622,1.9313,0.000,1,SEARCH,0.0000,0.0000,0.0000,-0.0000
217390,dynamic,-2.6500,0.0667,3.2049,32.95,2.000,-0.4389,-1.9630,2.0115,0.5622,1.9313,0.000,1,SEARCH,0.0000,0.0000,0.0000,-0.0000
217489,dynamic,-2.6500,0.0665,3.2049,32.75,2.000,-0.4394,-1.9560,2.0047,0.5622,1.9243,0.000,1,SEARCH,0.0000,0.0000,0.0000,-0.0000
217589,dynamic,-2.6495,0.0665,3.2049,32.75,2.000,-0.4394,-1.9560,2.0047,0.5622,1.9243,0.000,1,SEARCH,0.0000,0.0000,0.0000,-0.0000
217689,dynamic,-2.6489,0.0665,3.2049,32.75,2.000,-0.4394,-1.9560,2.0047,0.5622,1.9243,0.000,1,SEARCH,0.0000,0.0000,0.0000,-0.0000
217789,dynamic,-2.6486,0.0665,3.2049,32.75,2.000,-0.4394,-1.9560,2.0047,0.5623,1.9243,0.000,1,SEARCH,0.0000,0.0000,0.0000,-0.0000
217894,dynamic,-2.6485,0.0664,3.2049,32.75,2.000,-0.4394,-1.9560,2.0047,0.5623,1.9243,0.000,1,SEARCH,0.0000,0.0000,0.0000,-0.0000
217989,dynamic,-2.6487,0.0662,3.2049,32.95,2.000,-0.4364,-1.9480,1.9963,0.5588,1.9165,0.000,1,SEARCH,0.0000,0.0000,0.0000,-0.0000
218089,dynamic,-2.6489,0.0661,3.2049,32.95,2.000,-0.4364,-1.9480,1.9963,0.5588,1.9165,0.000,1,SEARCH,0.0000,0.0000,0.0000,-0.0000
218190,dynamic,-2.6493,0.0658,3.2050,32.95,2.000,-0.4364,-1.9480,1.9963,0.5589,1.9165,0.000,1,SEARCH,0.0000,0.0000,0.0000,-0.0000
218289,dynamic,-2.6497,0.0654,3.2050,32.95,2.000,-0.4364,-1.9480,1.9963,0.5590,1.9164,0.000,1,SEARCH,0.0000,0.0000,0.0000,-0.0000
218398,dynamic,-2.6499,0.0654,3.2050,32.95,2.000,-0.4364,-1.9480,1.9963,0.5590,1.9164,0.000,1,SEARCH,0.0000,0.0000,0.0000,-0.0000
218489,dynamic,-2.6500,0.0656,3.2051,33.17,2.000,-0.4354,-1.9459,1.9940,0.5579,1.9144,0.000,1,SEARCH,0.0000,0.0000,0.0000,-0.0000
218590,dynamic,-2.6499,0.0660,3.2051,33.17,2.000,-0.4354,-1.9459,1.9940,0.5579,1.9144,0.000,1,SEARCH,0.0000,0.0000,0.0000,-0.0000
218689,dynamic,-2.6497,0.0665,3.2051,33.17,2.000,-0.4354,-1.9459,1.9940,0.5580,1.9144,0.000,1,SEARCH,0.0000,0.0000,0.0000,-0.0000
218789,dynamic,-2.6496,0.0667,3.2051,33.17,2.000,-0.4354,-1.9459,1.9940,0.5581,1.9144,0.000,1,SEARCH,0.0000,0.0000,0.0000,-0.0000
218889,dynamic,-2.6495,0.0667,3.2051,33.17,2.000,-0.4354,-1.9459,1.9940,0.5581,1.9144,0.000,1,SEARCH,0.0000,0.0000,0.0000,-0.0000
218994,dynamic,-2.6499,0.0669,3.2051,33.17,2.000,-0.4354,-1.9459,1.9940,0.5580,1.9144,0.000,1,SEARCH,0.0000,0.0000,0.0000,-0.0000
219089,dynamic,-2.6505,0.0670,3.2051,33.13,2.000,-0.4307,-1.9399,1.9872,0.5530,1.9087,0.000,1,SEARCH,0.0000,0.0000,0.0000,-0.0000
219189,dynamic,-2.6503,0.0669,3.2051,33.13,2.000,-0.4307,-1.9399,1.9872,0.5530,1.9087,0.000,1,SEARCH,0.0000,0.0000,0.0000,-0.0000
219289,dynamic,-2.6496,0.0666,3.2051,33.13,2.000,-0.4307,-1.9399,1.9872,0.5530,1.9087,0.000,1,SEARCH,0.0000,0.0000,0.0000,-0.0000
219389,dynamic,-2.6488,0.0667,3.2051,33.13,2.000,-0.4307,-1.9399,1.9872,0.5530,1.9087,0.000,1,SEARCH,0.0000,0.0000,0.0000,-0.0000
219489,dynamic,-2.6478,0.0669,3.2051,33.13,2.000,-0.4307,-1.9399,1.9872,0.5530,1.9087,0.000,1,SEARCH,0.0000,0.0000,0.0000,-0.0000
219589,dynamic,-2.6482,0.0671,3.2052,33.13,2.000,-0.4307,-1.9399,1.9872,0.5531,1.9087,0.000,1,SEARCH,0.0000,0.0000,0.0000,-0.0000
219689,dynamic,-2.6491,0.0672,3.2052,33.13,2.000,-0.4307,-1.9399,1.9872,0.5531,1.9087,0.000,1,SEARCH,0.0000,0.0000,0.0000,-0.0000
219797,dynamic,-2.6501,0.0671,3.2052,33.13,2.000,-0.4307,-1.9399,1.9872,0.5531,1.9086,0.000,1,SEARCH,0.0000,0.0000,0.0000,-0.0000
219890,dynamic,-2.6513,0.0669,3.2052,33.18,2.000,-0.4337,-1.9395,1.9874,0.5562,1.9080,0.000,1,SEARCH,0.0000,0.0000,0.0000,-0.0000
219989,dynamic,-2.6514,0.0667,3.2052,33.18,2.000,-0.4337,-1.9395,1.9874,0.5562,1.9080,0.000,1,SEARCH,0.0000,0.0000,0.0000,-0.0000
220089,dynamic,-2.6511,0.0665,3.2052,33.18,2.000,-0.4337,-1.9395,1.9874,0.5562,1.9080,0.000,1,SEARCH,0.0000,0.0000,0.0000,-0.0000
220189,dynamic,-2.6510,0.0664,3.2052,33.18,2.000,-0.4337,-1.9395,1.9874,0.5562,1.9080,0.000,1,SEARCH,0.0000,0.0000,0.0000,-0.0000
220289,dynamic,-2.6511,0.0663,3.2052,33.18,2.000,-0.4337,-1.9395,1.9874,0.5561,1.9080,0.000,1,SEARCH,0.0000,0.0000,0.0000,-0.0000
220398,dynamic,-2.6514,0.0662,3.2052,33.18,2.000,-0.4337,-1.9395,1.9874,0.5561,1.9080,0.000,1,SEARCH,0.0000,0.0000,0.0000,-0.0000
220489,dynamic,-2.6518,0.0661,3.2052,33.36,2.000,-0.4295,-1.9369,1.9839,0.5517,1.9056,0.000,1,SEARCH,0.0000,0.0000,0.0000,-0.0000
220589,dynamic,-2.6520,0.0666,3.2052,33.36,2.000,-0.4295,-1.9369,1.9839,0.5517,1.9056,0.000,1,SEARCH,0.0000,0.0000,0.0000,-0.0000
220689,dynamic,-2.6520,0.0672,3.2052,33.36,2.000,-0.4295,-1.9369,1.9839,0.5518,1.9056,0.000,1,SEARCH,0.0000,0.0000,0.0000,-0.0000
220789,dynamic,-2.6530,0.0674,3.2053,33.36,2.000,-0.4295,-1.9369,1.9839,0.5518,1.9056,0.000,1,SEARCH,0.0000,0.0000,0.0000,-0.0000
220889,dynamic,-2.6543,0.0673,3.2053,33.36,2.000,-0.4295,-1.9369,1.9839,0.5518,1.9056,0.000,1,SEARCH,0.0000,0.0000,0.0000,-0.0000
220992,dynamic,-2.6549,0.0674,3.2053,33.36,2.000,-0.4295,-1.9369,1.9839,0.5518,1.9056,0.000,1,SEARCH,0.0000,0.0000,0.0000,-0.0000
221089,dynamic,-2.6551,0.0675,3.2053,33.18,2.000,-0.4347,-1.9447,1.9927,0.5575,1.9131,0.000,1,SEARCH,0.0000,0.0000,0.0000,-0.0000
221189,dynamic,-2.6553,0.0675,3.2053,33.18,2.000,-0.4347,-1.9447,1.9927,0.5575,1.9131,0.000,1,SEARCH,0.0000,0.0000,0.0000,-0.0000
221289,dynamic,-2.6557,0.0673,3.2053,33.18,2.000,-0.4347,-1.9447,1.9927,0.5575,1.9131,0.000,1,SEARCH,0.0000,0.0000,0.0000,-0.0000
221389,dynamic,-2.6561,0.0673,3.2053,33.18,2.000,-0.4347,-1.9447,1.9927,0.5576,1.9131,0.000,1,SEARCH,0.0000,0.0000,0.0000,-0.0000
221493,dynamic,-2.6566,0.0674,3.2053,33.18,2.000,-0.4347,-1.9447,1.9927,0.5575,1.9131,0.000,1,SEARCH,0.0000,0.0000,0.0000,-0.0000
221589,dynamic,-2.6571,0.0674,3.2052,33.36,2.000,-0.4327,-1.9523,1.9997,0.5561,1.9208,0.000,1,SEARCH,0.0000,0.0000,0.0000,-0.0000
221689,dynamic,-2.6576,0.0673,3.2053,33.36,2.000,-0.4327,-1.9523,1.9997,0.5561,1.9208,0.000,1,SEARCH,0.0000,0.0000,0.0000,-0.0000
221789,dynamic,-2.6583,0.0673,3.2052,33.36,2.000,-0.4327,-1.9523,1.9997,0.5560,1.9208,0.000,1,SEARCH,0.0000,0.0000,0.0000,-0.0000
221890,dynamic,-2.6592,0.0673,3.2052,33.36,2.000,-0.4327,-1.9523,1.9997,0.5560,1.9208,0.000,1,SEARCH,0.0000,0.0000,0.0000,-0.0000
221989,dynamic,-2.6597,0.0673,3.2052,33.36,2.000,-0.4327,-1.9523,1.9997,0.5560,1.9208,0.000,1,SEARCH,0.0000,0.0000,0.0000,-0.0000
222090,dynamic,-2.6601,0.0673,3.2052,33.36,2.000,-0.4327,-1.9523,1.9997,0.5560,1.9208,0.000,1,SEARCH,0.0000,0.0000,0.0000,-0.0000
222189,dynamic,-2.6604,0.0673,3.2052,33.36,2.000,-0.4336,-1.9563,2.0038,0.5571,1.9248,0.000,1,SEARCH,0.0000,0.0000,0.0000,-0.0000
222289,dynamic,-2.6607,0.0672,3.2052,33.36,2.000,-0.4336,-1.9563,2.0038,0.5571,1.9248,0.000,1,SEARCH,0.0000,0.0000,0.0000,-0.0000
222389,dynamic,-2.6607,0.0671,3.2052,33.36,2.000,-0.4336,-1.9563,2.0038,0.5572,1.9248,0.000,1,SEARCH,0.0000,0.0000,0.0000,-0.0000
222489,dynamic,-2.6606,0.0669,3.2052,33.36,2.000,-0.4336,-1.9563,2.0038,0.5572,1.9248,0.000,1,SEARCH,0.0000,0.0000,0.0000,-0.0000
222592,dynamic,-2.6605,0.0669,3.2052,33.36,2.000,-0.4336,-1.9563,2.0038,0.5572,1.9248,0.000,1,SEARCH,0.0000,0.0000,0.0000,-0.0000
222689,dynamic,-2.6602,0.0671,3.2052,33.17,2.000,-0.4385,-1.9626,2.0110,0.5624,1.9308,0.000,1,SEARCH,0.0000,0.0000,0.0000,-0.0000
222789,dynamic,-2.6604,0.0675,3.2052,33.17,2.000,-0.4385,-1.9626,2.0110,0.5624,1.9308,0.000,1,SEARCH,0.0000,0.0000,0.0000,-0.0000
222889,dynamic,-2.6608,0.0680,3.2052,33.17,2.000,-0.4385,-1.9626,2.0110,0.5625,1.9308,0.000,1,SEARCH,0.0000,0.0000,0.0000,-0.0000
222989,dynamic,-2.6611,0.0684,3.2053,33.17,2.000,-0.4385,-1.9626,2.0110,0.5625,1.9308,0.000,1,SEARCH,0.0000,0.0000,0.0000,-0.0000
223089,dynamic,-2.6613,0.0688,3.2053,33.17,2.000,-0.4385,-1.9626,2.0110,0.5625,1.9308,0.000,1,SEARCH,0.0000,0.0000,0.0000,-0.0000
223195,dynamic,-2.6611,0.0688,3.2053,33.17,2.000,-0.4385,-1.9626,2.0110,0.5626,1.9307,0.000,1,SEARCH,0.0000,0.0000,0.0000,-0.0000
223289,dynamic,-2.6607,0.0685,3.2053,33.36,2.000,-0.4360,-1.9674,2.0151,0.5604,1.9356,0.000,1,SEARCH,0.0000,0.0000,0.0000,-0.0000
223390,dynamic,-2.6603,0.0684,3.2053,33.36,2.000,-0.4360,-1.9674,2.0151,0.5604,1.9356,0.000,1,SEARCH,0.0000,0.0000,0.0000,-0.0000
223490,dynamic,-2.6600,0.0684,3.2053,33.36,2.000,-0.4360,-1.9674,2.0151,0.5604,1.9356,0.000,1,SEARCH,0.0000,0.0000,0.0000,-0.0000
223590,dynamic,-2.6601,0.0687,3.2053,33.36,2.000,-0.4360,-1.9674,2.0151,0.5604,1.9356,0.000,1,SEARCH,0.0000,0.0000,0.0000,-0.0000
223689,dynamic,-2.6603,0.0689,3.2053,33.36,2.000,-0.4360,-1.9674,2.0151,0.5604,1.9356,0.000,1,SEARCH,0.0000,0.0000,0.0000,-0.0000
223794,dynamic,-2.6602,0.0689,3.2053,33.36,2.000,-0.4360,-1.9674,2.0151,0.5604,1.9356,0.000,1,SEARCH,0.0000,0.0000,0.0000,-0.0000
223889,dynamic,-2.6600,0.0687,3.2053,33.35,2.000,-0.4365,-1.9708,2.0185,0.5611,1.9390,0.000,1,SEARCH,0.0000,0.0000,0.0000,-0.0000
223989,dynamic,-2.6600,0.0686,3.2053,33.35,2.000,-0.4365,-1.9708,2.0185,0.5612,1.9390,0.000,1,SEARCH,0.0000,0.0000,0.0000,-0.0000
224089,dynamic,-2.6602,0.0686,3.2053,33.35,2.000,-0.4365,-1.9708,2.0185,0.5612,1.9390,0.000,1,SEARCH,0.0000,0.0000,0.0000,-0.0000
224189,dynamic,-2.6596,0.0686,3.2053,33.35,2.000,-0.4365,-1.9708,2.0185,0.5611,1.9390,0.000,1,SEARCH,0.0000,0.0000,0.0000,-0.0000
224295,dynamic,-2.6590,0.0686,3.2053,33.35,2.000,-0.4365,-1.9708,2.0185,0.5611,1.9390,0.000,1,SEARCH,0.0000,0.0000,0.0000,-0.0000
224391,dynamic,-2.6588,0.0686,3.2053,33.35,2.000,-0.4365,-1.9708,2.0185,0.5611,1.9390,0.000,1,SEARCH,0.0000,0.0000,0.0000,-0.0000
224489,dynamic,-2.6591,0.0685,3.2053,33.35,2.000,-0.4372,-1.9739,2.0218,0.5620,1.9421,0.000,1,SEARCH,0.0000,0.0000,0.0000,-0.0000
224589,dynamic,-2.6580,0.0683,3.2053,33.35,2.000,-0.4372,-1.9739,2.0218,0.5620,1.9421,0.000,1,SEARCH,0.0000,0.0000,0.0000,-0.0000
224689,dynamic,-2.6566,0.0680,3.2053,33.35,2.000,-0.4372,-1.9739,2.0218,0.5620,1.9421,0.000,1,SEARCH,0.0000,0.0000,0.0000,-0.0000
224790,dynamic,-2.6561,0.0679,3.2053,33.35,2.000,-0.4372,-1.9739,2.0218,0.5621,1.9421,0.000,1,SEARCH,0.0000,0.0000,0.0000,-0.0000
224897,dynamic,-2.6559,0.0678,3.2054,33.35,2.000,-0.4372,-1.9739,2.0218,0.5621,1.9421,0.000,1,SEARCH,0.0000,0.0000,0.0000,-0.0000
224993,dynamic,-2.6555,0.0679,3.2054,33.11,2.000,-0.4349,-1.9692,2.0166,0.5595,1.9375,0.000,1,SEARCH,0.0000,0.0000,0.0000,-0.0000
225090,dynamic,-2.6549,0.0680,3.2054,33.11,2.000,-0.4349,-1.9692,2.0166,0.5596,1.9375,0.000,1,SEARCH,0.0000,0.0000,0.0000,-0.0000
225190,dynamic,-2.6547,0.0681,3.2054,33.11,2.000,-0.4349,-1.9692,2.0166,0.5596,1.9374,0.000,1,SEARCH,0.0000,0.0000,0.0000,-0.0000
225290,dynamic,-2.6547,0.0681,3.2054,33.11,2.000,-0.4349,-1.9692,2.0166,0.5596,1.9374,0.000,1,SEARCH,0.0000,0.0000,0.0000,-0.0000
225390,dynamic,-2.6546,0.0680,3.2054,33.11,2.000,-0.4349,-1.9692,2.0166,0.5596,1.9374,0.000,1,SEARCH,0.0000,0.0000,0.0000,-0.0000
225494,dynamic,-2.6546,0.0678,3.2054,33.11,2.000,-0.4349,-1.9692,2.0166,0.5596,1.9374,0.000,1,SEARCH,0.0000,0.0000,0.0000,-0.0000
225596,dynamic,-2.6542,0.0679,3.2054,33.11,2.000,-0.4349,-1.9692,2.0166,0.5597,1.9374,0.000,1,SEARCH,0.0000,0.0000,0.0000,-0.0000
225691,dynamic,-2.6536,0.0680,3.2054,33.11,2.000,-0.4351,-1.9707,2.0182,0.5599,1.9389,0.000,1,SEARCH,0.0000,0.0000,0.0000,-0.0000
225790,dynamic,-2.6527,0.0680,3.2055,33.11,2.000,-0.4351,-1.9707,2.0182,0.5600,1.9389,0.000,1,SEARCH,0.0000,0.0000,0.0000,-0.0000
225890,dynamic,-2.6517,0.0679,3.2055,33.11,2.000,-0.4351,-1.9707,2.0182,0.5600,1.9389,0.000,1,SEARCH,0.0000,0.0000,0.0000,-0.0000
225991,dynamic,-2.6514,0.0681,3.2055,33.11,2.000,-0.4351,-1.9707,2.0182,0.5600,1.9389,0.000,1,SEARCH,0.0000,0.0000,0.0000,-0.0000
226090,dynamic,-2.6515,0.0684,3.2055,33.11,2.000,-0.4351,-1.9707,2.0182,0.5600,1.9389,0.000,1,SEARCH,0.0000,0.0000,0.0000,-0.0000
226202,dynamic,-2.6514,0.0686,3.2054,33.11,2.000,-0.4351,-1.9707,2.0182,0.5600,1.9389,0.000,1,SEARCH,0.0000,0.0000,0.0000,-0.0000
226290,dynamic,-2.6514,0.0688,3.2054,33.11,2.000,-0.4353,-1.9725,2.0200,0.5603,1.9407,0.000,1,SEARCH,0.0000,0.0000,0.0000,-0.0000
226389,dynamic,-2.6511,0.0690,3.2054,33.11,2.000,-0.4353,-1.9725,2.0200,0.5603,1.9407,0.000,1,SEARCH,0.0000,0.0000,0.0000,-0.0000
226489,dynamic,-2.6507,0.0693,3.2054,33.11,2.000,-0.4353,-1.9725,2.0200,0.5602,1.9407,0.000,1,SEARCH,0.0000,0.0000,0.0000,-0.0000
226589,dynamic,-2.6502,0.0695,3.2054,33.11,2.000,-0.4353,-1.9725,2.0200,0.5602,1.9407,0.000,1,SEARCH,0.0000,0.0000,0.0000,-0.0000
226689,dynamic,-2.6498,0.0697,3.2054,33.11,2.000,-0.4353,-1.9725,2.0200,0.5602,1.9407,0.000,1,SEARCH,0.0000,0.0000,0.0000,-0.0000
226809,dynamic,-2.6500,0.0698,3.2054,33.11,2.000,-0.4353,-1.9725,2.0200,0.5602,1.9407,0.000,1,SEARCH,0.0000,0.0000,0.0000,-0.0000
226889,dynamic,-2.6505,0.0700,3.2054,33.11,2.000,-0.4357,-1.9737,2.0212,0.5608,1.9419,0.000,1,SEARCH,0.0000,0.0000,0.0000,-0.0000
226989,dynamic,-2.6506,0.0702,3.2055,33.11,2.000,-0.4357,-1.9737,2.0212,0.5608,1.9419,0.000,1,SEARCH,0.0000,0.0000,0.0000,-0.0000
227089,dynamic,-2.6505,0.0704,3.2055,33.11,2.000,-0.4357,-1.9737,2.0212,0.5609,1.9418,0.000,1,SEARCH,0.0000,0.0000,0.0000,-0.0000
227189,dynamic,-2.6506,0.0706,3.2055,33.11,2.000,-0.4357,-1.9737,2.0212,0.5609,1.9418,0.000,1,SEARCH,0.0000,0.0000,0.0000,-0.0000
227290,dynamic,-2.6507,0.0707,3.2055,33.11,2.000,-0.4357,-1.9737,2.0212,0.5609,1.9418,0.000,1,SEARCH,0.0000,0.0000,0.0000,-0.0000
227397,dynamic,-2.6510,0.0708,3.2055,33.11,2.000,-0.4357,-1.9737,2.0212,0.5609,1.9418,0.000,1,SEARCH,0.0000,0.0000,0.0000,-0.0000
227489,dynamic,-2.6516,0.0709,3.2055,33.11,2.000,-0.4358,-1.9748,2.0223,0.5611,1.9429,0.000,1,SEARCH,0.0000,0.0000,0.0000,-0.0000
227589,dynamic,-2.6518,0.0711,3.2055,33.11,2.000,-0.4358,-1.9748,2.0223,0.5611,1.9429,0.000,1,SEARCH,0.0000,0.0000,0.0000,-0.0000
227690,dynamic,-2.6518,0.0713,3.2055,33.11,2.000,-0.4358,-1.9748,2.0223,0.5611,1.9429,0.000,1,SEARCH,0.0000,0.0000,0.0000,-0.0000
227791,dynamic,-2.6518,0.0713,3.2055,33.11,2.000,-0.4358,-1.9748,2.0223,0.5611,1.9429,0.000,1,SEARCH,0.0000,0.0000,0.0000,-0.0000
227889,dynamic,-2.6519,0.0712,3.2055,33.11,2.000,-0.4358,-1.9748,2.0223,0.5611,1.9429,0.000,1,SEARCH,0.0000,0.0000,0.0000,-0.0000
227991,dynamic,-2.6522,0.0712,3.2055,33.11,2.000,-0.4358,-1.9748,2.0223,0.5611,1.9429,0.000,1,SEARCH,0.0000,0.0000,0.0000,-0.0000
228090,dynamic,-2.6527,0.0712,3.2055,33.11,2.000,-0.4354,-1.9731,2.0206,0.5606,1.9412,0.000,1,SEARCH,0.0000,0.0000,0.0000,-0.0000
228189,dynamic,-2.6529,0.0713,3.2055,33.11,2.000,-0.4354,-1.9731,2.0206,0.5605,1.9413,0.000,1,SEARCH,0.0000,0.0000,0.0000,-0.0000
228289,dynamic,-2.6532,0.0715,3.2055,33.11,2.000,-0.4354,-1.9731,2.0206,0.5606,1.9412,0.000,1,SEARCH,0.0000,0.0000,0.0000,-0.0000
228389,dynamic,-2.6537,0.0716,3.2055,33.11,2.000,-0.4354,-1.9731,2.0206,0.5606,1.9412,0.000,1,SEARCH,0.0000,0.0000,0.0000,-0.0000
228493,dynamic,-2.6547,0.0717,3.2056,33.11,2.000,-0.4354,-1.9731,2.0206,0.5606,1.9412,0.000,1,SEARCH,0.0000,0.0000,0.0000,-0.0000
228589,dynamic,-2.6547,0.0714,3.2056,33.10,2.000,-0.4331,-1.9632,2.0104,0.5577,1.9315,0.000,1,SEARCH,0.0000,0.0000,0.0000,-0.0000
228689,dynamic,-2.6543,0.0711,3.2056,33.10,2.000,-0.4331,-1.9632,2.0104,0.5577,1.9315,0.000,1,SEARCH,0.0000,0.0000,0.0000,-0.0000
228789,dynamic,-2.6542,0.0712,3.2056,33.10,2.000,-0.4331,-1.9632,2.0104,0.5578,1.9315,0.000,1,SEARCH,0.0000,0.0000,0.0000,-0.0000
228890,dynamic,-2.6542,0.0713,3.2056,33.10,2.000,-0.4331,-1.9632,2.0104,0.5578,1.9315,0.000,1,SEARCH,0.0000,0.0000,0.0000,-0.0000
228989,dynamic,-2.6544,0.0713,3.2056,33.10,2.000,-0.4331,-1.9632,2.0104,0.5577,1.9315,0.000,1,SEARCH,0.0000,0.0000,0.0000,-0.0000
229097,dynamic,-2.6548,0.0713,3.2056,33.10,2.000,-0.4331,-1.9632,2.0104,0.5577,1.9315,0.000,1,SEARCH,0.0000,0.0000,0.0000,-0.0000
229189,dynamic,-2.6552,0.0711,3.2056,33.10,2.000,-0.4307,-1.9534,2.0003,0.5547,1.9218,0.000,1,SEARCH,0.0000,0.0000,0.0000,-0.0000
229290,dynamic,-2.6555,0.0708,3.2056,33.10,2.000,-0.4307,-1.9534,2.0003,0.5548,1.9218,0.000,1,SEARCH,0.0000,0.0000,0.0000,-0.0000
229390,dynamic,-2.6559,0.0706,3.2056,33.10,2.000,-0.4307,-1.9534,2.0003,0.5548,1.9218,0.000,1,SEARCH,0.0000,0.0000,0.0000,-0.0000
229491,dynamic,-2.6564,0.0706,3.2056,33.10,2.000,-0.4307,-1.9534,2.0003,0.5548,1.9218,0.000,1,SEARCH,0.0000,0.0000,0.0000,-0.0000
229606,dynamic,-2.6562,0.0704,3.2056,33.10,2.000,-0.4307,-1.9534,2.0003,0.5548,1.9218,0.000,1,SEARCH,0.0000,0.0000,0.0000,-0.0000
229690,dynamic,-2.6559,0.0702,3.2056,33.10,2.000,-0.4286,-1.9440,1.9907,0.5521,1.9126,0.000,1,SEARCH,0.0000,0.0000,0.0000,-0.0000
229789,dynamic,-2.6565,0.0700,3.2056,33.10,2.000,-0.4286,-1.9440,1.9907,0.5521,1.9126,0.000,1,SEARCH,0.0000,0.0000,0.0000,-0.0000
229889,dynamic,-2.6572,0.0698,3.2056,33.10,2.000,-0.4286,-1.9440,1.9907,0.5521,1.9126,0.000,1,SEARCH,0.0000,0.0000,0.0000,-0.0000
229991,dynamic,-2.6573,0.0696,3.2056,33.10,2.000,-0.4286,-1.9440,1.9907,0.5521,1.9126,0.000,1,SEARCH,0.0000,0.0000,0.0000,-0.0000
230091,dynamic,-2.6571,0.0694,3.2056,33.10,2.000,-0.4286,-1.9440,1.9907,0.5520,1.9126,0.000,1,SEARCH,0.0000,0.0000,0.0000,-0.0000
230190,dynamic,-2.6572,0.0693,3.2056,33.10,2.000,-0.4274,-1.9392,1.9858,0.5505,1.9079,0.000,1,SEARCH,0.0000,0.0000,0.0000,-0.0000
230289,dynamic,-2.6575,0.0692,3.2055,33.10,2.000,-0.4274,-1.9392,1.9858,0.5505,1.9079,0.000,1,SEARCH,0.0000,0.0000,0.0000,-0.0000
230390,dynamic,-2.6582,0.0689,3.2056,33.10,2.000,-0.4274,-1.9392,1.9858,0.5505,1.9079,0.000,1,SEARCH,0.0000,0.0000,0.0000,-0.0000
230489,dynamic,-2.6590,0.0686,3.2056,33.10,2.000,-0.4274,-1.9392,1.9858,0.5505,1.9079,0.000,1,SEARCH,0.0000,0.0000,0.0000,-0.0000
230589,dynamic,-2.6600,0.0683,3.2056,33.10,2.000,-0.4274,-1.9392,1.9858,0.5505,1.9079,0.000,1,SEARCH,0.0000,0.0000,0.0000,-0.0000
230697,dynamic,-2.6607,0.0682,3.2056,33.10,2.000,-0.4274,-1.9392,1.9858,0.5505,1.9079,0.000,1,SEARCH,0.0000,0.0000,0.0000,-0.0000
230789,dynamic,-2.6610,0.0677,3.2056,33.10,2.000,-0.4271,-1.9375,1.9840,0.5501,1.9063,0.000,1,SEARCH,0.0000,0.0000,0.0000,-0.0000
230890,dynamic,-2.6610,0.0670,3.2056,33.10,2.000,-0.4271,-1.9375,1.9840,0.5500,1.9063,0.000,1,SEARCH,0.0000,0.0000,0.0000,-0.0000
230989,dynamic,-2.6603,0.0665,3.2056,33.10,2.000,-0.4271,-1.9375,1.9840,0.5500,1.9063,0.000,1,SEARCH,0.0000,0.0000,0.0000,-0.0000
231090,dynamic,-2.6594,0.0661,3.2055,33.10,2.000,-0.4271,-1.9375,1.9840,0.5500,1.9063,0.000,1,SEARCH,0.0000,0.0000,0.0000,-0.0000
231189,dynamic,-2.6586,0.0656,3.2056,33.10,2.000,-0.4271,-1.9375,1.9840,0.5500,1.9063,0.000,1,SEARCH,0.0000,0.0000,0.0000,-0.0000
231301,dynamic,-2.6579,0.0651,3.2056,33.10,2.000,-0.4271,-1.9375,1.9840,0.5500,1.9063,0.000,1,SEARCH,0.0000,0.0000,0.0000,-0.0000
231392,dynamic,-2.6576,0.0648,3.2056,33.10,2.000,-0.4260,-1.9335,1.9799,0.5487,1.9024,0.000,1,SEARCH,0.0000,0.0000,0.0000,-0.0000
231490,dynamic,-2.6575,0.0646,3.2056,33.10,2.000,-0.4260,-1.9335,1.9799,0.5487,1.9024,0.000,1,SEARCH,0.0000,0.0000,0.0000,-0.0000
231591,dynamic,-2.6573,0.0642,3.2056,33.10,2.000,-0.4260,-1.9335,1.9799,0.5487,1.9024,0.000,1,SEARCH,0.0000,0.0000,0.0000,-0.0000
231691,dynamic,-2.6571,0.0638,3.2056,33.10,2.000,-0.4260,-1.9335,1.9799,0.5488,1.9024,0.000,1,SEARCH,0.0000,0.0000,0.0000,-0.0000
231793,dynamic,-2.6569,0.0635,3.2056,33.10,2.000,-0.4260,-1.9335,1.9799,0.5487,1.9024,0.000,1,SEARCH,0.0000,0.0000,0.0000,-0.0000
231891,dynamic,-2.6566,0.0629,3.2056,33.10,2.000,-0.4255,-1.9312,1.9776,0.5481,1.9001,0.000,1,SEARCH,0.0000,0.0000,0.0000,-0.0000
231992,dynamic,-2.6560,0.0627,3.2056,33.10,2.000,-0.4255,-1.9312,1.9776,0.5482,1.9001,0.000,1,SEARCH,0.0000,0.0000,0.0000,-0.0000
232090,dynamic,-2.6554,0.0624,3.2056,33.10,2.000,-0.4255,-1.9312,1.9776,0.5482,1.9001,0.000,1,SEARCH,0.0000,0.0000,0.0000,-0.0000
232192,dynamic,-2.6552,0.0620,3.2056,33.10,2.000,-0.4255,-1.9312,1.9776,0.5482,1.9001,0.000,1,SEARCH,0.0000,0.0000,0.0000,-0.0000
232289,dynamic,-2.6551,0.0617,3.2056,33.10,2.000,-0.4255,-1.9312,1.9776,0.5481,1.9001,0.000,1,SEARCH,0.0000,0.0000,0.0000,-0.0000
232393,dynamic,-2.6546,0.0612,3.2056,33.10,2.000,-0.4255,-1.9312,1.9776,0.5481,1.9001,0.000,1,SEARCH,0.0000,0.0000,0.0000,-0.0000
232491,dynamic,-2.6539,0.0609,3.2056,33.10,2.000,-0.4270,-1.9385,1.9849,0.5500,1.9072,0.000,1,SEARCH,0.0000,0.0000,0.0000,-0.0000
232589,dynamic,-2.6535,0.0609,3.2055,33.10,2.000,-0.4270,-1.9385,1.9849,0.5500,1.9072,0.000,1,SEARCH,0.0000,0.0000,0.0000,-0.0000
232692,dynamic,-2.6531,0.0607,3.2056,33.10,2.000,-0.4270,-1.9385,1.9849,0.5500,1.9072,0.000,1,SEARCH,0.0000,0.0000,0.0000,-0.0000
232791,dynamic,-2.6528,0.0608,3.2056,33.10,2.000,-0.4270,-1.9385,1.9849,0.5500,1.9072,0.000,1,SEARCH,0.0000,0.0000,0.0000,-0.0000
232893,dynamic,-2.6524,0.0608,3.2055,33.10,2.000,-0.4270,-1.9385,1.9849,0.5500,1.9072,0.000,1,SEARCH,0.0000,0.0000,0.0000,-0.0000
232992,dynamic,-2.6524,0.0607,3.2055,33.10,2.000,-0.4289,-1.9465,1.9932,0.5524,1.9151,0.000,1,SEARCH,0.0000,0.0000,0.0000,-0.0000
233090,dynamic,-2.6526,0.0606,3.2055,33.10,2.000,-0.4289,-1.9465,1.9932,0.5524,1.9151,0.000,1,SEARCH,0.0000,0.0000,0.0000,-0.0000
233190,dynamic,-2.6526,0.0608,3.2055,33.10,2.000,-0.4289,-1.9465,1.9932,0.5524,1.9151,0.000,1,SEARCH,0.0000,0.0000,0.0000,-0.0000
233290,dynamic,-2.6524,0.0609,3.2056,33.10,2.000,-0.4289,-1.9465,1.9932,0.5524,1.9151,0.000,1,SEARCH,0.0000,0.0000,0.0000,-0.0000
233392,dynamic,-2.6522,0.0610,3.2056,33.10,2.000,-0.4289,-1.9465,1.9932,0.5525,1.9151,0.000,1,SEARCH,0.0000,0.0000,0.0000,-0.0000
233497,dynamic,-2.6522,0.0611,3.2056,33.10,2.000,-0.4289,-1.9465,1.9932,0.5525,1.9151,0.000,1,SEARCH,0.0000,0.0000,0.0000,-0.0000
233591,dynamic,-2.6519,0.0612,3.2056,33.10,2.000,-0.4297,-1.9506,1.9974,0.5536,1.9191,0.000,1,SEARCH,0.0000,0.0000,0.0000,-0.0000
233689,dynamic,-2.6515,0.0612,3.2056,33.10,2.000,-0.4297,-1.9506,1.9974,0.5536,1.9191,0.000,1,SEARCH,0.0000,0.0000,0.0000,-0.0000
233789,dynamic,-2.6517,0.0616,3.2056,33.10,2.000,-0.4297,-1.9506,1.9974,0.5536,1.9191,0.000,1,SEARCH,0.0000,0.0000,0.0000,-0.0000
233892,dynamic,-2.6519,0.0619,3.2056,33.10,2.000,-0.4297,-1.9506,1.9974,0.5536,1.9191,0.000,1,SEARCH,0.0000,0.0000,0.0000,-0.0000
233991,dynamic,-2.6517,0.0624,3.2056,33.10,2.000,-0.4297,-1.9506,1.9974,0.5536,1.9191,0.000,1,SEARCH,0.0000,0.0000,0.0000,-0.0000
234092,dynamic,-2.6512,0.0627,3.2056,33.10,2.000,-0.4297,-1.9506,1.9974,0.5536,1.9191,0.000,1,SEARCH,0.0000,0.0000,0.0000,-0.0000
234192,dynamic,-2.6511,0.0629,3.2056,33.10,2.000,-0.4312,-1.9579,2.0048,0.5555,1.9263,0.000,1,SEARCH,0.0000,0.0000,0.0000,-0.0000
234291,dynamic,-2.6513,0.0630,3.2056,33.10,2.000,-0.4312,-1.9579,2.0048,0.5555,1.9263,0.000,1,SEARCH,0.0000,0.0000,0.0000,-0.0000
234391,dynamic,-2.6512,0.0632,3.2056,33.10,2.000,-0.4312,-1.9579,2.0048,0.5555,1.9263,0.000,1,SEARCH,0.0000,0.0000,0.0000,-0.0000
234490,dynamic,-2.6509,0.0634,3.2055,33.10,2.000,-0.4312,-1.9579,2.0048,0.5554,1.9263,0.000,1,SEARCH,0.0000,0.0000,0.0000,-0.0000
234591,dynamic,-2.6509,0.0641,3.2055,33.10,2.000,-0.4312,-1.9579,2.0048,0.5554,1.9263,0.000,1,SEARCH,0.0000,0.0000,0.0000,-0.0000
234699,dynamic,-2.6509,0.0648,3.2055,33.10,2.000,-0.4312,-1.9579,2.0048,0.5554,1.9264,0.000,1,SEARCH,0.0000,0.0000,0.0000,-0.0000
234791,dynamic,-2.6504,0.0650,3.2056,33.10,2.000,-0.4312,-1.9579,2.0048,0.5554,1.9263,0.000,1,SEARCH,0.0000,0.0000,0.0000,-0.0000
234892,dynamic,-2.6497,0.0649,3.2056,33.10,2.000,-0.4324,-1.9631,2.0102,0.5570,1.9315,0.000,1,SEARCH,0.0000,0.0000,0.0000,-0.0000
234991,dynamic,-2.6491,0.0647,3.2056,33.10,2.000,-0.4324,-1.9631,2.0102,0.5571,1.9315,0.000,1,SEARCH,0.0000,0.0000,0.0000,-0.0000
235093,dynamic,-2.6486,0.0645,3.2056,33.10,2.000,-0.4324,-1.9631,2.0102,0.5570,1.9315,0.000,1,SEARCH,0.0000,0.0000,0.0000,-0.0000
235190,dynamic,-2.6482,0.0645,3.2056,33.10,2.000,-0.4324,-1.9631,2.0102,0.5571,1.9315,0.000,1,SEARCH,0.0000,0.0000,0.0000,-0.0000
235301,dynamic,-2.6479,0.0646,3.2056,33.10,2.000,-0.4324,-1.9631,2.0102,0.5571,1.9315,0.000,1,SEARCH,0.0000,0.0000,0.0000,-0.0000
235391,dynamic,-2.6477,0.0647,3.2056,33.11,2.000,-0.4338,-1.9699,2.0171,0.5589,1.9381,0.000,1,SEARCH,0.0000,0.0000,0.0000,-0.0000
235493,dynamic,-2.6474,0.0648,3.2056,33.11,2.000,-0.4338,-1.9699,2.0171,0.5589,1.9381,0.000,1,SEARCH,0.0000,0.0000,0.0000,-0.0000
235591,dynamic,-2.6471,0.0648,3.2056,33.11,2.000,-0.4338,-1.9699,2.0171,0.5589,1.9382,0.000,1,SEARCH,0.0000,0.0000,0.0000,-0.0000
235692,dynamic,-2.6468,0.0647,3.2056,33.11,2.000,-0.4338,-1.9699,2.0171,0.5588,1.9382,0.000,1,SEARCH,0.0000,0.0000,0.0000,-0.0000
235792,dynamic,-2.6466,0.0648,3.2055,33.11,2.000,-0.4338,-1.9699,2.0171,0.5588,1.9382,0.000,1,SEARCH,0.0000,0.0000,0.0000,-0.0000
235894,dynamic,-2.6465,0.0648,3.2055,33.11,2.000,-0.4338,-1.9699,2.0171,0.5588,1.9382,0.000,1,SEARCH,0.0000,0.0000,0.0000,-0.0000
235992,dynamic,-2.6466,0.0651,3.2055,33.11,2.000,-0.4349,-1.9747,2.0220,0.5603,1.9428,0.000,1,SEARCH,0.0000,0.0000,0.0000,-0.0000
236091,dynamic,-2.6467,0.0654,3.2056,33.11,2.000,-0.4349,-1.9747,2.0220,0.5603,1.9428,0.000,1,SEARCH,0.0000,0.0000,0.0000,-0.0000
236193,dynamic,-2.6472,0.0658,3.2056,33.11,2.000,-0.4349,-1.9747,2.0220,0.5603,1.9428,0.000,1,SEARCH,0.0000,0.0000,0.0000,-0.0000
236293,dynamic,-2.6477,0.0659,3.2056,33.11,2.000,-0.4349,-1.9747,2.0220,0.5603,1.9428,0.000,1,SEARCH,0.0000,0.0000,0.0000,-0.0000
236397,dynamic,-2.6481,0.0662,3.2056,33.11,2.000,-0.4349,-1.9747,2.0220,0.5603,1.9428,0.000,1,SEARCH,0.0000,0.0000,0.0000,-0.0000
236493,dynamic,-2.6485,0.0666,3.2056,33.11,2.000,-0.4358,-1.9782,2.0257,0.5615,1.9463,0.000,1,SEARCH,0.0000,0.0000,0.0000,-0.0000
236592,dynamic,-2.6483,0.0667,3.2056,33.11,2.000,-0.4358,-1.9782,2.0257,0.5615,1.9463,0.000,1,SEARCH,0.0000,0.0000,0.0000,-0.0000
236693,dynamic,-2.6477,0.0666,3.2056,33.11,2.000,-0.4358,-1.9782,2.0257,0.5615,1.9463,0.000,1,SEARCH,0.0000,0.0000,0.0000,-0.0000
236791,dynamic,-2.6476,0.0666,3.2056,33.11,2.000,-0.4358,-1.9782,2.0257,0.5615,1.9463,0.000,1,SEARCH,0.0000,0.0000,0.0000,-0.0000
236893,dynamic,-2.6476,0.0665,3.2057,33.11,2.000,-0.4358,-1.9782,2.0257,0.5616,1.9463,0.000,1,SEARCH,0.0000,0.0000,0.0000,-0.0000
236996,dynamic,-2.6470,0.0665,3.2057,33.11,2.000,-0.4358,-1.9782,2.0257,0.5616,1.9463,0.000,1,SEARCH,0.0000,0.0000,0.0000,-0.0000
237092,dynamic,-2.6460,0.0665,3.2057,33.11,2.000,-0.4386,-1.9914,2.0391,0.5652,1.9592,0.000,1,SEARCH,0.0000,0.0000,0.0000,-0.0000
237193,dynamic,-2.6459,0.0664,3.2057,33.11,2.000,-0.4386,-1.9914,2.0391,0.5652,1.9592,0.000,1,SEARCH,0.0000,0.0000,0.0000,-0.0000
237292,dynamic,-2.6464,0.0662,3.2057,33.11,2.000,-0.4386,-1.9914,2.0391,0.5652,1.9592,0.000,1,SEARCH,0.0000,0.0000,0.0000,-0.0000
237394,dynamic,-2.6463,0.0662,3.2057,33.11,2.000,-0.4386,-1.9914,2.0391,0.5652,1.9592,0.000,1,SEARCH,0.0000,0.0000,0.0000,-0.0000
237494,dynamic,-2.6459,0.0664,3.2057,33.11,2.000,-0.4386,-1.9914,2.0391,0.5652,1.9592,0.000,1,SEARCH,0.0000,0.0000,0.0000,-0.0000
237596,dynamic,-2.6461,0.0663,3.2057,33.11,2.000,-0.4386,-1.9914,2.0391,0.5652,1.9592,0.000,1,SEARCH,0.0000,0.0000,0.0000,-0.0000
237693,dynamic,-2.6465,0.0661,3.2057,33.10,2.000,-0.4402,-1.9996,2.0475,0.5674,1.9673,0.000,1,SEARCH,0.0000,0.0000,0.0000,-0.0000
237791,dynamic,-2.6469,0.0659,3.2057,33.10,2.000,-0.4402,-1.9996,2.0475,0.5674,1.9673,0.000,1,SEARCH,0.0000,0.0000,0.0000,-0.0000
237891,dynamic,-2.6472,0.0658,3.2057,33.10,2.000,-0.4402,-1.9996,2.0475,0.5674,1.9673,0.000,1,SEARCH,0.0000,0.0000,0.0000,-0.0000
237993,dynamic,-2.6474,0.0657,3.2057,33.10,2.000,-0.4402,-1.9996,2.0475,0.5674,1.9673,0.000,1,SEARCH,0.0000,0.0000,0.0000,-0.0000
238092,dynamic,-2.6475,0.0654,3.2057,33.10,2.000,-0.4402,-1.9996,2.0475,0.5674,1.9673,0.000,1,SEARCH,0.0000,0.0000,0.0000,-0.0000
238194,dynamic,-2.6476,0.0653,3.2057,33.10,2.000,-0.4402,-1.9996,2.0475,0.5674,1.9673,0.000,1,SEARCH,0.0000,0.0000,0.0000,-0.0000
238292,dynamic,-2.6478,0.0652,3.2057,33.10,2.000,-0.4403,-2.0003,2.0482,0.5676,1.9680,0.000,1,SEARCH,0.0000,0.0000,0.0000,-0.0000
238393,dynamic,-2.6483,0.0653,3.2057,33.10,2.000,-0.4403,-2.0003,2.0482,0.5676,1.9680,0.000,1,SEARCH,0.0000,0.0000,0.0000,-0.0000
238489,dynamic,-2.6488,0.0654,3.2057,33.10,2.000,-0.4403,-2.0003,2.0482,0.5676,1.9680,0.000,1,SEARCH,0.0000,0.0000,0.0000,-0.0000
238592,dynamic,-2.6493,0.0655,3.2058,33.10,2.000,-0.4403,-2.0003,2.0482,0.5676,1.9679,0.000,1,SEARCH,0.0000,0.0000,0.0000,-0.0000
238693,dynamic,-2.6497,0.0655,3.2057,33.10,2.000,-0.4403,-2.0003,2.0482,0.5677,1.9679,0.000,1,SEARCH,0.0000,0.0000,0.0000,-0.0000
238791,dynamic,-2.6498,0.0654,3.2057,33.10,2.000,-0.4403,-2.0003,2.0482,0.5676,1.9680,0.000,1,SEARCH,0.0000,0.0000,0.0000,-0.0000
238892,dynamic,-2.6497,0.0652,3.2057,33.10,2.000,-0.4397,-1.9973,2.0451,0.5668,1.9650,0.000,1,SEARCH,0.0000,0.0000,0.0000,-0.0000
238993,dynamic,-2.6497,0.0650,3.2057,33.10,2.000,-0.4397,-1.9973,2.0451,0.5667,1.9650,0.000,1,SEARCH,0.0000,0.0000,0.0000,-0.0000
239093,dynamic,-2.6498,0.0647,3.2057,33.10,2.000,-0.4397,-1.9973,2.0451,0.5667,1.9650,0.000,1,SEARCH,0.0000,0.0000,0.0000,-0.0000
239192,dynamic,-2.6501,0.0647,3.2057,33.10,2.000,-0.4397,-1.9973,2.0451,0.5667,1.9650,0.000,1,SEARCH,0.0000,0.0000,0.0000,-0.0000
239296,dynamic,-2.6505,0.0648,3.2057,33.10,2.000,-0.4397,-1.9973,2.0451,0.5667,1.9650,0.000,1,SEARCH,0.0000,0.0000,0.0000,-0.0000
239392,dynamic,-2.6509,0.0651,3.2056,33.10,2.000,-0.4379,-1.9889,2.0366,0.5643,1.9568,0.000,1,SEARCH,0.0000,0.0000,0.0000,-0.0000
239492,dynamic,-2.6511,0.0655,3.2057,33.10,2.000,-0.4379,-1.9889,2.0366,0.5643,1.9568,0.000,1,SEARCH,0.0000,0.0000,0.0000,-0.0000
239595,dynamic,-2.6507,0.0655,3.2057,33.10,2.000,-0.4379,-1.9889,2.0366,0.5643,1.9568,0.000,1,SEARCH,0.0000,0.0000,0.0000,-0.0000
239693,dynamic,-2.6500,0.0653,3.2057,33.10,2.000,-0.4379,-1.9889,2.0366,0.5643,1.9568,0.000,1,SEARCH,0.0000,0.0000,0.0000,-0.0000
239792,dynamic,-2.6500,0.0653,3.2056,33.10,2.000,-0.4379,-1.9889,2.0366,0.5643,1.9568,0.000,1,SEARCH,0.0000,0.0000,0.0000,-0.0000
239899,dynamic,-2.6502,0.0653,3.2056,33.10,2.000,-0.4379,-1.9889,2.0366,0.5643,1.9568,0.000,1,SEARCH,0.0000,0.0000,0.0000,-0.0000
239992,dynamic,-2.6508,0.0654,3.2056,33.10,2.000,-0.4360,-1.9804,2.0278,0.5619,1.9484,0.000,1,SEARCH,0.0000,0.0000,0.0000,-0.0000
240094,dynamic,-2.6514,0.0653,3.2056,33.10,2.000,-0.4360,-1.9804,2.0278,0.5618,1.9485,0.000,1,SEARCH,0.0000,0.0000,0.0000,-0.0000
240193,dynamic,-2.6514,0.0653,3.2056,33.10,2.000,-0.4360,-1.9804,2.0278,0.5619,1.9484,0.000,1,SEARCH,0.0000,0.0000,0.0000,-0.0000
240291,dynamic,-2.6510,0.0653,3.2056,33.10,2.000,-0.4360,-1.9804,2.0278,0.5619,1.9484,0.000,1,SEARCH,0.0000,0.0000,0.0000,-0.0000
240392,dynamic,-2.6513,0.0655,3.2056,33.10,2.000,-0.4360,-1.9804,2.0278,0.5618,1.9485,0.000,1,SEARCH,0.0000,0.0000,0.0000,-0.0000
240497,dynamic,-2.6516,0.0656,3.2056,33.10,2.000,-0.4360,-1.9804,2.0278,0.5619,1.9484,0.000,1,SEARCH,0.0000,0.0000,0.0000,-0.0000
240591,dynamic,-2.6517,0.0657,3.2056,33.10,2.000,-0.4353,-1.9767,2.0241,0.5609,1.9448,0.000,1,SEARCH,0.0000,0.0000,0.0000,-0.0000
240693,dynamic,-2.6515,0.0656,3.2056,33.10,2.000,-0.4353,-1.9767,2.0241,0.5609,1.9448,0.000,1,SEARCH,0.0000,0.0000,0.0000,-0.0000
240793,dynamic,-2.6517,0.0656,3.2056,33.10,2.000,-0.4353,-1.9767,2.0241,0.5609,1.9448,0.000,1,SEARCH,0.0000,0.0000,0.0000,-0.0000
240890,dynamic,-2.6519,0.0656,3.2056,33.10,2.000,-0.4353,-1.9767,2.0241,0.5609,1.9448,0.000,1,SEARCH,0.0000,0.0000,0.0000,-0.0000
241002,dynamic,-2.6523,0.0656,3.2057,33.10,2.000,-0.4353,-1.9767,2.0241,0.5609,1.9448,0.000,1,SEARCH,0.0000,0.0000,0.0000,-0.0000
241093,dynamic,-2.6528,0.0655,3.2056,33.10,2.000,-0.4349,-1.9749,2.0222,0.5604,1.9430,0.000,1,SEARCH,0.0000,0.0000,0.0000,-0.0000
241192,dynamic,-2.6531,0.0656,3.2056,33.10,2.000,-0.4349,-1.9749,2.0222,0.5604,1.9430,0.000,1,SEARCH,0.0000,0.0000,0.0000,-0.0000
241292,dynamic,-2.6532,0.0657,3.2056,33.10,2.000,-0.4349,-1.9749,2.0222,0.5604,1.9430,0.000,1,SEARCH,0.0000,0.0000,0.0000,-0.0000
241393,dynamic,-2.6533,0.0657,3.2056,33.10,2.000,-0.4349,-1.9749,2.0222,0.5604,1.9430,0.000,1,SEARCH,0.0000,0.0000,0.0000,-0.0000
241499,dynamic,-2.6533,0.0654,3.2056,33.10,2.000,-0.4349,-1.9749,2.0222,0.5603,1.9430,0.000,1,SEARCH,0.0000,0.0000,0.0000,-0.0000
241592,dynamic,-2.6534,0.0654,3.2056,33.10,2.000,-0.4338,-1.9692,2.0164,0.5588,1.9375,0.000,1,SEARCH,0.0000,0.0000,0.0000,-0.0000
241693,dynamic,-2.6534,0.0654,3.2056,33.10,2.000,-0.4338,-1.9692,2.0164,0.5588,1.9375,0.000,1,SEARCH,0.0000,0.0000,0.0000,-0.0000
241792,dynamic,-2.6537,0.0656,3.2056,33.10,2.000,-0.4338,-1.9692,2.0164,0.5588,1.9375,0.000,1,SEARCH,0.0000,0.0000,0.0000,-0.0000
241896,dynamic,-2.6541,0.0659,3.2056,33.10,2.000,-0.4338,-1.9692,2.0164,0.5588,1.9375,0.000,1,SEARCH,0.0000,0.0000,0.0000,-0.0000
241993,dynamic,-2.6542,0.0660,3.2056,33.10,2.000,-0.4338,-1.9692,2.0164,0.5589,1.9374,0.000,1,SEARCH,0.0000,0.0000,0.0000,-0.0000
242092,dynamic,-2.6541,0.0660,3.2056,33.10,2.000,-0.4338,-1.9692,2.0164,0.5589,1.9374,0.000,1,SEARCH,0.0000,0.0000,0.0000,-0.0000
242193,dynamic,-2.6537,0.0662,3.2056,33.10,2.000,-0.4325,-1.9631,2.0102,0.5573,1.9314,0.000,1,SEARCH,0.0000,0.0000,0.0000,-0.0000
242291,dynamic,-2.6534,0.0663,3.2057,33.10,2.000,-0.4325,-1.9631,2.0102,0.5573,1.9314,0.000,1,SEARCH,0.0000,0.0000,0.0000,-0.0000
242392,dynamic,-2.6537,0.0666,3.2057,33.10,2.000,-0.4325,-1.9631,2.0102,0.5573,1.9314,0.000,1,SEARCH,0.0000,0.0000,0.0000,-0.0000
242496,dynamic,-2.6543,0.0668,3.2057,33.10,2.000,-0.4325,-1.9631,2.0102,0.5574,1.9314,0.000,1,SEARCH,0.0000,0.0000,0.0000,-0.0000
242592,dynamic,-2.6546,0.0668,3.2057,33.10,2.000,-0.4325,-1.9631,2.0102,0.5574,1.9314,0.000,1,SEARCH,0.0000,0.0000,0.0000,-0.0000
242692,dynamic,-2.6550,0.0666,3.2057,33.10,2.000,-0.4327,-1.9646,2.0116,0.5576,1.9328,0.000,1,SEARCH,0.0000,0.0000,0.0000,-0.0000
242793,dynamic,-2.6552,0.0666,3.2057,33.10,2.000,-0.4327,-1.9646,2.0116,0.5577,1.9328,0.000,1,SEARCH,0.0000,0.0000,0.0000,-0.0000
242894,dynamic,-2.6553,0.0665,3.2057,33.10,2.000,-0.4327,-1.9646,2.0116,0.5577,1.9328,0.000,1,SEARCH,0.0000,0.0000,0.0000,-0.0000
242994,dynamic,-2.6556,0.0665,3.2057,33.10,2.000,-0.4327,-1.9646,2.0116,0.5577,1.9328,0.000,1,SEARCH,0.0000,0.0000,0.0000,-0.0000
243093,dynamic,-2.6558,0.0663,3.2057,33.10,2.000,-0.4327,-1.9646,2.0116,0.5577,1.9328,0.000,1,SEARCH,0.0000,0.0000,0.0000,-0.0000
243203,dynamic,-2.6552,0.0659,3.2057,33.10,2.000,-0.4327,-1.9646,2.0116,0.5576,1.9328,0.000,1,SEARCH,0.0000,0.0000,0.0000,-0.0000
243292,dynamic,-2.6540,0.0654,3.2057,33.10,2.000,-0.4324,-1.9638,2.0108,0.5573,1.9320,0.000,1,SEARCH,0.0000,0.0000,0.0000,-0.0000
243394,dynamic,-2.6539,0.0651,3.2057,33.10,2.000,-0.4324,-1.9638,2.0108,0.5573,1.9320,0.000,1,SEARCH,0.0000,0.0000,0.0000,-0.0000
243492,dynamic,-2.6545,0.0650,3.2057,33.10,2.000,-0.4324,-1.9638,2.0108,0.5573,1.9320,0.000,1,SEARCH,0.0000,0.0000,0.0000,-0.0000
243593,dynamic,-2.6552,0.0652,3.2057,33.10,2.000,-0.4324,-1.9638,2.0108,0.5573,1.9320,0.000,1,SEARCH,0.0000,0.0000,0.0000,-0.0000
243699,dynamic,-2.6559,0.0654,3.2057,33.10,2.000,-0.4324,-1.9638,2.0108,0.5573,1.9320,0.000,1,SEARCH,0.0000,0.0000,0.0000,-0.0000
243797,dynamic,-2.6558,0.0653,3.2057,33.10,2.000,-0.4333,-1.9673,2.0145,0.5584,1.9355,0.000,1,SEARCH,0.0000,0.0000,0.0000,-0.0000
243892,dynamic,-2.6555,0.0648,3.2057,33.10,2.000,-0.4333,-1.9673,2.0145,0.5584,1.9355,0.000,1,SEARCH,0.0000,0.0000,0.0000,-0.0000
243994,dynamic,-2.6552,0.0648,3.2057,33.10,2.000,-0.4333,-1.9673,2.0145,0.5584,1.9355,0.000,1,SEARCH,0.0000,0.0000,0.0000,-0.0000
244093,dynamic,-2.6550,0.0648,3.2057,33.10,2.000,-0.4333,-1.9673,2.0145,0.5584,1.9355,0.000,1,SEARCH,0.0000,0.0000,0.0000,-0.0000
244195,dynamic,-2.6556,0.0649,3.2057,33.10,2.000,-0.4333,-1.9673,2.0145,0.5585,1.9355,0.000,1,SEARCH,0.0000,0.0000,0.0000,-0.0000
244300,dynamic,-2.6564,0.0649,3.2057,33.10,2.000,-0.4333,-1.9673,2.0145,0.5585,1.9355,0.000,1,SEARCH,0.0000,0.0000,0.0000,-0.0000
244392,dynamic,-2.6564,0.0650,3.2057,33.10,2.000,-0.4342,-1.9713,2.0186,0.5597,1.9394,0.000,1,SEARCH,0.0000,0.0000,0.0000,-0.0000
244495,dynamic,-2.6559,0.0649,3.2058,33.10,2.000,-0.4342,-1.9713,2.0186,0.5597,1.9394,0.000,1,SEARCH,0.0000,0.0000,0.0000,-0.0000
244593,dynamic,-2.6551,0.0648,3.2058,33.10,2.000,-0.4342,-1.9713,2.0186,0.5597,1.9394,0.000,1,SEARCH,0.0000,0.0000,0.0000,-0.0000
244693,dynamic,-2.6542,0.0646,3.2058,33.10,2.000,-0.4342,-1.9713,2.0186,0.5597,1.9394,0.000,1,SEARCH,0.0000,0.0000,0.0000,-0.0000
244794,dynamic,-2.6542,0.0647,3.2058,33.10,2.000,-0.4342,-1.9713,2.0186,0.5597,1.9394,0.000,1,SEARCH,0.0000,0.0000,0.0000,-0.0000
244900,dynamic,-2.6545,0.0649,3.2058,33.10,2.000,-0.4348,-1.9744,2.0217,0.5605,1.9424,0.000,1,SEARCH,0.0000,0.0000,0.0000,-0.0000
244995,dynamic,-2.6547,0.0650,3.2058,33.10,2.000,-0.4348,-1.9744,2.0217,0.5605,1.9424,0.000,1,SEARCH,0.0000,0.0000,0.0000,-0.0000
245092,dynamic,-2.6550,0.0649,3.2058,33.10,2.000,-0.4348,-1.9744,2.0217,0.5605,1.9424,0.000,1,SEARCH,0.0000,0.0000,0.0000,-0.0000
245195,dynamic,-2.6554,0.0652,3.2058,33.10,2.000,-0.4348,-1.9744,2.0217,0.5605,1.9424,0.000,1,SEARCH,0.0000,0.0000,0.0000,-0.0000
245292,dynamic,-2.6559,0.0657,3.2058,33.10,2.000,-0.4348,-1.9744,2.0217,0.5606,1.9424,0.000,1,SEARCH,0.0000,0.0000,0.0000,-0.0000
245401,dynamic,-2.6556,0.0661,3.2058,33.10,2.000,-0.4348,-1.9744,2.0217,0.5606,1.9424,0.000,1,SEARCH,0.0000,0.0000,0.0000,-0.0000
245493,dynamic,-2.6545,0.0663,3.2058,33.10,2.000,-0.4347,-1.9743,2.0216,0.5605,1.9423,0.000,1,SEARCH,0.0000,0.0000,0.0000,-0.0000
245593,dynamic,-2.6542,0.0666,3.2058,33.10,2.000,-0.4347,-1.9743,2.0216,0.5606,1.9423,0.000,1,SEARCH,0.0000,0.0000,0.0000,-0.0000
245693,dynamic,-2.6541,0.0668,3.2059,33.10,2.000,-0.4347,-1.9743,2.0216,0.5606,1.9423,0.000,1,SEARCH,0.0000,0.0000,0.0000,-0.0000
245794,dynamic,-2.6540,0.0667,3.2059,33.10,2.000,-0.4347,-1.9743,2.0216,0.5607,1.9423,0.000,1,SEARCH,0.0000,0.0000,0.0000,-0.0000
245894,dynamic,-2.6539,0.0665,3.2059,33.10,2.000,-0.4347,-1.9743,2.0216,0.5607,1.9423,0.000,1,SEARCH,0.0000,0.0000,0.0000,-0.0000
245998,dynamic,-2.6537,0.0665,3.2059,33.10,2.000,-0.4347,-1.9743,2.0216,0.5607,1.9423,0.000,1,SEARCH,0.0000,0.0000,0.0000,-0.0000
246095,dynamic,-2.6534,0.0666,3.2059,33.10,2.000,-0.4364,-1.9828,2.0302,0.5629,1.9506,0.000,1,SEARCH,0.0000,0.0000,0.0000,-0.0000
246192,dynamic,-2.6534,0.0667,3.2059,33.10,2.000,-0.4364,-1.9828,2.0302,0.5629,1.9506,0.000,1,SEARCH,0.0000,0.0000,0.0000,-0.0000
246290,dynamic,-2.6534,0.0665,3.2059,33.10,2.000,-0.4364,-1.9828,2.0302,0.5629,1.9506,0.000,1,SEARCH,0.0000,0.0000,0.0000,-0.0000
246398,dynamic,-2.6537,0.0664,3.2059,33.10,2.000,-0.4364,-1.9828,2.0302,0.5629,1.9506,0.000,1,SEARCH,0.0000,0.0000,0.0000,-0.0000
246509,dynamic,-2.6541,0.0661,3.2059,33.10,2.000,-0.4364,-1.9828,2.0302,0.5629,1.9506,0.000,1,SEARCH,0.0000,0.0000,0.0000,-0.0000
246595,dynamic,-2.6542,0.0659,3.2059,33.10,2.000,-0.4364,-1.9828,2.0302,0.5630,1.9506,0.000,1,SEARCH,0.0000,0.0000,0.0000,-0.0000
246692,dynamic,-2.6541,0.0655,3.2059,33.10,2.000,-0.4386,-1.9933,2.0410,0.5658,1.9610,0.000,1,SEARCH,0.0000,0.0000,0.0000,-0.0000
246792,dynamic,-2.6543,0.0655,3.2059,33.10,2.000,-0.4386,-1.9933,2.0410,0.5658,1.9610,0.000,1,SEARCH,0.0000,0.0000,0.0000,-0.0000
246893,dynamic,-2.6545,0.0655,3.2059,33.10,2.000,-0.4386,-1.9933,2.0410,0.5659,1.9610,0.000,1,SEARCH,0.0000,0.0000,0.0000,-0.0000
246996,dynamic,-2.6544,0.0656,3.2059,33.10,2.000,-0.4386,-1.9933,2.0410,0.5659,1.9610,0.000,1,SEARCH,0.0000,0.0000,0.0000,-0.0000
247095,dynamic,-2.6542,0.0657,3.2060,33.10,2.000,-0.4386,-1.9933,2.0410,0.5659,1.9610,0.000,1,SEARCH,0.0000,0.0000,0.0000,-0.0000
247199,dynamic,-2.6546,0.0659,3.2059,33.10,2.000,-0.4386,-1.9933,2.0410,0.5659,1.9610,0.000,1,SEARCH,0.0000,0.0000,0.0000,-0.0000
247291,dynamic,-2.6551,0.0661,3.2059,33.10,2.000,-0.4395,-1.9983,2.0461,0.5671,1.9659,0.000,1,SEARCH,0.0000,0.0000,0.0000,-0.0000
247395,dynamic,-2.6553,0.0660,3.2060,33.10,2.000,-0.4395,-1.9983,2.0461,0.5672,1.9659,0.000,1,SEARCH,0.0000,0.0000,0.0000,-0.0000
247495,dynamic,-2.6550,0.0657,3.2060,33.10,2.000,-0.4395,-1.9983,2.0461,0.5671,1.9659,0.000,1,SEARCH,0.0000,0.0000,0.0000,-0.0000
247594,dynamic,-2.6549,0.0655,3.2060,33.10,2.000,-0.4395,-1.9983,2.0461,0.5672,1.9659,0.000,1,SEARCH,0.0000,0.0000,0.0000,-0.0000
247701,dynamic,-2.6548,0.0652,3.2060,33.10,2.000,-0.4395,-1.9983,2.0461,0.5672,1.9659,0.000,1,SEARCH,0.0000,0.0000,0.0000,-0.0000
247799,dynamic,-2.6549,0.0651,3.2060,33.10,2.000,-0.4404,-2.0021,2.0500,0.5684,1.9696,0.000,1,SEARCH,0.0000,0.0000,0.0000,-0.0000
247891,dynamic,-2.6551,0.0649,3.2060,33.10,2.000,-0.4404,-2.0021,2.0500,0.5684,1.9696,0.000,1,SEARCH,0.0000,0.0000,0.0000,-0.0000
247991,dynamic,-2.6552,0.0650,3.2060,33.10,2.000,-0.4404,-2.0021,2.0500,0.5684,1.9696,0.000,1,SEARCH,0.0000,0.0000,0.0000,-0.0000
248096,dynamic,-2.6554,0.0652,3.2060,33.10,2.000,-0.4404,-2.0021,2.0500,0.5684,1.9696,0.000,1,SEARCH,0.0000,0.0000,0.0000,-0.0000
248190,dynamic,-2.6557,0.0655,3.2060,33.10,2.000,-0.4404,-2.0021,2.0500,0.5684,1.9696,0.000,1,SEARCH,0.0000,0.0000,0.0000,-0.0000
248290,dynamic,-2.6559,0.0657,3.2060,33.10,2.000,-0.4404,-2.0021,2.0500,0.5684,1.9696,0.000,1,SEARCH,0.0000,0.0000,0.0000,-0.0000
248391,dynamic,-2.6567,0.0655,3.2060,33.10,2.000,-0.4426,-2.0123,2.0604,0.5712,1.9797,0.000,1,SEARCH,0.0000,0.0000,0.0000,-0.0000
248490,dynamic,-2.6576,0.0651,3.2060,33.10,2.000,-0.4426,-2.0123,2.0604,0.5712,1.9797,0.000,1,SEARCH,0.0000,0.0000,0.0000,-0.0000
248592,dynamic,-2.6575,0.0648,3.2060,33.10,2.000,-0.4426,-2.0123,2.0604,0.5712,1.9797,0.000,1,SEARCH,0.0000,0.0000,0.0000,-0.0000
248691,dynamic,-2.6571,0.0644,3.2060,33.10,2.000,-0.4426,-2.0123,2.0604,0.5712,1.9797,0.000,1,SEARCH,0.0000,0.0000,0.0000,-0.0000
248793,dynamic,-2.6562,0.0643,3.2060,33.10,2.000,-0.4426,-2.0123,2.0604,0.5712,1.9797,0.000,1,SEARCH,0.0000,0.0000,0.0000,-0.0000
248892,dynamic,-2.6551,0.0642,3.2061,33.10,2.000,-0.4446,-2.0214,2.0698,0.5739,1.9886,0.000,1,SEARCH,0.0000,0.0000,0.0000,-0.0000
248990,dynamic,-2.6550,0.0642,3.2061,33.10,2.000,-0.4446,-2.0214,2.0698,0.5739,1.9886,0.000,1,SEARCH,0.0000,0.0000,0.0000,-0.0000
249091,dynamic,-2.6552,0.0642,3.2061,33.10,2.000,-0.4446,-2.0214,2.0698,0.5740,1.9886,0.000,1,SEARCH,0.0000,0.0000,0.0000,-0.0000
249191,dynamic,-2.6558,0.0644,3.2061,33.10,2.000,-0.4446,-2.0214,2.0698,0.5741,1.9886,0.000,1,SEARCH,0.0000,0.0000,0.0000,-0.0000
249290,dynamic,-2.6564,0.0645,3.2062,33.10,2.000,-0.4446,-2.0214,2.0698,0.5741,1.9885,0.000,1,SEARCH,0.0000,0.0000,0.0000,-0.0000
249404,dynamic,-2.6570,0.0645,3.2062,33.10,2.000,-0.4446,-2.0214,2.0698,0.5741,1.9885,0.000,1,SEARCH,0.0000,0.0000,0.0000,-0.0000
249491,dynamic,-2.6574,0.0645,3.2062,33.11,2.000,-0.4455,-2.0264,2.0748,0.5753,1.9934,0.000,1,SEARCH,0.0000,0.0000,0.0000,-0.0000
249590,dynamic,-2.6573,0.0646,3.2062,33.11,2.000,-0.4455,-2.0264,2.0748,0.5754,1.9934,0.000,1,SEARCH,0.0000,0.0000,0.0000,-0.0000
249691,dynamic,-2.6570,0.0646,3.2062,33.11,2.000,-0.4455,-2.0264,2.0748,0.5753,1.9934,0.000,1,SEARCH,0.0000,0.0000,0.0000,-0.0000
249791,dynamic,-2.6573,0.0647,3.2062,33.11,2.000,-0.4455,-2.0264,2.0748,0.5754,1.9934,0.000,1,SEARCH,0.0000,0.0000,0.0000,-0.0000
249890,dynamic,-2.6579,0.0648,3.2062,33.11,2.000,-0.4455,-2.0264,2.0748,0.5753,1.9934,0.000,1,SEARCH,0.0000,0.0000,0.0000,-0.0000
249998,dynamic,-2.6580,0.0648,3.2061,33.11,2.000,-0.4455,-2.0264,2.0748,0.5753,1.9934,0.000,1,SEARCH,0.0000,0.0000,0.0000,-0.0000
250095,dynamic,-2.6577,0.0646,3.2062,33.11,2.000,-0.4475,-2.0361,2.0847,0.5779,2.0030,0.000,1,SEARCH,0.0000,0.0000,0.0000,-0.0000
250190,dynamic,-2.6573,0.0646,3.2062,33.11,2.000,-0.4475,-2.0361,2.0847,0.5779,2.0030,0.000,1,SEARCH,0.0000,0.0000,0.0000,-0.0000
250290,dynamic,-2.6567,0.0646,3.2062,33.11,2.000,-0.4475,-2.0361,2.0847,0.5779,2.0030,0.000,1,SEARCH,0.0000,0.0000,0.0000,-0.0000
250389,dynamic,-2.6564,0.0647,3.2062,33.11,2.000,-0.4475,-2.0361,2.0847,0.5779,2.0030,0.000,1,SEARCH,0.0000,0.0000,0.0000,-0.0000
250492,dynamic,-2.6562,0.0648,3.2062,33.11,2.000,-0.4475,-2.0361,2.0847,0.5780,2.0029,0.000,1,SEARCH,0.0000,0.0000,0.0000,-0.0000
250591,dynamic,-2.6562,0.0651,3.2062,33.11,2.000,-0.4475,-2.0361,2.0847,0.5780,2.0029,0.000,1,SEARCH,0.0000,0.0000,0.0000,-0.0000
250690,dynamic,-2.6561,0.0652,3.2062,33.11,2.000,-0.4489,-2.0419,2.0907,0.5798,2.0087,0.000,1,SEARCH,0.0000,0.0000,0.0000,-0.0000
250790,dynamic,-2.6566,0.0655,3.2062,33.11,2.000,-0.4489,-2.0419,2.0907,0.5798,2.0087,0.000,1,SEARCH,0.0000,0.0000,0.0000,-0.0000
250890,dynamic,-2.6572,0.0656,3.2062,33.11,2.000,-0.4489,-2.0419,2.0907,0.5798,2.0086,0.000,1,SEARCH,0.0000,0.0000,0.0000,-0.0000
250990,dynamic,-2.6571,0.0656,3.2062,33.11,2.000,-0.4489,-2.0419,2.0907,0.5799,2.0086,0.000,1,SEARCH,0.0000,0.0000,0.0000,-0.0000
251093,dynamic,-2.6566,0.0654,3.2062,33.11,2.000,-0.4489,-2.0419,2.0907,0.5798,2.0087,0.000,1,SEARCH,0.0000,0.0000,0.0000,-0.0000
251190,dynamic,-2.6566,0.0657,3.2062,33.35,2.000,-0.4521,-2.0513,2.1005,0.5836,2.0178,0.000,1,SEARCH,0.0000,0.0000,0.0000,-0.0000
251290,dynamic,-2.6566,0.0660,3.2062,33.35,2.000,-0.4521,-2.0513,2.1005,0.5836,2.0179,0.000,1,SEARCH,0.0000,0.0000,0.0000,-0.0000
251390,dynamic,-2.6566,0.0663,3.2062,33.35,2.000,-0.4521,-2.0513,2.1005,0.5836,2.0179,0.000,1,SEARCH,0.0000,0.0000,0.0000,-0.0000
251490,dynamic,-2.6565,0.0664,3.2062,33.35,2.000,-0.4521,-2.0513,2.1005,0.5836,2.0179,0.000,1,SEARCH,0.0000,0.0000,0.0000,-0.0000
251590,dynamic,-2.6566,0.0665,3.2062,33.35,2.000,-0.4521,-2.0513,2.1005,0.5836,2.0179,0.000,1,SEARCH,0.0000,0.0000,0.0000,-0.0000
251698,dynamic,-2.6566,0.0664,3.2062,33.35,2.000,-0.4521,-2.0513,2.1005,0.5836,2.0178,0.000,1,SEARCH,0.0000,0.0000,0.0000,-0.0000
251790,dynamic,-2.6562,0.0666,3.2062,33.17,2.000,-0.4565,-2.0540,2.1041,0.5882,2.0203,0.000,1,SEARCH,0.0000,0.0000,0.0000,-0.0000
251890,dynamic,-2.6555,0.0668,3.2062,33.17,2.000,-0.4565,-2.0540,2.1041,0.5882,2.0203,0.000,1,SEARCH,0.0000,0.0000,0.0000,-0.0000
251990,dynamic,-2.6552,0.0670,3.2062,33.17,2.000,-0.4565,-2.0540,2.1041,0.5882,2.0203,0.000,1,SEARCH,0.0000,0.0000,0.0000,-0.0000
252090,dynamic,-2.6551,0.0671,3.2062,33.17,2.000,-0.4565,-2.0540,2.1041,0.5882,2.0203,0.000,1,SEARCH,0.0000,0.0000,0.0000,-0.0000
252192,dynamic,-2.6551,0.0673,3.2062,33.17,2.000,-0.4565,-2.0540,2.1041,0.5882,2.0203,0.000,1,SEARCH,0.0000,0.0000,0.0000,-0.0000
252300,dynamic,-2.6552,0.0675,3.2062,33.17,2.000,-0.4565,-2.0540,2.1041,0.5881,2.0203,0.000,1,SEARCH,0.0000,0.0000,0.0000,-0.0000
252389,dynamic,-2.6552,0.0679,3.2062,33.17,2.000,-0.4548,-2.0466,2.0965,0.5860,2.0130,0.000,1,SEARCH,0.0000,0.0000,0.0000,-0.0000
252490,dynamic,-2.6552,0.0682,3.2062,33.17,2.000,-0.4548,-2.0466,2.0965,0.5860,2.0130,0.000,1,SEARCH,0.0000,0.0000,0.0000,-0.0000
252590,dynamic,-2.6552,0.0683,3.2062,33.17,2.000,-0.4548,-2.0466,2.0965,0.5860,2.0130,0.000,1,SEARCH,0.0000,0.0000,0.0000,-0.0000
252690,dynamic,-2.6550,0.0683,3.2062,33.17,2.000,-0.4548,-2.0466,2.0965,0.5860,2.0130,0.000,1,SEARCH,0.0000,0.0000,0.0000,-0.0000
252790,dynamic,-2.6555,0.0688,3.2062,33.17,2.000,-0.4548,-2.0466,2.0965,0.5860,2.0130,0.000,1,SEARCH,0.0000,0.0000,0.0000,-0.0000
252892,dynamic,-2.6561,0.0692,3.2062,33.17,2.000,-0.4548,-2.0466,2.0965,0.5859,2.0130,0.000,1,SEARCH,0.0000,0.0000,0.0000,-0.0000
252989,dynamic,-2.6567,0.0695,3.2061,33.36,2.000,-0.4492,-2.0376,2.0865,0.5797,2.0043,0.000,1,SEARCH,0.0000,0.0000,0.0000,-0.0000
253090,dynamic,-2.6571,0.0695,3.2061,33.36,2.000,-0.4492,-2.0376,2.0865,0.5797,2.0043,0.000,1,SEARCH,0.0000,0.0000,0.0000,-0.0000
253190,dynamic,-2.6567,0.0697,3.2061,33.36,2.000,-0.4492,-2.0376,2.0865,0.5797,2.0043,0.000,1,SEARCH,0.0000,0.0000,0.0000,-0.0000
253290,dynamic,-2.6559,0.0698,3.2062,33.36,2.000,-0.4492,-2.0376,2.0865,0.5798,2.0043,0.000,1,SEARCH,0.0000,0.0000,0.0000,-0.0000
253392,dynamic,-2.6551,0.0697,3.2062,33.36,2.000,-0.4492,-2.0376,2.0865,0.5798,2.0043,0.000,1,SEARCH,0.0000,0.0000,0.0000,-0.0000
253489,dynamic,-2.6543,0.0695,3.2062,33.35,2.000,-0.4475,-2.0291,2.0778,0.5775,1.9960,0.000,1,SEARCH,0.0000,0.0000,0.0000,-0.0000
253589,dynamic,-2.6539,0.0696,3.2062,33.35,2.000,-0.4475,-2.0291,2.0778,0.5775,1.9960,0.000,1,SEARCH,0.0000,0.0000,0.0000,-0.0000
253690,dynamic,-2.6536,0.0696,3.2062,33.35,2.000,-0.4475,-2.0291,2.0778,0.5775,1.9960,0.000,1,SEARCH,0.0000,0.0000,0.0000,-0.0000
253789,dynamic,-2.6537,0.0697,3.2062,33.35,2.000,-0.4475,-2.0291,2.0778,0.5776,1.9960,0.000,1,SEARCH,0.0000,0.0000,0.0000,-0.0000
253903,dynamic,-2.6539,0.0698,3.2062,33.35,2.000,-0.4475,-2.0291,2.0778,0.5776,1.9959,0.000,1,SEARCH,0.0000,0.0000,0.0000,-0.0000
253992,dynamic,-2.6542,0.0700,3.2062,33.35,2.000,-0.4475,-2.0291,2.0778,0.5776,1.9959,0.000,1,SEARCH,0.0000,0.0000,0.0000,-0.0000
254089,dynamic,-2.6545,0.0702,3.2062,33.36,2.000,-0.4455,-2.0203,2.0689,0.5750,1.9873,0.000,1,SEARCH,0.0000,0.0000,0.0000,-0.0000
254189,dynamic,-2.6548,0.0701,3.2062,33.36,2.000,-0.4455,-2.0203,2.0689,0.5750,1.9873,0.000,1,SEARCH,0.0000,0.0000,0.0000,-0.0000
254289,dynamic,-2.6550,0.0698,3.2062,33.36,2.000,-0.4455,-2.0203,2.0689,0.5750,1.9873,0.000,1,SEARCH,0.0000,0.0000,0.0000,-0.0000
254389,dynamic,-2.6548,0.0697,3.2062,33.36,2.000,-0.4455,-2.0203,2.0689,0.5750,1.9873,0.000,1,SEARCH,0.0000,0.0000,0.0000,-0.0000
254489,dynamic,-2.6542,0.0695,3.2062,33.36,2.000,-0.4455,-2.0203,2.0689,0.5749,1.9874,0.000,1,SEARCH,0.0000,0.0000,0.0000,-0.0000
254489,dynamic,-2.6542,0.0693,3.2062,33.36,2.000,-0.4455,-2.0203,2.0689,0.5749,1.9874,0.000,1,SEARCH,0.0000,0.0000,0.0000,-0.0000
254689,dynamic,-2.6543,0.0692,3.2061,33.17,2.000,-0.4465,-2.0084,2.0575,0.5751,1.9755,0.000,1,SEARCH,0.0000,0.0000,0.0000,-0.0000
254789,dynamic,-2.6540,0.0690,3.2061,33.17,2.000,-0.4465,-2.0084,2.0575,0.5750,1.9755,0.000,1,SEARCH,0.0000,0.0000,0.0000,-0.0000
254889,dynamic,-2.6536,0.0687,3.2061,33.17,2.000,-0.4465,-2.0084,2.0575,0.5750,1.9755,0.000,1,SEARCH,0.0000,0.0000,0.0000,-0.0000
254989,dynamic,-2.6537,0.0686,3.2061,33.17,2.000,-0.4465,-2.0084,2.0575,0.5750,1.9755,0.000,1,SEARCH,0.0000,0.0000,0.0000,-0.0000
255089,dynamic,-2.6538,0.0684,3.2061,33.17,2.000,-0.4465,-2.0084,2.0575,0.5750,1.9755,0.000,1,SEARCH,0.0000,0.0000,0.0000,-0.0000
255191,dynamic,-2.6537,0.0682,3.2061,33.17,2.000,-0.4465,-2.0084,2.0575,0.5750,1.9755,0.000,1,SEARCH,0.0000,0.0000,0.0000,-0.0000
255290,dynamic,-2.6534,0.0678,3.2061,33.35,2.000,-0.4418,-2.0024,2.0506,0.5700,1.9698,0.000,1,SEARCH,0.0000,0.0000,0.0000,-0.0000
255389,dynamic,-2.6531,0.0675,3.2061,33.35,2.000,-0.4418,-2.0024,2.0506,0.5700,1.9698,0.000,1,SEARCH,0.0000,0.0000,0.0000,-0.0000
255489,dynamic,-2.6526,0.0674,3.2061,33.35,2.000,-0.4418,-2.0024,2.0506,0.5699,1.9698,0.000,1,SEARCH,0.0000,0.0000,0.0000,-0.0000
255589,dynamic,-2.6536,0.0673,3.2061,33.35,2.000,-0.4418,-2.0024,2.0506,0.5699,1.9698,0.000,1,SEARCH,0.0000,0.0000,0.0000,-0.0000
255689,dynamic,-2.6552,0.0671,3.2061,33.35,2.000,-0.4418,-2.0024,2.0506,0.5699,1.9698,0.000,1,SEARCH,0.0000,0.0000,0.0000,-0.0000
255794,dynamic,-2.6554,0.0670,3.2061,33.35,2.000,-0.4418,-2.0024,2.0506,0.5700,1.9698,0.000,1,SEARCH,0.0000,0.0000,0.0000,-0.0000
255889,dynamic,-2.6549,0.0669,3.2061,33.17,2.000,-0.4442,-1.9969,2.0457,0.5719,1.9641,0.000,1,SEARCH,0.0000,0.0000,0.0000,-0.0000
255989,dynamic,-2.6551,0.0670,3.2060,33.17,2.000,-0.4442,-1.9969,2.0457,0.5719,1.9641,0.000,1,SEARCH,0.0000,0.0000,0.0000,-0.0000
256089,dynamic,-2.6557,0.0671,3.2061,33.17,2.000,-0.4442,-1.9969,2.0457,0.5719,1.9641,0.000,1,SEARCH,0.0000,0.0000,0.0000,-0.0000
256189,dynamic,-2.6554,0.0674,3.2061,33.17,2.000,-0.4442,-1.9969,2.0457,0.5719,1.9641,0.000,1,SEARCH,0.0000,0.0000,0.0000,-0.0000
256289,dynamic,-2.6547,0.0677,3.2061,33.17,2.000,-0.4442,-1.9969,2.0457,0.5719,1.9641,0.000,1,SEARCH,0.0000,0.0000,0.0000,-0.0000
256390,dynamic,-2.6542,0.0677,3.2060,33.17,2.000,-0.4442,-1.9969,2.0457,0.5719,1.9641,0.000,1,SEARCH,0.0000,0.0000,0.0000,-0.0000
256489,dynamic,-2.6538,0.0674,3.2060,33.35,2.000,-0.4407,-1.9972,2.0452,0.5683,1.9647,0.000,1,SEARCH,0.0000,0.0000,0.0000,-0.0000
256590,dynamic,-2.6533,0.0674,3.2060,33.35,2.000,-0.4407,-1.9972,2.0452,0.5683,1.9647,0.000,1,SEARCH,0.0000,0.0000,0.0000,-0.0000
256690,dynamic,-2.6529,0.0673,3.2060,33.35,2.000,-0.4407,-1.9972,2.0452,0.5683,1.9647,0.000,1,SEARCH,0.0000,0.0000,0.0000,-0.0000
256789,dynamic,-2.6526,0.0674,3.2060,33.35,2.000,-0.4407,-1.9972,2.0452,0.5683,1.9647,0.000,1,SEARCH,0.0000,0.0000,0.0000,-0.0000
256890,dynamic,-2.6524,0.0674,3.2060,33.35,2.000,-0.4407,-1.9972,2.0452,0.5683,1.9647,0.000,1,SEARCH,0.0000,0.0000,0.0000,-0.0000
256989,dynamic,-2.6525,0.0676,3.2060,33.35,2.000,-0.4407,-1.9972,2.0452,0.5682,1.9647,0.000,1,SEARCH,0.0000,0.0000,0.0000,-0.0000
257090,dynamic,-2.6528,0.0676,3.2060,33.35,2.000,-0.4407,-1.9972,2.0452,0.5682,1.9647,0.000,1,SEARCH,0.0000,0.0000,0.0000,-0.0000
257189,dynamic,-2.6524,0.0676,3.2060,33.36,2.000,-0.4399,-1.9929,2.0409,0.5672,1.9605,0.000,1,SEARCH,0.0000,0.0000,0.0000,-0.0000
257290,dynamic,-2.6517,0.0676,3.2060,33.36,2.000,-0.4399,-1.9929,2.0409,0.5672,1.9605,0.000,1,SEARCH,0.0000,0.0000,0.0000,-0.0000
257389,dynamic,-2.6513,0.0676,3.2060,33.36,2.000,-0.4399,-1.9929,2.0409,0.5671,1.9605,0.000,1,SEARCH,0.0000,0.0000,0.0000,-0.0000
257490,dynamic,-2.6512,0.0677,3.2059,33.36,2.000,-0.4399,-1.9929,2.0409,0.5671,1.9605,0.000,1,SEARCH,0.0000,0.0000,0.0000,-0.0000
257591,dynamic,-2.6513,0.0678,3.2060,33.36,2.000,-0.4399,-1.9929,2.0409,0.5672,1.9605,0.000,1,SEARCH,0.0000,0.0000,0.0000,-0.0000
257690,dynamic,-2.6514,0.0677,3.2060,32.96,2.000,-0.4436,-1.9915,2.0403,0.5708,1.9589,0.000,1,SEARCH,0.0000,0.0000,0.0000,-0.0000
257789,dynamic,-2.6510,0.0677,3.2060,32.96,2.000,-0.4436,-1.9915,2.0403,0.5708,1.9589,0.000,1,SEARCH,0.0000,0.0000,0.0000,-0.0000
257893,dynamic,-2.6504,0.0676,3.2060,32.96,2.000,-0.4436,-1.9915,2.0403,0.5708,1.9589,0.000,1,SEARCH,0.0000,0.0000,0.0000,-0.0000
257989,dynamic,-2.6503,0.0676,3.2060,32.96,2.000,-0.4436,-1.9915,2.0403,0.5708,1.9589,0.000,1,SEARCH,0.0000,0.0000,0.0000,-0.0000
258089,dynamic,-2.6504,0.0676,3.2059,32.96,2.000,-0.4436,-1.9915,2.0403,0.5708,1.9589,0.000,1,SEARCH,0.0000,0.0000,0.0000,-0.0000
258189,dynamic,-2.6504,0.0679,3.2059,32.96,2.000,-0.4436,-1.9915,2.0403,0.5708,1.9589,0.000,1,SEARCH,0.0000,0.0000,0.0000,-0.0000
258293,dynamic,-2.6503,0.0682,3.2059,32.96,2.000,-0.4436,-1.9915,2.0403,0.5708,1.9589,0.000,1,SEARCH,0.0000,0.0000,0.0000,-0.0000
258389,dynamic,-2.6509,0.0683,3.2060,32.96,2.000,-0.4430,-1.9883,2.0370,0.5700,1.9557,0.000,1,SEARCH,0.0000,0.0000,0.0000,-0.0000
258489,dynamic,-2.6518,0.0684,3.2060,32.96,2.000,-0.4430,-1.9883,2.0370,0.5700,1.9557,0.000,1,SEARCH,0.0000,0.0000,0.0000,-0.0000
258590,dynamic,-2.6532,0.0688,3.2060,32.96,2.000,-0.4430,-1.9883,2.0370,0.5700,1.9557,0.000,1,SEARCH,0.0000,0.0000,0.0000,-0.0000
258689,dynamic,-2.6545,0.0692,3.2060,32.96,2.000,-0.4430,-1.9883,2.0370,0.5700,1.9557,0.000,1,SEARCH,0.0000,0.0000,0.0000,-0.0000
258789,dynamic,-2.6556,0.0698,3.2060,32.96,2.000,-0.4430,-1.9883,2.0370,0.5700,1.9557,0.000,1,SEARCH,0.0000,0.0000,0.0000,-0.0000
258900,dynamic,-2.6565,0.0704,3.2060,32.96,2.000,-0.4430,-1.9883,2.0370,0.5699,1.9557,0.000,1,SEARCH,0.0000,0.0000,0.0000,-0.0000
258998,dynamic,-2.6577,0.0708,3.2060,32.96,2.000,-0.4430,-1.9883,2.0370,0.5699,1.9557,0.000,1,SEARCH,0.0000,0.0000,0.0000,-0.0000
259091,dynamic,-2.6590,0.0711,3.2060,33.18,2.000,-0.4417,-1.9842,2.0327,0.5684,1.9516,0.000,1,SEARCH,0.0000,0.0000,0.0000,-0.0000
259189,dynamic,-2.6597,0.0714,3.2060,33.18,2.000,-0.4417,-1.9842,2.0327,0.5684,1.9516,0.000,1,SEARCH,0.0000,0.0000,0.0000,-0.0000
259304,dynamic,-2.6602,0.0717,3.2060,33.18,2.000,-0.4417,-1.9842,2.0327,0.5685,1.9516,0.000,1,SEARCH,0.0000,0.0000,0.0000,-0.0000
259390,dynamic,-2.6604,0.0719,3.2060,33.18,2.000,-0.4417,-1.9842,2.0327,0.5684,1.9516,0.000,1,SEARCH,0.0000,0.0000,0.0000,-0.0000
259490,dynamic,-2.6605,0.0721,3.2060,33.18,2.000,-0.4417,-1.9842,2.0327,0.5684,1.9516,0.000,1,SEARCH,0.0000,0.0000,0.0000,-0.0000
259590,dynamic,-2.6609,0.0721,3.2060,33.18,2.000,-0.4417,-1.9842,2.0327,0.5684,1.9516,0.000,1,SEARCH,0.0000,0.0000,0.0000,-0.0000
259690,dynamic,-2.6616,0.0718,3.2060,32.96,2.000,-0.4412,-1.9800,2.0285,0.5676,1.9475,0.000,1,SEARCH,0.0000,0.0000,0.0000,-0.0000
259790,dynamic,-2.6612,0.0718,3.2059,32.96,2.000,-0.4412,-1.9800,2.0285,0.5676,1.9475,0.000,1,SEARCH,0.0000,0.0000,0.0000,-0.0000
259889,dynamic,-2.6605,0.0719,3.2059,32.96,2.000,-0.4412,-1.9800,2.0285,0.5676,1.9475,0.000,1,SEARCH,0.0000,0.0000,0.0000,-0.0000
259989,dynamic,-2.6602,0.0720,3.2059,32.96,2.000,-0.4412,-1.9800,2.0285,0.5676,1.9475,0.000,1,SEARCH,0.0000,0.0000,0.0000,-0.0000
260089,dynamic,-2.6603,0.0721,3.2059,32.96,2.000,-0.4412,-1.9800,2.0285,0.5676,1.9475,0.000,1,SEARCH,0.0000,0.0000,0.0000,-0.0000
260203,dynamic,-2.6600,0.0726,3.2059,32.96,2.000,-0.4412,-1.9800,2.0285,0.5676,1.9475,0.000,1,SEARCH,0.0000,0.0000,0.0000,-0.0000
260289,dynamic,-2.6597,0.0731,3.2059,33.38,2.000,-0.4389,-1.9794,2.0274,0.5653,1.9470,0.000,1,SEARCH,0.0000,0.0000,0.0000,-0.0000
260390,dynamic,-2.6593,0.0732,3.2060,33.38,2.000,-0.4389,-1.9794,2.0274,0.5653,1.9470,0.000,1,SEARCH,0.0000,0.0000,0.0000,-0.0000
260490,dynamic,-2.6588,0.0732,3.2060,33.38,2.000,-0.4389,-1.9794,2.0274,0.5653,1.9470,0.000,1,SEARCH,0.0000,0.0000,0.0000,-0.0000
260589,dynamic,-2.6581,0.0728,3.2059,33.38,2.000,-0.4389,-1.9794,2.0274,0.5653,1.9470,0.000,1,SEARCH,0.0000,0.0000,0.0000,-0.0000
260689,dynamic,-2.6574,0.0724,3.2060,33.38,2.000,-0.4389,-1.9794,2.0274,0.5653,1.9470,0.000,1,SEARCH,0.0000,0.0000,0.0000,-0.0000
260790,dynamic,-2.6569,0.0723,3.2060,33.38,2.000,-0.4389,-1.9794,2.0274,0.5653,1.9470,0.000,1,SEARCH,0.0000,0.0000,0.0000,-0.0000
260790,dynamic,-2.6566,0.0723,3.2059,33.38,2.000,-0.4389,-1.9794,2.0274,0.5653,1.9470,0.000,1,SEARCH,0.0000,0.0000,0.0000,-0.0000
260989,dynamic,-2.6561,0.0723,3.2060,33.36,2.000,-0.4371,-1.9789,2.0266,0.5635,1.9467,0.000,1,SEARCH,0.0000,0.0000,0.0000,-0.0000
261089,dynamic,-2.6556,0.0724,3.2060,33.36,2.000,-0.4371,-1.9789,2.0266,0.5635,1.9467,0.000,1,SEARCH,0.0000,0.0000,0.0000,-0.0000
261189,dynamic,-2.6559,0.0725,3.2059,33.36,2.000,-0.4371,-1.9789,2.0266,0.5635,1.9467,0.000,1,SEARCH,0.0000,0.0000,0.0000,-0.0000
261289,dynamic,-2.6565,0.0724,3.2059,33.36,2.000,-0.4371,-1.9789,2.0266,0.5635,1.9467,0.000,1,SEARCH,0.0000,0.0000,0.0000,-0.0000
261389,dynamic,-2.6565,0.0725,3.2060,33.36,2.000,-0.4371,-1.9789,2.0266,0.5635,1.9467,0.000,1,SEARCH,0.0000,0.0000,0.0000,-0.0000
261493,dynamic,-2.6561,0.0727,3.2060,33.36,2.000,-0.4371,-1.9789,2.0266,0.5635,1.9467,0.000,1,SEARCH,0.0000,0.0000,0.0000,-0.0000
261589,dynamic,-2.6560,0.0728,3.2060,33.18,2.000,-0.4414,-1.9817,2.0302,0.5680,1.9492,0.000,1,SEARCH,0.0000,0.0000,0.0000,-0.0000
261689,dynamic,-2.6559,0.0728,3.2060,33.18,2.000,-0.4414,-1.9817,2.0302,0.5681,1.9492,0.000,1,SEARCH,0.0000,0.0000,0.0000,-0.0000
261789,dynamic,-2.6556,0.0728,3.2060,33.18,2.000,-0.4414,-1.9817,2.0302,0.5681,1.9492,0.000,1,SEARCH,0.0000,0.0000,0.0000,-0.0000
261889,dynamic,-2.6552,0.0729,3.2060,33.18,2.000,-0.4414,-1.9817,2.0302,0.5681,1.9491,0.000,1,SEARCH,0.0000,0.0000,0.0000,-0.0000
261989,dynamic,-2.6546,0.0726,3.2060,33.18,2.000,-0.4414,-1.9817,2.0302,0.5681,1.9492,0.000,1,SEARCH,0.0000,0.0000,0.0000,-0.0000
262093,dynamic,-2.6539,0.0723,3.2060,33.18,2.000,-0.4414,-1.9817,2.0302,0.5680,1.9492,0.000,1,SEARCH,0.0000,0.0000,0.0000,-0.0000
262189,dynamic,-2.6538,0.0720,3.2060,32.96,2.000,-0.4421,-1.9836,2.0323,0.5688,1.9511,0.000,1,SEARCH,0.0000,0.0000,0.0000,-0.0000
262291,dynamic,-2.6540,0.0718,3.2060,32.96,2.000,-0.4421,-1.9836,2.0323,0.5688,1.9511,0.000,1,SEARCH,0.0000,0.0000,0.0000,-0.0000
262389,dynamic,-2.6541,0.0717,3.2060,32.96,2.000,-0.4421,-1.9836,2.0323,0.5688,1.9511,0.000,1,SEARCH,0.0000,0.0000,0.0000,-0.0000
262489,dynamic,-2.6542,0.0716,3.2060,32.96,2.000,-0.4421,-1.9836,2.0323,0.5689,1.9511,0.000,1,SEARCH,0.0000,0.0000,0.0000,-0.0000
262589,dynamic,-2.6543,0.0714,3.2060,32.96,2.000,-0.4421,-1.9836,2.0323,0.5689,1.9511,0.000,1,SEARCH,0.0000,0.0000,0.0000,-0.0000
262690,dynamic,-2.6545,0.0713,3.2060,32.96,2.000,-0.4421,-1.9836,2.0323,0.5689,1.9511,0.000,1,SEARCH,0.0000,0.0000,0.0000,-0.0000
262790,dynamic,-2.6545,0.0710,3.2060,32.96,2.000,-0.4410,-1.9789,2.0274,0.5675,1.9464,0.000,1,SEARCH,0.0000,0.0000,0.0000,-0.0000
262893,dynamic,-2.6543,0.0707,3.2060,32.96,2.000,-0.4410,-1.9789,2.0274,0.5675,1.9464,0.000,1,SEARCH,0.0000,0.0000,0.0000,-0.0000
262989,dynamic,-2.6546,0.0706,3.2060,32.96,2.000,-0.4410,-1.9789,2.0274,0.5675,1.9464,0.000,1,SEARCH,0.0000,0.0000,0.0000,-0.0000
263089,dynamic,-2.6550,0.0706,3.2060,32.96,2.000,-0.4410,-1.9789,2.0274,0.5675,1.9464,0.000,1,SEARCH,0.0000,0.0000,0.0000,-0.0000
263190,dynamic,-2.6556,0.0709,3.2060,32.96,2.000,-0.4410,-1.9789,2.0274,0.5675,1.9464,0.000,1,SEARCH,0.0000,0.0000,0.0000,-0.0000
263300,dynamic,-2.6563,0.0714,3.2060,32.96,2.000,-0.4410,-1.9789,2.0274,0.5675,1.9464,0.000,1,SEARCH,0.0000,0.0000,0.0000,-0.0000
263389,dynamic,-2.6562,0.0714,3.2060,32.96,2.000,-0.4390,-1.9697,2.0181,0.5649,1.9374,0.000,1,SEARCH,0.0000,0.0000,0.0000,-0.0000
263489,dynamic,-2.6557,0.0710,3.2061,32.96,2.000,-0.4390,-1.9697,2.0181,0.5650,1.9374,0.000,1,SEARCH,0.0000,0.0000,0.0000,-0.0000
263589,dynamic,-2.6559,0.0706,3.2061,32.96,2.000,-0.4390,-1.9697,2.0181,0.5650,1.9374,0.000,1,SEARCH,0.0000,0.0000,0.0000,-0.0000
263689,dynamic,-2.6565,0.0703,3.2060,32.96,2.000,-0.4390,-1.9697,2.0181,0.5650,1.9374,0.000,1,SEARCH,0.0000,0.0000,0.0000,-0.0000
263789,dynamic,-2.6569,0.0701,3.2060,32.96,2.000,-0.4390,-1.9697,2.0181,0.5649,1.9374,0.000,1,SEARCH,0.0000,0.0000,0.0000,-0.0000
263896,dynamic,-2.6572,0.0701,3.2060,32.96,2.000,-0.4390,-1.9697,2.0181,0.5649,1.9374,0.000,1,SEARCH,0.0000,0.0000,0.0000,-0.0000
263989,dynamic,-2.6570,0.0698,3.2060,33.36,2.000,-0.4326,-1.9576,2.0048,0.5577,1.9257,0.000,1,SEARCH,0.0000,0.0000,0.0000,-0.0000
264089,dynamic,-2.6566,0.0694,3.2060,33.36,2.000,-0.4326,-1.9576,2.0048,0.5577,1.9257,0.000,1,SEARCH,0.0000,0.0000,0.0000,-0.0000
264189,dynamic,-2.6566,0.0691,3.2060,33.36,2.000,-0.4326,-1.9576,2.0048,0.5577,1.9257,0.000,1,SEARCH,0.0000,0.0000,0.0000,-0.0000
264289,dynamic,-2.6568,0.0689,3.2060,33.36,2.000,-0.4326,-1.9576,2.0048,0.5577,1.9257,0.000,1,SEARCH,0.0000,0.0000,0.0000,-0.0000
264389,dynamic,-2.6569,0.0688,3.2061,33.36,2.000,-0.4326,-1.9576,2.0048,0.5578,1.9257,0.000,1,SEARCH,0.0000,0.0000,0.0000,-0.0000
264497,dynamic,-2.6570,0.0687,3.2061,33.36,2.000,-0.4326,-1.9576,2.0048,0.5578,1.9257,0.000,1,SEARCH,0.0000,0.0000,0.0000,-0.0000
264590,dynamic,-2.6577,0.0686,3.2061,32.96,2.000,-0.4351,-1.9518,1.9997,0.5601,1.9196,0.000,1,SEARCH,0.0000,0.0000,0.0000,-0.0000
264689,dynamic,-2.6585,0.0684,3.2061,32.96,2.000,-0.4351,-1.9518,1.9997,0.5601,1.9196,0.000,1,SEARCH,0.0000,0.0000,0.0000,-0.0000
264789,dynamic,-2.6590,0.0685,3.2061,32.96,2.000,-0.4351,-1.9518,1.9997,0.5600,1.9197,0.000,1,SEARCH,0.0000,0.0000,0.0000,-0.0000
264890,dynamic,-2.6593,0.0687,3.2061,32.96,2.000,-0.4351,-1.9518,1.9997,0.5600,1.9197,0.000,1,SEARCH,0.0000,0.0000,0.0000,-0.0000
264989,dynamic,-2.6599,0.0690,3.2061,32.96,2.000,-0.4351,-1.9518,1.9997,0.5600,1.9197,0.000,1,SEARCH,0.0000,0.0000,0.0000,-0.0000
265093,dynamic,-2.6607,0.0693,3.2061,32.96,2.000,-0.4351,-1.9518,1.9997,0.5600,1.9197,0.000,1,SEARCH,0.0000,0.0000,0.0000,-0.0000
265189,dynamic,-2.6614,0.0694,3.2061,32.96,2.000,-0.4331,-1.9429,1.9906,0.5574,1.9110,0.000,1,SEARCH,0.0000,0.0000,0.0000,-0.0000
265289,dynamic,-2.6620,0.0693,3.2061,32.96,2.000,-0.4331,-1.9429,1.9906,0.5574,1.9110,0.000,1,SEARCH,0.0000,0.0000,0.0000,-0.0000
265389,dynamic,-2.6624,0.0691,3.2061,32.96,2.000,-0.4331,-1.9429,1.9906,0.5574,1.9110,0.000,1,SEARCH,0.0000,0.0000,0.0000,-0.0000
265490,dynamic,-2.6626,0.0686,3.2061,32.96,2.000,-0.4331,-1.9429,1.9906,0.5574,1.9110,0.000,1,SEARCH,0.0000,0.0000,0.0000,-0.0000
265589,dynamic,-2.6623,0.0684,3.2061,32.96,2.000,-0.4331,-1.9429,1.9906,0.5574,1.9110,0.000,1,SEARCH,0.0000,0.0000,0.0000,-0.0000
265689,dynamic,-2.6620,0.0683,3.2061,32.96,2.000,-0.4331,-1.9429,1.9906,0.5574,1.9110,0.000,1,SEARCH,0.0000,0.0000,0.0000,-0.0000
265792,dynamic,-2.6620,0.0681,3.2061,32.96,2.000,-0.4331,-1.9429,1.9906,0.5574,1.9110,0.000,1,SEARCH,0.0000,0.0000,0.0000,-0.0000
265889,dynamic,-2.6622,0.0680,3.2061,32.96,2.000,-0.4327,-1.9407,1.9884,0.5569,1.9088,0.000,1,SEARCH,0.0000,0.0000,0.0000,-0.0000
265989,dynamic,-2.6620,0.0681,3.2061,32.96,2.000,-0.4327,-1.9407,1.9884,0.5569,1.9088,0.000,1,SEARCH,0.0000,0.0000,0.0000,-0.0000
266089,dynamic,-2.6617,0.0684,3.2060,32.96,2.000,-0.4327,-1.9407,1.9884,0.5568,1.9088,0.000,1,SEARCH,0.0000,0.0000,0.0000,-0.0000
266189,dynamic,-2.6616,0.0685,3.2060,32.96,2.000,-0.4327,-1.9407,1.9884,0.5568,1.9088,0.000,1,SEARCH,0.0000,0.0000,0.0000,-0.0000
266289,dynamic,-2.6618,0.0686,3.2060,32.96,2.000,-0.4327,-1.9407,1.9884,0.5567,1.9088,0.000,1,SEARCH,0.0000,0.0000,0.0000,-0.0000
266393,dynamic,-2.6618,0.0686,3.2060,32.96,2.000,-0.4327,-1.9407,1.9884,0.5567,1.9088,0.000,1,SEARCH,0.0000,0.0000,0.0000,-0.0000
266489,dynamic,-2.6617,0.0685,3.2060,33.18,2.000,-0.4332,-1.9441,1.9918,0.5574,1.9122,0.000,1,SEARCH,0.0000,0.0000,0.0000,-0.0000
266589,dynamic,-2.6620,0.0685,3.2060,33.18,2.000,-0.4332,-1.9441,1.9918,0.5574,1.9122,0.000,1,SEARCH,0.0000,0.0000,0.0000,-0.0000
266689,dynamic,-2.6626,0.0685,3.2059,33.18,2.000,-0.4332,-1.9441,1.9918,0.5574,1.9122,0.000,1,SEARCH,0.0000,0.0000,0.0000,-0.0000
266789,dynamic,-2.6628,0.0688,3.2059,33.18,2.000,-0.4332,-1.9441,1.9918,0.5574,1.9122,0.000,1,SEARCH,0.0000,0.0000,0.0000,-0.0000
266889,dynamic,-2.6629,0.0692,3.2059,33.18,2.000,-0.4332,-1.9441,1.9918,0.5573,1.9123,0.000,1,SEARCH,0.0000,0.0000,0.0000,-0.0000
266991,dynamic,-2.6626,0.0697,3.2059,33.18,2.000,-0.4332,-1.9441,1.9918,0.5573,1.9123,0.000,1,SEARCH,0.0000,0.0000,0.0000,-0.0000
267089,dynamic,-2.6623,0.0702,3.2059,33.14,2.000,-0.4289,-1.9374,1.9843,0.5525,1.9058,0.000,1,SEARCH,0.0000,0.0000,0.0000,-0.0000
267189,dynamic,-2.6620,0.0705,3.2059,33.14,2.000,-0.4289,-1.9374,1.9843,0.5525,1.9058,0.000,1,SEARCH,0.0000,0.0000,0.0000,-0.0000
267290,dynamic,-2.6617,0.0708,3.2059,33.14,2.000,-0.4289,-1.9374,1.9843,0.5525,1.9058,0.000,1,SEARCH,0.0000,0.0000,0.0000,-0.0000
267389,dynamic,-2.6618,0.0712,3.2059,33.14,2.000,-0.4289,-1.9374,1.9843,0.5525,1.9058,0.000,1,SEARCH,0.0000,0.0000,0.0000,-0.0000
267389,dynamic,-2.6622,0.0718,3.2059,33.14,2.000,-0.4289,-1.9374,1.9843,0.5525,1.9058,0.000,1,SEARCH,0.0000,0.0000,0.0000,-0.0000
267590,dynamic,-2.6626,0.0720,3.2059,32.96,2.000,-0.4329,-1.9391,1.9869,0.5566,1.9073,0.000,1,SEARCH,0.0000,0.0000,0.0000,-0.0000
267690,dynamic,-2.6630,0.0722,3.2059,32.96,2.000,-0.4329,-1.9391,1.9869,0.5566,1.9073,0.000,1,SEARCH,0.0000,0.0000,0.0000,-0.0000
267790,dynamic,-2.6628,0.0724,3.2059,32.96,2.000,-0.4329,-1.9391,1.9869,0.5566,1.9073,0.000,1,SEARCH,0.0000,0.0000,0.0000,-0.0000
267889,dynamic,-2.6623,0.0727,3.2059,32.96,2.000,-0.4329,-1.9391,1.9869,0.5566,1.9073,0.000,1,SEARCH,0.0000,0.0000,0.0000,-0.0000
267989,dynamic,-2.6619,0.0727,3.2059,32.96,2.000,-0.4329,-1.9391,1.9869,0.5566,1.9073,0.000,1,SEARCH,0.0000,0.0000,0.0000,-0.0000
268099,dynamic,-2.6617,0.0728,3.2059,32.96,2.000,-0.4329,-1.9391,1.9869,0.5566,1.9073,0.000,1,SEARCH,0.0000,0.0000,0.0000,-0.0000
268189,dynamic,-2.6617,0.0729,3.2059,32.96,2.000,-0.4333,-1.9413,1.9891,0.5572,1.9095,0.000,1,SEARCH,0.0000,0.0000,0.0000,-0.0000
268289,dynamic,-2.6621,0.0732,3.2059,32.96,2.000,-0.4333,-1.9413,1.9891,0.5573,1.9095,0.000,1,SEARCH,0.0000,0.0000,0.0000,-0.0000
268389,dynamic,-2.6624,0.0735,3.2059,32.96,2.000,-0.4333,-1.9413,1.9891,0.5572,1.9095,0.000,1,SEARCH,0.0000,0.0000,0.0000,-0.0000
268489,dynamic,-2.6627,0.0740,3.2059,32.96,2.000,-0.4333,-1.9413,1.9891,0.5572,1.9095,0.000,1,SEARCH,0.0000,0.0000,0.0000,-0.0000
268589,dynamic,-2.6630,0.0741,3.2059,32.96,2.000,-0.4333,-1.9413,1.9891,0.5571,1.9095,0.000,1,SEARCH,0.0000,0.0000,0.0000,-0.0000
268690,dynamic,-2.6633,0.0741,3.2059,32.96,2.000,-0.4333,-1.9413,1.9891,0.5571,1.9095,0.000,1,SEARCH,0.0000,0.0000,0.0000,-0.0000
268789,dynamic,-2.6633,0.0741,3.2058,32.95,2.000,-0.4338,-1.9434,1.9912,0.5577,1.9115,0.000,1,SEARCH,0.0000,0.0000,0.0000,-0.0000
268889,dynamic,-2.6631,0.0741,3.2058,32.95,2.000,-0.4338,-1.9434,1.9912,0.5576,1.9115,0.000,1,SEARCH,0.0000,0.0000,0.0000,-0.0000
268989,dynamic,-2.6624,0.0741,3.2059,32.95,2.000,-0.4338,-1.9434,1.9912,0.5577,1.9115,0.000,1,SEARCH,0.0000,0.0000,0.0000,-0.0000
269089,dynamic,-2.6617,0.0742,3.2058,32.95,2.000,-0.4338,-1.9434,1.9912,0.5576,1.9115,0.000,1,SEARCH,0.0000,0.0000,0.0000,-0.0000
269189,dynamic,-2.6616,0.0741,3.2058,32.95,2.000,-0.4338,-1.9434,1.9912,0.5576,1.9116,0.000,1,SEARCH,0.0000,0.0000,0.0000,-0.0000
269293,dynamic,-2.6618,0.0742,3.2058,32.95,2.000,-0.4338,-1.9434,1.9912,0.5576,1.9116,0.000,1,SEARCH,0.0000,0.0000,0.0000,-0.0000
269389,dynamic,-2.6618,0.0742,3.2058,32.95,2.000,-0.4341,-1.9445,1.9924,0.5580,1.9126,0.000,1,SEARCH,0.0000,0.0000,0.0000,-0.0000
269489,dynamic,-2.6619,0.0742,3.2058,32.95,2.000,-0.4341,-1.9445,1.9924,0.5580,1.9126,0.000,1,SEARCH,0.0000,0.0000,0.0000,-0.0000
269589,dynamic,-2.6617,0.0739,3.2058,32.95,2.000,-0.4341,-1.9445,1.9924,0.5580,1.9126,0.000,1,SEARCH,0.0000,0.0000,0.0000,-0.0000
269689,dynamic,-2.6616,0.0736,3.2058,32.95,2.000,-0.4341,-1.9445,1.9924,0.5581,1.9126,0.000,1,SEARCH,0.0000,0.0000,0.0000,-0.0000
269798,dynamic,-2.6612,0.0735,3.2058,32.95,2.000,-0.4341,-1.9445,1.9924,0.5581,1.9126,0.000,1,SEARCH,0.0000,0.0000,0.0000,-0.0000
269893,dynamic,-2.6608,0.0734,3.2058,32.95,2.000,-0.4341,-1.9445,1.9924,0.5580,1.9126,0.000,1,SEARCH,0.0000,0.0000,0.0000,-0.0000
269989,dynamic,-2.6606,0.0733,3.2058,32.75,2.000,-0.4365,-1.9498,1.9980,0.5607,1.9177,0.000,1,SEARCH,0.0000,0.0000,0.0000,-0.0000
270089,dynamic,-2.6604,0.0731,3.2058,32.75,2.000,-0.4365,-1.9498,1.9980,0.5607,1.9177,0.000,1,SEARCH,0.0000,0.0000,0.0000,-0.0000
270189,dynamic,-2.6605,0.0730,3.2058,32.75,2.000,-0.4365,-1.9498,1.9980,0.5607,1.9177,0.000,1,SEARCH,0.0000,0.0000,0.0000,-0.0000
270289,dynamic,-2.6608,0.0728,3.2058,32.75,2.000,-0.4365,-1.9498,1.9980,0.5607,1.9177,0.000,1,SEARCH,0.0000,0.0000,0.0000,-0.0000
270389,dynamic,-2.6609,0.0727,3.2058,32.75,2.000,-0.4365,-1.9498,1.9980,0.5607,1.9177,0.000,1,SEARCH,0.0000,0.0000,0.0000,-0.0000
270489,dynamic,-2.6609,0.0725,3.2058,32.75,2.000,-0.4365,-1.9498,1.9980,0.5607,1.9177,0.000,1,SEARCH,0.0000,0.0000,0.0000,-0.0000
270589,dynamic,-2.6607,0.0726,3.2058,32.75,2.000,-0.4364,-1.9493,1.9975,0.5606,1.9173,0.000,1,SEARCH,0.0000,0.0000,0.0000,-0.0000
270689,dynamic,-2.6605,0.0728,3.2058,32.75,2.000,-0.4364,-1.9493,1.9975,0.5605,1.9173,0.000,1,SEARCH,0.0000,0.0000,0.0000,-0.0000
270789,dynamic,-2.6611,0.0729,3.2058,32.75,2.000,-0.4364,-1.9493,1.9975,0.5605,1.9173,0.000,1,SEARCH,0.0000,0.0000,0.0000,-0.0000
270889,dynamic,-2.6621,0.0730,3.2058,32.75,2.000,-0.4364,-1.9493,1.9975,0.5605,1.9173,0.000,1,SEARCH,0.0000,0.0000,0.0000,-0.0000
270989,dynamic,-2.6624,0.0732,3.2058,32.75,2.000,-0.4364,-1.9493,1.9975,0.5605,1.9173,0.000,1,SEARCH,0.0000,0.0000,0.0000,-0.0000
271089,dynamic,-2.6625,0.0735,3.2058,32.75,2.000,-0.4364,-1.9493,1.9975,0.5605,1.9173,0.000,1,SEARCH,0.0000,0.0000,0.0000,-0.0000
271189,dynamic,-2.6622,0.0735,3.2058,32.74,2.000,-0.4376,-1.9549,2.0032,0.5620,1.9228,0.000,1,SEARCH,0.0000,0.0000,0.0000,-0.0000
271289,dynamic,-2.6618,0.0732,3.2057,32.74,2.000,-0.4376,-1.9549,2.0032,0.5620,1.9228,0.000,1,SEARCH,0.0000,0.0000,0.0000,-0.0000
271389,dynamic,-2.6615,0.0731,3.2057,32.74,2.000,-0.4376,-1.9549,2.0032,0.5620,1.9228,0.000,1,SEARCH,0.0000,0.0000,0.0000,-0.0000
271489,dynamic,-2.6612,0.0731,3.2057,32.74,2.000,-0.4376,-1.9549,2.0032,0.5620,1.9228,0.000,1,SEARCH,0.0000,0.0000,0.0000,-0.0000
271603,dynamic,-2.6610,0.0730,3.2057,32.74,2.000,-0.4376,-1.9549,2.0032,0.5620,1.9228,0.000,1,SEARCH,0.0000,0.0000,0.0000,-0.0000
271690,dynamic,-2.6610,0.0729,3.2057,32.94,2.000,-0.4363,-1.9578,2.0058,0.5609,1.9258,0.000,1,SEARCH,0.0000,0.0000,0.0000,-0.0000
271790,dynamic,-2.6609,0.0729,3.2057,32.94,2.000,-0.4363,-1.9578,2.0058,0.5609,1.9258,0.000,1,SEARCH,0.0000,0.0000,0.0000,-0.0000
271889,dynamic,-2.6610,0.0729,3.2057,32.94,2.000,-0.4363,-1.9578,2.0058,0.5609,1.9258,0.000,1,SEARCH,0.0000,0.0000,0.0000,-0.0000
271989,dynamic,-2.6612,0.0730,3.2058,32.94,2.000,-0.4363,-1.9578,2.0058,0.5609,1.9257,0.000,1,SEARCH,0.0000,0.0000,0.0000,-0.0000
272089,dynamic,-2.6615,0.0732,3.2057,32.94,2.000,-0.4363,-1.9578,2.0058,0.5609,1.9257,0.000,1,SEARCH,0.0000,0.0000,0.0000,-0.0000
272191,dynamic,-2.6610,0.0732,3.2057,32.94,2.000,-0.4363,-1.9578,2.0058,0.5609,1.9258,0.000,1,SEARCH,0.0000,0.0000,0.0000,-0.0000
272290,dynamic,-2.6601,0.0731,3.2057,32.74,2.000,-0.4379,-1.9566,2.0050,0.5624,1.9245,0.000,1,SEARCH,0.0000,0.0000,0.0000,-0.0000
272389,dynamic,-2.6600,0.0734,3.2057,32.74,2.000,-0.4379,-1.9566,2.0050,0.5624,1.9245,0.000,1,SEARCH,0.0000,0.0000,0.0000,-0.0000
272489,dynamic,-2.6605,0.0738,3.2057,32.74,2.000,-0.4379,-1.9566,2.0050,0.5624,1.9245,0.000,1,SEARCH,0.0000,0.0000,0.0000,-0.0000
272589,dynamic,-2.6608,0.0739,3.2057,32.74,2.000,-0.4379,-1.9566,2.0050,0.5623,1.9245,0.000,1,SEARCH,0.0000,0.0000,0.0000,-0.0000
272710,dynamic,-2.6611,0.0740,3.2057,32.74,2.000,-0.4379,-1.9566,2.0050,0.5623,1.9245,0.000,1,SEARCH,0.0000,0.0000,0.0000,-0.0000
272789,dynamic,-2.6608,0.0741,3.2057,32.74,2.000,-0.4375,-1.9551,2.0035,0.5618,1.9231,0.000,1,SEARCH,0.0000,0.0000,0.0000,-0.0000
272889,dynamic,-2.6606,0.0741,3.2057,32.74,2.000,-0.4375,-1.9551,2.0035,0.5618,1.9231,0.000,1,SEARCH,0.0000,0.0000,0.0000,-0.0000
272989,dynamic,-2.6604,0.0742,3.2057,32.74,2.000,-0.4375,-1.9551,2.0035,0.5618,1.9231,0.000,1,SEARCH,0.0000,0.0000,0.0000,-0.0000
273089,dynamic,-2.6603,0.0741,3.2057,32.74,2.000,-0.4375,-1.9551,2.0035,0.5619,1.9231,0.000,1,SEARCH,0.0000,0.0000,0.0000,-0.0000
273189,dynamic,-2.6605,0.0741,3.2057,32.74,2.000,-0.4375,-1.9551,2.0035,0.5619,1.9231,0.000,1,SEARCH,0.0000,0.0000,0.0000,-0.0000
273292,dynamic,-2.6607,0.0740,3.2058,32.74,2.000,-0.4375,-1.9551,2.0035,0.5620,1.9230,0.000,1,SEARCH,0.0000,0.0000,0.0000,-0.0000
273389,dynamic,-2.6607,0.0739,3.2058,32.74,2.000,-0.4375,-1.9553,2.0036,0.5620,1.9232,0.000,1,SEARCH,0.0000,0.0000,0.0000,-0.0000
273489,dynamic,-2.6605,0.0737,3.2058,32.74,2.000,-0.4375,-1.9553,2.0036,0.5619,1.9232,0.000,1,SEARCH,0.0000,0.0000,0.0000,-0.0000
273589,dynamic,-2.6614,0.0737,3.2058,32.74,2.000,-0.4375,-1.9553,2.0036,0.5620,1.9232,0.000,1,SEARCH,0.0000,0.0000,0.0000,-0.0000
273689,dynamic,-2.6629,0.0739,3.2058,32.74,2.000,-0.4375,-1.9553,2.0036,0.5619,1.9232,0.000,1,SEARCH,0.0000,0.0000,0.0000,-0.0000
273789,dynamic,-2.6635,0.0742,3.2057,32.74,2.000,-0.4375,-1.9553,2.0036,0.5619,1.9232,0.000,1,SEARCH,0.0000,0.0000,0.0000,-0.0000
273903,dynamic,-2.6636,0.0745,3.2057,32.74,2.000,-0.4375,-1.9553,2.0036,0.5619,1.9232,0.000,1,SEARCH,0.0000,0.0000,0.0000,-0.0000
273989,dynamic,-2.6637,0.0747,3.2057,32.73,2.000,-0.4371,-1.9549,2.0032,0.5615,1.9229,0.000,1,SEARCH,0.0000,0.0000,0.0000,-0.0000
274089,dynamic,-2.6637,0.0745,3.2057,32.73,2.000,-0.4371,-1.9549,2.0032,0.5615,1.9229,0.000,1,SEARCH,0.0000,0.0000,0.0000,-0.0000
274189,dynamic,-2.6635,0.0744,3.2057,32.73,2.000,-0.4371,-1.9549,2.0032,0.5615,1.9229,0.000,1,SEARCH,0.0000,0.0000,0.0000,-0.0000
274290,dynamic,-2.6632,0.0743,3.2057,32.73,2.000,-0.4371,-1.9549,2.0032,0.5615,1.9229,0.000,1,SEARCH,0.0000,0.0000,0.0000,-0.0000
274389,dynamic,-2.6631,0.0738,3.2057,32.73,2.000,-0.4371,-1.9549,2.0032,0.5615,1.9229,0.000,1,SEARCH,0.0000,0.0000,0.0000,-0.0000
274501,dynamic,-2.6631,0.0728,3.2057,32.73,2.000,-0.4371,-1.9549,2.0032,0.5615,1.9229,0.000,1,SEARCH,0.0000,0.0000,0.0000,-0.0000
274589,dynamic,-2.6623,0.0722,3.2057,32.73,2.000,-0.4386,-1.9618,2.0102,0.5634,1.9296,0.000,1,SEARCH,0.0000,0.0000,0.0000,-0.0000
274689,dynamic,-2.6613,0.0718,3.2057,32.73,2.000,-0.4386,-1.9618,2.0102,0.5634,1.9296,0.000,1,SEARCH,0.0000,0.0000,0.0000,-0.0000
274790,dynamic,-2.6612,0.0716,3.2057,32.73,2.000,-0.4386,-1.9618,2.0102,0.5633,1.9296,0.000,1,SEARCH,0.0000,0.0000,0.0000,-0.0000
274889,dynamic,-2.6615,0.0715,3.2057,32.73,2.000,-0.4386,-1.9618,2.0102,0.5633,1.9297,0.000,1,SEARCH,0.0000,0.0000,0.0000,-0.0000
274989,dynamic,-2.6619,0.0711,3.2057,32.73,2.000,-0.4386,-1.9618,2.0102,0.5633,1.9297,0.000,1,SEARCH,0.0000,0.0000,0.0000,-0.0000
275093,dynamic,-2.6624,0.0706,3.2056,32.73,2.000,-0.4386,-1.9618,2.0102,0.5632,1.9297,0.000,1,SEARCH,0.0000,0.0000,0.0000,-0.0000
275189,dynamic,-2.6626,0.0704,3.2056,32.73,2.000,-0.4383,-1.9606,2.0090,0.5628,1.9286,0.000,1,SEARCH,0.0000,0.0000,0.0000,-0.0000
275289,dynamic,-2.6627,0.0703,3.2056,32.73,2.000,-0.4383,-1.9606,2.0090,0.5628,1.9286,0.000,1,SEARCH,0.0000,0.0000,0.0000,-0.0000
275390,dynamic,-2.6621,0.0702,3.2056,32.73,2.000,-0.4383,-1.9606,2.0090,0.5628,1.9286,0.000,1,SEARCH,0.0000,0.0000,0.0000,-0.0000
275490,dynamic,-2.6612,0.0701,3.2056,32.73,2.000,-0.4383,-1.9606,2.0090,0.5628,1.9286,0.000,1,SEARCH,0.0000,0.0000,0.0000,-0.0000
275596,dynamic,-2.6607,0.0698,3.2056,32.73,2.000,-0.4383,-1.9606,2.0090,0.5627,1.9286,0.000,1,SEARCH,0.0000,0.0000,0.0000,-0.0000
275690,dynamic,-2.6607,0.0694,3.2055,32.73,2.000,-0.4383,-1.9606,2.0090,0.5627,1.9286,0.000,1,SEARCH,0.0000,0.0000,0.0000,-0.0000
275790,dynamic,-2.6601,0.0692,3.2055,32.73,2.000,-0.4389,-1.9626,2.0110,0.5634,1.9305,0.000,1,SEARCH,0.0000,0.0000,0.0000,-0.0000
275889,dynamic,-2.6593,0.0691,3.2056,32.73,2.000,-0.4389,-1.9626,2.0110,0.5635,1.9305,0.000,1,SEARCH,0.0000,0.0000,0.0000,-0.0000
275989,dynamic,-2.6591,0.0693,3.2056,32.73,2.000,-0.4389,-1.9626,2.0110,0.5635,1.9305,0.000,1,SEARCH,0.0000,0.0000,0.0000,-0.0000
276089,dynamic,-2.6593,0.0696,3.2056,32.73,2.000,-0.4389,-1.9626,2.0110,0.5635,1.9305,0.000,1,SEARCH,0.0000,0.0000,0.0000,-0.0000
276195,dynamic,-2.6597,0.0698,3.2056,32.73,2.000,-0.4389,-1.9626,2.0110,0.5635,1.9305,0.000,1,SEARCH,0.0000,0.0000,0.0000,-0.0000
276290,dynamic,-2.6603,0.0697,3.2055,32.74,2.000,-0.4383,-1.9595,2.0079,0.5626,1.9275,0.000,1,SEARCH,0.0000,0.0000,0.0000,-0.0000
276391,dynamic,-2.6606,0.0697,3.2055,32.74,2.000,-0.4383,-1.9595,2.0079,0.5625,1.9275,0.000,1,SEARCH,0.0000,0.0000,0.0000,-0.0000
276490,dynamic,-2.6608,0.0696,3.2054,32.74,2.000,-0.4383,-1.9595,2.0079,0.5624,1.9275,0.000,1,SEARCH,0.0000,0.0000,0.0000,-0.0000
276589,dynamic,-2.6611,0.0692,3.2054,32.74,2.000,-0.4383,-1.9595,2.0079,0.5624,1.9276,0.000,1,SEARCH,0.0000,0.0000,0.0000,-0.0000
276691,dynamic,-2.6615,0.0686,3.2054,32.74,2.000,-0.4383,-1.9595,2.0079,0.5624,1.9276,0.000,1,SEARCH,0.0000,0.0000,0.0000,-0.0000
276794,dynamic,-2.6617,0.0683,3.2054,32.74,2.000,-0.4383,-1.9595,2.0079,0.5624,1.9276,0.000,1,SEARCH,0.0000,0.0000,0.0000,-0.0000
276891,dynamic,-2.6619,0.0680,3.2054,32.74,2.000,-0.4389,-1.9607,2.0092,0.5630,1.9287,0.000,1,SEARCH,0.0000,0.0000,0.0000,-0.0000
276989,dynamic,-2.6613,0.0676,3.2054,32.74,2.000,-0.4389,-1.9607,2.0092,0.5631,1.9287,0.000,1,SEARCH,0.0000,0.0000,0.0000,-0.0000
277089,dynamic,-2.6604,0.0671,3.2054,32.74,2.000,-0.4389,-1.9607,2.0092,0.5630,1.9287,0.000,1,SEARCH,0.0000,0.0000,0.0000,-0.0000
277190,dynamic,-2.6593,0.0668,3.2054,32.74,2.000,-0.4389,-1.9607,2.0092,0.5631,1.9287,0.000,1,SEARCH,0.0000,0.0000,0.0000,-0.0000
277293,dynamic,-2.6584,0.0665,3.2054,32.74,2.000,-0.4389,-1.9607,2.0092,0.5630,1.9287,0.000,1,SEARCH,0.0000,0.0000,0.0000,-0.0000
277391,dynamic,-2.6580,0.0663,3.2054,32.74,2.000,-0.4389,-1.9607,2.0092,0.5630,1.9287,0.000,1,SEARCH,0.0000,0.0000,0.0000,-0.0000
277490,dynamic,-2.6581,0.0664,3.2054,32.73,2.000,-0.4379,-1.9576,2.0060,0.5618,1.9257,0.000,1,SEARCH,0.0000,0.0000,0.0000,-0.0000
277589,dynamic,-2.6584,0.0663,3.2053,32.73,2.000,-0.4379,-1.9576,2.0060,0.5618,1.9258,0.000,1,SEARCH,0.0000,0.0000,0.0000,-0.0000
277690,dynamic,-2.6588,0.0661,3.2053,32.73,2.000,-0.4379,-1.9576,2.0060,0.5616,1.9258,0.000,1,SEARCH,0.0000,0.0000,0.0000,-0.0000
277790,dynamic,-2.6593,0.0661,3.2052,32.73,2.000,-0.4379,-1.9576,2.0060,0.5615,1.9258,0.000,1,SEARCH,0.0000,0.0000,0.0000,-0.0000
277902,dynamic,-2.6598,0.0660,3.2051,32.73,2.000,-0.4379,-1.9576,2.0060,0.5614,1.9259,0.000,1,SEARCH,0.0000,0.0000,0.0000,-0.0000
277993,dynamic,-2.6606,0.0659,3.2051,32.73,2.000,-0.4379,-1.9576,2.0060,0.5613,1.9259,0.000,1,SEARCH,0.0000,0.0000,0.0000,-0.0000
278090,dynamic,-2.6619,0.0657,3.2050,33.12,2.000,-0.3908,-1.9215,1.9608,0.5118,1.8929,0.000,1,SEARCH,0.0000,0.0000,0.0000,-0.0000
278189,dynamic,-2.6623,0.0658,3.2050,33.12,2.000,-0.3908,-1.9215,1.9608,0.5117,1.8929,0.000,1,SEARCH,0.0000,0.0000,0.0000,-0.0000
278290,dynamic,-2.6625,0.0659,3.2049,33.12,2.000,-0.3908,-1.9215,1.9608,0.5116,1.8929,0.000,1,SEARCH,0.0000,0.0000,0.0000,-0.0000
278391,dynamic,-2.6624,0.0661,3.2048,33.12,2.000,-0.3908,-1.9215,1.9608,0.5114,1.8930,0.000,1,SEARCH,0.0000,0.0000,0.0000,-0.0000
278489,dynamic,-2.6622,0.0661,3.2047,33.12,2.000,-0.3908,-1.9215,1.9608,0.5113,1.8930,0.000,1,SEARCH,0.0000,0.0000,0.0000,-0.0000
278599,dynamic,-2.6624,0.0664,3.2047,33.12,2.000,-0.3908,-1.9215,1.9608,0.5112,1.8930,0.000,1,SEARCH,0.0000,0.0000,0.0000,-0.0000
278689,dynamic,-2.6627,0.0666,3.2046,32.94,2.000,-0.3928,-1.9291,1.9687,0.5135,1.9006,0.000,1,SEARCH,0.0000,0.0000,0.0000,-0.0000
278789,dynamic,-2.6624,0.0667,3.2045,32.94,2.000,-0.3928,-1.9291,1.9687,0.5133,1.9006,0.000,1,SEARCH,0.0000,0.0000,0.0000,-0.0000
278891,dynamic,-2.6620,0.0666,3.2044,32.94,2.000,-0.3928,-1.9291,1.9687,0.5131,1.9006,0.000,1,SEARCH,0.0000,0.0000,0.0000,-0.0000
278989,dynamic,-2.6615,0.0667,3.2043,32.94,2.000,-0.3928,-1.9291,1.9687,0.5129,1.9007,0.000,1,SEARCH,0.0000,0.0000,0.0000,-0.0000
279104,dynamic,-2.6611,0.0666,3.2042,32.94,2.000,-0.3928,-1.9291,1.9687,0.5128,1.9007,0.000,1,SEARCH,0.0000,0.0000,0.0000,-0.0000
279198,dynamic,-2.6609,0.0666,3.2042,32.94,2.000,-0.3928,-1.9291,1.9687,0.5126,1.9008,0.000,1,SEARCH,0.0000,0.0000,0.0000,-0.0000
279293,dynamic,-2.6608,0.0665,3.2040,32.94,2.000,-0.3937,-1.9288,1.9686,0.5134,1.9005,0.000,1,SEARCH,0.0000,0.0000,0.0000,-0.0000
279390,dynamic,-2.6608,0.0665,3.2040,32.94,2.000,-0.3937,-1.9288,1.9686,0.5133,1.9005,0.000,1,SEARCH,0.0000,0.0000,0.0000,-0.0000
279489,dynamic,-2.6603,0.0669,3.2039,32.94,2.000,-0.3937,-1.9288,1.9686,0.5132,1.9005,0.000,1,SEARCH,0.0000,0.0000,0.0000,-0.0000
279589,dynamic,-2.6602,0.0672,3.2039,32.94,2.000,-0.3937,-1.9288,1.9686,0.5131,1.9006,0.000,1,SEARCH,0.0000,0.0000,0.0000,-0.0000
279690,dynamic,-2.6603,0.0676,3.2038,32.94,2.000,-0.3937,-1.9288,1.9686,0.5130,1.9006,0.000,1,SEARCH,0.0000,0.0000,0.0000,-0.0000
279790,dynamic,-2.6602,0.0675,3.2037,32.94,2.000,-0.3937,-1.9288,1.9686,0.5128,1.9007,0.000,1,SEARCH,0.0000,0.0000,0.0000,-0.0000
279890,dynamic,-2.6601,0.0672,3.2036,32.94,2.000,-0.3937,-1.9288,1.9686,0.5126,1.9007,0.000,1,SEARCH,0.0000,0.0000,0.0000,-0.0000
279990,dynamic,-2.6591,0.0669,3.2035,32.94,2.000,-0.3937,-1.9288,1.9686,0.5125,1.9007,0.000,1,SEARCH,0.0000,0.0000,0.0000,-0.0000
280092,dynamic,-2.6579,0.0664,3.2035,32.94,2.000,-0.3963,-1.9349,1.9751,0.5152,1.9067,0.000,1,SEARCH,0.0000,0.0000,0.0000,-0.0000
280190,dynamic,-2.6568,0.0664,3.2034,32.94,2.000,-0.3963,-1.9349,1.9751,0.5151,1.9067,0.000,1,SEARCH,0.0000,0.0000,0.0000,-0.0000
280290,dynamic,-2.6561,0.0665,3.2034,32.94,2.000,-0.3963,-1.9349,1.9751,0.5151,1.9067,0.000,1,SEARCH,0.0000,0.0000,0.0000,-0.0000
280389,dynamic,-2.6558,0.0666,3.2033,32.94,2.000,-0.3963,-1.9349,1.9751,0.5149,1.9068,0.000,1,SEARCH,0.0000,0.0000,0.0000,-0.0000
280490,dynamic,-2.6561,0.0665,3.2033,32.94,2.000,-0.3963,-1.9349,1.9751,0.5149,1.9068,0.000,1,SEARCH,0.0000,0.0000,0.0000,-0.0000
280596,dynamic,-2.6565,0.0665,3.2033,32.94,2.000,-0.3963,-1.9349,1.9751,0.5149,1.9068,0.000,1,SEARCH,0.0000,0.0000,0.0000,-0.0000
280689,dynamic,-2.6567,0.0663,3.2033,32.94,2.000,-0.3981,-1.9395,1.9800,0.5169,1.9113,0.000,1,SEARCH,0.0000,0.0000,0.0000,-0.0000
280789,dynamic,-2.6568,0.0662,3.2033,32.94,2.000,-0.3981,-1.9395,1.9800,0.5169,1.9113,0.000,1,SEARCH,0.0000,0.0000,0.0000,-0.0000
280891,dynamic,-2.6568,0.0661,3.2032,32.94,2.000,-0.3981,-1.9395,1.9800,0.5169,1.9113,0.000,1,SEARCH,0.0000,0.0000,0.0000,-0.0000
280992,dynamic,-2.6567,0.0663,3.2032,32.94,2.000,-0.3981,-1.9395,1.9800,0.5168,1.9113,0.000,1,SEARCH,0.0000,0.0000,0.0000,-0.0000
281091,dynamic,-2.6566,0.0663,3.2032,32.94,2.000,-0.3981,-1.9395,1.9800,0.5168,1.9113,0.000,1,SEARCH,0.0000,0.0000,0.0000,-0.0000
281189,dynamic,-2.6567,0.0662,3.2032,30.96,2.000,0.4891,-1.2290,1.3228,-0.4125,1.2568,0.000,1,SEARCH,0.0000,0.0000,0.0000,-0.0000
281293,dynamic,-2.6568,0.0660,3.2032,30.96,2.000,0.4891,-1.2290,1.3228,-0.4125,1.2568,0.000,1,SEARCH,0.0000,0.0000,0.0000,-0.0000
281391,dynamic,-2.6568,0.0662,3.2032,30.96,2.000,0.4891,-1.2290,1.3228,-0.4126,1.2568,0.000,1,SEARCH,0.0000,0.0000,0.0000,-0.0000
281493,dynamic,-2.6566,0.0666,3.2031,30.96,2.000,0.4891,-1.2290,1.3228,-0.4126,1.2568,0.000,1,SEARCH,0.0000,0.0000,0.0000,-0.0000
281601,dynamic,-2.6570,0.0668,3.2031,30.96,2.000,0.4891,-1.2290,1.3228,-0.4126,1.2567,0.000,1,SEARCH,0.0000,0.0000,0.0000,-0.0000
281693,dynamic,-2.6576,0.0667,3.2031,32.92,2.000,-0.3745,-1.9130,1.9494,0.4914,1.8864,0.000,1,SEARCH,0.0000,0.0000,0.0000,-0.0000
281793,dynamic,-2.6578,0.0668,3.2031,32.92,2.000,-0.3745,-1.9130,1.9494,0.4913,1.8864,0.000,1,SEARCH,0.0000,0.0000,0.0000,-0.0000
281889,dynamic,-2.6578,0.0668,3.2030,32.92,2.000,-0.3745,-1.9130,1.9494,0.4912,1.8864,0.000,1,SEARCH,0.0000,0.0000,0.0000,-0.0000
281991,dynamic,-2.6583,0.0667,3.2030,32.92,2.000,-0.3745,-1.9130,1.9494,0.4912,1.8865,0.000,1,SEARCH,0.0000,0.0000,0.0000,-0.0000
282104,dynamic,-2.6588,0.0665,3.2029,32.92,2.000,-0.3745,-1.9130,1.9494,0.4911,1.8865,0.000,1,SEARCH,0.0000,0.0000,0.0000,-0.0000
282191,dynamic,-2.6594,0.0664,3.2029,33.35,2.000,-0.3774,-1.9103,1.9472,0.4938,1.8836,0.000,1,SEARCH,0.0000,0.0000,0.0000,-0.0000
282295,dynamic,-2.6599,0.0663,3.2029,33.35,2.000,-0.3774,-1.9103,1.9472,0.4937,1.8836,0.000,1,SEARCH,0.0000,0.0000,0.0000,-0.0000
282391,dynamic,-2.6606,0.0665,3.2029,33.35,2.000,-0.3774,-1.9103,1.9472,0.4937,1.8836,0.000,1,SEARCH,0.0000,0.0000,0.0000,-0.0000
282490,dynamic,-2.6612,0.0667,3.2028,33.35,2.000,-0.3774,-1.9103,1.9472,0.4937,1.8836,0.000,1,SEARCH,0.0000,0.0000,0.0000,-0.0000
282591,dynamic,-2.6612,0.0663,3.2028,33.35,2.000,-0.3774,-1.9103,1.9472,0.4936,1.8836,0.000,1,SEARCH,0.0000,0.0000,0.0000,-0.0000
282705,dynamic,-2.6609,0.0657,3.2028,33.35,2.000,-0.3774,-1.9103,1.9472,0.4936,1.8836,0.000,1,SEARCH,0.0000,0.0000,0.0000,-0.0000
282790,dynamic,-2.6606,0.0653,3.2028,33.14,2.000,-0.3776,-1.9005,1.9377,0.4931,1.8739,0.000,1,SEARCH,0.0000,0.0000,0.0000,-0.0000
282892,dynamic,-2.6603,0.0649,3.2027,33.14,2.000,-0.3776,-1.9005,1.9377,0.4930,1.8739,0.000,1,SEARCH,0.0000,0.0000,0.0000,-0.0000
282990,dynamic,-2.6604,0.0648,3.2027,33.14,2.000,-0.3776,-1.9005,1.9377,0.4930,1.8739,0.000,1,SEARCH,0.0000,0.0000,0.0000,-0.0000
283091,dynamic,-2.6605,0.0647,3.2027,33.14,2.000,-0.3776,-1.9005,1.9377,0.4929,1.8739,0.000,1,SEARCH,0.0000,0.0000,0.0000,-0.0000
283193,dynamic,-2.6608,0.0647,3.2026,33.14,2.000,-0.3776,-1.9005,1.9377,0.4928,1.8739,0.000,1,SEARCH,0.0000,0.0000,0.0000,-0.0000
283291,dynamic,-2.6610,0.0645,3.2026,33.14,2.000,-0.3776,-1.9005,1.9377,0.4928,1.8740,0.000,1,SEARCH,0.0000,0.0000,0.0000,-0.0000
283393,dynamic,-2.6609,0.0644,3.2026,32.72,2.000,-0.3793,-1.8934,1.9310,0.4940,1.8668,0.000,1,SEARCH,0.0000,0.0000,0.0000,-0.0000
283489,dynamic,-2.6607,0.0640,3.2026,32.72,2.000,-0.3793,-1.8934,1.9310,0.4940,1.8668,0.000,1,SEARCH,0.0000,0.0000,0.0000,-0.0000
283589,dynamic,-2.6601,0.0640,3.2025,32.72,2.000,-0.3793,-1.8934,1.9310,0.4939,1.8668,0.000,1,SEARCH,0.0000,0.0000,0.0000,-0.0000
283692,dynamic,-2.6593,0.0638,3.2025,32.72,2.000,-0.3793,-1.8934,1.9310,0.4939,1.8668,0.000,1,SEARCH,0.0000,0.0000,0.0000,-0.0000
283807,dynamic,-2.6588,0.0637,3.2025,32.72,2.000,-0.3793,-1.8934,1.9310,0.4938,1.8668,0.000,1,SEARCH,0.0000,0.0000,0.0000,-0.0000
283891,dynamic,-2.6584,0.0635,3.2024,32.94,2.000,-0.3841,-1.8945,1.9331,0.4986,1.8676,0.000,1,SEARCH,0.0000,0.0000,0.0000,-0.0000
283989,dynamic,-2.6580,0.0635,3.2024,32.94,2.000,-0.3841,-1.8945,1.9331,0.4985,1.8677,0.000,1,SEARCH,0.0000,0.0000,0.0000,-0.0000
284093,dynamic,-2.6575,0.0632,3.2024,32.94,2.000,-0.3841,-1.8945,1.9331,0.4985,1.8677,0.000,1,SEARCH,0.0000,0.0000,0.0000,-0.0000
284189,dynamic,-2.6576,0.0633,3.2023,32.94,2.000,-0.3841,-1.8945,1.9331,0.4984,1.8677,0.000,1,SEARCH,0.0000,0.0000,0.0000,-0.0000
284292,dynamic,-2.6577,0.0632,3.2023,32.94,2.000,-0.3841,-1.8945,1.9331,0.4984,1.8677,0.000,1,SEARCH,0.0000,0.0000,0.0000,-0.0000
284399,dynamic,-2.6577,0.0631,3.2023,32.94,2.000,-0.3841,-1.8945,1.9331,0.4984,1.8677,0.000,1,SEARCH,0.0000,0.0000,0.0000,-0.0000
284491,dynamic,-2.6574,0.0629,3.2023,32.94,2.000,-0.3842,-1.8926,1.9312,0.4983,1.8658,0.000,1,SEARCH,0.0000,0.0000,0.0000,-0.0000
284591,dynamic,-2.6574,0.0629,3.2023,32.94,2.000,-0.3842,-1.8926,1.9312,0.4983,1.8658,0.000,1,SEARCH,0.0000,0.0000,0.0000,-0.0000
284691,dynamic,-2.6574,0.0628,3.2023,32.94,2.000,-0.3842,-1.8926,1.9312,0.4983,1.8658,0.000,1,SEARCH,0.0000,0.0000,0.0000,-0.0000
284792,dynamic,-2.6575,0.0628,3.2023,32.94,2.000,-0.3842,-1.8926,1.9312,0.4982,1.8658,0.000,1,SEARCH,0.0000,0.0000,0.0000,-0.0000
284896,dynamic,-2.6575,0.0627,3.2022,32.94,2.000,-0.3842,-1.8926,1.9312,0.4982,1.8658,0.000,1,SEARCH,0.0000,0.0000,0.0000,-0.0000
284990,dynamic,-2.6575,0.0627,3.2022,32.94,2.000,-0.3848,-1.8951,1.9338,0.4989,1.8683,0.000,1,SEARCH,0.0000,0.0000,0.0000,-0.0000
285092,dynamic,-2.6573,0.0625,3.2022,32.94,2.000,-0.3848,-1.8951,1.9338,0.4989,1.8683,0.000,1,SEARCH,0.0000,0.0000,0.0000,-0.0000
285193,dynamic,-2.6564,0.0625,3.2022,32.94,2.000,-0.3848,-1.8951,1.9338,0.4989,1.8683,0.000,1,SEARCH,0.0000,0.0000,0.0000,-0.0000
285291,dynamic,-2.6551,0.0624,3.2022,32.94,2.000,-0.3848,-1.8951,1.9338,0.4988,1.8684,0.000,1,SEARCH,0.0000,0.0000,0.0000,-0.0000
285390,dynamic,-2.6550,0.0625,3.2021,32.94,2.000,-0.3848,-1.8951,1.9338,0.4988,1.8684,0.000,1,SEARCH,0.0000,0.0000,0.0000,-0.0000
285493,dynamic,-2.6550,0.0624,3.2021,32.94,2.000,-0.3848,-1.8951,1.9338,0.4988,1.8684,0.000,1,SEARCH,0.0000,0.0000,0.0000,-0.0000
285593,dynamic,-2.6546,0.0623,3.2021,32.94,2.000,-0.3859,-1.8990,1.9378,0.5000,1.8722,0.000,1,SEARCH,0.0000,0.0000,0.0000,-0.0000
285697,dynamic,-2.6539,0.0620,3.2021,32.94,2.000,-0.3859,-1.8990,1.9378,0.5000,1.8722,0.000,1,SEARCH,0.0000,0.0000,0.0000,-0.0000
285790,dynamic,-2.6536,0.0620,3.2021,32.94,2.000,-0.3859,-1.8990,1.9378,0.5000,1.8722,0.000,1,SEARCH,0.0000,0.0000,0.0000,-0.0000
285892,dynamic,-2.6532,0.0619,3.2021,32.94,2.000,-0.3859,-1.8990,1.9378,0.5000,1.8722,0.000,1,SEARCH,0.0000,0.0000,0.0000,-0.0000
285994,dynamic,-2.6524,0.0621,3.2021,32.94,2.000,-0.3859,-1.8990,1.9378,0.5000,1.8722,0.000,1,SEARCH,0.0000,0.0000,0.0000,-0.0000
286091,dynamic,-2.6509,0.0622,3.2021,32.94,2.000,-0.3868,-1.9030,1.9419,0.5011,1.8762,0.000,1,SEARCH,0.0000,0.0000,0.0000,-0.0000
286194,dynamic,-2.6508,0.0624,3.2021,32.94,2.000,-0.3868,-1.9030,1.9419,0.5011,1.8762,0.000,1,SEARCH,0.0000,0.0000,0.0000,-0.0000
286291,dynamic,-2.6510,0.0624,3.2020,32.94,2.000,-0.3868,-1.9030,1.9419,0.5011,1.8762,0.000,1,SEARCH,0.0000,0.0000,0.0000,-0.0000
286390,dynamic,-2.6511,0.0628,3.2020,32.94,2.000,-0.3868,-1.9030,1.9419,0.5010,1.8762,0.000,1,SEARCH,0.0000,0.0000,0.0000,-0.0000
286490,dynamic,-2.6512,0.0631,3.2020,32.94,2.000,-0.3868,-1.9030,1.9419,0.5010,1.8762,0.000,1,SEARCH,0.0000,0.0000,0.0000,-0.0000
286600,dynamic,-2.6516,0.0634,3.2020,32.94,2.000,-0.3868,-1.9030,1.9419,0.5010,1.8762,0.000,1,SEARCH,0.0000,0.0000,0.0000,-0.0000
286691,dynamic,-2.6520,0.0635,3.2020,32.94,2.000,-0.3892,-1.9128,1.9520,0.5039,1.8858,0.000,1,SEARCH,0.0000,0.0000,0.0000,-0.0000
286794,dynamic,-2.6518,0.0634,3.2020,32.94,2.000,-0.3892,-1.9128,1.9520,0.5040,1.8858,0.000,1,SEARCH,0.0000,0.0000,0.0000,-0.0000
286890,dynamic,-2.6513,0.0632,3.2019,32.94,2.000,-0.3892,-1.9128,1.9520,0.5038,1.8858,0.000,1,SEARCH,0.0000,0.0000,0.0000,-0.0000
286991,dynamic,-2.6511,0.0635,3.2020,32.94,2.000,-0.3892,-1.9128,1.9520,0.5038,1.8858,0.000,1,SEARCH,0.0000,0.0000,0.0000,-0.0000
287095,dynamic,-2.6508,0.0638,3.2019,32.94,2.000,-0.3892,-1.9128,1.9520,0.5038,1.8858,0.000,1,SEARCH,0.0000,0.0000,0.0000,-0.0000
287206,dynamic,-2.6512,0.0642,3.2019,32.94,2.000,-0.3892,-1.9128,1.9520,0.5038,1.8858,0.000,1,SEARCH,0.0000,0.0000,0.0000,-0.0000
287297,dynamic,-2.6517,0.0646,3.2019,32.93,2.000,-0.3893,-1.9137,1.9529,0.5040,1.8867,0.000,1,SEARCH,0.0000,0.0000,0.0000,-0.0000
287396,dynamic,-2.6516,0.0646,3.2019,32.93,2.000,-0.3893,-1.9137,1.9529,0.5039,1.8868,0.000,1,SEARCH,0.0000,0.0000,0.0000,-0.0000
287494,dynamic,-2.6511,0.0644,3.2019,32.93,2.000,-0.3893,-1.9137,1.9529,0.5036,1.8869,0.000,1,SEARCH,0.0000,0.0000,0.0000,-0.0000
287590,dynamic,-2.6512,0.0642,3.2019,32.93,2.000,-0.3893,-1.9137,1.9529,0.5034,1.8869,0.000,1,SEARCH,0.0000,0.0000,0.0000,-0.0000
287691,dynamic,-2.6513,0.0640,3.2016,32.93,2.000,-0.3893,-1.9137,1.9529,0.5042,1.8867,0.000,1,SEARCH,0.0000,0.0000,0.0000,-0.0000
287794,dynamic,-2.6518,0.0638,3.2020,32.93,2.000,-0.3893,-1.9137,1.9529,0.5037,1.8868,0.000,1,SEARCH,0.0000,0.0000,0.0000,-0.0000
287892,dynamic,-2.6523,0.0635,3.2018,32.93,2.000,-0.3898,-1.9150,1.9542,0.5042,1.8881,0.000,1,SEARCH,0.0000,0.0000,0.0000,-0.0000
287992,dynamic,-2.6519,0.0637,3.2017,32.93,2.000,-0.3898,-1.9150,1.9542,0.5042,1.8881,0.000,1,SEARCH,0.0000,0.0000,0.0000,-0.0000
288090,dynamic,-2.6511,0.0639,3.2018,32.93,2.000,-0.3898,-1.9150,1.9542,0.5041,1.8881,0.000,1,SEARCH,0.0000,0.0000,0.0000,-0.0000
288190,dynamic,-2.6514,0.0642,3.2017,32.93,2.000,-0.3898,-1.9150,1.9542,0.5044,1.8880,0.000,1,SEARCH,0.0000,0.0000,0.0000,-0.0000
288297,dynamic,-2.6522,0.0644,3.2017,32.93,2.000,-0.3898,-1.9150,1.9542,0.5042,1.8881,0.000,1,SEARCH,0.0000,0.0000,0.0000,-0.0000
288395,dynamic,-2.6526,0.0644,3.2017,25.80,2.000,-0.2793,-1.5885,1.6129,0.3741,1.5689,0.000,1,SEARCH,0.0000,0.0000,0.0000,-0.0000
288493,dynamic,-2.6527,0.0642,3.2017,25.80,2.000,-0.2793,-1.5885,1.6129,0.3742,1.5688,0.000,1,SEARCH,0.0000,0.0000,0.0000,-0.0000
288593,dynamic,-2.6535,0.0644,3.2016,25.80,2.000,-0.2793,-1.5885,1.6129,0.3741,1.5689,0.000,1,SEARCH,0.0000,0.0000,0.0000,-0.0000
288691,dynamic,-2.6542,0.0644,3.2017,25.80,2.000,-0.2793,-1.5885,1.6129,0.3740,1.5689,0.000,1,SEARCH,0.0000,0.0000,0.0000,-0.0000
288791,dynamic,-2.6550,0.0646,3.2016,25.80,2.000,-0.2793,-1.5885,1.6129,0.3741,1.5689,0.000,1,SEARCH,0.0000,0.0000,0.0000,-0.0000
288901,dynamic,-2.6556,0.0647,3.2016,25.80,2.000,-0.2793,-1.5885,1.6129,0.3741,1.5689,0.000,1,SEARCH,0.0000,0.0000,0.0000,-0.0000
288992,dynamic,-2.6560,0.0650,3.2016,25.80,2.000,-0.2793,-1.5882,1.6125,0.3741,1.5685,0.000,1,SEARCH,0.0000,0.0000,0.0000,-0.0000
289093,dynamic,-2.6562,0.0652,3.2016,25.80,2.000,-0.2793,-1.5882,1.6125,0.3741,1.5685,0.000,1,SEARCH,0.0000,0.0000,0.0000,-0.0000
289198,dynamic,-2.6571,0.0655,3.2016,25.80,2.000,-0.2793,-1.5882,1.6125,0.3741,1.5686,0.000,1,SEARCH,0.0000,0.0000,0.0000,-0.0000
289292,dynamic,-2.6582,0.0656,3.2016,25.80,2.000,-0.2793,-1.5882,1.6125,0.3741,1.5686,0.000,1,SEARCH,0.0000,0.0000,0.0000,-0.0000
289392,dynamic,-2.6588,0.0658,3.2015,25.80,2.000,-0.2793,-1.5882,1.6125,0.3740,1.5686,0.000,1,SEARCH,0.0000,0.0000,0.0000,-0.0000
289502,dynamic,-2.6592,0.0659,3.2015,25.80,2.000,-0.2793,-1.5882,1.6125,0.3740,1.5686,0.000,1,SEARCH,0.0000,0.0000,0.0000,-0.0000
289591,dynamic,-2.6596,0.0663,3.2015,32.93,2.000,-0.3906,-1.9163,1.9557,0.5047,1.8895,0.000,1,SEARCH,0.0000,0.0000,0.0000,-0.0000
289695,dynamic,-2.6599,0.0665,3.2015,32.93,2.000,-0.3906,-1.9163,1.9557,0.5047,1.8895,0.000,1,SEARCH,0.0000,0.0000,0.0000,-0.0000
289791,dynamic,-2.6605,0.0667,3.2015,32.93,2.000,-0.3906,-1.9163,1.9557,0.5046,1.8895,0.000,1,SEARCH,0.0000,0.0000,0.0000,-0.0000
289893,dynamic,-2.6610,0.0668,3.2015,32.93,2.000,-0.3906,-1.9163,1.9557,0.5046,1.8895,0.000,1,SEARCH,0.0000,0.0000,0.0000,-0.0000
289994,dynamic,-2.6621,0.0670,3.2014,32.93,2.000,-0.3906,-1.9163,1.9557,0.5045,1.8895,0.000,1,SEARCH,0.0000,0.0000,0.0000,-0.0000
290090,dynamic,-2.6634,0.0671,3.2014,32.93,2.000,-0.3906,-1.9163,1.9557,0.5045,1.8895,0.000,1,SEARCH,0.0000,0.0000,0.0000,-0.0000
290190,dynamic,-2.6640,0.0674,3.2014,32.93,2.000,-0.3906,-1.9163,1.9557,0.5044,1.8895,0.000,1,SEARCH,0.0000,0.0000,0.0000,-0.0000
290292,dynamic,-2.6642,0.0677,3.2014,32.93,2.000,-0.3906,-1.9163,1.9557,0.5044,1.8896,0.000,1,SEARCH,0.0000,0.0000,0.0000,-0.0000
290393,dynamic,-2.6645,0.0676,3.2014,32.93,2.000,-0.3906,-1.9163,1.9557,0.5044,1.8895,0.000,1,SEARCH,0.0000,0.0000,0.0000,-0.0000
290493,dynamic,-2.6648,0.0672,3.2014,32.92,2.000,-0.3930,-1.9260,1.9657,0.5074,1.8991,0.000,1,SEARCH,0.0000,0.0000,0.0000,-0.0000
290592,dynamic,-2.6646,0.0673,3.2014,32.92,2.000,-0.3930,-1.9260,1.9657,0.5074,1.8991,0.000,1,SEARCH,0.0000,0.0000,0.0000,-0.0000
290697,dynamic,-2.6645,0.0673,3.2014,32.92,2.000,-0.3930,-1.9260,1.9657,0.5073,1.8991,0.000,1,SEARCH,0.0000,0.0000,0.0000,-0.0000
290794,dynamic,-2.6640,0.0675,3.2013,32.92,2.000,-0.3930,-1.9260,1.9657,0.5073,1.8991,0.000,1,SEARCH,0.0000,0.0000,0.0000,-0.0000
290895,dynamic,-2.6636,0.0676,3.2013,32.92,2.000,-0.3930,-1.9260,1.9657,0.5072,1.8991,0.000,1,SEARCH,0.0000,0.0000,0.0000,-0.0000
290995,dynamic,-2.6632,0.0678,3.2013,32.92,2.000,-0.3930,-1.9260,1.9657,0.5072,1.8991,0.000,1,SEARCH,0.0000,0.0000,0.0000,-0.0000
291100,dynamic,-2.6629,0.0679,3.2013,32.92,2.000,-0.3930,-1.9260,1.9657,0.5072,1.8991,0.000,1,SEARCH,0.0000,0.0000,0.0000,-0.0000
291196,dynamic,-2.6632,0.0677,3.2012,25.79,2.000,-0.2833,-1.6074,1.6322,0.3786,1.5877,0.000,1,SEARCH,0.0000,0.0000,0.0000,-0.0000
291293,dynamic,-2.6639,0.0674,3.2013,25.79,2.000,-0.2833,-1.6074,1.6322,0.3786,1.5877,0.000,1,SEARCH,0.0000,0.0000,0.0000,-0.0000
291393,dynamic,-2.6643,0.0670,3.2012,25.79,2.000,-0.2833,-1.6074,1.6322,0.3786,1.5877,0.000,1,SEARCH,0.0000,0.0000,0.0000,-0.0000
291492,dynamic,-2.6645,0.0665,3.2012,25.79,2.000,-0.2833,-1.6074,1.6322,0.3786,1.5877,0.000,1,SEARCH,0.0000,0.0000,0.0000,-0.0000
291591,dynamic,-2.6640,0.0663,3.2012,25.79,2.000,-0.2833,-1.6074,1.6322,0.3785,1.5877,0.000,1,SEARCH,0.0000,0.0000,0.0000,-0.0000
291705,dynamic,-2.6634,0.0662,3.2012,25.79,2.000,-0.2833,-1.6074,1.6322,0.3785,1.5877,0.000,1,SEARCH,0.0000,0.0000,0.0000,-0.0000
291793,dynamic,-2.6633,0.0662,3.2012,32.92,2.000,-0.3963,-1.9403,1.9804,0.5111,1.9133,0.000,1,SEARCH,0.0000,0.0000,0.0000,-0.0000
291893,dynamic,-2.6634,0.0661,3.2012,32.92,2.000,-0.3963,-1.9403,1.9804,0.5111,1.9133,0.000,1,SEARCH,0.0000,0.0000,0.0000,-0.0000
291996,dynamic,-2.6632,0.0665,3.2012,32.92,2.000,-0.3963,-1.9403,1.9804,0.5111,1.9133,0.000,1,SEARCH,0.0000,0.0000,0.0000,-0.0000
292092,dynamic,-2.6631,0.0667,3.2012,32.92,2.000,-0.3963,-1.9403,1.9804,0.5111,1.9133,0.000,1,SEARCH,0.0000,0.0000,0.0000,-0.0000
292194,dynamic,-2.6624,0.0670,3.2012,32.92,2.000,-0.3963,-1.9403,1.9804,0.5111,1.9133,0.000,1,SEARCH,0.0000,0.0000,0.0000,-0.0000
292298,dynamic,-2.6617,0.0671,3.2012,32.92,2.000,-0.3963,-1.9403,1.9804,0.5111,1.9133,0.000,1,SEARCH,0.0000,0.0000,0.0000,-0.0000
292395,dynamic,-2.6616,0.0672,3.2012,32.92,2.000,-0.3985,-1.9510,1.9912,0.5140,1.9238,0.000,1,SEARCH,0.0000,0.0000,0.0000,-0.0000
292496,dynamic,-2.6619,0.0672,3.2012,32.92,2.000,-0.3985,-1.9510,1.9912,0.5140,1.9238,0.000,1,SEARCH,0.0000,0.0000,0.0000,-0.0000
292592,dynamic,-2.6621,0.0673,3.2012,32.92,2.000,-0.3985,-1.9510,1.9912,0.5140,1.9238,0.000,1,SEARCH,0.0000,0.0000,0.0000,-0.0000
292696,dynamic,-2.6624,0.0673,3.2012,32.92,2.000,-0.3985,-1.9510,1.9912,0.5140,1.9238,0.000,1,SEARCH,0.0000,0.0000,0.0000,-0.0000
292793,dynamic,-2.6624,0.0677,3.2012,32.92,2.000,-0.3985,-1.9510,1.9912,0.5140,1.9238,0.000,1,SEARCH,0.0000,0.0000,0.0000,-0.0000
292894,dynamic,-2.6625,0.0682,3.2012,32.92,2.000,-0.3985,-1.9510,1.9912,0.5140,1.9238,0.000,1,SEARCH,0.0000,0.0000,0.0000,-0.0000
292993,dynamic,-2.6627,0.0680,3.2012,32.92,2.000,-0.3998,-1.9573,1.9977,0.5157,1.9300,0.000,1,SEARCH,0.0000,0.0000,0.0000,-0.0000
293096,dynamic,-2.6630,0.0675,3.2011,32.92,2.000,-0.3998,-1.9573,1.9977,0.5156,1.9300,0.000,1,SEARCH,0.0000,0.0000,0.0000,-0.0000
293193,dynamic,-2.6631,0.0673,3.2011,32.92,2.000,-0.3998,-1.9573,1.9977,0.5155,1.9301,0.000,1,SEARCH,0.0000,0.0000,0.0000,-0.0000
293294,dynamic,-2.6632,0.0670,3.2011,32.92,2.000,-0.3998,-1.9573,1.9977,0.5155,1.9301,0.000,1,SEARCH,0.0000,0.0000,0.0000,-0.0000
293395,dynamic,-2.6632,0.0669,3.2011,32.92,2.000,-0.3998,-1.9573,1.9977,0.5154,1.9301,0.000,1,SEARCH,0.0000,0.0000,0.0000,-0.0000
293492,dynamic,-2.6631,0.0668,3.2010,32.92,2.000,-0.3998,-1.9573,1.9977,0.5154,1.9301,0.000,1,SEARCH,0.0000,0.0000,0.0000,-0.0000
293593,dynamic,-2.6630,0.0668,3.2010,0.00,2.000,0.0000,0.0000,0.0000,-0.0000,0.0000,0.000,0,SEARCH,0.0000,0.0000,0.0000,-0.0000
293693,dynamic,-2.6630,0.0667,3.2010,0.00,2.000,0.0000,0.0000,0.0000,-0.0000,0.0000,0.000,0,SEARCH,0.0000,0.0000,0.0000,-0.0000
293796,dynamic,-2.6626,0.0665,3.2010,0.00,2.000,0.0000,0.0000,0.0000,-0.0000,0.0000,0.000,0,SEARCH,0.0000,0.0000,0.0000,-0.0000
293897,dynamic,-2.6623,0.0661,3.2010,0.00,2.000,0.0000,0.0000,0.0000,-0.0000,0.0000,0.000,0,SEARCH,0.0000,0.0000,0.0000,-0.0000
293993,dynamic,-2.6622,0.0661,3.2010,0.00,2.000,0.0000,0.0000,0.0000,-0.0000,0.0000,0.000,0,SEARCH,0.0000,0.0000,0.0000,-0.0000
294093,dynamic,-2.6623,0.0660,3.2010,0.00,2.000,0.0000,0.0000,0.0000,-0.0000,0.0000,0.000,0,SEARCH,0.0000,0.0000,0.0000,-0.0000
294198,dynamic,-2.6628,0.0662,3.2010,0.00,2.000,0.0000,0.0000,0.0000,-0.0000,0.0000,0.000,0,SEARCH,0.0000,0.0000,0.0000,-0.0000
294293,dynamic,-2.6636,0.0664,3.2010,32.92,2.000,-0.4014,-1.9627,2.0033,0.5172,1.9354,0.000,1,SEARCH,0.0000,0.0000,0.0000,-0.0000
294395,dynamic,-2.6639,0.0665,3.2010,32.92,2.000,-0.4014,-1.9627,2.0033,0.5172,1.9354,0.000,1,SEARCH,0.0000,0.0000,0.0000,-0.0000
294494,dynamic,-2.6642,0.0664,3.2010,32.92,2.000,-0.4014,-1.9627,2.0033,0.5172,1.9354,0.000,1,SEARCH,0.0000,0.0000,0.0000,-0.0000
294596,dynamic,-2.6641,0.0664,3.2010,32.92,2.000,-0.4014,-1.9627,2.0033,0.5172,1.9354,0.000,1,SEARCH,0.0000,0.0000,0.0000,-0.0000
294691,dynamic,-2.6639,0.0663,3.2010,32.92,2.000,-0.4014,-1.9627,2.0033,0.5172,1.9354,0.000,1,SEARCH,0.0000,0.0000,0.0000,-0.0000
294794,dynamic,-2.6642,0.0662,3.2009,32.92,2.000,-0.4014,-1.9627,2.0033,0.5171,1.9354,0.000,1,SEARCH,0.0000,0.0000,0.0000,-0.0000
294902,dynamic,-2.6647,0.0659,3.2009,32.92,2.000,-0.4014,-1.9627,2.0033,0.5171,1.9354,0.000,1,SEARCH,0.0000,0.0000,0.0000,-0.0000
294991,dynamic,-2.6646,0.0657,3.2009,32.93,2.000,-0.4011,-1.9598,2.0004,0.5167,1.9326,0.000,1,SEARCH,0.0000,0.0000,0.0000,-0.0000
295097,dynamic,-2.6644,0.0654,3.2009,32.93,2.000,-0.4011,-1.9598,2.0004,0.5166,1.9326,0.000,1,SEARCH,0.0000,0.0000,0.0000,-0.0000
295192,dynamic,-2.6647,0.0653,3.2009,32.93,2.000,-0.4011,-1.9598,2.0004,0.5167,1.9326,0.000,1,SEARCH,0.0000,0.0000,0.0000,-0.0000
295292,dynamic,-2.6651,0.0652,3.2009,32.93,2.000,-0.4011,-1.9598,2.0004,0.5166,1.9326,0.000,1,SEARCH,0.0000,0.0000,0.0000,-0.0000
295392,dynamic,-2.6655,0.0651,3.2010,32.93,2.000,-0.4011,-1.9598,2.0004,0.5165,1.9326,0.000,1,SEARCH,0.0000,0.0000,0.0000,-0.0000
295492,dynamic,-2.6659,0.0650,3.2009,32.93,2.000,-0.4011,-1.9598,2.0004,0.5165,1.9326,0.000,1,SEARCH,0.0000,0.0000,0.0000,-0.0000
295591,dynamic,-2.6661,0.0650,3.2009,25.80,2.000,-0.2867,-1.6226,1.6477,0.3824,1.6028,0.000,1,SEARCH,0.0000,0.0000,0.0000,-0.0000
295690,dynamic,-2.6664,0.0650,3.2009,25.80,2.000,-0.2867,-1.6226,1.6477,0.3823,1.6028,0.000,1,SEARCH,0.0000,0.0000,0.0000,-0.0000
295790,dynamic,-2.6665,0.0651,3.2012,25.80,2.000,-0.2867,-1.6226,1.6477,0.3824,1.6028,0.000,1,SEARCH,0.0000,0.0000,0.0000,-0.0000
295890,dynamic,-2.6667,0.0653,3.2006,25.80,2.000,-0.2867,-1.6226,1.6477,0.3826,1.6027,0.000,1,SEARCH,0.0000,0.0000,0.0000,-0.0000
295990,dynamic,-2.6661,0.0648,3.2009,25.80,2.000,-0.2867,-1.6226,1.6477,0.3819,1.6029,0.000,1,SEARCH,0.0000,0.0000,0.0000,-0.0000
296092,dynamic,-2.6655,0.0641,3.2009,25.80,2.000,-0.2867,-1.6226,1.6477,0.3820,1.6029,0.000,1,SEARCH,0.0000,0.0000,0.0000,-0.0000
296190,dynamic,-2.6651,0.0637,3.2007,25.76,2.000,-0.2859,-1.6221,1.6471,0.3815,1.6024,0.000,1,SEARCH,0.0000,0.0000,0.0000,-0.0000
296290,dynamic,-2.6649,0.0635,3.2007,25.76,2.000,-0.2859,-1.6221,1.6471,0.3813,1.6024,0.000,1,SEARCH,0.0000,0.0000,0.0000,-0.0000
296390,dynamic,-2.6646,0.0632,3.2008,25.76,2.000,-0.2859,-1.6221,1.6471,0.3811,1.6025,0.000,1,SEARCH,0.0000,0.0000,0.0000,-0.0000
296492,dynamic,-2.6643,0.0628,3.2008,25.76,2.000,-0.2859,-1.6221,1.6471,0.3815,1.6024,0.000,1,SEARCH,0.0000,0.0000,0.0000,-0.0000
296590,dynamic,-2.6637,0.0628,3.2006,25.76,2.000,-0.2859,-1.6221,1.6471,0.3813,1.6024,0.000,1,SEARCH,0.0000,0.0000,0.0000,-0.0000
296590,dynamic,-2.6632,0.0628,3.2008,25.76,2.000,-0.2859,-1.6221,1.6471,0.3813,1.6024,0.000,1,SEARCH,0.0000,0.0000,0.0000,-0.0000
296790,dynamic,-2.6631,0.0629,3.2009,32.93,2.000,-0.3998,-1.9511,1.9916,0.5145,1.9240,0.000,1,SEARCH,0.0000,0.0000,0.0000,-0.0000
296890,dynamic,-2.6631,0.0629,3.2007,32.93,2.000,-0.3998,-1.9511,1.9916,0.5146,1.9240,0.000,1,SEARCH,0.0000,0.0000,0.0000,-0.0000
296990,dynamic,-2.6629,0.0629,3.2008,32.93,2.000,-0.3998,-1.9511,1.9916,0.5144,1.9240,0.000,1,SEARCH,0.0000,0.0000,0.0000,-0.0000
297090,dynamic,-2.6626,0.0629,3.2006,32.93,2.000,-0.3998,-1.9511,1.9916,0.5145,1.9240,0.000,1,SEARCH,0.0000,0.0000,0.0000,-0.0000
297190,dynamic,-2.6625,0.0627,3.2007,32.93,2.000,-0.3998,-1.9511,1.9916,0.5142,1.9241,0.000,1,SEARCH,0.0000,0.0000,0.0000,-0.0000
297291,dynamic,-2.6625,0.0624,3.2007,32.93,2.000,-0.3998,-1.9511,1.9916,0.5143,1.9241,0.000,1,SEARCH,0.0000,0.0000,0.0000,-0.0000
297390,dynamic,-2.6626,0.0622,3.2006,25.80,2.000,-0.2856,-1.6142,1.6393,0.3805,1.5945,0.000,1,SEARCH,0.0000,0.0000,0.0000,-0.0000
297490,dynamic,-2.6626,0.0619,3.2006,25.80,2.000,-0.2856,-1.6142,1.6393,0.3803,1.5946,0.000,1,SEARCH,0.0000,0.0000,0.0000,-0.0000
297590,dynamic,-2.6623,0.0618,3.2007,25.80,2.000,-0.2856,-1.6142,1.6393,0.3803,1.5946,0.000,1,SEARCH,0.0000,0.0000,0.0000,-0.0000
297690,dynamic,-2.6621,0.0615,3.2007,25.80,2.000,-0.2856,-1.6142,1.6393,0.3805,1.5945,0.000,1,SEARCH,0.0000,0.0000,0.0000,-0.0000
297790,dynamic,-2.6625,0.0618,3.2005,25.80,2.000,-0.2856,-1.6142,1.6393,0.3803,1.5946,0.000,1,SEARCH,0.0000,0.0000,0.0000,-0.0000
297889,dynamic,-2.6630,0.0620,3.2006,25.80,2.000,-0.2856,-1.6142,1.6393,0.3802,1.5946,0.000,1,SEARCH,0.0000,0.0000,0.0000,-0.0000
297996,dynamic,-2.6625,0.0622,3.2006,25.80,2.000,-0.2856,-1.6142,1.6393,0.3803,1.5946,0.000,1,SEARCH,0.0000,0.0000,0.0000,-0.0000
298091,dynamic,-2.6617,0.0624,3.2005,32.93,2.000,-0.3971,-1.9370,1.9773,0.5104,1.9102,0.000,1,SEARCH,0.0000,0.0000,0.0000,-0.0000
298190,dynamic,-2.6622,0.0626,3.2006,32.93,2.000,-0.3971,-1.9370,1.9773,0.5106,1.9102,0.000,1,SEARCH,0.0000,0.0000,0.0000,-0.0000
298289,dynamic,-2.6629,0.0628,3.2004,32.93,2.000,-0.3971,-1.9370,1.9773,0.5105,1.9102,0.000,1,SEARCH,0.0000,0.0000,0.0000,-0.0000
298393,dynamic,-2.6639,0.0631,3.2006,32.93,2.000,-0.3971,-1.9370,1.9773,0.5104,1.9102,0.000,1,SEARCH,0.0000,0.0000,0.0000,-0.0000
298489,dynamic,-2.6648,0.0633,3.2005,32.93,2.000,-0.3971,-1.9370,1.9773,0.5107,1.9102,0.000,1,SEARCH,0.0000,0.0000,0.0000,-0.0000
298589,dynamic,-2.6653,0.0635,3.2005,32.93,2.000,-0.3971,-1.9370,1.9773,0.5104,1.9102,0.000,1,SEARCH,0.0000,0.0000,0.0000,-0.0000
298690,dynamic,-2.6659,0.0638,3.2006,32.94,2.000,-0.3961,-1.9314,1.9716,0.5093,1.9046,0.000,1,SEARCH,0.0000,0.0000,0.0000,-0.0000
298790,dynamic,-2.6663,0.0643,3.2005,32.94,2.000,-0.3961,-1.9314,1.9716,0.5093,1.9046,0.000,1,SEARCH,0.0000,0.0000,0.0000,-0.0000
298890,dynamic,-2.6666,0.0647,3.2006,32.94,2.000,-0.3961,-1.9314,1.9716,0.5091,1.9047,0.000,1,SEARCH,0.0000,0.0000,0.0000,-0.0000
298990,dynamic,-2.6669,0.0651,3.2006,32.94,2.000,-0.3961,-1.9314,1.9716,0.5092,1.9047,0.000,1,SEARCH,0.0000,0.0000,0.0000,-0.0000
299093,dynamic,-2.6671,0.0652,3.2005,32.94,2.000,-0.3961,-1.9314,1.9716,0.5092,1.9047,0.000,1,SEARCH,0.0000,0.0000,0.0000,-0.0000
299190,dynamic,-2.6675,0.0654,3.2005,25.81,2.000,-0.2834,-1.5994,1.6243,0.3770,1.5799,0.000,1,SEARCH,0.0000,0.0000,0.0000,-0.0000
299290,dynamic,-2.6679,0.0655,3.2005,25.81,2.000,-0.2834,-1.5994,1.6243,0.3770,1.5799,0.000,1,SEARCH,0.0000,0.0000,0.0000,-0.0000
299390,dynamic,-2.6684,0.0658,3.2005,25.81,2.000,-0.2834,-1.5994,1.6243,0.3771,1.5799,0.000,1,SEARCH,0.0000,0.0000,0.0000,-0.0000
299491,dynamic,-2.6690,0.0663,3.2006,25.81,2.000,-0.2834,-1.5994,1.6243,0.3770,1.5799,0.000,1,SEARCH,0.0000,0.0000,0.0000,-0.0000
299590,dynamic,-2.6690,0.0667,3.2005,25.81,2.000,-0.2834,-1.5994,1.6243,0.3771,1.5799,0.000,1,SEARCH,0.0000,0.0000,0.0000,-0.0000
299690,dynamic,-2.6689,0.0668,3.2005,25.81,2.000,-0.2834,-1.5994,1.6243,0.3771,1.5799,0.000,1,SEARCH,0.0000,0.0000,0.0000,-0.0000
299790,dynamic,-2.6689,0.0671,3.2005,25.81,2.000,-0.2822,-1.5927,1.6175,0.3755,1.5733,0.000,1,SEARCH,0.0000,0.0000,0.0000,-0.0000
299889,dynamic,-2.6691,0.0674,3.2005,25.81,2.000,-0.2822,-1.5927,1.6175,0.3755,1.5733,0.000,1,SEARCH,0.0000,0.0000,0.0000,-0.0000
299989,dynamic,-2.6689,0.0678,3.2005,25.81,2.000,-0.2822,-1.5927,1.6175,0.3755,1.5733,0.000,1,SEARCH,0.0000,0.0000,0.0000,-0.0000
300090,dynamic,-2.6687,0.0681,3.2005,25.81,2.000,-0.2822,-1.5927,1.6175,0.3755,1.5733,0.000,1,SEARCH,0.0000,0.0000,0.0000,-0.0000
300190,dynamic,-2.6690,0.0683,3.2005,25.81,2.000,-0.2822,-1.5927,1.6175,0.3755,1.5733,0.000,1,SEARCH,0.0000,0.0000,0.0000,-0.0000
300290,dynamic,-2.6696,0.0686,3.2005,32.94,2.000,-0.3923,-1.9109,1.9508,0.5041,1.8845,0.000,1,SEARCH,0.0000,0.0000,0.0000,-0.0000
300390,dynamic,-2.6700,0.0689,3.2005,32.94,2.000,-0.3923,-1.9109,1.9508,0.5041,1.8845,0.000,1,SEARCH,0.0000,0.0000,0.0000,-0.0000
300490,dynamic,-2.6704,0.0691,3.2004,32.94,2.000,-0.3923,-1.9109,1.9508,0.5040,1.8845,0.000,1,SEARCH,0.0000,0.0000,0.0000,-0.0000
300589,dynamic,-2.6697,0.0692,3.2004,32.94,2.000,-0.3923,-1.9109,1.9508,0.5039,1.8846,0.000,1,SEARCH,0.0000,0.0000,0.0000,-0.0000
300689,dynamic,-2.6689,0.0691,3.2004,32.94,2.000,-0.3923,-1.9109,1.9508,0.5039,1.8846,0.000,1,SEARCH,0.0000,0.0000,0.0000,-0.0000
300792,dynamic,-2.6681,0.0692,3.2003,32.94,2.000,-0.3923,-1.9109,1.9508,0.5039,1.8846,0.000,1,SEARCH,0.0000,0.0000,0.0000,-0.0000
300890,dynamic,-2.6672,0.0693,3.2003,32.94,2.000,-0.3920,-1.9083,1.9481,0.5032,1.8820,0.000,1,SEARCH,0.0000,0.0000,0.0000,-0.0000
300990,dynamic,-2.6663,0.0694,3.2003,32.94,2.000,-0.3920,-1.9083,1.9481,0.5032,1.8820,0.000,1,SEARCH,0.0000,0.0000,0.0000,-0.0000
301089,dynamic,-2.6653,0.0696,3.2002,32.94,2.000,-0.3920,-1.9083,1.9481,0.5032,1.8820,0.000,1,SEARCH,0.0000,0.0000,0.0000,-0.0000
301189,dynamic,-2.6642,0.0696,3.2002,32.94,2.000,-0.3920,-1.9083,1.9481,0.5031,1.8820,0.000,1,SEARCH,0.0000,0.0000,0.0000,-0.0000
301289,dynamic,-2.6631,0.0697,3.2002,32.94,2.000,-0.3920,-1.9083,1.9481,0.5031,1.8820,0.000,1,SEARCH,0.0000,0.0000,0.0000,-0.0000
301404,dynamic,-2.6619,0.0698,3.2002,32.94,2.000,-0.3920,-1.9083,1.9481,0.5031,1.8820,0.000,1,SEARCH,0.0000,0.0000,0.0000,-0.0000
301489,dynamic,-2.6607,0.0698,3.2002,32.95,2.000,-0.3907,-1.9003,1.9400,0.5013,1.8741,0.000,1,SEARCH,0.0000,0.0000,0.0000,-0.0000
301589,dynamic,-2.6597,0.0699,3.2002,32.95,2.000,-0.3907,-1.9003,1.9400,0.5013,1.8741,0.000,1,SEARCH,0.0000,0.0000,0.0000,-0.0000
301689,dynamic,-2.6588,0.0700,3.2001,32.95,2.000,-0.3907,-1.9003,1.9400,0.5012,1.8741,0.000,1,SEARCH,0.0000,0.0000,0.0000,-0.0000
301789,dynamic,-2.6584,0.0704,3.2002,32.95,2.000,-0.3907,-1.9003,1.9400,0.5012,1.8741,0.000,1,SEARCH,0.0000,0.0000,0.0000,-0.0000
301889,dynamic,-2.6582,0.0706,3.2002,32.95,2.000,-0.3907,-1.9003,1.9400,0.5013,1.8741,0.000,1,SEARCH,0.0000,0.0000,0.0000,-0.0000
302000,dynamic,-2.6576,0.0707,3.2002,32.95,2.000,-0.3907,-1.9003,1.9400,0.5014,1.8741,0.000,1,SEARCH,0.0000,0.0000,0.0000,-0.0000
302089,dynamic,-2.6568,0.0704,3.2002,32.95,2.000,-0.3900,-1.8967,1.9363,0.5005,1.8706,0.000,1,SEARCH,0.0000,0.0000,0.0000,-0.0000
302189,dynamic,-2.6565,0.0704,3.2002,32.95,2.000,-0.3900,-1.8967,1.9363,0.5005,1.8706,0.000,1,SEARCH,0.0000,0.0000,0.0000,-0.0000
302289,dynamic,-2.6562,0.0703,3.2002,32.95,2.000,-0.3900,-1.8967,1.9363,0.5004,1.8706,0.000,1,SEARCH,0.0000,0.0000,0.0000,-0.0000
302389,dynamic,-2.6559,0.0702,3.2002,32.95,2.000,-0.3900,-1.8967,1.9363,0.5005,1.8706,0.000,1,SEARCH,0.0000,0.0000,0.0000,-0.0000
302500,dynamic,-2.6556,0.0701,3.2002,32.95,2.000,-0.3900,-1.8967,1.9363,0.5005,1.8706,0.000,1,SEARCH,0.0000,0.0000,0.0000,-0.0000
302589,dynamic,-2.6552,0.0700,3.2002,32.95,2.000,-0.3895,-1.8949,1.9345,0.4999,1.8688,0.000,1,SEARCH,0.0000,0.0000,0.0000,-0.0000
302689,dynamic,-2.6547,0.0700,3.2003,32.95,2.000,-0.3895,-1.8949,1.9345,0.4999,1.8688,0.000,1,SEARCH,0.0000,0.0000,0.0000,-0.0000
302789,dynamic,-2.6544,0.0701,3.2002,32.95,2.000,-0.3895,-1.8949,1.9345,0.4999,1.8688,0.000,1,SEARCH,0.0000,0.0000,0.0000,-0.0000
302889,dynamic,-2.6542,0.0703,3.2002,32.95,2.000,-0.3895,-1.8949,1.9345,0.4999,1.8688,0.000,1,SEARCH,0.0000,0.0000,0.0000,-0.0000
302989,dynamic,-2.6539,0.0704,3.2002,32.95,2.000,-0.3895,-1.8949,1.9345,0.4999,1.8688,0.000,1,SEARCH,0.0000,0.0000,0.0000,-0.0000
303089,dynamic,-2.6535,0.0704,3.2002,32.95,2.000,-0.3895,-1.8949,1.9345,0.4999,1.8688,0.000,1,SEARCH,0.0000,0.0000,0.0000,-0.0000
303189,dynamic,-2.6535,0.0704,3.2002,32.95,2.000,-0.3892,-1.8934,1.9330,0.4995,1.8674,0.000,1,SEARCH,0.0000,0.0000,0.0000,-0.0000
303289,dynamic,-2.6536,0.0704,3.2003,32.95,2.000,-0.3892,-1.8934,1.9330,0.4995,1.8674,0.000,1,SEARCH,0.0000,0.0000,0.0000,-0.0000
303389,dynamic,-2.6537,0.0701,3.2003,32.95,2.000,-0.3892,-1.8934,1.9330,0.4995,1.8673,0.000,1,SEARCH,0.0000,0.0000,0.0000,-0.0000
303489,dynamic,-2.6535,0.0697,3.2003,32.95,2.000,-0.3892,-1.8934,1.9330,0.4995,1.8674,0.000,1,SEARCH,0.0000,0.0000,0.0000,-0.0000
303597,dynamic,-2.6539,0.0694,3.2003,32.95,2.000,-0.3892,-1.8934,1.9330,0.4995,1.8674,0.000,1,SEARCH,0.0000,0.0000,0.0000,-0.0000
303690,dynamic,-2.6546,0.0689,3.2003,32.95,2.000,-0.3893,-1.8946,1.9342,0.4997,1.8686,0.000,1,SEARCH,0.0000,0.0000,0.0000,-0.0000
303789,dynamic,-2.6547,0.0691,3.2002,32.95,2.000,-0.3893,-1.8946,1.9342,0.4997,1.8686,0.000,1,SEARCH,0.0000,0.0000,0.0000,-0.0000
303889,dynamic,-2.6545,0.0694,3.2002,32.95,2.000,-0.3893,-1.8946,1.9342,0.4996,1.8686,0.000,1,SEARCH,0.0000,0.0000,0.0000,-0.0000
303989,dynamic,-2.6548,0.0693,3.2002,32.95,2.000,-0.3893,-1.8946,1.9342,0.4996,1.8686,0.000,1,SEARCH,0.0000,0.0000,0.0000,-0.0000
304089,dynamic,-2.6551,0.0690,3.2002,32.95,2.000,-0.3893,-1.8946,1.9342,0.4995,1.8686,0.000,1,SEARCH,0.0000,0.0000,0.0000,-0.0000
304198,dynamic,-2.6549,0.0688,3.2002,32.95,2.000,-0.3893,-1.8946,1.9342,0.4995,1.8686,0.000,1,SEARCH,0.0000,0.0000,0.0000,-0.0000
304289,dynamic,-2.6543,0.0684,3.2002,25.81,2.000,-0.2795,-1.5747,1.5993,0.3712,1.5556,0.000,1,SEARCH,0.0000,0.0000,0.0000,-0.0000
304389,dynamic,-2.6543,0.0684,3.2002,25.81,2.000,-0.2795,-1.5747,1.5993,0.3712,1.5556,0.000,1,SEARCH,0.0000,0.0000,0.0000,-0.0000
304489,dynamic,-2.6544,0.0684,3.2001,25.81,2.000,-0.2795,-1.5747,1.5993,0.3711,1.5557,0.000,1,SEARCH,0.0000,0.0000,0.0000,-0.0000
304589,dynamic,-2.6534,0.0681,3.2001,25.81,2.000,-0.2795,-1.5747,1.5993,0.3711,1.5557,0.000,1,SEARCH,0.0000,0.0000,0.0000,-0.0000
304689,dynamic,-2.6521,0.0677,3.2001,25.81,2.000,-0.2795,-1.5747,1.5993,0.3711,1.5557,0.000,1,SEARCH,0.0000,0.0000,0.0000,-0.0000
304801,dynamic,-2.6526,0.0674,3.2001,25.81,2.000,-0.2795,-1.5747,1.5993,0.3711,1.5557,0.000,1,SEARCH,0.0000,0.0000,0.0000,-0.0000
304889,dynamic,-2.6535,0.0671,3.2001,25.82,2.000,-0.2809,-1.5820,1.6067,0.3729,1.5629,0.000,1,SEARCH,0.0000,0.0000,0.0000,-0.0000
304990,dynamic,-2.6537,0.0671,3.2001,25.82,2.000,-0.2809,-1.5820,1.6067,0.3729,1.5629,0.000,1,SEARCH,0.0000,0.0000,0.0000,-0.0000
305089,dynamic,-2.6537,0.0670,3.2001,25.82,2.000,-0.2809,-1.5820,1.6067,0.3728,1.5629,0.000,1,SEARCH,0.0000,0.0000,0.0000,-0.0000
305189,dynamic,-2.6537,0.0668,3.2000,25.82,2.000,-0.2809,-1.5820,1.6067,0.3728,1.5629,0.000,1,SEARCH,0.0000,0.0000,0.0000,-0.0000
305289,dynamic,-2.6535,0.0667,3.2000,25.82,2.000,-0.2809,-1.5820,1.6067,0.3728,1.5629,0.000,1,SEARCH,0.0000,0.0000,0.0000,-0.0000
305390,dynamic,-2.6535,0.0665,3.2000,25.82,2.000,-0.2809,-1.5820,1.6067,0.3728,1.5629,0.000,1,SEARCH,0.0000,0.0000,0.0000,-0.0000
305489,dynamic,-2.6536,0.0662,3.2000,25.81,2.000,-0.2816,-1.5856,1.6104,0.3737,1.5665,0.000,1,SEARCH,0.0000,0.0000,0.0000,-0.0000
305590,dynamic,-2.6541,0.0658,3.2000,25.81,2.000,-0.2816,-1.5856,1.6104,0.3737,1.5665,0.000,1,SEARCH,0.0000,0.0000,0.0000,-0.0000
305690,dynamic,-2.6545,0.0654,3.2000,25.81,2.000,-0.2816,-1.5856,1.6104,0.3737,1.5665,0.000,1,SEARCH,0.0000,0.0000,0.0000,-0.0000
305789,dynamic,-2.6550,0.0650,3.2000,25.81,2.000,-0.2816,-1.5856,1.6104,0.3737,1.5665,0.000,1,SEARCH,0.0000,0.0000,0.0000,-0.0000
305891,dynamic,-2.6551,0.0648,3.2000,25.81,2.000,-0.2816,-1.5856,1.6104,0.3737,1.5665,0.000,1,SEARCH,0.0000,0.0000,0.0000,-0.0000
305989,dynamic,-2.6556,0.0646,3.2000,32.94,2.000,-0.3934,-1.9134,1.9534,0.5044,1.8872,0.000,1,SEARCH,0.0000,0.0000,0.0000,-0.0000
306090,dynamic,-2.6559,0.0645,3.2000,32.94,2.000,-0.3934,-1.9134,1.9534,0.5044,1.8872,0.000,1,SEARCH,0.0000,0.0000,0.0000,-0.0000
306189,dynamic,-2.6559,0.0641,3.2000,32.94,2.000,-0.3934,-1.9134,1.9534,0.5044,1.8872,0.000,1,SEARCH,0.0000,0.0000,0.0000,-0.0000
306289,dynamic,-2.6557,0.0635,3.2000,32.94,2.000,-0.3934,-1.9134,1.9534,0.5044,1.8872,0.000,1,SEARCH,0.0000,0.0000,0.0000,-0.0000
306389,dynamic,-2.6558,0.0630,3.1999,32.94,2.000,-0.3934,-1.9134,1.9534,0.5043,1.8872,0.000,1,SEARCH,0.0000,0.0000,0.0000,-0.0000
306489,dynamic,-2.6560,0.0627,3.1999,32.94,2.000,-0.3934,-1.9134,1.9534,0.5043,1.8872,0.000,1,SEARCH,0.0000,0.0000,0.0000,-0.0000
306590,dynamic,-2.6558,0.0625,3.1999,25.81,2.000,-0.2835,-1.5956,1.6206,0.3760,1.5764,0.000,1,SEARCH,0.0000,0.0000,0.0000,-0.0000
306689,dynamic,-2.6552,0.0624,3.1999,25.81,2.000,-0.2835,-1.5956,1.6206,0.3760,1.5764,0.000,1,SEARCH,0.0000,0.0000,0.0000,-0.0000
306789,dynamic,-2.6553,0.0623,3.1999,25.81,2.000,-0.2835,-1.5956,1.6206,0.3760,1.5764,0.000,1,SEARCH,0.0000,0.0000,0.0000,-0.0000
306889,dynamic,-2.6555,0.0623,3.1999,25.81,2.000,-0.2835,-1.5956,1.6206,0.3761,1.5764,0.000,1,SEARCH,0.0000,0.0000,0.0000,-0.0000
306998,dynamic,-2.6560,0.0624,3.2000,25.81,2.000,-0.2835,-1.5956,1.6206,0.3761,1.5764,0.000,1,SEARCH,0.0000,0.0000,0.0000,-0.0000
307089,dynamic,-2.6565,0.0626,3.2000,32.94,2.000,-0.3957,-1.9231,1.9634,0.5073,1.8968,0.000,1,SEARCH,0.0000,0.0000,0.0000,-0.0000
307189,dynamic,-2.6570,0.0628,3.2000,32.94,2.000,-0.3957,-1.9231,1.9634,0.5073,1.8968,0.000,1,SEARCH,0.0000,0.0000,0.0000,-0.0000
307289,dynamic,-2.6573,0.0630,3.2000,32.94,2.000,-0.3957,-1.9231,1.9634,0.5073,1.8968,0.000,1,SEARCH,0.0000,0.0000,0.0000,-0.0000
307389,dynamic,-2.6575,0.0632,3.2000,32.94,2.000,-0.3957,-1.9231,1.9634,0.5073,1.8968,0.000,1,SEARCH,0.0000,0.0000,0.0000,-0.0000
307489,dynamic,-2.6576,0.0632,3.2000,32.94,2.000,-0.3957,-1.9231,1.9634,0.5073,1.8968,0.000,1,SEARCH,0.0000,0.0000,0.0000,-0.0000
307600,dynamic,-2.6576,0.0633,3.2000,32.94,2.000,-0.3957,-1.9231,1.9634,0.5073,1.8968,0.000,1,SEARCH,0.0000,0.0000,0.0000,-0.0000
307689,dynamic,-2.6574,0.0633,3.2000,33.11,2.000,-0.3988,-1.9289,1.9697,0.5106,1.9024,0.000,1,SEARCH,0.0000,0.0000,0.0000,-0.0000
307789,dynamic,-2.6574,0.0635,3.1999,33.11,2.000,-0.3988,-1.9289,1.9697,0.5106,1.9024,0.000,1,SEARCH,0.0000,0.0000,0.0000,-0.0000
307889,dynamic,-2.6574,0.0636,3.2000,33.11,2.000,-0.3988,-1.9289,1.9697,0.5106,1.9024,0.000,1,SEARCH,0.0000,0.0000,0.0000,-0.0000
307989,dynamic,-2.6571,0.0637,3.1999,33.11,2.000,-0.3988,-1.9289,1.9697,0.5106,1.9024,0.000,1,SEARCH,0.0000,0.0000,0.0000,-0.0000
308094,dynamic,-2.6568,0.0638,3.1999,33.11,2.000,-0.3988,-1.9289,1.9697,0.5106,1.9024,0.000,1,SEARCH,0.0000,0.0000,0.0000,-0.0000
308191,dynamic,-2.6567,0.0641,3.1999,33.11,2.000,-0.3988,-1.9289,1.9697,0.5106,1.9024,0.000,1,SEARCH,0.0000,0.0000,0.0000,-0.0000
308289,dynamic,-2.6566,0.0645,3.1999,26.08,2.000,-0.2871,-1.6002,1.6258,0.3799,1.5808,0.000,1,SEARCH,0.0000,0.0000,0.0000,-0.0000
308389,dynamic,-2.6567,0.0647,3.1999,26.08,2.000,-0.2871,-1.6002,1.6258,0.3799,1.5808,0.000,1,SEARCH,0.0000,0.0000,0.0000,-0.0000
308489,dynamic,-2.6568,0.0648,3.1999,26.08,2.000,-0.2871,-1.6002,1.6258,0.3799,1.5808,0.000,1,SEARCH,0.0000,0.0000,0.0000,-0.0000
308589,dynamic,-2.6574,0.0653,3.1999,26.08,2.000,-0.2871,-1.6002,1.6258,0.3798,1.5808,0.000,1,SEARCH,0.0000,0.0000,0.0000,-0.0000
308589,dynamic,-2.6581,0.0657,3.1998,26.08,2.000,-0.2871,-1.6002,1.6258,0.3798,1.5808,0.000,1,SEARCH,0.0000,0.0000,0.0000,-0.0000
308789,dynamic,-2.6587,0.0662,3.1999,33.13,2.000,-0.4002,-1.9266,1.9678,0.5117,1.9001,0.000,1,SEARCH,0.0000,0.0000,0.0000,-0.0000
308889,dynamic,-2.6591,0.0665,3.1999,33.13,2.000,-0.4002,-1.9266,1.9678,0.5117,1.9000,0.000,1,SEARCH,0.0000,0.0000,0.0000,-0.0000
308989,dynamic,-2.6593,0.0667,3.1999,33.13,2.000,-0.4002,-1.9266,1.9678,0.5118,1.9000,0.000,1,SEARCH,0.0000,0.0000,0.0000,-0.0000
309089,dynamic,-2.6593,0.0669,3.1999,33.13,2.000,-0.4002,-1.9266,1.9678,0.5119,1.9000,0.000,1,SEARCH,0.0000,0.0000,0.0000,-0.0000
309198,dynamic,-2.6593,0.0669,3.1999,33.13,2.000,-0.4002,-1.9266,1.9678,0.5119,1.9000,0.000,1,SEARCH,0.0000,0.0000,0.0000,-0.0000
309289,dynamic,-2.6593,0.0669,3.2000,33.11,2.000,-0.3984,-1.9252,1.9660,0.5100,1.8987,0.000,1,SEARCH,0.0000,0.0000,0.0000,-0.0000
309389,dynamic,-2.6593,0.0672,3.2000,33.11,2.000,-0.3984,-1.9252,1.9660,0.5100,1.8987,0.000,1,SEARCH,0.0000,0.0000,0.0000,-0.0000
309489,dynamic,-2.6592,0.0677,3.2000,33.11,2.000,-0.3984,-1.9252,1.9660,0.5101,1.8987,0.000,1,SEARCH,0.0000,0.0000,0.0000,-0.0000
309589,dynamic,-2.6593,0.0679,3.2000,33.11,2.000,-0.3984,-1.9252,1.9660,0.5101,1.8987,0.000,1,SEARCH,0.0000,0.0000,0.0000,-0.0000
309689,dynamic,-2.6595,0.0680,3.2000,33.11,2.000,-0.3984,-1.9252,1.9660,0.5101,1.8987,0.000,1,SEARCH,0.0000,0.0000,0.0000,-0.0000
309795,dynamic,-2.6590,0.0681,3.2000,33.11,2.000,-0.3984,-1.9252,1.9660,0.5101,1.8987,0.000,1,SEARCH,0.0000,0.0000,0.0000,-0.0000
309890,dynamic,-2.6583,0.0683,3.2000,33.11,2.000,-0.3973,-1.9212,1.9618,0.5088,1.8947,0.000,1,SEARCH,0.0000,0.0000,0.0000,-0.0000
309989,dynamic,-2.6578,0.0682,3.2000,33.11,2.000,-0.3973,-1.9212,1.9618,0.5088,1.8947,0.000,1,SEARCH,0.0000,0.0000,0.0000,-0.0000
310090,dynamic,-2.6574,0.0681,3.2000,33.11,2.000,-0.3973,-1.9212,1.9618,0.5087,1.8947,0.000,1,SEARCH,0.0000,0.0000,0.0000,-0.0000
310189,dynamic,-2.6575,0.0682,3.2000,33.11,2.000,-0.3973,-1.9212,1.9618,0.5087,1.8947,0.000,1,SEARCH,0.0000,0.0000,0.0000,-0.0000
310294,dynamic,-2.6577,0.0684,3.1999,33.11,2.000,-0.3973,-1.9212,1.9618,0.5087,1.8947,0.000,1,SEARCH,0.0000,0.0000,0.0000,-0.0000
310390,dynamic,-2.6580,0.0686,3.1999,33.11,2.000,-0.3967,-1.9180,1.9586,0.5079,1.8916,0.000,1,SEARCH,0.0000,0.0000,0.0000,-0.0000
310490,dynamic,-2.6582,0.0687,3.1999,33.11,2.000,-0.3967,-1.9180,1.9586,0.5079,1.8916,0.000,1,SEARCH,0.0000,0.0000,0.0000,-0.0000
310589,dynamic,-2.6585,0.0689,3.1999,33.11,2.000,-0.3967,-1.9180,1.9586,0.5079,1.8916,0.000,1,SEARCH,0.0000,0.0000,0.0000,-0.0000
310689,dynamic,-2.6589,0.0691,3.1999,33.11,2.000,-0.3967,-1.9180,1.9586,0.5079,1.8916,0.000,1,SEARCH,0.0000,0.0000,0.0000,-0.0000
310789,dynamic,-2.6589,0.0690,3.1999,33.11,2.000,-0.3967,-1.9180,1.9586,0.5079,1.8916,0.000,1,SEARCH,0.0000,0.0000,0.0000,-0.0000
310900,dynamic,-2.6589,0.0689,3.1999,33.11,2.000,-0.3967,-1.9180,1.9586,0.5078,1.8916,0.000,1,SEARCH,0.0000,0.0000,0.0000,-0.0000
310989,dynamic,-2.6590,0.0692,3.1998,26.05,2.000,-0.2836,-1.5866,1.6118,0.3755,1.5674,0.000,1,SEARCH,0.0000,0.0000,0.0000,-0.0000
311089,dynamic,-2.6591,0.0695,3.1998,26.05,2.000,-0.2836,-1.5866,1.6118,0.3755,1.5674,0.000,1,SEARCH,0.0000,0.0000,0.0000,-0.0000
311189,dynamic,-2.6590,0.0697,3.1998,26.05,2.000,-0.2836,-1.5866,1.6118,0.3754,1.5674,0.000,1,SEARCH,0.0000,0.0000,0.0000,-0.0000
311289,dynamic,-2.6588,0.0698,3.1998,26.05,2.000,-0.2836,-1.5866,1.6118,0.3754,1.5674,0.000,1,SEARCH,0.0000,0.0000,0.0000,-0.0000
311389,dynamic,-2.6583,0.0698,3.1997,26.05,2.000,-0.2836,-1.5866,1.6118,0.3753,1.5674,0.000,1,SEARCH,0.0000,0.0000,0.0000,-0.0000
311490,dynamic,-2.6575,0.0699,3.1997,26.05,2.000,-0.2836,-1.5866,1.6118,0.3753,1.5674,0.000,1,SEARCH,0.0000,0.0000,0.0000,-0.0000
311589,dynamic,-2.6571,0.0698,3.1997,32.88,2.000,-0.3947,-1.9042,1.9447,0.5047,1.8781,0.000,1,SEARCH,0.0000,0.0000,0.0000,-0.0000
311689,dynamic,-2.6570,0.0698,3.1997,32.88,2.000,-0.3947,-1.9042,1.9447,0.5046,1.8781,0.000,1,SEARCH,0.0000,0.0000,0.0000,-0.0000
311789,dynamic,-2.6571,0.0698,3.1997,32.88,2.000,-0.3947,-1.9042,1.9447,0.5046,1.8781,0.000,1,SEARCH,0.0000,0.0000,0.0000,-0.0000
311890,dynamic,-2.6574,0.0698,3.1996,32.88,2.000,-0.3947,-1.9042,1.9447,0.5045,1.8781,0.000,1,SEARCH,0.0000,0.0000,0.0000,-0.0000
311993,dynamic,-2.6576,0.0697,3.1996,32.88,2.000,-0.3947,-1.9042,1.9447,0.5045,1.8781,0.000,1,SEARCH,0.0000,0.0000,0.0000,-0.0000
312090,dynamic,-2.6580,0.0694,3.1996,33.11,2.000,-0.3929,-1.8960,1.9363,0.5022,1.8700,0.000,1,SEARCH,0.0000,0.0000,0.0000,-0.0000
312189,dynamic,-2.6582,0.0694,3.1996,33.11,2.000,-0.3929,-1.8960,1.9363,0.5022,1.8700,0.000,1,SEARCH,0.0000,0.0000,0.0000,-0.0000
312289,dynamic,-2.6584,0.0694,3.1996,33.11,2.000,-0.3929,-1.8960,1.9363,0.5023,1.8700,0.000,1,SEARCH,0.0000,0.0000,0.0000,-0.0000
312389,dynamic,-2.6583,0.0695,3.1996,33.11,2.000,-0.3929,-1.8960,1.9363,0.5023,1.8700,0.000,1,SEARCH,0.0000,0.0000,0.0000,-0.0000
312489,dynamic,-2.6580,0.0695,3.1997,33.11,2.000,-0.3929,-1.8960,1.9363,0.5023,1.8700,0.000,1,SEARCH,0.0000,0.0000,0.0000,-0.0000
312599,dynamic,-2.6578,0.0698,3.1996,33.11,2.000,-0.3929,-1.8960,1.9363,0.5023,1.8700,0.000,1,SEARCH,0.0000,0.0000,0.0000,-0.0000
312689,dynamic,-2.6577,0.0702,3.1996,33.11,2.000,-0.3912,-1.8876,1.9277,0.5000,1.8617,0.000,1,SEARCH,0.0000,0.0000,0.0000,-0.0000
312789,dynamic,-2.6581,0.0703,3.1996,33.11,2.000,-0.3912,-1.8876,1.9277,0.5000,1.8617,0.000,1,SEARCH,0.0000,0.0000,0.0000,-0.0000
312889,dynamic,-2.6588,0.0702,3.1996,33.11,2.000,-0.3912,-1.8876,1.9277,0.5000,1.8618,0.000,1,SEARCH,0.0000,0.0000,0.0000,-0.0000
312989,dynamic,-2.6588,0.0703,3.1996,33.11,2.000,-0.3912,-1.8876,1.9277,0.5000,1.8617,0.000,1,SEARCH,0.0000,0.0000,0.0000,-0.0000
313089,dynamic,-2.6587,0.0705,3.1996,33.11,2.000,-0.3912,-1.8876,1.9277,0.5000,1.8618,0.000,1,SEARCH,0.0000,0.0000,0.0000,-0.0000
313192,dynamic,-2.6589,0.0707,3.1996,33.11,2.000,-0.3912,-1.8876,1.9277,0.5000,1.8618,0.000,1,SEARCH,0.0000,0.0000,0.0000,-0.0000
313289,dynamic,-2.6591,0.0709,3.1996,26.06,2.000,-0.2793,-1.5594,1.5842,0.3692,1.5406,0.000,1,SEARCH,0.0000,0.0000,0.0000,-0.0000
313389,dynamic,-2.6597,0.0710,3.1996,26.06,2.000,-0.2793,-1.5594,1.5842,0.3692,1.5406,0.000,1,SEARCH,0.0000,0.0000,0.0000,-0.0000
313490,dynamic,-2.6605,0.0711,3.1996,26.06,2.000,-0.2793,-1.5594,1.5842,0.3692,1.5406,0.000,1,SEARCH,0.0000,0.0000,0.0000,-0.0000
313589,dynamic,-2.6605,0.0708,3.1996,26.06,2.000,-0.2793,-1.5594,1.5842,0.3692,1.5406,0.000,1,SEARCH,0.0000,0.0000,0.0000,-0.0000
313694,dynamic,-2.6602,0.0704,3.1996,26.06,2.000,-0.2793,-1.5594,1.5842,0.3692,1.5406,0.000,1,SEARCH,0.0000,0.0000,0.0000,-0.0000
313802,dynamic,-2.6599,0.0702,3.1996,26.06,2.000,-0.2793,-1.5594,1.5842,0.3692,1.5406,0.000,1,SEARCH,0.0000,0.0000,0.0000,-0.0000
313891,dynamic,-2.6597,0.0702,3.1996,25.78,2.000,-0.2798,-1.5548,1.5798,0.3695,1.5359,0.000,1,SEARCH,0.0000,0.0000,0.0000,-0.0000
313989,dynamic,-2.6596,0.0703,3.1996,25.78,2.000,-0.2798,-1.5548,1.5798,0.3695,1.5359,0.000,1,SEARCH,0.0000,0.0000,0.0000,-0.0000
314090,dynamic,-2.6598,0.0704,3.1996,25.78,2.000,-0.2798,-1.5548,1.5798,0.3695,1.5359,0.000,1,SEARCH,0.0000,0.0000,0.0000,-0.0000
314189,dynamic,-2.6598,0.0704,3.1996,25.78,2.000,-0.2798,-1.5548,1.5798,0.3695,1.5359,0.000,1,SEARCH,0.0000,0.0000,0.0000,-0.0000
314299,dynamic,-2.6597,0.0703,3.1996,25.78,2.000,-0.2798,-1.5548,1.5798,0.3695,1.5359,0.000,1,SEARCH,0.0000,0.0000,0.0000,-0.0000
314389,dynamic,-2.6600,0.0702,3.1996,26.06,2.000,-0.2773,-1.5483,1.5730,0.3666,1.5296,0.000,1,SEARCH,0.0000,0.0000,0.0000,-0.0000
314489,dynamic,-2.6603,0.0701,3.1996,26.06,2.000,-0.2773,-1.5483,1.5730,0.3666,1.5296,0.000,1,SEARCH,0.0000,0.0000,0.0000,-0.0000
314589,dynamic,-2.6602,0.0700,3.1996,26.06,2.000,-0.2773,-1.5483,1.5730,0.3666,1.5296,0.000,1,SEARCH,0.0000,0.0000,0.0000,-0.0000
314689,dynamic,-2.6601,0.0701,3.1996,26.06,2.000,-0.2773,-1.5483,1.5730,0.3666,1.5297,0.000,1,SEARCH,0.0000,0.0000,0.0000,-0.0000
314789,dynamic,-2.6601,0.0698,3.1995,26.06,2.000,-0.2773,-1.5483,1.5730,0.3665,1.5297,0.000,1,SEARCH,0.0000,0.0000,0.0000,-0.0000
314896,dynamic,-2.6601,0.0695,3.1995,26.06,2.000,-0.2773,-1.5483,1.5730,0.3666,1.5297,0.000,1,SEARCH,0.0000,0.0000,0.0000,-0.0000
314989,dynamic,-2.6599,0.0694,3.1996,33.38,2.000,-0.3899,-1.8670,1.9072,0.4974,1.8412,0.000,1,SEARCH,0.0000,0.0000,0.0000,-0.0000
315089,dynamic,-2.6596,0.0694,3.1995,33.38,2.000,-0.3899,-1.8670,1.9072,0.4974,1.8412,0.000,1,SEARCH,0.0000,0.0000,0.0000,-0.0000
315189,dynamic,-2.6592,0.0693,3.1995,33.38,2.000,-0.3899,-1.8670,1.9072,0.4974,1.8413,0.000,1,SEARCH,0.0000,0.0000,0.0000,-0.0000
315289,dynamic,-2.6588,0.0691,3.1995,33.38,2.000,-0.3899,-1.8670,1.9072,0.4973,1.8413,0.000,1,SEARCH,0.0000,0.0000,0.0000,-0.0000
315391,dynamic,-2.6585,0.0690,3.1995,33.38,2.000,-0.3899,-1.8670,1.9072,0.4973,1.8413,0.000,1,SEARCH,0.0000,0.0000,0.0000,-0.0000
315490,dynamic,-2.6582,0.0689,3.1995,33.38,2.000,-0.3912,-1.8727,1.9131,0.4989,1.8469,0.000,1,SEARCH,0.0000,0.0000,0.0000,-0.0000
315590,dynamic,-2.6586,0.0690,3.1995,33.38,2.000,-0.3912,-1.8727,1.9131,0.4989,1.8469,0.000,1,SEARCH,0.0000,0.0000,0.0000,-0.0000
315690,dynamic,-2.6590,0.0691,3.1995,33.38,2.000,-0.3912,-1.8727,1.9131,0.4988,1.8470,0.000,1,SEARCH,0.0000,0.0000,0.0000,-0.0000
315789,dynamic,-2.6593,0.0691,3.1995,33.38,2.000,-0.3912,-1.8727,1.9131,0.4988,1.8470,0.000,1,SEARCH,0.0000,0.0000,0.0000,-0.0000
315889,dynamic,-2.6596,0.0692,3.1995,33.38,2.000,-0.3912,-1.8727,1.9131,0.4989,1.8469,0.000,1,SEARCH,0.0000,0.0000,0.0000,-0.0000
315993,dynamic,-2.6595,0.0692,3.1995,33.38,2.000,-0.3912,-1.8727,1.9131,0.4988,1.8470,0.000,1,SEARCH,0.0000,0.0000,0.0000,-0.0000
316089,dynamic,-2.6593,0.0691,3.1995,33.38,2.000,-0.3929,-1.8804,1.9211,0.5010,1.8546,0.000,1,SEARCH,0.0000,0.0000,0.0000,-0.0000
316189,dynamic,-2.6599,0.0689,3.1995,33.38,2.000,-0.3929,-1.8804,1.9211,0.5010,1.8546,0.000,1,SEARCH,0.0000,0.0000,0.0000,-0.0000
316289,dynamic,-2.6605,0.0687,3.1995,33.38,2.000,-0.3929,-1.8804,1.9211,0.5010,1.8546,0.000,1,SEARCH,0.0000,0.0000,0.0000,-0.0000
316389,dynamic,-2.6608,0.0686,3.1995,33.38,2.000,-0.3929,-1.8804,1.9211,0.5010,1.8546,0.000,1,SEARCH,0.0000,0.0000,0.0000,-0.0000
316489,dynamic,-2.6609,0.0686,3.1994,33.38,2.000,-0.3929,-1.8804,1.9211,0.5009,1.8546,0.000,1,SEARCH,0.0000,0.0000,0.0000,-0.0000
316597,dynamic,-2.6605,0.0686,3.1994,33.38,2.000,-0.3929,-1.8804,1.9211,0.5009,1.8546,0.000,1,SEARCH,0.0000,0.0000,0.0000,-0.0000
316689,dynamic,-2.6600,0.0686,3.1994,26.40,2.000,-0.2810,-1.5620,1.5871,0.3708,1.5432,0.000,1,SEARCH,0.0000,0.0000,0.0000,-0.0000
316790,dynamic,-2.6596,0.0684,3.1994,26.40,2.000,-0.2810,-1.5620,1.5871,0.3708,1.5432,0.000,1,SEARCH,0.0000,0.0000,0.0000,-0.0000
316889,dynamic,-2.6593,0.0683,3.1994,26.40,2.000,-0.2810,-1.5620,1.5871,0.3708,1.5432,0.000,1,SEARCH,0.0000,0.0000,0.0000,-0.0000
316989,dynamic,-2.6596,0.0682,3.1994,26.40,2.000,-0.2810,-1.5620,1.5871,0.3708,1.5432,0.000,1,SEARCH,0.0000,0.0000,0.0000,-0.0000
317089,dynamic,-2.6600,0.0682,3.1994,26.40,2.000,-0.2810,-1.5620,1.5871,0.3708,1.5432,0.000,1,SEARCH,0.0000,0.0000,0.0000,-0.0000
317190,dynamic,-2.6604,0.0682,3.1995,32.91,2.000,-0.3923,-1.8814,1.9219,0.5005,1.8556,0.000,1,SEARCH,0.0000,0.0000,0.0000,-0.0000
317290,dynamic,-2.6607,0.0683,3.1994,32.91,2.000,-0.3923,-1.8814,1.9219,0.5004,1.8556,0.000,1,SEARCH,0.0000,0.0000,0.0000,-0.0000
317389,dynamic,-2.6603,0.0681,3.1994,32.91,2.000,-0.3923,-1.8814,1.9219,0.5004,1.8556,0.000,1,SEARCH,0.0000,0.0000,0.0000,-0.0000
317489,dynamic,-2.6596,0.0678,3.1994,32.91,2.000,-0.3923,-1.8814,1.9219,0.5004,1.8556,0.000,1,SEARCH,0.0000,0.0000,0.0000,-0.0000
317589,dynamic,-2.6591,0.0675,3.1994,32.91,2.000,-0.3923,-1.8814,1.9219,0.5003,1.8556,0.000,1,SEARCH,0.0000,0.0000,0.0000,-0.0000
317707,dynamic,-2.6586,0.0674,3.1994,32.91,2.000,-0.3923,-1.8814,1.9219,0.5003,1.8557,0.000,1,SEARCH,0.0000,0.0000,0.0000,-0.0000
317789,dynamic,-2.6590,0.0672,3.1993,25.75,2.000,-0.2804,-1.5626,1.5875,0.3701,1.5438,0.000,1,SEARCH,0.0000,0.0000,0.0000,-0.0000
317889,dynamic,-2.6594,0.0670,3.1993,25.75,2.000,-0.2804,-1.5626,1.5875,0.3701,1.5438,0.000,1,SEARCH,0.0000,0.0000,0.0000,-0.0000
317989,dynamic,-2.6599,0.0672,3.1993,25.75,2.000,-0.2804,-1.5626,1.5875,0.3701,1.5438,0.000,1,SEARCH,0.0000,0.0000,0.0000,-0.0000
318089,dynamic,-2.6602,0.0674,3.1993,25.75,2.000,-0.2804,-1.5626,1.5875,0.3701,1.5438,0.000,1,SEARCH,0.0000,0.0000,0.0000,-0.0000
318189,dynamic,-2.6606,0.0676,3.1993,25.75,2.000,-0.2804,-1.5626,1.5875,0.3701,1.5438,0.000,1,SEARCH,0.0000,0.0000,0.0000,-0.0000
318300,dynamic,-2.6610,0.0679,3.1993,25.75,2.000,-0.2804,-1.5626,1.5875,0.3701,1.5438,0.000,1,SEARCH,0.0000,0.0000,0.0000,-0.0000
318389,dynamic,-2.6609,0.0680,3.1994,32.89,2.000,-0.3908,-1.8807,1.9208,0.4987,1.8550,0.000,1,SEARCH,0.0000,0.0000,0.0000,-0.0000
318490,dynamic,-2.6605,0.0680,3.1994,32.89,2.000,-0.3908,-1.8807,1.9208,0.4987,1.8550,0.000,1,SEARCH,0.0000,0.0000,0.0000,-0.0000
318589,dynamic,-2.6598,0.0680,3.1994,32.89,2.000,-0.3908,-1.8807,1.9208,0.4987,1.8550,0.000,1,SEARCH,0.0000,0.0000,0.0000,-0.0000
318689,dynamic,-2.6591,0.0680,3.1994,32.89,2.000,-0.3908,-1.8807,1.9208,0.4987,1.8549,0.000,1,SEARCH,0.0000,0.0000,0.0000,-0.0000
318789,dynamic,-2.6596,0.0682,3.1994,32.89,2.000,-0.3908,-1.8807,1.9208,0.4987,1.8550,0.000,1,SEARCH,0.0000,0.0000,0.0000,-0.0000
318890,dynamic,-2.6602,0.0685,3.1994,32.89,2.000,-0.3908,-1.8807,1.9208,0.4987,1.8550,0.000,1,SEARCH,0.0000,0.0000,0.0000,-0.0000
318989,dynamic,-2.6603,0.0685,3.1994,26.43,2.000,-0.2834,-1.5684,1.5938,0.3735,1.5494,0.000,1,SEARCH,0.0000,0.0000,0.0000,-0.0000
319090,dynamic,-2.6602,0.0685,3.1993,26.43,2.000,-0.2834,-1.5684,1.5938,0.3734,1.5494,0.000,1,SEARCH,0.0000,0.0000,0.0000,-0.0000
319190,dynamic,-2.6603,0.0681,3.1994,26.43,2.000,-0.2834,-1.5684,1.5938,0.3735,1.5494,0.000,1,SEARCH,0.0000,0.0000,0.0000,-0.0000
319289,dynamic,-2.6603,0.0677,3.1994,26.43,2.000,-0.2834,-1.5684,1.5938,0.3735,1.5494,0.000,1,SEARCH,0.0000,0.0000,0.0000,-0.0000
319393,dynamic,-2.6600,0.0679,3.1993,26.43,2.000,-0.2834,-1.5684,1.5938,0.3734,1.5494,0.000,1,SEARCH,0.0000,0.0000,0.0000,-0.0000
319491,dynamic,-2.6594,0.0687,3.1993,26.43,2.000,-0.2834,-1.5684,1.5938,0.3734,1.5494,0.000,1,SEARCH,0.0000,0.0000,0.0000,-0.0000
319589,dynamic,-2.6596,0.0690,3.1993,32.92,2.000,-0.3943,-1.8902,1.9309,0.5027,1.8643,0.000,1,SEARCH,0.0000,0.0000,0.0000,-0.0000
319689,dynamic,-2.6598,0.0692,3.1993,32.92,2.000,-0.3943,-1.8902,1.9309,0.5027,1.8643,0.000,1,SEARCH,0.0000,0.0000,0.0000,-0.0000
319789,dynamic,-2.6602,0.0691,3.1993,32.92,2.000,-0.3943,-1.8902,1.9309,0.5026,1.8643,0.000,1,SEARCH,0.0000,0.0000,0.0000,-0.0000
319889,dynamic,-2.6604,0.0690,3.1993,32.92,2.000,-0.3943,-1.8902,1.9309,0.5026,1.8643,0.000,1,SEARCH,0.0000,0.0000,0.0000,-0.0000
319989,dynamic,-2.6608,0.0691,3.1993,32.92,2.000,-0.3943,-1.8902,1.9309,0.5026,1.8644,0.000,1,SEARCH,0.0000,0.0000,0.0000,-0.0000
320098,dynamic,-2.6612,0.0692,3.1993,32.92,2.000,-0.3943,-1.8902,1.9309,0.5026,1.8643,0.000,1,SEARCH,0.0000,0.0000,0.0000,-0.0000
320190,dynamic,-2.6610,0.0693,3.1993,32.92,2.000,-0.3945,-1.8904,1.9311,0.5028,1.8645,0.000,1,SEARCH,0.0000,0.0000,0.0000,-0.0000
320289,dynamic,-2.6605,0.0693,3.1993,32.92,2.000,-0.3945,-1.8904,1.9311,0.5028,1.8645,0.000,1,SEARCH,0.0000,0.0000,0.0000,-0.0000
320389,dynamic,-2.6595,0.0695,3.1993,32.92,2.000,-0.3945,-1.8904,1.9311,0.5028,1.8645,0.000,1,SEARCH,0.0000,0.0000,0.0000,-0.0000
320489,dynamic,-2.6585,0.0699,3.1993,32.92,2.000,-0.3945,-1.8904,1.9311,0.5029,1.8645,0.000,1,SEARCH,0.0000,0.0000,0.0000,-0.0000
320589,dynamic,-2.6583,0.0701,3.1993,32.92,2.000,-0.3945,-1.8904,1.9311,0.5029,1.8645,0.000,1,SEARCH,0.0000,0.0000,0.0000,-0.0000
320698,dynamic,-2.6583,0.0703,3.1993,32.92,2.000,-0.3945,-1.8904,1.9311,0.5029,1.8645,0.000,1,SEARCH,0.0000,0.0000,0.0000,-0.0000
320791,dynamic,-2.6578,0.0704,3.1993,26.43,2.000,-0.2842,-1.5718,1.5973,0.3744,1.5528,0.000,1,SEARCH,0.0000,0.0000,0.0000,-0.0000
320889,dynamic,-2.6573,0.0704,3.1993,26.43,2.000,-0.2842,-1.5718,1.5973,0.3744,1.5528,0.000,1,SEARCH,0.0000,0.0000,0.0000,-0.0000
320989,dynamic,-2.6569,0.0705,3.1993,26.43,2.000,-0.2842,-1.5718,1.5973,0.3744,1.5528,0.000,1,SEARCH,0.0000,0.0000,0.0000,-0.0000
321089,dynamic,-2.6565,0.0706,3.1993,26.43,2.000,-0.2842,-1.5718,1.5973,0.3744,1.5528,0.000,1,SEARCH,0.0000,0.0000,0.0000,-0.0000
321189,dynamic,-2.6571,0.0709,3.1993,26.43,2.000,-0.2842,-1.5718,1.5973,0.3744,1.5528,0.000,1,SEARCH,0.0000,0.0000,0.0000,-0.0000
321292,dynamic,-2.6579,0.0712,3.1993,26.43,2.000,-0.2842,-1.5718,1.5973,0.3744,1.5528,0.000,1,SEARCH,0.0000,0.0000,0.0000,-0.0000
321389,dynamic,-2.6585,0.0711,3.1993,33.37,2.000,-0.3946,-1.8935,1.9342,0.5033,1.8676,0.000,1,SEARCH,0.0000,0.0000,0.0000,-0.0000
321489,dynamic,-2.6588,0.0710,3.1994,33.37,2.000,-0.3946,-1.8935,1.9342,0.5033,1.8676,0.000,1,SEARCH,0.0000,0.0000,0.0000,-0.0000
321589,dynamic,-2.6587,0.0708,3.1993,33.37,2.000,-0.3946,-1.8935,1.9342,0.5032,1.8676,0.000,1,SEARCH,0.0000,0.0000,0.0000,-0.0000
321689,dynamic,-2.6585,0.0706,3.1993,33.37,2.000,-0.3946,-1.8935,1.9342,0.5032,1.8676,0.000,1,SEARCH,0.0000,0.0000,0.0000,-0.0000
321789,dynamic,-2.6586,0.0705,3.1993,33.37,2.000,-0.3946,-1.8935,1.9342,0.5031,1.8676,0.000,1,SEARCH,0.0000,0.0000,0.0000,-0.0000
321889,dynamic,-2.6587,0.0703,3.1993,33.37,2.000,-0.3946,-1.8935,1.9342,0.5031,1.8676,0.000,1,SEARCH,0.0000,0.0000,0.0000,-0.0000
321990,dynamic,-2.6591,0.0706,3.1993,26.07,2.000,-0.2818,-1.5694,1.5945,0.3718,1.5506,0.000,1,SEARCH,0.0000,0.0000,0.0000,-0.0000
322089,dynamic,-2.6594,0.0709,3.1993,26.07,2.000,-0.2818,-1.5694,1.5945,0.3718,1.5506,0.000,1,SEARCH,0.0000,0.0000,0.0000,-0.0000
322189,dynamic,-2.6595,0.0717,3.1992,26.07,2.000,-0.2818,-1.5694,1.5945,0.3717,1.5506,0.000,1,SEARCH,0.0000,0.0000,0.0000,-0.0000
322289,dynamic,-2.6594,0.0726,3.1992,26.07,2.000,-0.2818,-1.5694,1.5945,0.3717,1.5506,0.000,1,SEARCH,0.0000,0.0000,0.0000,-0.0000
322395,dynamic,-2.6595,0.0731,3.1993,26.07,2.000,-0.2818,-1.5694,1.5945,0.3717,1.5506,0.000,1,SEARCH,0.0000,0.0000,0.0000,-0.0000
322489,dynamic,-2.6597,0.0733,3.1993,33.39,2.000,-0.3963,-1.8933,1.9344,0.5048,1.8673,0.000,1,SEARCH,0.0000,0.0000,0.0000,-0.0000
322589,dynamic,-2.6598,0.0735,3.1993,33.39,2.000,-0.3963,-1.8933,1.9344,0.5048,1.8673,0.000,1,SEARCH,0.0000,0.0000,0.0000,-0.0000
322689,dynamic,-2.6600,0.0738,3.1993,33.39,2.000,-0.3963,-1.8933,1.9344,0.5048,1.8673,0.000,1,SEARCH,0.0000,0.0000,0.0000,-0.0000
322789,dynamic,-2.6598,0.0741,3.1993,33.39,2.000,-0.3963,-1.8933,1.9344,0.5048,1.8673,0.000,1,SEARCH,0.0000,0.0000,0.0000,-0.0000
322889,dynamic,-2.6596,0.0744,3.1993,33.39,2.000,-0.3963,-1.8933,1.9344,0.5049,1.8673,0.000,1,SEARCH,0.0000,0.0000,0.0000,-0.0000
322993,dynamic,-2.6604,0.0746,3.1993,33.39,2.000,-0.3963,-1.8933,1.9344,0.5048,1.8673,0.000,1,SEARCH,0.0000,0.0000,0.0000,-0.0000
323089,dynamic,-2.6614,0.0750,3.1993,33.37,2.000,-0.3940,-1.8901,1.9308,0.5023,1.8643,0.000,1,SEARCH,0.0000,0.0000,0.0000,-0.0000
323189,dynamic,-2.6614,0.0747,3.1993,33.37,2.000,-0.3940,-1.8901,1.9308,0.5023,1.8643,0.000,1,SEARCH,0.0000,0.0000,0.0000,-0.0000
323289,dynamic,-2.6612,0.0745,3.1992,33.37,2.000,-0.3940,-1.8901,1.9308,0.5023,1.8643,0.000,1,SEARCH,0.0000,0.0000,0.0000,-0.0000
323389,dynamic,-2.6609,0.0742,3.1992,33.37,2.000,-0.3940,-1.8901,1.9308,0.5022,1.8643,0.000,1,SEARCH,0.0000,0.0000,0.0000,-0.0000
323492,dynamic,-2.6607,0.0740,3.1992,33.37,2.000,-0.3940,-1.8901,1.9308,0.5022,1.8643,0.000,1,SEARCH,0.0000,0.0000,0.0000,-0.0000
323590,dynamic,-2.6603,0.0739,3.1992,33.37,2.000,-0.3940,-1.8901,1.9308,0.5021,1.8643,0.000,1,SEARCH,0.0000,0.0000,0.0000,-0.0000
323689,dynamic,-2.6600,0.0740,3.1992,26.07,2.000,-0.2807,-1.5631,1.5881,0.3702,1.5443,0.000,1,SEARCH,0.0000,0.0000,0.0000,-0.0000
323789,dynamic,-2.6598,0.0739,3.1991,26.07,2.000,-0.2807,-1.5631,1.5881,0.3701,1.5443,0.000,1,SEARCH,0.0000,0.0000,0.0000,-0.0000
323890,dynamic,-2.6595,0.0739,3.1991,26.07,2.000,-0.2807,-1.5631,1.5881,0.3702,1.5443,0.000,1,SEARCH,0.0000,0.0000,0.0000,-0.0000
323989,dynamic,-2.6589,0.0741,3.1991,26.07,2.000,-0.2807,-1.5631,1.5881,0.3701,1.5443,0.000,1,SEARCH,0.0000,0.0000,0.0000,-0.0000
324097,dynamic,-2.6582,0.0743,3.1991,26.07,2.000,-0.2807,-1.5631,1.5881,0.3701,1.5443,0.000,1,SEARCH,0.0000,0.0000,0.0000,-0.0000
324189,dynamic,-2.6587,0.0744,3.1991,33.13,2.000,-0.3906,-1.8791,1.9192,0.4980,1.8535,0.000,1,SEARCH,0.0000,0.0000,0.0000,-0.0000
324290,dynamic,-2.6594,0.0746,3.1991,33.13,2.000,-0.3906,-1.8791,1.9192,0.4980,1.8535,0.000,1,SEARCH,0.0000,0.0000,0.0000,-0.0000
324389,dynamic,-2.6596,0.0744,3.1991,33.13,2.000,-0.3906,-1.8791,1.9192,0.4981,1.8535,0.000,1,SEARCH,0.0000,0.0000,0.0000,-0.0000
324489,dynamic,-2.6594,0.0740,3.1991,33.13,2.000,-0.3906,-1.8791,1.9192,0.4980,1.8535,0.000,1,SEARCH,0.0000,0.0000,0.0000,-0.0000
324590,dynamic,-2.6594,0.0736,3.1991,33.13,2.000,-0.3906,-1.8791,1.9192,0.4981,1.8535,0.000,1,SEARCH,0.0000,0.0000,0.0000,-0.0000
324693,dynamic,-2.6594,0.0731,3.1992,33.13,2.000,-0.3906,-1.8791,1.9192,0.4981,1.8535,0.000,1,SEARCH,0.0000,0.0000,0.0000,-0.0000
324789,dynamic,-2.6599,0.0729,3.1991,33.12,2.000,-0.3895,-1.8736,1.9136,0.4966,1.8481,0.000,1,SEARCH,0.0000,0.0000,0.0000,-0.0000
324889,dynamic,-2.6604,0.0727,3.1991,33.12,2.000,-0.3895,-1.8736,1.9136,0.4966,1.8481,0.000,1,SEARCH,0.0000,0.0000,0.0000,-0.0000
324989,dynamic,-2.6600,0.0723,3.1991,33.12,2.000,-0.3895,-1.8736,1.9136,0.4966,1.8481,0.000,1,SEARCH,0.0000,0.0000,0.0000,-0.0000
325089,dynamic,-2.6596,0.0720,3.1991,33.12,2.000,-0.3895,-1.8736,1.9136,0.4965,1.8481,0.000,1,SEARCH,0.0000,0.0000,0.0000,-0.0000
325201,dynamic,-2.6588,0.0719,3.1991,33.12,2.000,-0.3895,-1.8736,1.9136,0.4966,1.8481,0.000,1,SEARCH,0.0000,0.0000,0.0000,-0.0000
325289,dynamic,-2.6580,0.0721,3.1991,33.12,2.000,-0.3872,-1.8639,1.9037,0.4938,1.8385,0.000,1,SEARCH,0.0000,0.0000,0.0000,-0.0000
325389,dynamic,-2.6577,0.0722,3.1991,33.12,2.000,-0.3872,-1.8639,1.9037,0.4938,1.8385,0.000,1,SEARCH,0.0000,0.0000,0.0000,-0.0000
325491,dynamic,-2.6577,0.0724,3.1992,33.12,2.000,-0.3872,-1.8639,1.9037,0.4938,1.8385,0.000,1,SEARCH,0.0000,0.0000,0.0000,-0.0000
325590,dynamic,-2.6581,0.0728,3.1992,33.12,2.000,-0.3872,-1.8639,1.9037,0.4939,1.8385,0.000,1,SEARCH,0.0000,0.0000,0.0000,-0.0000
325692,dynamic,-2.6583,0.0732,3.1993,33.12,2.000,-0.3872,-1.8639,1.9037,0.4940,1.8385,0.000,1,SEARCH,0.0000,0.0000,0.0000,-0.0000
325793,dynamic,-2.6578,0.0731,3.1993,33.12,2.000,-0.3872,-1.8639,1.9037,0.4940,1.8384,0.000,1,SEARCH,0.0000,0.0000,0.0000,-0.0000
325890,dynamic,-2.6570,0.0730,3.1993,33.12,2.000,-0.3869,-1.8629,1.9026,0.4937,1.8375,0.000,1,SEARCH,0.0000,0.0000,0.0000,-0.0000
325989,dynamic,-2.6566,0.0730,3.1993,33.12,2.000,-0.3869,-1.8629,1.9026,0.4937,1.8375,0.000,1,SEARCH,0.0000,0.0000,0.0000,-0.0000
326091,dynamic,-2.6563,0.0731,3.1993,33.12,2.000,-0.3869,-1.8629,1.9026,0.4937,1.8375,0.000,1,SEARCH,0.0000,0.0000,0.0000,-0.0000
326190,dynamic,-2.6559,0.0731,3.1993,33.12,2.000,-0.3869,-1.8629,1.9026,0.4937,1.8375,0.000,1,SEARCH,0.0000,0.0000,0.0000,-0.0000
326295,dynamic,-2.6555,0.0730,3.1993,33.12,2.000,-0.3869,-1.8629,1.9026,0.4937,1.8375,0.000,1,SEARCH,0.0000,0.0000,0.0000,-0.0000
326391,dynamic,-2.6555,0.0732,3.1993,32.92,2.000,-0.3864,-1.8633,1.9029,0.4932,1.8379,0.000,1,SEARCH,0.0000,0.0000,0.0000,-0.0000
326491,dynamic,-2.6555,0.0733,3.1993,32.92,2.000,-0.3864,-1.8633,1.9029,0.4932,1.8379,0.000,1,SEARCH,0.0000,0.0000,0.0000,-0.0000
326589,dynamic,-2.6558,0.0731,3.1993,32.92,2.000,-0.3864,-1.8633,1.9029,0.4931,1.8379,0.000,1,SEARCH,0.0000,0.0000,0.0000,-0.0000
326690,dynamic,-2.6561,0.0728,3.1992,32.92,2.000,-0.3864,-1.8633,1.9029,0.4931,1.8379,0.000,1,SEARCH,0.0000,0.0000,0.0000,-0.0000
326791,dynamic,-2.6559,0.0726,3.1992,32.92,2.000,-0.3864,-1.8633,1.9029,0.4931,1.8379,0.000,1,SEARCH,0.0000,0.0000,0.0000,-0.0000
326892,dynamic,-2.6556,0.0724,3.1992,25.78,2.000,-0.2774,-1.5475,1.5721,0.3661,1.5289,0.000,1,SEARCH,0.0000,0.0000,0.0000,-0.0000
326989,dynamic,-2.6558,0.0721,3.1992,25.78,2.000,-0.2774,-1.5475,1.5721,0.3662,1.5289,0.000,1,SEARCH,0.0000,0.0000,0.0000,-0.0000
327091,dynamic,-2.6561,0.0718,3.1993,25.78,2.000,-0.2774,-1.5475,1.5721,0.3662,1.5289,0.000,1,SEARCH,0.0000,0.0000,0.0000,-0.0000
327189,dynamic,-2.6563,0.0720,3.1993,25.78,2.000,-0.2774,-1.5475,1.5721,0.3661,1.5289,0.000,1,SEARCH,0.0000,0.0000,0.0000,-0.0000
327290,dynamic,-2.6565,0.0724,3.1993,25.78,2.000,-0.2774,-1.5475,1.5721,0.3661,1.5289,0.000,1,SEARCH,0.0000,0.0000,0.0000,-0.0000
327398,dynamic,-2.6568,0.0726,3.1992,25.78,2.000,-0.2774,-1.5475,1.5721,0.3662,1.5289,0.000,1,SEARCH,0.0000,0.0000,0.0000,-0.0000
327490,dynamic,-2.6570,0.0726,3.1992,25.78,2.000,-0.2772,-1.5461,1.5707,0.3658,1.5275,0.000,1,SEARCH,0.0000,0.0000,0.0000,-0.0000
327589,dynamic,-2.6567,0.0723,3.1992,25.78,2.000,-0.2772,-1.5461,1.5707,0.3657,1.5275,0.000,1,SEARCH,0.0000,0.0000,0.0000,-0.0000
327690,dynamic,-2.6564,0.0719,3.1992,25.78,2.000,-0.2772,-1.5461,1.5707,0.3657,1.5275,0.000,1,SEARCH,0.0000,0.0000,0.0000,-0.0000
327790,dynamic,-2.6560,0.0716,3.1993,25.78,2.000,-0.2772,-1.5461,1.5707,0.3658,1.5275,0.000,1,SEARCH,0.0000,0.0000,0.0000,-0.0000
327891,dynamic,-2.6557,0.0715,3.1993,25.78,2.000,-0.2772,-1.5461,1.5707,0.3658,1.5275,0.000,1,SEARCH,0.0000,0.0000,0.0000,-0.0000
327992,dynamic,-2.6552,0.0712,3.1993,25.78,2.000,-0.2772,-1.5461,1.5707,0.3658,1.5275,0.000,1,SEARCH,0.0000,0.0000,0.0000,-0.0000
328090,dynamic,-2.6547,0.0709,3.1992,32.92,2.000,-0.3855,-1.8582,1.8978,0.4920,1.8329,0.000,1,SEARCH,0.0000,0.0000,0.0000,-0.0000
328192,dynamic,-2.6541,0.0706,3.1992,32.92,2.000,-0.3855,-1.8582,1.8978,0.4920,1.8329,0.000,1,SEARCH,0.0000,0.0000,0.0000,-0.0000
328291,dynamic,-2.6535,0.0704,3.1993,32.92,2.000,-0.3855,-1.8582,1.8978,0.4920,1.8329,0.000,1,SEARCH,0.0000,0.0000,0.0000,-0.0000
328391,dynamic,-2.6543,0.0708,3.1993,32.92,2.000,-0.3855,-1.8582,1.8978,0.4920,1.8329,0.000,1,SEARCH,0.0000,0.0000,0.0000,-0.0000
328494,dynamic,-2.6554,0.0714,3.1993,32.92,2.000,-0.3855,-1.8582,1.8978,0.4921,1.8329,0.000,1,SEARCH,0.0000,0.0000,0.0000,-0.0000
328592,dynamic,-2.6551,0.0715,3.1993,32.92,2.000,-0.3843,-1.8531,1.8925,0.4906,1.8278,0.000,1,SEARCH,0.0000,0.0000,0.0000,-0.0000
328690,dynamic,-2.6546,0.0715,3.1994,32.92,2.000,-0.3843,-1.8531,1.8925,0.4907,1.8278,0.000,1,SEARCH,0.0000,0.0000,0.0000,-0.0000
328790,dynamic,-2.6547,0.0714,3.1994,32.92,2.000,-0.3843,-1.8531,1.8925,0.4907,1.8278,0.000,1,SEARCH,0.0000,0.0000,0.0000,-0.0000
328890,dynamic,-2.6547,0.0713,3.1994,32.92,2.000,-0.3843,-1.8531,1.8925,0.4907,1.8278,0.000,1,SEARCH,0.0000,0.0000,0.0000,-0.0000
328992,dynamic,-2.6543,0.0712,3.1994,32.92,2.000,-0.3843,-1.8531,1.8925,0.4907,1.8278,0.000,1,SEARCH,0.0000,0.0000,0.0000,-0.0000
329093,dynamic,-2.6538,0.0712,3.1994,32.92,2.000,-0.3843,-1.8531,1.8925,0.4907,1.8278,0.000,1,SEARCH,0.0000,0.0000,0.0000,-0.0000
329190,dynamic,-2.6536,0.0715,3.1993,26.06,2.000,-0.2741,-1.5287,1.5531,0.3619,1.5103,0.000,1,SEARCH,0.0000,0.0000,0.0000,-0.0000
329293,dynamic,-2.6534,0.0719,3.1993,26.06,2.000,-0.2741,-1.5287,1.5531,0.3618,1.5103,0.000,1,SEARCH,0.0000,0.0000,0.0000,-0.0000
329392,dynamic,-2.6539,0.0721,3.1993,26.06,2.000,-0.2741,-1.5287,1.5531,0.3618,1.5103,0.000,1,SEARCH,0.0000,0.0000,0.0000,-0.0000
329490,dynamic,-2.6546,0.0722,3.1993,26.06,2.000,-0.2741,-1.5287,1.5531,0.3618,1.5104,0.000,1,SEARCH,0.0000,0.0000,0.0000,-0.0000
329604,dynamic,-2.6550,0.0720,3.1993,26.06,2.000,-0.2741,-1.5287,1.5531,0.3618,1.5103,0.000,1,SEARCH,0.0000,0.0000,0.0000,-0.0000
329690,dynamic,-2.6551,0.0717,3.1993,33.12,2.000,-0.3797,-1.8297,1.8687,0.4847,1.8048,0.000,1,SEARCH,0.0000,0.0000,0.0000,-0.0000
329790,dynamic,-2.6556,0.0713,3.1993,33.12,2.000,-0.3797,-1.8297,1.8687,0.4847,1.8048,0.000,1,SEARCH,0.0000,0.0000,0.0000,-0.0000
329890,dynamic,-2.6561,0.0709,3.1993,33.12,2.000,-0.3797,-1.8297,1.8687,0.4847,1.8048,0.000,1,SEARCH,0.0000,0.0000,0.0000,-0.0000
329991,dynamic,-2.6567,0.0708,3.1993,33.12,2.000,-0.3797,-1.8297,1.8687,0.4847,1.8048,0.000,1,SEARCH,0.0000,0.0000,0.0000,-0.0000
330091,dynamic,-2.6572,0.0709,3.1993,33.12,2.000,-0.3797,-1.8297,1.8687,0.4846,1.8048,0.000,1,SEARCH,0.0000,0.0000,0.0000,-0.0000
330199,dynamic,-2.6576,0.0708,3.1993,33.12,2.000,-0.3797,-1.8297,1.8687,0.4847,1.8048,0.000,1,SEARCH,0.0000,0.0000,0.0000,-0.0000
330294,dynamic,-2.6579,0.0705,3.1993,32.92,2.000,-0.3781,-1.8242,1.8630,0.4828,1.7994,0.000,1,SEARCH,0.0000,0.0000,0.0000,-0.0000
330392,dynamic,-2.6586,0.0706,3.1993,32.92,2.000,-0.3781,-1.8242,1.8630,0.4828,1.7994,0.000,1,SEARCH,0.0000,0.0000,0.0000,-0.0000
330491,dynamic,-2.6591,0.0707,3.1993,32.92,2.000,-0.3781,-1.8242,1.8630,0.4828,1.7994,0.000,1,SEARCH,0.0000,0.0000,0.0000,-0.0000
330589,dynamic,-2.6597,0.0706,3.1994,32.92,2.000,-0.3781,-1.8242,1.8630,0.4828,1.7994,0.000,1,SEARCH,0.0000,0.0000,0.0000,-0.0000
330689,dynamic,-2.6601,0.0705,3.1994,32.92,2.000,-0.3781,-1.8242,1.8630,0.4828,1.7994,0.000,1,SEARCH,0.0000,0.0000,0.0000,-0.0000
330791,dynamic,-2.6605,0.0705,3.1994,32.92,2.000,-0.3781,-1.8242,1.8630,0.4828,1.7994,0.000,1,SEARCH,0.0000,0.0000,0.0000,-0.0000
330891,dynamic,-2.6608,0.0705,3.1994,32.92,2.000,-0.3774,-1.8206,1.8593,0.4819,1.7957,0.000,1,SEARCH,0.0000,0.0000,0.0000,-0.0000
330991,dynamic,-2.6616,0.0705,3.1994,32.92,2.000,-0.3774,-1.8206,1.8593,0.4819,1.7957,0.000,1,SEARCH,0.0000,0.0000,0.0000,-0.0000
331089,dynamic,-2.6624,0.0706,3.1994,32.92,2.000,-0.3774,-1.8206,1.8593,0.4819,1.7957,0.000,1,SEARCH,0.0000,0.0000,0.0000,-0.0000
331189,dynamic,-2.6636,0.0705,3.1994,32.92,2.000,-0.3774,-1.8206,1.8593,0.4820,1.7957,0.000,1,SEARCH,0.0000,0.0000,0.0000,-0.0000
331299,dynamic,-2.6645,0.0703,3.1994,32.92,2.000,-0.3774,-1.8206,1.8593,0.4819,1.7957,0.000,1,SEARCH,0.0000,0.0000,0.0000,-0.0000
331392,dynamic,-2.6648,0.0701,3.1994,32.92,2.000,-0.3767,-1.8181,1.8567,0.4812,1.7932,0.000,1,SEARCH,0.0000,0.0000,0.0000,-0.0000
331491,dynamic,-2.6644,0.0699,3.1994,32.92,2.000,-0.3767,-1.8181,1.8567,0.4812,1.7933,0.000,1,SEARCH,0.0000,0.0000,0.0000,-0.0000
331589,dynamic,-2.6642,0.0698,3.1994,32.92,2.000,-0.3767,-1.8181,1.8567,0.4812,1.7933,0.000,1,SEARCH,0.0000,0.0000,0.0000,-0.0000
331689,dynamic,-2.6640,0.0698,3.1994,32.92,2.000,-0.3767,-1.8181,1.8567,0.4812,1.7933,0.000,1,SEARCH,0.0000,0.0000,0.0000,-0.0000
331793,dynamic,-2.6635,0.0696,3.1994,32.92,2.000,-0.3767,-1.8181,1.8567,0.4811,1.7933,0.000,1,SEARCH,0.0000,0.0000,0.0000,-0.0000
331892,dynamic,-2.6632,0.0695,3.1994,32.92,2.000,-0.3767,-1.8181,1.8567,0.4812,1.7933,0.000,1,SEARCH,0.0000,0.0000,0.0000,-0.0000
331991,dynamic,-2.6632,0.0696,3.1994,25.78,2.000,-0.2696,-1.5056,1.5296,0.3562,1.4875,0.000,1,SEARCH,0.0000,0.0000,0.0000,-0.0000
332090,dynamic,-2.6633,0.0697,3.1994,25.78,2.000,-0.2696,-1.5056,1.5296,0.3562,1.4875,0.000,1,SEARCH,0.0000,0.0000,0.0000,-0.0000
332189,dynamic,-2.6638,0.0693,3.1994,25.78,2.000,-0.2696,-1.5056,1.5296,0.3562,1.4875,0.000,1,SEARCH,0.0000,0.0000,0.0000,-0.0000
332292,dynamic,-2.6643,0.0688,3.1994,25.78,2.000,-0.2696,-1.5056,1.5296,0.3562,1.4875,0.000,1,SEARCH,0.0000,0.0000,0.0000,-0.0000
332390,dynamic,-2.6639,0.0687,3.1994,25.78,2.000,-0.2696,-1.5056,1.5296,0.3562,1.4875,0.000,1,SEARCH,0.0000,0.0000,0.0000,-0.0000
332494,dynamic,-2.6631,0.0687,3.1994,32.92,2.000,-0.3742,-1.8061,1.8444,0.4780,1.7814,0.000,1,SEARCH,0.0000,0.0000,0.0000,-0.0000
332593,dynamic,-2.6629,0.0686,3.1994,32.92,2.000,-0.3742,-1.8061,1.8444,0.4780,1.7814,0.000,1,SEARCH,0.0000,0.0000,0.0000,-0.0000
332690,dynamic,-2.6629,0.0686,3.1994,32.92,2.000,-0.3742,-1.8061,1.8444,0.4780,1.7814,0.000,1,SEARCH,0.0000,0.0000,0.0000,-0.0000
332792,dynamic,-2.6627,0.0688,3.1994,32.92,2.000,-0.3742,-1.8061,1.8444,0.4780,1.7814,0.000,1,SEARCH,0.0000,0.0000,0.0000,-0.0000
332890,dynamic,-2.6625,0.0690,3.1994,32.92,2.000,-0.3742,-1.8061,1.8444,0.4780,1.7814,0.000,1,SEARCH,0.0000,0.0000,0.0000,-0.0000
332998,dynamic,-2.6622,0.0690,3.1994,32.92,2.000,-0.3742,-1.8061,1.8444,0.4780,1.7814,0.000,1,SEARCH,0.0000,0.0000,0.0000,-0.0000
333091,dynamic,-2.6618,0.0691,3.1994,32.92,2.000,-0.3731,-1.8009,1.8392,0.4766,1.7764,0.000,1,SEARCH,0.0000,0.0000,0.0000,-0.0000
333190,dynamic,-2.6615,0.0689,3.1995,32.92,2.000,-0.3731,-1.8009,1.8392,0.4766,1.7764,0.000,1,SEARCH,0.0000,0.0000,0.0000,-0.0000
333290,dynamic,-2.6612,0.0686,3.1995,32.92,2.000,-0.3731,-1.8009,1.8392,0.4766,1.7763,0.000,1,SEARCH,0.0000,0.0000,0.0000,-0.0000
333392,dynamic,-2.6614,0.0683,3.1995,32.92,2.000,-0.3731,-1.8009,1.8392,0.4766,1.7764,0.000,1,SEARCH,0.0000,0.0000,0.0000,-0.0000
333492,dynamic,-2.6617,0.0681,3.1995,32.92,2.000,-0.3731,-1.8009,1.8392,0.4766,1.7764,0.000,1,SEARCH,0.0000,0.0000,0.0000,-0.0000
333593,dynamic,-2.6616,0.0681,3.1995,32.92,2.000,-0.3731,-1.8009,1.8392,0.4766,1.7764,0.000,1,SEARCH,0.0000,0.0000,0.0000,-0.0000
333692,dynamic,-2.6614,0.0682,3.1995,32.94,2.000,-0.3728,-1.8072,1.8452,0.4767,1.7826,0.000,1,SEARCH,0.0000,0.0000,0.0000,-0.0000
333791,dynamic,-2.6607,0.0681,3.1995,32.94,2.000,-0.3728,-1.8072,1.8452,0.4767,1.7826,0.000,1,SEARCH,0.0000,0.0000,0.0000,-0.0000
333891,dynamic,-2.6597,0.0680,3.1995,32.94,2.000,-0.3728,-1.8072,1.8452,0.4767,1.7826,0.000,1,SEARCH,0.0000,0.0000,0.0000,-0.0000
333993,dynamic,-2.6594,0.0682,3.1995,32.94,2.000,-0.3728,-1.8072,1.8452,0.4767,1.7826,0.000,1,SEARCH,0.0000,0.0000,0.0000,-0.0000
334107,dynamic,-2.6591,0.0683,3.1995,32.94,2.000,-0.3728,-1.8072,1.8452,0.4767,1.7826,0.000,1,SEARCH,0.0000,0.0000,0.0000,-0.0000
334191,dynamic,-2.6590,0.0683,3.1995,32.94,2.000,-0.3728,-1.8072,1.8452,0.4767,1.7826,0.000,1,SEARCH,0.0000,0.0000,0.0000,-0.0000
334291,dynamic,-2.6590,0.0682,3.1995,25.78,2.000,-0.2693,-1.5044,1.5283,0.3558,1.4863,0.000,1,SEARCH,0.0000,0.0000,0.0000,-0.0000
334390,dynamic,-2.6594,0.0682,3.1994,25.78,2.000,-0.2693,-1.5044,1.5283,0.3558,1.4863,0.000,1,SEARCH,0.0000,0.0000,0.0000,-0.0000
334495,dynamic,-2.6600,0.0683,3.1994,25.78,2.000,-0.2693,-1.5044,1.5283,0.3558,1.4863,0.000,1,SEARCH,0.0000,0.0000,0.0000,-0.0000
334495,dynamic,-2.6602,0.0684,3.1994,25.78,2.000,-0.2693,-1.5044,1.5283,0.3558,1.4863,0.000,1,SEARCH,0.0000,0.0000,0.0000,-0.0000
334691,dynamic,-2.6604,0.0687,3.1994,32.94,2.000,-0.3744,-1.8140,1.8522,0.4786,1.7893,0.000,1,SEARCH,0.0000,0.0000,0.0000,-0.0000
334790,dynamic,-2.6598,0.0688,3.1995,32.94,2.000,-0.3744,-1.8140,1.8522,0.4786,1.7893,0.000,1,SEARCH,0.0000,0.0000,0.0000,-0.0000
334890,dynamic,-2.6591,0.0687,3.1995,32.94,2.000,-0.3744,-1.8140,1.8522,0.4786,1.7893,0.000,1,SEARCH,0.0000,0.0000,0.0000,-0.0000
334990,dynamic,-2.6593,0.0685,3.1995,32.94,2.000,-0.3744,-1.8140,1.8522,0.4787,1.7893,0.000,1,SEARCH,0.0000,0.0000,0.0000,-0.0000
335090,dynamic,-2.6596,0.0682,3.1995,32.94,2.000,-0.3744,-1.8140,1.8522,0.4787,1.7893,0.000,1,SEARCH,0.0000,0.0000,0.0000,-0.0000
335199,dynamic,-2.6595,0.0682,3.1994,32.94,2.000,-0.3744,-1.8140,1.8522,0.4786,1.7893,0.000,1,SEARCH,0.0000,0.0000,0.0000,-0.0000
335291,dynamic,-2.6593,0.0683,3.1994,25.81,2.000,-0.2679,-1.5021,1.5258,0.3543,1.4841,0.000,1,SEARCH,0.0000,0.0000,0.0000,-0.0000
335390,dynamic,-2.6597,0.0683,3.1994,25.81,2.000,-0.2679,-1.5021,1.5258,0.3543,1.4841,0.000,1,SEARCH,0.0000,0.0000,0.0000,-0.0000
335491,dynamic,-2.6604,0.0683,3.1995,25.81,2.000,-0.2679,-1.5021,1.5258,0.3543,1.4841,0.000,1,SEARCH,0.0000,0.0000,0.0000,-0.0000
335590,dynamic,-2.6604,0.0686,3.1994,25.81,2.000,-0.2679,-1.5021,1.5258,0.3543,1.4841,0.000,1,SEARCH,0.0000,0.0000,0.0000,-0.0000
335694,dynamic,-2.6602,0.0690,3.1994,25.81,2.000,-0.2679,-1.5021,1.5258,0.3543,1.4841,0.000,1,SEARCH,0.0000,0.0000,0.0000,-0.0000
335793,dynamic,-2.6604,0.0692,3.1994,25.81,2.000,-0.2679,-1.5021,1.5258,0.3543,1.4841,0.000,1,SEARCH,0.0000,0.0000,0.0000,-0.0000
335893,dynamic,-2.6608,0.0694,3.1994,32.94,2.000,-0.3724,-1.8042,1.8423,0.4761,1.7797,0.000,1,SEARCH,0.0000,0.0000,0.0000,-0.0000
335994,dynamic,-2.6616,0.0698,3.1994,32.94,2.000,-0.3724,-1.8042,1.8423,0.4761,1.7797,0.000,1,SEARCH,0.0000,0.0000,0.0000,-0.0000
336091,dynamic,-2.6625,0.0702,3.1994,32.94,2.000,-0.3724,-1.8042,1.8423,0.4760,1.7797,0.000,1,SEARCH,0.0000,0.0000,0.0000,-0.0000
336191,dynamic,-2.6632,0.0704,3.1994,32.94,2.000,-0.3724,-1.8042,1.8423,0.4761,1.7797,0.000,1,SEARCH,0.0000,0.0000,0.0000,-0.0000
336306,dynamic,-2.6637,0.0705,3.1994,32.94,2.000,-0.3724,-1.8042,1.8423,0.4761,1.7797,0.000,1,SEARCH,0.0000,0.0000,0.0000,-0.0000
336395,dynamic,-2.6638,0.0704,3.1994,32.94,2.000,-0.3729,-1.8058,1.8439,0.4767,1.7812,0.000,1,SEARCH,0.0000,0.0000,0.0000,-0.0000
336491,dynamic,-2.6637,0.0703,3.1994,32.94,2.000,-0.3729,-1.8058,1.8439,0.4766,1.7813,0.000,1,SEARCH,0.0000,0.0000,0.0000,-0.0000
336593,dynamic,-2.6635,0.0703,3.1994,32.94,2.000,-0.3729,-1.8058,1.8439,0.4766,1.7812,0.000,1,SEARCH,0.0000,0.0000,0.0000,-0.0000
336694,dynamic,-2.6632,0.0703,3.1994,32.94,2.000,-0.3729,-1.8058,1.8439,0.4766,1.7813,0.000,1,SEARCH,0.0000,0.0000,0.0000,-0.0000
336795,dynamic,-2.6633,0.0704,3.1994,32.94,2.000,-0.3729,-1.8058,1.8439,0.4766,1.7813,0.000,1,SEARCH,0.0000,0.0000,0.0000,-0.0000
336897,dynamic,-2.6634,0.0704,3.1994,32.94,2.000,-0.3729,-1.8058,1.8439,0.4766,1.7813,0.000,1,SEARCH,0.0000,0.0000,0.0000,-0.0000
336992,dynamic,-2.6633,0.0705,3.1994,25.80,2.000,-0.2674,-1.4989,1.5226,0.3536,1.4810,0.000,1,SEARCH,0.0000,0.0000,0.0000,-0.0000
337092,dynamic,-2.6630,0.0706,3.1994,25.80,2.000,-0.2674,-1.4989,1.5226,0.3536,1.4810,0.000,1,SEARCH,0.0000,0.0000,0.0000,-0.0000
337193,dynamic,-2.6625,0.0708,3.1994,25.80,2.000,-0.2674,-1.4989,1.5226,0.3536,1.4810,0.000,1,SEARCH,0.0000,0.0000,0.0000,-0.0000
337294,dynamic,-2.6619,0.0709,3.1995,25.80,2.000,-0.2674,-1.4989,1.5226,0.3536,1.4810,0.000,1,SEARCH,0.0000,0.0000,0.0000,-0.0000
337392,dynamic,-2.6622,0.0709,3.1994,25.80,2.000,-0.2674,-1.4989,1.5226,0.3537,1.4810,0.000,1,SEARCH,0.0000,0.0000,0.0000,-0.0000
337503,dynamic,-2.6627,0.0709,3.1995,25.80,2.000,-0.2674,-1.4989,1.5226,0.3537,1.4810,0.000,1,SEARCH,0.0000,0.0000,0.0000,-0.0000
337592,dynamic,-2.6628,0.0708,3.1995,32.94,2.000,-0.3727,-1.8051,1.8432,0.4764,1.7806,0.000,1,SEARCH,0.0000,0.0000,0.0000,-0.0000
337697,dynamic,-2.6628,0.0707,3.1995,32.94,2.000,-0.3727,-1.8051,1.8432,0.4765,1.7806,0.000,1,SEARCH,0.0000,0.0000,0.0000,-0.0000
337793,dynamic,-2.6624,0.0709,3.1995,32.94,2.000,-0.3727,-1.8051,1.8432,0.4764,1.7806,0.000,1,SEARCH,0.0000,0.0000,0.0000,-0.0000
337893,dynamic,-2.6620,0.0711,3.1995,32.94,2.000,-0.3727,-1.8051,1.8432,0.4765,1.7806,0.000,1,SEARCH,0.0000,0.0000,0.0000,-0.0000
337991,dynamic,-2.6613,0.0710,3.1995,32.94,2.000,-0.3727,-1.8051,1.8432,0.4765,1.7806,0.000,1,SEARCH,0.0000,0.0000,0.0000,-0.0000
338092,dynamic,-2.6607,0.0709,3.1995,32.94,2.000,-0.3727,-1.8051,1.8432,0.4765,1.7806,0.000,1,SEARCH,0.0000,0.0000,0.0000,-0.0000
338193,dynamic,-2.6597,0.0711,3.1995,32.94,2.000,-0.3732,-1.8079,1.8461,0.4772,1.7833,0.000,1,SEARCH,0.0000,0.0000,0.0000,-0.0000
338292,dynamic,-2.6588,0.0714,3.1995,32.94,2.000,-0.3732,-1.8079,1.8461,0.4772,1.7833,0.000,1,SEARCH,0.0000,0.0000,0.0000,-0.0000
338393,dynamic,-2.6582,0.0716,3.1995,32.94,2.000,-0.3732,-1.8079,1.8461,0.4773,1.7833,0.000,1,SEARCH,0.0000,0.0000,0.0000,-0.0000
338492,dynamic,-2.6579,0.0719,3.1995,32.94,2.000,-0.3732,-1.8079,1.8461,0.4773,1.7833,0.000,1,SEARCH,0.0000,0.0000,0.0000,-0.0000
338593,dynamic,-2.6580,0.0720,3.1995,32.94,2.000,-0.3732,-1.8079,1.8461,0.4773,1.7833,0.000,1,SEARCH,0.0000,0.0000,0.0000,-0.0000
338698,dynamic,-2.6581,0.0722,3.1995,32.94,2.000,-0.3732,-1.8079,1.8461,0.4773,1.7833,0.000,1,SEARCH,0.0000,0.0000,0.0000,-0.0000
338794,dynamic,-2.6576,0.0725,3.1996,25.80,2.000,-0.2674,-1.4999,1.5236,0.3538,1.4819,0.000,1,SEARCH,0.0000,0.0000,0.0000,-0.0000
338894,dynamic,-2.6570,0.0728,3.1996,25.80,2.000,-0.2674,-1.4999,1.5236,0.3539,1.4819,0.000,1,SEARCH,0.0000,0.0000,0.0000,-0.0000
338994,dynamic,-2.6571,0.0733,3.1996,25.80,2.000,-0.2674,-1.4999,1.5236,0.3539,1.4819,0.000,1,SEARCH,0.0000,0.0000,0.0000,-0.0000
339091,dynamic,-2.6575,0.0738,3.1996,25.80,2.000,-0.2674,-1.4999,1.5236,0.3539,1.4819,0.000,1,SEARCH,0.0000,0.0000,0.0000,-0.0000
339193,dynamic,-2.6575,0.0739,3.1996,25.80,2.000,-0.2674,-1.4999,1.5236,0.3539,1.4819,0.000,1,SEARCH,0.0000,0.0000,0.0000,-0.0000
339300,dynamic,-2.6574,0.0738,3.1996,25.80,2.000,-0.2674,-1.4999,1.5236,0.3539,1.4819,0.000,1,SEARCH,0.0000,0.0000,0.0000,-0.0000
339394,dynamic,-2.6578,0.0734,3.1996,32.93,2.000,-0.3731,-1.8088,1.8469,0.4774,1.7841,0.000,1,SEARCH,0.0000,0.0000,0.0000,-0.0000
339493,dynamic,-2.6583,0.0730,3.1996,32.93,2.000,-0.3731,-1.8088,1.8469,0.4773,1.7841,0.000,1,SEARCH,0.0000,0.0000,0.0000,-0.0000
339591,dynamic,-2.6581,0.0728,3.1996,32.93,2.000,-0.3731,-1.8088,1.8469,0.4773,1.7841,0.000,1,SEARCH,0.0000,0.0000,0.0000,-0.0000
339693,dynamic,-2.6578,0.0728,3.1996,32.93,2.000,-0.3731,-1.8088,1.8469,0.4774,1.7841,0.000,1,SEARCH,0.0000,0.0000,0.0000,-0.0000
339792,dynamic,-2.6576,0.0723,3.1996,32.93,2.000,-0.3731,-1.8088,1.8469,0.4773,1.7841,0.000,1,SEARCH,0.0000,0.0000,0.0000,-0.0000
339893,dynamic,-2.6575,0.0720,3.1996,32.93,2.000,-0.3731,-1.8088,1.8469,0.4773,1.7841,0.000,1,SEARCH,0.0000,0.0000,0.0000,-0.0000
340008,dynamic,-2.6574,0.0719,3.1996,32.93,2.000,-0.3731,-1.8088,1.8469,0.4773,1.7842,0.000,1,SEARCH,0.0000,0.0000,0.0000,-0.0000
340092,dynamic,-2.6573,0.0720,3.1996,32.93,2.000,-0.3733,-1.8108,1.8489,0.4776,1.7862,0.000,1,SEARCH,0.0000,0.0000,0.0000,-0.0000
340195,dynamic,-2.6579,0.0722,3.1996,32.93,2.000,-0.3733,-1.8108,1.8489,0.4776,1.7862,0.000,1,SEARCH,0.0000,0.0000,0.0000,-0.0000
340292,dynamic,-2.6586,0.0724,3.1996,32.93,2.000,-0.3733,-1.8108,1.8489,0.4776,1.7862,0.000,1,SEARCH,0.0000,0.0000,0.0000,-0.0000
340391,dynamic,-2.6584,0.0720,3.1996,32.93,2.000,-0.3733,-1.8108,1.8489,0.4776,1.7862,0.000,1,SEARCH,0.0000,0.0000,0.0000,-0.0000
340494,dynamic,-2.6579,0.0715,3.1996,32.93,2.000,-0.3733,-1.8108,1.8489,0.4776,1.7862,0.000,1,SEARCH,0.0000,0.0000,0.0000,-0.0000
340599,dynamic,-2.6581,0.0713,3.1995,32.93,2.000,-0.3733,-1.8108,1.8489,0.4775,1.7862,0.000,1,SEARCH,0.0000,0.0000,0.0000,-0.0000
340695,dynamic,-2.6584,0.0712,3.1995,32.93,2.000,-0.3738,-1.8133,1.8514,0.4781,1.7886,0.000,1,SEARCH,0.0000,0.0000,0.0000,-0.0000
340794,dynamic,-2.6589,0.0710,3.1995,32.93,2.000,-0.3738,-1.8133,1.8514,0.4781,1.7886,0.000,1,SEARCH,0.0000,0.0000,0.0000,-0.0000
340897,dynamic,-2.6594,0.0709,3.1995,32.93,2.000,-0.3738,-1.8133,1.8514,0.4781,1.7886,0.000,1,SEARCH,0.0000,0.0000,0.0000,-0.0000
340995,dynamic,-2.6600,0.0707,3.1995,32.93,2.000,-0.3738,-1.8133,1.8514,0.4780,1.7886,0.000,1,SEARCH,0.0000,0.0000,0.0000,-0.0000
341093,dynamic,-2.6605,0.0704,3.1995,32.93,2.000,-0.3738,-1.8133,1.8514,0.4781,1.7886,0.000,1,SEARCH,0.0000,0.0000,0.0000,-0.0000
341201,dynamic,-2.6604,0.0704,3.1995,32.93,2.000,-0.3738,-1.8133,1.8514,0.4781,1.7886,0.000,1,SEARCH,0.0000,0.0000,0.0000,-0.0000
341293,dynamic,-2.6601,0.0704,3.1995,32.93,2.000,-0.3735,-1.8112,1.8493,0.4777,1.7866,0.000,1,SEARCH,0.0000,0.0000,0.0000,-0.0000
341393,dynamic,-2.6603,0.0702,3.1995,32.93,2.000,-0.3735,-1.8112,1.8493,0.4776,1.7866,0.000,1,SEARCH,0.0000,0.0000,0.0000,-0.0000
341492,dynamic,-2.6609,0.0700,3.1995,32.93,2.000,-0.3735,-1.8112,1.8493,0.4776,1.7866,0.000,1,SEARCH,0.0000,0.0000,0.0000,-0.0000
341595,dynamic,-2.6606,0.0698,3.1995,32.93,2.000,-0.3735,-1.8112,1.8493,0.4776,1.7866,0.000,1,SEARCH,0.0000,0.0000,0.0000,-0.0000
341696,dynamic,-2.6600,0.0696,3.1995,32.93,2.000,-0.3735,-1.8112,1.8493,0.4776,1.7866,0.000,1,SEARCH,0.0000,0.0000,0.0000,-0.0000
341794,dynamic,-2.6596,0.0694,3.1995,32.93,2.000,-0.3735,-1.8112,1.8493,0.4776,1.7866,0.000,1,SEARCH,0.0000,0.0000,0.0000,-0.0000
341895,dynamic,-2.6594,0.0691,3.1995,25.80,2.000,-0.2679,-1.5030,1.5267,0.3544,1.4850,0.000,1,SEARCH,0.0000,0.0000,0.0000,-0.0000
341994,dynamic,-2.6600,0.0687,3.1994,25.80,2.000,-0.2679,-1.5030,1.5267,0.3543,1.4850,0.000,1,SEARCH,0.0000,0.0000,0.0000,-0.0000
342092,dynamic,-2.6606,0.0683,3.1994,25.80,2.000,-0.2679,-1.5030,1.5267,0.3543,1.4851,0.000,1,SEARCH,0.0000,0.0000,0.0000,-0.0000
342192,dynamic,-2.6607,0.0682,3.1994,25.80,2.000,-0.2679,-1.5030,1.5267,0.3543,1.4851,0.000,1,SEARCH,0.0000,0.0000,0.0000,-0.0000
342192,dynamic,-2.6606,0.0681,3.1994,25.80,2.000,-0.2679,-1.5030,1.5267,0.3543,1.4851,0.000,1,SEARCH,0.0000,0.0000,0.0000,-0.0000
342393,dynamic,-2.6603,0.0681,3.1994,25.80,2.000,-0.2679,-1.5030,1.5267,0.3543,1.4851,0.000,1,SEARCH,0.0000,0.0000,0.0000,-0.0000
342493,dynamic,-2.6599,0.0680,3.1994,32.93,2.000,-0.3746,-1.8155,1.8538,0.4789,1.7908,0.000,1,SEARCH,0.0000,0.0000,0.0000,-0.0000
342592,dynamic,-2.6597,0.0684,3.1994,32.93,2.000,-0.3746,-1.8155,1.8538,0.4789,1.7908,0.000,1,SEARCH,0.0000,0.0000,0.0000,-0.0000
342693,dynamic,-2.6596,0.0686,3.1994,32.93,2.000,-0.3746,-1.8155,1.8538,0.4789,1.7908,0.000,1,SEARCH,0.0000,0.0000,0.0000,-0.0000
342793,dynamic,-2.6595,0.0687,3.1994,32.93,2.000,-0.3746,-1.8155,1.8538,0.4789,1.7908,0.000,1,SEARCH,0.0000,0.0000,0.0000,-0.0000
342893,dynamic,-2.6593,0.0687,3.1995,32.93,2.000,-0.3746,-1.8155,1.8538,0.4789,1.7908,0.000,1,SEARCH,0.0000,0.0000,0.0000,-0.0000
342991,dynamic,-2.6587,0.0687,3.1995,32.93,2.000,-0.3769,-1.8269,1.8654,0.4820,1.8021,0.000,1,SEARCH,0.0000,0.0000,0.0000,-0.0000
343089,dynamic,-2.6580,0.0687,3.1995,32.93,2.000,-0.3769,-1.8269,1.8654,0.4819,1.8021,0.000,1,SEARCH,0.0000,0.0000,0.0000,-0.0000
343191,dynamic,-2.6579,0.0685,3.1994,32.93,2.000,-0.3769,-1.8269,1.8654,0.4819,1.8021,0.000,1,SEARCH,0.0000,0.0000,0.0000,-0.0000
343290,dynamic,-2.6578,0.0682,3.1995,32.93,2.000,-0.3769,-1.8269,1.8654,0.4819,1.8021,0.000,1,SEARCH,0.0000,0.0000,0.0000,-0.0000
343395,dynamic,-2.6577,0.0681,3.1994,32.93,2.000,-0.3769,-1.8269,1.8654,0.4819,1.8021,0.000,1,SEARCH,0.0000,0.0000,0.0000,-0.0000
343504,dynamic,-2.6575,0.0681,3.1994,32.93,2.000,-0.3769,-1.8269,1.8654,0.4819,1.8021,0.000,1,SEARCH,0.0000,0.0000,0.0000,-0.0000
343592,dynamic,-2.6570,0.0682,3.1994,25.80,2.000,-0.2720,-1.5256,1.5496,0.3597,1.5073,0.000,1,SEARCH,0.0000,0.0000,0.0000,-0.0000
343695,dynamic,-2.6565,0.0682,3.1994,25.80,2.000,-0.2720,-1.5256,1.5496,0.3597,1.5073,0.000,1,SEARCH,0.0000,0.0000,0.0000,-0.0000
343791,dynamic,-2.6555,0.0681,3.1994,25.80,2.000,-0.2720,-1.5256,1.5496,0.3597,1.5073,0.000,1,SEARCH,0.0000,0.0000,0.0000,-0.0000
343893,dynamic,-2.6545,0.0680,3.1994,25.80,2.000,-0.2720,-1.5256,1.5496,0.3598,1.5073,0.000,1,SEARCH,0.0000,0.0000,0.0000,-0.0000
343991,dynamic,-2.6549,0.0684,3.1995,25.80,2.000,-0.2720,-1.5256,1.5496,0.3598,1.5073,0.000,1,SEARCH,0.0000,0.0000,0.0000,-0.0000
344090,dynamic,-2.6553,0.0688,3.1994,25.80,2.000,-0.2720,-1.5256,1.5496,0.3598,1.5073,0.000,1,SEARCH,0.0000,0.0000,0.0000,-0.0000
344190,dynamic,-2.6550,0.0692,3.1995,32.93,2.000,-0.3816,-1.8495,1.8885,0.4879,1.8244,0.000,1,SEARCH,0.0000,0.0000,0.0000,-0.0000
344290,dynamic,-2.6543,0.0696,3.1994,32.93,2.000,-0.3816,-1.8495,1.8885,0.4879,1.8244,0.000,1,SEARCH,0.0000,0.0000,0.0000,-0.0000
344390,dynamic,-2.6539,0.0697,3.1994,32.93,2.000,-0.3816,-1.8495,1.8885,0.4879,1.8244,0.000,1,SEARCH,0.0000,0.0000,0.0000,-0.0000
344490,dynamic,-2.6535,0.0698,3.1995,32.93,2.000,-0.3816,-1.8495,1.8885,0.4879,1.8244,0.000,1,SEARCH,0.0000,0.0000,0.0000,-0.0000
344592,dynamic,-2.6527,0.0698,3.1994,32.93,2.000,-0.3816,-1.8495,1.8885,0.4879,1.8244,0.000,1,SEARCH,0.0000,0.0000,0.0000,-0.0000
344691,dynamic,-2.6519,0.0697,3.1995,25.80,2.000,-0.2754,-1.5446,1.5690,0.3643,1.5261,0.000,1,SEARCH,0.0000,0.0000,0.0000,-0.0000
344790,dynamic,-2.6514,0.0697,3.1994,25.80,2.000,-0.2754,-1.5446,1.5690,0.3643,1.5261,0.000,1,SEARCH,0.0000,0.0000,0.0000,-0.0000
344890,dynamic,-2.6510,0.0697,3.1994,25.80,2.000,-0.2754,-1.5446,1.5690,0.3643,1.5261,0.000,1,SEARCH,0.0000,0.0000,0.0000,-0.0000
344990,dynamic,-2.6517,0.0697,3.1995,25.80,2.000,-0.2754,-1.5446,1.5690,0.3643,1.5261,0.000,1,SEARCH,0.0000,0.0000,0.0000,-0.0000
345089,dynamic,-2.6525,0.0698,3.1995,25.80,2.000,-0.2754,-1.5446,1.5690,0.3643,1.5261,0.000,1,SEARCH,0.0000,0.0000,0.0000,-0.0000
345196,dynamic,-2.6531,0.0701,3.1995,25.80,2.000,-0.2754,-1.5446,1.5690,0.3643,1.5261,0.000,1,SEARCH,0.0000,0.0000,0.0000,-0.0000
345290,dynamic,-2.6536,0.0704,3.1995,25.80,2.000,-0.2761,-1.5488,1.5733,0.3653,1.5303,0.000,1,SEARCH,0.0000,0.0000,0.0000,-0.0000
345389,dynamic,-2.6535,0.0706,3.1995,25.80,2.000,-0.2761,-1.5488,1.5733,0.3653,1.5303,0.000,1,SEARCH,0.0000,0.0000,0.0000,-0.0000
345490,dynamic,-2.6532,0.0706,3.1995,25.80,2.000,-0.2761,-1.5488,1.5733,0.3654,1.5303,0.000,1,SEARCH,0.0000,0.0000,0.0000,-0.0000
345590,dynamic,-2.6535,0.0706,3.1995,25.80,2.000,-0.2761,-1.5488,1.5733,0.3654,1.5303,0.000,1,SEARCH,0.0000,0.0000,0.0000,-0.0000
345702,dynamic,-2.6537,0.0707,3.1995,25.80,2.000,-0.2761,-1.5488,1.5733,0.3654,1.5302,0.000,1,SEARCH,0.0000,0.0000,0.0000,-0.0000
345789,dynamic,-2.6540,0.0709,3.1996,32.93,2.000,-0.3854,-1.8689,1.9083,0.4930,1.8435,0.000,1,SEARCH,0.0000,0.0000,0.0000,-0.0000
345889,dynamic,-2.6541,0.0711,3.1996,32.93,2.000,-0.3854,-1.8689,1.9083,0.4930,1.8435,0.000,1,SEARCH,0.0000,0.0000,0.0000,-0.0000
345989,dynamic,-2.6541,0.0714,3.1996,32.93,2.000,-0.3854,-1.8689,1.9083,0.4931,1.8435,0.000,1,SEARCH,0.0000,0.0000,0.0000,-0.0000
346090,dynamic,-2.6541,0.0715,3.1995,32.93,2.000,-0.3854,-1.8689,1.9083,0.4930,1.8435,0.000,1,SEARCH,0.0000,0.0000,0.0000,-0.0000
346190,dynamic,-2.6544,0.0716,3.1995,32.93,2.000,-0.3854,-1.8689,1.9083,0.4930,1.8435,0.000,1,SEARCH,0.0000,0.0000,0.0000,-0.0000
346301,dynamic,-2.6549,0.0717,3.1995,32.93,2.000,-0.3854,-1.8689,1.9083,0.4930,1.8435,0.000,1,SEARCH,0.0000,0.0000,0.0000,-0.0000
346390,dynamic,-2.6552,0.0718,3.1995,25.77,2.000,-0.2788,-1.5587,1.5835,0.3686,1.5400,0.000,1,SEARCH,0.0000,0.0000,0.0000,-0.0000
346490,dynamic,-2.6554,0.0719,3.1995,25.77,2.000,-0.2788,-1.5587,1.5835,0.3686,1.5400,0.000,1,SEARCH,0.0000,0.0000,0.0000,-0.0000
346590,dynamic,-2.6565,0.0718,3.1995,25.77,2.000,-0.2788,-1.5587,1.5835,0.3686,1.5400,0.000,1,SEARCH,0.0000,0.0000,0.0000,-0.0000
346690,dynamic,-2.6576,0.0717,3.1995,25.77,2.000,-0.2788,-1.5587,1.5835,0.3686,1.5400,0.000,1,SEARCH,0.0000,0.0000,0.0000,-0.0000
346790,dynamic,-2.6581,0.0715,3.1995,25.77,2.000,-0.2788,-1.5587,1.5835,0.3686,1.5400,0.000,1,SEARCH,0.0000,0.0000,0.0000,-0.0000
346901,dynamic,-2.6585,0.0714,3.1995,25.77,2.000,-0.2788,-1.5587,1.5835,0.3686,1.5400,0.000,1,SEARCH,0.0000,0.0000,0.0000,-0.0000
346990,dynamic,-2.6590,0.0714,3.1995,32.91,2.000,-0.3903,-1.8848,1.9248,0.4988,1.8591,0.000,1,SEARCH,0.0000,0.0000,0.0000,-0.0000
347090,dynamic,-2.6595,0.0714,3.1995,32.91,2.000,-0.3903,-1.8848,1.9248,0.4988,1.8591,0.000,1,SEARCH,0.0000,0.0000,0.0000,-0.0000
347190,dynamic,-2.6600,0.0714,3.1995,32.91,2.000,-0.3903,-1.8848,1.9248,0.4987,1.8591,0.000,1,SEARCH,0.0000,0.0000,0.0000,-0.0000
347290,dynamic,-2.6604,0.0714,3.1995,32.91,2.000,-0.3903,-1.8848,1.9248,0.4988,1.8591,0.000,1,SEARCH,0.0000,0.0000,0.0000,-0.0000
347389,dynamic,-2.6606,0.0715,3.1995,32.91,2.000,-0.3903,-1.8848,1.9248,0.4988,1.8591,0.000,1,SEARCH,0.0000,0.0000,0.0000,-0.0000
347496,dynamic,-2.6608,0.0716,3.1995,32.91,2.000,-0.3903,-1.8848,1.9248,0.4988,1.8591,0.000,1,SEARCH,0.0000,0.0000,0.0000,-0.0000
347589,dynamic,-2.6607,0.0715,3.1995,33.11,2.000,-0.3905,-1.8846,1.9246,0.4990,1.8588,0.000,1,SEARCH,0.0000,0.0000,0.0000,-0.0000
347690,dynamic,-2.6606,0.0714,3.1996,33.11,2.000,-0.3905,-1.8846,1.9246,0.4991,1.8588,0.000,1,SEARCH,0.0000,0.0000,0.0000,-0.0000
347789,dynamic,-2.6604,0.0712,3.1996,33.11,2.000,-0.3905,-1.8846,1.9246,0.4991,1.8588,0.000,1,SEARCH,0.0000,0.0000,0.0000,-0.0000
347890,dynamic,-2.6603,0.0710,3.1996,33.11,2.000,-0.3905,-1.8846,1.9246,0.4991,1.8588,0.000,1,SEARCH,0.0000,0.0000,0.0000,-0.0000
347989,dynamic,-2.6595,0.0710,3.1996,33.11,2.000,-0.3905,-1.8846,1.9246,0.4991,1.8588,0.000,1,SEARCH,0.0000,0.0000,0.0000,-0.0000
348090,dynamic,-2.6587,0.0710,3.1996,33.11,2.000,-0.3905,-1.8846,1.9246,0.4991,1.8588,0.000,1,SEARCH,0.0000,0.0000,0.0000,-0.0000
348190,dynamic,-2.6584,0.0710,3.1996,26.05,2.000,-0.2801,-1.5642,1.5891,0.3702,1.5453,0.000,1,SEARCH,0.0000,0.0000,0.0000,-0.0000
348289,dynamic,-2.6584,0.0711,3.1996,26.05,2.000,-0.2801,-1.5642,1.5891,0.3702,1.5453,0.000,1,SEARCH,0.0000,0.0000,0.0000,-0.0000
348389,dynamic,-2.6583,0.0709,3.1996,26.05,2.000,-0.2801,-1.5642,1.5891,0.3703,1.5453,0.000,1,SEARCH,0.0000,0.0000,0.0000,-0.0000
348490,dynamic,-2.6582,0.0706,3.1996,26.05,2.000,-0.2801,-1.5642,1.5891,0.3702,1.5453,0.000,1,SEARCH,0.0000,0.0000,0.0000,-0.0000
348590,dynamic,-2.6577,0.0704,3.1996,26.05,2.000,-0.2801,-1.5642,1.5891,0.3702,1.5453,0.000,1,SEARCH,0.0000,0.0000,0.0000,-0.0000
348690,dynamic,-2.6569,0.0702,3.1995,26.05,2.000,-0.2801,-1.5642,1.5891,0.3702,1.5453,0.000,1,SEARCH,0.0000,0.0000,0.0000,-0.0000
348789,dynamic,-2.6567,0.0701,3.1996,33.11,2.000,-0.3894,-1.8800,1.9199,0.4977,1.8543,0.000,1,SEARCH,0.0000,0.0000,0.0000,-0.0000
348890,dynamic,-2.6566,0.0700,3.1996,33.11,2.000,-0.3894,-1.8800,1.9199,0.4976,1.8543,0.000,1,SEARCH,0.0000,0.0000,0.0000,-0.0000
348989,dynamic,-2.6565,0.0699,3.1996,33.11,2.000,-0.3894,-1.8800,1.9199,0.4977,1.8543,0.000,1,SEARCH,0.0000,0.0000,0.0000,-0.0000
349090,dynamic,-2.6564,0.0699,3.1995,33.11,2.000,-0.3894,-1.8800,1.9199,0.4976,1.8543,0.000,1,SEARCH,0.0000,0.0000,0.0000,-0.0000
349193,dynamic,-2.6570,0.0700,3.1995,33.11,2.000,-0.3894,-1.8800,1.9199,0.4976,1.8543,0.000,1,SEARCH,0.0000,0.0000,0.0000,-0.0000
349289,dynamic,-2.6578,0.0701,3.1995,33.11,2.000,-0.3895,-1.8803,1.9202,0.4978,1.8546,0.000,1,SEARCH,0.0000,0.0000,0.0000,-0.0000
349389,dynamic,-2.6574,0.0700,3.1995,33.11,2.000,-0.3895,-1.8803,1.9202,0.4978,1.8546,0.000,1,SEARCH,0.0000,0.0000,0.0000,-0.0000
349489,dynamic,-2.6562,0.0696,3.1995,33.11,2.000,-0.3895,-1.8803,1.9202,0.4977,1.8546,0.000,1,SEARCH,0.0000,0.0000,0.0000,-0.0000
349590,dynamic,-2.6548,0.0695,3.1995,33.11,2.000,-0.3895,-1.8803,1.9202,0.4977,1.8546,0.000,1,SEARCH,0.0000,0.0000,0.0000,-0.0000
349689,dynamic,-2.6535,0.0694,3.1995,33.11,2.000,-0.3895,-1.8803,1.9202,0.4977,1.8546,0.000,1,SEARCH,0.0000,0.0000,0.0000,-0.0000
349792,dynamic,-2.6531,0.0694,3.1995,33.11,2.000,-0.3895,-1.8803,1.9202,0.4977,1.8546,0.000,1,SEARCH,0.0000,0.0000,0.0000,-0.0000
349889,dynamic,-2.6528,0.0693,3.1995,25.74,2.000,-0.2791,-1.5577,1.5825,0.3688,1.5389,0.000,1,SEARCH,0.0000,0.0000,0.0000,-0.0000
349989,dynamic,-2.6526,0.0692,3.1995,25.74,2.000,-0.2791,-1.5577,1.5825,0.3688,1.5389,0.000,1,SEARCH,0.0000,0.0000,0.0000,-0.0000
350089,dynamic,-2.6523,0.0691,3.1995,25.74,2.000,-0.2791,-1.5577,1.5825,0.3688,1.5389,0.000,1,SEARCH,0.0000,0.0000,0.0000,-0.0000
350189,dynamic,-2.6523,0.0691,3.1995,25.74,2.000,-0.2791,-1.5577,1.5825,0.3688,1.5389,0.000,1,SEARCH,0.0000,0.0000,0.0000,-0.0000
350290,dynamic,-2.6522,0.0691,3.1995,25.74,2.000,-0.2791,-1.5577,1.5825,0.3688,1.5389,0.000,1,SEARCH,0.0000,0.0000,0.0000,-0.0000
350399,dynamic,-2.6522,0.0688,3.1995,25.74,2.000,-0.2791,-1.5577,1.5825,0.3688,1.5389,0.000,1,SEARCH,0.0000,0.0000,0.0000,-0.0000
350489,dynamic,-2.6522,0.0684,3.1995,33.10,2.000,-0.3889,-1.8776,1.9174,0.4969,1.8519,0.000,1,SEARCH,0.0000,0.0000,0.0000,-0.0000
350590,dynamic,-2.6524,0.0678,3.1994,33.10,2.000,-0.3889,-1.8776,1.9174,0.4968,1.8519,0.000,1,SEARCH,0.0000,0.0000,0.0000,-0.0000
350690,dynamic,-2.6524,0.0672,3.1994,33.10,2.000,-0.3889,-1.8776,1.9174,0.4968,1.8519,0.000,1,SEARCH,0.0000,0.0000,0.0000,-0.0000
350789,dynamic,-2.6524,0.0671,3.1994,33.10,2.000,-0.3889,-1.8776,1.9174,0.4968,1.8519,0.000,1,SEARCH,0.0000,0.0000,0.0000,-0.0000
350890,dynamic,-2.6523,0.0672,3.1994,33.10,2.000,-0.3889,-1.8776,1.9174,0.4968,1.8519,0.000,1,SEARCH,0.0000,0.0000,0.0000,-0.0000
350890,dynamic,-2.6521,0.0670,3.1994,33.10,2.000,-0.3889,-1.8776,1.9174,0.4968,1.8519,0.000,1,SEARCH,0.0000,0.0000,0.0000,-0.0000
351089,dynamic,-2.6518,0.0667,3.1994,26.04,2.000,-0.2782,-1.5537,1.5784,0.3675,1.5350,0.000,1,SEARCH,0.0000,0.0000,0.0000,-0.0000
351189,dynamic,-2.6525,0.0665,3.1995,26.04,2.000,-0.2782,-1.5537,1.5784,0.3676,1.5350,0.000,1,SEARCH,0.0000,0.0000,0.0000,-0.0000
351290,dynamic,-2.6534,0.0663,3.1995,26.04,2.000,-0.2782,-1.5537,1.5784,0.3676,1.5350,0.000,1,SEARCH,0.0000,0.0000,0.0000,-0.0000
351389,dynamic,-2.6537,0.0664,3.1994,26.04,2.000,-0.2782,-1.5537,1.5784,0.3675,1.5350,0.000,1,SEARCH,0.0000,0.0000,0.0000,-0.0000
351489,dynamic,-2.6536,0.0666,3.1995,26.04,2.000,-0.2782,-1.5537,1.5784,0.3676,1.5350,0.000,1,SEARCH,0.0000,0.0000,0.0000,-0.0000
351590,dynamic,-2.6541,0.0666,3.1995,26.04,2.000,-0.2782,-1.5537,1.5784,0.3675,1.5350,0.000,1,SEARCH,0.0000,0.0000,0.0000,-0.0000
351690,dynamic,-2.6549,0.0665,3.1994,33.10,2.000,-0.3855,-1.8615,1.9010,0.4925,1.8361,0.000,1,SEARCH,0.0000,0.0000,0.0000,-0.0000
351789,dynamic,-2.6556,0.0663,3.1995,33.10,2.000,-0.3855,-1.8615,1.9010,0.4925,1.8361,0.000,1,SEARCH,0.0000,0.0000,0.0000,-0.0000
351889,dynamic,-2.6561,0.0659,3.1995,33.10,2.000,-0.3855,-1.8615,1.9010,0.4925,1.8361,0.000,1,SEARCH,0.0000,0.0000,0.0000,-0.0000
351989,dynamic,-2.6561,0.0661,3.1995,33.10,2.000,-0.3855,-1.8615,1.9010,0.4926,1.8361,0.000,1,SEARCH,0.0000,0.0000,0.0000,-0.0000
352089,dynamic,-2.6560,0.0664,3.1995,33.10,2.000,-0.3855,-1.8615,1.9010,0.4926,1.8361,0.000,1,SEARCH,0.0000,0.0000,0.0000,-0.0000
352199,dynamic,-2.6560,0.0667,3.1995,33.10,2.000,-0.3855,-1.8615,1.9010,0.4926,1.8361,0.000,1,SEARCH,0.0000,0.0000,0.0000,-0.0000
352289,dynamic,-2.6561,0.0670,3.1995,26.04,2.000,-0.2757,-1.5399,1.5644,0.3643,1.5214,0.000,1,SEARCH,0.0000,0.0000,0.0000,-0.0000
352389,dynamic,-2.6565,0.0672,3.1995,26.04,2.000,-0.2757,-1.5399,1.5644,0.3643,1.5214,0.000,1,SEARCH,0.0000,0.0000,0.0000,-0.0000
352489,dynamic,-2.6570,0.0674,3.1995,26.04,2.000,-0.2757,-1.5399,1.5644,0.3643,1.5214,0.000,1,SEARCH,0.0000,0.0000,0.0000,-0.0000
352589,dynamic,-2.6576,0.0678,3.1995,26.04,2.000,-0.2757,-1.5399,1.5644,0.3643,1.5214,0.000,1,SEARCH,0.0000,0.0000,0.0000,-0.0000
352689,dynamic,-2.6581,0.0682,3.1995,26.04,2.000,-0.2757,-1.5399,1.5644,0.3643,1.5214,0.000,1,SEARCH,0.0000,0.0000,0.0000,-0.0000
352800,dynamic,-2.6579,0.0683,3.1995,26.04,2.000,-0.2757,-1.5399,1.5644,0.3643,1.5214,0.000,1,SEARCH,0.0000,0.0000,0.0000,-0.0000
352889,dynamic,-2.6577,0.0684,3.1994,26.04,2.000,-0.2750,-1.5364,1.5608,0.3634,1.5180,0.000,1,SEARCH,0.0000,0.0000,0.0000,-0.0000
352989,dynamic,-2.6575,0.0685,3.1994,26.04,2.000,-0.2750,-1.5364,1.5608,0.3634,1.5180,0.000,1,SEARCH,0.0000,0.0000,0.0000,-0.0000
353089,dynamic,-2.6573,0.0686,3.1994,26.04,2.000,-0.2750,-1.5364,1.5608,0.3634,1.5180,0.000,1,SEARCH,0.0000,0.0000,0.0000,-0.0000
353189,dynamic,-2.6570,0.0687,3.1994,26.04,2.000,-0.2750,-1.5364,1.5608,0.3634,1.5180,0.000,1,SEARCH,0.0000,0.0000,0.0000,-0.0000
353289,dynamic,-2.6567,0.0688,3.1994,26.04,2.000,-0.2750,-1.5364,1.5608,0.3633,1.5180,0.000,1,SEARCH,0.0000,0.0000,0.0000,-0.0000
353397,dynamic,-2.6567,0.0686,3.1994,26.04,2.000,-0.2750,-1.5364,1.5608,0.3634,1.5180,0.000,1,SEARCH,0.0000,0.0000,0.0000,-0.0000
353489,dynamic,-2.6569,0.0684,3.1994,33.10,2.000,-0.3807,-1.8377,1.8767,0.4863,1.8126,0.000,1,SEARCH,0.0000,0.0000,0.0000,-0.0000
353589,dynamic,-2.6576,0.0686,3.1994,33.10,2.000,-0.3807,-1.8377,1.8767,0.4862,1.8126,0.000,1,SEARCH,0.0000,0.0000,0.0000,-0.0000
353689,dynamic,-2.6585,0.0690,3.1994,33.10,2.000,-0.3807,-1.8377,1.8767,0.4863,1.8126,0.000,1,SEARCH,0.0000,0.0000,0.0000,-0.0000
353789,dynamic,-2.6583,0.0689,3.1994,33.10,2.000,-0.3807,-1.8377,1.8767,0.4863,1.8126,0.000,1,SEARCH,0.0000,0.0000,0.0000,-0.0000
353889,dynamic,-2.6578,0.0687,3.1994,33.10,2.000,-0.3807,-1.8377,1.8767,0.4863,1.8126,0.000,1,SEARCH,0.0000,0.0000,0.0000,-0.0000
353999,dynamic,-2.6571,0.0684,3.1994,33.10,2.000,-0.3807,-1.8377,1.8767,0.4863,1.8126,0.000,1,SEARCH,0.0000,0.0000,0.0000,-0.0000
354089,dynamic,-2.6563,0.0680,3.1994,26.04,2.000,-0.2720,-1.5192,1.5433,0.3594,1.5009,0.000,1,SEARCH,0.0000,0.0000,0.0000,-0.0000
354190,dynamic,-2.6554,0.0675,3.1995,26.04,2.000,-0.2720,-1.5192,1.5433,0.3594,1.5009,0.000,1,SEARCH,0.0000,0.0000,0.0000,-0.0000
354289,dynamic,-2.6546,0.0670,3.1995,26.04,2.000,-0.2720,-1.5192,1.5433,0.3594,1.5009,0.000,1,SEARCH,0.0000,0.0000,0.0000,-0.0000
354389,dynamic,-2.6538,0.0665,3.1995,26.04,2.000,-0.2720,-1.5192,1.5433,0.3595,1.5009,0.000,1,SEARCH,0.0000,0.0000,0.0000,-0.0000
354489,dynamic,-2.6531,0.0662,3.1995,26.04,2.000,-0.2720,-1.5192,1.5433,0.3594,1.5009,0.000,1,SEARCH,0.0000,0.0000,0.0000,-0.0000
354594,dynamic,-2.6530,0.0662,3.1995,26.04,2.000,-0.2720,-1.5192,1.5433,0.3594,1.5009,0.000,1,SEARCH,0.0000,0.0000,0.0000,-0.0000
354690,dynamic,-2.6530,0.0662,3.1994,33.10,2.000,-0.3767,-1.8193,1.8579,0.4813,1.7945,0.000,1,SEARCH,0.0000,0.0000,0.0000,-0.0000
354789,dynamic,-2.6524,0.0662,3.1995,33.10,2.000,-0.3767,-1.8193,1.8579,0.4813,1.7945,0.000,1,SEARCH,0.0000,0.0000,0.0000,-0.0000
354889,dynamic,-2.6517,0.0662,3.1995,33.10,2.000,-0.3767,-1.8193,1.8579,0.4813,1.7945,0.000,1,SEARCH,0.0000,0.0000,0.0000,-0.0000
354989,dynamic,-2.6518,0.0661,3.1995,33.10,2.000,-0.3767,-1.8193,1.8579,0.4813,1.7945,0.000,1,SEARCH,0.0000,0.0000,0.0000,-0.0000
355089,dynamic,-2.6522,0.0659,3.1995,33.10,2.000,-0.3767,-1.8193,1.8579,0.4813,1.7945,0.000,1,SEARCH,0.0000,0.0000,0.0000,-0.0000
355194,dynamic,-2.6530,0.0659,3.1995,33.10,2.000,-0.3767,-1.8193,1.8579,0.4813,1.7945,0.000,1,SEARCH,0.0000,0.0000,0.0000,-0.0000
355289,dynamic,-2.6547,0.0659,3.1995,33.13,2.000,-0.3781,-1.8189,1.8578,0.4827,1.7940,0.000,1,SEARCH,0.0000,0.0000,0.0000,-0.0000
355389,dynamic,-2.6552,0.0659,3.1995,33.13,2.000,-0.3781,-1.8189,1.8578,0.4827,1.7940,0.000,1,SEARCH,0.0000,0.0000,0.0000,-0.0000
355489,dynamic,-2.6551,0.0657,3.1995,33.13,2.000,-0.3781,-1.8189,1.8578,0.4827,1.7940,0.000,1,SEARCH,0.0000,0.0000,0.0000,-0.0000
355589,dynamic,-2.6555,0.0654,3.1995,33.13,2.000,-0.3781,-1.8189,1.8578,0.4827,1.7940,0.000,1,SEARCH,0.0000,0.0000,0.0000,-0.0000
355690,dynamic,-2.6560,0.0650,3.1995,33.13,2.000,-0.3781,-1.8189,1.8578,0.4827,1.7940,0.000,1,SEARCH,0.0000,0.0000,0.0000,-0.0000
355794,dynamic,-2.6561,0.0648,3.1995,33.13,2.000,-0.3781,-1.8189,1.8578,0.4827,1.7940,0.000,1,SEARCH,0.0000,0.0000,0.0000,-0.0000
355889,dynamic,-2.6562,0.0646,3.1995,25.80,2.000,-0.2692,-1.5116,1.5354,0.3562,1.4935,0.000,1,SEARCH,0.0000,0.0000,0.0000,-0.0000
355990,dynamic,-2.6556,0.0646,3.1995,25.80,2.000,-0.2692,-1.5116,1.5354,0.3562,1.4935,0.000,1,SEARCH,0.0000,0.0000,0.0000,-0.0000
356089,dynamic,-2.6549,0.0645,3.1995,25.80,2.000,-0.2692,-1.5116,1.5354,0.3562,1.4935,0.000,1,SEARCH,0.0000,0.0000,0.0000,-0.0000
356189,dynamic,-2.6543,0.0643,3.1995,25.80,2.000,-0.2692,-1.5116,1.5354,0.3563,1.4935,0.000,1,SEARCH,0.0000,0.0000,0.0000,-0.0000
356290,dynamic,-2.6538,0.0641,3.1995,25.80,2.000,-0.2692,-1.5116,1.5354,0.3562,1.4935,0.000,1,SEARCH,0.0000,0.0000,0.0000,-0.0000
356396,dynamic,-2.6543,0.0641,3.1995,25.80,2.000,-0.2692,-1.5116,1.5354,0.3562,1.4935,0.000,1,SEARCH,0.0000,0.0000,0.0000,-0.0000
356489,dynamic,-2.6550,0.0640,3.1995,25.80,2.000,-0.2697,-1.5148,1.5386,0.3569,1.4966,0.000,1,SEARCH,0.0000,0.0000,0.0000,-0.0000
356589,dynamic,-2.6554,0.0641,3.1995,25.80,2.000,-0.2697,-1.5148,1.5386,0.3569,1.4966,0.000,1,SEARCH,0.0000,0.0000,0.0000,-0.0000
356689,dynamic,-2.6556,0.0641,3.1995,25.80,2.000,-0.2697,-1.5148,1.5386,0.3569,1.4966,0.000,1,SEARCH,0.0000,0.0000,0.0000,-0.0000
356789,dynamic,-2.6559,0.0642,3.1994,25.80,2.000,-0.2697,-1.5148,1.5386,0.3569,1.4966,0.000,1,SEARCH,0.0000,0.0000,0.0000,-0.0000
356889,dynamic,-2.6561,0.0642,3.1994,25.80,2.000,-0.2697,-1.5148,1.5386,0.3568,1.4967,0.000,1,SEARCH,0.0000,0.0000,0.0000,-0.0000
356991,dynamic,-2.6562,0.0643,3.1994,25.80,2.000,-0.2697,-1.5148,1.5386,0.3568,1.4967,0.000,1,SEARCH,0.0000,0.0000,0.0000,-0.0000
357089,dynamic,-2.6562,0.0643,3.1994,32.93,2.000,-0.3774,-1.8317,1.8702,0.4825,1.8068,0.000,1,SEARCH,0.0000,0.0000,0.0000,-0.0000
357189,dynamic,-2.6562,0.0643,3.1994,32.93,2.000,-0.3774,-1.8317,1.8702,0.4826,1.8068,0.000,1,SEARCH,0.0000,0.0000,0.0000,-0.0000
357289,dynamic,-2.6560,0.0641,3.1994,32.93,2.000,-0.3774,-1.8317,1.8702,0.4826,1.8068,0.000,1,SEARCH,0.0000,0.0000,0.0000,-0.0000
357389,dynamic,-2.6558,0.0641,3.1994,32.93,2.000,-0.3774,-1.8317,1.8702,0.4826,1.8068,0.000,1,SEARCH,0.0000,0.0000,0.0000,-0.0000
357490,dynamic,-2.6556,0.0640,3.1993,32.93,2.000,-0.3774,-1.8317,1.8702,0.4825,1.8068,0.000,1,SEARCH,0.0000,0.0000,0.0000,-0.0000
357593,dynamic,-2.6560,0.0641,3.1993,32.93,2.000,-0.3774,-1.8317,1.8702,0.4825,1.8068,0.000,1,SEARCH,0.0000,0.0000,0.0000,-0.0000
357689,dynamic,-2.6565,0.0642,3.1993,32.93,2.000,-0.3805,-1.8456,1.8844,0.4863,1.8205,0.000,1,SEARCH,0.0000,0.0000,0.0000,-0.0000
357789,dynamic,-2.6563,0.0645,3.1993,32.93,2.000,-0.3805,-1.8456,1.8844,0.4863,1.8205,0.000,1,SEARCH,0.0000,0.0000,0.0000,-0.0000
357889,dynamic,-2.6560,0.0648,3.1993,32.93,2.000,-0.3805,-1.8456,1.8844,0.4863,1.8205,0.000,1,SEARCH,0.0000,0.0000,0.0000,-0.0000
357989,dynamic,-2.6557,0.0649,3.1994,32.93,2.000,-0.3805,-1.8456,1.8844,0.4864,1.8205,0.000,1,SEARCH,0.0000,0.0000,0.0000,-0.0000
358090,dynamic,-2.6555,0.0650,3.1994,32.93,2.000,-0.3805,-1.8456,1.8844,0.4864,1.8205,0.000,1,SEARCH,0.0000,0.0000,0.0000,-0.0000
358190,dynamic,-2.6559,0.0652,3.1994,32.93,2.000,-0.3805,-1.8456,1.8844,0.4864,1.8205,0.000,1,SEARCH,0.0000,0.0000,0.0000,-0.0000
358289,dynamic,-2.6567,0.0655,3.1994,25.80,2.000,-0.2753,-1.5453,1.5697,0.3641,1.5269,0.000,1,SEARCH,0.0000,0.0000,0.0000,-0.0000
358389,dynamic,-2.6571,0.0658,3.1994,25.80,2.000,-0.2753,-1.5453,1.5697,0.3642,1.5269,0.000,1,SEARCH,0.0000,0.0000,0.0000,-0.0000
358489,dynamic,-2.6574,0.0659,3.1994,25.80,2.000,-0.2753,-1.5453,1.5697,0.3642,1.5269,0.000,1,SEARCH,0.0000,0.0000,0.0000,-0.0000
358590,dynamic,-2.6582,0.0661,3.1994,25.80,2.000,-0.2753,-1.5453,1.5697,0.3641,1.5269,0.000,1,SEARCH,0.0000,0.0000,0.0000,-0.0000
358689,dynamic,-2.6592,0.0660,3.1994,25.80,2.000,-0.2753,-1.5453,1.5697,0.3641,1.5269,0.000,1,SEARCH,0.0000,0.0000,0.0000,-0.0000
358792,dynamic,-2.6596,0.0660,3.1994,25.80,2.000,-0.2753,-1.5453,1.5697,0.3642,1.5269,0.000,1,SEARCH,0.0000,0.0000,0.0000,-0.0000
358890,dynamic,-2.6599,0.0658,3.1994,25.80,2.000,-0.2779,-1.5603,1.5849,0.3677,1.5416,0.000,1,SEARCH,0.0000,0.0000,0.0000,-0.0000
358989,dynamic,-2.6604,0.0659,3.1994,25.80,2.000,-0.2779,-1.5603,1.5849,0.3676,1.5416,0.000,1,SEARCH,0.0000,0.0000,0.0000,-0.0000
359089,dynamic,-2.6607,0.0659,3.1995,25.80,2.000,-0.2779,-1.5603,1.5849,0.3677,1.5416,0.000,1,SEARCH,0.0000,0.0000,0.0000,-0.0000
359189,dynamic,-2.6613,0.0661,3.1995,25.80,2.000,-0.2779,-1.5603,1.5849,0.3678,1.5416,0.000,1,SEARCH,0.0000,0.0000,0.0000,-0.0000
359289,dynamic,-2.6618,0.0661,3.1995,25.80,2.000,-0.2779,-1.5603,1.5849,0.3677,1.5416,0.000,1,SEARCH,0.0000,0.0000,0.0000,-0.0000
359391,dynamic,-2.6626,0.0663,3.1995,25.80,2.000,-0.2779,-1.5603,1.5849,0.3677,1.5416,0.000,1,SEARCH,0.0000,0.0000,0.0000,-0.0000
359489,dynamic,-2.6634,0.0664,3.1995,25.80,2.000,-0.2801,-1.5731,1.5979,0.3706,1.5543,0.000,1,SEARCH,0.0000,0.0000,0.0000,-0.0000
359589,dynamic,-2.6635,0.0668,3.1995,25.80,2.000,-0.2801,-1.5731,1.5979,0.3706,1.5543,0.000,1,SEARCH,0.0000,0.0000,0.0000,-0.0000
359689,dynamic,-2.6634,0.0670,3.1995,25.80,2.000,-0.2801,-1.5731,1.5979,0.3706,1.5543,0.000,1,SEARCH,0.0000,0.0000,0.0000,-0.0000
359789,dynamic,-2.6641,0.0672,3.1995,25.80,2.000,-0.2801,-1.5731,1.5979,0.3706,1.5543,0.000,1,SEARCH,0.0000,0.0000,0.0000,-0.0000
359891,dynamic,-2.6648,0.0673,3.1995,25.80,2.000,-0.2801,-1.5731,1.5979,0.3706,1.5543,0.000,1,SEARCH,0.0000,0.0000,0.0000,-0.0000
359990,dynamic,-2.6654,0.0674,3.1995,25.80,2.000,-0.2812,-1.5795,1.6044,0.3721,1.5606,0.000,1,SEARCH,0.0000,0.0000,0.0000,-0.0000
360089,dynamic,-2.6659,0.0673,3.1995,25.80,2.000,-0.2812,-1.5795,1.6044,0.3721,1.5606,0.000,1,SEARCH,0.0000,0.0000,0.0000,-0.0000
360190,dynamic,-2.6664,0.0673,3.1995,25.80,2.000,-0.2812,-1.5795,1.6044,0.3721,1.5606,0.000,1,SEARCH,0.0000,0.0000,0.0000,-0.0000
360289,dynamic,-2.6667,0.0671,3.1995,25.80,2.000,-0.2812,-1.5795,1.6044,0.3721,1.5606,0.000,1,SEARCH,0.0000,0.0000,0.0000,-0.0000
360389,dynamic,-2.6670,0.0670,3.1995,25.80,2.000,-0.2812,-1.5795,1.6044,0.3722,1.5606,0.000,1,SEARCH,0.0000,0.0000,0.0000,-0.0000
360490,dynamic,-2.6672,0.0669,3.1995,25.80,2.000,-0.2812,-1.5795,1.6044,0.3721,1.5606,0.000,1,SEARCH,0.0000,0.0000,0.0000,-0.0000
360589,dynamic,-2.6679,0.0668,3.1995,32.72,2.000,-0.3945,-1.9063,1.9467,0.5042,1.8803,0.000,1,SEARCH,0.0000,0.0000,0.0000,-0.0000
360689,dynamic,-2.6688,0.0667,3.1995,32.72,2.000,-0.3945,-1.9063,1.9467,0.5041,1.8803,0.000,1,SEARCH,0.0000,0.0000,0.0000,-0.0000
360789,dynamic,-2.6694,0.0667,3.1995,32.72,2.000,-0.3945,-1.9063,1.9467,0.5041,1.8803,0.000,1,SEARCH,0.0000,0.0000,0.0000,-0.0000
360890,dynamic,-2.6697,0.0666,3.1995,32.72,2.000,-0.3945,-1.9063,1.9467,0.5042,1.8803,0.000,1,SEARCH,0.0000,0.0000,0.0000,-0.0000
360990,dynamic,-2.6696,0.0664,3.1995,32.72,2.000,-0.3945,-1.9063,1.9467,0.5042,1.8803,0.000,1,SEARCH,0.0000,0.0000,0.0000,-0.0000
361090,dynamic,-2.6693,0.0660,3.1995,32.72,2.000,-0.3945,-1.9063,1.9467,0.5042,1.8803,0.000,1,SEARCH,0.0000,0.0000,0.0000,-0.0000
361192,dynamic,-2.6692,0.0658,3.1995,32.92,2.000,-0.3922,-1.9049,1.9448,0.5019,1.8790,0.000,1,SEARCH,0.0000,0.0000,0.0000,-0.0000
361289,dynamic,-2.6691,0.0657,3.1995,32.92,2.000,-0.3922,-1.9049,1.9448,0.5019,1.8790,0.000,1,SEARCH,0.0000,0.0000,0.0000,-0.0000
361389,dynamic,-2.6690,0.0656,3.1995,32.92,2.000,-0.3922,-1.9049,1.9448,0.5018,1.8790,0.000,1,SEARCH,0.0000,0.0000,0.0000,-0.0000
361489,dynamic,-2.6689,0.0654,3.1995,32.92,2.000,-0.3922,-1.9049,1.9448,0.5019,1.8790,0.000,1,SEARCH,0.0000,0.0000,0.0000,-0.0000
361589,dynamic,-2.6691,0.0653,3.1996,32.92,2.000,-0.3922,-1.9049,1.9448,0.5019,1.8790,0.000,1,SEARCH,0.0000,0.0000,0.0000,-0.0000
361692,dynamic,-2.6694,0.0650,3.1996,32.92,2.000,-0.3922,-1.9049,1.9448,0.5020,1.8789,0.000,1,SEARCH,0.0000,0.0000,0.0000,-0.0000
361789,dynamic,-2.6689,0.0646,3.1996,32.92,2.000,-0.3907,-1.8982,1.9380,0.5000,1.8724,0.000,1,SEARCH,0.0000,0.0000,0.0000,-0.0000
361889,dynamic,-2.6682,0.0641,3.1996,32.92,2.000,-0.3907,-1.8982,1.9380,0.5000,1.8724,0.000,1,SEARCH,0.0000,0.0000,0.0000,-0.0000
361989,dynamic,-2.6678,0.0641,3.1995,32.92,2.000,-0.3907,-1.8982,1.9380,0.4999,1.8724,0.000,1,SEARCH,0.0000,0.0000,0.0000,-0.0000
362089,dynamic,-2.6675,0.0641,3.1995,32.92,2.000,-0.3907,-1.8982,1.9380,0.4999,1.8724,0.000,1,SEARCH,0.0000,0.0000,0.0000,-0.0000
362189,dynamic,-2.6671,0.0641,3.1995,32.92,2.000,-0.3907,-1.8982,1.9380,0.4999,1.8724,0.000,1,SEARCH,0.0000,0.0000,0.0000,-0.0000
362303,dynamic,-2.6667,0.0641,3.1995,32.92,2.000,-0.3907,-1.8982,1.9380,0.4999,1.8724,0.000,1,SEARCH,0.0000,0.0000,0.0000,-0.0000
362389,dynamic,-2.6666,0.0639,3.1995,32.92,2.000,-0.3890,-1.8903,1.9299,0.4977,1.8647,0.000,1,SEARCH,0.0000,0.0000,0.0000,-0.0000
362489,dynamic,-2.6670,0.0637,3.1995,32.92,2.000,-0.3890,-1.8903,1.9299,0.4977,1.8647,0.000,1,SEARCH,0.0000,0.0000,0.0000,-0.0000
362589,dynamic,-2.6665,0.0635,3.1995,32.92,2.000,-0.3890,-1.8903,1.9299,0.4977,1.8647,0.000,1,SEARCH,0.0000,0.0000,0.0000,-0.0000
362689,dynamic,-2.6660,0.0632,3.1995,32.92,2.000,-0.3890,-1.8903,1.9299,0.4977,1.8647,0.000,1,SEARCH,0.0000,0.0000,0.0000,-0.0000
362789,dynamic,-2.6648,0.0629,3.1995,32.92,2.000,-0.3890,-1.8903,1.9299,0.4977,1.8647,0.000,1,SEARCH,0.0000,0.0000,0.0000,-0.0000
362893,dynamic,-2.6638,0.0626,3.1995,32.92,2.000,-0.3890,-1.8903,1.9299,0.4978,1.8646,0.000,1,SEARCH,0.0000,0.0000,0.0000,-0.0000
362989,dynamic,-2.6628,0.0626,3.1995,25.79,2.000,-0.2788,-1.5671,1.5918,0.3691,1.5484,0.000,1,SEARCH,0.0000,0.0000,0.0000,-0.0000
363090,dynamic,-2.6620,0.0625,3.1995,25.79,2.000,-0.2788,-1.5671,1.5918,0.3691,1.5484,0.000,1,SEARCH,0.0000,0.0000,0.0000,-0.0000
363189,dynamic,-2.6618,0.0626,3.1995,25.79,2.000,-0.2788,-1.5671,1.5918,0.3691,1.5484,0.000,1,SEARCH,0.0000,0.0000,0.0000,-0.0000
363289,dynamic,-2.6619,0.0626,3.1996,25.79,2.000,-0.2788,-1.5671,1.5918,0.3691,1.5484,0.000,1,SEARCH,0.0000,0.0000,0.0000,-0.0000
363389,dynamic,-2.6619,0.0626,3.1995,25.79,2.000,-0.2788,-1.5671,1.5918,0.3691,1.5484,0.000,1,SEARCH,0.0000,0.0000,0.0000,-0.0000
363492,dynamic,-2.6618,0.0625,3.1995,25.79,2.000,-0.2788,-1.5671,1.5918,0.3692,1.5484,0.000,1,SEARCH,0.0000,0.0000,0.0000,-0.0000
363589,dynamic,-2.6613,0.0625,3.1995,32.92,2.000,-0.3883,-1.8874,1.9269,0.4970,1.8617,0.000,1,SEARCH,0.0000,0.0000,0.0000,-0.0000
363689,dynamic,-2.6607,0.0624,3.1996,32.92,2.000,-0.3883,-1.8874,1.9269,0.4970,1.8617,0.000,1,SEARCH,0.0000,0.0000,0.0000,-0.0000
363789,dynamic,-2.6601,0.0624,3.1995,32.92,2.000,-0.3883,-1.8874,1.9269,0.4970,1.8617,0.000,1,SEARCH,0.0000,0.0000,0.0000,-0.0000
363889,dynamic,-2.6595,0.0624,3.1995,32.92,2.000,-0.3883,-1.8874,1.9269,0.4969,1.8617,0.000,1,SEARCH,0.0000,0.0000,0.0000,-0.0000
363989,dynamic,-2.6591,0.0624,3.1995,32.92,2.000,-0.3883,-1.8874,1.9269,0.4969,1.8617,0.000,1,SEARCH,0.0000,0.0000,0.0000,-0.0000
364093,dynamic,-2.6588,0.0623,3.1995,32.92,2.000,-0.3883,-1.8874,1.9269,0.4969,1.8617,0.000,1,SEARCH,0.0000,0.0000,0.0000,-0.0000
364189,dynamic,-2.6582,0.0625,3.1995,32.92,2.000,-0.3887,-1.8895,1.9290,0.4974,1.8638,0.000,1,SEARCH,0.0000,0.0000,0.0000,-0.0000
364289,dynamic,-2.6576,0.0626,3.1995,32.92,2.000,-0.3887,-1.8895,1.9290,0.4975,1.8638,0.000,1,SEARCH,0.0000,0.0000,0.0000,-0.0000
364389,dynamic,-2.6574,0.0628,3.1996,32.92,2.000,-0.3887,-1.8895,1.9290,0.4975,1.8638,0.000,1,SEARCH,0.0000,0.0000,0.0000,-0.0000
364489,dynamic,-2.6574,0.0628,3.1996,32.92,2.000,-0.3887,-1.8895,1.9290,0.4975,1.8638,0.000,1,SEARCH,0.0000,0.0000,0.0000,-0.0000
364597,dynamic,-2.6569,0.0629,3.1996,32.92,2.000,-0.3887,-1.8895,1.9290,0.4976,1.8638,0.000,1,SEARCH,0.0000,0.0000,0.0000,-0.0000
364692,dynamic,-2.6564,0.0629,3.1996,32.92,2.000,-0.3887,-1.8895,1.9290,0.4976,1.8638,0.000,1,SEARCH,0.0000,0.0000,0.0000,-0.0000
364790,dynamic,-2.6568,0.0632,3.1996,32.92,2.000,-0.3891,-1.8915,1.9311,0.4981,1.8657,0.000,1,SEARCH,0.0000,0.0000,0.0000,-0.0000
364889,dynamic,-2.6574,0.0634,3.1996,32.92,2.000,-0.3891,-1.8915,1.9311,0.4981,1.8657,0.000,1,SEARCH,0.0000,0.0000,0.0000,-0.0000
364989,dynamic,-2.6571,0.0635,3.1996,32.92,2.000,-0.3891,-1.8915,1.9311,0.4981,1.8657,0.000,1,SEARCH,0.0000,0.0000,0.0000,-0.0000
365089,dynamic,-2.6567,0.0634,3.1996,32.92,2.000,-0.3891,-1.8915,1.9311,0.4981,1.8657,0.000,1,SEARCH,0.0000,0.0000,0.0000,-0.0000
365197,dynamic,-2.6570,0.0633,3.1996,32.92,2.000,-0.3891,-1.8915,1.9311,0.4981,1.8657,0.000,1,SEARCH,0.0000,0.0000,0.0000,-0.0000
365289,dynamic,-2.6578,0.0630,3.1996,32.92,2.000,-0.3886,-1.8890,1.9285,0.4974,1.8633,0.000,1,SEARCH,0.0000,0.0000,0.0000,-0.0000
365389,dynamic,-2.6580,0.0630,3.1996,32.92,2.000,-0.3886,-1.8890,1.9285,0.4974,1.8633,0.000,1,SEARCH,0.0000,0.0000,0.0000,-0.0000
365489,dynamic,-2.6580,0.0631,3.1996,32.92,2.000,-0.3886,-1.8890,1.9285,0.4974,1.8633,0.000,1,SEARCH,0.0000,0.0000,0.0000,-0.0000
365589,dynamic,-2.6584,0.0636,3.1996,32.92,2.000,-0.3886,-1.8890,1.9285,0.4973,1.8633,0.000,1,SEARCH,0.0000,0.0000,0.0000,-0.0000
365689,dynamic,-2.6587,0.0639,3.1996,32.92,2.000,-0.3886,-1.8890,1.9285,0.4974,1.8633,0.000,1,SEARCH,0.0000,0.0000,0.0000,-0.0000
365796,dynamic,-2.6594,0.0643,3.1996,32.92,2.000,-0.3886,-1.8890,1.9285,0.4974,1.8633,0.000,1,SEARCH,0.0000,0.0000,0.0000,-0.0000
365889,dynamic,-2.6602,0.0645,3.1996,32.92,2.000,-0.3873,-1.8822,1.9217,0.4958,1.8566,0.000,1,SEARCH,0.0000,0.0000,0.0000,-0.0000
365989,dynamic,-2.6604,0.0645,3.1996,32.92,2.000,-0.3873,-1.8822,1.9217,0.4959,1.8566,0.000,1,SEARCH,0.0000,0.0000,0.0000,-0.0000
366089,dynamic,-2.6605,0.0643,3.1996,32.92,2.000,-0.3873,-1.8822,1.9217,0.4958,1.8566,0.000,1,SEARCH,0.0000,0.0000,0.0000,-0.0000
366189,dynamic,-2.6605,0.0643,3.1996,32.92,2.000,-0.3873,-1.8822,1.9217,0.4959,1.8566,0.000,1,SEARCH,0.0000,0.0000,0.0000,-0.0000
366289,dynamic,-2.6604,0.0641,3.1996,32.92,2.000,-0.3873,-1.8822,1.9217,0.4959,1.8566,0.000,1,SEARCH,0.0000,0.0000,0.0000,-0.0000
366406,dynamic,-2.6605,0.0641,3.1996,32.92,2.000,-0.3873,-1.8822,1.9217,0.4959,1.8566,0.000,1,SEARCH,0.0000,0.0000,0.0000,-0.0000
366489,dynamic,-2.6606,0.0640,3.1996,25.51,2.000,-0.2788,-1.5600,1.5847,0.3688,1.5412,0.000,1,SEARCH,0.0000,0.0000,0.0000,-0.0000
366589,dynamic,-2.6611,0.0643,3.1996,25.51,2.000,-0.2788,-1.5600,1.5847,0.3688,1.5412,0.000,1,SEARCH,0.0000,0.0000,0.0000,-0.0000
366689,dynamic,-2.6617,0.0645,3.1996,25.51,2.000,-0.2788,-1.5600,1.5847,0.3688,1.5412,0.000,1,SEARCH,0.0000,0.0000,0.0000,-0.0000
366789,dynamic,-2.6620,0.0646,3.1996,25.51,2.000,-0.2788,-1.5600,1.5847,0.3688,1.5412,0.000,1,SEARCH,0.0000,0.0000,0.0000,-0.0000
366889,dynamic,-2.6621,0.0645,3.1996,25.51,2.000,-0.2788,-1.5600,1.5847,0.3688,1.5412,0.000,1,SEARCH,0.0000,0.0000,0.0000,-0.0000
366998,dynamic,-2.6623,0.0646,3.1996,25.51,2.000,-0.2788,-1.5600,1.5847,0.3688,1.5412,0.000,1,SEARCH,0.0000,0.0000,0.0000,-0.0000
367089,dynamic,-2.6624,0.0646,3.1996,32.71,2.000,-0.3880,-1.8758,1.9155,0.4961,1.8501,0.000,1,SEARCH,0.0000,0.0000,0.0000,-0.0000
367189,dynamic,-2.6629,0.0649,3.1996,32.71,2.000,-0.3880,-1.8758,1.9155,0.4960,1.8501,0.000,1,SEARCH,0.0000,0.0000,0.0000,-0.0000
367289,dynamic,-2.6635,0.0651,3.1996,32.71,2.000,-0.3880,-1.8758,1.9155,0.4961,1.8501,0.000,1,SEARCH,0.0000,0.0000,0.0000,-0.0000
367389,dynamic,-2.6631,0.0655,3.1996,32.71,2.000,-0.3880,-1.8758,1.9155,0.4961,1.8501,0.000,1,SEARCH,0.0000,0.0000,0.0000,-0.0000
367489,dynamic,-2.6623,0.0658,3.1997,32.71,2.000,-0.3880,-1.8758,1.9155,0.4962,1.8501,0.000,1,SEARCH,0.0000,0.0000,0.0000,-0.0000
367591,dynamic,-2.6627,0.0660,3.1997,32.71,2.000,-0.3880,-1.8758,1.9155,0.4963,1.8501,0.000,1,SEARCH,0.0000,0.0000,0.0000,-0.0000
367689,dynamic,-2.6634,0.0660,3.1997,32.92,2.000,-0.3859,-1.8741,1.9134,0.4941,1.8485,0.000,1,SEARCH,0.0000,0.0000,0.0000,-0.0000
367789,dynamic,-2.6640,0.0662,3.1997,32.92,2.000,-0.3859,-1.8741,1.9134,0.4941,1.8485,0.000,1,SEARCH,0.0000,0.0000,0.0000,-0.0000
367889,dynamic,-2.6646,0.0664,3.1997,32.92,2.000,-0.3859,-1.8741,1.9134,0.4941,1.8485,0.000,1,SEARCH,0.0000,0.0000,0.0000,-0.0000
367989,dynamic,-2.6651,0.0667,3.1997,32.92,2.000,-0.3859,-1.8741,1.9134,0.4942,1.8485,0.000,1,SEARCH,0.0000,0.0000,0.0000,-0.0000
368096,dynamic,-2.6656,0.0669,3.1997,32.92,2.000,-0.3859,-1.8741,1.9134,0.4941,1.8485,0.000,1,SEARCH,0.0000,0.0000,0.0000,-0.0000
368190,dynamic,-2.6661,0.0674,3.1997,32.92,2.000,-0.3872,-1.8807,1.9201,0.4958,1.8550,0.000,1,SEARCH,0.0000,0.0000,0.0000,-0.0000
368289,dynamic,-2.6666,0.0678,3.1997,32.92,2.000,-0.3872,-1.8807,1.9201,0.4958,1.8550,0.000,1,SEARCH,0.0000,0.0000,0.0000,-0.0000
368389,dynamic,-2.6666,0.0683,3.1997,32.92,2.000,-0.3872,-1.8807,1.9201,0.4958,1.8550,0.000,1,SEARCH,0.0000,0.0000,0.0000,-0.0000
368489,dynamic,-2.6664,0.0689,3.1998,32.92,2.000,-0.3872,-1.8807,1.9201,0.4958,1.8550,0.000,1,SEARCH,0.0000,0.0000,0.0000,-0.0000
368589,dynamic,-2.6671,0.0692,3.1997,32.92,2.000,-0.3872,-1.8807,1.9201,0.4958,1.8550,0.000,1,SEARCH,0.0000,0.0000,0.0000,-0.0000
368702,dynamic,-2.6679,0.0693,3.1998,32.92,2.000,-0.3872,-1.8807,1.9201,0.4958,1.8550,0.000,1,SEARCH,0.0000,0.0000,0.0000,-0.0000
368789,dynamic,-2.6678,0.0694,3.1998,32.92,2.000,-0.3878,-1.8835,1.9230,0.4966,1.8578,0.000,1,SEARCH,0.0000,0.0000,0.0000,-0.0000
368889,dynamic,-2.6675,0.0695,3.1998,32.92,2.000,-0.3878,-1.8835,1.9230,0.4966,1.8578,0.000,1,SEARCH,0.0000,0.0000,0.0000,-0.0000
368989,dynamic,-2.6670,0.0699,3.1998,32.92,2.000,-0.3878,-1.8835,1.9230,0.4967,1.8577,0.000,1,SEARCH,0.0000,0.0000,0.0000,-0.0000
369089,dynamic,-2.6665,0.0704,3.1998,32.92,2.000,-0.3878,-1.8835,1.9230,0.4967,1.8577,0.000,1,SEARCH,0.0000,0.0000,0.0000,-0.0000
369189,dynamic,-2.6660,0.0709,3.1998,32.92,2.000,-0.3878,-1.8835,1.9230,0.4967,1.8577,0.000,1,SEARCH,0.0000,0.0000,0.0000,-0.0000
369297,dynamic,-2.6657,0.0714,3.1998,32.92,2.000,-0.3878,-1.8835,1.9230,0.4967,1.8577,0.000,1,SEARCH,0.0000,0.0000,0.0000,-0.0000
369389,dynamic,-2.6655,0.0711,3.1999,25.79,2.000,-0.2787,-1.5675,1.5921,0.3696,1.5486,0.000,1,SEARCH,0.0000,0.0000,0.0000,-0.0000
369489,dynamic,-2.6655,0.0706,3.1999,25.79,2.000,-0.2787,-1.5675,1.5921,0.3696,1.5486,0.000,1,SEARCH,0.0000,0.0000,0.0000,-0.0000
369589,dynamic,-2.6654,0.0703,3.1999,25.79,2.000,-0.2787,-1.5675,1.5921,0.3696,1.5486,0.000,1,SEARCH,0.0000,0.0000,0.0000,-0.0000
369689,dynamic,-2.6653,0.0700,3.1998,25.79,2.000,-0.2787,-1.5675,1.5921,0.3695,1.5487,0.000,1,SEARCH,0.0000,0.0000,0.0000,-0.0000
369789,dynamic,-2.6652,0.0700,3.1998,25.79,2.000,-0.2787,-1.5675,1.5921,0.3695,1.5487,0.000,1,SEARCH,0.0000,0.0000,0.0000,-0.0000
369890,dynamic,-2.6651,0.0701,3.1998,25.79,2.000,-0.2787,-1.5675,1.5921,0.3695,1.5487,0.000,1,SEARCH,0.0000,0.0000,0.0000,-0.0000
369989,dynamic,-2.6645,0.0703,3.1998,32.92,2.000,-0.3898,-1.8944,1.9341,0.4993,1.8686,0.000,1,SEARCH,0.0000,0.0000,0.0000,-0.0000
370089,dynamic,-2.6641,0.0705,3.1998,32.92,2.000,-0.3898,-1.8944,1.9341,0.4993,1.8686,0.000,1,SEARCH,0.0000,0.0000,0.0000,-0.0000
370189,dynamic,-2.6637,0.0706,3.1998,32.92,2.000,-0.3898,-1.8944,1.9341,0.4993,1.8686,0.000,1,SEARCH,0.0000,0.0000,0.0000,-0.0000
370289,dynamic,-2.6634,0.0708,3.1998,32.92,2.000,-0.3898,-1.8944,1.9341,0.4993,1.8686,0.000,1,SEARCH,0.0000,0.0000,0.0000,-0.0000
370390,dynamic,-2.6631,0.0709,3.1998,32.92,2.000,-0.3898,-1.8944,1.9341,0.4993,1.8686,0.000,1,SEARCH,0.0000,0.0000,0.0000,-0.0000
370496,dynamic,-2.6629,0.0710,3.1998,32.92,2.000,-0.3898,-1.8944,1.9341,0.4994,1.8685,0.000,1,SEARCH,0.0000,0.0000,0.0000,-0.0000
370589,dynamic,-2.6631,0.0713,3.1999,25.79,2.000,-0.2813,-1.5812,1.6061,0.3729,1.5622,0.000,1,SEARCH,0.0000,0.0000,0.0000,-0.0000
370692,dynamic,-2.6634,0.0716,3.1999,25.79,2.000,-0.2813,-1.5812,1.6061,0.3729,1.5622,0.000,1,SEARCH,0.0000,0.0000,0.0000,-0.0000
370789,dynamic,-2.6630,0.0716,3.1999,25.79,2.000,-0.2813,-1.5812,1.6061,0.3730,1.5622,0.000,1,SEARCH,0.0000,0.0000,0.0000,-0.0000
370889,dynamic,-2.6627,0.0716,3.1999,25.79,2.000,-0.2813,-1.5812,1.6061,0.3729,1.5622,0.000,1,SEARCH,0.0000,0.0000,0.0000,-0.0000
370989,dynamic,-2.6626,0.0712,3.1999,25.79,2.000,-0.2813,-1.5812,1.6061,0.3729,1.5622,0.000,1,SEARCH,0.0000,0.0000,0.0000,-0.0000
371094,dynamic,-2.6627,0.0707,3.1999,25.79,2.000,-0.2813,-1.5812,1.6061,0.3729,1.5622,0.000,1,SEARCH,0.0000,0.0000,0.0000,-0.0000
371189,dynamic,-2.6622,0.0710,3.1999,25.79,2.000,-0.2815,-1.5834,1.6082,0.3732,1.5643,0.000,1,SEARCH,0.0000,0.0000,0.0000,-0.0000
371289,dynamic,-2.6617,0.0714,3.1998,25.79,2.000,-0.2815,-1.5834,1.6082,0.3732,1.5643,0.000,1,SEARCH,0.0000,0.0000,0.0000,-0.0000
371389,dynamic,-2.6619,0.0716,3.1998,25.79,2.000,-0.2815,-1.5834,1.6082,0.3732,1.5643,0.000,1,SEARCH,0.0000,0.0000,0.0000,-0.0000
371489,dynamic,-2.6624,0.0717,3.1999,25.79,2.000,-0.2815,-1.5834,1.6082,0.3732,1.5643,0.000,1,SEARCH,0.0000,0.0000,0.0000,-0.0000
371589,dynamic,-2.6622,0.0718,3.1999,25.79,2.000,-0.2815,-1.5834,1.6082,0.3732,1.5643,0.000,1,SEARCH,0.0000,0.0000,0.0000,-0.0000
371692,dynamic,-2.6619,0.0719,3.1999,25.79,2.000,-0.2815,-1.5834,1.6082,0.3733,1.5643,0.000,1,SEARCH,0.0000,0.0000,0.0000,-0.0000
371791,dynamic,-2.6620,0.0718,3.1999,25.79,2.000,-0.2815,-1.5834,1.6082,0.3732,1.5643,0.000,1,SEARCH,0.0000,0.0000,0.0000,-0.0000
371889,dynamic,-2.6622,0.0717,3.1999,32.93,2.000,-0.3930,-1.9095,1.9495,0.5036,1.8833,0.000,1,SEARCH,0.0000,0.0000,0.0000,-0.0000
371989,dynamic,-2.6627,0.0715,3.1999,32.93,2.000,-0.3930,-1.9095,1.9495,0.5036,1.8833,0.000,1,SEARCH,0.0000,0.0000,0.0000,-0.0000
372089,dynamic,-2.6634,0.0712,3.1999,32.93,2.000,-0.3930,-1.9095,1.9495,0.5036,1.8833,0.000,1,SEARCH,0.0000,0.0000,0.0000,-0.0000
372190,dynamic,-2.6639,0.0714,3.1999,32.93,2.000,-0.3930,-1.9095,1.9495,0.5036,1.8833,0.000,1,SEARCH,0.0000,0.0000,0.0000,-0.0000
372303,dynamic,-2.6643,0.0717,3.2000,32.93,2.000,-0.3930,-1.9095,1.9495,0.5037,1.8833,0.000,1,SEARCH,0.0000,0.0000,0.0000,-0.0000
372391,dynamic,-2.6652,0.0717,3.2000,32.93,2.000,-0.3930,-1.9095,1.9495,0.5038,1.8833,0.000,1,SEARCH,0.0000,0.0000,0.0000,-0.0000
372489,dynamic,-2.6663,0.0716,3.2000,32.93,2.000,-0.3925,-1.9072,1.9471,0.5031,1.8810,0.000,1,SEARCH,0.0000,0.0000,0.0000,-0.0000
372589,dynamic,-2.6665,0.0714,3.2000,32.93,2.000,-0.3925,-1.9072,1.9471,0.5031,1.8810,0.000,1,SEARCH,0.0000,0.0000,0.0000,-0.0000
372689,dynamic,-2.6666,0.0711,3.2000,32.93,2.000,-0.3925,-1.9072,1.9471,0.5031,1.8810,0.000,1,SEARCH,0.0000,0.0000,0.0000,-0.0000
372789,dynamic,-2.6662,0.0708,3.2000,32.93,2.000,-0.3925,-1.9072,1.9471,0.5032,1.8810,0.000,1,SEARCH,0.0000,0.0000,0.0000,-0.0000
372894,dynamic,-2.6658,0.0707,3.2000,32.93,2.000,-0.3925,-1.9072,1.9471,0.5031,1.8810,0.000,1,SEARCH,0.0000,0.0000,0.0000,-0.0000
372989,dynamic,-2.6660,0.0707,3.2000,32.93,2.000,-0.3909,-1.9009,1.9407,0.5012,1.8749,0.000,1,SEARCH,0.0000,0.0000,0.0000,-0.0000
373090,dynamic,-2.6665,0.0707,3.2000,32.93,2.000,-0.3909,-1.9009,1.9407,0.5012,1.8749,0.000,1,SEARCH,0.0000,0.0000,0.0000,-0.0000
373189,dynamic,-2.6662,0.0705,3.2000,32.93,2.000,-0.3909,-1.9009,1.9407,0.5013,1.8749,0.000,1,SEARCH,0.0000,0.0000,0.0000,-0.0000
373289,dynamic,-2.6658,0.0702,3.2000,32.93,2.000,-0.3909,-1.9009,1.9407,0.5012,1.8749,0.000,1,SEARCH,0.0000,0.0000,0.0000,-0.0000
373390,dynamic,-2.6661,0.0699,3.2000,32.93,2.000,-0.3909,-1.9009,1.9407,0.5012,1.8749,0.000,1,SEARCH,0.0000,0.0000,0.0000,-0.0000
373495,dynamic,-2.6667,0.0695,3.2000,32.93,2.000,-0.3909,-1.9009,1.9407,0.5013,1.8749,0.000,1,SEARCH,0.0000,0.0000,0.0000,-0.0000
373591,dynamic,-2.6671,0.0694,3.2000,32.93,2.000,-0.3882,-1.8879,1.9274,0.4978,1.8620,0.000,1,SEARCH,0.0000,0.0000,0.0000,-0.0000
373689,dynamic,-2.6675,0.0693,3.2000,32.93,2.000,-0.3882,-1.8879,1.9274,0.4978,1.8620,0.000,1,SEARCH,0.0000,0.0000,0.0000,-0.0000
373789,dynamic,-2.6685,0.0692,3.2000,32.93,2.000,-0.3882,-1.8879,1.9274,0.4978,1.8620,0.000,1,SEARCH,0.0000,0.0000,0.0000,-0.0000
373889,dynamic,-2.6696,0.0692,3.2000,32.93,2.000,-0.3882,-1.8879,1.9274,0.4978,1.8620,0.000,1,SEARCH,0.0000,0.0000,0.0000,-0.0000
373991,dynamic,-2.6693,0.0693,3.2000,32.93,2.000,-0.3882,-1.8879,1.9274,0.4978,1.8620,0.000,1,SEARCH,0.0000,0.0000,0.0000,-0.0000
374094,dynamic,-2.6688,0.0695,3.2000,32.93,2.000,-0.3882,-1.8879,1.9274,0.4979,1.8620,0.000,1,SEARCH,0.0000,0.0000,0.0000,-0.0000
374191,dynamic,-2.6681,0.0693,3.2001,25.80,2.000,-0.2767,-1.5575,1.5819,0.3672,1.5387,0.000,1,SEARCH,0.0000,0.0000,0.0000,-0.0000
374289,dynamic,-2.6675,0.0689,3.2001,25.80,2.000,-0.2767,-1.5575,1.5819,0.3672,1.5387,0.000,1,SEARCH,0.0000,0.0000,0.0000,-0.0000
374390,dynamic,-2.6674,0.0689,3.2001,25.80,2.000,-0.2767,-1.5575,1.5819,0.3672,1.5387,0.000,1,SEARCH,0.0000,0.0000,0.0000,-0.0000
374491,dynamic,-2.6674,0.0689,3.2001,25.80,2.000,-0.2767,-1.5575,1.5819,0.3672,1.5387,0.000,1,SEARCH,0.0000,0.0000,0.0000,-0.0000
374591,dynamic,-2.6668,0.0690,3.2001,25.80,2.000,-0.2767,-1.5575,1.5819,0.3673,1.5387,0.000,1,SEARCH,0.0000,0.0000,0.0000,-0.0000
374698,dynamic,-2.6663,0.0691,3.2001,25.80,2.000,-0.2767,-1.5575,1.5819,0.3673,1.5387,0.000,1,SEARCH,0.0000,0.0000,0.0000,-0.0000
374795,dynamic,-2.6660,0.0688,3.2001,25.80,2.000,-0.2760,-1.5543,1.5786,0.3664,1.5355,0.000,1,SEARCH,0.0000,0.0000,0.0000,-0.0000
374891,dynamic,-2.6659,0.0685,3.2001,25.80,2.000,-0.2760,-1.5543,1.5786,0.3664,1.5355,0.000,1,SEARCH,0.0000,0.0000,0.0000,-0.0000
374991,dynamic,-2.6668,0.0681,3.2001,25.80,2.000,-0.2760,-1.5543,1.5786,0.3664,1.5355,0.000,1,SEARCH,0.0000,0.0000,0.0000,-0.0000
375090,dynamic,-2.6677,0.0678,3.2001,25.80,2.000,-0.2760,-1.5543,1.5786,0.3664,1.5355,0.000,1,SEARCH,0.0000,0.0000,0.0000,-0.0000
375192,dynamic,-2.6672,0.0676,3.2000,25.80,2.000,-0.2760,-1.5543,1.5786,0.3663,1.5355,0.000,1,SEARCH,0.0000,0.0000,0.0000,-0.0000
375292,dynamic,-2.6665,0.0676,3.2000,25.80,2.000,-0.2760,-1.5543,1.5786,0.3663,1.5355,0.000,1,SEARCH,0.0000,0.0000,0.0000,-0.0000
375398,dynamic,-2.6657,0.0677,3.2000,25.80,2.000,-0.2760,-1.5543,1.5786,0.3663,1.5355,0.000,1,SEARCH,0.0000,0.0000,0.0000,-0.0000
375490,dynamic,-2.6651,0.0678,3.2000,25.80,2.000,-0.2763,-1.5557,1.5800,0.3666,1.5369,0.000,1,SEARCH,0.0000,0.0000,0.0000,-0.0000
375591,dynamic,-2.6642,0.0675,3.2000,25.80,2.000,-0.2763,-1.5557,1.5800,0.3666,1.5369,0.000,1,SEARCH,0.0000,0.0000,0.0000,-0.0000
375689,dynamic,-2.6634,0.0672,3.2000,25.80,2.000,-0.2763,-1.5557,1.5800,0.3666,1.5369,0.000,1,SEARCH,0.0000,0.0000,0.0000,-0.0000
375790,dynamic,-2.6628,0.0670,3.2000,25.80,2.000,-0.2763,-1.5557,1.5800,0.3666,1.5369,0.000,1,SEARCH,0.0000,0.0000,0.0000,-0.0000
375891,dynamic,-2.6624,0.0669,3.2000,25.80,2.000,-0.2763,-1.5557,1.5800,0.3666,1.5369,0.000,1,SEARCH,0.0000,0.0000,0.0000,-0.0000
375992,dynamic,-2.6616,0.0669,3.2000,25.80,2.000,-0.2763,-1.5557,1.5800,0.3666,1.5369,0.000,1,SEARCH,0.0000,0.0000,0.0000,-0.0000
376092,dynamic,-2.6609,0.0669,3.2000,25.80,2.000,-0.2763,-1.5557,1.5800,0.3666,1.5369,0.000,1,SEARCH,0.0000,0.0000,0.0000,-0.0000
376190,dynamic,-2.6605,0.0671,3.2000,25.80,2.000,-0.2771,-1.5602,1.5846,0.3678,1.5413,0.000,1,SEARCH,0.0000,0.0000,0.0000,-0.0000
376289,dynamic,-2.6603,0.0673,3.2000,25.80,2.000,-0.2771,-1.5602,1.5846,0.3677,1.5413,0.000,1,SEARCH,0.0000,0.0000,0.0000,-0.0000
376390,dynamic,-2.6600,0.0671,3.2000,25.80,2.000,-0.2771,-1.5602,1.5846,0.3677,1.5413,0.000,1,SEARCH,0.0000,0.0000,0.0000,-0.0000
376492,dynamic,-2.6598,0.0668,3.2000,25.80,2.000,-0.2771,-1.5602,1.5846,0.3677,1.5413,0.000,1,SEARCH,0.0000,0.0000,0.0000,-0.0000
376589,dynamic,-2.6599,0.0662,3.2000,25.80,2.000,-0.2771,-1.5602,1.5846,0.3677,1.5413,0.000,1,SEARCH,0.0000,0.0000,0.0000,-0.0000
376701,dynamic,-2.6601,0.0656,3.2000,25.80,2.000,-0.2771,-1.5602,1.5846,0.3677,1.5413,0.000,1,SEARCH,0.0000,0.0000,0.0000,-0.0000
376792,dynamic,-2.6597,0.0654,3.2000,25.78,2.000,-0.2766,-1.5634,1.5877,0.3674,1.5446,0.000,1,SEARCH,0.0000,0.0000,0.0000,-0.0000
376891,dynamic,-2.6592,0.0654,3.2000,25.78,2.000,-0.2766,-1.5634,1.5877,0.3674,1.5446,0.000,1,SEARCH,0.0000,0.0000,0.0000,-0.0000
376992,dynamic,-2.6588,0.0653,3.2000,25.78,2.000,-0.2766,-1.5634,1.5877,0.3674,1.5446,0.000,1,SEARCH,0.0000,0.0000,0.0000,-0.0000
377091,dynamic,-2.6583,0.0653,3.2000,25.78,2.000,-0.2766,-1.5634,1.5877,0.3674,1.5446,0.000,1,SEARCH,0.0000,0.0000,0.0000,-0.0000
377191,dynamic,-2.6582,0.0655,3.2000,25.78,2.000,-0.2766,-1.5634,1.5877,0.3674,1.5446,0.000,1,SEARCH,0.0000,0.0000,0.0000,-0.0000
377296,dynamic,-2.6580,0.0657,3.2000,25.78,2.000,-0.2766,-1.5634,1.5877,0.3674,1.5446,0.000,1,SEARCH,0.0000,0.0000,0.0000,-0.0000
377397,dynamic,-2.6583,0.0658,3.2000,25.81,2.000,-0.2775,-1.5628,1.5873,0.3683,1.5439,0.000,1,SEARCH,0.0000,0.0000,0.0000,-0.0000
377492,dynamic,-2.6587,0.0659,3.2000,25.81,2.000,-0.2775,-1.5628,1.5873,0.3684,1.5439,0.000,1,SEARCH,0.0000,0.0000,0.0000,-0.0000
377594,dynamic,-2.6589,0.0665,3.2000,25.81,2.000,-0.2775,-1.5628,1.5873,0.3683,1.5439,0.000,1,SEARCH,0.0000,0.0000,0.0000,-0.0000
377692,dynamic,-2.6590,0.0672,3.2000,25.81,2.000,-0.2775,-1.5628,1.5873,0.3683,1.5439,0.000,1,SEARCH,0.0000,0.0000,0.0000,-0.0000
377791,dynamic,-2.6590,0.0675,3.2000,25.81,2.000,-0.2775,-1.5628,1.5873,0.3683,1.5439,0.000,1,SEARCH,0.0000,0.0000,0.0000,-0.0000
377890,dynamic,-2.6589,0.0676,3.2000,25.81,2.000,-0.2775,-1.5628,1.5873,0.3683,1.5440,0.000,1,SEARCH,0.0000,0.0000,0.0000,-0.0000
377995,dynamic,-2.6591,0.0676,3.2000,25.81,2.000,-0.2775,-1.5628,1.5873,0.3683,1.5440,0.000,1,SEARCH,0.0000,0.0000,0.0000,-0.0000
378091,dynamic,-2.6594,0.0675,3.2000,32.91,2.000,-0.3853,-1.8816,1.9206,0.4945,1.8559,0.000,1,SEARCH,0.0000,0.0000,0.0000,-0.0000
378193,dynamic,-2.6603,0.0676,3.2000,32.91,2.000,-0.3853,-1.8816,1.9206,0.4945,1.8559,0.000,1,SEARCH,0.0000,0.0000,0.0000,-0.0000
378292,dynamic,-2.6613,0.0677,3.2000,32.91,2.000,-0.3853,-1.8816,1.9206,0.4945,1.8559,0.000,1,SEARCH,0.0000,0.0000,0.0000,-0.0000
378391,dynamic,-2.6630,0.0680,3.2000,32.91,2.000,-0.3853,-1.8816,1.9206,0.4946,1.8559,0.000,1,SEARCH,0.0000,0.0000,0.0000,-0.0000
378489,dynamic,-2.6646,0.0684,3.2000,32.91,2.000,-0.3853,-1.8816,1.9206,0.4946,1.8559,0.000,1,SEARCH,0.0000,0.0000,0.0000,-0.0000
378591,dynamic,-2.6648,0.0686,3.2000,32.91,2.000,-0.3853,-1.8816,1.9206,0.4946,1.8559,0.000,1,SEARCH,0.0000,0.0000,0.0000,-0.0000
378698,dynamic,-2.6647,0.0687,3.2000,32.91,2.000,-0.3853,-1.8816,1.9206,0.4946,1.8559,0.000,1,SEARCH,0.0000,0.0000,0.0000,-0.0000
378791,dynamic,-2.6649,0.0688,3.2000,32.93,2.000,-0.3889,-1.8921,1.9316,0.4988,1.8661,0.000,1,SEARCH,0.0000,0.0000,0.0000,-0.0000
378890,dynamic,-2.6651,0.0688,3.2001,32.93,2.000,-0.3889,-1.8921,1.9316,0.4988,1.8661,0.000,1,SEARCH,0.0000,0.0000,0.0000,-0.0000
378992,dynamic,-2.6652,0.0687,3.2001,32.93,2.000,-0.3889,-1.8921,1.9316,0.4988,1.8661,0.000,1,SEARCH,0.0000,0.0000,0.0000,-0.0000
379093,dynamic,-2.6651,0.0685,3.2000,32.93,2.000,-0.3889,-1.8921,1.9316,0.4988,1.8661,0.000,1,SEARCH,0.0000,0.0000,0.0000,-0.0000
379191,dynamic,-2.6652,0.0686,3.2000,32.93,2.000,-0.3889,-1.8921,1.9316,0.4988,1.8661,0.000,1,SEARCH,0.0000,0.0000,0.0000,-0.0000
379290,dynamic,-2.6654,0.0687,3.2000,32.93,2.000,-0.3889,-1.8921,1.9316,0.4987,1.8661,0.000,1,SEARCH,0.0000,0.0000,0.0000,-0.0000
379392,dynamic,-2.6657,0.0689,3.2000,32.93,2.000,-0.3889,-1.8921,1.9316,0.4987,1.8661,0.000,1,SEARCH,0.0000,0.0000,0.0000,-0.0000
379492,dynamic,-2.6661,0.0691,3.2000,32.93,2.000,-0.3893,-1.8944,1.9340,0.4992,1.8684,0.000,1,SEARCH,0.0000,0.0000,0.0000,-0.0000
379590,dynamic,-2.6661,0.0691,3.2000,32.93,2.000,-0.3893,-1.8944,1.9340,0.4992,1.8684,0.000,1,SEARCH,0.0000,0.0000,0.0000,-0.0000
379691,dynamic,-2.6661,0.0691,3.2000,32.93,2.000,-0.3893,-1.8944,1.9340,0.4992,1.8684,0.000,1,SEARCH,0.0000,0.0000,0.0000,-0.0000
379792,dynamic,-2.6654,0.0692,3.2000,32.93,2.000,-0.3893,-1.8944,1.9340,0.4992,1.8684,0.000,1,SEARCH,0.0000,0.0000,0.0000,-0.0000
379891,dynamic,-2.6646,0.0692,3.2000,32.93,2.000,-0.3893,-1.8944,1.9340,0.4992,1.8684,0.000,1,SEARCH,0.0000,0.0000,0.0000,-0.0000
379989,dynamic,-2.6648,0.0694,3.2000,32.93,2.000,-0.3893,-1.8944,1.9340,0.4993,1.8684,0.000,1,SEARCH,0.0000,0.0000,0.0000,-0.0000
380097,dynamic,-2.6652,0.0696,3.2001,32.93,2.000,-0.3893,-1.8944,1.9340,0.4993,1.8684,0.000,1,SEARCH,0.0000,0.0000,0.0000,-0.0000
380191,dynamic,-2.6656,0.0698,3.2001,32.93,2.000,-0.3903,-1.8987,1.9384,0.5006,1.8727,0.000,1,SEARCH,0.0000,0.0000,0.0000,-0.0000
380293,dynamic,-2.6661,0.0699,3.2001,32.93,2.000,-0.3903,-1.8987,1.9384,0.5006,1.8727,0.000,1,SEARCH,0.0000,0.0000,0.0000,-0.0000
380390,dynamic,-2.6659,0.0696,3.2001,32.93,2.000,-0.3903,-1.8987,1.9384,0.5007,1.8727,0.000,1,SEARCH,0.0000,0.0000,0.0000,-0.0000
380490,dynamic,-2.6654,0.0691,3.2001,32.93,2.000,-0.3903,-1.8987,1.9384,0.5007,1.8727,0.000,1,SEARCH,0.0000,0.0000,0.0000,-0.0000
380591,dynamic,-2.6651,0.0691,3.2001,32.93,2.000,-0.3903,-1.8987,1.9384,0.5007,1.8727,0.000,1,SEARCH,0.0000,0.0000,0.0000,-0.0000
380692,dynamic,-2.6650,0.0691,3.2001,32.93,2.000,-0.3903,-1.8987,1.9384,0.5007,1.8727,0.000,1,SEARCH,0.0000,0.0000,0.0000,-0.0000
380792,dynamic,-2.6645,0.0691,3.2001,32.93,2.000,-0.3903,-1.8987,1.9384,0.5007,1.8726,0.000,1,SEARCH,0.0000,0.0000,0.0000,-0.0000
380890,dynamic,-2.6639,0.0690,3.2002,25.80,2.000,-0.2809,-1.5822,1.6070,0.3730,1.5631,0.000,1,SEARCH,0.0000,0.0000,0.0000,-0.0000
380993,dynamic,-2.6640,0.0687,3.2001,25.80,2.000,-0.2809,-1.5822,1.6070,0.3730,1.5631,0.000,1,SEARCH,0.0000,0.0000,0.0000,-0.0000
381092,dynamic,-2.6641,0.0684,3.2001,25.80,2.000,-0.2809,-1.5822,1.6070,0.3730,1.5631,0.000,1,SEARCH,0.0000,0.0000,0.0000,-0.0000
381190,dynamic,-2.6638,0.0684,3.2001,25.80,2.000,-0.2809,-1.5822,1.6070,0.3730,1.5631,0.000,1,SEARCH,0.0000,0.0000,0.0000,-0.0000
381293,dynamic,-2.6634,0.0685,3.2001,25.80,2.000,-0.2809,-1.5822,1.6070,0.3730,1.5631,0.000,1,SEARCH,0.0000,0.0000,0.0000,-0.0000
381390,dynamic,-2.6631,0.0686,3.2002,25.80,2.000,-0.2809,-1.5822,1.6070,0.3730,1.5631,0.000,1,SEARCH,0.0000,0.0000,0.0000,-0.0000
381493,dynamic,-2.6628,0.0688,3.2002,25.80,2.000,-0.2809,-1.5822,1.6070,0.3730,1.5631,0.000,1,SEARCH,0.0000,0.0000,0.0000,-0.0000
381591,dynamic,-2.6625,0.0689,3.2002,32.93,2.000,-0.3919,-1.9072,1.9470,0.5030,1.8809,0.000,1,SEARCH,0.0000,0.0000,0.0000,-0.0000
381691,dynamic,-2.6623,0.0688,3.2002,32.93,2.000,-0.3919,-1.9072,1.9470,0.5030,1.8809,0.000,1,SEARCH,0.0000,0.0000,0.0000,-0.0000
381791,dynamic,-2.6621,0.0693,3.2002,32.93,2.000,-0.3919,-1.9072,1.9470,0.5030,1.8809,0.000,1,SEARCH,0.0000,0.0000,0.0000,-0.0000
381890,dynamic,-2.6619,0.0698,3.2003,32.93,2.000,-0.3919,-1.9072,1.9470,0.5031,1.8809,0.000,1,SEARCH,0.0000,0.0000,0.0000,-0.0000
381990,dynamic,-2.6615,0.0699,3.2003,32.93,2.000,-0.3919,-1.9072,1.9470,0.5031,1.8809,0.000,1,SEARCH,0.0000,0.0000,0.0000,-0.0000
382091,dynamic,-2.6612,0.0699,3.2002,32.93,2.000,-0.3919,-1.9072,1.9470,0.5030,1.8809,0.000,1,SEARCH,0.0000,0.0000,0.0000,-0.0000
382195,dynamic,-2.6614,0.0701,3.2002,25.80,2.000,-0.2811,-1.5844,1.6092,0.3735,1.5652,0.000,1,SEARCH,0.0000,0.0000,0.0000,-0.0000
382293,dynamic,-2.6616,0.0703,3.2002,25.80,2.000,-0.2811,-1.5844,1.6092,0.3735,1.5652,0.000,1,SEARCH,0.0000,0.0000,0.0000,-0.0000
382389,dynamic,-2.6613,0.0700,3.2002,25.80,2.000,-0.2811,-1.5844,1.6092,0.3735,1.5652,0.000,1,SEARCH,0.0000,0.0000,0.0000,-0.0000
382493,dynamic,-2.6609,0.0697,3.2002,25.80,2.000,-0.2811,-1.5844,1.6092,0.3735,1.5652,0.000,1,SEARCH,0.0000,0.0000,0.0000,-0.0000
382590,dynamic,-2.6606,0.0698,3.2002,25.80,2.000,-0.2811,-1.5844,1.6092,0.3735,1.5652,0.000,1,SEARCH,0.0000,0.0000,0.0000,-0.0000
382691,dynamic,-2.6604,0.0699,3.2003,25.80,2.000,-0.2811,-1.5844,1.6092,0.3735,1.5652,0.000,1,SEARCH,0.0000,0.0000,0.0000,-0.0000
382803,dynamic,-2.6601,0.0700,3.2003,25.80,2.000,-0.2811,-1.5844,1.6092,0.3735,1.5652,0.000,1,SEARCH,0.0000,0.0000,0.0000,-0.0000
382893,dynamic,-2.6598,0.0701,3.2003,25.80,2.000,-0.2811,-1.5844,1.6092,0.3736,1.5652,0.000,1,SEARCH,0.0000,0.0000,0.0000,-0.0000
382991,dynamic,-2.6596,0.0700,3.2003,32.93,2.000,-0.3926,-1.9106,1.9505,0.5040,1.8843,0.000,1,SEARCH,0.0000,0.0000,0.0000,-0.0000
383093,dynamic,-2.6593,0.0698,3.2003,32.93,2.000,-0.3926,-1.9106,1.9505,0.5039,1.8843,0.000,1,SEARCH,0.0000,0.0000,0.0000,-0.0000
383190,dynamic,-2.6592,0.0698,3.2003,32.93,2.000,-0.3926,-1.9106,1.9505,0.5039,1.8843,0.000,1,SEARCH,0.0000,0.0000,0.0000,-0.0000
383290,dynamic,-2.6590,0.0699,3.2003,32.93,2.000,-0.3926,-1.9106,1.9505,0.5040,1.8843,0.000,1,SEARCH,0.0000,0.0000,0.0000,-0.0000
383391,dynamic,-2.6592,0.0700,3.2003,32.93,2.000,-0.3926,-1.9106,1.9505,0.5040,1.8843,0.000,1,SEARCH,0.0000,0.0000,0.0000,-0.0000
383490,dynamic,-2.6596,0.0702,3.2003,32.93,2.000,-0.3926,-1.9106,1.9505,0.5040,1.8843,0.000,1,SEARCH,0.0000,0.0000,0.0000,-0.0000
383598,dynamic,-2.6589,0.0703,3.2003,25.80,2.000,-0.2807,-1.5818,1.6065,0.3729,1.5626,0.000,1,SEARCH,0.0000,0.0000,0.0000,-0.0000
383695,dynamic,-2.6580,0.0702,3.2003,25.80,2.000,-0.2807,-1.5818,1.6065,0.3729,1.5627,0.000,1,SEARCH,0.0000,0.0000,0.0000,-0.0000
383793,dynamic,-2.6581,0.0702,3.2003,25.80,2.000,-0.2807,-1.5818,1.6065,0.3729,1.5626,0.000,1,SEARCH,0.0000,0.0000,0.0000,-0.0000
383892,dynamic,-2.6583,0.0702,3.2003,25.80,2.000,-0.2807,-1.5818,1.6065,0.3730,1.5626,0.000,1,SEARCH,0.0000,0.0000,0.0000,-0.0000
383992,dynamic,-2.6584,0.0700,3.2003,25.80,2.000,-0.2807,-1.5818,1.6065,0.3730,1.5626,0.000,1,SEARCH,0.0000,0.0000,0.0000,-0.0000
384091,dynamic,-2.6586,0.0698,3.2003,25.80,2.000,-0.2807,-1.5818,1.6065,0.3730,1.5626,0.000,1,SEARCH,0.0000,0.0000,0.0000,-0.0000
384197,dynamic,-2.6583,0.0698,3.2003,25.80,2.000,-0.2807,-1.5818,1.6065,0.3730,1.5626,0.000,1,SEARCH,0.0000,0.0000,0.0000,-0.0000
384293,dynamic,-2.6579,0.0698,3.2003,32.93,2.000,-0.3895,-1.8959,1.9355,0.5000,1.8698,0.000,1,SEARCH,0.0000,0.0000,0.0000,-0.0000
384398,dynamic,-2.6580,0.0700,3.2003,32.93,2.000,-0.3895,-1.8959,1.9355,0.5000,1.8698,0.000,1,SEARCH,0.0000,0.0000,0.0000,-0.0000
384492,dynamic,-2.6583,0.0702,3.2003,32.93,2.000,-0.3895,-1.8959,1.9355,0.5000,1.8698,0.000,1,SEARCH,0.0000,0.0000,0.0000,-0.0000
384591,dynamic,-2.6589,0.0704,3.2003,32.93,2.000,-0.3895,-1.8959,1.9355,0.5000,1.8698,0.000,1,SEARCH,0.0000,0.0000,0.0000,-0.0000
384693,dynamic,-2.6596,0.0705,3.2002,32.93,2.000,-0.3895,-1.8959,1.9355,0.4999,1.8699,0.000,1,SEARCH,0.0000,0.0000,0.0000,-0.0000
384804,dynamic,-2.6598,0.0706,3.2002,32.93,2.000,-0.3895,-1.8959,1.9355,0.4999,1.8699,0.000,1,SEARCH,0.0000,0.0000,0.0000,-0.0000
384895,dynamic,-2.6600,0.0706,3.2002,25.77,2.000,-0.2762,-1.5631,1.5873,0.3672,1.5442,0.000,1,SEARCH,0.0000,0.0000,0.0000,-0.0000
384996,dynamic,-2.6599,0.0708,3.2002,25.77,2.000,-0.2762,-1.5631,1.5873,0.3673,1.5442,0.000,1,SEARCH,0.0000,0.0000,0.0000,-0.0000
385094,dynamic,-2.6597,0.0712,3.2002,25.77,2.000,-0.2762,-1.5631,1.5873,0.3672,1.5442,0.000,1,SEARCH,0.0000,0.0000,0.0000,-0.0000
385194,dynamic,-2.6603,0.0713,3.2002,25.77,2.000,-0.2762,-1.5631,1.5873,0.3672,1.5442,0.000,1,SEARCH,0.0000,0.0000,0.0000,-0.0000
385296,dynamic,-2.6609,0.0715,3.2002,25.77,2.000,-0.2762,-1.5631,1.5873,0.3673,1.5442,0.000,1,SEARCH,0.0000,0.0000,0.0000,-0.0000
385391,dynamic,-2.6613,0.0713,3.2002,25.77,2.000,-0.2762,-1.5631,1.5873,0.3673,1.5442,0.000,1,SEARCH,0.0000,0.0000,0.0000,-0.0000
385490,dynamic,-2.6617,0.0710,3.2002,25.77,2.000,-0.2762,-1.5631,1.5873,0.3673,1.5442,0.000,1,SEARCH,0.0000,0.0000,0.0000,-0.0000
385595,dynamic,-2.6622,0.0706,3.2002,32.91,2.000,-0.3833,-1.8729,1.9117,0.4924,1.8472,0.000,1,SEARCH,0.0000,0.0000,0.0000,-0.0000
385693,dynamic,-2.6625,0.0703,3.2002,32.91,2.000,-0.3833,-1.8729,1.9117,0.4925,1.8472,0.000,1,SEARCH,0.0000,0.0000,0.0000,-0.0000
385793,dynamic,-2.6624,0.0698,3.2002,32.91,2.000,-0.3833,-1.8729,1.9117,0.4924,1.8472,0.000,1,SEARCH,0.0000,0.0000,0.0000,-0.0000
385893,dynamic,-2.6621,0.0694,3.2002,32.91,2.000,-0.3833,-1.8729,1.9117,0.4925,1.8472,0.000,1,SEARCH,0.0000,0.0000,0.0000,-0.0000
385995,dynamic,-2.6622,0.0691,3.2003,32.91,2.000,-0.3833,-1.8729,1.9117,0.4925,1.8472,0.000,1,SEARCH,0.0000,0.0000,0.0000,-0.0000
386106,dynamic,-2.6622,0.0690,3.2003,32.91,2.000,-0.3833,-1.8729,1.9117,0.4925,1.8472,0.000,1,SEARCH,0.0000,0.0000,0.0000,-0.0000
386196,dynamic,-2.6624,0.0688,3.2003,32.91,2.000,-0.3833,-1.8729,1.9117,0.4926,1.8472,0.000,1,SEARCH,0.0000,0.0000,0.0000,-0.0000
386294,dynamic,-2.6626,0.0685,3.2004,32.93,2.000,-0.3832,-1.8661,1.9051,0.4921,1.8404,0.000,1,SEARCH,0.0000,0.0000,0.0000,-0.0000
386393,dynamic,-2.6631,0.0686,3.2004,32.93,2.000,-0.3832,-1.8661,1.9051,0.4922,1.8404,0.000,1,SEARCH,0.0000,0.0000,0.0000,-0.0000
386493,dynamic,-2.6636,0.0688,3.2004,32.93,2.000,-0.3832,-1.8661,1.9051,0.4922,1.8404,0.000,1,SEARCH,0.0000,0.0000,0.0000,-0.0000
386592,dynamic,-2.6636,0.0688,3.2004,32.93,2.000,-0.3832,-1.8661,1.9051,0.4922,1.8404,0.000,1,SEARCH,0.0000,0.0000,0.0000,-0.0000
386693,dynamic,-2.6635,0.0686,3.2004,32.93,2.000,-0.3832,-1.8661,1.9051,0.4922,1.8404,0.000,1,SEARCH,0.0000,0.0000,0.0000,-0.0000
386794,dynamic,-2.6636,0.0686,3.2004,32.93,2.000,-0.3832,-1.8661,1.9051,0.4922,1.8404,0.000,1,SEARCH,0.0000,0.0000,0.0000,-0.0000
386893,dynamic,-2.6637,0.0686,3.2004,32.93,2.000,-0.3832,-1.8661,1.9051,0.4922,1.8404,0.000,1,SEARCH,0.0000,0.0000,0.0000,-0.0000
386997,dynamic,-2.6640,0.0685,3.2004,32.93,2.000,-0.3832,-1.8661,1.9051,0.4922,1.8404,0.000,1,SEARCH,0.0000,0.0000,0.0000,-0.0000
387094,dynamic,-2.6643,0.0684,3.2004,32.91,2.000,-0.3787,-1.8537,1.8920,0.4871,1.8282,0.000,1,SEARCH,0.0000,0.0000,0.0000,-0.0000
387194,dynamic,-2.6644,0.0685,3.2004,32.91,2.000,-0.3787,-1.8537,1.8920,0.4871,1.8282,0.000,1,SEARCH,0.0000,0.0000,0.0000,-0.0000
387294,dynamic,-2.6646,0.0686,3.2004,32.91,2.000,-0.3787,-1.8537,1.8920,0.4871,1.8282,0.000,1,SEARCH,0.0000,0.0000,0.0000,-0.0000
387391,dynamic,-2.6651,0.0687,3.2004,32.91,2.000,-0.3787,-1.8537,1.8920,0.4871,1.8282,0.000,1,SEARCH,0.0000,0.0000,0.0000,-0.0000
387490,dynamic,-2.6657,0.0689,3.2005,32.91,2.000,-0.3787,-1.8537,1.8920,0.4871,1.8282,0.000,1,SEARCH,0.0000,0.0000,0.0000,-0.0000
387598,dynamic,-2.6663,0.0691,3.2004,32.91,2.000,-0.3787,-1.8537,1.8920,0.4871,1.8282,0.000,1,SEARCH,0.0000,0.0000,0.0000,-0.0000
387693,dynamic,-2.6669,0.0693,3.2004,32.91,2.000,-0.3787,-1.8537,1.8920,0.4871,1.8282,0.000,1,SEARCH,0.0000,0.0000,0.0000,-0.0000
387795,dynamic,-2.6671,0.0691,3.2004,32.93,2.000,-0.3785,-1.8453,1.8837,0.4863,1.8198,0.000,1,SEARCH,0.0000,0.0000,0.0000,-0.0000
387895,dynamic,-2.6672,0.0687,3.2004,32.93,2.000,-0.3785,-1.8453,1.8837,0.4863,1.8198,0.000,1,SEARCH,0.0000,0.0000,0.0000,-0.0000
387991,dynamic,-2.6674,0.0688,3.2004,32.93,2.000,-0.3785,-1.8453,1.8837,0.4863,1.8198,0.000,1,SEARCH,0.0000,0.0000,0.0000,-0.0000
388097,dynamic,-2.6677,0.0690,3.2004,32.93,2.000,-0.3785,-1.8453,1.8837,0.4863,1.8198,0.000,1,SEARCH,0.0000,0.0000,0.0000,-0.0000
388200,dynamic,-2.6676,0.0694,3.2004,32.93,2.000,-0.3785,-1.8453,1.8837,0.4863,1.8198,0.000,1,SEARCH,0.0000,0.0000,0.0000,-0.0000
388310,dynamic,-2.6675,0.0697,3.2004,32.93,2.000,-0.3785,-1.8453,1.8837,0.4863,1.8198,0.000,1,SEARCH,0.0000,0.0000,0.0000,-0.0000
388390,dynamic,-2.6668,0.0699,3.2004,32.93,2.000,-0.3785,-1.8453,1.8837,0.4863,1.8198,0.000,1,SEARCH,0.0000,0.0000,0.0000,-0.0000
388492,dynamic,-2.6661,0.0702,3.2004,32.93,2.000,-0.3780,-1.8420,1.8804,0.4856,1.8166,0.000,1,SEARCH,0.0000,0.0000,0.0000,-0.0000
388594,dynamic,-2.6659,0.0704,3.2004,32.93,2.000,-0.3780,-1.8420,1.8804,0.4856,1.8166,0.000,1,SEARCH,0.0000,0.0000,0.0000,-0.0000
388692,dynamic,-2.6659,0.0705,3.2004,32.93,2.000,-0.3780,-1.8420,1.8804,0.4855,1.8166,0.000,1,SEARCH,0.0000,0.0000,0.0000,-0.0000
388800,dynamic,-2.6659,0.0704,3.2003,32.93,2.000,-0.3780,-1.8420,1.8804,0.4855,1.8166,0.000,1,SEARCH,0.0000,0.0000,0.0000,-0.0000
388891,dynamic,-2.6658,0.0702,3.2003,32.93,2.000,-0.3780,-1.8420,1.8804,0.4855,1.8166,0.000,1,SEARCH,0.0000,0.0000,0.0000,-0.0000
388991,dynamic,-2.6653,0.0703,3.2003,32.93,2.000,-0.3780,-1.8420,1.8804,0.4855,1.8167,0.000,1,SEARCH,0.0000,0.0000,0.0000,-0.0000
389089,dynamic,-2.6647,0.0704,3.2003,32.93,2.000,-0.3780,-1.8420,1.8804,0.4854,1.8167,0.000,1,SEARCH,0.0000,0.0000,0.0000,-0.0000
389192,dynamic,-2.6643,0.0704,3.2003,25.77,2.000,-0.2704,-1.5318,1.5555,0.3599,1.5133,0.000,1,SEARCH,0.0000,0.0000,0.0000,-0.0000
389293,dynamic,-2.6638,0.0703,3.2003,25.77,2.000,-0.2704,-1.5318,1.5555,0.3598,1.5133,0.000,1,SEARCH,0.0000,0.0000,0.0000,-0.0000
389392,dynamic,-2.6635,0.0701,3.2003,25.77,2.000,-0.2704,-1.5318,1.5555,0.3598,1.5133,0.000,1,SEARCH,0.0000,0.0000,0.0000,-0.0000
389490,dynamic,-2.6631,0.0698,3.2003,25.77,2.000,-0.2704,-1.5318,1.5555,0.3598,1.5133,0.000,1,SEARCH,0.0000,0.0000,0.0000,-0.0000
389591,dynamic,-2.6629,0.0695,3.2002,25.77,2.000,-0.2704,-1.5318,1.5555,0.3597,1.5133,0.000,1,SEARCH,0.0000,0.0000,0.0000,-0.0000
389694,dynamic,-2.6625,0.0691,3.2002,25.77,2.000,-0.2704,-1.5318,1.5555,0.3597,1.5133,0.000,1,SEARCH,0.0000,0.0000,0.0000,-0.0000
389794,dynamic,-2.6621,0.0691,3.2002,25.77,2.000,-0.2704,-1.5318,1.5555,0.3597,1.5133,0.000,1,SEARCH,0.0000,0.0000,0.0000,-0.0000
389892,dynamic,-2.6615,0.0692,3.2002,32.91,2.000,-0.3809,-1.8622,1.9008,0.4893,1.8367,0.000,1,SEARCH,0.0000,0.0000,0.0000,-0.0000
389992,dynamic,-2.6617,0.0692,3.2002,32.91,2.000,-0.3809,-1.8622,1.9008,0.4893,1.8367,0.000,1,SEARCH,0.0000,0.0000,0.0000,-0.0000
390097,dynamic,-2.6618,0.0691,3.2002,32.91,2.000,-0.3809,-1.8622,1.9008,0.4893,1.8367,0.000,1,SEARCH,0.0000,0.0000,0.0000,-0.0000
390192,dynamic,-2.6620,0.0689,3.2002,32.91,2.000,-0.3809,-1.8622,1.9008,0.4893,1.8367,0.000,1,SEARCH,0.0000,0.0000,0.0000,-0.0000
390298,dynamic,-2.6620,0.0687,3.2002,32.91,2.000,-0.3809,-1.8622,1.9008,0.4894,1.8367,0.000,1,SEARCH,0.0000,0.0000,0.0000,-0.0000
390392,dynamic,-2.6615,0.0687,3.2002,32.91,2.000,-0.3809,-1.8622,1.9008,0.4894,1.8367,0.000,1,SEARCH,0.0000,0.0000,0.0000,-0.0000
390493,dynamic,-2.6610,0.0686,3.2002,32.91,2.000,-0.3809,-1.8622,1.9008,0.4894,1.8367,0.000,1,SEARCH,0.0000,0.0000,0.0000,-0.0000
390593,dynamic,-2.6611,0.0685,3.2003,32.94,2.000,-0.3877,-1.8874,1.9268,0.4977,1.8615,0.000,1,SEARCH,0.0000,0.0000,0.0000,-0.0000
390691,dynamic,-2.6614,0.0684,3.2003,32.94,2.000,-0.3877,-1.8874,1.9268,0.4977,1.8615,0.000,1,SEARCH,0.0000,0.0000,0.0000,-0.0000
390790,dynamic,-2.6616,0.0683,3.2003,32.94,2.000,-0.3877,-1.8874,1.9268,0.4978,1.8614,0.000,1,SEARCH,0.0000,0.0000,0.0000,-0.0000
390891,dynamic,-2.6616,0.0683,3.2003,32.94,2.000,-0.3877,-1.8874,1.9268,0.4977,1.8615,0.000,1,SEARCH,0.0000,0.0000,0.0000,-0.0000
390992,dynamic,-2.6623,0.0684,3.2003,32.94,2.000,-0.3877,-1.8874,1.9268,0.4977,1.8615,0.000,1,SEARCH,0.0000,0.0000,0.0000,-0.0000
391090,dynamic,-2.6629,0.0685,3.2002,32.94,2.000,-0.3877,-1.8874,1.9268,0.4977,1.8615,0.000,1,SEARCH,0.0000,0.0000,0.0000,-0.0000
391193,dynamic,-2.6626,0.0688,3.2002,32.94,2.000,-0.3877,-1.8874,1.9268,0.4977,1.8615,0.000,1,SEARCH,0.0000,0.0000,0.0000,-0.0000
391301,dynamic,-2.6618,0.0691,3.2002,25.78,2.000,-0.2811,-1.5909,1.6155,0.3738,1.5717,0.000,1,SEARCH,0.0000,0.0000,0.0000,-0.0000
391395,dynamic,-2.6617,0.0693,3.2003,25.78,2.000,-0.2811,-1.5909,1.6155,0.3739,1.5717,0.000,1,SEARCH,0.0000,0.0000,0.0000,-0.0000
391490,dynamic,-2.6616,0.0695,3.2003,25.78,2.000,-0.2811,-1.5909,1.6155,0.3739,1.5717,0.000,1,SEARCH,0.0000,0.0000,0.0000,-0.0000
391592,dynamic,-2.6615,0.0694,3.2003,25.78,2.000,-0.2811,-1.5909,1.6155,0.3739,1.5717,0.000,1,SEARCH,0.0000,0.0000,0.0000,-0.0000
391691,dynamic,-2.6613,0.0694,3.2003,25.78,2.000,-0.2811,-1.5909,1.6155,0.3739,1.5717,0.000,1,SEARCH,0.0000,0.0000,0.0000,-0.0000
391791,dynamic,-2.6614,0.0691,3.2003,25.78,2.000,-0.2811,-1.5909,1.6155,0.3739,1.5717,0.000,1,SEARCH,0.0000,0.0000,0.0000,-0.0000
391791,dynamic,-2.6614,0.0688,3.2003,25.78,2.000,-0.2811,-1.5909,1.6155,0.3739,1.5717,0.000,1,SEARCH,0.0000,0.0000,0.0000,-0.0000
391997,dynamic,-2.6615,0.0685,3.2003,25.78,2.000,-0.2811,-1.5909,1.6155,0.3739,1.5717,0.000,1,SEARCH,0.0000,0.0000,0.0000,-0.0000
392090,dynamic,-2.6614,0.0680,3.2002,32.92,2.000,-0.3966,-1.9381,1.9783,0.5095,1.9115,0.000,1,SEARCH,0.0000,0.0000,0.0000,-0.0000
392190,dynamic,-2.6617,0.0677,3.2002,32.92,2.000,-0.3966,-1.9381,1.9783,0.5095,1.9115,0.000,1,SEARCH,0.0000,0.0000,0.0000,-0.0000
392290,dynamic,-2.6621,0.0674,3.2002,32.92,2.000,-0.3966,-1.9381,1.9783,0.5095,1.9115,0.000,1,SEARCH,0.0000,0.0000,0.0000,-0.0000
392391,dynamic,-2.6625,0.0675,3.2003,32.92,2.000,-0.3966,-1.9381,1.9783,0.5095,1.9115,0.000,1,SEARCH,0.0000,0.0000,0.0000,-0.0000
392492,dynamic,-2.6629,0.0675,3.2003,32.92,2.000,-0.3966,-1.9381,1.9783,0.5095,1.9115,0.000,1,SEARCH,0.0000,0.0000,0.0000,-0.0000
392590,dynamic,-2.6631,0.0674,3.2003,32.92,2.000,-0.3966,-1.9381,1.9783,0.5096,1.9115,0.000,1,SEARCH,0.0000,0.0000,0.0000,-0.0000
392590,dynamic,-2.6632,0.0673,3.2003,32.92,2.000,-0.3966,-1.9381,1.9783,0.5096,1.9115,0.000,1,SEARCH,0.0000,0.0000,0.0000,-0.0000
392789,dynamic,-2.6637,0.0669,3.2003,32.93,2.000,-0.4008,-1.9524,1.9931,0.5147,1.9255,0.000,1,SEARCH,0.0000,0.0000,0.0000,-0.0000
392890,dynamic,-2.6641,0.0666,3.2003,32.93,2.000,-0.4008,-1.9524,1.9931,0.5147,1.9255,0.000,1,SEARCH,0.0000,0.0000,0.0000,-0.0000
392990,dynamic,-2.6651,0.0666,3.2004,32.93,2.000,-0.4008,-1.9524,1.9931,0.5147,1.9255,0.000,1,SEARCH,0.0000,0.0000,0.0000,-0.0000
393090,dynamic,-2.6660,0.0667,3.2004,32.93,2.000,-0.4008,-1.9524,1.9931,0.5148,1.9254,0.000,1,SEARCH,0.0000,0.0000,0.0000,-0.0000
393191,dynamic,-2.6660,0.0667,3.2004,32.93,2.000,-0.4008,-1.9524,1.9931,0.5148,1.9254,0.000,1,SEARCH,0.0000,0.0000,0.0000,-0.0000
393289,dynamic,-2.6657,0.0667,3.2004,32.93,2.000,-0.4008,-1.9524,1.9931,0.5148,1.9254,0.000,1,SEARCH,0.0000,0.0000,0.0000,-0.0000
393393,dynamic,-2.6656,0.0667,3.2004,32.93,2.000,-0.4008,-1.9524,1.9931,0.5148,1.9254,0.000,1,SEARCH,0.0000,0.0000,0.0000,-0.0000
393490,dynamic,-2.6655,0.0666,3.2004,32.91,2.000,-0.3979,-1.9468,1.9871,0.5116,1.9201,0.000,1,SEARCH,0.0000,0.0000,0.0000,-0.0000
393590,dynamic,-2.6657,0.0669,3.2004,32.91,2.000,-0.3979,-1.9468,1.9871,0.5116,1.9201,0.000,1,SEARCH,0.0000,0.0000,0.0000,-0.0000
393689,dynamic,-2.6659,0.0672,3.2004,32.91,2.000,-0.3979,-1.9468,1.9871,0.5116,1.9201,0.000,1,SEARCH,0.0000,0.0000,0.0000,-0.0000
393790,dynamic,-2.6653,0.0672,3.2004,32.91,2.000,-0.3979,-1.9468,1.9871,0.5116,1.9201,0.000,1,SEARCH,0.0000,0.0000,0.0000,-0.0000
393890,dynamic,-2.6644,0.0672,3.2004,32.91,2.000,-0.3979,-1.9468,1.9871,0.5116,1.9201,0.000,1,SEARCH,0.0000,0.0000,0.0000,-0.0000
393990,dynamic,-2.6645,0.0670,3.2004,32.91,2.000,-0.3979,-1.9468,1.9871,0.5116,1.9201,0.000,1,SEARCH,0.0000,0.0000,0.0000,-0.0000
394090,dynamic,-2.6647,0.0668,3.2004,32.91,2.000,-0.3979,-1.9468,1.9871,0.5116,1.9201,0.000,1,SEARCH,0.0000,0.0000,0.0000,-0.0000
394190,dynamic,-2.6643,0.0667,3.2004,32.94,2.000,-0.3967,-1.9332,1.9735,0.5096,1.9065,0.000,1,SEARCH,0.0000,0.0000,0.0000,-0.0000
394290,dynamic,-2.6637,0.0666,3.2004,32.94,2.000,-0.3967,-1.9332,1.9735,0.5097,1.9065,0.000,1,SEARCH,0.0000,0.0000,0.0000,-0.0000
394390,dynamic,-2.6634,0.0666,3.2005,32.94,2.000,-0.3967,-1.9332,1.9735,0.5097,1.9065,0.000,1,SEARCH,0.0000,0.0000,0.0000,-0.0000
394491,dynamic,-2.6632,0.0665,3.2005,32.94,2.000,-0.3967,-1.9332,1.9735,0.5098,1.9065,0.000,1,SEARCH,0.0000,0.0000,0.0000,-0.0000
394590,dynamic,-2.6627,0.0664,3.2005,32.94,2.000,-0.3967,-1.9332,1.9735,0.5098,1.9065,0.000,1,SEARCH,0.0000,0.0000,0.0000,-0.0000
394690,dynamic,-2.6621,0.0664,3.2005,32.94,2.000,-0.3967,-1.9332,1.9735,0.5097,1.9065,0.000,1,SEARCH,0.0000,0.0000,0.0000,-0.0000
394790,dynamic,-2.6621,0.0665,3.2005,32.91,2.000,-0.3924,-1.9210,1.9606,0.5047,1.8945,0.000,1,SEARCH,0.0000,0.0000,0.0000,-0.0000
394890,dynamic,-2.6622,0.0667,3.2005,32.91,2.000,-0.3924,-1.9210,1.9606,0.5047,1.8945,0.000,1,SEARCH,0.0000,0.0000,0.0000,-0.0000
394990,dynamic,-2.6622,0.0669,3.2005,32.91,2.000,-0.3924,-1.9210,1.9606,0.5048,1.8945,0.000,1,SEARCH,0.0000,0.0000,0.0000,-0.0000
395090,dynamic,-2.6621,0.0670,3.2005,32.91,2.000,-0.3924,-1.9210,1.9606,0.5048,1.8945,0.000,1,SEARCH,0.0000,0.0000,0.0000,-0.0000
395190,dynamic,-2.6620,0.0678,3.2005,32.91,2.000,-0.3924,-1.9210,1.9606,0.5048,1.8945,0.000,1,SEARCH,0.0000,0.0000,0.0000,-0.0000
395292,dynamic,-2.6619,0.0685,3.2005,32.91,2.000,-0.3924,-1.9210,1.9606,0.5048,1.8945,0.000,1,SEARCH,0.0000,0.0000,0.0000,-0.0000
395390,dynamic,-2.6626,0.0686,3.2005,32.91,2.000,-0.3924,-1.9210,1.9606,0.5048,1.8945,0.000,1,SEARCH,0.0000,0.0000,0.0000,-0.0000
395490,dynamic,-2.6637,0.0684,3.2005,32.94,2.000,-0.3924,-1.9135,1.9534,0.5044,1.8871,0.000,1,SEARCH,0.0000,0.0000,0.0000,-0.0000
395590,dynamic,-2.6633,0.0681,3.2005,32.94,2.000,-0.3924,-1.9135,1.9534,0.5044,1.8871,0.000,1,SEARCH,0.0000,0.0000,0.0000,-0.0000
395690,dynamic,-2.6628,0.0678,3.2005,32.94,2.000,-0.3924,-1.9135,1.9534,0.5043,1.8871,0.000,1,SEARCH,0.0000,0.0000,0.0000,-0.0000
395790,dynamic,-2.6623,0.0679,3.2005,32.94,2.000,-0.3924,-1.9135,1.9534,0.5044,1.8871,0.000,1,SEARCH,0.0000,0.0000,0.0000,-0.0000
395890,dynamic,-2.6615,0.0681,3.2005,32.94,2.000,-0.3924,-1.9135,1.9534,0.5043,1.8871,0.000,1,SEARCH,0.0000,0.0000,0.0000,-0.0000
396002,dynamic,-2.6611,0.0680,3.2005,32.94,2.000,-0.3924,-1.9135,1.9534,0.5043,1.8871,0.000,1,SEARCH,0.0000,0.0000,0.0000,-0.0000
396089,dynamic,-2.6607,0.0678,3.2005,32.91,2.000,-0.3907,-1.9127,1.9522,0.5026,1.8864,0.000,1,SEARCH,0.0000,0.0000,0.0000,-0.0000
396190,dynamic,-2.6606,0.0675,3.2005,32.91,2.000,-0.3907,-1.9127,1.9522,0.5026,1.8864,0.000,1,SEARCH,0.0000,0.0000,0.0000,-0.0000
396290,dynamic,-2.6605,0.0671,3.2005,32.91,2.000,-0.3907,-1.9127,1.9522,0.5026,1.8864,0.000,1,SEARCH,0.0000,0.0000,0.0000,-0.0000
396389,dynamic,-2.6602,0.0671,3.2005,32.91,2.000,-0.3907,-1.9127,1.9522,0.5026,1.8864,0.000,1,SEARCH,0.0000,0.0000,0.0000,-0.0000
396489,dynamic,-2.6596,0.0674,3.2005,32.91,2.000,-0.3907,-1.9127,1.9522,0.5026,1.8864,0.000,1,SEARCH,0.0000,0.0000,0.0000,-0.0000
396590,dynamic,-2.6601,0.0677,3.2005,32.91,2.000,-0.3907,-1.9127,1.9522,0.5026,1.8864,0.000,1,SEARCH,0.0000,0.0000,0.0000,-0.0000
396689,dynamic,-2.6608,0.0679,3.2004,32.91,2.000,-0.3907,-1.9127,1.9522,0.5025,1.8864,0.000,1,SEARCH,0.0000,0.0000,0.0000,-0.0000
396789,dynamic,-2.6611,0.0681,3.2005,32.94,2.000,-0.3931,-1.9167,1.9566,0.5052,1.8903,0.000,1,SEARCH,0.0000,0.0000,0.0000,-0.0000
396889,dynamic,-2.6612,0.0683,3.2005,32.94,2.000,-0.3931,-1.9167,1.9566,0.5053,1.8903,0.000,1,SEARCH,0.0000,0.0000,0.0000,-0.0000
396989,dynamic,-2.6615,0.0681,3.2004,32.94,2.000,-0.3931,-1.9167,1.9566,0.5052,1.8903,0.000,1,SEARCH,0.0000,0.0000,0.0000,-0.0000
397089,dynamic,-2.6618,0.0679,3.2004,32.94,2.000,-0.3931,-1.9167,1.9566,0.5052,1.8903,0.000,1,SEARCH,0.0000,0.0000,0.0000,-0.0000
397189,dynamic,-2.6628,0.0679,3.2004,32.94,2.000,-0.3931,-1.9167,1.9566,0.5052,1.8903,0.000,1,SEARCH,0.0000,0.0000,0.0000,-0.0000
397289,dynamic,-2.6638,0.0679,3.2005,32.94,2.000,-0.3931,-1.9167,1.9566,0.5052,1.8903,0.000,1,SEARCH,0.0000,0.0000,0.0000,-0.0000
397397,dynamic,-2.6644,0.0678,3.2005,32.94,2.000,-0.3931,-1.9167,1.9566,0.5052,1.8903,0.000,1,SEARCH,0.0000,0.0000,0.0000,-0.0000
397489,dynamic,-2.6650,0.0676,3.2005,32.91,2.000,-0.3922,-1.9194,1.9591,0.5045,1.8930,0.000,1,SEARCH,0.0000,0.0000,0.0000,-0.0000
397589,dynamic,-2.6657,0.0675,3.2005,32.91,2.000,-0.3922,-1.9194,1.9591,0.5045,1.8930,0.000,1,SEARCH,0.0000,0.0000,0.0000,-0.0000
397689,dynamic,-2.6662,0.0675,3.2005,32.91,2.000,-0.3922,-1.9194,1.9591,0.5045,1.8930,0.000,1,SEARCH,0.0000,0.0000,0.0000,-0.0000
397790,dynamic,-2.6669,0.0678,3.2004,32.91,2.000,-0.3922,-1.9194,1.9591,0.5044,1.8930,0.000,1,SEARCH,0.0000,0.0000,0.0000,-0.0000
397889,dynamic,-2.6676,0.0681,3.2004,32.91,2.000,-0.3922,-1.9194,1.9591,0.5044,1.8930,0.000,1,SEARCH,0.0000,0.0000,0.0000,-0.0000
397990,dynamic,-2.6685,0.0685,3.2004,32.91,2.000,-0.3922,-1.9194,1.9591,0.5044,1.8930,0.000,1,SEARCH,0.0000,0.0000,0.0000,-0.0000
398089,dynamic,-2.6695,0.0690,3.2004,32.93,2.000,-0.3955,-1.9281,1.9682,0.5082,1.9015,0.000,1,SEARCH,0.0000,0.0000,0.0000,-0.0000
398189,dynamic,-2.6703,0.0697,3.2004,32.93,2.000,-0.3955,-1.9281,1.9682,0.5082,1.9015,0.000,1,SEARCH,0.0000,0.0000,0.0000,-0.0000
398289,dynamic,-2.6709,0.0704,3.2005,32.93,2.000,-0.3955,-1.9281,1.9682,0.5083,1.9015,0.000,1,SEARCH,0.0000,0.0000,0.0000,-0.0000
398389,dynamic,-2.6710,0.0707,3.2004,32.93,2.000,-0.3955,-1.9281,1.9682,0.5083,1.9015,0.000,1,SEARCH,0.0000,0.0000,0.0000,-0.0000
398489,dynamic,-2.6708,0.0709,3.2004,32.93,2.000,-0.3955,-1.9281,1.9682,0.5082,1.9015,0.000,1,SEARCH,0.0000,0.0000,0.0000,-0.0000
398589,dynamic,-2.6711,0.0709,3.2004,32.93,2.000,-0.3955,-1.9281,1.9682,0.5082,1.9015,0.000,1,SEARCH,0.0000,0.0000,0.0000,-0.0000
398698,dynamic,-2.6715,0.0709,3.2004,32.93,2.000,-0.3955,-1.9281,1.9682,0.5081,1.9015,0.000,1,SEARCH,0.0000,0.0000,0.0000,-0.0000
398789,dynamic,-2.6716,0.0709,3.2004,25.77,2.000,-0.2831,-1.6037,1.6284,0.3768,1.5843,0.000,1,SEARCH,0.0000,0.0000,0.0000,-0.0000
398889,dynamic,-2.6717,0.0708,3.2003,25.77,2.000,-0.2831,-1.6037,1.6284,0.3767,1.5843,0.000,1,SEARCH,0.0000,0.0000,0.0000,-0.0000
398989,dynamic,-2.6715,0.0708,3.2003,25.77,2.000,-0.2831,-1.6037,1.6284,0.3767,1.5843,0.000,1,SEARCH,0.0000,0.0000,0.0000,-0.0000
399089,dynamic,-2.6714,0.0707,3.2004,25.77,2.000,-0.2831,-1.6037,1.6284,0.3768,1.5843,0.000,1,SEARCH,0.0000,0.0000,0.0000,-0.0000
399189,dynamic,-2.6717,0.0707,3.2004,25.77,2.000,-0.2831,-1.6037,1.6284,0.3768,1.5843,0.000,1,SEARCH,0.0000,0.0000,0.0000,-0.0000
399289,dynamic,-2.6722,0.0706,3.2004,25.77,2.000,-0.2831,-1.6037,1.6284,0.3768,1.5843,0.000,1,SEARCH,0.0000,0.0000,0.0000,-0.0000
399390,dynamic,-2.6716,0.0707,3.2004,25.77,2.000,-0.2831,-1.6037,1.6284,0.3768,1.5843,0.000,1,SEARCH,0.0000,0.0000,0.0000,-0.0000
399490,dynamic,-2.6705,0.0708,3.2004,25.77,2.000,-0.2831,-1.6037,1.6284,0.3768,1.5843,0.000,1,SEARCH,0.0000,0.0000,0.0000,-0.0000
399589,dynamic,-2.6702,0.0712,3.2004,32.91,2.000,-0.3956,-1.9348,1.9748,0.5086,1.9082,0.000,1,SEARCH,0.0000,0.0000,0.0000,-0.0000
399689,dynamic,-2.6700,0.0716,3.2004,32.91,2.000,-0.3956,-1.9348,1.9748,0.5086,1.9082,0.000,1,SEARCH,0.0000,0.0000,0.0000,-0.0000
399790,dynamic,-2.6700,0.0718,3.2004,32.91,2.000,-0.3956,-1.9348,1.9748,0.5086,1.9082,0.000,1,SEARCH,0.0000,0.0000,0.0000,-0.0000
399889,dynamic,-2.6700,0.0719,3.2004,32.91,2.000,-0.3956,-1.9348,1.9748,0.5086,1.9082,0.000,1,SEARCH,0.0000,0.0000,0.0000,-0.0000
399989,dynamic,-2.6700,0.0717,3.2004,32.91,2.000,-0.3956,-1.9348,1.9748,0.5086,1.9082,0.000,1,SEARCH,0.0000,0.0000,0.0000,-0.0000
400089,dynamic,-2.6700,0.0715,3.2003,32.91,2.000,-0.3956,-1.9348,1.9748,0.5085,1.9083,0.000,1,SEARCH,0.0000,0.0000,0.0000,-0.0000
400205,dynamic,-2.6696,0.0717,3.2003,32.91,2.000,-0.3956,-1.9348,1.9748,0.5085,1.9083,0.000,1,SEARCH,0.0000,0.0000,0.0000,-0.0000
400289,dynamic,-2.6691,0.0719,3.2003,25.77,2.000,-0.2824,-1.5991,1.6239,0.3757,1.5798,0.000,1,SEARCH,0.0000,0.0000,0.0000,-0.0000
400389,dynamic,-2.6691,0.0721,3.2003,25.77,2.000,-0.2824,-1.5991,1.6239,0.3758,1.5798,0.000,1,SEARCH,0.0000,0.0000,0.0000,-0.0000
400489,dynamic,-2.6693,0.0723,3.2004,25.77,2.000,-0.2824,-1.5991,1.6239,0.3758,1.5798,0.000,1,SEARCH,0.0000,0.0000,0.0000,-0.0000
400589,dynamic,-2.6688,0.0726,3.2004,25.77,2.000,-0.2824,-1.5991,1.6239,0.3759,1.5798,0.000,1,SEARCH,0.0000,0.0000,0.0000,-0.0000
400689,dynamic,-2.6681,0.0730,3.2005,25.77,2.000,-0.2824,-1.5991,1.6239,0.3760,1.5797,0.000,1,SEARCH,0.0000,0.0000,0.0000,-0.0000
400789,dynamic,-2.6680,0.0733,3.2005,25.77,2.000,-0.2824,-1.5991,1.6239,0.3761,1.5797,0.000,1,SEARCH,0.0000,0.0000,0.0000,-0.0000
400891,dynamic,-2.6680,0.0736,3.2005,25.77,2.000,-0.2824,-1.5991,1.6239,0.3761,1.5797,0.000,1,SEARCH,0.0000,0.0000,0.0000,-0.0000
400989,dynamic,-2.6675,0.0734,3.2005,25.78,2.000,-0.2795,-1.5833,1.6078,0.3722,1.5641,0.000,1,SEARCH,0.0000,0.0000,0.0000,-0.0000
401089,dynamic,-2.6669,0.0731,3.2005,25.78,2.000,-0.2795,-1.5833,1.6078,0.3723,1.5641,0.000,1,SEARCH,0.0000,0.0000,0.0000,-0.0000
401189,dynamic,-2.6666,0.0728,3.2005,25.78,2.000,-0.2795,-1.5833,1.6078,0.3723,1.5641,0.000,1,SEARCH,0.0000,0.0000,0.0000,-0.0000
401290,dynamic,-2.6664,0.0726,3.2005,25.78,2.000,-0.2795,-1.5833,1.6078,0.3723,1.5641,0.000,1,SEARCH,0.0000,0.0000,0.0000,-0.0000
401389,dynamic,-2.6658,0.0727,3.2005,25.78,2.000,-0.2795,-1.5833,1.6078,0.3723,1.5641,0.000,1,SEARCH,0.0000,0.0000,0.0000,-0.0000
401489,dynamic,-2.6651,0.0728,3.2005,25.78,2.000,-0.2795,-1.5833,1.6078,0.3723,1.5641,0.000,1,SEARCH,0.0000,0.0000,0.0000,-0.0000
401601,dynamic,-2.6645,0.0729,3.2005,25.78,2.000,-0.2795,-1.5833,1.6078,0.3722,1.5641,0.000,1,SEARCH,0.0000,0.0000,0.0000,-0.0000
401689,dynamic,-2.6638,0.0729,3.2005,25.78,2.000,-0.2768,-1.5687,1.5930,0.3687,1.5497,0.000,1,SEARCH,0.0000,0.0000,0.0000,-0.0000
401789,dynamic,-2.6628,0.0731,3.2005,25.78,2.000,-0.2768,-1.5687,1.5930,0.3686,1.5497,0.000,1,SEARCH,0.0000,0.0000,0.0000,-0.0000
401889,dynamic,-2.6620,0.0733,3.2005,25.78,2.000,-0.2768,-1.5687,1.5930,0.3686,1.5497,0.000,1,SEARCH,0.0000,0.0000,0.0000,-0.0000
401989,dynamic,-2.6614,0.0735,3.2004,25.78,2.000,-0.2768,-1.5687,1.5930,0.3686,1.5497,0.000,1,SEARCH,0.0000,0.0000,0.0000,-0.0000
402089,dynamic,-2.6610,0.0736,3.2004,25.78,2.000,-0.2768,-1.5687,1.5930,0.3686,1.5497,0.000,1,SEARCH,0.0000,0.0000,0.0000,-0.0000
402196,dynamic,-2.6608,0.0734,3.2005,25.78,2.000,-0.2768,-1.5687,1.5930,0.3686,1.5497,0.000,1,SEARCH,0.0000,0.0000,0.0000,-0.0000
402289,dynamic,-2.6607,0.0730,3.2004,32.92,2.000,-0.3830,-1.8729,1.9116,0.4925,1.8471,0.000,1,SEARCH,0.0000,0.0000,0.0000,-0.0000
402389,dynamic,-2.6602,0.0729,3.2004,32.92,2.000,-0.3830,-1.8729,1.9116,0.4924,1.8471,0.000,1,SEARCH,0.0000,0.0000,0.0000,-0.0000
402489,dynamic,-2.6598,0.0729,3.2005,32.92,2.000,-0.3830,-1.8729,1.9116,0.4925,1.8471,0.000,1,SEARCH,0.0000,0.0000,0.0000,-0.0000
402589,dynamic,-2.6597,0.0728,3.2005,32.92,2.000,-0.3830,-1.8729,1.9116,0.4925,1.8471,0.000,1,SEARCH,0.0000,0.0000,0.0000,-0.0000
402689,dynamic,-2.6598,0.0728,3.2005,32.92,2.000,-0.3830,-1.8729,1.9116,0.4925,1.8471,0.000,1,SEARCH,0.0000,0.0000,0.0000,-0.0000
402790,dynamic,-2.6590,0.0730,3.2005,32.92,2.000,-0.3830,-1.8729,1.9116,0.4926,1.8471,0.000,1,SEARCH,0.0000,0.0000,0.0000,-0.0000
402893,dynamic,-2.6581,0.0733,3.2005,32.92,2.000,-0.3830,-1.8729,1.9116,0.4926,1.8471,0.000,1,SEARCH,0.0000,0.0000,0.0000,-0.0000
402989,dynamic,-2.6579,0.0729,3.2005,25.78,2.000,-0.2725,-1.5443,1.5682,0.3630,1.5256,0.000,1,SEARCH,0.0000,0.0000,0.0000,-0.0000
403089,dynamic,-2.6578,0.0725,3.2005,25.78,2.000,-0.2725,-1.5443,1.5682,0.3630,1.5256,0.000,1,SEARCH,0.0000,0.0000,0.0000,-0.0000
403189,dynamic,-2.6576,0.0721,3.2005,25.78,2.000,-0.2725,-1.5443,1.5682,0.3630,1.5256,0.000,1,SEARCH,0.0000,0.0000,0.0000,-0.0000
403289,dynamic,-2.6572,0.0718,3.2005,25.78,2.000,-0.2725,-1.5443,1.5682,0.3630,1.5256,0.000,1,SEARCH,0.0000,0.0000,0.0000,-0.0000
403389,dynamic,-2.6571,0.0715,3.2005,25.78,2.000,-0.2725,-1.5443,1.5682,0.3630,1.5256,0.000,1,SEARCH,0.0000,0.0000,0.0000,-0.0000
403489,dynamic,-2.6572,0.0712,3.2005,25.78,2.000,-0.2725,-1.5443,1.5682,0.3630,1.5256,0.000,1,SEARCH,0.0000,0.0000,0.0000,-0.0000
403596,dynamic,-2.6574,0.0707,3.2005,25.78,2.000,-0.2725,-1.5443,1.5682,0.3630,1.5256,0.000,1,SEARCH,0.0000,0.0000,0.0000,-0.0000
403689,dynamic,-2.6575,0.0704,3.2005,32.92,2.000,-0.3771,-1.8448,1.8830,0.4850,1.8194,0.000,1,SEARCH,0.0000,0.0000,0.0000,-0.0000
403790,dynamic,-2.6584,0.0701,3.2005,32.92,2.000,-0.3771,-1.8448,1.8830,0.4851,1.8194,0.000,1,SEARCH,0.0000,0.0000,0.0000,-0.0000
403889,dynamic,-2.6592,0.0700,3.2005,32.92,2.000,-0.3771,-1.8448,1.8830,0.4851,1.8194,0.000,1,SEARCH,0.0000,0.0000,0.0000,-0.0000
403989,dynamic,-2.6600,0.0697,3.2005,32.92,2.000,-0.3771,-1.8448,1.8830,0.4851,1.8194,0.000,1,SEARCH,0.0000,0.0000,0.0000,-0.0000
404090,dynamic,-2.6608,0.0694,3.2005,32.92,2.000,-0.3771,-1.8448,1.8830,0.4851,1.8194,0.000,1,SEARCH,0.0000,0.0000,0.0000,-0.0000
404189,dynamic,-2.6551,0.0672,3.2005,32.92,2.000,-0.3771,-1.8448,1.8830,0.4851,1.8194,0.000,1,SEARCH,0.0000,0.0000,0.0000,-0.0000
404291,dynamic,-2.6495,0.0652,3.2005,32.92,2.000,-0.3771,-1.8448,1.8830,0.4850,1.8194,0.000,1,SEARCH,0.0000,0.0000,0.0000,-0.0000
404389,dynamic,-2.6463,0.0636,3.2005,32.94,2.000,-0.3764,-1.8354,1.8736,0.4838,1.8100,0.000,1,SEARCH,0.0000,0.0000,0.0000,-0.0000
404489,dynamic,-2.6449,0.0627,3.2004,32.94,2.000,-0.3764,-1.8354,1.8736,0.4837,1.8101,0.000,1,SEARCH,0.0000,0.0000,0.0000,-0.0000
404589,dynamic,-2.6448,0.0624,3.2004,32.94,2.000,-0.3764,-1.8354,1.8736,0.4838,1.8100,0.000,1,SEARCH,0.0000,0.0000,0.0000,-0.0000
404689,dynamic,-2.6452,0.0624,3.2005,32.94,2.000,-0.3764,-1.8354,1.8736,0.4838,1.8100,0.000,1,SEARCH,0.0000,0.0000,0.0000,-0.0000
404789,dynamic,-2.6461,0.0625,3.2005,32.94,2.000,-0.3764,-1.8354,1.8736,0.4838,1.8100,0.000,1,SEARCH,0.0000,0.0000,0.0000,-0.0000
404900,dynamic,-2.6469,0.0626,3.2005,32.94,2.000,-0.3764,-1.8354,1.8736,0.4838,1.8100,0.000,1,SEARCH,0.0000,0.0000,0.0000,-0.0000
404989,dynamic,-2.6472,0.0628,3.2005,25.82,2.000,-0.2701,-1.5247,1.5485,0.3594,1.5062,0.000,1,SEARCH,0.0000,0.0000,0.0000,-0.0000
405089,dynamic,-2.6473,0.0630,3.2005,25.82,2.000,-0.2701,-1.5247,1.5485,0.3594,1.5062,0.000,1,SEARCH,0.0000,0.0000,0.0000,-0.0000
405189,dynamic,-2.6472,0.0633,3.2005,25.82,2.000,-0.2701,-1.5247,1.5485,0.3593,1.5062,0.000,1,SEARCH,0.0000,0.0000,0.0000,-0.0000
405289,dynamic,-2.6469,0.0635,3.2004,25.82,2.000,-0.2701,-1.5247,1.5485,0.3593,1.5062,0.000,1,SEARCH,0.0000,0.0000,0.0000,-0.0000
405389,dynamic,-2.6473,0.0636,3.2004,25.82,2.000,-0.2701,-1.5247,1.5485,0.3593,1.5062,0.000,1,SEARCH,0.0000,0.0000,0.0000,-0.0000
405490,dynamic,-2.6481,0.0635,3.2004,25.82,2.000,-0.2701,-1.5247,1.5485,0.3592,1.5062,0.000,1,SEARCH,0.0000,0.0000,0.0000,-0.0000
405592,dynamic,-2.6490,0.0636,3.2004,25.82,2.000,-0.2701,-1.5247,1.5485,0.3592,1.5062,0.000,1,SEARCH,0.0000,0.0000,0.0000,-0.0000
405689,dynamic,-2.6498,0.0637,3.2004,32.92,2.000,-0.3762,-1.8410,1.8790,0.4837,1.8157,0.000,1,SEARCH,0.0000,0.0000,0.0000,-0.0000
405789,dynamic,-2.6504,0.0641,3.2003,32.92,2.000,-0.3762,-1.8410,1.8790,0.4836,1.8157,0.000,1,SEARCH,0.0000,0.0000,0.0000,-0.0000
405889,dynamic,-2.6508,0.0645,3.2003,32.92,2.000,-0.3762,-1.8410,1.8790,0.4836,1.8157,0.000,1,SEARCH,0.0000,0.0000,0.0000,-0.0000
405989,dynamic,-2.6517,0.0646,3.2003,32.92,2.000,-0.3762,-1.8410,1.8790,0.4836,1.8157,0.000,1,SEARCH,0.0000,0.0000,0.0000,-0.0000
406089,dynamic,-2.6523,0.0647,3.2003,32.92,2.000,-0.3762,-1.8410,1.8790,0.4836,1.8157,0.000,1,SEARCH,0.0000,0.0000,0.0000,-0.0000
406189,dynamic,-2.6530,0.0648,3.2003,32.92,2.000,-0.3762,-1.8410,1.8790,0.4836,1.8157,0.000,1,SEARCH,0.0000,0.0000,0.0000,-0.0000
406290,dynamic,-2.6537,0.0650,3.2003,32.92,2.000,-0.3762,-1.8410,1.8790,0.4836,1.8157,0.000,1,SEARCH,0.0000,0.0000,0.0000,-0.0000
406389,dynamic,-2.6544,0.0653,3.2003,32.92,2.000,-0.3779,-1.8482,1.8864,0.4857,1.8228,0.000,1,SEARCH,0.0000,0.0000,0.0000,-0.0000
406489,dynamic,-2.6550,0.0658,3.2003,32.92,2.000,-0.3779,-1.8482,1.8864,0.4857,1.8228,0.000,1,SEARCH,0.0000,0.0000,0.0000,-0.0000
406590,dynamic,-2.6550,0.0663,3.2003,32.92,2.000,-0.3779,-1.8482,1.8864,0.4857,1.8228,0.000,1,SEARCH,0.0000,0.0000,0.0000,-0.0000
406689,dynamic,-2.6547,0.0669,3.2003,32.92,2.000,-0.3779,-1.8482,1.8864,0.4857,1.8228,0.000,1,SEARCH,0.0000,0.0000,0.0000,-0.0000
406789,dynamic,-2.6555,0.0675,3.2003,32.92,2.000,-0.3779,-1.8482,1.8864,0.4857,1.8228,0.000,1,SEARCH,0.0000,0.0000,0.0000,-0.0000
406889,dynamic,-2.6562,0.0679,3.2003,32.92,2.000,-0.3779,-1.8482,1.8864,0.4857,1.8228,0.000,1,SEARCH,0.0000,0.0000,0.0000,-0.0000
406990,dynamic,-2.6567,0.0684,3.2003,32.92,2.000,-0.3779,-1.8482,1.8864,0.4857,1.8228,0.000,1,SEARCH,0.0000,0.0000,0.0000,-0.0000
407090,dynamic,-2.6570,0.0688,3.2003,32.92,2.000,-0.3813,-1.8645,1.9031,0.4900,1.8389,0.000,1,SEARCH,0.0000,0.0000,0.0000,-0.0000
407189,dynamic,-2.6581,0.0693,3.2003,32.92,2.000,-0.3813,-1.8645,1.9031,0.4900,1.8389,0.000,1,SEARCH,0.0000,0.0000,0.0000,-0.0000
407289,dynamic,-2.6591,0.0697,3.2003,32.92,2.000,-0.3813,-1.8645,1.9031,0.4899,1.8389,0.000,1,SEARCH,0.0000,0.0000,0.0000,-0.0000
407389,dynamic,-2.6605,0.0702,3.2003,32.92,2.000,-0.3813,-1.8645,1.9031,0.4900,1.8389,0.000,1,SEARCH,0.0000,0.0000,0.0000,-0.0000
407490,dynamic,-2.6618,0.0705,3.2003,32.92,2.000,-0.3813,-1.8645,1.9031,0.4900,1.8389,0.000,1,SEARCH,0.0000,0.0000,0.0000,-0.0000
407589,dynamic,-2.6627,0.0708,3.2003,32.92,2.000,-0.3813,-1.8645,1.9031,0.4900,1.8389,0.000,1,SEARCH,0.0000,0.0000,0.0000,-0.0000
407690,dynamic,-2.6632,0.0710,3.2003,32.92,2.000,-0.3813,-1.8645,1.9031,0.4900,1.8389,0.000,1,SEARCH,0.0000,0.0000,0.0000,-0.0000
407789,dynamic,-2.6634,0.0712,3.2003,32.94,2.000,-0.3869,-1.8838,1.9232,0.4968,1.8579,0.000,1,SEARCH,0.0000,0.0000,0.0000,-0.0000
407889,dynamic,-2.6634,0.0715,3.2003,32.94,2.000,-0.3869,-1.8838,1.9232,0.4968,1.8579,0.000,1,SEARCH,0.0000,0.0000,0.0000,-0.0000
407989,dynamic,-2.6636,0.0716,3.2003,32.94,2.000,-0.3869,-1.8838,1.9232,0.4968,1.8579,0.000,1,SEARCH,0.0000,0.0000,0.0000,-0.0000
408089,dynamic,-2.6636,0.0718,3.2003,32.94,2.000,-0.3869,-1.8838,1.9232,0.4968,1.8579,0.000,1,SEARCH,0.0000,0.0000,0.0000,-0.0000
408189,dynamic,-2.6629,0.0718,3.2003,32.94,2.000,-0.3869,-1.8838,1.9232,0.4968,1.8579,0.000,1,SEARCH,0.0000,0.0000,0.0000,-0.0000
408301,dynamic,-2.6617,0.0716,3.2003,32.94,2.000,-0.3869,-1.8838,1.9232,0.4968,1.8579,0.000,1,SEARCH,0.0000,0.0000,0.0000,-0.0000
408391,dynamic,-2.6617,0.0715,3.2003,32.92,2.000,-0.3877,-1.8951,1.9343,0.4982,1.8691,0.000,1,SEARCH,0.0000,0.0000,0.0000,-0.0000
408489,dynamic,-2.6621,0.0715,3.2003,32.92,2.000,-0.3877,-1.8951,1.9343,0.4982,1.8691,0.000,1,SEARCH,0.0000,0.0000,0.0000,-0.0000
408590,dynamic,-2.6621,0.0712,3.2003,32.92,2.000,-0.3877,-1.8951,1.9343,0.4982,1.8691,0.000,1,SEARCH,0.0000,0.0000,0.0000,-0.0000
408693,dynamic,-2.6620,0.0709,3.2003,32.92,2.000,-0.3877,-1.8951,1.9343,0.4982,1.8691,0.000,1,SEARCH,0.0000,0.0000,0.0000,-0.0000
408792,dynamic,-2.6622,0.0709,3.2003,32.92,2.000,-0.3877,-1.8951,1.9343,0.4982,1.8691,0.000,1,SEARCH,0.0000,0.0000,0.0000,-0.0000
408892,dynamic,-2.6623,0.0709,3.2003,32.92,2.000,-0.3877,-1.8951,1.9343,0.4982,1.8691,0.000,1,SEARCH,0.0000,0.0000,0.0000,-0.0000
408991,dynamic,-2.6622,0.0708,3.2003,32.92,2.000,-0.3877,-1.8951,1.9343,0.4982,1.8690,0.000,1,SEARCH,0.0000,0.0000,0.0000,-0.0000
409095,dynamic,-2.6620,0.0706,3.2003,32.92,2.000,-0.3877,-1.8951,1.9343,0.4982,1.8690,0.000,1,SEARCH,0.0000,0.0000,0.0000,-0.0000
409202,dynamic,-2.6625,0.0705,3.2003,32.92,2.000,-0.3886,-1.8999,1.9393,0.4994,1.8739,0.000,1,SEARCH,0.0000,0.0000,0.0000,-0.0000
409291,dynamic,-2.6638,0.0704,3.2003,32.92,2.000,-0.3886,-1.8999,1.9393,0.4994,1.8738,0.000,1,SEARCH,0.0000,0.0000,0.0000,-0.0000
409390,dynamic,-2.6640,0.0704,3.2003,32.92,2.000,-0.3886,-1.8999,1.9393,0.4995,1.8738,0.000,1,SEARCH,0.0000,0.0000,0.0000,-0.0000
409490,dynamic,-2.6635,0.0703,3.2004,32.92,2.000,-0.3886,-1.8999,1.9393,0.4995,1.8738,0.000,1,SEARCH,0.0000,0.0000,0.0000,-0.0000
409590,dynamic,-2.6635,0.0702,3.2004,32.92,2.000,-0.3886,-1.8999,1.9393,0.4995,1.8738,0.000,1,SEARCH,0.0000,0.0000,0.0000,-0.0000
409691,dynamic,-2.6635,0.0701,3.2004,32.92,2.000,-0.3886,-1.8999,1.9393,0.4994,1.8738,0.000,1,SEARCH,0.0000,0.0000,0.0000,-0.0000
409800,dynamic,-2.6637,0.0696,3.2004,32.92,2.000,-0.3886,-1.8999,1.9393,0.4995,1.8738,0.000,1,SEARCH,0.0000,0.0000,0.0000,-0.0000
409899,dynamic,-2.6638,0.0692,3.2004,32.92,2.000,-0.3886,-1.8999,1.9393,0.4995,1.8738,0.000,1,SEARCH,0.0000,0.0000,0.0000,-0.0000
409991,dynamic,-2.6641,0.0692,3.2003,25.81,2.000,-0.2804,-1.5821,1.6068,0.3729,1.5629,0.000,1,SEARCH,0.0000,0.0000,0.0000,-0.0000
410090,dynamic,-2.6643,0.0692,3.2003,25.81,2.000,-0.2804,-1.5821,1.6068,0.3728,1.5629,0.000,1,SEARCH,0.0000,0.0000,0.0000,-0.0000
410197,dynamic,-2.6644,0.0692,3.2004,25.81,2.000,-0.2804,-1.5821,1.6068,0.3729,1.5629,0.000,1,SEARCH,0.0000,0.0000,0.0000,-0.0000
410290,dynamic,-2.6643,0.0692,3.2004,25.81,2.000,-0.2804,-1.5821,1.6068,0.3729,1.5629,0.000,1,SEARCH,0.0000,0.0000,0.0000,-0.0000
410389,dynamic,-2.6639,0.0690,3.2004,25.81,2.000,-0.2804,-1.5821,1.6068,0.3729,1.5629,0.000,1,SEARCH,0.0000,0.0000,0.0000,-0.0000
410495,dynamic,-2.6634,0.0686,3.2004,25.81,2.000,-0.2804,-1.5821,1.6068,0.3729,1.5629,0.000,1,SEARCH,0.0000,0.0000,0.0000,-0.0000
410591,dynamic,-2.6630,0.0684,3.2004,25.80,2.000,-0.2802,-1.5807,1.6053,0.3726,1.5615,0.000,1,SEARCH,0.0000,0.0000,0.0000,-0.0000
410689,dynamic,-2.6627,0.0682,3.2004,25.80,2.000,-0.2802,-1.5807,1.6053,0.3726,1.5615,0.000,1,SEARCH,0.0000,0.0000,0.0000,-0.0000
410790,dynamic,-2.6626,0.0678,3.2004,25.80,2.000,-0.2802,-1.5807,1.6053,0.3726,1.5615,0.000,1,SEARCH,0.0000,0.0000,0.0000,-0.0000
410889,dynamic,-2.6624,0.0673,3.2004,25.80,2.000,-0.2802,-1.5807,1.6053,0.3726,1.5615,0.000,1,SEARCH,0.0000,0.0000,0.0000,-0.0000
410989,dynamic,-2.6626,0.0670,3.2004,25.80,2.000,-0.2802,-1.5807,1.6053,0.3725,1.5615,0.000,1,SEARCH,0.0000,0.0000,0.0000,-0.0000
411089,dynamic,-2.6628,0.0667,3.2004,25.80,2.000,-0.2802,-1.5807,1.6053,0.3725,1.5615,0.000,1,SEARCH,0.0000,0.0000,0.0000,-0.0000
411089,dynamic,-2.6631,0.0667,3.2003,25.80,2.000,-0.2802,-1.5807,1.6053,0.3725,1.5615,0.000,1,SEARCH,0.0000,0.0000,0.0000,-0.0000
411289,dynamic,-2.6635,0.0669,3.2003,32.91,2.000,-0.3868,-1.8922,1.9314,0.4972,1.8663,0.000,1,SEARCH,0.0000,0.0000,0.0000,-0.0000
411390,dynamic,-2.6641,0.0669,3.2003,32.91,2.000,-0.3868,-1.8922,1.9314,0.4972,1.8663,0.000,1,SEARCH,0.0000,0.0000,0.0000,-0.0000
411489,dynamic,-2.6645,0.0668,3.2003,32.91,2.000,-0.3868,-1.8922,1.9314,0.4971,1.8663,0.000,1,SEARCH,0.0000,0.0000,0.0000,-0.0000
411589,dynamic,-2.6654,0.0667,3.2003,32.91,2.000,-0.3868,-1.8922,1.9314,0.4971,1.8663,0.000,1,SEARCH,0.0000,0.0000,0.0000,-0.0000
411689,dynamic,-2.6661,0.0666,3.2003,32.91,2.000,-0.3868,-1.8922,1.9314,0.4971,1.8663,0.000,1,SEARCH,0.0000,0.0000,0.0000,-0.0000
411789,dynamic,-2.6664,0.0667,3.2003,32.91,2.000,-0.3868,-1.8922,1.9314,0.4971,1.8663,0.000,1,SEARCH,0.0000,0.0000,0.0000,-0.0000
411895,dynamic,-2.6664,0.0668,3.2003,32.91,2.000,-0.3868,-1.8922,1.9314,0.4971,1.8663,0.000,1,SEARCH,0.0000,0.0000,0.0000,-0.0000
411989,dynamic,-2.6658,0.0668,3.2003,25.80,2.000,-0.2774,-1.5646,1.5890,0.3688,1.5456,0.000,1,SEARCH,0.0000,0.0000,0.0000,-0.0000
412089,dynamic,-2.6649,0.0666,3.2003,25.80,2.000,-0.2774,-1.5646,1.5890,0.3687,1.5456,0.000,1,SEARCH,0.0000,0.0000,0.0000,-0.0000
412189,dynamic,-2.6648,0.0665,3.2003,25.80,2.000,-0.2774,-1.5646,1.5890,0.3688,1.5456,0.000,1,SEARCH,0.0000,0.0000,0.0000,-0.0000
412294,dynamic,-2.6648,0.0665,3.2003,25.80,2.000,-0.2774,-1.5646,1.5890,0.3687,1.5456,0.000,1,SEARCH,0.0000,0.0000,0.0000,-0.0000
412389,dynamic,-2.6649,0.0665,3.2003,25.80,2.000,-0.2774,-1.5646,1.5890,0.3688,1.5456,0.000,1,SEARCH,0.0000,0.0000,0.0000,-0.0000
412489,dynamic,-2.6650,0.0664,3.2003,25.80,2.000,-0.2774,-1.5646,1.5890,0.3688,1.5456,0.000,1,SEARCH,0.0000,0.0000,0.0000,-0.0000
412590,dynamic,-2.6646,0.0662,3.2003,25.80,2.000,-0.2774,-1.5646,1.5890,0.3688,1.5456,0.000,1,SEARCH,0.0000,0.0000,0.0000,-0.0000
412698,dynamic,-2.6640,0.0660,3.2003,25.80,2.000,-0.2774,-1.5646,1.5890,0.3688,1.5456,0.000,1,SEARCH,0.0000,0.0000,0.0000,-0.0000
412789,dynamic,-2.6638,0.0660,3.2004,32.93,2.000,-0.3843,-1.8716,1.9106,0.4936,1.8458,0.000,1,SEARCH,0.0000,0.0000,0.0000,-0.0000
412889,dynamic,-2.6637,0.0660,3.2004,32.93,2.000,-0.3843,-1.8716,1.9106,0.4936,1.8458,0.000,1,SEARCH,0.0000,0.0000,0.0000,-0.0000
412989,dynamic,-2.6637,0.0661,3.2004,32.93,2.000,-0.3843,-1.8716,1.9106,0.4936,1.8458,0.000,1,SEARCH,0.0000,0.0000,0.0000,-0.0000
413089,dynamic,-2.6637,0.0663,3.2004,32.93,2.000,-0.3843,-1.8716,1.9106,0.4936,1.8458,0.000,1,SEARCH,0.0000,0.0000,0.0000,-0.0000
413191,dynamic,-2.6640,0.0664,3.2004,32.93,2.000,-0.3843,-1.8716,1.9106,0.4937,1.8458,0.000,1,SEARCH,0.0000,0.0000,0.0000,-0.0000
413294,dynamic,-2.6643,0.0665,3.2004,32.93,2.000,-0.3843,-1.8716,1.9106,0.4936,1.8458,0.000,1,SEARCH,0.0000,0.0000,0.0000,-0.0000
413390,dynamic,-2.6643,0.0665,3.2003,32.93,2.000,-0.3843,-1.8716,1.9106,0.4936,1.8458,0.000,1,SEARCH,0.0000,0.0000,0.0000,-0.0000
413490,dynamic,-2.6641,0.0664,3.2003,25.80,2.000,-0.2762,-1.5580,1.5823,0.3672,1.5391,0.000,1,SEARCH,0.0000,0.0000,0.0000,-0.0000
413589,dynamic,-2.6642,0.0666,3.2003,25.80,2.000,-0.2762,-1.5580,1.5823,0.3672,1.5391,0.000,1,SEARCH,0.0000,0.0000,0.0000,-0.0000
413689,dynamic,-2.6643,0.0668,3.2003,25.80,2.000,-0.2762,-1.5580,1.5823,0.3672,1.5391,0.000,1,SEARCH,0.0000,0.0000,0.0000,-0.0000
413790,dynamic,-2.6647,0.0668,3.2003,25.80,2.000,-0.2762,-1.5580,1.5823,0.3672,1.5391,0.000,1,SEARCH,0.0000,0.0000,0.0000,-0.0000
413902,dynamic,-2.6652,0.0666,3.2003,25.80,2.000,-0.2762,-1.5580,1.5823,0.3672,1.5391,0.000,1,SEARCH,0.0000,0.0000,0.0000,-0.0000
413996,dynamic,-2.6653,0.0669,3.2003,25.80,2.000,-0.2762,-1.5580,1.5823,0.3672,1.5391,0.000,1,SEARCH,0.0000,0.0000,0.0000,-0.0000
414089,dynamic,-2.6653,0.0674,3.2003,25.77,2.000,-0.2760,-1.5628,1.5870,0.3672,1.5440,0.000,1,SEARCH,0.0000,0.0000,0.0000,-0.0000
414189,dynamic,-2.6649,0.0675,3.2003,25.77,2.000,-0.2760,-1.5628,1.5870,0.3672,1.5440,0.000,1,SEARCH,0.0000,0.0000,0.0000,-0.0000
414290,dynamic,-2.6645,0.0675,3.2003,25.77,2.000,-0.2760,-1.5628,1.5870,0.3672,1.5440,0.000,1,SEARCH,0.0000,0.0000,0.0000,-0.0000
414389,dynamic,-2.6641,0.0673,3.2003,25.77,2.000,-0.2760,-1.5628,1.5870,0.3672,1.5439,0.000,1,SEARCH,0.0000,0.0000,0.0000,-0.0000
414489,dynamic,-2.6639,0.0670,3.2003,25.77,2.000,-0.2760,-1.5628,1.5870,0.3672,1.5440,0.000,1,SEARCH,0.0000,0.0000,0.0000,-0.0000
414589,dynamic,-2.6639,0.0670,3.2003,25.77,2.000,-0.2760,-1.5628,1.5870,0.3672,1.5440,0.000,1,SEARCH,0.0000,0.0000,0.0000,-0.0000
414693,dynamic,-2.6639,0.0670,3.2003,25.77,2.000,-0.2760,-1.5628,1.5870,0.3672,1.5440,0.000,1,SEARCH,0.0000,0.0000,0.0000,-0.0000
414789,dynamic,-2.6636,0.0673,3.2003,25.77,2.000,-0.2760,-1.5628,1.5870,0.3672,1.5440,0.000,1,SEARCH,0.0000,0.0000,0.0000,-0.0000
414890,dynamic,-2.6634,0.0677,3.2003,32.93,2.000,-0.3900,-1.8991,1.9387,0.5008,1.8729,0.000,1,SEARCH,0.0000,0.0000,0.0000,-0.0000
414989,dynamic,-2.6636,0.0677,3.2003,32.93,2.000,-0.3900,-1.8991,1.9387,0.5007,1.8729,0.000,1,SEARCH,0.0000,0.0000,0.0000,-0.0000
415090,dynamic,-2.6639,0.0677,3.2003,32.93,2.000,-0.3900,-1.8991,1.9387,0.5007,1.8729,0.000,1,SEARCH,0.0000,0.0000,0.0000,-0.0000
415191,dynamic,-2.6647,0.0678,3.2003,32.93,2.000,-0.3900,-1.8991,1.9387,0.5007,1.8729,0.000,1,SEARCH,0.0000,0.0000,0.0000,-0.0000
415289,dynamic,-2.6657,0.0680,3.2003,32.93,2.000,-0.3900,-1.8991,1.9387,0.5007,1.8729,0.000,1,SEARCH,0.0000,0.0000,0.0000,-0.0000
415389,dynamic,-2.6661,0.0681,3.2003,32.93,2.000,-0.3900,-1.8991,1.9387,0.5008,1.8729,0.000,1,SEARCH,0.0000,0.0000,0.0000,-0.0000
415493,dynamic,-2.6660,0.0681,3.2003,32.93,2.000,-0.3900,-1.8991,1.9387,0.5008,1.8729,0.000,1,SEARCH,0.0000,0.0000,0.0000,-0.0000
415589,dynamic,-2.6660,0.0682,3.2003,25.80,2.000,-0.2816,-1.5879,1.6127,0.3743,1.5686,0.000,1,SEARCH,0.0000,0.0000,0.0000,-0.0000
415689,dynamic,-2.6661,0.0685,3.2003,25.80,2.000,-0.2816,-1.5879,1.6127,0.3743,1.5686,0.000,1,SEARCH,0.0000,0.0000,0.0000,-0.0000
415789,dynamic,-2.6665,0.0686,3.2003,25.80,2.000,-0.2816,-1.5879,1.6127,0.3743,1.5686,0.000,1,SEARCH,0.0000,0.0000,0.0000,-0.0000
415889,dynamic,-2.6672,0.0686,3.2002,25.80,2.000,-0.2816,-1.5879,1.6127,0.3742,1.5686,0.000,1,SEARCH,0.0000,0.0000,0.0000,-0.0000
415989,dynamic,-2.6672,0.0688,3.2002,25.80,2.000,-0.2816,-1.5879,1.6127,0.3742,1.5686,0.000,1,SEARCH,0.0000,0.0000,0.0000,-0.0000
416089,dynamic,-2.6671,0.0689,3.2002,25.80,2.000,-0.2816,-1.5879,1.6127,0.3742,1.5687,0.000,1,SEARCH,0.0000,0.0000,0.0000,-0.0000
416200,dynamic,-2.6675,0.0689,3.2002,25.80,2.000,-0.2816,-1.5879,1.6127,0.3742,1.5687,0.000,1,SEARCH,0.0000,0.0000,0.0000,-0.0000
416290,dynamic,-2.6681,0.0690,3.2002,32.93,2.000,-0.3942,-1.9191,1.9591,0.5058,1.8927,0.000,1,SEARCH,0.0000,0.0000,0.0000,-0.0000
416389,dynamic,-2.6683,0.0692,3.2002,32.93,2.000,-0.3942,-1.9191,1.9591,0.5058,1.8927,0.000,1,SEARCH,0.0000,0.0000,0.0000,-0.0000
416490,dynamic,-2.6684,0.0695,3.2001,32.93,2.000,-0.3942,-1.9191,1.9591,0.5057,1.8927,0.000,1,SEARCH,0.0000,0.0000,0.0000,-0.0000
416589,dynamic,-2.6684,0.0693,3.2001,32.93,2.000,-0.3942,-1.9191,1.9591,0.5057,1.8927,0.000,1,SEARCH,0.0000,0.0000,0.0000,-0.0000
416690,dynamic,-2.6686,0.0691,3.2001,32.93,2.000,-0.3942,-1.9191,1.9591,0.5058,1.8927,0.000,1,SEARCH,0.0000,0.0000,0.0000,-0.0000
416789,dynamic,-2.6692,0.0693,3.2001,32.93,2.000,-0.3942,-1.9191,1.9591,0.5057,1.8927,0.000,1,SEARCH,0.0000,0.0000,0.0000,-0.0000
416896,dynamic,-2.6699,0.0695,3.2001,32.93,2.000,-0.3942,-1.9191,1.9591,0.5057,1.8927,0.000,1,SEARCH,0.0000,0.0000,0.0000,-0.0000
416990,dynamic,-2.6702,0.0697,3.2001,32.93,2.000,-0.3947,-1.9204,1.9606,0.5063,1.8941,0.000,1,SEARCH,0.0000,0.0000,0.0000,-0.0000
417089,dynamic,-2.6704,0.0700,3.2001,32.93,2.000,-0.3947,-1.9204,1.9606,0.5063,1.8941,0.000,1,SEARCH,0.0000,0.0000,0.0000,-0.0000
417189,dynamic,-2.6704,0.0701,3.2001,32.93,2.000,-0.3947,-1.9204,1.9606,0.5063,1.8941,0.000,1,SEARCH,0.0000,0.0000,0.0000,-0.0000
417291,dynamic,-2.6703,0.0701,3.2001,32.93,2.000,-0.3947,-1.9204,1.9606,0.5063,1.8941,0.000,1,SEARCH,0.0000,0.0000,0.0000,-0.0000
417389,dynamic,-2.6705,0.0702,3.2001,32.93,2.000,-0.3947,-1.9204,1.9606,0.5063,1.8941,0.000,1,SEARCH,0.0000,0.0000,0.0000,-0.0000
417489,dynamic,-2.6709,0.0703,3.2001,32.93,2.000,-0.3947,-1.9204,1.9606,0.5063,1.8941,0.000,1,SEARCH,0.0000,0.0000,0.0000,-0.0000
417590,dynamic,-2.6709,0.0704,3.2001,32.93,2.000,-0.3947,-1.9204,1.9606,0.5063,1.8941,0.000,1,SEARCH,0.0000,0.0000,0.0000,-0.0000
417692,dynamic,-2.6709,0.0704,3.2001,32.93,2.000,-0.3947,-1.9204,1.9606,0.5063,1.8941,0.000,1,SEARCH,0.0000,0.0000,0.0000,-0.0000
417790,dynamic,-2.6707,0.0703,3.2001,32.90,2.000,-0.3924,-1.9170,1.9567,0.5038,1.8908,0.000,1,SEARCH,0.0000,0.0000,0.0000,-0.0000
417889,dynamic,-2.6706,0.0703,3.2001,32.90,2.000,-0.3924,-1.9170,1.9567,0.5038,1.8908,0.000,1,SEARCH,0.0000,0.0000,0.0000,-0.0000
417989,dynamic,-2.6704,0.0701,3.2001,32.90,2.000,-0.3924,-1.9170,1.9567,0.5038,1.8908,0.000,1,SEARCH,0.0000,0.0000,0.0000,-0.0000
418089,dynamic,-2.6704,0.0698,3.2001,32.90,2.000,-0.3924,-1.9170,1.9567,0.5038,1.8908,0.000,1,SEARCH,0.0000,0.0000,0.0000,-0.0000
418189,dynamic,-2.6702,0.0701,3.2001,32.90,2.000,-0.3924,-1.9170,1.9567,0.5039,1.8908,0.000,1,SEARCH,0.0000,0.0000,0.0000,-0.0000
418296,dynamic,-2.6700,0.0705,3.2001,32.90,2.000,-0.3924,-1.9170,1.9567,0.5038,1.8908,0.000,1,SEARCH,0.0000,0.0000,0.0000,-0.0000
418390,dynamic,-2.6697,0.0705,3.2001,25.79,2.000,-0.2814,-1.5850,1.6098,0.3736,1.5658,0.000,1,SEARCH,0.0000,0.0000,0.0000,-0.0000
418493,dynamic,-2.6693,0.0704,3.2001,25.79,2.000,-0.2814,-1.5850,1.6098,0.3737,1.5658,0.000,1,SEARCH,0.0000,0.0000,0.0000,-0.0000
418589,dynamic,-2.6689,0.0704,3.2002,25.79,2.000,-0.2814,-1.5850,1.6098,0.3737,1.5658,0.000,1,SEARCH,0.0000,0.0000,0.0000,-0.0000
418689,dynamic,-2.6686,0.0704,3.2002,25.79,2.000,-0.2814,-1.5850,1.6098,0.3737,1.5658,0.000,1,SEARCH,0.0000,0.0000,0.0000,-0.0000
418789,dynamic,-2.6682,0.0704,3.2001,25.79,2.000,-0.2814,-1.5850,1.6098,0.3736,1.5658,0.000,1,SEARCH,0.0000,0.0000,0.0000,-0.0000
418889,dynamic,-2.6679,0.0704,3.2001,25.79,2.000,-0.2814,-1.5850,1.6098,0.3736,1.5658,0.000,1,SEARCH,0.0000,0.0000,0.0000,-0.0000
418999,dynamic,-2.6686,0.0706,3.2001,25.79,2.000,-0.2814,-1.5850,1.6098,0.3736,1.5659,0.000,1,SEARCH,0.0000,0.0000,0.0000,-0.0000
419089,dynamic,-2.6695,0.0708,3.2001,32.90,2.000,-0.3869,-1.8913,1.9305,0.4969,1.8654,0.000,1,SEARCH,0.0000,0.0000,0.0000,-0.0000
419191,dynamic,-2.6698,0.0711,3.2001,32.90,2.000,-0.3869,-1.8913,1.9305,0.4969,1.8654,0.000,1,SEARCH,0.0000,0.0000,0.0000,-0.0000
419289,dynamic,-2.6702,0.0715,3.2001,32.90,2.000,-0.3869,-1.8913,1.9305,0.4969,1.8654,0.000,1,SEARCH,0.0000,0.0000,0.0000,-0.0000
419394,dynamic,-2.6702,0.0711,3.2001,32.90,2.000,-0.3869,-1.8913,1.9305,0.4969,1.8654,0.000,1,SEARCH,0.0000,0.0000,0.0000,-0.0000
419490,dynamic,-2.6702,0.0706,3.2001,32.90,2.000,-0.3869,-1.8913,1.9305,0.4969,1.8654,0.000,1,SEARCH,0.0000,0.0000,0.0000,-0.0000
419589,dynamic,-2.6699,0.0702,3.2001,32.90,2.000,-0.3869,-1.8913,1.9305,0.4969,1.8654,0.000,1,SEARCH,0.0000,0.0000,0.0000,-0.0000
419693,dynamic,-2.6697,0.0701,3.2001,32.90,2.000,-0.3869,-1.8913,1.9305,0.4969,1.8654,0.000,1,SEARCH,0.0000,0.0000,0.0000,-0.0000
419796,dynamic,-2.6692,0.0699,3.2001,32.90,2.000,-0.3869,-1.8913,1.9305,0.4969,1.8654,0.000,1,SEARCH,0.0000,0.0000,0.0000,-0.0000
419889,dynamic,-2.6689,0.0697,3.2001,32.90,2.000,-0.3858,-1.8852,1.9243,0.4954,1.8594,0.000,1,SEARCH,0.0000,0.0000,0.0000,-0.0000
419994,dynamic,-2.6682,0.0696,3.2001,32.90,2.000,-0.3858,-1.8852,1.9243,0.4954,1.8594,0.000,1,SEARCH,0.0000,0.0000,0.0000,-0.0000
420089,dynamic,-2.6674,0.0695,3.2001,32.90,2.000,-0.3858,-1.8852,1.9243,0.4954,1.8594,0.000,1,SEARCH,0.0000,0.0000,0.0000,-0.0000
420190,dynamic,-2.6665,0.0692,3.2001,32.90,2.000,-0.3858,-1.8852,1.9243,0.4954,1.8594,0.000,1,SEARCH,0.0000,0.0000,0.0000,-0.0000
420297,dynamic,-2.6657,0.0689,3.2002,32.90,2.000,-0.3858,-1.8852,1.9243,0.4954,1.8594,0.000,1,SEARCH,0.0000,0.0000,0.0000,-0.0000
420390,dynamic,-2.6652,0.0685,3.2001,32.90,2.000,-0.3858,-1.8852,1.9243,0.4954,1.8594,0.000,1,SEARCH,0.0000,0.0000,0.0000,-0.0000
420500,dynamic,-2.6648,0.0680,3.2002,32.90,2.000,-0.3858,-1.8852,1.9243,0.4954,1.8594,0.000,1,SEARCH,0.0000,0.0000,0.0000,-0.0000
420589,dynamic,-2.6648,0.0679,3.2001,32.90,2.000,-0.3845,-1.8795,1.9184,0.4938,1.8538,0.000,1,SEARCH,0.0000,0.0000,0.0000,-0.0000
420689,dynamic,-2.6650,0.0679,3.2001,32.90,2.000,-0.3845,-1.8795,1.9184,0.4938,1.8538,0.000,1,SEARCH,0.0000,0.0000,0.0000,-0.0000
420790,dynamic,-2.6641,0.0677,3.2001,32.90,2.000,-0.3845,-1.8795,1.9184,0.4938,1.8538,0.000,1,SEARCH,0.0000,0.0000,0.0000,-0.0000
420905,dynamic,-2.6632,0.0676,3.2001,32.90,2.000,-0.3845,-1.8795,1.9184,0.4937,1.8538,0.000,1,SEARCH,0.0000,0.0000,0.0000,-0.0000
420989,dynamic,-2.6616,0.0671,3.2001,32.90,2.000,-0.3845,-1.8795,1.9184,0.4937,1.8538,0.000,1,SEARCH,0.0000,0.0000,0.0000,-0.0000
421090,dynamic,-2.6602,0.0666,3.2001,32.90,2.000,-0.3845,-1.8795,1.9184,0.4937,1.8538,0.000,1,SEARCH,0.0000,0.0000,0.0000,-0.0000
421090,dynamic,-2.6594,0.0662,3.2001,32.90,2.000,-0.3845,-1.8795,1.9184,0.4937,1.8538,0.000,1,SEARCH,0.0000,0.0000,0.0000,-0.0000
421290,dynamic,-2.6589,0.0656,3.2001,32.90,2.000,-0.3825,-1.8697,1.9084,0.4910,1.8441,0.000,1,SEARCH,0.0000,0.0000,0.0000,-0.0000
421393,dynamic,-2.6587,0.0655,3.2000,32.90,2.000,-0.3825,-1.8697,1.9084,0.4910,1.8442,0.000,1,SEARCH,0.0000,0.0000,0.0000,-0.0000
421491,dynamic,-2.6585,0.0655,3.2000,32.90,2.000,-0.3825,-1.8697,1.9084,0.4910,1.8442,0.000,1,SEARCH,0.0000,0.0000,0.0000,-0.0000
421599,dynamic,-2.6583,0.0655,3.2000,32.90,2.000,-0.3825,-1.8697,1.9084,0.4910,1.8442,0.000,1,SEARCH,0.0000,0.0000,0.0000,-0.0000
421689,dynamic,-2.6580,0.0655,3.2000,32.90,2.000,-0.3825,-1.8697,1.9084,0.4909,1.8442,0.000,1,SEARCH,0.0000,0.0000,0.0000,-0.0000
421791,dynamic,-2.6578,0.0656,3.2000,32.90,2.000,-0.3825,-1.8697,1.9084,0.4909,1.8442,0.000,1,SEARCH,0.0000,0.0000,0.0000,-0.0000
421892,dynamic,-2.6577,0.0657,3.2000,32.90,2.000,-0.3825,-1.8697,1.9084,0.4909,1.8442,0.000,1,SEARCH,0.0000,0.0000,0.0000,-0.0000
421990,dynamic,-2.6565,0.0654,3.2000,32.90,2.000,-0.3808,-1.8607,1.8993,0.4887,1.8353,0.000,1,SEARCH,0.0000,0.0000,0.0000,-0.0000
422090,dynamic,-2.6553,0.0651,3.2000,32.90,2.000,-0.3808,-1.8607,1.8993,0.4887,1.8353,0.000,1,SEARCH,0.0000,0.0000,0.0000,-0.0000
422189,dynamic,-2.6555,0.0650,3.2000,32.90,2.000,-0.3808,-1.8607,1.8993,0.4887,1.8353,0.000,1,SEARCH,0.0000,0.0000,0.0000,-0.0000
422290,dynamic,-2.6559,0.0649,3.2000,32.90,2.000,-0.3808,-1.8607,1.8993,0.4887,1.8353,0.000,1,SEARCH,0.0000,0.0000,0.0000,-0.0000
422390,dynamic,-2.6565,0.0647,3.2000,32.90,2.000,-0.3808,-1.8607,1.8993,0.4887,1.8353,0.000,1,SEARCH,0.0000,0.0000,0.0000,-0.0000
422496,dynamic,-2.6571,0.0645,3.2000,32.90,2.000,-0.3808,-1.8607,1.8993,0.4887,1.8353,0.000,1,SEARCH,0.0000,0.0000,0.0000,-0.0000
422589,dynamic,-2.6575,0.0648,3.1999,25.76,2.000,-0.2724,-1.5407,1.5646,0.3618,1.5222,0.000,1,SEARCH,0.0000,0.0000,0.0000,-0.0000
422690,dynamic,-2.6578,0.0649,3.2000,25.76,2.000,-0.2724,-1.5407,1.5646,0.3618,1.5222,0.000,1,SEARCH,0.0000,0.0000,0.0000,-0.0000
422789,dynamic,-2.6589,0.0650,3.2000,25.76,2.000,-0.2724,-1.5407,1.5646,0.3618,1.5222,0.000,1,SEARCH,0.0000,0.0000,0.0000,-0.0000
422896,dynamic,-2.6602,0.0650,3.2000,25.76,2.000,-0.2724,-1.5407,1.5646,0.3619,1.5222,0.000,1,SEARCH,0.0000,0.0000,0.0000,-0.0000
422991,dynamic,-2.6608,0.0651,3.2000,25.76,2.000,-0.2724,-1.5407,1.5646,0.3619,1.5222,0.000,1,SEARCH,0.0000,0.0000,0.0000,-0.0000
422991,dynamic,-2.6612,0.0652,3.2000,25.76,2.000,-0.2724,-1.5407,1.5646,0.3619,1.5222,0.000,1,SEARCH,0.0000,0.0000,0.0000,-0.0000
423193,dynamic,-2.6618,0.0649,3.2000,32.89,2.000,-0.3786,-1.8497,1.8881,0.4859,1.8245,0.000,1,SEARCH,0.0000,0.0000,0.0000,-0.0000
423289,dynamic,-2.6625,0.0644,3.2000,32.89,2.000,-0.3786,-1.8497,1.8881,0.4859,1.8245,0.000,1,SEARCH,0.0000,0.0000,0.0000,-0.0000
423390,dynamic,-2.6632,0.0644,3.2000,32.89,2.000,-0.3786,-1.8497,1.8881,0.4859,1.8245,0.000,1,SEARCH,0.0000,0.0000,0.0000,-0.0000
423493,dynamic,-2.6642,0.0646,3.2000,32.89,2.000,-0.3786,-1.8497,1.8881,0.4859,1.8245,0.000,1,SEARCH,0.0000,0.0000,0.0000,-0.0000
423594,dynamic,-2.6648,0.0652,3.2000,32.89,2.000,-0.3786,-1.8497,1.8881,0.4859,1.8245,0.000,1,SEARCH,0.0000,0.0000,0.0000,-0.0000
423689,dynamic,-2.6652,0.0657,3.2000,32.89,2.000,-0.3786,-1.8497,1.8881,0.4859,1.8245,0.000,1,SEARCH,0.0000,0.0000,0.0000,-0.0000
423794,dynamic,-2.6655,0.0659,3.2000,32.89,2.000,-0.3786,-1.8497,1.8881,0.4859,1.8245,0.000,1,SEARCH,0.0000,0.0000,0.0000,-0.0000
423891,dynamic,-2.6656,0.0658,3.2000,25.74,2.000,-0.2726,-1.5416,1.5655,0.3621,1.5230,0.000,1,SEARCH,0.0000,0.0000,0.0000,-0.0000
423995,dynamic,-2.6659,0.0660,3.2000,25.74,2.000,-0.2726,-1.5416,1.5655,0.3621,1.5230,0.000,1,SEARCH,0.0000,0.0000,0.0000,-0.0000
424093,dynamic,-2.6664,0.0661,3.2000,25.74,2.000,-0.2726,-1.5416,1.5655,0.3622,1.5230,0.000,1,SEARCH,0.0000,0.0000,0.0000,-0.0000
424190,dynamic,-2.6674,0.0663,3.2000,25.74,2.000,-0.2726,-1.5416,1.5655,0.3622,1.5230,0.000,1,SEARCH,0.0000,0.0000,0.0000,-0.0000
424290,dynamic,-2.6685,0.0664,3.2001,25.74,2.000,-0.2726,-1.5416,1.5655,0.3622,1.5230,0.000,1,SEARCH,0.0000,0.0000,0.0000,-0.0000
424392,dynamic,-2.6695,0.0667,3.2001,25.74,2.000,-0.2726,-1.5416,1.5655,0.3623,1.5230,0.000,1,SEARCH,0.0000,0.0000,0.0000,-0.0000
424495,dynamic,-2.6704,0.0671,3.2001,25.74,2.000,-0.2743,-1.5512,1.5753,0.3645,1.5325,0.000,1,SEARCH,0.0000,0.0000,0.0000,-0.0000
424590,dynamic,-2.6708,0.0675,3.2001,25.74,2.000,-0.2743,-1.5512,1.5753,0.3645,1.5325,0.000,1,SEARCH,0.0000,0.0000,0.0000,-0.0000
424689,dynamic,-2.6712,0.0679,3.2001,25.74,2.000,-0.2743,-1.5512,1.5753,0.3645,1.5325,0.000,1,SEARCH,0.0000,0.0000,0.0000,-0.0000
424799,dynamic,-2.6719,0.0681,3.2001,25.74,2.000,-0.2743,-1.5512,1.5753,0.3645,1.5325,0.000,1,SEARCH,0.0000,0.0000,0.0000,-0.0000
424889,dynamic,-2.6727,0.0682,3.2001,25.74,2.000,-0.2743,-1.5512,1.5753,0.3645,1.5325,0.000,1,SEARCH,0.0000,0.0000,0.0000,-0.0000
424999,dynamic,-2.6727,0.0685,3.2001,25.74,2.000,-0.2743,-1.5512,1.5753,0.3645,1.5325,0.000,1,SEARCH,0.0000,0.0000,0.0000,-0.0000
425093,dynamic,-2.6727,0.0692,3.2001,25.74,2.000,-0.2743,-1.5512,1.5753,0.3645,1.5325,0.000,1,SEARCH,0.0000,0.0000,0.0000,-0.0000
425191,dynamic,-2.6738,0.0694,3.2001,32.89,2.000,-0.3817,-1.8659,1.9046,0.4902,1.8404,0.000,1,SEARCH,0.0000,0.0000,0.0000,-0.0000
425290,dynamic,-2.6751,0.0695,3.2001,32.89,2.000,-0.3817,-1.8659,1.9046,0.4902,1.8404,0.000,1,SEARCH,0.0000,0.0000,0.0000,-0.0000
425394,dynamic,-2.6760,0.0693,3.2001,32.89,2.000,-0.3817,-1.8659,1.9046,0.4902,1.8404,0.000,1,SEARCH,0.0000,0.0000,0.0000,-0.0000
425499,dynamic,-2.6768,0.0690,3.2001,32.89,2.000,-0.3817,-1.8659,1.9046,0.4902,1.8404,0.000,1,SEARCH,0.0000,0.0000,0.0000,-0.0000
425601,dynamic,-2.6771,0.0693,3.2001,32.89,2.000,-0.3817,-1.8659,1.9046,0.4902,1.8404,0.000,1,SEARCH,0.0000,0.0000,0.0000,-0.0000
425694,dynamic,-2.6776,0.0696,3.2001,32.89,2.000,-0.3817,-1.8659,1.9046,0.4902,1.8404,0.000,1,SEARCH,0.0000,0.0000,0.0000,-0.0000
425792,dynamic,-2.6786,0.0696,3.2001,32.89,2.000,-0.3812,-1.8629,1.9015,0.4895,1.8374,0.000,1,SEARCH,0.0000,0.0000,0.0000,-0.0000
425890,dynamic,-2.6796,0.0695,3.2001,32.89,2.000,-0.3812,-1.8629,1.9015,0.4895,1.8374,0.000,1,SEARCH,0.0000,0.0000,0.0000,-0.0000
425991,dynamic,-2.6801,0.0693,3.2001,32.89,2.000,-0.3812,-1.8629,1.9015,0.4894,1.8374,0.000,1,SEARCH,0.0000,0.0000,0.0000,-0.0000
426090,dynamic,-2.6805,0.0691,3.2001,32.89,2.000,-0.3812,-1.8629,1.9015,0.4894,1.8374,0.000,1,SEARCH,0.0000,0.0000,0.0000,-0.0000
426191,dynamic,-2.6804,0.0687,3.2000,32.89,2.000,-0.3812,-1.8629,1.9015,0.4894,1.8374,0.000,1,SEARCH,0.0000,0.0000,0.0000,-0.0000
426302,dynamic,-2.6803,0.0683,3.2000,32.89,2.000,-0.3812,-1.8629,1.9015,0.4893,1.8375,0.000,1,SEARCH,0.0000,0.0000,0.0000,-0.0000
426399,dynamic,-2.6802,0.0684,3.2000,32.89,2.000,-0.3812,-1.8629,1.9015,0.4893,1.8374,0.000,1,SEARCH,0.0000,0.0000,0.0000,-0.0000
426492,dynamic,-2.6802,0.0685,3.2000,25.46,2.000,-0.2739,-1.5414,1.5655,0.3634,1.5228,0.000,1,SEARCH,0.0000,0.0000,0.0000,-0.0000
426589,dynamic,-2.6802,0.0687,3.2000,25.46,2.000,-0.2739,-1.5414,1.5655,0.3634,1.5228,0.000,1,SEARCH,0.0000,0.0000,0.0000,-0.0000
426691,dynamic,-2.6805,0.0689,3.2000,25.46,2.000,-0.2739,-1.5414,1.5655,0.3634,1.5228,0.000,1,SEARCH,0.0000,0.0000,0.0000,-0.0000
426790,dynamic,-2.6804,0.0691,3.2000,25.46,2.000,-0.2739,-1.5414,1.5655,0.3633,1.5228,0.000,1,SEARCH,0.0000,0.0000,0.0000,-0.0000
426894,dynamic,-2.6804,0.0694,3.1999,25.46,2.000,-0.2739,-1.5414,1.5655,0.3633,1.5228,0.000,1,SEARCH,0.0000,0.0000,0.0000,-0.0000
426992,dynamic,-2.6805,0.0696,3.1999,25.46,2.000,-0.2739,-1.5414,1.5655,0.3633,1.5228,0.000,1,SEARCH,0.0000,0.0000,0.0000,-0.0000
427090,dynamic,-2.6808,0.0698,3.1999,25.75,2.000,-0.2725,-1.5401,1.5640,0.3618,1.5216,0.000,1,SEARCH,0.0000,0.0000,0.0000,-0.0000
427190,dynamic,-2.6801,0.0699,3.1999,25.75,2.000,-0.2725,-1.5401,1.5640,0.3618,1.5216,0.000,1,SEARCH,0.0000,0.0000,0.0000,-0.0000
427295,dynamic,-2.6794,0.0699,3.1999,25.75,2.000,-0.2725,-1.5401,1.5640,0.3618,1.5216,0.000,1,SEARCH,0.0000,0.0000,0.0000,-0.0000
427392,dynamic,-2.6787,0.0702,3.1999,25.75,2.000,-0.2725,-1.5401,1.5640,0.3618,1.5216,0.000,1,SEARCH,0.0000,0.0000,0.0000,-0.0000
427491,dynamic,-2.6782,0.0707,3.1999,25.75,2.000,-0.2725,-1.5401,1.5640,0.3618,1.5216,0.000,1,SEARCH,0.0000,0.0000,0.0000,-0.0000
427598,dynamic,-2.6776,0.0706,3.1999,25.75,2.000,-0.2725,-1.5401,1.5640,0.3618,1.5216,0.000,1,SEARCH,0.0000,0.0000,0.0000,-0.0000
427691,dynamic,-2.6773,0.0705,3.1999,33.12,2.000,-0.3796,-1.8535,1.8919,0.4870,1.8282,0.000,1,SEARCH,0.0000,0.0000,0.0000,-0.0000
427789,dynamic,-2.6779,0.0710,3.1999,33.12,2.000,-0.3796,-1.8535,1.8919,0.4870,1.8282,0.000,1,SEARCH,0.0000,0.0000,0.0000,-0.0000
427893,dynamic,-2.6788,0.0717,3.1999,33.12,2.000,-0.3796,-1.8535,1.8919,0.4870,1.8282,0.000,1,SEARCH,0.0000,0.0000,0.0000,-0.0000
427992,dynamic,-2.6783,0.0722,3.1999,33.12,2.000,-0.3796,-1.8535,1.8919,0.4870,1.8282,0.000,1,SEARCH,0.0000,0.0000,0.0000,-0.0000
428091,dynamic,-2.6778,0.0727,3.1999,33.12,2.000,-0.3796,-1.8535,1.8919,0.4870,1.8282,0.000,1,SEARCH,0.0000,0.0000,0.0000,-0.0000
428199,dynamic,-2.6773,0.0728,3.1999,33.12,2.000,-0.3796,-1.8535,1.8919,0.4870,1.8282,0.000,1,SEARCH,0.0000,0.0000,0.0000,-0.0000
428293,dynamic,-2.6771,0.0730,3.1999,33.12,2.000,-0.3796,-1.8535,1.8919,0.4870,1.8282,0.000,1,SEARCH,0.0000,0.0000,0.0000,-0.0000
428393,dynamic,-2.6769,0.0730,3.1999,33.12,2.000,-0.3828,-1.8692,1.9080,0.4911,1.8437,0.000,1,SEARCH,0.0000,0.0000,0.0000,-0.0000
428490,dynamic,-2.6770,0.0729,3.1999,33.12,2.000,-0.3828,-1.8692,1.9080,0.4911,1.8437,0.000,1,SEARCH,0.0000,0.0000,0.0000,-0.0000
428591,dynamic,-2.6765,0.0727,3.1999,33.12,2.000,-0.3828,-1.8692,1.9080,0.4911,1.8437,0.000,1,SEARCH,0.0000,0.0000,0.0000,-0.0000
428695,dynamic,-2.6762,0.0725,3.1999,33.12,2.000,-0.3828,-1.8692,1.9080,0.4911,1.8437,0.000,1,SEARCH,0.0000,0.0000,0.0000,-0.0000
428789,dynamic,-2.6758,0.0726,3.1999,33.12,2.000,-0.3828,-1.8692,1.9080,0.4912,1.8437,0.000,1,SEARCH,0.0000,0.0000,0.0000,-0.0000
428893,dynamic,-2.6757,0.0729,3.1999,33.12,2.000,-0.3828,-1.8692,1.9080,0.4912,1.8437,0.000,1,SEARCH,0.0000,0.0000,0.0000,-0.0000
428993,dynamic,-2.6753,0.0728,3.2000,32.90,2.000,-0.3873,-1.8893,1.9286,0.4968,1.8635,0.000,1,SEARCH,0.0000,0.0000,0.0000,-0.0000
429090,dynamic,-2.6751,0.0727,3.2000,32.90,2.000,-0.3873,-1.8893,1.9286,0.4968,1.8635,0.000,1,SEARCH,0.0000,0.0000,0.0000,-0.0000
429193,dynamic,-2.6742,0.0726,3.1999,32.90,2.000,-0.3873,-1.8893,1.9286,0.4968,1.8635,0.000,1,SEARCH,0.0000,0.0000,0.0000,-0.0000
429301,dynamic,-2.6735,0.0725,3.1999,32.90,2.000,-0.3873,-1.8893,1.9286,0.4968,1.8635,0.000,1,SEARCH,0.0000,0.0000,0.0000,-0.0000
429391,dynamic,-2.6727,0.0729,3.1999,32.90,2.000,-0.3873,-1.8893,1.9286,0.4968,1.8635,0.000,1,SEARCH,0.0000,0.0000,0.0000,-0.0000
429496,dynamic,-2.6722,0.0733,3.1999,32.90,2.000,-0.3873,-1.8893,1.9286,0.4968,1.8635,0.000,1,SEARCH,0.0000,0.0000,0.0000,-0.0000
429595,dynamic,-2.6720,0.0735,3.1999,32.90,2.000,-0.3873,-1.8893,1.9286,0.4968,1.8635,0.000,1,SEARCH,0.0000,0.0000,0.0000,-0.0000
429690,dynamic,-2.6721,0.0736,3.2000,33.15,2.000,-0.3934,-1.9139,1.9539,0.5044,1.8877,0.000,1,SEARCH,0.0000,0.0000,0.0000,-0.0000
429794,dynamic,-2.6715,0.0733,3.2000,33.15,2.000,-0.3934,-1.9139,1.9539,0.5044,1.8877,0.000,1,SEARCH,0.0000,0.0000,0.0000,-0.0000
429894,dynamic,-2.6712,0.0730,3.2000,33.15,2.000,-0.3934,-1.9139,1.9539,0.5044,1.8877,0.000,1,SEARCH,0.0000,0.0000,0.0000,-0.0000
429996,dynamic,-2.6711,0.0732,3.2000,33.15,2.000,-0.3934,-1.9139,1.9539,0.5044,1.8877,0.000,1,SEARCH,0.0000,0.0000,0.0000,-0.0000
430093,dynamic,-2.6714,0.0735,3.2000,33.15,2.000,-0.3934,-1.9139,1.9539,0.5044,1.8877,0.000,1,SEARCH,0.0000,0.0000,0.0000,-0.0000
430208,dynamic,-2.6709,0.0735,3.1999,33.15,2.000,-0.3934,-1.9139,1.9539,0.5044,1.8877,0.000,1,SEARCH,0.0000,0.0000,0.0000,-0.0000
430291,dynamic,-2.6703,0.0736,3.1999,33.13,2.000,-0.3953,-1.9305,1.9706,0.5071,1.9042,0.000,1,SEARCH,0.0000,0.0000,0.0000,-0.0000
430391,dynamic,-2.6699,0.0733,3.1999,33.13,2.000,-0.3953,-1.9305,1.9706,0.5071,1.9042,0.000,1,SEARCH,0.0000,0.0000,0.0000,-0.0000
430490,dynamic,-2.6697,0.0730,3.1999,33.13,2.000,-0.3953,-1.9305,1.9706,0.5071,1.9042,0.000,1,SEARCH,0.0000,0.0000,0.0000,-0.0000
430592,dynamic,-2.6693,0.0728,3.1999,33.13,2.000,-0.3953,-1.9305,1.9706,0.5071,1.9042,0.000,1,SEARCH,0.0000,0.0000,0.0000,-0.0000
430692,dynamic,-2.6692,0.0727,3.1999,33.13,2.000,-0.3953,-1.9305,1.9706,0.5071,1.9042,0.000,1,SEARCH,0.0000,0.0000,0.0000,-0.0000
430692,dynamic,-2.6689,0.0723,3.1999,33.13,2.000,-0.3953,-1.9305,1.9706,0.5071,1.9042,0.000,1,SEARCH,0.0000,0.0000,0.0000,-0.0000
430902,dynamic,-2.6688,0.0718,3.1999,33.13,2.000,-0.3953,-1.9305,1.9706,0.5071,1.9042,0.000,1,SEARCH,0.0000,0.0000,0.0000,-0.0000
430990,dynamic,-2.6677,0.0719,3.1999,26.06,2.000,-0.2851,-1.6114,1.6364,0.3785,1.5920,0.000,1,SEARCH,0.0000,0.0000,0.0000,-0.0000
431093,dynamic,-2.6667,0.0722,3.1999,26.06,2.000,-0.2851,-1.6114,1.6364,0.3786,1.5920,0.000,1,SEARCH,0.0000,0.0000,0.0000,-0.0000
431194,dynamic,-2.6666,0.0724,3.2000,26.06,2.000,-0.2851,-1.6114,1.6364,0.3786,1.5920,0.000,1,SEARCH,0.0000,0.0000,0.0000,-0.0000
431290,dynamic,-2.6668,0.0726,3.2000,26.06,2.000,-0.2851,-1.6114,1.6364,0.3786,1.5920,0.000,1,SEARCH,0.0000,0.0000,0.0000,-0.0000
431402,dynamic,-2.6666,0.0726,3.2000,26.06,2.000,-0.2851,-1.6114,1.6364,0.3786,1.5920,0.000,1,SEARCH,0.0000,0.0000,0.0000,-0.0000
431500,dynamic,-2.6662,0.0724,3.2000,26.06,2.000,-0.2851,-1.6114,1.6364,0.3786,1.5920,0.000,1,SEARCH,0.0000,0.0000,0.0000,-0.0000
431591,dynamic,-2.6650,0.0721,3.1999,33.13,2.000,-0.3953,-1.9306,1.9707,0.5072,1.9043,0.000,1,SEARCH,0.0000,0.0000,0.0000,-0.0000
431690,dynamic,-2.6639,0.0719,3.1999,33.13,2.000,-0.3953,-1.9306,1.9707,0.5072,1.9043,0.000,1,SEARCH,0.0000,0.0000,0.0000,-0.0000
431794,dynamic,-2.6644,0.0716,3.1999,33.13,2.000,-0.3953,-1.9306,1.9707,0.5072,1.9043,0.000,1,SEARCH,0.0000,0.0000,0.0000,-0.0000
431895,dynamic,-2.6651,0.0715,3.1999,33.13,2.000,-0.3953,-1.9306,1.9707,0.5071,1.9043,0.000,1,SEARCH,0.0000,0.0000,0.0000,-0.0000
431990,dynamic,-2.6655,0.0712,3.1999,33.13,2.000,-0.3953,-1.9306,1.9707,0.5071,1.9043,0.000,1,SEARCH,0.0000,0.0000,0.0000,-0.0000
432099,dynamic,-2.6660,0.0709,3.1999,33.13,2.000,-0.3953,-1.9306,1.9707,0.5071,1.9043,0.000,1,SEARCH,0.0000,0.0000,0.0000,-0.0000
432193,dynamic,-2.6665,0.0709,3.1998,26.06,2.000,-0.2812,-1.5898,1.6144,0.3733,1.5707,0.000,1,SEARCH,0.0000,0.0000,0.0000,-0.0000
432295,dynamic,-2.6670,0.0710,3.1998,26.06,2.000,-0.2812,-1.5898,1.6144,0.3732,1.5707,0.000,1,SEARCH,0.0000,0.0000,0.0000,-0.0000
432390,dynamic,-2.6675,0.0712,3.1998,26.06,2.000,-0.2812,-1.5898,1.6144,0.3733,1.5707,0.000,1,SEARCH,0.0000,0.0000,0.0000,-0.0000
432498,dynamic,-2.6680,0.0714,3.1999,26.06,2.000,-0.2812,-1.5898,1.6144,0.3733,1.5707,0.000,1,SEARCH,0.0000,0.0000,0.0000,-0.0000
432590,dynamic,-2.6685,0.0712,3.1998,26.06,2.000,-0.2812,-1.5898,1.6144,0.3733,1.5707,0.000,1,SEARCH,0.0000,0.0000,0.0000,-0.0000
432700,dynamic,-2.6691,0.0712,3.1999,26.06,2.000,-0.2812,-1.5898,1.6144,0.3733,1.5707,0.000,1,SEARCH,0.0000,0.0000,0.0000,-0.0000
432798,dynamic,-2.6695,0.0712,3.1999,32.63,2.000,-0.3879,-1.8982,1.9374,0.4978,1.8724,0.000,1,SEARCH,0.0000,0.0000,0.0000,-0.0000
432890,dynamic,-2.6698,0.0713,3.1999,32.63,2.000,-0.3879,-1.8982,1.9374,0.4978,1.8724,0.000,1,SEARCH,0.0000,0.0000,0.0000,-0.0000
432992,dynamic,-2.6701,0.0712,3.1999,32.63,2.000,-0.3879,-1.8982,1.9374,0.4979,1.8723,0.000,1,SEARCH,0.0000,0.0000,0.0000,-0.0000
433093,dynamic,-2.6706,0.0712,3.1999,32.63,2.000,-0.3879,-1.8982,1.9374,0.4978,1.8724,0.000,1,SEARCH,0.0000,0.0000,0.0000,-0.0000
433193,dynamic,-2.6708,0.0715,3.1999,32.63,2.000,-0.3879,-1.8982,1.9374,0.4978,1.8724,0.000,1,SEARCH,0.0000,0.0000,0.0000,-0.0000
433299,dynamic,-2.6710,0.0720,3.1999,32.63,2.000,-0.3879,-1.8982,1.9374,0.4978,1.8724,0.000,1,SEARCH,0.0000,0.0000,0.0000,-0.0000
433394,dynamic,-2.6705,0.0719,3.1999,33.12,2.000,-0.3878,-1.8932,1.9325,0.4974,1.8674,0.000,1,SEARCH,0.0000,0.0000,0.0000,-0.0000
433491,dynamic,-2.6700,0.0716,3.1999,33.12,2.000,-0.3878,-1.8932,1.9325,0.4974,1.8674,0.000,1,SEARCH,0.0000,0.0000,0.0000,-0.0000
433594,dynamic,-2.6705,0.0711,3.1999,33.12,2.000,-0.3878,-1.8932,1.9325,0.4974,1.8674,0.000,1,SEARCH,0.0000,0.0000,0.0000,-0.0000
433691,dynamic,-2.6713,0.0706,3.1998,33.12,2.000,-0.3878,-1.8932,1.9325,0.4973,1.8674,0.000,1,SEARCH,0.0000,0.0000,0.0000,-0.0000
433804,dynamic,-2.6718,0.0705,3.1998,33.12,2.000,-0.3878,-1.8932,1.9325,0.4973,1.8674,0.000,1,SEARCH,0.0000,0.0000,0.0000,-0.0000
433895,dynamic,-2.6724,0.0706,3.1998,33.12,2.000,-0.3878,-1.8932,1.9325,0.4972,1.8675,0.000,1,SEARCH,0.0000,0.0000,0.0000,-0.0000
434002,dynamic,-2.6726,0.0709,3.1998,33.12,2.000,-0.3878,-1.8932,1.9325,0.4972,1.8675,0.000,1,SEARCH,0.0000,0.0000,0.0000,-0.0000
434090,dynamic,-2.6729,0.0713,3.1998,25.72,2.000,-0.2760,-1.5645,1.5887,0.3665,1.5458,0.000,1,SEARCH,0.0000,0.0000,0.0000,-0.0000
434194,dynamic,-2.6734,0.0714,3.1998,25.72,2.000,-0.2760,-1.5645,1.5887,0.3666,1.5458,0.000,1,SEARCH,0.0000,0.0000,0.0000,-0.0000
434297,dynamic,-2.6741,0.0716,3.1998,25.72,2.000,-0.2760,-1.5645,1.5887,0.3666,1.5458,0.000,1,SEARCH,0.0000,0.0000,0.0000,-0.0000
434394,dynamic,-2.6748,0.0717,3.1998,25.72,2.000,-0.2760,-1.5645,1.5887,0.3666,1.5458,0.000,1,SEARCH,0.0000,0.0000,0.0000,-0.0000
434493,dynamic,-2.6754,0.0718,3.1998,25.72,2.000,-0.2760,-1.5645,1.5887,0.3666,1.5458,0.000,1,SEARCH,0.0000,0.0000,0.0000,-0.0000
434493,dynamic,-2.6749,0.0718,3.1998,25.72,2.000,-0.2760,-1.5645,1.5887,0.3666,1.5458,0.000,1,SEARCH,0.0000,0.0000,0.0000,-0.0000
434707,dynamic,-2.6738,0.0719,3.1998,25.72,2.000,-0.2760,-1.5645,1.5887,0.3665,1.5459,0.000,1,SEARCH,0.0000,0.0000,0.0000,-0.0000
434796,dynamic,-2.6730,0.0718,3.1998,32.64,2.000,-0.3875,-1.8951,1.9343,0.4970,1.8693,0.000,1,SEARCH,0.0000,0.0000,0.0000,-0.0000
434891,dynamic,-2.6725,0.0717,3.1998,32.64,2.000,-0.3875,-1.8951,1.9343,0.4970,1.8693,0.000,1,SEARCH,0.0000,0.0000,0.0000,-0.0000
434990,dynamic,-2.6719,0.0719,3.1998,32.64,2.000,-0.3875,-1.8951,1.9343,0.4970,1.8693,0.000,1,SEARCH,0.0000,0.0000,0.0000,-0.0000
435092,dynamic,-2.6717,0.0723,3.1998,32.64,2.000,-0.3875,-1.8951,1.9343,0.4970,1.8693,0.000,1,SEARCH,0.0000,0.0000,0.0000,-0.0000
435192,dynamic,-2.6709,0.0723,3.1997,32.64,2.000,-0.3875,-1.8951,1.9343,0.4970,1.8693,0.000,1,SEARCH,0.0000,0.0000,0.0000,-0.0000
435295,dynamic,-2.6703,0.0722,3.1997,32.64,2.000,-0.3875,-1.8951,1.9343,0.4970,1.8694,0.000,1,SEARCH,0.0000,0.0000,0.0000,-0.0000
435408,dynamic,-2.6696,0.0720,3.1997,32.64,2.000,-0.3875,-1.8951,1.9343,0.4969,1.8694,0.000,1,SEARCH,0.0000,0.0000,0.0000,-0.0000
435493,dynamic,-2.6687,0.0716,3.1997,32.64,2.000,-0.3875,-1.8951,1.9343,0.4969,1.8694,0.000,1,SEARCH,0.0000,0.0000,0.0000,-0.0000
435595,dynamic,-2.6675,0.0715,3.1997,32.92,2.000,-0.3935,-1.9104,1.9505,0.5037,1.8844,0.000,1,SEARCH,0.0000,0.0000,0.0000,-0.0000
435693,dynamic,-2.6665,0.0716,3.1997,32.92,2.000,-0.3935,-1.9104,1.9505,0.5037,1.8844,0.000,1,SEARCH,0.0000,0.0000,0.0000,-0.0000
435790,dynamic,-2.6661,0.0713,3.1997,32.92,2.000,-0.3935,-1.9104,1.9505,0.5037,1.8844,0.000,1,SEARCH,0.0000,0.0000,0.0000,-0.0000
435900,dynamic,-2.6659,0.0710,3.1997,32.92,2.000,-0.3935,-1.9104,1.9505,0.5037,1.8844,0.000,1,SEARCH,0.0000,0.0000,0.0000,-0.0000
435998,dynamic,-2.6652,0.0707,3.1997,32.92,2.000,-0.3935,-1.9104,1.9505,0.5037,1.8844,0.000,1,SEARCH,0.0000,0.0000,0.0000,-0.0000
436097,dynamic,-2.6646,0.0705,3.1996,32.92,2.000,-0.3935,-1.9104,1.9505,0.5036,1.8844,0.000,1,SEARCH,0.0000,0.0000,0.0000,-0.0000
436195,dynamic,-2.6641,0.0703,3.1996,32.92,2.000,-0.3935,-1.9104,1.9505,0.5036,1.8844,0.000,1,SEARCH,0.0000,0.0000,0.0000,-0.0000
436297,dynamic,-2.6634,0.0701,3.1996,26.07,2.000,-0.2830,-1.5979,1.6227,0.3752,1.5788,0.000,1,SEARCH,0.0000,0.0000,0.0000,-0.0000
436390,dynamic,-2.6634,0.0700,3.1996,26.07,2.000,-0.2830,-1.5979,1.6227,0.3752,1.5788,0.000,1,SEARCH,0.0000,0.0000,0.0000,-0.0000
436493,dynamic,-2.6635,0.0699,3.1996,26.07,2.000,-0.2830,-1.5979,1.6227,0.3752,1.5788,0.000,1,SEARCH,0.0000,0.0000,0.0000,-0.0000
436600,dynamic,-2.6633,0.0702,3.1996,26.07,2.000,-0.2830,-1.5979,1.6227,0.3752,1.5788,0.000,1,SEARCH,0.0000,0.0000,0.0000,-0.0000
436707,dynamic,-2.6632,0.0704,3.1996,26.07,2.000,-0.2830,-1.5979,1.6227,0.3752,1.5788,0.000,1,SEARCH,0.0000,0.0000,0.0000,-0.0000
436707,dynamic,-2.6630,0.0703,3.1996,26.07,2.000,-0.2830,-1.5979,1.6227,0.3752,1.5788,0.000,1,SEARCH,0.0000,0.0000,0.0000,-0.0000
436892,dynamic,-2.6629,0.0702,3.1997,26.07,2.000,-0.2830,-1.5979,1.6227,0.3752,1.5788,0.000,1,SEARCH,0.0000,0.0000,0.0000,-0.0000
437000,dynamic,-2.6622,0.0701,3.1997,33.14,2.000,-0.3979,-1.9400,1.9803,0.5099,1.9136,0.000,1,SEARCH,0.0000,0.0000,0.0000,-0.0000
437096,dynamic,-2.6615,0.0700,3.1996,33.14,2.000,-0.3979,-1.9400,1.9803,0.5098,1.9136,0.000,1,SEARCH,0.0000,0.0000,0.0000,-0.0000
437191,dynamic,-2.6615,0.0702,3.1996,33.14,2.000,-0.3979,-1.9400,1.9803,0.5098,1.9136,0.000,1,SEARCH,0.0000,0.0000,0.0000,-0.0000
437291,dynamic,-2.6618,0.0705,3.1996,33.14,2.000,-0.3979,-1.9400,1.9803,0.5098,1.9136,0.000,1,SEARCH,0.0000,0.0000,0.0000,-0.0000
437393,dynamic,-2.6621,0.0707,3.1996,33.14,2.000,-0.3979,-1.9400,1.9803,0.5098,1.9136,0.000,1,SEARCH,0.0000,0.0000,0.0000,-0.0000
437496,dynamic,-2.6622,0.0707,3.1996,33.14,2.000,-0.3979,-1.9400,1.9803,0.5098,1.9136,0.000,1,SEARCH,0.0000,0.0000,0.0000,-0.0000
437595,dynamic,-2.6619,0.0707,3.1996,33.14,2.000,-0.3979,-1.9400,1.9803,0.5098,1.9136,0.000,1,SEARCH,0.0000,0.0000,0.0000,-0.0000
437696,dynamic,-2.6616,0.0708,3.1997,33.14,2.000,-0.3979,-1.9400,1.9803,0.5098,1.9136,0.000,1,SEARCH,0.0000,0.0000,0.0000,-0.0000
437798,dynamic,-2.6613,0.0707,3.1996,33.14,2.000,-0.3988,-1.9446,1.9851,0.5110,1.9182,0.000,1,SEARCH,0.0000,0.0000,0.0000,-0.0000
437890,dynamic,-2.6612,0.0705,3.1996,33.14,2.000,-0.3988,-1.9446,1.9851,0.5110,1.9182,0.000,1,SEARCH,0.0000,0.0000,0.0000,-0.0000
437993,dynamic,-2.6622,0.0704,3.1997,33.14,2.000,-0.3988,-1.9446,1.9851,0.5110,1.9182,0.000,1,SEARCH,0.0000,0.0000,0.0000,-0.0000
438092,dynamic,-2.6634,0.0704,3.1997,33.14,2.000,-0.3988,-1.9446,1.9851,0.5110,1.9182,0.000,1,SEARCH,0.0000,0.0000,0.0000,-0.0000
438190,dynamic,-2.6640,0.0703,3.1997,33.14,2.000,-0.3988,-1.9446,1.9851,0.5110,1.9182,0.000,1,SEARCH,0.0000,0.0000,0.0000,-0.0000
438291,dynamic,-2.6646,0.0703,3.1997,33.14,2.000,-0.3988,-1.9446,1.9851,0.5110,1.9182,0.000,1,SEARCH,0.0000,0.0000,0.0000,-0.0000
438401,dynamic,-2.6653,0.0701,3.1996,33.14,2.000,-0.3988,-1.9446,1.9851,0.5110,1.9182,0.000,1,SEARCH,0.0000,0.0000,0.0000,-0.0000
438495,dynamic,-2.6661,0.0701,3.1996,32.93,2.000,-0.4022,-1.9519,1.9929,0.5148,1.9253,0.000,1,SEARCH,0.0000,0.0000,0.0000,-0.0000
438590,dynamic,-2.6666,0.0700,3.1996,32.93,2.000,-0.4022,-1.9519,1.9929,0.5147,1.9253,0.000,1,SEARCH,0.0000,0.0000,0.0000,-0.0000
438697,dynamic,-2.6671,0.0698,3.1996,32.93,2.000,-0.4022,-1.9519,1.9929,0.5147,1.9253,0.000,1,SEARCH,0.0000,0.0000,0.0000,-0.0000
438791,dynamic,-2.6674,0.0698,3.1996,32.93,2.000,-0.4022,-1.9519,1.9929,0.5147,1.9253,0.000,1,SEARCH,0.0000,0.0000,0.0000,-0.0000
438893,dynamic,-2.6677,0.0698,3.1996,32.93,2.000,-0.4022,-1.9519,1.9929,0.5147,1.9253,0.000,1,SEARCH,0.0000,0.0000,0.0000,-0.0000
438990,dynamic,-2.6676,0.0699,3.1996,32.93,2.000,-0.4022,-1.9519,1.9929,0.5148,1.9253,0.000,1,SEARCH,0.0000,0.0000,0.0000,-0.0000
439092,dynamic,-2.6675,0.0699,3.1996,32.93,2.000,-0.4022,-1.9519,1.9929,0.5148,1.9252,0.000,1,SEARCH,0.0000,0.0000,0.0000,-0.0000
439190,dynamic,-2.6674,0.0698,3.1996,32.93,2.000,-0.4022,-1.9519,1.9929,0.5148,1.9252,0.000,1,SEARCH,0.0000,0.0000,0.0000,-0.0000
439294,dynamic,-2.6675,0.0697,3.1996,33.14,2.000,-0.4017,-1.9584,1.9991,0.5147,1.9317,0.000,1,SEARCH,0.0000,0.0000,0.0000,-0.0000
439391,dynamic,-2.6676,0.0695,3.1996,33.14,2.000,-0.4017,-1.9584,1.9991,0.5147,1.9318,0.000,1,SEARCH,0.0000,0.0000,0.0000,-0.0000
439490,dynamic,-2.6677,0.0693,3.1996,33.14,2.000,-0.4017,-1.9584,1.9991,0.5147,1.9317,0.000,1,SEARCH,0.0000,0.0000,0.0000,-0.0000
439590,dynamic,-2.6681,0.0692,3.1996,33.14,2.000,-0.4017,-1.9584,1.9991,0.5147,1.9317,0.000,1,SEARCH,0.0000,0.0000,0.0000,-0.0000
439691,dynamic,-2.6684,0.0693,3.1996,33.14,2.000,-0.4017,-1.9584,1.9991,0.5146,1.9318,0.000,1,SEARCH,0.0000,0.0000,0.0000,-0.0000
439791,dynamic,-2.6682,0.0696,3.1997,33.14,2.000,-0.4017,-1.9584,1.9991,0.5147,1.9317,0.000,1,SEARCH,0.0000,0.0000,0.0000,-0.0000
439892,dynamic,-2.6679,0.0699,3.1997,33.14,2.000,-0.4017,-1.9584,1.9991,0.5147,1.9317,0.000,1,SEARCH,0.0000,0.0000,0.0000,-0.0000
439991,dynamic,-2.6681,0.0704,3.1997,33.12,2.000,-0.3969,-1.9546,1.9944,0.5097,1.9282,0.000,1,SEARCH,0.0000,0.0000,0.0000,-0.0000
440090,dynamic,-2.6685,0.0710,3.1997,33.12,2.000,-0.3969,-1.9546,1.9944,0.5097,1.9282,0.000,1,SEARCH,0.0000,0.0000,0.0000,-0.0000
440192,dynamic,-2.6683,0.0709,3.1997,33.12,2.000,-0.3969,-1.9546,1.9944,0.5096,1.9282,0.000,1,SEARCH,0.0000,0.0000,0.0000,-0.0000
440292,dynamic,-2.6680,0.0707,3.1997,33.12,2.000,-0.3969,-1.9546,1.9944,0.5096,1.9282,0.000,1,SEARCH,0.0000,0.0000,0.0000,-0.0000
440391,dynamic,-2.6683,0.0707,3.1997,33.12,2.000,-0.3969,-1.9546,1.9944,0.5096,1.9282,0.000,1,SEARCH,0.0000,0.0000,0.0000,-0.0000
440490,dynamic,-2.6688,0.0708,3.1996,33.12,2.000,-0.3969,-1.9546,1.9944,0.5096,1.9282,0.000,1,SEARCH,0.0000,0.0000,0.0000,-0.0000
440589,dynamic,-2.6688,0.0703,3.1996,33.12,2.000,-0.3969,-1.9546,1.9944,0.5095,1.9283,0.000,1,SEARCH,0.0000,0.0000,0.0000,-0.0000
440694,dynamic,-2.6688,0.0698,3.1996,33.12,2.000,-0.3969,-1.9546,1.9944,0.5095,1.9283,0.000,1,SEARCH,0.0000,0.0000,0.0000,-0.0000
440790,dynamic,-2.6689,0.0694,3.1996,33.35,2.000,-0.3996,-1.9540,1.9944,0.5122,1.9275,0.000,1,SEARCH,0.0000,0.0000,0.0000,-0.0000
440889,dynamic,-2.6691,0.0691,3.1996,33.35,2.000,-0.3996,-1.9540,1.9944,0.5121,1.9275,0.000,1,SEARCH,0.0000,0.0000,0.0000,-0.0000
440990,dynamic,-2.6695,0.0690,3.1996,33.35,2.000,-0.3996,-1.9540,1.9944,0.5122,1.9275,0.000,1,SEARCH,0.0000,0.0000,0.0000,-0.0000
441090,dynamic,-2.6699,0.0690,3.1997,33.35,2.000,-0.3996,-1.9540,1.9944,0.5123,1.9275,0.000,1,SEARCH,0.0000,0.0000,0.0000,-0.0000
441189,dynamic,-2.6696,0.0689,3.1996,33.35,2.000,-0.3996,-1.9540,1.9944,0.5122,1.9275,0.000,1,SEARCH,0.0000,0.0000,0.0000,-0.0000
441290,dynamic,-2.6692,0.0688,3.1997,33.35,2.000,-0.3996,-1.9540,1.9944,0.5123,1.9275,0.000,1,SEARCH,0.0000,0.0000,0.0000,-0.0000
441391,dynamic,-2.6692,0.0689,3.1997,33.35,2.000,-0.3996,-1.9540,1.9944,0.5123,1.9275,0.000,1,SEARCH,0.0000,0.0000,0.0000,-0.0000
441491,dynamic,-2.6695,0.0690,3.1997,26.38,2.000,-0.2851,-1.6141,1.6390,0.3783,1.5948,0.000,1,SEARCH,0.0000,0.0000,0.0000,-0.0000
441590,dynamic,-2.6695,0.0693,3.1997,26.38,2.000,-0.2851,-1.6141,1.6390,0.3783,1.5948,0.000,1,SEARCH,0.0000,0.0000,0.0000,-0.0000
441690,dynamic,-2.6696,0.0696,3.1997,26.38,2.000,-0.2851,-1.6141,1.6390,0.3784,1.5948,0.000,1,SEARCH,0.0000,0.0000,0.0000,-0.0000
441790,dynamic,-2.6696,0.0699,3.1997,26.38,2.000,-0.2851,-1.6141,1.6390,0.3784,1.5948,0.000,1,SEARCH,0.0000,0.0000,0.0000,-0.0000
441890,dynamic,-2.6696,0.0702,3.1998,26.38,2.000,-0.2851,-1.6141,1.6390,0.3784,1.5948,0.000,1,SEARCH,0.0000,0.0000,0.0000,-0.0000
441990,dynamic,-2.6699,0.0702,3.1997,26.38,2.000,-0.2851,-1.6141,1.6390,0.3784,1.5948,0.000,1,SEARCH,0.0000,0.0000,0.0000,-0.0000
442090,dynamic,-2.6703,0.0701,3.1998,26.38,2.000,-0.2851,-1.6141,1.6390,0.3784,1.5948,0.000,1,SEARCH,0.0000,0.0000,0.0000,-0.0000
442190,dynamic,-2.6702,0.0701,3.1997,26.38,2.000,-0.2851,-1.6141,1.6390,0.3784,1.5948,0.000,1,SEARCH,0.0000,0.0000,0.0000,-0.0000
442293,dynamic,-2.6701,0.0702,3.1997,26.38,2.000,-0.2851,-1.6141,1.6390,0.3784,1.5948,0.000,1,SEARCH,0.0000,0.0000,0.0000,-0.0000
442391,dynamic,-2.6697,0.0702,3.1997,26.38,2.000,-0.2851,-1.6141,1.6390,0.3783,1.5948,0.000,1,SEARCH,0.0000,0.0000,0.0000,-0.0000
442490,dynamic,-2.6691,0.0703,3.1997,33.10,2.000,-0.3946,-1.9374,1.9772,0.5065,1.9112,0.000,1,SEARCH,0.0000,0.0000,0.0000,-0.0000
442590,dynamic,-2.6693,0.0707,3.1997,33.10,2.000,-0.3946,-1.9374,1.9772,0.5064,1.9112,0.000,1,SEARCH,0.0000,0.0000,0.0000,-0.0000
442690,dynamic,-2.6695,0.0711,3.1997,33.10,2.000,-0.3946,-1.9374,1.9772,0.5064,1.9112,0.000,1,SEARCH,0.0000,0.0000,0.0000,-0.0000
442790,dynamic,-2.6693,0.0714,3.1997,33.10,2.000,-0.3946,-1.9374,1.9772,0.5065,1.9112,0.000,1,SEARCH,0.0000,0.0000,0.0000,-0.0000
442890,dynamic,-2.6691,0.0715,3.1997,33.10,2.000,-0.3946,-1.9374,1.9772,0.5065,1.9112,0.000,1,SEARCH,0.0000,0.0000,0.0000,-0.0000
442992,dynamic,-2.6687,0.0714,3.1997,33.10,2.000,-0.3946,-1.9374,1.9772,0.5064,1.9112,0.000,1,SEARCH,0.0000,0.0000,0.0000,-0.0000
443092,dynamic,-2.6682,0.0712,3.1997,33.10,2.000,-0.3946,-1.9374,1.9772,0.5065,1.9112,0.000,1,SEARCH,0.0000,0.0000,0.0000,-0.0000
443190,dynamic,-2.6681,0.0712,3.1997,25.73,2.000,-0.2835,-1.6096,1.6344,0.3765,1.5905,0.000,1,SEARCH,0.0000,0.0000,0.0000,-0.0000
443290,dynamic,-2.6682,0.0711,3.1997,25.73,2.000,-0.2835,-1.6096,1.6344,0.3765,1.5905,0.000,1,SEARCH,0.0000,0.0000,0.0000,-0.0000
443390,dynamic,-2.6681,0.0714,3.1997,25.73,2.000,-0.2835,-1.6096,1.6344,0.3765,1.5905,0.000,1,SEARCH,0.0000,0.0000,0.0000,-0.0000
443489,dynamic,-2.6680,0.0716,3.1997,25.73,2.000,-0.2835,-1.6096,1.6344,0.3765,1.5905,0.000,1,SEARCH,0.0000,0.0000,0.0000,-0.0000
443590,dynamic,-2.6678,0.0718,3.1997,25.73,2.000,-0.2835,-1.6096,1.6344,0.3766,1.5904,0.000,1,SEARCH,0.0000,0.0000,0.0000,-0.0000
443690,dynamic,-2.6675,0.0719,3.1997,25.73,2.000,-0.2835,-1.6096,1.6344,0.3765,1.5904,0.000,1,SEARCH,0.0000,0.0000,0.0000,-0.0000
443789,dynamic,-2.6675,0.0720,3.1997,25.73,2.000,-0.2835,-1.6096,1.6344,0.3766,1.5904,0.000,1,SEARCH,0.0000,0.0000,0.0000,-0.0000
443897,dynamic,-2.6676,0.0720,3.1997,25.73,2.000,-0.2835,-1.6096,1.6344,0.3766,1.5904,0.000,1,SEARCH,0.0000,0.0000,0.0000,-0.0000
443989,dynamic,-2.6680,0.0720,3.1997,26.07,2.000,-0.2820,-1.6098,1.6343,0.3751,1.5907,0.000,1,SEARCH,0.0000,0.0000,0.0000,-0.0000
444090,dynamic,-2.6685,0.0720,3.1997,26.07,2.000,-0.2820,-1.6098,1.6343,0.3751,1.5907,0.000,1,SEARCH,0.0000,0.0000,0.0000,-0.0000
444189,dynamic,-2.6685,0.0721,3.1997,26.07,2.000,-0.2820,-1.6098,1.6343,0.3751,1.5907,0.000,1,SEARCH,0.0000,0.0000,0.0000,-0.0000
444289,dynamic,-2.6684,0.0723,3.1997,26.07,2.000,-0.2820,-1.6098,1.6343,0.3751,1.5907,0.000,1,SEARCH,0.0000,0.0000,0.0000,-0.0000
444389,dynamic,-2.6680,0.0721,3.1997,26.07,2.000,-0.2820,-1.6098,1.6343,0.3751,1.5907,0.000,1,SEARCH,0.0000,0.0000,0.0000,-0.0000
444489,dynamic,-2.6676,0.0719,3.1997,26.07,2.000,-0.2820,-1.6098,1.6343,0.3751,1.5907,0.000,1,SEARCH,0.0000,0.0000,0.0000,-0.0000
444589,dynamic,-2.6673,0.0717,3.1997,26.07,2.000,-0.2820,-1.6098,1.6343,0.3751,1.5907,0.000,1,SEARCH,0.0000,0.0000,0.0000,-0.0000
444696,dynamic,-2.6671,0.0715,3.1997,26.07,2.000,-0.2820,-1.6098,1.6343,0.3751,1.5907,0.000,1,SEARCH,0.0000,0.0000,0.0000,-0.0000
444789,dynamic,-2.6663,0.0712,3.1997,25.77,2.000,-0.2856,-1.6148,1.6399,0.3789,1.5955,0.000,1,SEARCH,0.0000,0.0000,0.0000,-0.0000
444889,dynamic,-2.6656,0.0710,3.1997,25.77,2.000,-0.2856,-1.6148,1.6399,0.3789,1.5955,0.000,1,SEARCH,0.0000,0.0000,0.0000,-0.0000
444989,dynamic,-2.6645,0.0709,3.1997,25.77,2.000,-0.2856,-1.6148,1.6399,0.3789,1.5955,0.000,1,SEARCH,0.0000,0.0000,0.0000,-0.0000
445089,dynamic,-2.6635,0.0709,3.1997,25.77,2.000,-0.2856,-1.6148,1.6399,0.3789,1.5955,0.000,1,SEARCH,0.0000,0.0000,0.0000,-0.0000
445189,dynamic,-2.6640,0.0709,3.1997,25.77,2.000,-0.2856,-1.6148,1.6399,0.3789,1.5955,0.000,1,SEARCH,0.0000,0.0000,0.0000,-0.0000
445289,dynamic,-2.6649,0.0708,3.1997,25.77,2.000,-0.2856,-1.6148,1.6399,0.3789,1.5955,0.000,1,SEARCH,0.0000,0.0000,0.0000,-0.0000
445389,dynamic,-2.6654,0.0708,3.1997,25.77,2.000,-0.2856,-1.6148,1.6399,0.3789,1.5955,0.000,1,SEARCH,0.0000,0.0000,0.0000,-0.0000
445489,dynamic,-2.6656,0.0710,3.1998,25.77,2.000,-0.2856,-1.6148,1.6399,0.3790,1.5955,0.000,1,SEARCH,0.0000,0.0000,0.0000,-0.0000
445589,dynamic,-2.6653,0.0708,3.1998,26.05,2.000,-0.2840,-1.6137,1.6385,0.3773,1.5944,0.000,1,SEARCH,0.0000,0.0000,0.0000,-0.0000
445689,dynamic,-2.6650,0.0707,3.1998,26.05,2.000,-0.2840,-1.6137,1.6385,0.3773,1.5944,0.000,1,SEARCH,0.0000,0.0000,0.0000,-0.0000
445789,dynamic,-2.6653,0.0707,3.1998,26.05,2.000,-0.2840,-1.6137,1.6385,0.3773,1.5944,0.000,1,SEARCH,0.0000,0.0000,0.0000,-0.0000
445889,dynamic,-2.6655,0.0708,3.1998,26.05,2.000,-0.2840,-1.6137,1.6385,0.3773,1.5944,0.000,1,SEARCH,0.0000,0.0000,0.0000,-0.0000
445989,dynamic,-2.6652,0.0704,3.1998,26.05,2.000,-0.2840,-1.6137,1.6385,0.3774,1.5944,0.000,1,SEARCH,0.0000,0.0000,0.0000,-0.0000
446089,dynamic,-2.6648,0.0700,3.1998,26.05,2.000,-0.2840,-1.6137,1.6385,0.3774,1.5944,0.000,1,SEARCH,0.0000,0.0000,0.0000,-0.0000
446195,dynamic,-2.6652,0.0698,3.1999,26.05,2.000,-0.2840,-1.6137,1.6385,0.3774,1.5944,0.000,1,SEARCH,0.0000,0.0000,0.0000,-0.0000
446289,dynamic,-2.6662,0.0697,3.1999,33.35,2.000,-0.3962,-1.9399,1.9800,0.5085,1.9136,0.000,1,SEARCH,0.0000,0.0000,0.0000,-0.0000
446389,dynamic,-2.6660,0.0696,3.1999,33.35,2.000,-0.3962,-1.9399,1.9800,0.5085,1.9136,0.000,1,SEARCH,0.0000,0.0000,0.0000,-0.0000
446489,dynamic,-2.6652,0.0694,3.1999,33.35,2.000,-0.3962,-1.9399,1.9800,0.5085,1.9136,0.000,1,SEARCH,0.0000,0.0000,0.0000,-0.0000
446589,dynamic,-2.6649,0.0692,3.1998,33.35,2.000,-0.3962,-1.9399,1.9800,0.5085,1.9136,0.000,1,SEARCH,0.0000,0.0000,0.0000,-0.0000
446689,dynamic,-2.6647,0.0690,3.1998,33.35,2.000,-0.3962,-1.9399,1.9800,0.5085,1.9136,0.000,1,SEARCH,0.0000,0.0000,0.0000,-0.0000
446789,dynamic,-2.6645,0.0691,3.1999,33.35,2.000,-0.3962,-1.9399,1.9800,0.5085,1.9136,0.000,1,SEARCH,0.0000,0.0000,0.0000,-0.0000
446894,dynamic,-2.6643,0.0693,3.1999,33.35,2.000,-0.3962,-1.9399,1.9800,0.5085,1.9136,0.000,1,SEARCH,0.0000,0.0000,0.0000,-0.0000
446989,dynamic,-2.6641,0.0695,3.1998,25.45,2.000,-0.2827,-1.5986,1.6234,0.3753,1.5794,0.000,1,SEARCH,0.0000,0.0000,0.0000,-0.0000
447089,dynamic,-2.6640,0.0696,3.1999,25.45,2.000,-0.2827,-1.5986,1.6234,0.3753,1.5794,0.000,1,SEARCH,0.0000,0.0000,0.0000,-0.0000
447189,dynamic,-2.6640,0.0695,3.1998,25.45,2.000,-0.2827,-1.5986,1.6234,0.3753,1.5794,0.000,1,SEARCH,0.0000,0.0000,0.0000,-0.0000
447289,dynamic,-2.6640,0.0695,3.1998,25.45,2.000,-0.2827,-1.5986,1.6234,0.3752,1.5794,0.000,1,SEARCH,0.0000,0.0000,0.0000,-0.0000
447389,dynamic,-2.6645,0.0694,3.1998,25.45,2.000,-0.2827,-1.5986,1.6234,0.3752,1.5794,0.000,1,SEARCH,0.0000,0.0000,0.0000,-0.0000
447489,dynamic,-2.6651,0.0692,3.1998,25.45,2.000,-0.2827,-1.5986,1.6234,0.3752,1.5794,0.000,1,SEARCH,0.0000,0.0000,0.0000,-0.0000
447598,dynamic,-2.6652,0.0693,3.1998,25.45,2.000,-0.2827,-1.5986,1.6234,0.3752,1.5794,0.000,1,SEARCH,0.0000,0.0000,0.0000,-0.0000
447690,dynamic,-2.6652,0.0696,3.1999,25.45,2.000,-0.2827,-1.5986,1.6234,0.3753,1.5794,0.000,1,SEARCH,0.0000,0.0000,0.0000,-0.0000
447789,dynamic,-2.6659,0.0699,3.1998,33.10,2.000,-0.3906,-1.9185,1.9579,0.5017,1.8925,0.000,1,SEARCH,0.0000,0.0000,0.0000,-0.0000
447889,dynamic,-2.6667,0.0701,3.1999,33.10,2.000,-0.3906,-1.9185,1.9579,0.5017,1.8925,0.000,1,SEARCH,0.0000,0.0000,0.0000,-0.0000
447989,dynamic,-2.6677,0.0703,3.1999,33.10,2.000,-0.3906,-1.9185,1.9579,0.5017,1.8925,0.000,1,SEARCH,0.0000,0.0000,0.0000,-0.0000
448089,dynamic,-2.6687,0.0705,3.1999,33.10,2.000,-0.3906,-1.9185,1.9579,0.5017,1.8925,0.000,1,SEARCH,0.0000,0.0000,0.0000,-0.0000
448189,dynamic,-2.6690,0.0707,3.1999,33.10,2.000,-0.3906,-1.9185,1.9579,0.5017,1.8925,0.000,1,SEARCH,0.0000,0.0000,0.0000,-0.0000
448290,dynamic,-2.6690,0.0709,3.1999,33.10,2.000,-0.3906,-1.9185,1.9579,0.5017,1.8925,0.000,1,SEARCH,0.0000,0.0000,0.0000,-0.0000
448390,dynamic,-2.6695,0.0713,3.1999,33.10,2.000,-0.3899,-1.9149,1.9542,0.5007,1.8890,0.000,1,SEARCH,0.0000,0.0000,0.0000,-0.0000
448489,dynamic,-2.6704,0.0717,3.1998,33.10,2.000,-0.3899,-1.9149,1.9542,0.5007,1.8890,0.000,1,SEARCH,0.0000,0.0000,0.0000,-0.0000
448589,dynamic,-2.6705,0.0719,3.1998,33.10,2.000,-0.3899,-1.9149,1.9542,0.5007,1.8890,0.000,1,SEARCH,0.0000,0.0000,0.0000,-0.0000
448689,dynamic,-2.6706,0.0722,3.1998,33.10,2.000,-0.3899,-1.9149,1.9542,0.5007,1.8890,0.000,1,SEARCH,0.0000,0.0000,0.0000,-0.0000
448789,dynamic,-2.6711,0.0724,3.1999,33.10,2.000,-0.3899,-1.9149,1.9542,0.5007,1.8890,0.000,1,SEARCH,0.0000,0.0000,0.0000,-0.0000
448889,dynamic,-2.6717,0.0726,3.1999,33.10,2.000,-0.3899,-1.9149,1.9542,0.5007,1.8890,0.000,1,SEARCH,0.0000,0.0000,0.0000,-0.0000
448992,dynamic,-2.6720,0.0727,3.1999,33.10,2.000,-0.3899,-1.9149,1.9542,0.5007,1.8890,0.000,1,SEARCH,0.0000,0.0000,0.0000,-0.0000
449089,dynamic,-2.6724,0.0727,3.1998,26.04,2.000,-0.2801,-1.5923,1.6168,0.3723,1.5733,0.000,1,SEARCH,0.0000,0.0000,0.0000,-0.0000
449189,dynamic,-2.6728,0.0729,3.1999,26.04,2.000,-0.2801,-1.5923,1.6168,0.3723,1.5733,0.000,1,SEARCH,0.0000,0.0000,0.0000,-0.0000
449289,dynamic,-2.6732,0.0731,3.1998,26.04,2.000,-0.2801,-1.5923,1.6168,0.3723,1.5733,0.000,1,SEARCH,0.0000,0.0000,0.0000,-0.0000
449389,dynamic,-2.6734,0.0733,3.1999,26.04,2.000,-0.2801,-1.5923,1.6168,0.3724,1.5733,0.000,1,SEARCH,0.0000,0.0000,0.0000,-0.0000
449489,dynamic,-2.6734,0.0734,3.1999,26.04,2.000,-0.2801,-1.5923,1.6168,0.3724,1.5733,0.000,1,SEARCH,0.0000,0.0000,0.0000,-0.0000
449589,dynamic,-2.6737,0.0737,3.1999,26.04,2.000,-0.2801,-1.5923,1.6168,0.3724,1.5733,0.000,1,SEARCH,0.0000,0.0000,0.0000,-0.0000
449690,dynamic,-2.6740,0.0740,3.1999,26.04,2.000,-0.2801,-1.5923,1.6168,0.3724,1.5733,0.000,1,SEARCH,0.0000,0.0000,0.0000,-0.0000
449790,dynamic,-2.6740,0.0744,3.1999,32.65,2.000,-0.3931,-1.9194,1.9593,0.5043,1.8933,0.000,1,SEARCH,0.0000,0.0000,0.0000,-0.0000
449889,dynamic,-2.6738,0.0748,3.1999,32.65,2.000,-0.3931,-1.9194,1.9593,0.5043,1.8933,0.000,1,SEARCH,0.0000,0.0000,0.0000,-0.0000
449989,dynamic,-2.6734,0.0750,3.1999,32.65,2.000,-0.3931,-1.9194,1.9593,0.5043,1.8933,0.000,1,SEARCH,0.0000,0.0000,0.0000,-0.0000
450089,dynamic,-2.6730,0.0753,3.1999,32.65,2.000,-0.3931,-1.9194,1.9593,0.5044,1.8933,0.000,1,SEARCH,0.0000,0.0000,0.0000,-0.0000
450189,dynamic,-2.6733,0.0756,3.2000,32.65,2.000,-0.3931,-1.9194,1.9593,0.5044,1.8932,0.000,1,SEARCH,0.0000,0.0000,0.0000,-0.0000
450289,dynamic,-2.6737,0.0759,3.2000,32.65,2.000,-0.3931,-1.9194,1.9593,0.5044,1.8932,0.000,1,SEARCH,0.0000,0.0000,0.0000,-0.0000
450389,dynamic,-2.6741,0.0763,3.2000,32.65,2.000,-0.3931,-1.9194,1.9593,0.5044,1.8932,0.000,1,SEARCH,0.0000,0.0000,0.0000,-0.0000
450492,dynamic,-2.6744,0.0769,3.2000,32.65,2.000,-0.3931,-1.9194,1.9593,0.5044,1.8932,0.000,1,SEARCH,0.0000,0.0000,0.0000,-0.0000
450589,dynamic,-2.6742,0.0774,3.2000,26.37,2.000,-0.2817,-1.5971,1.6218,0.3744,1.5780,0.000,1,SEARCH,0.0000,0.0000,0.0000,-0.0000
450689,dynamic,-2.6739,0.0777,3.2000,26.37,2.000,-0.2817,-1.5971,1.6218,0.3745,1.5780,0.000,1,SEARCH,0.0000,0.0000,0.0000,-0.0000
450789,dynamic,-2.6739,0.0774,3.2001,26.37,2.000,-0.2817,-1.5971,1.6218,0.3745,1.5779,0.000,1,SEARCH,0.0000,0.0000,0.0000,-0.0000
450889,dynamic,-2.6741,0.0770,3.2000,26.37,2.000,-0.2817,-1.5971,1.6218,0.3745,1.5779,0.000,1,SEARCH,0.0000,0.0000,0.0000,-0.0000
450990,dynamic,-2.6740,0.0768,3.2001,26.37,2.000,-0.2817,-1.5971,1.6218,0.3745,1.5779,0.000,1,SEARCH,0.0000,0.0000,0.0000,-0.0000
451089,dynamic,-2.6740,0.0766,3.2000,26.37,2.000,-0.2817,-1.5971,1.6218,0.3745,1.5779,0.000,1,SEARCH,0.0000,0.0000,0.0000,-0.0000
451196,dynamic,-2.6739,0.0768,3.2001,26.37,2.000,-0.2817,-1.5971,1.6218,0.3745,1.5779,0.000,1,SEARCH,0.0000,0.0000,0.0000,-0.0000
451289,dynamic,-2.6739,0.0770,3.2000,26.37,2.000,-0.2817,-1.5971,1.6218,0.3745,1.5779,0.000,1,SEARCH,0.0000,0.0000,0.0000,-0.0000
451389,dynamic,-2.6740,0.0770,3.2001,26.07,2.000,-0.2814,-1.5919,1.6166,0.3740,1.5728,0.000,1,SEARCH,0.0000,0.0000,0.0000,-0.0000
451490,dynamic,-2.6742,0.0770,3.2001,26.07,2.000,-0.2814,-1.5919,1.6166,0.3740,1.5728,0.000,1,SEARCH,0.0000,0.0000,0.0000,-0.0000
451589,dynamic,-2.6741,0.0769,3.2001,26.07,2.000,-0.2814,-1.5919,1.6166,0.3741,1.5727,0.000,1,SEARCH,0.0000,0.0000,0.0000,-0.0000
451689,dynamic,-2.6741,0.0768,3.2001,26.07,2.000,-0.2814,-1.5919,1.6166,0.3741,1.5727,0.000,1,SEARCH,0.0000,0.0000,0.0000,-0.0000
451789,dynamic,-2.6741,0.0765,3.2002,26.07,2.000,-0.2814,-1.5919,1.6166,0.3741,1.5727,0.000,1,SEARCH,0.0000,0.0000,0.0000,-0.0000
451895,dynamic,-2.6743,0.0761,3.2002,26.07,2.000,-0.2814,-1.5919,1.6166,0.3742,1.5727,0.000,1,SEARCH,0.0000,0.0000,0.0000,-0.0000
451989,dynamic,-2.6744,0.0759,3.2002,26.06,2.000,-0.2801,-1.5853,1.6098,0.3725,1.5662,0.000,1,SEARCH,0.0000,0.0000,0.0000,-0.0000
452089,dynamic,-2.6747,0.0759,3.2002,26.06,2.000,-0.2801,-1.5853,1.6098,0.3725,1.5662,0.000,1,SEARCH,0.0000,0.0000,0.0000,-0.0000
452189,dynamic,-2.6740,0.0755,3.2002,26.06,2.000,-0.2801,-1.5853,1.6098,0.3725,1.5662,0.000,1,SEARCH,0.0000,0.0000,0.0000,-0.0000
452289,dynamic,-2.6732,0.0750,3.2002,26.06,2.000,-0.2801,-1.5853,1.6098,0.3725,1.5661,0.000,1,SEARCH,0.0000,0.0000,0.0000,-0.0000
452389,dynamic,-2.6727,0.0748,3.2002,26.06,2.000,-0.2801,-1.5853,1.6098,0.3725,1.5661,0.000,1,SEARCH,0.0000,0.0000,0.0000,-0.0000
452504,dynamic,-2.6725,0.0746,3.2003,26.06,2.000,-0.2801,-1.5853,1.6098,0.3726,1.5661,0.000,1,SEARCH,0.0000,0.0000,0.0000,-0.0000
452589,dynamic,-2.6727,0.0745,3.2003,32.64,2.000,-0.3876,-1.8997,1.9388,0.4983,1.8737,0.000,1,SEARCH,0.0000,0.0000,0.0000,-0.0000
452689,dynamic,-2.6729,0.0745,3.2003,32.64,2.000,-0.3876,-1.8997,1.9388,0.4984,1.8737,0.000,1,SEARCH,0.0000,0.0000,0.0000,-0.0000
452789,dynamic,-2.6730,0.0748,3.2003,32.64,2.000,-0.3876,-1.8997,1.9388,0.4985,1.8737,0.000,1,SEARCH,0.0000,0.0000,0.0000,-0.0000
452890,dynamic,-2.6732,0.0751,3.2004,32.64,2.000,-0.3876,-1.8997,1.9388,0.4985,1.8736,0.000,1,SEARCH,0.0000,0.0000,0.0000,-0.0000
452989,dynamic,-2.6733,0.0750,3.2004,32.64,2.000,-0.3876,-1.8997,1.9388,0.4985,1.8736,0.000,1,SEARCH,0.0000,0.0000,0.0000,-0.0000
453089,dynamic,-2.6735,0.0749,3.2004,32.64,2.000,-0.3876,-1.8997,1.9388,0.4985,1.8737,0.000,1,SEARCH,0.0000,0.0000,0.0000,-0.0000
453193,dynamic,-2.6734,0.0748,3.2004,32.64,2.000,-0.3876,-1.8997,1.9388,0.4985,1.8736,0.000,1,SEARCH,0.0000,0.0000,0.0000,-0.0000
453289,dynamic,-2.6735,0.0749,3.2004,33.13,2.000,-0.3880,-1.8983,1.9376,0.4989,1.8723,0.000,1,SEARCH,0.0000,0.0000,0.0000,-0.0000
453390,dynamic,-2.6739,0.0751,3.2004,33.13,2.000,-0.3880,-1.8983,1.9376,0.4989,1.8723,0.000,1,SEARCH,0.0000,0.0000,0.0000,-0.0000
453489,dynamic,-2.6746,0.0753,3.2004,33.13,2.000,-0.3880,-1.8983,1.9376,0.4989,1.8723,0.000,1,SEARCH,0.0000,0.0000,0.0000,-0.0000
453589,dynamic,-2.6748,0.0754,3.2004,33.13,2.000,-0.3880,-1.8983,1.9376,0.4990,1.8722,0.000,1,SEARCH,0.0000,0.0000,0.0000,-0.0000
453690,dynamic,-2.6751,0.0756,3.2004,33.13,2.000,-0.3880,-1.8983,1.9376,0.4990,1.8722,0.000,1,SEARCH,0.0000,0.0000,0.0000,-0.0000
453789,dynamic,-2.6759,0.0757,3.2004,33.13,2.000,-0.3880,-1.8983,1.9376,0.4990,1.8722,0.000,1,SEARCH,0.0000,0.0000,0.0000,-0.0000
453895,dynamic,-2.6769,0.0758,3.2004,33.13,2.000,-0.3880,-1.8983,1.9376,0.4990,1.8722,0.000,1,SEARCH,0.0000,0.0000,0.0000,-0.0000
453989,dynamic,-2.6778,0.0757,3.2005,33.13,2.000,-0.3867,-1.8926,1.9317,0.4974,1.8666,0.000,1,SEARCH,0.0000,0.0000,0.0000,-0.0000
454089,dynamic,-2.6789,0.0756,3.2005,33.13,2.000,-0.3867,-1.8926,1.9317,0.4975,1.8666,0.000,1,SEARCH,0.0000,0.0000,0.0000,-0.0000
454191,dynamic,-2.6796,0.0755,3.2005,33.13,2.000,-0.3867,-1.8926,1.9317,0.4975,1.8666,0.000,1,SEARCH,0.0000,0.0000,0.0000,-0.0000
454289,dynamic,-2.6803,0.0755,3.2005,33.13,2.000,-0.3867,-1.8926,1.9317,0.4975,1.8666,0.000,1,SEARCH,0.0000,0.0000,0.0000,-0.0000
454389,dynamic,-2.6804,0.0755,3.2005,33.13,2.000,-0.3867,-1.8926,1.9317,0.4975,1.8666,0.000,1,SEARCH,0.0000,0.0000,0.0000,-0.0000
454489,dynamic,-2.6803,0.0754,3.2005,33.13,2.000,-0.3867,-1.8926,1.9317,0.4975,1.8666,0.000,1,SEARCH,0.0000,0.0000,0.0000,-0.0000
454592,dynamic,-2.6797,0.0752,3.2005,33.13,2.000,-0.3867,-1.8926,1.9317,0.4975,1.8666,0.000,1,SEARCH,0.0000,0.0000,0.0000,-0.0000
454689,dynamic,-2.6793,0.0751,3.2005,26.06,2.000,-0.2766,-1.5688,1.5930,0.3685,1.5498,0.000,1,SEARCH,0.0000,0.0000,0.0000,-0.0000
454789,dynamic,-2.6791,0.0753,3.2005,26.06,2.000,-0.2766,-1.5688,1.5930,0.3685,1.5498,0.000,1,SEARCH,0.0000,0.0000,0.0000,-0.0000
454889,dynamic,-2.6791,0.0756,3.2005,26.06,2.000,-0.2766,-1.5688,1.5930,0.3685,1.5498,0.000,1,SEARCH,0.0000,0.0000,0.0000,-0.0000
454989,dynamic,-2.6791,0.0754,3.2005,26.06,2.000,-0.2766,-1.5688,1.5930,0.3685,1.5498,0.000,1,SEARCH,0.0000,0.0000,0.0000,-0.0000
455089,dynamic,-2.6792,0.0750,3.2005,26.06,2.000,-0.2766,-1.5688,1.5930,0.3685,1.5498,0.000,1,SEARCH,0.0000,0.0000,0.0000,-0.0000
455191,dynamic,-2.6794,0.0748,3.2005,26.06,2.000,-0.2766,-1.5688,1.5930,0.3685,1.5498,0.000,1,SEARCH,0.0000,0.0000,0.0000,-0.0000
455289,dynamic,-2.6799,0.0747,3.2005,32.44,2.000,-0.3877,-1.8932,1.9325,0.4984,1.8671,0.000,1,SEARCH,0.0000,0.0000,0.0000,-0.0000
455389,dynamic,-2.6800,0.0745,3.2005,32.44,2.000,-0.3877,-1.8932,1.9325,0.4985,1.8671,0.000,1,SEARCH,0.0000,0.0000,0.0000,-0.0000
455490,dynamic,-2.6801,0.0742,3.2005,32.44,2.000,-0.3877,-1.8932,1.9325,0.4984,1.8671,0.000,1,SEARCH,0.0000,0.0000,0.0000,-0.0000
455589,dynamic,-2.6801,0.0741,3.2005,32.44,2.000,-0.3877,-1.8932,1.9325,0.4984,1.8671,0.000,1,SEARCH,0.0000,0.0000,0.0000,-0.0000
455689,dynamic,-2.6802,0.0741,3.2005,32.44,2.000,-0.3877,-1.8932,1.9325,0.4984,1.8671,0.000,1,SEARCH,0.0000,0.0000,0.0000,-0.0000
455789,dynamic,-2.6801,0.0741,3.2005,32.44,2.000,-0.3877,-1.8932,1.9325,0.4984,1.8671,0.000,1,SEARCH,0.0000,0.0000,0.0000,-0.0000
455894,dynamic,-2.6801,0.0742,3.2005,32.44,2.000,-0.3877,-1.8932,1.9325,0.4985,1.8671,0.000,1,SEARCH,0.0000,0.0000,0.0000,-0.0000
455989,dynamic,-2.6797,0.0743,3.2005,26.07,2.000,-0.2782,-1.5772,1.6016,0.3706,1.5581,0.000,1,SEARCH,0.0000,0.0000,0.0000,-0.0000
456090,dynamic,-2.6792,0.0744,3.2005,26.07,2.000,-0.2782,-1.5772,1.6016,0.3706,1.5581,0.000,1,SEARCH,0.0000,0.0000,0.0000,-0.0000
456189,dynamic,-2.6789,0.0742,3.2005,26.07,2.000,-0.2782,-1.5772,1.6016,0.3706,1.5581,0.000,1,SEARCH,0.0000,0.0000,0.0000,-0.0000
456289,dynamic,-2.6787,0.0738,3.2005,26.07,2.000,-0.2782,-1.5772,1.6016,0.3706,1.5581,0.000,1,SEARCH,0.0000,0.0000,0.0000,-0.0000
456389,dynamic,-2.6772,0.0741,3.2005,26.07,2.000,-0.2782,-1.5772,1.6016,0.3706,1.5581,0.000,1,SEARCH,0.0000,0.0000,0.0000,-0.0000
456492,dynamic,-2.6755,0.0746,3.2006,26.07,2.000,-0.2782,-1.5772,1.6016,0.3706,1.5581,0.000,1,SEARCH,0.0000,0.0000,0.0000,-0.0000
456590,dynamic,-2.6744,0.0744,3.2006,26.06,2.000,-0.2785,-1.5800,1.6044,0.3712,1.5608,0.000,1,SEARCH,0.0000,0.0000,0.0000,-0.0000
456689,dynamic,-2.6735,0.0741,3.2006,26.06,2.000,-0.2785,-1.5800,1.6044,0.3713,1.5608,0.000,1,SEARCH,0.0000,0.0000,0.0000,-0.0000
456789,dynamic,-2.6725,0.0737,3.2007,26.06,2.000,-0.2785,-1.5800,1.6044,0.3714,1.5608,0.000,1,SEARCH,0.0000,0.0000,0.0000,-0.0000
456889,dynamic,-2.6716,0.0734,3.2007,26.06,2.000,-0.2785,-1.5800,1.6044,0.3714,1.5608,0.000,1,SEARCH,0.0000,0.0000,0.0000,-0.0000
456989,dynamic,-2.6713,0.0727,3.2007,26.06,2.000,-0.2785,-1.5800,1.6044,0.3713,1.5608,0.000,1,SEARCH,0.0000,0.0000,0.0000,-0.0000
457089,dynamic,-2.6713,0.0722,3.2006,26.06,2.000,-0.2785,-1.5800,1.6044,0.3713,1.5608,0.000,1,SEARCH,0.0000,0.0000,0.0000,-0.0000
457196,dynamic,-2.6712,0.0718,3.2006,26.06,2.000,-0.2785,-1.5800,1.6044,0.3713,1.5608,0.000,1,SEARCH,0.0000,0.0000,0.0000,-0.0000
457290,dynamic,-2.6711,0.0717,3.2007,33.13,2.000,-0.3891,-1.9067,1.9460,0.5009,1.8804,0.000,1,SEARCH,0.0000,0.0000,0.0000,-0.0000
457389,dynamic,-2.6705,0.0715,3.2006,33.13,2.000,-0.3891,-1.9067,1.9460,0.5009,1.8804,0.000,1,SEARCH,0.0000,0.0000,0.0000,-0.0000
457489,dynamic,-2.6699,0.0714,3.2006,33.13,2.000,-0.3891,-1.9067,1.9460,0.5009,1.8804,0.000,1,SEARCH,0.0000,0.0000,0.0000,-0.0000
457589,dynamic,-2.6693,0.0711,3.2007,33.13,2.000,-0.3891,-1.9067,1.9460,0.5010,1.8804,0.000,1,SEARCH,0.0000,0.0000,0.0000,-0.0000
457689,dynamic,-2.6689,0.0709,3.2007,33.13,2.000,-0.3891,-1.9067,1.9460,0.5010,1.8804,0.000,1,SEARCH,0.0000,0.0000,0.0000,-0.0000
457798,dynamic,-2.6687,0.0709,3.2007,33.13,2.000,-0.3891,-1.9067,1.9460,0.5010,1.8804,0.000,1,SEARCH,0.0000,0.0000,0.0000,-0.0000
457889,dynamic,-2.6686,0.0710,3.2007,32.90,2.000,-0.3916,-1.9173,1.9569,0.5043,1.8908,0.000,1,SEARCH,0.0000,0.0000,0.0000,-0.0000
457989,dynamic,-2.6683,0.0711,3.2007,32.90,2.000,-0.3916,-1.9173,1.9569,0.5042,1.8908,0.000,1,SEARCH,0.0000,0.0000,0.0000,-0.0000
458089,dynamic,-2.6681,0.0712,3.2007,32.90,2.000,-0.3916,-1.9173,1.9569,0.5043,1.8908,0.000,1,SEARCH,0.0000,0.0000,0.0000,-0.0000
458189,dynamic,-2.6672,0.0713,3.2007,32.90,2.000,-0.3916,-1.9173,1.9569,0.5043,1.8908,0.000,1,SEARCH,0.0000,0.0000,0.0000,-0.0000
458289,dynamic,-2.6664,0.0714,3.2008,32.90,2.000,-0.3916,-1.9173,1.9569,0.5043,1.8908,0.000,1,SEARCH,0.0000,0.0000,0.0000,-0.0000
458389,dynamic,-2.6663,0.0716,3.2008,32.90,2.000,-0.3916,-1.9173,1.9569,0.5043,1.8908,0.000,1,SEARCH,0.0000,0.0000,0.0000,-0.0000
458490,dynamic,-2.6668,0.0717,3.2008,32.90,2.000,-0.3916,-1.9173,1.9569,0.5043,1.8908,0.000,1,SEARCH,0.0000,0.0000,0.0000,-0.0000
458589,dynamic,-2.6668,0.0719,3.2008,26.07,2.000,-0.2826,-1.6050,1.6297,0.3771,1.5855,0.000,1,SEARCH,0.0000,0.0000,0.0000,-0.0000
458689,dynamic,-2.6669,0.0720,3.2008,26.07,2.000,-0.2826,-1.6050,1.6297,0.3771,1.5855,0.000,1,SEARCH,0.0000,0.0000,0.0000,-0.0000
458789,dynamic,-2.6667,0.0723,3.2008,26.07,2.000,-0.2826,-1.6050,1.6297,0.3771,1.5855,0.000,1,SEARCH,0.0000,0.0000,0.0000,-0.0000
458889,dynamic,-2.6667,0.0725,3.2008,26.07,2.000,-0.2826,-1.6050,1.6297,0.3771,1.5855,0.000,1,SEARCH,0.0000,0.0000,0.0000,-0.0000
458989,dynamic,-2.6659,0.0725,3.2008,26.07,2.000,-0.2826,-1.6050,1.6297,0.3771,1.5855,0.000,1,SEARCH,0.0000,0.0000,0.0000,-0.0000
459095,dynamic,-2.6652,0.0725,3.2008,26.07,2.000,-0.2826,-1.6050,1.6297,0.3771,1.5855,0.000,1,SEARCH,0.0000,0.0000,0.0000,-0.0000
459189,dynamic,-2.6652,0.0723,3.2009,33.13,2.000,-0.3969,-1.9465,1.9866,0.5115,1.9196,0.000,1,SEARCH,0.0000,0.0000,0.0000,-0.0000
459289,dynamic,-2.6657,0.0720,3.2008,33.13,2.000,-0.3969,-1.9465,1.9866,0.5115,1.9196,0.000,1,SEARCH,0.0000,0.0000,0.0000,-0.0000
459389,dynamic,-2.6660,0.0724,3.2008,33.13,2.000,-0.3969,-1.9465,1.9866,0.5115,1.9196,0.000,1,SEARCH,0.0000,0.0000,0.0000,-0.0000
459489,dynamic,-2.6663,0.0729,3.2009,33.13,2.000,-0.3969,-1.9465,1.9866,0.5115,1.9196,0.000,1,SEARCH,0.0000,0.0000,0.0000,-0.0000
459589,dynamic,-2.6669,0.0735,3.2009,33.13,2.000,-0.3969,-1.9465,1.9866,0.5115,1.9196,0.000,1,SEARCH,0.0000,0.0000,0.0000,-0.0000
459689,dynamic,-2.6676,0.0742,3.2009,33.13,2.000,-0.3969,-1.9465,1.9866,0.5116,1.9196,0.000,1,SEARCH,0.0000,0.0000,0.0000,-0.0000
459789,dynamic,-2.6673,0.0744,3.2009,33.13,2.000,-0.3969,-1.9465,1.9866,0.5116,1.9196,0.000,1,SEARCH,0.0000,0.0000,0.0000,-0.0000
459889,dynamic,-2.6670,0.0746,3.2009,33.13,2.000,-0.3969,-1.9465,1.9866,0.5116,1.9196,0.000,1,SEARCH,0.0000,0.0000,0.0000,-0.0000
459998,dynamic,-2.6674,0.0744,3.2009,33.13,2.000,-0.3969,-1.9465,1.9866,0.5116,1.9196,0.000,1,SEARCH,0.0000,0.0000,0.0000,-0.0000
460089,dynamic,-2.6681,0.0743,3.2009,33.13,2.000,-0.3986,-1.9557,1.9959,0.5137,1.9287,0.000,1,SEARCH,0.0000,0.0000,0.0000,-0.0000
460189,dynamic,-2.6687,0.0740,3.2009,33.13,2.000,-0.3986,-1.9557,1.9959,0.5137,1.9287,0.000,1,SEARCH,0.0000,0.0000,0.0000,-0.0000
460289,dynamic,-2.6693,0.0738,3.2009,33.13,2.000,-0.3986,-1.9557,1.9959,0.5138,1.9287,0.000,1,SEARCH,0.0000,0.0000,0.0000,-0.0000
460389,dynamic,-2.6694,0.0735,3.2009,33.13,2.000,-0.3986,-1.9557,1.9959,0.5138,1.9287,0.000,1,SEARCH,0.0000,0.0000,0.0000,-0.0000
460489,dynamic,-2.6693,0.0732,3.2009,33.13,2.000,-0.3986,-1.9557,1.9959,0.5138,1.9287,0.000,1,SEARCH,0.0000,0.0000,0.0000,-0.0000
460596,dynamic,-2.6692,0.0730,3.2009,33.13,2.000,-0.3986,-1.9557,1.9959,0.5138,1.9287,0.000,1,SEARCH,0.0000,0.0000,0.0000,-0.0000
460690,dynamic,-2.6692,0.0728,3.2009,33.13,2.000,-0.4000,-1.9630,2.0033,0.5157,1.9358,0.000,1,SEARCH,0.0000,0.0000,0.0000,-0.0000
460790,dynamic,-2.6691,0.0725,3.2010,33.13,2.000,-0.4000,-1.9630,2.0033,0.5157,1.9358,0.000,1,SEARCH,0.0000,0.0000,0.0000,-0.0000
460889,dynamic,-2.6690,0.0723,3.2010,33.13,2.000,-0.4000,-1.9630,2.0033,0.5158,1.9358,0.000,1,SEARCH,0.0000,0.0000,0.0000,-0.0000
460989,dynamic,-2.6685,0.0723,3.2010,33.13,2.000,-0.4000,-1.9630,2.0033,0.5158,1.9358,0.000,1,SEARCH,0.0000,0.0000,0.0000,-0.0000
461089,dynamic,-2.6682,0.0724,3.2010,33.13,2.000,-0.4000,-1.9630,2.0033,0.5158,1.9358,0.000,1,SEARCH,0.0000,0.0000,0.0000,-0.0000
461189,dynamic,-2.6686,0.0722,3.2010,33.13,2.000,-0.4000,-1.9630,2.0033,0.5158,1.9358,0.000,1,SEARCH,0.0000,0.0000,0.0000,-0.0000
461289,dynamic,-2.6693,0.0720,3.2010,33.13,2.000,-0.4000,-1.9630,2.0033,0.5158,1.9358,0.000,1,SEARCH,0.0000,0.0000,0.0000,-0.0000
461398,dynamic,-2.6697,0.0717,3.2010,33.13,2.000,-0.4000,-1.9630,2.0033,0.5158,1.9358,0.000,1,SEARCH,0.0000,0.0000,0.0000,-0.0000
461489,dynamic,-2.6702,0.0714,3.2010,26.07,2.000,-0.2867,-1.6320,1.6569,0.3831,1.6120,0.000,1,SEARCH,0.0000,0.0000,0.0000,-0.0000
461589,dynamic,-2.6696,0.0709,3.2010,26.07,2.000,-0.2867,-1.6320,1.6569,0.3831,1.6120,0.000,1,SEARCH,0.0000,0.0000,0.0000,-0.0000
461689,dynamic,-2.6690,0.0704,3.2011,26.07,2.000,-0.2867,-1.6320,1.6569,0.3832,1.6120,0.000,1,SEARCH,0.0000,0.0000,0.0000,-0.0000
461789,dynamic,-2.6687,0.0700,3.2011,26.07,2.000,-0.2867,-1.6320,1.6569,0.3832,1.6120,0.000,1,SEARCH,0.0000,0.0000,0.0000,-0.0000
461889,dynamic,-2.6685,0.0697,3.2010,26.07,2.000,-0.2867,-1.6320,1.6569,0.3831,1.6120,0.000,1,SEARCH,0.0000,0.0000,0.0000,-0.0000
461995,dynamic,-2.6681,0.0694,3.2010,26.07,2.000,-0.2867,-1.6320,1.6569,0.3831,1.6120,0.000,1,SEARCH,0.0000,0.0000,0.0000,-0.0000
462089,dynamic,-2.6677,0.0691,3.2010,26.07,2.000,-0.2869,-1.6338,1.6588,0.3834,1.6138,0.000,1,SEARCH,0.0000,0.0000,0.0000,-0.0000
462189,dynamic,-2.6674,0.0689,3.2010,26.07,2.000,-0.2869,-1.6338,1.6588,0.3834,1.6138,0.000,1,SEARCH,0.0000,0.0000,0.0000,-0.0000
462290,dynamic,-2.6671,0.0687,3.2010,26.07,2.000,-0.2869,-1.6338,1.6588,0.3834,1.6138,0.000,1,SEARCH,0.0000,0.0000,0.0000,-0.0000
462389,dynamic,-2.6672,0.0684,3.2010,26.07,2.000,-0.2869,-1.6338,1.6588,0.3834,1.6138,0.000,1,SEARCH,0.0000,0.0000,0.0000,-0.0000
462489,dynamic,-2.6675,0.0680,3.2010,26.07,2.000,-0.2869,-1.6338,1.6588,0.3834,1.6138,0.000,1,SEARCH,0.0000,0.0000,0.0000,-0.0000
462589,dynamic,-2.6676,0.0675,3.2010,26.07,2.000,-0.2869,-1.6338,1.6588,0.3834,1.6138,0.000,1,SEARCH,0.0000,0.0000,0.0000,-0.0000
462694,dynamic,-2.6679,0.0669,3.2011,26.07,2.000,-0.2869,-1.6338,1.6588,0.3835,1.6138,0.000,1,SEARCH,0.0000,0.0000,0.0000,-0.0000
462789,dynamic,-2.6678,0.0672,3.2011,32.64,2.000,-0.3997,-1.9689,2.0091,0.5161,1.9417,0.000,1,SEARCH,0.0000,0.0000,0.0000,-0.0000
462889,dynamic,-2.6678,0.0675,3.2011,32.64,2.000,-0.3997,-1.9689,2.0091,0.5161,1.9417,0.000,1,SEARCH,0.0000,0.0000,0.0000,-0.0000
462989,dynamic,-2.6673,0.0673,3.2011,32.64,2.000,-0.3997,-1.9689,2.0091,0.5161,1.9417,0.000,1,SEARCH,0.0000,0.0000,0.0000,-0.0000
463089,dynamic,-2.6668,0.0670,3.2011,32.64,2.000,-0.3997,-1.9689,2.0091,0.5162,1.9417,0.000,1,SEARCH,0.0000,0.0000,0.0000,-0.0000
463189,dynamic,-2.6667,0.0668,3.2012,32.64,2.000,-0.3997,-1.9689,2.0091,0.5162,1.9416,0.000,1,SEARCH,0.0000,0.0000,0.0000,-0.0000
463289,dynamic,-2.6668,0.0667,3.2011,32.64,2.000,-0.3997,-1.9689,2.0091,0.5162,1.9416,0.000,1,SEARCH,0.0000,0.0000,0.0000,-0.0000
463401,dynamic,-2.6676,0.0666,3.2011,32.64,2.000,-0.3997,-1.9689,2.0091,0.5162,1.9416,0.000,1,SEARCH,0.0000,0.0000,0.0000,-0.0000
463489,dynamic,-2.6687,0.0665,3.2011,33.16,2.000,-0.4046,-1.9816,2.0225,0.5218,1.9540,0.000,1,SEARCH,0.0000,0.0000,0.0000,-0.0000
463589,dynamic,-2.6687,0.0664,3.2011,33.16,2.000,-0.4046,-1.9816,2.0225,0.5218,1.9540,0.000,1,SEARCH,0.0000,0.0000,0.0000,-0.0000
463689,dynamic,-2.6688,0.0662,3.2011,33.16,2.000,-0.4046,-1.9816,2.0225,0.5218,1.9540,0.000,1,SEARCH,0.0000,0.0000,0.0000,-0.0000
463789,dynamic,-2.6688,0.0661,3.2011,33.16,2.000,-0.4046,-1.9816,2.0225,0.5219,1.9540,0.000,1,SEARCH,0.0000,0.0000,0.0000,-0.0000
463889,dynamic,-2.6690,0.0660,3.2012,33.16,2.000,-0.4046,-1.9816,2.0225,0.5219,1.9540,0.000,1,SEARCH,0.0000,0.0000,0.0000,-0.0000
463998,dynamic,-2.6689,0.0656,3.2012,33.16,2.000,-0.4046,-1.9816,2.0225,0.5219,1.9540,0.000,1,SEARCH,0.0000,0.0000,0.0000,-0.0000
464089,dynamic,-2.6688,0.0652,3.2012,33.13,2.000,-0.4018,-1.9765,2.0170,0.5189,1.9491,0.000,1,SEARCH,0.0000,0.0000,0.0000,-0.0000
464189,dynamic,-2.6682,0.0653,3.2012,33.13,2.000,-0.4018,-1.9765,2.0170,0.5189,1.9491,0.000,1,SEARCH,0.0000,0.0000,0.0000,-0.0000
464289,dynamic,-2.6676,0.0653,3.2013,33.13,2.000,-0.4018,-1.9765,2.0170,0.5190,1.9491,0.000,1,SEARCH,0.0000,0.0000,0.0000,-0.0000
464389,dynamic,-2.6671,0.0654,3.2013,33.13,2.000,-0.4018,-1.9765,2.0170,0.5190,1.9491,0.000,1,SEARCH,0.0000,0.0000,0.0000,-0.0000
464490,dynamic,-2.6666,0.0655,3.2012,33.13,2.000,-0.4018,-1.9765,2.0170,0.5190,1.9491,0.000,1,SEARCH,0.0000,0.0000,0.0000,-0.0000
464589,dynamic,-2.6662,0.0655,3.2012,33.13,2.000,-0.4018,-1.9765,2.0170,0.5190,1.9491,0.000,1,SEARCH,0.0000,0.0000,0.0000,-0.0000
464693,dynamic,-2.6658,0.0654,3.2013,33.13,2.000,-0.4018,-1.9765,2.0170,0.5189,1.9491,0.000,1,SEARCH,0.0000,0.0000,0.0000,-0.0000
464790,dynamic,-2.6656,0.0654,3.2013,33.14,2.000,-0.4016,-1.9764,2.0168,0.5187,1.9489,0.000,1,SEARCH,0.0000,0.0000,0.0000,-0.0000
464889,dynamic,-2.6655,0.0653,3.2013,33.14,2.000,-0.4016,-1.9764,2.0168,0.5188,1.9489,0.000,1,SEARCH,0.0000,0.0000,0.0000,-0.0000
464989,dynamic,-2.6649,0.0653,3.2013,33.14,2.000,-0.4016,-1.9764,2.0168,0.5188,1.9489,0.000,1,SEARCH,0.0000,0.0000,0.0000,-0.0000
465089,dynamic,-2.6644,0.0651,3.2013,33.14,2.000,-0.4016,-1.9764,2.0168,0.5188,1.9489,0.000,1,SEARCH,0.0000,0.0000,0.0000,-0.0000
465189,dynamic,-2.6631,0.0647,3.2013,33.14,2.000,-0.4016,-1.9764,2.0168,0.5189,1.9489,0.000,1,SEARCH,0.0000,0.0000,0.0000,-0.0000
465294,dynamic,-2.6614,0.0640,3.2013,33.14,2.000,-0.4016,-1.9764,2.0168,0.5189,1.9489,0.000,1,SEARCH,0.0000,0.0000,0.0000,-0.0000
465389,dynamic,-2.6600,0.0639,3.2013,26.08,2.000,-0.2889,-1.6469,1.6720,0.3866,1.6267,0.000,1,SEARCH,0.0000,0.0000,0.0000,-0.0000
465489,dynamic,-2.6590,0.0638,3.2013,26.08,2.000,-0.2889,-1.6469,1.6720,0.3866,1.6267,0.000,1,SEARCH,0.0000,0.0000,0.0000,-0.0000
465589,dynamic,-2.6587,0.0639,3.2013,26.08,2.000,-0.2889,-1.6469,1.6720,0.3866,1.6267,0.000,1,SEARCH,0.0000,0.0000,0.0000,-0.0000
465689,dynamic,-2.6586,0.0638,3.2013,26.08,2.000,-0.2889,-1.6469,1.6720,0.3866,1.6267,0.000,1,SEARCH,0.0000,0.0000,0.0000,-0.0000
465789,dynamic,-2.6580,0.0643,3.2013,26.08,2.000,-0.2889,-1.6469,1.6720,0.3866,1.6267,0.000,1,SEARCH,0.0000,0.0000,0.0000,-0.0000
465898,dynamic,-2.6574,0.0646,3.2013,26.08,2.000,-0.2889,-1.6469,1.6720,0.3867,1.6267,0.000,1,SEARCH,0.0000,0.0000,0.0000,-0.0000
465989,dynamic,-2.6569,0.0647,3.2013,26.09,2.000,-0.2895,-1.6500,1.6752,0.3875,1.6298,0.000,1,SEARCH,0.0000,0.0000,0.0000,-0.0000
466089,dynamic,-2.6567,0.0646,3.2014,26.09,2.000,-0.2895,-1.6500,1.6752,0.3875,1.6298,0.000,1,SEARCH,0.0000,0.0000,0.0000,-0.0000
466189,dynamic,-2.6571,0.0646,3.2014,26.09,2.000,-0.2895,-1.6500,1.6752,0.3875,1.6298,0.000,1,SEARCH,0.0000,0.0000,0.0000,-0.0000
466289,dynamic,-2.6577,0.0645,3.2014,26.09,2.000,-0.2895,-1.6500,1.6752,0.3876,1.6298,0.000,1,SEARCH,0.0000,0.0000,0.0000,-0.0000
466390,dynamic,-2.6576,0.0646,3.2014,26.09,2.000,-0.2895,-1.6500,1.6752,0.3875,1.6298,0.000,1,SEARCH,0.0000,0.0000,0.0000,-0.0000
466490,dynamic,-2.6572,0.0647,3.2014,26.09,2.000,-0.2895,-1.6500,1.6752,0.3876,1.6298,0.000,1,SEARCH,0.0000,0.0000,0.0000,-0.0000
466589,dynamic,-2.6576,0.0650,3.2014,26.09,2.000,-0.2895,-1.6500,1.6752,0.3876,1.6297,0.000,1,SEARCH,0.0000,0.0000,0.0000,-0.0000
466694,dynamic,-2.6580,0.0652,3.2014,26.09,2.000,-0.2895,-1.6500,1.6752,0.3876,1.6297,0.000,1,SEARCH,0.0000,0.0000,0.0000,-0.0000
466789,dynamic,-2.6576,0.0656,3.2014,25.43,2.000,-0.2866,-1.6385,1.6633,0.3841,1.6184,0.000,1,SEARCH,0.0000,0.0000,0.0000,-0.0000
466890,dynamic,-2.6570,0.0658,3.2015,25.43,2.000,-0.2866,-1.6385,1.6633,0.3842,1.6184,0.000,1,SEARCH,0.0000,0.0000,0.0000,-0.0000
466989,dynamic,-2.6570,0.0660,3.2015,25.43,2.000,-0.2866,-1.6385,1.6633,0.3842,1.6184,0.000,1,SEARCH,0.0000,0.0000,0.0000,-0.0000
467089,dynamic,-2.6571,0.0661,3.2015,25.43,2.000,-0.2866,-1.6385,1.6633,0.3842,1.6184,0.000,1,SEARCH,0.0000,0.0000,0.0000,-0.0000
467189,dynamic,-2.6574,0.0666,3.2015,25.43,2.000,-0.2866,-1.6385,1.6633,0.3842,1.6184,0.000,1,SEARCH,0.0000,0.0000,0.0000,-0.0000
467289,dynamic,-2.6576,0.0670,3.2015,25.43,2.000,-0.2866,-1.6385,1.6633,0.3842,1.6183,0.000,1,SEARCH,0.0000,0.0000,0.0000,-0.0000
467390,dynamic,-2.6583,0.0673,3.2015,25.43,2.000,-0.2866,-1.6385,1.6633,0.3842,1.6184,0.000,1,SEARCH,0.0000,0.0000,0.0000,-0.0000
467492,dynamic,-2.6592,0.0675,3.2015,25.43,2.000,-0.2866,-1.6385,1.6633,0.3842,1.6184,0.000,1,SEARCH,0.0000,0.0000,0.0000,-0.0000
467589,dynamic,-2.6595,0.0676,3.2015,26.09,2.000,-0.2856,-1.6294,1.6542,0.3827,1.6094,0.000,1,SEARCH,0.0000,0.0000,0.0000,-0.0000
467689,dynamic,-2.6597,0.0676,3.2015,26.09,2.000,-0.2856,-1.6294,1.6542,0.3827,1.6094,0.000,1,SEARCH,0.0000,0.0000,0.0000,-0.0000
467789,dynamic,-2.6593,0.0677,3.2016,26.09,2.000,-0.2856,-1.6294,1.6542,0.3827,1.6094,0.000,1,SEARCH,0.0000,0.0000,0.0000,-0.0000
467889,dynamic,-2.6589,0.0678,3.2016,26.09,2.000,-0.2856,-1.6294,1.6542,0.3827,1.6094,0.000,1,SEARCH,0.0000,0.0000,0.0000,-0.0000
467989,dynamic,-2.6586,0.0678,3.2016,26.09,2.000,-0.2856,-1.6294,1.6542,0.3828,1.6094,0.000,1,SEARCH,0.0000,0.0000,0.0000,-0.0000
468091,dynamic,-2.6584,0.0678,3.2016,26.09,2.000,-0.2856,-1.6294,1.6542,0.3828,1.6094,0.000,1,SEARCH,0.0000,0.0000,0.0000,-0.0000
468189,dynamic,-2.6578,0.0679,3.2016,26.08,2.000,-0.2848,-1.6256,1.6504,0.3818,1.6056,0.000,1,SEARCH,0.0000,0.0000,0.0000,-0.0000
468289,dynamic,-2.6570,0.0681,3.2016,26.08,2.000,-0.2848,-1.6256,1.6504,0.3817,1.6056,0.000,1,SEARCH,0.0000,0.0000,0.0000,-0.0000
468390,dynamic,-2.6574,0.0686,3.2016,26.08,2.000,-0.2848,-1.6256,1.6504,0.3817,1.6056,0.000,1,SEARCH,0.0000,0.0000,0.0000,-0.0000
468490,dynamic,-2.6583,0.0692,3.2016,26.08,2.000,-0.2848,-1.6256,1.6504,0.3818,1.6056,0.000,1,SEARCH,0.0000,0.0000,0.0000,-0.0000
468595,dynamic,-2.6585,0.0693,3.2016,26.08,2.000,-0.2848,-1.6256,1.6504,0.3818,1.6056,0.000,1,SEARCH,0.0000,0.0000,0.0000,-0.0000
468694,dynamic,-2.6586,0.0693,3.2016,26.08,2.000,-0.2848,-1.6256,1.6504,0.3818,1.6056,0.000,1,SEARCH,0.0000,0.0000,0.0000,-0.0000
468801,dynamic,-2.6582,0.0694,3.2016,26.08,2.000,-0.2848,-1.6256,1.6504,0.3818,1.6056,0.000,1,SEARCH,0.0000,0.0000,0.0000,-0.0000
468900,dynamic,-2.6578,0.0694,3.2016,33.14,2.000,-0.3965,-1.9531,1.9930,0.5130,1.9258,0.000,1,SEARCH,0.0000,0.0000,0.0000,-0.0000
468992,dynamic,-2.6578,0.0693,3.2016,33.14,2.000,-0.3965,-1.9531,1.9930,0.5130,1.9258,0.000,1,SEARCH,0.0000,0.0000,0.0000,-0.0000
469089,dynamic,-2.6577,0.0692,3.2016,33.14,2.000,-0.3965,-1.9531,1.9930,0.5130,1.9258,0.000,1,SEARCH,0.0000,0.0000,0.0000,-0.0000
469189,dynamic,-2.6579,0.0691,3.2016,33.14,2.000,-0.3965,-1.9531,1.9930,0.5130,1.9258,0.000,1,SEARCH,0.0000,0.0000,0.0000,-0.0000
469289,dynamic,-2.6582,0.0689,3.2016,33.14,2.000,-0.3965,-1.9531,1.9930,0.5130,1.9258,0.000,1,SEARCH,0.0000,0.0000,0.0000,-0.0000
469401,dynamic,-2.6589,0.0688,3.2017,33.14,2.000,-0.3965,-1.9531,1.9930,0.5130,1.9258,0.000,1,SEARCH,0.0000,0.0000,0.0000,-0.0000
469493,dynamic,-2.6596,0.0686,3.2017,33.14,2.000,-0.3965,-1.9531,1.9930,0.5131,1.9258,0.000,1,SEARCH,0.0000,0.0000,0.0000,-0.0000
469591,dynamic,-2.6600,0.0686,3.2017,26.08,2.000,-0.2832,-1.6181,1.6427,0.3799,1.5981,0.000,1,SEARCH,0.0000,0.0000,0.0000,-0.0000
469689,dynamic,-2.6601,0.0685,3.2017,26.08,2.000,-0.2832,-1.6181,1.6427,0.3799,1.5981,0.000,1,SEARCH,0.0000,0.0000,0.0000,-0.0000
469789,dynamic,-2.6602,0.0680,3.2017,26.08,2.000,-0.2832,-1.6181,1.6427,0.3799,1.5981,0.000,1,SEARCH,0.0000,0.0000,0.0000,-0.0000
469891,dynamic,-2.6602,0.0675,3.2017,26.08,2.000,-0.2832,-1.6181,1.6427,0.3799,1.5981,0.000,1,SEARCH,0.0000,0.0000,0.0000,-0.0000
469989,dynamic,-2.6599,0.0674,3.2017,26.08,2.000,-0.2832,-1.6181,1.6427,0.3799,1.5981,0.000,1,SEARCH,0.0000,0.0000,0.0000,-0.0000
470090,dynamic,-2.6596,0.0672,3.2017,26.08,2.000,-0.2832,-1.6181,1.6427,0.3799,1.5981,0.000,1,SEARCH,0.0000,0.0000,0.0000,-0.0000
470200,dynamic,-2.6596,0.0671,3.2017,26.08,2.000,-0.2832,-1.6181,1.6427,0.3799,1.5981,0.000,1,SEARCH,0.0000,0.0000,0.0000,-0.0000
470289,dynamic,-2.6596,0.0668,3.2017,32.65,2.000,-0.3943,-1.9478,1.9873,0.5106,1.9206,0.000,1,SEARCH,0.0000,0.0000,0.0000,-0.0000
470391,dynamic,-2.6599,0.0668,3.2017,32.65,2.000,-0.3943,-1.9478,1.9873,0.5106,1.9206,0.000,1,SEARCH,0.0000,0.0000,0.0000,-0.0000
470491,dynamic,-2.6604,0.0669,3.2017,32.65,2.000,-0.3943,-1.9478,1.9873,0.5106,1.9206,0.000,1,SEARCH,0.0000,0.0000,0.0000,-0.0000
470590,dynamic,-2.6602,0.0667,3.2018,32.65,2.000,-0.3943,-1.9478,1.9873,0.5107,1.9206,0.000,1,SEARCH,0.0000,0.0000,0.0000,-0.0000
470691,dynamic,-2.6598,0.0665,3.2018,32.65,2.000,-0.3943,-1.9478,1.9873,0.5107,1.9206,0.000,1,SEARCH,0.0000,0.0000,0.0000,-0.0000
470791,dynamic,-2.6590,0.0666,3.2018,32.65,2.000,-0.3943,-1.9478,1.9873,0.5107,1.9206,0.000,1,SEARCH,0.0000,0.0000,0.0000,-0.0000
470893,dynamic,-2.6583,0.0667,3.2018,32.65,2.000,-0.3943,-1.9478,1.9873,0.5107,1.9206,0.000,1,SEARCH,0.0000,0.0000,0.0000,-0.0000
470993,dynamic,-2.6586,0.0667,3.2017,32.93,2.000,-0.4010,-1.9672,2.0076,0.5185,1.9395,0.000,1,SEARCH,0.0000,0.0000,0.0000,-0.0000
471091,dynamic,-2.6591,0.0666,3.2018,32.93,2.000,-0.4010,-1.9672,2.0076,0.5185,1.9395,0.000,1,SEARCH,0.0000,0.0000,0.0000,-0.0000
471190,dynamic,-2.6592,0.0662,3.2018,32.93,2.000,-0.4010,-1.9672,2.0076,0.5185,1.9395,0.000,1,SEARCH,0.0000,0.0000,0.0000,-0.0000
471292,dynamic,-2.6591,0.0658,3.2017,32.93,2.000,-0.4010,-1.9672,2.0076,0.5185,1.9395,0.000,1,SEARCH,0.0000,0.0000,0.0000,-0.0000
471390,dynamic,-2.6593,0.0657,3.2018,32.93,2.000,-0.4010,-1.9672,2.0076,0.5185,1.9395,0.000,1,SEARCH,0.0000,0.0000,0.0000,-0.0000
471493,dynamic,-2.6596,0.0657,3.2017,32.93,2.000,-0.4010,-1.9672,2.0076,0.5185,1.9395,0.000,1,SEARCH,0.0000,0.0000,0.0000,-0.0000
471593,dynamic,-2.6601,0.0658,3.2018,33.14,2.000,-0.4018,-1.9806,2.0210,0.5202,1.9529,0.000,1,SEARCH,0.0000,0.0000,0.0000,-0.0000
471692,dynamic,-2.6606,0.0659,3.2018,33.14,2.000,-0.4018,-1.9806,2.0210,0.5202,1.9529,0.000,1,SEARCH,0.0000,0.0000,0.0000,-0.0000
471792,dynamic,-2.6611,0.0661,3.2018,33.14,2.000,-0.4018,-1.9806,2.0210,0.5202,1.9529,0.000,1,SEARCH,0.0000,0.0000,0.0000,-0.0000
471890,dynamic,-2.6616,0.0662,3.2018,33.14,2.000,-0.4018,-1.9806,2.0210,0.5202,1.9529,0.000,1,SEARCH,0.0000,0.0000,0.0000,-0.0000
471990,dynamic,-2.6618,0.0664,3.2018,33.14,2.000,-0.4018,-1.9806,2.0210,0.5202,1.9529,0.000,1,SEARCH,0.0000,0.0000,0.0000,-0.0000
472091,dynamic,-2.6621,0.0666,3.2018,33.14,2.000,-0.4018,-1.9806,2.0210,0.5202,1.9529,0.000,1,SEARCH,0.0000,0.0000,0.0000,-0.0000
472192,dynamic,-2.6625,0.0670,3.2018,33.14,2.000,-0.4035,-1.9884,2.0290,0.5223,1.9606,0.000,1,SEARCH,0.0000,0.0000,0.0000,-0.0000
472290,dynamic,-2.6628,0.0674,3.2018,33.14,2.000,-0.4035,-1.9884,2.0290,0.5223,1.9606,0.000,1,SEARCH,0.0000,0.0000,0.0000,-0.0000
472390,dynamic,-2.6633,0.0678,3.2018,33.14,2.000,-0.4035,-1.9884,2.0290,0.5223,1.9606,0.000,1,SEARCH,0.0000,0.0000,0.0000,-0.0000
472491,dynamic,-2.6638,0.0681,3.2017,33.14,2.000,-0.4035,-1.9884,2.0290,0.5223,1.9606,0.000,1,SEARCH,0.0000,0.0000,0.0000,-0.0000
472593,dynamic,-2.6643,0.0686,3.2018,33.14,2.000,-0.4035,-1.9884,2.0290,0.5223,1.9606,0.000,1,SEARCH,0.0000,0.0000,0.0000,-0.0000
472692,dynamic,-2.6649,0.0691,3.2018,33.14,2.000,-0.4035,-1.9884,2.0290,0.5223,1.9606,0.000,1,SEARCH,0.0000,0.0000,0.0000,-0.0000
472791,dynamic,-2.6647,0.0694,3.2018,25.42,2.000,-0.2881,-1.6499,1.6748,0.3868,1.6295,0.000,1,SEARCH,0.0000,0.0000,0.0000,-0.0000
472890,dynamic,-2.6644,0.0696,3.2018,25.42,2.000,-0.2881,-1.6499,1.6748,0.3868,1.6295,0.000,1,SEARCH,0.0000,0.0000,0.0000,-0.0000
472991,dynamic,-2.6651,0.0701,3.2018,25.42,2.000,-0.2881,-1.6499,1.6748,0.3868,1.6295,0.000,1,SEARCH,0.0000,0.0000,0.0000,-0.0000
473091,dynamic,-2.6658,0.0705,3.2018,25.42,2.000,-0.2881,-1.6499,1.6748,0.3868,1.6295,0.000,1,SEARCH,0.0000,0.0000,0.0000,-0.0000
473193,dynamic,-2.6656,0.0707,3.2018,25.42,2.000,-0.2881,-1.6499,1.6748,0.3868,1.6295,0.000,1,SEARCH,0.0000,0.0000,0.0000,-0.0000
473298,dynamic,-2.6653,0.0708,3.2018,25.42,2.000,-0.2881,-1.6499,1.6748,0.3868,1.6295,0.000,1,SEARCH,0.0000,0.0000,0.0000,-0.0000
473390,dynamic,-2.6651,0.0707,3.2018,32.93,2.000,-0.4056,-1.9886,2.0295,0.5245,1.9606,0.000,1,SEARCH,0.0000,0.0000,0.0000,-0.0000
473490,dynamic,-2.6650,0.0705,3.2018,32.93,2.000,-0.4056,-1.9886,2.0295,0.5245,1.9606,0.000,1,SEARCH,0.0000,0.0000,0.0000,-0.0000
473589,dynamic,-2.6648,0.0705,3.2018,32.93,2.000,-0.4056,-1.9886,2.0295,0.5245,1.9606,0.000,1,SEARCH,0.0000,0.0000,0.0000,-0.0000
473692,dynamic,-2.6647,0.0704,3.2018,32.93,2.000,-0.4056,-1.9886,2.0295,0.5245,1.9606,0.000,1,SEARCH,0.0000,0.0000,0.0000,-0.0000
473791,dynamic,-2.6645,0.0706,3.2018,32.93,2.000,-0.4056,-1.9886,2.0295,0.5245,1.9606,0.000,1,SEARCH,0.0000,0.0000,0.0000,-0.0000
473892,dynamic,-2.6644,0.0707,3.2018,32.93,2.000,-0.4056,-1.9886,2.0295,0.5245,1.9606,0.000,1,SEARCH,0.0000,0.0000,0.0000,-0.0000
473992,dynamic,-2.6648,0.0719,3.2018,33.14,2.000,-0.4030,-1.9857,2.0261,0.5217,1.9578,0.000,1,SEARCH,0.0000,0.0000,0.0000,-0.0000
474091,dynamic,-2.6653,0.0731,3.2018,33.14,2.000,-0.4030,-1.9857,2.0261,0.5217,1.9578,0.000,1,SEARCH,0.0000,0.0000,0.0000,-0.0000
474192,dynamic,-2.6650,0.0736,3.2018,33.14,2.000,-0.4030,-1.9857,2.0261,0.5217,1.9578,0.000,1,SEARCH,0.0000,0.0000,0.0000,-0.0000
474292,dynamic,-2.6647,0.0739,3.2018,33.14,2.000,-0.4030,-1.9857,2.0261,0.5217,1.9578,0.000,1,SEARCH,0.0000,0.0000,0.0000,-0.0000
474391,dynamic,-2.6646,0.0739,3.2018,33.14,2.000,-0.4030,-1.9857,2.0261,0.5217,1.9578,0.000,1,SEARCH,0.0000,0.0000,0.0000,-0.0000
474492,dynamic,-2.6646,0.0740,3.2018,33.14,2.000,-0.4030,-1.9857,2.0261,0.5218,1.9578,0.000,1,SEARCH,0.0000,0.0000,0.0000,-0.0000
474593,dynamic,-2.6642,0.0742,3.2018,26.07,2.000,-0.2875,-1.6413,1.6663,0.3857,1.6210,0.000,1,SEARCH,0.0000,0.0000,0.0000,-0.0000
474694,dynamic,-2.6640,0.0744,3.2018,26.07,2.000,-0.2875,-1.6413,1.6663,0.3857,1.6210,0.000,1,SEARCH,0.0000,0.0000,0.0000,-0.0000
474792,dynamic,-2.6633,0.0747,3.2018,26.07,2.000,-0.2875,-1.6413,1.6663,0.3857,1.6210,0.000,1,SEARCH,0.0000,0.0000,0.0000,-0.0000
474892,dynamic,-2.6626,0.0750,3.2018,26.07,2.000,-0.2875,-1.6413,1.6663,0.3857,1.6210,0.000,1,SEARCH,0.0000,0.0000,0.0000,-0.0000
474991,dynamic,-2.6618,0.0752,3.2018,26.07,2.000,-0.2875,-1.6413,1.6663,0.3858,1.6210,0.000,1,SEARCH,0.0000,0.0000,0.0000,-0.0000
475101,dynamic,-2.6611,0.0754,3.2018,26.07,2.000,-0.2875,-1.6413,1.6663,0.3858,1.6210,0.000,1,SEARCH,0.0000,0.0000,0.0000,-0.0000
475190,dynamic,-2.6609,0.0755,3.2018,26.08,2.000,-0.2867,-1.6365,1.6614,0.3847,1.6163,0.000,1,SEARCH,0.0000,0.0000,0.0000,-0.0000
475294,dynamic,-2.6609,0.0755,3.2019,26.08,2.000,-0.2867,-1.6365,1.6614,0.3847,1.6163,0.000,1,SEARCH,0.0000,0.0000,0.0000,-0.0000
475392,dynamic,-2.6609,0.0756,3.2019,26.08,2.000,-0.2867,-1.6365,1.6614,0.3848,1.6162,0.000,1,SEARCH,0.0000,0.0000,0.0000,-0.0000
475493,dynamic,-2.6609,0.0758,3.2019,26.08,2.000,-0.2867,-1.6365,1.6614,0.3847,1.6162,0.000,1,SEARCH,0.0000,0.0000,0.0000,-0.0000
475590,dynamic,-2.6612,0.0759,3.2019,26.08,2.000,-0.2867,-1.6365,1.6614,0.3847,1.6162,0.000,1,SEARCH,0.0000,0.0000,0.0000,-0.0000
475698,dynamic,-2.6616,0.0760,3.2018,26.08,2.000,-0.2867,-1.6365,1.6614,0.3847,1.6163,0.000,1,SEARCH,0.0000,0.0000,0.0000,-0.0000
475792,dynamic,-2.6610,0.0760,3.2018,26.08,2.000,-0.2852,-1.6284,1.6532,0.3827,1.6083,0.000,1,SEARCH,0.0000,0.0000,0.0000,-0.0000
475894,dynamic,-2.6603,0.0760,3.2018,26.08,2.000,-0.2852,-1.6284,1.6532,0.3827,1.6083,0.000,1,SEARCH,0.0000,0.0000,0.0000,-0.0000
475990,dynamic,-2.6602,0.0762,3.2018,26.08,2.000,-0.2852,-1.6284,1.6532,0.3827,1.6083,0.000,1,SEARCH,0.0000,0.0000,0.0000,-0.0000
476092,dynamic,-2.6602,0.0766,3.2019,26.08,2.000,-0.2852,-1.6284,1.6532,0.3827,1.6083,0.000,1,SEARCH,0.0000,0.0000,0.0000,-0.0000
476191,dynamic,-2.6606,0.0767,3.2019,26.08,2.000,-0.2852,-1.6284,1.6532,0.3828,1.6083,0.000,1,SEARCH,0.0000,0.0000,0.0000,-0.0000
476295,dynamic,-2.6611,0.0769,3.2019,26.08,2.000,-0.2852,-1.6284,1.6532,0.3828,1.6083,0.000,1,SEARCH,0.0000,0.0000,0.0000,-0.0000
476391,dynamic,-2.6611,0.0771,3.2019,32.94,2.000,-0.3982,-1.9508,1.9910,0.5151,1.9232,0.000,1,SEARCH,0.0000,0.0000,0.0000,-0.0000
476492,dynamic,-2.6611,0.0773,3.2019,32.94,2.000,-0.3982,-1.9508,1.9910,0.5151,1.9232,0.000,1,SEARCH,0.0000,0.0000,0.0000,-0.0000
476590,dynamic,-2.6607,0.0774,3.2020,32.94,2.000,-0.3982,-1.9508,1.9910,0.5152,1.9232,0.000,1,SEARCH,0.0000,0.0000,0.0000,-0.0000
476691,dynamic,-2.6605,0.0775,3.2020,32.94,2.000,-0.3982,-1.9508,1.9910,0.5152,1.9232,0.000,1,SEARCH,0.0000,0.0000,0.0000,-0.0000
476790,dynamic,-2.6607,0.0775,3.2019,32.94,2.000,-0.3982,-1.9508,1.9910,0.5152,1.9232,0.000,1,SEARCH,0.0000,0.0000,0.0000,-0.0000
476898,dynamic,-2.6612,0.0775,3.2020,32.94,2.000,-0.3982,-1.9508,1.9910,0.5152,1.9232,0.000,1,SEARCH,0.0000,0.0000,0.0000,-0.0000
476993,dynamic,-2.6611,0.0776,3.2020,32.66,2.000,-0.3927,-1.9382,1.9776,0.5089,1.9110,0.000,1,SEARCH,0.0000,0.0000,0.0000,-0.0000
477090,dynamic,-2.6611,0.0779,3.2020,32.66,2.000,-0.3927,-1.9382,1.9776,0.5089,1.9110,0.000,1,SEARCH,0.0000,0.0000,0.0000,-0.0000
477192,dynamic,-2.6612,0.0782,3.2020,32.66,2.000,-0.3927,-1.9382,1.9776,0.5089,1.9110,0.000,1,SEARCH,0.0000,0.0000,0.0000,-0.0000
477294,dynamic,-2.6614,0.0787,3.2020,32.66,2.000,-0.3927,-1.9382,1.9776,0.5089,1.9110,0.000,1,SEARCH,0.0000,0.0000,0.0000,-0.0000
477399,dynamic,-2.6616,0.0788,3.2020,32.66,2.000,-0.3927,-1.9382,1.9776,0.5089,1.9110,0.000,1,SEARCH,0.0000,0.0000,0.0000,-0.0000
477498,dynamic,-2.6619,0.0790,3.2020,32.66,2.000,-0.3927,-1.9382,1.9776,0.5090,1.9110,0.000,1,SEARCH,0.0000,0.0000,0.0000,-0.0000
477590,dynamic,-2.6625,0.0792,3.2020,25.77,2.000,-0.2809,-1.6035,1.6279,0.3772,1.5836,0.000,1,SEARCH,0.0000,0.0000,0.0000,-0.0000
477691,dynamic,-2.6631,0.0796,3.2020,25.77,2.000,-0.2809,-1.6035,1.6279,0.3772,1.5836,0.000,1,SEARCH,0.0000,0.0000,0.0000,-0.0000
477791,dynamic,-2.6631,0.0796,3.2020,25.77,2.000,-0.2809,-1.6035,1.6279,0.3772,1.5836,0.000,1,SEARCH,0.0000,0.0000,0.0000,-0.0000
477890,dynamic,-2.6629,0.0796,3.2020,25.77,2.000,-0.2809,-1.6035,1.6279,0.3772,1.5836,0.000,1,SEARCH,0.0000,0.0000,0.0000,-0.0000
477991,dynamic,-2.6630,0.0795,3.2020,25.77,2.000,-0.2809,-1.6035,1.6279,0.3772,1.5836,0.000,1,SEARCH,0.0000,0.0000,0.0000,-0.0000
478095,dynamic,-2.6632,0.0796,3.2020,26.07,2.000,-0.2787,-1.5924,1.6166,0.3743,1.5726,0.000,1,SEARCH,0.0000,0.0000,0.0000,-0.0000
478191,dynamic,-2.6636,0.0800,3.2020,26.07,2.000,-0.2787,-1.5924,1.6166,0.3743,1.5726,0.000,1,SEARCH,0.0000,0.0000,0.0000,-0.0000
478292,dynamic,-2.6641,0.0805,3.2021,26.07,2.000,-0.2787,-1.5924,1.6166,0.3744,1.5726,0.000,1,SEARCH,0.0000,0.0000,0.0000,-0.0000
478391,dynamic,-2.6644,0.0804,3.2021,26.07,2.000,-0.2787,-1.5924,1.6166,0.3744,1.5726,0.000,1,SEARCH,0.0000,0.0000,0.0000,-0.0000
478493,dynamic,-2.6647,0.0803,3.2021,26.07,2.000,-0.2787,-1.5924,1.6166,0.3744,1.5726,0.000,1,SEARCH,0.0000,0.0000,0.0000,-0.0000
478601,dynamic,-2.6658,0.0801,3.2021,26.07,2.000,-0.2787,-1.5924,1.6166,0.3744,1.5726,0.000,1,SEARCH,0.0000,0.0000,0.0000,-0.0000
478691,dynamic,-2.6672,0.0800,3.2021,33.14,2.000,-0.3886,-1.9153,1.9544,0.5036,1.8884,0.000,1,SEARCH,0.0000,0.0000,0.0000,-0.0000
478795,dynamic,-2.6675,0.0800,3.2021,33.14,2.000,-0.3886,-1.9153,1.9544,0.5036,1.8884,0.000,1,SEARCH,0.0000,0.0000,0.0000,-0.0000
478890,dynamic,-2.6678,0.0802,3.2020,33.14,2.000,-0.3886,-1.9153,1.9544,0.5036,1.8884,0.000,1,SEARCH,0.0000,0.0000,0.0000,-0.0000
478996,dynamic,-2.6678,0.0799,3.2020,33.14,2.000,-0.3886,-1.9153,1.9544,0.5036,1.8884,0.000,1,SEARCH,0.0000,0.0000,0.0000,-0.0000
479091,dynamic,-2.6679,0.0797,3.2020,33.14,2.000,-0.3886,-1.9153,1.9544,0.5036,1.8884,0.000,1,SEARCH,0.0000,0.0000,0.0000,-0.0000
479197,dynamic,-2.6671,0.0795,3.2020,33.14,2.000,-0.3886,-1.9153,1.9544,0.5035,1.8884,0.000,1,SEARCH,0.0000,0.0000,0.0000,-0.0000
479295,dynamic,-2.6663,0.0795,3.2020,33.14,2.000,-0.3886,-1.9153,1.9544,0.5036,1.8884,0.000,1,SEARCH,0.0000,0.0000,0.0000,-0.0000
479392,dynamic,-2.6661,0.0792,3.2020,33.13,2.000,-0.3895,-1.9201,1.9592,0.5048,1.8931,0.000,1,SEARCH,0.0000,0.0000,0.0000,-0.0000
479491,dynamic,-2.6663,0.0791,3.2021,33.13,2.000,-0.3895,-1.9201,1.9592,0.5048,1.8931,0.000,1,SEARCH,0.0000,0.0000,0.0000,-0.0000
479591,dynamic,-2.6656,0.0789,3.2021,33.13,2.000,-0.3895,-1.9201,1.9592,0.5048,1.8931,0.000,1,SEARCH,0.0000,0.0000,0.0000,-0.0000
479692,dynamic,-2.6650,0.0788,3.2021,33.13,2.000,-0.3895,-1.9201,1.9592,0.5048,1.8931,0.000,1,SEARCH,0.0000,0.0000,0.0000,-0.0000
479791,dynamic,-2.6652,0.0781,3.2021,33.13,2.000,-0.3895,-1.9201,1.9592,0.5048,1.8931,0.000,1,SEARCH,0.0000,0.0000,0.0000,-0.0000
479897,dynamic,-2.6656,0.0776,3.2021,33.13,2.000,-0.3895,-1.9201,1.9592,0.5048,1.8931,0.000,1,SEARCH,0.0000,0.0000,0.0000,-0.0000
479993,dynamic,-2.6647,0.0769,3.2021,33.14,2.000,-0.3918,-1.9319,1.9712,0.5079,1.9047,0.000,1,SEARCH,0.0000,0.0000,0.0000,-0.0000
480091,dynamic,-2.6639,0.0764,3.2021,33.14,2.000,-0.3918,-1.9319,1.9712,0.5078,1.9047,0.000,1,SEARCH,0.0000,0.0000,0.0000,-0.0000
480191,dynamic,-2.6633,0.0758,3.2020,33.14,2.000,-0.3918,-1.9319,1.9712,0.5079,1.9047,0.000,1,SEARCH,0.0000,0.0000,0.0000,-0.0000
480293,dynamic,-2.6629,0.0753,3.2020,33.14,2.000,-0.3918,-1.9319,1.9712,0.5078,1.9047,0.000,1,SEARCH,0.0000,0.0000,0.0000,-0.0000
480392,dynamic,-2.6630,0.0747,3.2020,33.14,2.000,-0.3918,-1.9319,1.9712,0.5078,1.9047,0.000,1,SEARCH,0.0000,0.0000,0.0000,-0.0000
480494,dynamic,-2.6633,0.0742,3.2020,33.14,2.000,-0.3918,-1.9319,1.9712,0.5078,1.9047,0.000,1,SEARCH,0.0000,0.0000,0.0000,-0.0000
480599,dynamic,-2.6629,0.0739,3.2020,33.14,2.000,-0.3918,-1.9319,1.9712,0.5078,1.9047,0.000,1,SEARCH,0.0000,0.0000,0.0000,-0.0000
480691,dynamic,-2.6625,0.0739,3.2020,32.65,2.000,-0.3937,-1.9458,1.9853,0.5105,1.9185,0.000,1,SEARCH,0.0000,0.0000,0.0000,-0.0000
480793,dynamic,-2.6619,0.0736,3.2020,32.65,2.000,-0.3937,-1.9458,1.9853,0.5104,1.9185,0.000,1,SEARCH,0.0000,0.0000,0.0000,-0.0000
480894,dynamic,-2.6615,0.0734,3.2020,32.65,2.000,-0.3937,-1.9458,1.9853,0.5104,1.9185,0.000,1,SEARCH,0.0000,0.0000,0.0000,-0.0000
480994,dynamic,-2.6610,0.0728,3.2020,32.65,2.000,-0.3937,-1.9458,1.9853,0.5104,1.9185,0.000,1,SEARCH,0.0000,0.0000,0.0000,-0.0000
481095,dynamic,-2.6608,0.0723,3.2019,32.65,2.000,-0.3937,-1.9458,1.9853,0.5104,1.9185,0.000,1,SEARCH,0.0000,0.0000,0.0000,-0.0000
481198,dynamic,-2.6613,0.0718,3.2019,32.65,2.000,-0.3937,-1.9458,1.9853,0.5103,1.9186,0.000,1,SEARCH,0.0000,0.0000,0.0000,-0.0000
481293,dynamic,-2.6621,0.0713,3.2019,25.77,2.000,-0.2860,-1.6335,1.6584,0.3840,1.6133,0.000,1,SEARCH,0.0000,0.0000,0.0000,-0.0000
481396,dynamic,-2.6623,0.0709,3.2019,25.77,2.000,-0.2860,-1.6335,1.6584,0.3840,1.6133,0.000,1,SEARCH,0.0000,0.0000,0.0000,-0.0000
481494,dynamic,-2.6623,0.0707,3.2019,25.77,2.000,-0.2860,-1.6335,1.6584,0.3840,1.6133,0.000,1,SEARCH,0.0000,0.0000,0.0000,-0.0000
481595,dynamic,-2.6613,0.0704,3.2019,25.77,2.000,-0.2860,-1.6335,1.6584,0.3840,1.6133,0.000,1,SEARCH,0.0000,0.0000,0.0000,-0.0000
481693,dynamic,-2.6605,0.0703,3.2019,25.77,2.000,-0.2860,-1.6335,1.6584,0.3840,1.6133,0.000,1,SEARCH,0.0000,0.0000,0.0000,-0.0000
481804,dynamic,-2.6608,0.0702,3.2019,25.77,2.000,-0.2860,-1.6335,1.6584,0.3840,1.6133,0.000,1,SEARCH,0.0000,0.0000,0.0000,-0.0000
481895,dynamic,-2.6613,0.0701,3.2019,25.80,2.000,-0.2896,-1.6465,1.6718,0.3883,1.6261,0.000,1,SEARCH,0.0000,0.0000,0.0000,-0.0000
481992,dynamic,-2.6611,0.0702,3.2019,25.80,2.000,-0.2896,-1.6465,1.6718,0.3883,1.6261,0.000,1,SEARCH,0.0000,0.0000,0.0000,-0.0000
482092,dynamic,-2.6610,0.0704,3.2019,25.80,2.000,-0.2896,-1.6465,1.6718,0.3883,1.6260,0.000,1,SEARCH,0.0000,0.0000,0.0000,-0.0000
482195,dynamic,-2.6615,0.0705,3.2020,25.80,2.000,-0.2896,-1.6465,1.6718,0.3884,1.6260,0.000,1,SEARCH,0.0000,0.0000,0.0000,-0.0000
482296,dynamic,-2.6620,0.0708,3.2020,25.80,2.000,-0.2896,-1.6465,1.6718,0.3884,1.6260,0.000,1,SEARCH,0.0000,0.0000,0.0000,-0.0000
482407,dynamic,-2.6623,0.0707,3.2020,25.80,2.000,-0.2896,-1.6465,1.6718,0.3884,1.6260,0.000,1,SEARCH,0.0000,0.0000,0.0000,-0.0000
482493,dynamic,-2.6625,0.0706,3.2020,33.14,2.000,-0.4052,-1.9967,2.0374,0.5250,1.9686,0.000,1,SEARCH,0.0000,0.0000,0.0000,-0.0000
482593,dynamic,-2.6623,0.0704,3.2021,33.14,2.000,-0.4052,-1.9967,2.0374,0.5251,1.9685,0.000,1,SEARCH,0.0000,0.0000,0.0000,-0.0000
482692,dynamic,-2.6621,0.0702,3.2021,33.14,2.000,-0.4052,-1.9967,2.0374,0.5251,1.9685,0.000,1,SEARCH,0.0000,0.0000,0.0000,-0.0000
482794,dynamic,-2.6625,0.0699,3.2021,33.14,2.000,-0.4052,-1.9967,2.0374,0.5252,1.9685,0.000,1,SEARCH,0.0000,0.0000,0.0000,-0.0000
482896,dynamic,-2.6630,0.0698,3.2021,33.14,2.000,-0.4052,-1.9967,2.0374,0.5252,1.9685,0.000,1,SEARCH,0.0000,0.0000,0.0000,-0.0000
483000,dynamic,-2.6633,0.0699,3.2021,33.14,2.000,-0.4052,-1.9967,2.0374,0.5251,1.9685,0.000,1,SEARCH,0.0000,0.0000,0.0000,-0.0000
483092,dynamic,-2.6637,0.0702,3.2020,26.08,2.000,-0.2907,-1.6634,1.6887,0.3907,1.6428,0.000,1,SEARCH,0.0000,0.0000,0.0000,-0.0000
483194,dynamic,-2.6645,0.0704,3.2020,26.08,2.000,-0.2907,-1.6634,1.6887,0.3907,1.6428,0.000,1,SEARCH,0.0000,0.0000,0.0000,-0.0000
483291,dynamic,-2.6653,0.0707,3.2020,26.08,2.000,-0.2907,-1.6634,1.6887,0.3907,1.6428,0.000,1,SEARCH,0.0000,0.0000,0.0000,-0.0000
483394,dynamic,-2.6653,0.0706,3.2021,26.08,2.000,-0.2907,-1.6634,1.6887,0.3907,1.6428,0.000,1,SEARCH,0.0000,0.0000,0.0000,-0.0000
483492,dynamic,-2.6652,0.0705,3.2021,26.08,2.000,-0.2907,-1.6634,1.6887,0.3908,1.6428,0.000,1,SEARCH,0.0000,0.0000,0.0000,-0.0000
483593,dynamic,-2.6654,0.0707,3.2021,26.08,2.000,-0.2907,-1.6634,1.6887,0.3908,1.6428,0.000,1,SEARCH,0.0000,0.0000,0.0000,-0.0000
483693,dynamic,-2.6657,0.0709,3.2021,26.08,2.000,-0.2907,-1.6634,1.6887,0.3908,1.6428,0.000,1,SEARCH,0.0000,0.0000,0.0000,-0.0000
483794,dynamic,-2.6656,0.0709,3.2021,25.42,2.000,-0.2896,-1.6608,1.6858,0.3895,1.6402,0.000,1,SEARCH,0.0000,0.0000,0.0000,-0.0000
483896,dynamic,-2.6655,0.0708,3.2021,25.42,2.000,-0.2896,-1.6608,1.6858,0.3895,1.6402,0.000,1,SEARCH,0.0000,0.0000,0.0000,-0.0000
483994,dynamic,-2.6652,0.0709,3.2021,25.42,2.000,-0.2896,-1.6608,1.6858,0.3895,1.6402,0.000,1,SEARCH,0.0000,0.0000,0.0000,-0.0000
484093,dynamic,-2.6649,0.0710,3.2021,25.42,2.000,-0.2896,-1.6608,1.6858,0.3895,1.6402,0.000,1,SEARCH,0.0000,0.0000,0.0000,-0.0000
484197,dynamic,-2.6648,0.0714,3.2021,25.42,2.000,-0.2896,-1.6608,1.6858,0.3895,1.6402,0.000,1,SEARCH,0.0000,0.0000,0.0000,-0.0000
484291,dynamic,-2.6648,0.0717,3.2021,25.42,2.000,-0.2896,-1.6608,1.6858,0.3895,1.6402,0.000,1,SEARCH,0.0000,0.0000,0.0000,-0.0000
484397,dynamic,-2.6651,0.0718,3.2021,25.77,2.000,-0.2908,-1.6616,1.6868,0.3907,1.6409,0.000,1,SEARCH,0.0000,0.0000,0.0000,-0.0000
484493,dynamic,-2.6655,0.0719,3.2021,25.77,2.000,-0.2908,-1.6616,1.6868,0.3907,1.6409,0.000,1,SEARCH,0.0000,0.0000,0.0000,-0.0000
484591,dynamic,-2.6659,0.0720,3.2021,25.77,2.000,-0.2908,-1.6616,1.6868,0.3907,1.6409,0.000,1,SEARCH,0.0000,0.0000,0.0000,-0.0000
484693,dynamic,-2.6662,0.0722,3.2021,25.77,2.000,-0.2908,-1.6616,1.6868,0.3907,1.6409,0.000,1,SEARCH,0.0000,0.0000,0.0000,-0.0000
484793,dynamic,-2.6655,0.0723,3.2021,25.77,2.000,-0.2908,-1.6616,1.6868,0.3907,1.6409,0.000,1,SEARCH,0.0000,0.0000,0.0000,-0.0000
484893,dynamic,-2.6649,0.0725,3.2021,25.77,2.000,-0.2908,-1.6616,1.6868,0.3907,1.6409,0.000,1,SEARCH,0.0000,0.0000,0.0000,-0.0000
484995,dynamic,-2.6642,0.0727,3.2021,32.94,2.000,-0.4061,-1.9927,2.0337,0.5259,1.9645,0.000,1,SEARCH,0.0000,0.0000,0.0000,-0.0000
485092,dynamic,-2.6638,0.0731,3.2021,32.94,2.000,-0.4061,-1.9927,2.0337,0.5259,1.9645,0.000,1,SEARCH,0.0000,0.0000,0.0000,-0.0000
485193,dynamic,-2.6636,0.0736,3.2021,32.94,2.000,-0.4061,-1.9927,2.0337,0.5259,1.9645,0.000,1,SEARCH,0.0000,0.0000,0.0000,-0.0000
485297,dynamic,-2.6635,0.0743,3.2021,32.94,2.000,-0.4061,-1.9927,2.0337,0.5260,1.9645,0.000,1,SEARCH,0.0000,0.0000,0.0000,-0.0000
485392,dynamic,-2.6632,0.0746,3.2021,32.94,2.000,-0.4061,-1.9927,2.0337,0.5259,1.9645,0.000,1,SEARCH,0.0000,0.0000,0.0000,-0.0000
485498,dynamic,-2.6629,0.0749,3.2021,32.94,2.000,-0.4061,-1.9927,2.0337,0.5260,1.9645,0.000,1,SEARCH,0.0000,0.0000,0.0000,-0.0000
485593,dynamic,-2.6627,0.0746,3.2021,32.66,2.000,-0.3995,-1.9744,2.0144,0.5182,1.9466,0.000,1,SEARCH,0.0000,0.0000,0.0000,-0.0000
485694,dynamic,-2.6627,0.0742,3.2021,32.66,2.000,-0.3995,-1.9744,2.0144,0.5182,1.9466,0.000,1,SEARCH,0.0000,0.0000,0.0000,-0.0000
485791,dynamic,-2.6624,0.0739,3.2021,32.66,2.000,-0.3995,-1.9744,2.0144,0.5182,1.9466,0.000,1,SEARCH,0.0000,0.0000,0.0000,-0.0000
485891,dynamic,-2.6622,0.0738,3.2021,32.66,2.000,-0.3995,-1.9744,2.0144,0.5182,1.9466,0.000,1,SEARCH,0.0000,0.0000,0.0000,-0.0000
485991,dynamic,-2.6626,0.0735,3.2021,32.66,2.000,-0.3995,-1.9744,2.0144,0.5181,1.9466,0.000,1,SEARCH,0.0000,0.0000,0.0000,-0.0000
486096,dynamic,-2.6630,0.0732,3.2021,32.66,2.000,-0.3995,-1.9744,2.0144,0.5181,1.9466,0.000,1,SEARCH,0.0000,0.0000,0.0000,-0.0000
486195,dynamic,-2.6632,0.0730,3.2021,25.78,2.000,-0.2853,-1.6306,1.6553,0.3833,1.6103,0.000,1,SEARCH,0.0000,0.0000,0.0000,-0.0000
486295,dynamic,-2.6633,0.0729,3.2021,25.78,2.000,-0.2853,-1.6306,1.6553,0.3833,1.6103,0.000,1,SEARCH,0.0000,0.0000,0.0000,-0.0000
486390,dynamic,-2.6630,0.0727,3.2021,25.78,2.000,-0.2853,-1.6306,1.6553,0.3833,1.6103,0.000,1,SEARCH,0.0000,0.0000,0.0000,-0.0000
486490,dynamic,-2.6626,0.0726,3.2021,25.78,2.000,-0.2853,-1.6306,1.6553,0.3833,1.6103,0.000,1,SEARCH,0.0000,0.0000,0.0000,-0.0000
486590,dynamic,-2.6629,0.0726,3.2020,25.78,2.000,-0.2853,-1.6306,1.6553,0.3833,1.6103,0.000,1,SEARCH,0.0000,0.0000,0.0000,-0.0000
486705,dynamic,-2.6632,0.0727,3.2020,25.78,2.000,-0.2853,-1.6306,1.6553,0.3833,1.6104,0.000,1,SEARCH,0.0000,0.0000,0.0000,-0.0000
486797,dynamic,-2.6630,0.0729,3.2020,25.78,2.000,-0.2853,-1.6306,1.6553,0.3833,1.6103,0.000,1,SEARCH,0.0000,0.0000,0.0000,-0.0000
486890,dynamic,-2.6627,0.0731,3.2020,25.78,2.000,-0.2851,-1.6288,1.6535,0.3829,1.6086,0.000,1,SEARCH,0.0000,0.0000,0.0000,-0.0000
486993,dynamic,-2.6629,0.0730,3.2020,25.78,2.000,-0.2851,-1.6288,1.6535,0.3829,1.6086,0.000,1,SEARCH,0.0000,0.0000,0.0000,-0.0000
487091,dynamic,-2.6632,0.0729,3.2020,25.78,2.000,-0.2851,-1.6288,1.6535,0.3829,1.6086,0.000,1,SEARCH,0.0000,0.0000,0.0000,-0.0000
487192,dynamic,-2.6633,0.0730,3.2020,25.78,2.000,-0.2851,-1.6288,1.6535,0.3828,1.6086,0.000,1,SEARCH,0.0000,0.0000,0.0000,-0.0000
487290,dynamic,-2.6634,0.0732,3.2020,25.78,2.000,-0.2851,-1.6288,1.6535,0.3828,1.6086,0.000,1,SEARCH,0.0000,0.0000,0.0000,-0.0000
487392,dynamic,-2.6633,0.0730,3.2020,25.78,2.000,-0.2851,-1.6288,1.6535,0.3828,1.6086,0.000,1,SEARCH,0.0000,0.0000,0.0000,-0.0000
487491,dynamic,-2.6630,0.0726,3.2020,32.92,2.000,-0.3974,-1.9573,1.9972,0.5148,1.9297,0.000,1,SEARCH,0.0000,0.0000,0.0000,-0.0000
487590,dynamic,-2.6627,0.0727,3.2019,32.92,2.000,-0.3974,-1.9573,1.9972,0.5148,1.9297,0.000,1,SEARCH,0.0000,0.0000,0.0000,-0.0000
487691,dynamic,-2.6625,0.0729,3.2020,32.92,2.000,-0.3974,-1.9573,1.9972,0.5148,1.9297,0.000,1,SEARCH,0.0000,0.0000,0.0000,-0.0000
487790,dynamic,-2.6625,0.0731,3.2020,32.92,2.000,-0.3974,-1.9573,1.9972,0.5148,1.9297,0.000,1,SEARCH,0.0000,0.0000,0.0000,-0.0000
487890,dynamic,-2.6626,0.0734,3.2020,32.92,2.000,-0.3974,-1.9573,1.9972,0.5148,1.9297,0.000,1,SEARCH,0.0000,0.0000,0.0000,-0.0000
487991,dynamic,-2.6630,0.0732,3.2020,32.92,2.000,-0.3974,-1.9573,1.9972,0.5148,1.9297,0.000,1,SEARCH,0.0000,0.0000,0.0000,-0.0000
488090,dynamic,-2.6635,0.0731,3.2020,25.78,2.000,-0.2844,-1.6245,1.6492,0.3819,1.6043,0.000,1,SEARCH,0.0000,0.0000,0.0000,-0.0000
488190,dynamic,-2.6632,0.0728,3.2020,25.78,2.000,-0.2844,-1.6245,1.6492,0.3819,1.6043,0.000,1,SEARCH,0.0000,0.0000,0.0000,-0.0000
488290,dynamic,-2.6628,0.0725,3.2020,25.78,2.000,-0.2844,-1.6245,1.6492,0.3819,1.6043,0.000,1,SEARCH,0.0000,0.0000,0.0000,-0.0000
488389,dynamic,-2.6620,0.0725,3.2019,25.78,2.000,-0.2844,-1.6245,1.6492,0.3819,1.6044,0.000,1,SEARCH,0.0000,0.0000,0.0000,-0.0000
488496,dynamic,-2.6613,0.0725,3.2019,25.78,2.000,-0.2844,-1.6245,1.6492,0.3818,1.6044,0.000,1,SEARCH,0.0000,0.0000,0.0000,-0.0000
488590,dynamic,-2.6608,0.0720,3.2019,32.92,2.000,-0.3973,-1.9564,1.9964,0.5145,1.9289,0.000,1,SEARCH,0.0000,0.0000,0.0000,-0.0000
488691,dynamic,-2.6605,0.0714,3.2019,32.92,2.000,-0.3973,-1.9564,1.9964,0.5145,1.9289,0.000,1,SEARCH,0.0000,0.0000,0.0000,-0.0000
488790,dynamic,-2.6600,0.0711,3.2019,32.92,2.000,-0.3973,-1.9564,1.9964,0.5145,1.9289,0.000,1,SEARCH,0.0000,0.0000,0.0000,-0.0000
488889,dynamic,-2.6594,0.0709,3.2019,32.92,2.000,-0.3973,-1.9564,1.9964,0.5145,1.9289,0.000,1,SEARCH,0.0000,0.0000,0.0000,-0.0000
488991,dynamic,-2.6598,0.0707,3.2019,32.92,2.000,-0.3973,-1.9564,1.9964,0.5146,1.9289,0.000,1,SEARCH,0.0000,0.0000,0.0000,-0.0000
489100,dynamic,-2.6604,0.0706,3.2019,32.92,2.000,-0.3973,-1.9564,1.9964,0.5146,1.9289,0.000,1,SEARCH,0.0000,0.0000,0.0000,-0.0000
489190,dynamic,-2.6600,0.0704,3.2019,32.66,2.000,-0.3945,-1.9483,1.9878,0.5112,1.9210,0.000,1,SEARCH,0.0000,0.0000,0.0000,-0.0000
489289,dynamic,-2.6594,0.0703,3.2019,32.66,2.000,-0.3945,-1.9483,1.9878,0.5112,1.9210,0.000,1,SEARCH,0.0000,0.0000,0.0000,-0.0000
489390,dynamic,-2.6592,0.0701,3.2019,32.66,2.000,-0.3945,-1.9483,1.9878,0.5113,1.9210,0.000,1,SEARCH,0.0000,0.0000,0.0000,-0.0000
489490,dynamic,-2.6591,0.0699,3.2019,32.66,2.000,-0.3945,-1.9483,1.9878,0.5112,1.9210,0.000,1,SEARCH,0.0000,0.0000,0.0000,-0.0000
489590,dynamic,-2.6588,0.0694,3.2020,32.66,2.000,-0.3945,-1.9483,1.9878,0.5113,1.9209,0.000,1,SEARCH,0.0000,0.0000,0.0000,-0.0000
489693,dynamic,-2.6586,0.0691,3.2020,32.66,2.000,-0.3945,-1.9483,1.9878,0.5113,1.9209,0.000,1,SEARCH,0.0000,0.0000,0.0000,-0.0000
489790,dynamic,-2.6579,0.0690,3.2019,32.66,2.000,-0.3945,-1.9483,1.9878,0.5113,1.9209,0.000,1,SEARCH,0.0000,0.0000,0.0000,-0.0000
489890,dynamic,-2.6573,0.0692,3.2019,26.08,2.000,-0.2840,-1.6225,1.6471,0.3813,1.6024,0.000,1,SEARCH,0.0000,0.0000,0.0000,-0.0000
489990,dynamic,-2.6564,0.0694,3.2019,26.08,2.000,-0.2840,-1.6225,1.6471,0.3813,1.6024,0.000,1,SEARCH,0.0000,0.0000,0.0000,-0.0000
490090,dynamic,-2.6555,0.0697,3.2019,26.08,2.000,-0.2840,-1.6225,1.6471,0.3813,1.6024,0.000,1,SEARCH,0.0000,0.0000,0.0000,-0.0000
490190,dynamic,-2.6556,0.0697,3.2019,26.08,2.000,-0.2840,-1.6225,1.6471,0.3813,1.6024,0.000,1,SEARCH,0.0000,0.0000,0.0000,-0.0000
490297,dynamic,-2.6558,0.0698,3.2019,26.08,2.000,-0.2840,-1.6225,1.6471,0.3813,1.6024,0.000,1,SEARCH,0.0000,0.0000,0.0000,-0.0000
490390,dynamic,-2.6558,0.0698,3.2020,33.14,2.000,-0.3967,-1.9544,1.9943,0.5139,1.9269,0.000,1,SEARCH,0.0000,0.0000,0.0000,-0.0000
490489,dynamic,-2.6558,0.0698,3.2020,33.14,2.000,-0.3967,-1.9544,1.9943,0.5139,1.9269,0.000,1,SEARCH,0.0000,0.0000,0.0000,-0.0000
490590,dynamic,-2.6566,0.0698,3.2020,33.14,2.000,-0.3967,-1.9544,1.9943,0.5139,1.9269,0.000,1,SEARCH,0.0000,0.0000,0.0000,-0.0000
490690,dynamic,-2.6574,0.0698,3.2020,33.14,2.000,-0.3967,-1.9544,1.9943,0.5139,1.9269,0.000,1,SEARCH,0.0000,0.0000,0.0000,-0.0000
490790,dynamic,-2.6572,0.0696,3.2020,33.14,2.000,-0.3967,-1.9544,1.9943,0.5138,1.9269,0.000,1,SEARCH,0.0000,0.0000,0.0000,-0.0000
490894,dynamic,-2.6569,0.0695,3.2019,33.14,2.000,-0.3967,-1.9544,1.9943,0.5138,1.9269,0.000,1,SEARCH,0.0000,0.0000,0.0000,-0.0000
490989,dynamic,-2.6565,0.0690,3.2020,32.65,2.000,-0.3954,-1.9531,1.9927,0.5125,1.9257,0.000,1,SEARCH,0.0000,0.0000,0.0000,-0.0000
491090,dynamic,-2.6562,0.0686,3.2019,32.65,2.000,-0.3954,-1.9531,1.9927,0.5124,1.9257,0.000,1,SEARCH,0.0000,0.0000,0.0000,-0.0000
491189,dynamic,-2.6559,0.0685,3.2019,32.65,2.000,-0.3954,-1.9531,1.9927,0.5124,1.9257,0.000,1,SEARCH,0.0000,0.0000,0.0000,-0.0000
491290,dynamic,-2.6556,0.0685,3.2019,32.65,2.000,-0.3954,-1.9531,1.9927,0.5124,1.9257,0.000,1,SEARCH,0.0000,0.0000,0.0000,-0.0000
491390,dynamic,-2.6555,0.0682,3.2019,32.65,2.000,-0.3954,-1.9531,1.9927,0.5124,1.9257,0.000,1,SEARCH,0.0000,0.0000,0.0000,-0.0000
491491,dynamic,-2.6554,0.0680,3.2019,32.65,2.000,-0.3954,-1.9531,1.9927,0.5124,1.9257,0.000,1,SEARCH,0.0000,0.0000,0.0000,-0.0000
491589,dynamic,-2.6555,0.0681,3.2019,33.14,2.000,-0.3980,-1.9613,2.0012,0.5155,1.9337,0.000,1,SEARCH,0.0000,0.0000,0.0000,-0.0000
491689,dynamic,-2.6557,0.0683,3.2019,33.14,2.000,-0.3980,-1.9613,2.0012,0.5155,1.9337,0.000,1,SEARCH,0.0000,0.0000,0.0000,-0.0000
491789,dynamic,-2.6568,0.0685,3.2019,33.14,2.000,-0.3980,-1.9613,2.0012,0.5155,1.9337,0.000,1,SEARCH,0.0000,0.0000,0.0000,-0.0000
491890,dynamic,-2.6579,0.0687,3.2019,33.14,2.000,-0.3980,-1.9613,2.0012,0.5155,1.9337,0.000,1,SEARCH,0.0000,0.0000,0.0000,-0.0000
491989,dynamic,-2.6584,0.0689,3.2020,33.14,2.000,-0.3980,-1.9613,2.0012,0.5156,1.9337,0.000,1,SEARCH,0.0000,0.0000,0.0000,-0.0000
492091,dynamic,-2.6587,0.0692,3.2019,33.14,2.000,-0.3980,-1.9613,2.0012,0.5155,1.9337,0.000,1,SEARCH,0.0000,0.0000,0.0000,-0.0000
492189,dynamic,-2.6585,0.0695,3.2019,33.14,2.000,-0.3976,-1.9591,1.9990,0.5150,1.9315,0.000,1,SEARCH,0.0000,0.0000,0.0000,-0.0000
492289,dynamic,-2.6583,0.0698,3.2019,33.14,2.000,-0.3976,-1.9591,1.9990,0.5150,1.9315,0.000,1,SEARCH,0.0000,0.0000,0.0000,-0.0000
492389,dynamic,-2.6583,0.0698,3.2019,33.14,2.000,-0.3976,-1.9591,1.9990,0.5150,1.9315,0.000,1,SEARCH,0.0000,0.0000,0.0000,-0.0000
492489,dynamic,-2.6583,0.0698,3.2019,33.14,2.000,-0.3976,-1.9591,1.9990,0.5150,1.9315,0.000,1,SEARCH,0.0000,0.0000,0.0000,-0.0000
492589,dynamic,-2.6579,0.0697,3.2020,33.14,2.000,-0.3976,-1.9591,1.9990,0.5151,1.9315,0.000,1,SEARCH,0.0000,0.0000,0.0000,-0.0000
492689,dynamic,-2.6576,0.0697,3.2020,33.14,2.000,-0.3976,-1.9591,1.9990,0.5151,1.9315,0.000,1,SEARCH,0.0000,0.0000,0.0000,-0.0000
492796,dynamic,-2.6575,0.0699,3.2020,33.14,2.000,-0.3976,-1.9591,1.9990,0.5151,1.9315,0.000,1,SEARCH,0.0000,0.0000,0.0000,-0.0000
492889,dynamic,-2.6576,0.0701,3.2020,33.14,2.000,-0.3971,-1.9566,1.9965,0.5145,1.9290,0.000,1,SEARCH,0.0000,0.0000,0.0000,-0.0000
492989,dynamic,-2.6581,0.0702,3.2020,33.14,2.000,-0.3971,-1.9566,1.9965,0.5145,1.9290,0.000,1,SEARCH,0.0000,0.0000,0.0000,-0.0000
493090,dynamic,-2.6587,0.0703,3.2020,33.14,2.000,-0.3971,-1.9566,1.9965,0.5145,1.9290,0.000,1,SEARCH,0.0000,0.0000,0.0000,-0.0000
493190,dynamic,-2.6585,0.0706,3.2020,33.14,2.000,-0.3971,-1.9566,1.9965,0.5145,1.9290,0.000,1,SEARCH,0.0000,0.0000,0.0000,-0.0000
493289,dynamic,-2.6582,0.0711,3.2020,33.14,2.000,-0.3971,-1.9566,1.9965,0.5145,1.9290,0.000,1,SEARCH,0.0000,0.0000,0.0000,-0.0000
493390,dynamic,-2.6578,0.0720,3.2020,33.14,2.000,-0.3971,-1.9566,1.9965,0.5146,1.9290,0.000,1,SEARCH,0.0000,0.0000,0.0000,-0.0000
493489,dynamic,-2.6573,0.0731,3.2020,26.08,2.000,-0.2829,-1.6164,1.6410,0.3800,1.5964,0.000,1,SEARCH,0.0000,0.0000,0.0000,-0.0000
493589,dynamic,-2.6574,0.0732,3.2020,26.08,2.000,-0.2829,-1.6164,1.6410,0.3800,1.5964,0.000,1,SEARCH,0.0000,0.0000,0.0000,-0.0000
493689,dynamic,-2.6577,0.0733,3.2020,26.08,2.000,-0.2829,-1.6164,1.6410,0.3800,1.5964,0.000,1,SEARCH,0.0000,0.0000,0.0000,-0.0000
493789,dynamic,-2.6575,0.0733,3.2021,26.08,2.000,-0.2829,-1.6164,1.6410,0.3800,1.5964,0.000,1,SEARCH,0.0000,0.0000,0.0000,-0.0000
493889,dynamic,-2.6574,0.0733,3.2021,26.08,2.000,-0.2829,-1.6164,1.6410,0.3801,1.5964,0.000,1,SEARCH,0.0000,0.0000,0.0000,-0.0000
493990,dynamic,-2.6577,0.0733,3.2021,26.08,2.000,-0.2829,-1.6164,1.6410,0.3801,1.5964,0.000,1,SEARCH,0.0000,0.0000,0.0000,-0.0000
494090,dynamic,-2.6581,0.0734,3.2021,26.08,2.000,-0.2829,-1.6164,1.6410,0.3801,1.5964,0.000,1,SEARCH,0.0000,0.0000,0.0000,-0.0000
494190,dynamic,-2.6575,0.0735,3.2021,26.08,2.000,-0.2824,-1.6136,1.6381,0.3794,1.5936,0.000,1,SEARCH,0.0000,0.0000,0.0000,-0.0000
494289,dynamic,-2.6568,0.0738,3.2021,26.08,2.000,-0.2824,-1.6136,1.6381,0.3795,1.5936,0.000,1,SEARCH,0.0000,0.0000,0.0000,-0.0000
494390,dynamic,-2.6568,0.0742,3.2021,26.08,2.000,-0.2824,-1.6136,1.6381,0.3795,1.5936,0.000,1,SEARCH,0.0000,0.0000,0.0000,-0.0000
494489,dynamic,-2.6571,0.0747,3.2021,26.08,2.000,-0.2824,-1.6136,1.6381,0.3795,1.5936,0.000,1,SEARCH,0.0000,0.0000,0.0000,-0.0000
494589,dynamic,-2.6576,0.0747,3.2021,26.08,2.000,-0.2824,-1.6136,1.6381,0.3795,1.5936,0.000,1,SEARCH,0.0000,0.0000,0.0000,-0.0000
494689,dynamic,-2.6583,0.0748,3.2021,26.08,2.000,-0.2824,-1.6136,1.6381,0.3795,1.5936,0.000,1,SEARCH,0.0000,0.0000,0.0000,-0.0000
494792,dynamic,-2.6584,0.0747,3.2021,26.08,2.000,-0.2824,-1.6136,1.6381,0.3795,1.5936,0.000,1,SEARCH,0.0000,0.0000,0.0000,-0.0000
494889,dynamic,-2.6584,0.0747,3.2021,26.08,2.000,-0.2809,-1.6064,1.6308,0.3776,1.5865,0.000,1,SEARCH,0.0000,0.0000,0.0000,-0.0000
494989,dynamic,-2.6586,0.0752,3.2021,26.08,2.000,-0.2809,-1.6064,1.6308,0.3776,1.5865,0.000,1,SEARCH,0.0000,0.0000,0.0000,-0.0000
495089,dynamic,-2.6590,0.0760,3.2021,26.08,2.000,-0.2809,-1.6064,1.6308,0.3776,1.5865,0.000,1,SEARCH,0.0000,0.0000,0.0000,-0.0000
495190,dynamic,-2.6591,0.0759,3.2021,26.08,2.000,-0.2809,-1.6064,1.6308,0.3776,1.5865,0.000,1,SEARCH,0.0000,0.0000,0.0000,-0.0000
495289,dynamic,-2.6592,0.0758,3.2021,26.08,2.000,-0.2809,-1.6064,1.6308,0.3775,1.5865,0.000,1,SEARCH,0.0000,0.0000,0.0000,-0.0000
495396,dynamic,-2.6590,0.0757,3.2021,26.08,2.000,-0.2809,-1.6064,1.6308,0.3775,1.5865,0.000,1,SEARCH,0.0000,0.0000,0.0000,-0.0000
495491,dynamic,-2.6585,0.0755,3.2021,26.08,2.000,-0.2809,-1.6064,1.6308,0.3775,1.5865,0.000,1,SEARCH,0.0000,0.0000,0.0000,-0.0000
495589,dynamic,-2.6583,0.0753,3.2021,33.14,2.000,-0.3907,-1.9259,1.9651,0.5064,1.8988,0.000,1,SEARCH,0.0000,0.0000,0.0000,-0.0000
495689,dynamic,-2.6582,0.0754,3.2021,33.14,2.000,-0.3907,-1.9259,1.9651,0.5064,1.8988,0.000,1,SEARCH,0.0000,0.0000,0.0000,-0.0000
495789,dynamic,-2.6580,0.0750,3.2021,33.14,2.000,-0.3907,-1.9259,1.9651,0.5065,1.8987,0.000,1,SEARCH,0.0000,0.0000,0.0000,-0.0000
495889,dynamic,-2.6578,0.0747,3.2021,33.14,2.000,-0.3907,-1.9259,1.9651,0.5065,1.8987,0.000,1,SEARCH,0.0000,0.0000,0.0000,-0.0000
495995,dynamic,-2.6583,0.0744,3.2021,33.14,2.000,-0.3907,-1.9259,1.9651,0.5065,1.8987,0.000,1,SEARCH,0.0000,0.0000,0.0000,-0.0000
496091,dynamic,-2.6591,0.0742,3.2022,33.14,2.000,-0.3907,-1.9259,1.9651,0.5065,1.8987,0.000,1,SEARCH,0.0000,0.0000,0.0000,-0.0000
496189,dynamic,-2.6588,0.0740,3.2022,33.14,2.000,-0.3896,-1.9215,1.9606,0.5052,1.8944,0.000,1,SEARCH,0.0000,0.0000,0.0000,-0.0000
496289,dynamic,-2.6585,0.0739,3.2021,33.14,2.000,-0.3896,-1.9215,1.9606,0.5052,1.8944,0.000,1,SEARCH,0.0000,0.0000,0.0000,-0.0000
496389,dynamic,-2.6585,0.0738,3.2021,33.14,2.000,-0.3896,-1.9215,1.9606,0.5052,1.8944,0.000,1,SEARCH,0.0000,0.0000,0.0000,-0.0000
496490,dynamic,-2.6588,0.0738,3.2021,33.14,2.000,-0.3896,-1.9215,1.9606,0.5052,1.8944,0.000,1,SEARCH,0.0000,0.0000,0.0000,-0.0000
496589,dynamic,-2.6586,0.0733,3.2021,33.14,2.000,-0.3896,-1.9215,1.9606,0.5052,1.8944,0.000,1,SEARCH,0.0000,0.0000,0.0000,-0.0000
496689,dynamic,-2.6584,0.0727,3.2021,33.14,2.000,-0.3896,-1.9215,1.9606,0.5052,1.8944,0.000,1,SEARCH,0.0000,0.0000,0.0000,-0.0000
496789,dynamic,-2.6581,0.0727,3.2021,33.14,2.000,-0.3912,-1.9291,1.9683,0.5072,1.9018,0.000,1,SEARCH,0.0000,0.0000,0.0000,-0.0000
496890,dynamic,-2.6580,0.0729,3.2021,33.14,2.000,-0.3912,-1.9291,1.9683,0.5072,1.9019,0.000,1,SEARCH,0.0000,0.0000,0.0000,-0.0000
496989,dynamic,-2.6584,0.0732,3.2021,33.14,2.000,-0.3912,-1.9291,1.9683,0.5072,1.9019,0.000,1,SEARCH,0.0000,0.0000,0.0000,-0.0000
497089,dynamic,-2.6590,0.0736,3.2021,33.14,2.000,-0.3912,-1.9291,1.9683,0.5072,1.9019,0.000,1,SEARCH,0.0000,0.0000,0.0000,-0.0000
497189,dynamic,-2.6591,0.0737,3.2021,33.14,2.000,-0.3912,-1.9291,1.9683,0.5072,1.9019,0.000,1,SEARCH,0.0000,0.0000,0.0000,-0.0000
497298,dynamic,-2.6592,0.0739,3.2022,33.14,2.000,-0.3912,-1.9291,1.9683,0.5072,1.9019,0.000,1,SEARCH,0.0000,0.0000,0.0000,-0.0000
497390,dynamic,-2.6595,0.0739,3.2021,25.80,2.000,-0.2826,-1.6088,1.6334,0.3794,1.5887,0.000,1,SEARCH,0.0000,0.0000,0.0000,-0.0000
497489,dynamic,-2.6599,0.0739,3.2021,25.80,2.000,-0.2826,-1.6088,1.6334,0.3794,1.5887,0.000,1,SEARCH,0.0000,0.0000,0.0000,-0.0000
497589,dynamic,-2.6591,0.0737,3.2021,25.80,2.000,-0.2826,-1.6088,1.6334,0.3794,1.5887,0.000,1,SEARCH,0.0000,0.0000,0.0000,-0.0000
497689,dynamic,-2.6581,0.0736,3.2021,25.80,2.000,-0.2826,-1.6088,1.6334,0.3793,1.5887,0.000,1,SEARCH,0.0000,0.0000,0.0000,-0.0000
497789,dynamic,-2.6576,0.0733,3.2021,25.80,2.000,-0.2826,-1.6088,1.6334,0.3793,1.5887,0.000,1,SEARCH,0.0000,0.0000,0.0000,-0.0000
497892,dynamic,-2.6571,0.0732,3.2021,25.80,2.000,-0.2826,-1.6088,1.6334,0.3793,1.5887,0.000,1,SEARCH,0.0000,0.0000,0.0000,-0.0000
497989,dynamic,-2.6570,0.0731,3.2021,33.14,2.000,-0.3943,-1.9450,1.9845,0.5111,1.9176,0.000,1,SEARCH,0.0000,0.0000,0.0000,-0.0000
498089,dynamic,-2.6570,0.0731,3.2021,33.14,2.000,-0.3943,-1.9450,1.9845,0.5111,1.9176,0.000,1,SEARCH,0.0000,0.0000,0.0000,-0.0000
498189,dynamic,-2.6567,0.0730,3.2021,33.14,2.000,-0.3943,-1.9450,1.9845,0.5112,1.9176,0.000,1,SEARCH,0.0000,0.0000,0.0000,-0.0000
498289,dynamic,-2.6562,0.0729,3.2021,33.14,2.000,-0.3943,-1.9450,1.9845,0.5112,1.9176,0.000,1,SEARCH,0.0000,0.0000,0.0000,-0.0000
498389,dynamic,-2.6557,0.0725,3.2021,33.14,2.000,-0.3943,-1.9450,1.9845,0.5112,1.9176,0.000,1,SEARCH,0.0000,0.0000,0.0000,-0.0000
498491,dynamic,-2.6552,0.0721,3.2021,33.14,2.000,-0.3943,-1.9450,1.9845,0.5112,1.9176,0.000,1,SEARCH,0.0000,0.0000,0.0000,-0.0000
498589,dynamic,-2.6553,0.0720,3.2021,33.14,2.000,-0.3954,-1.9513,1.9910,0.5128,1.9238,0.000,1,SEARCH,0.0000,0.0000,0.0000,-0.0000
498689,dynamic,-2.6555,0.0721,3.2021,33.14,2.000,-0.3954,-1.9513,1.9910,0.5128,1.9238,0.000,1,SEARCH,0.0000,0.0000,0.0000,-0.0000
498790,dynamic,-2.6554,0.0720,3.2021,33.14,2.000,-0.3954,-1.9513,1.9910,0.5128,1.9238,0.000,1,SEARCH,0.0000,0.0000,0.0000,-0.0000
498890,dynamic,-2.6553,0.0719,3.2021,33.14,2.000,-0.3954,-1.9513,1.9910,0.5127,1.9238,0.000,1,SEARCH,0.0000,0.0000,0.0000,-0.0000
498989,dynamic,-2.6556,0.0718,3.2021,33.14,2.000,-0.3954,-1.9513,1.9910,0.5127,1.9238,0.000,1,SEARCH,0.0000,0.0000,0.0000,-0.0000
499089,dynamic,-2.6560,0.0717,3.2022,33.14,2.000,-0.3954,-1.9513,1.9910,0.5128,1.9238,0.000,1,SEARCH,0.0000,0.0000,0.0000,-0.0000
499189,dynamic,-2.6561,0.0717,3.2022,33.14,2.000,-0.3954,-1.9513,1.9910,0.5128,1.9238,0.000,1,SEARCH,0.0000,0.0000,0.0000,-0.0000
499290,dynamic,-2.6560,0.0717,3.2022,33.14,2.000,-0.3954,-1.9513,1.9910,0.5128,1.9238,0.000,1,SEARCH,0.0000,0.0000,0.0000,-0.0000
499389,dynamic,-2.6565,0.0719,3.2022,33.14,2.000,-0.3963,-1.9564,1.9961,0.5141,1.9288,0.000,1,SEARCH,0.0000,0.0000,0.0000,-0.0000
499489,dynamic,-2.6572,0.0722,3.2022,33.14,2.000,-0.3963,-1.9564,1.9961,0.5142,1.9288,0.000,1,SEARCH,0.0000,0.0000,0.0000,-0.0000
499589,dynamic,-2.6570,0.0721,3.2022,33.14,2.000,-0.3963,-1.9564,1.9961,0.5142,1.9288,0.000,1,SEARCH,0.0000,0.0000,0.0000,-0.0000
499689,dynamic,-2.6567,0.0720,3.2023,33.14,2.000,-0.3963,-1.9564,1.9961,0.5142,1.9288,0.000,1,SEARCH,0.0000,0.0000,0.0000,-0.0000
499790,dynamic,-2.6565,0.0720,3.2023,33.14,2.000,-0.3963,-1.9564,1.9961,0.5142,1.9288,0.000,1,SEARCH,0.0000,0.0000,0.0000,-0.0000
499889,dynamic,-2.6564,0.0720,3.2022,33.14,2.000,-0.3963,-1.9564,1.9961,0.5142,1.9288,0.000,1,SEARCH,0.0000,0.0000,0.0000,-0.0000
499990,dynamic,-2.6565,0.0720,3.2022,33.14,2.000,-0.3963,-1.9564,1.9961,0.5142,1.9288,0.000,1,SEARCH,0.0000,0.0000,0.0000,-0.0000
500089,dynamic,-2.6567,0.0720,3.2022,32.65,2.000,-0.3967,-1.9637,2.0034,0.5150,1.9361,0.000,1,SEARCH,0.0000,0.0000,0.0000,-0.0000
500189,dynamic,-2.6559,0.0718,3.2022,32.65,2.000,-0.3967,-1.9637,2.0034,0.5149,1.9361,0.000,1,SEARCH,0.0000,0.0000,0.0000,-0.0000
500290,dynamic,-2.6549,0.0714,3.2022,32.65,2.000,-0.3967,-1.9637,2.0034,0.5149,1.9361,0.000,1,SEARCH,0.0000,0.0000,0.0000,-0.0000
500389,dynamic,-2.6544,0.0712,3.2022,32.65,2.000,-0.3967,-1.9637,2.0034,0.5150,1.9361,0.000,1,SEARCH,0.0000,0.0000,0.0000,-0.0000
500489,dynamic,-2.6541,0.0709,3.2022,32.65,2.000,-0.3967,-1.9637,2.0034,0.5150,1.9361,0.000,1,SEARCH,0.0000,0.0000,0.0000,-0.0000
500589,dynamic,-2.6545,0.0710,3.2023,32.65,2.000,-0.3967,-1.9637,2.0034,0.5150,1.9361,0.000,1,SEARCH,0.0000,0.0000,0.0000,-0.0000
500690,dynamic,-2.6550,0.0711,3.2023,32.65,2.000,-0.3967,-1.9637,2.0034,0.5150,1.9361,0.000,1,SEARCH,0.0000,0.0000,0.0000,-0.0000
500790,dynamic,-2.6545,0.0712,3.2022,32.65,2.000,-0.3967,-1.9637,2.0034,0.5150,1.9361,0.000,1,SEARCH,0.0000,0.0000,0.0000,-0.0000
500889,dynamic,-2.6536,0.0712,3.2022,25.74,2.000,-0.2865,-1.6461,1.6708,0.3857,1.6257,0.000,1,SEARCH,0.0000,0.0000,0.0000,-0.0000
500989,dynamic,-2.6536,0.0711,3.2023,25.74,2.000,-0.2865,-1.6461,1.6708,0.3857,1.6257,0.000,1,SEARCH,0.0000,0.0000,0.0000,-0.0000
501089,dynamic,-2.6537,0.0709,3.2023,25.74,2.000,-0.2865,-1.6461,1.6708,0.3858,1.6257,0.000,1,SEARCH,0.0000,0.0000,0.0000,-0.0000
501189,dynamic,-2.6536,0.0705,3.2023,25.74,2.000,-0.2865,-1.6461,1.6708,0.3858,1.6257,0.000,1,SEARCH,0.0000,0.0000,0.0000,-0.0000
501289,dynamic,-2.6535,0.0700,3.2023,25.74,2.000,-0.2865,-1.6461,1.6708,0.3858,1.6257,0.000,1,SEARCH,0.0000,0.0000,0.0000,-0.0000
501389,dynamic,-2.6537,0.0699,3.2023,25.74,2.000,-0.2865,-1.6461,1.6708,0.3857,1.6257,0.000,1,SEARCH,0.0000,0.0000,0.0000,-0.0000
501491,dynamic,-2.6541,0.0698,3.2023,25.74,2.000,-0.2865,-1.6461,1.6708,0.3858,1.6257,0.000,1,SEARCH,0.0000,0.0000,0.0000,-0.0000
501589,dynamic,-2.6533,0.0699,3.2022,25.74,2.000,-0.2887,-1.6584,1.6833,0.3886,1.6378,0.000,1,SEARCH,0.0000,0.0000,0.0000,-0.0000
501689,dynamic,-2.6525,0.0699,3.2022,25.74,2.000,-0.2887,-1.6584,1.6833,0.3886,1.6378,0.000,1,SEARCH,0.0000,0.0000,0.0000,-0.0000
501789,dynamic,-2.6516,0.0698,3.2022,25.74,2.000,-0.2887,-1.6584,1.6833,0.3886,1.6378,0.000,1,SEARCH,0.0000,0.0000,0.0000,-0.0000
501889,dynamic,-2.6509,0.0696,3.2022,25.74,2.000,-0.2887,-1.6584,1.6833,0.3886,1.6378,0.000,1,SEARCH,0.0000,0.0000,0.0000,-0.0000
501989,dynamic,-2.6499,0.0703,3.2023,25.74,2.000,-0.2887,-1.6584,1.6833,0.3887,1.6378,0.000,1,SEARCH,0.0000,0.0000,0.0000,-0.0000
502097,dynamic,-2.6489,0.0711,3.2022,25.74,2.000,-0.2887,-1.6584,1.6833,0.3886,1.6378,0.000,1,SEARCH,0.0000,0.0000,0.0000,-0.0000
502190,dynamic,-2.6493,0.0714,3.2023,25.80,2.000,-0.2929,-1.6684,1.6940,0.3935,1.6476,0.000,1,SEARCH,0.0000,0.0000,0.0000,-0.0000
502290,dynamic,-2.6498,0.0717,3.2023,25.80,2.000,-0.2929,-1.6684,1.6940,0.3936,1.6476,0.000,1,SEARCH,0.0000,0.0000,0.0000,-0.0000
502389,dynamic,-2.6503,0.0719,3.2022,25.80,2.000,-0.2929,-1.6684,1.6940,0.3935,1.6476,0.000,1,SEARCH,0.0000,0.0000,0.0000,-0.0000
502490,dynamic,-2.6506,0.0721,3.2022,25.80,2.000,-0.2929,-1.6684,1.6940,0.3935,1.6476,0.000,1,SEARCH,0.0000,0.0000,0.0000,-0.0000
502589,dynamic,-2.6500,0.0722,3.2023,25.80,2.000,-0.2929,-1.6684,1.6940,0.3935,1.6476,0.000,1,SEARCH,0.0000,0.0000,0.0000,-0.0000
502693,dynamic,-2.6493,0.0723,3.2022,25.80,2.000,-0.2929,-1.6684,1.6940,0.3935,1.6476,0.000,1,SEARCH,0.0000,0.0000,0.0000,-0.0000
502789,dynamic,-2.6485,0.0724,3.2022,25.43,2.000,-0.2921,-1.6761,1.7014,0.3932,1.6553,0.000,1,SEARCH,0.0000,0.0000,0.0000,-0.0000
502889,dynamic,-2.6478,0.0726,3.2022,25.43,2.000,-0.2921,-1.6761,1.7014,0.3931,1.6554,0.000,1,SEARCH,0.0000,0.0000,0.0000,-0.0000
502989,dynamic,-2.6467,0.0729,3.2022,25.43,2.000,-0.2921,-1.6761,1.7014,0.3931,1.6553,0.000,1,SEARCH,0.0000,0.0000,0.0000,-0.0000
503089,dynamic,-2.6456,0.0733,3.2022,25.43,2.000,-0.2921,-1.6761,1.7014,0.3930,1.6554,0.000,1,SEARCH,0.0000,0.0000,0.0000,-0.0000
503189,dynamic,-2.6457,0.0737,3.2022,25.43,2.000,-0.2921,-1.6761,1.7014,0.3931,1.6554,0.000,1,SEARCH,0.0000,0.0000,0.0000,-0.0000
503289,dynamic,-2.6459,0.0742,3.2022,25.43,2.000,-0.2921,-1.6761,1.7014,0.3931,1.6554,0.000,1,SEARCH,0.0000,0.0000,0.0000,-0.0000
503389,dynamic,-2.6459,0.0746,3.2022,25.43,2.000,-0.2921,-1.6761,1.7014,0.3930,1.6554,0.000,1,SEARCH,0.0000,0.0000,0.0000,-0.0000
503489,dynamic,-2.6459,0.0750,3.2022,25.43,2.000,-0.2921,-1.6761,1.7014,0.3931,1.6554,0.000,1,SEARCH,0.0000,0.0000,0.0000,-0.0000
503489,dynamic,-2.6464,0.0751,3.2022,25.43,2.000,-0.2921,-1.6761,1.7014,0.3931,1.6554,0.000,1,SEARCH,0.0000,0.0000,0.0000,-0.0000
503689,dynamic,-2.6474,0.0752,3.2021,33.11,2.000,-0.4050,-2.0097,2.0501,0.5259,1.9815,0.000,1,SEARCH,0.0000,0.0000,0.0000,-0.0000
503790,dynamic,-2.6485,0.0752,3.2021,33.11,2.000,-0.4050,-2.0097,2.0501,0.5259,1.9815,0.000,1,SEARCH,0.0000,0.0000,0.0000,-0.0000
503889,dynamic,-2.6497,0.0752,3.2021,33.11,2.000,-0.4050,-2.0097,2.0501,0.5258,1.9815,0.000,1,SEARCH,0.0000,0.0000,0.0000,-0.0000
503989,dynamic,-2.6499,0.0756,3.2021,33.11,2.000,-0.4050,-2.0097,2.0501,0.5258,1.9815,0.000,1,SEARCH,0.0000,0.0000,0.0000,-0.0000
504090,dynamic,-2.6499,0.0760,3.2021,33.11,2.000,-0.4050,-2.0097,2.0501,0.5258,1.9815,0.000,1,SEARCH,0.0000,0.0000,0.0000,-0.0000
504189,dynamic,-2.6492,0.0763,3.2021,33.11,2.000,-0.4050,-2.0097,2.0501,0.5259,1.9815,0.000,1,SEARCH,0.0000,0.0000,0.0000,-0.0000
504289,dynamic,-2.6485,0.0765,3.2021,33.11,2.000,-0.4050,-2.0097,2.0501,0.5259,1.9815,0.000,1,SEARCH,0.0000,0.0000,0.0000,-0.0000
504389,dynamic,-2.6484,0.0765,3.2021,33.11,2.000,-0.4050,-2.0097,2.0501,0.5259,1.9815,0.000,1,SEARCH,0.0000,0.0000,0.0000,-0.0000
504489,dynamic,-2.6486,0.0765,3.2021,33.11,2.000,-0.4050,-2.0097,2.0501,0.5259,1.9815,0.000,1,SEARCH,0.0000,0.0000,0.0000,-0.0000
504593,dynamic,-2.6483,0.0765,3.2021,33.11,2.000,-0.4050,-2.0097,2.0501,0.5259,1.9815,0.000,1,SEARCH,0.0000,0.0000,0.0000,-0.0000
504689,dynamic,-2.6476,0.0767,3.2021,32.89,2.000,-0.4030,-1.9925,2.0329,0.5228,1.9645,0.000,1,SEARCH,0.0000,0.0000,0.0000,-0.0000
504789,dynamic,-2.6478,0.0766,3.2021,32.89,2.000,-0.4030,-1.9925,2.0329,0.5228,1.9645,0.000,1,SEARCH,0.0000,0.0000,0.0000,-0.0000
504889,dynamic,-2.6481,0.0765,3.2021,32.89,2.000,-0.4030,-1.9925,2.0329,0.5228,1.9645,0.000,1,SEARCH,0.0000,0.0000,0.0000,-0.0000
504989,dynamic,-2.6489,0.0766,3.2021,32.89,2.000,-0.4030,-1.9925,2.0329,0.5227,1.9645,0.000,1,SEARCH,0.0000,0.0000,0.0000,-0.0000
505090,dynamic,-2.6497,0.0769,3.2021,32.89,2.000,-0.4030,-1.9925,2.0329,0.5227,1.9645,0.000,1,SEARCH,0.0000,0.0000,0.0000,-0.0000
505189,dynamic,-2.6508,0.0771,3.2021,32.89,2.000,-0.4030,-1.9925,2.0329,0.5228,1.9645,0.000,1,SEARCH,0.0000,0.0000,0.0000,-0.0000
505289,dynamic,-2.6521,0.0774,3.2021,32.89,2.000,-0.4030,-1.9925,2.0329,0.5228,1.9645,0.000,1,SEARCH,0.0000,0.0000,0.0000,-0.0000
505389,dynamic,-2.6532,0.0775,3.2021,32.89,2.000,-0.4030,-1.9925,2.0329,0.5228,1.9645,0.000,1,SEARCH,0.0000,0.0000,0.0000,-0.0000
505489,dynamic,-2.6544,0.0775,3.2021,32.87,2.000,-0.3969,-1.9668,2.0065,0.5151,1.9393,0.000,1,SEARCH,0.0000,0.0000,0.0000,-0.0000
505589,dynamic,-2.6554,0.0771,3.2021,32.87,2.000,-0.3969,-1.9668,2.0065,0.5151,1.9392,0.000,1,SEARCH,0.0000,0.0000,0.0000,-0.0000
505689,dynamic,-2.6562,0.0769,3.2021,32.87,2.000,-0.3969,-1.9668,2.0065,0.5152,1.9392,0.000,1,SEARCH,0.0000,0.0000,0.0000,-0.0000
505789,dynamic,-2.6570,0.0767,3.2021,32.87,2.000,-0.3969,-1.9668,2.0065,0.5152,1.9392,0.000,1,SEARCH,0.0000,0.0000,0.0000,-0.0000
505889,dynamic,-2.6580,0.0767,3.2021,32.87,2.000,-0.3969,-1.9668,2.0065,0.5152,1.9392,0.000,1,SEARCH,0.0000,0.0000,0.0000,-0.0000
506000,dynamic,-2.6587,0.0766,3.2021,32.87,2.000,-0.3969,-1.9668,2.0065,0.5152,1.9392,0.000,1,SEARCH,0.0000,0.0000,0.0000,-0.0000
506089,dynamic,-2.6592,0.0767,3.2021,25.75,2.000,-0.2830,-1.6211,1.6456,0.3806,1.6010,0.000,1,SEARCH,0.0000,0.0000,0.0000,-0.0000
506189,dynamic,-2.6594,0.0762,3.2021,25.75,2.000,-0.2830,-1.6211,1.6456,0.3806,1.6010,0.000,1,SEARCH,0.0000,0.0000,0.0000,-0.0000
506289,dynamic,-2.6594,0.0756,3.2021,25.75,2.000,-0.2830,-1.6211,1.6456,0.3805,1.6010,0.000,1,SEARCH,0.0000,0.0000,0.0000,-0.0000
506389,dynamic,-2.6593,0.0751,3.2020,25.75,2.000,-0.2830,-1.6211,1.6456,0.3805,1.6010,0.000,1,SEARCH,0.0000,0.0000,0.0000,-0.0000
506489,dynamic,-2.6593,0.0747,3.2021,25.75,2.000,-0.2830,-1.6211,1.6456,0.3805,1.6010,0.000,1,SEARCH,0.0000,0.0000,0.0000,-0.0000
506589,dynamic,-2.6594,0.0742,3.2020,25.75,2.000,-0.2830,-1.6211,1.6456,0.3805,1.6010,0.000,1,SEARCH,0.0000,0.0000,0.0000,-0.0000
506690,dynamic,-2.6597,0.0738,3.2020,25.75,2.000,-0.2830,-1.6211,1.6456,0.3804,1.6010,0.000,1,SEARCH,0.0000,0.0000,0.0000,-0.0000
506798,dynamic,-2.6593,0.0738,3.2021,25.75,2.000,-0.2830,-1.6211,1.6456,0.3805,1.6010,0.000,1,SEARCH,0.0000,0.0000,0.0000,-0.0000
506889,dynamic,-2.6587,0.0742,3.2021,32.68,2.000,-0.3966,-1.9513,1.9912,0.5138,1.9237,0.000,1,SEARCH,0.0000,0.0000,0.0000,-0.0000
506989,dynamic,-2.6583,0.0742,3.2021,32.68,2.000,-0.3966,-1.9513,1.9912,0.5139,1.9237,0.000,1,SEARCH,0.0000,0.0000,0.0000,-0.0000
507089,dynamic,-2.6580,0.0743,3.2021,32.68,2.000,-0.3966,-1.9513,1.9912,0.5139,1.9237,0.000,1,SEARCH,0.0000,0.0000,0.0000,-0.0000
507189,dynamic,-2.6575,0.0738,3.2021,32.68,2.000,-0.3966,-1.9513,1.9912,0.5139,1.9237,0.000,1,SEARCH,0.0000,0.0000,0.0000,-0.0000
507289,dynamic,-2.6572,0.0734,3.2021,32.68,2.000,-0.3966,-1.9513,1.9912,0.5139,1.9237,0.000,1,SEARCH,0.0000,0.0000,0.0000,-0.0000
507389,dynamic,-2.6581,0.0733,3.2021,32.68,2.000,-0.3966,-1.9513,1.9912,0.5139,1.9237,0.000,1,SEARCH,0.0000,0.0000,0.0000,-0.0000
507491,dynamic,-2.6599,0.0736,3.2021,32.68,2.000,-0.3966,-1.9513,1.9912,0.5139,1.9237,0.000,1,SEARCH,0.0000,0.0000,0.0000,-0.0000
507589,dynamic,-2.6600,0.0733,3.2021,26.04,2.000,-0.2813,-1.6185,1.6428,0.3786,1.5986,0.000,1,SEARCH,0.0000,0.0000,0.0000,-0.0000
507689,dynamic,-2.6597,0.0731,3.2021,26.04,2.000,-0.2813,-1.6185,1.6428,0.3786,1.5985,0.000,1,SEARCH,0.0000,0.0000,0.0000,-0.0000
507789,dynamic,-2.6575,0.0729,3.2021,26.04,2.000,-0.2813,-1.6185,1.6428,0.3786,1.5986,0.000,1,SEARCH,0.0000,0.0000,0.0000,-0.0000
507890,dynamic,-2.6554,0.0729,3.2021,26.04,2.000,-0.2813,-1.6185,1.6428,0.3786,1.5986,0.000,1,SEARCH,0.0000,0.0000,0.0000,-0.0000
507989,dynamic,-2.6553,0.0726,3.2021,26.04,2.000,-0.2813,-1.6185,1.6428,0.3786,1.5985,0.000,1,SEARCH,0.0000,0.0000,0.0000,-0.0000
508089,dynamic,-2.6556,0.0724,3.2021,26.04,2.000,-0.2813,-1.6185,1.6428,0.3786,1.5985,0.000,1,SEARCH,0.0000,0.0000,0.0000,-0.0000
508193,dynamic,-2.6555,0.0718,3.2021,26.04,2.000,-0.2813,-1.6185,1.6428,0.3786,1.5986,0.000,1,SEARCH,0.0000,0.0000,0.0000,-0.0000
508289,dynamic,-2.6554,0.0714,3.2021,32.90,2.000,-0.3944,-1.9464,1.9860,0.5113,1.9190,0.000,1,SEARCH,0.0000,0.0000,0.0000,-0.0000
508389,dynamic,-2.6562,0.0716,3.2021,32.90,2.000,-0.3944,-1.9464,1.9860,0.5113,1.9190,0.000,1,SEARCH,0.0000,0.0000,0.0000,-0.0000
508489,dynamic,-2.6573,0.0723,3.2021,32.90,2.000,-0.3944,-1.9464,1.9860,0.5113,1.9190,0.000,1,SEARCH,0.0000,0.0000,0.0000,-0.0000
508589,dynamic,-2.6564,0.0720,3.2021,32.90,2.000,-0.3944,-1.9464,1.9860,0.5113,1.9190,0.000,1,SEARCH,0.0000,0.0000,0.0000,-0.0000
508689,dynamic,-2.6555,0.0718,3.2021,32.90,2.000,-0.3944,-1.9464,1.9860,0.5113,1.9190,0.000,1,SEARCH,0.0000,0.0000,0.0000,-0.0000
508789,dynamic,-2.6546,0.0716,3.2021,32.90,2.000,-0.3944,-1.9464,1.9860,0.5113,1.9190,0.000,1,SEARCH,0.0000,0.0000,0.0000,-0.0000
508891,dynamic,-2.6540,0.0715,3.2021,32.90,2.000,-0.3944,-1.9464,1.9860,0.5113,1.9190,0.000,1,SEARCH,0.0000,0.0000,0.0000,-0.0000
508989,dynamic,-2.6532,0.0715,3.2021,33.37,2.000,-0.3936,-1.9541,1.9933,0.5110,1.9267,0.000,1,SEARCH,0.0000,0.0000,0.0000,-0.0000
509089,dynamic,-2.6524,0.0715,3.2021,33.37,2.000,-0.3936,-1.9541,1.9933,0.5111,1.9267,0.000,1,SEARCH,0.0000,0.0000,0.0000,-0.0000
509189,dynamic,-2.6522,0.0716,3.2021,33.37,2.000,-0.3936,-1.9541,1.9933,0.5111,1.9267,0.000,1,SEARCH,0.0000,0.0000,0.0000,-0.0000
509289,dynamic,-2.6522,0.0720,3.2021,33.37,2.000,-0.3936,-1.9541,1.9933,0.5110,1.9267,0.000,1,SEARCH,0.0000,0.0000,0.0000,-0.0000
509389,dynamic,-2.6527,0.0723,3.2021,33.37,2.000,-0.3936,-1.9541,1.9933,0.5111,1.9267,0.000,1,SEARCH,0.0000,0.0000,0.0000,-0.0000
509489,dynamic,-2.6535,0.0728,3.2021,33.37,2.000,-0.3936,-1.9541,1.9933,0.5111,1.9267,0.000,1,SEARCH,0.0000,0.0000,0.0000,-0.0000
509590,dynamic,-2.6541,0.0731,3.2021,33.37,2.000,-0.3936,-1.9541,1.9933,0.5111,1.9267,0.000,1,SEARCH,0.0000,0.0000,0.0000,-0.0000
509691,dynamic,-2.6548,0.0736,3.2021,33.37,2.000,-0.3936,-1.9541,1.9933,0.5111,1.9267,0.000,1,SEARCH,0.0000,0.0000,0.0000,-0.0000
509789,dynamic,-2.6548,0.0739,3.2021,33.13,2.000,-0.3936,-1.9602,1.9993,0.5114,1.9328,0.000,1,SEARCH,0.0000,0.0000,0.0000,-0.0000
509889,dynamic,-2.6548,0.0745,3.2021,33.13,2.000,-0.3936,-1.9602,1.9993,0.5114,1.9328,0.000,1,SEARCH,0.0000,0.0000,0.0000,-0.0000
509989,dynamic,-2.6551,0.0748,3.2021,33.13,2.000,-0.3936,-1.9602,1.9993,0.5114,1.9328,0.000,1,SEARCH,0.0000,0.0000,0.0000,-0.0000
510089,dynamic,-2.6555,0.0754,3.2021,33.13,2.000,-0.3936,-1.9602,1.9993,0.5114,1.9328,0.000,1,SEARCH,0.0000,0.0000,0.0000,-0.0000
510189,dynamic,-2.6560,0.0755,3.2021,33.13,2.000,-0.3936,-1.9602,1.9993,0.5114,1.9328,0.000,1,SEARCH,0.0000,0.0000,0.0000,-0.0000
510289,dynamic,-2.6564,0.0756,3.2021,33.13,2.000,-0.3936,-1.9602,1.9993,0.5114,1.9328,0.000,1,SEARCH,0.0000,0.0000,0.0000,-0.0000
510392,dynamic,-2.6572,0.0760,3.2021,33.13,2.000,-0.3936,-1.9602,1.9993,0.5114,1.9328,0.000,1,SEARCH,0.0000,0.0000,0.0000,-0.0000
510489,dynamic,-2.6581,0.0766,3.2021,25.79,2.000,-0.2851,-1.6392,1.6638,0.3836,1.6190,0.000,1,SEARCH,0.0000,0.0000,0.0000,-0.0000
510589,dynamic,-2.6586,0.0767,3.2020,25.79,2.000,-0.2851,-1.6392,1.6638,0.3836,1.6190,0.000,1,SEARCH,0.0000,0.0000,0.0000,-0.0000
510689,dynamic,-2.6592,0.0769,3.2020,25.79,2.000,-0.2851,-1.6392,1.6638,0.3836,1.6190,0.000,1,SEARCH,0.0000,0.0000,0.0000,-0.0000
510789,dynamic,-2.6592,0.0772,3.2020,25.79,2.000,-0.2851,-1.6392,1.6638,0.3836,1.6190,0.000,1,SEARCH,0.0000,0.0000,0.0000,-0.0000
510889,dynamic,-2.6592,0.0776,3.2020,25.79,2.000,-0.2851,-1.6392,1.6638,0.3836,1.6190,0.000,1,SEARCH,0.0000,0.0000,0.0000,-0.0000
510989,dynamic,-2.6594,0.0777,3.2020,25.79,2.000,-0.2851,-1.6392,1.6638,0.3835,1.6190,0.000,1,SEARCH,0.0000,0.0000,0.0000,-0.0000
511096,dynamic,-2.6596,0.0777,3.2020,25.79,2.000,-0.2851,-1.6392,1.6638,0.3836,1.6190,0.000,1,SEARCH,0.0000,0.0000,0.0000,-0.0000
511191,dynamic,-2.6590,0.0775,3.2020,33.37,2.000,-0.3991,-1.9800,2.0199,0.5179,1.9523,0.000,1,SEARCH,0.0000,0.0000,0.0000,-0.0000
511289,dynamic,-2.6583,0.0774,3.2020,33.37,2.000,-0.3991,-1.9800,2.0199,0.5178,1.9523,0.000,1,SEARCH,0.0000,0.0000,0.0000,-0.0000
511389,dynamic,-2.6572,0.0771,3.2020,33.37,2.000,-0.3991,-1.9800,2.0199,0.5179,1.9523,0.000,1,SEARCH,0.0000,0.0000,0.0000,-0.0000
511489,dynamic,-2.6559,0.0767,3.2020,33.37,2.000,-0.3991,-1.9800,2.0199,0.5178,1.9524,0.000,1,SEARCH,0.0000,0.0000,0.0000,-0.0000
511589,dynamic,-2.6556,0.0761,3.2019,33.37,2.000,-0.3991,-1.9800,2.0199,0.5177,1.9524,0.000,1,SEARCH,0.0000,0.0000,0.0000,-0.0000
511689,dynamic,-2.6557,0.0758,3.2019,33.37,2.000,-0.3991,-1.9800,2.0199,0.5177,1.9524,0.000,1,SEARCH,0.0000,0.0000,0.0000,-0.0000
511790,dynamic,-2.6557,0.0751,3.2019,33.37,2.000,-0.3991,-1.9800,2.0199,0.5177,1.9524,0.000,1,SEARCH,0.0000,0.0000,0.0000,-0.0000
511889,dynamic,-2.6558,0.0745,3.2019,25.49,2.000,-0.2851,-1.6370,1.6617,0.3833,1.6169,0.000,1,SEARCH,0.0000,0.0000,0.0000,-0.0000
511989,dynamic,-2.6557,0.0743,3.2019,25.49,2.000,-0.2851,-1.6370,1.6617,0.3833,1.6169,0.000,1,SEARCH,0.0000,0.0000,0.0000,-0.0000
512089,dynamic,-2.6557,0.0745,3.2019,25.49,2.000,-0.2851,-1.6370,1.6617,0.3833,1.6169,0.000,1,SEARCH,0.0000,0.0000,0.0000,-0.0000
512189,dynamic,-2.6553,0.0747,3.2019,25.49,2.000,-0.2851,-1.6370,1.6617,0.3832,1.6169,0.000,1,SEARCH,0.0000,0.0000,0.0000,-0.0000
512290,dynamic,-2.6551,0.0751,3.2019,25.49,2.000,-0.2851,-1.6370,1.6617,0.3832,1.6169,0.000,1,SEARCH,0.0000,0.0000,0.0000,-0.0000
512394,dynamic,-2.6549,0.0751,3.2019,25.49,2.000,-0.2851,-1.6370,1.6617,0.3832,1.6169,0.000,1,SEARCH,0.0000,0.0000,0.0000,-0.0000
512489,dynamic,-2.6547,0.0752,3.2018,32.69,2.000,-0.3958,-1.9594,1.9989,0.5131,1.9320,0.000,1,SEARCH,0.0000,0.0000,0.0000,-0.0000
512589,dynamic,-2.6545,0.0748,3.2018,32.69,2.000,-0.3958,-1.9594,1.9989,0.5130,1.9320,0.000,1,SEARCH,0.0000,0.0000,0.0000,-0.0000
512689,dynamic,-2.6542,0.0745,3.2018,32.69,2.000,-0.3958,-1.9594,1.9989,0.5131,1.9320,0.000,1,SEARCH,0.0000,0.0000,0.0000,-0.0000
512789,dynamic,-2.6537,0.0741,3.2018,32.69,2.000,-0.3958,-1.9594,1.9989,0.5130,1.9320,0.000,1,SEARCH,0.0000,0.0000,0.0000,-0.0000
512889,dynamic,-2.6531,0.0738,3.2018,32.69,2.000,-0.3958,-1.9594,1.9989,0.5130,1.9320,0.000,1,SEARCH,0.0000,0.0000,0.0000,-0.0000
512993,dynamic,-2.6532,0.0733,3.2018,32.69,2.000,-0.3958,-1.9594,1.9989,0.5129,1.9320,0.000,1,SEARCH,0.0000,0.0000,0.0000,-0.0000
513089,dynamic,-2.6536,0.0731,3.2018,32.89,2.000,-0.3934,-1.9561,1.9953,0.5103,1.9289,0.000,1,SEARCH,0.0000,0.0000,0.0000,-0.0000
513189,dynamic,-2.6532,0.0730,3.2018,32.89,2.000,-0.3934,-1.9561,1.9953,0.5103,1.9289,0.000,1,SEARCH,0.0000,0.0000,0.0000,-0.0000
513289,dynamic,-2.6527,0.0731,3.2017,32.89,2.000,-0.3934,-1.9561,1.9953,0.5102,1.9290,0.000,1,SEARCH,0.0000,0.0000,0.0000,-0.0000
513389,dynamic,-2.6525,0.0731,3.2018,32.89,2.000,-0.3934,-1.9561,1.9953,0.5102,1.9289,0.000,1,SEARCH,0.0000,0.0000,0.0000,-0.0000
513490,dynamic,-2.6526,0.0732,3.2017,32.89,2.000,-0.3934,-1.9561,1.9953,0.5102,1.9290,0.000,1,SEARCH,0.0000,0.0000,0.0000,-0.0000
513590,dynamic,-2.6525,0.0724,3.2018,32.89,2.000,-0.3934,-1.9561,1.9953,0.5102,1.9289,0.000,1,SEARCH,0.0000,0.0000,0.0000,-0.0000
513689,dynamic,-2.6524,0.0718,3.2017,32.89,2.000,-0.3924,-1.9503,1.9894,0.5089,1.9232,0.000,1,SEARCH,0.0000,0.0000,0.0000,-0.0000
513789,dynamic,-2.6531,0.0714,3.2017,32.89,2.000,-0.3924,-1.9503,1.9894,0.5089,1.9232,0.000,1,SEARCH,0.0000,0.0000,0.0000,-0.0000
513889,dynamic,-2.6538,0.0713,3.2017,32.89,2.000,-0.3924,-1.9503,1.9894,0.5088,1.9232,0.000,1,SEARCH,0.0000,0.0000,0.0000,-0.0000
513989,dynamic,-2.6548,0.0716,3.2017,32.89,2.000,-0.3924,-1.9503,1.9894,0.5088,1.9232,0.000,1,SEARCH,0.0000,0.0000,0.0000,-0.0000
514089,dynamic,-2.6557,0.0720,3.2017,32.89,2.000,-0.3924,-1.9503,1.9894,0.5088,1.9232,0.000,1,SEARCH,0.0000,0.0000,0.0000,-0.0000
514192,dynamic,-2.6560,0.0722,3.2017,32.89,2.000,-0.3924,-1.9503,1.9894,0.5089,1.9232,0.000,1,SEARCH,0.0000,0.0000,0.0000,-0.0000
514289,dynamic,-2.6561,0.0724,3.2017,25.79,2.000,-0.2828,-1.6234,1.6478,0.3799,1.6034,0.000,1,SEARCH,0.0000,0.0000,0.0000,-0.0000
514389,dynamic,-2.6558,0.0726,3.2017,25.79,2.000,-0.2828,-1.6234,1.6478,0.3798,1.6034,0.000,1,SEARCH,0.0000,0.0000,0.0000,-0.0000
514489,dynamic,-2.6555,0.0729,3.2018,25.79,2.000,-0.2828,-1.6234,1.6478,0.3799,1.6034,0.000,1,SEARCH,0.0000,0.0000,0.0000,-0.0000
514590,dynamic,-2.6549,0.0730,3.2018,25.79,2.000,-0.2828,-1.6234,1.6478,0.3799,1.6034,0.000,1,SEARCH,0.0000,0.0000,0.0000,-0.0000
514701,dynamic,-2.6544,0.0732,3.2018,25.79,2.000,-0.2828,-1.6234,1.6478,0.3799,1.6034,0.000,1,SEARCH,0.0000,0.0000,0.0000,-0.0000
514791,dynamic,-2.6538,0.0731,3.2017,32.88,2.000,-0.3969,-1.9604,2.0002,0.5141,1.9330,0.000,1,SEARCH,0.0000,0.0000,0.0000,-0.0000
514889,dynamic,-2.6533,0.0731,3.2017,32.88,2.000,-0.3969,-1.9604,2.0002,0.5140,1.9330,0.000,1,SEARCH,0.0000,0.0000,0.0000,-0.0000
514989,dynamic,-2.6539,0.0733,3.2017,32.88,2.000,-0.3969,-1.9604,2.0002,0.5140,1.9330,0.000,1,SEARCH,0.0000,0.0000,0.0000,-0.0000
515089,dynamic,-2.6547,0.0736,3.2017,32.88,2.000,-0.3969,-1.9604,2.0002,0.5140,1.9330,0.000,1,SEARCH,0.0000,0.0000,0.0000,-0.0000
515190,dynamic,-2.6551,0.0739,3.2017,32.88,2.000,-0.3969,-1.9604,2.0002,0.5140,1.9330,0.000,1,SEARCH,0.0000,0.0000,0.0000,-0.0000
515299,dynamic,-2.6554,0.0742,3.2017,32.88,2.000,-0.3969,-1.9604,2.0002,0.5140,1.9330,0.000,1,SEARCH,0.0000,0.0000,0.0000,-0.0000
515389,dynamic,-2.6548,0.0743,3.2017,25.45,2.000,-0.2851,-1.6243,1.6491,0.3822,1.6042,0.000,1,SEARCH,0.0000,0.0000,0.0000,-0.0000
515489,dynamic,-2.6540,0.0743,3.2017,25.45,2.000,-0.2851,-1.6243,1.6491,0.3821,1.6042,0.000,1,SEARCH,0.0000,0.0000,0.0000,-0.0000
515590,dynamic,-2.6538,0.0744,3.2017,25.45,2.000,-0.2851,-1.6243,1.6491,0.3821,1.6042,0.000,1,SEARCH,0.0000,0.0000,0.0000,-0.0000
515689,dynamic,-2.6539,0.0747,3.2017,25.45,2.000,-0.2851,-1.6243,1.6491,0.3821,1.6042,0.000,1,SEARCH,0.0000,0.0000,0.0000,-0.0000
515790,dynamic,-2.6535,0.0750,3.2017,25.45,2.000,-0.2851,-1.6243,1.6491,0.3821,1.6042,0.000,1,SEARCH,0.0000,0.0000,0.0000,-0.0000
515897,dynamic,-2.6530,0.0756,3.2017,25.45,2.000,-0.2851,-1.6243,1.6491,0.3821,1.6042,0.000,1,SEARCH,0.0000,0.0000,0.0000,-0.0000
515990,dynamic,-2.6532,0.0755,3.2017,25.80,2.000,-0.2863,-1.6255,1.6505,0.3834,1.6054,0.000,1,SEARCH,0.0000,0.0000,0.0000,-0.0000
516089,dynamic,-2.6535,0.0755,3.2016,25.80,2.000,-0.2863,-1.6255,1.6505,0.3834,1.6054,0.000,1,SEARCH,0.0000,0.0000,0.0000,-0.0000
516189,dynamic,-2.6546,0.0756,3.2017,25.80,2.000,-0.2863,-1.6255,1.6505,0.3834,1.6054,0.000,1,SEARCH,0.0000,0.0000,0.0000,-0.0000
516289,dynamic,-2.6558,0.0757,3.2016,25.80,2.000,-0.2863,-1.6255,1.6505,0.3834,1.6054,0.000,1,SEARCH,0.0000,0.0000,0.0000,-0.0000
516401,dynamic,-2.6559,0.0756,3.2016,25.80,2.000,-0.2863,-1.6255,1.6505,0.3834,1.6054,0.000,1,SEARCH,0.0000,0.0000,0.0000,-0.0000
516497,dynamic,-2.6557,0.0755,3.2016,25.80,2.000,-0.2863,-1.6255,1.6505,0.3834,1.6054,0.000,1,SEARCH,0.0000,0.0000,0.0000,-0.0000
516590,dynamic,-2.6551,0.0751,3.2016,25.80,2.000,-0.2871,-1.6297,1.6548,0.3844,1.6096,0.000,1,SEARCH,0.0000,0.0000,0.0000,-0.0000
516690,dynamic,-2.6546,0.0748,3.2016,25.80,2.000,-0.2871,-1.6297,1.6548,0.3844,1.6096,0.000,1,SEARCH,0.0000,0.0000,0.0000,-0.0000
516789,dynamic,-2.6543,0.0744,3.2016,25.80,2.000,-0.2871,-1.6297,1.6548,0.3843,1.6096,0.000,1,SEARCH,0.0000,0.0000,0.0000,-0.0000
516889,dynamic,-2.6542,0.0742,3.2016,25.80,2.000,-0.2871,-1.6297,1.6548,0.3843,1.6096,0.000,1,SEARCH,0.0000,0.0000,0.0000,-0.0000
516990,dynamic,-2.6539,0.0740,3.2016,25.80,2.000,-0.2871,-1.6297,1.6548,0.3843,1.6096,0.000,1,SEARCH,0.0000,0.0000,0.0000,-0.0000
517090,dynamic,-2.6537,0.0740,3.2016,25.80,2.000,-0.2871,-1.6297,1.6548,0.3843,1.6096,0.000,1,SEARCH,0.0000,0.0000,0.0000,-0.0000
517191,dynamic,-2.6532,0.0739,3.2016,32.45,2.000,-0.3991,-1.9581,1.9983,0.5157,1.9306,0.000,1,SEARCH,0.0000,0.0000,0.0000,-0.0000
517292,dynamic,-2.6528,0.0740,3.2016,32.45,2.000,-0.3991,-1.9581,1.9983,0.5157,1.9306,0.000,1,SEARCH,0.0000,0.0000,0.0000,-0.0000
517390,dynamic,-2.6526,0.0738,3.2016,32.45,2.000,-0.3991,-1.9581,1.9983,0.5158,1.9306,0.000,1,SEARCH,0.0000,0.0000,0.0000,-0.0000
517490,dynamic,-2.6525,0.0736,3.2016,32.45,2.000,-0.3991,-1.9581,1.9983,0.5157,1.9307,0.000,1,SEARCH,0.0000,0.0000,0.0000,-0.0000
517597,dynamic,-2.6526,0.0736,3.2016,32.45,2.000,-0.3991,-1.9581,1.9983,0.5157,1.9307,0.000,1,SEARCH,0.0000,0.0000,0.0000,-0.0000
517693,dynamic,-2.6529,0.0737,3.2015,32.45,2.000,-0.3991,-1.9581,1.9983,0.5157,1.9307,0.000,1,SEARCH,0.0000,0.0000,0.0000,-0.0000
517793,dynamic,-2.6531,0.0732,3.2015,26.08,2.000,-0.2859,-1.6300,1.6549,0.3830,1.6100,0.000,1,SEARCH,0.0000,0.0000,0.0000,-0.0000
517890,dynamic,-2.6533,0.0729,3.2015,26.08,2.000,-0.2859,-1.6300,1.6549,0.3830,1.6100,0.000,1,SEARCH,0.0000,0.0000,0.0000,-0.0000
517989,dynamic,-2.6539,0.0724,3.2015,26.08,2.000,-0.2859,-1.6300,1.6549,0.3830,1.6100,0.000,1,SEARCH,0.0000,0.0000,0.0000,-0.0000
518089,dynamic,-2.6546,0.0722,3.2015,26.08,2.000,-0.2859,-1.6300,1.6549,0.3830,1.6100,0.000,1,SEARCH,0.0000,0.0000,0.0000,-0.0000
518204,dynamic,-2.6550,0.0718,3.2015,26.08,2.000,-0.2859,-1.6300,1.6549,0.3830,1.6100,0.000,1,SEARCH,0.0000,0.0000,0.0000,-0.0000
518290,dynamic,-2.6555,0.0714,3.2015,26.08,2.000,-0.2857,-1.6285,1.6534,0.3827,1.6085,0.000,1,SEARCH,0.0000,0.0000,0.0000,-0.0000
518391,dynamic,-2.6559,0.0712,3.2015,26.08,2.000,-0.2857,-1.6285,1.6534,0.3827,1.6085,0.000,1,SEARCH,0.0000,0.0000,0.0000,-0.0000
518490,dynamic,-2.6563,0.0712,3.2015,26.08,2.000,-0.2857,-1.6285,1.6534,0.3827,1.6085,0.000,1,SEARCH,0.0000,0.0000,0.0000,-0.0000
518592,dynamic,-2.6572,0.0711,3.2015,26.08,2.000,-0.2857,-1.6285,1.6534,0.3827,1.6085,0.000,1,SEARCH,0.0000,0.0000,0.0000,-0.0000
518690,dynamic,-2.6584,0.0712,3.2015,26.08,2.000,-0.2857,-1.6285,1.6534,0.3827,1.6085,0.000,1,SEARCH,0.0000,0.0000,0.0000,-0.0000
518797,dynamic,-2.6597,0.0710,3.2015,26.08,2.000,-0.2857,-1.6285,1.6534,0.3827,1.6085,0.000,1,SEARCH,0.0000,0.0000,0.0000,-0.0000
518889,dynamic,-2.6610,0.0708,3.2015,25.15,2.000,-0.2856,-1.6235,1.6485,0.3822,1.6035,0.000,1,SEARCH,0.0000,0.0000,0.0000,-0.0000
518991,dynamic,-2.6608,0.0707,3.2014,25.15,2.000,-0.2856,-1.6235,1.6485,0.3822,1.6035,0.000,1,SEARCH,0.0000,0.0000,0.0000,-0.0000
519091,dynamic,-2.6604,0.0707,3.2014,25.15,2.000,-0.2856,-1.6235,1.6485,0.3822,1.6035,0.000,1,SEARCH,0.0000,0.0000,0.0000,-0.0000
519191,dynamic,-2.6602,0.0709,3.2015,25.15,2.000,-0.2856,-1.6235,1.6485,0.3822,1.6035,0.000,1,SEARCH,0.0000,0.0000,0.0000,-0.0000
519291,dynamic,-2.6600,0.0711,3.2015,25.15,2.000,-0.2856,-1.6235,1.6485,0.3822,1.6035,0.000,1,SEARCH,0.0000,0.0000,0.0000,-0.0000
519390,dynamic,-2.6593,0.0711,3.2015,25.15,2.000,-0.2856,-1.6235,1.6485,0.3822,1.6035,0.000,1,SEARCH,0.0000,0.0000,0.0000,-0.0000
519501,dynamic,-2.6588,0.0711,3.2015,25.15,2.000,-0.2856,-1.6235,1.6485,0.3822,1.6035,0.000,1,SEARCH,0.0000,0.0000,0.0000,-0.0000
519589,dynamic,-2.6588,0.0710,3.2014,25.80,2.000,-0.2869,-1.6263,1.6514,0.3836,1.6062,0.000,1,SEARCH,0.0000,0.0000,0.0000,-0.0000
519691,dynamic,-2.6591,0.0710,3.2014,25.80,2.000,-0.2869,-1.6263,1.6514,0.3836,1.6062,0.000,1,SEARCH,0.0000,0.0000,0.0000,-0.0000
519790,dynamic,-2.6593,0.0708,3.2014,25.80,2.000,-0.2869,-1.6263,1.6514,0.3836,1.6062,0.000,1,SEARCH,0.0000,0.0000,0.0000,-0.0000
519891,dynamic,-2.6595,0.0706,3.2015,25.80,2.000,-0.2869,-1.6263,1.6514,0.3836,1.6062,0.000,1,SEARCH,0.0000,0.0000,0.0000,-0.0000
519991,dynamic,-2.6595,0.0706,3.2014,25.80,2.000,-0.2869,-1.6263,1.6514,0.3836,1.6063,0.000,1,SEARCH,0.0000,0.0000,0.0000,-0.0000
520093,dynamic,-2.6594,0.0707,3.2014,25.80,2.000,-0.2869,-1.6263,1.6514,0.3836,1.6063,0.000,1,SEARCH,0.0000,0.0000,0.0000,-0.0000
520199,dynamic,-2.6592,0.0711,3.2014,25.80,2.000,-0.2869,-1.6263,1.6514,0.3836,1.6063,0.000,1,SEARCH,0.0000,0.0000,0.0000,-0.0000
520290,dynamic,-2.6588,0.0717,3.2014,32.45,2.000,-0.3997,-1.9589,1.9993,0.5161,1.9315,0.000,1,SEARCH,0.0000,0.0000,0.0000,-0.0000
520391,dynamic,-2.6585,0.0719,3.2014,32.45,2.000,-0.3997,-1.9589,1.9993,0.5161,1.9315,0.000,1,SEARCH,0.0000,0.0000,0.0000,-0.0000
520492,dynamic,-2.6582,0.0721,3.2014,32.45,2.000,-0.3997,-1.9589,1.9993,0.5161,1.9315,0.000,1,SEARCH,0.0000,0.0000,0.0000,-0.0000
520591,dynamic,-2.6571,0.0723,3.2014,32.45,2.000,-0.3997,-1.9589,1.9993,0.5160,1.9315,0.000,1,SEARCH,0.0000,0.0000,0.0000,-0.0000
520696,dynamic,-2.6560,0.0726,3.2014,32.45,2.000,-0.3997,-1.9589,1.9993,0.5160,1.9315,0.000,1,SEARCH,0.0000,0.0000,0.0000,-0.0000
520792,dynamic,-2.6547,0.0723,3.2014,32.45,2.000,-0.4014,-1.9670,2.0075,0.5183,1.9394,0.000,1,SEARCH,0.0000,0.0000,0.0000,-0.0000
520893,dynamic,-2.6537,0.0720,3.2014,32.45,2.000,-0.4014,-1.9670,2.0075,0.5182,1.9395,0.000,1,SEARCH,0.0000,0.0000,0.0000,-0.0000
520992,dynamic,-2.6539,0.0722,3.2014,32.45,2.000,-0.4014,-1.9670,2.0075,0.5183,1.9394,0.000,1,SEARCH,0.0000,0.0000,0.0000,-0.0000
521093,dynamic,-2.6544,0.0726,3.2014,32.45,2.000,-0.4014,-1.9670,2.0075,0.5183,1.9394,0.000,1,SEARCH,0.0000,0.0000,0.0000,-0.0000
521193,dynamic,-2.6547,0.0728,3.2014,32.45,2.000,-0.4014,-1.9670,2.0075,0.5182,1.9395,0.000,1,SEARCH,0.0000,0.0000,0.0000,-0.0000
521291,dynamic,-2.6550,0.0730,3.2014,32.45,2.000,-0.4014,-1.9670,2.0075,0.5182,1.9395,0.000,1,SEARCH,0.0000,0.0000,0.0000,-0.0000
521393,dynamic,-2.6541,0.0729,3.2014,32.88,2.000,-0.3988,-1.9700,2.0100,0.5158,1.9426,0.000,1,SEARCH,0.0000,0.0000,0.0000,-0.0000
521491,dynamic,-2.6528,0.0729,3.2014,32.88,2.000,-0.3988,-1.9700,2.0100,0.5158,1.9427,0.000,1,SEARCH,0.0000,0.0000,0.0000,-0.0000
521589,dynamic,-2.6516,0.0730,3.2013,32.88,2.000,-0.3988,-1.9700,2.0100,0.5158,1.9427,0.000,1,SEARCH,0.0000,0.0000,0.0000,-0.0000
521695,dynamic,-2.6506,0.0733,3.2013,32.88,2.000,-0.3988,-1.9700,2.0100,0.5157,1.9427,0.000,1,SEARCH,0.0000,0.0000,0.0000,-0.0000
521789,dynamic,-2.6498,0.0734,3.2013,32.88,2.000,-0.3988,-1.9700,2.0100,0.5157,1.9427,0.000,1,SEARCH,0.0000,0.0000,0.0000,-0.0000
521898,dynamic,-2.6493,0.0736,3.2013,32.88,2.000,-0.3988,-1.9700,2.0100,0.5157,1.9427,0.000,1,SEARCH,0.0000,0.0000,0.0000,-0.0000
521990,dynamic,-2.6480,0.0735,3.2013,26.11,2.000,-0.2907,-1.6523,1.6777,0.3888,1.6320,0.000,1,SEARCH,0.0000,0.0000,0.0000,-0.0000
522091,dynamic,-2.6469,0.0735,3.2013,26.11,2.000,-0.2907,-1.6523,1.6777,0.3888,1.6320,0.000,1,SEARCH,0.0000,0.0000,0.0000,-0.0000
522190,dynamic,-2.6465,0.0733,3.2013,26.11,2.000,-0.2907,-1.6523,1.6777,0.3888,1.6320,0.000,1,SEARCH,0.0000,0.0000,0.0000,-0.0000
522292,dynamic,-2.6462,0.0733,3.2013,26.11,2.000,-0.2907,-1.6523,1.6777,0.3887,1.6320,0.000,1,SEARCH,0.0000,0.0000,0.0000,-0.0000
522399,dynamic,-2.6454,0.0733,3.2013,26.11,2.000,-0.2907,-1.6523,1.6777,0.3888,1.6320,0.000,1,SEARCH,0.0000,0.0000,0.0000,-0.0000
522492,dynamic,-2.6446,0.0733,3.2013,26.11,2.000,-0.2907,-1.6523,1.6777,0.3887,1.6320,0.000,1,SEARCH,0.0000,0.0000,0.0000,-0.0000
522593,dynamic,-2.6443,0.0731,3.2013,32.67,2.000,-0.4058,-1.9931,2.0340,0.5239,1.9654,0.000,1,SEARCH,0.0000,0.0000,0.0000,-0.0000
522693,dynamic,-2.6440,0.0730,3.2013,32.67,2.000,-0.4058,-1.9931,2.0340,0.5239,1.9654,0.000,1,SEARCH,0.0000,0.0000,0.0000,-0.0000
522792,dynamic,-2.6443,0.0730,3.2013,32.67,2.000,-0.4058,-1.9931,2.0340,0.5239,1.9654,0.000,1,SEARCH,0.0000,0.0000,0.0000,-0.0000
522891,dynamic,-2.6448,0.0732,3.2013,32.67,2.000,-0.4058,-1.9931,2.0340,0.5239,1.9654,0.000,1,SEARCH,0.0000,0.0000,0.0000,-0.0000
523002,dynamic,-2.6449,0.0731,3.2012,32.67,2.000,-0.4058,-1.9931,2.0340,0.5239,1.9654,0.000,1,SEARCH,0.0000,0.0000,0.0000,-0.0000
523090,dynamic,-2.6451,0.0731,3.2012,25.46,2.000,-0.2930,-1.6646,1.6902,0.3918,1.6442,0.000,1,SEARCH,0.0000,0.0000,0.0000,-0.0000
523193,dynamic,-2.6458,0.0731,3.2012,25.46,2.000,-0.2930,-1.6646,1.6902,0.3917,1.6442,0.000,1,SEARCH,0.0000,0.0000,0.0000,-0.0000
523292,dynamic,-2.6466,0.0732,3.2012,25.46,2.000,-0.2930,-1.6646,1.6902,0.3918,1.6442,0.000,1,SEARCH,0.0000,0.0000,0.0000,-0.0000
523390,dynamic,-2.6471,0.0728,3.2012,25.46,2.000,-0.2930,-1.6646,1.6902,0.3918,1.6442,0.000,1,SEARCH,0.0000,0.0000,0.0000,-0.0000
523492,dynamic,-2.6475,0.0725,3.2012,25.46,2.000,-0.2930,-1.6646,1.6902,0.3917,1.6442,0.000,1,SEARCH,0.0000,0.0000,0.0000,-0.0000
523602,dynamic,-2.6481,0.0724,3.2013,25.46,2.000,-0.2930,-1.6646,1.6902,0.3918,1.6442,0.000,1,SEARCH,0.0000,0.0000,0.0000,-0.0000
523691,dynamic,-2.6488,0.0726,3.2013,32.89,2.000,-0.4086,-2.0121,2.0531,0.5279,1.9841,0.000,1,SEARCH,0.0000,0.0000,0.0000,-0.0000
523789,dynamic,-2.6486,0.0719,3.2013,32.89,2.000,-0.4086,-2.0121,2.0531,0.5279,1.9841,0.000,1,SEARCH,0.0000,0.0000,0.0000,-0.0000
523892,dynamic,-2.6484,0.0713,3.2013,32.89,2.000,-0.4086,-2.0121,2.0531,0.5279,1.9841,0.000,1,SEARCH,0.0000,0.0000,0.0000,-0.0000
523990,dynamic,-2.6485,0.0712,3.2013,32.89,2.000,-0.4086,-2.0121,2.0531,0.5279,1.9841,0.000,1,SEARCH,0.0000,0.0000,0.0000,-0.0000
524090,dynamic,-2.6487,0.0714,3.2013,32.89,2.000,-0.4086,-2.0121,2.0531,0.5279,1.9841,0.000,1,SEARCH,0.0000,0.0000,0.0000,-0.0000
524196,dynamic,-2.6490,0.0714,3.2013,32.89,2.000,-0.4086,-2.0121,2.0531,0.5279,1.9841,0.000,1,SEARCH,0.0000,0.0000,0.0000,-0.0000
524292,dynamic,-2.6494,0.0714,3.2013,32.68,2.000,-0.4101,-2.0107,2.0521,0.5293,1.9826,0.000,1,SEARCH,0.0000,0.0000,0.0000,-0.0000
524392,dynamic,-2.6497,0.0714,3.2013,32.68,2.000,-0.4101,-2.0107,2.0521,0.5293,1.9826,0.000,1,SEARCH,0.0000,0.0000,0.0000,-0.0000
524493,dynamic,-2.6501,0.0715,3.2013,32.68,2.000,-0.4101,-2.0107,2.0521,0.5293,1.9826,0.000,1,SEARCH,0.0000,0.0000,0.0000,-0.0000
524593,dynamic,-2.6501,0.0710,3.2013,32.68,2.000,-0.4101,-2.0107,2.0521,0.5293,1.9826,0.000,1,SEARCH,0.0000,0.0000,0.0000,-0.0000
524695,dynamic,-2.6501,0.0707,3.2013,32.68,2.000,-0.4101,-2.0107,2.0521,0.5294,1.9826,0.000,1,SEARCH,0.0000,0.0000,0.0000,-0.0000
524794,dynamic,-2.6506,0.0708,3.2013,32.68,2.000,-0.4101,-2.0107,2.0521,0.5294,1.9826,0.000,1,SEARCH,0.0000,0.0000,0.0000,-0.0000
524890,dynamic,-2.6511,0.0710,3.2013,25.45,2.000,-0.2929,-1.6647,1.6903,0.3917,1.6442,0.000,1,SEARCH,0.0000,0.0000,0.0000,-0.0000
524994,dynamic,-2.6515,0.0716,3.2013,25.45,2.000,-0.2929,-1.6647,1.6903,0.3917,1.6442,0.000,1,SEARCH,0.0000,0.0000,0.0000,-0.0000
525092,dynamic,-2.6519,0.0722,3.2014,25.45,2.000,-0.2929,-1.6647,1.6903,0.3918,1.6442,0.000,1,SEARCH,0.0000,0.0000,0.0000,-0.0000
525195,dynamic,-2.6522,0.0728,3.2014,25.45,2.000,-0.2929,-1.6647,1.6903,0.3918,1.6442,0.000,1,SEARCH,0.0000,0.0000,0.0000,-0.0000
525297,dynamic,-2.6524,0.0734,3.2014,25.45,2.000,-0.2929,-1.6647,1.6903,0.3918,1.6442,0.000,1,SEARCH,0.0000,0.0000,0.0000,-0.0000
525391,dynamic,-2.6530,0.0739,3.2013,32.68,2.000,-0.4065,-1.9939,2.0349,0.5249,1.9661,0.000,1,SEARCH,0.0000,0.0000,0.0000,-0.0000
525490,dynamic,-2.6537,0.0743,3.2013,32.68,2.000,-0.4065,-1.9939,2.0349,0.5248,1.9661,0.000,1,SEARCH,0.0000,0.0000,0.0000,-0.0000
525589,dynamic,-2.6539,0.0741,3.2013,32.68,2.000,-0.4065,-1.9939,2.0349,0.5247,1.9661,0.000,1,SEARCH,0.0000,0.0000,0.0000,-0.0000
525690,dynamic,-2.6540,0.0740,3.2013,32.68,2.000,-0.4065,-1.9939,2.0349,0.5247,1.9661,0.000,1,SEARCH,0.0000,0.0000,0.0000,-0.0000
525790,dynamic,-2.6546,0.0738,3.2013,32.68,2.000,-0.4065,-1.9939,2.0349,0.5247,1.9661,0.000,1,SEARCH,0.0000,0.0000,0.0000,-0.0000
525898,dynamic,-2.6553,0.0739,3.2012,32.68,2.000,-0.4065,-1.9939,2.0349,0.5247,1.9661,0.000,1,SEARCH,0.0000,0.0000,0.0000,-0.0000
525993,dynamic,-2.6559,0.0742,3.2012,32.89,2.000,-0.4014,-1.9745,2.0149,0.5184,1.9471,0.000,1,SEARCH,0.0000,0.0000,0.0000,-0.0000
526092,dynamic,-2.6564,0.0746,3.2012,32.89,2.000,-0.4014,-1.9745,2.0149,0.5184,1.9471,0.000,1,SEARCH,0.0000,0.0000,0.0000,-0.0000
526191,dynamic,-2.6562,0.0746,3.2012,32.89,2.000,-0.4014,-1.9745,2.0149,0.5184,1.9471,0.000,1,SEARCH,0.0000,0.0000,0.0000,-0.0000
526290,dynamic,-2.6561,0.0746,3.2012,32.89,2.000,-0.4014,-1.9745,2.0149,0.5184,1.9471,0.000,1,SEARCH,0.0000,0.0000,0.0000,-0.0000
526392,dynamic,-2.6558,0.0746,3.2013,32.89,2.000,-0.4014,-1.9745,2.0149,0.5184,1.9471,0.000,1,SEARCH,0.0000,0.0000,0.0000,-0.0000
526504,dynamic,-2.6556,0.0746,3.2012,32.89,2.000,-0.4014,-1.9745,2.0149,0.5184,1.9471,0.000,1,SEARCH,0.0000,0.0000,0.0000,-0.0000
526591,dynamic,-2.6556,0.0745,3.2012,25.77,2.000,-0.2870,-1.6362,1.6612,0.3840,1.6162,0.000,1,SEARCH,0.0000,0.0000,0.0000,-0.0000
526693,dynamic,-2.6558,0.0744,3.2012,25.77,2.000,-0.2870,-1.6362,1.6612,0.3840,1.6162,0.000,1,SEARCH,0.0000,0.0000,0.0000,-0.0000
526791,dynamic,-2.6561,0.0747,3.2012,25.77,2.000,-0.2870,-1.6362,1.6612,0.3839,1.6162,0.000,1,SEARCH,0.0000,0.0000,0.0000,-0.0000
526892,dynamic,-2.6565,0.0751,3.2012,25.77,2.000,-0.2870,-1.6362,1.6612,0.3839,1.6162,0.000,1,SEARCH,0.0000,0.0000,0.0000,-0.0000
526991,dynamic,-2.6565,0.0749,3.2012,25.77,2.000,-0.2870,-1.6362,1.6612,0.3839,1.6162,0.000,1,SEARCH,0.0000,0.0000,0.0000,-0.0000
527102,dynamic,-2.6565,0.0747,3.2012,25.77,2.000,-0.2870,-1.6362,1.6612,0.3839,1.6162,0.000,1,SEARCH,0.0000,0.0000,0.0000,-0.0000
527192,dynamic,-2.6564,0.0742,3.2012,32.67,2.000,-0.3994,-1.9624,2.0026,0.5156,1.9351,0.000,1,SEARCH,0.0000,0.0000,0.0000,-0.0000
527296,dynamic,-2.6564,0.0738,3.2012,32.67,2.000,-0.3994,-1.9624,2.0026,0.5156,1.9351,0.000,1,SEARCH,0.0000,0.0000,0.0000,-0.0000
527394,dynamic,-2.6561,0.0737,3.2012,32.67,2.000,-0.3994,-1.9624,2.0026,0.5156,1.9351,0.000,1,SEARCH,0.0000,0.0000,0.0000,-0.0000
527491,dynamic,-2.6558,0.0738,3.2012,32.67,2.000,-0.3994,-1.9624,2.0026,0.5156,1.9351,0.000,1,SEARCH,0.0000,0.0000,0.0000,-0.0000
527597,dynamic,-2.6549,0.0735,3.2012,32.67,2.000,-0.3994,-1.9624,2.0026,0.5156,1.9351,0.000,1,SEARCH,0.0000,0.0000,0.0000,-0.0000
527700,dynamic,-2.6541,0.0732,3.2012,32.67,2.000,-0.3994,-1.9624,2.0026,0.5156,1.9351,0.000,1,SEARCH,0.0000,0.0000,0.0000,-0.0000
527794,dynamic,-2.6543,0.0737,3.2012,25.49,2.000,-0.2841,-1.6250,1.6497,0.3805,1.6052,0.000,1,SEARCH,0.0000,0.0000,0.0000,-0.0000
527893,dynamic,-2.6547,0.0743,3.2012,25.49,2.000,-0.2841,-1.6250,1.6497,0.3805,1.6052,0.000,1,SEARCH,0.0000,0.0000,0.0000,-0.0000
527993,dynamic,-2.6553,0.0740,3.2012,25.49,2.000,-0.2841,-1.6250,1.6497,0.3804,1.6052,0.000,1,SEARCH,0.0000,0.0000,0.0000,-0.0000
528092,dynamic,-2.6558,0.0737,3.2012,25.49,2.000,-0.2841,-1.6250,1.6497,0.3804,1.6052,0.000,1,SEARCH,0.0000,0.0000,0.0000,-0.0000
528195,dynamic,-2.6557,0.0739,3.2012,25.49,2.000,-0.2841,-1.6250,1.6497,0.3804,1.6052,0.000,1,SEARCH,0.0000,0.0000,0.0000,-0.0000
528290,dynamic,-2.6557,0.0741,3.2012,25.49,2.000,-0.2841,-1.6250,1.6497,0.3804,1.6052,0.000,1,SEARCH,0.0000,0.0000,0.0000,-0.0000
528397,dynamic,-2.6563,0.0743,3.2012,25.80,2.000,-0.2836,-1.6230,1.6476,0.3797,1.6032,0.000,1,SEARCH,0.0000,0.0000,0.0000,-0.0000
528492,dynamic,-2.6569,0.0746,3.2011,25.80,2.000,-0.2836,-1.6230,1.6476,0.3797,1.6032,0.000,1,SEARCH,0.0000,0.0000,0.0000,-0.0000
528593,dynamic,-2.6563,0.0741,3.2011,25.80,2.000,-0.2836,-1.6230,1.6476,0.3797,1.6032,0.000,1,SEARCH,0.0000,0.0000,0.0000,-0.0000
528694,dynamic,-2.6557,0.0738,3.2012,25.80,2.000,-0.2836,-1.6230,1.6476,0.3797,1.6032,0.000,1,SEARCH,0.0000,0.0000,0.0000,-0.0000
528794,dynamic,-2.6551,0.0735,3.2011,25.80,2.000,-0.2836,-1.6230,1.6476,0.3796,1.6032,0.000,1,SEARCH,0.0000,0.0000,0.0000,-0.0000
528894,dynamic,-2.6544,0.0734,3.2011,25.80,2.000,-0.2836,-1.6230,1.6476,0.3796,1.6032,0.000,1,SEARCH,0.0000,0.0000,0.0000,-0.0000
528992,dynamic,-2.6536,0.0731,3.2011,26.08,2.000,-0.2826,-1.6240,1.6484,0.3786,1.6044,0.000,1,SEARCH,0.0000,0.0000,0.0000,-0.0000
529092,dynamic,-2.6529,0.0729,3.2011,26.08,2.000,-0.2826,-1.6240,1.6484,0.3786,1.6044,0.000,1,SEARCH,0.0000,0.0000,0.0000,-0.0000
529197,dynamic,-2.6528,0.0730,3.2010,26.08,2.000,-0.2826,-1.6240,1.6484,0.3786,1.6044,0.000,1,SEARCH,0.0000,0.0000,0.0000,-0.0000
529295,dynamic,-2.6528,0.0732,3.2011,26.08,2.000,-0.2826,-1.6240,1.6484,0.3786,1.6044,0.000,1,SEARCH,0.0000,0.0000,0.0000,-0.0000
529393,dynamic,-2.6517,0.0729,3.2010,26.08,2.000,-0.2826,-1.6240,1.6484,0.3786,1.6044,0.000,1,SEARCH,0.0000,0.0000,0.0000,-0.0000
529493,dynamic,-2.6504,0.0725,3.2010,26.08,2.000,-0.2826,-1.6240,1.6484,0.3786,1.6044,0.000,1,SEARCH,0.0000,0.0000,0.0000,-0.0000
529594,dynamic,-2.6508,0.0726,3.2010,25.80,2.000,-0.2837,-1.6214,1.6461,0.3795,1.6017,0.000,1,SEARCH,0.0000,0.0000,0.0000,-0.0000
529696,dynamic,-2.6516,0.0729,3.2010,25.80,2.000,-0.2837,-1.6214,1.6461,0.3795,1.6017,0.000,1,SEARCH,0.0000,0.0000,0.0000,-0.0000
529796,dynamic,-2.6517,0.0731,3.2010,25.80,2.000,-0.2837,-1.6214,1.6461,0.3794,1.6018,0.000,1,SEARCH,0.0000,0.0000,0.0000,-0.0000
529895,dynamic,-2.6516,0.0735,3.2010,25.80,2.000,-0.2837,-1.6214,1.6461,0.3794,1.6018,0.000,1,SEARCH,0.0000,0.0000,0.0000,-0.0000
529993,dynamic,-2.6515,0.0734,3.2010,25.80,2.000,-0.2837,-1.6214,1.6461,0.3795,1.6017,0.000,1,SEARCH,0.0000,0.0000,0.0000,-0.0000
530092,dynamic,-2.6514,0.0734,3.2010,25.80,2.000,-0.2837,-1.6214,1.6461,0.3794,1.6017,0.000,1,SEARCH,0.0000,0.0000,0.0000,-0.0000
530204,dynamic,-2.6520,0.0732,3.2010,25.80,2.000,-0.2837,-1.6214,1.6461,0.3795,1.6017,0.000,1,SEARCH,0.0000,0.0000,0.0000,-0.0000
530293,dynamic,-2.6527,0.0732,3.2010,32.92,2.000,-0.3958,-1.9509,1.9907,0.5110,1.9240,0.000,1,SEARCH,0.0000,0.0000,0.0000,-0.0000
530391,dynamic,-2.6529,0.0731,3.2011,32.92,2.000,-0.3958,-1.9509,1.9907,0.5110,1.9240,0.000,1,SEARCH,0.0000,0.0000,0.0000,-0.0000
530494,dynamic,-2.6531,0.0731,3.2011,32.92,2.000,-0.3958,-1.9509,1.9907,0.5111,1.9240,0.000,1,SEARCH,0.0000,0.0000,0.0000,-0.0000
530591,dynamic,-2.6532,0.0731,3.2011,32.92,2.000,-0.3958,-1.9509,1.9907,0.5111,1.9239,0.000,1,SEARCH,0.0000,0.0000,0.0000,-0.0000
530694,dynamic,-2.6533,0.0733,3.2011,32.92,2.000,-0.3958,-1.9509,1.9907,0.5111,1.9239,0.000,1,SEARCH,0.0000,0.0000,0.0000,-0.0000
530796,dynamic,-2.6524,0.0734,3.2011,32.92,2.000,-0.3958,-1.9509,1.9907,0.5111,1.9239,0.000,1,SEARCH,0.0000,0.0000,0.0000,-0.0000
530892,dynamic,-2.6516,0.0736,3.2011,32.92,2.000,-0.3958,-1.9509,1.9907,0.5111,1.9239,0.000,1,SEARCH,0.0000,0.0000,0.0000,-0.0000
530992,dynamic,-2.6515,0.0736,3.2011,32.92,2.000,-0.3958,-1.9509,1.9907,0.5111,1.9239,0.000,1,SEARCH,0.0000,0.0000,0.0000,-0.0000
531092,dynamic,-2.6515,0.0736,3.2010,32.92,2.000,-0.3959,-1.9517,1.9915,0.5112,1.9248,0.000,1,SEARCH,0.0000,0.0000,0.0000,-0.0000
531198,dynamic,-2.6520,0.0732,3.2010,32.92,2.000,-0.3959,-1.9517,1.9915,0.5111,1.9248,0.000,1,SEARCH,0.0000,0.0000,0.0000,-0.0000
531293,dynamic,-2.6526,0.0728,3.2010,32.92,2.000,-0.3959,-1.9517,1.9915,0.5111,1.9248,0.000,1,SEARCH,0.0000,0.0000,0.0000,-0.0000
531392,dynamic,-2.6521,0.0724,3.2010,32.92,2.000,-0.3959,-1.9517,1.9915,0.5111,1.9248,0.000,1,SEARCH,0.0000,0.0000,0.0000,-0.0000
531495,dynamic,-2.6513,0.0722,3.2011,32.92,2.000,-0.3959,-1.9517,1.9915,0.5112,1.9247,0.000,1,SEARCH,0.0000,0.0000,0.0000,-0.0000
531592,dynamic,-2.6512,0.0719,3.2011,32.92,2.000,-0.3959,-1.9517,1.9915,0.5113,1.9247,0.000,1,SEARCH,0.0000,0.0000,0.0000,-0.0000
531692,dynamic,-2.6512,0.0719,3.2011,32.92,2.000,-0.3959,-1.9517,1.9915,0.5112,1.9247,0.000,1,SEARCH,0.0000,0.0000,0.0000,-0.0000
531792,dynamic,-2.6512,0.0714,3.2011,32.90,2.000,-0.4011,-1.9698,2.0103,0.5175,1.9425,0.000,1,SEARCH,0.0000,0.0000,0.0000,-0.0000
531893,dynamic,-2.6512,0.0711,3.2011,32.90,2.000,-0.4011,-1.9698,2.0103,0.5176,1.9425,0.000,1,SEARCH,0.0000,0.0000,0.0000,-0.0000
531992,dynamic,-2.6524,0.0703,3.2011,32.90,2.000,-0.4011,-1.9698,2.0103,0.5176,1.9425,0.000,1,SEARCH,0.0000,0.0000,0.0000,-0.0000
532096,dynamic,-2.6535,0.0698,3.2011,32.90,2.000,-0.4011,-1.9698,2.0103,0.5176,1.9425,0.000,1,SEARCH,0.0000,0.0000,0.0000,-0.0000
532194,dynamic,-2.6541,0.0696,3.2011,32.90,2.000,-0.4011,-1.9698,2.0103,0.5175,1.9425,0.000,1,SEARCH,0.0000,0.0000,0.0000,-0.0000
532290,dynamic,-2.6545,0.0696,3.2011,32.90,2.000,-0.4011,-1.9698,2.0103,0.5175,1.9425,0.000,1,SEARCH,0.0000,0.0000,0.0000,-0.0000
532393,dynamic,-2.6545,0.0696,3.2011,32.90,2.000,-0.4011,-1.9698,2.0103,0.5175,1.9425,0.000,1,SEARCH,0.0000,0.0000,0.0000,-0.0000
532498,dynamic,-2.6545,0.0696,3.2011,25.77,2.000,-0.2896,-1.6486,1.6739,0.3871,1.6285,0.000,1,SEARCH,0.0000,0.0000,0.0000,-0.0000
532593,dynamic,-2.6546,0.0694,3.2011,25.77,2.000,-0.2896,-1.6486,1.6739,0.3871,1.6285,0.000,1,SEARCH,0.0000,0.0000,0.0000,-0.0000
532693,dynamic,-2.6548,0.0693,3.2011,25.77,2.000,-0.2896,-1.6486,1.6739,0.3872,1.6285,0.000,1,SEARCH,0.0000,0.0000,0.0000,-0.0000
532794,dynamic,-2.6556,0.0691,3.2011,25.77,2.000,-0.2896,-1.6486,1.6739,0.3872,1.6285,0.000,1,SEARCH,0.0000,0.0000,0.0000,-0.0000
532897,dynamic,-2.6564,0.0690,3.2011,25.77,2.000,-0.2896,-1.6486,1.6739,0.3872,1.6285,0.000,1,SEARCH,0.0000,0.0000,0.0000,-0.0000
532991,dynamic,-2.6563,0.0689,3.2011,25.77,2.000,-0.2896,-1.6486,1.6739,0.3872,1.6285,0.000,1,SEARCH,0.0000,0.0000,0.0000,-0.0000
533093,dynamic,-2.6561,0.0689,3.2011,25.77,2.000,-0.2896,-1.6486,1.6739,0.3872,1.6285,0.000,1,SEARCH,0.0000,0.0000,0.0000,-0.0000
533197,dynamic,-2.6563,0.0687,3.2011,25.77,2.000,-0.2896,-1.6486,1.6739,0.3872,1.6285,0.000,1,SEARCH,0.0000,0.0000,0.0000,-0.0000
533291,dynamic,-2.6568,0.0684,3.2011,32.90,2.000,-0.4050,-1.9923,2.0330,0.5228,1.9646,0.000,1,SEARCH,0.0000,0.0000,0.0000,-0.0000
533396,dynamic,-2.6579,0.0683,3.2011,32.90,2.000,-0.4050,-1.9923,2.0330,0.5228,1.9646,0.000,1,SEARCH,0.0000,0.0000,0.0000,-0.0000
533493,dynamic,-2.6590,0.0684,3.2011,32.90,2.000,-0.4050,-1.9923,2.0330,0.5228,1.9647,0.000,1,SEARCH,0.0000,0.0000,0.0000,-0.0000
533593,dynamic,-2.6594,0.0683,3.2011,32.90,2.000,-0.4050,-1.9923,2.0330,0.5228,1.9646,0.000,1,SEARCH,0.0000,0.0000,0.0000,-0.0000
533690,dynamic,-2.6598,0.0684,3.2011,32.90,2.000,-0.4050,-1.9923,2.0330,0.5228,1.9646,0.000,1,SEARCH,0.0000,0.0000,0.0000,-0.0000
533793,dynamic,-2.6604,0.0685,3.2011,32.90,2.000,-0.4050,-1.9923,2.0330,0.5227,1.9647,0.000,1,SEARCH,0.0000,0.0000,0.0000,-0.0000
533891,dynamic,-2.6610,0.0688,3.2011,32.90,2.000,-0.4050,-1.9923,2.0330,0.5227,1.9647,0.000,1,SEARCH,0.0000,0.0000,0.0000,-0.0000
534001,dynamic,-2.6608,0.0689,3.2011,32.90,2.000,-0.4050,-1.9923,2.0330,0.5228,1.9646,0.000,1,SEARCH,0.0000,0.0000,0.0000,-0.0000
534090,dynamic,-2.6606,0.0692,3.2011,32.69,2.000,-0.4069,-1.9917,2.0329,0.5247,1.9640,0.000,1,SEARCH,0.0000,0.0000,0.0000,-0.0000
534190,dynamic,-2.6607,0.0688,3.2011,32.69,2.000,-0.4069,-1.9917,2.0329,0.5247,1.9640,0.000,1,SEARCH,0.0000,0.0000,0.0000,-0.0000
534291,dynamic,-2.6611,0.0684,3.2011,32.69,2.000,-0.4069,-1.9917,2.0329,0.5246,1.9640,0.000,1,SEARCH,0.0000,0.0000,0.0000,-0.0000
534390,dynamic,-2.6612,0.0686,3.2011,32.69,2.000,-0.4069,-1.9917,2.0329,0.5246,1.9640,0.000,1,SEARCH,0.0000,0.0000,0.0000,-0.0000
534490,dynamic,-2.6613,0.0692,3.2011,32.69,2.000,-0.4069,-1.9917,2.0329,0.5246,1.9640,0.000,1,SEARCH,0.0000,0.0000,0.0000,-0.0000
534590,dynamic,-2.6614,0.0695,3.2011,32.69,2.000,-0.4069,-1.9917,2.0329,0.5246,1.9640,0.000,1,SEARCH,0.0000,0.0000,0.0000,-0.0000
534691,dynamic,-2.6615,0.0700,3.2011,32.69,2.000,-0.4069,-1.9917,2.0329,0.5246,1.9640,0.000,1,SEARCH,0.0000,0.0000,0.0000,-0.0000
534791,dynamic,-2.6610,0.0701,3.2011,32.69,2.000,-0.4069,-1.9917,2.0329,0.5245,1.9640,0.000,1,SEARCH,0.0000,0.0000,0.0000,-0.0000
534906,dynamic,-2.6606,0.0703,3.2010,32.69,2.000,-0.4069,-1.9917,2.0329,0.5245,1.9641,0.000,1,SEARCH,0.0000,0.0000,0.0000,-0.0000
534990,dynamic,-2.6606,0.0705,3.2010,32.94,2.000,-0.4082,-1.9916,2.0330,0.5258,1.9639,0.000,1,SEARCH,0.0000,0.0000,0.0000,-0.0000
535094,dynamic,-2.6607,0.0707,3.2010,32.94,2.000,-0.4082,-1.9916,2.0330,0.5258,1.9639,0.000,1,SEARCH,0.0000,0.0000,0.0000,-0.0000
535191,dynamic,-2.6608,0.0710,3.2010,32.94,2.000,-0.4082,-1.9916,2.0330,0.5258,1.9639,0.000,1,SEARCH,0.0000,0.0000,0.0000,-0.0000
535291,dynamic,-2.6611,0.0714,3.2010,32.94,2.000,-0.4082,-1.9916,2.0330,0.5257,1.9639,0.000,1,SEARCH,0.0000,0.0000,0.0000,-0.0000
535390,dynamic,-2.6611,0.0717,3.2010,32.94,2.000,-0.4082,-1.9916,2.0330,0.5258,1.9639,0.000,1,SEARCH,0.0000,0.0000,0.0000,-0.0000
535490,dynamic,-2.6611,0.0722,3.2010,32.94,2.000,-0.4082,-1.9916,2.0330,0.5258,1.9639,0.000,1,SEARCH,0.0000,0.0000,0.0000,-0.0000
535591,dynamic,-2.6611,0.0722,3.2010,32.94,2.000,-0.4082,-1.9916,2.0330,0.5258,1.9639,0.000,1,SEARCH,0.0000,0.0000,0.0000,-0.0000
535690,dynamic,-2.6612,0.0724,3.2010,32.94,2.000,-0.4082,-1.9916,2.0330,0.5257,1.9639,0.000,1,SEARCH,0.0000,0.0000,0.0000,-0.0000
535790,dynamic,-2.6605,0.0726,3.2010,25.47,2.000,-0.2908,-1.6487,1.6742,0.3882,1.6286,0.000,1,SEARCH,0.0000,0.0000,0.0000,-0.0000
535890,dynamic,-2.6599,0.0730,3.2010,25.47,2.000,-0.2908,-1.6487,1.6742,0.3882,1.6286,0.000,1,SEARCH,0.0000,0.0000,0.0000,-0.0000
535990,dynamic,-2.6592,0.0728,3.2010,25.47,2.000,-0.2908,-1.6487,1.6742,0.3881,1.6286,0.000,1,SEARCH,0.0000,0.0000,0.0000,-0.0000
536090,dynamic,-2.6586,0.0726,3.2009,25.47,2.000,-0.2908,-1.6487,1.6742,0.3881,1.6286,0.000,1,SEARCH,0.0000,0.0000,0.0000,-0.0000
536195,dynamic,-2.6589,0.0729,3.2009,25.47,2.000,-0.2908,-1.6487,1.6742,0.3881,1.6286,0.000,1,SEARCH,0.0000,0.0000,0.0000,-0.0000
536293,dynamic,-2.6597,0.0736,3.2010,26.10,2.000,-0.2891,-1.6410,1.6663,0.3860,1.6210,0.000,1,SEARCH,0.0000,0.0000,0.0000,-0.0000
536389,dynamic,-2.6589,0.0739,3.2010,26.10,2.000,-0.2891,-1.6410,1.6663,0.3860,1.6210,0.000,1,SEARCH,0.0000,0.0000,0.0000,-0.0000
536490,dynamic,-2.6578,0.0743,3.2010,26.10,2.000,-0.2891,-1.6410,1.6663,0.3860,1.6210,0.000,1,SEARCH,0.0000,0.0000,0.0000,-0.0000
536589,dynamic,-2.6570,0.0744,3.2010,26.10,2.000,-0.2891,-1.6410,1.6663,0.3860,1.6209,0.000,1,SEARCH,0.0000,0.0000,0.0000,-0.0000
536690,dynamic,-2.6563,0.0747,3.2010,26.10,2.000,-0.2891,-1.6410,1.6663,0.3861,1.6209,0.000,1,SEARCH,0.0000,0.0000,0.0000,-0.0000
536790,dynamic,-2.6558,0.0748,3.2010,26.10,2.000,-0.2891,-1.6410,1.6663,0.3861,1.6209,0.000,1,SEARCH,0.0000,0.0000,0.0000,-0.0000
536900,dynamic,-2.6555,0.0750,3.2010,26.10,2.000,-0.2891,-1.6410,1.6663,0.3861,1.6209,0.000,1,SEARCH,0.0000,0.0000,0.0000,-0.0000
536990,dynamic,-2.6539,0.0748,3.2010,32.95,2.000,-0.4038,-1.9678,2.0088,0.5199,1.9403,0.000,1,SEARCH,0.0000,0.0000,0.0000,-0.0000
537089,dynamic,-2.6525,0.0748,3.2010,32.95,2.000,-0.4038,-1.9678,2.0088,0.5199,1.9403,0.000,1,SEARCH,0.0000,0.0000,0.0000,-0.0000
537190,dynamic,-2.6508,0.0748,3.2010,32.95,2.000,-0.4038,-1.9678,2.0088,0.5199,1.9403,0.000,1,SEARCH,0.0000,0.0000,0.0000,-0.0000
537290,dynamic,-2.6494,0.0751,3.2010,32.95,2.000,-0.4038,-1.9678,2.0088,0.5199,1.9403,0.000,1,SEARCH,0.0000,0.0000,0.0000,-0.0000
537390,dynamic,-2.6487,0.0752,3.2010,32.95,2.000,-0.4038,-1.9678,2.0088,0.5199,1.9403,0.000,1,SEARCH,0.0000,0.0000,0.0000,-0.0000
537505,dynamic,-2.6484,0.0753,3.2010,32.95,2.000,-0.4038,-1.9678,2.0088,0.5199,1.9403,0.000,1,SEARCH,0.0000,0.0000,0.0000,-0.0000
537590,dynamic,-2.6486,0.0752,3.2010,25.79,2.000,-0.2861,-1.6227,1.6477,0.3819,1.6029,0.000,1,SEARCH,0.0000,0.0000,0.0000,-0.0000
537690,dynamic,-2.6489,0.0752,3.2010,25.79,2.000,-0.2861,-1.6227,1.6477,0.3819,1.6029,0.000,1,SEARCH,0.0000,0.0000,0.0000,-0.0000
537790,dynamic,-2.6486,0.0754,3.2010,25.79,2.000,-0.2861,-1.6227,1.6477,0.3819,1.6029,0.000,1,SEARCH,0.0000,0.0000,0.0000,-0.0000
537890,dynamic,-2.6481,0.0757,3.2010,25.79,2.000,-0.2861,-1.6227,1.6477,0.3819,1.6029,0.000,1,SEARCH,0.0000,0.0000,0.0000,-0.0000
537990,dynamic,-2.6487,0.0756,3.2010,25.79,2.000,-0.2861,-1.6227,1.6477,0.3819,1.6029,0.000,1,SEARCH,0.0000,0.0000,0.0000,-0.0000
538098,dynamic,-2.6494,0.0756,3.2010,25.79,2.000,-0.2861,-1.6227,1.6477,0.3819,1.6029,0.000,1,SEARCH,0.0000,0.0000,0.0000,-0.0000
538190,dynamic,-2.6498,0.0755,3.2010,32.95,2.000,-0.3999,-1.9495,1.9901,0.5149,1.9223,0.000,1,SEARCH,0.0000,0.0000,0.0000,-0.0000
538290,dynamic,-2.6501,0.0756,3.2010,32.95,2.000,-0.3999,-1.9495,1.9901,0.5150,1.9223,0.000,1,SEARCH,0.0000,0.0000,0.0000,-0.0000
538389,dynamic,-2.6506,0.0756,3.2010,32.95,2.000,-0.3999,-1.9495,1.9901,0.5150,1.9223,0.000,1,SEARCH,0.0000,0.0000,0.0000,-0.0000
538490,dynamic,-2.6511,0.0757,3.2010,32.95,2.000,-0.3999,-1.9495,1.9901,0.5150,1.9223,0.000,1,SEARCH,0.0000,0.0000,0.0000,-0.0000
538589,dynamic,-2.6518,0.0757,3.2010,32.95,2.000,-0.3999,-1.9495,1.9901,0.5150,1.9223,0.000,1,SEARCH,0.0000,0.0000,0.0000,-0.0000
538696,dynamic,-2.6524,0.0758,3.2010,32.95,2.000,-0.3999,-1.9495,1.9901,0.5150,1.9223,0.000,1,SEARCH,0.0000,0.0000,0.0000,-0.0000
538790,dynamic,-2.6527,0.0759,3.2011,25.47,2.000,-0.2858,-1.6203,1.6453,0.3816,1.6004,0.000,1,SEARCH,0.0000,0.0000,0.0000,-0.0000
538890,dynamic,-2.6530,0.0759,3.2011,25.47,2.000,-0.2858,-1.6203,1.6453,0.3816,1.6004,0.000,1,SEARCH,0.0000,0.0000,0.0000,-0.0000
538989,dynamic,-2.6533,0.0759,3.2011,25.47,2.000,-0.2858,-1.6203,1.6453,0.3816,1.6004,0.000,1,SEARCH,0.0000,0.0000,0.0000,-0.0000
539089,dynamic,-2.6536,0.0759,3.2011,25.47,2.000,-0.2858,-1.6203,1.6453,0.3816,1.6004,0.000,1,SEARCH,0.0000,0.0000,0.0000,-0.0000
539189,dynamic,-2.6539,0.0756,3.2011,25.47,2.000,-0.2858,-1.6203,1.6453,0.3816,1.6004,0.000,1,SEARCH,0.0000,0.0000,0.0000,-0.0000
539300,dynamic,-2.6541,0.0756,3.2011,25.47,2.000,-0.2858,-1.6203,1.6453,0.3816,1.6004,0.000,1,SEARCH,0.0000,0.0000,0.0000,-0.0000
539389,dynamic,-2.6549,0.0756,3.2010,32.94,2.000,-0.4007,-1.9544,1.9951,0.5161,1.9272,0.000,1,SEARCH,0.0000,0.0000,0.0000,-0.0000
539490,dynamic,-2.6558,0.0758,3.2011,32.94,2.000,-0.4007,-1.9544,1.9951,0.5162,1.9271,0.000,1,SEARCH,0.0000,0.0000,0.0000,-0.0000
539589,dynamic,-2.6557,0.0756,3.2011,32.94,2.000,-0.4007,-1.9544,1.9951,0.5162,1.9271,0.000,1,SEARCH,0.0000,0.0000,0.0000,-0.0000
539689,dynamic,-2.6556,0.0756,3.2011,32.94,2.000,-0.4007,-1.9544,1.9951,0.5162,1.9271,0.000,1,SEARCH,0.0000,0.0000,0.0000,-0.0000
539789,dynamic,-2.6561,0.0752,3.2011,32.94,2.000,-0.4007,-1.9544,1.9951,0.5162,1.9271,0.000,1,SEARCH,0.0000,0.0000,0.0000,-0.0000
539889,dynamic,-2.6566,0.0750,3.2011,32.94,2.000,-0.4007,-1.9544,1.9951,0.5162,1.9271,0.000,1,SEARCH,0.0000,0.0000,0.0000,-0.0000
539989,dynamic,-2.6563,0.0746,3.2011,33.15,2.000,-0.4003,-1.9625,2.0029,0.5163,1.9353,0.000,1,SEARCH,0.0000,0.0000,0.0000,-0.0000
540089,dynamic,-2.6559,0.0743,3.2011,33.15,2.000,-0.4003,-1.9625,2.0029,0.5163,1.9353,0.000,1,SEARCH,0.0000,0.0000,0.0000,-0.0000
540190,dynamic,-2.6556,0.0739,3.2011,33.15,2.000,-0.4003,-1.9625,2.0029,0.5163,1.9353,0.000,1,SEARCH,0.0000,0.0000,0.0000,-0.0000
540289,dynamic,-2.6555,0.0736,3.2011,33.15,2.000,-0.4003,-1.9625,2.0029,0.5163,1.9352,0.000,1,SEARCH,0.0000,0.0000,0.0000,-0.0000
540392,dynamic,-2.6558,0.0735,3.2011,33.15,2.000,-0.4003,-1.9625,2.0029,0.5163,1.9353,0.000,1,SEARCH,0.0000,0.0000,0.0000,-0.0000
540490,dynamic,-2.6565,0.0733,3.2011,33.15,2.000,-0.4003,-1.9625,2.0029,0.5163,1.9353,0.000,1,SEARCH,0.0000,0.0000,0.0000,-0.0000
540589,dynamic,-2.6568,0.0730,3.2011,33.15,2.000,-0.4016,-1.9692,2.0097,0.5180,1.9418,0.000,1,SEARCH,0.0000,0.0000,0.0000,-0.0000
540689,dynamic,-2.6571,0.0728,3.2011,33.15,2.000,-0.4016,-1.9692,2.0097,0.5180,1.9418,0.000,1,SEARCH,0.0000,0.0000,0.0000,-0.0000
540789,dynamic,-2.6580,0.0725,3.2011,33.15,2.000,-0.4016,-1.9692,2.0097,0.5180,1.9418,0.000,1,SEARCH,0.0000,0.0000,0.0000,-0.0000
540889,dynamic,-2.6589,0.0723,3.2011,33.15,2.000,-0.4016,-1.9692,2.0097,0.5180,1.9418,0.000,1,SEARCH,0.0000,0.0000,0.0000,-0.0000
540991,dynamic,-2.6595,0.0718,3.2011,33.15,2.000,-0.4016,-1.9692,2.0097,0.5181,1.9418,0.000,1,SEARCH,0.0000,0.0000,0.0000,-0.0000
541089,dynamic,-2.6601,0.0714,3.2011,32.94,2.000,-0.4047,-1.9751,2.0161,0.5215,1.9475,0.000,1,SEARCH,0.0000,0.0000,0.0000,-0.0000
541189,dynamic,-2.6601,0.0713,3.2011,32.94,2.000,-0.4047,-1.9751,2.0161,0.5215,1.9475,0.000,1,SEARCH,0.0000,0.0000,0.0000,-0.0000
541289,dynamic,-2.6599,0.0713,3.2011,32.94,2.000,-0.4047,-1.9751,2.0161,0.5215,1.9475,0.000,1,SEARCH,0.0000,0.0000,0.0000,-0.0000
541389,dynamic,-2.6592,0.0713,3.2011,32.94,2.000,-0.4047,-1.9751,2.0161,0.5215,1.9475,0.000,1,SEARCH,0.0000,0.0000,0.0000,-0.0000
541489,dynamic,-2.6584,0.0713,3.2011,32.94,2.000,-0.4047,-1.9751,2.0161,0.5215,1.9475,0.000,1,SEARCH,0.0000,0.0000,0.0000,-0.0000
541597,dynamic,-2.6580,0.0711,3.2011,32.94,2.000,-0.4047,-1.9751,2.0161,0.5215,1.9475,0.000,1,SEARCH,0.0000,0.0000,0.0000,-0.0000
541689,dynamic,-2.6574,0.0710,3.2011,33.15,2.000,-0.4031,-1.9769,2.0176,0.5199,1.9495,0.000,1,SEARCH,0.0000,0.0000,0.0000,-0.0000
541789,dynamic,-2.6566,0.0714,3.2011,33.15,2.000,-0.4031,-1.9769,2.0176,0.5199,1.9495,0.000,1,SEARCH,0.0000,0.0000,0.0000,-0.0000
541889,dynamic,-2.6560,0.0720,3.2011,33.15,2.000,-0.4031,-1.9769,2.0176,0.5199,1.9495,0.000,1,SEARCH,0.0000,0.0000,0.0000,-0.0000
541989,dynamic,-2.6557,0.0726,3.2011,33.15,2.000,-0.4031,-1.9769,2.0176,0.5199,1.9495,0.000,1,SEARCH,0.0000,0.0000,0.0000,-0.0000
542089,dynamic,-2.6555,0.0732,3.2011,33.15,2.000,-0.4031,-1.9769,2.0176,0.5200,1.9495,0.000,1,SEARCH,0.0000,0.0000,0.0000,-0.0000
542199,dynamic,-2.6558,0.0733,3.2011,33.15,2.000,-0.4031,-1.9769,2.0176,0.5199,1.9495,0.000,1,SEARCH,0.0000,0.0000,0.0000,-0.0000
542289,dynamic,-2.6562,0.0735,3.2011,26.09,2.000,-0.2891,-1.6431,1.6684,0.3863,1.6230,0.000,1,SEARCH,0.0000,0.0000,0.0000,-0.0000
542389,dynamic,-2.6561,0.0737,3.2011,26.09,2.000,-0.2891,-1.6431,1.6684,0.3863,1.6230,0.000,1,SEARCH,0.0000,0.0000,0.0000,-0.0000
542489,dynamic,-2.6559,0.0741,3.2011,26.09,2.000,-0.2891,-1.6431,1.6684,0.3863,1.6230,0.000,1,SEARCH,0.0000,0.0000,0.0000,-0.0000
542590,dynamic,-2.6564,0.0743,3.2011,26.09,2.000,-0.2891,-1.6431,1.6684,0.3863,1.6230,0.000,1,SEARCH,0.0000,0.0000,0.0000,-0.0000
542689,dynamic,-2.6569,0.0746,3.2011,26.09,2.000,-0.2891,-1.6431,1.6684,0.3864,1.6230,0.000,1,SEARCH,0.0000,0.0000,0.0000,-0.0000
542791,dynamic,-2.6574,0.0749,3.2012,32.69,2.000,-0.4040,-1.9773,2.0182,0.5210,1.9498,0.000,1,SEARCH,0.0000,0.0000,0.0000,-0.0000
542889,dynamic,-2.6577,0.0751,3.2012,32.69,2.000,-0.4040,-1.9773,2.0182,0.5210,1.9498,0.000,1,SEARCH,0.0000,0.0000,0.0000,-0.0000
542990,dynamic,-2.6577,0.0749,3.2012,32.69,2.000,-0.4040,-1.9773,2.0182,0.5211,1.9498,0.000,1,SEARCH,0.0000,0.0000,0.0000,-0.0000
543089,dynamic,-2.6577,0.0748,3.2012,32.69,2.000,-0.4040,-1.9773,2.0182,0.5211,1.9498,0.000,1,SEARCH,0.0000,0.0000,0.0000,-0.0000
543189,dynamic,-2.6576,0.0749,3.2012,32.69,2.000,-0.4040,-1.9773,2.0182,0.5210,1.9498,0.000,1,SEARCH,0.0000,0.0000,0.0000,-0.0000
543291,dynamic,-2.6576,0.0751,3.2012,32.69,2.000,-0.4040,-1.9773,2.0182,0.5210,1.9498,0.000,1,SEARCH,0.0000,0.0000,0.0000,-0.0000
543389,dynamic,-2.6573,0.0750,3.2012,32.69,2.000,-0.4040,-1.9773,2.0182,0.5210,1.9498,0.000,1,SEARCH,0.0000,0.0000,0.0000,-0.0000
543489,dynamic,-2.6570,0.0749,3.2012,32.95,2.000,-0.4057,-1.9802,2.0213,0.5229,1.9525,0.000,1,SEARCH,0.0000,0.0000,0.0000,-0.0000
543589,dynamic,-2.6567,0.0748,3.2012,32.95,2.000,-0.4057,-1.9802,2.0213,0.5230,1.9525,0.000,1,SEARCH,0.0000,0.0000,0.0000,-0.0000
543690,dynamic,-2.6566,0.0749,3.2012,32.95,2.000,-0.4057,-1.9802,2.0213,0.5229,1.9525,0.000,1,SEARCH,0.0000,0.0000,0.0000,-0.0000
543790,dynamic,-2.6562,0.0750,3.2012,32.95,2.000,-0.4057,-1.9802,2.0213,0.5229,1.9525,0.000,1,SEARCH,0.0000,0.0000,0.0000,-0.0000
543889,dynamic,-2.6557,0.0750,3.2012,32.95,2.000,-0.4057,-1.9802,2.0213,0.5230,1.9525,0.000,1,SEARCH,0.0000,0.0000,0.0000,-0.0000
543989,dynamic,-2.6556,0.0753,3.2012,32.94,2.000,-0.4051,-1.9783,2.0194,0.5223,1.9506,0.000,1,SEARCH,0.0000,0.0000,0.0000,-0.0000
544089,dynamic,-2.6556,0.0756,3.2012,32.94,2.000,-0.4051,-1.9783,2.0194,0.5223,1.9506,0.000,1,SEARCH,0.0000,0.0000,0.0000,-0.0000
544190,dynamic,-2.6551,0.0760,3.2012,32.94,2.000,-0.4051,-1.9783,2.0194,0.5223,1.9506,0.000,1,SEARCH,0.0000,0.0000,0.0000,-0.0000
544289,dynamic,-2.6545,0.0764,3.2012,32.94,2.000,-0.4051,-1.9783,2.0194,0.5223,1.9506,0.000,1,SEARCH,0.0000,0.0000,0.0000,-0.0000
544389,dynamic,-2.6545,0.0762,3.2012,32.94,2.000,-0.4051,-1.9783,2.0194,0.5223,1.9506,0.000,1,SEARCH,0.0000,0.0000,0.0000,-0.0000
544493,dynamic,-2.6544,0.0761,3.2012,32.94,2.000,-0.4051,-1.9783,2.0194,0.5223,1.9506,0.000,1,SEARCH,0.0000,0.0000,0.0000,-0.0000
544589,dynamic,-2.6543,0.0760,3.2012,32.95,2.000,-0.4042,-1.9738,2.0148,0.5211,1.9462,0.000,1,SEARCH,0.0000,0.0000,0.0000,-0.0000
544689,dynamic,-2.6543,0.0762,3.2012,32.95,2.000,-0.4042,-1.9738,2.0148,0.5211,1.9462,0.000,1,SEARCH,0.0000,0.0000,0.0000,-0.0000
544789,dynamic,-2.6541,0.0755,3.2013,32.95,2.000,-0.4042,-1.9738,2.0148,0.5211,1.9462,0.000,1,SEARCH,0.0000,0.0000,0.0000,-0.0000
544889,dynamic,-2.6540,0.0749,3.2012,32.95,2.000,-0.4042,-1.9738,2.0148,0.5212,1.9462,0.000,1,SEARCH,0.0000,0.0000,0.0000,-0.0000
544989,dynamic,-2.6537,0.0743,3.2013,32.95,2.000,-0.4042,-1.9738,2.0148,0.5212,1.9462,0.000,1,SEARCH,0.0000,0.0000,0.0000,-0.0000
545094,dynamic,-2.6535,0.0738,3.2013,32.95,2.000,-0.4042,-1.9738,2.0148,0.5212,1.9462,0.000,1,SEARCH,0.0000,0.0000,0.0000,-0.0000
545190,dynamic,-2.6533,0.0735,3.2013,32.95,2.000,-0.4042,-1.9738,2.0148,0.5212,1.9462,0.000,1,SEARCH,0.0000,0.0000,0.0000,-0.0000
545289,dynamic,-2.6532,0.0734,3.2013,25.44,2.000,-0.2855,-1.6288,1.6536,0.3821,1.6089,0.000,1,SEARCH,0.0000,0.0000,0.0000,-0.0000
545389,dynamic,-2.6530,0.0729,3.2012,25.44,2.000,-0.2855,-1.6288,1.6536,0.3821,1.6089,0.000,1,SEARCH,0.0000,0.0000,0.0000,-0.0000
545489,dynamic,-2.6529,0.0725,3.2012,25.44,2.000,-0.2855,-1.6288,1.6536,0.3820,1.6089,0.000,1,SEARCH,0.0000,0.0000,0.0000,-0.0000
545589,dynamic,-2.6537,0.0729,3.2012,25.44,2.000,-0.2855,-1.6288,1.6536,0.3820,1.6089,0.000,1,SEARCH,0.0000,0.0000,0.0000,-0.0000
545697,dynamic,-2.6545,0.0736,3.2012,25.44,2.000,-0.2855,-1.6288,1.6536,0.3820,1.6089,0.000,1,SEARCH,0.0000,0.0000,0.0000,-0.0000
545789,dynamic,-2.6546,0.0733,3.2012,33.15,2.000,-0.3986,-1.9573,1.9975,0.5145,1.9301,0.000,1,SEARCH,0.0000,0.0000,0.0000,-0.0000
545889,dynamic,-2.6545,0.0730,3.2012,33.15,2.000,-0.3986,-1.9573,1.9975,0.5145,1.9301,0.000,1,SEARCH,0.0000,0.0000,0.0000,-0.0000
545989,dynamic,-2.6543,0.0724,3.2012,33.15,2.000,-0.3986,-1.9573,1.9975,0.5145,1.9301,0.000,1,SEARCH,0.0000,0.0000,0.0000,-0.0000
546089,dynamic,-2.6541,0.0720,3.2012,33.15,2.000,-0.3986,-1.9573,1.9975,0.5144,1.9301,0.000,1,SEARCH,0.0000,0.0000,0.0000,-0.0000
546189,dynamic,-2.6544,0.0720,3.2011,33.15,2.000,-0.3986,-1.9573,1.9975,0.5144,1.9301,0.000,1,SEARCH,0.0000,0.0000,0.0000,-0.0000
546189,dynamic,-2.6547,0.0720,3.2011,33.15,2.000,-0.3986,-1.9573,1.9975,0.5144,1.9301,0.000,1,SEARCH,0.0000,0.0000,0.0000,-0.0000
546389,dynamic,-2.6548,0.0717,3.2011,26.09,2.000,-0.2843,-1.6177,1.6425,0.3801,1.5979,0.000,1,SEARCH,0.0000,0.0000,0.0000,-0.0000
546489,dynamic,-2.6545,0.0713,3.2012,26.09,2.000,-0.2843,-1.6177,1.6425,0.3801,1.5979,0.000,1,SEARCH,0.0000,0.0000,0.0000,-0.0000
546590,dynamic,-2.6542,0.0709,3.2012,26.09,2.000,-0.2843,-1.6177,1.6425,0.3801,1.5979,0.000,1,SEARCH,0.0000,0.0000,0.0000,-0.0000
546689,dynamic,-2.6539,0.0706,3.2012,26.09,2.000,-0.2843,-1.6177,1.6425,0.3802,1.5979,0.000,1,SEARCH,0.0000,0.0000,0.0000,-0.0000
546789,dynamic,-2.6533,0.0702,3.2012,26.09,2.000,-0.2843,-1.6177,1.6425,0.3802,1.5979,0.000,1,SEARCH,0.0000,0.0000,0.0000,-0.0000
546889,dynamic,-2.6527,0.0700,3.2012,26.09,2.000,-0.2843,-1.6177,1.6425,0.3802,1.5979,0.000,1,SEARCH,0.0000,0.0000,0.0000,-0.0000
546989,dynamic,-2.6523,0.0694,3.2012,32.92,2.000,-0.3958,-1.9423,1.9823,0.5108,1.9153,0.000,1,SEARCH,0.0000,0.0000,0.0000,-0.0000
547089,dynamic,-2.6520,0.0689,3.2012,32.92,2.000,-0.3958,-1.9423,1.9823,0.5109,1.9153,0.000,1,SEARCH,0.0000,0.0000,0.0000,-0.0000
547189,dynamic,-2.6520,0.0685,3.2012,32.92,2.000,-0.3958,-1.9423,1.9823,0.5109,1.9153,0.000,1,SEARCH,0.0000,0.0000,0.0000,-0.0000
547290,dynamic,-2.6520,0.0682,3.2012,32.92,2.000,-0.3958,-1.9423,1.9823,0.5109,1.9153,0.000,1,SEARCH,0.0000,0.0000,0.0000,-0.0000
547389,dynamic,-2.6516,0.0676,3.2012,32.92,2.000,-0.3958,-1.9423,1.9823,0.5109,1.9153,0.000,1,SEARCH,0.0000,0.0000,0.0000,-0.0000
547490,dynamic,-2.6511,0.0670,3.2012,32.92,2.000,-0.3958,-1.9423,1.9823,0.5109,1.9153,0.000,1,SEARCH,0.0000,0.0000,0.0000,-0.0000
547589,dynamic,-2.6504,0.0665,3.2012,33.15,2.000,-0.3956,-1.9436,1.9834,0.5108,1.9165,0.000,1,SEARCH,0.0000,0.0000,0.0000,-0.0000
547689,dynamic,-2.6498,0.0660,3.2012,33.15,2.000,-0.3956,-1.9436,1.9834,0.5108,1.9165,0.000,1,SEARCH,0.0000,0.0000,0.0000,-0.0000
547790,dynamic,-2.6501,0.0659,3.2013,33.15,2.000,-0.3956,-1.9436,1.9834,0.5108,1.9165,0.000,1,SEARCH,0.0000,0.0000,0.0000,-0.0000
547889,dynamic,-2.6503,0.0659,3.2013,33.15,2.000,-0.3956,-1.9436,1.9834,0.5108,1.9165,0.000,1,SEARCH,0.0000,0.0000,0.0000,-0.0000
547993,dynamic,-2.6501,0.0658,3.2013,33.15,2.000,-0.3956,-1.9436,1.9834,0.5108,1.9165,0.000,1,SEARCH,0.0000,0.0000,0.0000,-0.0000
548089,dynamic,-2.6498,0.0657,3.2013,33.15,2.000,-0.3941,-1.9373,1.9770,0.5089,1.9103,0.000,1,SEARCH,0.0000,0.0000,0.0000,-0.0000
548189,dynamic,-2.6506,0.0651,3.2013,33.15,2.000,-0.3941,-1.9373,1.9770,0.5089,1.9103,0.000,1,SEARCH,0.0000,0.0000,0.0000,-0.0000
548290,dynamic,-2.6513,0.0644,3.2013,33.15,2.000,-0.3941,-1.9373,1.9770,0.5089,1.9103,0.000,1,SEARCH,0.0000,0.0000,0.0000,-0.0000
548390,dynamic,-2.6525,0.0641,3.2013,33.15,2.000,-0.3941,-1.9373,1.9770,0.5089,1.9103,0.000,1,SEARCH,0.0000,0.0000,0.0000,-0.0000
548489,dynamic,-2.6535,0.0638,3.2013,33.15,2.000,-0.3941,-1.9373,1.9770,0.5089,1.9103,0.000,1,SEARCH,0.0000,0.0000,0.0000,-0.0000
548593,dynamic,-2.6532,0.0637,3.2012,33.15,2.000,-0.3941,-1.9373,1.9770,0.5089,1.9103,0.000,1,SEARCH,0.0000,0.0000,0.0000,-0.0000
548689,dynamic,-2.6528,0.0636,3.2012,25.78,2.000,-0.2825,-1.6085,1.6331,0.3779,1.5888,0.000,1,SEARCH,0.0000,0.0000,0.0000,-0.0000
548789,dynamic,-2.6527,0.0636,3.2012,25.78,2.000,-0.2825,-1.6085,1.6331,0.3779,1.5888,0.000,1,SEARCH,0.0000,0.0000,0.0000,-0.0000
548889,dynamic,-2.6527,0.0636,3.2012,25.78,2.000,-0.2825,-1.6085,1.6331,0.3779,1.5888,0.000,1,SEARCH,0.0000,0.0000,0.0000,-0.0000
548989,dynamic,-2.6520,0.0638,3.2013,25.78,2.000,-0.2825,-1.6085,1.6331,0.3779,1.5888,0.000,1,SEARCH,0.0000,0.0000,0.0000,-0.0000
549089,dynamic,-2.6513,0.0641,3.2013,25.78,2.000,-0.2825,-1.6085,1.6331,0.3779,1.5888,0.000,1,SEARCH,0.0000,0.0000,0.0000,-0.0000
549192,dynamic,-2.6508,0.0639,3.2013,25.78,2.000,-0.2825,-1.6085,1.6331,0.3779,1.5888,0.000,1,SEARCH,0.0000,0.0000,0.0000,-0.0000
549289,dynamic,-2.6502,0.0636,3.2013,25.43,2.000,-0.2819,-1.6107,1.6352,0.3776,1.5910,0.000,1,SEARCH,0.0000,0.0000,0.0000,-0.0000
549390,dynamic,-2.6496,0.0634,3.2013,25.43,2.000,-0.2819,-1.6107,1.6352,0.3776,1.5910,0.000,1,SEARCH,0.0000,0.0000,0.0000,-0.0000
549489,dynamic,-2.6490,0.0632,3.2013,25.43,2.000,-0.2819,-1.6107,1.6352,0.3776,1.5910,0.000,1,SEARCH,0.0000,0.0000,0.0000,-0.0000
549589,dynamic,-2.6486,0.0630,3.2013,25.43,2.000,-0.2819,-1.6107,1.6352,0.3776,1.5910,0.000,1,SEARCH,0.0000,0.0000,0.0000,-0.0000
549693,dynamic,-2.6482,0.0628,3.2013,25.43,2.000,-0.2819,-1.6107,1.6352,0.3775,1.5910,0.000,1,SEARCH,0.0000,0.0000,0.0000,-0.0000
549791,dynamic,-2.6482,0.0631,3.2013,25.50,2.000,-0.2846,-1.6130,1.6379,0.3803,1.5932,0.000,1,SEARCH,0.0000,0.0000,0.0000,-0.0000
549889,dynamic,-2.6482,0.0633,3.2013,25.50,2.000,-0.2846,-1.6130,1.6379,0.3803,1.5932,0.000,1,SEARCH,0.0000,0.0000,0.0000,-0.0000
549989,dynamic,-2.6488,0.0635,3.2013,25.50,2.000,-0.2846,-1.6130,1.6379,0.3803,1.5931,0.000,1,SEARCH,0.0000,0.0000,0.0000,-0.0000
550089,dynamic,-2.6495,0.0637,3.2013,25.50,2.000,-0.2846,-1.6130,1.6379,0.3803,1.5931,0.000,1,SEARCH,0.0000,0.0000,0.0000,-0.0000
550189,dynamic,-2.6501,0.0638,3.2013,25.50,2.000,-0.2846,-1.6130,1.6379,0.3803,1.5931,0.000,1,SEARCH,0.0000,0.0000,0.0000,-0.0000
550291,dynamic,-2.6505,0.0639,3.2013,25.50,2.000,-0.2846,-1.6130,1.6379,0.3803,1.5931,0.000,1,SEARCH,0.0000,0.0000,0.0000,-0.0000
550389,dynamic,-2.6512,0.0643,3.2013,25.77,2.000,-0.2824,-1.6083,1.6329,0.3778,1.5886,0.000,1,SEARCH,0.0000,0.0000,0.0000,-0.0000
550489,dynamic,-2.6518,0.0646,3.2013,25.77,2.000,-0.2824,-1.6083,1.6329,0.3778,1.5886,0.000,1,SEARCH,0.0000,0.0000,0.0000,-0.0000
550589,dynamic,-2.6521,0.0644,3.2013,25.77,2.000,-0.2824,-1.6083,1.6329,0.3778,1.5886,0.000,1,SEARCH,0.0000,0.0000,0.0000,-0.0000
550689,dynamic,-2.6523,0.0640,3.2013,25.77,2.000,-0.2824,-1.6083,1.6329,0.3778,1.5886,0.000,1,SEARCH,0.0000,0.0000,0.0000,-0.0000
550789,dynamic,-2.6522,0.0643,3.2013,25.77,2.000,-0.2824,-1.6083,1.6329,0.3778,1.5886,0.000,1,SEARCH,0.0000,0.0000,0.0000,-0.0000
550896,dynamic,-2.6520,0.0644,3.2013,25.77,2.000,-0.2824,-1.6083,1.6329,0.3778,1.5886,0.000,1,SEARCH,0.0000,0.0000,0.0000,-0.0000
550989,dynamic,-2.6517,0.0646,3.2013,25.80,2.000,-0.2833,-1.6070,1.6318,0.3787,1.5872,0.000,1,SEARCH,0.0000,0.0000,0.0000,-0.0000
551090,dynamic,-2.6515,0.0647,3.2013,25.80,2.000,-0.2833,-1.6070,1.6318,0.3787,1.5872,0.000,1,SEARCH,0.0000,0.0000,0.0000,-0.0000
551189,dynamic,-2.6519,0.0648,3.2013,25.80,2.000,-0.2833,-1.6070,1.6318,0.3787,1.5872,0.000,1,SEARCH,0.0000,0.0000,0.0000,-0.0000
551289,dynamic,-2.6523,0.0648,3.2013,25.80,2.000,-0.2833,-1.6070,1.6318,0.3787,1.5872,0.000,1,SEARCH,0.0000,0.0000,0.0000,-0.0000
551389,dynamic,-2.6524,0.0650,3.2013,25.80,2.000,-0.2833,-1.6070,1.6318,0.3787,1.5872,0.000,1,SEARCH,0.0000,0.0000,0.0000,-0.0000
551495,dynamic,-2.6522,0.0652,3.2013,25.80,2.000,-0.2833,-1.6070,1.6318,0.3787,1.5872,0.000,1,SEARCH,0.0000,0.0000,0.0000,-0.0000
551589,dynamic,-2.6516,0.0654,3.2013,25.49,2.000,-0.2826,-1.6021,1.6269,0.3777,1.5824,0.000,1,SEARCH,0.0000,0.0000,0.0000,-0.0000
551690,dynamic,-2.6509,0.0655,3.2013,25.49,2.000,-0.2826,-1.6021,1.6269,0.3777,1.5824,0.000,1,SEARCH,0.0000,0.0000,0.0000,-0.0000
551789,dynamic,-2.6508,0.0658,3.2013,25.49,2.000,-0.2826,-1.6021,1.6269,0.3777,1.5824,0.000,1,SEARCH,0.0000,0.0000,0.0000,-0.0000
551889,dynamic,-2.6508,0.0660,3.2012,25.49,2.000,-0.2826,-1.6021,1.6269,0.3776,1.5824,0.000,1,SEARCH,0.0000,0.0000,0.0000,-0.0000
551989,dynamic,-2.6512,0.0664,3.2013,25.49,2.000,-0.2826,-1.6021,1.6269,0.3777,1.5824,0.000,1,SEARCH,0.0000,0.0000,0.0000,-0.0000
552095,dynamic,-2.6517,0.0667,3.2013,25.49,2.000,-0.2826,-1.6021,1.6269,0.3777,1.5824,0.000,1,SEARCH,0.0000,0.0000,0.0000,-0.0000
552189,dynamic,-2.6524,0.0668,3.2013,26.08,2.000,-0.2808,-1.6008,1.6253,0.3758,1.5812,0.000,1,SEARCH,0.0000,0.0000,0.0000,-0.0000
552290,dynamic,-2.6530,0.0668,3.2012,26.08,2.000,-0.2808,-1.6008,1.6253,0.3758,1.5812,0.000,1,SEARCH,0.0000,0.0000,0.0000,-0.0000
552389,dynamic,-2.6525,0.0666,3.2013,26.08,2.000,-0.2808,-1.6008,1.6253,0.3758,1.5812,0.000,1,SEARCH,0.0000,0.0000,0.0000,-0.0000
552489,dynamic,-2.6516,0.0663,3.2013,26.08,2.000,-0.2808,-1.6008,1.6253,0.3758,1.5812,0.000,1,SEARCH,0.0000,0.0000,0.0000,-0.0000
552589,dynamic,-2.6510,0.0662,3.2013,26.08,2.000,-0.2808,-1.6008,1.6253,0.3758,1.5812,0.000,1,SEARCH,0.0000,0.0000,0.0000,-0.0000
552689,dynamic,-2.6504,0.0662,3.2013,26.08,2.000,-0.2808,-1.6008,1.6253,0.3758,1.5812,0.000,1,SEARCH,0.0000,0.0000,0.0000,-0.0000
552789,dynamic,-2.6503,0.0663,3.2013,26.08,2.000,-0.2808,-1.6008,1.6253,0.3758,1.5812,0.000,1,SEARCH,0.0000,0.0000,0.0000,-0.0000
552897,dynamic,-2.6501,0.0664,3.2013,26.08,2.000,-0.2808,-1.6008,1.6253,0.3758,1.5812,0.000,1,SEARCH,0.0000,0.0000,0.0000,-0.0000
552989,dynamic,-2.6499,0.0667,3.2012,33.14,2.000,-0.3931,-1.9332,1.9728,0.5076,1.9064,0.000,1,SEARCH,0.0000,0.0000,0.0000,-0.0000
553089,dynamic,-2.6496,0.0669,3.2013,33.14,2.000,-0.3931,-1.9332,1.9728,0.5076,1.9064,0.000,1,SEARCH,0.0000,0.0000,0.0000,-0.0000
553189,dynamic,-2.6489,0.0670,3.2013,33.14,2.000,-0.3931,-1.9332,1.9728,0.5076,1.9064,0.000,1,SEARCH,0.0000,0.0000,0.0000,-0.0000
553289,dynamic,-2.6480,0.0669,3.2013,33.14,2.000,-0.3931,-1.9332,1.9728,0.5076,1.9064,0.000,1,SEARCH,0.0000,0.0000,0.0000,-0.0000
553389,dynamic,-2.6474,0.0668,3.2013,33.14,2.000,-0.3931,-1.9332,1.9728,0.5076,1.9064,0.000,1,SEARCH,0.0000,0.0000,0.0000,-0.0000
553494,dynamic,-2.6470,0.0665,3.2012,33.14,2.000,-0.3931,-1.9332,1.9728,0.5077,1.9064,0.000,1,SEARCH,0.0000,0.0000,0.0000,-0.0000
553589,dynamic,-2.6477,0.0660,3.2013,26.08,2.000,-0.2815,-1.6044,1.6289,0.3767,1.5847,0.000,1,SEARCH,0.0000,0.0000,0.0000,-0.0000
553689,dynamic,-2.6484,0.0654,3.2012,26.08,2.000,-0.2815,-1.6044,1.6289,0.3767,1.5847,0.000,1,SEARCH,0.0000,0.0000,0.0000,-0.0000
553789,dynamic,-2.6484,0.0651,3.2012,26.08,2.000,-0.2815,-1.6044,1.6289,0.3767,1.5847,0.000,1,SEARCH,0.0000,0.0000,0.0000,-0.0000
553889,dynamic,-2.6482,0.0648,3.2013,26.08,2.000,-0.2815,-1.6044,1.6289,0.3767,1.5847,0.000,1,SEARCH,0.0000,0.0000,0.0000,-0.0000
553989,dynamic,-2.6473,0.0644,3.2013,26.08,2.000,-0.2815,-1.6044,1.6289,0.3767,1.5847,0.000,1,SEARCH,0.0000,0.0000,0.0000,-0.0000
554090,dynamic,-2.6466,0.0642,3.2012,26.08,2.000,-0.2815,-1.6044,1.6289,0.3767,1.5847,0.000,1,SEARCH,0.0000,0.0000,0.0000,-0.0000
554189,dynamic,-2.6459,0.0638,3.2012,26.08,2.000,-0.2820,-1.6074,1.6319,0.3773,1.5877,0.000,1,SEARCH,0.0000,0.0000,0.0000,-0.0000
554290,dynamic,-2.6457,0.0634,3.2012,26.08,2.000,-0.2820,-1.6074,1.6319,0.3773,1.5877,0.000,1,SEARCH,0.0000,0.0000,0.0000,-0.0000
554389,dynamic,-2.6457,0.0632,3.2012,26.08,2.000,-0.2820,-1.6074,1.6319,0.3773,1.5877,0.000,1,SEARCH,0.0000,0.0000,0.0000,-0.0000
554489,dynamic,-2.6458,0.0630,3.2012,26.08,2.000,-0.2820,-1.6074,1.6319,0.3773,1.5877,0.000,1,SEARCH,0.0000,0.0000,0.0000,-0.0000
554589,dynamic,-2.6458,0.0633,3.2012,26.08,2.000,-0.2820,-1.6074,1.6319,0.3773,1.5877,0.000,1,SEARCH,0.0000,0.0000,0.0000,-0.0000
554701,dynamic,-2.6459,0.0635,3.2013,26.08,2.000,-0.2820,-1.6074,1.6319,0.3774,1.5877,0.000,1,SEARCH,0.0000,0.0000,0.0000,-0.0000
554789,dynamic,-2.6455,0.0636,3.2012,32.91,2.000,-0.3933,-1.9326,1.9722,0.5078,1.9057,0.000,1,SEARCH,0.0000,0.0000,0.0000,-0.0000
554889,dynamic,-2.6451,0.0636,3.2012,32.91,2.000,-0.3933,-1.9326,1.9722,0.5078,1.9057,0.000,1,SEARCH,0.0000,0.0000,0.0000,-0.0000
554989,dynamic,-2.6450,0.0635,3.2012,32.91,2.000,-0.3933,-1.9326,1.9722,0.5078,1.9057,0.000,1,SEARCH,0.0000,0.0000,0.0000,-0.0000
555089,dynamic,-2.6450,0.0633,3.2012,32.91,2.000,-0.3933,-1.9326,1.9722,0.5077,1.9058,0.000,1,SEARCH,0.0000,0.0000,0.0000,-0.0000
555189,dynamic,-2.6453,0.0635,3.2012,32.91,2.000,-0.3933,-1.9326,1.9722,0.5077,1.9058,0.000,1,SEARCH,0.0000,0.0000,0.0000,-0.0000
555295,dynamic,-2.6456,0.0637,3.2012,32.91,2.000,-0.3933,-1.9326,1.9722,0.5077,1.9058,0.000,1,SEARCH,0.0000,0.0000,0.0000,-0.0000
555389,dynamic,-2.6457,0.0637,3.2012,25.80,2.000,-0.2834,-1.6069,1.6317,0.3786,1.5872,0.000,1,SEARCH,0.0000,0.0000,0.0000,-0.0000
555489,dynamic,-2.6457,0.0634,3.2012,25.80,2.000,-0.2834,-1.6069,1.6317,0.3786,1.5872,0.000,1,SEARCH,0.0000,0.0000,0.0000,-0.0000
555589,dynamic,-2.6460,0.0638,3.2012,25.80,2.000,-0.2834,-1.6069,1.6317,0.3785,1.5872,0.000,1,SEARCH,0.0000,0.0000,0.0000,-0.0000
555689,dynamic,-2.6462,0.0640,3.2012,25.80,2.000,-0.2834,-1.6069,1.6317,0.3786,1.5872,0.000,1,SEARCH,0.0000,0.0000,0.0000,-0.0000
555789,dynamic,-2.6467,0.0643,3.2012,25.80,2.000,-0.2834,-1.6069,1.6317,0.3786,1.5872,0.000,1,SEARCH,0.0000,0.0000,0.0000,-0.0000
555889,dynamic,-2.6471,0.0644,3.2012,25.80,2.000,-0.2834,-1.6069,1.6317,0.3786,1.5872,0.000,1,SEARCH,0.0000,0.0000,0.0000,-0.0000
555989,dynamic,-2.6478,0.0652,3.2012,32.91,2.000,-0.3932,-1.9321,1.9717,0.5076,1.9052,0.000,1,SEARCH,0.0000,0.0000,0.0000,-0.0000
556089,dynamic,-2.6483,0.0657,3.2012,32.91,2.000,-0.3932,-1.9321,1.9717,0.5076,1.9052,0.000,1,SEARCH,0.0000,0.0000,0.0000,-0.0000
556189,dynamic,-2.6487,0.0657,3.2012,32.91,2.000,-0.3932,-1.9321,1.9717,0.5076,1.9052,0.000,1,SEARCH,0.0000,0.0000,0.0000,-0.0000
556289,dynamic,-2.6491,0.0655,3.2012,32.91,2.000,-0.3932,-1.9321,1.9717,0.5076,1.9052,0.000,1,SEARCH,0.0000,0.0000,0.0000,-0.0000
556389,dynamic,-2.6498,0.0657,3.2012,32.91,2.000,-0.3932,-1.9321,1.9717,0.5076,1.9052,0.000,1,SEARCH,0.0000,0.0000,0.0000,-0.0000
556494,dynamic,-2.6505,0.0657,3.2012,32.91,2.000,-0.3932,-1.9321,1.9717,0.5076,1.9052,0.000,1,SEARCH,0.0000,0.0000,0.0000,-0.0000
556589,dynamic,-2.6506,0.0663,3.2012,32.91,2.000,-0.3934,-1.9333,1.9729,0.5078,1.9064,0.000,1,SEARCH,0.0000,0.0000,0.0000,-0.0000
556689,dynamic,-2.6505,0.0668,3.2012,32.91,2.000,-0.3934,-1.9333,1.9729,0.5078,1.9064,0.000,1,SEARCH,0.0000,0.0000,0.0000,-0.0000
556789,dynamic,-2.6509,0.0668,3.2011,32.91,2.000,-0.3934,-1.9333,1.9729,0.5078,1.9064,0.000,1,SEARCH,0.0000,0.0000,0.0000,-0.0000
556889,dynamic,-2.6511,0.0668,3.2012,32.91,2.000,-0.3934,-1.9333,1.9729,0.5078,1.9064,0.000,1,SEARCH,0.0000,0.0000,0.0000,-0.0000
556989,dynamic,-2.6513,0.0670,3.2012,32.91,2.000,-0.3934,-1.9333,1.9729,0.5079,1.9064,0.000,1,SEARCH,0.0000,0.0000,0.0000,-0.0000
557097,dynamic,-2.6513,0.0672,3.2012,32.91,2.000,-0.3934,-1.9333,1.9729,0.5079,1.9064,0.000,1,SEARCH,0.0000,0.0000,0.0000,-0.0000
557189,dynamic,-2.6514,0.0676,3.2012,33.14,2.000,-0.3930,-1.9321,1.9717,0.5074,1.9053,0.000,1,SEARCH,0.0000,0.0000,0.0000,-0.0000
557290,dynamic,-2.6514,0.0679,3.2012,33.14,2.000,-0.3930,-1.9321,1.9717,0.5075,1.9053,0.000,1,SEARCH,0.0000,0.0000,0.0000,-0.0000
557389,dynamic,-2.6516,0.0681,3.2012,33.14,2.000,-0.3930,-1.9321,1.9717,0.5075,1.9053,0.000,1,SEARCH,0.0000,0.0000,0.0000,-0.0000
557489,dynamic,-2.6518,0.0682,3.2012,33.14,2.000,-0.3930,-1.9321,1.9717,0.5075,1.9053,0.000,1,SEARCH,0.0000,0.0000,0.0000,-0.0000
557589,dynamic,-2.6522,0.0683,3.2012,33.14,2.000,-0.3930,-1.9321,1.9717,0.5075,1.9053,0.000,1,SEARCH,0.0000,0.0000,0.0000,-0.0000
557690,dynamic,-2.6527,0.0683,3.2012,33.14,2.000,-0.3930,-1.9321,1.9717,0.5075,1.9053,0.000,1,SEARCH,0.0000,0.0000,0.0000,-0.0000
557789,dynamic,-2.6526,0.0685,3.2012,26.07,2.000,-0.2814,-1.6036,1.6281,0.3764,1.5840,0.000,1,SEARCH,0.0000,0.0000,0.0000,-0.0000
557889,dynamic,-2.6526,0.0685,3.2012,26.07,2.000,-0.2814,-1.6036,1.6281,0.3764,1.5840,0.000,1,SEARCH,0.0000,0.0000,0.0000,-0.0000
557990,dynamic,-2.6526,0.0686,3.2012,26.07,2.000,-0.2814,-1.6036,1.6281,0.3764,1.5840,0.000,1,SEARCH,0.0000,0.0000,0.0000,-0.0000
558089,dynamic,-2.6526,0.0687,3.2012,26.07,2.000,-0.2814,-1.6036,1.6281,0.3763,1.5840,0.000,1,SEARCH,0.0000,0.0000,0.0000,-0.0000
558192,dynamic,-2.6520,0.0685,3.2012,26.07,2.000,-0.2814,-1.6036,1.6281,0.3763,1.5840,0.000,1,SEARCH,0.0000,0.0000,0.0000,-0.0000
558289,dynamic,-2.6513,0.0683,3.2012,32.90,2.000,-0.3937,-1.9349,1.9746,0.5082,1.9081,0.000,1,SEARCH,0.0000,0.0000,0.0000,-0.0000
558389,dynamic,-2.6516,0.0683,3.2012,32.90,2.000,-0.3937,-1.9349,1.9746,0.5082,1.9081,0.000,1,SEARCH,0.0000,0.0000,0.0000,-0.0000
558489,dynamic,-2.6522,0.0683,3.2012,32.90,2.000,-0.3937,-1.9349,1.9746,0.5082,1.9081,0.000,1,SEARCH,0.0000,0.0000,0.0000,-0.0000
558589,dynamic,-2.6523,0.0681,3.2012,32.90,2.000,-0.3937,-1.9349,1.9746,0.5082,1.9080,0.000,1,SEARCH,0.0000,0.0000,0.0000,-0.0000
558690,dynamic,-2.6523,0.0677,3.2012,32.90,2.000,-0.3937,-1.9349,1.9746,0.5083,1.9080,0.000,1,SEARCH,0.0000,0.0000,0.0000,-0.0000
558795,dynamic,-2.6526,0.0678,3.2012,32.90,2.000,-0.3937,-1.9349,1.9746,0.5083,1.9080,0.000,1,SEARCH,0.0000,0.0000,0.0000,-0.0000
558889,dynamic,-2.6528,0.0677,3.2012,26.07,2.000,-0.2824,-1.6092,1.6338,0.3778,1.5896,0.000,1,SEARCH,0.0000,0.0000,0.0000,-0.0000
558989,dynamic,-2.6525,0.0676,3.2012,26.07,2.000,-0.2824,-1.6092,1.6338,0.3778,1.5896,0.000,1,SEARCH,0.0000,0.0000,0.0000,-0.0000
559089,dynamic,-2.6522,0.0674,3.2012,26.07,2.000,-0.2824,-1.6092,1.6338,0.3778,1.5896,0.000,1,SEARCH,0.0000,0.0000,0.0000,-0.0000
559189,dynamic,-2.6519,0.0676,3.2012,26.07,2.000,-0.2824,-1.6092,1.6338,0.3778,1.5896,0.000,1,SEARCH,0.0000,0.0000,0.0000,-0.0000
559292,dynamic,-2.6516,0.0677,3.2012,26.07,2.000,-0.2824,-1.6092,1.6338,0.3778,1.5896,0.000,1,SEARCH,0.0000,0.0000,0.0000,-0.0000
559392,dynamic,-2.6526,0.0682,3.2012,32.90,2.000,-0.3947,-1.9398,1.9796,0.5096,1.9129,0.000,1,SEARCH,0.0000,0.0000,0.0000,-0.0000
559489,dynamic,-2.6539,0.0688,3.2012,32.90,2.000,-0.3947,-1.9398,1.9796,0.5096,1.9129,0.000,1,SEARCH,0.0000,0.0000,0.0000,-0.0000
559589,dynamic,-2.6536,0.0691,3.2012,32.90,2.000,-0.3947,-1.9398,1.9796,0.5096,1.9129,0.000,1,SEARCH,0.0000,0.0000,0.0000,-0.0000
559689,dynamic,-2.6532,0.0694,3.2012,32.90,2.000,-0.3947,-1.9398,1.9796,0.5096,1.9129,0.000,1,SEARCH,0.0000,0.0000,0.0000,-0.0000
559789,dynamic,-2.6532,0.0692,3.2012,32.90,2.000,-0.3947,-1.9398,1.9796,0.5096,1.9129,0.000,1,SEARCH,0.0000,0.0000,0.0000,-0.0000
559896,dynamic,-2.6533,0.0689,3.2012,32.90,2.000,-0.3947,-1.9398,1.9796,0.5096,1.9129,0.000,1,SEARCH,0.0000,0.0000,0.0000,-0.0000
559989,dynamic,-2.6534,0.0691,3.2012,33.13,2.000,-0.3943,-1.9399,1.9796,0.5091,1.9130,0.000,1,SEARCH,0.0000,0.0000,0.0000,-0.0000
560089,dynamic,-2.6535,0.0692,3.2012,33.13,2.000,-0.3943,-1.9399,1.9796,0.5091,1.9130,0.000,1,SEARCH,0.0000,0.0000,0.0000,-0.0000
560189,dynamic,-2.6531,0.0691,3.2012,33.13,2.000,-0.3943,-1.9399,1.9796,0.5091,1.9130,0.000,1,SEARCH,0.0000,0.0000,0.0000,-0.0000
560289,dynamic,-2.6528,0.0689,3.2012,33.13,2.000,-0.3943,-1.9399,1.9796,0.5092,1.9130,0.000,1,SEARCH,0.0000,0.0000,0.0000,-0.0000
560389,dynamic,-2.6521,0.0691,3.2012,33.13,2.000,-0.3943,-1.9399,1.9796,0.5091,1.9130,0.000,1,SEARCH,0.0000,0.0000,0.0000,-0.0000
560489,dynamic,-2.6514,0.0692,3.2012,33.13,2.000,-0.3943,-1.9399,1.9796,0.5091,1.9130,0.000,1,SEARCH,0.0000,0.0000,0.0000,-0.0000
560603,dynamic,-2.6512,0.0689,3.2012,33.13,2.000,-0.3943,-1.9399,1.9796,0.5091,1.9130,0.000,1,SEARCH,0.0000,0.0000,0.0000,-0.0000
560689,dynamic,-2.6511,0.0684,3.2012,32.92,2.000,-0.3968,-1.9425,1.9826,0.5117,1.9154,0.000,1,SEARCH,0.0000,0.0000,0.0000,-0.0000
560789,dynamic,-2.6513,0.0680,3.2012,32.92,2.000,-0.3968,-1.9425,1.9826,0.5117,1.9154,0.000,1,SEARCH,0.0000,0.0000,0.0000,-0.0000
560889,dynamic,-2.6516,0.0676,3.2012,32.92,2.000,-0.3968,-1.9425,1.9826,0.5117,1.9154,0.000,1,SEARCH,0.0000,0.0000,0.0000,-0.0000
560989,dynamic,-2.6514,0.0672,3.2011,32.92,2.000,-0.3968,-1.9425,1.9826,0.5117,1.9154,0.000,1,SEARCH,0.0000,0.0000,0.0000,-0.0000
561089,dynamic,-2.6511,0.0667,3.2011,32.92,2.000,-0.3968,-1.9425,1.9826,0.5116,1.9154,0.000,1,SEARCH,0.0000,0.0000,0.0000,-0.0000
561193,dynamic,-2.6513,0.0665,3.2011,32.92,2.000,-0.3968,-1.9425,1.9826,0.5116,1.9154,0.000,1,SEARCH,0.0000,0.0000,0.0000,-0.0000
561289,dynamic,-2.6516,0.0664,3.2011,25.79,2.000,-0.2856,-1.6197,1.6447,0.3814,1.5998,0.000,1,SEARCH,0.0000,0.0000,0.0000,-0.0000
561389,dynamic,-2.6519,0.0663,3.2011,25.79,2.000,-0.2856,-1.6197,1.6447,0.3814,1.5998,0.000,1,SEARCH,0.0000,0.0000,0.0000,-0.0000
561489,dynamic,-2.6522,0.0661,3.2011,25.79,2.000,-0.2856,-1.6197,1.6447,0.3814,1.5998,0.000,1,SEARCH,0.0000,0.0000,0.0000,-0.0000
561589,dynamic,-2.6523,0.0662,3.2011,25.79,2.000,-0.2856,-1.6197,1.6447,0.3814,1.5998,0.000,1,SEARCH,0.0000,0.0000,0.0000,-0.0000
561689,dynamic,-2.6524,0.0662,3.2011,25.79,2.000,-0.2856,-1.6197,1.6447,0.3814,1.5998,0.000,1,SEARCH,0.0000,0.0000,0.0000,-0.0000
561797,dynamic,-2.6526,0.0667,3.2011,25.79,2.000,-0.2856,-1.6197,1.6447,0.3814,1.5998,0.000,1,SEARCH,0.0000,0.0000,0.0000,-0.0000
561889,dynamic,-2.6530,0.0676,3.2011,26.07,2.000,-0.2856,-1.6273,1.6521,0.3819,1.6074,0.000,1,SEARCH,0.0000,0.0000,0.0000,-0.0000
561990,dynamic,-2.6525,0.0678,3.2011,26.07,2.000,-0.2856,-1.6273,1.6521,0.3819,1.6074,0.000,1,SEARCH,0.0000,0.0000,0.0000,-0.0000
562089,dynamic,-2.6518,0.0676,3.2012,26.07,2.000,-0.2856,-1.6273,1.6521,0.3819,1.6074,0.000,1,SEARCH,0.0000,0.0000,0.0000,-0.0000
562189,dynamic,-2.6517,0.0675,3.2011,26.07,2.000,-0.2856,-1.6273,1.6521,0.3819,1.6074,0.000,1,SEARCH,0.0000,0.0000,0.0000,-0.0000
562299,dynamic,-2.6517,0.0672,3.2011,26.07,2.000,-0.2856,-1.6273,1.6521,0.3819,1.6074,0.000,1,SEARCH,0.0000,0.0000,0.0000,-0.0000
562398,dynamic,-2.6515,0.0669,3.2011,26.07,2.000,-0.2856,-1.6273,1.6521,0.3819,1.6074,0.000,1,SEARCH,0.0000,0.0000,0.0000,-0.0000
562489,dynamic,-2.6513,0.0665,3.2011,33.13,2.000,-0.4008,-1.9717,2.0120,0.5174,1.9443,0.000,1,SEARCH,0.0000,0.0000,0.0000,-0.0000
562589,dynamic,-2.6514,0.0662,3.2011,33.13,2.000,-0.4008,-1.9717,2.0120,0.5174,1.9443,0.000,1,SEARCH,0.0000,0.0000,0.0000,-0.0000
562690,dynamic,-2.6516,0.0659,3.2011,33.13,2.000,-0.4008,-1.9717,2.0120,0.5174,1.9443,0.000,1,SEARCH,0.0000,0.0000,0.0000,-0.0000
562789,dynamic,-2.6514,0.0660,3.2011,33.13,2.000,-0.4008,-1.9717,2.0120,0.5174,1.9443,0.000,1,SEARCH,0.0000,0.0000,0.0000,-0.0000
562894,dynamic,-2.6512,0.0659,3.2012,33.13,2.000,-0.4008,-1.9717,2.0120,0.5175,1.9443,0.000,1,SEARCH,0.0000,0.0000,0.0000,-0.0000
562989,dynamic,-2.6500,0.0656,3.2012,25.79,2.000,-0.2895,-1.6419,1.6672,0.3867,1.6217,0.000,1,SEARCH,0.0000,0.0000,0.0000,-0.0000
563090,dynamic,-2.6487,0.0651,3.2011,25.79,2.000,-0.2895,-1.6419,1.6672,0.3867,1.6217,0.000,1,SEARCH,0.0000,0.0000,0.0000,-0.0000
563189,dynamic,-2.6476,0.0648,3.2011,25.79,2.000,-0.2895,-1.6419,1.6672,0.3867,1.6217,0.000,1,SEARCH,0.0000,0.0000,0.0000,-0.0000
563289,dynamic,-2.6466,0.0644,3.2011,25.79,2.000,-0.2895,-1.6419,1.6672,0.3866,1.6218,0.000,1,SEARCH,0.0000,0.0000,0.0000,-0.0000
563389,dynamic,-2.6467,0.0641,3.2011,25.79,2.000,-0.2895,-1.6419,1.6672,0.3866,1.6218,0.000,1,SEARCH,0.0000,0.0000,0.0000,-0.0000
563493,dynamic,-2.6470,0.0637,3.2011,25.79,2.000,-0.2895,-1.6419,1.6672,0.3866,1.6218,0.000,1,SEARCH,0.0000,0.0000,0.0000,-0.0000
563589,dynamic,-2.6471,0.0636,3.2011,25.14,2.000,-0.2892,-1.6441,1.6693,0.3864,1.6240,0.000,1,SEARCH,0.0000,0.0000,0.0000,-0.0000
563691,dynamic,-2.6471,0.0635,3.2011,25.14,2.000,-0.2892,-1.6441,1.6693,0.3864,1.6240,0.000,1,SEARCH,0.0000,0.0000,0.0000,-0.0000
563791,dynamic,-2.6474,0.0632,3.2011,25.14,2.000,-0.2892,-1.6441,1.6693,0.3864,1.6240,0.000,1,SEARCH,0.0000,0.0000,0.0000,-0.0000
563891,dynamic,-2.6477,0.0629,3.2010,25.14,2.000,-0.2892,-1.6441,1.6693,0.3864,1.6240,0.000,1,SEARCH,0.0000,0.0000,0.0000,-0.0000
563989,dynamic,-2.6481,0.0628,3.2010,25.14,2.000,-0.2892,-1.6441,1.6693,0.3863,1.6240,0.000,1,SEARCH,0.0000,0.0000,0.0000,-0.0000
564103,dynamic,-2.6484,0.0627,3.2010,25.14,2.000,-0.2892,-1.6441,1.6693,0.3863,1.6240,0.000,1,SEARCH,0.0000,0.0000,0.0000,-0.0000
564189,dynamic,-2.6478,0.0629,3.2010,33.13,2.000,-0.4035,-1.9849,2.0255,0.5206,1.9574,0.000,1,SEARCH,0.0000,0.0000,0.0000,-0.0000
564290,dynamic,-2.6471,0.0631,3.2010,33.13,2.000,-0.4035,-1.9849,2.0255,0.5207,1.9574,0.000,1,SEARCH,0.0000,0.0000,0.0000,-0.0000
564389,dynamic,-2.6466,0.0634,3.2010,33.13,2.000,-0.4035,-1.9849,2.0255,0.5207,1.9574,0.000,1,SEARCH,0.0000,0.0000,0.0000,-0.0000
564489,dynamic,-2.6462,0.0636,3.2010,33.13,2.000,-0.4035,-1.9849,2.0255,0.5207,1.9574,0.000,1,SEARCH,0.0000,0.0000,0.0000,-0.0000
564592,dynamic,-2.6462,0.0638,3.2010,33.13,2.000,-0.4035,-1.9849,2.0255,0.5207,1.9574,0.000,1,SEARCH,0.0000,0.0000,0.0000,-0.0000
564691,dynamic,-2.6461,0.0640,3.2010,33.13,2.000,-0.4031,-1.9823,2.0228,0.5201,1.9548,0.000,1,SEARCH,0.0000,0.0000,0.0000,-0.0000
564790,dynamic,-2.6454,0.0640,3.2010,33.13,2.000,-0.4031,-1.9823,2.0228,0.5201,1.9548,0.000,1,SEARCH,0.0000,0.0000,0.0000,-0.0000
564889,dynamic,-2.6447,0.0639,3.2010,33.13,2.000,-0.4031,-1.9823,2.0228,0.5201,1.9548,0.000,1,SEARCH,0.0000,0.0000,0.0000,-0.0000
564989,dynamic,-2.6455,0.0637,3.2010,33.13,2.000,-0.4031,-1.9823,2.0228,0.5201,1.9548,0.000,1,SEARCH,0.0000,0.0000,0.0000,-0.0000
565089,dynamic,-2.6462,0.0633,3.2010,33.13,2.000,-0.4031,-1.9823,2.0228,0.5201,1.9548,0.000,1,SEARCH,0.0000,0.0000,0.0000,-0.0000
565205,dynamic,-2.6461,0.0633,3.2010,33.13,2.000,-0.4031,-1.9823,2.0228,0.5201,1.9548,0.000,1,SEARCH,0.0000,0.0000,0.0000,-0.0000
565292,dynamic,-2.6458,0.0632,3.2010,32.65,2.000,-0.4010,-1.9765,2.0168,0.5177,1.9492,0.000,1,SEARCH,0.0000,0.0000,0.0000,-0.0000
565389,dynamic,-2.6462,0.0633,3.2010,32.65,2.000,-0.4010,-1.9765,2.0168,0.5177,1.9492,0.000,1,SEARCH,0.0000,0.0000,0.0000,-0.0000
565490,dynamic,-2.6466,0.0632,3.2010,32.65,2.000,-0.4010,-1.9765,2.0168,0.5177,1.9492,0.000,1,SEARCH,0.0000,0.0000,0.0000,-0.0000
565591,dynamic,-2.6468,0.0634,3.2010,32.65,2.000,-0.4010,-1.9765,2.0168,0.5178,1.9492,0.000,1,SEARCH,0.0000,0.0000,0.0000,-0.0000
565689,dynamic,-2.6469,0.0633,3.2010,32.65,2.000,-0.4010,-1.9765,2.0168,0.5177,1.9492,0.000,1,SEARCH,0.0000,0.0000,0.0000,-0.0000
565793,dynamic,-2.6474,0.0633,3.2010,32.65,2.000,-0.4010,-1.9765,2.0168,0.5177,1.9492,0.000,1,SEARCH,0.0000,0.0000,0.0000,-0.0000
565892,dynamic,-2.6480,0.0631,3.2010,32.93,2.000,-0.4031,-1.9726,2.0133,0.5196,1.9451,0.000,1,SEARCH,0.0000,0.0000,0.0000,-0.0000
565989,dynamic,-2.6480,0.0630,3.2010,32.93,2.000,-0.4031,-1.9726,2.0133,0.5195,1.9451,0.000,1,SEARCH,0.0000,0.0000,0.0000,-0.0000
566091,dynamic,-2.6479,0.0628,3.2011,32.93,2.000,-0.4031,-1.9726,2.0133,0.5196,1.9451,0.000,1,SEARCH,0.0000,0.0000,0.0000,-0.0000
566190,dynamic,-2.6484,0.0628,3.2011,32.93,2.000,-0.4031,-1.9726,2.0133,0.5197,1.9451,0.000,1,SEARCH,0.0000,0.0000,0.0000,-0.0000
566290,dynamic,-2.6489,0.0627,3.2011,32.93,2.000,-0.4031,-1.9726,2.0133,0.5197,1.9451,0.000,1,SEARCH,0.0000,0.0000,0.0000,-0.0000
566402,dynamic,-2.6494,0.0628,3.2010,32.93,2.000,-0.4031,-1.9726,2.0133,0.5197,1.9451,0.000,1,SEARCH,0.0000,0.0000,0.0000,-0.0000
566492,dynamic,-2.6500,0.0629,3.2011,25.80,2.000,-0.2885,-1.6353,1.6605,0.3852,1.6152,0.000,1,SEARCH,0.0000,0.0000,0.0000,-0.0000
566589,dynamic,-2.6504,0.0631,3.2011,25.80,2.000,-0.2885,-1.6353,1.6605,0.3852,1.6152,0.000,1,SEARCH,0.0000,0.0000,0.0000,-0.0000
566690,dynamic,-2.6507,0.0631,3.2011,25.80,2.000,-0.2885,-1.6353,1.6605,0.3852,1.6152,0.000,1,SEARCH,0.0000,0.0000,0.0000,-0.0000
566792,dynamic,-2.6513,0.0631,3.2011,25.80,2.000,-0.2885,-1.6353,1.6605,0.3852,1.6152,0.000,1,SEARCH,0.0000,0.0000,0.0000,-0.0000
566890,dynamic,-2.6520,0.0631,3.2010,25.80,2.000,-0.2885,-1.6353,1.6605,0.3852,1.6152,0.000,1,SEARCH,0.0000,0.0000,0.0000,-0.0000
566995,dynamic,-2.6524,0.0633,3.2011,25.80,2.000,-0.2885,-1.6353,1.6605,0.3852,1.6152,0.000,1,SEARCH,0.0000,0.0000,0.0000,-0.0000
567092,dynamic,-2.6529,0.0634,3.2010,33.13,2.000,-0.4001,-1.9666,2.0069,0.5163,1.9394,0.000,1,SEARCH,0.0000,0.0000,0.0000,-0.0000
567190,dynamic,-2.6529,0.0632,3.2010,33.13,2.000,-0.4001,-1.9666,2.0069,0.5162,1.9394,0.000,1,SEARCH,0.0000,0.0000,0.0000,-0.0000
567290,dynamic,-2.6527,0.0629,3.2010,33.13,2.000,-0.4001,-1.9666,2.0069,0.5163,1.9394,0.000,1,SEARCH,0.0000,0.0000,0.0000,-0.0000
567391,dynamic,-2.6532,0.0630,3.2010,33.13,2.000,-0.4001,-1.9666,2.0069,0.5162,1.9394,0.000,1,SEARCH,0.0000,0.0000,0.0000,-0.0000
567492,dynamic,-2.6538,0.0633,3.2010,33.13,2.000,-0.4001,-1.9666,2.0069,0.5163,1.9394,0.000,1,SEARCH,0.0000,0.0000,0.0000,-0.0000
567605,dynamic,-2.6556,0.0634,3.2011,33.13,2.000,-0.4001,-1.9666,2.0069,0.5164,1.9394,0.000,1,SEARCH,0.0000,0.0000,0.0000,-0.0000
567690,dynamic,-2.6591,0.0634,3.2011,32.93,2.000,-0.4021,-1.9659,2.0066,0.5183,1.9385,0.000,1,SEARCH,0.0000,0.0000,0.0000,-0.0000
567793,dynamic,-2.6595,0.0633,3.2011,32.93,2.000,-0.4021,-1.9659,2.0066,0.5183,1.9386,0.000,1,SEARCH,0.0000,0.0000,0.0000,-0.0000
567891,dynamic,-2.6595,0.0632,3.2011,32.93,2.000,-0.4021,-1.9659,2.0066,0.5184,1.9385,0.000,1,SEARCH,0.0000,0.0000,0.0000,-0.0000
567990,dynamic,-2.6594,0.0632,3.2012,32.93,2.000,-0.4021,-1.9659,2.0066,0.5183,1.9386,0.000,1,SEARCH,0.0000,0.0000,0.0000,-0.0000
568091,dynamic,-2.6595,0.0630,3.2010,32.93,2.000,-0.4021,-1.9659,2.0066,0.5182,1.9386,0.000,1,SEARCH,0.0000,0.0000,0.0000,-0.0000
568207,dynamic,-2.6593,0.0631,3.2011,32.93,2.000,-0.4021,-1.9659,2.0066,0.5183,1.9386,0.000,1,SEARCH,0.0000,0.0000,0.0000,-0.0000
568292,dynamic,-2.6590,0.0631,3.2011,33.18,2.000,-0.4031,-1.9759,2.0166,0.5198,1.9485,0.000,1,SEARCH,0.0000,0.0000,0.0000,-0.0000
568392,dynamic,-2.6588,0.0639,3.2010,33.18,2.000,-0.4031,-1.9759,2.0166,0.5198,1.9485,0.000,1,SEARCH,0.0000,0.0000,0.0000,-0.0000
568490,dynamic,-2.6584,0.0644,3.2014,33.18,2.000,-0.4031,-1.9759,2.0166,0.5193,1.9486,0.000,1,SEARCH,0.0000,0.0000,0.0000,-0.0000
568592,dynamic,-2.6567,0.0645,3.2013,33.18,2.000,-0.4031,-1.9759,2.0166,0.5193,1.9486,0.000,1,SEARCH,0.0000,0.0000,0.0000,-0.0000
568690,dynamic,-2.6552,0.0644,3.2008,33.18,2.000,-0.4031,-1.9759,2.0166,0.5201,1.9484,0.000,1,SEARCH,0.0000,0.0000,0.0000,-0.0000
568803,dynamic,-2.6565,0.0632,3.2015,33.18,2.000,-0.4031,-1.9759,2.0166,0.5206,1.9483,0.000,1,SEARCH,0.0000,0.0000,0.0000,-0.0000
568891,dynamic,-2.6578,0.0616,3.2014,25.77,2.000,-0.2858,-1.6333,1.6581,0.3827,1.6133,0.000,1,SEARCH,0.0000,0.0000,0.0000,-0.0000
568993,dynamic,-2.6588,0.0609,3.2017,25.77,2.000,-0.2858,-1.6333,1.6581,0.3827,1.6133,0.000,1,SEARCH,0.0000,0.0000,0.0000,-0.0000
569089,dynamic,-2.6598,0.0606,3.2016,25.77,2.000,-0.2858,-1.6333,1.6581,0.3833,1.6132,0.000,1,SEARCH,0.0000,0.0000,0.0000,-0.0000
569192,dynamic,-2.6619,0.0599,3.2019,25.77,2.000,-0.2858,-1.6333,1.6581,0.3833,1.6132,0.000,1,SEARCH,0.0000,0.0000,0.0000,-0.0000
569293,dynamic,-2.6635,0.0590,3.2018,25.77,2.000,-0.2858,-1.6333,1.6581,0.3833,1.6132,0.000,1,SEARCH,0.0000,0.0000,0.0000,-0.0000
569397,dynamic,-2.6667,0.0605,3.2014,25.77,2.000,-0.2858,-1.6333,1.6581,0.3832,1.6132,0.000,1,SEARCH,0.0000,0.0000,0.0000,-0.0000
569491,dynamic,-2.6715,0.0640,3.2017,32.74,2.000,-0.4301,-1.9957,2.0416,0.5489,1.9664,0.000,1,SEARCH,0.0000,0.0000,0.0000,-0.0000
569592,dynamic,-2.6742,0.0660,3.2018,32.74,2.000,-0.4301,-1.9957,2.0416,0.5492,1.9663,0.000,1,SEARCH,0.0000,0.0000,0.0000,-0.0000
569691,dynamic,-2.6767,0.0676,3.2016,32.74,2.000,-0.4301,-1.9957,2.0416,0.5493,1.9663,0.000,1,SEARCH,0.0000,0.0000,0.0000,-0.0000
569793,dynamic,-2.6780,0.0678,3.2014,32.74,2.000,-0.4301,-1.9957,2.0416,0.5484,1.9665,0.000,1,SEARCH,0.0000,0.0000,0.0000,-0.0000
569893,dynamic,-2.6793,0.0676,3.2017,32.74,2.000,-0.4301,-1.9957,2.0416,0.5483,1.9666,0.000,1,SEARCH,0.0000,0.0000,0.0000,-0.0000
570004,dynamic,-2.6801,0.0682,3.2013,32.74,2.000,-0.4301,-1.9957,2.0416,0.5491,1.9663,0.000,1,SEARCH,0.0000,0.0000,0.0000,-0.0000
570094,dynamic,-2.6808,0.0689,3.2015,26.19,2.000,-0.3051,-1.6560,1.6839,0.4037,1.6348,0.000,1,SEARCH,0.0000,0.0000,0.0000,-0.0000
570192,dynamic,-2.6794,0.0691,3.2014,26.19,2.000,-0.3051,-1.6560,1.6839,0.4036,1.6348,0.000,1,SEARCH,0.0000,0.0000,0.0000,-0.0000
570291,dynamic,-2.6778,0.0692,3.2014,26.19,2.000,-0.3051,-1.6560,1.6839,0.4035,1.6348,0.000,1,SEARCH,0.0000,0.0000,0.0000,-0.0000
570392,dynamic,-2.6765,0.0693,3.2014,26.19,2.000,-0.3051,-1.6560,1.6839,0.4035,1.6348,0.000,1,SEARCH,0.0000,0.0000,0.0000,-0.0000
570492,dynamic,-2.6756,0.0693,3.2014,26.19,2.000,-0.3051,-1.6560,1.6839,0.4035,1.6348,0.000,1,SEARCH,0.0000,0.0000,0.0000,-0.0000
570592,dynamic,-2.6739,0.0694,3.2013,26.19,2.000,-0.3051,-1.6560,1.6839,0.4034,1.6348,0.000,1,SEARCH,0.0000,0.0000,0.0000,-0.0000
570693,dynamic,-2.6725,0.0695,3.2013,26.19,2.000,-0.3051,-1.6560,1.6839,0.4033,1.6349,0.000,1,SEARCH,0.0000,0.0000,0.0000,-0.0000
570792,dynamic,-2.6708,0.0698,3.2013,25.26,2.000,-0.3280,-1.6652,1.6972,0.4268,1.6427,0.000,1,SEARCH,0.0000,0.0000,0.0000,-0.0000
570890,dynamic,-2.6696,0.0701,3.2013,25.26,2.000,-0.3280,-1.6652,1.6972,0.4268,1.6426,0.000,1,SEARCH,0.0000,0.0000,0.0000,-0.0000
570991,dynamic,-2.6683,0.0699,3.2013,25.26,2.000,-0.3280,-1.6652,1.6972,0.4268,1.6426,0.000,1,SEARCH,0.0000,0.0000,0.0000,-0.0000
571090,dynamic,-2.6674,0.0697,3.2014,25.26,2.000,-0.3280,-1.6652,1.6972,0.4269,1.6426,0.000,1,SEARCH,0.0000,0.0000,0.0000,-0.0000
571190,dynamic,-2.6671,0.0695,3.2014,25.26,2.000,-0.3280,-1.6652,1.6972,0.4269,1.6426,0.000,1,SEARCH,0.0000,0.0000,0.0000,-0.0000
571306,dynamic,-2.6671,0.0693,3.2013,25.26,2.000,-0.3280,-1.6652,1.6972,0.4268,1.6426,0.000,1,SEARCH,0.0000,0.0000,0.0000,-0.0000
571392,dynamic,-2.6665,0.0690,3.2013,32.82,2.000,-0.4310,-2.0026,2.0485,0.5498,1.9733,0.000,1,SEARCH,0.0000,0.0000,0.0000,-0.0000
571493,dynamic,-2.6658,0.0687,3.2013,32.82,2.000,-0.4310,-2.0026,2.0485,0.5498,1.9733,0.000,1,SEARCH,0.0000,0.0000,0.0000,-0.0000
571590,dynamic,-2.6649,0.0684,3.2015,32.82,2.000,-0.4310,-2.0026,2.0485,0.5501,1.9732,0.000,1,SEARCH,0.0000,0.0000,0.0000,-0.0000
571694,dynamic,-2.6641,0.0681,3.2013,32.82,2.000,-0.4310,-2.0026,2.0485,0.5500,1.9732,0.000,1,SEARCH,0.0000,0.0000,0.0000,-0.0000
571792,dynamic,-2.6634,0.0680,3.2015,32.82,2.000,-0.4310,-2.0026,2.0485,0.5501,1.9732,0.000,1,SEARCH,0.0000,0.0000,0.0000,-0.0000
571898,dynamic,-2.6627,0.0680,3.2016,32.82,2.000,-0.4310,-2.0026,2.0485,0.5502,1.9732,0.000,1,SEARCH,0.0000,0.0000,0.0000,-0.0000
571993,dynamic,-2.6623,0.0681,3.2018,25.60,2.000,-0.3023,-1.6491,1.6766,0.4004,1.6281,0.000,1,SEARCH,0.0000,0.0000,0.0000,-0.0000
572092,dynamic,-2.6633,0.0689,3.2078,25.60,2.000,-0.3023,-1.6491,1.6766,0.4072,1.6264,0.000,1,SEARCH,0.0000,0.0000,0.0000,-0.0000
572195,dynamic,-2.6643,0.0696,3.2159,25.60,2.000,-0.3023,-1.6491,1.6766,0.4178,1.6237,0.000,1,SEARCH,0.0000,0.0000,0.0000,-0.0000
572293,dynamic,-2.6694,0.0671,3.2532,25.60,2.000,-0.3023,-1.6491,1.6766,0.4457,1.6163,0.000,1,SEARCH,0.0000,0.0000,0.0000,-0.0000
572395,dynamic,-2.6767,0.0654,3.2854,25.60,2.000,-0.3023,-1.6491,1.6766,0.5095,1.5973,0.000,1,SEARCH,0.0000,0.0000,0.0000,-0.0000
572495,dynamic,-2.6854,0.0603,3.2910,32.82,2.000,-0.3922,-1.9689,2.0076,0.6834,1.8877,0.000,1,SEARCH,0.0000,0.0000,0.0000,-0.0000
572591,dynamic,-2.6918,0.0564,3.2690,32.82,2.000,-0.3922,-1.9689,2.0076,0.6505,1.8993,0.000,1,SEARCH,0.0000,0.0000,0.0000,-0.0000
572691,dynamic,-2.7006,0.0531,3.2350,32.82,2.000,-0.3922,-1.9689,2.0076,0.6020,1.9152,0.000,1,SEARCH,0.0000,0.0000,0.0000,-0.0000
572791,dynamic,-2.7155,0.0515,3.2037,32.82,2.000,-0.3922,-1.9689,2.0076,0.5368,1.9345,0.000,1,SEARCH,0.0000,0.0000,0.0000,-0.0000
572890,dynamic,-2.7364,0.0496,3.1870,32.82,2.000,-0.3922,-1.9689,2.0076,0.4853,1.9481,0.000,1,SEARCH,0.0000,0.0000,0.0000,-0.0000
572992,dynamic,-2.7495,0.0451,3.1829,32.82,2.000,-0.3922,-1.9689,2.0076,0.4731,1.9511,0.000,1,SEARCH,0.0000,0.0000,0.0000,-0.0000
573096,dynamic,-2.7635,0.0356,3.1734,32.82,2.000,-0.3922,-1.9689,2.0076,0.4568,1.9550,0.000,1,SEARCH,0.0000,0.0000,0.0000,-0.0000
573195,dynamic,-2.7772,0.0272,3.1779,26.89,2.000,-0.3278,-1.7241,1.7550,0.3849,1.7123,0.000,1,SEARCH,0.0000,0.0000,0.0000,-0.0000
573292,dynamic,-2.7921,0.0211,3.1947,26.89,2.000,-0.3278,-1.7241,1.7550,0.4077,1.7070,0.000,1,SEARCH,0.0000,0.0000,0.0000,-0.0000
573392,dynamic,-2.8127,0.0174,3.2137,26.89,2.000,-0.3278,-1.7241,1.7550,0.4391,1.6992,0.000,1,SEARCH,0.0000,0.0000,0.0000,-0.0000
573494,dynamic,-2.8307,0.0149,3.2266,26.89,2.000,-0.3278,-1.7241,1.7550,0.4665,1.6918,0.000,1,SEARCH,0.0000,0.0000,0.0000,-0.0000
573590,dynamic,-2.8455,0.0141,3.2300,26.89,2.000,-0.3278,-1.7241,1.7550,0.4769,1.6890,0.000,1,SEARCH,0.0000,0.0000,0.0000,-0.0000
573693,dynamic,-2.8575,0.0142,3.2367,26.89,2.000,-0.3278,-1.7241,1.7550,0.4836,1.6870,0.000,1,SEARCH,0.0000,0.0000,0.0000,-0.0000
573791,dynamic,-2.8722,0.0164,3.2473,26.89,2.000,-0.3278,-1.7241,1.7550,0.5014,1.6818,0.000,1,SEARCH,0.0000,0.0000,0.0000,-0.0000
573890,dynamic,-2.8847,0.0183,3.2510,32.68,2.000,0.1356,-1.5295,1.5355,0.0316,1.5352,0.000,1,SEARCH,0.0000,0.0000,0.0000,-0.0000
573990,dynamic,-2.8942,0.0207,3.2498,32.68,2.000,0.1356,-1.5295,1.5355,0.0314,1.5352,0.000,1,SEARCH,0.0000,0.0000,0.0000,-0.0000
574093,dynamic,-2.9039,0.0245,3.2496,32.68,2.000,0.1356,-1.5295,1.5355,0.0296,1.5352,0.000,1,SEARCH,0.0000,0.0000,0.0000,-0.0000
574190,dynamic,-2.9151,0.0301,3.2500,32.68,2.000,0.1356,-1.5295,1.5355,0.0301,1.5352,0.000,1,SEARCH,0.0000,0.0000,0.0000,-0.0000
574292,dynamic,-2.9256,0.0352,3.2500,32.68,2.000,0.1356,-1.5295,1.5355,0.0321,1.5352,0.000,1,SEARCH,0.0000,0.0000,0.0000,-0.0000
574395,dynamic,-2.9353,0.0411,3.2447,32.68,2.000,0.1356,-1.5295,1.5355,0.0265,1.5353,0.000,1,SEARCH,0.0000,0.0000,0.0000,-0.0000
574498,dynamic,-2.9424,0.0463,3.2364,32.68,2.000,0.1356,-1.5295,1.5355,0.0159,1.5354,0.000,1,SEARCH,0.0000,0.0000,0.0000,-0.0000
574592,dynamic,-2.9522,0.0519,3.2256,0.00,2.000,0.0000,0.0000,0.0000,-0.0000,0.0000,0.000,0,SEARCH,0.0000,0.0000,0.0000,-0.0000
574692,dynamic,-2.9598,0.0548,3.2195,0.00,2.000,0.0000,0.0000,0.0000,-0.0000,0.0000,0.000,0,SEARCH,0.0000,0.0000,0.0000,-0.0000
574794,dynamic,-2.9648,0.0551,3.2200,0.00,2.000,0.0000,0.0000,0.0000,-0.0000,0.0000,0.000,0,SEARCH,0.0000,0.0000,0.0000,-0.0000
574892,dynamic,-2.9683,0.0551,3.2266,0.00,2.000,0.0000,0.0000,0.0000,-0.0000,0.0000,0.000,0,SEARCH,0.0000,0.0000,0.0000,-0.0000
574992,dynamic,-2.9720,0.0564,3.2367,0.00,2.000,0.0000,0.0000,0.0000,-0.0000,0.0000,0.000,0,SEARCH,0.0000,0.0000,0.0000,-0.0000
575092,dynamic,-2.9763,0.0590,3.2470,0.00,2.000,0.0000,0.0000,0.0000,-0.0000,0.0000,0.000,0,SEARCH,0.0000,0.0000,0.0000,-0.0000
575191,dynamic,-2.9826,0.0604,3.2524,0.00,2.000,0.0000,0.0000,0.0000,-0.0000,0.0000,0.000,0,SEARCH,0.0000,0.0000,0.0000,-0.0000
575299,dynamic,-2.9889,0.0607,3.2572,0.00,2.000,0.0000,0.0000,0.0000,-0.0000,0.0000,0.000,0,SEARCH,0.0000,0.0000,0.0000,-0.0000
575393,dynamic,-2.9943,0.0628,3.2634,20.60,2.000,0.1966,-0.9088,0.9298,-0.0859,0.9258,0.000,1,SEARCH,0.0000,0.0000,0.0000,-0.0000
575493,dynamic,-2.9986,0.0647,3.2701,20.60,2.000,0.1966,-0.9088,0.9298,-0.0799,0.9263,0.000,1,SEARCH,0.0000,0.0000,0.0000,-0.0000
575591,dynamic,-3.0047,0.0664,3.2780,20.60,2.000,0.1966,-0.9088,0.9298,-0.0726,0.9270,0.000,1,SEARCH,0.0000,0.0000,0.0000,-0.0000
575691,dynamic,-3.0114,0.0682,3.2832,20.60,2.000,0.1966,-0.9088,0.9298,-0.0676,0.9273,0.000,1,SEARCH,0.0000,0.0000,0.0000,-0.0000
575792,dynamic,-3.0180,0.0694,3.2840,20.60,2.000,0.1966,-0.9088,0.9298,-0.0654,0.9275,0.000,1,SEARCH,0.0000,0.0000,0.0000,-0.0000
575892,dynamic,-3.0266,0.0701,3.2776,20.60,2.000,0.1966,-0.9088,0.9298,-0.0683,0.9273,0.000,1,SEARCH,0.0000,0.0000,0.0000,-0.0000
575991,dynamic,-3.0367,0.0726,3.2649,20.60,2.000,0.1966,-0.9088,0.9298,-0.0780,0.9265,0.000,1,SEARCH,0.0000,0.0000,0.0000,-0.0000
576091,dynamic,-3.0473,0.0755,3.2513,20.60,2.000,0.1966,-0.9088,0.9298,-0.0931,0.9251,0.000,1,SEARCH,0.0000,0.0000,0.0000,-0.0000
576191,dynamic,-3.0583,0.0775,3.2356,20.60,2.000,0.1966,-0.9088,0.9298,-0.1045,0.9239,0.000,1,SEARCH,0.0000,0.0000,0.0000,-0.0000
576290,dynamic,-3.0686,0.0789,3.2213,20.60,2.000,0.1966,-0.9088,0.9298,-0.1213,0.9218,0.000,1,SEARCH,0.0000,0.0000,0.0000,-0.0000
576392,dynamic,-3.0776,0.0794,3.2146,20.60,2.000,0.1966,-0.9088,0.9298,-0.1291,0.9208,0.000,1,SEARCH,0.0000,0.0000,0.0000,-0.0000
576492,dynamic,-3.0851,0.0805,3.2151,20.60,2.000,0.1966,-0.9088,0.9298,-0.1299,0.9207,0.000,1,SEARCH,0.0000,0.0000,0.0000,-0.0000
576593,dynamic,-3.0923,0.0836,3.2277,20.60,2.000,0.1966,-0.9088,0.9298,-0.1209,0.9219,0.000,1,SEARCH,0.0000,0.0000,0.0000,-0.0000
576696,dynamic,-3.0992,0.0867,3.2450,20.60,2.000,0.1966,-0.9088,0.9298,-0.1049,0.9238,0.000,1,SEARCH,0.0000,0.0000,0.0000,-0.0000
576794,dynamic,-3.1069,0.0872,3.2609,20.60,2.000,0.1966,-0.9088,0.9298,-0.0894,0.9255,0.000,1,SEARCH,0.0000,0.0000,0.0000,-0.0000
576899,dynamic,-3.1132,0.0864,3.2709,20.60,2.000,0.1966,-0.9088,0.9298,-0.0812,0.9262,0.000,1,SEARCH,0.0000,0.0000,0.0000,-0.0000
576992,dynamic,-3.1200,0.0885,3.2805,20.60,2.000,0.1966,-0.9088,0.9298,-0.0719,0.9270,0.000,1,SEARCH,0.0000,0.0000,0.0000,-0.0000
577093,dynamic,-3.1254,0.0895,3.2884,18.65,2.000,0.1230,-0.7463,0.7564,-0.0139,0.7563,0.000,1,SEARCH,0.0000,0.0000,0.0000,-0.0000
577194,dynamic,-3.1304,0.0890,3.2928,18.65,2.000,0.1230,-0.7463,0.7564,-0.0091,0.7563,0.000,1,SEARCH,0.0000,0.0000,0.0000,-0.0000
577291,dynamic,-3.1337,0.0903,3.2883,18.65,2.000,0.1230,-0.7463,0.7564,-0.0104,0.7563,0.000,1,SEARCH,0.0000,0.0000,0.0000,-0.0000
577393,dynamic,-3.1377,0.0906,3.2783,18.65,2.000,0.1230,-0.7463,0.7564,-0.0185,0.7562,0.000,1,SEARCH,0.0000,0.0000,0.0000,-0.0000
577497,dynamic,-3.1427,0.0892,3.2764,18.65,2.000,0.1230,-0.7463,0.7564,-0.0223,0.7561,0.000,1,SEARCH,0.0000,0.0000,0.0000,-0.0000
577592,dynamic,-3.1470,0.0880,3.2818,18.65,2.000,0.1230,-0.7463,0.7564,-0.0181,0.7562,0.000,1,SEARCH,0.0000,0.0000,0.0000,-0.0000
577693,dynamic,-3.1526,0.0869,3.2844,18.65,2.000,0.1230,-0.7463,0.7564,-0.0163,0.7562,0.000,1,SEARCH,0.0000,0.0000,0.0000,-0.0000
577794,dynamic,-3.1588,0.0850,3.2831,18.65,2.000,0.1230,-0.7463,0.7564,-0.0150,0.7562,0.000,1,SEARCH,0.0000,0.0000,0.0000,-0.0000
577909,dynamic,-3.1639,0.0827,3.2739,18.65,2.000,0.1230,-0.7463,0.7564,-0.0199,0.7561,0.000,1,SEARCH,0.0000,0.0000,0.0000,-0.0000
577994,dynamic,-3.1732,0.0827,3.2604,19.30,2.000,0.1488,-0.7585,0.7730,-0.0552,0.7710,0.000,1,SEARCH,0.0000,0.0000,0.0000,-0.0000
578093,dynamic,-3.1811,0.0818,3.2418,19.30,2.000,0.1488,-0.7585,0.7730,-0.0657,0.7702,0.000,1,SEARCH,0.0000,0.0000,0.0000,-0.0000
578192,dynamic,-3.1870,0.0799,3.2201,19.30,2.000,0.1488,-0.7585,0.7730,-0.0860,0.7682,0.000,1,SEARCH,0.0000,0.0000,0.0000,-0.0000
578291,dynamic,-3.1928,0.0774,3.1967,19.30,2.000,0.1488,-0.7585,0.7730,-0.1035,0.7660,0.000,1,SEARCH,0.0000,0.0000,0.0000,-0.0000
578392,dynamic,-3.1971,0.0749,3.1755,19.30,2.000,0.1488,-0.7585,0.7730,-0.1202,0.7635,0.000,1,SEARCH,0.0000,0.0000,0.0000,-0.0000
578492,dynamic,-3.2016,0.0722,3.1592,19.30,2.000,0.1488,-0.7585,0.7730,-0.1331,0.7614,0.000,1,SEARCH,0.0000,0.0000,0.0000,-0.0000
578593,dynamic,-3.2092,0.0691,3.1482,19.30,2.000,0.1488,-0.7585,0.7730,-0.1429,0.7596,0.000,1,SEARCH,0.0000,0.0000,0.0000,-0.0000
578694,dynamic,-3.2185,0.0669,3.1490,19.30,2.000,0.1488,-0.7585,0.7730,-0.1435,0.7595,0.000,1,SEARCH,0.0000,0.0000,0.0000,-0.0000
578793,dynamic,-3.2259,0.0644,3.1502,19.30,2.000,0.1488,-0.7585,0.7730,-0.1426,0.7597,0.000,1,SEARCH,0.0000,0.0000,0.0000,-0.0000
578896,dynamic,-3.2304,0.0622,3.1510,19.30,2.000,0.1488,-0.7585,0.7730,-0.1417,0.7599,0.000,1,SEARCH,0.0000,0.0000,0.0000,-0.0000
578991,dynamic,-3.2343,0.0611,3.1476,19.30,2.000,0.1488,-0.7585,0.7730,-0.1435,0.7595,0.000,1,SEARCH,0.0000,0.0000,0.0000,-0.0000
579094,dynamic,-3.2384,0.0613,3.1426,24.70,2.000,0.1947,-0.7267,0.7523,-0.1935,0.7270,0.000,1,SEARCH,0.0000,0.0000,0.0000,-0.0000
579193,dynamic,-3.2433,0.0613,3.1406,24.70,2.000,0.1947,-0.7267,0.7523,-0.1952,0.7266,0.000,1,SEARCH,0.0000,0.0000,0.0000,-0.0000
579292,dynamic,-3.2482,0.0627,3.1421,24.70,2.000,0.1947,-0.7267,0.7523,-0.1948,0.7267,0.000,1,SEARCH,0.0000,0.0000,0.0000,-0.0000
579392,dynamic,-3.2503,0.0632,3.1427,24.70,2.000,0.1947,-0.7267,0.7523,-0.1938,0.7269,0.000,1,SEARCH,0.0000,0.0000,0.0000,-0.0000
579491,dynamic,-3.2522,0.0626,3.1445,24.70,2.000,0.1947,-0.7267,0.7523,-0.1937,0.7270,0.000,1,SEARCH,0.0000,0.0000,0.0000,-0.0000
579591,dynamic,-3.2539,0.0608,3.1474,24.70,2.000,0.1947,-0.7267,0.7523,-0.1904,0.7278,0.000,1,SEARCH,0.0000,0.0000,0.0000,-0.0000
579692,dynamic,-3.2544,0.0606,3.1409,24.70,2.000,0.1947,-0.7267,0.7523,-0.1935,0.7270,0.000,1,SEARCH,0.0000,0.0000,0.0000,-0.0000
579798,dynamic,-3.2569,0.0622,3.1268,24.70,2.000,0.1947,-0.7267,0.7523,-0.2034,0.7243,0.000,1,SEARCH,0.0000,0.0000,0.0000,-0.0000
579892,dynamic,-3.2607,0.0639,3.1141,24.70,2.000,0.1947,-0.7267,0.7523,-0.2128,0.7216,0.000,1,SEARCH,0.0000,0.0000,0.0000,-0.0000
579992,dynamic,-3.2659,0.0651,3.1047,24.70,2.000,0.1947,-0.7267,0.7523,-0.2203,0.7194,0.000,1,SEARCH,0.0000,0.0000,0.0000,-0.0000
580091,dynamic,-3.2711,0.0660,3.0980,24.70,2.000,0.1947,-0.7267,0.7523,-0.2233,0.7184,0.000,1,SEARCH,0.0000,0.0000,0.0000,-0.0000
580193,dynamic,-3.2755,0.0661,3.0896,27.64,2.000,0.1333,-0.7345,0.7465,-0.1701,0.7269,0.000,1,SEARCH,0.0000,0.0000,0.0000,-0.0000
580293,dynamic,-3.2789,0.0669,3.0841,27.64,2.000,0.1333,-0.7345,0.7465,-0.1747,0.7258,0.000,1,SEARCH,0.0000,0.0000,0.0000,-0.0000
580392,dynamic,-3.2829,0.0672,3.0808,27.64,2.000,0.1333,-0.7345,0.7465,-0.1773,0.7251,0.000,1,SEARCH,0.0000,0.0000,0.0000,-0.0000
580497,dynamic,-3.2882,0.0681,3.0799,27.64,2.000,0.1333,-0.7345,0.7465,-0.1781,0.7250,0.000,1,SEARCH,0.0000,0.0000,0.0000,-0.0000
580592,dynamic,-3.2948,0.0678,3.0804,27.64,2.000,0.1333,-0.7345,0.7465,-0.1783,0.7249,0.000,1,SEARCH,0.0000,0.0000,0.0000,-0.0000
580695,dynamic,-3.3001,0.0686,3.0874,27.64,2.000,0.1333,-0.7345,0.7465,-0.1756,0.7255,0.000,1,SEARCH,0.0000,0.0000,0.0000,-0.0000
580791,dynamic,-3.3088,0.0718,3.1013,33.05,2.000,0.1987,-0.8203,0.8440,-0.2341,0.8109,0.000,1,SEARCH,0.0000,0.0000,0.0000,-0.0000
580892,dynamic,-3.3188,0.0759,3.1183,33.05,2.000,0.1987,-0.8203,0.8440,-0.2204,0.8147,0.000,1,SEARCH,0.0000,0.0000,0.0000,-0.0000
580994,dynamic,-3.3315,0.0801,3.1324,33.05,2.000,0.1987,-0.8203,0.8440,-0.2083,0.8179,0.000,1,SEARCH,0.0000,0.0000,0.0000,-0.0000
581096,dynamic,-3.3457,0.0844,3.1450,33.05,2.000,0.1987,-0.8203,0.8440,-0.1981,0.8204,0.000,1,SEARCH,0.0000,0.0000,0.0000,-0.0000
581191,dynamic,-3.3620,0.0903,3.1584,33.05,2.000,0.1987,-0.8203,0.8440,-0.1871,0.8230,0.000,1,SEARCH,0.0000,0.0000,0.0000,-0.0000
581296,dynamic,-3.3770,0.0974,3.1702,33.05,2.000,0.1987,-0.8203,0.8440,-0.1767,0.8253,0.000,1,SEARCH,0.0000,0.0000,0.0000,-0.0000
581390,dynamic,-3.3897,0.1036,3.1783,33.05,2.000,0.1987,-0.8203,0.8440,-0.1715,0.8264,0.000,1,SEARCH,0.0000,0.0000,0.0000,-0.0000
581491,dynamic,-3.4026,0.1109,3.1851,36.24,2.000,0.3675,-0.8398,0.9167,-0.3316,0.8546,0.000,1,SEARCH,0.0000,0.0000,0.0000,-0.0000
581596,dynamic,-3.4132,0.1172,3.1923,36.24,2.000,0.3675,-0.8398,0.9167,-0.3257,0.8569,0.000,1,SEARCH,0.0000,0.0000,0.0000,-0.0000
581691,dynamic,-3.4215,0.1218,3.1992,36.24,2.000,0.3675,-0.8398,0.9167,-0.3195,0.8592,0.000,1,SEARCH,0.0000,0.0000,0.0000,-0.0000
581790,dynamic,-3.4280,0.1257,3.2019,36.24,2.000,0.3675,-0.8398,0.9167,-0.3162,0.8605,0.000,1,SEARCH,0.0000,0.0000,0.0000,-0.0000
581891,dynamic,-3.4309,0.1279,3.2004,36.24,2.000,0.3675,-0.8398,0.9167,-0.3172,0.8601,0.000,1,SEARCH,0.0000,0.0000,0.0000,-0.0000
581991,dynamic,-3.4337,0.1284,3.1996,36.24,2.000,0.3675,-0.8398,0.9167,-0.3180,0.8598,0.000,1,SEARCH,0.0000,0.0000,0.0000,-0.0000
582090,dynamic,-3.4357,0.1279,3.1994,36.24,2.000,0.3675,-0.8398,0.9167,-0.3185,0.8596,0.000,1,SEARCH,0.0000,0.0000,0.0000,-0.0000
582190,dynamic,-3.4376,0.1282,3.1998,36.24,2.000,0.3675,-0.8398,0.9167,-0.3180,0.8598,0.000,1,SEARCH,0.0000,0.0000,0.0000,-0.0000
582300,dynamic,-3.4378,0.1291,3.1978,36.24,2.000,0.3675,-0.8398,0.9167,-0.3190,0.8594,0.000,1,SEARCH,0.0000,0.0000,0.0000,-0.0000
582390,dynamic,-3.4384,0.1283,3.1935,28.54,2.000,0.4041,-0.6732,0.7852,-0.3683,0.6934,0.000,1,SEARCH,0.0000,0.0000,0.0000,-0.0000
582492,dynamic,-3.4377,0.1267,3.1928,28.54,2.000,0.4041,-0.6732,0.7852,-0.3690,0.6931,0.000,1,SEARCH,0.0000,0.0000,0.0000,-0.0000
582591,dynamic,-3.4351,0.1256,3.1880,28.54,2.000,0.4041,-0.6732,0.7852,-0.3714,0.6918,0.000,1,SEARCH,0.0000,0.0000,0.0000,-0.0000
582691,dynamic,-3.4298,0.1245,3.1804,28.54,2.000,0.4041,-0.6732,0.7852,-0.3767,0.6889,0.000,1,SEARCH,0.0000,0.0000,0.0000,-0.0000
582790,dynamic,-3.4245,0.1224,3.1758,28.54,2.000,0.4041,-0.6732,0.7852,-0.3808,0.6867,0.000,1,SEARCH,0.0000,0.0000,0.0000,-0.0000
582890,dynamic,-3.4172,0.1204,3.1805,28.54,2.000,0.4041,-0.6732,0.7852,-0.3789,0.6877,0.000,1,SEARCH,0.0000,0.0000,0.0000,-0.0000
582990,dynamic,-3.4120,0.1188,3.1962,34.04,2.000,0.4438,-0.6617,0.7967,-0.4096,0.6834,0.000,1,SEARCH,0.0000,0.0000,0.0000,-0.0000
583090,dynamic,-3.4074,0.1191,3.2116,34.04,2.000,0.4438,-0.6617,0.7967,-0.3981,0.6901,0.000,1,SEARCH,0.0000,0.0000,0.0000,-0.0000
583190,dynamic,-3.4039,0.1180,3.2160,34.04,2.000,0.4438,-0.6617,0.7967,-0.3933,0.6929,0.000,1,SEARCH,0.0000,0.0000,0.0000,-0.0000
583290,dynamic,-3.3998,0.1168,3.2104,34.04,2.000,0.4438,-0.6617,0.7967,-0.3957,0.6915,0.000,1,SEARCH,0.0000,0.0000,0.0000,-0.0000
583390,dynamic,-3.3953,0.1162,3.1989,34.04,2.000,0.4438,-0.6617,0.7967,-0.4036,0.6869,0.000,1,SEARCH,0.0000,0.0000,0.0000,-0.0000
583489,dynamic,-3.3907,0.1148,3.1923,34.04,2.000,0.4438,-0.6617,0.7967,-0.4094,0.6835,0.000,1,SEARCH,0.0000,0.0000,0.0000,-0.0000
583590,dynamic,-3.3884,0.1129,3.1956,34.04,2.000,0.4438,-0.6617,0.7967,-0.4084,0.6841,0.000,1,SEARCH,0.0000,0.0000,0.0000,-0.0000
583689,dynamic,-3.3868,0.1129,3.2044,34.04,2.000,0.4438,-0.6617,0.7967,-0.4027,0.6875,0.000,1,SEARCH,0.0000,0.0000,0.0000,-0.0000
583797,dynamic,-3.3846,0.1120,3.2108,34.04,2.000,0.4438,-0.6617,0.7967,-0.3985,0.6899,0.000,1,SEARCH,0.0000,0.0000,0.0000,-0.0000
583890,dynamic,-3.3806,0.1089,3.2094,28.49,2.000,0.4033,-0.7161,0.8219,-0.3531,0.7422,0.000,1,SEARCH,0.0000,0.0000,0.0000,-0.0000
583990,dynamic,-3.3776,0.1064,3.2033,28.49,2.000,0.4033,-0.7161,0.8219,-0.3577,0.7399,0.000,1,SEARCH,0.0000,0.0000,0.0000,-0.0000
584089,dynamic,-3.3759,0.1053,3.2004,28.49,2.000,0.4033,-0.7161,0.8219,-0.3603,0.7387,0.000,1,SEARCH,0.0000,0.0000,0.0000,-0.0000
584189,dynamic,-3.3760,0.1039,3.2018,28.49,2.000,0.4033,-0.7161,0.8219,-0.3599,0.7389,0.000,1,SEARCH,0.0000,0.0000,0.0000,-0.0000
584290,dynamic,-3.3780,0.1016,3.2054,28.49,2.000,0.4033,-0.7161,0.8219,-0.3572,0.7402,0.000,1,SEARCH,0.0000,0.0000,0.0000,-0.0000
584390,dynamic,-3.3811,0.0968,3.2031,28.49,2.000,0.4033,-0.7161,0.8219,-0.3577,0.7399,0.000,1,SEARCH,0.0000,0.0000,0.0000,-0.0000
584489,dynamic,-3.3836,0.0931,3.1956,28.49,2.000,0.4033,-0.7161,0.8219,-0.3628,0.7374,0.000,1,SEARCH,0.0000,0.0000,0.0000,-0.0000
584589,dynamic,-3.3857,0.0918,3.1850,28.49,2.000,0.4033,-0.7161,0.8219,-0.3703,0.7337,0.000,1,SEARCH,0.0000,0.0000,0.0000,-0.0000
584690,dynamic,-3.3878,0.0891,3.1758,28.49,2.000,0.4033,-0.7161,0.8219,-0.3775,0.7300,0.000,1,SEARCH,0.0000,0.0000,0.0000,-0.0000
584796,dynamic,-3.3914,0.0848,3.1713,28.49,2.000,0.4033,-0.7161,0.8219,-0.3810,0.7282,0.000,1,SEARCH,0.0000,0.0000,0.0000,-0.0000
584890,dynamic,-3.3963,0.0808,3.1684,25.42,2.000,0.3272,-0.6837,0.7580,-0.3082,0.6925,0.000,1,SEARCH,0.0000,0.0000,0.0000,-0.0000
584990,dynamic,-3.4001,0.0759,3.1655,25.42,2.000,0.3272,-0.6837,0.7580,-0.3104,0.6915,0.000,1,SEARCH,0.0000,0.0000,0.0000,-0.0000
585091,dynamic,-3.4032,0.0731,3.1618,25.42,2.000,0.3272,-0.6837,0.7580,-0.3126,0.6905,0.000,1,SEARCH,0.0000,0.0000,0.0000,-0.0000
585190,dynamic,-3.4068,0.0709,3.1573,25.42,2.000,0.3272,-0.6837,0.7580,-0.3157,0.6891,0.000,1,SEARCH,0.0000,0.0000,0.0000,-0.0000
585290,dynamic,-3.4107,0.0693,3.1516,25.42,2.000,0.3272,-0.6837,0.7580,-0.3193,0.6875,0.000,1,SEARCH,0.0000,0.0000,0.0000,-0.0000
585390,dynamic,-3.4140,0.0691,3.1417,25.42,2.000,0.3272,-0.6837,0.7580,-0.3256,0.6845,0.000,1,SEARCH,0.0000,0.0000,0.0000,-0.0000
585500,dynamic,-3.4172,0.0696,3.1320,25.42,2.000,0.3272,-0.6837,0.7580,-0.3299,0.6824,0.000,1,SEARCH,0.0000,0.0000,0.0000,-0.0000
585590,dynamic,-3.4207,0.0693,3.1254,25.92,2.000,0.1893,-0.6622,0.6887,-0.1994,0.6592,0.000,1,SEARCH,0.0000,0.0000,0.0000,-0.0000
585690,dynamic,-3.4225,0.0690,3.1237,25.92,2.000,0.1893,-0.6622,0.6887,-0.2012,0.6587,0.000,1,SEARCH,0.0000,0.0000,0.0000,-0.0000
585790,dynamic,-3.4237,0.0705,3.1263,25.92,2.000,0.1893,-0.6622,0.6887,-0.2001,0.6590,0.000,1,SEARCH,0.0000,0.0000,0.0000,-0.0000
585890,dynamic,-3.4238,0.0712,3.1346,25.92,2.000,0.1893,-0.6622,0.6887,-0.1953,0.6605,0.000,1,SEARCH,0.0000,0.0000,0.0000,-0.0000
585990,dynamic,-3.4234,0.0729,3.1426,25.92,2.000,0.1893,-0.6622,0.6887,-0.1894,0.6622,0.000,1,SEARCH,0.0000,0.0000,0.0000,-0.0000
586089,dynamic,-3.4216,0.0746,3.1464,25.92,2.000,0.1893,-0.6622,0.6887,-0.1866,0.6630,0.000,1,SEARCH,0.0000,0.0000,0.0000,-0.0000
586190,dynamic,-3.4192,0.0770,3.1507,25.92,2.000,0.1893,-0.6622,0.6887,-0.1839,0.6637,0.000,1,SEARCH,0.0000,0.0000,0.0000,-0.0000
586290,dynamic,-3.4180,0.0799,3.1569,25.92,2.000,0.1893,-0.6622,0.6887,-0.1802,0.6647,0.000,1,SEARCH,0.0000,0.0000,0.0000,-0.0000
586290,dynamic,-3.4183,0.0819,3.1674,25.92,2.000,0.1893,-0.6622,0.6887,-0.1802,0.6647,0.000,1,SEARCH,0.0000,0.0000,0.0000,-0.0000
586490,dynamic,-3.4206,0.0835,3.1801,30.03,2.000,0.2611,-0.7636,0.8071,-0.2333,0.7726,0.000,1,SEARCH,0.0000,0.0000,0.0000,-0.0000
586590,dynamic,-3.4229,0.0847,3.1897,30.03,2.000,0.2611,-0.7636,0.8071,-0.2255,0.7749,0.000,1,SEARCH,0.0000,0.0000,0.0000,-0.0000
586690,dynamic,-3.4265,0.0862,3.1986,30.03,2.000,0.2611,-0.7636,0.8071,-0.2182,0.7770,0.000,1,SEARCH,0.0000,0.0000,0.0000,-0.0000
586789,dynamic,-3.4301,0.0870,3.1988,30.03,2.000,0.2611,-0.7636,0.8071,-0.2166,0.7774,0.000,1,SEARCH,0.0000,0.0000,0.0000,-0.0000
586889,dynamic,-3.4349,0.0869,3.1937,30.03,2.000,0.2611,-0.7636,0.8071,-0.2201,0.7765,0.000,1,SEARCH,0.0000,0.0000,0.0000,-0.0000
586989,dynamic,-3.4398,0.0891,3.1892,30.03,2.000,0.2611,-0.7636,0.8071,-0.2238,0.7754,0.000,1,SEARCH,0.0000,0.0000,0.0000,-0.0000
587103,dynamic,-3.4456,0.0931,3.1845,30.03,2.000,0.2611,-0.7636,0.8071,-0.2270,0.7745,0.000,1,SEARCH,0.0000,0.0000,0.0000,-0.0000
587189,dynamic,-3.4529,0.0963,3.1873,35.93,2.000,0.2963,-0.7479,0.8044,-0.2628,0.7603,0.000,1,SEARCH,0.0000,0.0000,0.0000,-0.0000
587289,dynamic,-3.4600,0.0972,3.1925,35.93,2.000,0.2963,-0.7479,0.8044,-0.2587,0.7617,0.000,1,SEARCH,0.0000,0.0000,0.0000,-0.0000
587389,dynamic,-3.4658,0.0985,3.1983,35.93,2.000,0.2963,-0.7479,0.8044,-0.2542,0.7632,0.000,1,SEARCH,0.0000,0.0000,0.0000,-0.0000
587490,dynamic,-3.4717,0.1008,3.2024,35.93,2.000,0.2963,-0.7479,0.8044,-0.2510,0.7642,0.000,1,SEARCH,0.0000,0.0000,0.0000,-0.0000
587590,dynamic,-3.4749,0.1010,3.2043,35.93,2.000,0.2963,-0.7479,0.8044,-0.2485,0.7651,0.000,1,SEARCH,0.0000,0.0000,0.0000,-0.0000
587696,dynamic,-3.4791,0.0991,3.1923,35.93,2.000,0.2963,-0.7479,0.8044,-0.2529,0.7636,0.000,1,SEARCH,0.0000,0.0000,0.0000,-0.0000
587789,dynamic,-3.4886,0.1003,3.1726,33.48,2.000,0.4209,-0.6049,0.7370,-0.3999,0.6190,0.000,1,SEARCH,0.0000,0.0000,0.0000,-0.0000
587889,dynamic,-3.4998,0.1033,3.1584,33.48,2.000,0.4209,-0.6049,0.7370,-0.4090,0.6130,0.000,1,SEARCH,0.0000,0.0000,0.0000,-0.0000
587990,dynamic,-3.5127,0.1039,3.1417,33.48,2.000,0.4209,-0.6049,0.7370,-0.4184,0.6067,0.000,1,SEARCH,0.0000,0.0000,0.0000,-0.0000
588089,dynamic,-3.5255,0.1039,3.1223,33.48,2.000,0.4209,-0.6049,0.7370,-0.4303,0.5983,0.000,1,SEARCH,0.0000,0.0000,0.0000,-0.0000
588189,dynamic,-3.5376,0.1061,3.1063,33.48,2.000,0.4209,-0.6049,0.7370,-0.4403,0.5909,0.000,1,SEARCH,0.0000,0.0000,0.0000,-0.0000
588289,dynamic,-3.5488,0.1067,3.0951,33.48,2.000,0.4209,-0.6049,0.7370,-0.4475,0.5855,0.000,1,SEARCH,0.0000,0.0000,0.0000,-0.0000
588390,dynamic,-3.5577,0.1045,3.0900,33.48,2.000,0.4209,-0.6049,0.7370,-0.4515,0.5824,0.000,1,SEARCH,0.0000,0.0000,0.0000,-0.0000
588489,dynamic,-3.5708,0.1017,3.0929,26.98,2.000,0.3560,-0.6031,0.7003,-0.3859,0.5844,0.000,1,SEARCH,0.0000,0.0000,0.0000,-0.0000
588590,dynamic,-3.5825,0.1026,3.1096,26.98,2.000,0.3560,-0.6031,0.7003,-0.3776,0.5898,0.000,1,SEARCH,0.0000,0.0000,0.0000,-0.0000
588690,dynamic,-3.5960,0.1058,3.1348,26.98,2.000,0.3560,-0.6031,0.7003,-0.3634,0.5986,0.000,1,SEARCH,0.0000,0.0000,0.0000,-0.0000
588789,dynamic,-3.6124,0.1096,3.1648,26.98,2.000,0.3560,-0.6031,0.7003,-0.3455,0.6091,0.000,1,SEARCH,0.0000,0.0000,0.0000,-0.0000
588889,dynamic,-3.6300,0.1125,3.1929,26.98,2.000,0.3560,-0.6031,0.7003,-0.3277,0.6189,0.000,1,SEARCH,0.0000,0.0000,0.0000,-0.0000
588989,dynamic,-3.6449,0.1188,3.2115,26.98,2.000,0.3560,-0.6031,0.7003,-0.3144,0.6257,0.000,1,SEARCH,0.0000,0.0000,0.0000,-0.0000
589098,dynamic,-3.6543,0.1248,3.2162,26.98,2.000,0.3560,-0.6031,0.7003,-0.3110,0.6275,0.000,1,SEARCH,0.0000,0.0000,0.0000,-0.0000
589189,dynamic,-3.6717,0.1352,3.2138,29.68,2.000,0.3948,-0.6122,0.7284,-0.3490,0.6394,0.000,1,SEARCH,0.0000,0.0000,0.0000,-0.0000
589289,dynamic,-3.6856,0.1397,3.2049,29.68,2.000,0.3948,-0.6122,0.7284,-0.3539,0.6367,0.000,1,SEARCH,0.0000,0.0000,0.0000,-0.0000
589389,dynamic,-3.7006,0.1427,3.1913,29.68,2.000,0.3948,-0.6122,0.7284,-0.3617,0.6323,0.000,1,SEARCH,0.0000,0.0000,0.0000,-0.0000
589489,dynamic,-3.7134,0.1420,3.1677,29.68,2.000,0.3948,-0.6122,0.7284,-0.3752,0.6243,0.000,1,SEARCH,0.0000,0.0000,0.0000,-0.0000
589589,dynamic,-3.7240,0.1424,3.1368,29.68,2.000,0.3948,-0.6122,0.7284,-0.3940,0.6127,0.000,1,SEARCH,0.0000,0.0000,0.0000,-0.0000
589689,dynamic,-3.7306,0.1433,3.1138,29.68,2.000,0.3948,-0.6122,0.7284,-0.4096,0.6024,0.000,1,SEARCH,0.0000,0.0000,0.0000,-0.0000
589789,dynamic,-3.7374,0.1411,3.1057,29.68,2.000,0.3948,-0.6122,0.7284,-0.4160,0.5979,0.000,1,SEARCH,0.0000,0.0000,0.0000,-0.0000
589890,dynamic,-3.7440,0.1353,3.1068,29.68,2.000,0.3948,-0.6122,0.7284,-0.4163,0.5978,0.000,1,SEARCH,0.0000,0.0000,0.0000,-0.0000
589989,dynamic,-3.7535,0.1278,3.1067,29.68,2.000,0.3948,-0.6122,0.7284,-0.4153,0.5985,0.000,1,SEARCH,0.0000,0.0000,0.0000,-0.0000
590089,dynamic,-3.7610,0.1161,3.0945,29.68,2.000,0.3948,-0.6122,0.7284,-0.4210,0.5944,0.000,1,SEARCH,0.0000,0.0000,0.0000,-0.0000
590192,dynamic,-3.7658,0.1049,3.0740,29.68,2.000,0.3948,-0.6122,0.7284,-0.4314,0.5869,0.000,1,SEARCH,0.0000,0.0000,0.0000,-0.0000
590289,dynamic,-3.7701,0.0787,3.0129,32.91,2.000,0.5411,-0.6041,0.8111,-0.6077,0.5372,0.000,1,SEARCH,0.0000,0.0000,0.0000,-0.0000
590389,dynamic,-3.7705,0.0580,2.9442,32.91,2.000,0.5411,-0.6041,0.8111,-0.6421,0.4955,0.000,1,SEARCH,0.0000,0.0000,0.0000,-0.0000
590489,dynamic,-3.7688,0.0349,2.8732,32.91,2.000,0.5411,-0.6041,0.8111,-0.6756,0.4487,0.000,1,SEARCH,0.0000,0.0000,0.0000,-0.0000
590589,dynamic,-3.7669,0.0056,2.8022,32.91,2.000,0.5411,-0.6041,0.8111,-0.7060,0.3993,0.000,1,SEARCH,0.0000,0.0000,0.0000,-0.0000
590689,dynamic,-3.7628,-0.0227,2.7440,32.91,2.000,0.5411,-0.6041,0.8111,-0.7293,0.3548,0.000,1,SEARCH,0.0000,0.0000,0.0000,-0.0000
590789,dynamic,-3.7590,-0.0550,2.7067,32.91,2.000,0.5411,-0.6041,0.8111,-0.7434,0.3243,0.000,1,SEARCH,0.0000,0.0000,0.0000,-0.0000
590889,dynamic,-3.7562,-0.0874,2.6898,32.91,2.000,0.5411,-0.6041,0.8111,-0.7500,0.3086,0.000,1,SEARCH,0.0000,0.0000,0.0000,-0.0000
590989,dynamic,-3.7583,-0.1152,2.6949,32.91,2.000,0.5411,-0.6041,0.8111,-0.7500,0.3089,0.000,1,SEARCH,0.0000,0.0000,0.0000,-0.0000
591099,dynamic,-3.7657,-0.1379,2.7198,32.91,2.000,0.5411,-0.6041,0.8111,-0.7428,0.3257,0.000,1,SEARCH,0.0000,0.0000,0.0000,-0.0000
591189,dynamic,-3.7791,-0.1639,2.7409,47.15,2.000,0.2599,-0.7850,0.8269,-0.5476,0.6196,0.000,1,SEARCH,0.0000,0.0000,0.0000,-0.0000
591289,dynamic,-3.7927,-0.1881,2.7440,47.15,2.000,0.2599,-0.7850,0.8269,-0.5427,0.6239,0.000,1,SEARCH,0.0000,0.0000,0.0000,-0.0000
591389,dynamic,-3.8015,-0.2090,2.7303,47.15,2.000,0.2599,-0.7850,0.8269,-0.5503,0.6172,0.000,1,SEARCH,0.0000,0.0000,0.0000,-0.0000
591489,dynamic,-3.8078,-0.2281,2.7092,47.15,2.000,0.2599,-0.7850,0.8269,-0.5629,0.6058,0.000,1,SEARCH,0.0000,0.0000,0.0000,-0.0000
591589,dynamic,-3.8155,-0.2466,2.6898,47.15,2.000,0.2599,-0.7850,0.8269,-0.5754,0.5939,0.000,1,SEARCH,0.0000,0.0000,0.0000,-0.0000
591689,dynamic,-3.8258,-0.2638,2.6860,47.15,2.000,0.2599,-0.7850,0.8269,-0.5793,0.5901,0.000,1,SEARCH,0.0000,0.0000,0.0000,-0.0000
591790,dynamic,-3.8421,-0.2798,2.6862,0.00,2.000,0.0000,0.0000,0.0000,0.0000,-0.0000,0.000,0,SEARCH,0.0000,0.0000,0.0000,-0.0000
591889,dynamic,-3.8611,-0.2894,2.6782,0.00,2.000,0.0000,0.0000,0.0000,0.0000,-0.0000,0.000,0,SEARCH,0.0000,0.0000,0.0000,-0.0000
591989,dynamic,-3.8863,-0.3014,2.6586,0.00,2.000,0.0000,0.0000,0.0000,0.0000,-0.0000,0.000,0,SEARCH,0.0000,0.0000,0.0000,-0.0000
592090,dynamic,-3.9133,-0.3160,2.6133,0.00,2.000,0.0000,0.0000,0.0000,0.0000,-0.0000,0.000,0,SEARCH,0.0000,0.0000,0.0000,-0.0000
592189,dynamic,-3.9435,-0.3312,2.5334,0.00,2.000,0.0000,0.0000,0.0000,0.0000,-0.0000,0.000,0,SEARCH,0.0000,0.0000,0.0000,-0.0000
592295,dynamic,-3.9694,-0.3403,2.4510,0.00,2.000,0.0000,0.0000,0.0000,0.0000,-0.0000,0.000,0,SEARCH,0.0000,0.0000,0.0000,-0.0000
592389,dynamic,-4.0002,-0.3492,2.3745,0.00,2.000,0.0000,0.0000,0.0000,0.0000,-0.0000,0.000,0,SEARCH,0.0000,0.0000,0.0000,-0.0000
592489,dynamic,-4.0354,-0.3594,2.3070,0.00,2.000,0.0000,0.0000,0.0000,0.0000,-0.0000,0.000,0,SEARCH,0.0000,0.0000,0.0000,-0.0000
592589,dynamic,-4.0765,-0.3749,2.2509,0.00,2.000,0.0000,0.0000,0.0000,0.0000,-0.0000,0.000,0,SEARCH,0.0000,0.0000,0.0000,-0.0000
592690,dynamic,-4.1136,-0.3936,2.1773,0.00,2.000,0.0000,0.0000,0.0000,0.0000,-0.0000,0.000,0,SEARCH,0.0000,0.0000,0.0000,-0.0000
592789,dynamic,-4.1522,-0.4182,2.0826,0.00,2.000,0.0000,0.0000,0.0000,0.0000,-0.0000,0.000,0,SEARCH,0.0000,0.0000,0.0000,-0.0000
592892,dynamic,-4.1962,-0.4496,1.9730,0.00,2.000,0.0000,0.0000,0.0000,0.0000,-0.0000,0.000,0,SEARCH,0.0000,0.0000,0.0000,-0.0000
592989,dynamic,-4.2476,-0.4815,1.8565,0.00,2.000,0.0000,0.0000,0.0000,0.0000,-0.0000,0.000,0,SEARCH,0.0000,0.0000,0.0000,-0.0000
593089,dynamic,-4.2927,-0.5032,1.7522,0.00,2.000,0.0000,0.0000,0.0000,0.0000,-0.0000,0.000,0,SEARCH,0.0000,0.0000,0.0000,-0.0000
593190,dynamic,-4.3634,-0.5292,1.6783,0.00,2.000,0.0000,0.0000,0.0000,0.0000,-0.0000,0.000,0,SEARCH,0.0000,0.0000,0.0000,-0.0000
593289,dynamic,-4.4477,-0.5505,1.6272,0.00,2.000,0.0000,0.0000,0.0000,0.0000,-0.0000,0.000,0,SEARCH,0.0000,0.0000,0.0000,-0.0000
593390,dynamic,-4.5159,-0.5670,1.5827,0.00,2.000,0.0000,0.0000,0.0000,0.0000,-0.0000,0.000,0,SEARCH,0.0000,0.0000,0.0000,-0.0000
593492,dynamic,-4.5864,-0.5849,1.5171,0.00,2.000,0.0000,0.0000,0.0000,0.0000,0.0000,0.000,0,SEARCH,0.0000,0.0000,0.0000,-0.0000
593589,dynamic,-4.6532,-0.6025,1.4253,0.00,2.000,0.0000,0.0000,0.0000,0.0000,0.0000,0.000,0,SEARCH,0.0000,0.0000,0.0000,-0.0000
593689,dynamic,-4.7129,-0.6199,1.3182,0.00,2.000,0.0000,0.0000,0.0000,0.0000,0.0000,0.000,0,SEARCH,0.0000,0.0000,0.0000,-0.0000
593789,dynamic,-4.7773,-0.6369,1.2007,0.00,2.000,0.0000,0.0000,0.0000,0.0000,0.0000,0.000,0,SEARCH,0.0000,0.0000,0.0000,-0.0000
593889,dynamic,-4.8379,-0.6487,1.0828,0.00,2.000,0.0000,0.0000,0.0000,0.0000,0.0000,0.000,0,SEARCH,0.0000,0.0000,0.0000,-0.0000
593989,dynamic,-4.9009,-0.6547,0.9509,0.00,2.000,0.0000,0.0000,0.0000,0.0000,0.0000,0.000,0,SEARCH,0.0000,0.0000,0.0000,-0.0000
594089,dynamic,-4.9565,-0.6507,0.8245,0.00,2.000,0.0000,0.0000,0.0000,0.0000,0.0000,0.000,0,SEARCH,0.0000,0.0000,0.0000,-0.0000
594189,dynamic,-5.0119,-0.6410,0.7030,15.20,2.000,-1.0371,0.3431,1.0924,-0.5467,0.9457,0.000,1,SEARCH,0.0000,0.0000,0.0000,-0.0000
594289,dynamic,-5.0624,-0.6245,0.5827,15.20,2.000,-1.0371,0.3431,1.0924,-0.6616,0.8692,0.000,1,SEARCH,0.0000,0.0000,0.0000,-0.0000
594389,dynamic,-5.1178,-0.6084,0.4584,15.20,2.000,-1.0371,0.3431,1.0924,-0.7602,0.7845,0.000,1,SEARCH,0.0000,0.0000,0.0000,-0.0000
594489,dynamic,-5.1644,-0.6023,0.3469,15.20,2.000,-1.0371,0.3431,1.0924,-0.8439,0.6936,0.000,1,SEARCH,0.0000,0.0000,0.0000,-0.0000
594589,dynamic,-5.2139,-0.5984,0.2431,15.20,2.000,-1.0371,0.3431,1.0924,-0.9123,0.6008,0.000,1,SEARCH,0.0000,0.0000,0.0000,-0.0000
594689,dynamic,-5.2730,-0.5928,0.1590,15.20,2.000,-1.0371,0.3431,1.0924,-0.9623,0.5170,0.000,1,SEARCH,0.0000,0.0000,0.0000,-0.0000
594789,dynamic,-5.3398,-0.5807,0.1007,15.20,2.000,-1.0371,0.3431,1.0924,-0.9929,0.4554,0.000,1,SEARCH,0.0000,0.0000,0.0000,-0.0000
594889,dynamic,-5.4081,-0.5733,0.0659,15.20,2.000,-1.0371,0.3431,1.0924,-1.0101,0.4158,0.000,1,SEARCH,0.0000,0.0000,0.0000,-0.0000
594989,dynamic,-5.4738,-0.5723,0.0522,15.20,2.000,-1.0371,0.3431,1.0924,-1.0171,0.3984,0.000,1,SEARCH,0.0000,0.0000,0.0000,-0.0000
595090,dynamic,-5.5240,-0.5741,0.0440,9.22,2.000,0.8712,1.3882,1.6390,0.9388,1.3434,0.000,1,SEARCH,0.0000,0.0000,0.0000,-0.0000
595189,dynamic,-5.5751,-0.5755,0.0285,9.22,2.000,0.8712,1.3882,1.6390,0.9147,1.3600,0.000,1,SEARCH,0.0000,0.0000,0.0000,-0.0000
595289,dynamic,-5.6178,-0.5740,0.0092,9.22,2.000,0.8712,1.3882,1.6390,0.8897,1.3765,0.000,1,SEARCH,0.0000,0.0000,0.0000,-0.0000
595389,dynamic,-5.6453,-0.5710,6.2760,9.22,2.000,0.8712,1.3882,1.6390,0.8639,1.3928,0.000,1,SEARCH,0.0000,0.0000,0.0000,-0.0000
595489,dynamic,-5.6681,-0.5688,6.2750,9.22,2.000,0.8712,1.3882,1.6390,0.8565,1.3973,0.000,1,SEARCH,0.0000,0.0000,0.0000,-0.0000
595589,dynamic,-5.6896,-0.5676,0.0088,9.22,2.000,0.8712,1.3882,1.6390,0.8795,1.3830,0.000,1,SEARCH,0.0000,0.0000,0.0000,-0.0000
595689,dynamic,-5.7074,-0.5659,0.0212,9.22,2.000,0.8712,1.3882,1.6390,0.8976,1.3713,0.000,1,SEARCH,0.0000,0.0000,0.0000,-0.0000
595789,dynamic,-5.7278,-0.5647,0.0263,9.22,2.000,0.8712,1.3882,1.6390,0.9079,1.3645,0.000,1,SEARCH,0.0000,0.0000,0.0000,-0.0000
595889,dynamic,-5.7507,-0.5639,0.0074,9.22,2.000,0.8712,1.3882,1.6390,0.8901,1.3762,0.000,1,SEARCH,0.0000,0.0000,0.0000,-0.0000
595992,dynamic,-5.7831,-0.5689,6.2439,9.22,2.000,0.8712,1.3882,1.6390,0.8393,1.4078,0.000,1,SEARCH,0.0000,0.0000,0.0000,-0.0000
596089,dynamic,-5.8174,-0.5772,6.1845,19.82,2.000,0.9853,1.5616,1.8465,0.8451,1.6417,0.000,1,SEARCH,0.0000,0.0000,0.0000,-0.0000
596189,dynamic,-5.8503,-0.5808,6.1417,19.82,2.000,0.9853,1.5616,1.8465,0.7663,1.6799,0.000,1,SEARCH,0.0000,0.0000,0.0000,-0.0000
596289,dynamic,-5.8814,-0.5888,6.1263,19.82,2.000,0.9853,1.5616,1.8465,0.7307,1.6957,0.000,1,SEARCH,0.0000,0.0000,0.0000,-0.0000
596389,dynamic,-5.9063,-0.5968,6.1378,19.82,2.000,0.9853,1.5616,1.8465,0.7417,1.6909,0.000,1,SEARCH,0.0000,0.0000,0.0000,-0.0000
596489,dynamic,-5.9251,-0.6097,6.1622,19.82,2.000,0.9853,1.5616,1.8465,0.7830,1.6722,0.000,1,SEARCH,0.0000,0.0000,0.0000,-0.0000
596589,dynamic,-5.9513,-0.6253,6.1897,19.82,2.000,0.9853,1.5616,1.8465,0.8264,1.6512,0.000,1,SEARCH,0.0000,0.0000,0.0000,-0.0000
596690,dynamic,-5.9664,-0.6330,6.2194,19.82,2.000,0.9853,1.5616,1.8465,0.8727,1.6272,0.000,1,SEARCH,0.0000,0.0000,0.0000,-0.0000
596792,dynamic,-5.9719,-0.6341,6.2576,19.82,2.000,0.9853,1.5616,1.8465,0.9213,1.6002,0.000,1,SEARCH,0.0000,0.0000,0.0000,-0.0000
596889,dynamic,-5.9603,-0.6300,0.0110,29.44,2.000,0.8124,1.6453,1.8349,0.8224,1.6403,0.000,1,SEARCH,0.0000,0.0000,0.0000,-0.0000
596989,dynamic,-5.9511,-0.6294,0.0051,29.44,2.000,0.8124,1.6453,1.8349,0.8305,1.6362,0.000,1,SEARCH,0.0000,0.0000,0.0000,-0.0000
597090,dynamic,-5.9399,-0.6282,6.2257,29.44,2.000,0.8124,1.6453,1.8349,0.7439,1.6774,0.000,1,SEARCH,0.0000,0.0000,0.0000,-0.0000
597189,dynamic,-5.9282,-0.6153,6.1297,29.44,2.000,0.8124,1.6453,1.8349,0.5865,1.7386,0.000,1,SEARCH,0.0000,0.0000,0.0000,-0.0000
597290,dynamic,-5.9139,-0.5986,6.0365,29.44,2.000,0.8124,1.6453,1.8349,0.4161,1.7871,0.000,1,SEARCH,0.0000,0.0000,0.0000,-0.0000
597389,dynamic,-5.9028,-0.5860,5.9728,29.44,2.000,0.8124,1.6453,1.8349,0.2882,1.8121,0.000,1,SEARCH,0.0000,0.0000,0.0000,-0.0000
597489,dynamic,-5.8880,-0.5784,5.9546,29.44,2.000,0.8124,1.6453,1.8349,0.2388,1.8193,0.000,1,SEARCH,0.0000,0.0000,0.0000,-0.0000
597590,dynamic,-5.8787,-0.5625,5.9725,3.76,2.000,0.1564,0.9616,0.9743,-0.1502,0.9626,0.000,1,SEARCH,0.0000,0.0000,0.0000,-0.0000
597689,dynamic,-5.8680,-0.5418,6.0047,3.76,2.000,0.1564,0.9616,0.9743,-0.1211,0.9667,0.000,1,SEARCH,0.0000,0.0000,0.0000,-0.0000
597789,dynamic,-5.8641,-0.5240,6.0483,3.76,2.000,0.1564,0.9616,0.9743,-0.0805,0.9709,0.000,1,SEARCH,0.0000,0.0000,0.0000,-0.0000
597889,dynamic,-5.8624,-0.5104,6.0837,3.76,2.000,0.1564,0.9616,0.9743,-0.0416,0.9734,0.000,1,SEARCH,0.0000,0.0000,0.0000,-0.0000
597989,dynamic,-5.8639,-0.4951,6.1040,3.76,2.000,0.1564,0.9616,0.9743,-0.0189,0.9741,0.000,1,SEARCH,0.0000,0.0000,0.0000,-0.0000
598089,dynamic,-5.8664,-0.4852,6.1142,3.76,2.000,0.1564,0.9616,0.9743,-0.0084,0.9742,0.000,1,SEARCH,0.0000,0.0000,0.0000,-0.0000
598190,dynamic,-5.8742,-0.4839,6.1157,3.76,2.000,0.1564,0.9616,0.9743,-0.0064,0.9742,0.000,1,SEARCH,0.0000,0.0000,0.0000,-0.0000
598289,dynamic,-5.8864,-0.4901,6.1174,19.53,2.000,-0.1686,1.0892,1.1022,-0.3463,1.0464,0.000,1,SEARCH,0.0000,0.0000,0.0000,-0.0000
598389,dynamic,-5.9068,-0.4959,6.1195,19.53,2.000,-0.1686,1.0892,1.1022,-0.3443,1.0471,0.000,1,SEARCH,0.0000,0.0000,0.0000,-0.0000
598489,dynamic,-5.9282,-0.4990,6.1239,19.53,2.000,-0.1686,1.0892,1.1022,-0.3406,1.0483,0.000,1,SEARCH,0.0000,0.0000,0.0000,-0.0000
598589,dynamic,-5.9638,-0.4993,6.1340,19.53,2.000,-0.1686,1.0892,1.1022,-0.3311,1.0513,0.000,1,SEARCH,0.0000,0.0000,0.0000,-0.0000
598689,dynamic,-5.9974,-0.5007,6.1475,19.53,2.000,-0.1686,1.0892,1.1022,-0.3174,1.0555,0.000,1,SEARCH,0.0000,0.0000,0.0000,-0.0000
598789,dynamic,-6.0507,-0.5018,6.1618,19.53,2.000,-0.1686,1.0892,1.1022,-0.3022,1.0600,0.000,1,SEARCH,0.0000,0.0000,0.0000,-0.0000
598889,dynamic,-6.1003,-0.5055,6.1778,19.53,2.000,-0.1686,1.0892,1.1022,-0.2864,1.0644,0.000,1,SEARCH,0.0000,0.0000,0.0000,-0.0000
598997,dynamic,-6.1613,-0.5067,6.2094,19.53,2.000,-0.1686,1.0892,1.1022,-0.2570,1.0718,0.000,1,SEARCH,0.0000,0.0000,0.0000,-0.0000
599089,dynamic,-6.2163,-0.5075,6.2592,33.40,2.000,-0.5587,0.9313,1.0860,-0.5907,0.9113,0.000,1,SEARCH,0.0000,0.0000,0.0000,-0.0000
599190,dynamic,-6.2636,-0.5013,0.0322,33.40,2.000,-0.5587,0.9313,1.0860,-0.5395,0.9426,0.000,1,SEARCH,0.0000,0.0000,0.0000,-0.0000
599289,dynamic,-6.2956,-0.4874,0.0871,33.40,2.000,-0.5587,0.9313,1.0860,-0.4842,0.9721,0.000,1,SEARCH,0.0000,0.0000,0.0000,-0.0000
599389,dynamic,-6.3332,-0.4771,0.0728,33.40,2.000,-0.5587,0.9313,1.0860,-0.4802,0.9741,0.000,1,SEARCH,0.0000,0.0000,0.0000,-0.0000
599489,dynamic,-6.3571,-0.4894,0.0346,33.40,2.000,-0.5587,0.9313,1.0860,-0.5236,0.9515,0.000,1,SEARCH,0.0000,0.0000,0.0000,-0.0000
599589,dynamic,-6.3840,-0.5027,0.0389,33.40,2.000,-0.5587,0.9313,1.0860,-0.5241,0.9512,0.000,1,SEARCH,0.0000,0.0000,0.0000,-0.0000
599689,dynamic,-6.4030,-0.5078,0.0601,33.40,2.000,-0.5587,0.9313,1.0860,-0.5061,0.9609,0.000,1,SEARCH,0.0000,0.0000,0.0000,-0.0000
599792,dynamic,-6.4278,-0.5043,0.0961,33.40,2.000,-0.5587,0.9313,1.0860,-0.4739,0.9772,0.000,1,SEARCH,0.0000,0.0000,0.0000,-0.0000
599889,dynamic,-6.4468,-0.4998,0.1329,25.41,2.000,-0.1563,0.7194,0.7362,-0.0635,0.7334,0.000,1,SEARCH,0.0000,0.0000,0.0000,-0.0000
599989,dynamic,-6.4662,-0.4944,0.1596,25.41,2.000,-0.1563,0.7194,0.7362,-0.0417,0.7350,0.000,1,SEARCH,0.0000,0.0000,0.0000,-0.0000
600089,dynamic,-6.4856,-0.4895,0.1617,25.41,2.000,-0.1563,0.7194,0.7362,-0.0380,0.7352,0.000,1,SEARCH,0.0000,0.0000,0.0000,-0.0000
600189,dynamic,-6.5056,-0.4896,0.1528,25.41,2.000,-0.1563,0.7194,0.7362,-0.0436,0.7349,0.000,1,SEARCH,0.0000,0.0000,0.0000,-0.0000
600295,dynamic,-6.5202,-0.4940,0.1490,25.41,2.000,-0.1563,0.7194,0.7362,-0.0483,0.7346,0.000,1,SEARCH,0.0000,0.0000,0.0000,-0.0000
600396,dynamic,-6.5311,-0.4925,0.1544,13.57,2.000,-0.0744,0.6884,0.6924,0.0308,0.6917,0.000,1,STABILIZE_HIGH,0.0000,0.0000,0.0000,-0.0000
600489,dynamic,-6.5362,-0.4870,0.1530,13.57,2.000,-0.0744,0.6884,0.6924,0.0325,0.6916,0.000,1,STABILIZE_HIGH,0.0775,0.3477,0.5428,-0.0000
600589,dynamic,-6.5476,-0.4805,0.1346,13.57,2.000,-0.0744,0.6884,0.6924,0.0217,0.6920,0.000,1,STABILIZE_HIGH,0.0721,0.3479,0.5428,-0.0000
600689,dynamic,-6.5611,-0.4774,0.1117,13.57,2.000,-0.0744,0.6884,0.6924,0.0060,0.6923,0.000,1,STABILIZE_HIGH,0.0642,0.3481,0.5428,-0.0000
600789,dynamic,-6.5825,-0.4769,0.0920,13.57,2.000,-0.0744,0.6884,0.6924,-0.0086,0.6923,0.000,1,STABILIZE_HIGH,0.0570,0.3481,0.5428,-0.0000
600889,dynamic,-6.6033,-0.4769,0.0824,13.57,2.000,-0.0744,0.6884,0.6924,-0.0172,0.6922,0.000,1,STABILIZE_HIGH,0.0526,0.3480,0.5428,-0.0000
600991,dynamic,-6.6299,-0.4760,0.0942,13.57,1.987,-0.0744,0.6884,0.6924,-0.0121,0.6923,0.000,1,DESCEND_TO_LOW,0.0556,0.3508,0.5428,0.3000
601089,dynamic,-6.6584,-0.4778,0.1160,13.39,1.958,0.0915,0.7276,0.7334,0.1721,0.7129,0.000,1,DESCEND_TO_LOW,0.1512,0.3677,0.5356,0.3000
601189,dynamic,-6.6903,-0.4808,0.1312,13.39,1.928,0.0915,0.7276,0.7334,0.1846,0.7097,0.000,1,DESCEND_TO_LOW,0.1605,0.3727,0.5356,0.3000
601289,dynamic,-6.7272,-0.4886,0.1369,13.39,1.898,0.0915,0.7276,0.7334,0.1892,0.7085,0.000,1,DESCEND_TO_LOW,0.1659,0.3788,0.5356,0.3000
601389,dynamic,-6.7696,-0.5042,0.1338,13.39,1.868,0.0915,0.7276,0.7334,0.1885,0.7087,0.000,1,DESCEND_TO_LOW,0.1684,0.3856,0.5356,0.3000
601489,dynamic,-6.8155,-0.5214,0.1260,13.39,1.838,0.0915,0.7276,0.7334,0.1838,0.7100,0.000,1,DESCEND_TO_LOW,0.1687,0.3929,0.5356,0.3000
601589,dynamic,-6.8648,-0.5313,0.1152,13.39,1.808,0.0915,0.7276,0.7334,0.1763,0.7119,0.000,1,DESCEND_TO_LOW,0.1674,0.4007,0.5356,0.3000
601689,dynamic,-6.9139,-0.5359,0.0989,13.39,1.778,0.0915,0.7276,0.7334,0.1652,0.7145,0.000,1,DESCEND_TO_LOW,0.1639,0.4089,0.5356,0.3000
601789,dynamic,-6.9666,-0.5394,0.0869,13.39,1.748,0.0915,0.7276,0.7334,0.1553,0.7167,0.000,1,DESCEND_TO_LOW,0.1608,0.4169,0.5356,0.3000
601892,dynamic,-7.0153,-0.5399,0.0814,13.39,1.717,0.0915,0.7276,0.7334,0.1509,0.7177,0.000,1,DESCEND_TO_LOW,0.1609,0.4243,0.5356,0.3000
601990,dynamic,-7.0934,-0.5319,0.0735,16.41,1.688,0.1697,0.8575,0.8741,0.2335,0.8424,0.000,1,DESCEND_TO_LOW,0.2125,0.5094,0.6564,0.3000
602089,dynamic,-7.1718,-0.5188,0.0563,16.41,1.658,0.1697,0.8575,0.8741,0.2212,0.8457,0.000,1,DESCEND_TO_LOW,0.2084,0.5193,0.6564,0.3000
602189,dynamic,-7.2504,-0.5054,0.0326,16.41,1.628,0.1697,0.8575,0.8741,0.2009,0.8507,0.000,1,DESCEND_TO_LOW,0.1991,0.5305,0.6564,0.3000
602291,dynamic,-7.3238,-0.4899,0.0255,16.41,1.597,0.1697,0.8575,0.8741,0.1914,0.8529,0.000,1,DESCEND_TO_LOW,0.1963,0.5401,0.6564,0.3000
602389,dynamic,-7.3846,-0.4772,0.0315,16.41,1.568,0.1697,0.8575,0.8741,0.1957,0.8520,0.000,1,DESCEND_TO_LOW,0.2019,0.5474,0.6564,0.3000
602489,dynamic,-7.4509,-0.4658,0.0318,16.41,1.538,0.1697,0.8575,0.8741,0.1972,0.8516,0.000,1,DESCEND_TO_LOW,0.2059,0.5552,0.6564,0.3000
602597,dynamic,-7.5081,-0.4594,0.0343,16.41,1.506,0.1697,0.8575,0.8741,0.1976,0.8515,0.000,1,DESCEND_TO_LOW,0.2093,0.5637,0.6564,0.3000
602689,dynamic,-7.5537,-0.4577,0.0418,13.51,1.478,0.1957,0.7143,0.7406,0.2247,0.7057,0.000,1,DESCEND_TO_LOW,0.2303,0.4705,0.5404,0.3000
602789,dynamic,-7.6100,-0.4588,0.0430,13.51,1.448,0.1957,0.7143,0.7406,0.2259,0.7053,0.000,1,DESCEND_TO_LOW,0.2344,0.4769,0.5404,0.3000
602889,dynamic,-7.6587,-0.4641,0.0463,13.51,1.418,0.1957,0.7143,0.7406,0.2280,0.7046,0.000,1,DESCEND_TO_LOW,0.2390,0.4831,0.5404,0.3000
602989,dynamic,-7.7118,-0.4745,0.0538,13.51,1.388,0.1957,0.7143,0.7406,0.2328,0.7030,0.000,1,DESCEND_TO_LOW,0.2456,0.4886,0.5404,0.3000
603089,dynamic,-7.7594,-0.4839,0.0643,13.51,1.358,0.1957,0.7143,0.7406,0.2397,0.7007,0.000,1,DESCEND_TO_LOW,0.2538,0.4936,0.5404,0.3000
603189,dynamic,-7.8114,-0.4873,0.0733,13.51,1.328,0.1957,0.7143,0.7406,0.2461,0.6985,0.000,1,DESCEND_TO_LOW,0.2618,0.4987,0.5404,0.3000
603296,dynamic,-7.8553,-0.4863,0.0786,13.51,1.297,0.1957,0.7143,0.7406,0.2503,0.6970,0.000,1,DESCEND_TO_LOW,0.2684,0.5044,0.5404,0.3000
603389,dynamic,-7.8969,-0.4857,0.0847,17.76,1.268,0.8653,1.1822,1.4650,0.9610,1.1058,0.000,1,DESCEND_TO_LOW,0.7893,0.8153,0.7104,0.3000
603489,dynamic,-7.9299,-0.4856,0.0890,17.76,1.238,0.8653,1.1822,1.4650,0.9663,1.1012,0.000,1,DESCEND_TO_LOW,0.8034,0.8224,0.7104,0.3000
603589,dynamic,-7.9590,-0.4808,0.0911,17.76,1.208,0.8653,1.1822,1.4650,0.9694,1.0984,0.000,1,DESCEND_TO_LOW,0.8159,0.8308,0.7104,0.3000
603689,dynamic,-7.9859,-0.4725,0.0806,17.76,1.178,0.8653,1.1822,1.4650,0.9603,1.1064,0.000,1,DESCEND_TO_LOW,0.8192,0.8472,0.7104,0.3000
603789,dynamic,-8.0039,-0.4645,0.0697,17.76,1.148,0.8653,1.1822,1.4650,0.9472,1.1176,0.000,1,DESCEND_TO_LOW,0.8193,0.8663,0.7104,0.3000
603889,dynamic,-8.0127,-0.4614,0.0711,17.76,1.118,0.8653,1.1822,1.4650,0.9461,1.1185,0.000,1,DESCEND_TO_LOW,0.8285,0.8776,0.7104,0.3000
603995,dynamic,-8.0121,-0.4582,0.0777,17.76,1.086,0.8653,1.1822,1.4650,0.9524,1.1132,0.000,1,DESCEND_TO_LOW,0.8439,0.8845,0.7104,0.3000
604090,dynamic,-8.0021,-0.4562,0.0797,0.00,1.072,0.0000,0.0000,0.0000,0.0000,0.0000,0.000,0,HOLD,0.8506,0.8877,0.7104,0.3000
604189,dynamic,-7.9884,-0.4601,0.0717,0.00,1.072,0.0000,0.0000,0.0000,0.0000,0.0000,0.000,0,HOLD,0.8293,0.8655,0.6926,-0.0000
604289,dynamic,-7.9640,-0.4686,0.0561,0.00,1.072,0.0000,0.0000,0.0000,0.0000,0.0000,0.000,0,HOLD,0.8081,0.8433,0.6749,-0.0000
604389,dynamic,-7.9315,-0.4781,0.0292,0.00,1.072,0.0000,0.0000,0.0000,0.0000,0.0000,0.000,0,HOLD,0.7868,0.8211,0.6571,-0.0000
604489,dynamic,-7.9009,-0.4857,6.2794,0.00,1.072,0.0000,0.0000,0.0000,0.0000,0.0000,0.000,0,HOLD,0.7656,0.7989,0.6394,-0.0000
604589,dynamic,-7.8565,-0.4972,6.2477,0.00,1.072,0.0000,0.0000,0.0000,0.0000,0.0000,0.000,0,HOLD,0.7443,0.7767,0.6216,-0.0000
604689,dynamic,-7.8147,-0.5111,6.2243,0.00,1.072,0.0000,0.0000,0.0000,0.0000,0.0000,0.000,0,HOLD,0.7230,0.7545,0.6038,-0.0000
604793,dynamic,-7.7629,-0.5275,6.2083,0.00,1.072,0.0000,0.0000,0.0000,0.0000,0.0000,0.000,0,HOLD,0.7009,0.7315,0.5854,-0.0000
604889,dynamic,-7.7166,-0.5376,6.1867,0.00,1.072,0.0000,0.0000,0.0000,0.0000,0.0000,0.000,0,HOLD,0.6804,0.7101,0.5683,-0.0000
604989,dynamic,-7.6728,-0.5427,6.1617,0.00,1.072,0.0000,0.0000,0.0000,0.0000,0.0000,0.000,0,HOLD,0.6592,0.6879,0.5506,-0.0000
605089,dynamic,-7.6337,-0.5401,6.1302,0.00,1.072,0.0000,0.0000,0.0000,0.0000,0.0000,0.000,0,HOLD,0.0000,0.0000,0.0000,0.3000
605189,dynamic,-7.5999,-0.5327,6.1019,0.00,1.042,0.0000,0.0000,0.0000,0.0000,0.0000,0.000,0,HOLD,0.0000,0.0000,0.0000,0.3000
605289,dynamic,-7.5718,-0.5222,6.0968,0.00,1.012,0.0000,0.0000,0.0000,0.0000,0.0000,0.000,0,HOLD,0.0000,0.0000,0.0000,0.3000
605389,dynamic,-7.5424,-0.5112,6.1182,0.00,0.982,0.0000,0.0000,0.0000,0.0000,0.0000,0.000,0,HOLD,0.0000,0.0000,0.0000,0.3000
605489,dynamic,-7.5082,-0.4989,6.1617,0.00,0.952,0.0000,0.0000,0.0000,0.0000,0.0000,0.000,0,HOLD,0.0000,0.0000,0.0000,0.3000
605589,dynamic,-7.4740,-0.4931,6.2150,0.00,0.922,0.0000,0.0000,0.0000,0.0000,0.0000,0.000,0,HOLD,0.0000,0.0000,0.0000,0.3000
605689,dynamic,-7.4323,-0.4928,6.2592,0.00,0.892,0.0000,0.0000,0.0000,0.0000,0.0000,0.000,0,HOLD,0.0000,0.0000,0.0000,0.3000
605800,dynamic,-7.3893,-0.4925,0.0071,0.00,0.860,0.0000,0.0000,0.0000,0.0000,0.0000,0.000,0,HOLD,0.0000,0.0000,0.0000,0.3000
605889,dynamic,-7.3429,-0.4909,0.0304,0.00,0.832,0.0000,0.0000,0.0000,0.0000,0.0000,0.000,0,HOLD,0.0000,0.0000,0.0000,0.3000
605989,dynamic,-7.3034,-0.4987,0.0385,0.00,0.802,0.0000,0.0000,0.0000,0.0000,0.0000,0.000,0,HOLD,0.0000,0.0000,0.0000,0.3000
606089,dynamic,-7.2667,-0.5042,0.0362,0.00,0.772,0.0000,0.0000,0.0000,0.0000,0.0000,0.000,0,HOLD,0.0000,0.0000,0.0000,0.3000
606189,dynamic,-7.2246,-0.5121,0.0325,0.00,0.742,0.0000,0.0000,0.0000,0.0000,0.0000,0.000,0,HOLD,0.0000,0.0000,0.0000,0.3000
606289,dynamic,-7.1794,-0.5199,0.0311,0.00,0.712,0.0000,0.0000,0.0000,0.0000,0.0000,0.000,0,HOLD,0.0000,0.0000,0.0000,0.3000
606396,dynamic,-7.1428,-0.5213,0.0386,0.00,0.681,0.0000,0.0000,0.0000,0.0000,0.0000,0.000,0,HOLD,0.0000,0.0000,0.0000,0.3000
606490,dynamic,-7.0948,-0.5207,0.0520,31.11,0.667,0.5563,1.9424,2.0205,0.6529,1.9121,0.000,1,DESCEND_TO_LOW,0.0000,0.0000,0.0000,0.3000
606589,dynamic,-7.0545,-0.5212,0.0510,31.11,1.970,0.5563,1.9424,2.0205,0.6577,1.9104,0.000,1,DESCEND_TO_LOW,0.3938,0.9936,1.0000,0.3000
606689,dynamic,-7.0079,-0.5221,0.0342,31.11,1.940,0.5563,1.9424,2.0205,0.6290,1.9201,0.000,1,DESCEND_TO_LOW,0.3862,1.0000,1.0000,0.3000
606789,dynamic,-6.9685,-0.5215,0.0152,31.11,1.910,0.5563,1.9424,2.0205,0.5940,1.9312,0.000,1,DESCEND_TO_LOW,0.3747,1.0000,1.0000,0.3000
606889,dynamic,-6.9368,-0.5155,6.2761,31.11,1.880,0.5563,1.9424,2.0205,0.5500,1.9442,0.000,1,DESCEND_TO_LOW,0.3577,1.0000,1.0000,0.3000
606989,dynamic,-6.8979,-0.5012,6.2626,31.11,1.850,0.5563,1.9424,2.0205,0.5197,1.9525,0.000,1,DESCEND_TO_LOW,0.3474,1.0000,1.0000,0.3000
607089,dynamic,-6.8637,-0.4845,6.2531,31.11,1.820,0.5563,1.9424,2.0205,0.5023,1.9570,0.000,1,DESCEND_TO_LOW,0.3437,1.0000,1.0000,0.3000
607195,dynamic,-6.8328,-0.4718,6.2377,31.11,1.790,0.5563,1.9424,2.0205,0.4823,1.9621,0.000,1,DESCEND_TO_LOW,0.3382,1.0000,1.0000,0.3000
607289,dynamic,-6.8051,-0.4535,6.2203,24.16,1.760,-0.2055,1.4023,1.4173,-0.2891,1.3875,0.000,1,DESCEND_TO_LOW,-0.0974,0.8128,0.9664,0.3000
607389,dynamic,-6.7830,-0.4338,6.2075,24.16,1.730,-0.2055,1.4023,1.4173,-0.3071,1.3836,0.000,1,DESCEND_TO_LOW,-0.1095,0.8238,0.9664,0.3000
607489,dynamic,-6.7609,-0.4123,6.2000,24.16,1.700,-0.2055,1.4023,1.4173,-0.3214,1.3804,0.000,1,DESCEND_TO_LOW,-0.1197,0.8351,0.9664,0.3000
607589,dynamic,-6.7411,-0.3947,6.2115,24.16,1.670,-0.2055,1.4023,1.4173,-0.3107,1.3828,0.000,1,DESCEND_TO_LOW,-0.1152,0.8497,0.9664,0.3000
607690,dynamic,-6.7214,-0.3798,6.2298,24.16,1.640,-0.2055,1.4023,1.4173,-0.2838,1.3886,0.000,1,DESCEND_TO_LOW,-0.1005,0.8665,0.9664,0.3000
607797,dynamic,-6.7040,-0.3687,6.2412,24.16,1.609,-0.2055,1.4023,1.4173,-0.2711,1.3911,0.000,1,DESCEND_TO_LOW,-0.0942,0.8817,0.9664,0.3000
607890,dynamic,-6.6922,-0.3594,6.2574,36.60,1.580,-0.5374,1.5896,1.6780,-0.5868,1.5721,0.000,1,DESCEND_TO_LOW,-0.3002,1.0000,1.0000,0.3000
607989,dynamic,-6.6902,-0.3524,6.2652,36.60,1.550,-0.5374,1.5896,1.6780,-0.5643,1.5803,0.000,1,DESCEND_TO_LOW,-0.2902,1.0000,1.0000,0.3000
608089,dynamic,-6.6898,-0.3477,6.2829,36.60,1.520,-0.5374,1.5896,1.6780,-0.5482,1.5859,0.000,1,DESCEND_TO_LOW,-0.2840,1.0000,1.0000,0.3000
608189,dynamic,-6.6835,-0.3453,0.0408,36.60,1.490,-0.5374,1.5896,1.6780,-0.4846,1.6065,0.000,1,DESCEND_TO_LOW,-0.2462,1.0000,1.0000,0.3000
608289,dynamic,-6.6745,-0.3429,0.0734,36.60,1.460,-0.5374,1.5896,1.6780,-0.4286,1.6223,0.000,1,DESCEND_TO_LOW,-0.2122,1.0000,1.0000,0.3000
608389,dynamic,-6.6673,-0.3467,0.0835,36.60,1.430,-0.5374,1.5896,1.6780,-0.4028,1.6289,0.000,1,DESCEND_TO_LOW,-0.1977,1.0000,1.0000,0.3000
608494,dynamic,-6.6609,-0.3509,0.0672,36.60,1.399,-0.5374,1.5896,1.6780,-0.4121,1.6266,0.000,1,DESCEND_TO_LOW,-0.2069,1.0000,1.0000,0.3000
608589,dynamic,-6.6541,-0.3555,0.0327,31.34,1.370,-1.0521,0.8979,1.3831,-1.0157,0.9388,0.000,1,DESCEND_TO_LOW,-0.6272,0.6827,1.0000,0.3000
608689,dynamic,-6.6498,-0.3582,0.0035,31.34,1.340,-1.0521,0.8979,1.3831,-1.0449,0.9062,0.000,1,DESCEND_TO_LOW,-0.6563,0.6689,1.0000,0.3000
608789,dynamic,-6.6454,-0.3597,6.2792,31.34,1.310,-1.0521,0.8979,1.3831,-1.0557,0.8935,0.000,1,DESCEND_TO_LOW,-0.6728,0.6687,1.0000,0.3000
608889,dynamic,-6.6417,-0.3621,0.0049,31.34,1.280,-1.0521,0.8979,1.3831,-1.0502,0.9001,0.000,1,DESCEND_TO_LOW,-0.6775,0.6822,1.0000,0.3000
608989,dynamic,-6.6387,-0.3671,0.0227,31.34,1.250,-1.0521,0.8979,1.3831,-1.0346,0.9180,0.000,1,DESCEND_TO_LOW,-0.6749,0.7042,1.0000,0.3000
609089,dynamic,-6.6356,-0.3712,0.0309,31.34,1.220,-1.0521,0.8979,1.3831,-1.0237,0.9301,0.000,1,DESCEND_TO_LOW,-0.6754,0.7222,1.0000,0.3000
609199,dynamic,-6.6305,-0.3765,0.0190,31.34,1.189,-1.0521,0.8979,1.3831,-1.0282,0.9251,0.000,1,DESCEND_TO_LOW,-0.6878,0.7280,1.0000,0.3000
609290,dynamic,-6.6234,-0.3810,0.0015,12.51,1.160,-0.5489,0.9029,1.0566,-0.5413,0.9075,0.000,1,DESCEND_TO_LOW,-0.3192,0.6931,0.5004,0.3000
609389,dynamic,-6.6186,-0.3827,6.2699,12.51,1.130,-0.5489,0.9029,1.0566,-0.5584,0.8970,0.000,1,DESCEND_TO_LOW,-0.3364,0.6935,0.5004,0.3000
609489,dynamic,-6.6132,-0.3800,6.2584,12.51,1.100,-0.5489,0.9029,1.0566,-0.5693,0.8902,0.000,1,DESCEND_TO_LOW,-0.3490,0.6966,0.5004,0.3000
609589,dynamic,-6.6063,-0.3775,6.2532,12.51,1.070,-0.5489,0.9029,1.0566,-0.5752,0.8864,0.000,1,DESCEND_TO_LOW,-0.3578,0.7019,0.5004,0.3000
609691,dynamic,-6.5968,-0.3745,6.2486,12.51,1.040,-0.5489,0.9029,1.0566,-0.5785,0.8842,0.000,1,STABILIZE_LOW,-0.3607,0.7056,0.5004,0.3000
609799,dynamic,-6.5861,-0.3725,6.2410,12.51,1.000,-0.5489,0.9029,1.0566,-0.5854,0.8797,0.000,1,STABILIZE_LOW,-0.3760,0.7160,0.5004,-0.0000
609891,dynamic,-6.5721,-0.3714,6.2276,21.25,1.000,-0.2773,1.1447,1.1778,-0.3358,1.1289,0.000,1,STABILIZE_LOW,-0.1746,0.9336,0.8500,-0.0000
609990,dynamic,-6.5609,-0.3717,6.2105,21.25,1.000,-0.2773,1.1447,1.1778,-0.3557,1.1228,0.000,1,STABILIZE_LOW,-0.1908,0.9287,0.8500,-0.0000
610090,dynamic,-6.5509,-0.3704,6.1933,21.25,1.000,-0.2773,1.1447,1.1778,-0.3705,1.1180,0.000,1,STABILIZE_LOW,-0.2028,0.9248,0.8500,-0.0000
610189,dynamic,-6.5419,-0.3696,6.1784,21.25,1.000,-0.2773,1.1447,1.1778,-0.3928,1.1103,0.000,1,STABILIZE_LOW,-0.2209,0.9186,0.8500,-0.0000
610289,dynamic,-6.5328,-0.3691,6.1716,21.25,1.000,-0.2773,1.1447,1.1778,-0.4023,1.1070,0.000,1,STABILIZE_LOW,-0.2286,0.9158,0.8500,-0.0000
610389,dynamic,-6.5265,-0.3692,6.1717,21.25,1.000,-0.2773,1.1447,1.1778,-0.4035,1.1065,0.000,1,STABILIZE_LOW,-0.2296,0.9154,0.8500,-0.0000
610491,dynamic,-6.5217,-0.3702,6.1749,21.25,1.000,-0.2773,1.1447,1.1778,-0.4004,1.1076,0.000,1,STABILIZE_LOW,-0.2271,0.9164,0.8500,-0.0000
610589,dynamic,-6.5150,-0.3726,6.1794,24.67,1.000,-0.4531,1.2058,1.2881,-0.5763,1.1520,0.000,1,STABILIZE_LOW,-0.3711,0.9583,0.9868,-0.0000
610689,dynamic,-6.5115,-0.3724,6.1786,24.67,1.000,-0.4531,1.2058,1.2881,-0.5758,1.1523,0.000,1,STABILIZE_LOW,-0.3708,0.9584,0.9868,-0.0000
610789,dynamic,-6.5096,-0.3736,6.1742,24.67,1.000,-0.4531,1.2058,1.2881,-0.5807,1.1498,-0.008,1,TERMINAL_LAND,-0.3748,0.9564,0.9868,0.0000
610889,dynamic,-6.5088,-0.3747,6.1738,24.67,1.000,-0.4531,1.2058,1.2881,-0.5821,1.1491,-0.028,1,TERMINAL_LAND,-0.3759,0.9559,0.9868,0.0000
610992,dynamic,-6.5066,-0.3759,6.1769,24.67,1.000,-0.4531,1.2058,1.2881,-0.5803,1.1500,-0.048,1,TERMINAL_LAND,-0.3744,0.9566,0.9868,0.0000
611100,dynamic,-6.5045,-0.3761,6.1768,24.67,1.000,-0.4531,1.2058,1.2881,-0.5779,1.1512,-0.069,1,TERMINAL_LAND,-0.3725,0.9576,0.9868,0.0000
611197,dynamic,-6.5036,-0.3779,6.1739,24.67,1.000,-0.4531,1.2058,1.2881,-0.5810,1.1496,-0.088,1,TERMINAL_LAND,-0.3750,0.9563,0.9868,0.0000
611289,dynamic,-6.5041,-0.3796,6.1710,33.08,1.000,-0.5775,1.2268,1.3560,-0.7107,1.1548,-0.108,1,TERMINAL_LAND,-0.4847,0.9745,1.0000,0.0000
611390,dynamic,-6.5036,-0.3831,6.1653,33.08,1.000,-0.5775,1.2268,1.3560,-0.7146,1.1524,-0.128,1,TERMINAL_LAND,-0.4879,0.9725,1.0000,0.0000
611490,dynamic,-6.5018,-0.3866,6.1614,33.08,1.000,-0.5775,1.2268,1.3560,-0.7219,1.1478,-0.148,1,TERMINAL_LAND,-0.4938,0.9688,1.0000,0.0000
611589,dynamic,-6.4982,-0.3880,6.1613,33.08,1.000,-0.5775,1.2268,1.3560,-0.7225,1.1475,-0.168,1,TERMINAL_LAND,-0.4943,0.9685,1.0000,0.0000
611690,dynamic,-6.4943,-0.3880,6.1594,33.08,1.000,-0.5775,1.2268,1.3560,-0.7240,1.1465,-0.188,1,TERMINAL_LAND,-0.4949,0.9681,1.0000,0.0000
611791,dynamic,-6.4890,-0.3906,6.1525,33.08,1.000,-0.5775,1.2268,1.3560,-0.7283,1.1438,-0.208,1,TERMINAL_LAND,-0.4989,0.9655,1.0000,0.0000
611889,dynamic,-6.4837,-0.3942,6.1413,27.63,1.000,-0.4905,1.1405,1.2416,-0.6443,1.0613,-0.228,1,TERMINAL_LAND,-0.4277,0.8895,1.0000,0.0000
611989,dynamic,-6.4766,-0.3979,6.1294,27.63,1.000,-0.4905,1.1405,1.2416,-0.6571,1.0534,-0.248,1,TERMINAL_LAND,-0.4381,0.8831,1.0000,0.0000
612090,dynamic,-6.4690,-0.4014,6.1184,27.63,1.000,-0.4905,1.1405,1.2416,-0.6638,1.0492,-0.268,1,TERMINAL_LAND,-0.4435,0.8797,1.0000,0.0000
612189,dynamic,-6.4608,-0.4044,6.1102,27.63,1.000,-0.4905,1.1405,1.2416,-0.6785,1.0398,-0.288,1,TERMINAL_LAND,-0.4554,0.8720,1.0000,0.0000
612291,dynamic,-6.4525,-0.4057,6.1109,27.63,1.000,-0.4905,1.1405,1.2416,-0.6793,1.0392,-0.308,1,TERMINAL_LAND,-0.4561,0.8716,1.0000,0.0000
612391,dynamic,-6.4430,-0.4062,6.1122,27.63,1.000,-0.4905,1.1405,1.2416,-0.6775,1.0404,-0.328,1,TERMINAL_LAND,-0.4547,0.8725,1.0000,0.0000
612489,dynamic,-6.4342,-0.4069,6.1106,27.63,1.000,-0.4905,1.1405,1.2416,-0.6784,1.0398,-0.348,1,TERMINAL_LAND,-0.4554,0.8721,1.0000,0.0000
612590,dynamic,-6.4248,-0.4081,6.1064,27.63,1.000,-0.4905,1.1405,1.2416,-0.6816,1.0377,-0.368,1,TERMINAL_LAND,-0.4580,0.8704,1.0000,0.0000
612689,dynamic,-6.4154,-0.4087,6.1038,23.30,1.000,-0.3481,1.1796,1.2299,-0.5528,1.0986,-0.388,1,TERMINAL_LAND,-0.3516,0.9125,0.9320,0.0000
612789,dynamic,-6.4043,-0.4107,6.1067,23.30,1.000,-0.3481,1.1796,1.2299,-0.5510,1.0995,-0.408,1,TERMINAL_LAND,-0.3501,0.9133,0.9320,0.0000
612890,dynamic,-6.3913,-0.4161,6.1177,23.30,1.000,-0.3481,1.1796,1.2299,-0.5434,1.1033,-0.428,1,TERMINAL_LAND,-0.3439,0.9164,0.9320,0.0000
612989,dynamic,-6.3751,-0.4246,6.1299,23.30,1.000,-0.3481,1.1796,1.2299,-0.5260,1.1117,-0.448,1,TERMINAL_LAND,-0.3298,0.9232,0.9320,0.0000
613089,dynamic,-6.3591,-0.4372,6.1348,23.30,1.000,-0.3481,1.1796,1.2299,-0.5196,1.1147,-0.468,1,TERMINAL_LAND,-0.3246,0.9256,0.9320,0.0000
613195,dynamic,-6.3436,-0.4509,6.1352,23.30,1.000,-0.3481,1.1796,1.2299,-0.5177,1.1156,-0.488,1,TERMINAL_LAND,-0.3231,0.9263,0.9320,0.0000
613290,dynamic,-6.3325,-0.4634,6.1318,30.96,1.000,-0.3448,1.2190,1.2668,-0.5240,1.1534,-0.508,1,TERMINAL_LAND,-0.3317,0.9699,1.0000,0.0000
613391,dynamic,-6.3243,-0.4654,6.1292,30.96,1.000,-0.3448,1.2190,1.2668,-0.5262,1.1524,-0.528,1,TERMINAL_LAND,-0.3335,0.9690,1.0000,0.0000
613490,dynamic,-6.3235,-0.4587,6.1264,30.96,1.000,-0.3448,1.2190,1.2668,-0.5309,1.1502,-0.548,1,TERMINAL_LAND,-0.3373,0.9673,1.0000,0.0000
613590,dynamic,-6.3244,-0.4548,6.1302,30.96,1.000,-0.3448,1.2190,1.2668,-0.5284,1.1514,-0.568,1,TERMINAL_LAND,-0.3353,0.9682,1.0000,0.0000
613692,dynamic,-6.3251,-0.4502,6.1422,30.96,1.000,-0.3448,1.2190,1.2668,-0.5201,1.1551,-0.588,1,TERMINAL_LAND,-0.3285,0.9713,1.0000,0.0000
613791,dynamic,-6.3263,-0.4492,6.1634,30.96,1.000,-0.3448,1.2190,1.2668,-0.4953,1.1660,-0.608,1,TERMINAL_LAND,-0.3084,0.9801,1.0000,0.0000
613889,dynamic,-6.3272,-0.4546,6.1842,30.96,1.000,-0.3448,1.2190,1.2668,-0.4662,1.1779,-0.628,1,TERMINAL_LAND,-0.2847,0.9898,1.0000,0.0000
613995,dynamic,-6.3258,-0.4636,6.1906,30.96,1.000,-0.3448,1.2190,1.2668,-0.4579,1.1812,-0.648,1,TERMINAL_LAND,-0.2780,0.9925,1.0000,0.0000
614092,dynamic,-6.3269,-0.4741,6.1760,28.27,1.000,-0.5752,1.2223,1.3509,-0.6966,1.1575,-0.668,1,TERMINAL_LAND,-0.4705,0.9687,1.0000,0.0000
614190,dynamic,-6.3304,-0.4822,6.1684,28.27,1.000,-0.5752,1.2223,1.3509,-0.7110,1.1487,-0.688,1,TERMINAL_LAND,-0.4822,0.9616,1.0000,0.0000
614291,dynamic,-6.3362,-0.4906,6.1775,28.27,1.000,-0.5752,1.2223,1.3509,-0.7065,1.1514,-0.708,1,TERMINAL_LAND,-0.4786,0.9638,1.0000,0.0000
614392,dynamic,-6.3379,-0.4945,6.1917,28.27,1.000,-0.5752,1.2223,1.3509,-0.6924,1.1600,-0.728,1,TERMINAL_LAND,-0.4671,0.9708,1.0000,0.0000
614491,dynamic,-6.3366,-0.4940,6.2151,28.27,1.000,-0.5752,1.2223,1.3509,-0.6684,1.1740,-0.748,1,TERMINAL_LAND,-0.4476,0.9821,1.0000,0.0000
614590,dynamic,-6.3372,-0.4993,6.2366,28.27,1.000,-0.5752,1.2223,1.3509,-0.6372,1.1912,-0.768,1,TERMINAL_LAND,-0.4222,0.9961,1.0000,0.0000
614689,dynamic,-6.3372,-0.5059,6.2458,28.27,1.000,-0.5752,1.2223,1.3509,-0.6219,1.1993,-0.788,1,TERMINAL_LAND,-0.4098,1.0000,1.0000,0.0000
614789,dynamic,-6.3357,-0.5115,6.2432,28.27,1.000,-0.5752,1.2223,1.3509,-0.6218,1.1993,-0.808,1,TERMINAL_LAND,-0.4097,1.0000,1.0000,0.0000
614889,dynamic,-6.3347,-0.5177,6.2312,28.27,1.000,-0.5752,1.2223,1.3509,-0.6343,1.1927,-0.828,1,TERMINAL_LAND,-0.4199,0.9974,1.0000,0.0000
614989,dynamic,-6.3339,-0.5251,6.2159,28.27,1.000,-0.5752,1.2223,1.3509,-0.6524,1.1830,-0.848,1,TERMINAL_LAND,-0.4346,0.9894,1.0000,0.0000
615096,dynamic,-6.3341,-0.5319,6.1974,29.13,1.000,-0.8044,1.3785,1.5960,-0.9074,1.3130,-0.869,1,TERMINAL_LAND,-0.6422,1.0000,1.0000,0.0000
615189,dynamic,-6.3316,-0.5356,6.1770,29.13,1.000,-0.8044,1.3785,1.5960,-0.9414,1.2889,-0.888,1,TERMINAL_LAND,-0.6698,1.0000,1.0000,0.0000
615289,dynamic,-6.3276,-0.5354,6.1607,29.13,1.000,-0.8044,1.3785,1.5960,-0.9591,1.2758,-0.908,1,TERMINAL_LAND,-0.6842,1.0000,1.0000,0.0000
615389,dynamic,-6.3232,-0.5377,6.1483,29.13,1.000,-0.8044,1.3785,1.5960,-0.9803,1.2595,-0.928,1,TERMINAL_LAND,-0.7014,1.0000,1.0000,0.0000
615489,dynamic,-6.3210,-0.5418,6.1400,29.13,1.000,-0.8044,1.3785,1.5960,-0.9906,1.2514,-0.948,1,TERMINAL_LAND,-0.7098,1.0000,1.0000,0.0000
615589,dynamic,-6.3176,-0.5433,6.1301,29.13,1.000,-0.8044,1.3785,1.5960,-1.0032,1.2413,-0.968,1,TERMINAL_LAND,-0.7200,1.0000,1.0000,0.0000
615689,dynamic,-6.3137,-0.5401,6.1279,29.13,1.000,-0.8044,1.3785,1.5960,-1.0086,1.2370,-0.988,1,TERMINAL_LAND,-0.7244,1.0000,1.0000,0.0000
615790,dynamic,-6.3091,-0.5387,6.1329,29.13,1.000,-0.8044,1.3785,1.5960,-1.0032,1.2413,-1.000,1,TERMINAL_LAND,-0.7201,1.0000,1.0000,0.0000
615890,dynamic,-6.3056,-0.5410,6.1392,29.13,1.000,-0.8044,1.3785,1.5960,-0.9972,1.2461,-1.000,1,TERMINAL_LAND,-0.7152,1.0000,1.0000,0.0000
615992,dynamic,-6.3013,-0.5380,6.1474,29.13,1.000,-0.8044,1.3785,1.5960,-0.9879,1.2535,-1.000,1,TERMINAL_LAND,-0.7076,1.0000,1.0000,0.0000
616092,dynamic,-6.2997,-0.5357,6.1598,29.13,1.000,-0.8044,1.3785,1.5960,-0.9723,1.2657,-1.000,1,TERMINAL_LAND,-0.6950,1.0000,1.0000,0.0000
616190,dynamic,-6.3004,-0.5416,6.1752,29.13,1.000,-0.8044,1.3785,1.5960,-0.9525,1.2807,-1.000,1,TERMINAL_LAND,-0.6788,1.0000,1.0000,0.0000
616289,dynamic,-6.3012,-0.5448,6.1916,29.13,1.000,-0.8044,1.3785,1.5960,-0.9304,1.2968,-1.000,1,TERMINAL_LAND,-0.6609,1.0000,1.0000,0.0000
616391,dynamic,-6.3008,-0.5424,6.2076,29.13,1.000,-0.8044,1.3785,1.5960,-0.9138,1.3086,-1.000,1,TERMINAL_LAND,-0.6474,1.0000,1.0000,0.0000
616493,dynamic,-6.3022,-0.5395,6.2202,29.13,1.000,-0.8044,1.3785,1.5960,-0.8962,1.3206,-1.000,1,TERMINAL_LAND,-0.6331,1.0000,1.0000,0.0000
616589,dynamic,-6.3045,-0.5394,6.2234,29.13,1.000,-0.8044,1.3785,1.5960,-0.8851,1.3281,-1.000,1,TERMINAL_LAND,-0.6241,1.0000,1.0000,0.0000
616689,dynamic,-6.3081,-0.5381,6.2167,29.13,1.000,-0.8044,1.3785,1.5960,-0.8911,1.3241,-1.000,1,TERMINAL_LAND,-0.6289,1.0000,1.0000,0.0000
616790,dynamic,-6.3106,-0.5387,6.2042,29.13,1.000,-0.8044,1.3785,1.5960,-0.9027,1.3162,-1.000,1,TERMINAL_LAND,-0.6384,1.0000,1.0000,0.3000
616889,dynamic,-6.3128,-0.5387,6.1947,27.66,0.970,-0.5114,1.4773,1.5634,-0.6386,1.4270,-1.000,1,TERMINAL_LAND,-0.4279,1.0000,1.0000,0.3000
616989,dynamic,-6.3145,-0.5376,6.1934,27.66,0.940,-0.5114,1.4773,1.5634,-0.6419,1.4255,-1.000,1,TERMINAL_LAND,-0.4356,1.0000,1.0000,0.3000
617092,dynamic,-6.3148,-0.5360,6.1967,27.66,0.909,-0.5114,1.4773,1.5634,-0.6392,1.4267,-1.000,1,TERMINAL_LAND,-0.4383,1.0000,1.0000,0.3000
617192,dynamic,-6.3116,-0.5345,6.2021,27.66,0.879,-0.5114,1.4773,1.5634,-0.6324,1.4297,-1.000,1,TERMINAL_LAND,-0.4375,1.0000,1.0000,0.3000
617291,dynamic,-6.3058,-0.5349,6.2061,27.66,0.850,-0.5114,1.4773,1.5634,-0.6255,1.4328,-1.000,1,TERMINAL_LAND,-0.4362,1.0000,1.0000,0.3000
617390,dynamic,-6.2989,-0.5370,6.2031,27.66,0.820,-0.5114,1.4773,1.5634,-0.6251,1.4330,-1.000,1,TERMINAL_LAND,-0.4407,1.0000,1.0000,0.3000
617491,dynamic,-6.2932,-0.5363,6.1942,27.66,0.790,-0.5114,1.4773,1.5634,-0.6339,1.4291,-1.000,1,TERMINAL_LAND,-0.4531,1.0000,1.0000,0.3000
617590,dynamic,-6.2883,-0.5363,6.1733,27.66,0.760,-0.5114,1.4773,1.5634,-0.6633,1.4157,-1.000,1,TERMINAL_LAND,-0.4841,1.0000,1.0000,0.3000
617693,dynamic,-6.2881,-0.5365,6.1456,27.66,0.729,-0.5114,1.4773,1.5634,-0.6929,1.4014,-1.000,1,TERMINAL_LAND,-0.5159,1.0000,1.0000,0.3000
617793,dynamic,-6.2933,-0.5338,6.1238,27.66,0.699,-0.5114,1.4773,1.5634,-0.7310,1.3820,-1.000,1,TERMINAL_LAND,-0.5558,1.0000,1.0000,0.3000
617892,dynamic,-6.3066,-0.5295,6.1260,-13.45,0.669,-0.7305,1.5372,1.7020,-0.9676,1.4001,-1.000,1,TERMINAL_LAND,-0.7846,1.0000,-0.5380,0.3000
617992,dynamic,-6.3184,-0.5301,6.1475,-13.45,0.639,-0.7305,1.5372,1.7020,-0.9461,1.4148,-1.000,1,TERMINAL_LAND,-0.7728,1.0000,-0.5380,0.3000
618093,dynamic,-6.3283,-0.5370,6.1708,-13.45,0.609,-0.7305,1.5372,1.7020,-0.9057,1.4409,-1.000,1,TERMINAL_LAND,-0.7429,1.0000,-0.5380,0.3000
618193,dynamic,-6.3329,-0.5473,6.1913,-13.45,0.579,-0.7305,1.5372,1.7020,-0.8793,1.4572,-1.000,1,TERMINAL_LAND,-0.7254,1.0000,-0.5380,0.3000
618291,dynamic,-6.3341,-0.5530,6.2078,-13.45,0.550,-0.7305,1.5372,1.7020,-0.8518,1.4735,-1.000,1,TERMINAL_LAND,-0.7063,1.0000,-0.5380,0.3000
618408,dynamic,-6.3328,-0.5607,6.2077,-13.45,0.516,-0.7305,1.5372,1.7020,-0.8417,1.4793,-1.000,1,TERMINAL_LAND,-0.7042,1.0000,-0.5380,0.3000
618496,dynamic,-6.3280,-0.5698,6.1915,-12.85,0.488,-0.8455,1.7662,1.9581,-0.9982,1.6846,-1.000,1,TERMINAL_LAND,-0.8622,1.0000,-0.5140,0.3000
618593,dynamic,-6.3188,-0.5713,6.1726,-12.85,0.459,-0.8455,1.7662,1.9581,-1.0208,1.6710,-1.000,1,TERMINAL_LAND,-0.8926,1.0000,-0.5140,0.3000
618693,dynamic,-6.3079,-0.5646,6.1520,-12.85,0.429,-0.8455,1.7662,1.9581,-1.0477,1.6543,-1.000,1,TERMINAL_LAND,-0.9278,1.0000,-0.5140,0.3000
618794,dynamic,-6.2969,-0.5582,6.1321,-12.85,0.399,-0.8455,1.7662,1.9581,-1.0903,1.6265,-1.000,1,TERMINAL_LAND,-0.9789,1.0000,-0.5140,0.3000
618890,dynamic,-6.2893,-0.5479,6.1233,-12.85,0.399,-0.8455,1.7662,1.9581,-1.1159,1.6091,-1.000,1,DONE,0.0000,0.0000,0.0000,0.0000
