time_ms,mode,scenario,linear_error_m,rotation_error_deg,engagement_duration_s,drone_x,drone_y,target_x,target_y,altitude_m,state,last_cmd_pitch,last_cmd_roll,last_cmd_yaw_vel,last_cmd_thrust
66,static,dynamic,0.8974,12.61,0.07,-0.0008,0.0026,0.8956,0.0437,2.762,SEARCH,0.0000,0.0000,0.0000,-0.0713
166,static,dynamic,0.9265,12.94,0.17,-0.0016,0.0002,0.9236,0.0500,2.764,SEARCH,0.0000,0.0000,0.0000,-0.0708
266,static,dynamic,0.9550,13.23,0.27,-0.0018,-0.0022,0.9514,0.0564,2.766,SEARCH,0.0000,0.0000,0.0000,-0.0703
366,static,dynamic,0.9829,13.51,0.37,-0.0016,-0.0045,0.9789,0.0630,2.767,SEARCH,0.0000,0.0000,0.0000,-0.0698
466,static,dynamic,1.0106,13.76,0.47,-0.0014,-0.0069,1.0063,0.0696,2.769,SEARCH,0.0000,0.0000,0.0000,-0.0693
566,static,dynamic,1.0381,13.99,0.57,-0.0011,-0.0089,1.0335,0.0763,2.771,SEARCH,0.0000,0.0000,0.0000,-0.0688
666,static,dynamic,1.0650,14.12,0.67,-0.0003,-0.0107,1.0605,0.0830,2.772,SEARCH,0.0000,0.0000,0.0000,-0.0683
766,static,dynamic,1.0912,14.10,0.77,0.0009,-0.0125,1.0874,0.0897,2.774,SEARCH,0.0000,0.0000,0.0000,-0.0679
866,static,dynamic,1.1176,14.09,0.87,0.0019,-0.0141,1.1140,0.0964,2.775,SEARCH,0.0000,0.0000,0.0000,-0.0675
966,static,dynamic,1.1443,14.08,0.97,0.0022,-0.0152,1.1404,0.1030,2.776,SEARCH,0.0000,0.0000,0.0000,-0.0671
1066,static,dynamic,1.1710,14.07,1.07,0.0025,-0.0160,1.1667,0.1096,2.778,SEARCH,0.0000,0.0000,0.0000,-0.0667
1166,static,dynamic,1.1977,14.06,1.17,0.0024,-0.0165,1.1928,0.1161,2.779,SEARCH,0.0000,0.0000,0.0000,-0.0663
1266,static,dynamic,1.2243,14.05,1.27,0.0024,-0.0173,1.2187,0.1226,2.780,SEARCH,0.0000,0.0000,0.0000,-0.0659
1366,static,dynamic,1.2502,14.05,1.37,0.0029,-0.0188,1.2444,0.1290,2.781,SEARCH,0.0000,0.0000,0.0000,-0.0656
1466,static,dynamic,1.2761,14.06,1.47,0.0033,-0.0207,1.2699,0.1354,2.782,SEARCH,0.0000,0.0000,0.0000,-0.0653
1566,static,dynamic,1.3021,14.06,1.57,0.0036,-0.0224,1.2952,0.1417,2.784,SEARCH,0.0000,0.0000,0.0000,-0.0649
1666,static,dynamic,1.3280,14.06,1.67,0.0035,-0.0235,1.3204,0.1480,2.785,SEARCH,0.0000,0.0000,0.0000,-0.0646
1766,static,dynamic,1.3538,14.06,1.77,0.0034,-0.0240,1.3454,0.1542,2.786,SEARCH,0.0000,0.0000,0.0000,-0.0642
1866,static,dynamic,1.3798,14.06,1.87,0.0028,-0.0238,1.3702,0.1604,2.787,SEARCH,0.0000,0.0000,0.0000,-0.0638
1966,static,dynamic,1.4058,14.06,1.97,0.0021,-0.0236,1.3949,0.1666,2.789,SEARCH,0.0000,0.0000,0.0000,-0.0634
2066,static,dynamic,1.4316,14.06,2.07,0.0013,-0.0235,1.4194,0.1727,2.790,SEARCH,0.0000,0.0000,0.0000,-0.0630
2166,static,dynamic,1.4569,14.06,2.17,0.0009,-0.0234,1.4437,0.1788,2.791,SEARCH,0.0000,0.0000,0.0000,-0.0627
2266,static,dynamic,1.4818,14.04,2.27,0.0007,-0.0232,1.4679,0.1849,2.792,SEARCH,0.0000,0.0000,0.0000,-0.0623
2366,static,dynamic,1.5065,13.78,2.37,0.0006,-0.0231,1.4919,0.1908,2.794,SEARCH,0.0000,0.0000,0.0000,-0.0619
2466,static,dynamic,1.5308,13.49,2.47,0.0008,-0.0238,1.5157,0.1965,2.795,SEARCH,0.0000,0.0000,0.0000,-0.0615
2566,static,dynamic,1.5547,13.16,2.57,0.0014,-0.0250,1.5394,0.2021,2.796,SEARCH,0.0000,0.0000,0.0000,-0.0611
2666,static,dynamic,1.5786,12.80,2.67,0.0018,-0.0269,1.5629,0.2075,2.798,SEARCH,0.0000,0.0000,0.0000,-0.0606
2766,static,dynamic,1.6031,12.40,2.77,0.0015,-0.0289,1.5863,0.2127,2.799,SEARCH,0.0000,0.0000,0.0000,-0.0603
2866,static,dynamic,1.6273,11.97,2.87,0.0013,-0.0309,1.6095,0.2176,2.800,SEARCH,0.0000,0.0000,0.0000,-0.0599
2966,static,dynamic,1.6508,11.51,2.97,0.0017,-0.0328,1.6326,0.2224,2.802,SEARCH,0.0000,0.0000,0.0000,-0.0595
3066,static,dynamic,1.6739,11.00,3.07,0.0022,-0.0348,1.6555,0.2269,2.803,SEARCH,0.0000,0.0000,0.0000,-0.0592
3166,static,dynamic,1.6971,10.47,3.17,0.0024,-0.0364,1.6783,0.2312,2.804,SEARCH,0.0000,0.0000,0.0000,-0.0588
3266,static,dynamic,1.7204,9.90,3.27,0.0023,-0.0373,1.7010,0.2352,2.805,SEARCH,0.0000,0.0000,0.0000,-0.0585
3366,static,dynamic,1.7429,9.30,3.37,0.0027,-0.0376,1.7235,0.2390,2.806,SEARCH,0.0000,0.0000,0.0000,-0.0581
3466,static,dynamic,1.7649,8.66,3.47,0.0033,-0.0373,1.7459,0.2425,2.807,SEARCH,0.0000,0.0000,0.0000,-0.0578
3566,static,dynamic,1.7869,7.99,3.57,0.0037,-0.0364,1.7682,0.2457,2.809,SEARCH,0.0000,0.0000,0.0000,-0.0574
3666,static,dynamic,1.8090,7.29,3.67,0.0038,-0.0352,1.7903,0.2486,2.810,SEARCH,0.0000,0.0000,0.0000,-0.0571
3766,static,dynamic,1.8308,6.57,3.77,0.0038,-0.0331,1.8124,0.2513,2.811,SEARCH,0.0000,0.0000,0.0000,-0.0568
3866,static,dynamic,1.8519,5.81,3.87,0.0042,-0.0303,1.8343,0.2536,2.812,SEARCH,0.0000,0.0000,0.0000,-0.0565
3966,static,dynamic,1.8726,5.03,3.97,0.0049,-0.0274,1.8561,0.2556,2.812,SEARCH,0.0000,0.0000,0.0000,-0.0563
4066,static,dynamic,1.8929,4.22,4.07,0.0059,-0.0247,1.8777,0.2573,2.813,SEARCH,0.0000,0.0000,0.0000,-0.0560
4166,static,dynamic,1.9132,3.39,4.17,0.0068,-0.0221,1.8993,0.2587,2.814,SEARCH,0.0000,0.0000,0.0000,-0.0558
4266,static,dynamic,1.9339,2.53,4.27,0.0072,-0.0205,1.9208,0.2597,2.814,SEARCH,0.0000,0.0000,0.0000,-0.0557
4366,static,dynamic,1.9548,1.65,4.37,0.0075,-0.0195,1.9421,0.2605,2.815,SEARCH,0.0000,0.0000,0.0000,-0.0555
4466,static,dynamic,1.9753,0.75,4.47,0.0079,-0.0186,1.9634,0.2609,2.816,SEARCH,0.0000,0.0000,0.0000,-0.0552
4566,static,dynamic,1.9954,-0.17,4.57,0.0088,-0.0180,1.9845,0.2609,2.817,SEARCH,0.0000,0.0000,0.0000,-0.0550
4666,static,dynamic,2.0150,-1.11,4.67,0.0098,-0.0168,2.0056,0.2606,2.818,SEARCH,0.0000,0.0000,0.0000,-0.0547
4766,static,dynamic,2.0344,-2.06,4.77,0.0110,-0.0159,2.0266,0.2600,2.819,SEARCH,0.0000,0.0000,0.0000,-0.0544
4866,static,dynamic,2.0532,-3.02,4.87,0.0126,-0.0148,2.0475,0.2590,2.820,SEARCH,0.0000,0.0000,0.0000,-0.0541
4966,static,dynamic,2.0720,-3.99,4.97,0.0142,-0.0138,2.0683,0.2576,2.821,SEARCH,0.0000,0.0000,0.0000,-0.0538
5066,static,dynamic,2.0905,-4.97,5.07,0.0159,-0.0129,2.0890,0.2560,2.822,SEARCH,0.0000,0.0000,0.0000,-0.0535
5166,static,dynamic,2.1087,-5.95,5.17,0.0180,-0.0129,2.1097,0.2539,2.823,SEARCH,0.0000,0.0000,0.0000,-0.0532
5266,static,dynamic,2.1263,-6.93,5.27,0.0206,-0.0139,2.1303,0.2515,2.824,SEARCH,0.0000,0.0000,0.0000,-0.0529
5366,static,dynamic,2.1437,-7.91,5.37,0.0235,-0.0150,2.1508,0.2488,2.824,SEARCH,0.0000,0.0000,0.0000,-0.0527
5466,static,dynamic,2.1610,-8.88,5.47,0.0261,-0.0157,2.1713,0.2457,2.825,SEARCH,0.0000,0.0000,0.0000,-0.0524
5566,static,dynamic,2.1798,-9.85,5.57,0.0273,-0.0163,2.1917,0.2423,2.826,SEARCH,0.0000,0.0000,0.0000,-0.0521
5666,static,dynamic,2.1997,-10.82,5.67,0.0273,-0.0173,2.2121,0.2385,2.827,SEARCH,0.0000,0.0000,0.0000,-0.0518
5766,static,dynamic,2.2202,-11.77,5.77,0.0266,-0.0182,2.2324,0.2344,2.828,SEARCH,0.0000,0.0000,0.0000,-0.0515
5866,static,dynamic,2.2408,-12.71,5.87,0.0257,-0.0189,2.2526,0.2299,2.830,SEARCH,0.0000,0.0000,0.0000,-0.0511
5966,static,dynamic,2.2611,-13.63,5.97,0.0249,-0.0183,2.2728,0.2251,2.831,SEARCH,0.0000,0.0000,0.0000,-0.0508
6066,static,dynamic,2.2816,-14.04,6.07,0.0237,-0.0164,2.2930,0.2201,2.832,SEARCH,0.0000,0.0000,0.0000,-0.0504
6166,static,dynamic,2.3026,-14.05,6.17,0.0220,-0.0142,2.3132,0.2151,2.833,SEARCH,0.0000,0.0000,0.0000,-0.0500
6266,static,dynamic,2.3237,-14.05,6.27,0.0202,-0.0116,2.3333,0.2101,2.835,SEARCH,0.0000,0.0000,0.0000,-0.0496
6366,static,dynamic,2.3449,-14.05,6.37,0.0182,-0.0082,2.3534,0.2050,2.836,SEARCH,0.0000,0.0000,0.0000,-0.0493
6466,static,dynamic,2.3659,-14.05,6.47,0.0164,-0.0044,2.3734,0.2000,2.837,SEARCH,0.0000,0.0000,0.0000,-0.0489
6566,static,dynamic,2.3869,-14.05,6.57,0.0146,-0.0006,2.3934,0.1950,2.838,SEARCH,0.0000,0.0000,0.0000,-0.0486
6666,static,dynamic,2.4079,-14.05,6.67,0.0129,0.0034,2.4135,0.1900,2.839,SEARCH,0.0000,0.0000,0.0000,-0.0483
6766,static,dynamic,2.4287,-14.04,6.77,0.0113,0.0075,2.4335,0.1850,2.840,SEARCH,0.0000,0.0000,0.0000,-0.0480
6866,static,dynamic,2.4494,-14.04,6.87,0.0098,0.0117,2.4535,0.1800,2.841,SEARCH,0.0000,0.0000,0.0000,-0.0477
6966,static,dynamic,2.4703,-14.04,6.97,0.0084,0.0154,2.4735,0.1750,2.842,SEARCH,0.0000,0.0000,0.0000,-0.0475
7066,static,dynamic,2.4908,-14.03,7.07,0.0073,0.0191,2.4935,0.1700,2.842,SEARCH,0.0000,0.0000,0.0000,-0.0473
7166,static,dynamic,2.5107,-14.03,7.17,0.0068,0.0224,2.5135,0.1650,2.843,SEARCH,0.0000,0.0000,0.0000,-0.0471
7266,static,dynamic,2.5298,-14.03,7.27,0.0072,0.0258,2.5335,0.1600,2.844,SEARCH,0.0000,0.0000,0.0000,-0.0469
7366,static,dynamic,2.5483,-14.03,7.37,0.0084,0.0286,2.5535,0.1550,2.844,SEARCH,0.0000,0.0000,0.0000,-0.0468
7466,static,dynamic,2.5668,-14.02,7.47,0.0096,0.0307,2.5736,0.1500,2.845,SEARCH,0.0000,0.0000,0.0000,-0.0466
7566,static,dynamic,2.5857,-14.02,7.57,0.0104,0.0316,2.5936,0.1450,2.846,SEARCH,0.0000,0.0000,0.0000,-0.0463
7666,static,dynamic,2.6048,-14.02,7.67,0.0112,0.0315,2.6137,0.1399,2.846,SEARCH,0.0000,0.0000,0.0000,-0.0461
7766,static,dynamic,2.6244,-14.02,7.77,0.0115,0.0306,2.6338,0.1349,2.847,SEARCH,0.0000,0.0000,0.0000,-0.0458
7866,static,dynamic,2.6441,-14.03,7.87,0.0118,0.0299,2.6540,0.1299,2.848,SEARCH,0.0000,0.0000,0.0000,-0.0455
7966,static,dynamic,2.6636,-14.03,7.97,0.0123,0.0297,2.6742,0.1248,2.849,SEARCH,0.0000,0.0000,0.0000,-0.0452
8067,static,dynamic,2.6823,-14.03,8.07,0.0136,0.0298,2.6944,0.1198,2.850,SEARCH,0.0000,0.0000,0.0000,-0.0449
8166,static,dynamic,2.7007,-14.03,8.17,0.0153,0.0300,2.7147,0.1147,2.851,SEARCH,0.0000,0.0000,0.0000,-0.0446
8266,static,dynamic,2.7194,-14.04,8.27,0.0168,0.0295,2.7350,0.1096,2.852,SEARCH,0.0000,0.0000,0.0000,-0.0443
8366,static,dynamic,2.7388,-14.04,8.37,0.0176,0.0288,2.7554,0.1045,2.853,SEARCH,0.0000,0.0000,0.0000,-0.0441
8466,static,dynamic,2.7591,-14.04,8.47,0.0177,0.0277,2.7758,0.0994,2.854,SEARCH,0.0000,0.0000,0.0000,-0.0439
8566,static,dynamic,2.7797,-14.04,8.57,0.0174,0.0270,2.7963,0.0943,2.854,SEARCH,0.0000,0.0000,0.0000,-0.0438
8666,static,dynamic,2.8003,-14.04,8.67,0.0173,0.0264,2.8168,0.0892,2.854,SEARCH,0.0000,0.0000,0.0000,-0.0437
8766,static,dynamic,2.8204,-14.04,8.77,0.0176,0.0257,2.8374,0.0840,2.855,SEARCH,0.0000,0.0000,0.0000,-0.0436
8866,static,dynamic,2.8405,-14.04,8.87,0.0181,0.0243,2.8581,0.0788,2.855,SEARCH,0.0000,0.0000,0.0000,-0.0435
8966,static,dynamic,2.8611,-14.04,8.97,0.0183,0.0225,2.8789,0.0737,2.855,SEARCH,0.0000,0.0000,0.0000,-0.0434
9066,static,dynamic,2.8823,-14.04,9.07,0.0179,0.0204,2.8997,0.0684,2.856,SEARCH,0.0000,0.0000,0.0000,-0.0433
9166,static,dynamic,2.9040,-14.04,9.17,0.0170,0.0183,2.9207,0.0632,2.856,SEARCH,0.0000,0.0000,0.0000,-0.0431
9266,static,dynamic,2.9268,-14.04,9.27,0.0151,0.0163,2.9417,0.0580,2.857,SEARCH,0.0000,0.0000,0.0000,-0.0429
9366,static,dynamic,2.9503,-14.03,9.37,0.0127,0.0141,2.9628,0.0527,2.858,SEARCH,0.0000,0.0000,0.0000,-0.0427
9466,static,dynamic,2.9740,-14.03,9.47,0.0101,0.0113,2.9840,0.0474,2.858,SEARCH,0.0000,0.0000,0.0000,-0.0425
9566,static,dynamic,2.9981,-14.03,9.57,0.0073,0.0079,3.0052,0.0421,2.859,SEARCH,0.0000,0.0000,0.0000,-0.0422
9666,static,dynamic,3.0223,-14.03,9.67,0.0045,0.0051,3.0266,0.0367,2.860,SEARCH,0.0000,0.0000,0.0000,-0.0420
9766,static,dynamic,3.0471,-14.04,9.77,0.0011,0.0031,3.0481,0.0313,2.861,SEARCH,0.0000,0.0000,0.0000,-0.0417
9866,static,dynamic,3.0716,-14.04,9.87,-0.0018,0.0022,3.0697,0.0259,2.862,SEARCH,0.0000,0.0000,0.0000,-0.0414
9966,static,dynamic,3.0963,-14.04,9.97,-0.0049,0.0015,3.0914,0.0205,2.863,SEARCH,0.0000,0.0000,0.0000,-0.0412
10066,static,dynamic,3.1205,-14.04,10.07,-0.0073,0.0006,3.1132,0.0151,2.864,SEARCH,0.0000,0.0000,0.0000,-0.0409
10166,static,dynamic,3.1447,-14.04,10.17,-0.0095,-0.0005,3.1352,0.0096,2.865,SEARCH,0.0000,0.0000,0.0000,-0.0406
10266,static,dynamic,3.1690,-14.04,10.27,-0.0118,-0.0018,3.1572,0.0041,2.865,SEARCH,0.0000,0.0000,0.0000,-0.0404
10366,static,dynamic,3.1940,-14.04,10.37,-0.0145,-0.0031,3.1794,-0.0015,2.866,SEARCH,0.0000,0.0000,0.0000,-0.0402
10466,static,dynamic,3.2197,-14.04,10.47,-0.0179,-0.0042,3.2017,-0.0071,2.867,SEARCH,0.0000,0.0000,0.0000,-0.0400
10566,static,dynamic,3.2451,-14.04,10.57,-0.0209,-0.0050,3.2242,-0.0127,2.867,SEARCH,0.0000,0.0000,0.0000,-0.0399
10666,static,dynamic,3.2704,-14.04,10.67,-0.0236,-0.0054,3.2467,-0.0183,2.868,SEARCH,0.0000,0.0000,0.0000,-0.0397
10766,static,dynamic,3.2951,-14.04,10.77,-0.0256,-0.0052,3.2694,-0.0240,2.868,SEARCH,0.0000,0.0000,0.0000,-0.0396
10866,static,dynamic,3.3193,-14.03,10.87,-0.0269,-0.0044,3.2923,-0.0297,2.868,SEARCH,0.0000,0.0000,0.0000,-0.0395
10966,static,dynamic,3.3429,-14.03,10.97,-0.0275,-0.0034,3.3153,-0.0354,2.869,SEARCH,0.0000,0.0000,0.0000,-0.0394
11066,static,dynamic,3.3661,-14.03,11.07,-0.0275,-0.0026,3.3384,-0.0412,2.869,SEARCH,0.0000,0.0000,0.0000,-0.0393
11166,static,dynamic,3.3892,-14.03,11.17,-0.0272,-0.0022,3.3617,-0.0470,2.870,SEARCH,0.0000,0.0000,0.0000,-0.0391
11266,static,dynamic,3.4125,-14.03,11.27,-0.0270,-0.0019,3.3851,-0.0529,2.870,SEARCH,0.0000,0.0000,0.0000,-0.0389
11366,static,dynamic,3.4358,-14.03,11.37,-0.0267,-0.0013,3.4086,-0.0588,2.871,SEARCH,0.0000,0.0000,0.0000,-0.0388
11466,static,dynamic,3.4590,-14.03,11.47,-0.0260,-0.0006,3.4324,-0.0647,2.871,SEARCH,0.0000,0.0000,0.0000,-0.0386
11566,static,dynamic,3.4819,-14.02,11.57,-0.0249,0.0004,3.4563,-0.0707,2.872,SEARCH,0.0000,0.0000,0.0000,-0.0385
11666,static,dynamic,3.5047,-14.03,11.67,-0.0235,0.0013,3.4803,-0.0767,2.872,SEARCH,0.0000,0.0000,0.0000,-0.0384
11766,static,dynamic,3.5279,-13.99,11.77,-0.0224,0.0018,3.5045,-0.0827,2.873,SEARCH,0.0000,0.0000,0.0000,-0.0382
11866,static,dynamic,3.5514,-13.22,11.87,-0.0213,0.0021,3.5289,-0.0886,2.873,SEARCH,0.0000,0.0000,0.0000,-0.0381
11966,static,dynamic,3.5752,-12.44,11.97,-0.0204,0.0025,3.5534,-0.0941,2.873,SEARCH,0.0000,0.0000,0.0000,-0.0380
12066,static,dynamic,3.5999,-11.65,12.07,-0.0203,0.0030,3.5781,-0.0993,2.874,SEARCH,0.0000,0.0000,0.0000,-0.0378
12166,static,dynamic,3.6250,-10.86,12.17,-0.0204,0.0041,3.6030,-0.1042,2.875,SEARCH,0.0000,0.0000,0.0000,-0.0376
12266,static,dynamic,3.6501,-10.06,12.27,-0.0203,0.0057,3.6281,-0.1088,2.875,SEARCH,0.0000,0.0000,0.0000,-0.0374
12366,static,dynamic,3.6757,-9.27,12.37,-0.0204,0.0075,3.6533,-0.1130,2.876,SEARCH,0.0000,0.0000,0.0000,-0.0372
12466,static,dynamic,3.7022,-8.46,12.47,-0.0214,0.0093,3.6787,-0.1169,2.877,SEARCH,0.0000,0.0000,0.0000,-0.0370
12566,static,dynamic,3.7299,-7.66,12.57,-0.0234,0.0111,3.7043,-0.1205,2.877,SEARCH,0.0000,0.0000,0.0000,-0.0368
12666,static,dynamic,3.7584,-6.86,12.67,-0.0259,0.0129,3.7300,-0.1237,2.878,SEARCH,0.0000,0.0000,0.0000,-0.0366
12766,static,dynamic,3.7868,-6.06,12.77,-0.0282,0.0148,3.7560,-0.1266,2.879,SEARCH,0.0000,0.0000,0.0000,-0.0364
12866,static,dynamic,3.8152,-5.26,12.87,-0.0303,0.0172,3.7821,-0.1291,2.879,SEARCH,0.0000,0.0000,0.0000,-0.0363
12966,static,dynamic,3.8430,-4.47,12.97,-0.0316,0.0194,3.8084,-0.1313,2.880,SEARCH,0.0000,0.0000,0.0000,-0.0361
13066,static,dynamic,3.8706,-3.69,13.07,-0.0326,0.0208,3.8349,-0.1331,2.880,SEARCH,0.0000,0.0000,0.0000,-0.0359
13166,static,dynamic,3.8984,-2.91,13.17,-0.0336,0.0217,3.8616,-0.1345,2.881,SEARCH,0.0000,0.0000,0.0000,-0.0358
13266,static,dynamic,3.9268,-2.14,13.27,-0.0352,0.0226,3.8885,-0.1357,2.881,SEARCH,0.0000,0.0000,0.0000,-0.0356
13366,static,dynamic,3.9555,-1.38,13.37,-0.0367,0.0233,3.9155,-0.1364,2.882,SEARCH,0.0000,0.0000,0.0000,-0.0354
13466,static,dynamic,3.9844,-0.63,13.47,-0.0384,0.0243,3.9428,-0.1369,2.883,SEARCH,0.0000,0.0000,0.0000,-0.0352
13566,static,dynamic,4.0129,0.09,13.57,-0.0395,0.0249,3.9702,-0.1369,2.883,SEARCH,0.0000,0.0000,0.0000,-0.0350
13666,static,dynamic,4.0414,0.81,13.67,-0.0403,0.0255,3.9979,-0.1367,2.884,SEARCH,0.0000,0.0000,0.0000,-0.0348
13766,static,dynamic,4.0693,1.51,13.77,-0.0404,0.0265,4.0257,-0.1361,2.885,SEARCH,0.0000,0.0000,0.0000,-0.0346
13866,static,dynamic,4.0965,2.19,13.87,-0.0396,0.0278,4.0537,-0.1351,2.885,SEARCH,0.0000,0.0000,0.0000,-0.0344
13966,static,dynamic,4.1237,2.85,13.97,-0.0385,0.0292,4.0820,-0.1338,2.886,SEARCH,0.0000,0.0000,0.0000,-0.0342
14066,static,dynamic,4.1505,3.50,14.07,-0.0370,0.0300,4.1104,-0.1322,2.887,SEARCH,0.0000,0.0000,0.0000,-0.0340
14166,static,dynamic,4.1769,4.13,14.17,-0.0348,0.0303,4.1390,-0.1302,2.888,SEARCH,0.0000,0.0000,0.0000,-0.0337
14266,static,dynamic,4.2022,4.74,14.27,-0.0314,0.0302,4.1679,-0.1279,2.888,SEARCH,0.0000,0.0000,0.0000,-0.0335
14366,static,dynamic,4.2273,5.33,14.37,-0.0275,0.0300,4.1969,-0.1253,2.889,SEARCH,0.0000,0.0000,0.0000,-0.0332
14466,static,dynamic,4.2519,5.91,14.47,-0.0231,0.0300,4.2261,-0.1224,2.890,SEARCH,0.0000,0.0000,0.0000,-0.0330
14566,static,dynamic,4.2770,6.46,14.57,-0.0189,0.0296,4.2555,-0.1192,2.891,SEARCH,0.0000,0.0000,0.0000,-0.0328
14666,static,dynamic,4.3021,6.99,14.67,-0.0145,0.0295,4.2851,-0.1156,2.891,SEARCH,0.0000,0.0000,0.0000,-0.0326
14766,static,dynamic,4.3283,7.50,14.77,-0.0111,0.0291,4.3150,-0.1118,2.892,SEARCH,0.0000,0.0000,0.0000,-0.0324
14866,static,dynamic,4.3552,7.99,14.87,-0.0081,0.0284,4.3450,-0.1077,2.893,SEARCH,0.0000,0.0000,0.0000,-0.0322
14966,static,dynamic,4.3828,8.45,14.97,-0.0057,0.0281,4.3752,-0.1033,2.893,SEARCH,0.0000,0.0000,0.0000,-0.0321
15066,static,dynamic,4.4102,8.90,15.07,-0.0027,0.0289,4.4056,-0.0986,2.894,SEARCH,0.0000,0.0000,0.0000,-0.0319
15166,static,dynamic,4.4375,9.32,15.17,0.0005,0.0306,4.4362,-0.0937,2.894,SEARCH,0.0000,0.0000,0.0000,-0.0318
15266,static,dynamic,4.4648,9.72,15.27,0.0039,0.0325,4.4671,-0.0884,2.895,SEARCH,0.0000,0.0000,0.0000,-0.0316
15366,static,dynamic,4.4929,10.10,15.37,0.0067,0.0336,4.4981,-0.0830,2.895,SEARCH,0.0000,0.0000,0.0000,-0.0315
15466,static,dynamic,4.5210,10.46,15.47,0.0097,0.0344,4.5293,-0.0773,2.896,SEARCH,0.0000,0.0000,0.0000,-0.0313
15566,static,dynamic,4.5495,10.80,15.57,0.0125,0.0348,4.5607,-0.0713,2.896,SEARCH,0.0000,0.0000,0.0000,-0.0312
15666,static,dynamic,4.5787,11.12,15.67,0.0147,0.0353,4.5923,-0.0652,2.896,SEARCH,0.0000,0.0000,0.0000,-0.0311
15766,static,dynamic,4.6092,11.43,15.77,0.0159,0.0361,4.6241,-0.0588,2.897,SEARCH,0.0000,0.0000,0.0000,-0.0309
15866,static,dynamic,4.6408,11.71,15.87,0.0162,0.0376,4.6562,-0.0522,2.897,SEARCH,0.0000,0.0000,0.0000,-0.0308
15966,static,dynamic,4.6731,11.97,15.97,0.0160,0.0393,4.6884,-0.0454,2.898,SEARCH,0.0000,0.0000,0.0000,-0.0306
16066,static,dynamic,4.7058,12.21,16.07,0.0157,0.0414,4.7208,-0.0384,2.899,SEARCH,0.0000,0.0000,0.0000,-0.0304
16166,static,dynamic,4.7385,12.43,16.17,0.0154,0.0443,4.7533,-0.0313,2.899,SEARCH,0.0000,0.0000,0.0000,-0.0303
16266,static,dynamic,4.7717,12.64,16.27,0.0150,0.0473,4.7861,-0.0240,2.900,SEARCH,0.0000,0.0000,0.0000,-0.0301
16366,static,dynamic,4.8052,12.82,16.37,0.0144,0.0496,4.8191,-0.0165,2.900,SEARCH,0.0000,0.0000,0.0000,-0.0300
16466,static,dynamic,4.8393,12.98,16.47,0.0134,0.0512,4.8523,-0.0089,2.901,SEARCH,0.0000,0.0000,0.0000,-0.0298
16566,static,dynamic,4.8735,13.13,16.57,0.0124,0.0524,4.8856,-0.0011,2.901,SEARCH,0.0000,0.0000,0.0000,-0.0297
16666,static,dynamic,4.9078,13.26,16.67,0.0116,0.0531,4.9192,0.0068,2.901,SEARCH,0.0000,0.0000,0.0000,-0.0297
16766,static,dynamic,4.9428,13.37,16.77,0.0103,0.0531,4.9529,0.0148,2.901,SEARCH,0.0000,0.0000,0.0000,-0.0296
16866,static,dynamic,4.9791,13.46,16.87,0.0078,0.0528,4.9868,0.0229,2.901,SEARCH,0.0000,0.0000,0.0000,-0.0296
16966,static,dynamic,5.0158,13.54,16.97,0.0052,0.0523,5.0209,0.0311,2.902,SEARCH,0.0000,0.0000,0.0000,-0.0295
17066,static,dynamic,5.0532,13.60,17.07,0.0020,0.0518,5.0552,0.0393,2.902,SEARCH,0.0000,0.0000,0.0000,-0.0295
17166,static,dynamic,5.0904,13.64,17.17,-0.0007,0.0509,5.0896,0.0477,2.902,SEARCH,0.0000,0.0000,0.0000,-0.0295
17266,static,dynamic,5.1276,13.66,17.27,-0.0033,0.0494,5.1243,0.0561,2.902,SEARCH,0.0000,0.0000,0.0000,-0.0295
17366,static,dynamic,5.1648,13.66,17.37,-0.0057,0.0474,5.1591,0.0645,2.902,SEARCH,0.0000,0.0000,0.0000,-0.0295
17466,static,dynamic,5.2024,13.65,17.47,-0.0082,0.0437,5.1941,0.0730,2.902,SEARCH,0.0000,0.0000,0.0000,-0.0294
17566,static,dynamic,5.2391,13.63,17.57,-0.0097,0.0399,5.2292,0.0815,2.902,SEARCH,0.0000,0.0000,0.0000,-0.0293
17666,static,dynamic,5.2755,13.59,17.67,-0.0107,0.0360,5.2646,0.0901,2.902,SEARCH,0.0000,0.0000,0.0000,-0.0293
17766,static,dynamic,5.3115,13.53,17.77,-0.0110,0.0330,5.3001,0.0986,2.902,SEARCH,0.0000,0.0000,0.0000,-0.0293
17866,static,dynamic,5.3472,13.45,17.87,-0.0109,0.0298,5.3357,0.1072,2.903,SEARCH,0.0000,0.0000,0.0000,-0.0292
17966,static,dynamic,5.3832,13.36,17.97,-0.0109,0.0272,5.3716,0.1157,2.903,SEARCH,0.0000,0.0000,0.0000,-0.0291
18066,static,dynamic,5.4203,13.26,18.07,-0.0118,0.0248,5.4076,0.1242,2.903,SEARCH,0.0000,0.0000,0.0000,-0.0291
18166,static,dynamic,5.4585,13.14,18.17,-0.0137,0.0225,5.4437,0.1327,2.903,SEARCH,0.0000,0.0000,0.0000,-0.0290
18266,static,dynamic,5.4976,13.01,18.27,-0.0163,0.0201,5.4800,0.1411,2.904,SEARCH,0.0000,0.0000,0.0000,-0.0289
18366,static,dynamic,5.5369,12.87,18.37,-0.0189,0.0183,5.5165,0.1494,2.904,SEARCH,0.0000,0.0000,0.0000,-0.0288
18466,static,dynamic,5.5762,12.72,18.47,-0.0213,0.0169,5.5531,0.1577,2.904,SEARCH,0.0000,0.0000,0.0000,-0.0287
18566,static,dynamic,5.6151,12.55,18.57,-0.0232,0.0160,5.5898,0.1660,2.905,SEARCH,0.0000,0.0000,0.0000,-0.0286
18666,static,dynamic,5.6536,12.38,18.67,-0.0246,0.0151,5.6267,0.1741,2.905,SEARCH,0.0000,0.0000,0.0000,-0.0285
18766,static,dynamic,5.6912,12.19,18.77,-0.0250,0.0152,5.6638,0.1822,2.905,SEARCH,0.0000,0.0000,0.0000,-0.0284
18866,static,dynamic,5.7285,12.00,18.87,-0.0249,0.0161,5.7010,0.1901,2.906,SEARCH,0.0000,0.0000,0.0000,-0.0283
18966,static,dynamic,5.7654,11.79,18.97,-0.0243,0.0176,5.7383,0.1980,2.906,SEARCH,0.0000,0.0000,0.0000,-0.0282
19066,static,dynamic,5.8019,11.58,19.07,-0.0231,0.0191,5.7758,0.2057,2.907,SEARCH,0.0000,0.0000,0.0000,-0.0280
19166,static,dynamic,5.8378,11.36,19.17,-0.0213,0.0199,5.8133,0.2133,2.907,SEARCH,0.0000,0.0000,0.0000,-0.0279
19266,static,dynamic,5.8741,11.13,19.27,-0.0196,0.0202,5.8511,0.2208,2.907,SEARCH,0.0000,0.0000,0.0000,-0.0278
19366,static,dynamic,5.9106,10.89,19.37,-0.0180,0.0198,5.8889,0.2282,2.908,SEARCH,0.0000,0.0000,0.0000,-0.0277
19466,static,dynamic,5.9476,10.65,19.47,-0.0167,0.0192,5.9269,0.2354,2.908,SEARCH,0.0000,0.0000,0.0000,-0.0276
19566,static,dynamic,5.9847,10.39,19.57,-0.0155,0.0190,5.9650,0.2424,2.909,SEARCH,0.0000,0.0000,0.0000,-0.0274
19666,static,dynamic,6.0221,10.12,19.67,-0.0146,0.0191,6.0032,0.2493,2.909,SEARCH,0.0000,0.0000,0.0000,-0.0273
19766,static,dynamic,6.0596,9.86,19.77,-0.0135,0.0192,6.0415,0.2560,2.910,SEARCH,0.0000,0.0000,0.0000,-0.0271
19866,static,dynamic,6.0977,9.57,19.87,-0.0130,0.0193,6.0799,0.2625,2.910,SEARCH,0.0000,0.0000,0.0000,-0.0270
19966,static,dynamic,6.1366,9.29,19.97,-0.0131,0.0198,6.1185,0.2689,2.911,SEARCH,0.0000,0.0000,0.0000,-0.0268
20066,static,dynamic,6.1759,8.99,20.07,-0.0136,0.0208,6.1571,0.2751,2.911,SEARCH,0.0000,0.0000,0.0000,-0.0267
20166,static,dynamic,6.2155,8.70,20.17,-0.0143,0.0219,6.1958,0.2811,2.911,SEARCH,0.0000,0.0000,0.0000,-0.0266
20266,static,dynamic,6.2554,8.39,20.27,-0.0152,0.0235,6.2346,0.2869,2.912,SEARCH,0.0000,0.0000,0.0000,-0.0265
20366,static,dynamic,6.2955,8.09,20.37,-0.0162,0.0254,6.2736,0.2925,2.912,SEARCH,0.0000,0.0000,0.0000,-0.0264
20466,static,dynamic,6.3361,7.78,20.47,-0.0178,0.0282,6.3126,0.2979,2.912,SEARCH,0.0000,0.0000,0.0000,-0.0263
20566,static,dynamic,6.3769,7.46,20.57,-0.0195,0.0316,6.3517,0.3031,2.913,SEARCH,0.0000,0.0000,0.0000,-0.0261
20666,static,dynamic,6.4183,7.15,20.67,-0.0216,0.0353,6.3909,0.3081,2.913,SEARCH,0.0000,0.0000,0.0000,-0.0260
20766,static,dynamic,6.4596,6.84,20.77,-0.0237,0.0383,6.4301,0.3129,2.914,SEARCH,0.0000,0.0000,0.0000,-0.0258
20866,static,dynamic,6.5013,6.52,20.87,-0.0259,0.0403,6.4694,0.3175,2.914,SEARCH,0.0000,0.0000,0.0000,-0.0257
20966,static,dynamic,6.5433,6.21,20.97,-0.0284,0.0408,6.5088,0.3219,2.915,SEARCH,0.0000,0.0000,0.0000,-0.0256
21066,static,dynamic,6.5861,5.90,21.07,-0.0316,0.0403,6.5483,0.3261,2.915,SEARCH,0.0000,0.0000,0.0000,-0.0254
21166,static,dynamic,6.6290,5.58,21.17,-0.0348,0.0395,6.5878,0.3300,2.916,SEARCH,0.0000,0.0000,0.0000,-0.0252
21266,static,dynamic,6.6717,5.27,21.27,-0.0378,0.0385,6.6274,0.3337,2.917,SEARCH,0.0000,0.0000,0.0000,-0.0250
21366,static,dynamic,6.7134,4.96,21.37,-0.0397,0.0377,6.6671,0.3372,2.917,SEARCH,0.0000,0.0000,0.0000,-0.0249
21466,static,dynamic,6.7553,4.64,21.47,-0.0417,0.0368,6.7067,0.3405,2.918,SEARCH,0.0000,0.0000,0.0000,-0.0247
21566,static,dynamic,6.7978,4.33,21.57,-0.0443,0.0358,6.7465,0.3436,2.918,SEARCH,0.0000,0.0000,0.0000,-0.0245
21666,static,dynamic,6.8406,4.01,21.67,-0.0473,0.0351,6.7863,0.3464,2.919,SEARCH,0.0000,0.0000,0.0000,-0.0244
21766,static,dynamic,6.8845,3.69,21.77,-0.0512,0.0346,6.8261,0.3490,2.920,SEARCH,0.0000,0.0000,0.0000,-0.0241
21866,static,dynamic,6.9279,3.38,21.87,-0.0547,0.0342,6.8659,0.3515,2.920,SEARCH,0.0000,0.0000,0.0000,-0.0239
21966,static,dynamic,6.9703,3.06,21.97,-0.0571,0.0336,6.9058,0.3537,2.921,SEARCH,0.0000,0.0000,0.0000,-0.0237
22066,static,dynamic,7.0120,2.75,22.07,-0.0589,0.0331,6.9458,0.3556,2.922,SEARCH,0.0000,0.0000,0.0000,-0.0235
22166,static,dynamic,7.0531,2.45,22.17,-0.0599,0.0323,6.9857,0.3574,2.922,SEARCH,0.0000,0.0000,0.0000,-0.0233
22266,static,dynamic,7.0937,2.15,22.27,-0.0605,0.0310,7.0257,0.3590,2.923,SEARCH,0.0000,0.0000,0.0000,-0.0231
22366,static,dynamic,7.1339,1.85,22.37,-0.0606,0.0295,7.0656,0.3603,2.924,SEARCH,0.0000,0.0000,0.0000,-0.0229
22466,static,dynamic,7.1738,1.56,22.47,-0.0604,0.0281,7.1056,0.3615,2.924,SEARCH,0.0000,0.0000,0.0000,-0.0228
22566,static,dynamic,7.2136,1.27,22.57,-0.0602,0.0270,7.1456,0.3624,2.924,SEARCH,0.0000,0.0000,0.0000,-0.0227
22666,static,dynamic,7.2538,0.98,22.67,-0.0603,0.0266,7.1856,0.3632,2.925,SEARCH,0.0000,0.0000,0.0000,-0.0226
22766,static,dynamic,7.2946,0.70,22.77,-0.0612,0.0264,7.2256,0.3637,2.925,SEARCH,0.0000,0.0000,0.0000,-0.0225
22866,static,dynamic,7.3358,0.43,22.87,-0.0624,0.0261,7.2656,0.3641,2.925,SEARCH,0.0000,0.0000,0.0000,-0.0224
22966,static,dynamic,7.3778,0.16,22.97,-0.0644,0.0262,7.3056,0.3643,2.926,SEARCH,0.0000,0.0000,0.0000,-0.0223
23066,static,dynamic,7.4197,-0.10,23.07,-0.0665,0.0263,7.3456,0.3643,2.926,SEARCH,0.0000,0.0000,0.0000,-0.0223
23166,static,dynamic,7.4614,-0.36,23.17,-0.0682,0.0270,7.3855,0.3641,2.926,SEARCH,0.0000,0.0000,0.0000,-0.0222
23266,static,dynamic,7.5020,-0.61,23.27,-0.0691,0.0285,7.4255,0.3637,2.926,SEARCH,0.0000,0.0000,0.0000,-0.0221
23366,static,dynamic,7.5415,-0.85,23.37,-0.0688,0.0304,7.4654,0.3632,2.927,SEARCH,0.0000,0.0000,0.0000,-0.0220
23466,static,dynamic,7.5802,-1.08,23.47,-0.0678,0.0328,7.5053,0.3625,2.927,SEARCH,0.0000,0.0000,0.0000,-0.0219
23566,static,dynamic,7.6189,-1.30,23.57,-0.0668,0.0356,7.5451,0.3617,2.927,SEARCH,0.0000,0.0000,0.0000,-0.0219
23666,static,dynamic,7.6581,-1.52,23.67,-0.0664,0.0386,7.5849,0.3607,2.927,SEARCH,0.0000,0.0000,0.0000,-0.0219
23766,static,dynamic,7.6977,-1.73,23.77,-0.0665,0.0425,7.6247,0.3595,2.927,SEARCH,0.0000,0.0000,0.0000,-0.0219
23866,static,dynamic,7.7373,-1.93,23.87,-0.0666,0.0468,7.6644,0.3583,2.927,SEARCH,0.0000,0.0000,0.0000,-0.0219
23966,static,dynamic,7.7772,-2.12,23.97,-0.0671,0.0515,7.7041,0.3569,2.927,SEARCH,0.0000,0.0000,0.0000,-0.0218
24066,static,dynamic,7.8172,-2.30,24.07,-0.0677,0.0559,7.7438,0.3553,2.927,SEARCH,0.0000,0.0000,0.0000,-0.0218
24166,static,dynamic,7.8575,-2.48,24.17,-0.0686,0.0593,7.7833,0.3537,2.928,SEARCH,0.0000,0.0000,0.0000,-0.0217
24266,static,dynamic,7.8977,-2.64,24.27,-0.0696,0.0623,7.8229,0.3519,2.928,SEARCH,0.0000,0.0000,0.0000,-0.0217
24366,static,dynamic,7.9376,-2.79,24.37,-0.0701,0.0642,7.8623,0.3500,2.928,SEARCH,0.0000,0.0000,0.0000,-0.0216
24466,static,dynamic,7.9772,-2.94,24.47,-0.0704,0.0649,7.9017,0.3480,2.928,SEARCH,0.0000,0.0000,0.0000,-0.0216
24566,static,dynamic,8.0165,-3.07,24.57,-0.0705,0.0641,7.9410,0.3459,2.928,SEARCH,0.0000,0.0000,0.0000,-0.0215
24666,static,dynamic,8.0560,-3.19,24.67,-0.0708,0.0621,7.9803,0.3438,2.928,SEARCH,0.0000,0.0000,0.0000,-0.0215
24766,static,dynamic,8.0959,-3.31,24.77,-0.0716,0.0594,8.0194,0.3415,2.929,SEARCH,0.0000,0.0000,0.0000,-0.0214
24866,static,dynamic,8.1364,-3.41,24.87,-0.0730,0.0562,8.0585,0.3392,2.929,SEARCH,0.0000,0.0000,0.0000,-0.0213
24966,static,dynamic,8.1769,-3.51,24.97,-0.0744,0.0532,8.0975,0.3368,2.929,SEARCH,0.0000,0.0000,0.0000,-0.0212
25066,static,dynamic,8.2169,-3.61,25.07,-0.0755,0.0499,8.1364,0.3344,2.930,SEARCH,0.0000,0.0000,0.0000,-0.0211
25166,static,dynamic,8.2557,-3.70,25.17,-0.0755,0.0469,8.1752,0.3319,2.930,SEARCH,0.0000,0.0000,0.0000,-0.0210
25266,static,dynamic,8.2934,-3.77,25.27,-0.0745,0.0440,8.2140,0.3293,2.930,SEARCH,0.0000,0.0000,0.0000,-0.0209
25366,static,dynamic,8.3296,-3.84,25.37,-0.0722,0.0414,8.2526,0.3267,2.931,SEARCH,0.0000,0.0000,0.0000,-0.0208
25466,static,dynamic,8.3647,-3.90,25.47,-0.0687,0.0386,8.2911,0.3241,2.931,SEARCH,0.0000,0.0000,0.0000,-0.0207
25566,static,dynamic,8.3992,-3.96,25.57,-0.0648,0.0354,8.3295,0.3214,2.931,SEARCH,0.0000,0.0000,0.0000,-0.0207
25666,static,dynamic,8.4339,-4.00,25.67,-0.0612,0.0315,8.3678,0.3188,2.931,SEARCH,0.0000,0.0000,0.0000,-0.0207
25766,static,dynamic,8.4690,-4.03,25.77,-0.0581,0.0276,8.4060,0.3161,2.931,SEARCH,0.0000,0.0000,0.0000,-0.0207
25866,static,dynamic,8.5044,-4.06,25.87,-0.0554,0.0236,8.4441,0.3134,2.931,SEARCH,0.0000,0.0000,0.0000,-0.0207
25966,static,dynamic,8.5398,-4.07,25.97,-0.0528,0.0211,8.4820,0.3107,2.931,SEARCH,0.0000,0.0000,0.0000,-0.0207
26066,static,dynamic,8.5746,-4.08,26.07,-0.0499,0.0197,8.5199,0.3080,2.931,SEARCH,0.0000,0.0000,0.0000,-0.0206
26166,static,dynamic,8.6099,-4.08,26.17,-0.0476,0.0192,8.5576,0.3053,2.931,SEARCH,0.0000,0.0000,0.0000,-0.0206
26266,static,dynamic,8.6454,-4.07,26.27,-0.0456,0.0186,8.5951,0.3026,2.932,SEARCH,0.0000,0.0000,0.0000,-0.0205
26366,static,dynamic,8.6810,-4.05,26.37,-0.0438,0.0177,8.6326,0.3000,2.932,SEARCH,0.0000,0.0000,0.0000,-0.0204
26466,static,dynamic,8.7163,-4.02,26.47,-0.0419,0.0170,8.6699,0.2974,2.932,SEARCH,0.0000,0.0000,0.0000,-0.0203
26566,static,dynamic,8.7518,-3.98,26.57,-0.0403,0.0169,8.7071,0.2948,2.932,SEARCH,0.0000,0.0000,0.0000,-0.0203
26666,static,dynamic,8.7872,-3.93,26.67,-0.0389,0.0175,8.7441,0.2923,2.933,SEARCH,0.0000,0.0000,0.0000,-0.0202
26766,static,dynamic,8.8222,-3.87,26.77,-0.0371,0.0182,8.7810,0.2898,2.933,SEARCH,0.0000,0.0000,0.0000,-0.0201
26866,static,dynamic,8.8570,-3.81,26.87,-0.0353,0.0188,8.8177,0.2873,2.933,SEARCH,0.0000,0.0000,0.0000,-0.0200
26966,static,dynamic,8.8922,-3.73,26.97,-0.0340,0.0194,8.8543,0.2849,2.934,SEARCH,0.0000,0.0000,0.0000,-0.0199
27066,static,dynamic,8.9284,-3.65,27.07,-0.0338,0.0200,8.8907,0.2826,2.934,SEARCH,0.0000,0.0000,0.0000,-0.0198
27166,static,dynamic,8.9662,-3.56,27.17,-0.0354,0.0207,8.9270,0.2803,2.934,SEARCH,0.0000,0.0000,0.0000,-0.0198
27266,static,dynamic,9.0055,-3.46,27.27,-0.0387,0.0219,8.9632,0.2781,2.935,SEARCH,0.0000,0.0000,0.0000,-0.0196
27366,static,dynamic,9.0450,-3.36,27.37,-0.0423,0.0234,8.9991,0.2760,2.935,SEARCH,0.0000,0.0000,0.0000,-0.0195
27466,static,dynamic,9.0849,-3.26,27.47,-0.0465,0.0251,9.0349,0.2740,2.935,SEARCH,0.0000,0.0000,0.0000,-0.0194
27566,static,dynamic,9.1246,-3.14,27.57,-0.0507,0.0260,9.0706,0.2720,2.936,SEARCH,0.0000,0.0000,0.0000,-0.0193
27666,static,dynamic,9.1649,-3.02,27.67,-0.0556,0.0266,9.1060,0.2701,2.936,SEARCH,0.0000,0.0000,0.0000,-0.0192
27766,static,dynamic,9.2041,-2.90,27.77,-0.0596,0.0273,9.1414,0.2683,2.936,SEARCH,0.0000,0.0000,0.0000,-0.0191
27866,static,dynamic,9.2416,-2.77,27.87,-0.0621,0.0283,9.1765,0.2665,2.937,SEARCH,0.0000,0.0000,0.0000,-0.0190
27966,static,dynamic,9.2770,-2.63,27.97,-0.0626,0.0293,9.2115,0.2649,2.937,SEARCH,0.0000,0.0000,0.0000,-0.0189
28066,static,dynamic,9.3110,-2.50,28.07,-0.0619,0.0310,9.2462,0.2634,2.937,SEARCH,0.0000,0.0000,0.0000,-0.0188
28166,static,dynamic,9.3441,-2.35,28.17,-0.0605,0.0325,9.2809,0.2619,2.938,SEARCH,0.0000,0.0000,0.0000,-0.0187
28266,static,dynamic,9.3771,-2.21,28.27,-0.0591,0.0337,9.3153,0.2605,2.938,SEARCH,0.0000,0.0000,0.0000,-0.0186
28366,static,dynamic,9.4110,-2.06,28.37,-0.0588,0.0346,9.3495,0.2593,2.938,SEARCH,0.0000,0.0000,0.0000,-0.0185
28466,static,dynamic,9.4460,-1.91,28.47,-0.0598,0.0351,9.3836,0.2581,2.939,SEARCH,0.0000,0.0000,0.0000,-0.0184
28566,static,dynamic,9.4816,-1.76,28.57,-0.0615,0.0354,9.4175,0.2570,2.939,SEARCH,0.0000,0.0000,0.0000,-0.0183
28666,static,dynamic,9.5174,-1.61,28.67,-0.0636,0.0358,9.4512,0.2560,2.939,SEARCH,0.0000,0.0000,0.0000,-0.0182
28766,static,dynamic,9.5525,-1.45,28.77,-0.0652,0.0367,9.4847,0.2552,2.939,SEARCH,0.0000,0.0000,0.0000,-0.0182
28866,static,dynamic,9.5870,-1.30,28.87,-0.0665,0.0375,9.5181,0.2544,2.939,SEARCH,0.0000,0.0000,0.0000,-0.0182
28966,static,dynamic,9.6214,-1.14,28.97,-0.0677,0.0380,9.5512,0.2537,2.940,SEARCH,0.0000,0.0000,0.0000,-0.0181
29066,static,dynamic,9.6554,-0.99,29.07,-0.0689,0.0384,9.5841,0.2531,2.940,SEARCH,0.0000,0.0000,0.0000,-0.0181
29166,static,dynamic,9.6891,-0.83,29.17,-0.0698,0.0384,9.6169,0.2526,2.940,SEARCH,0.0000,0.0000,0.0000,-0.0181
29266,static,dynamic,9.7222,-0.67,29.27,-0.0704,0.0383,9.6495,0.2522,2.940,SEARCH,0.0000,0.0000,0.0000,-0.0180
29366,static,dynamic,9.7548,-0.51,29.37,-0.0706,0.0384,9.6818,0.2519,2.940,SEARCH,0.0000,0.0000,0.0000,-0.0180
29466,static,dynamic,9.7870,-0.36,29.47,-0.0707,0.0390,9.7140,0.2516,2.940,SEARCH,0.0000,0.0000,0.0000,-0.0179
29566,static,dynamic,9.8187,-0.21,29.57,-0.0704,0.0394,9.7460,0.2515,2.940,SEARCH,0.0000,0.0000,0.0000,-0.0179
29666,static,dynamic,9.8497,-0.06,29.67,-0.0697,0.0403,9.7778,0.2514,2.941,SEARCH,0.0000,0.0000,0.0000,-0.0178
29766,static,dynamic,9.8801,0.08,29.77,-0.0685,0.0415,9.8094,0.2514,2.941,SEARCH,0.0000,0.0000,0.0000,-0.0178
29866,static,dynamic,9.9103,0.22,29.87,-0.0673,0.0423,9.8408,0.2515,2.941,SEARCH,0.0000,0.0000,0.0000,-0.0177
29966,static,dynamic,9.9405,0.36,29.97,-0.0663,0.0422,9.8720,0.2517,2.941,SEARCH,0.0000,0.0000,0.0000,-0.0176
30066,static,dynamic,9.9709,0.49,30.07,-0.0657,0.0416,9.9029,0.2520,2.942,SEARCH,0.0000,0.0000,0.0000,-0.0175
30166,static,dynamic,10.0020,0.62,30.17,-0.0660,0.0407,9.9337,0.2523,2.942,SEARCH,0.0000,0.0000,0.0000,-0.0174
30266,static,dynamic,10.0331,0.74,30.27,-0.0665,0.0397,9.9643,0.2526,2.942,SEARCH,0.0000,0.0000,0.0000,-0.0173
30366,static,dynamic,10.0637,0.85,30.37,-0.0667,0.0385,9.9947,0.2531,2.943,SEARCH,0.0000,0.0000,0.0000,-0.0172
30466,static,dynamic,10.0940,0.96,30.47,-0.0667,0.0366,10.0249,0.2536,2.943,SEARCH,0.0000,0.0000,0.0000,-0.0170
30566,static,dynamic,10.1239,1.06,30.57,-0.0666,0.0349,10.0549,0.2541,2.944,SEARCH,0.0000,0.0000,0.0000,-0.0169
30666,static,dynamic,10.1533,1.15,30.67,-0.0662,0.0334,10.0847,0.2547,2.944,SEARCH,0.0000,0.0000,0.0000,-0.0167
30766,static,dynamic,10.1826,1.23,30.77,-0.0659,0.0325,10.1143,0.2553,2.945,SEARCH,0.0000,0.0000,0.0000,-0.0166
30866,static,dynamic,10.2118,1.30,30.87,-0.0657,0.0319,10.1437,0.2560,2.945,SEARCH,0.0000,0.0000,0.0000,-0.0165
30966,static,dynamic,10.2414,1.37,30.97,-0.0660,0.0317,10.1729,0.2566,2.945,SEARCH,0.0000,0.0000,0.0000,-0.0165
31066,static,dynamic,10.2716,1.42,31.07,-0.0673,0.0317,10.2019,0.2574,2.945,SEARCH,0.0000,0.0000,0.0000,-0.0165
31166,static,dynamic,10.3025,1.46,31.17,-0.0693,0.0320,10.2307,0.2581,2.945,SEARCH,0.0000,0.0000,0.0000,-0.0165
31266,static,dynamic,10.3336,1.49,31.27,-0.0718,0.0322,10.2593,0.2588,2.945,SEARCH,0.0000,0.0000,0.0000,-0.0165
31366,static,dynamic,10.3641,1.50,31.37,-0.0739,0.0323,10.2877,0.2596,2.945,SEARCH,0.0000,0.0000,0.0000,-0.0165
31466,static,dynamic,10.3941,1.51,31.47,-0.0757,0.0320,10.3159,0.2603,2.945,SEARCH,0.0000,0.0000,0.0000,-0.0164
31566,static,dynamic,10.4242,1.50,31.57,-0.0778,0.0311,10.3439,0.2611,2.945,SEARCH,0.0000,0.0000,0.0000,-0.0164
31666,static,dynamic,10.4543,1.49,31.67,-0.0800,0.0293,10.3717,0.2618,2.946,SEARCH,0.0000,0.0000,0.0000,-0.0163
31766,static,dynamic,10.4842,1.46,31.77,-0.0822,0.0269,10.3993,0.2625,2.946,SEARCH,0.0000,0.0000,0.0000,-0.0163
31866,static,dynamic,10.5144,1.41,31.87,-0.0849,0.0238,10.4268,0.2632,2.946,SEARCH,0.0000,0.0000,0.0000,-0.0162
31966,static,dynamic,10.5442,1.35,31.97,-0.0874,0.0204,10.4540,0.2638,2.946,SEARCH,0.0000,0.0000,0.0000,-0.0161
32066,static,dynamic,10.5735,1.28,32.07,-0.0895,0.0164,10.4810,0.2644,2.947,SEARCH,0.0000,0.0000,0.0000,-0.0160
32166,static,dynamic,10.6016,1.20,32.17,-0.0907,0.0130,10.5079,0.2650,2.947,SEARCH,0.0000,0.0000,0.0000,-0.0159
32266,static,dynamic,10.6289,1.09,32.27,-0.0913,0.0099,10.5345,0.2655,2.947,SEARCH,0.0000,0.0000,0.0000,-0.0158
32366,static,dynamic,10.6554,0.97,32.37,-0.0913,0.0068,10.5610,0.2660,2.948,SEARCH,0.0000,0.0000,0.0000,-0.0156
32466,static,dynamic,10.6817,0.83,32.47,-0.0912,0.0044,10.5873,0.2664,2.948,SEARCH,0.0000,0.0000,0.0000,-0.0155
32566,static,dynamic,10.7076,0.68,32.57,-0.0910,0.0029,10.6134,0.2667,2.949,SEARCH,0.0000,0.0000,0.0000,-0.0154
32666,static,dynamic,10.7329,0.51,32.67,-0.0903,0.0017,10.6393,0.2670,2.949,SEARCH,0.0000,0.0000,0.0000,-0.0153
32766,static,dynamic,10.7571,0.32,32.77,-0.0887,0.0005,10.6651,0.2671,2.949,SEARCH,0.0000,0.0000,0.0000,-0.0152
32866,static,dynamic,10.7804,0.11,32.87,-0.0864,-0.0006,10.6906,0.2672,2.949,SEARCH,0.0000,0.0000,0.0000,-0.0152
32966,static,dynamic,10.8037,-0.11,32.97,-0.0844,-0.0017,10.7160,0.2672,2.950,SEARCH,0.0000,0.0000,0.0000,-0.0151
33066,static,dynamic,10.8264,-0.35,33.07,-0.0819,-0.0031,10.7412,0.2671,2.950,SEARCH,0.0000,0.0000,0.0000,-0.0150
33166,static,dynamic,10.8490,-0.60,33.17,-0.0794,-0.0045,10.7662,0.2669,2.950,SEARCH,0.0000,0.0000,0.0000,-0.0150
33266,static,dynamic,10.8718,-0.87,33.27,-0.0773,-0.0060,10.7911,0.2665,2.950,SEARCH,0.0000,0.0000,0.0000,-0.0149
33366,static,dynamic,10.8950,-1.16,33.37,-0.0758,-0.0075,10.8158,0.2661,2.950,SEARCH,0.0000,0.0000,0.0000,-0.0149
33466,static,dynamic,10.9186,-1.46,33.47,-0.0749,-0.0088,10.8403,0.2655,2.950,SEARCH,0.0000,0.0000,0.0000,-0.0149
33566,static,dynamic,10.9419,-1.78,33.57,-0.0738,-0.0100,10.8646,0.2648,2.950,SEARCH,0.0000,0.0000,0.0000,-0.0149
33666,static,dynamic,10.9645,-2.12,33.67,-0.0722,-0.0114,10.8888,0.2639,2.950,SEARCH,0.0000,0.0000,0.0000,-0.0149
33766,static,dynamic,10.9872,-2.46,33.77,-0.0709,-0.0125,10.9128,0.2630,2.951,SEARCH,0.0000,0.0000,0.0000,-0.0148
33866,static,dynamic,11.0099,-2.83,33.87,-0.0697,-0.0139,10.9367,0.2618,2.951,SEARCH,0.0000,0.0000,0.0000,-0.0148
33966,static,dynamic,11.0330,-3.21,33.97,-0.0691,-0.0157,10.9604,0.2606,2.951,SEARCH,0.0000,0.0000,0.0000,-0.0148
34066,static,dynamic,11.0562,-3.60,34.07,-0.0688,-0.0183,10.9840,0.2591,2.951,SEARCH,0.0000,0.0000,0.0000,-0.0148
34166,static,dynamic,11.0796,-4.00,34.17,-0.0687,-0.0210,11.0074,0.2576,2.951,SEARCH,0.0000,0.0000,0.0000,-0.0148
34266,static,dynamic,11.1022,-4.42,34.27,-0.0680,-0.0237,11.0306,0.2558,2.951,SEARCH,0.0000,0.0000,0.0000,-0.0148
34366,static,dynamic,11.1238,-4.85,34.37,-0.0666,-0.0250,11.0537,0.2539,2.951,SEARCH,0.0000,0.0000,0.0000,-0.0148
34466,static,dynamic,11.1448,-5.29,34.47,-0.0647,-0.0249,11.0767,0.2519,2.951,SEARCH,0.0000,0.0000,0.0000,-0.0148
34566,static,dynamic,11.1654,-5.75,34.57,-0.0625,-0.0240,11.0995,0.2496,2.951,SEARCH,0.0000,0.0000,0.0000,-0.0148
34666,static,dynamic,11.1849,-6.21,34.67,-0.0595,-0.0226,11.1222,0.2472,2.951,SEARCH,0.0000,0.0000,0.0000,-0.0148
34766,static,dynamic,11.2044,-6.68,34.77,-0.0565,-0.0211,11.1447,0.2446,2.951,SEARCH,0.0000,0.0000,0.0000,-0.0147
34866,static,dynamic,11.2235,-7.17,34.87,-0.0533,-0.0192,11.1672,0.2419,2.951,SEARCH,0.0000,0.0000,0.0000,-0.0146
34966,static,dynamic,11.2420,-7.65,34.97,-0.0496,-0.0178,11.1894,0.2390,2.951,SEARCH,0.0000,0.0000,0.0000,-0.0146
35066,static,dynamic,11.2598,-8.15,35.07,-0.0454,-0.0170,11.2116,0.2359,2.952,SEARCH,0.0000,0.0000,0.0000,-0.0145
35166,static,dynamic,11.2781,-8.64,35.17,-0.0416,-0.0169,11.2337,0.2326,2.952,SEARCH,0.0000,0.0000,0.0000,-0.0144
35266,static,dynamic,11.2965,-9.14,35.27,-0.0382,-0.0176,11.2556,0.2291,2.952,SEARCH,0.0000,0.0000,0.0000,-0.0143
35366,static,dynamic,11.3159,-9.64,35.37,-0.0359,-0.0189,11.2774,0.2255,2.953,SEARCH,0.0000,0.0000,0.0000,-0.0142
35466,static,dynamic,11.3358,-10.15,35.47,-0.0342,-0.0201,11.2991,0.2216,2.953,SEARCH,0.0000,0.0000,0.0000,-0.0141
35566,static,dynamic,11.3560,-10.65,35.57,-0.0328,-0.0209,11.3207,0.2177,2.953,SEARCH,0.0000,0.0000,0.0000,-0.0140
35666,static,dynamic,11.3767,-11.16,35.67,-0.0321,-0.0212,11.3421,0.2135,2.953,SEARCH,0.0000,0.0000,0.0000,-0.0140
35766,static,dynamic,11.3975,-11.66,35.77,-0.0317,-0.0207,11.3635,0.2091,2.954,SEARCH,0.0000,0.0000,0.0000,-0.0139
35866,static,dynamic,11.4179,-12.16,35.87,-0.0310,-0.0193,11.3848,0.2046,2.954,SEARCH,0.0000,0.0000,0.0000,-0.0139
35966,static,dynamic,11.4378,-12.65,35.97,-0.0297,-0.0169,11.4060,0.1999,2.954,SEARCH,0.0000,0.0000,0.0000,-0.0139
36066,static,dynamic,11.4563,-13.14,36.07,-0.0274,-0.0139,11.4270,0.1951,2.954,SEARCH,0.0000,0.0000,0.0000,-0.0138
36166,static,dynamic,11.4744,-13.62,36.17,-0.0246,-0.0113,11.4480,0.1901,2.954,SEARCH,0.0000,0.0000,0.0000,-0.0138
36266,static,dynamic,11.4915,-14.05,36.27,-0.0210,-0.0088,11.4689,0.1849,2.954,SEARCH,0.0000,0.0000,0.0000,-0.0138
36366,static,dynamic,11.5090,-14.05,36.37,-0.0178,-0.0064,11.4898,0.1797,2.954,SEARCH,0.0000,0.0000,0.0000,-0.0138
36466,static,dynamic,11.5268,-14.05,36.47,-0.0149,-0.0033,11.5105,0.1745,2.954,SEARCH,0.0000,0.0000,0.0000,-0.0137
36566,static,dynamic,11.5450,-14.05,36.57,-0.0125,0.0000,11.5312,0.1693,2.954,SEARCH,0.0000,0.0000,0.0000,-0.0137
36666,static,dynamic,11.5631,-14.05,36.67,-0.0102,0.0041,11.5518,0.1642,2.955,SEARCH,0.0000,0.0000,0.0000,-0.0136
36766,static,dynamic,11.5814,-14.05,36.77,-0.0081,0.0078,11.5724,0.1590,2.955,SEARCH,0.0000,0.0000,0.0000,-0.0135
36866,static,dynamic,11.5993,-14.05,36.87,-0.0056,0.0114,11.5928,0.1539,2.955,SEARCH,0.0000,0.0000,0.0000,-0.0134
36966,static,dynamic,11.6170,-14.05,36.97,-0.0030,0.0144,11.6133,0.1488,2.956,SEARCH,0.0000,0.0000,0.0000,-0.0133
37066,static,dynamic,11.6347,-14.05,37.07,-0.0004,0.0172,11.6336,0.1437,2.956,SEARCH,0.0000,0.0000,0.0000,-0.0131
37166,static,dynamic,11.6531,-14.04,37.17,0.0015,0.0199,11.6539,0.1386,2.957,SEARCH,0.0000,0.0000,0.0000,-0.0130
37266,static,dynamic,11.6730,-14.04,37.27,0.0017,0.0223,11.6742,0.1336,2.957,SEARCH,0.0000,0.0000,0.0000,-0.0129
37366,static,dynamic,11.6939,-14.04,37.37,0.0010,0.0239,11.6944,0.1285,2.958,SEARCH,0.0000,0.0000,0.0000,-0.0127
37466,static,dynamic,11.7156,-14.04,37.47,-0.0006,0.0255,11.7146,0.1235,2.958,SEARCH,0.0000,0.0000,0.0000,-0.0125
37566,static,dynamic,11.7382,-14.04,37.57,-0.0031,0.0269,11.7347,0.1184,2.959,SEARCH,0.0000,0.0000,0.0000,-0.0123
37666,static,dynamic,11.7615,-14.04,37.67,-0.0063,0.0282,11.7548,0.1134,2.960,SEARCH,0.0000,0.0000,0.0000,-0.0121
37766,static,dynamic,11.7848,-14.04,37.77,-0.0096,0.0294,11.7749,0.1084,2.960,SEARCH,0.0000,0.0000,0.0000,-0.0119
37866,static,dynamic,11.8091,-14.04,37.87,-0.0139,0.0305,11.7950,0.1034,2.961,SEARCH,0.0000,0.0000,0.0000,-0.0117
37966,static,dynamic,11.8332,-14.04,37.97,-0.0179,0.0314,11.8150,0.0984,2.961,SEARCH,0.0000,0.0000,0.0000,-0.0116
38066,static,dynamic,11.8570,-14.04,38.07,-0.0218,0.0323,11.8351,0.0934,2.962,SEARCH,0.0000,0.0000,0.0000,-0.0115
38166,static,dynamic,11.8808,-14.04,38.17,-0.0256,0.0331,11.8551,0.0884,2.962,SEARCH,0.0000,0.0000,0.0000,-0.0114
38266,static,dynamic,11.9042,-14.03,38.27,-0.0290,0.0333,11.8751,0.0833,2.963,SEARCH,0.0000,0.0000,0.0000,-0.0112
38366,static,dynamic,11.9270,-14.03,38.37,-0.0319,0.0330,11.8951,0.0783,2.963,SEARCH,0.0000,0.0000,0.0000,-0.0111
38466,static,dynamic,11.9498,-14.03,38.47,-0.0347,0.0321,11.9151,0.0733,2.963,SEARCH,0.0000,0.0000,0.0000,-0.0110
38566,static,dynamic,11.9721,-14.03,38.57,-0.0370,0.0312,11.9351,0.0683,2.964,SEARCH,0.0000,0.0000,0.0000,-0.0109
38666,static,dynamic,11.9949,-14.03,38.67,-0.0398,0.0303,11.9551,0.0633,2.964,SEARCH,0.0000,0.0000,0.0000,-0.0108
38766,static,dynamic,12.0176,-14.03,38.77,-0.0424,0.0293,11.9751,0.0583,2.964,SEARCH,0.0000,0.0000,0.0000,-0.0107
38866,static,dynamic,12.0405,-14.02,38.87,-0.0453,0.0283,11.9952,0.0533,2.965,SEARCH,0.0000,0.0000,0.0000,-0.0106
38966,static,dynamic,12.0630,-14.03,38.97,-0.0477,0.0276,12.0152,0.0483,2.965,SEARCH,0.0000,0.0000,0.0000,-0.0105
39066,static,dynamic,12.0854,-14.03,39.07,-0.0501,0.0268,12.0353,0.0433,2.965,SEARCH,0.0000,0.0000,0.0000,-0.0104
39166,static,dynamic,12.1086,-14.03,39.17,-0.0532,0.0255,12.0554,0.0383,2.966,SEARCH,0.0000,0.0000,0.0000,-0.0103
39266,static,dynamic,12.1321,-14.03,39.27,-0.0565,0.0240,12.0756,0.0332,2.966,SEARCH,0.0000,0.0000,0.0000,-0.0102
39366,static,dynamic,12.1551,-14.03,39.37,-0.0594,0.0223,12.0957,0.0282,2.966,SEARCH,0.0000,0.0000,0.0000,-0.0101
39466,static,dynamic,12.1778,-14.03,39.47,-0.0619,0.0202,12.1160,0.0231,2.966,SEARCH,0.0000,0.0000,0.0000,-0.0101
39566,static,dynamic,12.2001,-14.03,39.57,-0.0638,0.0184,12.1362,0.0181,2.967,SEARCH,0.0000,0.0000,0.0000,-0.0100
39666,static,dynamic,12.2226,-14.03,39.67,-0.0660,0.0169,12.1565,0.0130,2.966,SEARCH,0.0000,0.0000,0.0000,-0.0101
39766,static,dynamic,12.2447,-14.03,39.77,-0.0678,0.0160,12.1769,0.0079,2.966,SEARCH,0.0000,0.0000,0.0000,-0.0101
39866,static,dynamic,12.2666,-14.03,39.87,-0.0693,0.0152,12.1973,0.0028,2.966,SEARCH,0.0000,0.0000,0.0000,-0.0101
39966,static,dynamic,12.2885,-14.03,39.97,-0.0707,0.0147,12.2178,-0.0023,2.966,SEARCH,0.0000,0.0000,0.0000,-0.0102
40066,static,dynamic,12.3099,-14.03,40.07,-0.0715,0.0145,12.2383,-0.0075,2.966,SEARCH,0.0000,0.0000,0.0000,-0.0102
40166,static,dynamic,12.3306,-14.04,40.17,-0.0716,0.0154,12.2589,-0.0126,2.966,SEARCH,0.0000,0.0000,0.0000,-0.0103
40266,static,dynamic,12.3507,-13.83,40.27,-0.0711,0.0169,12.2796,-0.0178,2.965,SEARCH,0.0000,0.0000,0.0000,-0.0104
40366,static,dynamic,12.3706,-13.21,40.37,-0.0701,0.0185,12.3004,-0.0227,2.965,SEARCH,0.0000,0.0000,0.0000,-0.0104
40466,static,dynamic,12.3898,-12.57,40.47,-0.0686,0.0207,12.3212,-0.0274,2.965,SEARCH,0.0000,0.0000,0.0000,-0.0105
40566,static,dynamic,12.4082,-11.89,40.57,-0.0660,0.0228,12.3421,-0.0319,2.965,SEARCH,0.0000,0.0000,0.0000,-0.0106
40666,static,dynamic,12.4259,-11.20,40.67,-0.0627,0.0249,12.3631,-0.0362,2.965,SEARCH,0.0000,0.0000,0.0000,-0.0106
40766,static,dynamic,12.4440,-10.47,40.77,-0.0596,0.0269,12.3842,-0.0401,2.964,SEARCH,0.0000,0.0000,0.0000,-0.0107
40866,static,dynamic,12.4625,-9.72,40.87,-0.0570,0.0285,12.4053,-0.0439,2.964,SEARCH,0.0000,0.0000,0.0000,-0.0107
40966,static,dynamic,12.4809,-8.95,40.97,-0.0540,0.0296,12.4266,-0.0473,2.964,SEARCH,0.0000,0.0000,0.0000,-0.0107
41066,static,dynamic,12.4993,-8.16,41.07,-0.0511,0.0304,12.4480,-0.0505,2.964,SEARCH,0.0000,0.0000,0.0000,-0.0107
41166,static,dynamic,12.5186,-7.36,41.17,-0.0488,0.0306,12.4695,-0.0534,2.964,SEARCH,0.0000,0.0000,0.0000,-0.0108
41266,static,dynamic,12.5385,-6.53,41.27,-0.0472,0.0296,12.4910,-0.0559,2.964,SEARCH,0.0000,0.0000,0.0000,-0.0108
41366,static,dynamic,12.5592,-5.68,41.37,-0.0461,0.0276,12.5127,-0.0582,2.964,SEARCH,0.0000,0.0000,0.0000,-0.0108
41466,static,dynamic,12.5800,-4.82,41.47,-0.0452,0.0250,12.5345,-0.0601,2.964,SEARCH,0.0000,0.0000,0.0000,-0.0107
41566,static,dynamic,12.6014,-3.95,41.57,-0.0446,0.0227,12.5565,-0.0618,2.964,SEARCH,0.0000,0.0000,0.0000,-0.0107
41666,static,dynamic,12.6230,-3.08,41.67,-0.0443,0.0201,12.5785,-0.0631,2.964,SEARCH,0.0000,0.0000,0.0000,-0.0107
41766,static,dynamic,12.6449,-2.20,41.77,-0.0440,0.0172,12.6007,-0.0640,2.965,SEARCH,0.0000,0.0000,0.0000,-0.0106
41866,static,dynamic,12.6673,-1.31,41.87,-0.0441,0.0136,12.6229,-0.0647,2.965,SEARCH,0.0000,0.0000,0.0000,-0.0105
41966,static,dynamic,12.6901,-0.41,41.97,-0.0445,0.0095,12.6454,-0.0649,2.965,SEARCH,0.0000,0.0000,0.0000,-0.0105
42066,static,dynamic,12.7131,0.48,42.07,-0.0450,0.0046,12.6679,-0.0649,2.965,SEARCH,0.0000,0.0000,0.0000,-0.0104
42166,static,dynamic,12.7357,1.38,42.17,-0.0449,-0.0003,12.6906,-0.0645,2.966,SEARCH,0.0000,0.0000,0.0000,-0.0103
42266,static,dynamic,12.7582,2.27,42.27,-0.0446,-0.0055,12.7134,-0.0637,2.966,SEARCH,0.0000,0.0000,0.0000,-0.0102
42366,static,dynamic,12.7809,3.16,42.37,-0.0444,-0.0108,12.7364,-0.0625,2.966,SEARCH,0.0000,0.0000,0.0000,-0.0101
42466,static,dynamic,12.8036,4.04,42.47,-0.0441,-0.0154,12.7595,-0.0610,2.967,SEARCH,0.0000,0.0000,0.0000,-0.0100
42566,static,dynamic,12.8262,4.92,42.57,-0.0434,-0.0195,12.7827,-0.0591,2.967,SEARCH,0.0000,0.0000,0.0000,-0.0098
42666,static,dynamic,12.8484,5.78,42.67,-0.0422,-0.0238,12.8061,-0.0569,2.968,SEARCH,0.0000,0.0000,0.0000,-0.0097
42766,static,dynamic,12.8707,6.63,42.77,-0.0410,-0.0273,12.8297,-0.0543,2.968,SEARCH,0.0000,0.0000,0.0000,-0.0096
42866,static,dynamic,12.8930,7.46,42.87,-0.0396,-0.0303,12.8534,-0.0513,2.969,SEARCH,0.0000,0.0000,0.0000,-0.0094
42966,static,dynamic,12.9150,8.28,42.97,-0.0377,-0.0322,12.8772,-0.0479,2.969,SEARCH,0.0000,0.0000,0.0000,-0.0093
43066,static,dynamic,12.9362,9.08,43.07,-0.0350,-0.0333,12.9012,-0.0442,2.969,SEARCH,0.0000,0.0000,0.0000,-0.0092
43166,static,dynamic,12.9574,9.87,43.17,-0.0320,-0.0334,12.9254,-0.0401,2.969,SEARCH,0.0000,0.0000,0.0000,-0.0092
43266,static,dynamic,12.9783,10.64,43.27,-0.0285,-0.0328,12.9498,-0.0356,2.970,SEARCH,0.0000,0.0000,0.0000,-0.0091
43366,static,dynamic,12.9995,11.38,43.37,-0.0252,-0.0321,12.9743,-0.0308,2.970,SEARCH,0.0000,0.0000,0.0000,-0.0090
43466,static,dynamic,13.0207,12.10,43.47,-0.0217,-0.0311,12.9990,-0.0256,2.970,SEARCH,0.0000,0.0000,0.0000,-0.0089
43566,static,dynamic,13.0423,12.81,43.57,-0.0185,-0.0297,13.0238,-0.0200,2.970,SEARCH,0.0000,0.0000,0.0000,-0.0089
43666,static,dynamic,13.0640,13.48,43.67,-0.0152,-0.0286,13.0488,-0.0141,2.971,SEARCH,0.0000,0.0000,0.0000,-0.0088
43766,static,dynamic,13.0867,14.02,43.77,-0.0127,-0.0280,13.0740,-0.0079,2.971,SEARCH,0.0000,0.0000,0.0000,-0.0088
43866,static,dynamic,13.1103,14.02,43.87,-0.0109,-0.0273,13.0994,-0.0016,2.971,SEARCH,0.0000,0.0000,0.0000,-0.0087
43966,static,dynamic,13.1348,14.02,43.97,-0.0098,-0.0262,13.1250,0.0048,2.971,SEARCH,0.0000,0.0000,0.0000,-0.0087
44066,static,dynamic,13.1602,14.02,44.07,-0.0094,-0.0246,13.1507,0.0113,2.971,SEARCH,0.0000,0.0000,0.0000,-0.0086
44166,static,dynamic,13.1859,14.02,44.17,-0.0093,-0.0228,13.1766,0.0177,2.972,SEARCH,0.0000,0.0000,0.0000,-0.0085
44266,static,dynamic,13.2118,14.02,44.27,-0.0090,-0.0206,13.2027,0.0243,2.972,SEARCH,0.0000,0.0000,0.0000,-0.0084
44366,static,dynamic,13.2383,14.02,44.37,-0.0092,-0.0185,13.2290,0.0308,2.972,SEARCH,0.0000,0.0000,0.0000,-0.0083
44466,static,dynamic,13.2657,14.02,44.47,-0.0101,-0.0165,13.2554,0.0374,2.973,SEARCH,0.0000,0.0000,0.0000,-0.0082
44566,static,dynamic,13.2935,14.03,44.57,-0.0113,-0.0154,13.2821,0.0441,2.973,SEARCH,0.0000,0.0000,0.0000,-0.0081
44666,static,dynamic,13.3216,14.03,44.67,-0.0125,-0.0148,13.3089,0.0508,2.973,SEARCH,0.0000,0.0000,0.0000,-0.0081
44766,static,dynamic,13.3497,14.04,44.77,-0.0135,-0.0144,13.3360,0.0576,2.973,SEARCH,0.0000,0.0000,0.0000,-0.0081
44866,static,dynamic,13.3779,14.04,44.87,-0.0144,-0.0138,13.3632,0.0644,2.973,SEARCH,0.0000,0.0000,0.0000,-0.0081
44966,static,dynamic,13.4053,14.05,44.97,-0.0145,-0.0126,13.3906,0.0712,2.973,SEARCH,0.0000,0.0000,0.0000,-0.0081
45066,static,dynamic,13.4326,14.05,45.07,-0.0140,-0.0106,13.4182,0.0781,2.973,SEARCH,0.0000,0.0000,0.0000,-0.0081
45166,static,dynamic,13.4592,14.05,45.17,-0.0129,-0.0082,13.4460,0.0851,2.973,SEARCH,0.0000,0.0000,0.0000,-0.0082
45266,static,dynamic,13.4850,14.05,45.27,-0.0106,-0.0052,13.4740,0.0921,2.973,SEARCH,0.0000,0.0000,0.0000,-0.0082
45366,static,dynamic,13.5114,14.04,45.37,-0.0088,-0.0019,13.5022,0.0991,2.973,SEARCH,0.0000,0.0000,0.0000,-0.0082
45466,static,dynamic,13.5381,14.04,45.47,-0.0070,0.0019,13.5306,0.1062,2.973,SEARCH,0.0000,0.0000,0.0000,-0.0082
45566,static,dynamic,13.5653,14.04,45.57,-0.0056,0.0054,13.5592,0.1134,2.973,SEARCH,0.0000,0.0000,0.0000,-0.0082
45666,static,dynamic,13.5928,14.03,45.67,-0.0043,0.0091,13.5880,0.1206,2.972,SEARCH,0.0000,0.0000,0.0000,-0.0083
45766,static,dynamic,13.6202,14.03,45.77,-0.0027,0.0129,13.6170,0.1278,2.972,SEARCH,0.0000,0.0000,0.0000,-0.0083
45866,static,dynamic,13.6476,14.03,45.87,-0.0009,0.0163,13.6462,0.1351,2.972,SEARCH,0.0000,0.0000,0.0000,-0.0083
45966,static,dynamic,13.6750,14.02,45.97,0.0011,0.0189,13.6756,0.1425,2.972,SEARCH,0.0000,0.0000,0.0000,-0.0083
46066,static,dynamic,13.7027,14.02,46.07,0.0031,0.0206,13.7052,0.1499,2.972,SEARCH,0.0000,0.0000,0.0000,-0.0083
46166,static,dynamic,13.7309,14.02,46.17,0.0047,0.0212,13.7350,0.1573,2.973,SEARCH,0.0000,0.0000,0.0000,-0.0082
46266,static,dynamic,13.7588,14.03,46.27,0.0069,0.0215,13.7650,0.1648,2.973,SEARCH,0.0000,0.0000,0.0000,-0.0081
46366,static,dynamic,13.7871,14.03,46.37,0.0089,0.0220,13.7952,0.1724,2.973,SEARCH,0.0000,0.0000,0.0000,-0.0081
46466,static,dynamic,13.8158,14.03,46.47,0.0106,0.0220,13.8255,0.1800,2.973,SEARCH,0.0000,0.0000,0.0000,-0.0080
46566,static,dynamic,13.8452,14.03,46.57,0.0120,0.0214,13.8561,0.1876,2.973,SEARCH,0.0000,0.0000,0.0000,-0.0080
46666,static,dynamic,13.8747,14.03,46.67,0.0134,0.0204,13.8869,0.1953,2.974,SEARCH,0.0000,0.0000,0.0000,-0.0079
46766,static,dynamic,13.9044,14.04,46.77,0.0147,0.0194,13.9179,0.2031,2.974,SEARCH,0.0000,0.0000,0.0000,-0.0079
46866,static,dynamic,13.9346,14.04,46.87,0.0159,0.0190,13.9491,0.2109,2.974,SEARCH,0.0000,0.0000,0.0000,-0.0079
46966,static,dynamic,13.9651,14.04,46.97,0.0168,0.0190,13.9805,0.2187,2.974,SEARCH,0.0000,0.0000,0.0000,-0.0079
47066,static,dynamic,13.9951,14.04,47.07,0.0185,0.0187,14.0121,0.2266,2.974,SEARCH,0.0000,0.0000,0.0000,-0.0079
47166,static,dynamic,14.0250,14.04,47.17,0.0205,0.0181,14.0438,0.2345,2.974,SEARCH,0.0000,0.0000,0.0000,-0.0078
47266,static,dynamic,14.0550,14.03,47.27,0.0227,0.0174,14.0758,0.2425,2.974,SEARCH,0.0000,0.0000,0.0000,-0.0077
47366,static,dynamic,14.0853,14.03,47.37,0.0247,0.0169,14.1080,0.2506,2.975,SEARCH,0.0000,0.0000,0.0000,-0.0076
47466,static,dynamic,14.1159,14.03,47.47,0.0266,0.0171,14.1404,0.2587,2.975,SEARCH,0.0000,0.0000,0.0000,-0.0075
47566,static,dynamic,14.1474,14.03,47.57,0.0277,0.0183,14.1729,0.2668,2.975,SEARCH,0.0000,0.0000,0.0000,-0.0074
47666,static,dynamic,14.1802,14.02,47.67,0.0277,0.0203,14.2057,0.2750,2.976,SEARCH,0.0000,0.0000,0.0000,-0.0073
47766,static,dynamic,14.2144,14.02,47.77,0.0266,0.0225,14.2386,0.2832,2.976,SEARCH,0.0000,0.0000,0.0000,-0.0072
47866,static,dynamic,14.2500,14.02,47.87,0.0242,0.0243,14.2718,0.2915,2.977,SEARCH,0.0000,0.0000,0.0000,-0.0070
47966,static,dynamic,14.2864,14.02,47.97,0.0213,0.0247,14.3051,0.2999,2.977,SEARCH,0.0000,0.0000,0.0000,-0.0069
48066,static,dynamic,14.3232,14.02,48.07,0.0182,0.0243,14.3386,0.3082,2.977,SEARCH,0.0000,0.0000,0.0000,-0.0068
48166,static,dynamic,14.3596,14.03,48.17,0.0157,0.0234,14.3723,0.3167,2.978,SEARCH,0.0000,0.0000,0.0000,-0.0067
48266,static,dynamic,14.3954,14.03,48.27,0.0140,0.0217,14.4062,0.3251,2.978,SEARCH,0.0000,0.0000,0.0000,-0.0067
48366,static,dynamic,14.4311,14.04,48.37,0.0126,0.0192,14.4402,0.3336,2.978,SEARCH,0.0000,0.0000,0.0000,-0.0066
48466,static,dynamic,14.4660,14.04,48.47,0.0121,0.0164,14.4745,0.3422,2.978,SEARCH,0.0000,0.0000,0.0000,-0.0065
48566,static,dynamic,14.5006,14.05,48.57,0.0122,0.0135,14.5089,0.3508,2.978,SEARCH,0.0000,0.0000,0.0000,-0.0065
48666,static,dynamic,14.5354,13.93,48.67,0.0124,0.0104,14.5435,0.3594,2.978,SEARCH,0.0000,0.0000,0.0000,-0.0065
48766,static,dynamic,14.5699,13.36,48.77,0.0129,0.0076,14.5783,0.3678,2.979,SEARCH,0.0000,0.0000,0.0000,-0.0064
48866,static,dynamic,14.6045,12.78,48.87,0.0135,0.0053,14.6133,0.3759,2.978,SEARCH,0.0000,0.0000,0.0000,-0.0065
48966,static,dynamic,14.6399,12.18,48.97,0.0134,0.0039,14.6484,0.3835,2.979,SEARCH,0.0000,0.0000,0.0000,-0.0064
49066,static,dynamic,14.6753,11.56,49.07,0.0136,0.0030,14.6837,0.3909,2.979,SEARCH,0.0000,0.0000,0.0000,-0.0064
49166,static,dynamic,14.7107,10.93,49.17,0.0138,0.0027,14.7192,0.3979,2.978,SEARCH,0.0000,0.0000,0.0000,-0.0065
49266,static,dynamic,14.7462,10.29,49.27,0.0141,0.0027,14.7548,0.4045,2.978,SEARCH,0.0000,0.0000,0.0000,-0.0065
49366,static,dynamic,14.7824,9.63,49.37,0.0138,0.0023,14.7906,0.4107,2.978,SEARCH,0.0000,0.0000,0.0000,-0.0066
49466,static,dynamic,14.8195,8.97,49.47,0.0129,0.0016,14.8266,0.4165,2.978,SEARCH,0.0000,0.0000,0.0000,-0.0066
49566,static,dynamic,14.8571,8.31,49.57,0.0116,0.0010,14.8627,0.4219,2.978,SEARCH,0.0000,0.0000,0.0000,-0.0067
49666,static,dynamic,14.8948,7.63,49.67,0.0103,0.0007,14.8990,0.4269,2.978,SEARCH,0.0000,0.0000,0.0000,-0.0067
49766,static,dynamic,14.9325,6.96,49.77,0.0091,0.0008,14.9354,0.4315,2.978,SEARCH,0.0000,0.0000,0.0000,-0.0067
49866,static,dynamic,14.9711,6.27,49.87,0.0072,0.0013,14.9720,0.4357,2.978,SEARCH,0.0000,0.0000,0.0000,-0.0067
49966,static,dynamic,15.0102,5.58,49.97,0.0049,0.0024,15.0087,0.4395,2.978,SEARCH,0.0000,0.0000,0.0000,-0.0066
50066,static,dynamic,15.0499,4.89,50.07,0.0021,0.0037,15.0456,0.4428,2.978,SEARCH,0.0000,0.0000,0.0000,-0.0066
50166,static,dynamic,15.0905,4.20,50.17,-0.0015,0.0054,15.0827,0.4457,2.979,SEARCH,0.0000,0.0000,0.0000,-0.0064
50266,static,dynamic,15.1309,3.51,50.27,-0.0047,0.0075,15.1198,0.4481,2.979,SEARCH,0.0000,0.0000,0.0000,-0.0063
50366,static,dynamic,15.1702,2.82,50.37,-0.0067,0.0095,15.1571,0.4501,2.979,SEARCH,0.0000,0.0000,0.0000,-0.0062
50466,static,dynamic,15.2092,2.14,50.47,-0.0083,0.0116,15.1946,0.4517,2.980,SEARCH,0.0000,0.0000,0.0000,-0.0061
50566,static,dynamic,15.2477,1.46,50.57,-0.0092,0.0136,15.2321,0.4528,2.980,SEARCH,0.0000,0.0000,0.0000,-0.0060
50666,static,dynamic,15.2857,0.78,50.67,-0.0096,0.0153,15.2698,0.4535,2.980,SEARCH,0.0000,0.0000,0.0000,-0.0060
50766,static,dynamic,15.3231,0.11,50.77,-0.0091,0.0158,15.3077,0.4537,2.980,SEARCH,0.0000,0.0000,0.0000,-0.0059
50866,static,dynamic,15.3601,-0.55,50.87,-0.0083,0.0158,15.3456,0.4534,2.980,SEARCH,0.0000,0.0000,0.0000,-0.0059
50966,static,dynamic,15.3972,-1.21,50.97,-0.0073,0.0156,15.3837,0.4528,2.980,SEARCH,0.0000,0.0000,0.0000,-0.0060
51066,static,dynamic,15.4342,-1.86,51.07,-0.0062,0.0151,15.4219,0.4517,2.980,SEARCH,0.0000,0.0000,0.0000,-0.0060
51166,static,dynamic,15.4712,-2.50,51.17,-0.0049,0.0146,15.4602,0.4501,2.980,SEARCH,0.0000,0.0000,0.0000,-0.0060
51266,static,dynamic,15.5079,-3.14,51.27,-0.0033,0.0148,15.4986,0.4482,2.980,SEARCH,0.0000,0.0000,0.0000,-0.0061
51366,static,dynamic,15.5445,-3.76,51.37,-0.0014,0.0157,15.5371,0.4457,2.980,SEARCH,0.0000,0.0000,0.0000,-0.0061
51466,static,dynamic,15.5811,-4.38,51.47,0.0004,0.0174,15.5757,0.4429,2.979,SEARCH,0.0000,0.0000,0.0000,-0.0062
51566,static,dynamic,15.6183,-4.99,51.57,0.0018,0.0192,15.6144,0.4397,2.979,SEARCH,0.0000,0.0000,0.0000,-0.0063
51666,static,dynamic,15.6557,-5.58,51.67,0.0031,0.0210,15.6532,0.4360,2.979,SEARCH,0.0000,0.0000,0.0000,-0.0063
51766,static,dynamic,15.6935,-6.16,51.77,0.0040,0.0222,15.6921,0.4319,2.979,SEARCH,0.0000,0.0000,0.0000,-0.0064
51866,static,dynamic,15.7312,-6.72,51.87,0.0051,0.0228,15.7311,0.4275,2.979,SEARCH,0.0000,0.0000,0.0000,-0.0064
51966,static,dynamic,15.7690,-7.26,51.97,0.0063,0.0220,15.7702,0.4226,2.978,SEARCH,0.0000,0.0000,0.0000,-0.0065
52066,static,dynamic,15.8069,-7.78,52.07,0.0075,0.0201,15.8094,0.4174,2.978,SEARCH,0.0000,0.0000,0.0000,-0.0066
52166,static,dynamic,15.8455,-8.29,52.17,0.0081,0.0172,15.8486,0.4118,2.978,SEARCH,0.0000,0.0000,0.0000,-0.0067
52266,static,dynamic,15.8854,-8.77,52.27,0.0074,0.0135,15.8879,0.4059,2.977,SEARCH,0.0000,0.0000,0.0000,-0.0068
52366,static,dynamic,15.9263,-9.23,52.37,0.0058,0.0097,15.9273,0.3996,2.977,SEARCH,0.0000,0.0000,0.0000,-0.0068
52466,static,dynamic,15.9672,-9.68,52.47,0.0043,0.0057,15.9668,0.3930,2.977,SEARCH,0.0000,0.0000,0.0000,-0.0069
52566,static,dynamic,16.0078,-10.11,52.57,0.0031,0.0016,16.0063,0.3860,2.977,SEARCH,0.0000,0.0000,0.0000,-0.0069
52666,static,dynamic,16.0481,-10.52,52.67,0.0023,-0.0021,16.0459,0.3787,2.977,SEARCH,0.0000,0.0000,0.0000,-0.0068
52766,static,dynamic,16.0878,-10.92,52.77,0.0021,-0.0049,16.0855,0.3712,2.977,SEARCH,0.0000,0.0000,0.0000,-0.0068
52866,static,dynamic,16.1273,-11.29,52.87,0.0022,-0.0071,16.1252,0.3633,2.978,SEARCH,0.0000,0.0000,0.0000,-0.0067
52966,static,dynamic,16.1665,-11.65,52.97,0.0026,-0.0084,16.1649,0.3552,2.978,SEARCH,0.0000,0.0000,0.0000,-0.0067
53066,static,dynamic,16.2058,-11.98,53.07,0.0028,-0.0089,16.2047,0.3469,2.978,SEARCH,0.0000,0.0000,0.0000,-0.0066
53166,static,dynamic,16.2446,-12.29,53.17,0.0036,-0.0086,16.2445,0.3383,2.978,SEARCH,0.0000,0.0000,0.0000,-0.0065
53266,static,dynamic,16.2830,-12.58,53.27,0.0049,-0.0082,16.2844,0.3295,2.979,SEARCH,0.0000,0.0000,0.0000,-0.0064
53366,static,dynamic,16.3216,-12.86,53.37,0.0060,-0.0075,16.3243,0.3204,2.979,SEARCH,0.0000,0.0000,0.0000,-0.0063
53466,static,dynamic,16.3601,-13.10,53.47,0.0072,-0.0071,16.3642,0.3112,2.979,SEARCH,0.0000,0.0000,0.0000,-0.0062
53566,static,dynamic,16.3978,-13.32,53.57,0.0092,-0.0074,16.4041,0.3018,2.980,SEARCH,0.0000,0.0000,0.0000,-0.0061
53666,static,dynamic,16.4347,-13.52,53.67,0.0121,-0.0078,16.4441,0.2922,2.980,SEARCH,0.0000,0.0000,0.0000,-0.0061
53766,static,dynamic,16.4720,-13.70,53.77,0.0147,-0.0082,16.4840,0.2825,2.980,SEARCH,0.0000,0.0000,0.0000,-0.0061
53866,static,dynamic,16.5094,-13.85,53.87,0.0170,-0.0090,16.5240,0.2727,2.980,SEARCH,0.0000,0.0000,0.0000,-0.0060
53966,static,dynamic,16.5473,-13.99,53.97,0.0189,-0.0099,16.5640,0.2628,2.980,SEARCH,0.0000,0.0000,0.0000,-0.0060
54066,static,dynamic,16.5851,-14.03,54.07,0.0210,-0.0109,16.6040,0.2528,2.980,SEARCH,0.0000,0.0000,0.0000,-0.0060
54166,static,dynamic,16.6226,-14.03,54.17,0.0234,-0.0117,16.6440,0.2428,2.980,SEARCH,0.0000,0.0000,0.0000,-0.0060
54266,static,dynamic,16.6594,-14.03,54.27,0.0264,-0.0123,16.6840,0.2328,2.980,SEARCH,0.0000,0.0000,0.0000,-0.0060
54366,static,dynamic,16.6968,-14.04,54.37,0.0289,-0.0128,16.7240,0.2228,2.980,SEARCH,0.0000,0.0000,0.0000,-0.0060
54466,static,dynamic,16.7351,-14.04,54.47,0.0304,-0.0135,16.7640,0.2128,2.980,SEARCH,0.0000,0.0000,0.0000,-0.0060
54566,static,dynamic,16.7740,-14.04,54.57,0.0314,-0.0146,16.8039,0.2028,2.980,SEARCH,0.0000,0.0000,0.0000,-0.0060
54666,static,dynamic,16.8131,-14.04,54.67,0.0321,-0.0161,16.8439,0.1928,2.980,SEARCH,0.0000,0.0000,0.0000,-0.0061
54766,static,dynamic,16.8531,-14.04,54.77,0.0319,-0.0176,16.8838,0.1829,2.980,SEARCH,0.0000,0.0000,0.0000,-0.0061
54866,static,dynamic,16.8936,-14.04,54.87,0.0312,-0.0193,16.9237,0.1729,2.980,SEARCH,0.0000,0.0000,0.0000,-0.0061
54966,static,dynamic,16.9342,-14.04,54.97,0.0304,-0.0208,16.9636,0.1629,2.980,SEARCH,0.0000,0.0000,0.0000,-0.0061
55066,static,dynamic,16.9751,-14.03,55.07,0.0291,-0.0220,17.0034,0.1530,2.980,SEARCH,0.0000,0.0000,0.0000,-0.0061
55166,static,dynamic,17.0163,-13.91,55.17,0.0276,-0.0225,17.0432,0.1431,2.980,SEARCH,0.0000,0.0000,0.0000,-0.0061
55266,static,dynamic,17.0575,-13.76,55.27,0.0261,-0.0223,17.0829,0.1333,2.980,SEARCH,0.0000,0.0000,0.0000,-0.0061
55366,static,dynamic,17.0985,-13.59,55.37,0.0247,-0.0217,17.1226,0.1237,2.979,SEARCH,0.0000,0.0000,0.0000,-0.0062
55466,static,dynamic,17.1391,-13.40,55.47,0.0236,-0.0208,17.1622,0.1142,2.979,SEARCH,0.0000,0.0000,0.0000,-0.0062
55566,static,dynamic,17.1799,-13.19,55.57,0.0223,-0.0193,17.2018,0.1049,2.979,SEARCH,0.0000,0.0000,0.0000,-0.0062
55666,static,dynamic,17.2207,-12.96,55.67,0.0210,-0.0175,17.2414,0.0957,2.979,SEARCH,0.0000,0.0000,0.0000,-0.0062
55766,static,dynamic,17.2614,-12.71,55.77,0.0197,-0.0157,17.2808,0.0868,2.979,SEARCH,0.0000,0.0000,0.0000,-0.0063
55866,static,dynamic,17.3015,-12.44,55.87,0.0189,-0.0136,17.3202,0.0780,2.979,SEARCH,0.0000,0.0000,0.0000,-0.0063
55966,static,dynamic,17.3412,-12.15,55.97,0.0185,-0.0114,17.3596,0.0695,2.979,SEARCH,0.0000,0.0000,0.0000,-0.0063
56066,static,dynamic,17.3806,-11.85,56.07,0.0183,-0.0095,17.3988,0.0612,2.979,SEARCH,0.0000,0.0000,0.0000,-0.0064
56166,static,dynamic,17.4197,-11.52,56.17,0.0184,-0.0083,17.4380,0.0531,2.979,SEARCH,0.0000,0.0000,0.0000,-0.0063
56266,static,dynamic,17.4586,-11.18,56.27,0.0185,-0.0077,17.4771,0.0453,2.979,SEARCH,0.0000,0.0000,0.0000,-0.0063
56366,static,dynamic,17.4982,-10.82,56.37,0.0179,-0.0075,17.5161,0.0378,2.979,SEARCH,0.0000,0.0000,0.0000,-0.0062
56466,static,dynamic,17.5384,-10.44,56.47,0.0167,-0.0078,17.5550,0.0305,2.979,SEARCH,0.0000,0.0000,0.0000,-0.0062
56566,static,dynamic,17.5783,-10.05,56.57,0.0156,-0.0081,17.5939,0.0236,2.980,SEARCH,0.0000,0.0000,0.0000,-0.0061
56666,static,dynamic,17.6175,-9.64,56.67,0.0151,-0.0082,17.6326,0.0169,2.980,SEARCH,0.0000,0.0000,0.0000,-0.0060
56766,static,dynamic,17.6565,-9.22,56.77,0.0147,-0.0078,17.6712,0.0105,2.980,SEARCH,0.0000,0.0000,0.0000,-0.0059
56866,static,dynamic,17.6953,-8.78,56.87,0.0145,-0.0071,17.7098,0.0044,2.981,SEARCH,0.0000,0.0000,0.0000,-0.0058
56966,static,dynamic,17.7337,-8.34,56.97,0.0145,-0.0062,17.7482,-0.0013,2.981,SEARCH,0.0000,0.0000,0.0000,-0.0058
57066,static,dynamic,17.7722,-7.88,57.07,0.0143,-0.0050,17.7865,-0.0067,2.981,SEARCH,0.0000,0.0000,0.0000,-0.0058
57166,static,dynamic,17.8106,-7.40,57.17,0.0141,-0.0040,17.8247,-0.0118,2.981,SEARCH,0.0000,0.0000,0.0000,-0.0058
57266,static,dynamic,17.8487,-6.92,57.27,0.0141,-0.0030,17.8628,-0.0165,2.981,SEARCH,0.0000,0.0000,0.0000,-0.0058
57366,static,dynamic,17.8864,-6.43,57.37,0.0144,-0.0020,17.9008,-0.0209,2.981,SEARCH,0.0000,0.0000,0.0000,-0.0058
57466,static,dynamic,17.9238,-5.93,57.47,0.0148,-0.0010,17.9386,-0.0249,2.981,SEARCH,0.0000,0.0000,0.0000,-0.0057
57566,static,dynamic,17.9615,-5.42,57.57,0.0148,-0.0003,17.9764,-0.0286,2.981,SEARCH,0.0000,0.0000,0.0000,-0.0056
57666,static,dynamic,17.9996,-4.90,57.67,0.0144,0.0007,18.0139,-0.0320,2.981,SEARCH,0.0000,0.0000,0.0000,-0.0056
57766,static,dynamic,18.0374,-4.38,57.77,0.0141,0.0018,18.0514,-0.0350,2.982,SEARCH,0.0000,0.0000,0.0000,-0.0055
57866,static,dynamic,18.0743,-3.86,57.87,0.0145,0.0030,18.0887,-0.0376,2.982,SEARCH,0.0000,0.0000,0.0000,-0.0054
57966,static,dynamic,18.1105,-3.33,57.97,0.0155,0.0035,18.1259,-0.0399,2.982,SEARCH,0.0000,0.0000,0.0000,-0.0053
58066,static,dynamic,18.1465,-2.79,58.07,0.0165,0.0036,18.1630,-0.0418,2.983,SEARCH,0.0000,0.0000,0.0000,-0.0052
58166,static,dynamic,18.1827,-2.25,58.17,0.0173,0.0035,18.1999,-0.0433,2.983,SEARCH,0.0000,0.0000,0.0000,-0.0051
58266,static,dynamic,18.2189,-1.71,58.27,0.0179,0.0034,18.2367,-0.0445,2.983,SEARCH,0.0000,0.0000,0.0000,-0.0050
58366,static,dynamic,18.2547,-1.18,58.37,0.0187,0.0030,18.2733,-0.0454,2.984,SEARCH,0.0000,0.0000,0.0000,-0.0049
58466,static,dynamic,18.2901,-0.64,58.47,0.0196,0.0021,18.3097,-0.0459,2.984,SEARCH,0.0000,0.0000,0.0000,-0.0048
58566,static,dynamic,18.3255,-0.10,58.57,0.0206,0.0010,18.3460,-0.0461,2.984,SEARCH,0.0000,0.0000,0.0000,-0.0047
58666,static,dynamic,18.3608,0.42,58.67,0.0214,-0.0005,18.3822,-0.0460,2.985,SEARCH,0.0000,0.0000,0.0000,-0.0046
58766,static,dynamic,18.3963,0.95,58.77,0.0219,-0.0018,18.4182,-0.0455,2.985,SEARCH,0.0000,0.0000,0.0000,-0.0046
58866,static,dynamic,18.4326,1.47,58.87,0.0214,-0.0028,18.4540,-0.0447,2.985,SEARCH,0.0000,0.0000,0.0000,-0.0045
58966,static,dynamic,18.4697,1.98,58.97,0.0200,-0.0027,18.4897,-0.0435,2.985,SEARCH,0.0000,0.0000,0.0000,-0.0045
59066,static,dynamic,18.5075,2.47,59.07,0.0177,-0.0021,18.5252,-0.0421,2.985,SEARCH,0.0000,0.0000,0.0000,-0.0045
59166,static,dynamic,18.5458,2.96,59.17,0.0148,-0.0011,18.5605,-0.0404,2.985,SEARCH,0.0000,0.0000,0.0000,-0.0044
59266,static,dynamic,18.5848,3.44,59.27,0.0110,0.0000,18.5957,-0.0384,2.985,SEARCH,0.0000,0.0000,0.0000,-0.0044
59366,static,dynamic,18.6231,3.90,59.37,0.0076,0.0012,18.6307,-0.0361,2.985,SEARCH,0.0000,0.0000,0.0000,-0.0044
59466,static,dynamic,18.6605,4.35,59.47,0.0050,0.0029,18.6655,-0.0335,2.985,SEARCH,0.0000,0.0000,0.0000,-0.0045
59566,static,dynamic,18.6969,4.80,59.57,0.0032,0.0045,18.7001,-0.0307,2.985,SEARCH,0.0000,0.0000,0.0000,-0.0045
59666,static,dynamic,18.7324,5.22,59.67,0.0023,0.0064,18.7346,-0.0276,2.985,SEARCH,0.0000,0.0000,0.0000,-0.0046
59766,static,dynamic,18.7670,5.63,59.77,0.0019,0.0089,18.7689,-0.0243,2.984,SEARCH,0.0000,0.0000,0.0000,-0.0047
59866,static,dynamic,18.8011,6.02,59.87,0.0019,0.0116,18.8030,-0.0208,2.984,SEARCH,0.0000,0.0000,0.0000,-0.0048
59966,static,dynamic,18.8347,6.40,59.97,0.0022,0.0140,18.8369,-0.0171,2.984,SEARCH,0.0000,0.0000,0.0000,-0.0048
60066,static,dynamic,18.8678,6.75,60.07,0.0028,0.0166,18.8706,-0.0131,2.984,SEARCH,0.0000,0.0000,0.0000,-0.0049
60166,static,dynamic,18.9004,7.09,60.17,0.0038,0.0188,18.9042,-0.0090,2.983,SEARCH,0.0000,0.0000,0.0000,-0.0050
60266,static,dynamic,18.9322,7.40,60.27,0.0054,0.0211,18.9375,-0.0048,2.983,SEARCH,0.0000,0.0000,0.0000,-0.0050
60366,static,dynamic,18.9639,7.70,60.37,0.0069,0.0230,18.9707,-0.0003,2.983,SEARCH,0.0000,0.0000,0.0000,-0.0050
60466,static,dynamic,18.9952,7.96,60.47,0.0085,0.0247,19.0037,0.0042,2.983,SEARCH,0.0000,0.0000,0.0000,-0.0050
60566,static,dynamic,19.0261,8.21,60.57,0.0104,0.0260,19.0365,0.0089,2.984,SEARCH,0.0000,0.0000,0.0000,-0.0049
60666,static,dynamic,19.0569,8.43,60.67,0.0122,0.0266,19.0691,0.0137,2.984,SEARCH,0.0000,0.0000,0.0000,-0.0049
60766,static,dynamic,19.0877,8.63,60.77,0.0138,0.0265,19.1015,0.0186,2.984,SEARCH,0.0000,0.0000,0.0000,-0.0049
60866,static,dynamic,19.1185,8.80,60.87,0.0152,0.0252,19.1337,0.0235,2.984,SEARCH,0.0000,0.0000,0.0000,-0.0048
60966,static,dynamic,19.1498,8.95,60.97,0.0159,0.0231,19.1657,0.0285,2.984,SEARCH,0.0000,0.0000,0.0000,-0.0048
61066,static,dynamic,19.1813,9.07,61.07,0.0162,0.0201,19.1975,0.0336,2.984,SEARCH,0.0000,0.0000,0.0000,-0.0047
61166,static,dynamic,19.2125,9.17,61.17,0.0167,0.0173,19.2291,0.0387,2.985,SEARCH,0.0000,0.0000,0.0000,-0.0046
61266,static,dynamic,19.2426,9.23,61.27,0.0180,0.0152,19.2606,0.0438,2.985,SEARCH,0.0000,0.0000,0.0000,-0.0046
61366,static,dynamic,19.2722,9.26,61.37,0.0196,0.0139,19.2918,0.0488,2.985,SEARCH,0.0000,0.0000,0.0000,-0.0045
61466,static,dynamic,19.3017,9.27,61.47,0.0211,0.0130,19.3228,0.0539,2.985,SEARCH,0.0000,0.0000,0.0000,-0.0044
61566,static,dynamic,19.3314,9.24,61.57,0.0223,0.0124,19.3536,0.0589,2.986,SEARCH,0.0000,0.0000,0.0000,-0.0043
61666,static,dynamic,19.3624,9.19,61.67,0.0219,0.0113,19.3843,0.0639,2.986,SEARCH,0.0000,0.0000,0.0000,-0.0041
61766,static,dynamic,19.3944,9.10,61.77,0.0204,0.0096,19.4147,0.0688,2.987,SEARCH,0.0000,0.0000,0.0000,-0.0039
61866,static,dynamic,19.4273,8.99,61.87,0.0178,0.0075,19.4449,0.0736,2.987,SEARCH,0.0000,0.0000,0.0000,-0.0038
61966,static,dynamic,19.4609,8.84,61.97,0.0142,0.0054,19.4749,0.0783,2.988,SEARCH,0.0000,0.0000,0.0000,-0.0036
62066,static,dynamic,19.4955,8.67,62.07,0.0094,0.0036,19.5048,0.0829,2.988,SEARCH,0.0000,0.0000,0.0000,-0.0035
62166,static,dynamic,19.5302,8.46,62.17,0.0044,0.0025,19.5344,0.0873,2.989,SEARCH,0.0000,0.0000,0.0000,-0.0034
62266,static,dynamic,19.5644,8.23,62.27,-0.0004,0.0022,19.5638,0.0916,2.989,SEARCH,0.0000,0.0000,0.0000,-0.0033
62366,static,dynamic,19.5980,7.96,62.37,-0.0047,0.0028,19.5930,0.0958,2.989,SEARCH,0.0000,0.0000,0.0000,-0.0032
62466,static,dynamic,19.6307,7.67,62.47,-0.0084,0.0042,19.6221,0.0998,2.989,SEARCH,0.0000,0.0000,0.0000,-0.0032
62566,static,dynamic,19.6624,7.34,62.57,-0.0113,0.0061,19.6509,0.1035,2.989,SEARCH,0.0000,0.0000,0.0000,-0.0032
62666,static,dynamic,19.6934,6.99,62.67,-0.0137,0.0088,19.6795,0.1071,2.989,SEARCH,0.0000,0.0000,0.0000,-0.0032
62766,static,dynamic,19.7239,6.61,62.77,-0.0157,0.0111,19.7080,0.1105,2.989,SEARCH,0.0000,0.0000,0.0000,-0.0033
62866,static,dynamic,19.7537,6.20,62.87,-0.0172,0.0129,19.7362,0.1136,2.989,SEARCH,0.0000,0.0000,0.0000,-0.0033
62966,static,dynamic,19.7821,5.76,62.97,-0.0176,0.0143,19.7642,0.1165,2.989,SEARCH,0.0000,0.0000,0.0000,-0.0033
63066,static,dynamic,19.8095,5.29,63.07,-0.0171,0.0159,19.7921,0.1192,2.989,SEARCH,0.0000,0.0000,0.0000,-0.0033
63166,static,dynamic,19.8363,4.80,63.17,-0.0163,0.0170,19.8197,0.1216,2.989,SEARCH,0.0000,0.0000,0.0000,-0.0034
63266,static,dynamic,19.8630,4.27,63.27,-0.0155,0.0177,19.8472,0.1237,2.989,SEARCH,0.0000,0.0000,0.0000,-0.0034
63366,static,dynamic,19.8894,3.72,63.37,-0.0147,0.0177,19.8744,0.1256,2.989,SEARCH,0.0000,0.0000,0.0000,-0.0034
63466,static,dynamic,19.9156,3.14,63.47,-0.0138,0.0171,19.9015,0.1272,2.989,SEARCH,0.0000,0.0000,0.0000,-0.0034
63566,static,dynamic,19.9418,2.53,63.57,-0.0131,0.0164,19.9284,0.1284,2.989,SEARCH,0.0000,0.0000,0.0000,-0.0034
63666,static,dynamic,19.9674,1.90,63.67,-0.0120,0.0156,19.9551,0.1294,2.989,SEARCH,0.0000,0.0000,0.0000,-0.0034
63766,static,dynamic,19.9929,1.25,63.77,-0.0110,0.0145,19.9816,0.1301,2.989,SEARCH,0.0000,0.0000,0.0000,-0.0034
63866,static,dynamic,20.0181,0.57,63.87,-0.0098,0.0133,20.0079,0.1304,2.989,SEARCH,0.0000,0.0000,0.0000,-0.0034
63966,static,dynamic,20.0431,-0.12,63.97,-0.0087,0.0129,20.0340,0.1305,2.989,SEARCH,0.0000,0.0000,0.0000,-0.0034
64066,static,dynamic,20.0674,-0.84,64.07,-0.0071,0.0127,20.0600,0.1302,2.989,SEARCH,0.0000,0.0000,0.0000,-0.0033
64166,static,dynamic,20.0904,-1.57,64.17,-0.0043,0.0132,20.0857,0.1296,2.989,SEARCH,0.0000,0.0000,0.0000,-0.0033
64266,static,dynamic,20.1126,-2.31,64.27,-0.0010,0.0145,20.1113,0.1287,2.989,SEARCH,0.0000,0.0000,0.0000,-0.0033
64366,static,dynamic,20.1346,-3.06,64.37,0.0024,0.0167,20.1367,0.1275,2.989,SEARCH,0.0000,0.0000,0.0000,-0.0032
64466,static,dynamic,20.1571,-3.83,64.47,0.0052,0.0193,20.1620,0.1259,2.989,SEARCH,0.0000,0.0000,0.0000,-0.0032
64566,static,dynamic,20.1800,-4.60,64.57,0.0073,0.0213,20.1870,0.1240,2.990,SEARCH,0.0000,0.0000,0.0000,-0.0031
64666,static,dynamic,20.2036,-5.38,64.67,0.0086,0.0231,20.2119,0.1218,2.990,SEARCH,0.0000,0.0000,0.0000,-0.0031
64766,static,dynamic,20.2278,-6.16,64.77,0.0091,0.0245,20.2366,0.1192,2.990,SEARCH,0.0000,0.0000,0.0000,-0.0030
64866,static,dynamic,20.2524,-6.93,64.87,0.0089,0.0252,20.2612,0.1164,2.990,SEARCH,0.0000,0.0000,0.0000,-0.0030
64966,static,dynamic,20.2772,-7.71,64.97,0.0086,0.0254,20.2855,0.1132,2.990,SEARCH,0.0000,0.0000,0.0000,-0.0029
65066,static,dynamic,20.3014,-8.48,65.07,0.0086,0.0252,20.3097,0.1097,2.991,SEARCH,0.0000,0.0000,0.0000,-0.0028
65166,static,dynamic,20.3248,-9.24,65.17,0.0092,0.0248,20.3338,0.1059,2.991,SEARCH,0.0000,0.0000,0.0000,-0.0028
65266,static,dynamic,20.3472,-10.00,65.27,0.0106,0.0242,20.3577,0.1018,2.991,SEARCH,0.0000,0.0000,0.0000,-0.0027
65366,static,dynamic,20.3687,-10.74,65.37,0.0128,0.0229,20.3814,0.0974,2.991,SEARCH,0.0000,0.0000,0.0000,-0.0027
65466,static,dynamic,20.3903,-11.47,65.47,0.0148,0.0216,20.4050,0.0927,2.991,SEARCH,0.0000,0.0000,0.0000,-0.0026
65566,static,dynamic,20.4116,-12.18,65.57,0.0169,0.0203,20.4284,0.0877,2.991,SEARCH,0.0000,0.0000,0.0000,-0.0026
65666,static,dynamic,20.4331,-12.88,65.67,0.0187,0.0190,20.4517,0.0825,2.991,SEARCH,0.0000,0.0000,0.0000,-0.0026
65766,static,dynamic,20.4554,-13.56,65.77,0.0195,0.0181,20.4748,0.0770,2.991,SEARCH,0.0000,0.0000,0.0000,-0.0026
65866,static,dynamic,20.4779,-14.03,65.87,0.0200,0.0170,20.4978,0.0713,2.991,SEARCH,0.0000,0.0000,0.0000,-0.0026
65966,static,dynamic,20.5010,-14.03,65.97,0.0197,0.0159,20.5207,0.0656,2.991,SEARCH,0.0000,0.0000,0.0000,-0.0027
66066,static,dynamic,20.5248,-14.04,66.07,0.0186,0.0142,20.5434,0.0599,2.991,SEARCH,0.0000,0.0000,0.0000,-0.0027
66166,static,dynamic,20.5486,-14.04,66.17,0.0174,0.0127,20.5659,0.0543,2.991,SEARCH,0.0000,0.0000,0.0000,-0.0028
66266,static,dynamic,20.5722,-14.04,66.27,0.0162,0.0114,20.5884,0.0487,2.990,SEARCH,0.0000,0.0000,0.0000,-0.0029
66366,static,dynamic,20.5962,-14.04,66.37,0.0145,0.0108,20.6107,0.0431,2.990,SEARCH,0.0000,0.0000,0.0000,-0.0030
66466,static,dynamic,20.6212,-14.04,66.47,0.0117,0.0109,20.6329,0.0376,2.990,SEARCH,0.0000,0.0000,0.0000,-0.0031
66566,static,dynamic,20.6466,-14.04,66.57,0.0084,0.0115,20.6549,0.0321,2.990,SEARCH,0.0000,0.0000,0.0000,-0.0031
66666,static,dynamic,20.6722,-14.05,66.67,0.0046,0.0123,20.6769,0.0266,2.989,SEARCH,0.0000,0.0000,0.0000,-0.0032
66766,static,dynamic,20.6974,-14.05,66.77,0.0013,0.0133,20.6987,0.0211,2.989,SEARCH,0.0000,0.0000,0.0000,-0.0033
66866,static,dynamic,20.7224,-14.05,66.87,-0.0020,0.0151,20.7204,0.0157,2.989,SEARCH,0.0000,0.0000,0.0000,-0.0034
66966,static,dynamic,20.7466,-14.05,66.97,-0.0046,0.0171,20.7420,0.0103,2.988,SEARCH,0.0000,0.0000,0.0000,-0.0035
67066,static,dynamic,20.7705,-14.04,67.07,-0.0070,0.0192,20.7635,0.0049,2.988,SEARCH,0.0000,0.0000,0.0000,-0.0036
67166,static,dynamic,20.7938,-14.04,67.17,-0.0089,0.0212,20.7849,-0.0004,2.988,SEARCH,0.0000,0.0000,0.0000,-0.0037
67266,static,dynamic,20.8170,-14.04,67.27,-0.0108,0.0229,20.8062,-0.0058,2.987,SEARCH,0.0000,0.0000,0.0000,-0.0038
67366,static,dynamic,20.8398,-14.04,67.37,-0.0125,0.0244,20.8274,-0.0111,2.987,SEARCH,0.0000,0.0000,0.0000,-0.0038
67466,static,dynamic,20.8622,-14.03,67.47,-0.0137,0.0257,20.8485,-0.0163,2.987,SEARCH,0.0000,0.0000,0.0000,-0.0038
67566,static,dynamic,20.8841,-14.03,67.57,-0.0146,0.0267,20.8695,-0.0216,2.987,SEARCH,0.0000,0.0000,0.0000,-0.0039
67666,static,dynamic,20.9060,-14.03,67.67,-0.0155,0.0270,20.8904,-0.0268,2.987,SEARCH,0.0000,0.0000,0.0000,-0.0038
67766,static,dynamic,20.9281,-14.03,67.77,-0.0168,0.0268,20.9112,-0.0320,2.987,SEARCH,0.0000,0.0000,0.0000,-0.0038
67866,static,dynamic,20.9505,-14.03,67.87,-0.0184,0.0261,20.9320,-0.0372,2.987,SEARCH,0.0000,0.0000,0.0000,-0.0038
67966,static,dynamic,20.9732,-14.03,67.97,-0.0204,0.0257,20.9527,-0.0424,2.988,SEARCH,0.0000,0.0000,0.0000,-0.0037
68066,static,dynamic,20.9962,-14.03,68.07,-0.0228,0.0258,20.9733,-0.0475,2.988,SEARCH,0.0000,0.0000,0.0000,-0.0037
68166,static,dynamic,21.0196,-14.03,68.17,-0.0256,0.0263,20.9939,-0.0527,2.988,SEARCH,0.0000,0.0000,0.0000,-0.0036
68266,static,dynamic,21.0437,-14.03,68.27,-0.0292,0.0268,21.0144,-0.0578,2.988,SEARCH,0.0000,0.0000,0.0000,-0.0035
68366,static,dynamic,21.0674,-14.04,68.37,-0.0324,0.0269,21.0348,-0.0629,2.989,SEARCH,0.0000,0.0000,0.0000,-0.0034
68466,static,dynamic,21.0910,-14.04,68.47,-0.0357,0.0266,21.0552,-0.0680,2.989,SEARCH,0.0000,0.0000,0.0000,-0.0032
68566,static,dynamic,21.1141,-14.04,68.57,-0.0384,0.0261,21.0755,-0.0731,2.990,SEARCH,0.0000,0.0000,0.0000,-0.0031
68666,static,dynamic,21.1368,-14.04,68.67,-0.0408,0.0254,21.0957,-0.0782,2.990,SEARCH,0.0000,0.0000,0.0000,-0.0030
68766,static,dynamic,21.1585,-14.04,68.77,-0.0423,0.0247,21.1160,-0.0832,2.990,SEARCH,0.0000,0.0000,0.0000,-0.0029
68866,static,dynamic,21.1795,-14.04,68.87,-0.0430,0.0240,21.1362,-0.0883,2.990,SEARCH,0.0000,0.0000,0.0000,-0.0029
68966,static,dynamic,21.1999,-14.04,68.97,-0.0432,0.0239,21.1563,-0.0933,2.991,SEARCH,0.0000,0.0000,0.0000,-0.0027
69066,static,dynamic,21.2197,-13.79,69.07,-0.0430,0.0243,21.1764,-0.0983,2.991,SEARCH,0.0000,0.0000,0.0000,-0.0026
69166,static,dynamic,21.2393,-12.92,69.17,-0.0424,0.0243,21.1965,-0.1030,2.992,SEARCH,0.0000,0.0000,0.0000,-0.0025
69266,static,dynamic,21.2586,-11.99,69.27,-0.0416,0.0240,21.2166,-0.1074,2.992,SEARCH,0.0000,0.0000,0.0000,-0.0024
69366,static,dynamic,21.2779,-11.01,69.37,-0.0408,0.0233,21.2366,-0.1114,2.992,SEARCH,0.0000,0.0000,0.0000,-0.0024
69466,static,dynamic,21.2968,-9.98,69.47,-0.0397,0.0222,21.2566,-0.1150,2.992,SEARCH,0.0000,0.0000,0.0000,-0.0023
69566,static,dynamic,21.3151,-8.89,69.57,-0.0380,0.0215,21.2767,-0.1183,2.993,SEARCH,0.0000,0.0000,0.0000,-0.0022
69666,static,dynamic,21.3330,-7.76,69.67,-0.0358,0.0211,21.2967,-0.1212,2.993,SEARCH,0.0000,0.0000,0.0000,-0.0021
69766,static,dynamic,21.3510,-6.58,69.77,-0.0338,0.0208,21.3167,-0.1236,2.993,SEARCH,0.0000,0.0000,0.0000,-0.0021
69866,static,dynamic,21.3691,-5.37,69.87,-0.0320,0.0204,21.3367,-0.1257,2.993,SEARCH,0.0000,0.0000,0.0000,-0.0021
69966,static,dynamic,21.3873,-4.11,69.97,-0.0301,0.0199,21.3567,-0.1272,2.993,SEARCH,0.0000,0.0000,0.0000,-0.0020
70066,static,dynamic,21.4058,-2.82,70.07,-0.0286,0.0189,21.3767,-0.1284,2.993,SEARCH,0.0000,0.0000,0.0000,-0.0020
70166,static,dynamic,21.4244,-1.50,70.17,-0.0272,0.0176,21.3967,-0.1291,2.993,SEARCH,0.0000,0.0000,0.0000,-0.0020
70266,static,dynamic,21.4432,-0.16,70.27,-0.0259,0.0157,21.4167,-0.1293,2.993,SEARCH,0.0000,0.0000,0.0000,-0.0020
70366,static,dynamic,21.4621,1.21,70.37,-0.0248,0.0136,21.4368,-0.1290,2.993,SEARCH,0.0000,0.0000,0.0000,-0.0020
70466,static,dynamic,21.4810,2.59,70.47,-0.0237,0.0108,21.4569,-0.1283,2.993,SEARCH,0.0000,0.0000,0.0000,-0.0021
70566,static,dynamic,21.4998,3.98,70.57,-0.0224,0.0075,21.4770,-0.1270,2.993,SEARCH,0.0000,0.0000,0.0000,-0.0021
70666,static,dynamic,21.5188,5.38,70.67,-0.0213,0.0035,21.4971,-0.1253,2.993,SEARCH,0.0000,0.0000,0.0000,-0.0021
70766,static,dynamic,21.5386,6.79,70.77,-0.0209,-0.0002,21.5173,-0.1231,2.993,SEARCH,0.0000,0.0000,0.0000,-0.0021
70866,static,dynamic,21.5584,8.18,70.87,-0.0206,-0.0040,21.5375,-0.1203,2.993,SEARCH,0.0000,0.0000,0.0000,-0.0021
70966,static,dynamic,21.5783,9.56,70.97,-0.0202,-0.0071,21.5578,-0.1171,2.993,SEARCH,0.0000,0.0000,0.0000,-0.0021
71066,static,dynamic,21.5981,10.93,71.07,-0.0197,-0.0098,21.5781,-0.1133,2.993,SEARCH,0.0000,0.0000,0.0000,-0.0021
71166,static,dynamic,21.6179,12.28,71.17,-0.0192,-0.0114,21.5984,-0.1091,2.993,SEARCH,0.0000,0.0000,0.0000,-0.0021
71266,static,dynamic,21.6380,13.61,71.27,-0.0189,-0.0122,21.6188,-0.1043,2.993,SEARCH,0.0000,0.0000,0.0000,-0.0021
71366,static,dynamic,21.6584,14.03,71.37,-0.0189,-0.0121,21.6393,-0.0992,2.993,SEARCH,0.0000,0.0000,0.0000,-0.0022
71466,static,dynamic,21.6788,14.03,71.47,-0.0188,-0.0114,21.6598,-0.0940,2.993,SEARCH,0.0000,0.0000,0.0000,-0.0021
71566,static,dynamic,21.6988,14.02,71.57,-0.0182,-0.0104,21.6804,-0.0889,2.993,SEARCH,0.0000,0.0000,0.0000,-0.0021
71666,static,dynamic,21.7181,14.02,71.67,-0.0168,-0.0090,21.7011,-0.0837,2.993,SEARCH,0.0000,0.0000,0.0000,-0.0021
71766,static,dynamic,21.7371,14.03,71.77,-0.0151,-0.0074,21.7218,-0.0785,2.993,SEARCH,0.0000,0.0000,0.0000,-0.0022
71866,static,dynamic,21.7559,14.03,71.87,-0.0131,-0.0055,21.7426,-0.0733,2.993,SEARCH,0.0000,0.0000,0.0000,-0.0022
71966,static,dynamic,21.7748,14.03,71.97,-0.0111,-0.0041,21.7635,-0.0681,2.993,SEARCH,0.0000,0.0000,0.0000,-0.0022
72066,static,dynamic,21.7939,14.03,72.07,-0.0093,-0.0026,21.7845,-0.0629,2.993,SEARCH,0.0000,0.0000,0.0000,-0.0022
72166,static,dynamic,21.8136,14.03,72.17,-0.0079,-0.0012,21.8056,-0.0576,2.993,SEARCH,0.0000,0.0000,0.0000,-0.0022
72266,static,dynamic,21.8344,14.03,72.27,-0.0075,0.0004,21.8267,-0.0523,2.993,SEARCH,0.0000,0.0000,0.0000,-0.0022
72366,static,dynamic,21.8563,14.03,72.37,-0.0082,0.0023,21.8480,-0.0470,2.993,SEARCH,0.0000,0.0000,0.0000,-0.0022
72466,static,dynamic,21.8788,14.03,72.47,-0.0094,0.0048,21.8694,-0.0417,2.993,SEARCH,0.0000,0.0000,0.0000,-0.0022
72566,static,dynamic,21.9019,14.03,72.57,-0.0110,0.0078,21.8908,-0.0363,2.993,SEARCH,0.0000,0.0000,0.0000,-0.0022
72666,static,dynamic,21.9249,14.03,72.67,-0.0125,0.0101,21.9124,-0.0309,2.993,SEARCH,0.0000,0.0000,0.0000,-0.0022
72766,static,dynamic,21.9478,14.03,72.77,-0.0137,0.0115,21.9340,-0.0255,2.993,SEARCH,0.0000,0.0000,0.0000,-0.0022
72866,static,dynamic,21.9698,14.03,72.87,-0.0140,0.0122,21.9558,-0.0200,2.993,SEARCH,0.0000,0.0000,0.0000,-0.0022
72966,static,dynamic,21.9914,14.03,72.97,-0.0137,0.0128,21.9777,-0.0146,2.993,SEARCH,0.0000,0.0000,0.0000,-0.0022
73066,static,dynamic,22.0129,14.04,73.07,-0.0131,0.0136,21.9998,-0.0091,2.992,SEARCH,0.0000,0.0000,0.0000,-0.0023
73166,static,dynamic,22.0344,14.04,73.17,-0.0125,0.0145,22.0219,-0.0035,2.992,SEARCH,0.0000,0.0000,0.0000,-0.0024
73266,static,dynamic,22.0560,14.04,73.27,-0.0119,0.0161,22.0442,0.0020,2.992,SEARCH,0.0000,0.0000,0.0000,-0.0025
73366,static,dynamic,22.0779,14.04,73.37,-0.0114,0.0182,22.0666,0.0076,2.992,SEARCH,0.0000,0.0000,0.0000,-0.0025
73466,static,dynamic,22.0999,14.04,73.47,-0.0108,0.0204,22.0891,0.0133,2.991,SEARCH,0.0000,0.0000,0.0000,-0.0026
73566,static,dynamic,22.1215,14.04,73.57,-0.0098,0.0222,22.1117,0.0189,2.991,SEARCH,0.0000,0.0000,0.0000,-0.0026
73666,static,dynamic,22.1427,14.04,73.67,-0.0082,0.0233,22.1345,0.0246,2.991,SEARCH,0.0000,0.0000,0.0000,-0.0026
73766,static,dynamic,22.1642,14.05,73.77,-0.0068,0.0236,22.1575,0.0304,2.991,SEARCH,0.0000,0.0000,0.0000,-0.0026
73866,static,dynamic,22.1856,14.05,73.87,-0.0051,0.0231,22.1806,0.0361,2.991,SEARCH,0.0000,0.0000,0.0000,-0.0026
73966,static,dynamic,22.2071,14.05,73.97,-0.0033,0.0229,22.2038,0.0420,2.992,SEARCH,0.0000,0.0000,0.0000,-0.0025
74066,static,dynamic,22.2289,14.04,74.07,-0.0017,0.0232,22.2272,0.0478,2.992,SEARCH,0.0000,0.0000,0.0000,-0.0025
74166,static,dynamic,22.2517,14.04,74.17,-0.0010,0.0239,22.2507,0.0537,2.992,SEARCH,0.0000,0.0000,0.0000,-0.0024
74266,static,dynamic,22.2752,14.04,74.27,-0.0008,0.0250,22.2744,0.0596,2.992,SEARCH,0.0000,0.0000,0.0000,-0.0023
74366,static,dynamic,22.2985,14.03,74.37,-0.0003,0.0262,22.2982,0.0656,2.992,SEARCH,0.0000,0.0000,0.0000,-0.0023
74466,static,dynamic,22.3222,14.03,74.47,0.0001,0.0275,22.3222,0.0716,2.992,SEARCH,0.0000,0.0000,0.0000,-0.0023
74566,static,dynamic,22.3464,14.03,74.57,0.0000,0.0281,22.3463,0.0776,2.993,SEARCH,0.0000,0.0000,0.0000,-0.0022
74666,static,dynamic,22.3710,14.03,74.67,-0.0003,0.0280,22.3707,0.0837,2.993,SEARCH,0.0000,0.0000,0.0000,-0.0022
74766,static,dynamic,22.3958,14.03,74.77,-0.0006,0.0273,22.3951,0.0898,2.993,SEARCH,0.0000,0.0000,0.0000,-0.0022
74866,static,dynamic,22.4210,14.03,74.87,-0.0011,0.0261,22.4198,0.0960,2.993,SEARCH,0.0000,0.0000,0.0000,-0.0021
74966,static,dynamic,22.4469,14.03,74.97,-0.0021,0.0243,22.4446,0.1022,2.993,SEARCH,0.0000,0.0000,0.0000,-0.0021
75066,static,dynamic,22.4731,14.04,75.07,-0.0033,0.0228,22.4696,0.1084,2.993,SEARCH,0.0000,0.0000,0.0000,-0.0021
75166,static,dynamic,22.4995,14.04,75.17,-0.0045,0.0215,22.4948,0.1147,2.993,SEARCH,0.0000,0.0000,0.0000,-0.0020
75266,static,dynamic,22.5262,14.04,75.27,-0.0058,0.0206,22.5201,0.1210,2.993,SEARCH,0.0000,0.0000,0.0000,-0.0020
75366,static,dynamic,22.5527,14.04,75.37,-0.0068,0.0194,22.5456,0.1274,2.993,SEARCH,0.0000,0.0000,0.0000,-0.0020
75466,static,dynamic,22.5787,14.04,75.47,-0.0070,0.0179,22.5714,0.1338,2.993,SEARCH,0.0000,0.0000,0.0000,-0.0020
75566,static,dynamic,22.6042,14.04,75.57,-0.0066,0.0168,22.5972,0.1403,2.993,SEARCH,0.0000,0.0000,0.0000,-0.0020
75666,static,dynamic,22.6294,14.04,75.67,-0.0057,0.0158,22.6233,0.1468,2.993,SEARCH,0.0000,0.0000,0.0000,-0.0020
75766,static,dynamic,22.6545,14.04,75.77,-0.0045,0.0154,22.6496,0.1534,2.993,SEARCH,0.0000,0.0000,0.0000,-0.0021
75866,static,dynamic,22.6785,14.04,75.87,-0.0021,0.0155,22.6760,0.1600,2.993,SEARCH,0.0000,0.0000,0.0000,-0.0021
75966,static,dynamic,22.7031,14.04,75.97,-0.0000,0.0160,22.7026,0.1667,2.993,SEARCH,0.0000,0.0000,0.0000,-0.0021
76066,static,dynamic,22.7284,14.04,76.07,0.0016,0.0165,22.7294,0.1734,2.993,SEARCH,0.0000,0.0000,0.0000,-0.0021
76166,static,dynamic,22.7540,14.04,76.17,0.0030,0.0173,22.7564,0.1801,2.993,SEARCH,0.0000,0.0000,0.0000,-0.0021
76266,static,dynamic,22.7802,14.04,76.27,0.0040,0.0182,22.7836,0.1869,2.993,SEARCH,0.0000,0.0000,0.0000,-0.0021
76366,static,dynamic,22.8069,14.03,76.37,0.0048,0.0189,22.8110,0.1938,2.993,SEARCH,0.0000,0.0000,0.0000,-0.0022
76466,static,dynamic,22.8339,14.04,76.47,0.0055,0.0192,22.8386,0.2007,2.993,SEARCH,0.0000,0.0000,0.0000,-0.0022
76566,static,dynamic,22.8611,14.04,76.57,0.0060,0.0192,22.8664,0.2076,2.993,SEARCH,0.0000,0.0000,0.0000,-0.0022
76666,static,dynamic,22.8880,14.04,76.67,0.0072,0.0183,22.8943,0.2146,2.992,SEARCH,0.0000,0.0000,0.0000,-0.0023
76766,static,dynamic,22.9146,14.04,76.77,0.0088,0.0166,22.9225,0.2216,2.992,SEARCH,0.0000,0.0000,0.0000,-0.0024
76866,static,dynamic,22.9410,14.04,76.87,0.0109,0.0144,22.9509,0.2287,2.992,SEARCH,0.0000,0.0000,0.0000,-0.0024
76966,static,dynamic,22.9674,14.04,76.97,0.0131,0.0125,22.9794,0.2359,2.992,SEARCH,0.0000,0.0000,0.0000,-0.0024
77066,static,dynamic,22.9934,13.83,77.07,0.0160,0.0109,23.0082,0.2430,2.992,SEARCH,0.0000,0.0000,0.0000,-0.0024
77166,static,dynamic,23.0195,12.63,77.17,0.0189,0.0095,23.0372,0.2497,2.992,SEARCH,0.0000,0.0000,0.0000,-0.0023
77266,static,dynamic,23.0461,11.40,77.27,0.0216,0.0081,23.0663,0.2558,2.992,SEARCH,0.0000,0.0000,0.0000,-0.0023
77366,static,dynamic,23.0727,10.17,77.37,0.0244,0.0068,23.0957,0.2613,2.993,SEARCH,0.0000,0.0000,0.0000,-0.0022
77466,static,dynamic,23.1000,8.91,77.47,0.0268,0.0056,23.1252,0.2662,2.993,SEARCH,0.0000,0.0000,0.0000,-0.0021
77566,static,dynamic,23.1277,7.65,77.57,0.0288,0.0040,23.1550,0.2704,2.993,SEARCH,0.0000,0.0000,0.0000,-0.0020
77666,static,dynamic,23.1561,6.37,77.67,0.0305,0.0024,23.1850,0.2739,2.994,SEARCH,0.0000,0.0000,0.0000,-0.0018
77766,static,dynamic,23.1849,5.10,77.77,0.0318,0.0007,23.2151,0.2769,2.994,SEARCH,0.0000,0.0000,0.0000,-0.0017
77866,static,dynamic,23.2147,3.82,77.87,0.0324,-0.0009,23.2455,0.2791,2.995,SEARCH,0.0000,0.0000,0.0000,-0.0016
77966,static,dynamic,23.2449,2.55,77.97,0.0328,-0.0020,23.2760,0.2807,2.995,SEARCH,0.0000,0.0000,0.0000,-0.0015
78066,static,dynamic,23.2755,1.28,78.07,0.0330,-0.0022,23.3068,0.2816,2.995,SEARCH,0.0000,0.0000,0.0000,-0.0014
78166,static,dynamic,23.3063,0.02,78.17,0.0332,-0.0025,23.3377,0.2819,2.996,SEARCH,0.0000,0.0000,0.0000,-0.0013
78266,static,dynamic,23.3373,-1.23,78.27,0.0333,-0.0033,23.3689,0.2814,2.996,SEARCH,0.0000,0.0000,0.0000,-0.0012
78366,static,dynamic,23.3684,-2.46,78.37,0.0335,-0.0043,23.4002,0.2803,2.996,SEARCH,0.0000,0.0000,0.0000,-0.0012
78466,static,dynamic,23.3992,-3.67,78.47,0.0343,-0.0055,23.4318,0.2785,2.996,SEARCH,0.0000,0.0000,0.0000,-0.0012
78566,static,dynamic,23.4296,-4.85,78.57,0.0356,-0.0065,23.4635,0.2761,2.996,SEARCH,0.0000,0.0000,0.0000,-0.0012
78666,static,dynamic,23.4598,-6.02,78.67,0.0373,-0.0072,23.4955,0.2729,2.996,SEARCH,0.0000,0.0000,0.0000,-0.0012
78766,static,dynamic,23.4898,-7.16,78.77,0.0395,-0.0075,23.5276,0.2691,2.996,SEARCH,0.0000,0.0000,0.0000,-0.0013
78866,static,dynamic,23.5205,-8.27,78.87,0.0411,-0.0078,23.5600,0.2646,2.996,SEARCH,0.0000,0.0000,0.0000,-0.0013
78966,static,dynamic,23.5522,-9.35,78.97,0.0418,-0.0083,23.5925,0.2595,2.995,SEARCH,0.0000,0.0000,0.0000,-0.0014
79066,static,dynamic,23.5844,-10.40,79.07,0.0423,-0.0086,23.6252,0.2537,2.995,SEARCH,0.0000,0.0000,0.0000,-0.0015
79166,static,dynamic,23.6171,-11.42,79.17,0.0425,-0.0088,23.6581,0.2472,2.995,SEARCH,0.0000,0.0000,0.0000,-0.0015
79266,static,dynamic,23.6509,-12.40,79.27,0.0417,-0.0089,23.6912,0.2401,2.995,SEARCH,0.0000,0.0000,0.0000,-0.0016
79366,static,dynamic,23.6856,-13.34,79.37,0.0401,-0.0084,23.7245,0.2324,2.994,SEARCH,0.0000,0.0000,0.0000,-0.0017
79466,static,dynamic,23.7215,-14.04,79.47,0.0377,-0.0077,23.7580,0.2242,2.994,SEARCH,0.0000,0.0000,0.0000,-0.0017
79566,static,dynamic,23.7583,-14.04,79.57,0.0345,-0.0066,23.7917,0.2158,2.994,SEARCH,0.0000,0.0000,0.0000,-0.0017
79666,static,dynamic,23.7964,-14.04,79.67,0.0301,-0.0049,23.8255,0.2073,2.994,SEARCH,0.0000,0.0000,0.0000,-0.0018
79766,static,dynamic,23.8348,-14.04,79.77,0.0257,-0.0031,23.8596,0.1988,2.994,SEARCH,0.0000,0.0000,0.0000,-0.0018
79866,static,dynamic,23.8735,-14.04,79.87,0.0211,-0.0011,23.8938,0.1902,2.994,SEARCH,0.0000,0.0000,0.0000,-0.0019
79966,static,dynamic,23.9110,-14.04,79.97,0.0179,0.0006,23.9282,0.1816,2.994,SEARCH,0.0000,0.0000,0.0000,-0.0019
80066,static,dynamic,23.9481,-14.04,80.07,0.0153,0.0025,23.9628,0.1730,2.994,SEARCH,0.0000,0.0000,0.0000,-0.0019
80166,static,dynamic,23.9844,-14.04,80.17,0.0137,0.0044,23.9975,0.1643,2.994,SEARCH,0.0000,0.0000,0.0000,-0.0019
80266,static,dynamic,24.0197,-14.04,80.27,0.0133,0.0071,24.0325,0.1556,2.993,SEARCH,0.0000,0.0000,0.0000,-0.0020
80366,static,dynamic,24.0538,-14.04,80.37,0.0142,0.0102,24.0676,0.1468,2.993,SEARCH,0.0000,0.0000,0.0000,-0.0021
80466,static,dynamic,24.0872,-14.04,80.47,0.0160,0.0134,24.1029,0.1380,2.993,SEARCH,0.0000,0.0000,0.0000,-0.0021
80566,static,dynamic,24.1202,-14.04,80.57,0.0184,0.0165,24.1383,0.1291,2.993,SEARCH,0.0000,0.0000,0.0000,-0.0022
80666,static,dynamic,24.1534,-14.04,80.67,0.0208,0.0195,24.1739,0.1202,2.992,SEARCH,0.0000,0.0000,0.0000,-0.0023
80766,static,dynamic,24.1869,-14.04,80.77,0.0229,0.0221,24.2097,0.1113,2.992,SEARCH,0.0000,0.0000,0.0000,-0.0023
80866,static,dynamic,24.2208,-14.04,80.87,0.0250,0.0245,24.2456,0.1023,2.992,SEARCH,0.0000,0.0000,0.0000,-0.0024
80966,static,dynamic,24.2555,-14.04,80.97,0.0263,0.0264,24.2817,0.0932,2.992,SEARCH,0.0000,0.0000,0.0000,-0.0025
81066,static,dynamic,24.2914,-14.04,81.07,0.0267,0.0278,24.3180,0.0842,2.992,SEARCH,0.0000,0.0000,0.0000,-0.0025
81166,static,dynamic,24.3283,-14.04,81.17,0.0261,0.0291,24.3544,0.0751,2.991,SEARCH,0.0000,0.0000,0.0000,-0.0026
81266,static,dynamic,24.3654,-14.04,81.27,0.0256,0.0307,24.3909,0.0659,2.991,SEARCH,0.0000,0.0000,0.0000,-0.0026
81366,static,dynamic,24.4020,-14.04,81.37,0.0256,0.0320,24.4277,0.0568,2.991,SEARCH,0.0000,0.0000,0.0000,-0.0026
81466,static,dynamic,24.4387,-14.03,81.47,0.0258,0.0335,24.4645,0.0475,2.991,SEARCH,0.0000,0.0000,0.0000,-0.0026
81566,static,dynamic,24.4756,-14.04,81.57,0.0259,0.0351,24.5015,0.0383,2.991,SEARCH,0.0000,0.0000,0.0000,-0.0027
81666,static,dynamic,24.5131,-14.04,81.67,0.0255,0.0364,24.5387,0.0290,2.991,SEARCH,0.0000,0.0000,0.0000,-0.0027
81766,static,dynamic,24.5513,-14.04,81.77,0.0247,0.0375,24.5759,0.0197,2.991,SEARCH,0.0000,0.0000,0.0000,-0.0027
81866,static,dynamic,24.5900,-14.04,81.87,0.0234,0.0381,24.6134,0.0103,2.991,SEARCH,0.0000,0.0000,0.0000,-0.0027
81966,static,dynamic,24.6291,-14.04,81.97,0.0218,0.0385,24.6509,0.0009,2.991,SEARCH,0.0000,0.0000,0.0000,-0.0027
82066,static,dynamic,24.6685,-14.04,82.07,0.0201,0.0380,24.6886,-0.0085,2.991,SEARCH,0.0000,0.0000,0.0000,-0.0027
82166,static,dynamic,24.7081,-14.04,82.17,0.0184,0.0369,24.7264,-0.0179,2.991,SEARCH,0.0000,0.0000,0.0000,-0.0026
82266,static,dynamic,24.7482,-14.04,82.27,0.0162,0.0352,24.7643,-0.0274,2.992,SEARCH,0.0000,0.0000,0.0000,-0.0025
82366,static,dynamic,24.7880,-14.04,82.37,0.0145,0.0333,24.8024,-0.0369,2.992,SEARCH,0.0000,0.0000,0.0000,-0.0024
82466,static,dynamic,24.8278,-14.04,82.47,0.0129,0.0309,24.8406,-0.0465,2.992,SEARCH,0.0000,0.0000,0.0000,-0.0023
82566,static,dynamic,24.8675,-14.04,82.57,0.0114,0.0287,24.8788,-0.0560,2.992,SEARCH,0.0000,0.0000,0.0000,-0.0023
82666,static,dynamic,24.9077,-14.04,82.67,0.0097,0.0261,24.9172,-0.0656,2.992,SEARCH,0.0000,0.0000,0.0000,-0.0023
82766,static,dynamic,24.9482,-14.03,82.77,0.0077,0.0236,24.9557,-0.0753,2.992,SEARCH,0.0000,0.0000,0.0000,-0.0023
82866,static,dynamic,24.9889,-14.03,82.87,0.0056,0.0211,24.9943,-0.0849,2.993,SEARCH,0.0000,0.0000,0.0000,-0.0022
82966,static,dynamic,25.0294,-14.03,82.97,0.0039,0.0184,25.0330,-0.0946,2.993,SEARCH,0.0000,0.0000,0.0000,-0.0022
83066,static,dynamic,25.0698,-14.03,83.07,0.0023,0.0159,25.0718,-0.1043,2.993,SEARCH,0.0000,0.0000,0.0000,-0.0021
83166,static,dynamic,25.1096,-14.03,83.17,0.0014,0.0144,25.1107,-0.1140,2.993,SEARCH,0.0000,0.0000,0.0000,-0.0020
83266,static,dynamic,25.1486,-14.03,83.27,0.0014,0.0135,25.1497,-0.1238,2.993,SEARCH,0.0000,0.0000,0.0000,-0.0020
83366,static,dynamic,25.1872,-14.03,83.37,0.0020,0.0131,25.1888,-0.1335,2.994,SEARCH,0.0000,0.0000,0.0000,-0.0019
83466,static,dynamic,25.2255,-14.03,83.47,0.0029,0.0126,25.2279,-0.1433,2.994,SEARCH,0.0000,0.0000,0.0000,-0.0018
83566,static,dynamic,25.2642,-14.03,83.57,0.0035,0.0120,25.2672,-0.1531,2.994,SEARCH,0.0000,0.0000,0.0000,-0.0018
83666,static,dynamic,25.3026,-14.03,83.67,0.0045,0.0116,25.3065,-0.1629,2.994,SEARCH,0.0000,0.0000,0.0000,-0.0017
83766,static,dynamic,25.3409,-14.03,83.77,0.0056,0.0110,25.3458,-0.1728,2.995,SEARCH,0.0000,0.0000,0.0000,-0.0016
83866,static,dynamic,25.3787,-14.03,83.87,0.0073,0.0105,25.3853,-0.1826,2.995,SEARCH,0.0000,0.0000,0.0000,-0.0016
83966,static,dynamic,25.4157,-14.03,83.97,0.0099,0.0102,25.4248,-0.1925,2.995,SEARCH,0.0000,0.0000,0.0000,-0.0015
84066,static,dynamic,25.4514,-14.03,84.07,0.0139,0.0104,25.4644,-0.2024,2.995,SEARCH,0.0000,0.0000,0.0000,-0.0015
84166,static,dynamic,25.4871,-14.04,84.17,0.0179,0.0114,25.5040,-0.2123,2.995,SEARCH,0.0000,0.0000,0.0000,-0.0015
84266,static,dynamic,25.5224,-14.04,84.27,0.0224,0.0130,25.5437,-0.2222,2.995,SEARCH,0.0000,0.0000,0.0000,-0.0015
84366,static,dynamic,25.5586,-13.67,84.37,0.0259,0.0146,25.5834,-0.2321,2.995,SEARCH,0.0000,0.0000,0.0000,-0.0015
84466,static,dynamic,25.5952,-12.88,84.47,0.0292,0.0165,25.6231,-0.2413,2.995,SEARCH,0.0000,0.0000,0.0000,-0.0015
84566,static,dynamic,25.6320,-12.07,84.57,0.0324,0.0184,25.6630,-0.2500,2.995,SEARCH,0.0000,0.0000,0.0000,-0.0016
84666,static,dynamic,25.6688,-11.25,84.67,0.0355,0.0208,25.7028,-0.2582,2.994,SEARCH,0.0000,0.0000,0.0000,-0.0017
84766,static,dynamic,25.7059,-10.41,84.77,0.0384,0.0234,25.7427,-0.2657,2.994,SEARCH,0.0000,0.0000,0.0000,-0.0017
84866,static,dynamic,25.7428,-9.55,84.87,0.0415,0.0256,25.7826,-0.2726,2.994,SEARCH,0.0000,0.0000,0.0000,-0.0018
84966,static,dynamic,25.7798,-8.68,84.97,0.0445,0.0268,25.8225,-0.2789,2.994,SEARCH,0.0000,0.0000,0.0000,-0.0018
85066,static,dynamic,25.8172,-7.79,85.07,0.0472,0.0273,25.8625,-0.2846,2.994,SEARCH,0.0000,0.0000,0.0000,-0.0018
85166,static,dynamic,25.8547,-6.90,85.17,0.0497,0.0272,25.9025,-0.2896,2.994,SEARCH,0.0000,0.0000,0.0000,-0.0019
85266,static,dynamic,25.8926,-5.99,85.27,0.0518,0.0261,25.9424,-0.2940,2.994,SEARCH,0.0000,0.0000,0.0000,-0.0019
85366,static,dynamic,25.9309,-5.08,85.37,0.0535,0.0243,25.9824,-0.2978,2.994,SEARCH,0.0000,0.0000,0.0000,-0.0019
85466,static,dynamic,25.9697,-4.17,85.47,0.0548,0.0217,26.0224,-0.3009,2.993,SEARCH,0.0000,0.0000,0.0000,-0.0020
85566,static,dynamic,26.0095,-3.25,85.57,0.0549,0.0192,26.0624,-0.3034,2.993,SEARCH,0.0000,0.0000,0.0000,-0.0020
85666,static,dynamic,26.0496,-2.33,85.67,0.0548,0.0169,26.1024,-0.3052,2.993,SEARCH,0.0000,0.0000,0.0000,-0.0021
85766,static,dynamic,26.0901,-1.42,85.77,0.0543,0.0152,26.1424,-0.3064,2.993,SEARCH,0.0000,0.0000,0.0000,-0.0021
85866,static,dynamic,26.1310,-0.51,85.87,0.0534,0.0136,26.1824,-0.3070,2.993,SEARCH,0.0000,0.0000,0.0000,-0.0021
85966,static,dynamic,26.1720,0.39,85.97,0.0523,0.0121,26.2224,-0.3069,2.993,SEARCH,0.0000,0.0000,0.0000,-0.0021
86066,static,dynamic,26.2136,1.29,86.07,0.0506,0.0111,26.2623,-0.3062,2.993,SEARCH,0.0000,0.0000,0.0000,-0.0021
86166,static,dynamic,26.2552,2.18,86.17,0.0489,0.0112,26.3022,-0.3049,2.993,SEARCH,0.0000,0.0000,0.0000,-0.0022
86266,static,dynamic,26.2962,3.05,86.27,0.0478,0.0119,26.3421,-0.3030,2.993,SEARCH,0.0000,0.0000,0.0000,-0.0022
86366,static,dynamic,26.3370,3.92,86.37,0.0468,0.0122,26.3820,-0.3005,2.992,SEARCH,0.0000,0.0000,0.0000,-0.0023
86466,static,dynamic,26.3774,4.76,86.47,0.0462,0.0124,26.4218,-0.2973,2.992,SEARCH,0.0000,0.0000,0.0000,-0.0023
86566,static,dynamic,26.4167,5.60,86.57,0.0467,0.0130,26.4616,-0.2936,2.992,SEARCH,0.0000,0.0000,0.0000,-0.0024
86666,static,dynamic,26.4546,6.41,86.67,0.0485,0.0138,26.5014,-0.2893,2.992,SEARCH,0.0000,0.0000,0.0000,-0.0024
86766,static,dynamic,26.4923,7.20,86.77,0.0504,0.0150,26.5411,-0.2845,2.992,SEARCH,0.0000,0.0000,0.0000,-0.0023
86866,static,dynamic,26.5301,7.97,86.87,0.0523,0.0168,26.5807,-0.2791,2.992,SEARCH,0.0000,0.0000,0.0000,-0.0023
86966,static,dynamic,26.5678,8.72,86.97,0.0541,0.0186,26.6203,-0.2732,2.993,SEARCH,0.0000,0.0000,0.0000,-0.0022
87066,static,dynamic,26.6062,9.44,87.07,0.0552,0.0207,26.6598,-0.2668,2.993,SEARCH,0.0000,0.0000,0.0000,-0.0022
87166,static,dynamic,26.6459,10.14,87.17,0.0549,0.0232,26.6993,-0.2599,2.993,SEARCH,0.0000,0.0000,0.0000,-0.0021
87266,static,dynamic,26.6861,10.81,87.27,0.0541,0.0262,26.7387,-0.2526,2.993,SEARCH,0.0000,0.0000,0.0000,-0.0021
87366,static,dynamic,26.7258,11.45,87.37,0.0536,0.0292,26.7781,-0.2448,2.993,SEARCH,0.0000,0.0000,0.0000,-0.0021
87466,static,dynamic,26.7651,12.06,87.47,0.0536,0.0320,26.8173,-0.2365,2.993,SEARCH,0.0000,0.0000,0.0000,-0.0021
87566,static,dynamic,26.8041,12.64,87.57,0.0537,0.0347,26.8565,-0.2279,2.993,SEARCH,0.0000,0.0000,0.0000,-0.0021
87666,static,dynamic,26.8430,13.20,87.67,0.0539,0.0372,26.8956,-0.2188,2.993,SEARCH,0.0000,0.0000,0.0000,-0.0020
87766,static,dynamic,26.8820,13.72,87.77,0.0538,0.0392,26.9347,-0.2094,2.993,SEARCH,0.0000,0.0000,0.0000,-0.0020
87866,static,dynamic,26.9208,14.03,87.87,0.0539,0.0405,26.9736,-0.1997,2.993,SEARCH,0.0000,0.0000,0.0000,-0.0020
87966,static,dynamic,26.9596,14.03,87.97,0.0538,0.0414,27.0124,-0.1900,2.993,SEARCH,0.0000,0.0000,0.0000,-0.0020
88066,static,dynamic,26.9986,14.03,88.07,0.0535,0.0419,27.0512,-0.1803,2.993,SEARCH,0.0000,0.0000,0.0000,-0.0020
88166,static,dynamic,27.0375,14.03,88.17,0.0532,0.0422,27.0899,-0.1706,2.993,SEARCH,0.0000,0.0000,0.0000,-0.0020
88266,static,dynamic,27.0765,14.03,88.27,0.0527,0.0427,27.1284,-0.1610,2.993,SEARCH,0.0000,0.0000,0.0000,-0.0020
88366,static,dynamic,27.1158,14.03,88.37,0.0518,0.0430,27.1669,-0.1514,2.993,SEARCH,0.0000,0.0000,0.0000,-0.0020
88466,static,dynamic,27.1555,14.03,88.47,0.0504,0.0425,27.2052,-0.1418,2.993,SEARCH,0.0000,0.0000,0.0000,-0.0020
88566,static,dynamic,27.1954,14.04,88.57,0.0485,0.0414,27.2434,-0.1322,2.993,SEARCH,0.0000,0.0000,0.0000,-0.0020
88666,static,dynamic,27.2357,14.04,88.67,0.0463,0.0397,27.2815,-0.1227,2.993,SEARCH,0.0000,0.0000,0.0000,-0.0020
88766,static,dynamic,27.2765,14.04,88.77,0.0435,0.0374,27.3195,-0.1132,2.993,SEARCH,0.0000,0.0000,0.0000,-0.0020
88866,static,dynamic,27.3174,14.05,88.87,0.0404,0.0360,27.3574,-0.1038,2.993,SEARCH,0.0000,0.0000,0.0000,-0.0020
88966,static,dynamic,27.3586,14.05,88.97,0.0369,0.0354,27.3951,-0.0943,2.994,SEARCH,0.0000,0.0000,0.0000,-0.0019
89066,static,dynamic,27.3994,14.05,89.07,0.0336,0.0355,27.4327,-0.0849,2.994,SEARCH,0.0000,0.0000,0.0000,-0.0019
89166,static,dynamic,27.4398,14.05,89.17,0.0306,0.0360,27.4702,-0.0755,2.994,SEARCH,0.0000,0.0000,0.0000,-0.0018
89266,static,dynamic,27.4794,14.05,89.27,0.0284,0.0366,27.5076,-0.0662,2.994,SEARCH,0.0000,0.0000,0.0000,-0.0018
89366,static,dynamic,27.5185,14.04,89.37,0.0264,0.0375,27.5448,-0.0569,2.994,SEARCH,0.0000,0.0000,0.0000,-0.0017
89466,static,dynamic,27.5573,14.04,89.47,0.0247,0.0386,27.5819,-0.0476,2.995,SEARCH,0.0000,0.0000,0.0000,-0.0015
89566,static,dynamic,27.5963,14.04,89.57,0.0226,0.0400,27.6188,-0.0384,2.995,SEARCH,0.0000,0.0000,0.0000,-0.0014
89666,static,dynamic,27.6353,14.04,89.67,0.0204,0.0413,27.6556,-0.0292,2.996,SEARCH,0.0000,0.0000,0.0000,-0.0013
89766,static,dynamic,27.6740,14.03,89.77,0.0183,0.0427,27.6922,-0.0200,2.996,SEARCH,0.0000,0.0000,0.0000,-0.0012
89866,static,dynamic,27.7122,14.03,89.87,0.0165,0.0445,27.7287,-0.0109,2.996,SEARCH,0.0000,0.0000,0.0000,-0.0011
89966,static,dynamic,27.7499,14.03,89.97,0.0152,0.0463,27.7650,-0.0018,2.996,SEARCH,0.0000,0.0000,0.0000,-0.0011
90066,static,dynamic,27.7873,14.03,90.07,0.0139,0.0485,27.8012,0.0072,2.997,SEARCH,0.0000,0.0000,0.0000,-0.0010
90166,static,dynamic,27.8242,14.03,90.17,0.0131,0.0511,27.8372,0.0162,2.997,SEARCH,0.0000,0.0000,0.0000,-0.0010
90266,static,dynamic,27.8607,14.03,90.27,0.0124,0.0540,27.8731,0.0252,2.997,SEARCH,0.0000,0.0000,0.0000,-0.0010
90366,static,dynamic,27.8968,14.03,90.37,0.0120,0.0570,27.9088,0.0341,2.997,SEARCH,0.0000,0.0000,0.0000,-0.0010
90466,static,dynamic,27.9327,14.03,90.47,0.0116,0.0599,27.9443,0.0430,2.996,SEARCH,0.0000,0.0000,0.0000,-0.0011
90566,static,dynamic,27.9680,14.03,90.57,0.0117,0.0629,27.9797,0.0518,2.996,SEARCH,0.0000,0.0000,0.0000,-0.0011
90666,static,dynamic,28.0018,13.67,90.67,0.0130,0.0664,28.0149,0.0605,2.996,SEARCH,0.0000,0.0000,0.0000,-0.0011
90766,static,dynamic,28.0349,13.12,90.77,0.0150,0.0700,28.0499,0.0688,2.996,SEARCH,0.0000,0.0000,0.0000,-0.0011
90866,static,dynamic,28.0675,12.54,90.87,0.0173,0.0736,28.0847,0.0767,2.996,SEARCH,0.0000,0.0000,0.0000,-0.0011
90966,static,dynamic,28.1002,11.93,90.97,0.0192,0.0764,28.1194,0.0841,2.996,SEARCH,0.0000,0.0000,0.0000,-0.0011
91066,static,dynamic,28.1327,11.28,91.07,0.0212,0.0780,28.1539,0.0911,2.996,SEARCH,0.0000,0.0000,0.0000,-0.0011
91166,static,dynamic,28.1657,10.60,91.17,0.0225,0.0784,28.1882,0.0977,2.996,SEARCH,0.0000,0.0000,0.0000,-0.0011
91266,static,dynamic,28.1989,9.89,91.27,0.0234,0.0777,28.2223,0.1038,2.996,SEARCH,0.0000,0.0000,0.0000,-0.0011
91366,static,dynamic,28.2318,9.15,91.37,0.0245,0.0764,28.2563,0.1094,2.996,SEARCH,0.0000,0.0000,0.0000,-0.0011
91466,static,dynamic,28.2638,8.37,91.47,0.0263,0.0745,28.2900,0.1145,2.996,SEARCH,0.0000,0.0000,0.0000,-0.0011
91566,static,dynamic,28.2951,7.57,91.57,0.0285,0.0718,28.3236,0.1191,2.996,SEARCH,0.0000,0.0000,0.0000,-0.0011
91666,static,dynamic,28.3262,6.74,91.67,0.0309,0.0692,28.3570,0.1232,2.996,SEARCH,0.0000,0.0000,0.0000,-0.0011
91766,static,dynamic,28.3576,5.88,91.77,0.0326,0.0667,28.3902,0.1268,2.996,SEARCH,0.0000,0.0000,0.0000,-0.0011
91866,static,dynamic,28.3896,4.99,91.87,0.0337,0.0641,28.4232,0.1299,2.996,SEARCH,0.0000,0.0000,0.0000,-0.0011
91966,static,dynamic,28.4220,4.09,91.97,0.0341,0.0616,28.4560,0.1324,2.996,SEARCH,0.0000,0.0000,0.0000,-0.0011
92066,static,dynamic,28.4553,3.17,92.07,0.0334,0.0593,28.4887,0.1344,2.996,SEARCH,0.0000,0.0000,0.0000,-0.0012
92166,static,dynamic,28.4895,2.23,92.17,0.0317,0.0579,28.5211,0.1358,2.996,SEARCH,0.0000,0.0000,0.0000,-0.0012
92266,static,dynamic,28.5241,1.27,92.27,0.0293,0.0570,28.5533,0.1367,2.996,SEARCH,0.0000,0.0000,0.0000,-0.0011
92366,static,dynamic,28.5586,0.30,92.37,0.0269,0.0560,28.5854,0.1371,2.996,SEARCH,0.0000,0.0000,0.0000,-0.0011
92466,static,dynamic,28.5937,-0.67,92.47,0.0237,0.0545,28.6172,0.1369,2.997,SEARCH,0.0000,0.0000,0.0000,-0.0010
92566,static,dynamic,28.6289,-1.65,92.57,0.0201,0.0535,28.6489,0.1362,2.997,SEARCH,0.0000,0.0000,0.0000,-0.0010
92666,static,dynamic,28.6642,-2.64,92.67,0.0162,0.0530,28.6803,0.1349,2.997,SEARCH,0.0000,0.0000,0.0000,-0.0009
92766,static,dynamic,28.6984,-3.63,92.77,0.0133,0.0527,28.7116,0.1331,2.997,SEARCH,0.0000,0.0000,0.0000,-0.0008
92866,static,dynamic,28.7321,-4.61,92.87,0.0106,0.0523,28.7427,0.1308,2.997,SEARCH,0.0000,0.0000,0.0000,-0.0008
92966,static,dynamic,28.7653,-5.59,92.97,0.0083,0.0514,28.7735,0.1280,2.998,SEARCH,0.0000,0.0000,0.0000,-0.0007
93066,static,dynamic,28.7981,-6.57,93.07,0.0061,0.0505,28.8042,0.1246,2.998,SEARCH,0.0000,0.0000,0.0000,-0.0006
93166,static,dynamic,28.8301,-7.53,93.17,0.0046,0.0498,28.8346,0.1208,2.998,SEARCH,0.0000,0.0000,0.0000,-0.0006
93266,static,dynamic,28.8610,-8.48,93.27,0.0040,0.0493,28.8649,0.1164,2.998,SEARCH,0.0000,0.0000,0.0000,-0.0006
93366,static,dynamic,28.8906,-9.41,93.37,0.0044,0.0491,28.8949,0.1116,2.998,SEARCH,0.0000,0.0000,0.0000,-0.0006
93466,static,dynamic,28.9197,-10.32,93.47,0.0052,0.0495,28.9248,0.1064,2.998,SEARCH,0.0000,0.0000,0.0000,-0.0006
93566,static,dynamic,28.9487,-11.21,93.57,0.0058,0.0500,28.9545,0.1006,2.998,SEARCH,0.0000,0.0000,0.0000,-0.0006
93666,static,dynamic,28.9774,-12.08,93.67,0.0066,0.0511,28.9839,0.0945,2.998,SEARCH,0.0000,0.0000,0.0000,-0.0007
93766,static,dynamic,29.0062,-12.93,93.77,0.0070,0.0524,29.0132,0.0879,2.998,SEARCH,0.0000,0.0000,0.0000,-0.0007
93866,static,dynamic,29.0352,-13.75,93.87,0.0071,0.0534,29.0422,0.0809,2.997,SEARCH,0.0000,0.0000,0.0000,-0.0008
93966,static,dynamic,29.0643,-14.03,93.97,0.0068,0.0539,29.0711,0.0737,2.997,SEARCH,0.0000,0.0000,0.0000,-0.0009
94066,static,dynamic,29.0932,-14.03,94.07,0.0065,0.0541,29.0998,0.0666,2.997,SEARCH,0.0000,0.0000,0.0000,-0.0009
94166,static,dynamic,29.1219,-14.04,94.17,0.0063,0.0544,29.1282,0.0594,2.997,SEARCH,0.0000,0.0000,0.0000,-0.0010
94266,static,dynamic,29.1504,-14.04,94.27,0.0061,0.0549,29.1565,0.0524,2.997,SEARCH,0.0000,0.0000,0.0000,-0.0010
94366,static,dynamic,29.1786,-14.04,94.37,0.0059,0.0552,29.1846,0.0454,2.997,SEARCH,0.0000,0.0000,0.0000,-0.0010
94466,static,dynamic,29.2062,-14.04,94.47,0.0062,0.0554,29.2124,0.0384,2.997,SEARCH,0.0000,0.0000,0.0000,-0.0010
94566,static,dynamic,29.2332,-14.04,94.57,0.0070,0.0558,29.2401,0.0315,2.997,SEARCH,0.0000,0.0000,0.0000,-0.0009
94666,static,dynamic,29.2599,-14.04,94.67,0.0077,0.0563,29.2676,0.0246,2.997,SEARCH,0.0000,0.0000,0.0000,-0.0009
94766,static,dynamic,29.2866,-14.04,94.77,0.0084,0.0571,29.2949,0.0178,2.997,SEARCH,0.0000,0.0000,0.0000,-0.0009
94866,static,dynamic,29.3130,-14.04,94.87,0.0090,0.0581,29.3220,0.0110,2.997,SEARCH,0.0000,0.0000,0.0000,-0.0009
94966,static,dynamic,29.3393,-14.04,94.97,0.0096,0.0587,29.3489,0.0043,2.997,SEARCH,0.0000,0.0000,0.0000,-0.0009
95066,static,dynamic,29.3650,-14.04,95.07,0.0107,0.0588,29.3756,-0.0024,2.997,SEARCH,0.0000,0.0000,0.0000,-0.0009
95166,static,dynamic,29.3900,-14.04,95.17,0.0122,0.0587,29.4022,-0.0090,2.997,SEARCH,0.0000,0.0000,0.0000,-0.0009
95266,static,dynamic,29.4141,-14.04,95.27,0.0145,0.0588,29.4285,-0.0156,2.997,SEARCH,0.0000,0.0000,0.0000,-0.0009
95366,static,dynamic,29.4382,-14.03,95.37,0.0166,0.0595,29.4547,-0.0222,2.997,SEARCH,0.0000,0.0000,0.0000,-0.0009
95466,static,dynamic,29.4616,-14.03,95.47,0.0191,0.0603,29.4806,-0.0287,2.997,SEARCH,0.0000,0.0000,0.0000,-0.0009
95566,static,dynamic,29.4842,-14.03,95.57,0.0224,0.0613,29.5064,-0.0351,2.997,SEARCH,0.0000,0.0000,0.0000,-0.0009
95666,static,dynamic,29.5065,-14.03,95.67,0.0257,0.0626,29.5320,-0.0415,2.997,SEARCH,0.0000,0.0000,0.0000,-0.0009
95766,static,dynamic,29.5296,-14.04,95.77,0.0281,0.0642,29.5575,-0.0479,2.997,SEARCH,0.0000,0.0000,0.0000,-0.0009
95866,static,dynamic,29.5532,-14.04,95.87,0.0298,0.0658,29.5827,-0.0542,2.997,SEARCH,0.0000,0.0000,0.0000,-0.0008
95966,static,dynamic,29.5770,-14.04,95.97,0.0311,0.0668,29.6078,-0.0605,2.997,SEARCH,0.0000,0.0000,0.0000,-0.0008
96066,static,dynamic,29.6014,-14.04,96.07,0.0316,0.0668,29.6327,-0.0667,2.997,SEARCH,0.0000,0.0000,0.0000,-0.0008
96166,static,dynamic,29.6262,-14.04,96.17,0.0316,0.0660,29.6575,-0.0729,2.998,SEARCH,0.0000,0.0000,0.0000,-0.0007
96266,static,dynamic,29.6515,-14.04,96.27,0.0309,0.0651,29.6820,-0.0790,2.998,SEARCH,0.0000,0.0000,0.0000,-0.0007
96366,static,dynamic,29.6773,-14.04,96.37,0.0295,0.0647,29.7064,-0.0851,2.998,SEARCH,0.0000,0.0000,0.0000,-0.0007
96466,static,dynamic,29.7037,-14.04,96.47,0.0274,0.0648,29.7307,-0.0912,2.998,SEARCH,0.0000,0.0000,0.0000,-0.0007
96566,static,dynamic,29.7301,-14.04,96.57,0.0251,0.0652,29.7547,-0.0972,2.997,SEARCH,0.0000,0.0000,0.0000,-0.0008
96666,static,dynamic,29.7568,-14.04,96.67,0.0223,0.0657,29.7787,-0.1032,2.997,SEARCH,0.0000,0.0000,0.0000,-0.0008
96766,static,dynamic,29.7827,-14.04,96.77,0.0202,0.0662,29.8024,-0.1091,2.997,SEARCH,0.0000,0.0000,0.0000,-0.0009
96866,static,dynamic,29.8072,-14.04,96.87,0.0194,0.0665,29.8260,-0.1150,2.997,SEARCH,0.0000,0.0000,0.0000,-0.0009
96966,static,dynamic,29.8296,-14.04,96.97,0.0204,0.0661,29.8495,-0.1209,2.997,SEARCH,0.0000,0.0000,0.0000,-0.0009
97066,static,dynamic,29.8507,-14.03,97.07,0.0227,0.0655,29.8728,-0.1267,2.997,SEARCH,0.0000,0.0000,0.0000,-0.0009
97166,static,dynamic,29.8708,-14.03,97.17,0.0258,0.0652,29.8959,-0.1325,2.997,SEARCH,0.0000,0.0000,0.0000,-0.0009
97266,static,dynamic,29.8904,-13.89,97.27,0.0292,0.0654,29.9189,-0.1382,2.997,SEARCH,0.0000,0.0000,0.0000,-0.0009
97366,static,dynamic,29.9094,-12.82,97.37,0.0331,0.0658,29.9418,-0.1436,2.997,SEARCH,0.0000,0.0000,0.0000,-0.0009
97466,static,dynamic,29.9291,-11.69,97.47,0.0362,0.0660,29.9645,-0.1484,2.997,SEARCH,0.0000,0.0000,0.0000,-0.0009
97566,static,dynamic,29.9498,-10.49,97.57,0.0382,0.0666,29.9871,-0.1528,2.997,SEARCH,0.0000,0.0000,0.0000,-0.0009
97666,static,dynamic,29.9713,-9.22,97.67,0.0391,0.0680,30.0096,-0.1566,2.997,SEARCH,0.0000,0.0000,0.0000,-0.0009
97766,static,dynamic,29.9932,-7.89,97.77,0.0396,0.0697,30.0319,-0.1599,2.997,SEARCH,0.0000,0.0000,0.0000,-0.0009
97866,static,dynamic,30.0157,-6.49,97.87,0.0393,0.0714,30.0541,-0.1626,2.997,SEARCH,0.0000,0.0000,0.0000,-0.0010
97966,static,dynamic,30.0385,-5.04,97.97,0.0386,0.0723,30.0762,-0.1647,2.997,SEARCH,0.0000,0.0000,0.0000,-0.0010
98066,static,dynamic,30.0610,-3.53,98.07,0.0381,0.0725,30.0982,-0.1663,2.997,SEARCH,0.0000,0.0000,0.0000,-0.0010
98166,static,dynamic,30.0831,-1.96,98.17,0.0379,0.0724,30.1200,-0.1672,2.996,SEARCH,0.0000,0.0000,0.0000,-0.0011
98266,static,dynamic,30.1049,-0.35,98.27,0.0378,0.0718,30.1417,-0.1676,2.996,SEARCH,0.0000,0.0000,0.0000,-0.0011
98366,static,dynamic,30.1274,1.30,98.37,0.0369,0.0711,30.1633,-0.1673,2.996,SEARCH,0.0000,0.0000,0.0000,-0.0011
98466,static,dynamic,30.1506,2.98,98.47,0.0352,0.0703,30.1849,-0.1664,2.996,SEARCH,0.0000,0.0000,0.0000,-0.0011
98566,static,dynamic,30.1743,4.69,98.57,0.0329,0.0696,30.2063,-0.1648,2.996,SEARCH,0.0000,0.0000,0.0000,-0.0011
98666,static,dynamic,30.1981,6.42,98.67,0.0304,0.0690,30.2276,-0.1626,2.996,SEARCH,0.0000,0.0000,0.0000,-0.0012
98766,static,dynamic,30.2218,8.16,98.77,0.0278,0.0687,30.2488,-0.1598,2.996,SEARCH,0.0000,0.0000,0.0000,-0.0012
98866,static,dynamic,30.2452,9.90,98.87,0.0255,0.0693,30.2699,-0.1564,2.996,SEARCH,0.0000,0.0000,0.0000,-0.0012
98966,static,dynamic,30.2684,11.63,98.97,0.0233,0.0708,30.2909,-0.1522,2.996,SEARCH,0.0000,0.0000,0.0000,-0.0012
99066,static,dynamic,30.2912,13.35,99.07,0.0214,0.0725,30.3118,-0.1475,2.996,SEARCH,0.0000,0.0000,0.0000,-0.0011
99166,static,dynamic,30.3140,14.03,99.17,0.0194,0.0746,30.3327,-0.1423,2.996,SEARCH,0.0000,0.0000,0.0000,-0.0011
99266,static,dynamic,30.3371,14.03,99.27,0.0172,0.0768,30.3535,-0.1371,2.996,SEARCH,0.0000,0.0000,0.0000,-0.0011
99366,static,dynamic,30.3595,14.03,99.37,0.0154,0.0787,30.3742,-0.1319,2.996,SEARCH,0.0000,0.0000,0.0000,-0.0012
99466,static,dynamic,30.3819,14.03,99.47,0.0136,0.0806,30.3948,-0.1268,2.996,SEARCH,0.0000,0.0000,0.0000,-0.0012
99566,static,dynamic,30.4044,14.03,99.57,0.0117,0.0823,30.4154,-0.1216,2.996,SEARCH,0.0000,0.0000,0.0000,-0.0013
99666,static,dynamic,30.4267,14.03,99.67,0.0099,0.0835,30.4359,-0.1165,2.996,SEARCH,0.0000,0.0000,0.0000,-0.0013
99766,static,dynamic,30.4480,14.04,99.77,0.0090,0.0837,30.4563,-0.1114,2.995,SEARCH,0.0000,0.0000,0.0000,-0.0014
99866,static,dynamic,30.4683,14.04,99.87,0.0090,0.0830,30.4767,-0.1063,2.995,SEARCH,0.0000,0.0000,0.0000,-0.0014
99966,static,dynamic,30.4887,14.04,99.97,0.0089,0.0823,30.4970,-0.1012,2.995,SEARCH,0.0000,0.0000,0.0000,-0.0014
100066,static,dynamic,30.5097,14.04,100.07,0.0081,0.0813,30.5173,-0.0962,2.996,SEARCH,0.0000,0.0000,0.0000,-0.0013
100166,static,dynamic,30.5304,14.04,100.17,0.0077,0.0802,30.5375,-0.0911,2.996,SEARCH,0.0000,0.0000,0.0000,-0.0013
100266,static,dynamic,30.5502,14.04,100.27,0.0079,0.0792,30.5577,-0.0860,2.996,SEARCH,0.0000,0.0000,0.0000,-0.0013
100366,static,dynamic,30.5698,14.04,100.37,0.0085,0.0786,30.5779,-0.0810,2.996,SEARCH,0.0000,0.0000,0.0000,-0.0013
100466,static,dynamic,30.5891,14.04,100.47,0.0093,0.0785,30.5980,-0.0760,2.996,SEARCH,0.0000,0.0000,0.0000,-0.0013
100566,static,dynamic,30.6083,14.04,100.57,0.0102,0.0786,30.6181,-0.0710,2.995,SEARCH,0.0000,0.0000,0.0000,-0.0014
100666,static,dynamic,30.6277,14.04,100.67,0.0108,0.0786,30.6382,-0.0659,2.995,SEARCH,0.0000,0.0000,0.0000,-0.0014
100766,static,dynamic,30.6475,14.03,100.77,0.0110,0.0783,30.6582,-0.0609,2.995,SEARCH,0.0000,0.0000,0.0000,-0.0014
100866,static,dynamic,30.6673,14.03,100.87,0.0112,0.0776,30.6782,-0.0559,2.996,SEARCH,0.0000,0.0000,0.0000,-0.0013
100966,static,dynamic,30.6871,14.03,100.97,0.0114,0.0769,30.6983,-0.0509,2.996,SEARCH,0.0000,0.0000,0.0000,-0.0013
101066,static,dynamic,30.7076,14.03,101.07,0.0109,0.0761,30.7183,-0.0459,2.996,SEARCH,0.0000,0.0000,0.0000,-0.0013
101166,static,dynamic,30.7292,14.03,101.17,0.0093,0.0757,30.7383,-0.0409,2.996,SEARCH,0.0000,0.0000,0.0000,-0.0012
101266,static,dynamic,30.7513,14.03,101.27,0.0072,0.0758,30.7583,-0.0359,2.996,SEARCH,0.0000,0.0000,0.0000,-0.0012
101366,static,dynamic,30.7729,14.03,101.37,0.0056,0.0767,30.7783,-0.0309,2.996,SEARCH,0.0000,0.0000,0.0000,-0.0011
101466,static,dynamic,30.7944,14.03,101.47,0.0040,0.0781,30.7983,-0.0259,2.996,SEARCH,0.0000,0.0000,0.0000,-0.0011
101566,static,dynamic,30.8165,14.03,101.57,0.0020,0.0800,30.8183,-0.0209,2.997,SEARCH,0.0000,0.0000,0.0000,-0.0010
101666,static,dynamic,30.8385,14.03,101.67,-0.0000,0.0825,30.8383,-0.0159,2.997,SEARCH,0.0000,0.0000,0.0000,-0.0010
101766,static,dynamic,30.8604,14.03,101.77,-0.0019,0.0849,30.8584,-0.0109,2.997,SEARCH,0.0000,0.0000,0.0000,-0.0009
101866,static,dynamic,30.8825,14.03,101.87,-0.0039,0.0874,30.8785,-0.0059,2.997,SEARCH,0.0000,0.0000,0.0000,-0.0009
101966,static,dynamic,30.9043,14.03,101.97,-0.0056,0.0895,30.8986,-0.0008,2.997,SEARCH,0.0000,0.0000,0.0000,-0.0008
102066,static,dynamic,30.9254,14.03,102.07,-0.0066,0.0913,30.9187,0.0042,2.997,SEARCH,0.0000,0.0000,0.0000,-0.0008
102166,static,dynamic,30.9461,14.04,102.17,-0.0071,0.0926,30.9389,0.0092,2.998,SEARCH,0.0000,0.0000,0.0000,-0.0007
102266,static,dynamic,30.9666,14.04,102.27,-0.0074,0.0940,30.9591,0.0143,2.998,SEARCH,0.0000,0.0000,0.0000,-0.0007
102366,static,dynamic,30.9861,14.04,102.37,-0.0067,0.0945,30.9793,0.0194,2.998,SEARCH,0.0000,0.0000,0.0000,-0.0007
102466,static,dynamic,31.0045,14.05,102.47,-0.0048,0.0944,30.9996,0.0244,2.998,SEARCH,0.0000,0.0000,0.0000,-0.0006
102566,static,dynamic,31.0224,14.05,102.57,-0.0024,0.0941,31.0200,0.0295,2.998,SEARCH,0.0000,0.0000,0.0000,-0.0006
102666,static,dynamic,31.0409,14.05,102.67,-0.0005,0.0935,31.0404,0.0346,2.998,SEARCH,0.0000,0.0000,0.0000,-0.0006
102766,static,dynamic,31.0602,14.05,102.77,0.0007,0.0926,31.0608,0.0397,2.998,SEARCH,0.0000,0.0000,0.0000,-0.0006
102866,static,dynamic,31.0804,14.05,102.87,0.0010,0.0913,31.0813,0.0449,2.998,SEARCH,0.0000,0.0000,0.0000,-0.0006
102966,static,dynamic,31.1015,14.05,102.97,0.0004,0.0899,31.1019,0.0500,2.998,SEARCH,0.0000,0.0000,0.0000,-0.0006
103066,static,dynamic,31.1239,14.05,103.07,-0.0013,0.0881,31.1226,0.0552,2.998,SEARCH,0.0000,0.0000,0.0000,-0.0006
103166,static,dynamic,31.1473,14.04,103.17,-0.0040,0.0864,31.1433,0.0603,2.998,SEARCH,0.0000,0.0000,0.0000,-0.0006
103266,static,dynamic,31.1713,14.04,103.27,-0.0072,0.0846,31.1641,0.0655,2.998,SEARCH,0.0000,0.0000,0.0000,-0.0006
103366,static,dynamic,31.1947,14.04,103.37,-0.0097,0.0832,31.1850,0.0708,2.998,SEARCH,0.0000,0.0000,0.0000,-0.0006
103466,static,dynamic,31.2173,14.04,103.47,-0.0114,0.0823,31.2059,0.0760,2.998,SEARCH,0.0000,0.0000,0.0000,-0.0006
103566,static,dynamic,31.2386,14.03,103.57,-0.0116,0.0821,31.2270,0.0813,2.998,SEARCH,0.0000,0.0000,0.0000,-0.0007
103666,static,dynamic,31.2593,14.03,103.67,-0.0112,0.0829,31.2481,0.0866,2.998,SEARCH,0.0000,0.0000,0.0000,-0.0007
103766,static,dynamic,31.2803,14.02,103.77,-0.0109,0.0845,31.2694,0.0919,2.997,SEARCH,0.0000,0.0000,0.0000,-0.0008
103866,static,dynamic,31.3018,14.02,103.87,-0.0111,0.0871,31.2907,0.0972,2.997,SEARCH,0.0000,0.0000,0.0000,-0.0009
103966,static,dynamic,31.3232,14.02,103.97,-0.0110,0.0898,31.3122,0.1026,2.997,SEARCH,0.0000,0.0000,0.0000,-0.0009
104066,static,dynamic,31.3444,14.02,104.07,-0.0107,0.0923,31.3337,0.1080,2.997,SEARCH,0.0000,0.0000,0.0000,-0.0010
104166,static,dynamic,31.3657,14.02,104.17,-0.0104,0.0942,31.3554,0.1134,2.997,SEARCH,0.0000,0.0000,0.0000,-0.0010
104266,static,dynamic,31.3874,14.02,104.27,-0.0102,0.0956,31.3771,0.1188,2.996,SEARCH,0.0000,0.0000,0.0000,-0.0011
104366,static,dynamic,31.4097,14.02,104.37,-0.0106,0.0969,31.3990,0.1243,2.996,SEARCH,0.0000,0.0000,0.0000,-0.0011
104466,static,dynamic,31.4323,14.02,104.47,-0.0113,0.0977,31.4210,0.1298,2.996,SEARCH,0.0000,0.0000,0.0000,-0.0011
104566,static,dynamic,31.4555,14.03,104.57,-0.0123,0.0980,31.4431,0.1353,2.996,SEARCH,0.0000,0.0000,0.0000,-0.0011
104666,static,dynamic,31.4794,14.03,104.67,-0.0140,0.0978,31.4654,0.1409,2.997,SEARCH,0.0000,0.0000,0.0000,-0.0010
104766,static,dynamic,31.5031,14.03,104.77,-0.0153,0.0971,31.4878,0.1465,2.997,SEARCH,0.0000,0.0000,0.0000,-0.0010
104866,static,dynamic,31.5267,13.29,104.87,-0.0164,0.0961,31.5103,0.1520,2.997,SEARCH,0.0000,0.0000,0.0000,-0.0010
104966,static,dynamic,31.5502,11.35,104.97,-0.0173,0.0947,31.5329,0.1568,2.997,SEARCH,0.0000,0.0000,0.0000,-0.0009
105066,static,dynamic,31.5734,9.35,105.07,-0.0176,0.0928,31.5557,0.1608,2.997,SEARCH,0.0000,0.0000,0.0000,-0.0009
105166,static,dynamic,31.5964,7.34,105.17,-0.0178,0.0897,31.5786,0.1640,2.997,SEARCH,0.0000,0.0000,0.0000,-0.0008
105266,static,dynamic,31.6192,5.31,105.27,-0.0174,0.0862,31.6016,0.1664,2.997,SEARCH,0.0000,0.0000,0.0000,-0.0008
105366,static,dynamic,31.6418,3.26,105.37,-0.0169,0.0834,31.6248,0.1680,2.997,SEARCH,0.0000,0.0000,0.0000,-0.0008
105466,static,dynamic,31.6643,1.21,105.47,-0.0160,0.0808,31.6482,0.1688,2.997,SEARCH,0.0000,0.0000,0.0000,-0.0008
105566,static,dynamic,31.6872,-0.83,105.57,-0.0154,0.0782,31.6717,0.1687,2.997,SEARCH,0.0000,0.0000,0.0000,-0.0008
105666,static,dynamic,31.7104,-2.85,105.67,-0.0149,0.0755,31.6954,0.1678,2.997,SEARCH,0.0000,0.0000,0.0000,-0.0008
105766,static,dynamic,31.7342,-4.85,105.77,-0.0149,0.0728,31.7192,0.1661,2.997,SEARCH,0.0000,0.0000,0.0000,-0.0008
105866,static,dynamic,31.7590,-6.81,105.87,-0.0157,0.0704,31.7431,0.1635,2.997,SEARCH,0.0000,0.0000,0.0000,-0.0008
105966,static,dynamic,31.7839,-8.73,105.97,-0.0165,0.0686,31.7673,0.1601,2.997,SEARCH,0.0000,0.0000,0.0000,-0.0008
106066,static,dynamic,31.8088,-10.60,106.07,-0.0172,0.0674,31.7916,0.1558,2.997,SEARCH,0.0000,0.0000,0.0000,-0.0008
106166,static,dynamic,31.8334,-12.41,106.17,-0.0173,0.0671,31.8160,0.1507,2.998,SEARCH,0.0000,0.0000,0.0000,-0.0007
106266,static,dynamic,31.8580,-14.04,106.27,-0.0172,0.0670,31.8406,0.1447,2.998,SEARCH,0.0000,0.0000,0.0000,-0.0007
106366,static,dynamic,31.8829,-14.04,106.37,-0.0173,0.0669,31.8654,0.1385,2.998,SEARCH,0.0000,0.0000,0.0000,-0.0007
106466,static,dynamic,31.9080,-14.04,106.47,-0.0175,0.0672,31.8904,0.1323,2.998,SEARCH,0.0000,0.0000,0.0000,-0.0006
106566,static,dynamic,31.9333,-14.04,106.57,-0.0177,0.0679,31.9155,0.1260,2.998,SEARCH,0.0000,0.0000,0.0000,-0.0006
106666,static,dynamic,31.9588,-14.04,106.67,-0.0180,0.0689,31.9409,0.1197,2.998,SEARCH,0.0000,0.0000,0.0000,-0.0006
106766,static,dynamic,31.9850,-14.04,106.77,-0.0186,0.0698,31.9663,0.1133,2.998,SEARCH,0.0000,0.0000,0.0000,-0.0006
106866,static,dynamic,32.0120,-14.04,106.87,-0.0200,0.0710,31.9920,0.1069,2.998,SEARCH,0.0000,0.0000,0.0000,-0.0006
106966,static,dynamic,32.0401,-14.04,106.97,-0.0222,0.0721,32.0179,0.1004,2.998,SEARCH,0.0000,0.0000,0.0000,-0.0005
107066,static,dynamic,32.0688,-14.04,107.07,-0.0249,0.0726,32.0439,0.0939,2.998,SEARCH,0.0000,0.0000,0.0000,-0.0005
107166,static,dynamic,32.0978,-14.04,107.17,-0.0277,0.0728,32.0701,0.0874,2.999,SEARCH,0.0000,0.0000,0.0000,-0.0004
107266,static,dynamic,32.1264,-14.05,107.27,-0.0298,0.0726,32.0965,0.0808,2.999,SEARCH,0.0000,0.0000,0.0000,-0.0004
107366,static,dynamic,32.1542,-14.04,107.37,-0.0311,0.0718,32.1231,0.0741,2.999,SEARCH,0.0000,0.0000,0.0000,-0.0004
107466,static,dynamic,32.1821,-14.04,107.47,-0.0322,0.0707,32.1499,0.0674,2.999,SEARCH,0.0000,0.0000,0.0000,-0.0004
107566,static,dynamic,32.2103,-14.04,107.57,-0.0334,0.0695,32.1769,0.0607,2.999,SEARCH,0.0000,0.0000,0.0000,-0.0004
107666,static,dynamic,32.2382,-14.03,107.67,-0.0341,0.0684,32.2041,0.0539,2.999,SEARCH,0.0000,0.0000,0.0000,-0.0003
107766,static,dynamic,32.2659,-14.03,107.77,-0.0345,0.0673,32.2314,0.0471,2.999,SEARCH,0.0000,0.0000,0.0000,-0.0003
107866,static,dynamic,32.2939,-14.03,107.87,-0.0349,0.0661,32.2590,0.0402,2.999,SEARCH,0.0000,0.0000,0.0000,-0.0003
107966,static,dynamic,32.3216,-14.03,107.97,-0.0349,0.0644,32.2867,0.0332,2.999,SEARCH,0.0000,0.0000,0.0000,-0.0002
108066,static,dynamic,32.3490,-14.03,108.07,-0.0343,0.0631,32.3147,0.0262,2.999,SEARCH,0.0000,0.0000,0.0000,-0.0002
108166,static,dynamic,32.3767,-14.03,108.17,-0.0339,0.0622,32.3428,0.0192,3.000,SEARCH,0.0000,0.0000,0.0000,-0.0001
108266,static,dynamic,32.4048,-14.03,108.27,-0.0336,0.0615,32.3711,0.0121,3.000,SEARCH,0.0000,0.0000,0.0000,0.0000
108366,static,dynamic,32.4328,-14.03,108.37,-0.0331,0.0614,32.3997,0.0050,3.000,SEARCH,0.0000,0.0000,0.0000,0.0001
108466,static,dynamic,32.4606,-14.03,108.47,-0.0322,0.0616,32.4284,-0.0022,3.001,SEARCH,0.0000,0.0000,0.0000,0.0002
108566,static,dynamic,32.4877,-14.03,108.57,-0.0303,0.0621,32.4573,-0.0094,3.001,SEARCH,0.0000,0.0000,0.0000,0.0003
108666,static,dynamic,32.5149,-14.04,108.67,-0.0284,0.0628,32.4864,-0.0167,3.001,SEARCH,0.0000,0.0000,0.0000,0.0003
108766,static,dynamic,32.5430,-14.04,108.77,-0.0271,0.0628,32.5158,-0.0240,3.001,SEARCH,0.0000,0.0000,0.0000,0.0004
108866,static,dynamic,32.5717,-14.04,108.87,-0.0263,0.0617,32.5453,-0.0314,3.001,SEARCH,0.0000,0.0000,0.0000,0.0004
108966,static,dynamic,32.6009,-14.04,108.97,-0.0257,0.0601,32.5750,-0.0388,3.001,SEARCH,0.0000,0.0000,0.0000,0.0004
109066,static,dynamic,32.6308,-14.04,109.07,-0.0257,0.0594,32.6049,-0.0463,3.001,SEARCH,0.0000,0.0000,0.0000,0.0004
109166,static,dynamic,32.6611,-14.04,109.17,-0.0259,0.0596,32.6351,-0.0539,3.001,SEARCH,0.0000,0.0000,0.0000,0.0004
109266,static,dynamic,32.6916,-14.05,109.27,-0.0259,0.0601,32.6654,-0.0614,3.001,SEARCH,0.0000,0.0000,0.0000,0.0003
109366,static,dynamic,32.7219,-14.05,109.37,-0.0257,0.0607,32.6959,-0.0691,3.001,SEARCH,0.0000,0.0000,0.0000,0.0003
109466,static,dynamic,32.7524,-14.05,109.47,-0.0255,0.0615,32.7266,-0.0768,3.001,SEARCH,0.0000,0.0000,0.0000,0.0002
109566,static,dynamic,32.7832,-14.05,109.57,-0.0253,0.0625,32.7576,-0.0845,3.000,SEARCH,0.0000,0.0000,0.0000,0.0001
109666,static,dynamic,32.8138,-14.05,109.67,-0.0247,0.0634,32.7887,-0.0923,3.000,SEARCH,0.0000,0.0000,0.0000,0.0001
109766,static,dynamic,32.8440,-14.05,109.77,-0.0235,0.0642,32.8200,-0.1001,3.000,SEARCH,0.0000,0.0000,0.0000,0.0000
109866,static,dynamic,32.8736,-14.04,109.87,-0.0216,0.0647,32.8515,-0.1080,3.000,SEARCH,0.0000,0.0000,0.0000,0.0000
109966,static,dynamic,32.9033,-14.04,109.97,-0.0196,0.0648,32.8833,-0.1159,3.000,SEARCH,0.0000,0.0000,0.0000,0.0000
110066,static,dynamic,32.9329,-14.03,110.07,-0.0172,0.0642,32.9152,-0.1239,3.000,SEARCH,0.0000,0.0000,0.0000,-0.0000
110166,static,dynamic,32.9631,-14.03,110.17,-0.0152,0.0628,32.9473,-0.1319,3.000,SEARCH,0.0000,0.0000,0.0000,-0.0000
110266,static,dynamic,32.9934,-14.03,110.27,-0.0132,0.0610,32.9796,-0.1400,3.000,SEARCH,0.0000,0.0000,0.0000,-0.0000
110366,static,dynamic,33.0235,-14.03,110.37,-0.0108,0.0591,33.0121,-0.1481,3.000,SEARCH,0.0000,0.0000,0.0000,-0.0000
110466,static,dynamic,33.0535,-14.03,110.47,-0.0081,0.0572,33.0448,-0.1563,3.000,SEARCH,0.0000,0.0000,0.0000,-0.0001
110566,static,dynamic,33.0840,-14.03,110.57,-0.0057,0.0561,33.0777,-0.1645,3.000,SEARCH,0.0000,0.0000,0.0000,-0.0001
110666,static,dynamic,33.1153,-14.03,110.67,-0.0038,0.0561,33.1107,-0.1728,3.000,SEARCH,0.0000,0.0000,0.0000,-0.0001
110766,static,dynamic,33.1475,-14.04,110.77,-0.0027,0.0573,33.1440,-0.1811,2.999,SEARCH,0.0000,0.0000,0.0000,-0.0002
110866,static,dynamic,33.1801,-14.04,110.87,-0.0018,0.0592,33.1775,-0.1895,2.999,SEARCH,0.0000,0.0000,0.0000,-0.0002
110966,static,dynamic,33.2126,-14.04,110.97,-0.0005,0.0610,33.2111,-0.1979,2.999,SEARCH,0.0000,0.0000,0.0000,-0.0002
111066,static,dynamic,33.2447,-14.05,111.07,0.0013,0.0626,33.2449,-0.2063,2.999,SEARCH,0.0000,0.0000,0.0000,-0.0002
111166,static,dynamic,33.2768,-14.05,111.17,0.0033,0.0640,33.2789,-0.2148,2.999,SEARCH,0.0000,0.0000,0.0000,-0.0002
111266,static,dynamic,33.3093,-14.05,111.27,0.0050,0.0655,33.3131,-0.2234,2.999,SEARCH,0.0000,0.0000,0.0000,-0.0002
111366,static,dynamic,33.3420,-14.05,111.37,0.0068,0.0668,33.3475,-0.2320,2.999,SEARCH,0.0000,0.0000,0.0000,-0.0002
111466,static,dynamic,33.3746,-14.05,111.47,0.0089,0.0675,33.3820,-0.2406,2.999,SEARCH,0.0000,0.0000,0.0000,-0.0002
111566,static,dynamic,33.4078,-14.05,111.57,0.0105,0.0673,33.4168,-0.2493,3.000,SEARCH,0.0000,0.0000,0.0000,-0.0001
111666,static,dynamic,33.4417,-14.04,111.67,0.0115,0.0662,33.4517,-0.2580,3.000,SEARCH,0.0000,0.0000,0.0000,-0.0001
111766,static,dynamic,33.4766,-14.04,111.77,0.0118,0.0652,33.4868,-0.2668,3.000,SEARCH,0.0000,0.0000,0.0000,-0.0000
111866,static,dynamic,33.5124,-14.04,111.87,0.0113,0.0641,33.5220,-0.2756,3.000,SEARCH,0.0000,0.0000,0.0000,-0.0000
111966,static,dynamic,33.5489,-14.04,111.97,0.0103,0.0631,33.5574,-0.2844,3.000,SEARCH,0.0000,0.0000,0.0000,-0.0000
112066,static,dynamic,33.5863,-14.03,112.07,0.0086,0.0622,33.5930,-0.2933,3.000,SEARCH,0.0000,0.0000,0.0000,-0.0001
112166,static,dynamic,33.6243,-13.62,112.17,0.0064,0.0618,33.6288,-0.3022,3.000,SEARCH,0.0000,0.0000,0.0000,-0.0001
112266,static,dynamic,33.6630,-12.31,112.27,0.0037,0.0617,33.6647,-0.3103,2.999,SEARCH,0.0000,0.0000,0.0000,-0.0002
112366,static,dynamic,33.7019,-10.99,112.37,0.0009,0.0615,33.7007,-0.3176,2.999,SEARCH,0.0000,0.0000,0.0000,-0.0002
112466,static,dynamic,33.7417,-9.65,112.47,-0.0025,0.0614,33.7370,-0.3241,2.999,SEARCH,0.0000,0.0000,0.0000,-0.0003
112566,static,dynamic,33.7817,-8.30,112.57,-0.0061,0.0619,33.7734,-0.3297,2.999,SEARCH,0.0000,0.0000,0.0000,-0.0004
112666,static,dynamic,33.8225,-6.95,112.67,-0.0102,0.0631,33.8099,-0.3344,2.998,SEARCH,0.0000,0.0000,0.0000,-0.0006
112766,static,dynamic,33.8623,-5.59,112.77,-0.0133,0.0642,33.8466,-0.3383,2.998,SEARCH,0.0000,0.0000,0.0000,-0.0007
112866,static,dynamic,33.9013,-4.23,112.87,-0.0155,0.0657,33.8834,-0.3413,2.997,SEARCH,0.0000,0.0000,0.0000,-0.0008
112966,static,dynamic,33.9390,-2.87,112.97,-0.0161,0.0670,33.9204,-0.3435,2.997,SEARCH,0.0000,0.0000,0.0000,-0.0008
113066,static,dynamic,33.9758,-1.53,113.07,-0.0157,0.0679,33.9575,-0.3447,2.997,SEARCH,0.0000,0.0000,0.0000,-0.0009
113166,static,dynamic,34.0124,-0.19,113.17,-0.0151,0.0684,33.9948,-0.3452,2.997,SEARCH,0.0000,0.0000,0.0000,-0.0010
113266,static,dynamic,34.0492,1.14,113.27,-0.0145,0.0686,34.0322,-0.3447,2.997,SEARCH,0.0000,0.0000,0.0000,-0.0010
113366,static,dynamic,34.0857,2.44,113.37,-0.0135,0.0687,34.0697,-0.3434,2.997,SEARCH,0.0000,0.0000,0.0000,-0.0010
113466,static,dynamic,34.1219,3.73,113.47,-0.0120,0.0690,34.1074,-0.3412,2.996,SEARCH,0.0000,0.0000,0.0000,-0.0011
113566,static,dynamic,34.1579,4.98,113.57,-0.0103,0.0691,34.1452,-0.3382,2.996,SEARCH,0.0000,0.0000,0.0000,-0.0011
113666,static,dynamic,34.1941,6.21,113.67,-0.0087,0.0692,34.1831,-0.3344,2.996,SEARCH,0.0000,0.0000,0.0000,-0.0011
113766,static,dynamic,34.2309,7.41,113.77,-0.0075,0.0691,34.2211,-0.3297,2.996,SEARCH,0.0000,0.0000,0.0000,-0.0011
113866,static,dynamic,34.2684,8.58,113.87,-0.0069,0.0688,34.2592,-0.3242,2.996,SEARCH,0.0000,0.0000,0.0000,-0.0011
113966,static,dynamic,34.3063,9.71,113.97,-0.0066,0.0677,34.2975,-0.3179,2.996,SEARCH,0.0000,0.0000,0.0000,-0.0011
114066,static,dynamic,34.3439,10.80,114.07,-0.0059,0.0657,34.3359,-0.3108,2.996,SEARCH,0.0000,0.0000,0.0000,-0.0011
114166,static,dynamic,34.3813,11.86,114.17,-0.0050,0.0633,34.3744,-0.3030,2.997,SEARCH,0.0000,0.0000,0.0000,-0.0010
114266,static,dynamic,34.4187,12.87,114.27,-0.0040,0.0601,34.4129,-0.2944,2.997,SEARCH,0.0000,0.0000,0.0000,-0.0010
114366,static,dynamic,34.4563,13.84,114.37,-0.0029,0.0567,34.4516,-0.2851,2.997,SEARCH,0.0000,0.0000,0.0000,-0.0009
114466,static,dynamic,34.4945,14.04,114.47,-0.0026,0.0535,34.4904,-0.2754,2.997,SEARCH,0.0000,0.0000,0.0000,-0.0008
114566,static,dynamic,34.5332,14.04,114.57,-0.0025,0.0512,34.5293,-0.2657,2.998,SEARCH,0.0000,0.0000,0.0000,-0.0007
114666,static,dynamic,34.5718,14.04,114.67,-0.0022,0.0494,34.5683,-0.2560,2.998,SEARCH,0.0000,0.0000,0.0000,-0.0006
114766,static,dynamic,34.6103,14.04,114.77,-0.0017,0.0480,34.6073,-0.2462,2.998,SEARCH,0.0000,0.0000,0.0000,-0.0005
114866,static,dynamic,34.6483,14.04,114.87,-0.0007,0.0467,34.6465,-0.2364,2.999,SEARCH,0.0000,0.0000,0.0000,-0.0004
114966,static,dynamic,34.6859,14.04,114.97,0.0009,0.0454,34.6857,-0.2266,2.999,SEARCH,0.0000,0.0000,0.0000,-0.0003
115066,static,dynamic,34.7231,14.03,115.07,0.0029,0.0444,34.7250,-0.2168,2.999,SEARCH,0.0000,0.0000,0.0000,-0.0002
115166,static,dynamic,34.7603,14.03,115.17,0.0050,0.0438,34.7643,-0.2070,2.999,SEARCH,0.0000,0.0000,0.0000,-0.0002
115266,static,dynamic,34.7975,14.03,115.27,0.0071,0.0432,34.8038,-0.1971,3.000,SEARCH,0.0000,0.0000,0.0000,-0.0001
115366,static,dynamic,34.8353,14.03,115.37,0.0087,0.0429,34.8433,-0.1872,3.000,SEARCH,0.0000,0.0000,0.0000,-0.0001
115466,static,dynamic,34.8730,14.03,115.47,0.0106,0.0424,34.8828,-0.1773,3.000,SEARCH,0.0000,0.0000,0.0000,-0.0001
115566,static,dynamic,34.9109,14.03,115.57,0.0122,0.0418,34.9224,-0.1674,3.000,SEARCH,0.0000,0.0000,0.0000,-0.0001
115666,static,dynamic,34.9490,14.03,115.67,0.0137,0.0412,34.9621,-0.1575,2.999,SEARCH,0.0000,0.0000,0.0000,-0.0002
115766,static,dynamic,34.9872,14.03,115.77,0.0151,0.0412,35.0018,-0.1476,2.999,SEARCH,0.0000,0.0000,0.0000,-0.0002
115866,static,dynamic,35.0258,14.03,115.87,0.0162,0.0419,35.0416,-0.1376,2.999,SEARCH,0.0000,0.0000,0.0000,-0.0002
115966,static,dynamic,35.0649,14.03,115.97,0.0169,0.0430,35.0814,-0.1277,2.999,SEARCH,0.0000,0.0000,0.0000,-0.0002
116066,static,dynamic,35.1041,14.03,116.07,0.0175,0.0436,35.1212,-0.1177,2.999,SEARCH,0.0000,0.0000,0.0000,-0.0002
116166,static,dynamic,35.1434,14.03,116.17,0.0180,0.0441,35.1611,-0.1078,2.999,SEARCH,0.0000,0.0000,0.0000,-0.0003
116266,static,dynamic,35.1823,14.03,116.27,0.0190,0.0436,35.2010,-0.0978,2.999,SEARCH,0.0000,0.0000,0.0000,-0.0003
116366,static,dynamic,35.2210,14.03,116.37,0.0201,0.0422,35.2409,-0.0878,2.999,SEARCH,0.0000,0.0000,0.0000,-0.0002
116466,static,dynamic,35.2589,14.03,116.47,0.0222,0.0400,35.2809,-0.0778,2.999,SEARCH,0.0000,0.0000,0.0000,-0.0002
116566,static,dynamic,35.2968,14.04,116.57,0.0242,0.0378,35.3209,-0.0678,2.999,SEARCH,0.0000,0.0000,0.0000,-0.0002
116666,static,dynamic,35.3344,14.04,116.67,0.0266,0.0353,35.3608,-0.0578,2.999,SEARCH,0.0000,0.0000,0.0000,-0.0002
116766,static,dynamic,35.3725,14.04,116.77,0.0284,0.0327,35.4008,-0.0478,2.999,SEARCH,0.0000,0.0000,0.0000,-0.0003
116866,static,dynamic,35.4115,14.04,116.87,0.0294,0.0302,35.4408,-0.0378,2.999,SEARCH,0.0000,0.0000,0.0000,-0.0003
116966,static,dynamic,35.4513,14.04,116.97,0.0296,0.0286,35.4808,-0.0278,2.999,SEARCH,0.0000,0.0000,0.0000,-0.0004
117066,static,dynamic,35.4917,14.04,117.07,0.0292,0.0275,35.5208,-0.0178,2.998,SEARCH,0.0000,0.0000,0.0000,-0.0005
117166,static,dynamic,35.5322,14.04,117.17,0.0286,0.0267,35.5608,-0.0078,2.998,SEARCH,0.0000,0.0000,0.0000,-0.0005
117266,static,dynamic,35.5728,14.03,117.27,0.0280,0.0265,35.6008,0.0022,2.998,SEARCH,0.0000,0.0000,0.0000,-0.0006
117366,static,dynamic,35.6130,14.03,117.37,0.0278,0.0267,35.6408,0.0122,2.998,SEARCH,0.0000,0.0000,0.0000,-0.0006
117466,static,dynamic,35.6527,14.03,117.47,0.0280,0.0270,35.6807,0.0221,2.998,SEARCH,0.0000,0.0000,0.0000,-0.0006
117566,static,dynamic,35.6925,14.03,117.57,0.0281,0.0278,35.7206,0.0321,2.998,SEARCH,0.0000,0.0000,0.0000,-0.0007
117666,static,dynamic,35.7325,14.02,117.67,0.0280,0.0291,35.7605,0.0421,2.997,SEARCH,0.0000,0.0000,0.0000,-0.0008
117766,static,dynamic,35.7732,14.03,117.77,0.0272,0.0305,35.8004,0.0521,2.997,SEARCH,0.0000,0.0000,0.0000,-0.0008
117866,static,dynamic,35.8148,14.03,117.87,0.0255,0.0320,35.8402,0.0620,2.997,SEARCH,0.0000,0.0000,0.0000,-0.0009
117966,static,dynamic,35.8566,14.03,117.97,0.0235,0.0336,35.8800,0.0720,2.997,SEARCH,0.0000,0.0000,0.0000,-0.0009
118066,static,dynamic,35.8985,14.03,118.07,0.0213,0.0350,35.9198,0.0819,2.997,SEARCH,0.0000,0.0000,0.0000,-0.0009
118166,static,dynamic,35.9402,14.04,118.17,0.0194,0.0361,35.9595,0.0918,2.997,SEARCH,0.0000,0.0000,0.0000,-0.0010
118266,static,dynamic,35.9816,14.04,118.27,0.0177,0.0365,35.9992,0.1018,2.997,SEARCH,0.0000,0.0000,0.0000,-0.0010
118366,static,dynamic,36.0229,14.04,118.37,0.0160,0.0368,36.0388,0.1117,2.997,SEARCH,0.0000,0.0000,0.0000,-0.0010
118466,static,dynamic,36.0647,14.04,118.47,0.0138,0.0373,36.0783,0.1215,2.997,SEARCH,0.0000,0.0000,0.0000,-0.0010
118566,static,dynamic,36.1060,14.04,118.57,0.0120,0.0378,36.1178,0.1314,2.997,SEARCH,0.0000,0.0000,0.0000,-0.0010
118666,static,dynamic,36.1470,14.04,118.67,0.0104,0.0384,36.1572,0.1413,2.997,SEARCH,0.0000,0.0000,0.0000,-0.0009
118766,static,dynamic,36.1876,14.04,118.77,0.0092,0.0394,36.1966,0.1511,2.997,SEARCH,0.0000,0.0000,0.0000,-0.0009
118866,static,dynamic,36.2281,13.47,118.87,0.0080,0.0405,36.2359,0.1607,2.997,SEARCH,0.0000,0.0000,0.0000,-0.0008
118966,static,dynamic,36.2681,12.57,118.97,0.0072,0.0417,36.2751,0.1697,2.997,SEARCH,0.0000,0.0000,0.0000,-0.0008
119066,static,dynamic,36.3072,11.63,119.07,0.0073,0.0441,36.3142,0.1780,2.998,SEARCH,0.0000,0.0000,0.0000,-0.0007
119166,static,dynamic,36.3451,10.67,119.17,0.0084,0.0469,36.3532,0.1855,2.998,SEARCH,0.0000,0.0000,0.0000,-0.0006
119266,static,dynamic,36.3819,9.68,119.27,0.0105,0.0502,36.3922,0.1924,2.998,SEARCH,0.0000,0.0000,0.0000,-0.0005
119366,static,dynamic,36.4181,8.67,119.37,0.0133,0.0531,36.4310,0.1986,2.998,SEARCH,0.0000,0.0000,0.0000,-0.0005
119466,static,dynamic,36.4534,7.64,119.47,0.0167,0.0566,36.4698,0.2040,2.999,SEARCH,0.0000,0.0000,0.0000,-0.0004
119566,static,dynamic,36.4884,6.59,119.57,0.0204,0.0599,36.5085,0.2087,2.999,SEARCH,0.0000,0.0000,0.0000,-0.0003
119666,static,dynamic,36.5226,5.52,119.67,0.0247,0.0633,36.5470,0.2127,2.999,SEARCH,0.0000,0.0000,0.0000,-0.0002
119766,static,dynamic,36.5568,4.45,119.77,0.0290,0.0661,36.5855,0.2160,3.000,SEARCH,0.0000,0.0000,0.0000,-0.0001
119866,static,dynamic,36.5902,3.36,119.87,0.0340,0.0685,36.6239,0.2185,3.000,SEARCH,0.0000,0.0000,0.0000,-0.0000
119966,static,dynamic,36.6227,2.26,119.97,0.0397,0.0709,36.6621,0.2202,3.000,SEARCH,0.0000,0.0000,0.0000,0.0000
120066,static,dynamic,36.6556,1.17,120.07,0.0449,0.0728,36.7002,0.2212,3.000,SEARCH,0.0000,0.0000,0.0000,0.0001
120166,static,dynamic,36.6885,0.07,120.17,0.0500,0.0741,36.7382,0.2215,3.000,SEARCH,0.0000,0.0000,0.0000,0.0001
120266,static,dynamic,36.7219,-1.03,120.27,0.0546,0.0743,36.7761,0.2211,3.001,SEARCH,0.0000,0.0000,0.0000,0.0002
120366,static,dynamic,36.7563,-2.13,120.37,0.0579,0.0740,36.8139,0.2199,3.001,SEARCH,0.0000,0.0000,0.0000,0.0002
120466,static,dynamic,36.7910,-3.22,120.47,0.0608,0.0738,36.8515,0.2180,3.001,SEARCH,0.0000,0.0000,0.0000,0.0002
120566,static,dynamic,36.8265,-4.31,120.57,0.0628,0.0736,36.8890,0.2155,3.001,SEARCH,0.0000,0.0000,0.0000,0.0002
120666,static,dynamic,36.8619,-5.37,120.67,0.0648,0.0731,36.9264,0.2122,3.000,SEARCH,0.0000,0.0000,0.0000,0.0001
120766,static,dynamic,36.8976,-6.43,120.77,0.0663,0.0728,36.9637,0.2082,3.000,SEARCH,0.0000,0.0000,0.0000,0.0001
120866,static,dynamic,36.9340,-7.46,120.87,0.0670,0.0732,37.0007,0.2036,3.000,SEARCH,0.0000,0.0000,0.0000,0.0001
120966,static,dynamic,36.9712,-8.48,120.97,0.0667,0.0742,37.0377,0.1983,3.000,SEARCH,0.0000,0.0000,0.0000,0.0001
121066,static,dynamic,37.0086,-9.47,121.07,0.0661,0.0757,37.0745,0.1924,3.000,SEARCH,0.0000,0.0000,0.0000,0.0001
121166,static,dynamic,37.0458,-10.44,121.17,0.0656,0.0771,37.1112,0.1858,3.000,SEARCH,0.0000,0.0000,0.0000,0.0000
121266,static,dynamic,37.0830,-11.38,121.27,0.0648,0.0780,37.1477,0.1787,3.000,SEARCH,0.0000,0.0000,0.0000,0.0000
121366,static,dynamic,37.1207,-12.28,121.37,0.0634,0.0787,37.1840,0.1710,3.000,SEARCH,0.0000,0.0000,0.0000,0.0000
121466,static,dynamic,37.1580,-13.16,121.47,0.0623,0.0790,37.2202,0.1627,3.000,SEARCH,0.0000,0.0000,0.0000,-0.0000
121566,static,dynamic,37.1944,-14.00,121.57,0.0620,0.0798,37.2563,0.1539,3.000,SEARCH,0.0000,0.0000,0.0000,-0.0000
121666,static,dynamic,37.2303,-14.04,121.67,0.0619,0.0811,37.2922,0.1449,3.000,SEARCH,0.0000,0.0000,0.0000,-0.0001
121766,static,dynamic,37.2662,-14.04,121.77,0.0618,0.0823,37.3279,0.1360,3.000,SEARCH,0.0000,0.0000,0.0000,-0.0001
121866,static,dynamic,37.3016,-14.04,121.87,0.0618,0.0831,37.3634,0.1271,2.999,SEARCH,0.0000,0.0000,0.0000,-0.0002
121966,static,dynamic,37.3367,-14.04,121.97,0.0621,0.0831,37.3988,0.1183,2.999,SEARCH,0.0000,0.0000,0.0000,-0.0002
122066,static,dynamic,37.3713,-14.04,122.07,0.0628,0.0825,37.4341,0.1095,3.000,SEARCH,0.0000,0.0000,0.0000,-0.0001
122166,static,dynamic,37.4054,-14.04,122.17,0.0637,0.0819,37.4691,0.1007,3.000,SEARCH,0.0000,0.0000,0.0000,-0.0000
122266,static,dynamic,37.4389,-14.03,122.27,0.0651,0.0813,37.5040,0.0920,3.000,SEARCH,0.0000,0.0000,0.0000,0.0001
122366,static,dynamic,37.4718,-14.03,122.37,0.0669,0.0811,37.5387,0.0833,3.000,SEARCH,0.0000,0.0000,0.0000,0.0001
122466,static,dynamic,37.5047,-14.03,122.47,0.0685,0.0806,37.5732,0.0747,3.001,SEARCH,0.0000,0.0000,0.0000,0.0002
122566,static,dynamic,37.5372,-14.04,122.57,0.0704,0.0796,37.6075,0.0661,3.001,SEARCH,0.0000,0.0000,0.0000,0.0002
122666,static,dynamic,37.5694,-14.04,122.67,0.0723,0.0781,37.6417,0.0576,3.001,SEARCH,0.0000,0.0000,0.0000,0.0003
122766,static,dynamic,37.6014,-14.04,122.77,0.0742,0.0764,37.6757,0.0491,3.001,SEARCH,0.0000,0.0000,0.0000,0.0003
122866,static,dynamic,37.6327,-14.04,122.87,0.0767,0.0741,37.7095,0.0406,3.001,SEARCH,0.0000,0.0000,0.0000,0.0004
122966,static,dynamic,37.6639,-14.04,122.97,0.0792,0.0721,37.7431,0.0322,3.001,SEARCH,0.0000,0.0000,0.0000,0.0004
123066,static,dynamic,37.6942,-14.04,123.07,0.0823,0.0705,37.7765,0.0239,3.001,SEARCH,0.0000,0.0000,0.0000,0.0003
123166,static,dynamic,37.7246,-14.04,123.17,0.0851,0.0696,37.8097,0.0155,3.001,SEARCH,0.0000,0.0000,0.0000,0.0003
123266,static,dynamic,37.7547,-14.04,123.27,0.0881,0.0693,37.8428,0.0073,3.001,SEARCH,0.0000,0.0000,0.0000,0.0002
123366,static,dynamic,37.7850,-14.04,123.37,0.0907,0.0694,37.8756,-0.0009,3.000,SEARCH,0.0000,0.0000,0.0000,0.0001
123466,static,dynamic,37.8152,-14.04,123.47,0.0932,0.0700,37.9083,-0.0091,3.000,SEARCH,0.0000,0.0000,0.0000,0.0000
123566,static,dynamic,37.8464,-14.04,123.57,0.0944,0.0709,37.9407,-0.0172,3.000,SEARCH,0.0000,0.0000,0.0000,-0.0000
123666,static,dynamic,37.8795,-14.05,123.67,0.0937,0.0729,37.9730,-0.0253,3.000,SEARCH,0.0000,0.0000,0.0000,-0.0001
123766,static,dynamic,37.9137,-14.05,123.77,0.0916,0.0751,38.0051,-0.0333,3.000,SEARCH,0.0000,0.0000,0.0000,-0.0001
123866,static,dynamic,37.9488,-14.05,123.87,0.0883,0.0772,38.0370,-0.0413,3.000,SEARCH,0.0000,0.0000,0.0000,-0.0000
123966,static,dynamic,37.9836,-14.05,123.97,0.0852,0.0793,38.0686,-0.0492,3.000,SEARCH,0.0000,0.0000,0.0000,-0.0000
124066,static,dynamic,38.0187,-14.05,124.07,0.0817,0.0815,38.1001,-0.0571,3.000,SEARCH,0.0000,0.0000,0.0000,0.0000
124166,static,dynamic,38.0536,-14.04,124.17,0.0781,0.0825,38.1314,-0.0649,3.000,SEARCH,0.0000,0.0000,0.0000,0.0001
124266,static,dynamic,38.0887,-14.04,124.27,0.0741,0.0828,38.1625,-0.0726,3.001,SEARCH,0.0000,0.0000,0.0000,0.0002
124366,static,dynamic,38.1229,-14.04,124.37,0.0709,0.0829,38.1934,-0.0804,3.001,SEARCH,0.0000,0.0000,0.0000,0.0002
124466,static,dynamic,38.1574,-14.04,124.47,0.0671,0.0833,38.2241,-0.0880,3.001,SEARCH,0.0000,0.0000,0.0000,0.0002
124566,static,dynamic,38.1915,-14.04,124.57,0.0635,0.0838,38.2546,-0.0957,3.001,SEARCH,0.0000,0.0000,0.0000,0.0002
124666,static,dynamic,38.2251,-14.03,124.67,0.0602,0.0836,38.2849,-0.1032,3.000,SEARCH,0.0000,0.0000,0.0000,0.0001
124766,static,dynamic,38.2581,-14.03,124.77,0.0573,0.0834,38.3149,-0.1108,3.000,SEARCH,0.0000,0.0000,0.0000,0.0001
124866,static,dynamic,38.2906,-14.03,124.87,0.0548,0.0833,38.3448,-0.1182,3.000,SEARCH,0.0000,0.0000,0.0000,-0.0000
124966,static,dynamic,38.3225,-14.03,124.97,0.0526,0.0834,38.3745,-0.1257,3.000,SEARCH,0.0000,0.0000,0.0000,-0.0001
125066,static,dynamic,38.3534,-14.03,125.07,0.0513,0.0831,38.4040,-0.1330,2.999,SEARCH,0.0000,0.0000,0.0000,-0.0003
125166,static,dynamic,38.3828,-13.09,125.17,0.0512,0.0817,38.4333,-0.1400,2.999,SEARCH,0.0000,0.0000,0.0000,-0.0004
125266,static,dynamic,38.4106,-12.03,125.27,0.0525,0.0797,38.4624,-0.1464,2.998,SEARCH,0.0000,0.0000,0.0000,-0.0005
125366,static,dynamic,38.4376,-10.91,125.37,0.0544,0.0775,38.4913,-0.1522,2.998,SEARCH,0.0000,0.0000,0.0000,-0.0006
125466,static,dynamic,38.4640,-9.73,125.47,0.0567,0.0758,38.5200,-0.1573,2.998,SEARCH,0.0000,0.0000,0.0000,-0.0007
125566,static,dynamic,38.4897,-8.49,125.57,0.0595,0.0747,38.5485,-0.1618,2.997,SEARCH,0.0000,0.0000,0.0000,-0.0008
125666,static,dynamic,38.5147,-7.21,125.67,0.0628,0.0735,38.5768,-0.1656,2.997,SEARCH,0.0000,0.0000,0.0000,-0.0008
125766,static,dynamic,38.5393,-5.86,125.77,0.0663,0.0724,38.6049,-0.1687,2.997,SEARCH,0.0000,0.0000,0.0000,-0.0009
125866,static,dynamic,38.5639,-4.47,125.87,0.0697,0.0719,38.6328,-0.1711,2.997,SEARCH,0.0000,0.0000,0.0000,-0.0009
125966,static,dynamic,38.5884,-3.03,125.97,0.0729,0.0720,38.6605,-0.1728,2.997,SEARCH,0.0000,0.0000,0.0000,-0.0010
126066,static,dynamic,38.6127,-1.56,126.07,0.0761,0.0720,38.6880,-0.1738,2.997,SEARCH,0.0000,0.0000,0.0000,-0.0010
126166,static,dynamic,38.6377,-0.05,126.17,0.0784,0.0713,38.7153,-0.1741,2.996,SEARCH,0.0000,0.0000,0.0000,-0.0011
126266,static,dynamic,38.6630,1.50,126.27,0.0803,0.0700,38.7425,-0.1736,2.996,SEARCH,0.0000,0.0000,0.0000,-0.0011
126366,static,dynamic,38.6883,3.08,126.37,0.0819,0.0680,38.7694,-0.1724,2.996,SEARCH,0.0000,0.0000,0.0000,-0.0012
126466,static,dynamic,38.7136,4.68,126.47,0.0833,0.0654,38.7962,-0.1705,2.996,SEARCH,0.0000,0.0000,0.0000,-0.0012
126566,static,dynamic,38.7389,6.30,126.57,0.0845,0.0622,38.8227,-0.1678,2.996,SEARCH,0.0000,0.0000,0.0000,-0.0011
126666,static,dynamic,38.7645,7.92,126.67,0.0853,0.0593,38.8491,-0.1644,2.996,SEARCH,0.0000,0.0000,0.0000,-0.0011
126766,static,dynamic,38.7901,9.55,126.77,0.0858,0.0573,38.8753,-0.1602,2.996,SEARCH,0.0000,0.0000,0.0000,-0.0011
126866,static,dynamic,38.8157,11.17,126.87,0.0862,0.0562,38.9013,-0.1553,2.997,SEARCH,0.0000,0.0000,0.0000,-0.0010
126966,static,dynamic,38.8414,12.78,126.97,0.0862,0.0557,38.9271,-0.1497,2.997,SEARCH,0.0000,0.0000,0.0000,-0.0010
127066,static,dynamic,38.8675,14.03,127.07,0.0858,0.0552,38.9528,-0.1435,2.997,SEARCH,0.0000,0.0000,0.0000,-0.0010
127166,static,dynamic,38.8932,14.03,127.17,0.0855,0.0547,38.9782,-0.1371,2.997,SEARCH,0.0000,0.0000,0.0000,-0.0010
127266,static,dynamic,38.9185,14.03,127.27,0.0855,0.0546,39.0035,-0.1308,2.997,SEARCH,0.0000,0.0000,0.0000,-0.0010
127366,static,dynamic,38.9437,14.03,127.37,0.0854,0.0548,39.0286,-0.1245,2.997,SEARCH,0.0000,0.0000,0.0000,-0.0010
127466,static,dynamic,38.9691,14.03,127.47,0.0848,0.0555,39.0535,-0.1183,2.997,SEARCH,0.0000,0.0000,0.0000,-0.0010
127566,static,dynamic,38.9944,14.03,127.57,0.0843,0.0569,39.0783,-0.1121,2.997,SEARCH,0.0000,0.0000,0.0000,-0.0010
127666,static,dynamic,39.0197,14.03,127.67,0.0835,0.0590,39.1029,-0.1059,2.997,SEARCH,0.0000,0.0000,0.0000,-0.0010
127766,static,dynamic,39.0447,14.03,127.77,0.0830,0.0613,39.1273,-0.0998,2.997,SEARCH,0.0000,0.0000,0.0000,-0.0010
127866,static,dynamic,39.0691,14.03,127.87,0.0828,0.0633,39.1516,-0.0937,2.997,SEARCH,0.0000,0.0000,0.0000,-0.0010
127966,static,dynamic,39.0933,14.03,127.97,0.0827,0.0647,39.1757,-0.0877,2.997,SEARCH,0.0000,0.0000,0.0000,-0.0010
128066,static,dynamic,39.1173,14.03,128.07,0.0826,0.0661,39.1996,-0.0817,2.997,SEARCH,0.0000,0.0000,0.0000,-0.0010
128166,static,dynamic,39.1413,14.03,128.17,0.0824,0.0680,39.2234,-0.0758,2.997,SEARCH,0.0000,0.0000,0.0000,-0.0010
128266,static,dynamic,39.1652,14.04,128.27,0.0821,0.0705,39.2471,-0.0699,2.997,SEARCH,0.0000,0.0000,0.0000,-0.0009
128366,static,dynamic,39.1891,14.04,128.37,0.0816,0.0735,39.2705,-0.0640,2.997,SEARCH,0.0000,0.0000,0.0000,-0.0009
128466,static,dynamic,39.2134,14.04,128.47,0.0807,0.0767,39.2939,-0.0582,2.997,SEARCH,0.0000,0.0000,0.0000,-0.0009
128566,static,dynamic,39.2378,14.04,128.57,0.0794,0.0794,39.3170,-0.0524,2.997,SEARCH,0.0000,0.0000,0.0000,-0.0008
128666,static,dynamic,39.2624,14.04,128.67,0.0779,0.0818,39.3401,-0.0466,2.997,SEARCH,0.0000,0.0000,0.0000,-0.0008
128766,static,dynamic,39.2870,14.04,128.77,0.0762,0.0843,39.3629,-0.0409,2.998,SEARCH,0.0000,0.0000,0.0000,-0.0007
128866,static,dynamic,39.3113,14.04,128.87,0.0746,0.0863,39.3857,-0.0352,2.998,SEARCH,0.0000,0.0000,0.0000,-0.0006
128966,static,dynamic,39.3352,14.04,128.97,0.0732,0.0871,39.4083,-0.0296,2.998,SEARCH,0.0000,0.0000,0.0000,-0.0005
129066,static,dynamic,39.3587,14.04,129.07,0.0722,0.0869,39.4308,-0.0239,2.999,SEARCH,0.0000,0.0000,0.0000,-0.0004
129166,static,dynamic,39.3819,14.04,129.17,0.0714,0.0863,39.4531,-0.0184,2.999,SEARCH,0.0000,0.0000,0.0000,-0.0003
129266,static,dynamic,39.4055,14.04,129.27,0.0700,0.0860,39.4754,-0.0128,2.999,SEARCH,0.0000,0.0000,0.0000,-0.0002
129366,static,dynamic,39.4287,14.04,129.37,0.0689,0.0863,39.4975,-0.0073,3.000,SEARCH,0.0000,0.0000,0.0000,-0.0001
129466,static,dynamic,39.4517,14.04,129.47,0.0679,0.0868,39.5194,-0.0018,3.000,SEARCH,0.0000,0.0000,0.0000,0.0001
129566,static,dynamic,39.4747,14.04,129.57,0.0667,0.0876,39.5413,0.0037,3.001,SEARCH,0.0000,0.0000,0.0000,0.0002
129666,static,dynamic,39.4986,14.04,129.67,0.0646,0.0882,39.5631,0.0091,3.001,SEARCH,0.0000,0.0000,0.0000,0.0003
129766,static,dynamic,39.5227,14.04,129.77,0.0620,0.0887,39.5847,0.0145,3.001,SEARCH,0.0000,0.0000,0.0000,0.0004
129866,static,dynamic,39.5470,14.03,129.87,0.0593,0.0890,39.6062,0.0199,3.002,SEARCH,0.0000,0.0000,0.0000,0.0005
129966,static,dynamic,39.5707,14.03,129.97,0.0569,0.0885,39.6276,0.0253,3.002,SEARCH,0.0000,0.0000,0.0000,0.0006
130066,static,dynamic,39.5940,14.04,130.07,0.0550,0.0873,39.6490,0.0306,3.002,SEARCH,0.0000,0.0000,0.0000,0.0006
130166,static,dynamic,39.6162,14.04,130.17,0.0540,0.0858,39.6702,0.0359,3.002,SEARCH,0.0000,0.0000,0.0000,0.0006
130266,static,dynamic,39.6378,14.04,130.27,0.0536,0.0840,39.6913,0.0412,3.002,SEARCH,0.0000,0.0000,0.0000,0.0006
130366,static,dynamic,39.6588,14.04,130.37,0.0535,0.0823,39.7123,0.0464,3.002,SEARCH,0.0000,0.0000,0.0000,0.0006
130466,static,dynamic,39.6797,14.04,130.47,0.0537,0.0806,39.7333,0.0517,3.002,SEARCH,0.0000,0.0000,0.0000,0.0006
130566,static,dynamic,39.7006,14.04,130.57,0.0536,0.0789,39.7542,0.0569,3.002,SEARCH,0.0000,0.0000,0.0000,0.0006
130666,static,dynamic,39.7210,14.04,130.67,0.0539,0.0774,39.7750,0.0621,3.002,SEARCH,0.0000,0.0000,0.0000,0.0006
130766,static,dynamic,39.7410,14.04,130.77,0.0547,0.0762,39.7957,0.0673,3.002,SEARCH,0.0000,0.0000,0.0000,0.0006
130866,static,dynamic,39.7606,14.04,130.87,0.0558,0.0755,39.8163,0.0724,3.002,SEARCH,0.0000,0.0000,0.0000,0.0005
130966,static,dynamic,39.7802,14.04,130.97,0.0567,0.0755,39.8369,0.0776,3.002,SEARCH,0.0000,0.0000,0.0000,0.0005
131066,static,dynamic,39.7996,14.04,131.07,0.0578,0.0753,39.8574,0.0827,3.001,SEARCH,0.0000,0.0000,0.0000,0.0004
131166,static,dynamic,39.8192,14.03,131.17,0.0586,0.0751,39.8778,0.0878,3.001,SEARCH,0.0000,0.0000,0.0000,0.0003
131266,static,dynamic,39.8394,14.03,131.27,0.0588,0.0747,39.8982,0.0929,3.001,SEARCH,0.0000,0.0000,0.0000,0.0002
131366,static,dynamic,39.8598,14.03,131.37,0.0587,0.0740,39.9186,0.0980,3.000,SEARCH,0.0000,0.0000,0.0000,0.0001
131466,static,dynamic,39.8799,14.03,131.47,0.0589,0.0733,39.9388,0.1031,3.000,SEARCH,0.0000,0.0000,0.0000,0.0000
131566,static,dynamic,39.8996,14.03,131.57,0.0595,0.0730,39.9591,0.1081,3.000,SEARCH,0.0000,0.0000,0.0000,-0.0001
131666,static,dynamic,39.9190,14.03,131.67,0.0603,0.0737,39.9793,0.1132,2.999,SEARCH,0.0000,0.0000,0.0000,-0.0002
131766,static,dynamic,39.9385,14.03,131.77,0.0610,0.0749,39.9994,0.1182,2.999,SEARCH,0.0000,0.0000,0.0000,-0.0002
131866,static,dynamic,39.9576,14.03,131.87,0.0620,0.0766,40.0196,0.1233,2.999,SEARCH,0.0000,0.0000,0.0000,-0.0002
131966,static,dynamic,39.9771,14.03,131.97,0.0626,0.0782,40.0397,0.1283,2.999,SEARCH,0.0000,0.0000,0.0000,-0.0002
132066,static,dynamic,39.9968,14.04,132.07,0.0630,0.0795,40.0597,0.1333,2.999,SEARCH,0.0000,0.0000,0.0000,-0.0002
132166,static,dynamic,40.0163,14.04,132.17,0.0635,0.0797,40.0798,0.1383,3.000,SEARCH,0.0000,0.0000,0.0000,-0.0001
132266,static,dynamic,40.0356,14.04,132.27,0.0643,0.0790,40.0998,0.1433,3.000,SEARCH,0.0000,0.0000,0.0000,-0.0001
132366,static,dynamic,40.0549,13.30,132.37,0.0651,0.0780,40.1198,0.1482,3.000,SEARCH,0.0000,0.0000,0.0000,0.0000
132466,static,dynamic,40.0738,10.98,132.47,0.0661,0.0765,40.1399,0.1524,3.000,SEARCH,0.0000,0.0000,0.0000,0.0001
132566,static,dynamic,40.0928,8.57,132.57,0.0671,0.0741,40.1599,0.1557,3.000,SEARCH,0.0000,0.0000,0.0000,0.0001
132666,static,dynamic,40.1117,6.10,132.67,0.0682,0.0711,40.1799,0.1581,3.001,SEARCH,0.0000,0.0000,0.0000,0.0002
132766,static,dynamic,40.1311,3.57,132.77,0.0689,0.0682,40.1999,0.1597,3.001,SEARCH,0.0000,0.0000,0.0000,0.0002
132866,static,dynamic,40.1515,0.99,132.87,0.0685,0.0650,40.2199,0.1603,3.001,SEARCH,0.0000,0.0000,0.0000,0.0002
132966,static,dynamic,40.1728,-1.60,132.97,0.0672,0.0627,40.2399,0.1600,3.001,SEARCH,0.0000,0.0000,0.0000,0.0003
133066,static,dynamic,40.1952,-4.21,133.07,0.0649,0.0602,40.2599,0.1589,3.001,SEARCH,0.0000,0.0000,0.0000,0.0002
133166,static,dynamic,40.2180,-6.80,133.17,0.0621,0.0583,40.2800,0.1568,3.001,SEARCH,0.0000,0.0000,0.0000,0.0002
133266,static,dynamic,40.2404,-9.37,133.27,0.0597,0.0574,40.3000,0.1538,3.001,SEARCH,0.0000,0.0000,0.0000,0.0002
133366,static,dynamic,40.2622,-11.89,133.37,0.0581,0.0573,40.3201,0.1498,3.000,SEARCH,0.0000,0.0000,0.0000,0.0001
133466,static,dynamic,40.2840,-14.04,133.47,0.0564,0.0576,40.3403,0.1450,3.000,SEARCH,0.0000,0.0000,0.0000,0.0001
133566,static,dynamic,40.3053,-14.04,133.57,0.0552,0.0583,40.3604,0.1400,3.000,SEARCH,0.0000,0.0000,0.0000,0.0000
133666,static,dynamic,40.3267,-14.04,133.67,0.0540,0.0593,40.3806,0.1349,3.000,SEARCH,0.0000,0.0000,0.0000,-0.0000
133766,static,dynamic,40.3486,-14.04,133.77,0.0523,0.0601,40.4009,0.1299,3.000,SEARCH,0.0000,0.0000,0.0000,-0.0001
133866,static,dynamic,40.3711,-14.05,133.87,0.0501,0.0604,40.4212,0.1248,3.000,SEARCH,0.0000,0.0000,0.0000,-0.0001
133966,static,dynamic,40.3938,-14.05,133.97,0.0477,0.0605,40.4415,0.1197,2.999,SEARCH,0.0000,0.0000,0.0000,-0.0002
134066,static,dynamic,40.4167,-14.04,134.07,0.0452,0.0608,40.4619,0.1146,2.999,SEARCH,0.0000,0.0000,0.0000,-0.0002
134166,static,dynamic,40.4389,-14.04,134.17,0.0434,0.0609,40.4823,0.1095,2.999,SEARCH,0.0000,0.0000,0.0000,-0.0002
134266,static,dynamic,40.4610,-14.04,134.27,0.0418,0.0605,40.5028,0.1044,2.999,SEARCH,0.0000,0.0000,0.0000,-0.0002
134366,static,dynamic,40.4826,-14.04,134.37,0.0409,0.0596,40.5234,0.0992,2.999,SEARCH,0.0000,0.0000,0.0000,-0.0002
134466,static,dynamic,40.5041,-14.04,134.47,0.0400,0.0581,40.5441,0.0941,2.999,SEARCH,0.0000,0.0000,0.0000,-0.0003
134566,static,dynamic,40.5257,-14.04,134.57,0.0391,0.0562,40.5648,0.0889,2.999,SEARCH,0.0000,0.0000,0.0000,-0.0002
134666,static,dynamic,40.5477,-14.03,134.67,0.0378,0.0535,40.5856,0.0837,2.999,SEARCH,0.0000,0.0000,0.0000,-0.0002
134766,static,dynamic,40.5698,-14.03,134.77,0.0366,0.0509,40.6064,0.0785,2.999,SEARCH,0.0000,0.0000,0.0000,-0.0002
134866,static,dynamic,40.5924,-14.03,134.87,0.0349,0.0484,40.6274,0.0733,2.999,SEARCH,0.0000,0.0000,0.0000,-0.0002
134966,static,dynamic,40.6148,-14.03,134.97,0.0336,0.0467,40.6484,0.0680,2.999,SEARCH,0.0000,0.0000,0.0000,-0.0002
135066,static,dynamic,40.6367,-14.03,135.07,0.0329,0.0457,40.6696,0.0627,3.000,SEARCH,0.0000,0.0000,0.0000,-0.0001
135166,static,dynamic,40.6572,-14.03,135.17,0.0336,0.0453,40.6908,0.0574,3.000,SEARCH,0.0000,0.0000,0.0000,-0.0001
135266,static,dynamic,40.6765,-14.03,135.27,0.0356,0.0452,40.7121,0.0521,2.999,SEARCH,0.0000,0.0000,0.0000,-0.0002
135366,static,dynamic,40.6947,-14.03,135.37,0.0388,0.0446,40.7335,0.0467,2.999,SEARCH,0.0000,0.0000,0.0000,-0.0002
135466,static,dynamic,40.7119,-14.03,135.47,0.0431,0.0441,40.7551,0.0413,2.999,SEARCH,0.0000,0.0000,0.0000,-0.0002
135566,static,dynamic,40.7288,-14.03,135.57,0.0479,0.0440,40.7767,0.0359,2.999,SEARCH,0.0000,0.0000,0.0000,-0.0002
135666,static,dynamic,40.7447,-14.03,135.67,0.0538,0.0440,40.7984,0.0305,2.999,SEARCH,0.0000,0.0000,0.0000,-0.0003
135766,static,dynamic,40.7597,-14.04,135.77,0.0606,0.0438,40.8203,0.0250,2.999,SEARCH,0.0000,0.0000,0.0000,-0.0003
135866,static,dynamic,40.7747,-14.04,135.87,0.0676,0.0438,40.8423,0.0195,2.999,SEARCH,0.0000,0.0000,0.0000,-0.0003
135966,static,dynamic,40.7909,-14.04,135.97,0.0735,0.0440,40.8644,0.0140,2.999,SEARCH,0.0000,0.0000,0.0000,-0.0004
136066,static,dynamic,40.8081,-14.04,136.07,0.0786,0.0446,40.8866,0.0084,2.999,SEARCH,0.0000,0.0000,0.0000,-0.0004
136166,static,dynamic,40.8271,-14.04,136.17,0.0819,0.0454,40.9090,0.0029,2.999,SEARCH,0.0000,0.0000,0.0000,-0.0004
136266,static,dynamic,40.8475,-14.05,136.27,0.0840,0.0472,40.9314,-0.0028,2.998,SEARCH,0.0000,0.0000,0.0000,-0.0005
136366,static,dynamic,40.8691,-14.05,136.37,0.0850,0.0494,40.9541,-0.0084,2.998,SEARCH,0.0000,0.0000,0.0000,-0.0005
136466,static,dynamic,40.8912,-14.05,136.47,0.0857,0.0519,40.9768,-0.0141,2.998,SEARCH,0.0000,0.0000,0.0000,-0.0006
136566,static,dynamic,40.9141,-14.05,136.57,0.0856,0.0545,40.9997,-0.0198,2.998,SEARCH,0.0000,0.0000,0.0000,-0.0006
136666,static,dynamic,40.9375,-14.05,136.67,0.0853,0.0566,41.0227,-0.0256,2.998,SEARCH,0.0000,0.0000,0.0000,-0.0006
136766,static,dynamic,40.9605,-14.05,136.77,0.0855,0.0578,41.0459,-0.0314,2.998,SEARCH,0.0000,0.0000,0.0000,-0.0005
136866,static,dynamic,40.9832,-14.05,136.87,0.0861,0.0587,41.0692,-0.0372,2.998,SEARCH,0.0000,0.0000,0.0000,-0.0005
136966,static,dynamic,41.0063,-14.05,136.97,0.0866,0.0592,41.0927,-0.0431,2.999,SEARCH,0.0000,0.0000,0.0000,-0.0004
137066,static,dynamic,41.0295,-14.04,137.07,0.0870,0.0591,41.1164,-0.0490,2.999,SEARCH,0.0000,0.0000,0.0000,-0.0004
137166,static,dynamic,41.0529,-14.03,137.17,0.0874,0.0588,41.1401,-0.0549,2.999,SEARCH,0.0000,0.0000,0.0000,-0.0003
137266,static,dynamic,41.0762,-14.03,137.27,0.0881,0.0584,41.1641,-0.0609,2.999,SEARCH,0.0000,0.0000,0.0000,-0.0002
137366,static,dynamic,41.0993,-14.02,137.37,0.0891,0.0577,41.1882,-0.0669,3.000,SEARCH,0.0000,0.0000,0.0000,-0.0001
137466,static,dynamic,41.1221,-14.02,137.47,0.0906,0.0567,41.2125,-0.0730,3.000,SEARCH,0.0000,0.0000,0.0000,-0.0001
137566,static,dynamic,41.1455,-14.02,137.57,0.0916,0.0560,41.2369,-0.0791,3.000,SEARCH,0.0000,0.0000,0.0000,-0.0000
137666,static,dynamic,41.1690,-14.02,137.67,0.0927,0.0554,41.2615,-0.0853,3.000,SEARCH,0.0000,0.0000,0.0000,0.0000
137766,static,dynamic,41.1924,-14.02,137.77,0.0941,0.0553,41.2862,-0.0915,3.000,SEARCH,0.0000,0.0000,0.0000,0.0001
137866,static,dynamic,41.2154,-14.02,137.87,0.0961,0.0558,41.3112,-0.0977,3.000,SEARCH,0.0000,0.0000,0.0000,0.0001
137966,static,dynamic,41.2383,-14.03,137.97,0.0983,0.0565,41.3363,-0.1040,3.001,SEARCH,0.0000,0.0000,0.0000,0.0002
138066,static,dynamic,41.2618,-14.03,138.07,0.1002,0.0578,41.3616,-0.1103,3.001,SEARCH,0.0000,0.0000,0.0000,0.0002
138166,static,dynamic,41.2858,-14.04,138.17,0.1016,0.0592,41.3871,-0.1167,3.001,SEARCH,0.0000,0.0000,0.0000,0.0003
138266,static,dynamic,41.3099,-14.04,138.27,0.1033,0.0606,41.4127,-0.1231,3.001,SEARCH,0.0000,0.0000,0.0000,0.0003
138366,static,dynamic,41.3337,-14.05,138.37,0.1053,0.0621,41.4385,-0.1295,3.001,SEARCH,0.0000,0.0000,0.0000,0.0003
138466,static,dynamic,41.3571,-14.05,138.47,0.1079,0.0636,41.4645,-0.1360,3.001,SEARCH,0.0000,0.0000,0.0000,0.0004
138566,static,dynamic,41.3811,-14.05,138.57,0.1102,0.0645,41.4907,-0.1426,3.001,SEARCH,0.0000,0.0000,0.0000,0.0004
138666,static,dynamic,41.4051,-14.05,138.67,0.1126,0.0651,41.5171,-0.1492,3.001,SEARCH,0.0000,0.0000,0.0000,0.0004
138766,static,dynamic,41.4296,-14.05,138.77,0.1147,0.0652,41.5437,-0.1558,3.001,SEARCH,0.0000,0.0000,0.0000,0.0004
138866,static,dynamic,41.4545,-14.05,138.87,0.1165,0.0646,41.5704,-0.1625,3.001,SEARCH,0.0000,0.0000,0.0000,0.0003
138966,static,dynamic,41.4805,-14.05,138.97,0.1175,0.0638,41.5974,-0.1692,3.001,SEARCH,0.0000,0.0000,0.0000,0.0003
139066,static,dynamic,41.5074,-14.05,139.07,0.1178,0.0626,41.6245,-0.1760,3.001,SEARCH,0.0000,0.0000,0.0000,0.0004
139166,static,dynamic,41.5353,-14.04,139.17,0.1172,0.0613,41.6518,-0.1829,3.001,SEARCH,0.0000,0.0000,0.0000,0.0004
139266,static,dynamic,41.5641,-14.04,139.27,0.1160,0.0602,41.6794,-0.1897,3.002,SEARCH,0.0000,0.0000,0.0000,0.0005
139366,static,dynamic,41.5929,-14.04,139.37,0.1150,0.0592,41.7071,-0.1967,3.002,SEARCH,0.0000,0.0000,0.0000,0.0007
139466,static,dynamic,41.6222,-14.04,139.47,0.1136,0.0578,41.7350,-0.2036,3.003,SEARCH,0.0000,0.0000,0.0000,0.0008
139566,static,dynamic,41.6519,-14.04,139.57,0.1121,0.0564,41.7631,-0.2107,3.003,SEARCH,0.0000,0.0000,0.0000,0.0010
139666,static,dynamic,41.6821,-14.04,139.67,0.1102,0.0549,41.7914,-0.2177,3.004,SEARCH,0.0000,0.0000,0.0000,0.0011
139766,static,dynamic,41.7118,-12.84,139.77,0.1090,0.0540,41.8199,-0.2246,3.004,SEARCH,0.0000,0.0000,0.0000,0.0012
139866,static,dynamic,41.7411,-10.89,139.87,0.1085,0.0539,41.8486,-0.2304,3.004,SEARCH,0.0000,0.0000,0.0000,0.0012
139966,static,dynamic,41.7701,-8.92,139.97,0.1084,0.0549,41.8775,-0.2353,3.004,SEARCH,0.0000,0.0000,0.0000,0.0012
140066,static,dynamic,41.7988,-6.94,140.07,0.1088,0.0565,41.9066,-0.2392,3.004,SEARCH,0.0000,0.0000,0.0000,0.0012
140166,static,dynamic,41.8271,-4.97,140.17,0.1099,0.0584,41.9359,-0.2421,3.004,SEARCH,0.0000,0.0000,0.0000,0.0011
140266,static,dynamic,41.8549,-3.00,140.27,0.1116,0.0597,41.9654,-0.2440,3.004,SEARCH,0.0000,0.0000,0.0000,0.0011
140366,static,dynamic,41.8831,-1.05,140.37,0.1130,0.0606,41.9951,-0.2448,3.003,SEARCH,0.0000,0.0000,0.0000,0.0010
140466,static,dynamic,41.9115,0.88,140.47,0.1145,0.0614,42.0249,-0.2447,3.003,SEARCH,0.0000,0.0000,0.0000,0.0009
140566,static,dynamic,41.9400,2.78,140.57,0.1162,0.0622,42.0550,-0.2436,3.003,SEARCH,0.0000,0.0000,0.0000,0.0008
140666,static,dynamic,41.9690,4.64,140.67,0.1175,0.0629,42.0853,-0.2414,3.002,SEARCH,0.0000,0.0000,0.0000,0.0007
140766,static,dynamic,41.9984,6.46,140.77,0.1185,0.0632,42.1158,-0.2383,3.002,SEARCH,0.0000,0.0000,0.0000,0.0006
140866,static,dynamic,42.0282,8.22,140.87,0.1194,0.0632,42.1465,-0.2342,3.002,SEARCH,0.0000,0.0000,0.0000,0.0005
140966,static,dynamic,42.0579,9.92,140.97,0.1205,0.0632,42.1774,-0.2291,3.001,SEARCH,0.0000,0.0000,0.0000,0.0004
141066,static,dynamic,42.0872,11.57,141.07,0.1222,0.0635,42.2085,-0.2231,3.001,SEARCH,0.0000,0.0000,0.0000,0.0003
141166,static,dynamic,42.1166,13.15,141.17,0.1241,0.0642,42.2398,-0.2160,3.001,SEARCH,0.0000,0.0000,0.0000,0.0003
141266,static,dynamic,42.1468,14.04,141.27,0.1254,0.0650,42.2713,-0.2082,3.001,SEARCH,0.0000,0.0000,0.0000,0.0003
141366,static,dynamic,42.1778,14.04,141.37,0.1260,0.0651,42.3030,-0.2003,3.001,SEARCH,0.0000,0.0000,0.0000,0.0003
141466,static,dynamic,42.2087,14.04,141.47,0.1269,0.0648,42.3349,-0.1923,3.001,SEARCH,0.0000,0.0000,0.0000,0.0003
141566,static,dynamic,42.2397,14.04,141.57,0.1279,0.0644,42.3669,-0.1843,3.001,SEARCH,0.0000,0.0000,0.0000,0.0003
141666,static,dynamic,42.2710,14.04,141.67,0.1289,0.0641,42.3992,-0.1763,3.001,SEARCH,0.0000,0.0000,0.0000,0.0003
141766,static,dynamic,42.3026,14.04,141.77,0.1297,0.0643,42.4317,-0.1681,3.001,SEARCH,0.0000,0.0000,0.0000,0.0003
141866,static,dynamic,42.3345,14.04,141.87,0.1304,0.0654,42.4643,-0.1600,3.001,SEARCH,0.0000,0.0000,0.0000,0.0004
141966,static,dynamic,42.3662,14.04,141.97,0.1316,0.0671,42.4972,-0.1518,3.001,SEARCH,0.0000,0.0000,0.0000,0.0004
142066,static,dynamic,42.3976,14.03,142.07,0.1332,0.0694,42.5302,-0.1435,3.002,SEARCH,0.0000,0.0000,0.0000,0.0005
142166,static,dynamic,42.4286,14.03,142.17,0.1354,0.0724,42.5635,-0.1352,3.002,SEARCH,0.0000,0.0000,0.0000,0.0005
142266,static,dynamic,42.4595,14.03,142.27,0.1379,0.0754,42.5969,-0.1268,3.002,SEARCH,0.0000,0.0000,0.0000,0.0005
142366,static,dynamic,42.4908,14.02,142.37,0.1402,0.0781,42.6305,-0.1184,3.002,SEARCH,0.0000,0.0000,0.0000,0.0005
142466,static,dynamic,42.5228,14.02,142.47,0.1419,0.0806,42.6643,-0.1100,3.002,SEARCH,0.0000,0.0000,0.0000,0.0006
142566,static,dynamic,42.5555,14.02,142.57,0.1432,0.0834,42.6983,-0.1015,3.002,SEARCH,0.0000,0.0000,0.0000,0.0006
142666,static,dynamic,42.5885,14.03,142.67,0.1443,0.0860,42.7324,-0.0929,3.002,SEARCH,0.0000,0.0000,0.0000,0.0007
142766,static,dynamic,42.6217,14.03,142.77,0.1455,0.0882,42.7668,-0.0844,3.002,SEARCH,0.0000,0.0000,0.0000,0.0007
142866,static,dynamic,42.6549,14.03,142.87,0.1468,0.0902,42.8013,-0.0757,3.003,SEARCH,0.0000,0.0000,0.0000,0.0008
142966,static,dynamic,42.6886,14.03,142.97,0.1477,0.0920,42.8360,-0.0671,3.003,SEARCH,0.0000,0.0000,0.0000,0.0009
143066,static,dynamic,42.7228,14.04,143.07,0.1484,0.0936,42.8709,-0.0583,3.003,SEARCH,0.0000,0.0000,0.0000,0.0009
143166,static,dynamic,42.7573,14.04,143.17,0.1489,0.0949,42.9059,-0.0496,3.003,SEARCH,0.0000,0.0000,0.0000,0.0009
143266,static,dynamic,42.7916,14.04,143.27,0.1498,0.0955,42.9412,-0.0408,3.003,SEARCH,0.0000,0.0000,0.0000,0.0009
143366,static,dynamic,42.8260,14.04,143.37,0.1507,0.0954,42.9765,-0.0319,3.003,SEARCH,0.0000,0.0000,0.0000,0.0009
143466,static,dynamic,42.8604,14.04,143.47,0.1519,0.0949,43.0121,-0.0230,3.003,SEARCH,0.0000,0.0000,0.0000,0.0008
143566,static,dynamic,42.8949,14.04,143.57,0.1531,0.0943,43.0478,-0.0141,3.003,SEARCH,0.0000,0.0000,0.0000,0.0008
143666,static,dynamic,42.9299,14.04,143.67,0.1540,0.0938,43.0837,-0.0051,3.002,SEARCH,0.0000,0.0000,0.0000,0.0007
143766,static,dynamic,42.9656,14.04,143.77,0.1543,0.0932,43.1198,0.0039,3.002,SEARCH,0.0000,0.0000,0.0000,0.0006
143866,static,dynamic,43.0018,14.04,143.87,0.1543,0.0922,43.1560,0.0129,3.002,SEARCH,0.0000,0.0000,0.0000,0.0005
143966,static,dynamic,43.0384,14.04,143.97,0.1540,0.0913,43.1923,0.0220,3.001,SEARCH,0.0000,0.0000,0.0000,0.0004
144066,static,dynamic,43.0758,14.04,144.07,0.1531,0.0910,43.2288,0.0312,3.001,SEARCH,0.0000,0.0000,0.0000,0.0003
144166,static,dynamic,43.1139,14.04,144.17,0.1516,0.0918,43.2655,0.0403,3.001,SEARCH,0.0000,0.0000,0.0000,0.0003
144266,static,dynamic,43.1529,14.03,144.27,0.1495,0.0938,43.3023,0.0495,3.001,SEARCH,0.0000,0.0000,0.0000,0.0002
144366,static,dynamic,43.1921,14.03,144.37,0.1472,0.0961,43.3393,0.0588,3.001,SEARCH,0.0000,0.0000,0.0000,0.0002
144466,static,dynamic,43.2317,14.03,144.47,0.1447,0.0981,43.3764,0.0680,3.000,SEARCH,0.0000,0.0000,0.0000,0.0001
144566,static,dynamic,43.2717,14.03,144.57,0.1419,0.0992,43.4136,0.0773,3.000,SEARCH,0.0000,0.0000,0.0000,0.0000
144666,static,dynamic,43.3115,14.03,144.67,0.1395,0.0999,43.4510,0.0867,3.000,SEARCH,0.0000,0.0000,0.0000,-0.0000
144766,static,dynamic,43.3505,14.03,144.77,0.1380,0.1001,43.4885,0.0961,3.000,SEARCH,0.0000,0.0000,0.0000,-0.0000
144866,static,dynamic,43.3889,14.03,144.87,0.1372,0.0997,43.5261,0.1055,3.000,SEARCH,0.0000,0.0000,0.0000,-0.0000
144966,static,dynamic,43.4271,14.04,144.97,0.1368,0.0991,43.5639,0.1149,3.000,SEARCH,0.0000,0.0000,0.0000,-0.0001
145066,static,dynamic,43.4650,14.04,145.07,0.1368,0.0985,43.6018,0.1244,3.000,SEARCH,0.0000,0.0000,0.0000,-0.0001
145166,static,dynamic,43.5033,14.04,145.17,0.1365,0.0982,43.6398,0.1339,3.000,SEARCH,0.0000,0.0000,0.0000,-0.0001
145266,static,dynamic,43.5423,14.04,145.27,0.1357,0.0983,43.6779,0.1434,3.000,SEARCH,0.0000,0.0000,0.0000,-0.0001
145366,static,dynamic,43.5815,14.04,145.37,0.1347,0.0988,43.7162,0.1530,2.999,SEARCH,0.0000,0.0000,0.0000,-0.0002
145466,static,dynamic,43.6211,14.04,145.47,0.1335,0.0996,43.7545,0.1626,2.999,SEARCH,0.0000,0.0000,0.0000,-0.0002
145566,static,dynamic,43.6613,14.04,145.57,0.1317,0.1008,43.7930,0.1722,2.999,SEARCH,0.0000,0.0000,0.0000,-0.0003
145666,static,dynamic,43.7023,14.04,145.67,0.1294,0.1018,43.8316,0.1818,2.999,SEARCH,0.0000,0.0000,0.0000,-0.0004
145766,static,dynamic,43.7434,14.04,145.77,0.1270,0.1027,43.8702,0.1915,2.999,SEARCH,0.0000,0.0000,0.0000,-0.0004
145866,static,dynamic,43.7848,14.04,145.87,0.1243,0.1037,43.9090,0.2012,2.998,SEARCH,0.0000,0.0000,0.0000,-0.0005
145966,static,dynamic,43.8260,14.04,145.97,0.1220,0.1046,43.9479,0.2109,2.998,SEARCH,0.0000,0.0000,0.0000,-0.0005
146066,static,dynamic,43.8674,14.04,146.07,0.1196,0.1058,43.9868,0.2206,2.998,SEARCH,0.0000,0.0000,0.0000,-0.0005
146166,static,dynamic,43.9082,14.04,146.17,0.1179,0.1066,44.0259,0.2304,2.999,SEARCH,0.0000,0.0000,0.0000,-0.0004
146266,static,dynamic,43.9487,14.04,146.27,0.1165,0.1068,44.0650,0.2402,2.999,SEARCH,0.0000,0.0000,0.0000,-0.0004
146366,static,dynamic,43.9885,14.04,146.37,0.1159,0.1064,44.1042,0.2500,2.999,SEARCH,0.0000,0.0000,0.0000,-0.0004
146466,static,dynamic,44.0275,14.04,146.47,0.1162,0.1062,44.1435,0.2598,2.999,SEARCH,0.0000,0.0000,0.0000,-0.0003
146566,static,dynamic,44.0660,14.04,146.57,0.1171,0.1062,44.1828,0.2697,2.999,SEARCH,0.0000,0.0000,0.0000,-0.0003
146666,static,dynamic,44.1039,12.98,146.67,0.1187,0.1057,44.2223,0.2790,2.999,SEARCH,0.0000,0.0000,0.0000,-0.0003
146766,static,dynamic,44.1413,11.79,146.77,0.1208,0.1045,44.2617,0.2875,2.999,SEARCH,0.0000,0.0000,0.0000,-0.0004
146866,static,dynamic,44.1778,10.57,146.87,0.1239,0.1030,44.3013,0.2952,2.999,SEARCH,0.0000,0.0000,0.0000,-0.0004
146966,static,dynamic,44.2143,9.34,146.97,0.1271,0.1017,44.3409,0.3020,2.999,SEARCH,0.0000,0.0000,0.0000,-0.0004
147066,static,dynamic,44.2505,8.10,147.07,0.1306,0.1003,44.3806,0.3080,2.998,SEARCH,0.0000,0.0000,0.0000,-0.0005
147166,static,dynamic,44.2870,6.84,147.17,0.1338,0.0987,44.4203,0.3130,2.998,SEARCH,0.0000,0.0000,0.0000,-0.0005
147266,static,dynamic,44.3231,5.57,147.27,0.1375,0.0965,44.4600,0.3172,2.998,SEARCH,0.0000,0.0000,0.0000,-0.0006
147366,static,dynamic,44.3598,4.31,147.37,0.1406,0.0944,44.4998,0.3205,2.998,SEARCH,0.0000,0.0000,0.0000,-0.0007
147466,static,dynamic,44.3970,3.04,147.47,0.1433,0.0921,44.5397,0.3229,2.998,SEARCH,0.0000,0.0000,0.0000,-0.0007
147566,static,dynamic,44.4352,1.77,147.57,0.1450,0.0904,44.5795,0.3244,2.997,SEARCH,0.0000,0.0000,0.0000,-0.0008
147666,static,dynamic,44.4741,0.51,147.67,0.1459,0.0889,44.6194,0.3251,2.997,SEARCH,0.0000,0.0000,0.0000,-0.0008
147766,static,dynamic,44.5139,-0.74,147.77,0.1461,0.0872,44.6594,0.3248,2.997,SEARCH,0.0000,0.0000,0.0000,-0.0009
147866,static,dynamic,44.5545,-1.98,147.87,0.1454,0.0850,44.6993,0.3237,2.997,SEARCH,0.0000,0.0000,0.0000,-0.0009
147966,static,dynamic,44.5959,-3.19,147.97,0.1440,0.0825,44.7393,0.3218,2.997,SEARCH,0.0000,0.0000,0.0000,-0.0009
148066,static,dynamic,44.6373,-4.39,148.07,0.1426,0.0801,44.7793,0.3190,2.997,SEARCH,0.0000,0.0000,0.0000,-0.0009
148166,static,dynamic,44.6785,-5.57,148.17,0.1414,0.0778,44.8192,0.3154,2.997,SEARCH,0.0000,0.0000,0.0000,-0.0010
148266,static,dynamic,44.7198,-6.71,148.27,0.1401,0.0756,44.8592,0.3110,2.997,SEARCH,0.0000,0.0000,0.0000,-0.0010
148366,static,dynamic,44.7609,-7.83,148.37,0.1389,0.0739,44.8992,0.3057,2.997,SEARCH,0.0000,0.0000,0.0000,-0.0010
148466,static,dynamic,44.8020,-8.92,148.47,0.1378,0.0728,44.9392,0.2997,2.997,SEARCH,0.0000,0.0000,0.0000,-0.0010
148566,static,dynamic,44.8431,-9.97,148.57,0.1367,0.0722,44.9792,0.2930,2.997,SEARCH,0.0000,0.0000,0.0000,-0.0010
148666,static,dynamic,44.8841,-10.99,148.67,0.1356,0.0724,45.0192,0.2854,2.996,SEARCH,0.0000,0.0000,0.0000,-0.0011
148766,static,dynamic,44.9248,-11.97,148.77,0.1349,0.0732,45.0592,0.2772,2.996,SEARCH,0.0000,0.0000,0.0000,-0.0011
148866,static,dynamic,44.9648,-12.92,148.87,0.1348,0.0742,45.0991,0.2683,2.996,SEARCH,0.0000,0.0000,0.0000,-0.0011
148966,static,dynamic,45.0045,-13.82,148.97,0.1350,0.0749,45.1391,0.2587,2.997,SEARCH,0.0000,0.0000,0.0000,-0.0010
149066,static,dynamic,45.0441,-14.04,149.07,0.1352,0.0754,45.1790,0.2487,2.997,SEARCH,0.0000,0.0000,0.0000,-0.0010
149166,static,dynamic,45.0832,-14.04,149.17,0.1359,0.0749,45.2188,0.2387,2.997,SEARCH,0.0000,0.0000,0.0000,-0.0010
149266,static,dynamic,45.1218,-14.04,149.27,0.1372,0.0732,45.2587,0.2288,2.997,SEARCH,0.0000,0.0000,0.0000,-0.0009
149366,static,dynamic,45.1599,-14.03,149.37,0.1388,0.0711,45.2985,0.2188,2.997,SEARCH,0.0000,0.0000,0.0000,-0.0008
149466,static,dynamic,45.1974,-14.03,149.47,0.1411,0.0687,45.3383,0.2089,2.998,SEARCH,0.0000,0.0000,0.0000,-0.0007
149566,static,dynamic,45.2352,-14.03,149.57,0.1429,0.0668,45.3780,0.1990,2.998,SEARCH,0.0000,0.0000,0.0000,-0.0007
149666,static,dynamic,45.2741,-14.03,149.67,0.1437,0.0646,45.4176,0.1890,2.998,SEARCH,0.0000,0.0000,0.0000,-0.0006
149766,static,dynamic,45.3143,-14.03,149.77,0.1431,0.0626,45.4572,0.1791,2.998,SEARCH,0.0000,0.0000,0.0000,-0.0005
149866,static,dynamic,45.3555,-14.03,149.87,0.1415,0.0603,45.4968,0.1692,2.998,SEARCH,0.0000,0.0000,0.0000,-0.0005
149966,static,dynamic,45.3969,-14.03,149.97,0.1395,0.0583,45.5363,0.1594,2.999,SEARCH,0.0000,0.0000,0.0000,-0.0004
150066,static,dynamic,45.4383,-14.03,150.07,0.1376,0.0567,45.5757,0.1495,2.999,SEARCH,0.0000,0.0000,0.0000,-0.0004
150166,static,dynamic,45.4794,-14.04,150.17,0.1358,0.0558,45.6151,0.1397,2.999,SEARCH,0.0000,0.0000,0.0000,-0.0004
150266,static,dynamic,45.5207,-14.04,150.27,0.1338,0.0553,45.6544,0.1298,2.999,SEARCH,0.0000,0.0000,0.0000,-0.0004
150366,static,dynamic,45.5619,-14.05,150.37,0.1317,0.0550,45.6936,0.1200,2.999,SEARCH,0.0000,0.0000,0.0000,-0.0003
150466,static,dynamic,45.6035,-14.05,150.47,0.1293,0.0547,45.7327,0.1103,2.999,SEARCH,0.0000,0.0000,0.0000,-0.0003
150566,static,dynamic,45.6441,-14.05,150.57,0.1277,0.0539,45.7718,0.1005,2.999,SEARCH,0.0000,0.0000,0.0000,-0.0003
150666,static,dynamic,45.6844,-14.05,150.67,0.1264,0.0523,45.8108,0.0908,2.999,SEARCH,0.0000,0.0000,0.0000,-0.0002
150766,static,dynamic,45.7245,-14.05,150.77,0.1252,0.0505,45.8496,0.0810,3.000,SEARCH,0.0000,0.0000,0.0000,-0.0001
150866,static,dynamic,45.7643,-14.05,150.87,0.1242,0.0486,45.8884,0.0713,3.000,SEARCH,0.0000,0.0000,0.0000,-0.0000
150966,static,dynamic,45.8032,-14.04,150.97,0.1239,0.0474,45.9271,0.0617,3.000,SEARCH,0.0000,0.0000,0.0000,0.0001
151066,static,dynamic,45.8415,-14.04,151.07,0.1242,0.0471,45.9657,0.0520,3.001,SEARCH,0.0000,0.0000,0.0000,0.0002
151166,static,dynamic,45.8804,-14.04,151.17,0.1238,0.0477,46.0042,0.0424,3.001,SEARCH,0.0000,0.0000,0.0000,0.0003
151266,static,dynamic,45.9204,-14.04,151.27,0.1221,0.0488,46.0425,0.0328,3.001,SEARCH,0.0000,0.0000,0.0000,0.0003
151366,static,dynamic,45.9610,-14.04,151.37,0.1198,0.0500,46.0808,0.0232,3.001,SEARCH,0.0000,0.0000,0.0000,0.0004
151466,static,dynamic,46.0029,-14.04,151.47,0.1161,0.0508,46.1190,0.0137,3.001,SEARCH,0.0000,0.0000,0.0000,0.0003
151566,static,dynamic,46.0450,-14.03,151.57,0.1120,0.0508,46.1570,0.0042,3.001,SEARCH,0.0000,0.0000,0.0000,0.0002
151666,static,dynamic,46.0873,-14.04,151.67,0.1076,0.0498,46.1949,-0.0053,3.000,SEARCH,0.0000,0.0000,0.0000,0.0001
151766,static,dynamic,46.1286,-14.03,151.77,0.1041,0.0483,46.2327,-0.0147,3.000,SEARCH,0.0000,0.0000,0.0000,0.0000
151866,static,dynamic,46.1697,-14.03,151.87,0.1007,0.0463,46.2703,-0.0241,3.000,SEARCH,0.0000,0.0000,0.0000,-0.0001
151966,static,dynamic,46.2107,-14.03,151.97,0.0972,0.0445,46.3079,-0.0335,2.999,SEARCH,0.0000,0.0000,0.0000,-0.0002
152066,static,dynamic,46.2520,-14.03,152.07,0.0933,0.0430,46.3453,-0.0429,2.999,SEARCH,0.0000,0.0000,0.0000,-0.0003
152166,static,dynamic,46.2924,-14.03,152.17,0.0902,0.0418,46.3825,-0.0522,2.999,SEARCH,0.0000,0.0000,0.0000,-0.0003
152266,static,dynamic,46.3322,-14.03,152.27,0.0875,0.0407,46.4196,-0.0615,2.999,SEARCH,0.0000,0.0000,0.0000,-0.0004
152366,static,dynamic,46.3709,-14.03,152.37,0.0858,0.0398,46.4566,-0.0707,2.999,SEARCH,0.0000,0.0000,0.0000,-0.0004
152466,static,dynamic,46.4087,-14.03,152.47,0.0849,0.0382,46.4934,-0.0799,2.999,SEARCH,0.0000,0.0000,0.0000,-0.0004
152566,static,dynamic,46.4447,-14.03,152.57,0.0856,0.0362,46.5301,-0.0891,2.998,SEARCH,0.0000,0.0000,0.0000,-0.0005
152666,static,dynamic,46.4790,-14.03,152.67,0.0879,0.0336,46.5667,-0.0982,2.998,SEARCH,0.0000,0.0000,0.0000,-0.0005
152766,static,dynamic,46.5126,-13.98,152.77,0.0906,0.0311,46.6030,-0.1073,2.998,SEARCH,0.0000,0.0000,0.0000,-0.0005
152866,static,dynamic,46.5463,-13.06,152.87,0.0932,0.0287,46.6393,-0.1159,2.998,SEARCH,0.0000,0.0000,0.0000,-0.0005
152966,static,dynamic,46.5808,-12.08,152.97,0.0947,0.0267,46.6753,-0.1239,2.998,SEARCH,0.0000,0.0000,0.0000,-0.0005
153066,static,dynamic,46.6154,-11.07,153.07,0.0961,0.0242,46.7112,-0.1311,2.999,SEARCH,0.0000,0.0000,0.0000,-0.0004
153166,static,dynamic,46.6501,-10.01,153.17,0.0972,0.0223,46.7470,-0.1377,2.999,SEARCH,0.0000,0.0000,0.0000,-0.0003
153266,static,dynamic,46.6849,-8.92,153.27,0.0980,0.0210,46.7826,-0.1435,2.999,SEARCH,0.0000,0.0000,0.0000,-0.0002
153366,static,dynamic,46.7194,-7.79,153.37,0.0989,0.0206,46.8180,-0.1486,3.000,SEARCH,0.0000,0.0000,0.0000,-0.0000
153466,static,dynamic,46.7536,-6.62,153.47,0.1000,0.0211,46.8532,-0.1529,3.000,SEARCH,0.0000,0.0000,0.0000,0.0001
153566,static,dynamic,46.7878,-5.43,153.57,0.1008,0.0218,46.8883,-0.1565,3.001,SEARCH,0.0000,0.0000,0.0000,0.0003
153666,static,dynamic,46.8222,-4.20,153.67,0.1013,0.0234,46.9232,-0.1593,3.001,SEARCH,0.0000,0.0000,0.0000,0.0004
153766,static,dynamic,46.8569,-2.94,153.77,0.1014,0.0257,46.9579,-0.1613,3.001,SEARCH,0.0000,0.0000,0.0000,0.0004
153866,static,dynamic,46.8914,-1.66,153.87,0.1015,0.0282,46.9925,-0.1626,3.002,SEARCH,0.0000,0.0000,0.0000,0.0005
153966,static,dynamic,46.9260,-0.35,153.97,0.1012,0.0300,47.0269,-0.1630,3.002,SEARCH,0.0000,0.0000,0.0000,0.0005
154066,static,dynamic,46.9606,0.97,154.07,0.1008,0.0311,47.0610,-0.1627,3.002,SEARCH,0.0000,0.0000,0.0000,0.0005
154166,static,dynamic,46.9957,2.30,154.17,0.0997,0.0314,47.0950,-0.1616,3.002,SEARCH,0.0000,0.0000,0.0000,0.0005
154266,static,dynamic,47.0313,3.64,154.27,0.0980,0.0309,47.1289,-0.1597,3.002,SEARCH,0.0000,0.0000,0.0000,0.0005
154366,static,dynamic,47.0662,4.99,154.37,0.0967,0.0302,47.1625,-0.1570,3.002,SEARCH,0.0000,0.0000,0.0000,0.0005
154466,static,dynamic,47.1005,6.33,154.47,0.0958,0.0297,47.1960,-0.1536,3.001,SEARCH,0.0000,0.0000,0.0000,0.0004
154566,static,dynamic,47.1347,7.67,154.57,0.0949,0.0294,47.2292,-0.1494,3.001,SEARCH,0.0000,0.0000,0.0000,0.0004
154666,static,dynamic,47.1686,9.00,154.67,0.0941,0.0296,47.2623,-0.1444,3.001,SEARCH,0.0000,0.0000,0.0000,0.0004
154766,static,dynamic,47.2018,10.31,154.77,0.0936,0.0302,47.2952,-0.1387,3.001,SEARCH,0.0000,0.0000,0.0000,0.0003
154866,static,dynamic,47.2337,11.60,154.87,0.0944,0.0304,47.3279,-0.1322,3.001,SEARCH,0.0000,0.0000,0.0000,0.0003
154966,static,dynamic,47.2645,12.88,154.97,0.0961,0.0301,47.3604,-0.1250,3.001,SEARCH,0.0000,0.0000,0.0000,0.0002
155066,static,dynamic,47.2946,14.04,155.07,0.0983,0.0292,47.3927,-0.1172,3.001,SEARCH,0.0000,0.0000,0.0000,0.0002
155166,static,dynamic,47.3247,14.04,155.17,0.1003,0.0279,47.4248,-0.1092,3.000,SEARCH,0.0000,0.0000,0.0000,0.0001
155266,static,dynamic,47.3541,14.04,155.27,0.1028,0.0259,47.4567,-0.1012,3.000,SEARCH,0.0000,0.0000,0.0000,0.0001
155366,static,dynamic,47.3835,14.04,155.37,0.1050,0.0241,47.4884,-0.0933,3.000,SEARCH,0.0000,0.0000,0.0000,0.0001
155466,static,dynamic,47.4128,14.04,155.47,0.1073,0.0221,47.5199,-0.0854,3.000,SEARCH,0.0000,0.0000,0.0000,0.0000
155566,static,dynamic,47.4422,14.04,155.57,0.1091,0.0204,47.5512,-0.0775,3.000,SEARCH,0.0000,0.0000,0.0000,-0.0000
155666,static,dynamic,47.4714,14.04,155.67,0.1110,0.0188,47.5823,-0.0698,3.000,SEARCH,0.0000,0.0000,0.0000,-0.0000
155766,static,dynamic,47.5009,14.04,155.77,0.1124,0.0177,47.6133,-0.0620,3.000,SEARCH,0.0000,0.0000,0.0000,-0.0001
155866,static,dynamic,47.5305,14.04,155.87,0.1136,0.0168,47.6440,-0.0544,3.000,SEARCH,0.0000,0.0000,0.0000,-0.0001
155966,static,dynamic,47.5601,14.04,155.97,0.1145,0.0160,47.6745,-0.0467,2.999,SEARCH,0.0000,0.0000,0.0000,-0.0002
156066,static,dynamic,47.5895,14.03,156.07,0.1153,0.0152,47.7048,-0.0391,2.999,SEARCH,0.0000,0.0000,0.0000,-0.0002
156166,static,dynamic,47.6189,14.03,156.17,0.1161,0.0147,47.7349,-0.0316,2.999,SEARCH,0.0000,0.0000,0.0000,-0.0002
156266,static,dynamic,47.6477,14.03,156.27,0.1171,0.0146,47.7649,-0.0241,2.999,SEARCH,0.0000,0.0000,0.0000,-0.0003
156366,static,dynamic,47.6763,14.03,156.37,0.1183,0.0148,47.7946,-0.0167,2.999,SEARCH,0.0000,0.0000,0.0000,-0.0002
156466,static,dynamic,47.7044,14.03,156.47,0.1197,0.0153,47.8241,-0.0093,2.999,SEARCH,0.0000,0.0000,0.0000,-0.0002
156566,static,dynamic,47.7327,14.03,156.57,0.1207,0.0155,47.8534,-0.0020,2.999,SEARCH,0.0000,0.0000,0.0000,-0.0002
156666,static,dynamic,47.7614,14.03,156.67,0.1212,0.0156,47.8826,0.0053,2.999,SEARCH,0.0000,0.0000,0.0000,-0.0002
156766,static,dynamic,47.7905,14.03,156.77,0.1210,0.0155,47.9115,0.0125,2.999,SEARCH,0.0000,0.0000,0.0000,-0.0002
156866,static,dynamic,47.8205,14.03,156.87,0.1197,0.0154,47.9402,0.0197,2.999,SEARCH,0.0000,0.0000,0.0000,-0.0003
156966,static,dynamic,47.8510,14.03,156.97,0.1178,0.0152,47.9687,0.0268,2.999,SEARCH,0.0000,0.0000,0.0000,-0.0003
157066,static,dynamic,47.8815,14.03,157.07,0.1156,0.0148,47.9971,0.0339,2.999,SEARCH,0.0000,0.0000,0.0000,-0.0004
157166,static,dynamic,47.9113,14.03,157.17,0.1139,0.0137,48.0252,0.0409,2.999,SEARCH,0.0000,0.0000,0.0000,-0.0004
157266,static,dynamic,47.9407,14.04,157.27,0.1124,0.0119,48.0531,0.0479,2.998,SEARCH,0.0000,0.0000,0.0000,-0.0005
157366,static,dynamic,47.9704,14.04,157.37,0.1105,0.0093,48.0809,0.0549,2.998,SEARCH,0.0000,0.0000,0.0000,-0.0006
157466,static,dynamic,47.9999,14.04,157.47,0.1085,0.0070,48.1084,0.0618,2.998,SEARCH,0.0000,0.0000,0.0000,-0.0007
157566,static,dynamic,48.0294,14.04,157.57,0.1064,0.0052,48.1358,0.0686,2.997,SEARCH,0.0000,0.0000,0.0000,-0.0008
157666,static,dynamic,48.0585,14.04,157.67,0.1045,0.0042,48.1629,0.0754,2.997,SEARCH,0.0000,0.0000,0.0000,-0.0009
157766,static,dynamic,48.0868,14.04,157.77,0.1032,0.0036,48.1899,0.0821,2.997,SEARCH,0.0000,0.0000,0.0000,-0.0009
157866,static,dynamic,48.1147,14.04,157.87,0.1021,0.0028,48.2167,0.0888,2.997,SEARCH,0.0000,0.0000,0.0000,-0.0010
157966,static,dynamic,48.1422,14.04,157.97,0.1012,0.0019,48.2433,0.0955,2.997,SEARCH,0.0000,0.0000,0.0000,-0.0010
158066,static,dynamic,48.1692,14.04,158.07,0.1006,0.0010,48.2697,0.1021,2.997,SEARCH,0.0000,0.0000,0.0000,-0.0010
158166,static,dynamic,48.1956,14.04,158.17,0.1005,-0.0002,48.2959,0.1086,2.997,SEARCH,0.0000,0.0000,0.0000,-0.0010
158266,static,dynamic,48.2214,14.04,158.27,0.1007,-0.0014,48.3219,0.1151,2.997,SEARCH,0.0000,0.0000,0.0000,-0.0010
158366,static,dynamic,48.2471,14.04,158.37,0.1009,-0.0023,48.3478,0.1216,2.997,SEARCH,0.0000,0.0000,0.0000,-0.0010
158466,static,dynamic,48.2723,14.04,158.47,0.1013,-0.0028,48.3735,0.1280,2.997,SEARCH,0.0000,0.0000,0.0000,-0.0009
158566,static,dynamic,48.2969,14.04,158.57,0.1022,-0.0026,48.3990,0.1344,2.997,SEARCH,0.0000,0.0000,0.0000,-0.0009
158666,static,dynamic,48.3209,14.04,158.67,0.1036,-0.0010,48.4243,0.1407,2.997,SEARCH,0.0000,0.0000,0.0000,-0.0009
158766,static,dynamic,48.3443,14.04,158.77,0.1054,0.0011,48.4494,0.1470,2.997,SEARCH,0.0000,0.0000,0.0000,-0.0008
158866,static,dynamic,48.3668,14.03,158.87,0.1078,0.0031,48.4744,0.1532,2.997,SEARCH,0.0000,0.0000,0.0000,-0.0008
158966,static,dynamic,48.3889,14.03,158.97,0.1105,0.0042,48.4992,0.1594,2.998,SEARCH,0.0000,0.0000,0.0000,-0.0007
159066,static,dynamic,48.4109,14.03,159.07,0.1131,0.0040,48.5238,0.1656,2.998,SEARCH,0.0000,0.0000,0.0000,-0.0007
159166,static,dynamic,48.4335,14.04,159.17,0.1151,0.0025,48.5482,0.1717,2.998,SEARCH,0.0000,0.0000,0.0000,-0.0006
159266,static,dynamic,48.4563,14.04,159.27,0.1165,-0.0002,48.5725,0.1778,2.998,SEARCH,0.0000,0.0000,0.0000,-0.0005
159366,static,dynamic,48.4798,14.04,159.37,0.1172,-0.0028,48.5967,0.1838,2.999,SEARCH,0.0000,0.0000,0.0000,-0.0004
159466,static,dynamic,48.5034,14.04,159.47,0.1176,-0.0058,48.6206,0.1898,2.999,SEARCH,0.0000,0.0000,0.0000,-0.0003
159566,static,dynamic,48.5270,14.04,159.57,0.1179,-0.0089,48.6444,0.1958,2.999,SEARCH,0.0000,0.0000,0.0000,-0.0003
159666,static,dynamic,48.5498,13.63,159.67,0.1187,-0.0122,48.6681,0.2016,2.999,SEARCH,0.0000,0.0000,0.0000,-0.0002
159766,static,dynamic,48.5714,11.83,159.77,0.1207,-0.0150,48.6916,0.2068,2.999,SEARCH,0.0000,0.0000,0.0000,-0.0002
159866,static,dynamic,48.5919,9.94,159.87,0.1236,-0.0178,48.7149,0.2111,2.999,SEARCH,0.0000,0.0000,0.0000,-0.0002
159966,static,dynamic,48.6117,7.96,159.97,0.1270,-0.0213,48.7381,0.2147,2.999,SEARCH,0.0000,0.0000,0.0000,-0.0002
160066,static,dynamic,48.6313,5.90,160.07,0.1305,-0.0251,48.7612,0.2173,2.999,SEARCH,0.0000,0.0000,0.0000,-0.0002
160166,static,dynamic,48.6508,3.77,160.17,0.1339,-0.0283,48.7841,0.2191,2.999,SEARCH,0.0000,0.0000,0.0000,-0.0002
160266,static,dynamic,48.6693,1.58,160.27,0.1382,-0.0316,48.8069,0.2200,2.999,SEARCH,0.0000,0.0000,0.0000,-0.0003
160366,static,dynamic,48.6878,-0.67,160.37,0.1424,-0.0340,48.8295,0.2201,2.999,SEARCH,0.0000,0.0000,0.0000,-0.0003
160466,static,dynamic,48.7060,-2.96,160.47,0.1467,-0.0360,48.8520,0.2192,2.999,SEARCH,0.0000,0.0000,0.0000,-0.0003
160566,static,dynamic,48.7252,-5.28,160.57,0.1499,-0.0375,48.8744,0.2175,2.999,SEARCH,0.0000,0.0000,0.0000,-0.0003
160666,static,dynamic,48.7448,-7.62,160.67,0.1525,-0.0389,48.8966,0.2148,2.999,SEARCH,0.0000,0.0000,0.0000,-0.0003
160766,static,dynamic,48.7655,-9.96,160.77,0.1539,-0.0399,48.9187,0.2112,2.999,SEARCH,0.0000,0.0000,0.0000,-0.0003
160866,static,dynamic,48.7873,-12.29,160.87,0.1540,-0.0404,48.9407,0.2067,2.999,SEARCH,0.0000,0.0000,0.0000,-0.0003
160966,static,dynamic,48.8101,-14.04,160.97,0.1531,-0.0402,48.9626,0.2014,2.999,SEARCH,0.0000,0.0000,0.0000,-0.0002
161066,static,dynamic,48.8335,-14.05,161.07,0.1514,-0.0396,48.9844,0.1960,3.000,SEARCH,0.0000,0.0000,0.0000,-0.0001
161166,static,dynamic,48.8574,-14.05,161.17,0.1492,-0.0391,49.0060,0.1906,3.000,SEARCH,0.0000,0.0000,0.0000,-0.0001
161266,static,dynamic,48.8821,-14.05,161.27,0.1460,-0.0387,49.0276,0.1852,3.000,SEARCH,0.0000,0.0000,0.0000,0.0000
161366,static,dynamic,48.9068,-14.05,161.37,0.1427,-0.0386,49.0490,0.1798,3.000,SEARCH,0.0000,0.0000,0.0000,0.0001
161466,static,dynamic,48.9315,-14.05,161.47,0.1393,-0.0392,49.0703,0.1745,3.001,SEARCH,0.0000,0.0000,0.0000,0.0002
161566,static,dynamic,48.9553,-14.05,161.57,0.1367,-0.0402,49.0916,0.1692,3.001,SEARCH,0.0000,0.0000,0.0000,0.0002
161666,static,dynamic,48.9787,-14.04,161.67,0.1344,-0.0418,49.1127,0.1639,3.001,SEARCH,0.0000,0.0000,0.0000,0.0003
161766,static,dynamic,49.0015,-14.04,161.77,0.1327,-0.0442,49.1338,0.1586,3.001,SEARCH,0.0000,0.0000,0.0000,0.0003
161866,static,dynamic,49.0239,-14.04,161.87,0.1312,-0.0466,49.1547,0.1534,3.001,SEARCH,0.0000,0.0000,0.0000,0.0003
161966,static,dynamic,49.0462,-14.03,161.97,0.1298,-0.0491,49.1756,0.1482,3.001,SEARCH,0.0000,0.0000,0.0000,0.0003
162066,static,dynamic,49.0684,-14.03,162.07,0.1284,-0.0515,49.1964,0.1430,3.001,SEARCH,0.0000,0.0000,0.0000,0.0004
162166,static,dynamic,49.0898,-14.03,162.17,0.1278,-0.0537,49.2172,0.1378,3.001,SEARCH,0.0000,0.0000,0.0000,0.0004
162266,static,dynamic,49.1106,-14.03,162.27,0.1276,-0.0559,49.2378,0.1326,3.001,SEARCH,0.0000,0.0000,0.0000,0.0004
162366,static,dynamic,49.1308,-14.03,162.37,0.1279,-0.0576,49.2584,0.1275,3.002,SEARCH,0.0000,0.0000,0.0000,0.0005
162466,static,dynamic,49.1501,-14.03,162.47,0.1291,-0.0589,49.2789,0.1224,3.001,SEARCH,0.0000,0.0000,0.0000,0.0004
162566,static,dynamic,49.1689,-14.03,162.57,0.1307,-0.0595,49.2994,0.1172,3.001,SEARCH,0.0000,0.0000,0.0000,0.0004
162666,static,dynamic,49.1872,-14.03,162.67,0.1329,-0.0588,49.3198,0.1121,3.001,SEARCH,0.0000,0.0000,0.0000,0.0004
162766,static,dynamic,49.2053,-14.04,162.77,0.1350,-0.0569,49.3401,0.1071,3.001,SEARCH,0.0000,0.0000,0.0000,0.0004
162866,static,dynamic,49.2238,-14.04,162.87,0.1369,-0.0541,49.3604,0.1020,3.001,SEARCH,0.0000,0.0000,0.0000,0.0003
162966,static,dynamic,49.2427,-14.04,162.97,0.1381,-0.0512,49.3806,0.0969,3.001,SEARCH,0.0000,0.0000,0.0000,0.0003
163066,static,dynamic,49.2620,-14.05,163.07,0.1390,-0.0479,49.4008,0.0919,3.001,SEARCH,0.0000,0.0000,0.0000,0.0002
163166,static,dynamic,49.2822,-14.05,163.17,0.1390,-0.0453,49.4210,0.0868,3.000,SEARCH,0.0000,0.0000,0.0000,0.0001
163266,static,dynamic,49.3031,-14.05,163.27,0.1382,-0.0436,49.4411,0.0818,3.000,SEARCH,0.0000,0.0000,0.0000,0.0000
163366,static,dynamic,49.3248,-14.04,163.37,0.1366,-0.0426,49.4613,0.0768,3.000,SEARCH,0.0000,0.0000,0.0000,-0.0000
163466,static,dynamic,49.3466,-14.04,163.47,0.1348,-0.0420,49.4813,0.0717,3.000,SEARCH,0.0000,0.0000,0.0000,-0.0001
163566,static,dynamic,49.3678,-14.04,163.57,0.1337,-0.0414,49.5014,0.0667,3.000,SEARCH,0.0000,0.0000,0.0000,-0.0001
163666,static,dynamic,49.3881,-14.04,163.67,0.1334,-0.0406,49.5214,0.0617,3.000,SEARCH,0.0000,0.0000,0.0000,-0.0001
163766,static,dynamic,49.4079,-14.04,163.77,0.1336,-0.0398,49.5414,0.0567,3.000,SEARCH,0.0000,0.0000,0.0000,-0.0001
163866,static,dynamic,49.4272,-14.04,163.87,0.1343,-0.0381,49.5614,0.0517,3.000,SEARCH,0.0000,0.0000,0.0000,-0.0001
163966,static,dynamic,49.4456,-14.04,163.97,0.1359,-0.0356,49.5814,0.0467,3.000,SEARCH,0.0000,0.0000,0.0000,-0.0000
164066,static,dynamic,49.4627,-14.04,164.07,0.1388,-0.0328,49.6014,0.0417,3.000,SEARCH,0.0000,0.0000,0.0000,0.0000
164166,static,dynamic,49.4800,-14.04,164.17,0.1415,-0.0314,49.6214,0.0367,3.000,SEARCH,0.0000,0.0000,0.0000,0.0000
164266,static,dynamic,49.4977,-14.04,164.27,0.1438,-0.0315,49.6415,0.0317,3.000,SEARCH,0.0000,0.0000,0.0000,0.0001
164366,static,dynamic,49.5152,-14.04,164.37,0.1463,-0.0323,49.6615,0.0267,3.000,SEARCH,0.0000,0.0000,0.0000,0.0001
164466,static,dynamic,49.5329,-14.04,164.47,0.1486,-0.0335,49.6815,0.0217,3.000,SEARCH,0.0000,0.0000,0.0000,0.0001
164566,static,dynamic,49.5514,-14.03,164.57,0.1502,-0.0349,49.7015,0.0167,3.000,SEARCH,0.0000,0.0000,0.0000,0.0001
164666,static,dynamic,49.5705,-14.03,164.67,0.1511,-0.0366,49.7216,0.0117,3.001,SEARCH,0.0000,0.0000,0.0000,0.0002
164766,static,dynamic,49.5905,-14.03,164.77,0.1512,-0.0385,49.7417,0.0067,3.001,SEARCH,0.0000,0.0000,0.0000,0.0002
164866,static,dynamic,49.6114,-14.03,164.87,0.1505,-0.0406,49.7618,0.0016,3.001,SEARCH,0.0000,0.0000,0.0000,0.0002
164966,static,dynamic,49.6329,-14.03,164.97,0.1491,-0.0429,49.7820,-0.0034,3.001,SEARCH,0.0000,0.0000,0.0000,0.0003
165066,static,dynamic,49.6547,-14.02,165.07,0.1475,-0.0455,49.8022,-0.0085,3.001,SEARCH,0.0000,0.0000,0.0000,0.0003
165166,static,dynamic,49.6764,-14.02,165.17,0.1461,-0.0475,49.8224,-0.0135,3.001,SEARCH,0.0000,0.0000,0.0000,0.0003
165266,static,dynamic,49.6979,-14.02,165.27,0.1448,-0.0492,49.8427,-0.0186,3.001,SEARCH,0.0000,0.0000,0.0000,0.0003
165366,static,dynamic,49.7201,-14.03,165.37,0.1429,-0.0507,49.8630,-0.0237,3.001,SEARCH,0.0000,0.0000,0.0000,0.0003
165466,static,dynamic,49.7424,-14.03,165.47,0.1410,-0.0514,49.8834,-0.0288,3.001,SEARCH,0.0000,0.0000,0.0000,0.0003
165566,static,dynamic,49.7651,-14.03,165.57,0.1387,-0.0516,49.9038,-0.0339,3.001,SEARCH,0.0000,0.0000,0.0000,0.0003
165666,static,dynamic,49.7877,-14.04,165.67,0.1366,-0.0513,49.9243,-0.0390,3.001,SEARCH,0.0000,0.0000,0.0000,0.0003
165766,static,dynamic,49.8102,-14.04,165.77,0.1347,-0.0511,49.9449,-0.0441,3.001,SEARCH,0.0000,0.0000,0.0000,0.0002
165866,static,dynamic,49.8328,-14.04,165.87,0.1327,-0.0508,49.9655,-0.0493,3.001,SEARCH,0.0000,0.0000,0.0000,0.0002
165966,static,dynamic,49.8552,-14.04,165.97,0.1310,-0.0507,49.9862,-0.0545,3.000,SEARCH,0.0000,0.0000,0.0000,0.0001
166066,static,dynamic,49.8777,-14.05,166.07,0.1293,-0.0508,50.0070,-0.0597,3.000,SEARCH,0.0000,0.0000,0.0000,0.0000
166166,static,dynamic,49.9000,-14.05,166.17,0.1279,-0.0509,50.0279,-0.0649,3.000,SEARCH,0.0000,0.0000,0.0000,-0.0000
166266,static,dynamic,49.9222,-14.04,166.27,0.1267,-0.0510,50.0488,-0.0701,3.000,SEARCH,0.0000,0.0000,0.0000,-0.0001
166366,static,dynamic,49.9444,-14.04,166.37,0.1255,-0.0512,50.0698,-0.0754,2.999,SEARCH,0.0000,0.0000,0.0000,-0.0002
166466,static,dynamic,49.9672,-14.04,166.47,0.1238,-0.0516,50.0910,-0.0807,2.999,SEARCH,0.0000,0.0000,0.0000,-0.0002
166566,static,dynamic,49.9897,-14.04,166.57,0.1225,-0.0525,50.1122,-0.0860,2.999,SEARCH,0.0000,0.0000,0.0000,-0.0002
166666,static,dynamic,50.0120,-14.03,166.67,0.1215,-0.0539,50.1335,-0.0913,2.999,SEARCH,0.0000,0.0000,0.0000,-0.0003
166766,static,dynamic,50.0339,-14.03,166.77,0.1210,-0.0558,50.1549,-0.0966,2.999,SEARCH,0.0000,0.0000,0.0000,-0.0003
166866,static,dynamic,50.0555,-14.03,166.87,0.1209,-0.0580,50.1764,-0.1020,2.999,SEARCH,0.0000,0.0000,0.0000,-0.0003
166966,static,dynamic,50.0765,-14.03,166.97,0.1215,-0.0599,50.1980,-0.1074,2.999,SEARCH,0.0000,0.0000,0.0000,-0.0003
167066,static,dynamic,50.0973,-14.03,167.07,0.1225,-0.0616,50.2197,-0.1129,2.999,SEARCH,0.0000,0.0000,0.0000,-0.0003
167166,static,dynamic,50.1181,-12.90,167.17,0.1235,-0.0629,50.2416,-0.1181,2.999,SEARCH,0.0000,0.0000,0.0000,-0.0004
167266,static,dynamic,50.1391,-10.32,167.27,0.1245,-0.0648,50.2635,-0.1225,2.999,SEARCH,0.0000,0.0000,0.0000,-0.0004
167366,static,dynamic,50.1603,-7.69,167.37,0.1253,-0.0673,50.2856,-0.1258,2.999,SEARCH,0.0000,0.0000,0.0000,-0.0003
167466,static,dynamic,50.1814,-5.04,167.47,0.1264,-0.0707,50.3078,-0.1281,2.999,SEARCH,0.0000,0.0000,0.0000,-0.0003
167566,static,dynamic,50.2030,-2.39,167.57,0.1272,-0.0740,50.3302,-0.1294,2.999,SEARCH,0.0000,0.0000,0.0000,-0.0003
167666,static,dynamic,50.2251,0.25,167.67,0.1276,-0.0773,50.3526,-0.1296,2.999,SEARCH,0.0000,0.0000,0.0000,-0.0002
167766,static,dynamic,50.2475,2.86,167.77,0.1278,-0.0799,50.3752,-0.1289,2.999,SEARCH,0.0000,0.0000,0.0000,-0.0002
167866,static,dynamic,50.2698,5.43,167.87,0.1281,-0.0826,50.3980,-0.1270,3.000,SEARCH,0.0000,0.0000,0.0000,-0.0001
167966,static,dynamic,50.2920,7.93,167.97,0.1288,-0.0848,50.4208,-0.1242,3.000,SEARCH,0.0000,0.0000,0.0000,-0.0001
168066,static,dynamic,50.3137,10.36,168.07,0.1301,-0.0867,50.4438,-0.1203,3.000,SEARCH,0.0000,0.0000,0.0000,-0.0000
168166,static,dynamic,50.3351,12.71,168.17,0.1319,-0.0882,50.4670,-0.1154,3.000,SEARCH,0.0000,0.0000,0.0000,0.0000
168266,static,dynamic,50.3564,14.03,168.27,0.1339,-0.0893,50.4903,-0.1097,3.000,SEARCH,0.0000,0.0000,0.0000,0.0001
168366,static,dynamic,50.3771,14.02,168.37,0.1366,-0.0894,50.5138,-0.1038,3.000,SEARCH,0.0000,0.0000,0.0000,0.0001
168466,static,dynamic,50.3983,14.02,168.47,0.1390,-0.0884,50.5374,-0.0979,3.001,SEARCH,0.0000,0.0000,0.0000,0.0002
168566,static,dynamic,50.4205,14.02,168.57,0.1406,-0.0865,50.5611,-0.0920,3.001,SEARCH,0.0000,0.0000,0.0000,0.0002
168666,static,dynamic,50.4433,14.03,168.67,0.1418,-0.0843,50.5850,-0.0860,3.001,SEARCH,0.0000,0.0000,0.0000,0.0002
168766,static,dynamic,50.4662,14.03,168.77,0.1429,-0.0817,50.6091,-0.0800,3.000,SEARCH,0.0000,0.0000,0.0000,0.0001
168866,static,dynamic,50.4896,14.03,168.87,0.1437,-0.0790,50.6334,-0.0739,3.000,SEARCH,0.0000,0.0000,0.0000,0.0001
168966,static,dynamic,50.5138,14.02,168.97,0.1439,-0.0760,50.6578,-0.0678,3.000,SEARCH,0.0000,0.0000,0.0000,0.0000
169066,static,dynamic,50.5390,14.02,169.07,0.1433,-0.0726,50.6823,-0.0617,3.000,SEARCH,0.0000,0.0000,0.0000,-0.0000
169166,static,dynamic,50.5644,14.02,169.17,0.1427,-0.0695,50.7071,-0.0555,3.000,SEARCH,0.0000,0.0000,0.0000,-0.0000
169266,static,dynamic,50.5902,14.02,169.27,0.1418,-0.0663,50.7320,-0.0492,3.000,SEARCH,0.0000,0.0000,0.0000,-0.0001
169366,static,dynamic,50.6166,14.02,169.37,0.1405,-0.0629,50.7571,-0.0430,3.000,SEARCH,0.0000,0.0000,0.0000,-0.0001
169466,static,dynamic,50.6426,14.02,169.47,0.1398,-0.0598,50.7823,-0.0367,3.000,SEARCH,0.0000,0.0000,0.0000,-0.0001
169566,static,dynamic,50.6679,14.03,169.57,0.1398,-0.0575,50.8078,-0.0303,3.000,SEARCH,0.0000,0.0000,0.0000,-0.0001
169666,static,dynamic,50.6932,14.03,169.67,0.1401,-0.0549,50.8334,-0.0239,3.000,SEARCH,0.0000,0.0000,0.0000,-0.0001
169766,static,dynamic,50.7183,14.04,169.77,0.1409,-0.0528,50.8592,-0.0174,3.000,SEARCH,0.0000,0.0000,0.0000,-0.0001
169866,static,dynamic,50.7434,14.04,169.87,0.1418,-0.0512,50.8852,-0.0109,3.000,SEARCH,0.0000,0.0000,0.0000,-0.0001
169966,static,dynamic,50.7692,14.04,169.97,0.1421,-0.0497,50.9113,-0.0044,3.000,SEARCH,0.0000,0.0000,0.0000,-0.0001
170066,static,dynamic,50.7960,14.05,170.07,0.1417,-0.0481,50.9377,0.0022,3.000,SEARCH,0.0000,0.0000,0.0000,-0.0001
170166,static,dynamic,50.8237,14.05,170.17,0.1405,-0.0471,50.9642,0.0088,3.000,SEARCH,0.0000,0.0000,0.0000,-0.0001
170266,static,dynamic,50.8519,14.05,170.27,0.1391,-0.0464,50.9909,0.0155,3.000,SEARCH,0.0000,0.0000,0.0000,-0.0001
170366,static,dynamic,50.8806,14.05,170.37,0.1373,-0.0463,51.0178,0.0222,3.000,SEARCH,0.0000,0.0000,0.0000,-0.0001
170466,static,dynamic,50.9096,14.05,170.47,0.1354,-0.0470,51.0449,0.0290,3.000,SEARCH,0.0000,0.0000,0.0000,-0.0001
170566,static,dynamic,50.9392,14.05,170.57,0.1331,-0.0479,51.0722,0.0358,3.000,SEARCH,0.0000,0.0000,0.0000,-0.0001
170666,static,dynamic,50.9692,14.05,170.67,0.1306,-0.0490,51.0997,0.0427,3.000,SEARCH,0.0000,0.0000,0.0000,-0.0001
170766,static,dynamic,50.9987,14.04,170.77,0.1288,-0.0500,51.1274,0.0496,3.000,SEARCH,0.0000,0.0000,0.0000,-0.0001
170866,static,dynamic,51.0273,14.04,170.87,0.1281,-0.0508,51.1553,0.0566,3.000,SEARCH,0.0000,0.0000,0.0000,-0.0001
170966,static,dynamic,51.0556,14.04,170.97,0.1279,-0.0514,51.1834,0.0636,3.000,SEARCH,0.0000,0.0000,0.0000,-0.0001
171066,static,dynamic,51.0841,14.04,171.07,0.1277,-0.0522,51.2116,0.0707,3.000,SEARCH,0.0000,0.0000,0.0000,-0.0001
171166,static,dynamic,51.1128,14.04,171.17,0.1275,-0.0536,51.2401,0.0778,3.000,SEARCH,0.0000,0.0000,0.0000,-0.0000
171266,static,dynamic,51.1413,14.04,171.27,0.1277,-0.0552,51.2688,0.0850,3.000,SEARCH,0.0000,0.0000,0.0000,-0.0000
171366,static,dynamic,51.1697,14.04,171.37,0.1282,-0.0566,51.2976,0.0922,3.000,SEARCH,0.0000,0.0000,0.0000,-0.0000
171466,static,dynamic,51.1980,14.04,171.47,0.1289,-0.0576,51.3267,0.0994,3.000,SEARCH,0.0000,0.0000,0.0000,-0.0001
171566,static,dynamic,51.2263,14.04,171.57,0.1299,-0.0583,51.3560,0.1068,3.000,SEARCH,0.0000,0.0000,0.0000,-0.0001
171666,static,dynamic,51.2550,14.04,171.67,0.1308,-0.0590,51.3854,0.1141,2.999,SEARCH,0.0000,0.0000,0.0000,-0.0002
171766,static,dynamic,51.2842,14.04,171.77,0.1312,-0.0595,51.4151,0.1215,2.999,SEARCH,0.0000,0.0000,0.0000,-0.0002
171866,static,dynamic,51.3138,14.03,171.87,0.1315,-0.0599,51.4449,0.1290,2.999,SEARCH,0.0000,0.0000,0.0000,-0.0003
171966,static,dynamic,51.3442,14.03,171.97,0.1312,-0.0602,51.4750,0.1365,2.999,SEARCH,0.0000,0.0000,0.0000,-0.0004
172066,static,dynamic,51.3746,14.03,172.07,0.1311,-0.0607,51.5053,0.1441,2.998,SEARCH,0.0000,0.0000,0.0000,-0.0005
172166,static,dynamic,51.4050,14.03,172.17,0.1312,-0.0614,51.5357,0.1517,2.998,SEARCH,0.0000,0.0000,0.0000,-0.0006
172266,static,dynamic,51.4353,14.03,172.27,0.1315,-0.0615,51.5664,0.1594,2.998,SEARCH,0.0000,0.0000,0.0000,-0.0006
172366,static,dynamic,51.4657,14.03,172.37,0.1321,-0.0606,51.5973,0.1671,2.998,SEARCH,0.0000,0.0000,0.0000,-0.0007
172466,static,dynamic,51.4963,14.03,172.47,0.1326,-0.0587,51.6283,0.1748,2.997,SEARCH,0.0000,0.0000,0.0000,-0.0008
172566,static,dynamic,51.5272,14.03,172.57,0.1329,-0.0568,51.6596,0.1827,2.997,SEARCH,0.0000,0.0000,0.0000,-0.0008
172666,static,dynamic,51.5584,14.03,172.67,0.1332,-0.0541,51.6910,0.1905,2.997,SEARCH,0.0000,0.0000,0.0000,-0.0008
172766,static,dynamic,51.5895,14.03,172.77,0.1338,-0.0514,51.7227,0.1984,2.997,SEARCH,0.0000,0.0000,0.0000,-0.0008
172866,static,dynamic,51.6211,14.03,172.87,0.1340,-0.0488,51.7545,0.2064,2.998,SEARCH,0.0000,0.0000,0.0000,-0.0007
172966,static,dynamic,51.6534,14.03,172.97,0.1339,-0.0465,51.7866,0.2144,2.998,SEARCH,0.0000,0.0000,0.0000,-0.0006
173066,static,dynamic,51.6854,14.03,173.07,0.1341,-0.0453,51.8188,0.2225,2.998,SEARCH,0.0000,0.0000,0.0000,-0.0005
173166,static,dynamic,51.7175,14.03,173.17,0.1345,-0.0447,51.8513,0.2306,2.999,SEARCH,0.0000,0.0000,0.0000,-0.0004
173266,static,dynamic,51.7498,14.03,173.27,0.1349,-0.0440,51.8839,0.2387,2.999,SEARCH,0.0000,0.0000,0.0000,-0.0003
173366,static,dynamic,51.7822,14.03,173.37,0.1353,-0.0430,51.9167,0.2469,2.999,SEARCH,0.0000,0.0000,0.0000,-0.0002
173466,static,dynamic,51.8153,14.04,173.47,0.1353,-0.0420,51.9497,0.2552,3.000,SEARCH,0.0000,0.0000,0.0000,-0.0001
173566,static,dynamic,51.8492,14.04,173.57,0.1347,-0.0407,51.9829,0.2635,3.000,SEARCH,0.0000,0.0000,0.0000,-0.0000
173666,static,dynamic,51.8835,14.04,173.67,0.1338,-0.0390,52.0163,0.2718,3.000,SEARCH,0.0000,0.0000,0.0000,0.0001
173766,static,dynamic,51.9181,14.04,173.77,0.1327,-0.0378,52.0499,0.2802,3.000,SEARCH,0.0000,0.0000,0.0000,0.0001
173866,static,dynamic,51.9537,14.04,173.87,0.1310,-0.0368,52.0837,0.2887,3.000,SEARCH,0.0000,0.0000,0.0000,0.0001
173966,static,dynamic,51.9892,14.04,173.97,0.1295,-0.0365,52.1176,0.2972,3.000,SEARCH,0.0000,0.0000,0.0000,0.0001
174066,static,dynamic,52.0249,14.04,174.07,0.1279,-0.0367,52.1518,0.3057,3.000,SEARCH,0.0000,0.0000,0.0000,0.0000
174166,static,dynamic,52.0602,14.04,174.17,0.1270,-0.0372,52.1861,0.3143,3.000,SEARCH,0.0000,0.0000,0.0000,0.0000
174266,static,dynamic,52.0953,13.23,174.27,0.1265,-0.0380,52.2206,0.3227,3.000,SEARCH,0.0000,0.0000,0.0000,-0.0000
174366,static,dynamic,52.1298,11.70,174.37,0.1268,-0.0386,52.2552,0.3302,3.000,SEARCH,0.0000,0.0000,0.0000,-0.0001
174466,static,dynamic,52.1632,10.16,174.47,0.1283,-0.0393,52.2901,0.3367,2.999,SEARCH,0.0000,0.0000,0.0000,-0.0002
174566,static,dynamic,52.1948,8.61,174.57,0.1317,-0.0398,52.3251,0.3424,2.999,SEARCH,0.0000,0.0000,0.0000,-0.0002
174666,static,dynamic,52.2252,7.06,174.67,0.1365,-0.0401,52.3603,0.3471,2.999,SEARCH,0.0000,0.0000,0.0000,-0.0003
174766,static,dynamic,52.2546,5.51,174.77,0.1425,-0.0397,52.3957,0.3508,2.999,SEARCH,0.0000,0.0000,0.0000,-0.0003
174866,static,dynamic,52.2846,3.97,174.87,0.1481,-0.0383,52.4312,0.3536,2.999,SEARCH,0.0000,0.0000,0.0000,-0.0004
174966,static,dynamic,52.3166,2.44,174.97,0.1517,-0.0363,52.4669,0.3554,2.999,SEARCH,0.0000,0.0000,0.0000,-0.0004
175066,static,dynamic,52.3504,0.91,175.07,0.1538,-0.0341,52.5028,0.3563,2.998,SEARCH,0.0000,0.0000,0.0000,-0.0005
175166,static,dynamic,52.3857,-0.58,175.17,0.1545,-0.0319,52.5388,0.3563,2.998,SEARCH,0.0000,0.0000,0.0000,-0.0005
175266,static,dynamic,52.4222,-2.05,175.27,0.1542,-0.0304,52.5750,0.3553,2.999,SEARCH,0.0000,0.0000,0.0000,-0.0004
175366,static,dynamic,52.4591,-3.49,175.37,0.1536,-0.0290,52.6113,0.3534,2.999,SEARCH,0.0000,0.0000,0.0000,-0.0004
175466,static,dynamic,52.4962,-4.89,175.47,0.1530,-0.0280,52.6478,0.3506,2.999,SEARCH,0.0000,0.0000,0.0000,-0.0003
175566,static,dynamic,52.5329,-6.25,175.57,0.1529,-0.0266,52.6844,0.3468,2.999,SEARCH,0.0000,0.0000,0.0000,-0.0003
175666,static,dynamic,52.5689,-7.58,175.67,0.1536,-0.0253,52.7212,0.3422,2.999,SEARCH,0.0000,0.0000,0.0000,-0.0003
175766,static,dynamic,52.6044,-8.86,175.77,0.1550,-0.0238,52.7582,0.3368,2.999,SEARCH,0.0000,0.0000,0.0000,-0.0003
175866,static,dynamic,52.6398,-10.10,175.87,0.1566,-0.0227,52.7952,0.3304,2.999,SEARCH,0.0000,0.0000,0.0000,-0.0003
175966,static,dynamic,52.6754,-11.28,175.97,0.1581,-0.0216,52.8325,0.3233,2.999,SEARCH,0.0000,0.0000,0.0000,-0.0003
176066,static,dynamic,52.7109,-12.42,176.07,0.1600,-0.0202,52.8698,0.3153,2.999,SEARCH,0.0000,0.0000,0.0000,-0.0003
176166,static,dynamic,52.7467,-13.51,176.17,0.1616,-0.0186,52.9073,0.3065,2.999,SEARCH,0.0000,0.0000,0.0000,-0.0004
176266,static,dynamic,52.7833,-14.04,176.27,0.1625,-0.0169,52.9449,0.2972,2.999,SEARCH,0.0000,0.0000,0.0000,-0.0004
176366,static,dynamic,52.8209,-14.03,176.37,0.1626,-0.0154,52.9827,0.2877,2.999,SEARCH,0.0000,0.0000,0.0000,-0.0004
176466,static,dynamic,52.8588,-14.04,176.47,0.1625,-0.0137,53.0205,0.2783,2.999,SEARCH,0.0000,0.0000,0.0000,-0.0004
176566,static,dynamic,52.8968,-14.04,176.57,0.1625,-0.0121,53.0585,0.2688,2.999,SEARCH,0.0000,0.0000,0.0000,-0.0004
176666,static,dynamic,52.9346,-14.04,176.67,0.1627,-0.0106,53.0966,0.2592,2.999,SEARCH,0.0000,0.0000,0.0000,-0.0004
176766,static,dynamic,52.9726,-14.04,176.77,0.1629,-0.0098,53.1349,0.2497,2.999,SEARCH,0.0000,0.0000,0.0000,-0.0004
176866,static,dynamic,53.0114,-14.04,176.87,0.1623,-0.0099,53.1732,0.2401,2.998,SEARCH,0.0000,0.0000,0.0000,-0.0005
176966,static,dynamic,53.0510,-14.04,176.97,0.1612,-0.0105,53.2116,0.2305,2.998,SEARCH,0.0000,0.0000,0.0000,-0.0005
177066,static,dynamic,53.0910,-14.04,177.07,0.1597,-0.0114,53.2502,0.2209,2.998,SEARCH,0.0000,0.0000,0.0000,-0.0006
177166,static,dynamic,53.1316,-14.03,177.17,0.1577,-0.0123,53.2889,0.2112,2.998,SEARCH,0.0000,0.0000,0.0000,-0.0007
177266,static,dynamic,53.1725,-14.04,177.27,0.1556,-0.0126,53.3276,0.2015,2.997,SEARCH,0.0000,0.0000,0.0000,-0.0008
177366,static,dynamic,53.2139,-14.04,177.37,0.1529,-0.0127,53.3665,0.1918,2.997,SEARCH,0.0000,0.0000,0.0000,-0.0008
177466,static,dynamic,53.2560,-14.04,177.47,0.1498,-0.0127,53.4054,0.1821,2.997,SEARCH,0.0000,0.0000,0.0000,-0.0009
177566,static,dynamic,53.2982,-14.04,177.57,0.1465,-0.0122,53.4444,0.1723,2.997,SEARCH,0.0000,0.0000,0.0000,-0.0009
177666,static,dynamic,53.3400,-14.04,177.67,0.1438,-0.0113,53.4835,0.1625,2.997,SEARCH,0.0000,0.0000,0.0000,-0.0008
177766,static,dynamic,53.3821,-14.04,177.77,0.1409,-0.0100,53.5227,0.1527,2.997,SEARCH,0.0000,0.0000,0.0000,-0.0008
177866,static,dynamic,53.4243,-14.04,177.87,0.1379,-0.0089,53.5620,0.1429,2.998,SEARCH,0.0000,0.0000,0.0000,-0.0007
177966,static,dynamic,53.4669,-14.04,177.97,0.1346,-0.0083,53.6013,0.1331,2.998,SEARCH,0.0000,0.0000,0.0000,-0.0005
178066,static,dynamic,53.5092,-14.04,178.07,0.1317,-0.0085,53.6408,0.1232,2.999,SEARCH,0.0000,0.0000,0.0000,-0.0004
178166,static,dynamic,53.5503,-14.04,178.17,0.1301,-0.0092,53.6802,0.1133,2.999,SEARCH,0.0000,0.0000,0.0000,-0.0003
178266,static,dynamic,53.5903,-14.04,178.27,0.1296,-0.0098,53.7198,0.1035,2.999,SEARCH,0.0000,0.0000,0.0000,-0.0003
178366,static,dynamic,53.6297,-14.04,178.37,0.1297,-0.0101,53.7594,0.0936,2.999,SEARCH,0.0000,0.0000,0.0000,-0.0002
178466,static,dynamic,53.6689,-14.03,178.47,0.1302,-0.0101,53.7990,0.0836,3.000,SEARCH,0.0000,0.0000,0.0000,-0.0001
178566,static,dynamic,53.7086,-14.03,178.57,0.1302,-0.0100,53.8387,0.0737,3.000,SEARCH,0.0000,0.0000,0.0000,-0.0000
178666,static,dynamic,53.7490,-14.03,178.67,0.1295,-0.0100,53.8785,0.0638,3.000,SEARCH,0.0000,0.0000,0.0000,0.0001
178766,static,dynamic,53.7905,-14.03,178.77,0.1278,-0.0105,53.9183,0.0538,3.000,SEARCH,0.0000,0.0000,0.0000,0.0001
178866,static,dynamic,53.8331,-14.03,178.87,0.1250,-0.0112,53.9581,0.0439,3.001,SEARCH,0.0000,0.0000,0.0000,0.0002
178966,static,dynamic,53.8758,-14.03,178.97,0.1222,-0.0115,53.9980,0.0339,3.001,SEARCH,0.0000,0.0000,0.0000,0.0003
179066,static,dynamic,53.9189,-14.03,179.07,0.1190,-0.0116,54.0379,0.0239,3.001,SEARCH,0.0000,0.0000,0.0000,0.0004
179166,static,dynamic,53.9616,-14.03,179.17,0.1162,-0.0121,54.0778,0.0140,3.001,SEARCH,0.0000,0.0000,0.0000,0.0004
179266,static,dynamic,54.0040,-14.03,179.27,0.1137,-0.0132,54.1177,0.0040,3.002,SEARCH,0.0000,0.0000,0.0000,0.0005
179366,static,dynamic,54.0455,-14.03,179.37,0.1122,-0.0140,54.1577,-0.0060,3.002,SEARCH,0.0000,0.0000,0.0000,0.0005
179466,static,dynamic,54.0863,-14.03,179.47,0.1114,-0.0146,54.1977,-0.0160,3.002,SEARCH,0.0000,0.0000,0.0000,0.0005
179566,static,dynamic,54.1262,-14.03,179.57,0.1115,-0.0148,54.2377,-0.0260,3.002,SEARCH,0.0000,0.0000,0.0000,0.0005
179666,static,dynamic,54.1650,-14.03,179.67,0.1126,-0.0152,54.2777,-0.0360,3.002,SEARCH,0.0000,0.0000,0.0000,0.0005
179766,static,dynamic,54.2025,-14.03,179.77,0.1151,-0.0156,54.3177,-0.0460,3.002,SEARCH,0.0000,0.0000,0.0000,0.0005
179866,static,dynamic,54.2391,-14.04,179.87,0.1186,-0.0160,54.3577,-0.0560,3.002,SEARCH,0.0000,0.0000,0.0000,0.0005
179966,static,dynamic,54.2753,-14.04,179.97,0.1223,-0.0169,54.3976,-0.0660,3.001,SEARCH,0.0000,0.0000,0.0000,0.0004
180066,static,dynamic,54.3121,-14.04,180.07,0.1255,-0.0175,54.4376,-0.0760,3.001,SEARCH,0.0000,0.0000,0.0000,0.0003
180166,static,dynamic,54.3495,-14.04,180.17,0.1282,-0.0182,54.4776,-0.0860,3.001,SEARCH,0.0000,0.0000,0.0000,0.0002
180266,static,dynamic,54.3873,-14.04,180.27,0.1303,-0.0186,54.5176,-0.0960,3.000,SEARCH,0.0000,0.0000,0.0000,0.0001
180366,static,dynamic,54.4257,-14.04,180.37,0.1319,-0.0186,54.5575,-0.1060,3.000,SEARCH,0.0000,0.0000,0.0000,0.0000
180466,static,dynamic,54.4640,-14.04,180.47,0.1335,-0.0188,54.5974,-0.1159,3.000,SEARCH,0.0000,0.0000,0.0000,-0.0000
180566,static,dynamic,54.5024,-13.13,180.57,0.1349,-0.0196,54.6373,-0.1255,3.000,SEARCH,0.0000,0.0000,0.0000,-0.0001
180666,static,dynamic,54.5411,-12.17,180.67,0.1361,-0.0204,54.6771,-0.1343,2.999,SEARCH,0.0000,0.0000,0.0000,-0.0002
180766,static,dynamic,54.5803,-11.19,180.77,0.1368,-0.0208,54.7169,-0.1424,2.999,SEARCH,0.0000,0.0000,0.0000,-0.0003
180866,static,dynamic,54.6197,-10.17,180.87,0.1372,-0.0204,54.7567,-0.1498,2.999,SEARCH,0.0000,0.0000,0.0000,-0.0003
180966,static,dynamic,54.6590,-9.14,180.97,0.1376,-0.0190,54.7964,-0.1564,2.999,SEARCH,0.0000,0.0000,0.0000,-0.0004
181066,static,dynamic,54.6984,-8.08,181.07,0.1379,-0.0171,54.8361,-0.1623,2.999,SEARCH,0.0000,0.0000,0.0000,-0.0004
181166,static,dynamic,54.7377,-7.01,181.17,0.1382,-0.0149,54.8757,-0.1674,2.999,SEARCH,0.0000,0.0000,0.0000,-0.0004
181266,static,dynamic,54.7774,-5.91,181.27,0.1382,-0.0131,54.9153,-0.1718,2.999,SEARCH,0.0000,0.0000,0.0000,-0.0003
181366,static,dynamic,54.8178,-4.80,181.37,0.1373,-0.0119,54.9548,-0.1753,2.999,SEARCH,0.0000,0.0000,0.0000,-0.0002
181466,static,dynamic,54.8584,-3.67,181.47,0.1361,-0.0112,54.9942,-0.1781,2.999,SEARCH,0.0000,0.0000,0.0000,-0.0002
181566,static,dynamic,54.8985,-2.54,181.57,0.1353,-0.0111,55.0336,-0.1801,2.999,SEARCH,0.0000,0.0000,0.0000,-0.0002
181666,static,dynamic,54.9385,-1.40,181.67,0.1347,-0.0106,55.0729,-0.1813,2.999,SEARCH,0.0000,0.0000,0.0000,-0.0002
181766,static,dynamic,54.9775,-0.25,181.77,0.1349,-0.0102,55.1121,-0.1818,3.000,SEARCH,0.0000,0.0000,0.0000,-0.0001
181866,static,dynamic,55.0160,0.89,181.87,0.1356,-0.0101,55.1513,-0.1814,3.000,SEARCH,0.0000,0.0000,0.0000,-0.0001
181966,static,dynamic,55.0544,2.03,181.97,0.1362,-0.0099,55.1904,-0.1803,3.000,SEARCH,0.0000,0.0000,0.0000,-0.0001
182066,static,dynamic,55.0926,3.16,182.07,0.1370,-0.0097,55.2293,-0.1784,3.000,SEARCH,0.0000,0.0000,0.0000,-0.0001
182166,static,dynamic,55.1308,4.28,182.17,0.1377,-0.0090,55.2682,-0.1758,3.000,SEARCH,0.0000,0.0000,0.0000,-0.0001
182266,static,dynamic,55.1685,5.38,182.27,0.1388,-0.0078,55.3070,-0.1724,3.000,SEARCH,0.0000,0.0000,0.0000,0.0000
182366,static,dynamic,55.2057,6.47,182.37,0.1403,-0.0068,55.3457,-0.1682,3.000,SEARCH,0.0000,0.0000,0.0000,0.0001
182466,static,dynamic,55.2418,7.54,182.47,0.1427,-0.0065,55.3843,-0.1634,3.001,SEARCH,0.0000,0.0000,0.0000,0.0002
182566,static,dynamic,55.2770,8.58,182.57,0.1460,-0.0071,55.4228,-0.1578,3.001,SEARCH,0.0000,0.0000,0.0000,0.0002
182666,static,dynamic,55.3124,9.60,182.67,0.1490,-0.0076,55.4612,-0.1515,3.001,SEARCH,0.0000,0.0000,0.0000,0.0003
182766,static,dynamic,55.3486,10.60,182.77,0.1511,-0.0083,55.4995,-0.1446,3.001,SEARCH,0.0000,0.0000,0.0000,0.0003
182866,static,dynamic,55.3858,11.56,182.87,0.1520,-0.0096,55.5377,-0.1370,3.001,SEARCH,0.0000,0.0000,0.0000,0.0003
182966,static,dynamic,55.4237,12.50,182.97,0.1522,-0.0114,55.5757,-0.1288,3.001,SEARCH,0.0000,0.0000,0.0000,0.0003
183066,static,dynamic,55.4621,13.40,183.07,0.1517,-0.0133,55.6136,-0.1200,3.001,SEARCH,0.0000,0.0000,0.0000,0.0003
183166,static,dynamic,55.5010,14.04,183.17,0.1505,-0.0149,55.6514,-0.1106,3.001,SEARCH,0.0000,0.0000,0.0000,0.0003
183266,static,dynamic,55.5405,14.03,183.27,0.1487,-0.0166,55.6891,-0.1012,3.001,SEARCH,0.0000,0.0000,0.0000,0.0003
183366,static,dynamic,55.5799,14.03,183.37,0.1469,-0.0183,55.7267,-0.0918,3.001,SEARCH,0.0000,0.0000,0.0000,0.0003
183466,static,dynamic,55.6188,14.03,183.47,0.1454,-0.0198,55.7641,-0.0825,3.001,SEARCH,0.0000,0.0000,0.0000,0.0003
183566,static,dynamic,55.6573,14.03,183.57,0.1441,-0.0205,55.8014,-0.0731,3.001,SEARCH,0.0000,0.0000,0.0000,0.0003
183666,static,dynamic,55.6955,14.03,183.67,0.1430,-0.0202,55.8385,-0.0639,3.001,SEARCH,0.0000,0.0000,0.0000,0.0003
183766,static,dynamic,55.7331,14.02,183.77,0.1424,-0.0190,55.8755,-0.0546,3.001,SEARCH,0.0000,0.0000,0.0000,0.0003
183866,static,dynamic,55.7699,14.02,183.87,0.1425,-0.0168,55.9124,-0.0454,3.001,SEARCH,0.0000,0.0000,0.0000,0.0004
183966,static,dynamic,55.8062,14.02,183.97,0.1428,-0.0139,55.9491,-0.0362,3.001,SEARCH,0.0000,0.0000,0.0000,0.0004
184066,static,dynamic,55.8421,14.02,184.07,0.1435,-0.0108,55.9856,-0.0271,3.001,SEARCH,0.0000,0.0000,0.0000,0.0004
184166,static,dynamic,55.8774,14.02,184.17,0.1446,-0.0075,56.0220,-0.0180,3.001,SEARCH,0.0000,0.0000,0.0000,0.0004
184266,static,dynamic,55.9125,14.02,184.27,0.1458,-0.0041,56.0583,-0.0089,3.001,SEARCH,0.0000,0.0000,0.0000,0.0003
184366,static,dynamic,55.9481,14.03,184.37,0.1463,-0.0005,56.0944,0.0001,3.001,SEARCH,0.0000,0.0000,0.0000,0.0003
184466,static,dynamic,55.9840,14.03,184.47,0.1464,0.0025,56.1303,0.0091,3.001,SEARCH,0.0000,0.0000,0.0000,0.0002
184566,static,dynamic,56.0200,14.03,184.57,0.1461,0.0041,56.1661,0.0180,3.001,SEARCH,0.0000,0.0000,0.0000,0.0002
184666,static,dynamic,56.0567,14.03,184.67,0.1450,0.0046,56.2017,0.0269,3.000,SEARCH,0.0000,0.0000,0.0000,0.0001
184766,static,dynamic,56.0944,14.04,184.77,0.1428,0.0043,56.2371,0.0358,3.000,SEARCH,0.0000,0.0000,0.0000,0.0000
184866,static,dynamic,56.1330,14.04,184.87,0.1395,0.0038,56.2724,0.0446,3.000,SEARCH,0.0000,0.0000,0.0000,-0.0000
184966,static,dynamic,56.1715,14.04,184.97,0.1360,0.0027,56.3075,0.0534,3.000,SEARCH,0.0000,0.0000,0.0000,-0.0001
185066,static,dynamic,56.2101,14.05,185.07,0.1324,0.0013,56.3424,0.0621,3.000,SEARCH,0.0000,0.0000,0.0000,-0.0000
185166,static,dynamic,56.2493,14.05,185.17,0.1279,-0.0003,56.3772,0.0708,3.000,SEARCH,0.0000,0.0000,0.0000,-0.0000
185266,static,dynamic,56.2890,14.05,185.27,0.1228,-0.0015,56.4118,0.0795,3.000,SEARCH,0.0000,0.0000,0.0000,0.0000
185366,static,dynamic,56.3287,14.04,185.37,0.1175,-0.0025,56.4462,0.0881,3.000,SEARCH,0.0000,0.0000,0.0000,0.0000
185466,static,dynamic,56.3687,14.04,185.47,0.1118,-0.0034,56.4804,0.0966,3.000,SEARCH,0.0000,0.0000,0.0000,0.0000
185566,static,dynamic,56.4077,14.04,185.57,0.1068,-0.0038,56.5144,0.1051,3.000,SEARCH,0.0000,0.0000,0.0000,0.0001
185666,static,dynamic,56.4464,14.04,185.67,0.1020,-0.0034,56.5483,0.1136,3.000,SEARCH,0.0000,0.0000,0.0000,0.0000
185766,static,dynamic,56.4840,14.04,185.77,0.0980,-0.0024,56.5819,0.1220,3.000,SEARCH,0.0000,0.0000,0.0000,0.0000
185866,static,dynamic,56.5206,14.04,185.87,0.0950,-0.0014,56.6154,0.1304,3.000,SEARCH,0.0000,0.0000,0.0000,-0.0000
185966,static,dynamic,56.5556,14.03,185.97,0.0933,-0.0007,56.6487,0.1387,3.000,SEARCH,0.0000,0.0000,0.0000,-0.0001
186066,static,dynamic,56.5905,14.03,186.07,0.0915,0.0001,56.6818,0.1470,3.000,SEARCH,0.0000,0.0000,0.0000,-0.0001
186166,static,dynamic,56.6251,14.03,186.17,0.0899,0.0011,56.7147,0.1552,2.999,SEARCH,0.0000,0.0000,0.0000,-0.0002
186266,static,dynamic,56.6590,14.03,186.27,0.0887,0.0022,56.7474,0.1634,2.999,SEARCH,0.0000,0.0000,0.0000,-0.0003
186366,static,dynamic,56.6922,14.04,186.37,0.0880,0.0032,56.7800,0.1715,2.999,SEARCH,0.0000,0.0000,0.0000,-0.0003
186466,static,dynamic,56.7251,14.04,186.47,0.0875,0.0044,56.8123,0.1796,2.999,SEARCH,0.0000,0.0000,0.0000,-0.0003
186566,static,dynamic,56.7573,14.04,186.57,0.0874,0.0062,56.8444,0.1876,2.999,SEARCH,0.0000,0.0000,0.0000,-0.0003
186666,static,dynamic,56.7891,14.04,186.67,0.0876,0.0083,56.8764,0.1956,2.999,SEARCH,0.0000,0.0000,0.0000,-0.0003
186766,static,dynamic,56.8204,14.04,186.77,0.0881,0.0099,56.9081,0.2036,2.999,SEARCH,0.0000,0.0000,0.0000,-0.0002
186866,static,dynamic,56.8514,13.21,186.87,0.0887,0.0108,56.9397,0.2112,2.999,SEARCH,0.0000,0.0000,0.0000,-0.0002
186966,static,dynamic,56.8824,12.13,186.97,0.0890,0.0107,56.9710,0.2181,3.000,SEARCH,0.0000,0.0000,0.0000,-0.0001
187066,static,dynamic,56.9136,10.99,187.07,0.0889,0.0101,57.0022,0.2244,3.000,SEARCH,0.0000,0.0000,0.0000,-0.0000
187166,static,dynamic,56.9450,9.79,187.17,0.0885,0.0087,57.0331,0.2299,3.000,SEARCH,0.0000,0.0000,0.0000,0.0001
187266,static,dynamic,56.9760,8.53,187.27,0.0884,0.0062,57.0639,0.2348,3.001,SEARCH,0.0000,0.0000,0.0000,0.0002
187366,static,dynamic,57.0063,7.22,187.37,0.0886,0.0032,57.0944,0.2389,3.001,SEARCH,0.0000,0.0000,0.0000,0.0003
187466,static,dynamic,57.0365,5.86,187.47,0.0888,-0.0003,57.1248,0.2423,3.001,SEARCH,0.0000,0.0000,0.0000,0.0004
187566,static,dynamic,57.0667,4.44,187.57,0.0888,-0.0031,57.1549,0.2448,3.001,SEARCH,0.0000,0.0000,0.0000,0.0004
187666,static,dynamic,57.0968,2.98,187.67,0.0886,-0.0061,57.1849,0.2467,3.002,SEARCH,0.0000,0.0000,0.0000,0.0005
187766,static,dynamic,57.1269,1.48,187.77,0.0883,-0.0091,57.2146,0.2477,3.002,SEARCH,0.0000,0.0000,0.0000,0.0006
187866,static,dynamic,57.1569,-0.06,187.87,0.0878,-0.0122,57.2442,0.2479,3.003,SEARCH,0.0000,0.0000,0.0000,0.0008
187966,static,dynamic,57.1866,-1.64,187.97,0.0875,-0.0145,57.2736,0.2473,3.003,SEARCH,0.0000,0.0000,0.0000,0.0008
188066,static,dynamic,57.2160,-3.24,188.07,0.0873,-0.0165,57.3027,0.2460,3.003,SEARCH,0.0000,0.0000,0.0000,0.0009
188166,static,dynamic,57.2447,-4.87,188.17,0.0876,-0.0179,57.3317,0.2438,3.003,SEARCH,0.0000,0.0000,0.0000,0.0009
188266,static,dynamic,57.2727,-6.51,188.27,0.0883,-0.0181,57.3604,0.2408,3.003,SEARCH,0.0000,0.0000,0.0000,0.0009
188366,static,dynamic,57.3005,-8.16,188.37,0.0891,-0.0177,57.3890,0.2370,3.003,SEARCH,0.0000,0.0000,0.0000,0.0009
188466,static,dynamic,57.3285,-9.81,188.47,0.0894,-0.0171,57.4173,0.2323,3.003,SEARCH,0.0000,0.0000,0.0000,0.0009
188566,static,dynamic,57.3564,-11.46,188.57,0.0897,-0.0171,57.4455,0.2269,3.003,SEARCH,0.0000,0.0000,0.0000,0.0009
188666,static,dynamic,57.3839,-13.10,188.67,0.0900,-0.0170,57.4735,0.2207,3.003,SEARCH,0.0000,0.0000,0.0000,0.0010
188766,static,dynamic,57.4115,-14.05,188.77,0.0902,-0.0168,57.5012,0.2138,3.003,SEARCH,0.0000,0.0000,0.0000,0.0010
188866,static,dynamic,57.4394,-14.05,188.87,0.0899,-0.0165,57.5288,0.2069,3.003,SEARCH,0.0000,0.0000,0.0000,0.0010
188966,static,dynamic,57.4673,-14.04,188.97,0.0893,-0.0159,57.5562,0.2001,3.003,SEARCH,0.0000,0.0000,0.0000,0.0010
189066,static,dynamic,57.4950,-14.04,189.07,0.0888,-0.0153,57.5834,0.1933,3.003,SEARCH,0.0000,0.0000,0.0000,0.0010
189166,static,dynamic,57.5220,-14.04,189.17,0.0887,-0.0146,57.6104,0.1865,3.003,SEARCH,0.0000,0.0000,0.0000,0.0010
189266,static,dynamic,57.5481,-14.04,189.27,0.0894,-0.0138,57.6372,0.1798,3.003,SEARCH,0.0000,0.0000,0.0000,0.0009
189366,static,dynamic,57.5736,-14.04,189.37,0.0905,-0.0128,57.6638,0.1732,3.003,SEARCH,0.0000,0.0000,0.0000,0.0009
189466,static,dynamic,57.5988,-14.04,189.47,0.0917,-0.0119,57.6903,0.1666,3.003,SEARCH,0.0000,0.0000,0.0000,0.0008
189566,static,dynamic,57.6242,-14.03,189.57,0.0926,-0.0115,57.7165,0.1600,3.003,SEARCH,0.0000,0.0000,0.0000,0.0008
189666,static,dynamic,57.6495,-14.03,189.67,0.0933,-0.0120,57.7426,0.1535,3.002,SEARCH,0.0000,0.0000,0.0000,0.0007
189766,static,dynamic,57.6746,-14.03,189.77,0.0941,-0.0136,57.7685,0.1470,3.002,SEARCH,0.0000,0.0000,0.0000,0.0007
189866,static,dynamic,57.6990,-14.03,189.87,0.0954,-0.0159,57.7942,0.1406,3.002,SEARCH,0.0000,0.0000,0.0000,0.0006
189966,static,dynamic,57.7234,-14.03,189.97,0.0965,-0.0180,57.8197,0.1342,3.002,SEARCH,0.0000,0.0000,0.0000,0.0006
190066,static,dynamic,57.7478,-14.03,190.07,0.0974,-0.0206,57.8450,0.1279,3.002,SEARCH,0.0000,0.0000,0.0000,0.0005
190166,static,dynamic,57.7726,-14.03,190.17,0.0978,-0.0235,57.8702,0.1216,3.001,SEARCH,0.0000,0.0000,0.0000,0.0004
190266,static,dynamic,57.7980,-14.03,190.27,0.0973,-0.0268,57.8952,0.1153,3.001,SEARCH,0.0000,0.0000,0.0000,0.0003
190366,static,dynamic,57.8240,-14.03,190.37,0.0961,-0.0292,57.9200,0.1091,3.001,SEARCH,0.0000,0.0000,0.0000,0.0002
190466,static,dynamic,57.8500,-14.03,190.47,0.0948,-0.0307,57.9446,0.1030,3.000,SEARCH,0.0000,0.0000,0.0000,0.0001
190566,static,dynamic,57.8759,-14.04,190.57,0.0934,-0.0315,57.9691,0.0969,3.000,SEARCH,0.0000,0.0000,0.0000,-0.0000
190666,static,dynamic,57.9013,-14.04,190.67,0.0923,-0.0316,57.9934,0.0908,3.000,SEARCH,0.0000,0.0000,0.0000,-0.0001
190766,static,dynamic,57.9265,-14.04,190.77,0.0912,-0.0311,58.0176,0.0847,2.999,SEARCH,0.0000,0.0000,0.0000,-0.0002
190866,static,dynamic,57.9512,-14.04,190.87,0.0905,-0.0306,58.0416,0.0787,2.999,SEARCH,0.0000,0.0000,0.0000,-0.0003
190966,static,dynamic,57.9757,-14.05,190.97,0.0898,-0.0297,58.0654,0.0728,2.999,SEARCH,0.0000,0.0000,0.0000,-0.0003
191066,static,dynamic,57.9998,-14.05,191.07,0.0894,-0.0275,58.0891,0.0669,2.999,SEARCH,0.0000,0.0000,0.0000,-0.0004
191166,static,dynamic,58.0234,-14.05,191.17,0.0893,-0.0243,58.1126,0.0610,2.998,SEARCH,0.0000,0.0000,0.0000,-0.0005
191266,static,dynamic,58.0465,-14.05,191.27,0.0896,-0.0207,58.1360,0.0551,2.998,SEARCH,0.0000,0.0000,0.0000,-0.0006
191366,static,dynamic,58.0695,-14.05,191.37,0.0897,-0.0168,58.1592,0.0493,2.998,SEARCH,0.0000,0.0000,0.0000,-0.0006
191466,static,dynamic,58.0930,-14.05,191.47,0.0894,-0.0129,58.1823,0.0436,2.998,SEARCH,0.0000,0.0000,0.0000,-0.0007
191566,static,dynamic,58.1165,-14.04,191.57,0.0888,-0.0087,58.2052,0.0378,2.998,SEARCH,0.0000,0.0000,0.0000,-0.0007
191666,static,dynamic,58.1398,-14.04,191.67,0.0882,-0.0048,58.2280,0.0321,2.998,SEARCH,0.0000,0.0000,0.0000,-0.0007
191766,static,dynamic,58.1625,-14.04,191.77,0.0882,-0.0018,58.2507,0.0265,2.998,SEARCH,0.0000,0.0000,0.0000,-0.0007
191866,static,dynamic,58.1849,-14.04,191.87,0.0883,0.0010,58.2732,0.0208,2.998,SEARCH,0.0000,0.0000,0.0000,-0.0007
191966,static,dynamic,58.2070,-14.04,191.97,0.0886,0.0033,58.2956,0.0152,2.998,SEARCH,0.0000,0.0000,0.0000,-0.0006
192066,static,dynamic,58.2286,-14.04,192.07,0.0892,0.0055,58.3179,0.0097,2.998,SEARCH,0.0000,0.0000,0.0000,-0.0006
192166,static,dynamic,58.2496,-14.04,192.17,0.0904,0.0078,58.3400,0.0041,2.998,SEARCH,0.0000,0.0000,0.0000,-0.0005
192266,static,dynamic,58.2698,-14.03,192.27,0.0922,0.0106,58.3620,-0.0014,2.999,SEARCH,0.0000,0.0000,0.0000,-0.0003
192366,static,dynamic,58.2897,-14.03,192.37,0.0942,0.0130,58.3839,-0.0068,2.999,SEARCH,0.0000,0.0000,0.0000,-0.0002
192466,static,dynamic,58.3090,-14.03,192.47,0.0967,0.0148,58.4057,-0.0123,3.000,SEARCH,0.0000,0.0000,0.0000,-0.0001
192566,static,dynamic,58.3282,-14.03,192.57,0.0991,0.0159,58.4274,-0.0177,3.000,SEARCH,0.0000,0.0000,0.0000,-0.0000
192666,static,dynamic,58.3476,-14.03,192.67,0.1013,0.0160,58.4489,-0.0231,3.000,SEARCH,0.0000,0.0000,0.0000,0.0000
192766,static,dynamic,58.3670,-14.03,192.77,0.1034,0.0152,58.4704,-0.0285,3.000,SEARCH,0.0000,0.0000,0.0000,0.0001
192866,static,dynamic,58.3858,-14.03,192.87,0.1059,0.0135,58.4917,-0.0338,3.000,SEARCH,0.0000,0.0000,0.0000,0.0001
192966,static,dynamic,58.4049,-14.03,192.97,0.1081,0.0111,58.5130,-0.0391,3.000,SEARCH,0.0000,0.0000,0.0000,0.0001
193066,static,dynamic,58.4237,-14.03,193.07,0.1105,0.0078,58.5341,-0.0444,3.001,SEARCH,0.0000,0.0000,0.0000,0.0002
193166,static,dynamic,58.4419,-14.03,193.17,0.1134,0.0045,58.5552,-0.0497,3.001,SEARCH,0.0000,0.0000,0.0000,0.0002
193266,static,dynamic,58.4588,-14.03,193.27,0.1174,0.0016,58.5762,-0.0549,3.001,SEARCH,0.0000,0.0000,0.0000,0.0003
193366,static,dynamic,58.4760,-14.03,193.37,0.1211,-0.0005,58.5971,-0.0601,3.001,SEARCH,0.0000,0.0000,0.0000,0.0003
193466,static,dynamic,58.4937,-14.03,193.47,0.1243,-0.0024,58.6179,-0.0653,3.001,SEARCH,0.0000,0.0000,0.0000,0.0004
193566,static,dynamic,58.5122,-14.04,193.57,0.1264,-0.0043,58.6386,-0.0705,3.002,SEARCH,0.0000,0.0000,0.0000,0.0005
193666,static,dynamic,58.5314,-14.04,193.67,0.1279,-0.0067,58.6593,-0.0757,3.002,SEARCH,0.0000,0.0000,0.0000,0.0005
193766,static,dynamic,58.5510,-14.04,193.77,0.1289,-0.0094,58.6799,-0.0808,3.002,SEARCH,0.0000,0.0000,0.0000,0.0006
193866,static,dynamic,58.5704,-14.04,193.87,0.1301,-0.0123,58.7004,-0.0860,3.002,SEARCH,0.0000,0.0000,0.0000,0.0006
193966,static,dynamic,58.5903,-14.04,193.97,0.1307,-0.0148,58.7209,-0.0911,3.002,SEARCH,0.0000,0.0000,0.0000,0.0007
194066,static,dynamic,58.6105,-14.04,194.07,0.1308,-0.0172,58.7413,-0.0962,3.002,SEARCH,0.0000,0.0000,0.0000,0.0007
194166,static,dynamic,58.6308,-14.05,194.17,0.1309,-0.0197,58.7616,-0.1013,3.002,SEARCH,0.0000,0.0000,0.0000,0.0007
194266,static,dynamic,58.6512,-14.05,194.27,0.1308,-0.0216,58.7819,-0.1063,3.002,SEARCH,0.0000,0.0000,0.0000,0.0007
194366,static,dynamic,58.6719,-13.79,194.37,0.1304,-0.0231,58.8022,-0.1114,3.002,SEARCH,0.0000,0.0000,0.0000,0.0007
194466,static,dynamic,58.6928,-11.36,194.47,0.1297,-0.0246,58.8224,-0.1157,3.002,SEARCH,0.0000,0.0000,0.0000,0.0007
194566,static,dynamic,58.7134,-8.85,194.57,0.1293,-0.0261,58.8426,-0.1192,3.002,SEARCH,0.0000,0.0000,0.0000,0.0006
194666,static,dynamic,58.7334,-6.26,194.67,0.1294,-0.0276,58.8627,-0.1217,3.002,SEARCH,0.0000,0.0000,0.0000,0.0006
194766,static,dynamic,58.7531,-3.62,194.77,0.1298,-0.0287,58.8828,-0.1233,3.002,SEARCH,0.0000,0.0000,0.0000,0.0006
194866,static,dynamic,58.7726,-0.94,194.87,0.1304,-0.0299,58.9029,-0.1239,3.002,SEARCH,0.0000,0.0000,0.0000,0.0006
194966,static,dynamic,58.7916,1.77,194.97,0.1315,-0.0310,58.9230,-0.1236,3.002,SEARCH,0.0000,0.0000,0.0000,0.0006
195066,static,dynamic,58.8097,4.49,195.07,0.1334,-0.0319,58.9430,-0.1224,3.002,SEARCH,0.0000,0.0000,0.0000,0.0006
195166,static,dynamic,58.8278,7.18,195.17,0.1353,-0.0322,58.9630,-0.1202,3.002,SEARCH,0.0000,0.0000,0.0000,0.0006
195266,static,dynamic,58.8460,9.84,195.27,0.1371,-0.0317,58.9830,-0.1170,3.002,SEARCH,0.0000,0.0000,0.0000,0.0006
195366,static,dynamic,58.8649,12.45,195.37,0.1381,-0.0308,59.0030,-0.1129,3.002,SEARCH,0.0000,0.0000,0.0000,0.0006
195466,static,dynamic,58.8836,14.04,195.47,0.1395,-0.0298,59.0230,-0.1080,3.002,SEARCH,0.0000,0.0000,0.0000,0.0006
195566,static,dynamic,58.9020,14.04,195.57,0.1410,-0.0291,59.0430,-0.1030,3.002,SEARCH,0.0000,0.0000,0.0000,0.0006
195666,static,dynamic,58.9204,14.04,195.67,0.1427,-0.0285,59.0630,-0.0980,3.002,SEARCH,0.0000,0.0000,0.0000,0.0006
195766,static,dynamic,58.9390,14.04,195.77,0.1441,-0.0277,59.0831,-0.0930,3.002,SEARCH,0.0000,0.0000,0.0000,0.0006
195866,static,dynamic,58.9579,14.04,195.87,0.1452,-0.0266,59.1031,-0.0880,3.002,SEARCH,0.0000,0.0000,0.0000,0.0005
195966,static,dynamic,58.9776,14.04,195.97,0.1456,-0.0255,59.1231,-0.0830,3.002,SEARCH,0.0000,0.0000,0.0000,0.0005
196066,static,dynamic,58.9983,14.03,196.07,0.1449,-0.0250,59.1432,-0.0779,3.002,SEARCH,0.0000,0.0000,0.0000,0.0005
196166,static,dynamic,59.0195,14.03,196.17,0.1438,-0.0251,59.1633,-0.0729,3.001,SEARCH,0.0000,0.0000,0.0000,0.0004
196266,static,dynamic,59.0410,14.03,196.27,0.1425,-0.0257,59.1834,-0.0679,3.001,SEARCH,0.0000,0.0000,0.0000,0.0004
196366,static,dynamic,59.0628,14.03,196.37,0.1408,-0.0267,59.2036,-0.0629,3.001,SEARCH,0.0000,0.0000,0.0000,0.0003
196466,static,dynamic,59.0856,14.03,196.47,0.1382,-0.0276,59.2237,-0.0578,3.001,SEARCH,0.0000,0.0000,0.0000,0.0003
196566,static,dynamic,59.1082,14.03,196.57,0.1357,-0.0284,59.2440,-0.0528,3.001,SEARCH,0.0000,0.0000,0.0000,0.0003
196666,static,dynamic,59.1304,14.03,196.67,0.1338,-0.0291,59.2642,-0.0477,3.001,SEARCH,0.0000,0.0000,0.0000,0.0003
196766,static,dynamic,59.1522,14.03,196.77,0.1324,-0.0298,59.2846,-0.0426,3.001,SEARCH,0.0000,0.0000,0.0000,0.0003
196866,static,dynamic,59.1733,14.03,196.87,0.1316,-0.0309,59.3049,-0.0375,3.001,SEARCH,0.0000,0.0000,0.0000,0.0003
196966,static,dynamic,59.1942,14.03,196.97,0.1312,-0.0316,59.3254,-0.0324,3.001,SEARCH,0.0000,0.0000,0.0000,0.0003
197066,static,dynamic,59.2146,14.03,197.07,0.1313,-0.0321,59.3459,-0.0273,3.001,SEARCH,0.0000,0.0000,0.0000,0.0003
197166,static,dynamic,59.2346,14.03,197.17,0.1318,-0.0327,59.3664,-0.0221,3.001,SEARCH,0.0000,0.0000,0.0000,0.0003
197266,static,dynamic,59.2545,14.04,197.27,0.1325,-0.0336,59.3870,-0.0170,3.001,SEARCH,0.0000,0.0000,0.0000,0.0003
197366,static,dynamic,59.2746,14.04,197.37,0.1332,-0.0344,59.4077,-0.0118,3.001,SEARCH,0.0000,0.0000,0.0000,0.0002
197466,static,dynamic,59.2947,14.04,197.47,0.1338,-0.0347,59.4285,-0.0066,3.001,SEARCH,0.0000,0.0000,0.0000,0.0002
197566,static,dynamic,59.3145,14.04,197.57,0.1348,-0.0343,59.4493,-0.0014,3.001,SEARCH,0.0000,0.0000,0.0000,0.0002
197666,static,dynamic,59.3342,14.04,197.67,0.1361,-0.0336,59.4703,0.0038,3.001,SEARCH,0.0000,0.0000,0.0000,0.0002
197766,static,dynamic,59.3542,14.04,197.77,0.1371,-0.0325,59.4913,0.0091,3.000,SEARCH,0.0000,0.0000,0.0000,0.0001
197866,static,dynamic,59.3746,14.04,197.87,0.1378,-0.0309,59.5124,0.0143,3.000,SEARCH,0.0000,0.0000,0.0000,0.0001
197966,static,dynamic,59.3953,14.03,197.97,0.1383,-0.0293,59.5336,0.0196,3.000,SEARCH,0.0000,0.0000,0.0000,0.0001
198066,static,dynamic,59.4162,14.03,198.07,0.1387,-0.0279,59.5549,0.0250,3.000,SEARCH,0.0000,0.0000,0.0000,0.0001
198166,static,dynamic,59.4375,14.03,198.17,0.1388,-0.0272,59.5762,0.0303,3.000,SEARCH,0.0000,0.0000,0.0000,0.0001
198266,static,dynamic,59.4594,14.03,198.27,0.1384,-0.0263,59.5977,0.0357,3.000,SEARCH,0.0000,0.0000,0.0000,0.0001
198366,static,dynamic,59.4818,14.03,198.37,0.1376,-0.0262,59.6193,0.0411,3.000,SEARCH,0.0000,0.0000,0.0000,0.0001
198466,static,dynamic,59.5040,14.03,198.47,0.1371,-0.0266,59.6411,0.0465,3.000,SEARCH,0.0000,0.0000,0.0000,0.0001
198566,static,dynamic,59.5261,14.04,198.57,0.1368,-0.0270,59.6629,0.0520,3.000,SEARCH,0.0000,0.0000,0.0000,0.0001
198666,static,dynamic,59.5483,14.04,198.67,0.1365,-0.0266,59.6848,0.0575,3.000,SEARCH,0.0000,0.0000,0.0000,0.0001
198766,static,dynamic,59.5709,14.04,198.77,0.1361,-0.0255,59.7069,0.0630,3.000,SEARCH,0.0000,0.0000,0.0000,0.0000
198866,static,dynamic,59.5944,14.03,198.87,0.1347,-0.0235,59.7291,0.0685,3.000,SEARCH,0.0000,0.0000,0.0000,0.0000
198966,static,dynamic,59.6183,14.03,198.97,0.1332,-0.0215,59.7514,0.0741,3.000,SEARCH,0.0000,0.0000,0.0000,-0.0000
199066,static,dynamic,59.6426,14.03,199.07,0.1313,-0.0200,59.7738,0.0797,3.000,SEARCH,0.0000,0.0000,0.0000,-0.0000
199166,static,dynamic,59.6677,14.03,199.17,0.1287,-0.0193,59.7964,0.0854,3.000,SEARCH,0.0000,0.0000,0.0000,-0.0001
199266,static,dynamic,59.6935,14.03,199.27,0.1257,-0.0194,59.8191,0.0910,3.000,SEARCH,0.0000,0.0000,0.0000,-0.0001
199366,static,dynamic,59.7190,14.04,199.37,0.1230,-0.0198,59.8420,0.0967,3.000,SEARCH,0.0000,0.0000,0.0000,-0.0001
199466,static,dynamic,59.7443,14.04,199.47,0.1208,-0.0205,59.8649,0.1025,2.999,SEARCH,0.0000,0.0000,0.0000,-0.0002
199566,static,dynamic,59.7691,14.04,199.57,0.1191,-0.0211,59.8881,0.1083,2.999,SEARCH,0.0000,0.0000,0.0000,-0.0002
199666,static,dynamic,59.7938,14.04,199.67,0.1177,-0.0212,59.9114,0.1141,3.000,SEARCH,0.0000,0.0000,0.0000,-0.0001
199766,static,dynamic,59.8179,14.03,199.77,0.1171,-0.0209,59.9348,0.1199,3.000,SEARCH,0.0000,0.0000,0.0000,-0.0001
199866,static,dynamic,59.8411,14.03,199.87,0.1174,-0.0210,59.9584,0.1258,3.000,SEARCH,0.0000,0.0000,0.0000,-0.0000
199966,static,dynamic,59.8644,14.03,199.97,0.1179,-0.0213,59.9821,0.1318,3.000,SEARCH,0.0000,0.0000,0.0000,0.0001
200066,static,dynamic,59.8880,14.04,200.07,0.1182,-0.0216,60.0060,0.1378,3.000,SEARCH,0.0000,0.0000,0.0000,0.0001
200166,static,dynamic,59.9120,14.04,200.17,0.1182,-0.0218,60.0300,0.1438,3.001,SEARCH,0.0000,0.0000,0.0000,0.0002
200266,static,dynamic,59.9358,14.04,200.27,0.1187,-0.0223,60.0543,0.1498,3.001,SEARCH,0.0000,0.0000,0.0000,0.0002
200366,static,dynamic,59.9594,14.04,200.37,0.1195,-0.0223,60.0786,0.1559,3.000,SEARCH,0.0000,0.0000,0.0000,0.0001
200466,static,dynamic,59.9833,14.04,200.47,0.1202,-0.0218,60.1032,0.1620,3.000,SEARCH,0.0000,0.0000,0.0000,0.0001
200566,static,dynamic,60.0079,14.04,200.57,0.1202,-0.0209,60.1279,0.1682,3.000,SEARCH,0.0000,0.0000,0.0000,0.0001
200666,static,dynamic,60.0331,14.04,200.67,0.1200,-0.0197,60.1528,0.1744,3.000,SEARCH,0.0000,0.0000,0.0000,-0.0000
200766,static,dynamic,60.0591,14.03,200.77,0.1191,-0.0183,60.1778,0.1807,3.000,SEARCH,0.0000,0.0000,0.0000,-0.0001
200866,static,dynamic,60.0855,14.03,200.87,0.1179,-0.0166,60.2031,0.1870,2.999,SEARCH,0.0000,0.0000,0.0000,-0.0002
200966,static,dynamic,60.1129,14.03,200.97,0.1159,-0.0143,60.2285,0.1934,2.999,SEARCH,0.0000,0.0000,0.0000,-0.0002
201066,static,dynamic,60.1403,14.03,201.07,0.1141,-0.0121,60.2541,0.1998,2.999,SEARCH,0.0000,0.0000,0.0000,-0.0003
201166,static,dynamic,60.1675,14.02,201.17,0.1127,-0.0106,60.2798,0.2062,2.999,SEARCH,0.0000,0.0000,0.0000,-0.0003
201266,static,dynamic,60.1949,14.03,201.27,0.1113,-0.0092,60.3058,0.2127,2.999,SEARCH,0.0000,0.0000,0.0000,-0.0004
201366,static,dynamic,60.2230,14.03,201.37,0.1094,-0.0076,60.3319,0.2192,2.999,SEARCH,0.0000,0.0000,0.0000,-0.0004
201466,static,dynamic,60.2516,14.03,201.47,0.1071,-0.0058,60.3582,0.2258,2.999,SEARCH,0.0000,0.0000,0.0000,-0.0004
201566,static,dynamic,60.2803,14.03,201.57,0.1049,-0.0042,60.3847,0.2324,2.999,SEARCH,0.0000,0.0000,0.0000,-0.0004
201666,static,dynamic,60.3091,14.03,201.67,0.1028,-0.0034,60.4114,0.2391,2.999,SEARCH,0.0000,0.0000,0.0000,-0.0004
201766,static,dynamic,60.3374,13.76,201.77,0.1014,-0.0032,60.4383,0.2458,2.998,SEARCH,0.0000,0.0000,0.0000,-0.0005
201866,static,dynamic,60.3653,11.84,201.87,0.1006,-0.0025,60.4654,0.2518,2.998,SEARCH,0.0000,0.0000,0.0000,-0.0005
201966,static,dynamic,60.3931,9.91,201.97,0.1001,-0.0015,60.4927,0.2569,2.998,SEARCH,0.0000,0.0000,0.0000,-0.0005
202066,static,dynamic,60.4209,7.97,202.07,0.0998,-0.0007,60.5201,0.2610,2.998,SEARCH,0.0000,0.0000,0.0000,-0.0005
202166,static,dynamic,60.4486,6.04,202.17,0.0997,-0.0001,60.5478,0.2642,2.998,SEARCH,0.0000,0.0000,0.0000,-0.0005
202266,static,dynamic,60.4766,4.12,202.27,0.0996,0.0002,60.5756,0.2666,2.998,SEARCH,0.0000,0.0000,0.0000,-0.0005
202366,static,dynamic,60.5054,2.22,202.37,0.0988,0.0005,60.6037,0.2680,2.998,SEARCH,0.0000,0.0000,0.0000,-0.0005
202466,static,dynamic,60.5354,0.34,202.47,0.0971,0.0007,60.6319,0.2684,2.998,SEARCH,0.0000,0.0000,0.0000,-0.0005
202566,static,dynamic,60.5653,-1.49,202.57,0.0956,0.0009,60.6603,0.2680,2.998,SEARCH,0.0000,0.0000,0.0000,-0.0005
202666,static,dynamic,60.5945,-3.29,202.67,0.0951,0.0009,60.6890,0.2666,2.998,SEARCH,0.0000,0.0000,0.0000,-0.0005
202766,static,dynamic,60.6232,-5.04,202.77,0.0952,0.0006,60.7178,0.2644,2.998,SEARCH,0.0000,0.0000,0.0000,-0.0006
202866,static,dynamic,60.6518,-6.74,202.87,0.0956,0.0002,60.7468,0.2612,2.998,SEARCH,0.0000,0.0000,0.0000,-0.0006
202966,static,dynamic,60.6802,-8.38,202.97,0.0964,-0.0005,60.7761,0.2572,2.998,SEARCH,0.0000,0.0000,0.0000,-0.0006
203066,static,dynamic,60.7076,-9.96,203.07,0.0985,-0.0021,60.8055,0.2523,2.998,SEARCH,0.0000,0.0000,0.0000,-0.0006
203166,static,dynamic,60.7343,-11.48,203.17,0.1013,-0.0040,60.8351,0.2466,2.998,SEARCH,0.0000,0.0000,0.0000,-0.0006
203266,static,dynamic,60.7606,-12.93,203.27,0.1049,-0.0060,60.8650,0.2400,2.998,SEARCH,0.0000,0.0000,0.0000,-0.0005
203366,static,dynamic,60.7874,-14.04,203.37,0.1080,-0.0077,60.8950,0.2326,2.998,SEARCH,0.0000,0.0000,0.0000,-0.0005
203466,static,dynamic,60.8150,-14.04,203.47,0.1107,-0.0091,60.9252,0.2251,2.998,SEARCH,0.0000,0.0000,0.0000,-0.0005
203566,static,dynamic,60.8437,-14.04,203.57,0.1124,-0.0093,60.9556,0.2175,2.999,SEARCH,0.0000,0.0000,0.0000,-0.0004
203666,static,dynamic,60.8731,-14.04,203.67,0.1136,-0.0086,60.9863,0.2098,2.998,SEARCH,0.0000,0.0000,0.0000,-0.0005
203766,static,dynamic,60.9031,-14.05,203.77,0.1144,-0.0073,61.0171,0.2021,2.998,SEARCH,0.0000,0.0000,0.0000,-0.0005
203866,static,dynamic,60.9339,-14.05,203.87,0.1146,-0.0053,61.0481,0.1943,2.998,SEARCH,0.0000,0.0000,0.0000,-0.0005
203966,static,dynamic,60.9651,-14.05,203.97,0.1146,-0.0028,61.0794,0.1865,2.998,SEARCH,0.0000,0.0000,0.0000,-0.0006
204066,static,dynamic,60.9971,-14.05,204.07,0.1140,-0.0003,61.1108,0.1787,2.998,SEARCH,0.0000,0.0000,0.0000,-0.0007
204166,static,dynamic,61.0295,-14.05,204.17,0.1131,0.0015,61.1424,0.1708,2.997,SEARCH,0.0000,0.0000,0.0000,-0.0008
204266,static,dynamic,61.0628,-14.04,204.27,0.1117,0.0027,61.1742,0.1628,2.997,SEARCH,0.0000,0.0000,0.0000,-0.0009
204366,static,dynamic,61.0968,-14.04,204.37,0.1096,0.0036,61.2062,0.1548,2.997,SEARCH,0.0000,0.0000,0.0000,-0.0009
204466,static,dynamic,61.1319,-14.04,204.47,0.1067,0.0047,61.2385,0.1468,2.997,SEARCH,0.0000,0.0000,0.0000,-0.0010
204566,static,dynamic,61.1671,-14.04,204.57,0.1040,0.0058,61.2709,0.1387,2.997,SEARCH,0.0000,0.0000,0.0000,-0.0010
204666,static,dynamic,61.2028,-14.04,204.67,0.1008,0.0071,61.3035,0.1305,2.996,SEARCH,0.0000,0.0000,0.0000,-0.0011
204766,static,dynamic,61.2381,-14.04,204.77,0.0983,0.0087,61.3363,0.1223,2.996,SEARCH,0.0000,0.0000,0.0000,-0.0011
204866,static,dynamic,61.2730,-14.04,204.87,0.0964,0.0102,61.3692,0.1141,2.997,SEARCH,0.0000,0.0000,0.0000,-0.0010
204966,static,dynamic,61.3074,-14.03,204.97,0.0951,0.0116,61.4024,0.1058,2.997,SEARCH,0.0000,0.0000,0.0000,-0.0010
205066,static,dynamic,61.3416,-14.03,205.07,0.0942,0.0127,61.4358,0.0974,2.997,SEARCH,0.0000,0.0000,0.0000,-0.0010
205166,static,dynamic,61.3758,-14.03,205.17,0.0936,0.0133,61.4693,0.0890,2.997,SEARCH,0.0000,0.0000,0.0000,-0.0010
205266,static,dynamic,61.4096,-14.03,205.27,0.0935,0.0147,61.5031,0.0806,2.997,SEARCH,0.0000,0.0000,0.0000,-0.0010
205366,static,dynamic,61.4437,-14.03,205.37,0.0933,0.0166,61.5370,0.0721,2.997,SEARCH,0.0000,0.0000,0.0000,-0.0009
205466,static,dynamic,61.4776,-14.03,205.47,0.0935,0.0190,61.5711,0.0636,2.997,SEARCH,0.0000,0.0000,0.0000,-0.0009
205566,static,dynamic,61.5116,-14.03,205.57,0.0938,0.0218,61.6054,0.0550,2.997,SEARCH,0.0000,0.0000,0.0000,-0.0008
205666,static,dynamic,61.5457,-14.03,205.67,0.0941,0.0247,61.6398,0.0464,2.998,SEARCH,0.0000,0.0000,0.0000,-0.0007
205766,static,dynamic,61.5798,-14.03,205.77,0.0947,0.0274,61.6745,0.0377,2.998,SEARCH,0.0000,0.0000,0.0000,-0.0006
205866,static,dynamic,61.6138,-14.04,205.87,0.0955,0.0301,61.7093,0.0290,2.999,SEARCH,0.0000,0.0000,0.0000,-0.0004
205966,static,dynamic,61.6481,-14.04,205.97,0.0962,0.0332,61.7443,0.0203,2.999,SEARCH,0.0000,0.0000,0.0000,-0.0003
206066,static,dynamic,61.6826,-14.04,206.07,0.0969,0.0366,61.7795,0.0115,2.999,SEARCH,0.0000,0.0000,0.0000,-0.0002
206166,static,dynamic,61.7175,-14.05,206.17,0.0973,0.0394,61.8148,0.0027,3.000,SEARCH,0.0000,0.0000,0.0000,-0.0000
206266,static,dynamic,61.7526,-14.05,206.27,0.0977,0.0416,61.8503,-0.0062,3.000,SEARCH,0.0000,0.0000,0.0000,0.0001
206366,static,dynamic,61.7883,-14.05,206.37,0.0977,0.0428,61.8860,-0.0151,3.000,SEARCH,0.0000,0.0000,0.0000,0.0001
206466,static,dynamic,61.8246,-14.05,206.47,0.0973,0.0435,61.9218,-0.0241,3.001,SEARCH,0.0000,0.0000,0.0000,0.0002
206566,static,dynamic,61.8612,-14.05,206.57,0.0967,0.0439,61.9578,-0.0331,3.001,SEARCH,0.0000,0.0000,0.0000,0.0002
206666,static,dynamic,61.8979,-14.05,206.67,0.0961,0.0443,61.9940,-0.0421,3.001,SEARCH,0.0000,0.0000,0.0000,0.0002
206766,static,dynamic,61.9352,-14.04,206.77,0.0952,0.0446,62.0303,-0.0512,3.000,SEARCH,0.0000,0.0000,0.0000,0.0001
206866,static,dynamic,61.9733,-14.04,206.87,0.0935,0.0449,62.0667,-0.0603,3.000,SEARCH,0.0000,0.0000,0.0000,0.0001
206966,static,dynamic,62.0121,-14.04,206.97,0.0913,0.0452,62.1034,-0.0695,3.000,SEARCH,0.0000,0.0000,0.0000,0.0001
207066,static,dynamic,62.0521,-14.04,207.07,0.0881,0.0451,62.1401,-0.0787,3.000,SEARCH,0.0000,0.0000,0.0000,0.0000
207166,static,dynamic,62.0929,-14.04,207.17,0.0843,0.0449,62.1770,-0.0879,3.000,SEARCH,0.0000,0.0000,0.0000,-0.0000
207266,static,dynamic,62.1346,-14.03,207.27,0.0796,0.0449,62.2141,-0.0972,3.000,SEARCH,0.0000,0.0000,0.0000,-0.0000
207366,static,dynamic,62.1774,-14.03,207.37,0.0741,0.0451,62.2513,-0.1065,3.000,SEARCH,0.0000,0.0000,0.0000,-0.0000
207466,static,dynamic,62.2193,-14.03,207.47,0.0695,0.0452,62.2886,-0.1158,3.000,SEARCH,0.0000,0.0000,0.0000,-0.0000
207566,static,dynamic,62.2612,-14.03,207.57,0.0651,0.0451,62.3261,-0.1252,3.000,SEARCH,0.0000,0.0000,0.0000,-0.0000
207666,static,dynamic,62.3026,-14.03,207.67,0.0614,0.0452,62.3637,-0.1345,3.000,SEARCH,0.0000,0.0000,0.0000,-0.0001
207766,static,dynamic,62.3428,-14.03,207.77,0.0589,0.0457,62.4014,-0.1440,3.000,SEARCH,0.0000,0.0000,0.0000,-0.0001
207866,static,dynamic,62.3824,-14.03,207.87,0.0572,0.0464,62.4393,-0.1534,2.999,SEARCH,0.0000,0.0000,0.0000,-0.0002
207966,static,dynamic,62.4215,-14.03,207.97,0.0561,0.0470,62.4772,-0.1629,2.999,SEARCH,0.0000,0.0000,0.0000,-0.0003
208066,static,dynamic,62.4601,-14.03,208.07,0.0556,0.0472,62.5153,-0.1725,2.999,SEARCH,0.0000,0.0000,0.0000,-0.0003
208166,static,dynamic,62.4987,-14.03,208.17,0.0553,0.0469,62.5535,-0.1820,2.999,SEARCH,0.0000,0.0000,0.0000,-0.0004
208266,static,dynamic,62.5373,-13.78,208.27,0.0550,0.0459,62.5919,-0.1915,2.999,SEARCH,0.0000,0.0000,0.0000,-0.0004
208366,static,dynamic,62.5747,-12.78,208.37,0.0561,0.0443,62.6303,-0.2005,2.999,SEARCH,0.0000,0.0000,0.0000,-0.0004
208466,static,dynamic,62.6103,-11.77,208.47,0.0590,0.0426,62.6688,-0.2088,2.999,SEARCH,0.0000,0.0000,0.0000,-0.0003
208566,static,dynamic,62.6456,-10.74,208.57,0.0624,0.0414,62.7075,-0.2163,2.999,SEARCH,0.0000,0.0000,0.0000,-0.0004
208666,static,dynamic,62.6802,-9.69,208.67,0.0666,0.0407,62.7462,-0.2232,2.999,SEARCH,0.0000,0.0000,0.0000,-0.0004
208766,static,dynamic,62.7144,-8.64,208.77,0.0712,0.0400,62.7850,-0.2293,2.999,SEARCH,0.0000,0.0000,0.0000,-0.0004
208866,static,dynamic,62.7484,-7.58,208.87,0.0761,0.0392,62.8240,-0.2348,2.998,SEARCH,0.0000,0.0000,0.0000,-0.0005
208966,static,dynamic,62.7830,-6.51,208.97,0.0806,0.0382,62.8630,-0.2395,2.998,SEARCH,0.0000,0.0000,0.0000,-0.0005
209066,static,dynamic,62.8183,-5.44,209.07,0.0844,0.0366,62.9021,-0.2434,2.998,SEARCH,0.0000,0.0000,0.0000,-0.0006
209166,static,dynamic,62.8552,-4.37,209.17,0.0867,0.0353,62.9413,-0.2467,2.998,SEARCH,0.0000,0.0000,0.0000,-0.0006
209266,static,dynamic,62.8935,-3.31,209.27,0.0877,0.0341,62.9805,-0.2492,2.998,SEARCH,0.0000,0.0000,0.0000,-0.0006
209366,static,dynamic,62.9332,-2.25,209.37,0.0873,0.0330,63.0198,-0.2510,2.998,SEARCH,0.0000,0.0000,0.0000,-0.0006
209466,static,dynamic,62.9736,-1.20,209.47,0.0863,0.0313,63.0592,-0.2520,2.998,SEARCH,0.0000,0.0000,0.0000,-0.0006
209566,static,dynamic,63.0143,-0.16,209.57,0.0851,0.0293,63.0987,-0.2524,2.998,SEARCH,0.0000,0.0000,0.0000,-0.0006
209666,static,dynamic,63.0553,0.87,209.67,0.0836,0.0271,63.1382,-0.2520,2.998,SEARCH,0.0000,0.0000,0.0000,-0.0006
209766,static,dynamic,63.0961,1.88,209.77,0.0824,0.0257,63.1778,-0.2509,2.998,SEARCH,0.0000,0.0000,0.0000,-0.0006
209866,static,dynamic,63.1368,2.88,209.87,0.0813,0.0248,63.2175,-0.2492,2.998,SEARCH,0.0000,0.0000,0.0000,-0.0006
209966,static,dynamic,63.1777,3.85,209.97,0.0801,0.0242,63.2572,-0.2467,2.998,SEARCH,0.0000,0.0000,0.0000,-0.0005
210066,static,dynamic,63.2186,4.80,210.07,0.0789,0.0243,63.2969,-0.2436,2.998,SEARCH,0.0000,0.0000,0.0000,-0.0005
210166,static,dynamic,63.2591,5.72,210.17,0.0781,0.0253,63.3367,-0.2398,2.998,SEARCH,0.0000,0.0000,0.0000,-0.0005
210266,static,dynamic,63.2999,6.62,210.27,0.0772,0.0275,63.3765,-0.2354,2.998,SEARCH,0.0000,0.0000,0.0000,-0.0005
210366,static,dynamic,63.3405,7.48,210.37,0.0765,0.0304,63.4164,-0.2304,2.999,SEARCH,0.0000,0.0000,0.0000,-0.0004
210466,static,dynamic,63.3813,8.32,210.47,0.0755,0.0343,63.4563,-0.2248,2.999,SEARCH,0.0000,0.0000,0.0000,-0.0004
210566,static,dynamic,63.4223,9.12,210.57,0.0744,0.0379,63.4962,-0.2185,2.999,SEARCH,0.0000,0.0000,0.0000,-0.0004
210666,static,dynamic,63.4638,9.89,210.67,0.0728,0.0416,63.5361,-0.2118,2.999,SEARCH,0.0000,0.0000,0.0000,-0.0004
210766,static,dynamic,63.5062,10.63,210.77,0.0703,0.0447,63.5761,-0.2044,2.999,SEARCH,0.0000,0.0000,0.0000,-0.0003
210866,static,dynamic,63.5497,11.33,210.87,0.0669,0.0473,63.6161,-0.1966,2.999,SEARCH,0.0000,0.0000,0.0000,-0.0003
210966,static,dynamic,63.5928,11.99,210.97,0.0637,0.0490,63.6561,-0.1882,2.999,SEARCH,0.0000,0.0000,0.0000,-0.0002
211066,static,dynamic,63.6357,12.62,211.07,0.0608,0.0499,63.6961,-0.1794,2.999,SEARCH,0.0000,0.0000,0.0000,-0.0002
211166,static,dynamic,63.6775,13.21,211.17,0.0589,0.0502,63.7361,-0.1702,3.000,SEARCH,0.0000,0.0000,0.0000,-0.0001
211266,static,dynamic,63.7189,13.76,211.27,0.0575,0.0502,63.7761,-0.1605,3.000,SEARCH,0.0000,0.0000,0.0000,-0.0001
211366,static,dynamic,63.7604,14.04,211.37,0.0559,0.0504,63.8160,-0.1506,3.000,SEARCH,0.0000,0.0000,0.0000,0.0000
211466,static,dynamic,63.8019,14.04,211.47,0.0544,0.0504,63.8560,-0.1406,3.000,SEARCH,0.0000,0.0000,0.0000,0.0001
211566,static,dynamic,63.8437,14.04,211.57,0.0525,0.0497,63.8960,-0.1306,3.001,SEARCH,0.0000,0.0000,0.0000,0.0002
211666,static,dynamic,63.8854,14.04,211.67,0.0508,0.0485,63.9360,-0.1206,3.001,SEARCH,0.0000,0.0000,0.0000,0.0002
211766,static,dynamic,63.9277,14.05,211.77,0.0484,0.0471,63.9759,-0.1106,3.001,SEARCH,0.0000,0.0000,0.0000,0.0003
211866,static,dynamic,63.9703,14.05,211.87,0.0456,0.0456,64.0158,-0.1006,3.001,SEARCH,0.0000,0.0000,0.0000,0.0004
211966,static,dynamic,64.0134,14.05,211.97,0.0424,0.0439,64.0557,-0.0907,3.002,SEARCH,0.0000,0.0000,0.0000,0.0005
212066,static,dynamic,64.0559,14.05,212.07,0.0398,0.0422,64.0956,-0.0807,3.002,SEARCH,0.0000,0.0000,0.0000,0.0006
212166,static,dynamic,64.0981,14.05,212.17,0.0373,0.0403,64.1354,-0.0707,3.002,SEARCH,0.0000,0.0000,0.0000,0.0006
212266,static,dynamic,64.1395,14.05,212.27,0.0357,0.0389,64.1751,-0.0608,3.002,SEARCH,0.0000,0.0000,0.0000,0.0007
212366,static,dynamic,64.1801,14.05,212.37,0.0349,0.0376,64.2149,-0.0509,3.002,SEARCH,0.0000,0.0000,0.0000,0.0007
212466,static,dynamic,64.2200,14.05,212.47,0.0346,0.0364,64.2546,-0.0409,3.002,SEARCH,0.0000,0.0000,0.0000,0.0006
212566,static,dynamic,64.2592,14.04,212.57,0.0350,0.0356,64.2942,-0.0310,3.002,SEARCH,0.0000,0.0000,0.0000,0.0006
212666,static,dynamic,64.2981,14.04,212.67,0.0357,0.0348,64.3338,-0.0211,3.002,SEARCH,0.0000,0.0000,0.0000,0.0005
212766,static,dynamic,64.3371,14.04,212.77,0.0362,0.0347,64.3733,-0.0113,3.002,SEARCH,0.0000,0.0000,0.0000,0.0005
212866,static,dynamic,64.3762,14.03,212.87,0.0365,0.0351,64.4127,-0.0014,3.001,SEARCH,0.0000,0.0000,0.0000,0.0004
212966,static,dynamic,64.4154,14.03,212.97,0.0367,0.0356,64.4521,0.0084,3.001,SEARCH,0.0000,0.0000,0.0000,0.0004
213066,static,dynamic,64.4545,14.03,213.07,0.0370,0.0359,64.4914,0.0183,3.001,SEARCH,0.0000,0.0000,0.0000,0.0004
213166,static,dynamic,64.4929,14.03,213.17,0.0378,0.0360,64.5307,0.0281,3.001,SEARCH,0.0000,0.0000,0.0000,0.0004
213266,static,dynamic,64.5306,14.03,213.27,0.0392,0.0359,64.5698,0.0379,3.001,SEARCH,0.0000,0.0000,0.0000,0.0004
213366,static,dynamic,64.5675,14.03,213.37,0.0415,0.0356,64.6089,0.0476,3.001,SEARCH,0.0000,0.0000,0.0000,0.0004
213466,static,dynamic,64.6041,14.03,213.47,0.0438,0.0352,64.6479,0.0574,3.002,SEARCH,0.0000,0.0000,0.0000,0.0005
213566,static,dynamic,64.6409,14.03,213.57,0.0459,0.0345,64.6868,0.0671,3.002,SEARCH,0.0000,0.0000,0.0000,0.0005
213666,static,dynamic,64.6775,14.03,213.67,0.0481,0.0339,64.7256,0.0768,3.002,SEARCH,0.0000,0.0000,0.0000,0.0005
213766,static,dynamic,64.7145,14.03,213.77,0.0499,0.0340,64.7643,0.0865,3.002,SEARCH,0.0000,0.0000,0.0000,0.0005
213866,static,dynamic,64.7512,13.74,213.87,0.0518,0.0347,64.8030,0.0961,3.002,SEARCH,0.0000,0.0000,0.0000,0.0005
213966,static,dynamic,64.7881,13.19,213.97,0.0534,0.0356,64.8415,0.1052,3.002,SEARCH,0.0000,0.0000,0.0000,0.0005
214066,static,dynamic,64.8252,12.60,214.07,0.0547,0.0367,64.8799,0.1140,3.002,SEARCH,0.0000,0.0000,0.0000,0.0005
214166,static,dynamic,64.8633,11.98,214.17,0.0550,0.0379,64.9182,0.1222,3.001,SEARCH,0.0000,0.0000,0.0000,0.0004
214266,static,dynamic,64.9023,11.31,214.27,0.0542,0.0387,64.9564,0.1300,3.001,SEARCH,0.0000,0.0000,0.0000,0.0004
214366,static,dynamic,64.9416,10.61,214.37,0.0529,0.0391,64.9944,0.1373,3.001,SEARCH,0.0000,0.0000,0.0000,0.0004
214466,static,dynamic,64.9802,9.88,214.47,0.0522,0.0390,65.0324,0.1441,3.001,SEARCH,0.0000,0.0000,0.0000,0.0003
214566,static,dynamic,65.0183,9.11,214.57,0.0520,0.0382,65.0702,0.1504,3.001,SEARCH,0.0000,0.0000,0.0000,0.0003
214666,static,dynamic,65.0556,8.31,214.67,0.0524,0.0371,65.1079,0.1560,3.001,SEARCH,0.0000,0.0000,0.0000,0.0002
214766,static,dynamic,65.0924,7.47,214.77,0.0532,0.0358,65.1455,0.1612,3.001,SEARCH,0.0000,0.0000,0.0000,0.0002
214866,static,dynamic,65.1283,6.61,214.87,0.0548,0.0342,65.1829,0.1657,3.000,SEARCH,0.0000,0.0000,0.0000,0.0001
214966,static,dynamic,65.1641,5.72,214.97,0.0563,0.0328,65.2202,0.1696,3.000,SEARCH,0.0000,0.0000,0.0000,0.0000
215066,static,dynamic,65.1997,4.80,215.07,0.0578,0.0312,65.2574,0.1730,3.000,SEARCH,0.0000,0.0000,0.0000,-0.0000
215166,static,dynamic,65.2357,3.86,215.17,0.0588,0.0299,65.2944,0.1757,3.000,SEARCH,0.0000,0.0000,0.0000,-0.0001
215266,static,dynamic,65.2720,2.89,215.27,0.0595,0.0285,65.3313,0.1777,3.000,SEARCH,0.0000,0.0000,0.0000,-0.0001
215366,static,dynamic,65.3082,1.91,215.37,0.0599,0.0273,65.3680,0.1792,3.000,SEARCH,0.0000,0.0000,0.0000,-0.0001
215466,static,dynamic,65.3436,0.90,215.47,0.0612,0.0262,65.4046,0.1799,3.000,SEARCH,0.0000,0.0000,0.0000,-0.0001
215566,static,dynamic,65.3786,-0.12,215.57,0.0626,0.0255,65.4410,0.1801,3.000,SEARCH,0.0000,0.0000,0.0000,-0.0001
215666,static,dynamic,65.4127,-1.16,215.67,0.0648,0.0255,65.4773,0.1796,3.000,SEARCH,0.0000,0.0000,0.0000,-0.0001
215766,static,dynamic,65.4466,-2.20,215.77,0.0670,0.0258,65.5134,0.1784,3.000,SEARCH,0.0000,0.0000,0.0000,-0.0000
215866,static,dynamic,65.4804,-3.25,215.87,0.0692,0.0263,65.5494,0.1766,3.000,SEARCH,0.0000,0.0000,0.0000,0.0000
215966,static,dynamic,65.5143,-4.30,215.97,0.0711,0.0264,65.5852,0.1741,3.000,SEARCH,0.0000,0.0000,0.0000,0.0001
216066,static,dynamic,65.5481,-5.36,216.07,0.0729,0.0261,65.6208,0.1710,3.000,SEARCH,0.0000,0.0000,0.0000,0.0001
216166,static,dynamic,65.5821,-6.41,216.17,0.0744,0.0259,65.6563,0.1672,3.001,SEARCH,0.0000,0.0000,0.0000,0.0002
216266,static,dynamic,65.6159,-7.46,216.27,0.0759,0.0259,65.6916,0.1628,3.001,SEARCH,0.0000,0.0000,0.0000,0.0002
216366,static,dynamic,65.6498,-8.51,216.37,0.0770,0.0263,65.7267,0.1578,3.001,SEARCH,0.0000,0.0000,0.0000,0.0002
216466,static,dynamic,65.6837,-9.54,216.47,0.0780,0.0268,65.7617,0.1521,3.000,SEARCH,0.0000,0.0000,0.0000,0.0001
216566,static,dynamic,65.7179,-10.56,216.57,0.0787,0.0273,65.7964,0.1459,3.000,SEARCH,0.0000,0.0000,0.0000,0.0001
216666,static,dynamic,65.7519,-11.56,216.67,0.0792,0.0282,65.8311,0.1390,3.000,SEARCH,0.0000,0.0000,0.0000,0.0001
216766,static,dynamic,65.7852,-12.54,216.77,0.0804,0.0287,65.8655,0.1316,3.000,SEARCH,0.0000,0.0000,0.0000,0.0001
216866,static,dynamic,65.8175,-13.51,216.87,0.0823,0.0286,65.8997,0.1235,3.000,SEARCH,0.0000,0.0000,0.0000,0.0000
216966,static,dynamic,65.8497,-14.04,216.97,0.0841,0.0283,65.9338,0.1151,3.000,SEARCH,0.0000,0.0000,0.0000,0.0000
217066,static,dynamic,65.8814,-14.04,217.07,0.0863,0.0281,65.9677,0.1066,3.000,SEARCH,0.0000,0.0000,0.0000,0.0001
217166,static,dynamic,65.9127,-14.03,217.17,0.0887,0.0281,66.0014,0.0982,3.000,SEARCH,0.0000,0.0000,0.0000,0.0001
217266,static,dynamic,65.9437,-14.03,217.27,0.0912,0.0275,66.0349,0.0898,3.000,SEARCH,0.0000,0.0000,0.0000,0.0001
217366,static,dynamic,65.9748,-14.03,217.37,0.0934,0.0269,66.0682,0.0815,3.001,SEARCH,0.0000,0.0000,0.0000,0.0002
217466,static,dynamic,66.0054,-14.03,217.47,0.0960,0.0257,66.1013,0.0732,3.001,SEARCH,0.0000,0.0000,0.0000,0.0002
217566,static,dynamic,66.0365,-14.03,217.57,0.0978,0.0242,66.1343,0.0649,3.001,SEARCH,0.0000,0.0000,0.0000,0.0002
217666,static,dynamic,66.0681,-14.03,217.67,0.0990,0.0224,66.1670,0.0568,3.001,SEARCH,0.0000,0.0000,0.0000,0.0002
217766,static,dynamic,66.1001,-14.03,217.77,0.0995,0.0207,66.1996,0.0486,3.000,SEARCH,0.0000,0.0000,0.0000,0.0001
217866,static,dynamic,66.1327,-14.04,217.87,0.0992,0.0193,66.2319,0.0405,3.000,SEARCH,0.0000,0.0000,0.0000,0.0001
217966,static,dynamic,66.1659,-14.04,217.97,0.0982,0.0182,66.2641,0.0325,3.000,SEARCH,0.0000,0.0000,0.0000,0.0001
218066,static,dynamic,66.1990,-14.04,218.07,0.0971,0.0170,66.2961,0.0245,3.000,SEARCH,0.0000,0.0000,0.0000,0.0001
218166,static,dynamic,66.2316,-14.04,218.17,0.0963,0.0154,66.3279,0.0165,3.000,SEARCH,0.0000,0.0000,0.0000,0.0001
218266,static,dynamic,66.2640,-14.04,218.27,0.0955,0.0135,66.3594,0.0087,3.000,SEARCH,0.0000,0.0000,0.0000,0.0001
218366,static,dynamic,66.2964,-14.04,218.37,0.0945,0.0120,66.3908,0.0008,3.000,SEARCH,0.0000,0.0000,0.0000,0.0001
218466,static,dynamic,66.3283,-14.04,218.47,0.0937,0.0106,66.4220,-0.0070,3.000,SEARCH,0.0000,0.0000,0.0000,0.0001
218566,static,dynamic,66.3591,-14.05,218.57,0.0938,0.0101,66.4530,-0.0147,3.000,SEARCH,0.0000,0.0000,0.0000,0.0001
218666,static,dynamic,66.3891,-14.05,218.67,0.0947,0.0104,66.4838,-0.0224,3.000,SEARCH,0.0000,0.0000,0.0000,0.0000
218766,static,dynamic,66.4188,-14.05,218.77,0.0956,0.0113,66.5144,-0.0301,3.000,SEARCH,0.0000,0.0000,0.0000,0.0000
218866,static,dynamic,66.4485,-14.05,218.87,0.0963,0.0127,66.5447,-0.0377,3.000,SEARCH,0.0000,0.0000,0.0000,0.0000
218966,static,dynamic,66.4785,-14.05,218.97,0.0964,0.0142,66.5749,-0.0452,3.000,SEARCH,0.0000,0.0000,0.0000,0.0001
219066,static,dynamic,66.5087,-14.05,219.07,0.0962,0.0158,66.6049,-0.0527,3.000,SEARCH,0.0000,0.0000,0.0000,0.0001
219166,static,dynamic,66.5395,-14.04,219.17,0.0953,0.0169,66.6347,-0.0602,3.000,SEARCH,0.0000,0.0000,0.0000,0.0001
219266,static,dynamic,66.5707,-14.04,219.27,0.0936,0.0173,66.6643,-0.0676,3.000,SEARCH,0.0000,0.0000,0.0000,0.0000
219366,static,dynamic,66.6015,-14.04,219.37,0.0922,0.0168,66.6937,-0.0749,3.000,SEARCH,0.0000,0.0000,0.0000,0.0000
219466,static,dynamic,66.6321,-14.04,219.47,0.0909,0.0157,66.7229,-0.0822,3.000,SEARCH,0.0000,0.0000,0.0000,0.0000
219566,static,dynamic,66.6620,-14.04,219.57,0.0899,0.0147,66.7518,-0.0895,3.000,SEARCH,0.0000,0.0000,0.0000,0.0000
219666,static,dynamic,66.6912,-14.03,219.67,0.0895,0.0138,66.7806,-0.0966,3.000,SEARCH,0.0000,0.0000,0.0000,-0.0000
219766,static,dynamic,66.7205,-14.03,219.77,0.0888,0.0128,66.8092,-0.1038,3.000,SEARCH,0.0000,0.0000,0.0000,-0.0001
219866,static,dynamic,66.7504,-14.03,219.87,0.0873,0.0112,66.8376,-0.1109,3.000,SEARCH,0.0000,0.0000,0.0000,-0.0001
219966,static,dynamic,66.7810,-14.03,219.97,0.0850,0.0082,66.8658,-0.1179,3.000,SEARCH,0.0000,0.0000,0.0000,-0.0001
220066,static,dynamic,66.8118,-14.03,220.07,0.0821,0.0047,66.8938,-0.1249,2.999,SEARCH,0.0000,0.0000,0.0000,-0.0002
220166,static,dynamic,66.8426,-14.03,220.17,0.0791,0.0011,66.9216,-0.1319,2.999,SEARCH,0.0000,0.0000,0.0000,-0.0002
220266,static,dynamic,66.8731,-14.02,220.27,0.0762,-0.0030,66.9492,-0.1388,2.999,SEARCH,0.0000,0.0000,0.0000,-0.0002
220366,static,dynamic,66.9029,-14.02,220.37,0.0739,-0.0064,66.9766,-0.1456,2.999,SEARCH,0.0000,0.0000,0.0000,-0.0002
220466,static,dynamic,66.9321,-14.03,220.47,0.0719,-0.0098,67.0039,-0.1525,2.999,SEARCH,0.0000,0.0000,0.0000,-0.0003
220566,static,dynamic,66.9606,-14.02,220.57,0.0704,-0.0137,67.0309,-0.1592,2.999,SEARCH,0.0000,0.0000,0.0000,-0.0003
220666,static,dynamic,66.9881,-14.03,220.67,0.0698,-0.0176,67.0577,-0.1659,2.999,SEARCH,0.0000,0.0000,0.0000,-0.0004
220766,static,dynamic,67.0156,-14.03,220.77,0.0690,-0.0211,67.0844,-0.1726,2.998,SEARCH,0.0000,0.0000,0.0000,-0.0005
220866,static,dynamic,67.0434,-14.03,220.87,0.0676,-0.0239,67.1109,-0.1792,2.998,SEARCH,0.0000,0.0000,0.0000,-0.0005
220966,static,dynamic,67.0714,-14.03,220.97,0.0660,-0.0261,67.1371,-0.1858,2.998,SEARCH,0.0000,0.0000,0.0000,-0.0005
221066,static,dynamic,67.0990,-14.04,221.07,0.0644,-0.0275,67.1632,-0.1923,2.998,SEARCH,0.0000,0.0000,0.0000,-0.0005
221166,static,dynamic,67.1264,-14.04,221.17,0.0630,-0.0279,67.1891,-0.1988,2.998,SEARCH,0.0000,0.0000,0.0000,-0.0006
221266,static,dynamic,67.1537,-14.04,221.27,0.0614,-0.0276,67.2149,-0.2052,2.998,SEARCH,0.0000,0.0000,0.0000,-0.0006
221366,static,dynamic,67.1810,-12.77,221.37,0.0596,-0.0266,67.2404,-0.2112,2.998,SEARCH,0.0000,0.0000,0.0000,-0.0006
221466,static,dynamic,67.2077,-11.39,221.47,0.0584,-0.0250,67.2658,-0.2165,2.998,SEARCH,0.0000,0.0000,0.0000,-0.0007
221566,static,dynamic,67.2333,-9.94,221.57,0.0579,-0.0232,67.2910,-0.2211,2.997,SEARCH,0.0000,0.0000,0.0000,-0.0008
221666,static,dynamic,67.2579,-8.43,221.67,0.0584,-0.0210,67.3160,-0.2251,2.997,SEARCH,0.0000,0.0000,0.0000,-0.0008
221766,static,dynamic,67.2817,-6.86,221.77,0.0594,-0.0186,67.3408,-0.2283,2.997,SEARCH,0.0000,0.0000,0.0000,-0.0009
221866,static,dynamic,67.3050,-5.22,221.87,0.0608,-0.0158,67.3655,-0.2308,2.997,SEARCH,0.0000,0.0000,0.0000,-0.0009
221966,static,dynamic,67.3280,-3.53,221.97,0.0623,-0.0131,67.3900,-0.2325,2.997,SEARCH,0.0000,0.0000,0.0000,-0.0009
222066,static,dynamic,67.3511,-1.79,222.07,0.0637,-0.0106,67.4144,-0.2335,2.997,SEARCH,0.0000,0.0000,0.0000,-0.0010
222166,static,dynamic,67.3734,-0.00,222.17,0.0655,-0.0086,67.4385,-0.2338,2.997,SEARCH,0.0000,0.0000,0.0000,-0.0010
222266,static,dynamic,67.3955,1.82,222.27,0.0675,-0.0067,67.4626,-0.2333,2.997,SEARCH,0.0000,0.0000,0.0000,-0.0010
222366,static,dynamic,67.4175,3.66,222.37,0.0693,-0.0055,67.4864,-0.2320,2.996,SEARCH,0.0000,0.0000,0.0000,-0.0011
222466,static,dynamic,67.4391,5.54,222.47,0.0713,-0.0045,67.5101,-0.2300,2.996,SEARCH,0.0000,0.0000,0.0000,-0.0011
222566,static,dynamic,67.4612,7.42,222.57,0.0728,-0.0047,67.5337,-0.2272,2.996,SEARCH,0.0000,0.0000,0.0000,-0.0011
222666,static,dynamic,67.4833,9.32,222.67,0.0741,-0.0057,67.5571,-0.2236,2.996,SEARCH,0.0000,0.0000,0.0000,-0.0011
222766,static,dynamic,67.5055,11.20,222.77,0.0751,-0.0063,67.5803,-0.2193,2.996,SEARCH,0.0000,0.0000,0.0000,-0.0011
222866,static,dynamic,67.5273,13.08,222.87,0.0764,-0.0063,67.6034,-0.2142,2.996,SEARCH,0.0000,0.0000,0.0000,-0.0011
222966,static,dynamic,67.5496,14.04,222.97,0.0770,-0.0066,67.6264,-0.2085,2.996,SEARCH,0.0000,0.0000,0.0000,-0.0012
223066,static,dynamic,67.5723,14.04,223.07,0.0771,-0.0064,67.6492,-0.2028,2.996,SEARCH,0.0000,0.0000,0.0000,-0.0012
223166,static,dynamic,67.5949,14.04,223.17,0.0773,-0.0057,67.6719,-0.1971,2.996,SEARCH,0.0000,0.0000,0.0000,-0.0012
223266,static,dynamic,67.6169,14.03,223.27,0.0778,-0.0048,67.6944,-0.1915,2.996,SEARCH,0.0000,0.0000,0.0000,-0.0011
223366,static,dynamic,67.6383,14.03,223.37,0.0788,-0.0041,67.7168,-0.1859,2.996,SEARCH,0.0000,0.0000,0.0000,-0.0011
223466,static,dynamic,67.6593,14.03,223.47,0.0800,-0.0035,67.7391,-0.1803,2.997,SEARCH,0.0000,0.0000,0.0000,-0.0010
223566,static,dynamic,67.6802,14.02,223.57,0.0813,-0.0026,67.7613,-0.1748,2.997,SEARCH,0.0000,0.0000,0.0000,-0.0010
223666,static,dynamic,67.7005,14.02,223.67,0.0830,-0.0017,67.7833,-0.1693,2.997,SEARCH,0.0000,0.0000,0.0000,-0.0009
223766,static,dynamic,67.7204,14.03,223.77,0.0850,-0.0006,67.8052,-0.1638,2.997,SEARCH,0.0000,0.0000,0.0000,-0.0009
223866,static,dynamic,67.7404,14.03,223.87,0.0867,0.0004,67.8270,-0.1583,2.997,SEARCH,0.0000,0.0000,0.0000,-0.0008
223966,static,dynamic,67.7608,14.03,223.97,0.0881,0.0014,67.8487,-0.1529,2.997,SEARCH,0.0000,0.0000,0.0000,-0.0008
224066,static,dynamic,67.7805,14.03,224.07,0.0899,0.0024,67.8703,-0.1475,2.998,SEARCH,0.0000,0.0000,0.0000,-0.0007
224166,static,dynamic,67.7995,14.03,224.17,0.0924,0.0032,67.8917,-0.1421,2.998,SEARCH,0.0000,0.0000,0.0000,-0.0007
224266,static,dynamic,67.8184,14.04,224.27,0.0949,0.0031,67.9131,-0.1368,2.998,SEARCH,0.0000,0.0000,0.0000,-0.0007
224366,static,dynamic,67.8379,14.04,224.37,0.0966,0.0021,67.9344,-0.1315,2.998,SEARCH,0.0000,0.0000,0.0000,-0.0007
224466,static,dynamic,67.8583,14.04,224.47,0.0974,0.0008,67.9556,-0.1262,2.998,SEARCH,0.0000,0.0000,0.0000,-0.0007
224566,static,dynamic,67.8788,14.04,224.57,0.0980,-0.0004,67.9766,-0.1209,2.998,SEARCH,0.0000,0.0000,0.0000,-0.0006
224666,static,dynamic,67.8994,14.04,224.67,0.0983,-0.0015,67.9976,-0.1157,2.998,SEARCH,0.0000,0.0000,0.0000,-0.0006
224766,static,dynamic,67.9204,14.04,224.77,0.0982,-0.0020,68.0185,-0.1104,2.998,SEARCH,0.0000,0.0000,0.0000,-0.0006
224866,static,dynamic,67.9417,14.04,224.87,0.0977,-0.0020,68.0394,-0.1052,2.998,SEARCH,0.0000,0.0000,0.0000,-0.0006
224966,static,dynamic,67.9630,14.04,224.97,0.0972,-0.0019,68.0601,-0.1001,2.998,SEARCH,0.0000,0.0000,0.0000,-0.0007
225066,static,dynamic,67.9842,14.04,225.07,0.0966,-0.0019,68.0808,-0.0949,2.998,SEARCH,0.0000,0.0000,0.0000,-0.0007
225166,static,dynamic,68.0052,14.03,225.17,0.0963,-0.0020,68.1014,-0.0897,2.997,SEARCH,0.0000,0.0000,0.0000,-0.0008
225266,static,dynamic,68.0253,14.03,225.27,0.0967,-0.0022,68.1219,-0.0846,2.997,SEARCH,0.0000,0.0000,0.0000,-0.0009
225366,static,dynamic,68.0451,14.03,225.37,0.0973,-0.0024,68.1424,-0.0795,2.997,SEARCH,0.0000,0.0000,0.0000,-0.0010
225466,static,dynamic,68.0644,14.03,225.47,0.0985,-0.0035,68.1628,-0.0744,2.997,SEARCH,0.0000,0.0000,0.0000,-0.0010
225566,static,dynamic,68.0834,14.03,225.57,0.0998,-0.0052,68.1832,-0.0693,2.996,SEARCH,0.0000,0.0000,0.0000,-0.0011
225666,static,dynamic,68.1022,14.03,225.67,0.1013,-0.0070,68.2035,-0.0642,2.996,SEARCH,0.0000,0.0000,0.0000,-0.0011
225766,static,dynamic,68.1212,14.03,225.77,0.1026,-0.0084,68.2238,-0.0591,2.996,SEARCH,0.0000,0.0000,0.0000,-0.0011
225866,static,dynamic,68.1403,14.04,225.87,0.1037,-0.0095,68.2440,-0.0541,2.996,SEARCH,0.0000,0.0000,0.0000,-0.0011
225966,static,dynamic,68.1604,14.04,225.97,0.1038,-0.0104,68.2641,-0.0490,2.996,SEARCH,0.0000,0.0000,0.0000,-0.0012
226066,static,dynamic,68.1813,14.04,226.07,0.1030,-0.0112,68.2843,-0.0440,2.996,SEARCH,0.0000,0.0000,0.0000,-0.0011
226166,static,dynamic,68.2023,14.03,226.17,0.1021,-0.0119,68.3044,-0.0390,2.996,SEARCH,0.0000,0.0000,0.0000,-0.0011
226266,static,dynamic,68.2234,14.04,226.27,0.1011,-0.0124,68.3245,-0.0340,2.997,SEARCH,0.0000,0.0000,0.0000,-0.0010
226366,static,dynamic,68.2444,14.03,226.37,0.1002,-0.0128,68.3445,-0.0289,2.997,SEARCH,0.0000,0.0000,0.0000,-0.0010
226466,static,dynamic,68.2649,14.04,226.47,0.0997,-0.0130,68.3646,-0.0239,2.997,SEARCH,0.0000,0.0000,0.0000,-0.0009
226566,static,dynamic,68.2852,14.03,226.57,0.0995,-0.0133,68.3846,-0.0189,2.997,SEARCH,0.0000,0.0000,0.0000,-0.0009
226666,static,dynamic,68.3055,14.04,226.67,0.0992,-0.0128,68.4046,-0.0139,2.997,SEARCH,0.0000,0.0000,0.0000,-0.0008
226766,static,dynamic,68.3263,14.04,226.77,0.0984,-0.0119,68.4246,-0.0089,2.998,SEARCH,0.0000,0.0000,0.0000,-0.0007
226866,static,dynamic,68.3467,14.04,226.87,0.0979,-0.0117,68.4446,-0.0039,2.998,SEARCH,0.0000,0.0000,0.0000,-0.0006
226966,static,dynamic,68.3667,14.04,226.97,0.0979,-0.0119,68.4646,0.0011,2.998,SEARCH,0.0000,0.0000,0.0000,-0.0005
227066,static,dynamic,68.3865,14.04,227.07,0.0981,-0.0128,68.4846,0.0061,2.998,SEARCH,0.0000,0.0000,0.0000,-0.0005
227166,static,dynamic,68.4065,14.04,227.17,0.0982,-0.0142,68.5046,0.0111,2.998,SEARCH,0.0000,0.0000,0.0000,-0.0005
227266,static,dynamic,68.4267,14.04,227.27,0.0980,-0.0155,68.5247,0.0161,2.998,SEARCH,0.0000,0.0000,0.0000,-0.0005
227366,static,dynamic,68.4473,14.04,227.37,0.0974,-0.0169,68.5447,0.0211,2.998,SEARCH,0.0000,0.0000,0.0000,-0.0006
227466,static,dynamic,68.4683,14.04,227.47,0.0965,-0.0180,68.5648,0.0261,2.998,SEARCH,0.0000,0.0000,0.0000,-0.0006
227566,static,dynamic,68.4898,14.04,227.57,0.0951,-0.0187,68.5849,0.0311,2.998,SEARCH,0.0000,0.0000,0.0000,-0.0007
227666,static,dynamic,68.5115,14.04,227.67,0.0935,-0.0183,68.6050,0.0362,2.998,SEARCH,0.0000,0.0000,0.0000,-0.0007
227766,static,dynamic,68.5329,14.04,227.77,0.0922,-0.0171,68.6251,0.0412,2.997,SEARCH,0.0000,0.0000,0.0000,-0.0008
227866,static,dynamic,68.5538,14.04,227.87,0.0916,-0.0154,68.6453,0.0462,2.997,SEARCH,0.0000,0.0000,0.0000,-0.0008
227966,static,dynamic,68.5743,14.03,227.97,0.0913,-0.0136,68.6655,0.0513,2.997,SEARCH,0.0000,0.0000,0.0000,-0.0009
228066,static,dynamic,68.5950,14.03,228.07,0.0908,-0.0120,68.6858,0.0564,2.997,SEARCH,0.0000,0.0000,0.0000,-0.0009
228166,static,dynamic,68.6158,14.03,228.17,0.0903,-0.0105,68.7061,0.0614,2.997,SEARCH,0.0000,0.0000,0.0000,-0.0009
228266,static,dynamic,68.6361,14.03,228.27,0.0904,-0.0090,68.7265,0.0665,2.997,SEARCH,0.0000,0.0000,0.0000,-0.0009
228366,static,dynamic,68.6562,14.03,228.37,0.0907,-0.0081,68.7469,0.0716,2.997,SEARCH,0.0000,0.0000,0.0000,-0.0009
228466,static,dynamic,68.6762,14.03,228.47,0.0912,-0.0073,68.7674,0.0768,2.997,SEARCH,0.0000,0.0000,0.0000,-0.0009
228566,static,dynamic,68.6960,14.03,228.57,0.0920,-0.0063,68.7879,0.0819,2.997,SEARCH,0.0000,0.0000,0.0000,-0.0009
228666,static,dynamic,68.7155,14.03,228.67,0.0931,-0.0050,68.8085,0.0870,2.997,SEARCH,0.0000,0.0000,0.0000,-0.0008
228766,static,dynamic,68.7353,14.03,228.77,0.0940,-0.0035,68.8292,0.0922,2.997,SEARCH,0.0000,0.0000,0.0000,-0.0008
228866,static,dynamic,68.7558,14.03,228.87,0.0942,-0.0015,68.8499,0.0974,2.998,SEARCH,0.0000,0.0000,0.0000,-0.0007
228966,static,dynamic,68.7767,14.03,228.97,0.0941,0.0011,68.8708,0.1026,2.998,SEARCH,0.0000,0.0000,0.0000,-0.0007
229066,static,dynamic,68.7983,14.03,229.07,0.0934,0.0044,68.8917,0.1078,2.998,SEARCH,0.0000,0.0000,0.0000,-0.0007
229166,static,dynamic,68.8200,13.59,229.17,0.0928,0.0074,68.9127,0.1130,2.998,SEARCH,0.0000,0.0000,0.0000,-0.0006
229266,static,dynamic,68.8421,11.50,229.27,0.0918,0.0113,68.9338,0.1176,2.998,SEARCH,0.0000,0.0000,0.0000,-0.0006
229366,static,dynamic,68.8645,9.38,229.37,0.0906,0.0148,68.9550,0.1214,2.998,SEARCH,0.0000,0.0000,0.0000,-0.0006
229466,static,dynamic,68.8874,7.24,229.47,0.0889,0.0180,68.9762,0.1243,2.998,SEARCH,0.0000,0.0000,0.0000,-0.0006
229566,static,dynamic,68.9106,5.09,229.57,0.0871,0.0206,68.9976,0.1265,2.998,SEARCH,0.0000,0.0000,0.0000,-0.0006
229666,static,dynamic,68.9349,2.94,229.67,0.0842,0.0235,69.0191,0.1279,2.998,SEARCH,0.0000,0.0000,0.0000,-0.0006
229766,static,dynamic,68.9595,0.81,229.77,0.0812,0.0265,69.0407,0.1284,2.998,SEARCH,0.0000,0.0000,0.0000,-0.0006
229866,static,dynamic,68.9844,-1.30,229.87,0.0781,0.0301,69.0624,0.1282,2.998,SEARCH,0.0000,0.0000,0.0000,-0.0005
229966,static,dynamic,69.0088,-3.37,229.97,0.0755,0.0332,69.0842,0.1272,2.998,SEARCH,0.0000,0.0000,0.0000,-0.0005
230066,static,dynamic,69.0327,-5.40,230.07,0.0734,0.0355,69.1061,0.1254,2.999,SEARCH,0.0000,0.0000,0.0000,-0.0004
230166,static,dynamic,69.0561,-7.38,230.17,0.0721,0.0372,69.1281,0.1228,2.999,SEARCH,0.0000,0.0000,0.0000,-0.0004
230266,static,dynamic,69.0788,-9.29,230.27,0.0715,0.0376,69.1503,0.1194,2.998,SEARCH,0.0000,0.0000,0.0000,-0.0005
230366,static,dynamic,69.1012,-11.14,230.37,0.0715,0.0366,69.1726,0.1153,2.998,SEARCH,0.0000,0.0000,0.0000,-0.0005
230466,static,dynamic,69.1236,-12.92,230.47,0.0715,0.0345,69.1950,0.1104,2.998,SEARCH,0.0000,0.0000,0.0000,-0.0005
230566,static,dynamic,69.1461,-14.03,230.57,0.0715,0.0314,69.2176,0.1048,2.999,SEARCH,0.0000,0.0000,0.0000,-0.0004
230666,static,dynamic,69.1693,-14.03,230.67,0.0710,0.0285,69.2403,0.0991,2.999,SEARCH,0.0000,0.0000,0.0000,-0.0004
230766,static,dynamic,69.1928,-14.03,230.77,0.0704,0.0261,69.2631,0.0934,2.999,SEARCH,0.0000,0.0000,0.0000,-0.0003
230866,static,dynamic,69.2160,-14.03,230.87,0.0701,0.0234,69.2860,0.0877,2.999,SEARCH,0.0000,0.0000,0.0000,-0.0003
230966,static,dynamic,69.2389,-14.03,230.97,0.0703,0.0209,69.3092,0.0819,2.999,SEARCH,0.0000,0.0000,0.0000,-0.0003
231066,static,dynamic,69.2612,-14.03,231.07,0.0713,0.0175,69.3324,0.0761,2.999,SEARCH,0.0000,0.0000,0.0000,-0.0003
231166,static,dynamic,69.2832,-14.03,231.17,0.0727,0.0146,69.3558,0.0702,2.999,SEARCH,0.0000,0.0000,0.0000,-0.0003
231266,static,dynamic,69.3054,-14.03,231.27,0.0740,0.0127,69.3794,0.0644,2.999,SEARCH,0.0000,0.0000,0.0000,-0.0003
231366,static,dynamic,69.3282,-14.04,231.37,0.0749,0.0119,69.4031,0.0584,2.999,SEARCH,0.0000,0.0000,0.0000,-0.0004
231466,static,dynamic,69.3512,-14.04,231.47,0.0757,0.0117,69.4270,0.0525,2.999,SEARCH,0.0000,0.0000,0.0000,-0.0004
231566,static,dynamic,69.3740,-14.04,231.57,0.0770,0.0117,69.4510,0.0465,2.999,SEARCH,0.0000,0.0000,0.0000,-0.0003
231666,static,dynamic,69.3966,-14.05,231.67,0.0786,0.0121,69.4752,0.0404,2.999,SEARCH,0.0000,0.0000,0.0000,-0.0003
231766,static,dynamic,69.4194,-14.05,231.77,0.0802,0.0131,69.4995,0.0343,2.999,SEARCH,0.0000,0.0000,0.0000,-0.0002
231866,static,dynamic,69.4420,-14.05,231.87,0.0820,0.0150,69.5240,0.0282,3.000,SEARCH,0.0000,0.0000,0.0000,-0.0001
231966,static,dynamic,69.4657,-14.05,231.97,0.0831,0.0174,69.5487,0.0220,3.000,SEARCH,0.0000,0.0000,0.0000,-0.0001
232066,static,dynamic,69.4901,-14.05,232.07,0.0834,0.0206,69.5736,0.0158,3.000,SEARCH,0.0000,0.0000,0.0000,-0.0000
232166,static,dynamic,69.5154,-14.06,232.17,0.0832,0.0234,69.5986,0.0095,3.000,SEARCH,0.0000,0.0000,0.0000,0.0000
232266,static,dynamic,69.5413,-14.05,232.27,0.0825,0.0260,69.6238,0.0032,3.000,SEARCH,0.0000,0.0000,0.0000,0.0000
232366,static,dynamic,69.5678,-14.05,232.37,0.0814,0.0279,69.6492,-0.0031,3.000,SEARCH,0.0000,0.0000,0.0000,0.0000
232466,static,dynamic,69.5949,-14.05,232.47,0.0799,0.0290,69.6748,-0.0095,3.000,SEARCH,0.0000,0.0000,0.0000,-0.0000
232566,static,dynamic,69.6224,-14.05,232.57,0.0781,0.0295,69.7005,-0.0159,3.000,SEARCH,0.0000,0.0000,0.0000,-0.0001
232666,static,dynamic,69.6506,-14.04,232.67,0.0759,0.0293,69.7264,-0.0224,3.000,SEARCH,0.0000,0.0000,0.0000,-0.0001
232766,static,dynamic,69.6791,-14.04,232.77,0.0734,0.0289,69.7525,-0.0289,3.000,SEARCH,0.0000,0.0000,0.0000,-0.0001
232866,static,dynamic,69.7081,-14.03,232.87,0.0708,0.0278,69.7788,-0.0355,2.999,SEARCH,0.0000,0.0000,0.0000,-0.0002
232966,static,dynamic,69.7375,-14.03,232.97,0.0679,0.0262,69.8053,-0.0421,2.999,SEARCH,0.0000,0.0000,0.0000,-0.0002
233066,static,dynamic,69.7670,-14.03,233.07,0.0650,0.0243,69.8319,-0.0488,2.999,SEARCH,0.0000,0.0000,0.0000,-0.0002
233166,static,dynamic,69.7973,-14.03,233.17,0.0615,0.0220,69.8588,-0.0555,2.999,SEARCH,0.0000,0.0000,0.0000,-0.0002
233266,static,dynamic,69.8278,-14.02,233.27,0.0581,0.0195,69.8858,-0.0623,3.000,SEARCH,0.0000,0.0000,0.0000,-0.0001
233366,static,dynamic,69.8582,-14.02,233.37,0.0550,0.0178,69.9131,-0.0691,3.000,SEARCH,0.0000,0.0000,0.0000,-0.0001
233466,static,dynamic,69.8883,-14.02,233.47,0.0523,0.0166,69.9405,-0.0759,3.000,SEARCH,0.0000,0.0000,0.0000,-0.0001
233566,static,dynamic,69.9175,-14.02,233.57,0.0507,0.0156,69.9681,-0.0828,3.000,SEARCH,0.0000,0.0000,0.0000,-0.0001
233666,static,dynamic,69.9467,-14.03,233.67,0.0493,0.0146,69.9959,-0.0898,2.999,SEARCH,0.0000,0.0000,0.0000,-0.0002
233766,static,dynamic,69.9761,-14.03,233.77,0.0480,0.0137,70.0240,-0.0968,2.999,SEARCH,0.0000,0.0000,0.0000,-0.0002
233866,static,dynamic,70.0057,-14.03,233.87,0.0465,0.0133,70.0522,-0.1038,2.999,SEARCH,0.0000,0.0000,0.0000,-0.0002
233966,static,dynamic,70.0354,-14.03,233.97,0.0453,0.0137,70.0806,-0.1109,2.999,SEARCH,0.0000,0.0000,0.0000,-0.0002
234066,static,dynamic,70.0650,-14.04,234.07,0.0443,0.0146,70.1092,-0.1181,2.999,SEARCH,0.0000,0.0000,0.0000,-0.0003
234166,static,dynamic,70.0947,-14.04,234.17,0.0434,0.0151,70.1380,-0.1253,2.999,SEARCH,0.0000,0.0000,0.0000,-0.0003
234266,static,dynamic,70.1244,-14.04,234.27,0.0427,0.0151,70.1670,-0.1325,2.999,SEARCH,0.0000,0.0000,0.0000,-0.0003
234366,static,dynamic,70.1541,-14.04,234.37,0.0423,0.0149,70.1962,-0.1398,2.999,SEARCH,0.0000,0.0000,0.0000,-0.0003
234466,static,dynamic,70.1841,-14.05,234.47,0.0417,0.0142,70.2256,-0.1472,2.999,SEARCH,0.0000,0.0000,0.0000,-0.0003
234566,static,dynamic,70.2146,-14.04,234.57,0.0408,0.0128,70.2552,-0.1546,2.999,SEARCH,0.0000,0.0000,0.0000,-0.0003
234666,static,dynamic,70.2463,-14.04,234.67,0.0389,0.0111,70.2850,-0.1620,2.999,SEARCH,0.0000,0.0000,0.0000,-0.0004
234766,static,dynamic,70.2786,-14.04,234.77,0.0366,0.0098,70.3150,-0.1695,2.999,SEARCH,0.0000,0.0000,0.0000,-0.0004
234866,static,dynamic,70.3111,-14.04,234.87,0.0343,0.0092,70.3452,-0.1771,2.999,SEARCH,0.0000,0.0000,0.0000,-0.0004
234966,static,dynamic,70.3426,-14.04,234.97,0.0332,0.0091,70.3756,-0.1847,2.999,SEARCH,0.0000,0.0000,0.0000,-0.0004
235066,static,dynamic,70.3733,-14.04,235.07,0.0331,0.0100,70.4062,-0.1923,2.999,SEARCH,0.0000,0.0000,0.0000,-0.0004
235166,static,dynamic,70.4041,-14.04,235.17,0.0332,0.0116,70.4370,-0.2000,2.999,SEARCH,0.0000,0.0000,0.0000,-0.0004
235266,static,dynamic,70.4353,-14.04,235.27,0.0330,0.0137,70.4680,-0.2078,2.999,SEARCH,0.0000,0.0000,0.0000,-0.0004
235366,static,dynamic,70.4667,-14.04,235.37,0.0328,0.0156,70.4992,-0.2156,2.999,SEARCH,0.0000,0.0000,0.0000,-0.0004
235466,static,dynamic,70.4987,-14.04,235.47,0.0323,0.0169,70.5305,-0.2234,2.999,SEARCH,0.0000,0.0000,0.0000,-0.0003
235566,static,dynamic,70.5315,-14.04,235.57,0.0311,0.0177,70.5621,-0.2313,2.999,SEARCH,0.0000,0.0000,0.0000,-0.0003
235666,static,dynamic,70.5654,-14.04,235.67,0.0290,0.0184,70.5939,-0.2393,2.999,SEARCH,0.0000,0.0000,0.0000,-0.0003
235766,static,dynamic,70.6000,-14.04,235.77,0.0264,0.0191,70.6259,-0.2473,2.999,SEARCH,0.0000,0.0000,0.0000,-0.0002
235866,static,dynamic,70.6350,-14.04,235.87,0.0237,0.0192,70.6581,-0.2553,2.999,SEARCH,0.0000,0.0000,0.0000,-0.0002
235966,static,dynamic,70.6696,-14.03,235.97,0.0215,0.0190,70.6905,-0.2634,2.999,SEARCH,0.0000,0.0000,0.0000,-0.0002
236066,static,dynamic,70.7040,-14.03,236.07,0.0196,0.0185,70.7230,-0.2716,3.000,SEARCH,0.0000,0.0000,0.0000,-0.0001
236166,static,dynamic,70.7386,-13.09,236.17,0.0179,0.0178,70.7558,-0.2794,3.000,SEARCH,0.0000,0.0000,0.0000,-0.0001
236266,static,dynamic,70.7737,-12.01,236.27,0.0157,0.0169,70.7888,-0.2866,3.000,SEARCH,0.0000,0.0000,0.0000,-0.0000
236366,static,dynamic,70.8090,-10.92,236.37,0.0136,0.0164,70.8219,-0.2933,3.000,SEARCH,0.0000,0.0000,0.0000,0.0000
236466,static,dynamic,70.8444,-9.83,236.47,0.0116,0.0165,70.8552,-0.2993,3.000,SEARCH,0.0000,0.0000,0.0000,0.0000
236566,static,dynamic,70.8789,-8.75,236.57,0.0105,0.0176,70.8888,-0.3046,3.000,SEARCH,0.0000,0.0000,0.0000,0.0001
236666,static,dynamic,70.9129,-7.66,236.67,0.0103,0.0199,70.9225,-0.3094,3.000,SEARCH,0.0000,0.0000,0.0000,0.0001
236766,static,dynamic,70.9465,-6.58,236.77,0.0106,0.0224,70.9564,-0.3135,3.000,SEARCH,0.0000,0.0000,0.0000,0.0000
236866,static,dynamic,70.9803,-5.52,236.87,0.0109,0.0249,70.9904,-0.3170,3.000,SEARCH,0.0000,0.0000,0.0000,-0.0000
236966,static,dynamic,71.0142,-4.46,236.97,0.0114,0.0275,71.0247,-0.3199,3.000,SEARCH,0.0000,0.0000,0.0000,-0.0000
237066,static,dynamic,71.0484,-3.41,237.07,0.0115,0.0300,71.0591,-0.3222,3.000,SEARCH,0.0000,0.0000,0.0000,-0.0000
237166,static,dynamic,71.0829,-2.38,237.17,0.0118,0.0324,71.0937,-0.3238,3.000,SEARCH,0.0000,0.0000,0.0000,-0.0000
237266,static,dynamic,71.1173,-1.37,237.27,0.0121,0.0350,71.1285,-0.3248,3.000,SEARCH,0.0000,0.0000,0.0000,0.0000
237366,static,dynamic,71.1514,-0.37,237.37,0.0131,0.0379,71.1635,-0.3252,3.000,SEARCH,0.0000,0.0000,0.0000,0.0001
237466,static,dynamic,71.1850,0.60,237.47,0.0146,0.0404,71.1986,-0.3251,3.001,SEARCH,0.0000,0.0000,0.0000,0.0002
237566,static,dynamic,71.2189,1.55,237.57,0.0160,0.0426,71.2339,-0.3243,3.001,SEARCH,0.0000,0.0000,0.0000,0.0002
237666,static,dynamic,71.2532,2.47,237.67,0.0172,0.0448,71.2694,-0.3230,3.001,SEARCH,0.0000,0.0000,0.0000,0.0003
237766,static,dynamic,71.2877,3.36,237.77,0.0183,0.0468,71.3051,-0.3211,3.001,SEARCH,0.0000,0.0000,0.0000,0.0003
237866,static,dynamic,71.3220,4.22,237.87,0.0199,0.0480,71.3409,-0.3186,3.001,SEARCH,0.0000,0.0000,0.0000,0.0004
237966,static,dynamic,71.3561,5.06,237.97,0.0217,0.0486,71.3769,-0.3156,3.001,SEARCH,0.0000,0.0000,0.0000,0.0004
238066,static,dynamic,71.3903,5.86,238.07,0.0236,0.0491,71.4130,-0.3120,3.001,SEARCH,0.0000,0.0000,0.0000,0.0004
238166,static,dynamic,71.4246,6.62,238.17,0.0255,0.0492,71.4493,-0.3080,3.001,SEARCH,0.0000,0.0000,0.0000,0.0003
238266,static,dynamic,71.4592,7.35,238.27,0.0274,0.0486,71.4857,-0.3035,3.001,SEARCH,0.0000,0.0000,0.0000,0.0003
238366,static,dynamic,71.4938,8.05,238.37,0.0293,0.0473,71.5223,-0.2984,3.001,SEARCH,0.0000,0.0000,0.0000,0.0002
238466,static,dynamic,71.5280,8.71,238.47,0.0318,0.0449,71.5590,-0.2929,3.000,SEARCH,0.0000,0.0000,0.0000,0.0001
238566,static,dynamic,71.5617,9.34,238.57,0.0349,0.0417,71.5959,-0.2870,3.000,SEARCH,0.0000,0.0000,0.0000,0.0000
238666,static,dynamic,71.5944,9.93,238.67,0.0392,0.0373,71.6330,-0.2807,3.000,SEARCH,0.0000,0.0000,0.0000,-0.0000
238766,static,dynamic,71.6275,10.48,238.77,0.0433,0.0328,71.6701,-0.2739,3.000,SEARCH,0.0000,0.0000,0.0000,-0.0001
238866,static,dynamic,71.6609,11.00,238.87,0.0471,0.0279,71.7074,-0.2668,3.000,SEARCH,0.0000,0.0000,0.0000,-0.0001
238966,static,dynamic,71.6953,11.47,238.97,0.0501,0.0228,71.7449,-0.2593,3.000,SEARCH,0.0000,0.0000,0.0000,-0.0001
239066,static,dynamic,71.7306,11.91,239.07,0.0524,0.0167,71.7825,-0.2515,3.000,SEARCH,0.0000,0.0000,0.0000,-0.0000
239166,static,dynamic,71.7669,12.32,239.17,0.0538,0.0111,71.8202,-0.2433,3.000,SEARCH,0.0000,0.0000,0.0000,0.0000
239266,static,dynamic,71.8039,12.68,239.27,0.0546,0.0059,71.8580,-0.2349,3.000,SEARCH,0.0000,0.0000,0.0000,0.0001
239366,static,dynamic,71.8411,13.01,239.37,0.0552,0.0011,71.8960,-0.2262,3.000,SEARCH,0.0000,0.0000,0.0000,0.0001
239466,static,dynamic,71.8789,13.31,239.47,0.0555,-0.0033,71.9340,-0.2172,3.001,SEARCH,0.0000,0.0000,0.0000,0.0002
239566,static,dynamic,71.9171,13.56,239.57,0.0554,-0.0066,71.9722,-0.2081,3.001,SEARCH,0.0000,0.0000,0.0000,0.0002
239666,static,dynamic,71.9555,13.78,239.67,0.0552,-0.0093,72.0105,-0.1987,3.001,SEARCH,0.0000,0.0000,0.0000,0.0002
239766,static,dynamic,71.9933,13.97,239.77,0.0558,-0.0111,72.0489,-0.1892,3.001,SEARCH,0.0000,0.0000,0.0000,0.0002
239866,static,dynamic,72.0305,14.03,239.87,0.0571,-0.0129,72.0875,-0.1796,3.001,SEARCH,0.0000,0.0000,0.0000,0.0002
239966,static,dynamic,72.0676,14.03,239.97,0.0587,-0.0145,72.1261,-0.1699,3.001,SEARCH,0.0000,0.0000,0.0000,0.0002
240066,static,dynamic,72.1047,14.03,240.07,0.0603,-0.0161,72.1648,-0.1603,3.001,SEARCH,0.0000,0.0000,0.0000,0.0003
240166,static,dynamic,72.1416,14.03,240.17,0.0622,-0.0174,72.2036,-0.1506,3.001,SEARCH,0.0000,0.0000,0.0000,0.0004
240266,static,dynamic,72.1776,14.03,240.27,0.0650,-0.0191,72.2425,-0.1408,3.001,SEARCH,0.0000,0.0000,0.0000,0.0004
240366,static,dynamic,72.2137,14.03,240.37,0.0679,-0.0205,72.2815,-0.1311,3.001,SEARCH,0.0000,0.0000,0.0000,0.0004
240466,static,dynamic,72.2499,14.03,240.47,0.0708,-0.0220,72.3206,-0.1213,3.001,SEARCH,0.0000,0.0000,0.0000,0.0003
240566,static,dynamic,72.2860,14.04,240.57,0.0739,-0.0240,72.3598,-0.1115,3.001,SEARCH,0.0000,0.0000,0.0000,0.0003
240666,static,dynamic,72.3228,14.04,240.67,0.0763,-0.0262,72.3990,-0.1017,3.001,SEARCH,0.0000,0.0000,0.0000,0.0003
240766,static,dynamic,72.3603,13.95,240.77,0.0781,-0.0288,72.4384,-0.0919,3.001,SEARCH,0.0000,0.0000,0.0000,0.0002
240866,static,dynamic,72.3988,13.77,240.87,0.0790,-0.0309,72.4777,-0.0822,3.001,SEARCH,0.0000,0.0000,0.0000,0.0002
240966,static,dynamic,72.4374,13.55,240.97,0.0798,-0.0321,72.5172,-0.0727,3.001,SEARCH,0.0000,0.0000,0.0000,0.0002
241066,static,dynamic,72.4754,13.31,241.07,0.0813,-0.0332,72.5567,-0.0632,3.000,SEARCH,0.0000,0.0000,0.0000,0.0001
241166,static,dynamic,72.5137,13.03,241.17,0.0826,-0.0345,72.5963,-0.0540,3.000,SEARCH,0.0000,0.0000,0.0000,0.0001
241266,static,dynamic,72.5523,12.73,241.27,0.0837,-0.0358,72.6359,-0.0450,3.000,SEARCH,0.0000,0.0000,0.0000,0.0001
241366,static,dynamic,72.5916,12.40,241.37,0.0840,-0.0367,72.6756,-0.0362,3.000,SEARCH,0.0000,0.0000,0.0000,0.0001
241466,static,dynamic,72.6317,12.05,241.47,0.0836,-0.0377,72.7154,-0.0276,3.000,SEARCH,0.0000,0.0000,0.0000,0.0001
241566,static,dynamic,72.6722,11.67,241.57,0.0829,-0.0386,72.7551,-0.0193,3.000,SEARCH,0.0000,0.0000,0.0000,0.0001
241666,static,dynamic,72.7129,11.26,241.67,0.0821,-0.0397,72.7950,-0.0112,3.000,SEARCH,0.0000,0.0000,0.0000,0.0001
241766,static,dynamic,72.7543,10.83,241.77,0.0805,-0.0400,72.8348,-0.0035,3.001,SEARCH,0.0000,0.0000,0.0000,0.0002
241866,static,dynamic,72.7968,10.38,241.87,0.0779,-0.0396,72.8747,0.0039,3.001,SEARCH,0.0000,0.0000,0.0000,0.0002
241966,static,dynamic,72.8399,9.91,241.97,0.0747,-0.0389,72.9146,0.0110,3.001,SEARCH,0.0000,0.0000,0.0000,0.0003
242066,static,dynamic,72.8835,9.41,242.07,0.0711,-0.0378,72.9545,0.0178,3.001,SEARCH,0.0000,0.0000,0.0000,0.0004
242166,static,dynamic,72.9266,8.90,242.17,0.0679,-0.0371,72.9945,0.0242,3.001,SEARCH,0.0000,0.0000,0.0000,0.0004
242266,static,dynamic,72.9698,8.37,242.27,0.0647,-0.0362,73.0345,0.0302,3.001,SEARCH,0.0000,0.0000,0.0000,0.0004
242366,static,dynamic,73.0127,7.82,242.37,0.0618,-0.0351,73.0745,0.0358,3.001,SEARCH,0.0000,0.0000,0.0000,0.0004
242466,static,dynamic,73.0557,7.25,242.47,0.0588,-0.0340,73.1145,0.0410,3.001,SEARCH,0.0000,0.0000,0.0000,0.0004
242566,static,dynamic,73.0977,6.67,242.57,0.0568,-0.0329,73.1545,0.0458,3.002,SEARCH,0.0000,0.0000,0.0000,0.0005
242666,static,dynamic,73.1393,6.07,242.67,0.0552,-0.0316,73.1945,0.0502,3.002,SEARCH,0.0000,0.0000,0.0000,0.0005
242766,static,dynamic,73.1802,5.46,242.77,0.0543,-0.0307,73.2345,0.0542,3.001,SEARCH,0.0000,0.0000,0.0000,0.0004
242866,static,dynamic,73.2204,4.84,242.87,0.0541,-0.0307,73.2744,0.0577,3.001,SEARCH,0.0000,0.0000,0.0000,0.0004
242966,static,dynamic,73.2601,4.21,242.97,0.0544,-0.0309,73.3144,0.0608,3.001,SEARCH,0.0000,0.0000,0.0000,0.0004
243066,static,dynamic,73.2991,3.57,243.07,0.0554,-0.0308,73.3544,0.0634,3.001,SEARCH,0.0000,0.0000,0.0000,0.0003
243166,static,dynamic,73.3379,2.92,243.17,0.0564,-0.0303,73.3943,0.0656,3.001,SEARCH,0.0000,0.0000,0.0000,0.0003
243266,static,dynamic,73.3764,2.26,243.27,0.0579,-0.0291,73.4342,0.0674,3.001,SEARCH,0.0000,0.0000,0.0000,0.0002
243366,static,dynamic,73.4149,1.61,243.37,0.0593,-0.0281,73.4741,0.0686,3.000,SEARCH,0.0000,0.0000,0.0000,0.0001
243466,static,dynamic,73.4531,0.95,243.47,0.0610,-0.0279,73.5140,0.0694,3.000,SEARCH,0.0000,0.0000,0.0000,0.0001
243566,static,dynamic,73.4915,0.29,243.57,0.0624,-0.0289,73.5538,0.0698,3.000,SEARCH,0.0000,0.0000,0.0000,0.0001
243666,static,dynamic,73.5299,-0.37,243.67,0.0638,-0.0314,73.5936,0.0697,3.001,SEARCH,0.0000,0.0000,0.0000,0.0002
243766,static,dynamic,73.5693,-1.02,243.77,0.0641,-0.0348,73.6333,0.0691,3.001,SEARCH,0.0000,0.0000,0.0000,0.0003
243866,static,dynamic,73.6096,-1.67,243.87,0.0635,-0.0390,73.6730,0.0681,3.002,SEARCH,0.0000,0.0000,0.0000,0.0005
243966,static,dynamic,73.6502,-2.31,243.97,0.0626,-0.0430,73.7127,0.0667,3.002,SEARCH,0.0000,0.0000,0.0000,0.0006
244066,static,dynamic,73.6907,-2.94,244.07,0.0616,-0.0472,73.7522,0.0648,3.003,SEARCH,0.0000,0.0000,0.0000,0.0008
244166,static,dynamic,73.7308,-3.57,244.17,0.0611,-0.0505,73.7918,0.0625,3.003,SEARCH,0.0000,0.0000,0.0000,0.0009
244266,static,dynamic,73.7699,-4.19,244.27,0.0614,-0.0534,73.8312,0.0597,3.003,SEARCH,0.0000,0.0000,0.0000,0.0010
244366,static,dynamic,73.8084,-4.79,244.37,0.0623,-0.0561,73.8706,0.0565,3.004,SEARCH,0.0000,0.0000,0.0000,0.0011
244466,static,dynamic,73.8467,-5.39,244.47,0.0633,-0.0578,73.9100,0.0529,3.004,SEARCH,0.0000,0.0000,0.0000,0.0012
244566,static,dynamic,73.8853,-5.97,244.57,0.0640,-0.0586,73.9492,0.0490,3.004,SEARCH,0.0000,0.0000,0.0000,0.0012
244666,static,dynamic,73.9240,-6.53,244.67,0.0645,-0.0590,73.9884,0.0446,3.004,SEARCH,0.0000,0.0000,0.0000,0.0013
244766,static,dynamic,73.9628,-7.08,244.77,0.0648,-0.0587,74.0275,0.0399,3.004,SEARCH,0.0000,0.0000,0.0000,0.0013
244866,static,dynamic,74.0017,-7.61,244.87,0.0649,-0.0577,74.0665,0.0348,3.004,SEARCH,0.0000,0.0000,0.0000,0.0013
244966,static,dynamic,74.0412,-8.12,244.97,0.0642,-0.0559,74.1054,0.0294,3.004,SEARCH,0.0000,0.0000,0.0000,0.0013
245066,static,dynamic,74.0812,-8.61,245.07,0.0630,-0.0530,74.1442,0.0236,3.004,SEARCH,0.0000,0.0000,0.0000,0.0013
245166,static,dynamic,74.1210,-9.07,245.17,0.0620,-0.0505,74.1830,0.0175,3.004,SEARCH,0.0000,0.0000,0.0000,0.0013
245266,static,dynamic,74.1604,-9.52,245.27,0.0612,-0.0481,74.2216,0.0112,3.004,SEARCH,0.0000,0.0000,0.0000,0.0012
245366,static,dynamic,74.1992,-9.93,245.37,0.0610,-0.0459,74.2601,0.0045,3.004,SEARCH,0.0000,0.0000,0.0000,0.0011
245466,static,dynamic,74.2375,-10.32,245.47,0.0611,-0.0441,74.2986,-0.0024,3.003,SEARCH,0.0000,0.0000,0.0000,0.0010
245566,static,dynamic,74.2760,-10.69,245.57,0.0609,-0.0433,74.3369,-0.0095,3.003,SEARCH,0.0000,0.0000,0.0000,0.0010
245666,static,dynamic,74.3144,-11.03,245.67,0.0607,-0.0432,74.3751,-0.0169,3.003,SEARCH,0.0000,0.0000,0.0000,0.0009
245766,static,dynamic,74.3522,-11.33,245.77,0.0609,-0.0439,74.4132,-0.0244,3.003,SEARCH,0.0000,0.0000,0.0000,0.0008
245866,static,dynamic,74.3894,-11.61,245.87,0.0617,-0.0454,74.4511,-0.0322,3.002,SEARCH,0.0000,0.0000,0.0000,0.0007
245966,static,dynamic,74.4259,-11.86,245.97,0.0630,-0.0472,74.4890,-0.0401,3.002,SEARCH,0.0000,0.0000,0.0000,0.0006
246066,static,dynamic,74.4615,-12.09,246.07,0.0652,-0.0496,74.5267,-0.0481,3.002,SEARCH,0.0000,0.0000,0.0000,0.0006
246166,static,dynamic,74.4965,-12.28,246.17,0.0678,-0.0523,74.5643,-0.0562,3.002,SEARCH,0.0000,0.0000,0.0000,0.0005
246266,static,dynamic,74.5316,-12.45,246.27,0.0702,-0.0553,74.6017,-0.0645,3.001,SEARCH,0.0000,0.0000,0.0000,0.0004
246366,static,dynamic,74.5671,-12.59,246.37,0.0719,-0.0576,74.6391,-0.0728,3.001,SEARCH,0.0000,0.0000,0.0000,0.0003
246466,static,dynamic,74.6031,-12.70,246.47,0.0731,-0.0597,74.6762,-0.0812,3.001,SEARCH,0.0000,0.0000,0.0000,0.0003
246566,static,dynamic,74.6401,-12.77,246.57,0.0732,-0.0609,74.7133,-0.0896,3.001,SEARCH,0.0000,0.0000,0.0000,0.0003
246666,static,dynamic,74.6778,-12.82,246.67,0.0724,-0.0615,74.7502,-0.0979,3.001,SEARCH,0.0000,0.0000,0.0000,0.0002
246766,static,dynamic,74.7156,-12.83,246.77,0.0714,-0.0616,74.7869,-0.1063,3.001,SEARCH,0.0000,0.0000,0.0000,0.0002
246866,static,dynamic,74.7535,-12.81,246.87,0.0701,-0.0613,74.8236,-0.1147,3.000,SEARCH,0.0000,0.0000,0.0000,0.0001
246966,static,dynamic,74.7915,-12.76,246.97,0.0686,-0.0609,74.8600,-0.1229,3.000,SEARCH,0.0000,0.0000,0.0000,0.0001
247066,static,dynamic,74.8296,-12.67,247.07,0.0667,-0.0606,74.8963,-0.1311,3.001,SEARCH,0.0000,0.0000,0.0000,0.0002
247166,static,dynamic,74.8674,-12.54,247.17,0.0651,-0.0608,74.9325,-0.1392,3.001,SEARCH,0.0000,0.0000,0.0000,0.0002
247266,static,dynamic,74.9052,-12.38,247.27,0.0633,-0.0620,74.9684,-0.1471,3.001,SEARCH,0.0000,0.0000,0.0000,0.0002
247366,static,dynamic,74.9427,-12.19,247.37,0.0616,-0.0640,75.0043,-0.1549,3.001,SEARCH,0.0000,0.0000,0.0000,0.0002
247466,static,dynamic,74.9799,-11.96,247.47,0.0600,-0.0661,75.0399,-0.1625,3.001,SEARCH,0.0000,0.0000,0.0000,0.0002
247566,static,dynamic,75.0165,-11.69,247.57,0.0590,-0.0683,75.0754,-0.1699,3.000,SEARCH,0.0000,0.0000,0.0000,0.0001
247666,static,dynamic,75.0515,-11.39,247.67,0.0594,-0.0691,75.1107,-0.1771,3.000,SEARCH,0.0000,0.0000,0.0000,-0.0000
247766,static,dynamic,75.0851,-11.06,247.77,0.0609,-0.0683,75.1459,-0.1840,3.000,SEARCH,0.0000,0.0000,0.0000,-0.0001
247866,static,dynamic,75.1179,-10.69,247.87,0.0631,-0.0660,75.1809,-0.1907,2.999,SEARCH,0.0000,0.0000,0.0000,-0.0002
247966,static,dynamic,75.1503,-10.28,247.97,0.0655,-0.0628,75.2157,-0.1971,2.999,SEARCH,0.0000,0.0000,0.0000,-0.0003
248066,static,dynamic,75.1819,-9.84,248.07,0.0686,-0.0591,75.2503,-0.2032,2.999,SEARCH,0.0000,0.0000,0.0000,-0.0004
248166,static,dynamic,75.2129,-9.37,248.17,0.0720,-0.0555,75.2848,-0.2090,2.998,SEARCH,0.0000,0.0000,0.0000,-0.0005
248266,static,dynamic,75.2431,-8.86,248.27,0.0761,-0.0514,75.3191,-0.2144,2.998,SEARCH,0.0000,0.0000,0.0000,-0.0005
248366,static,dynamic,75.2734,-8.32,248.37,0.0800,-0.0475,75.3532,-0.2195,2.998,SEARCH,0.0000,0.0000,0.0000,-0.0005
248466,static,dynamic,75.3036,-7.74,248.47,0.0837,-0.0427,75.3871,-0.2242,2.998,SEARCH,0.0000,0.0000,0.0000,-0.0005
248566,static,dynamic,75.3346,-7.13,248.57,0.0864,-0.0379,75.4208,-0.2286,2.998,SEARCH,0.0000,0.0000,0.0000,-0.0006
248666,static,dynamic,75.3662,-6.49,248.67,0.0884,-0.0335,75.4543,-0.2325,2.998,SEARCH,0.0000,0.0000,0.0000,-0.0006
248766,static,dynamic,75.3973,-5.82,248.77,0.0906,-0.0297,75.4877,-0.2360,2.998,SEARCH,0.0000,0.0000,0.0000,-0.0007
248866,static,dynamic,75.4278,-5.11,248.87,0.0933,-0.0267,75.5208,-0.2391,2.998,SEARCH,0.0000,0.0000,0.0000,-0.0007
248966,static,dynamic,75.4581,-4.38,248.97,0.0961,-0.0248,75.5538,-0.2418,2.998,SEARCH,0.0000,0.0000,0.0000,-0.0007
249066,static,dynamic,75.4876,-3.61,249.07,0.0993,-0.0233,75.5866,-0.2440,2.998,SEARCH,0.0000,0.0000,0.0000,-0.0007
249166,static,dynamic,75.5171,-2.81,249.17,0.1024,-0.0225,75.6192,-0.2457,2.998,SEARCH,0.0000,0.0000,0.0000,-0.0005
249266,static,dynamic,75.5473,-1.99,249.27,0.1046,-0.0225,75.6516,-0.2470,2.999,SEARCH,0.0000,0.0000,0.0000,-0.0004
249366,static,dynamic,75.5793,-1.14,249.37,0.1048,-0.0225,75.6838,-0.2478,2.999,SEARCH,0.0000,0.0000,0.0000,-0.0002
249466,static,dynamic,75.6125,-0.27,249.47,0.1036,-0.0223,75.7158,-0.2481,3.000,SEARCH,0.0000,0.0000,0.0000,0.0000
249566,static,dynamic,75.6462,0.63,249.57,0.1017,-0.0219,75.7476,-0.2480,3.001,SEARCH,0.0000,0.0000,0.0000,0.0002
249666,static,dynamic,75.6799,1.54,249.67,0.0996,-0.0215,75.7792,-0.2473,3.001,SEARCH,0.0000,0.0000,0.0000,0.0004
249766,static,dynamic,75.7131,2.48,249.77,0.0979,-0.0206,75.8106,-0.2461,3.002,SEARCH,0.0000,0.0000,0.0000,0.0005
249866,static,dynamic,75.7462,3.42,249.87,0.0960,-0.0195,75.8418,-0.2444,3.002,SEARCH,0.0000,0.0000,0.0000,0.0006
249966,static,dynamic,75.7794,4.38,249.97,0.0937,-0.0186,75.8728,-0.2422,3.002,SEARCH,0.0000,0.0000,0.0000,0.0006
250066,static,dynamic,75.8126,5.35,250.07,0.0914,-0.0175,75.9037,-0.2395,3.002,SEARCH,0.0000,0.0000,0.0000,0.0007
250166,static,dynamic,75.8453,6.32,250.17,0.0893,-0.0155,75.9343,-0.2363,3.003,SEARCH,0.0000,0.0000,0.0000,0.0008
250266,static,dynamic,75.8772,7.31,250.27,0.0879,-0.0126,75.9647,-0.2326,3.003,SEARCH,0.0000,0.0000,0.0000,0.0008
250366,static,dynamic,75.9088,8.29,250.37,0.0864,-0.0090,75.9949,-0.2283,3.003,SEARCH,0.0000,0.0000,0.0000,0.0008
250466,static,dynamic,75.9403,9.29,250.47,0.0850,-0.0044,76.0249,-0.2236,3.003,SEARCH,0.0000,0.0000,0.0000,0.0008
250566,static,dynamic,75.9716,10.28,250.57,0.0835,0.0009,76.0547,-0.2184,3.003,SEARCH,0.0000,0.0000,0.0000,0.0008
250666,static,dynamic,76.0026,11.26,250.67,0.0821,0.0054,76.0844,-0.2126,3.003,SEARCH,0.0000,0.0000,0.0000,0.0009
250766,static,dynamic,76.0336,12.25,250.77,0.0805,0.0096,76.1138,-0.2064,3.003,SEARCH,0.0000,0.0000,0.0000,0.0009
250866,static,dynamic,76.0647,13.22,250.87,0.0786,0.0132,76.1430,-0.1997,3.003,SEARCH,0.0000,0.0000,0.0000,0.0008
250966,static,dynamic,76.0954,14.03,250.97,0.0769,0.0160,76.1720,-0.1926,3.003,SEARCH,0.0000,0.0000,0.0000,0.0008
251066,static,dynamic,76.1255,14.04,251.07,0.0756,0.0181,76.2008,-0.1854,3.003,SEARCH,0.0000,0.0000,0.0000,0.0008
251166,static,dynamic,76.1548,14.04,251.17,0.0749,0.0193,76.2295,-0.1782,3.003,SEARCH,0.0000,0.0000,0.0000,0.0008
251266,static,dynamic,76.1834,14.04,251.27,0.0747,0.0202,76.2579,-0.1711,3.003,SEARCH,0.0000,0.0000,0.0000,0.0008
251366,static,dynamic,76.2112,14.05,251.37,0.0751,0.0207,76.2861,-0.1641,3.002,SEARCH,0.0000,0.0000,0.0000,0.0007
251466,static,dynamic,76.2385,14.05,251.47,0.0758,0.0215,76.3141,-0.1571,3.002,SEARCH,0.0000,0.0000,0.0000,0.0006
251566,static,dynamic,76.2651,14.05,251.57,0.0771,0.0226,76.3420,-0.1501,3.002,SEARCH,0.0000,0.0000,0.0000,0.0006
251666,static,dynamic,76.2910,14.05,251.67,0.0788,0.0235,76.3696,-0.1432,3.002,SEARCH,0.0000,0.0000,0.0000,0.0005
251766,static,dynamic,76.3164,14.04,251.77,0.0808,0.0240,76.3971,-0.1363,3.002,SEARCH,0.0000,0.0000,0.0000,0.0005
251866,static,dynamic,76.3413,14.04,251.87,0.0832,0.0243,76.4243,-0.1295,3.001,SEARCH,0.0000,0.0000,0.0000,0.0004
251966,static,dynamic,76.3660,14.04,251.97,0.0856,0.0240,76.4514,-0.1227,3.001,SEARCH,0.0000,0.0000,0.0000,0.0003
252066,static,dynamic,76.3901,14.04,252.07,0.0883,0.0232,76.4783,-0.1160,3.001,SEARCH,0.0000,0.0000,0.0000,0.0002
252166,static,dynamic,76.4145,14.04,252.17,0.0905,0.0214,76.5049,-0.1094,3.000,SEARCH,0.0000,0.0000,0.0000,0.0001
252266,static,dynamic,76.4390,14.04,252.27,0.0926,0.0187,76.5314,-0.1027,3.000,SEARCH,0.0000,0.0000,0.0000,0.0000
252366,static,dynamic,76.4639,14.04,252.37,0.0939,0.0165,76.5577,-0.0962,3.000,SEARCH,0.0000,0.0000,0.0000,-0.0000
252466,static,dynamic,76.4892,14.04,252.47,0.0948,0.0147,76.5839,-0.0896,3.000,SEARCH,0.0000,0.0000,0.0000,-0.0001
252566,static,dynamic,76.5145,14.04,252.57,0.0954,0.0129,76.6098,-0.0831,2.999,SEARCH,0.0000,0.0000,0.0000,-0.0002
252666,static,dynamic,76.5393,14.04,252.67,0.0963,0.0104,76.6356,-0.0767,2.999,SEARCH,0.0000,0.0000,0.0000,-0.0002
252766,static,dynamic,76.5639,14.04,252.77,0.0972,0.0073,76.6611,-0.0703,2.999,SEARCH,0.0000,0.0000,0.0000,-0.0002
252866,static,dynamic,76.5887,14.04,252.87,0.0979,0.0037,76.6865,-0.0640,2.999,SEARCH,0.0000,0.0000,0.0000,-0.0002
252966,static,dynamic,76.6141,14.04,252.97,0.0977,-0.0001,76.7117,-0.0577,2.999,SEARCH,0.0000,0.0000,0.0000,-0.0002
253066,static,dynamic,76.6400,14.04,253.07,0.0968,-0.0040,76.7368,-0.0514,2.999,SEARCH,0.0000,0.0000,0.0000,-0.0002
253166,static,dynamic,76.6658,14.04,253.17,0.0959,-0.0075,76.7617,-0.0452,2.999,SEARCH,0.0000,0.0000,0.0000,-0.0002
253266,static,dynamic,76.6912,14.04,253.27,0.0952,-0.0110,76.7864,-0.0390,3.000,SEARCH,0.0000,0.0000,0.0000,-0.0001
253366,static,dynamic,76.7160,14.04,253.37,0.0949,-0.0139,76.8109,-0.0329,3.000,SEARCH,0.0000,0.0000,0.0000,-0.0001
253466,static,dynamic,76.7403,14.04,253.47,0.0950,-0.0168,76.8353,-0.0268,3.000,SEARCH,0.0000,0.0000,0.0000,-0.0000
253566,static,dynamic,76.7645,14.03,253.57,0.0950,-0.0189,76.8595,-0.0207,3.000,SEARCH,0.0000,0.0000,0.0000,0.0000
253666,static,dynamic,76.7887,14.03,253.67,0.0949,-0.0200,76.8835,-0.0147,3.000,SEARCH,0.0000,0.0000,0.0000,0.0001
253766,static,dynamic,76.8132,14.03,253.77,0.0942,-0.0195,76.9074,-0.0087,3.000,SEARCH,0.0000,0.0000,0.0000,0.0001
253866,static,dynamic,76.8379,14.03,253.87,0.0932,-0.0181,76.9311,-0.0028,3.000,SEARCH,0.0000,0.0000,0.0000,0.0001
253966,static,dynamic,76.8625,14.03,253.97,0.0922,-0.0162,76.9547,0.0031,3.000,SEARCH,0.0000,0.0000,0.0000,0.0001
254066,static,dynamic,76.8869,14.02,254.07,0.0912,-0.0143,76.9781,0.0089,3.000,SEARCH,0.0000,0.0000,0.0000,0.0001
254166,static,dynamic,76.9110,14.02,254.17,0.0904,-0.0119,77.0014,0.0148,3.000,SEARCH,0.0000,0.0000,0.0000,0.0001
254266,static,dynamic,76.9344,14.02,254.27,0.0902,-0.0095,77.0245,0.0205,3.000,SEARCH,0.0000,0.0000,0.0000,0.0001
254366,static,dynamic,76.9574,14.02,254.37,0.0901,-0.0068,77.0475,0.0263,3.000,SEARCH,0.0000,0.0000,0.0000,0.0001
254466,static,dynamic,76.9803,14.02,254.47,0.0901,-0.0040,77.0703,0.0320,3.000,SEARCH,0.0000,0.0000,0.0000,-0.0000
254566,static,dynamic,77.0030,14.03,254.57,0.0901,-0.0009,77.0930,0.0377,3.000,SEARCH,0.0000,0.0000,0.0000,-0.0001
254666,static,dynamic,77.0253,14.03,254.67,0.0903,0.0019,77.1156,0.0433,3.000,SEARCH,0.0000,0.0000,0.0000,-0.0001
254766,static,dynamic,77.0478,14.04,254.77,0.0902,0.0044,77.1380,0.0489,2.999,SEARCH,0.0000,0.0000,0.0000,-0.0002
254866,static,dynamic,77.0706,14.04,254.87,0.0897,0.0069,77.1603,0.0545,2.999,SEARCH,0.0000,0.0000,0.0000,-0.0002
254966,static,dynamic,77.0936,14.04,254.97,0.0889,0.0090,77.1825,0.0600,2.999,SEARCH,0.0000,0.0000,0.0000,-0.0002
255066,static,dynamic,77.1175,14.04,255.07,0.0871,0.0108,77.2046,0.0656,2.999,SEARCH,0.0000,0.0000,0.0000,-0.0002
255166,static,dynamic,77.1412,14.04,255.17,0.0854,0.0121,77.2265,0.0710,2.999,SEARCH,0.0000,0.0000,0.0000,-0.0002
255266,static,dynamic,77.1649,14.04,255.27,0.0835,0.0138,77.2483,0.0765,2.999,SEARCH,0.0000,0.0000,0.0000,-0.0002
255366,static,dynamic,77.1884,14.04,255.37,0.0817,0.0150,77.2700,0.0819,3.000,SEARCH,0.0000,0.0000,0.0000,-0.0001
255466,static,dynamic,77.2118,14.04,255.47,0.0799,0.0160,77.2916,0.0873,3.000,SEARCH,0.0000,0.0000,0.0000,-0.0001
255566,static,dynamic,77.2351,14.04,255.57,0.0780,0.0168,77.3131,0.0927,3.000,SEARCH,0.0000,0.0000,0.0000,-0.0001
255666,static,dynamic,77.2583,14.04,255.67,0.0762,0.0178,77.3345,0.0980,3.000,SEARCH,0.0000,0.0000,0.0000,-0.0001
255766,static,dynamic,77.2811,14.04,255.77,0.0747,0.0187,77.3558,0.1034,3.000,SEARCH,0.0000,0.0000,0.0000,-0.0000
255866,static,dynamic,77.3035,14.04,255.87,0.0735,0.0196,77.3770,0.1087,3.000,SEARCH,0.0000,0.0000,0.0000,0.0000
255966,static,dynamic,77.3253,14.03,255.97,0.0728,0.0209,77.3981,0.1139,3.000,SEARCH,0.0000,0.0000,0.0000,0.0000
256066,static,dynamic,77.3464,14.03,256.07,0.0728,0.0224,77.4191,0.1192,3.000,SEARCH,0.0000,0.0000,0.0000,0.0000
256166,static,dynamic,77.3670,14.03,256.17,0.0730,0.0240,77.4400,0.1244,3.000,SEARCH,0.0000,0.0000,0.0000,0.0000
256266,static,dynamic,77.3871,13.21,256.27,0.0738,0.0254,77.4608,0.1295,3.000,SEARCH,0.0000,0.0000,0.0000,0.0000
256366,static,dynamic,77.4065,11.79,256.37,0.0752,0.0260,77.4816,0.1340,3.000,SEARCH,0.0000,0.0000,0.0000,0.0000
256466,static,dynamic,77.4249,10.33,256.47,0.0774,0.0255,77.5023,0.1379,3.000,SEARCH,0.0000,0.0000,0.0000,0.0000
256566,static,dynamic,77.4429,8.83,256.57,0.0801,0.0245,77.5229,0.1413,3.000,SEARCH,0.0000,0.0000,0.0000,0.0001
256666,static,dynamic,77.4594,7.28,256.67,0.0841,0.0230,77.5434,0.1441,3.000,SEARCH,0.0000,0.0000,0.0000,0.0001
256766,static,dynamic,77.4754,5.70,256.77,0.0886,0.0216,77.5639,0.1464,3.000,SEARCH,0.0000,0.0000,0.0000,0.0001
256866,static,dynamic,77.4904,4.09,256.87,0.0940,0.0204,77.5844,0.1480,3.001,SEARCH,0.0000,0.0000,0.0000,0.0002
256966,static,dynamic,77.5059,2.45,256.97,0.0989,0.0188,77.6047,0.1491,3.001,SEARCH,0.0000,0.0000,0.0000,0.0002
257066,static,dynamic,77.5214,0.79,257.07,0.1037,0.0167,77.6250,0.1496,3.001,SEARCH,0.0000,0.0000,0.0000,0.0002
257166,static,dynamic,77.5371,-0.88,257.17,0.1084,0.0145,77.6453,0.1495,3.001,SEARCH,0.0000,0.0000,0.0000,0.0002
257266,static,dynamic,77.5538,-2.56,257.27,0.1118,0.0115,77.6655,0.1487,3.001,SEARCH,0.0000,0.0000,0.0000,0.0003
257366,static,dynamic,77.5718,-4.24,257.37,0.1141,0.0078,77.6857,0.1474,3.001,SEARCH,0.0000,0.0000,0.0000,0.0003
257466,static,dynamic,77.5908,-5.91,257.47,0.1152,0.0044,77.7059,0.1456,3.001,SEARCH,0.0000,0.0000,0.0000,0.0003
257566,static,dynamic,77.6104,-7.57,257.57,0.1157,0.0014,77.7260,0.1431,3.001,SEARCH,0.0000,0.0000,0.0000,0.0003
257666,static,dynamic,77.6308,-9.20,257.67,0.1154,-0.0010,77.7461,0.1400,3.001,SEARCH,0.0000,0.0000,0.0000,0.0004
257766,static,dynamic,77.6518,-10.81,257.77,0.1145,-0.0030,77.7661,0.1364,3.001,SEARCH,0.0000,0.0000,0.0000,0.0004
257866,static,dynamic,77.6733,-12.38,257.87,0.1130,-0.0047,77.7862,0.1322,3.002,SEARCH,0.0000,0.0000,0.0000,0.0005
257966,static,dynamic,77.6952,-13.92,257.97,0.1111,-0.0063,77.8062,0.1274,3.002,SEARCH,0.0000,0.0000,0.0000,0.0006
258066,static,dynamic,77.7171,-14.05,258.07,0.1092,-0.0080,77.8262,0.1224,3.002,SEARCH,0.0000,0.0000,0.0000,0.0006
258166,static,dynamic,77.7386,-14.05,258.17,0.1077,-0.0095,77.8462,0.1174,3.002,SEARCH,0.0000,0.0000,0.0000,0.0007
258266,static,dynamic,77.7599,-14.05,258.27,0.1064,-0.0102,77.8662,0.1124,3.002,SEARCH,0.0000,0.0000,0.0000,0.0007
258366,static,dynamic,77.7811,-14.05,258.37,0.1052,-0.0098,77.8862,0.1074,3.002,SEARCH,0.0000,0.0000,0.0000,0.0007
258466,static,dynamic,77.8014,-14.05,258.47,0.1050,-0.0088,77.9062,0.1024,3.002,SEARCH,0.0000,0.0000,0.0000,0.0007
258566,static,dynamic,77.8206,-14.05,258.57,0.1057,-0.0067,77.9262,0.0974,3.002,SEARCH,0.0000,0.0000,0.0000,0.0006
258666,static,dynamic,77.8392,-14.05,258.67,0.1071,-0.0030,77.9463,0.0924,3.002,SEARCH,0.0000,0.0000,0.0000,0.0006
258766,static,dynamic,77.8578,-14.04,258.77,0.1085,0.0011,77.9663,0.0874,3.002,SEARCH,0.0000,0.0000,0.0000,0.0005
258866,static,dynamic,77.8759,-14.04,258.87,0.1105,0.0053,77.9864,0.0824,3.001,SEARCH,0.0000,0.0000,0.0000,0.0004
258966,static,dynamic,77.8939,-14.04,258.97,0.1125,0.0085,78.0064,0.0774,3.001,SEARCH,0.0000,0.0000,0.0000,0.0003
259066,static,dynamic,77.9116,-14.04,259.07,0.1150,0.0113,78.0265,0.0723,3.001,SEARCH,0.0000,0.0000,0.0000,0.0003
259166,static,dynamic,77.9296,-14.03,259.17,0.1171,0.0130,78.0467,0.0673,3.001,SEARCH,0.0000,0.0000,0.0000,0.0002
259266,static,dynamic,77.9478,-14.03,259.27,0.1191,0.0139,78.0669,0.0622,3.001,SEARCH,0.0000,0.0000,0.0000,0.0002
259366,static,dynamic,77.9674,-14.03,259.37,0.1197,0.0139,78.0871,0.0572,3.001,SEARCH,0.0000,0.0000,0.0000,0.0002
259466,static,dynamic,77.9877,-14.03,259.47,0.1196,0.0137,78.1073,0.0521,3.001,SEARCH,0.0000,0.0000,0.0000,0.0002
259566,static,dynamic,78.0087,-14.03,259.57,0.1190,0.0135,78.1276,0.0471,3.001,SEARCH,0.0000,0.0000,0.0000,0.0002
259666,static,dynamic,78.0298,-14.03,259.67,0.1182,0.0129,78.1480,0.0420,3.001,SEARCH,0.0000,0.0000,0.0000,0.0003
259766,static,dynamic,78.0508,-14.03,259.77,0.1176,0.0118,78.1684,0.0369,3.001,SEARCH,0.0000,0.0000,0.0000,0.0003
259866,static,dynamic,78.0713,-14.03,259.87,0.1176,0.0103,78.1889,0.0317,3.001,SEARCH,0.0000,0.0000,0.0000,0.0003
259966,static,dynamic,78.0913,-14.03,259.97,0.1181,0.0087,78.2094,0.0266,3.001,SEARCH,0.0000,0.0000,0.0000,0.0003
260066,static,dynamic,78.1111,-14.03,260.07,0.1189,0.0071,78.2300,0.0215,3.001,SEARCH,0.0000,0.0000,0.0000,0.0004
260166,static,dynamic,78.1308,-14.03,260.17,0.1199,0.0054,78.2507,0.0163,3.001,SEARCH,0.0000,0.0000,0.0000,0.0004
260266,static,dynamic,78.1504,-14.03,260.27,0.1210,0.0038,78.2714,0.0111,3.002,SEARCH,0.0000,0.0000,0.0000,0.0005
260366,static,dynamic,78.1701,-14.04,260.37,0.1221,0.0024,78.2922,0.0059,3.002,SEARCH,0.0000,0.0000,0.0000,0.0005
260466,static,dynamic,78.1900,-14.04,260.47,0.1231,0.0014,78.3131,0.0007,3.002,SEARCH,0.0000,0.0000,0.0000,0.0005
260566,static,dynamic,78.2101,-14.04,260.57,0.1240,0.0013,78.3341,-0.0046,3.002,SEARCH,0.0000,0.0000,0.0000,0.0005
260666,static,dynamic,78.2302,-14.04,260.67,0.1250,0.0021,78.3552,-0.0098,3.002,SEARCH,0.0000,0.0000,0.0000,0.0006
260766,static,dynamic,78.2504,-14.05,260.77,0.1259,0.0033,78.3764,-0.0151,3.002,SEARCH,0.0000,0.0000,0.0000,0.0006
260866,static,dynamic,78.2710,-14.04,260.87,0.1266,0.0044,78.3976,-0.0204,3.002,SEARCH,0.0000,0.0000,0.0000,0.0006
260966,static,dynamic,78.2921,-14.04,260.97,0.1269,0.0052,78.4190,-0.0258,3.002,SEARCH,0.0000,0.0000,0.0000,0.0007
261066,static,dynamic,78.3141,-14.05,261.07,0.1264,0.0055,78.4404,-0.0311,3.002,SEARCH,0.0000,0.0000,0.0000,0.0007
261166,static,dynamic,78.3369,-14.05,261.17,0.1251,0.0055,78.4620,-0.0365,3.002,SEARCH,0.0000,0.0000,0.0000,0.0007
261266,static,dynamic,78.3600,-14.05,261.27,0.1237,0.0052,78.4837,-0.0420,3.002,SEARCH,0.0000,0.0000,0.0000,0.0007
261366,static,dynamic,78.3833,-14.05,261.37,0.1222,0.0048,78.5055,-0.0474,3.002,SEARCH,0.0000,0.0000,0.0000,0.0007
261466,static,dynamic,78.4069,-14.04,261.47,0.1205,0.0042,78.5274,-0.0529,3.002,SEARCH,0.0000,0.0000,0.0000,0.0007
261566,static,dynamic,78.4313,-14.04,261.57,0.1181,0.0042,78.5494,-0.0584,3.002,SEARCH,0.0000,0.0000,0.0000,0.0007
261666,static,dynamic,78.4561,-14.04,261.67,0.1154,0.0050,78.5715,-0.0639,3.002,SEARCH,0.0000,0.0000,0.0000,0.0007
261766,static,dynamic,78.4811,-14.04,261.77,0.1128,0.0058,78.5938,-0.0695,3.002,SEARCH,0.0000,0.0000,0.0000,0.0007
261866,static,dynamic,78.5067,-14.03,261.87,0.1096,0.0064,78.6162,-0.0751,3.002,SEARCH,0.0000,0.0000,0.0000,0.0007
261966,static,dynamic,78.5323,-14.03,261.97,0.1065,0.0068,78.6387,-0.0807,3.002,SEARCH,0.0000,0.0000,0.0000,0.0007
262066,static,dynamic,78.5579,-14.03,262.07,0.1035,0.0070,78.6614,-0.0864,3.002,SEARCH,0.0000,0.0000,0.0000,0.0007
262166,static,dynamic,78.5831,-14.03,262.17,0.1012,0.0075,78.6842,-0.0921,3.002,SEARCH,0.0000,0.0000,0.0000,0.0007
262266,static,dynamic,78.6080,-14.03,262.27,0.0992,0.0086,78.7072,-0.0978,3.002,SEARCH,0.0000,0.0000,0.0000,0.0007
262366,static,dynamic,78.6327,-14.03,262.37,0.0977,0.0102,78.7302,-0.1036,3.002,SEARCH,0.0000,0.0000,0.0000,0.0007
262466,static,dynamic,78.6578,-14.03,262.47,0.0958,0.0121,78.7535,-0.1094,3.002,SEARCH,0.0000,0.0000,0.0000,0.0006
262566,static,dynamic,78.6837,-14.03,262.57,0.0933,0.0143,78.7769,-0.1153,3.002,SEARCH,0.0000,0.0000,0.0000,0.0006
262666,static,dynamic,78.7102,-14.04,262.67,0.0903,0.0172,78.8004,-0.1211,3.002,SEARCH,0.0000,0.0000,0.0000,0.0006
262766,static,dynamic,78.7363,-14.04,262.77,0.0879,0.0200,78.8241,-0.1271,3.002,SEARCH,0.0000,0.0000,0.0000,0.0005
262866,static,dynamic,78.7618,-14.04,262.87,0.0862,0.0229,78.8479,-0.1330,3.002,SEARCH,0.0000,0.0000,0.0000,0.0005
262966,static,dynamic,78.7870,-14.04,262.97,0.0851,0.0251,78.8719,-0.1390,3.001,SEARCH,0.0000,0.0000,0.0000,0.0004
263066,static,dynamic,78.8119,-14.04,263.07,0.0844,0.0269,78.8961,-0.1451,3.001,SEARCH,0.0000,0.0000,0.0000,0.0004
263166,static,dynamic,78.8367,-14.04,263.17,0.0840,0.0283,78.9204,-0.1511,3.001,SEARCH,0.0000,0.0000,0.0000,0.0004
263266,static,dynamic,78.8619,-14.04,263.27,0.0832,0.0293,78.9449,-0.1573,3.001,SEARCH,0.0000,0.0000,0.0000,0.0004
263366,static,dynamic,78.8882,-14.04,263.37,0.0816,0.0301,78.9696,-0.1634,3.001,SEARCH,0.0000,0.0000,0.0000,0.0004
263466,static,dynamic,78.9152,-14.03,263.47,0.0794,0.0304,78.9944,-0.1696,3.001,SEARCH,0.0000,0.0000,0.0000,0.0004
263566,static,dynamic,78.9423,-14.03,263.57,0.0773,0.0300,79.0194,-0.1759,3.002,SEARCH,0.0000,0.0000,0.0000,0.0005
263666,static,dynamic,78.9690,-14.03,263.67,0.0759,0.0290,79.0446,-0.1822,3.002,SEARCH,0.0000,0.0000,0.0000,0.0005
263766,static,dynamic,78.9947,-14.03,263.77,0.0755,0.0280,79.0699,-0.1885,3.002,SEARCH,0.0000,0.0000,0.0000,0.0005
263866,static,dynamic,79.0201,-14.03,263.87,0.0757,0.0269,79.0955,-0.1949,3.002,SEARCH,0.0000,0.0000,0.0000,0.0005
263966,static,dynamic,79.0457,-14.03,263.97,0.0758,0.0257,79.1212,-0.2013,3.002,SEARCH,0.0000,0.0000,0.0000,0.0005
264066,static,dynamic,79.0712,-13.06,264.07,0.0762,0.0243,79.1471,-0.2075,3.002,SEARCH,0.0000,0.0000,0.0000,0.0005
264166,static,dynamic,79.0960,-11.99,264.17,0.0774,0.0231,79.1731,-0.2132,3.002,SEARCH,0.0000,0.0000,0.0000,0.0005
264266,static,dynamic,79.1204,-10.91,264.27,0.0794,0.0225,79.1994,-0.2185,3.002,SEARCH,0.0000,0.0000,0.0000,0.0005
264366,static,dynamic,79.1444,-9.84,264.37,0.0818,0.0224,79.2258,-0.2232,3.002,SEARCH,0.0000,0.0000,0.0000,0.0005
264466,static,dynamic,79.1686,-8.77,264.47,0.0842,0.0230,79.2525,-0.2275,3.002,SEARCH,0.0000,0.0000,0.0000,0.0006
264566,static,dynamic,79.1932,-7.70,264.57,0.0865,0.0243,79.2793,-0.2313,3.002,SEARCH,0.0000,0.0000,0.0000,0.0006
264666,static,dynamic,79.2183,-6.65,264.67,0.0885,0.0262,79.3063,-0.2346,3.002,SEARCH,0.0000,0.0000,0.0000,0.0006
264766,static,dynamic,79.2439,-5.61,264.77,0.0900,0.0286,79.3335,-0.2374,3.002,SEARCH,0.0000,0.0000,0.0000,0.0006
264866,static,dynamic,79.2700,-4.58,264.87,0.0914,0.0308,79.3609,-0.2398,3.002,SEARCH,0.0000,0.0000,0.0000,0.0007
264966,static,dynamic,79.2967,-3.57,264.97,0.0923,0.0324,79.3885,-0.2417,3.002,SEARCH,0.0000,0.0000,0.0000,0.0007
265066,static,dynamic,79.3236,-2.57,265.07,0.0931,0.0335,79.4163,-0.2431,3.002,SEARCH,0.0000,0.0000,0.0000,0.0006
265166,static,dynamic,79.3508,-1.60,265.17,0.0940,0.0340,79.4443,-0.2440,3.002,SEARCH,0.0000,0.0000,0.0000,0.0006
265266,static,dynamic,79.3787,-0.64,265.27,0.0943,0.0345,79.4724,-0.2445,3.002,SEARCH,0.0000,0.0000,0.0000,0.0007
265366,static,dynamic,79.4075,0.29,265.37,0.0938,0.0345,79.5008,-0.2445,3.002,SEARCH,0.0000,0.0000,0.0000,0.0007
265466,static,dynamic,79.4377,1.19,265.47,0.0922,0.0340,79.5294,-0.2440,3.002,SEARCH,0.0000,0.0000,0.0000,0.0007
265566,static,dynamic,79.4685,2.06,265.57,0.0901,0.0331,79.5582,-0.2431,3.002,SEARCH,0.0000,0.0000,0.0000,0.0007
265666,static,dynamic,79.5004,2.90,265.67,0.0872,0.0322,79.5871,-0.2418,3.002,SEARCH,0.0000,0.0000,0.0000,0.0006
265766,static,dynamic,79.5334,3.72,265.77,0.0833,0.0310,79.6163,-0.2401,3.002,SEARCH,0.0000,0.0000,0.0000,0.0006
265866,static,dynamic,79.5669,4.50,265.87,0.0792,0.0300,79.6457,-0.2379,3.002,SEARCH,0.0000,0.0000,0.0000,0.0006
265966,static,dynamic,79.6003,5.25,265.97,0.0754,0.0296,79.6752,-0.2353,3.002,SEARCH,0.0000,0.0000,0.0000,0.0005
266066,static,dynamic,79.6336,5.97,266.07,0.0719,0.0295,79.7050,-0.2323,3.001,SEARCH,0.0000,0.0000,0.0000,0.0004
266166,static,dynamic,79.6664,6.65,266.17,0.0690,0.0297,79.7350,-0.2289,3.001,SEARCH,0.0000,0.0000,0.0000,0.0004
266266,static,dynamic,79.6998,7.30,266.27,0.0657,0.0300,79.7651,-0.2252,3.001,SEARCH,0.0000,0.0000,0.0000,0.0003
266366,static,dynamic,79.7328,7.92,266.37,0.0631,0.0303,79.7955,-0.2211,3.001,SEARCH,0.0000,0.0000,0.0000,0.0002
266466,static,dynamic,79.7650,8.50,266.47,0.0614,0.0302,79.8261,-0.2166,3.000,SEARCH,0.0000,0.0000,0.0000,0.0001
266566,static,dynamic,79.7968,9.05,266.57,0.0604,0.0304,79.8568,-0.2118,3.000,SEARCH,0.0000,0.0000,0.0000,-0.0000
266666,static,dynamic,79.8280,9.56,266.67,0.0602,0.0310,79.8878,-0.2067,3.000,SEARCH,0.0000,0.0000,0.0000,-0.0001
266766,static,dynamic,79.8587,10.05,266.77,0.0606,0.0321,79.9189,-0.2013,2.999,SEARCH,0.0000,0.0000,0.0000,-0.0002
266866,static,dynamic,79.8890,10.50,266.87,0.0616,0.0333,79.9503,-0.1955,2.999,SEARCH,0.0000,0.0000,0.0000,-0.0002
266966,static,dynamic,79.9185,10.92,266.97,0.0637,0.0345,79.9819,-0.1895,2.999,SEARCH,0.0000,0.0000,0.0000,-0.0002
267066,static,dynamic,79.9476,11.30,267.07,0.0664,0.0357,80.0136,-0.1832,2.999,SEARCH,0.0000,0.0000,0.0000,-0.0002
267166,static,dynamic,79.9767,11.65,267.17,0.0691,0.0369,80.0456,-0.1767,2.999,SEARCH,0.0000,0.0000,0.0000,-0.0002
267266,static,dynamic,80.0058,11.97,267.27,0.0722,0.0385,80.0777,-0.1700,2.999,SEARCH,0.0000,0.0000,0.0000,-0.0002
267366,static,dynamic,80.0356,12.26,267.37,0.0747,0.0401,80.1101,-0.1630,2.999,SEARCH,0.0000,0.0000,0.0000,-0.0002
267466,static,dynamic,80.0661,12.52,267.47,0.0768,0.0416,80.1426,-0.1558,3.000,SEARCH,0.0000,0.0000,0.0000,-0.0001
267566,static,dynamic,80.0977,12.74,267.57,0.0778,0.0424,80.1753,-0.1485,3.000,SEARCH,0.0000,0.0000,0.0000,-0.0001
267666,static,dynamic,80.1299,12.93,267.67,0.0786,0.0435,80.2083,-0.1409,3.000,SEARCH,0.0000,0.0000,0.0000,-0.0000
267766,static,dynamic,80.1625,13.10,267.77,0.0790,0.0448,80.2414,-0.1333,3.000,SEARCH,0.0000,0.0000,0.0000,0.0001
267866,static,dynamic,80.1957,13.23,267.87,0.0792,0.0467,80.2747,-0.1255,3.001,SEARCH,0.0000,0.0000,0.0000,0.0002
267966,static,dynamic,80.2288,13.34,267.97,0.0796,0.0494,80.3082,-0.1175,3.001,SEARCH,0.0000,0.0000,0.0000,0.0002
268066,static,dynamic,80.2617,13.42,268.07,0.0803,0.0523,80.3419,-0.1095,3.001,SEARCH,0.0000,0.0000,0.0000,0.0003
268166,static,dynamic,80.2946,13.47,268.17,0.0813,0.0551,80.3757,-0.1014,3.001,SEARCH,0.0000,0.0000,0.0000,0.0004
268266,static,dynamic,80.3282,13.49,268.27,0.0817,0.0570,80.4098,-0.0932,3.002,SEARCH,0.0000,0.0000,0.0000,0.0005
268366,static,dynamic,80.3622,13.49,268.37,0.0819,0.0580,80.4440,-0.0850,3.002,SEARCH,0.0000,0.0000,0.0000,0.0005
268466,static,dynamic,80.3966,13.47,268.47,0.0819,0.0583,80.4784,-0.0767,3.002,SEARCH,0.0000,0.0000,0.0000,0.0006
268566,static,dynamic,80.4317,13.42,268.57,0.0814,0.0583,80.5130,-0.0685,3.002,SEARCH,0.0000,0.0000,0.0000,0.0007
268666,static,dynamic,80.4679,13.35,268.67,0.0799,0.0585,80.5478,-0.0602,3.002,SEARCH,0.0000,0.0000,0.0000,0.0007
268766,static,dynamic,80.5045,13.26,268.77,0.0782,0.0593,80.5827,-0.0519,3.002,SEARCH,0.0000,0.0000,0.0000,0.0007
268866,static,dynamic,80.5409,13.14,268.87,0.0770,0.0607,80.6178,-0.0437,3.003,SEARCH,0.0000,0.0000,0.0000,0.0008
268966,static,dynamic,80.5769,13.00,268.97,0.0763,0.0622,80.6531,-0.0355,3.003,SEARCH,0.0000,0.0000,0.0000,0.0008
269066,static,dynamic,80.6129,12.84,269.07,0.0757,0.0640,80.6885,-0.0274,3.003,SEARCH,0.0000,0.0000,0.0000,0.0008
269166,static,dynamic,80.6492,12.67,269.17,0.0750,0.0658,80.7242,-0.0194,3.003,SEARCH,0.0000,0.0000,0.0000,0.0008
269266,static,dynamic,80.6864,12.47,269.27,0.0736,0.0680,80.7599,-0.0114,3.003,SEARCH,0.0000,0.0000,0.0000,0.0008
269366,static,dynamic,80.7242,12.25,269.37,0.0717,0.0700,80.7959,-0.0036,3.003,SEARCH,0.0000,0.0000,0.0000,0.0008
269466,static,dynamic,80.7629,12.01,269.47,0.0691,0.0718,80.8320,0.0042,3.003,SEARCH,0.0000,0.0000,0.0000,0.0008
269566,static,dynamic,80.8022,11.76,269.57,0.0661,0.0730,80.8683,0.0118,3.002,SEARCH,0.0000,0.0000,0.0000,0.0007
269666,static,dynamic,80.8417,11.49,269.67,0.0630,0.0738,80.9047,0.0192,3.002,SEARCH,0.0000,0.0000,0.0000,0.0007
269766,static,dynamic,80.8810,11.21,269.77,0.0602,0.0742,80.9412,0.0265,3.002,SEARCH,0.0000,0.0000,0.0000,0.0006
269866,static,dynamic,80.9205,10.91,269.87,0.0575,0.0743,80.9780,0.0337,3.002,SEARCH,0.0000,0.0000,0.0000,0.0005
269966,static,dynamic,80.9597,10.60,269.97,0.0552,0.0743,81.0148,0.0407,3.002,SEARCH,0.0000,0.0000,0.0000,0.0005
270066,static,dynamic,80.9997,10.27,270.07,0.0521,0.0742,81.0518,0.0474,3.002,SEARCH,0.0000,0.0000,0.0000,0.0005
270166,static,dynamic,81.0398,9.93,270.17,0.0492,0.0736,81.0890,0.0540,3.002,SEARCH,0.0000,0.0000,0.0000,0.0005
270266,static,dynamic,81.0803,9.59,270.27,0.0460,0.0725,81.1263,0.0604,3.001,SEARCH,0.0000,0.0000,0.0000,0.0004
270366,static,dynamic,81.1203,9.23,270.37,0.0434,0.0712,81.1637,0.0665,3.001,SEARCH,0.0000,0.0000,0.0000,0.0004
270466,static,dynamic,81.1599,8.87,270.47,0.0413,0.0696,81.2012,0.0725,3.001,SEARCH,0.0000,0.0000,0.0000,0.0003
270566,static,dynamic,81.1991,8.49,270.57,0.0398,0.0676,81.2389,0.0782,3.001,SEARCH,0.0000,0.0000,0.0000,0.0002
270666,static,dynamic,81.2380,8.11,270.67,0.0388,0.0651,81.2767,0.0837,3.000,SEARCH,0.0000,0.0000,0.0000,0.0001
270766,static,dynamic,81.2768,7.72,270.77,0.0379,0.0626,81.3147,0.0889,3.000,SEARCH,0.0000,0.0000,0.0000,0.0000
270866,static,dynamic,81.3156,7.33,270.87,0.0372,0.0600,81.3527,0.0939,3.000,SEARCH,0.0000,0.0000,0.0000,-0.0001
270966,static,dynamic,81.3542,6.93,270.97,0.0367,0.0578,81.3909,0.0986,3.000,SEARCH,0.0000,0.0000,0.0000,-0.0001
271066,static,dynamic,81.3934,6.52,271.07,0.0358,0.0556,81.4292,0.1031,2.999,SEARCH,0.0000,0.0000,0.0000,-0.0002
271166,static,dynamic,81.4328,6.12,271.17,0.0348,0.0534,81.4676,0.1073,2.999,SEARCH,0.0000,0.0000,0.0000,-0.0002
271266,static,dynamic,81.4729,5.71,271.27,0.0332,0.0505,81.5061,0.1112,2.999,SEARCH,0.0000,0.0000,0.0000,-0.0002
271366,static,dynamic,81.5137,5.30,271.37,0.0310,0.0477,81.5447,0.1149,2.999,SEARCH,0.0000,0.0000,0.0000,-0.0002
271466,static,dynamic,81.5553,4.89,271.47,0.0281,0.0443,81.5834,0.1183,3.000,SEARCH,0.0000,0.0000,0.0000,-0.0001
271566,static,dynamic,81.5967,4.49,271.57,0.0255,0.0412,81.6222,0.1214,3.000,SEARCH,0.0000,0.0000,0.0000,-0.0001
271666,static,dynamic,81.6380,4.09,271.67,0.0232,0.0382,81.6611,0.1243,3.000,SEARCH,0.0000,0.0000,0.0000,-0.0001
271766,static,dynamic,81.6788,3.69,271.77,0.0214,0.0358,81.7001,0.1269,3.000,SEARCH,0.0000,0.0000,0.0000,-0.0000
271866,static,dynamic,81.7194,3.29,271.87,0.0198,0.0338,81.7392,0.1292,3.000,SEARCH,0.0000,0.0000,0.0000,-0.0000
271966,static,dynamic,81.7593,2.90,271.97,0.0190,0.0321,81.7783,0.1313,3.000,SEARCH,0.0000,0.0000,0.0000,-0.0000
272066,static,dynamic,81.7986,2.51,272.07,0.0190,0.0311,81.8176,0.1331,3.000,SEARCH,0.0000,0.0000,0.0000,-0.0000
272166,static,dynamic,81.8380,2.13,272.17,0.0190,0.0305,81.8569,0.1347,3.000,SEARCH,0.0000,0.0000,0.0000,-0.0001
272266,static,dynamic,81.8776,1.76,272.27,0.0187,0.0295,81.8962,0.1360,3.000,SEARCH,0.0000,0.0000,0.0000,-0.0001
272366,static,dynamic,81.9174,1.40,272.37,0.0184,0.0283,81.9357,0.1370,3.000,SEARCH,0.0000,0.0000,0.0000,-0.0001
272466,static,dynamic,81.9575,1.04,272.47,0.0178,0.0267,81.9752,0.1378,3.000,SEARCH,0.0000,0.0000,0.0000,-0.0001
272566,static,dynamic,81.9975,0.69,272.57,0.0173,0.0257,82.0148,0.1384,3.000,SEARCH,0.0000,0.0000,0.0000,-0.0001
272666,static,dynamic,82.0376,0.35,272.67,0.0168,0.0252,82.0544,0.1387,3.000,SEARCH,0.0000,0.0000,0.0000,-0.0001
272766,static,dynamic,82.0774,0.02,272.77,0.0167,0.0249,82.0941,0.1388,3.000,SEARCH,0.0000,0.0000,0.0000,-0.0001
272866,static,dynamic,82.1168,-0.30,272.87,0.0171,0.0248,82.1338,0.1386,3.000,SEARCH,0.0000,0.0000,0.0000,-0.0001
272966,static,dynamic,82.1558,-0.61,272.97,0.0179,0.0248,82.1736,0.1383,3.000,SEARCH,0.0000,0.0000,0.0000,-0.0000
273066,static,dynamic,82.1947,-0.90,273.07,0.0188,0.0248,82.2134,0.1377,3.000,SEARCH,0.0000,0.0000,0.0000,0.0000
273166,static,dynamic,82.2339,-1.18,273.17,0.0194,0.0249,82.2532,0.1370,3.000,SEARCH,0.0000,0.0000,0.0000,0.0001
273266,static,dynamic,82.2729,-1.45,273.27,0.0203,0.0248,82.2931,0.1360,3.000,SEARCH,0.0000,0.0000,0.0000,0.0001
273366,static,dynamic,82.3115,-1.71,273.37,0.0216,0.0241,82.3330,0.1349,3.001,SEARCH,0.0000,0.0000,0.0000,0.0002
273466,static,dynamic,82.3499,-1.95,273.47,0.0232,0.0235,82.3730,0.1336,3.001,SEARCH,0.0000,0.0000,0.0000,0.0003
273566,static,dynamic,82.3880,-2.18,273.57,0.0250,0.0234,82.4129,0.1321,3.001,SEARCH,0.0000,0.0000,0.0000,0.0003
273666,static,dynamic,82.4258,-2.39,273.67,0.0272,0.0233,82.4529,0.1305,3.001,SEARCH,0.0000,0.0000,0.0000,0.0004
273766,static,dynamic,82.4625,-2.59,273.77,0.0305,0.0231,82.4929,0.1287,3.001,SEARCH,0.0000,0.0000,0.0000,0.0004
273866,static,dynamic,82.4978,-2.78,273.87,0.0351,0.0219,82.5329,0.1268,3.001,SEARCH,0.0000,0.0000,0.0000,0.0004
273966,static,dynamic,82.5325,-2.94,273.97,0.0404,0.0199,82.5729,0.1248,3.001,SEARCH,0.0000,0.0000,0.0000,0.0004
274066,static,dynamic,82.5677,-3.09,274.07,0.0452,0.0174,82.6129,0.1227,3.001,SEARCH,0.0000,0.0000,0.0000,0.0004
274166,static,dynamic,82.6035,-3.23,274.17,0.0494,0.0152,82.6529,0.1204,3.001,SEARCH,0.0000,0.0000,0.0000,0.0004
274266,static,dynamic,82.6396,-3.35,274.27,0.0533,0.0132,82.6929,0.1181,3.001,SEARCH,0.0000,0.0000,0.0000,0.0004
274366,static,dynamic,82.6761,-3.45,274.37,0.0568,0.0115,82.7328,0.1157,3.001,SEARCH,0.0000,0.0000,0.0000,0.0004
274466,static,dynamic,82.7130,-3.54,274.47,0.0598,0.0098,82.7728,0.1133,3.001,SEARCH,0.0000,0.0000,0.0000,0.0004
274566,static,dynamic,82.7503,-3.61,274.57,0.0625,0.0085,82.8127,0.1108,3.001,SEARCH,0.0000,0.0000,0.0000,0.0004
274666,static,dynamic,82.7875,-3.67,274.67,0.0653,0.0074,82.8527,0.1082,3.001,SEARCH,0.0000,0.0000,0.0000,0.0004
274766,static,dynamic,82.8255,-3.71,274.77,0.0671,0.0066,82.8926,0.1057,3.002,SEARCH,0.0000,0.0000,0.0000,0.0005
274866,static,dynamic,82.8643,-3.73,274.87,0.0681,0.0058,82.9324,0.1031,3.002,SEARCH,0.0000,0.0000,0.0000,0.0005
274966,static,dynamic,82.9044,-3.74,274.97,0.0679,0.0053,82.9722,0.1005,3.002,SEARCH,0.0000,0.0000,0.0000,0.0006
275066,static,dynamic,82.9456,-3.73,275.07,0.0665,0.0050,83.0120,0.0979,3.002,SEARCH,0.0000,0.0000,0.0000,0.0007
275166,static,dynamic,82.9875,-3.70,275.17,0.0643,0.0051,83.0518,0.0953,3.003,SEARCH,0.0000,0.0000,0.0000,0.0008
275266,static,dynamic,83.0295,-3.66,275.27,0.0621,0.0051,83.0915,0.0927,3.003,SEARCH,0.0000,0.0000,0.0000,0.0008
275366,static,dynamic,83.0709,-3.60,275.37,0.0602,0.0051,83.1311,0.0902,3.003,SEARCH,0.0000,0.0000,0.0000,0.0009
275466,static,dynamic,83.1122,-3.53,275.47,0.0586,0.0049,83.1707,0.0878,3.003,SEARCH,0.0000,0.0000,0.0000,0.0010
275566,static,dynamic,83.1537,-3.43,275.57,0.0566,0.0045,83.2103,0.0854,3.004,SEARCH,0.0000,0.0000,0.0000,0.0011
275666,static,dynamic,83.1948,-3.32,275.67,0.0549,0.0047,83.2497,0.0831,3.004,SEARCH,0.0000,0.0000,0.0000,0.0011
275766,static,dynamic,83.2355,-3.20,275.77,0.0537,0.0052,83.2891,0.0809,3.004,SEARCH,0.0000,0.0000,0.0000,0.0011
275866,static,dynamic,83.2754,-3.06,275.87,0.0531,0.0061,83.3285,0.0787,3.004,SEARCH,0.0000,0.0000,0.0000,0.0011
275966,static,dynamic,83.3144,-2.91,275.97,0.0534,0.0066,83.3677,0.0767,3.004,SEARCH,0.0000,0.0000,0.0000,0.0011
276066,static,dynamic,83.3524,-2.74,276.07,0.0545,0.0065,83.4069,0.0748,3.004,SEARCH,0.0000,0.0000,0.0000,0.0011
276166,static,dynamic,83.3899,-2.56,276.17,0.0561,0.0056,83.4460,0.0730,3.003,SEARCH,0.0000,0.0000,0.0000,0.0010
276266,static,dynamic,83.4270,-2.36,276.27,0.0581,0.0043,83.4851,0.0713,3.003,SEARCH,0.0000,0.0000,0.0000,0.0009
276366,static,dynamic,83.4643,-2.15,276.37,0.0597,0.0029,83.5240,0.0698,3.003,SEARCH,0.0000,0.0000,0.0000,0.0008
276466,static,dynamic,83.5021,-1.93,276.47,0.0608,0.0014,83.5628,0.0685,3.002,SEARCH,0.0000,0.0000,0.0000,0.0007
276566,static,dynamic,83.5411,-1.69,276.57,0.0605,-0.0001,83.6016,0.0673,3.002,SEARCH,0.0000,0.0000,0.0000,0.0006
276666,static,dynamic,83.5811,-1.45,276.67,0.0591,-0.0017,83.6402,0.0662,3.002,SEARCH,0.0000,0.0000,0.0000,0.0006
276766,static,dynamic,83.6212,-1.19,276.77,0.0576,-0.0030,83.6788,0.0654,3.002,SEARCH,0.0000,0.0000,0.0000,0.0005
276866,static,dynamic,83.6611,-0.93,276.87,0.0562,-0.0035,83.7172,0.0647,3.001,SEARCH,0.0000,0.0000,0.0000,0.0004
276966,static,dynamic,83.7013,-0.65,276.97,0.0543,-0.0033,83.7556,0.0642,3.001,SEARCH,0.0000,0.0000,0.0000,0.0004
277066,static,dynamic,83.7413,-0.37,277.07,0.0525,-0.0025,83.7938,0.0639,3.001,SEARCH,0.0000,0.0000,0.0000,0.0003
277166,static,dynamic,83.7813,-0.07,277.17,0.0506,-0.0011,83.8319,0.0638,3.001,SEARCH,0.0000,0.0000,0.0000,0.0002
277266,static,dynamic,83.8208,0.24,277.27,0.0491,0.0003,83.8699,0.0638,3.001,SEARCH,0.0000,0.0000,0.0000,0.0002
277366,static,dynamic,83.8599,0.55,277.37,0.0478,0.0013,83.9077,0.0641,3.000,SEARCH,0.0000,0.0000,0.0000,0.0001
277466,static,dynamic,83.8987,0.87,277.47,0.0468,0.0018,83.9455,0.0647,3.000,SEARCH,0.0000,0.0000,0.0000,0.0001
277566,static,dynamic,83.9369,1.20,277.57,0.0462,0.0020,83.9831,0.0654,3.000,SEARCH,0.0000,0.0000,0.0000,0.0001
277666,static,dynamic,83.9750,1.54,277.67,0.0456,0.0023,84.0206,0.0663,3.000,SEARCH,0.0000,0.0000,0.0000,0.0001
277766,static,dynamic,84.0130,1.88,277.77,0.0449,0.0028,84.0579,0.0675,3.000,SEARCH,0.0000,0.0000,0.0000,0.0001
277866,static,dynamic,84.0512,2.23,277.87,0.0439,0.0034,84.0951,0.0689,3.000,SEARCH,0.0000,0.0000,0.0000,0.0001
277966,static,dynamic,84.0894,2.58,277.97,0.0428,0.0040,84.1322,0.0704,3.000,SEARCH,0.0000,0.0000,0.0000,0.0001
278066,static,dynamic,84.1275,2.93,278.07,0.0416,0.0049,84.1691,0.0723,3.000,SEARCH,0.0000,0.0000,0.0000,0.0000
278166,static,dynamic,84.1655,3.29,278.17,0.0404,0.0056,84.2059,0.0743,3.000,SEARCH,0.0000,0.0000,0.0000,-0.0001
278266,static,dynamic,84.2031,3.64,278.27,0.0394,0.0064,84.2425,0.0766,2.999,SEARCH,0.0000,0.0000,0.0000,-0.0002
278366,static,dynamic,84.2396,4.00,278.37,0.0394,0.0066,84.2790,0.0790,2.999,SEARCH,0.0000,0.0000,0.0000,-0.0003
278466,static,dynamic,84.2752,4.36,278.47,0.0402,0.0059,84.3153,0.0817,2.999,SEARCH,0.0000,0.0000,0.0000,-0.0004
278566,static,dynamic,84.3098,4.72,278.57,0.0417,0.0046,84.3515,0.0846,2.998,SEARCH,0.0000,0.0000,0.0000,-0.0006
278666,static,dynamic,84.3438,5.08,278.67,0.0437,0.0030,84.3875,0.0877,2.998,SEARCH,0.0000,0.0000,0.0000,-0.0007
278766,static,dynamic,84.3780,5.43,278.77,0.0454,0.0013,84.4233,0.0911,2.997,SEARCH,0.0000,0.0000,0.0000,-0.0008
278866,static,dynamic,84.4121,5.78,278.87,0.0470,-0.0005,84.4590,0.0946,2.997,SEARCH,0.0000,0.0000,0.0000,-0.0008
278966,static,dynamic,84.4462,6.12,278.97,0.0484,-0.0025,84.4946,0.0983,2.997,SEARCH,0.0000,0.0000,0.0000,-0.0009
279066,static,dynamic,84.4805,6.46,279.07,0.0494,-0.0052,84.5299,0.1023,2.997,SEARCH,0.0000,0.0000,0.0000,-0.0010
279166,static,dynamic,84.5151,6.79,279.17,0.0500,-0.0075,84.5651,0.1064,2.997,SEARCH,0.0000,0.0000,0.0000,-0.0010
279266,static,dynamic,84.5496,7.12,279.27,0.0506,-0.0102,84.6001,0.1107,2.997,SEARCH,0.0000,0.0000,0.0000,-0.0010
279366,static,dynamic,84.5837,7.44,279.37,0.0513,-0.0126,84.6349,0.1152,2.997,SEARCH,0.0000,0.0000,0.0000,-0.0010
279466,static,dynamic,84.6175,7.75,279.47,0.0522,-0.0147,84.6696,0.1198,2.997,SEARCH,0.0000,0.0000,0.0000,-0.0010
279566,static,dynamic,84.6512,8.05,279.57,0.0530,-0.0167,84.7041,0.1246,2.997,SEARCH,0.0000,0.0000,0.0000,-0.0010
279666,static,dynamic,84.6852,8.34,279.67,0.0533,-0.0187,84.7384,0.1296,2.997,SEARCH,0.0000,0.0000,0.0000,-0.0009
279766,static,dynamic,84.7196,8.62,279.77,0.0530,-0.0205,84.7725,0.1347,2.997,SEARCH,0.0000,0.0000,0.0000,-0.0008
279866,static,dynamic,84.7545,8.90,279.87,0.0521,-0.0223,84.8065,0.1400,2.998,SEARCH,0.0000,0.0000,0.0000,-0.0007
279966,static,dynamic,84.7896,9.16,279.97,0.0507,-0.0235,84.8402,0.1454,2.998,SEARCH,0.0000,0.0000,0.0000,-0.0006
280066,static,dynamic,84.8247,9.41,280.07,0.0493,-0.0241,84.8738,0.1509,2.998,SEARCH,0.0000,0.0000,0.0000,-0.0005
280166,static,dynamic,84.8592,9.64,280.17,0.0482,-0.0239,84.9072,0.1565,2.999,SEARCH,0.0000,0.0000,0.0000,-0.0004
280266,static,dynamic,84.8934,9.86,280.27,0.0471,-0.0238,84.9404,0.1623,2.999,SEARCH,0.0000,0.0000,0.0000,-0.0003
280366,static,dynamic,84.9278,10.07,280.37,0.0458,-0.0232,84.9734,0.1681,2.999,SEARCH,0.0000,0.0000,0.0000,-0.0002
280466,static,dynamic,84.9622,10.25,280.47,0.0441,-0.0224,85.0062,0.1740,3.000,SEARCH,0.0000,0.0000,0.0000,-0.0001
280566,static,dynamic,84.9966,10.43,280.57,0.0424,-0.0217,85.0388,0.1800,3.000,SEARCH,0.0000,0.0000,0.0000,-0.0000
280666,static,dynamic,85.0300,10.59,280.67,0.0414,-0.0213,85.0712,0.1860,3.000,SEARCH,0.0000,0.0000,0.0000,0.0000
280766,static,dynamic,85.0628,10.73,280.77,0.0409,-0.0211,85.1034,0.1921,3.000,SEARCH,0.0000,0.0000,0.0000,0.0001
280866,static,dynamic,85.0951,10.85,280.87,0.0406,-0.0211,85.1355,0.1982,3.000,SEARCH,0.0000,0.0000,0.0000,0.0001
280966,static,dynamic,85.1270,10.96,280.97,0.0406,-0.0211,85.1673,0.2044,3.001,SEARCH,0.0000,0.0000,0.0000,0.0002
281066,static,dynamic,85.1580,11.04,281.07,0.0412,-0.0205,85.1990,0.2105,3.001,SEARCH,0.0000,0.0000,0.0000,0.0003
281166,static,dynamic,85.1889,11.11,281.17,0.0418,-0.0196,85.2304,0.2167,3.001,SEARCH,0.0000,0.0000,0.0000,0.0003
281266,static,dynamic,85.2206,11.15,281.27,0.0414,-0.0186,85.2616,0.2228,3.001,SEARCH,0.0000,0.0000,0.0000,0.0004
281366,static,dynamic,85.2528,11.18,281.37,0.0403,-0.0182,85.2927,0.2290,3.001,SEARCH,0.0000,0.0000,0.0000,0.0004
281466,static,dynamic,85.2852,11.19,281.47,0.0387,-0.0186,85.3235,0.2351,3.002,SEARCH,0.0000,0.0000,0.0000,0.0005
281566,static,dynamic,85.3168,11.17,281.57,0.0378,-0.0197,85.3542,0.2411,3.002,SEARCH,0.0000,0.0000,0.0000,0.0006
281666,static,dynamic,85.3474,11.13,281.67,0.0377,-0.0211,85.3846,0.2471,3.002,SEARCH,0.0000,0.0000,0.0000,0.0006
281766,static,dynamic,85.3775,11.07,281.77,0.0379,-0.0227,85.4149,0.2531,3.002,SEARCH,0.0000,0.0000,0.0000,0.0007
281866,static,dynamic,85.4073,10.99,281.87,0.0381,-0.0243,85.4449,0.2589,3.002,SEARCH,0.0000,0.0000,0.0000,0.0007
281966,static,dynamic,85.4375,10.88,281.97,0.0378,-0.0256,85.4748,0.2647,3.003,SEARCH,0.0000,0.0000,0.0000,0.0008
282066,static,dynamic,85.4678,10.75,282.07,0.0372,-0.0266,85.5044,0.2703,3.003,SEARCH,0.0000,0.0000,0.0000,0.0008
282166,static,dynamic,85.4980,10.59,282.17,0.0364,-0.0273,85.5339,0.2758,3.003,SEARCH,0.0000,0.0000,0.0000,0.0009
282266,static,dynamic,85.5287,10.41,282.27,0.0350,-0.0272,85.5631,0.2812,3.003,SEARCH,0.0000,0.0000,0.0000,0.0009
282366,static,dynamic,85.5594,10.20,282.37,0.0334,-0.0265,85.5922,0.2865,3.003,SEARCH,0.0000,0.0000,0.0000,0.0009
282466,static,dynamic,85.5900,9.96,282.47,0.0316,-0.0253,85.6210,0.2916,3.003,SEARCH,0.0000,0.0000,0.0000,0.0008
282566,static,dynamic,85.6202,9.71,282.57,0.0301,-0.0240,85.6497,0.2965,3.003,SEARCH,0.0000,0.0000,0.0000,0.0008
282666,static,dynamic,85.6493,9.42,282.67,0.0294,-0.0225,85.6781,0.3013,3.002,SEARCH,0.0000,0.0000,0.0000,0.0007
282766,static,dynamic,85.6771,9.11,282.77,0.0299,-0.0209,85.7064,0.3059,3.002,SEARCH,0.0000,0.0000,0.0000,0.0007
282866,static,dynamic,85.7037,8.78,282.87,0.0314,-0.0185,85.7345,0.3103,3.002,SEARCH,0.0000,0.0000,0.0000,0.0007
282966,static,dynamic,85.7299,8.42,282.97,0.0331,-0.0162,85.7623,0.3145,3.002,SEARCH,0.0000,0.0000,0.0000,0.0006
283066,static,dynamic,85.7556,8.03,283.07,0.0350,-0.0135,85.7900,0.3184,3.002,SEARCH,0.0000,0.0000,0.0000,0.0006
283166,static,dynamic,85.7814,7.62,283.17,0.0368,-0.0115,85.8175,0.3222,3.002,SEARCH,0.0000,0.0000,0.0000,0.0006
283266,static,dynamic,85.8066,7.18,283.27,0.0388,-0.0104,85.8448,0.3257,3.002,SEARCH,0.0000,0.0000,0.0000,0.0005
283366,static,dynamic,85.8321,6.72,283.37,0.0404,-0.0103,85.8719,0.3290,3.002,SEARCH,0.0000,0.0000,0.0000,0.0005
283466,static,dynamic,85.8574,6.23,283.47,0.0421,-0.0106,85.8988,0.3320,3.002,SEARCH,0.0000,0.0000,0.0000,0.0005
283566,static,dynamic,85.8825,5.72,283.57,0.0436,-0.0103,85.9255,0.3347,3.002,SEARCH,0.0000,0.0000,0.0000,0.0005
283666,static,dynamic,85.9075,5.18,283.67,0.0452,-0.0095,85.9520,0.3372,3.002,SEARCH,0.0000,0.0000,0.0000,0.0005
283766,static,dynamic,85.9332,4.62,283.77,0.0458,-0.0085,85.9783,0.3394,3.002,SEARCH,0.0000,0.0000,0.0000,0.0005
283866,static,dynamic,85.9596,4.03,283.87,0.0456,-0.0076,86.0045,0.3414,3.002,SEARCH,0.0000,0.0000,0.0000,0.0005
283966,static,dynamic,85.9860,3.42,283.97,0.0452,-0.0075,86.0304,0.3430,3.002,SEARCH,0.0000,0.0000,0.0000,0.0005
284066,static,dynamic,86.0123,2.78,284.07,0.0447,-0.0079,86.0562,0.3444,3.002,SEARCH,0.0000,0.0000,0.0000,0.0005
284166,static,dynamic,86.0380,2.13,284.17,0.0445,-0.0083,86.0818,0.3454,3.002,SEARCH,0.0000,0.0000,0.0000,0.0005
284266,static,dynamic,86.0635,1.45,284.27,0.0445,-0.0087,86.1073,0.3462,3.002,SEARCH,0.0000,0.0000,0.0000,0.0005
284366,static,dynamic,86.0891,0.75,284.37,0.0441,-0.0087,86.1325,0.3466,3.002,SEARCH,0.0000,0.0000,0.0000,0.0005
284466,static,dynamic,86.1150,0.04,284.47,0.0433,-0.0085,86.1576,0.3467,3.002,SEARCH,0.0000,0.0000,0.0000,0.0005
284566,static,dynamic,86.1415,-0.70,284.57,0.0417,-0.0085,86.1825,0.3465,3.002,SEARCH,0.0000,0.0000,0.0000,0.0005
284666,static,dynamic,86.1687,-1.44,284.67,0.0392,-0.0088,86.2072,0.3460,3.002,SEARCH,0.0000,0.0000,0.0000,0.0005
284766,static,dynamic,86.1955,-2.21,284.77,0.0370,-0.0096,86.2318,0.3452,3.001,SEARCH,0.0000,0.0000,0.0000,0.0004
